animal,pair,epoch,area,unit,contrib
1,DMS-DLS,naive,DMS,0,0.073583
1,DMS-DLS,naive,DMS,1,0.595965
1,DMS-DLS,naive,DMS,2,0.534588
1,DMS-DLS,naive,DMS,3,0.030268
1,DMS-DLS,naive,DMS,4,0.82955
1,DMS-DLS,naive,DMS,5,0.064591
1,DMS-DLS,naive,DMS,6,0.246992
1,DMS-DLS,naive,DMS,7,0.008338
1,DMS-DLS,naive,DMS,8,0.012612
1,DMS-DLS,naive,DMS,9,0.011515
1,DMS-DLS,naive,DMS,10,0.310569
1,DMS-DLS,naive,DMS,11,0.17901
1,DMS-DLS,naive,DMS,12,0.003231
1,DMS-DLS,naive,DMS,13,0.14171
1,DMS-DLS,naive,DMS,14,0.922979
1,DMS-DLS,naive,DMS,15,0.602388
1,DMS-DLS,naive,DMS,16,0.92932
1,DMS-DLS,naive,DMS,17,0.049722
1,DMS-DLS,naive,DMS,18,0.020305
1,DMS-DLS,naive,DMS,19,0.25325
1,DMS-DLS,naive,DMS,20,0.081149
1,DMS-DLS,naive,DMS,21,0.355159
1,DMS-DLS,naive,DMS,22,0.0
1,DMS-DLS,naive,DMS,23,0.699228
1,DMS-DLS,naive,DMS,24,0.774776
1,DMS-DLS,naive,DMS,25,0.081163
1,DMS-DLS,naive,DMS,26,0.032698
1,DMS-DLS,naive,DMS,27,0.240027
1,DMS-DLS,naive,DMS,28,0.599911
1,DMS-DLS,naive,DMS,29,0.068374
1,DMS-DLS,naive,DMS,30,0.056676
1,DMS-DLS,naive,DMS,31,0.33748
1,DMS-DLS,naive,DMS,32,1.024982
1,DMS-DLS,naive,DMS,33,0.21369
1,DMS-DLS,naive,DMS,34,0.679483
1,DMS-DLS,naive,DMS,35,0.152915
1,DMS-DLS,naive,DMS,36,0.0
1,DMS-DLS,naive,DMS,37,0.6254
1,DMS-DLS,naive,DMS,38,0.730046
1,DMS-DLS,naive,DMS,39,0.933905
1,DMS-DLS,naive,DMS,40,0.956534
1,DMS-DLS,naive,DMS,41,0.134724
1,DMS-DLS,naive,DMS,42,0.866487
1,DMS-DLS,naive,DMS,43,0.575249
1,DMS-DLS,naive,DMS,44,0.191232
1,DMS-DLS,naive,DMS,45,0.829529
1,DMS-DLS,naive,DMS,46,0.044578
1,DMS-DLS,naive,DMS,47,0.678468
1,DMS-DLS,naive,DMS,48,0.653364
1,DMS-DLS,naive,DMS,49,0.553058
1,DMS-DLS,naive,DMS,50,0.114976
1,DMS-DLS,naive,DMS,51,0.155282
1,DMS-DLS,naive,DMS,52,0.963005
1,DMS-DLS,naive,DMS,53,0.936144
1,DMS-DLS,naive,DMS,54,0.096204
1,DMS-DLS,naive,DMS,55,0.839245
1,DMS-DLS,naive,DLS,0,0.0
1,DMS-DLS,naive,DLS,1,0.73422
1,DMS-DLS,naive,DLS,2,0.724483
1,DMS-DLS,naive,DLS,3,1.051161
1,DMS-DLS,naive,DLS,4,0.032473
1,DMS-DLS,naive,DLS,5,1.101282
1,DMS-DLS,naive,DLS,6,0.481651
1,DMS-DLS,naive,DLS,7,0.963965
1,DMS-DLS,naive,DLS,8,0.132597
1,DMS-DLS,naive,DLS,9,0.629942
1,DMS-DLS,naive,DLS,10,0.531774
1,DMS-DLS,naive,DLS,11,0.692462
1,DMS-DLS,naive,DLS,12,1.187838
1,DMS-DLS,naive,DLS,13,0.0
1,DMS-DLS,naive,DLS,14,0.745131
1,DMS-DLS,naive,DLS,15,1.235168
1,DMS-DLS,naive,DLS,16,0.952699
1,DMS-DLS,naive,DLS,17,0.938068
1,DMS-DLS,naive,DLS,18,0.725456
1,DMS-DLS,naive,DLS,19,0.969438
1,DMS-DLS,naive,DLS,20,0.002857
1,DMS-DLS,naive,DLS,21,0.0
1,DMS-DLS,naive,DLS,22,0.972578
1,DMS-DLS,naive,DLS,23,0.50448
1,DMS-DLS,naive,DLS,24,0.0
1,DMS-DLS,naive,DLS,25,0.775962
1,DMS-DLS,naive,DLS,26,0.714761
1,DMS-DLS,naive,DLS,27,0.1643
1,DMS-DLS,naive,DLS,28,0.0
1,DMS-DLS,naive,DLS,29,0.739556
1,DMS-DLS,naive,DLS,30,1.059561
1,DMS-DLS,naive,DLS,31,0.136456
1,DMS-DLS,naive,DLS,32,1.025604
1,DMS-DLS,naive,DLS,33,0.012634
1,DMS-DLS,naive,DLS,34,0.652756
1,DMS-DLS,naive,DLS,35,1.030814
1,DMS-DLS,naive,DLS,36,0.01027
1,DMS-DLS,naive,DLS,37,0.829265
1,DMS-DLS,intermediate,DMS,0,0.17811
1,DMS-DLS,intermediate,DMS,1,0.573461
1,DMS-DLS,intermediate,DMS,2,0.917252
1,DMS-DLS,intermediate,DMS,3,0.064191
1,DMS-DLS,intermediate,DMS,4,0.817427
1,DMS-DLS,intermediate,DMS,5,0.087722
1,DMS-DLS,intermediate,DMS,6,0.991289
1,DMS-DLS,intermediate,DMS,7,0.116038
1,DMS-DLS,intermediate,DMS,8,0.059593
1,DMS-DLS,intermediate,DMS,9,0.737646
1,DMS-DLS,intermediate,DMS,10,0.26293
1,DMS-DLS,intermediate,DMS,11,0.153305
1,DMS-DLS,intermediate,DMS,12,0.099224
1,DMS-DLS,intermediate,DMS,13,0.82446
1,DMS-DLS,intermediate,DMS,14,0.836091
1,DMS-DLS,intermediate,DMS,15,0.719402
1,DMS-DLS,intermediate,DMS,16,0.341468
1,DMS-DLS,intermediate,DMS,17,0.02079
1,DMS-DLS,intermediate,DMS,18,0.413064
1,DMS-DLS,intermediate,DMS,19,0.110133
1,DMS-DLS,intermediate,DMS,20,0.928403
1,DMS-DLS,intermediate,DMS,21,0.021122
1,DMS-DLS,intermediate,DMS,22,0.0
1,DMS-DLS,intermediate,DMS,23,0.79161
1,DMS-DLS,intermediate,DMS,24,0.827925
1,DMS-DLS,intermediate,DMS,25,0.306784
1,DMS-DLS,intermediate,DMS,26,0.043367
1,DMS-DLS,intermediate,DMS,27,0.296154
1,DMS-DLS,intermediate,DMS,28,0.110676
1,DMS-DLS,intermediate,DMS,29,0.721648
1,DMS-DLS,intermediate,DMS,30,0.032645
1,DMS-DLS,intermediate,DMS,31,0.875071
1,DMS-DLS,intermediate,DMS,32,0.059849
1,DMS-DLS,intermediate,DMS,33,0.019884
1,DMS-DLS,intermediate,DMS,34,0.04096
1,DMS-DLS,intermediate,DMS,35,0.032532
1,DMS-DLS,intermediate,DMS,36,0.08717
1,DMS-DLS,intermediate,DMS,37,0.656462
1,DMS-DLS,intermediate,DMS,38,0.520239
1,DMS-DLS,intermediate,DMS,39,0.034533
1,DMS-DLS,intermediate,DMS,40,0.86808
1,DMS-DLS,intermediate,DMS,41,0.246024
1,DMS-DLS,intermediate,DMS,42,0.0
1,DMS-DLS,intermediate,DMS,43,0.07384
1,DMS-DLS,intermediate,DMS,44,0.865949
1,DMS-DLS,intermediate,DMS,45,0.901631
1,DMS-DLS,intermediate,DMS,46,0.0
1,DMS-DLS,intermediate,DMS,47,0.095204
1,DMS-DLS,intermediate,DMS,48,0.005259
1,DMS-DLS,intermediate,DMS,49,0.046032
1,DMS-DLS,intermediate,DMS,50,0.173558
1,DMS-DLS,intermediate,DMS,51,0.86644
1,DMS-DLS,intermediate,DMS,52,0.025423
1,DMS-DLS,intermediate,DMS,53,0.898762
1,DMS-DLS,intermediate,DMS,54,0.19939
1,DMS-DLS,intermediate,DMS,55,0.989409
1,DMS-DLS,intermediate,DLS,0,0.060896
1,DMS-DLS,intermediate,DLS,1,0.419655
1,DMS-DLS,intermediate,DLS,2,0.615639
1,DMS-DLS,intermediate,DLS,3,1.009688
1,DMS-DLS,intermediate,DLS,4,0.912108
1,DMS-DLS,intermediate,DLS,5,0.013164
1,DMS-DLS,intermediate,DLS,6,0.056143
1,DMS-DLS,intermediate,DLS,7,0.991417
1,DMS-DLS,intermediate,DLS,8,0.739338
1,DMS-DLS,intermediate,DLS,9,0.625263
1,DMS-DLS,intermediate,DLS,10,0.042875
1,DMS-DLS,intermediate,DLS,11,0.06074
1,DMS-DLS,intermediate,DLS,12,0.235379
1,DMS-DLS,intermediate,DLS,13,0.0
1,DMS-DLS,intermediate,DLS,14,0.544062
1,DMS-DLS,intermediate,DLS,15,0.709604
1,DMS-DLS,intermediate,DLS,16,0.760592
1,DMS-DLS,intermediate,DLS,17,0.734387
1,DMS-DLS,intermediate,DLS,18,0.698688
1,DMS-DLS,intermediate,DLS,19,0.973989
1,DMS-DLS,intermediate,DLS,20,0.676499
1,DMS-DLS,intermediate,DLS,21,0.919729
1,DMS-DLS,intermediate,DLS,22,0.897732
1,DMS-DLS,intermediate,DLS,23,0.0
1,DMS-DLS,intermediate,DLS,24,0.043248
1,DMS-DLS,intermediate,DLS,25,0.0
1,DMS-DLS,intermediate,DLS,26,0.067075
1,DMS-DLS,intermediate,DLS,27,0.034697
1,DMS-DLS,intermediate,DLS,28,0.0
1,DMS-DLS,intermediate,DLS,29,0.748589
1,DMS-DLS,intermediate,DLS,30,0.543789
1,DMS-DLS,intermediate,DLS,31,0.905578
1,DMS-DLS,intermediate,DLS,32,0.77902
1,DMS-DLS,intermediate,DLS,33,0.062489
1,DMS-DLS,intermediate,DLS,34,0.76223
1,DMS-DLS,intermediate,DLS,35,0.416087
1,DMS-DLS,intermediate,DLS,36,0.0
1,DMS-DLS,intermediate,DLS,37,0.54608
1,DMS-DLS,expert,DMS,0,0.099625
1,DMS-DLS,expert,DMS,1,0.244226
1,DMS-DLS,expert,DMS,2,0.81725
1,DMS-DLS,expert,DMS,3,0.108148
1,DMS-DLS,expert,DMS,4,0.833521
1,DMS-DLS,expert,DMS,5,0.214577
1,DMS-DLS,expert,DMS,6,0.92666
1,DMS-DLS,expert,DMS,7,0.72105
1,DMS-DLS,expert,DMS,8,0.019752
1,DMS-DLS,expert,DMS,9,0.068214
1,DMS-DLS,expert,DMS,10,0.198856
1,DMS-DLS,expert,DMS,11,0.172479
1,DMS-DLS,expert,DMS,12,0.240454
1,DMS-DLS,expert,DMS,13,0.111113
1,DMS-DLS,expert,DMS,14,0.735594
1,DMS-DLS,expert,DMS,15,0.902094
1,DMS-DLS,expert,DMS,16,0.099457
1,DMS-DLS,expert,DMS,17,0.930469
1,DMS-DLS,expert,DMS,18,0.862822
1,DMS-DLS,expert,DMS,19,0.35907
1,DMS-DLS,expert,DMS,20,0.674182
1,DMS-DLS,expert,DMS,21,0.035273
1,DMS-DLS,expert,DMS,22,0.0
1,DMS-DLS,expert,DMS,23,0.929604
1,DMS-DLS,expert,DMS,24,0.858637
1,DMS-DLS,expert,DMS,25,0.09343
1,DMS-DLS,expert,DMS,26,0.022543
1,DMS-DLS,expert,DMS,27,0.193664
1,DMS-DLS,expert,DMS,28,0.049093
1,DMS-DLS,expert,DMS,29,0.644514
1,DMS-DLS,expert,DMS,30,0.122321
1,DMS-DLS,expert,DMS,31,0.818859
1,DMS-DLS,expert,DMS,32,0.755008
1,DMS-DLS,expert,DMS,33,0.004436
1,DMS-DLS,expert,DMS,34,0.040875
1,DMS-DLS,expert,DMS,35,0.17045
1,DMS-DLS,expert,DMS,36,0.023639
1,DMS-DLS,expert,DMS,37,0.570814
1,DMS-DLS,expert,DMS,38,0.041018
1,DMS-DLS,expert,DMS,39,0.879059
1,DMS-DLS,expert,DMS,40,0.886066
1,DMS-DLS,expert,DMS,41,0.130274
1,DMS-DLS,expert,DMS,42,0.005383
1,DMS-DLS,expert,DMS,43,0.037244
1,DMS-DLS,expert,DMS,44,0.895975
1,DMS-DLS,expert,DMS,45,0.789365
1,DMS-DLS,expert,DMS,46,0.010507
1,DMS-DLS,expert,DMS,47,0.105506
1,DMS-DLS,expert,DMS,48,0.0
1,DMS-DLS,expert,DMS,49,0.059518
1,DMS-DLS,expert,DMS,50,0.05534
1,DMS-DLS,expert,DMS,51,0.880047
1,DMS-DLS,expert,DMS,52,0.083697
1,DMS-DLS,expert,DMS,53,0.0953
1,DMS-DLS,expert,DMS,54,0.118839
1,DMS-DLS,expert,DMS,55,0.961243
1,DMS-DLS,expert,DLS,0,0.011558
1,DMS-DLS,expert,DLS,1,0.741093
1,DMS-DLS,expert,DLS,2,0.591582
1,DMS-DLS,expert,DLS,3,1.091375
1,DMS-DLS,expert,DLS,4,0.960342
1,DMS-DLS,expert,DLS,5,0.11341
1,DMS-DLS,expert,DLS,6,1.112351
1,DMS-DLS,expert,DLS,7,1.000306
1,DMS-DLS,expert,DLS,8,0.890636
1,DMS-DLS,expert,DLS,9,0.016194
1,DMS-DLS,expert,DLS,10,0.077485
1,DMS-DLS,expert,DLS,11,0.010213
1,DMS-DLS,expert,DLS,12,0.85263
1,DMS-DLS,expert,DLS,13,0.0
1,DMS-DLS,expert,DLS,14,0.492932
1,DMS-DLS,expert,DLS,15,0.700424
1,DMS-DLS,expert,DLS,16,1.267201
1,DMS-DLS,expert,DLS,17,0.134178
1,DMS-DLS,expert,DLS,18,0.981051
1,DMS-DLS,expert,DLS,19,0.98758
1,DMS-DLS,expert,DLS,20,0.997666
1,DMS-DLS,expert,DLS,21,0.0
1,DMS-DLS,expert,DLS,22,0.869437
1,DMS-DLS,expert,DLS,23,0.0
1,DMS-DLS,expert,DLS,24,1.25269
1,DMS-DLS,expert,DLS,25,0.485832
1,DMS-DLS,expert,DLS,26,0.455514
1,DMS-DLS,expert,DLS,27,0.13472
1,DMS-DLS,expert,DLS,28,0.0
1,DMS-DLS,expert,DLS,29,0.034175
1,DMS-DLS,expert,DLS,30,0.0
1,DMS-DLS,expert,DLS,31,0.968264
1,DMS-DLS,expert,DLS,32,1.079477
1,DMS-DLS,expert,DLS,33,0.059162
1,DMS-DLS,expert,DLS,34,0.012206
1,DMS-DLS,expert,DLS,35,1.095127
1,DMS-DLS,expert,DLS,36,0.884827
1,DMS-DLS,expert,DLS,37,1.116954
1,DMS-ACC,naive,DMS,0,0.066026
1,DMS-ACC,naive,DMS,1,0.597188
1,DMS-ACC,naive,DMS,2,0.425722
1,DMS-ACC,naive,DMS,3,0.030063
1,DMS-ACC,naive,DMS,4,0.827423
1,DMS-ACC,naive,DMS,5,0.063864
1,DMS-ACC,naive,DMS,6,0.268737
1,DMS-ACC,naive,DMS,7,0.008795
1,DMS-ACC,naive,DMS,8,0.012211
1,DMS-ACC,naive,DMS,9,0.011409
1,DMS-ACC,naive,DMS,10,0.329825
1,DMS-ACC,naive,DMS,11,0.178322
1,DMS-ACC,naive,DMS,12,0.003323
1,DMS-ACC,naive,DMS,13,0.124085
1,DMS-ACC,naive,DMS,14,0.947569
1,DMS-ACC,naive,DMS,15,0.601508
1,DMS-ACC,naive,DMS,16,0.874117
1,DMS-ACC,naive,DMS,17,0.049347
1,DMS-ACC,naive,DMS,18,0.020287
1,DMS-ACC,naive,DMS,19,0.254239
1,DMS-ACC,naive,DMS,20,0.095346
1,DMS-ACC,naive,DMS,21,0.36649
1,DMS-ACC,naive,DMS,22,0.0
1,DMS-ACC,naive,DMS,23,0.699325
1,DMS-ACC,naive,DMS,24,0.775555
1,DMS-ACC,naive,DMS,25,0.075276
1,DMS-ACC,naive,DMS,26,0.032573
1,DMS-ACC,naive,DMS,27,0.239357
1,DMS-ACC,naive,DMS,28,0.670288
1,DMS-ACC,naive,DMS,29,0.067307
1,DMS-ACC,naive,DMS,30,0.055683
1,DMS-ACC,naive,DMS,31,0.342909
1,DMS-ACC,naive,DMS,32,1.025622
1,DMS-ACC,naive,DMS,33,0.234438
1,DMS-ACC,naive,DMS,34,0.679726
1,DMS-ACC,naive,DMS,35,0.154241
1,DMS-ACC,naive,DMS,36,0.0
1,DMS-ACC,naive,DMS,37,0.622918
1,DMS-ACC,naive,DMS,38,0.730232
1,DMS-ACC,naive,DMS,39,0.934709
1,DMS-ACC,naive,DMS,40,0.957528
1,DMS-ACC,naive,DMS,41,0.126873
1,DMS-ACC,naive,DMS,42,0.83131
1,DMS-ACC,naive,DMS,43,0.575255
1,DMS-ACC,naive,DMS,44,0.190168
1,DMS-ACC,naive,DMS,45,0.830058
1,DMS-ACC,naive,DMS,46,0.045206
1,DMS-ACC,naive,DMS,47,0.581229
1,DMS-ACC,naive,DMS,48,0.663168
1,DMS-ACC,naive,DMS,49,0.561386
1,DMS-ACC,naive,DMS,50,0.116098
1,DMS-ACC,naive,DMS,51,0.170073
1,DMS-ACC,naive,DMS,52,0.96158
1,DMS-ACC,naive,DMS,53,0.941068
1,DMS-ACC,naive,DMS,54,0.097221
1,DMS-ACC,naive,DMS,55,0.840191
1,DMS-ACC,naive,ACC,0,1.720887
1,DMS-ACC,naive,ACC,1,0.133788
1,DMS-ACC,naive,ACC,2,0.009941
1,DMS-ACC,naive,ACC,3,1.30319
1,DMS-ACC,naive,ACC,4,1.010011
1,DMS-ACC,naive,ACC,5,1.395776
1,DMS-ACC,naive,ACC,6,0.0
1,DMS-ACC,naive,ACC,7,0.0
1,DMS-ACC,naive,ACC,8,1.321446
1,DMS-ACC,naive,ACC,9,0.015331
1,DMS-ACC,naive,ACC,10,0.940204
1,DMS-ACC,naive,ACC,11,1.056965
1,DMS-ACC,naive,ACC,12,1.754274
1,DMS-ACC,naive,ACC,13,1.7476
1,DMS-ACC,naive,ACC,14,0.0
1,DMS-ACC,naive,ACC,15,1.194177
1,DMS-ACC,naive,ACC,16,0.02864
1,DMS-ACC,naive,ACC,17,1.207551
1,DMS-ACC,naive,ACC,18,1.50329
1,DMS-ACC,naive,ACC,19,1.022837
1,DMS-ACC,naive,ACC,20,0.0
1,DMS-ACC,naive,ACC,21,0.005128
1,DMS-ACC,naive,ACC,22,1.313251
1,DMS-ACC,naive,ACC,23,1.045069
1,DMS-ACC,naive,ACC,24,1.171797
1,DMS-ACC,naive,ACC,25,0.0
1,DMS-ACC,naive,ACC,26,1.134747
1,DMS-ACC,naive,ACC,27,1.399586
1,DMS-ACC,naive,ACC,28,4.5e-05
1,DMS-ACC,naive,ACC,29,0.0
1,DMS-ACC,naive,ACC,30,1.550871
1,DMS-ACC,naive,ACC,31,0.0
1,DMS-ACC,naive,ACC,32,0.927357
1,DMS-ACC,naive,ACC,33,0.185784
1,DMS-ACC,intermediate,DMS,0,0.162874
1,DMS-ACC,intermediate,DMS,1,0.574966
1,DMS-ACC,intermediate,DMS,2,0.918309
1,DMS-ACC,intermediate,DMS,3,0.062281
1,DMS-ACC,intermediate,DMS,4,0.819118
1,DMS-ACC,intermediate,DMS,5,0.088673
1,DMS-ACC,intermediate,DMS,6,0.994518
1,DMS-ACC,intermediate,DMS,7,0.114469
1,DMS-ACC,intermediate,DMS,8,0.060428
1,DMS-ACC,intermediate,DMS,9,0.738088
1,DMS-ACC,intermediate,DMS,10,0.283197
1,DMS-ACC,intermediate,DMS,11,0.150811
1,DMS-ACC,intermediate,DMS,12,0.099322
1,DMS-ACC,intermediate,DMS,13,0.830041
1,DMS-ACC,intermediate,DMS,14,0.836035
1,DMS-ACC,intermediate,DMS,15,0.720953
1,DMS-ACC,intermediate,DMS,16,0.375483
1,DMS-ACC,intermediate,DMS,17,0.022175
1,DMS-ACC,intermediate,DMS,18,0.434579
1,DMS-ACC,intermediate,DMS,19,0.111161
1,DMS-ACC,intermediate,DMS,20,0.9278
1,DMS-ACC,intermediate,DMS,21,0.020911
1,DMS-ACC,intermediate,DMS,22,0.0
1,DMS-ACC,intermediate,DMS,23,0.791527
1,DMS-ACC,intermediate,DMS,24,0.827117
1,DMS-ACC,intermediate,DMS,25,0.305021
1,DMS-ACC,intermediate,DMS,26,0.04385
1,DMS-ACC,intermediate,DMS,27,0.294016
1,DMS-ACC,intermediate,DMS,28,0.115813
1,DMS-ACC,intermediate,DMS,29,0.721295
1,DMS-ACC,intermediate,DMS,30,0.03234
1,DMS-ACC,intermediate,DMS,31,0.850181
1,DMS-ACC,intermediate,DMS,32,0.063406
1,DMS-ACC,intermediate,DMS,33,0.019849
1,DMS-ACC,intermediate,DMS,34,0.040776
1,DMS-ACC,intermediate,DMS,35,0.032532
1,DMS-ACC,intermediate,DMS,36,0.087911
1,DMS-ACC,intermediate,DMS,37,0.656296
1,DMS-ACC,intermediate,DMS,38,0.513082
1,DMS-ACC,intermediate,DMS,39,0.036216
1,DMS-ACC,intermediate,DMS,40,0.867969
1,DMS-ACC,intermediate,DMS,41,0.226314
1,DMS-ACC,intermediate,DMS,42,0.0
1,DMS-ACC,intermediate,DMS,43,0.075221
1,DMS-ACC,intermediate,DMS,44,0.867347
1,DMS-ACC,intermediate,DMS,45,0.903451
1,DMS-ACC,intermediate,DMS,46,0.0
1,DMS-ACC,intermediate,DMS,47,0.095445
1,DMS-ACC,intermediate,DMS,48,0.006017
1,DMS-ACC,intermediate,DMS,49,0.046624
1,DMS-ACC,intermediate,DMS,50,0.164862
1,DMS-ACC,intermediate,DMS,51,0.866242
1,DMS-ACC,intermediate,DMS,52,0.026427
1,DMS-ACC,intermediate,DMS,53,0.89915
1,DMS-ACC,intermediate,DMS,54,0.191738
1,DMS-ACC,intermediate,DMS,55,0.982905
1,DMS-ACC,intermediate,ACC,0,1.230485
1,DMS-ACC,intermediate,ACC,1,1.340145
1,DMS-ACC,intermediate,ACC,2,1.411795
1,DMS-ACC,intermediate,ACC,3,1.371566
1,DMS-ACC,intermediate,ACC,4,0.756678
1,DMS-ACC,intermediate,ACC,5,0.017095
1,DMS-ACC,intermediate,ACC,6,1.456238
1,DMS-ACC,intermediate,ACC,7,0.004924
1,DMS-ACC,intermediate,ACC,8,1.131995
1,DMS-ACC,intermediate,ACC,9,0.021881
1,DMS-ACC,intermediate,ACC,10,0.911407
1,DMS-ACC,intermediate,ACC,11,0.948103
1,DMS-ACC,intermediate,ACC,12,0.001157
1,DMS-ACC,intermediate,ACC,13,1.18594
1,DMS-ACC,intermediate,ACC,14,0.01844
1,DMS-ACC,intermediate,ACC,15,0.004068
1,DMS-ACC,intermediate,ACC,16,1.286443
1,DMS-ACC,intermediate,ACC,17,0.973523
1,DMS-ACC,intermediate,ACC,18,0.019408
1,DMS-ACC,intermediate,ACC,19,1.169345
1,DMS-ACC,intermediate,ACC,20,0.011946
1,DMS-ACC,intermediate,ACC,21,0.0
1,DMS-ACC,intermediate,ACC,22,0.00687
1,DMS-ACC,intermediate,ACC,23,0.913098
1,DMS-ACC,intermediate,ACC,24,1.045881
1,DMS-ACC,intermediate,ACC,25,0.0
1,DMS-ACC,intermediate,ACC,26,1.124308
1,DMS-ACC,intermediate,ACC,27,0.056638
1,DMS-ACC,intermediate,ACC,28,0.760828
1,DMS-ACC,intermediate,ACC,29,0.0
1,DMS-ACC,intermediate,ACC,30,1.457341
1,DMS-ACC,intermediate,ACC,31,0.030766
1,DMS-ACC,intermediate,ACC,32,1.230625
1,DMS-ACC,intermediate,ACC,33,1.460369
1,DMS-ACC,expert,DMS,0,0.097651
1,DMS-ACC,expert,DMS,1,0.242585
1,DMS-ACC,expert,DMS,2,0.81568
1,DMS-ACC,expert,DMS,3,0.106685
1,DMS-ACC,expert,DMS,4,0.823442
1,DMS-ACC,expert,DMS,5,0.221241
1,DMS-ACC,expert,DMS,6,0.925698
1,DMS-ACC,expert,DMS,7,0.720922
1,DMS-ACC,expert,DMS,8,0.019526
1,DMS-ACC,expert,DMS,9,0.067381
1,DMS-ACC,expert,DMS,10,0.205108
1,DMS-ACC,expert,DMS,11,0.174139
1,DMS-ACC,expert,DMS,12,0.246022
1,DMS-ACC,expert,DMS,13,0.112952
1,DMS-ACC,expert,DMS,14,0.751758
1,DMS-ACC,expert,DMS,15,0.885236
1,DMS-ACC,expert,DMS,16,0.101595
1,DMS-ACC,expert,DMS,17,0.922102
1,DMS-ACC,expert,DMS,18,0.862767
1,DMS-ACC,expert,DMS,19,0.371977
1,DMS-ACC,expert,DMS,20,0.670821
1,DMS-ACC,expert,DMS,21,0.031347
1,DMS-ACC,expert,DMS,22,0.0
1,DMS-ACC,expert,DMS,23,0.944539
1,DMS-ACC,expert,DMS,24,0.857586
1,DMS-ACC,expert,DMS,25,0.092602
1,DMS-ACC,expert,DMS,26,0.02296
1,DMS-ACC,expert,DMS,27,0.19342
1,DMS-ACC,expert,DMS,28,0.05206
1,DMS-ACC,expert,DMS,29,0.645462
1,DMS-ACC,expert,DMS,30,0.119083
1,DMS-ACC,expert,DMS,31,0.822051
1,DMS-ACC,expert,DMS,32,0.754201
1,DMS-ACC,expert,DMS,33,0.004405
1,DMS-ACC,expert,DMS,34,0.040647
1,DMS-ACC,expert,DMS,35,0.170388
1,DMS-ACC,expert,DMS,36,0.023069
1,DMS-ACC,expert,DMS,37,0.570454
1,DMS-ACC,expert,DMS,38,0.035571
1,DMS-ACC,expert,DMS,39,0.879024
1,DMS-ACC,expert,DMS,40,0.881428
1,DMS-ACC,expert,DMS,41,0.130475
1,DMS-ACC,expert,DMS,42,0.005305
1,DMS-ACC,expert,DMS,43,0.03611
1,DMS-ACC,expert,DMS,44,0.897326
1,DMS-ACC,expert,DMS,45,0.782592
1,DMS-ACC,expert,DMS,46,0.010473
1,DMS-ACC,expert,DMS,47,0.102016
1,DMS-ACC,expert,DMS,48,0.0
1,DMS-ACC,expert,DMS,49,0.06074
1,DMS-ACC,expert,DMS,50,0.056519
1,DMS-ACC,expert,DMS,51,0.878888
1,DMS-ACC,expert,DMS,52,0.082469
1,DMS-ACC,expert,DMS,53,0.100981
1,DMS-ACC,expert,DMS,54,0.118657
1,DMS-ACC,expert,DMS,55,0.960403
1,DMS-ACC,expert,ACC,0,0.99719
1,DMS-ACC,expert,ACC,1,0.08116
1,DMS-ACC,expert,ACC,2,1.150357
1,DMS-ACC,expert,ACC,3,0.822847
1,DMS-ACC,expert,ACC,4,0.767923
1,DMS-ACC,expert,ACC,5,0.827752
1,DMS-ACC,expert,ACC,6,0.0
1,DMS-ACC,expert,ACC,7,0.0
1,DMS-ACC,expert,ACC,8,1.117935
1,DMS-ACC,expert,ACC,9,0.079326
1,DMS-ACC,expert,ACC,10,0.863934
1,DMS-ACC,expert,ACC,11,1.043782
1,DMS-ACC,expert,ACC,12,0.063946
1,DMS-ACC,expert,ACC,13,0.984702
1,DMS-ACC,expert,ACC,14,0.064694
1,DMS-ACC,expert,ACC,15,0.901335
1,DMS-ACC,expert,ACC,16,0.094862
1,DMS-ACC,expert,ACC,17,0.825054
1,DMS-ACC,expert,ACC,18,0.052854
1,DMS-ACC,expert,ACC,19,0.933129
1,DMS-ACC,expert,ACC,20,0.998763
1,DMS-ACC,expert,ACC,21,0.011844
1,DMS-ACC,expert,ACC,22,0.007213
1,DMS-ACC,expert,ACC,23,0.801545
1,DMS-ACC,expert,ACC,24,0.886891
1,DMS-ACC,expert,ACC,25,1.046527
1,DMS-ACC,expert,ACC,26,1.1169
1,DMS-ACC,expert,ACC,27,0.844596
1,DMS-ACC,expert,ACC,28,0.756548
1,DMS-ACC,expert,ACC,29,1.164179
1,DMS-ACC,expert,ACC,30,1.128375
1,DMS-ACC,expert,ACC,31,0.004431
1,DMS-ACC,expert,ACC,32,0.901444
1,DMS-ACC,expert,ACC,33,0.074715
1,DLS-ACC,naive,DLS,0,0.0
1,DLS-ACC,naive,DLS,1,0.731773
1,DLS-ACC,naive,DLS,2,0.725396
1,DLS-ACC,naive,DLS,3,1.052871
1,DLS-ACC,naive,DLS,4,0.0323
1,DLS-ACC,naive,DLS,5,1.104645
1,DLS-ACC,naive,DLS,6,0.475511
1,DLS-ACC,naive,DLS,7,0.965141
1,DLS-ACC,naive,DLS,8,0.384127
1,DLS-ACC,naive,DLS,9,0.629771
1,DLS-ACC,naive,DLS,10,0.524208
1,DLS-ACC,naive,DLS,11,0.693079
1,DLS-ACC,naive,DLS,12,1.188391
1,DLS-ACC,naive,DLS,13,0.0
1,DLS-ACC,naive,DLS,14,0.744513
1,DLS-ACC,naive,DLS,15,1.199167
1,DLS-ACC,naive,DLS,16,0.955555
1,DLS-ACC,naive,DLS,17,0.930923
1,DLS-ACC,naive,DLS,18,0.72795
1,DLS-ACC,naive,DLS,19,0.970752
1,DLS-ACC,naive,DLS,20,0.003838
1,DLS-ACC,naive,DLS,21,0.0
1,DLS-ACC,naive,DLS,22,0.973595
1,DLS-ACC,naive,DLS,23,0.502851
1,DLS-ACC,naive,DLS,24,0.0
1,DLS-ACC,naive,DLS,25,0.779532
1,DLS-ACC,naive,DLS,26,0.717785
1,DLS-ACC,naive,DLS,27,0.164228
1,DLS-ACC,naive,DLS,28,0.0
1,DLS-ACC,naive,DLS,29,0.749419
1,DLS-ACC,naive,DLS,30,1.062928
1,DLS-ACC,naive,DLS,31,0.136401
1,DLS-ACC,naive,DLS,32,1.027059
1,DLS-ACC,naive,DLS,33,0.012897
1,DLS-ACC,naive,DLS,34,0.652909
1,DLS-ACC,naive,DLS,35,1.034053
1,DLS-ACC,naive,DLS,36,0.006958
1,DLS-ACC,naive,DLS,37,0.829515
1,DLS-ACC,naive,ACC,0,1.711617
1,DLS-ACC,naive,ACC,1,0.136566
1,DLS-ACC,naive,ACC,2,0.008611
1,DLS-ACC,naive,ACC,3,1.305421
1,DLS-ACC,naive,ACC,4,1.009264
1,DLS-ACC,naive,ACC,5,1.400205
1,DLS-ACC,naive,ACC,6,0.0
1,DLS-ACC,naive,ACC,7,0.0
1,DLS-ACC,naive,ACC,8,1.32594
1,DLS-ACC,naive,ACC,9,0.015251
1,DLS-ACC,naive,ACC,10,0.993477
1,DLS-ACC,naive,ACC,11,1.060137
1,DLS-ACC,naive,ACC,12,1.740538
1,DLS-ACC,naive,ACC,13,1.74828
1,DLS-ACC,naive,ACC,14,0.0
1,DLS-ACC,naive,ACC,15,1.197943
1,DLS-ACC,naive,ACC,16,0.032084
1,DLS-ACC,naive,ACC,17,1.209236
1,DLS-ACC,naive,ACC,18,1.589898
1,DLS-ACC,naive,ACC,19,1.023277
1,DLS-ACC,naive,ACC,20,0.0
1,DLS-ACC,naive,ACC,21,0.013549
1,DLS-ACC,naive,ACC,22,1.311024
1,DLS-ACC,naive,ACC,23,1.046627
1,DLS-ACC,naive,ACC,24,1.172486
1,DLS-ACC,naive,ACC,25,0.0
1,DLS-ACC,naive,ACC,26,1.141165
1,DLS-ACC,naive,ACC,27,1.403112
1,DLS-ACC,naive,ACC,28,3.7e-05
1,DLS-ACC,naive,ACC,29,0.0
1,DLS-ACC,naive,ACC,30,1.553326
1,DLS-ACC,naive,ACC,31,0.0
1,DLS-ACC,naive,ACC,32,0.929749
1,DLS-ACC,naive,ACC,33,0.424409
1,DLS-ACC,intermediate,DLS,0,0.061401
1,DLS-ACC,intermediate,DLS,1,0.423951
1,DLS-ACC,intermediate,DLS,2,0.617527
1,DLS-ACC,intermediate,DLS,3,1.010338
1,DLS-ACC,intermediate,DLS,4,0.914837
1,DLS-ACC,intermediate,DLS,5,0.014261
1,DLS-ACC,intermediate,DLS,6,0.05549
1,DLS-ACC,intermediate,DLS,7,0.991483
1,DLS-ACC,intermediate,DLS,8,0.739657
1,DLS-ACC,intermediate,DLS,9,0.626046
1,DLS-ACC,intermediate,DLS,10,0.041746
1,DLS-ACC,intermediate,DLS,11,0.059572
1,DLS-ACC,intermediate,DLS,12,0.23737
1,DLS-ACC,intermediate,DLS,13,0.0
1,DLS-ACC,intermediate,DLS,14,0.545906
1,DLS-ACC,intermediate,DLS,15,0.709831
1,DLS-ACC,intermediate,DLS,16,0.770642
1,DLS-ACC,intermediate,DLS,17,0.738201
1,DLS-ACC,intermediate,DLS,18,0.70535
1,DLS-ACC,intermediate,DLS,19,0.975974
1,DLS-ACC,intermediate,DLS,20,0.680405
1,DLS-ACC,intermediate,DLS,21,0.919793
1,DLS-ACC,intermediate,DLS,22,0.8976
1,DLS-ACC,intermediate,DLS,23,0.0
1,DLS-ACC,intermediate,DLS,24,0.044091
1,DLS-ACC,intermediate,DLS,25,0.0
1,DLS-ACC,intermediate,DLS,26,0.066617
1,DLS-ACC,intermediate,DLS,27,0.034625
1,DLS-ACC,intermediate,DLS,28,0.0
1,DLS-ACC,intermediate,DLS,29,0.751278
1,DLS-ACC,intermediate,DLS,30,0.545211
1,DLS-ACC,intermediate,DLS,31,0.905817
1,DLS-ACC,intermediate,DLS,32,0.779124
1,DLS-ACC,intermediate,DLS,33,0.056627
1,DLS-ACC,intermediate,DLS,34,0.762385
1,DLS-ACC,intermediate,DLS,35,0.426294
1,DLS-ACC,intermediate,DLS,36,0.0
1,DLS-ACC,intermediate,DLS,37,0.547158
1,DLS-ACC,intermediate,ACC,0,1.230329
1,DLS-ACC,intermediate,ACC,1,1.342323
1,DLS-ACC,intermediate,ACC,2,1.413679
1,DLS-ACC,intermediate,ACC,3,1.375203
1,DLS-ACC,intermediate,ACC,4,0.75726
1,DLS-ACC,intermediate,ACC,5,0.018269
1,DLS-ACC,intermediate,ACC,6,1.462932
1,DLS-ACC,intermediate,ACC,7,0.004793
1,DLS-ACC,intermediate,ACC,8,1.138892
1,DLS-ACC,intermediate,ACC,9,0.024496
1,DLS-ACC,intermediate,ACC,10,0.947005
1,DLS-ACC,intermediate,ACC,11,0.949997
1,DLS-ACC,intermediate,ACC,12,0.001101
1,DLS-ACC,intermediate,ACC,13,1.190246
1,DLS-ACC,intermediate,ACC,14,0.018542
1,DLS-ACC,intermediate,ACC,15,0.026349
1,DLS-ACC,intermediate,ACC,16,1.287764
1,DLS-ACC,intermediate,ACC,17,0.974002
1,DLS-ACC,intermediate,ACC,18,0.01199
1,DLS-ACC,intermediate,ACC,19,1.169765
1,DLS-ACC,intermediate,ACC,20,0.012001
1,DLS-ACC,intermediate,ACC,21,0.0
1,DLS-ACC,intermediate,ACC,22,0.007427
1,DLS-ACC,intermediate,ACC,23,0.915438
1,DLS-ACC,intermediate,ACC,24,1.047819
1,DLS-ACC,intermediate,ACC,25,0.0
1,DLS-ACC,intermediate,ACC,26,1.11978
1,DLS-ACC,intermediate,ACC,27,0.058657
1,DLS-ACC,intermediate,ACC,28,0.762923
1,DLS-ACC,intermediate,ACC,29,0.0
1,DLS-ACC,intermediate,ACC,30,1.457637
1,DLS-ACC,intermediate,ACC,31,0.032799
1,DLS-ACC,intermediate,ACC,32,1.231601
1,DLS-ACC,intermediate,ACC,33,1.460252
1,DLS-ACC,expert,DLS,0,0.011683
1,DLS-ACC,expert,DLS,1,0.798023
1,DLS-ACC,expert,DLS,2,0.592706
1,DLS-ACC,expert,DLS,3,1.092655
1,DLS-ACC,expert,DLS,4,0.977389
1,DLS-ACC,expert,DLS,5,0.116547
1,DLS-ACC,expert,DLS,6,1.112999
1,DLS-ACC,expert,DLS,7,1.002107
1,DLS-ACC,expert,DLS,8,0.890956
1,DLS-ACC,expert,DLS,9,0.016179
1,DLS-ACC,expert,DLS,10,0.077228
1,DLS-ACC,expert,DLS,11,0.027066
1,DLS-ACC,expert,DLS,12,0.855504
1,DLS-ACC,expert,DLS,13,0.0
1,DLS-ACC,expert,DLS,14,0.492431
1,DLS-ACC,expert,DLS,15,0.700703
1,DLS-ACC,expert,DLS,16,1.266053
1,DLS-ACC,expert,DLS,17,0.135932
1,DLS-ACC,expert,DLS,18,0.982622
1,DLS-ACC,expert,DLS,19,0.988101
1,DLS-ACC,expert,DLS,20,1.001541
1,DLS-ACC,expert,DLS,21,0.0
1,DLS-ACC,expert,DLS,22,0.874803
1,DLS-ACC,expert,DLS,23,0.0
1,DLS-ACC,expert,DLS,24,1.255213
1,DLS-ACC,expert,DLS,25,0.492948
1,DLS-ACC,expert,DLS,26,0.459296
1,DLS-ACC,expert,DLS,27,0.140979
1,DLS-ACC,expert,DLS,28,0.0
1,DLS-ACC,expert,DLS,29,0.03439
1,DLS-ACC,expert,DLS,30,0.0
1,DLS-ACC,expert,DLS,31,0.972991
1,DLS-ACC,expert,DLS,32,1.073475
1,DLS-ACC,expert,DLS,33,0.109175
1,DLS-ACC,expert,DLS,34,0.014641
1,DLS-ACC,expert,DLS,35,1.094333
1,DLS-ACC,expert,DLS,36,0.850894
1,DLS-ACC,expert,DLS,37,1.120231
1,DLS-ACC,expert,ACC,0,1.002245
1,DLS-ACC,expert,ACC,1,0.076615
1,DLS-ACC,expert,ACC,2,1.1484
1,DLS-ACC,expert,ACC,3,0.662753
1,DLS-ACC,expert,ACC,4,0.770647
1,DLS-ACC,expert,ACC,5,0.82557
1,DLS-ACC,expert,ACC,6,0.0
1,DLS-ACC,expert,ACC,7,0.0
1,DLS-ACC,expert,ACC,8,1.121151
1,DLS-ACC,expert,ACC,9,0.07687
1,DLS-ACC,expert,ACC,10,0.900015
1,DLS-ACC,expert,ACC,11,1.04273
1,DLS-ACC,expert,ACC,12,0.06607
1,DLS-ACC,expert,ACC,13,0.989739
1,DLS-ACC,expert,ACC,14,0.05697
1,DLS-ACC,expert,ACC,15,0.90313
1,DLS-ACC,expert,ACC,16,0.09617
1,DLS-ACC,expert,ACC,17,0.823925
1,DLS-ACC,expert,ACC,18,0.066057
1,DLS-ACC,expert,ACC,19,0.933955
1,DLS-ACC,expert,ACC,20,0.996785
1,DLS-ACC,expert,ACC,21,0.015756
1,DLS-ACC,expert,ACC,22,0.007088
1,DLS-ACC,expert,ACC,23,0.802423
1,DLS-ACC,expert,ACC,24,0.891188
1,DLS-ACC,expert,ACC,25,1.049965
1,DLS-ACC,expert,ACC,26,1.118799
1,DLS-ACC,expert,ACC,27,0.844605
1,DLS-ACC,expert,ACC,28,0.758225
1,DLS-ACC,expert,ACC,29,1.173281
1,DLS-ACC,expert,ACC,30,1.120114
1,DLS-ACC,expert,ACC,31,0.004744
1,DLS-ACC,expert,ACC,32,1.033204
1,DLS-ACC,expert,ACC,33,0.076896
2,DMS-DLS,naive,DMS,0,0.066174
2,DMS-DLS,naive,DMS,1,0.02373
2,DMS-DLS,naive,DMS,2,0.02761
2,DMS-DLS,naive,DMS,3,0.053596
2,DMS-DLS,naive,DMS,4,0.0
2,DMS-DLS,naive,DMS,5,0.963593
2,DMS-DLS,naive,DMS,6,1.010654
2,DMS-DLS,naive,DMS,7,0.086716
2,DMS-DLS,naive,DMS,8,0.039375
2,DMS-DLS,naive,DMS,9,0.000962
2,DMS-DLS,naive,DMS,10,1.093475
2,DMS-DLS,naive,DMS,11,0.0
2,DMS-DLS,naive,DMS,12,0.0
2,DMS-DLS,naive,DMS,13,0.4673
2,DMS-DLS,naive,DMS,14,0.0
2,DMS-DLS,naive,DMS,15,0.043465
2,DMS-DLS,naive,DMS,16,0.01106
2,DMS-DLS,naive,DMS,17,0.0
2,DMS-DLS,naive,DMS,18,0.491671
2,DMS-DLS,naive,DMS,19,0.138293
2,DMS-DLS,naive,DMS,20,0.007634
2,DMS-DLS,naive,DMS,21,0.001226
2,DMS-DLS,naive,DMS,22,1.113568
2,DMS-DLS,naive,DMS,23,0.0
2,DMS-DLS,naive,DMS,24,0.0
2,DMS-DLS,naive,DMS,25,0.911685
2,DMS-DLS,naive,DMS,26,0.549549
2,DMS-DLS,naive,DMS,27,0.846316
2,DMS-DLS,naive,DMS,28,0.0
2,DMS-DLS,naive,DMS,29,0.013604
2,DMS-DLS,naive,DMS,30,0.393701
2,DMS-DLS,naive,DMS,31,0.0
2,DMS-DLS,naive,DMS,32,0.0
2,DMS-DLS,naive,DMS,33,0.123101
2,DMS-DLS,naive,DMS,34,0.025032
2,DMS-DLS,naive,DMS,35,0.042551
2,DMS-DLS,naive,DMS,36,0.030318
2,DMS-DLS,naive,DMS,37,1.062603
2,DMS-DLS,naive,DMS,38,0.0
2,DMS-DLS,naive,DMS,39,0.005894
2,DMS-DLS,naive,DMS,40,0.0
2,DMS-DLS,naive,DMS,41,0.002919
2,DMS-DLS,naive,DMS,42,0.0
2,DMS-DLS,naive,DMS,43,0.005298
2,DMS-DLS,naive,DMS,44,0.028723
2,DMS-DLS,naive,DMS,45,0.042279
2,DMS-DLS,naive,DMS,46,1.040313
2,DMS-DLS,naive,DMS,47,0.859077
2,DMS-DLS,naive,DMS,48,0.805959
2,DMS-DLS,naive,DMS,49,0.0
2,DMS-DLS,naive,DMS,50,0.413232
2,DMS-DLS,naive,DMS,51,0.0
2,DMS-DLS,naive,DMS,52,0.848538
2,DMS-DLS,naive,DMS,53,1.003882
2,DMS-DLS,naive,DMS,54,0.002987
2,DMS-DLS,naive,DMS,55,0.099508
2,DMS-DLS,naive,DMS,56,0.97348
2,DMS-DLS,naive,DMS,57,0.013011
2,DMS-DLS,naive,DMS,58,0.0
2,DMS-DLS,naive,DMS,59,0.154811
2,DMS-DLS,naive,DMS,60,0.0
2,DMS-DLS,naive,DMS,61,0.102395
2,DMS-DLS,naive,DMS,62,0.871823
2,DMS-DLS,naive,DMS,63,0.619748
2,DMS-DLS,naive,DMS,64,0.410307
2,DMS-DLS,naive,DLS,0,1.233045
2,DMS-DLS,naive,DLS,1,0.150415
2,DMS-DLS,naive,DLS,2,0.508453
2,DMS-DLS,naive,DLS,3,0.045785
2,DMS-DLS,naive,DLS,4,1.33467
2,DMS-DLS,naive,DLS,5,0.172718
2,DMS-DLS,naive,DLS,6,0.075856
2,DMS-DLS,naive,DLS,7,0.025854
2,DMS-DLS,naive,DLS,8,0.082339
2,DMS-DLS,naive,DLS,9,0.02721
2,DMS-DLS,naive,DLS,10,1.008845
2,DMS-DLS,naive,DLS,11,1.062786
2,DMS-DLS,naive,DLS,12,0.914903
2,DMS-DLS,naive,DLS,13,0.0
2,DMS-DLS,naive,DLS,14,1.195498
2,DMS-DLS,naive,DLS,15,0.006824
2,DMS-DLS,naive,DLS,16,0.102401
2,DMS-DLS,naive,DLS,17,0.0
2,DMS-DLS,naive,DLS,18,0.0
2,DMS-DLS,naive,DLS,19,1.070176
2,DMS-DLS,naive,DLS,20,0.052627
2,DMS-DLS,naive,DLS,21,0.053017
2,DMS-DLS,naive,DLS,22,0.0
2,DMS-DLS,naive,DLS,23,0.802785
2,DMS-DLS,naive,DLS,24,1.330091
2,DMS-DLS,naive,DLS,25,0.015675
2,DMS-DLS,naive,DLS,26,0.606219
2,DMS-DLS,naive,DLS,27,0.002067
2,DMS-DLS,naive,DLS,28,0.231929
2,DMS-DLS,naive,DLS,29,0.0
2,DMS-DLS,naive,DLS,30,0.750235
2,DMS-DLS,naive,DLS,31,0.045292
2,DMS-DLS,naive,DLS,32,0.190777
2,DMS-DLS,naive,DLS,33,0.0
2,DMS-DLS,naive,DLS,34,0.068947
2,DMS-DLS,naive,DLS,35,0.021102
2,DMS-DLS,naive,DLS,36,0.491821
2,DMS-DLS,naive,DLS,37,0.28965
2,DMS-DLS,naive,DLS,38,0.095888
2,DMS-DLS,naive,DLS,39,0.800285
2,DMS-DLS,naive,DLS,40,0.878873
2,DMS-DLS,naive,DLS,41,0.135331
2,DMS-DLS,naive,DLS,42,1.135314
2,DMS-DLS,naive,DLS,43,0.008756
2,DMS-DLS,naive,DLS,44,0.0
2,DMS-DLS,naive,DLS,45,1.070968
2,DMS-DLS,naive,DLS,46,1.315299
2,DMS-DLS,naive,DLS,47,0.0
2,DMS-DLS,naive,DLS,48,0.402761
2,DMS-DLS,naive,DLS,49,0.548678
2,DMS-DLS,naive,DLS,50,0.025605
2,DMS-DLS,naive,DLS,51,0.123571
2,DMS-DLS,naive,DLS,52,1.041475
2,DMS-DLS,naive,DLS,53,0.537167
2,DMS-DLS,naive,DLS,54,0.090358
2,DMS-DLS,naive,DLS,55,1.199369
2,DMS-DLS,naive,DLS,56,0.042559
2,DMS-DLS,naive,DLS,57,0.11053
2,DMS-DLS,naive,DLS,58,0.005877
2,DMS-DLS,intermediate,DMS,0,0.083901
2,DMS-DLS,intermediate,DMS,1,0.724428
2,DMS-DLS,intermediate,DMS,2,0.77998
2,DMS-DLS,intermediate,DMS,3,0.972612
2,DMS-DLS,intermediate,DMS,4,0.0
2,DMS-DLS,intermediate,DMS,5,0.640278
2,DMS-DLS,intermediate,DMS,6,0.004494
2,DMS-DLS,intermediate,DMS,7,0.053294
2,DMS-DLS,intermediate,DMS,8,1.101907
2,DMS-DLS,intermediate,DMS,9,0.0
2,DMS-DLS,intermediate,DMS,10,0.927354
2,DMS-DLS,intermediate,DMS,11,0.0
2,DMS-DLS,intermediate,DMS,12,0.0
2,DMS-DLS,intermediate,DMS,13,0.12405
2,DMS-DLS,intermediate,DMS,14,0.0
2,DMS-DLS,intermediate,DMS,15,0.119114
2,DMS-DLS,intermediate,DMS,16,0.009091
2,DMS-DLS,intermediate,DMS,17,0.0
2,DMS-DLS,intermediate,DMS,18,0.544976
2,DMS-DLS,intermediate,DMS,19,0.020977
2,DMS-DLS,intermediate,DMS,20,0.0
2,DMS-DLS,intermediate,DMS,21,0.014316
2,DMS-DLS,intermediate,DMS,22,0.184418
2,DMS-DLS,intermediate,DMS,23,0.0
2,DMS-DLS,intermediate,DMS,24,0.0
2,DMS-DLS,intermediate,DMS,25,0.944876
2,DMS-DLS,intermediate,DMS,26,0.171777
2,DMS-DLS,intermediate,DMS,27,0.412811
2,DMS-DLS,intermediate,DMS,28,0.538993
2,DMS-DLS,intermediate,DMS,29,1.018843
2,DMS-DLS,intermediate,DMS,30,0.400632
2,DMS-DLS,intermediate,DMS,31,0.0
2,DMS-DLS,intermediate,DMS,32,0.188681
2,DMS-DLS,intermediate,DMS,33,0.0
2,DMS-DLS,intermediate,DMS,34,0.0
2,DMS-DLS,intermediate,DMS,35,0.15126
2,DMS-DLS,intermediate,DMS,36,0.0
2,DMS-DLS,intermediate,DMS,37,1.099051
2,DMS-DLS,intermediate,DMS,38,0.0
2,DMS-DLS,intermediate,DMS,39,0.0
2,DMS-DLS,intermediate,DMS,40,0.071242
2,DMS-DLS,intermediate,DMS,41,0.002465
2,DMS-DLS,intermediate,DMS,42,0.0
2,DMS-DLS,intermediate,DMS,43,0.009525
2,DMS-DLS,intermediate,DMS,44,0.008011
2,DMS-DLS,intermediate,DMS,45,0.038378
2,DMS-DLS,intermediate,DMS,46,0.0
2,DMS-DLS,intermediate,DMS,47,0.930414
2,DMS-DLS,intermediate,DMS,48,1.022557
2,DMS-DLS,intermediate,DMS,49,0.0
2,DMS-DLS,intermediate,DMS,50,0.921703
2,DMS-DLS,intermediate,DMS,51,0.0
2,DMS-DLS,intermediate,DMS,52,1.190589
2,DMS-DLS,intermediate,DMS,53,0.050005
2,DMS-DLS,intermediate,DMS,54,0.020103
2,DMS-DLS,intermediate,DMS,55,0.0
2,DMS-DLS,intermediate,DMS,56,0.257726
2,DMS-DLS,intermediate,DMS,57,0.0
2,DMS-DLS,intermediate,DMS,58,0.73803
2,DMS-DLS,intermediate,DMS,59,0.063956
2,DMS-DLS,intermediate,DMS,60,0.003713
2,DMS-DLS,intermediate,DMS,61,1.006944
2,DMS-DLS,intermediate,DMS,62,0.177658
2,DMS-DLS,intermediate,DMS,63,0.821324
2,DMS-DLS,intermediate,DMS,64,0.663196
2,DMS-DLS,intermediate,DLS,0,0.905526
2,DMS-DLS,intermediate,DLS,1,0.467721
2,DMS-DLS,intermediate,DLS,2,0.772371
2,DMS-DLS,intermediate,DLS,3,0.908388
2,DMS-DLS,intermediate,DLS,4,0.962498
2,DMS-DLS,intermediate,DLS,5,0.855229
2,DMS-DLS,intermediate,DLS,6,0.129489
2,DMS-DLS,intermediate,DLS,7,0.550547
2,DMS-DLS,intermediate,DLS,8,0.885741
2,DMS-DLS,intermediate,DLS,9,0.609744
2,DMS-DLS,intermediate,DLS,10,0.773665
2,DMS-DLS,intermediate,DLS,11,0.120634
2,DMS-DLS,intermediate,DLS,12,0.009228
2,DMS-DLS,intermediate,DLS,13,0.069093
2,DMS-DLS,intermediate,DLS,14,0.126582
2,DMS-DLS,intermediate,DLS,15,0.061777
2,DMS-DLS,intermediate,DLS,16,0.373851
2,DMS-DLS,intermediate,DLS,17,0.0
2,DMS-DLS,intermediate,DLS,18,0.754607
2,DMS-DLS,intermediate,DLS,19,0.89345
2,DMS-DLS,intermediate,DLS,20,0.024913
2,DMS-DLS,intermediate,DLS,21,0.74635
2,DMS-DLS,intermediate,DLS,22,0.0
2,DMS-DLS,intermediate,DLS,23,0.902164
2,DMS-DLS,intermediate,DLS,24,0.276664
2,DMS-DLS,intermediate,DLS,25,0.161308
2,DMS-DLS,intermediate,DLS,26,0.017634
2,DMS-DLS,intermediate,DLS,27,0.001896
2,DMS-DLS,intermediate,DLS,28,0.747701
2,DMS-DLS,intermediate,DLS,29,0.0
2,DMS-DLS,intermediate,DLS,30,0.407469
2,DMS-DLS,intermediate,DLS,31,0.606722
2,DMS-DLS,intermediate,DLS,32,0.060766
2,DMS-DLS,intermediate,DLS,33,0.041895
2,DMS-DLS,intermediate,DLS,34,0.151988
2,DMS-DLS,intermediate,DLS,35,0.143792
2,DMS-DLS,intermediate,DLS,36,0.503688
2,DMS-DLS,intermediate,DLS,37,0.680069
2,DMS-DLS,intermediate,DLS,38,0.065226
2,DMS-DLS,intermediate,DLS,39,0.055158
2,DMS-DLS,intermediate,DLS,40,0.840448
2,DMS-DLS,intermediate,DLS,41,0.052384
2,DMS-DLS,intermediate,DLS,42,0.146173
2,DMS-DLS,intermediate,DLS,43,0.572077
2,DMS-DLS,intermediate,DLS,44,0.028406
2,DMS-DLS,intermediate,DLS,45,0.696699
2,DMS-DLS,intermediate,DLS,46,0.790531
2,DMS-DLS,intermediate,DLS,47,0.0
2,DMS-DLS,intermediate,DLS,48,0.192603
2,DMS-DLS,intermediate,DLS,49,0.329286
2,DMS-DLS,intermediate,DLS,50,0.044927
2,DMS-DLS,intermediate,DLS,51,0.032665
2,DMS-DLS,intermediate,DLS,52,0.717603
2,DMS-DLS,intermediate,DLS,53,0.011265
2,DMS-DLS,intermediate,DLS,54,0.041303
2,DMS-DLS,intermediate,DLS,55,0.071738
2,DMS-DLS,intermediate,DLS,56,0.385766
2,DMS-DLS,intermediate,DLS,57,0.200558
2,DMS-DLS,intermediate,DLS,58,0.045083
2,DMS-DLS,expert,DMS,0,0.017341
2,DMS-DLS,expert,DMS,1,0.052202
2,DMS-DLS,expert,DMS,2,0.860029
2,DMS-DLS,expert,DMS,3,0.894243
2,DMS-DLS,expert,DMS,4,0.0
2,DMS-DLS,expert,DMS,5,0.612898
2,DMS-DLS,expert,DMS,6,0.032082
2,DMS-DLS,expert,DMS,7,1.027371
2,DMS-DLS,expert,DMS,8,1.082012
2,DMS-DLS,expert,DMS,9,0.026933
2,DMS-DLS,expert,DMS,10,0.120538
2,DMS-DLS,expert,DMS,11,0.0
2,DMS-DLS,expert,DMS,12,0.0
2,DMS-DLS,expert,DMS,13,0.066773
2,DMS-DLS,expert,DMS,14,0.0
2,DMS-DLS,expert,DMS,15,0.127984
2,DMS-DLS,expert,DMS,16,0.116073
2,DMS-DLS,expert,DMS,17,0.063097
2,DMS-DLS,expert,DMS,18,0.896449
2,DMS-DLS,expert,DMS,19,0.025591
2,DMS-DLS,expert,DMS,20,0.018388
2,DMS-DLS,expert,DMS,21,0.028782
2,DMS-DLS,expert,DMS,22,0.0
2,DMS-DLS,expert,DMS,23,0.0
2,DMS-DLS,expert,DMS,24,0.0
2,DMS-DLS,expert,DMS,25,0.848049
2,DMS-DLS,expert,DMS,26,0.82842
2,DMS-DLS,expert,DMS,27,0.577766
2,DMS-DLS,expert,DMS,28,0.995612
2,DMS-DLS,expert,DMS,29,0.58544
2,DMS-DLS,expert,DMS,30,0.27431
2,DMS-DLS,expert,DMS,31,0.0
2,DMS-DLS,expert,DMS,32,0.028491
2,DMS-DLS,expert,DMS,33,0.04087
2,DMS-DLS,expert,DMS,34,0.005009
2,DMS-DLS,expert,DMS,35,0.519305
2,DMS-DLS,expert,DMS,36,0.936152
2,DMS-DLS,expert,DMS,37,0.621833
2,DMS-DLS,expert,DMS,38,0.0
2,DMS-DLS,expert,DMS,39,0.0
2,DMS-DLS,expert,DMS,40,0.0
2,DMS-DLS,expert,DMS,41,0.027129
2,DMS-DLS,expert,DMS,42,0.0
2,DMS-DLS,expert,DMS,43,1.122173
2,DMS-DLS,expert,DMS,44,0.018522
2,DMS-DLS,expert,DMS,45,0.034916
2,DMS-DLS,expert,DMS,46,0.0
2,DMS-DLS,expert,DMS,47,1.059155
2,DMS-DLS,expert,DMS,48,1.049516
2,DMS-DLS,expert,DMS,49,0.003815
2,DMS-DLS,expert,DMS,50,0.886935
2,DMS-DLS,expert,DMS,51,0.0
2,DMS-DLS,expert,DMS,52,0.822633
2,DMS-DLS,expert,DMS,53,0.077792
2,DMS-DLS,expert,DMS,54,0.065212
2,DMS-DLS,expert,DMS,55,0.174372
2,DMS-DLS,expert,DMS,56,0.637488
2,DMS-DLS,expert,DMS,57,0.224464
2,DMS-DLS,expert,DMS,58,0.031503
2,DMS-DLS,expert,DMS,59,0.049708
2,DMS-DLS,expert,DMS,60,0.041766
2,DMS-DLS,expert,DMS,61,0.023183
2,DMS-DLS,expert,DMS,62,0.160791
2,DMS-DLS,expert,DMS,63,1.071779
2,DMS-DLS,expert,DMS,64,0.771883
2,DMS-DLS,expert,DLS,0,0.945637
2,DMS-DLS,expert,DLS,1,0.017252
2,DMS-DLS,expert,DLS,2,0.043425
2,DMS-DLS,expert,DLS,3,1.029378
2,DMS-DLS,expert,DLS,4,0.904281
2,DMS-DLS,expert,DLS,5,0.945171
2,DMS-DLS,expert,DLS,6,0.238972
2,DMS-DLS,expert,DLS,7,0.0
2,DMS-DLS,expert,DLS,8,0.866553
2,DMS-DLS,expert,DLS,9,0.0
2,DMS-DLS,expert,DLS,10,0.733757
2,DMS-DLS,expert,DLS,11,0.935251
2,DMS-DLS,expert,DLS,12,0.020719
2,DMS-DLS,expert,DLS,13,0.0
2,DMS-DLS,expert,DLS,14,0.13238
2,DMS-DLS,expert,DLS,15,0.01873
2,DMS-DLS,expert,DLS,16,0.356859
2,DMS-DLS,expert,DLS,17,0.0
2,DMS-DLS,expert,DLS,18,0.633855
2,DMS-DLS,expert,DLS,19,0.87272
2,DMS-DLS,expert,DLS,20,0.043499
2,DMS-DLS,expert,DLS,21,0.594462
2,DMS-DLS,expert,DLS,22,0.078277
2,DMS-DLS,expert,DLS,23,0.658824
2,DMS-DLS,expert,DLS,24,0.780706
2,DMS-DLS,expert,DLS,25,1.039465
2,DMS-DLS,expert,DLS,26,0.0
2,DMS-DLS,expert,DLS,27,0.059012
2,DMS-DLS,expert,DLS,28,0.019649
2,DMS-DLS,expert,DLS,29,0.0
2,DMS-DLS,expert,DLS,30,0.505831
2,DMS-DLS,expert,DLS,31,0.52325
2,DMS-DLS,expert,DLS,32,0.096634
2,DMS-DLS,expert,DLS,33,0.0502
2,DMS-DLS,expert,DLS,34,0.0
2,DMS-DLS,expert,DLS,35,0.0
2,DMS-DLS,expert,DLS,36,0.069181
2,DMS-DLS,expert,DLS,37,0.022816
2,DMS-DLS,expert,DLS,38,0.222586
2,DMS-DLS,expert,DLS,39,1.004136
2,DMS-DLS,expert,DLS,40,0.908206
2,DMS-DLS,expert,DLS,41,0.031228
2,DMS-DLS,expert,DLS,42,0.443174
2,DMS-DLS,expert,DLS,43,0.844511
2,DMS-DLS,expert,DLS,44,0.020891
2,DMS-DLS,expert,DLS,45,0.625825
2,DMS-DLS,expert,DLS,46,0.780964
2,DMS-DLS,expert,DLS,47,0.01997
2,DMS-DLS,expert,DLS,48,0.080188
2,DMS-DLS,expert,DLS,49,0.837989
2,DMS-DLS,expert,DLS,50,0.997501
2,DMS-DLS,expert,DLS,51,0.043192
2,DMS-DLS,expert,DLS,52,0.143168
2,DMS-DLS,expert,DLS,53,0.06221
2,DMS-DLS,expert,DLS,54,0.118787
2,DMS-DLS,expert,DLS,55,0.102291
2,DMS-DLS,expert,DLS,56,0.068566
2,DMS-DLS,expert,DLS,57,0.041564
2,DMS-DLS,expert,DLS,58,0.19015
2,DMS-ACC,naive,DMS,0,0.072696
2,DMS-ACC,naive,DMS,1,0.022463
2,DMS-ACC,naive,DMS,2,0.023513
2,DMS-ACC,naive,DMS,3,0.033963
2,DMS-ACC,naive,DMS,4,0.0
2,DMS-ACC,naive,DMS,5,0.96514
2,DMS-ACC,naive,DMS,6,0.86152
2,DMS-ACC,naive,DMS,7,0.064334
2,DMS-ACC,naive,DMS,8,0.036674
2,DMS-ACC,naive,DMS,9,0.000966
2,DMS-ACC,naive,DMS,10,1.113412
2,DMS-ACC,naive,DMS,11,0.0
2,DMS-ACC,naive,DMS,12,0.0
2,DMS-ACC,naive,DMS,13,0.531676
2,DMS-ACC,naive,DMS,14,0.0
2,DMS-ACC,naive,DMS,15,0.041816
2,DMS-ACC,naive,DMS,16,0.022524
2,DMS-ACC,naive,DMS,17,0.0
2,DMS-ACC,naive,DMS,18,0.495599
2,DMS-ACC,naive,DMS,19,0.141721
2,DMS-ACC,naive,DMS,20,0.007788
2,DMS-ACC,naive,DMS,21,0.001197
2,DMS-ACC,naive,DMS,22,1.118459
2,DMS-ACC,naive,DMS,23,0.0
2,DMS-ACC,naive,DMS,24,0.0
2,DMS-ACC,naive,DMS,25,0.910434
2,DMS-ACC,naive,DMS,26,0.559338
2,DMS-ACC,naive,DMS,27,0.847107
2,DMS-ACC,naive,DMS,28,0.0
2,DMS-ACC,naive,DMS,29,0.013811
2,DMS-ACC,naive,DMS,30,0.394214
2,DMS-ACC,naive,DMS,31,0.0
2,DMS-ACC,naive,DMS,32,0.0
2,DMS-ACC,naive,DMS,33,0.128101
2,DMS-ACC,naive,DMS,34,0.026686
2,DMS-ACC,naive,DMS,35,0.04699
2,DMS-ACC,naive,DMS,36,0.030463
2,DMS-ACC,naive,DMS,37,1.061883
2,DMS-ACC,naive,DMS,38,0.0
2,DMS-ACC,naive,DMS,39,0.006545
2,DMS-ACC,naive,DMS,40,0.0
2,DMS-ACC,naive,DMS,41,0.002874
2,DMS-ACC,naive,DMS,42,0.0
2,DMS-ACC,naive,DMS,43,0.007913
2,DMS-ACC,naive,DMS,44,0.028213
2,DMS-ACC,naive,DMS,45,0.043501
2,DMS-ACC,naive,DMS,46,0.612592
2,DMS-ACC,naive,DMS,47,0.859941
2,DMS-ACC,naive,DMS,48,0.81144
2,DMS-ACC,naive,DMS,49,0.0
2,DMS-ACC,naive,DMS,50,0.413586
2,DMS-ACC,naive,DMS,51,0.0
2,DMS-ACC,naive,DMS,52,0.848467
2,DMS-ACC,naive,DMS,53,1.001546
2,DMS-ACC,naive,DMS,54,0.00295
2,DMS-ACC,naive,DMS,55,0.103286
2,DMS-ACC,naive,DMS,56,0.960985
2,DMS-ACC,naive,DMS,57,0.013256
2,DMS-ACC,naive,DMS,58,0.0
2,DMS-ACC,naive,DMS,59,1.048508
2,DMS-ACC,naive,DMS,60,0.0
2,DMS-ACC,naive,DMS,61,0.097703
2,DMS-ACC,naive,DMS,62,0.874523
2,DMS-ACC,naive,DMS,63,0.621161
2,DMS-ACC,naive,DMS,64,0.410601
2,DMS-ACC,naive,ACC,0,0.031042
2,DMS-ACC,naive,ACC,1,0.846968
2,DMS-ACC,naive,ACC,2,0.714358
2,DMS-ACC,naive,ACC,3,1.031115
2,DMS-ACC,naive,ACC,4,1.469341
2,DMS-ACC,naive,ACC,5,0.0
2,DMS-ACC,naive,ACC,6,0.950566
2,DMS-ACC,naive,ACC,7,0.888186
2,DMS-ACC,naive,ACC,8,1.083317
2,DMS-ACC,naive,ACC,9,0.0
2,DMS-ACC,naive,ACC,10,0.895464
2,DMS-ACC,naive,ACC,11,0.74677
2,DMS-ACC,naive,ACC,12,0.445952
2,DMS-ACC,naive,ACC,13,0.188028
2,DMS-ACC,naive,ACC,14,0.00969
2,DMS-ACC,naive,ACC,15,0.0
2,DMS-ACC,naive,ACC,16,0.0
2,DMS-ACC,naive,ACC,17,0.0
2,DMS-ACC,naive,ACC,18,0.629503
2,DMS-ACC,naive,ACC,19,0.953222
2,DMS-ACC,naive,ACC,20,0.059316
2,DMS-ACC,naive,ACC,21,0.12743
2,DMS-ACC,naive,ACC,22,0.059785
2,DMS-ACC,naive,ACC,23,0.55431
2,DMS-ACC,naive,ACC,24,0.507601
2,DMS-ACC,naive,ACC,25,0.018971
2,DMS-ACC,naive,ACC,26,0.035899
2,DMS-ACC,naive,ACC,27,0.0
2,DMS-ACC,naive,ACC,28,0.0
2,DMS-ACC,naive,ACC,29,0.0
2,DMS-ACC,naive,ACC,30,0.0
2,DMS-ACC,naive,ACC,31,0.0
2,DMS-ACC,naive,ACC,32,0.760338
2,DMS-ACC,naive,ACC,33,1.079115
2,DMS-ACC,naive,ACC,34,0.855671
2,DMS-ACC,naive,ACC,35,0.003187
2,DMS-ACC,naive,ACC,36,0.017656
2,DMS-ACC,naive,ACC,37,0.0
2,DMS-ACC,naive,ACC,38,1.440119
2,DMS-ACC,naive,ACC,39,0.0
2,DMS-ACC,naive,ACC,40,0.0
2,DMS-ACC,naive,ACC,41,0.0
2,DMS-ACC,naive,ACC,42,0.0
2,DMS-ACC,naive,ACC,43,0.0
2,DMS-ACC,naive,ACC,44,0.0
2,DMS-ACC,naive,ACC,45,0.67675
2,DMS-ACC,naive,ACC,46,0.789406
2,DMS-ACC,naive,ACC,47,0.02479
2,DMS-ACC,naive,ACC,48,0.0
2,DMS-ACC,naive,ACC,49,0.0
2,DMS-ACC,naive,ACC,50,0.028038
2,DMS-ACC,naive,ACC,51,0.0
2,DMS-ACC,naive,ACC,52,0.069246
2,DMS-ACC,naive,ACC,53,0.0
2,DMS-ACC,intermediate,DMS,0,0.088137
2,DMS-ACC,intermediate,DMS,1,0.725548
2,DMS-ACC,intermediate,DMS,2,0.784021
2,DMS-ACC,intermediate,DMS,3,0.977669
2,DMS-ACC,intermediate,DMS,4,0.0
2,DMS-ACC,intermediate,DMS,5,0.64122
2,DMS-ACC,intermediate,DMS,6,0.004748
2,DMS-ACC,intermediate,DMS,7,0.051755
2,DMS-ACC,intermediate,DMS,8,1.104128
2,DMS-ACC,intermediate,DMS,9,0.0
2,DMS-ACC,intermediate,DMS,10,0.937145
2,DMS-ACC,intermediate,DMS,11,0.0
2,DMS-ACC,intermediate,DMS,12,0.0
2,DMS-ACC,intermediate,DMS,13,0.122728
2,DMS-ACC,intermediate,DMS,14,0.0
2,DMS-ACC,intermediate,DMS,15,0.113984
2,DMS-ACC,intermediate,DMS,16,0.008817
2,DMS-ACC,intermediate,DMS,17,0.0
2,DMS-ACC,intermediate,DMS,18,0.548805
2,DMS-ACC,intermediate,DMS,19,0.020229
2,DMS-ACC,intermediate,DMS,20,0.0
2,DMS-ACC,intermediate,DMS,21,0.013868
2,DMS-ACC,intermediate,DMS,22,0.221202
2,DMS-ACC,intermediate,DMS,23,0.0
2,DMS-ACC,intermediate,DMS,24,0.0
2,DMS-ACC,intermediate,DMS,25,0.928541
2,DMS-ACC,intermediate,DMS,26,0.175396
2,DMS-ACC,intermediate,DMS,27,0.412348
2,DMS-ACC,intermediate,DMS,28,0.53898
2,DMS-ACC,intermediate,DMS,29,1.017292
2,DMS-ACC,intermediate,DMS,30,0.40541
2,DMS-ACC,intermediate,DMS,31,0.0
2,DMS-ACC,intermediate,DMS,32,0.170373
2,DMS-ACC,intermediate,DMS,33,0.0
2,DMS-ACC,intermediate,DMS,34,0.0
2,DMS-ACC,intermediate,DMS,35,0.16544
2,DMS-ACC,intermediate,DMS,36,0.0
2,DMS-ACC,intermediate,DMS,37,1.100154
2,DMS-ACC,intermediate,DMS,38,0.0
2,DMS-ACC,intermediate,DMS,39,0.0
2,DMS-ACC,intermediate,DMS,40,0.072891
2,DMS-ACC,intermediate,DMS,41,0.002656
2,DMS-ACC,intermediate,DMS,42,0.0
2,DMS-ACC,intermediate,DMS,43,0.009888
2,DMS-ACC,intermediate,DMS,44,0.008459
2,DMS-ACC,intermediate,DMS,45,0.039308
2,DMS-ACC,intermediate,DMS,46,0.0
2,DMS-ACC,intermediate,DMS,47,0.930182
2,DMS-ACC,intermediate,DMS,48,1.025988
2,DMS-ACC,intermediate,DMS,49,0.0
2,DMS-ACC,intermediate,DMS,50,0.9254
2,DMS-ACC,intermediate,DMS,51,0.0
2,DMS-ACC,intermediate,DMS,52,1.193318
2,DMS-ACC,intermediate,DMS,53,0.05117
2,DMS-ACC,intermediate,DMS,54,0.020283
2,DMS-ACC,intermediate,DMS,55,0.0
2,DMS-ACC,intermediate,DMS,56,0.251558
2,DMS-ACC,intermediate,DMS,57,0.0
2,DMS-ACC,intermediate,DMS,58,0.740466
2,DMS-ACC,intermediate,DMS,59,0.063274
2,DMS-ACC,intermediate,DMS,60,0.004047
2,DMS-ACC,intermediate,DMS,61,1.00886
2,DMS-ACC,intermediate,DMS,62,0.179722
2,DMS-ACC,intermediate,DMS,63,0.818893
2,DMS-ACC,intermediate,DMS,64,0.662403
2,DMS-ACC,intermediate,ACC,0,0.992214
2,DMS-ACC,intermediate,ACC,1,1.100349
2,DMS-ACC,intermediate,ACC,2,0.773515
2,DMS-ACC,intermediate,ACC,3,0.898142
2,DMS-ACC,intermediate,ACC,4,0.965945
2,DMS-ACC,intermediate,ACC,5,1.018874
2,DMS-ACC,intermediate,ACC,6,0.965256
2,DMS-ACC,intermediate,ACC,7,0.149801
2,DMS-ACC,intermediate,ACC,8,0.991088
2,DMS-ACC,intermediate,ACC,9,0.0
2,DMS-ACC,intermediate,ACC,10,0.873105
2,DMS-ACC,intermediate,ACC,11,0.027265
2,DMS-ACC,intermediate,ACC,12,1.30395
2,DMS-ACC,intermediate,ACC,13,1.096349
2,DMS-ACC,intermediate,ACC,14,0.042902
2,DMS-ACC,intermediate,ACC,15,0.0
2,DMS-ACC,intermediate,ACC,16,0.0
2,DMS-ACC,intermediate,ACC,17,0.001829
2,DMS-ACC,intermediate,ACC,18,0.880212
2,DMS-ACC,intermediate,ACC,19,0.024444
2,DMS-ACC,intermediate,ACC,20,0.036967
2,DMS-ACC,intermediate,ACC,21,0.0
2,DMS-ACC,intermediate,ACC,22,0.196714
2,DMS-ACC,intermediate,ACC,23,0.854516
2,DMS-ACC,intermediate,ACC,24,1.382983
2,DMS-ACC,intermediate,ACC,25,0.018751
2,DMS-ACC,intermediate,ACC,26,1.412985
2,DMS-ACC,intermediate,ACC,27,0.0
2,DMS-ACC,intermediate,ACC,28,0.0
2,DMS-ACC,intermediate,ACC,29,0.0
2,DMS-ACC,intermediate,ACC,30,0.0
2,DMS-ACC,intermediate,ACC,31,0.0
2,DMS-ACC,intermediate,ACC,32,1.10918
2,DMS-ACC,intermediate,ACC,33,1.346954
2,DMS-ACC,intermediate,ACC,34,0.0
2,DMS-ACC,intermediate,ACC,35,0.004061
2,DMS-ACC,intermediate,ACC,36,0.012689
2,DMS-ACC,intermediate,ACC,37,0.0
2,DMS-ACC,intermediate,ACC,38,1.01949
2,DMS-ACC,intermediate,ACC,39,0.0
2,DMS-ACC,intermediate,ACC,40,0.0
2,DMS-ACC,intermediate,ACC,41,0.074941
2,DMS-ACC,intermediate,ACC,42,0.0
2,DMS-ACC,intermediate,ACC,43,0.0
2,DMS-ACC,intermediate,ACC,44,0.008246
2,DMS-ACC,intermediate,ACC,45,0.840706
2,DMS-ACC,intermediate,ACC,46,1.089949
2,DMS-ACC,intermediate,ACC,47,0.016715
2,DMS-ACC,intermediate,ACC,48,0.0
2,DMS-ACC,intermediate,ACC,49,0.0
2,DMS-ACC,intermediate,ACC,50,1.178438
2,DMS-ACC,intermediate,ACC,51,0.0
2,DMS-ACC,intermediate,ACC,52,0.008233
2,DMS-ACC,intermediate,ACC,53,0.002427
2,DMS-ACC,expert,DMS,0,0.01761
2,DMS-ACC,expert,DMS,1,0.050503
2,DMS-ACC,expert,DMS,2,0.864255
2,DMS-ACC,expert,DMS,3,0.897715
2,DMS-ACC,expert,DMS,4,0.0
2,DMS-ACC,expert,DMS,5,0.61325
2,DMS-ACC,expert,DMS,6,0.031699
2,DMS-ACC,expert,DMS,7,1.026531
2,DMS-ACC,expert,DMS,8,1.085727
2,DMS-ACC,expert,DMS,9,0.025391
2,DMS-ACC,expert,DMS,10,0.115306
2,DMS-ACC,expert,DMS,11,0.0
2,DMS-ACC,expert,DMS,12,0.0
2,DMS-ACC,expert,DMS,13,0.065683
2,DMS-ACC,expert,DMS,14,0.0
2,DMS-ACC,expert,DMS,15,0.12807
2,DMS-ACC,expert,DMS,16,0.120726
2,DMS-ACC,expert,DMS,17,0.054261
2,DMS-ACC,expert,DMS,18,0.897567
2,DMS-ACC,expert,DMS,19,0.026099
2,DMS-ACC,expert,DMS,20,0.018525
2,DMS-ACC,expert,DMS,21,0.03004
2,DMS-ACC,expert,DMS,22,0.0
2,DMS-ACC,expert,DMS,23,0.0
2,DMS-ACC,expert,DMS,24,0.0
2,DMS-ACC,expert,DMS,25,0.852474
2,DMS-ACC,expert,DMS,26,0.830538
2,DMS-ACC,expert,DMS,27,0.578373
2,DMS-ACC,expert,DMS,28,0.996859
2,DMS-ACC,expert,DMS,29,0.587061
2,DMS-ACC,expert,DMS,30,0.275135
2,DMS-ACC,expert,DMS,31,0.0
2,DMS-ACC,expert,DMS,32,0.029349
2,DMS-ACC,expert,DMS,33,0.039433
2,DMS-ACC,expert,DMS,34,0.006414
2,DMS-ACC,expert,DMS,35,0.45993
2,DMS-ACC,expert,DMS,36,0.922296
2,DMS-ACC,expert,DMS,37,0.621188
2,DMS-ACC,expert,DMS,38,0.0
2,DMS-ACC,expert,DMS,39,0.0
2,DMS-ACC,expert,DMS,40,0.0
2,DMS-ACC,expert,DMS,41,0.026361
2,DMS-ACC,expert,DMS,42,0.0
2,DMS-ACC,expert,DMS,43,1.116536
2,DMS-ACC,expert,DMS,44,0.018956
2,DMS-ACC,expert,DMS,45,0.032628
2,DMS-ACC,expert,DMS,46,0.0
2,DMS-ACC,expert,DMS,47,1.062931
2,DMS-ACC,expert,DMS,48,1.059067
2,DMS-ACC,expert,DMS,49,0.003813
2,DMS-ACC,expert,DMS,50,0.886162
2,DMS-ACC,expert,DMS,51,0.0
2,DMS-ACC,expert,DMS,52,0.821975
2,DMS-ACC,expert,DMS,53,0.077916
2,DMS-ACC,expert,DMS,54,0.067662
2,DMS-ACC,expert,DMS,55,0.18807
2,DMS-ACC,expert,DMS,56,0.664581
2,DMS-ACC,expert,DMS,57,0.228876
2,DMS-ACC,expert,DMS,58,0.027306
2,DMS-ACC,expert,DMS,59,0.043889
2,DMS-ACC,expert,DMS,60,0.041611
2,DMS-ACC,expert,DMS,61,0.026808
2,DMS-ACC,expert,DMS,62,0.160633
2,DMS-ACC,expert,DMS,63,1.067636
2,DMS-ACC,expert,DMS,64,0.780023
2,DMS-ACC,expert,ACC,0,0.926186
2,DMS-ACC,expert,ACC,1,1.138621
2,DMS-ACC,expert,ACC,2,0.884935
2,DMS-ACC,expert,ACC,3,0.924224
2,DMS-ACC,expert,ACC,4,0.615236
2,DMS-ACC,expert,ACC,5,0.076802
2,DMS-ACC,expert,ACC,6,1.156092
2,DMS-ACC,expert,ACC,7,0.419575
2,DMS-ACC,expert,ACC,8,0.879063
2,DMS-ACC,expert,ACC,9,0.0
2,DMS-ACC,expert,ACC,10,0.750881
2,DMS-ACC,expert,ACC,11,0.111823
2,DMS-ACC,expert,ACC,12,1.042367
2,DMS-ACC,expert,ACC,13,1.180664
2,DMS-ACC,expert,ACC,14,1.200888
2,DMS-ACC,expert,ACC,15,0.0
2,DMS-ACC,expert,ACC,16,0.0
2,DMS-ACC,expert,ACC,17,0.0
2,DMS-ACC,expert,ACC,18,0.114191
2,DMS-ACC,expert,ACC,19,0.040815
2,DMS-ACC,expert,ACC,20,0.425395
2,DMS-ACC,expert,ACC,21,1.156192
2,DMS-ACC,expert,ACC,22,1.132476
2,DMS-ACC,expert,ACC,23,0.945934
2,DMS-ACC,expert,ACC,24,1.082058
2,DMS-ACC,expert,ACC,25,0.016055
2,DMS-ACC,expert,ACC,26,0.076295
2,DMS-ACC,expert,ACC,27,0.0
2,DMS-ACC,expert,ACC,28,0.0
2,DMS-ACC,expert,ACC,29,0.0
2,DMS-ACC,expert,ACC,30,0.0
2,DMS-ACC,expert,ACC,31,0.012062
2,DMS-ACC,expert,ACC,32,0.026106
2,DMS-ACC,expert,ACC,33,0.697234
2,DMS-ACC,expert,ACC,34,1.423334
2,DMS-ACC,expert,ACC,35,0.0
2,DMS-ACC,expert,ACC,36,0.040752
2,DMS-ACC,expert,ACC,37,0.0
2,DMS-ACC,expert,ACC,38,1.054447
2,DMS-ACC,expert,ACC,39,0.0
2,DMS-ACC,expert,ACC,40,0.0
2,DMS-ACC,expert,ACC,41,0.146063
2,DMS-ACC,expert,ACC,42,0.0
2,DMS-ACC,expert,ACC,43,0.038382
2,DMS-ACC,expert,ACC,44,0.007241
2,DMS-ACC,expert,ACC,45,1.211725
2,DMS-ACC,expert,ACC,46,0.963633
2,DMS-ACC,expert,ACC,47,0.036703
2,DMS-ACC,expert,ACC,48,0.005212
2,DMS-ACC,expert,ACC,49,0.0
2,DMS-ACC,expert,ACC,50,0.105881
2,DMS-ACC,expert,ACC,51,0.0
2,DMS-ACC,expert,ACC,52,0.0
2,DMS-ACC,expert,ACC,53,1.102846
2,DLS-ACC,naive,DLS,0,1.229964
2,DLS-ACC,naive,DLS,1,0.136735
2,DLS-ACC,naive,DLS,2,0.509689
2,DLS-ACC,naive,DLS,3,0.04621
2,DLS-ACC,naive,DLS,4,1.336082
2,DLS-ACC,naive,DLS,5,0.172804
2,DLS-ACC,naive,DLS,6,0.072242
2,DLS-ACC,naive,DLS,7,0.024625
2,DLS-ACC,naive,DLS,8,0.082395
2,DLS-ACC,naive,DLS,9,0.025918
2,DLS-ACC,naive,DLS,10,1.008582
2,DLS-ACC,naive,DLS,11,1.124635
2,DLS-ACC,naive,DLS,12,0.853777
2,DLS-ACC,naive,DLS,13,0.0
2,DLS-ACC,naive,DLS,14,1.196668
2,DLS-ACC,naive,DLS,15,0.007043
2,DLS-ACC,naive,DLS,16,0.101915
2,DLS-ACC,naive,DLS,17,0.0
2,DLS-ACC,naive,DLS,18,0.0
2,DLS-ACC,naive,DLS,19,1.069877
2,DLS-ACC,naive,DLS,20,0.050922
2,DLS-ACC,naive,DLS,21,0.050848
2,DLS-ACC,naive,DLS,22,0.0
2,DLS-ACC,naive,DLS,23,0.80518
2,DLS-ACC,naive,DLS,24,1.329442
2,DLS-ACC,naive,DLS,25,0.015599
2,DLS-ACC,naive,DLS,26,0.604189
2,DLS-ACC,naive,DLS,27,0.001984
2,DLS-ACC,naive,DLS,28,0.202478
2,DLS-ACC,naive,DLS,29,0.0
2,DLS-ACC,naive,DLS,30,0.750721
2,DLS-ACC,naive,DLS,31,0.044985
2,DLS-ACC,naive,DLS,32,0.192152
2,DLS-ACC,naive,DLS,33,0.0
2,DLS-ACC,naive,DLS,34,0.067319
2,DLS-ACC,naive,DLS,35,0.01549
2,DLS-ACC,naive,DLS,36,0.49655
2,DLS-ACC,naive,DLS,37,0.30808
2,DLS-ACC,naive,DLS,38,0.098842
2,DLS-ACC,naive,DLS,39,0.800793
2,DLS-ACC,naive,DLS,40,0.880657
2,DLS-ACC,naive,DLS,41,0.141451
2,DLS-ACC,naive,DLS,42,1.148884
2,DLS-ACC,naive,DLS,43,0.008274
2,DLS-ACC,naive,DLS,44,0.0
2,DLS-ACC,naive,DLS,45,1.071874
2,DLS-ACC,naive,DLS,46,1.316286
2,DLS-ACC,naive,DLS,47,0.0
2,DLS-ACC,naive,DLS,48,0.39084
2,DLS-ACC,naive,DLS,49,0.549031
2,DLS-ACC,naive,DLS,50,0.025208
2,DLS-ACC,naive,DLS,51,0.131435
2,DLS-ACC,naive,DLS,52,1.048113
2,DLS-ACC,naive,DLS,53,0.53898
2,DLS-ACC,naive,DLS,54,0.087385
2,DLS-ACC,naive,DLS,55,1.199236
2,DLS-ACC,naive,DLS,56,0.040296
2,DLS-ACC,naive,DLS,57,0.104386
2,DLS-ACC,naive,DLS,58,0.006207
2,DLS-ACC,naive,ACC,0,0.0296
2,DLS-ACC,naive,ACC,1,0.846529
2,DLS-ACC,naive,ACC,2,0.714596
2,DLS-ACC,naive,ACC,3,1.029785
2,DLS-ACC,naive,ACC,4,1.469745
2,DLS-ACC,naive,ACC,5,0.0
2,DLS-ACC,naive,ACC,6,0.950946
2,DLS-ACC,naive,ACC,7,0.90103
2,DLS-ACC,naive,ACC,8,1.084186
2,DLS-ACC,naive,ACC,9,0.0
2,DLS-ACC,naive,ACC,10,0.89048
2,DLS-ACC,naive,ACC,11,0.746043
2,DLS-ACC,naive,ACC,12,0.449671
2,DLS-ACC,naive,ACC,13,0.194505
2,DLS-ACC,naive,ACC,14,0.009007
2,DLS-ACC,naive,ACC,15,0.0
2,DLS-ACC,naive,ACC,16,0.0
2,DLS-ACC,naive,ACC,17,0.0
2,DLS-ACC,naive,ACC,18,0.628244
2,DLS-ACC,naive,ACC,19,0.955235
2,DLS-ACC,naive,ACC,20,0.060108
2,DLS-ACC,naive,ACC,21,0.127897
2,DLS-ACC,naive,ACC,22,0.057234
2,DLS-ACC,naive,ACC,23,0.553919
2,DLS-ACC,naive,ACC,24,0.508818
2,DLS-ACC,naive,ACC,25,0.018681
2,DLS-ACC,naive,ACC,26,0.036002
2,DLS-ACC,naive,ACC,27,0.0
2,DLS-ACC,naive,ACC,28,0.0
2,DLS-ACC,naive,ACC,29,0.0
2,DLS-ACC,naive,ACC,30,0.0
2,DLS-ACC,naive,ACC,31,0.0
2,DLS-ACC,naive,ACC,32,0.760811
2,DLS-ACC,naive,ACC,33,1.078048
2,DLS-ACC,naive,ACC,34,0.855902
2,DLS-ACC,naive,ACC,35,0.003079
2,DLS-ACC,naive,ACC,36,0.017312
2,DLS-ACC,naive,ACC,37,0.0
2,DLS-ACC,naive,ACC,38,1.44365
2,DLS-ACC,naive,ACC,39,0.0
2,DLS-ACC,naive,ACC,40,0.0
2,DLS-ACC,naive,ACC,41,0.0
2,DLS-ACC,naive,ACC,42,0.0
2,DLS-ACC,naive,ACC,43,0.0
2,DLS-ACC,naive,ACC,44,0.0
2,DLS-ACC,naive,ACC,45,0.67736
2,DLS-ACC,naive,ACC,46,0.789544
2,DLS-ACC,naive,ACC,47,0.020498
2,DLS-ACC,naive,ACC,48,0.0
2,DLS-ACC,naive,ACC,49,0.0
2,DLS-ACC,naive,ACC,50,0.02598
2,DLS-ACC,naive,ACC,51,0.0
2,DLS-ACC,naive,ACC,52,0.069133
2,DLS-ACC,naive,ACC,53,0.0
2,DLS-ACC,intermediate,DLS,0,0.908279
2,DLS-ACC,intermediate,DLS,1,0.467741
2,DLS-ACC,intermediate,DLS,2,0.77713
2,DLS-ACC,intermediate,DLS,3,0.909644
2,DLS-ACC,intermediate,DLS,4,0.954924
2,DLS-ACC,intermediate,DLS,5,0.855014
2,DLS-ACC,intermediate,DLS,6,0.127162
2,DLS-ACC,intermediate,DLS,7,0.549484
2,DLS-ACC,intermediate,DLS,8,0.888239
2,DLS-ACC,intermediate,DLS,9,0.608209
2,DLS-ACC,intermediate,DLS,10,0.773607
2,DLS-ACC,intermediate,DLS,11,0.122705
2,DLS-ACC,intermediate,DLS,12,0.009194
2,DLS-ACC,intermediate,DLS,13,0.071424
2,DLS-ACC,intermediate,DLS,14,0.120804
2,DLS-ACC,intermediate,DLS,15,0.062917
2,DLS-ACC,intermediate,DLS,16,0.376985
2,DLS-ACC,intermediate,DLS,17,0.0
2,DLS-ACC,intermediate,DLS,18,0.755792
2,DLS-ACC,intermediate,DLS,19,0.893316
2,DLS-ACC,intermediate,DLS,20,0.024301
2,DLS-ACC,intermediate,DLS,21,0.7537
2,DLS-ACC,intermediate,DLS,22,0.0
2,DLS-ACC,intermediate,DLS,23,0.903577
2,DLS-ACC,intermediate,DLS,24,0.271064
2,DLS-ACC,intermediate,DLS,25,0.164844
2,DLS-ACC,intermediate,DLS,26,0.017278
2,DLS-ACC,intermediate,DLS,27,0.001751
2,DLS-ACC,intermediate,DLS,28,0.714899
2,DLS-ACC,intermediate,DLS,29,0.0
2,DLS-ACC,intermediate,DLS,30,0.408114
2,DLS-ACC,intermediate,DLS,31,0.605846
2,DLS-ACC,intermediate,DLS,32,0.060909
2,DLS-ACC,intermediate,DLS,33,0.042382
2,DLS-ACC,intermediate,DLS,34,0.155528
2,DLS-ACC,intermediate,DLS,35,0.144402
2,DLS-ACC,intermediate,DLS,36,0.5046
2,DLS-ACC,intermediate,DLS,37,0.72444
2,DLS-ACC,intermediate,DLS,38,0.065836
2,DLS-ACC,intermediate,DLS,39,0.05489
2,DLS-ACC,intermediate,DLS,40,0.845578
2,DLS-ACC,intermediate,DLS,41,0.052962
2,DLS-ACC,intermediate,DLS,42,0.1477
2,DLS-ACC,intermediate,DLS,43,0.567528
2,DLS-ACC,intermediate,DLS,44,0.02892
2,DLS-ACC,intermediate,DLS,45,0.697014
2,DLS-ACC,intermediate,DLS,46,0.79213
2,DLS-ACC,intermediate,DLS,47,0.0
2,DLS-ACC,intermediate,DLS,48,0.188562
2,DLS-ACC,intermediate,DLS,49,0.32977
2,DLS-ACC,intermediate,DLS,50,0.044606
2,DLS-ACC,intermediate,DLS,51,0.032959
2,DLS-ACC,intermediate,DLS,52,0.715853
2,DLS-ACC,intermediate,DLS,53,0.010795
2,DLS-ACC,intermediate,DLS,54,0.041087
2,DLS-ACC,intermediate,DLS,55,0.073682
2,DLS-ACC,intermediate,DLS,56,0.387796
2,DLS-ACC,intermediate,DLS,57,0.208477
2,DLS-ACC,intermediate,DLS,58,0.045598
2,DLS-ACC,intermediate,ACC,0,0.991307
2,DLS-ACC,intermediate,ACC,1,1.097215
2,DLS-ACC,intermediate,ACC,2,0.772668
2,DLS-ACC,intermediate,ACC,3,0.89439
2,DLS-ACC,intermediate,ACC,4,0.948313
2,DLS-ACC,intermediate,ACC,5,1.019423
2,DLS-ACC,intermediate,ACC,6,0.963189
2,DLS-ACC,intermediate,ACC,7,0.127983
2,DLS-ACC,intermediate,ACC,8,0.999463
2,DLS-ACC,intermediate,ACC,9,0.0
2,DLS-ACC,intermediate,ACC,10,0.871421
2,DLS-ACC,intermediate,ACC,11,0.026648
2,DLS-ACC,intermediate,ACC,12,1.305773
2,DLS-ACC,intermediate,ACC,13,1.096787
2,DLS-ACC,intermediate,ACC,14,0.043406
2,DLS-ACC,intermediate,ACC,15,0.0
2,DLS-ACC,intermediate,ACC,16,0.0
2,DLS-ACC,intermediate,ACC,17,0.001761
2,DLS-ACC,intermediate,ACC,18,0.882367
2,DLS-ACC,intermediate,ACC,19,0.024534
2,DLS-ACC,intermediate,ACC,20,0.038574
2,DLS-ACC,intermediate,ACC,21,0.0
2,DLS-ACC,intermediate,ACC,22,0.181145
2,DLS-ACC,intermediate,ACC,23,0.854581
2,DLS-ACC,intermediate,ACC,24,1.382012
2,DLS-ACC,intermediate,ACC,25,0.018247
2,DLS-ACC,intermediate,ACC,26,1.41262
2,DLS-ACC,intermediate,ACC,27,0.0
2,DLS-ACC,intermediate,ACC,28,0.0
2,DLS-ACC,intermediate,ACC,29,0.0
2,DLS-ACC,intermediate,ACC,30,0.0
2,DLS-ACC,intermediate,ACC,31,0.0
2,DLS-ACC,intermediate,ACC,32,1.107964
2,DLS-ACC,intermediate,ACC,33,1.33966
2,DLS-ACC,intermediate,ACC,34,0.0
2,DLS-ACC,intermediate,ACC,35,0.003944
2,DLS-ACC,intermediate,ACC,36,0.012249
2,DLS-ACC,intermediate,ACC,37,0.0
2,DLS-ACC,intermediate,ACC,38,1.024979
2,DLS-ACC,intermediate,ACC,39,0.0
2,DLS-ACC,intermediate,ACC,40,0.0
2,DLS-ACC,intermediate,ACC,41,0.075157
2,DLS-ACC,intermediate,ACC,42,0.0
2,DLS-ACC,intermediate,ACC,43,0.0
2,DLS-ACC,intermediate,ACC,44,0.007124
2,DLS-ACC,intermediate,ACC,45,0.843097
2,DLS-ACC,intermediate,ACC,46,1.08851
2,DLS-ACC,intermediate,ACC,47,0.017017
2,DLS-ACC,intermediate,ACC,48,0.0
2,DLS-ACC,intermediate,ACC,49,0.0
2,DLS-ACC,intermediate,ACC,50,1.193042
2,DLS-ACC,intermediate,ACC,51,0.0
2,DLS-ACC,intermediate,ACC,52,0.008139
2,DLS-ACC,intermediate,ACC,53,0.002369
2,DLS-ACC,expert,DLS,0,0.948782
2,DLS-ACC,expert,DLS,1,0.017341
2,DLS-ACC,expert,DLS,2,0.051501
2,DLS-ACC,expert,DLS,3,1.032473
2,DLS-ACC,expert,DLS,4,0.905433
2,DLS-ACC,expert,DLS,5,0.941367
2,DLS-ACC,expert,DLS,6,0.230594
2,DLS-ACC,expert,DLS,7,0.0
2,DLS-ACC,expert,DLS,8,0.868258
2,DLS-ACC,expert,DLS,9,0.0
2,DLS-ACC,expert,DLS,10,0.733181
2,DLS-ACC,expert,DLS,11,0.934342
2,DLS-ACC,expert,DLS,12,0.02256
2,DLS-ACC,expert,DLS,13,0.0
2,DLS-ACC,expert,DLS,14,0.135721
2,DLS-ACC,expert,DLS,15,0.018837
2,DLS-ACC,expert,DLS,16,0.356556
2,DLS-ACC,expert,DLS,17,0.0
2,DLS-ACC,expert,DLS,18,0.634869
2,DLS-ACC,expert,DLS,19,0.90102
2,DLS-ACC,expert,DLS,20,0.046369
2,DLS-ACC,expert,DLS,21,0.601794
2,DLS-ACC,expert,DLS,22,0.078323
2,DLS-ACC,expert,DLS,23,0.661493
2,DLS-ACC,expert,DLS,24,0.77972
2,DLS-ACC,expert,DLS,25,1.043138
2,DLS-ACC,expert,DLS,26,0.0
2,DLS-ACC,expert,DLS,27,0.058558
2,DLS-ACC,expert,DLS,28,0.019564
2,DLS-ACC,expert,DLS,29,0.0
2,DLS-ACC,expert,DLS,30,0.511145
2,DLS-ACC,expert,DLS,31,0.522972
2,DLS-ACC,expert,DLS,32,0.100858
2,DLS-ACC,expert,DLS,33,0.049748
2,DLS-ACC,expert,DLS,34,0.0
2,DLS-ACC,expert,DLS,35,0.0
2,DLS-ACC,expert,DLS,36,0.068816
2,DLS-ACC,expert,DLS,37,0.022343
2,DLS-ACC,expert,DLS,38,0.214145
2,DLS-ACC,expert,DLS,39,0.976641
2,DLS-ACC,expert,DLS,40,0.91089
2,DLS-ACC,expert,DLS,41,0.031759
2,DLS-ACC,expert,DLS,42,0.516167
2,DLS-ACC,expert,DLS,43,0.854396
2,DLS-ACC,expert,DLS,44,0.021058
2,DLS-ACC,expert,DLS,45,0.626794
2,DLS-ACC,expert,DLS,46,0.781513
2,DLS-ACC,expert,DLS,47,0.021898
2,DLS-ACC,expert,DLS,48,0.082686
2,DLS-ACC,expert,DLS,49,0.843086
2,DLS-ACC,expert,DLS,50,0.99578
2,DLS-ACC,expert,DLS,51,0.04202
2,DLS-ACC,expert,DLS,52,0.149449
2,DLS-ACC,expert,DLS,53,0.062196
2,DLS-ACC,expert,DLS,54,0.120511
2,DLS-ACC,expert,DLS,55,0.103812
2,DLS-ACC,expert,DLS,56,0.069279
2,DLS-ACC,expert,DLS,57,0.044065
2,DLS-ACC,expert,DLS,58,0.189371
2,DLS-ACC,expert,ACC,0,0.928902
2,DLS-ACC,expert,ACC,1,1.139306
2,DLS-ACC,expert,ACC,2,0.883143
2,DLS-ACC,expert,ACC,3,0.925234
2,DLS-ACC,expert,ACC,4,0.563472
2,DLS-ACC,expert,ACC,5,0.07811
2,DLS-ACC,expert,ACC,6,1.155504
2,DLS-ACC,expert,ACC,7,0.385563
2,DLS-ACC,expert,ACC,8,0.885526
2,DLS-ACC,expert,ACC,9,0.0
2,DLS-ACC,expert,ACC,10,0.751488
2,DLS-ACC,expert,ACC,11,0.110461
2,DLS-ACC,expert,ACC,12,1.068183
2,DLS-ACC,expert,ACC,13,1.181214
2,DLS-ACC,expert,ACC,14,1.198008
2,DLS-ACC,expert,ACC,15,0.0
2,DLS-ACC,expert,ACC,16,0.0
2,DLS-ACC,expert,ACC,17,0.0
2,DLS-ACC,expert,ACC,18,0.104112
2,DLS-ACC,expert,ACC,19,0.035025
2,DLS-ACC,expert,ACC,20,0.469502
2,DLS-ACC,expert,ACC,21,1.170764
2,DLS-ACC,expert,ACC,22,1.135235
2,DLS-ACC,expert,ACC,23,0.948487
2,DLS-ACC,expert,ACC,24,1.079663
2,DLS-ACC,expert,ACC,25,0.013711
2,DLS-ACC,expert,ACC,26,0.076912
2,DLS-ACC,expert,ACC,27,0.0
2,DLS-ACC,expert,ACC,28,0.0
2,DLS-ACC,expert,ACC,29,0.0
2,DLS-ACC,expert,ACC,30,0.0
2,DLS-ACC,expert,ACC,31,0.01364
2,DLS-ACC,expert,ACC,32,0.028746
2,DLS-ACC,expert,ACC,33,0.697424
2,DLS-ACC,expert,ACC,34,1.432775
2,DLS-ACC,expert,ACC,35,0.0
2,DLS-ACC,expert,ACC,36,0.043643
2,DLS-ACC,expert,ACC,37,0.0
2,DLS-ACC,expert,ACC,38,1.054052
2,DLS-ACC,expert,ACC,39,0.0
2,DLS-ACC,expert,ACC,40,0.0
2,DLS-ACC,expert,ACC,41,0.131952
2,DLS-ACC,expert,ACC,42,0.0
2,DLS-ACC,expert,ACC,43,0.03866
2,DLS-ACC,expert,ACC,44,0.011795
2,DLS-ACC,expert,ACC,45,1.212351
2,DLS-ACC,expert,ACC,46,0.963294
2,DLS-ACC,expert,ACC,47,0.039001
2,DLS-ACC,expert,ACC,48,0.00485
2,DLS-ACC,expert,ACC,49,0.0
2,DLS-ACC,expert,ACC,50,0.109833
2,DLS-ACC,expert,ACC,51,0.0
2,DLS-ACC,expert,ACC,52,0.0
2,DLS-ACC,expert,ACC,53,1.107257
4,DMS-DLS,naive,DMS,0,1.0399
4,DMS-DLS,naive,DMS,1,0.0
4,DMS-DLS,naive,DMS,2,1.347959
4,DMS-DLS,naive,DMS,3,5.453011
4,DMS-DLS,naive,DMS,4,0.450247
4,DMS-DLS,naive,DMS,5,0.0
4,DMS-DLS,naive,DMS,6,1.044243
4,DMS-DLS,naive,DMS,7,1.089556
4,DMS-DLS,naive,DMS,8,0.46319
4,DMS-DLS,naive,DMS,9,0.758887
4,DMS-DLS,naive,DMS,10,1.867467
4,DMS-DLS,naive,DMS,11,1.171541
4,DMS-DLS,naive,DMS,12,1.637517
4,DMS-DLS,naive,DMS,13,1.136131
4,DMS-DLS,naive,DMS,14,1.346932
4,DMS-DLS,naive,DMS,15,0.718297
4,DMS-DLS,naive,DLS,0,0.023855
4,DMS-DLS,naive,DLS,1,0.025669
4,DMS-DLS,naive,DLS,2,0.036813
4,DMS-DLS,naive,DLS,3,0.086019
4,DMS-DLS,naive,DLS,4,0.701738
4,DMS-DLS,naive,DLS,5,0.080994
4,DMS-DLS,naive,DLS,6,0.076236
4,DMS-DLS,naive,DLS,7,0.094189
4,DMS-DLS,naive,DLS,8,0.535753
4,DMS-DLS,naive,DLS,9,0.097658
4,DMS-DLS,naive,DLS,10,0.042382
4,DMS-DLS,naive,DLS,11,0.041932
4,DMS-DLS,naive,DLS,12,0.595947
4,DMS-DLS,naive,DLS,13,0.206034
4,DMS-DLS,naive,DLS,14,0.549719
4,DMS-DLS,naive,DLS,15,0.506674
4,DMS-DLS,naive,DLS,16,0.21973
4,DMS-DLS,naive,DLS,17,0.085144
4,DMS-DLS,naive,DLS,18,0.067469
4,DMS-DLS,naive,DLS,19,0.177173
4,DMS-DLS,naive,DLS,20,0.027853
4,DMS-DLS,naive,DLS,21,0.060984
4,DMS-DLS,naive,DLS,22,0.064192
4,DMS-DLS,naive,DLS,23,0.163914
4,DMS-DLS,naive,DLS,24,0.845887
4,DMS-DLS,naive,DLS,25,0.043642
4,DMS-DLS,naive,DLS,26,0.084469
4,DMS-DLS,naive,DLS,27,0.014541
4,DMS-DLS,naive,DLS,28,0.450955
4,DMS-DLS,naive,DLS,29,0.01732
4,DMS-DLS,naive,DLS,30,0.048025
4,DMS-DLS,naive,DLS,31,0.440885
4,DMS-DLS,naive,DLS,32,0.498887
4,DMS-DLS,naive,DLS,33,0.0
4,DMS-DLS,naive,DLS,34,0.094339
4,DMS-DLS,naive,DLS,35,0.52823
4,DMS-DLS,naive,DLS,36,0.031837
4,DMS-DLS,naive,DLS,37,0.0
4,DMS-DLS,naive,DLS,38,0.028365
4,DMS-DLS,naive,DLS,39,0.495205
4,DMS-DLS,naive,DLS,40,0.0
4,DMS-DLS,naive,DLS,41,0.0
4,DMS-DLS,naive,DLS,42,0.07785
4,DMS-DLS,naive,DLS,43,0.061381
4,DMS-DLS,naive,DLS,44,0.05812
4,DMS-DLS,naive,DLS,45,0.068139
4,DMS-DLS,naive,DLS,46,0.001395
4,DMS-DLS,naive,DLS,47,0.082522
4,DMS-DLS,naive,DLS,48,0.668986
4,DMS-DLS,naive,DLS,49,0.02881
4,DMS-DLS,naive,DLS,50,0.149391
4,DMS-DLS,naive,DLS,51,0.089316
4,DMS-DLS,naive,DLS,52,0.077882
4,DMS-DLS,naive,DLS,53,0.102472
4,DMS-DLS,naive,DLS,54,0.479839
4,DMS-DLS,naive,DLS,55,0.037585
4,DMS-DLS,naive,DLS,56,0.641578
4,DMS-DLS,naive,DLS,57,0.039086
4,DMS-DLS,naive,DLS,58,0.728724
4,DMS-DLS,naive,DLS,59,0.658933
4,DMS-DLS,naive,DLS,60,0.012227
4,DMS-DLS,naive,DLS,61,0.437144
4,DMS-DLS,naive,DLS,62,0.670279
4,DMS-DLS,naive,DLS,63,0.051346
4,DMS-DLS,naive,DLS,64,0.022199
4,DMS-DLS,naive,DLS,65,0.013831
4,DMS-DLS,naive,DLS,66,0.003265
4,DMS-DLS,naive,DLS,67,0.57813
4,DMS-DLS,naive,DLS,68,0.579607
4,DMS-DLS,naive,DLS,69,0.011271
4,DMS-DLS,naive,DLS,70,0.200149
4,DMS-DLS,naive,DLS,71,0.533831
4,DMS-DLS,naive,DLS,72,0.012345
4,DMS-DLS,naive,DLS,73,0.030731
4,DMS-DLS,naive,DLS,74,0.041293
4,DMS-DLS,naive,DLS,75,0.052768
4,DMS-DLS,intermediate,DMS,0,1.003585
4,DMS-DLS,intermediate,DMS,1,1.378614
4,DMS-DLS,intermediate,DMS,2,1.104725
4,DMS-DLS,intermediate,DMS,3,2.700615
4,DMS-DLS,intermediate,DMS,4,2.098153
4,DMS-DLS,intermediate,DMS,5,0.0
4,DMS-DLS,intermediate,DMS,6,0.990276
4,DMS-DLS,intermediate,DMS,7,0.984299
4,DMS-DLS,intermediate,DMS,8,0.0
4,DMS-DLS,intermediate,DMS,9,0.0
4,DMS-DLS,intermediate,DMS,10,0.0
4,DMS-DLS,intermediate,DMS,11,0.0
4,DMS-DLS,intermediate,DMS,12,1.356436
4,DMS-DLS,intermediate,DMS,13,1.172022
4,DMS-DLS,intermediate,DMS,14,2.597352
4,DMS-DLS,intermediate,DMS,15,0.0
4,DMS-DLS,intermediate,DLS,0,0.05355
4,DMS-DLS,intermediate,DLS,1,0.400757
4,DMS-DLS,intermediate,DLS,2,0.519923
4,DMS-DLS,intermediate,DLS,3,0.056326
4,DMS-DLS,intermediate,DLS,4,0.177494
4,DMS-DLS,intermediate,DLS,5,0.104153
4,DMS-DLS,intermediate,DLS,6,0.485413
4,DMS-DLS,intermediate,DLS,7,0.587236
4,DMS-DLS,intermediate,DLS,8,0.115859
4,DMS-DLS,intermediate,DLS,9,0.102667
4,DMS-DLS,intermediate,DLS,10,0.124015
4,DMS-DLS,intermediate,DLS,11,0.407036
4,DMS-DLS,intermediate,DLS,12,0.440958
4,DMS-DLS,intermediate,DLS,13,0.189754
4,DMS-DLS,intermediate,DLS,14,0.13758
4,DMS-DLS,intermediate,DLS,15,0.142555
4,DMS-DLS,intermediate,DLS,16,0.467388
4,DMS-DLS,intermediate,DLS,17,0.336523
4,DMS-DLS,intermediate,DLS,18,0.081625
4,DMS-DLS,intermediate,DLS,19,0.354488
4,DMS-DLS,intermediate,DLS,20,0.096252
4,DMS-DLS,intermediate,DLS,21,0.05524
4,DMS-DLS,intermediate,DLS,22,0.097784
4,DMS-DLS,intermediate,DLS,23,0.118349
4,DMS-DLS,intermediate,DLS,24,0.088011
4,DMS-DLS,intermediate,DLS,25,0.069942
4,DMS-DLS,intermediate,DLS,26,0.37173
4,DMS-DLS,intermediate,DLS,27,0.061601
4,DMS-DLS,intermediate,DLS,28,0.666598
4,DMS-DLS,intermediate,DLS,29,0.021706
4,DMS-DLS,intermediate,DLS,30,0.110821
4,DMS-DLS,intermediate,DLS,31,0.401594
4,DMS-DLS,intermediate,DLS,32,0.146181
4,DMS-DLS,intermediate,DLS,33,0.339952
4,DMS-DLS,intermediate,DLS,34,0.3103
4,DMS-DLS,intermediate,DLS,35,0.153317
4,DMS-DLS,intermediate,DLS,36,0.009091
4,DMS-DLS,intermediate,DLS,37,0.170643
4,DMS-DLS,intermediate,DLS,38,0.508827
4,DMS-DLS,intermediate,DLS,39,0.034731
4,DMS-DLS,intermediate,DLS,40,0.276296
4,DMS-DLS,intermediate,DLS,41,0.250256
4,DMS-DLS,intermediate,DLS,42,0.357317
4,DMS-DLS,intermediate,DLS,43,0.109539
4,DMS-DLS,intermediate,DLS,44,0.07919
4,DMS-DLS,intermediate,DLS,45,0.437232
4,DMS-DLS,intermediate,DLS,46,0.286146
4,DMS-DLS,intermediate,DLS,47,0.444026
4,DMS-DLS,intermediate,DLS,48,0.055652
4,DMS-DLS,intermediate,DLS,49,0.101426
4,DMS-DLS,intermediate,DLS,50,0.34828
4,DMS-DLS,intermediate,DLS,51,0.213272
4,DMS-DLS,intermediate,DLS,52,0.057705
4,DMS-DLS,intermediate,DLS,53,0.312732
4,DMS-DLS,intermediate,DLS,54,0.045283
4,DMS-DLS,intermediate,DLS,55,0.73049
4,DMS-DLS,intermediate,DLS,56,0.037938
4,DMS-DLS,intermediate,DLS,57,0.24979
4,DMS-DLS,intermediate,DLS,58,0.030677
4,DMS-DLS,intermediate,DLS,59,0.14002
4,DMS-DLS,intermediate,DLS,60,0.060451
4,DMS-DLS,intermediate,DLS,61,0.036618
4,DMS-DLS,intermediate,DLS,62,0.09222
4,DMS-DLS,intermediate,DLS,63,0.056644
4,DMS-DLS,intermediate,DLS,64,0.017726
4,DMS-DLS,intermediate,DLS,65,0.162122
4,DMS-DLS,intermediate,DLS,66,0.322722
4,DMS-DLS,intermediate,DLS,67,0.064855
4,DMS-DLS,intermediate,DLS,68,0.24049
4,DMS-DLS,intermediate,DLS,69,0.118446
4,DMS-DLS,intermediate,DLS,70,0.239024
4,DMS-DLS,intermediate,DLS,71,0.139261
4,DMS-DLS,intermediate,DLS,72,0.056394
4,DMS-DLS,intermediate,DLS,73,0.191528
4,DMS-DLS,intermediate,DLS,74,0.379385
4,DMS-DLS,intermediate,DLS,75,0.05943
4,DMS-DLS,expert,DMS,0,0.904771
4,DMS-DLS,expert,DMS,1,1.295066
4,DMS-DLS,expert,DMS,2,1.143224
4,DMS-DLS,expert,DMS,3,1.831473
4,DMS-DLS,expert,DMS,4,3.256291
4,DMS-DLS,expert,DMS,5,0.0
4,DMS-DLS,expert,DMS,6,0.983713
4,DMS-DLS,expert,DMS,7,1.133074
4,DMS-DLS,expert,DMS,8,0.0
4,DMS-DLS,expert,DMS,9,2.411416
4,DMS-DLS,expert,DMS,10,1.931474
4,DMS-DLS,expert,DMS,11,0.0
4,DMS-DLS,expert,DMS,12,1.04928
4,DMS-DLS,expert,DMS,13,0.932072
4,DMS-DLS,expert,DMS,14,1.555575
4,DMS-DLS,expert,DMS,15,0.0
4,DMS-DLS,expert,DLS,0,0.116092
4,DMS-DLS,expert,DLS,1,0.37192
4,DMS-DLS,expert,DLS,2,0.505284
4,DMS-DLS,expert,DLS,3,0.60651
4,DMS-DLS,expert,DLS,4,0.264378
4,DMS-DLS,expert,DLS,5,0.100697
4,DMS-DLS,expert,DLS,6,0.064394
4,DMS-DLS,expert,DLS,7,0.176668
4,DMS-DLS,expert,DLS,8,0.181326
4,DMS-DLS,expert,DLS,9,0.286006
4,DMS-DLS,expert,DLS,10,0.234074
4,DMS-DLS,expert,DLS,11,0.629336
4,DMS-DLS,expert,DLS,12,0.175454
4,DMS-DLS,expert,DLS,13,0.28285
4,DMS-DLS,expert,DLS,14,0.075141
4,DMS-DLS,expert,DLS,15,0.125811
4,DMS-DLS,expert,DLS,16,0.211851
4,DMS-DLS,expert,DLS,17,0.051347
4,DMS-DLS,expert,DLS,18,0.183181
4,DMS-DLS,expert,DLS,19,0.029954
4,DMS-DLS,expert,DLS,20,0.288204
4,DMS-DLS,expert,DLS,21,0.182435
4,DMS-DLS,expert,DLS,22,0.159423
4,DMS-DLS,expert,DLS,23,0.621975
4,DMS-DLS,expert,DLS,24,0.119084
4,DMS-DLS,expert,DLS,25,0.139839
4,DMS-DLS,expert,DLS,26,0.555044
4,DMS-DLS,expert,DLS,27,0.616677
4,DMS-DLS,expert,DLS,28,0.18262
4,DMS-DLS,expert,DLS,29,0.240959
4,DMS-DLS,expert,DLS,30,0.058507
4,DMS-DLS,expert,DLS,31,0.365376
4,DMS-DLS,expert,DLS,32,0.215332
4,DMS-DLS,expert,DLS,33,0.299521
4,DMS-DLS,expert,DLS,34,0.144499
4,DMS-DLS,expert,DLS,35,0.033966
4,DMS-DLS,expert,DLS,36,0.726064
4,DMS-DLS,expert,DLS,37,0.0
4,DMS-DLS,expert,DLS,38,0.480105
4,DMS-DLS,expert,DLS,39,0.189895
4,DMS-DLS,expert,DLS,40,0.0
4,DMS-DLS,expert,DLS,41,0.46087
4,DMS-DLS,expert,DLS,42,0.040109
4,DMS-DLS,expert,DLS,43,0.206622
4,DMS-DLS,expert,DLS,44,0.184324
4,DMS-DLS,expert,DLS,45,0.434722
4,DMS-DLS,expert,DLS,46,0.053414
4,DMS-DLS,expert,DLS,47,0.518886
4,DMS-DLS,expert,DLS,48,0.049973
4,DMS-DLS,expert,DLS,49,0.176362
4,DMS-DLS,expert,DLS,50,0.239858
4,DMS-DLS,expert,DLS,51,0.448549
4,DMS-DLS,expert,DLS,52,0.047552
4,DMS-DLS,expert,DLS,53,0.500616
4,DMS-DLS,expert,DLS,54,0.235191
4,DMS-DLS,expert,DLS,55,0.686379
4,DMS-DLS,expert,DLS,56,0.294366
4,DMS-DLS,expert,DLS,57,0.12535
4,DMS-DLS,expert,DLS,58,0.061566
4,DMS-DLS,expert,DLS,59,0.179842
4,DMS-DLS,expert,DLS,60,0.685586
4,DMS-DLS,expert,DLS,61,0.056263
4,DMS-DLS,expert,DLS,62,0.019741
4,DMS-DLS,expert,DLS,63,0.398375
4,DMS-DLS,expert,DLS,64,0.096908
4,DMS-DLS,expert,DLS,65,0.044715
4,DMS-DLS,expert,DLS,66,0.082052
4,DMS-DLS,expert,DLS,67,0.03964
4,DMS-DLS,expert,DLS,68,0.295432
4,DMS-DLS,expert,DLS,69,0.061833
4,DMS-DLS,expert,DLS,70,0.385214
4,DMS-DLS,expert,DLS,71,0.195836
4,DMS-DLS,expert,DLS,72,0.521575
4,DMS-DLS,expert,DLS,73,0.481187
4,DMS-DLS,expert,DLS,74,0.368612
4,DMS-DLS,expert,DLS,75,0.11642
4,DMS-ACC,naive,DMS,0,1.046155
4,DMS-ACC,naive,DMS,1,0.0
4,DMS-ACC,naive,DMS,2,1.348597
4,DMS-ACC,naive,DMS,3,5.37146
4,DMS-ACC,naive,DMS,4,0.450484
4,DMS-ACC,naive,DMS,5,0.0
4,DMS-ACC,naive,DMS,6,1.046947
4,DMS-ACC,naive,DMS,7,1.089757
4,DMS-ACC,naive,DMS,8,0.463991
4,DMS-ACC,naive,DMS,9,0.765417
4,DMS-ACC,naive,DMS,10,1.862756
4,DMS-ACC,naive,DMS,11,1.177629
4,DMS-ACC,naive,DMS,12,1.635948
4,DMS-ACC,naive,DMS,13,1.141388
4,DMS-ACC,naive,DMS,14,1.357161
4,DMS-ACC,naive,DMS,15,0.731261
4,DMS-ACC,naive,ACC,0,0.022626
4,DMS-ACC,naive,ACC,1,0.146915
4,DMS-ACC,naive,ACC,2,0.036617
4,DMS-ACC,naive,ACC,3,0.168455
4,DMS-ACC,naive,ACC,4,0.70349
4,DMS-ACC,naive,ACC,5,0.760702
4,DMS-ACC,naive,ACC,6,0.584481
4,DMS-ACC,naive,ACC,7,0.127564
4,DMS-ACC,naive,ACC,8,0.39791
4,DMS-ACC,naive,ACC,9,0.776961
4,DMS-ACC,naive,ACC,10,0.226141
4,DMS-ACC,naive,ACC,11,0.309284
4,DMS-ACC,naive,ACC,12,0.698141
4,DMS-ACC,naive,ACC,13,0.249769
4,DMS-ACC,naive,ACC,14,0.729643
4,DMS-ACC,naive,ACC,15,0.07121
4,DMS-ACC,naive,ACC,16,0.601393
4,DMS-ACC,naive,ACC,17,0.797968
4,DMS-ACC,naive,ACC,18,0.809461
4,DMS-ACC,naive,ACC,19,0.721657
4,DMS-ACC,naive,ACC,20,0.133547
4,DMS-ACC,naive,ACC,21,0.10675
4,DMS-ACC,naive,ACC,22,0.444185
4,DMS-ACC,naive,ACC,23,0.092553
4,DMS-ACC,naive,ACC,24,0.920795
4,DMS-ACC,naive,ACC,25,0.172858
4,DMS-ACC,naive,ACC,26,0.011956
4,DMS-ACC,naive,ACC,27,0.702491
4,DMS-ACC,naive,ACC,28,0.160961
4,DMS-ACC,naive,ACC,29,0.614684
4,DMS-ACC,naive,ACC,30,0.16909
4,DMS-ACC,naive,ACC,31,0.132225
4,DMS-ACC,naive,ACC,32,0.595465
4,DMS-ACC,naive,ACC,33,0.008421
4,DMS-ACC,naive,ACC,34,0.140623
4,DMS-ACC,naive,ACC,35,0.081628
4,DMS-ACC,naive,ACC,36,0.588857
4,DMS-ACC,naive,ACC,37,0.640812
4,DMS-ACC,naive,ACC,38,0.110891
4,DMS-ACC,naive,ACC,39,0.110157
4,DMS-ACC,naive,ACC,40,0.67816
4,DMS-ACC,naive,ACC,41,0.014956
4,DMS-ACC,naive,ACC,42,0.021001
4,DMS-ACC,naive,ACC,43,0.428667
4,DMS-ACC,naive,ACC,44,0.014546
4,DMS-ACC,naive,ACC,45,0.051377
4,DMS-ACC,naive,ACC,46,0.003833
4,DMS-ACC,naive,ACC,47,0.474313
4,DMS-ACC,naive,ACC,48,0.0
4,DMS-ACC,naive,ACC,49,0.258681
4,DMS-ACC,naive,ACC,50,0.751055
4,DMS-ACC,intermediate,DMS,0,1.004312
4,DMS-ACC,intermediate,DMS,1,1.379809
4,DMS-ACC,intermediate,DMS,2,1.105979
4,DMS-ACC,intermediate,DMS,3,2.69868
4,DMS-ACC,intermediate,DMS,4,2.096116
4,DMS-ACC,intermediate,DMS,5,0.0
4,DMS-ACC,intermediate,DMS,6,0.989443
4,DMS-ACC,intermediate,DMS,7,0.981078
4,DMS-ACC,intermediate,DMS,8,0.0
4,DMS-ACC,intermediate,DMS,9,0.0
4,DMS-ACC,intermediate,DMS,10,0.0
4,DMS-ACC,intermediate,DMS,11,0.0
4,DMS-ACC,intermediate,DMS,12,1.354404
4,DMS-ACC,intermediate,DMS,13,1.163638
4,DMS-ACC,intermediate,DMS,14,2.600062
4,DMS-ACC,intermediate,DMS,15,0.0
4,DMS-ACC,intermediate,ACC,0,0.076077
4,DMS-ACC,intermediate,ACC,1,0.692374
4,DMS-ACC,intermediate,ACC,2,0.764181
4,DMS-ACC,intermediate,ACC,3,0.327065
4,DMS-ACC,intermediate,ACC,4,0.930073
4,DMS-ACC,intermediate,ACC,5,0.336893
4,DMS-ACC,intermediate,ACC,6,0.140936
4,DMS-ACC,intermediate,ACC,7,0.100656
4,DMS-ACC,intermediate,ACC,8,0.031049
4,DMS-ACC,intermediate,ACC,9,0.044832
4,DMS-ACC,intermediate,ACC,10,0.523203
4,DMS-ACC,intermediate,ACC,11,0.367885
4,DMS-ACC,intermediate,ACC,12,0.249434
4,DMS-ACC,intermediate,ACC,13,0.373995
4,DMS-ACC,intermediate,ACC,14,0.504087
4,DMS-ACC,intermediate,ACC,15,0.752273
4,DMS-ACC,intermediate,ACC,16,0.547491
4,DMS-ACC,intermediate,ACC,17,0.269485
4,DMS-ACC,intermediate,ACC,18,0.629556
4,DMS-ACC,intermediate,ACC,19,0.489408
4,DMS-ACC,intermediate,ACC,20,0.47076
4,DMS-ACC,intermediate,ACC,21,0.29025
4,DMS-ACC,intermediate,ACC,22,0.313157
4,DMS-ACC,intermediate,ACC,23,0.07473
4,DMS-ACC,intermediate,ACC,24,0.029671
4,DMS-ACC,intermediate,ACC,25,0.108756
4,DMS-ACC,intermediate,ACC,26,0.579812
4,DMS-ACC,intermediate,ACC,27,0.318623
4,DMS-ACC,intermediate,ACC,28,0.839526
4,DMS-ACC,intermediate,ACC,29,0.095471
4,DMS-ACC,intermediate,ACC,30,0.442747
4,DMS-ACC,intermediate,ACC,31,0.31283
4,DMS-ACC,intermediate,ACC,32,0.067793
4,DMS-ACC,intermediate,ACC,33,0.030281
4,DMS-ACC,intermediate,ACC,34,0.454507
4,DMS-ACC,intermediate,ACC,35,0.048893
4,DMS-ACC,intermediate,ACC,36,0.038399
4,DMS-ACC,intermediate,ACC,37,0.747397
4,DMS-ACC,intermediate,ACC,38,0.094438
4,DMS-ACC,intermediate,ACC,39,0.693157
4,DMS-ACC,intermediate,ACC,40,0.04972
4,DMS-ACC,intermediate,ACC,41,0.49991
4,DMS-ACC,intermediate,ACC,42,0.250474
4,DMS-ACC,intermediate,ACC,43,0.0
4,DMS-ACC,intermediate,ACC,44,0.086458
4,DMS-ACC,intermediate,ACC,45,0.56112
4,DMS-ACC,intermediate,ACC,46,0.024704
4,DMS-ACC,intermediate,ACC,47,0.497425
4,DMS-ACC,intermediate,ACC,48,0.0
4,DMS-ACC,intermediate,ACC,49,0.520007
4,DMS-ACC,intermediate,ACC,50,0.088372
4,DMS-ACC,expert,DMS,0,0.905875
4,DMS-ACC,expert,DMS,1,1.291071
4,DMS-ACC,expert,DMS,2,1.142452
4,DMS-ACC,expert,DMS,3,1.833609
4,DMS-ACC,expert,DMS,4,3.284372
4,DMS-ACC,expert,DMS,5,0.0
4,DMS-ACC,expert,DMS,6,0.985191
4,DMS-ACC,expert,DMS,7,1.129343
4,DMS-ACC,expert,DMS,8,0.0
4,DMS-ACC,expert,DMS,9,2.408289
4,DMS-ACC,expert,DMS,10,1.943378
4,DMS-ACC,expert,DMS,11,0.0
4,DMS-ACC,expert,DMS,12,1.051888
4,DMS-ACC,expert,DMS,13,0.941847
4,DMS-ACC,expert,DMS,14,1.560214
4,DMS-ACC,expert,DMS,15,0.0
4,DMS-ACC,expert,ACC,0,0.160974
4,DMS-ACC,expert,ACC,1,0.46849
4,DMS-ACC,expert,ACC,2,0.806247
4,DMS-ACC,expert,ACC,3,0.504435
4,DMS-ACC,expert,ACC,4,0.699254
4,DMS-ACC,expert,ACC,5,0.39783
4,DMS-ACC,expert,ACC,6,0.141766
4,DMS-ACC,expert,ACC,7,0.446134
4,DMS-ACC,expert,ACC,8,0.079734
4,DMS-ACC,expert,ACC,9,0.600138
4,DMS-ACC,expert,ACC,10,0.605172
4,DMS-ACC,expert,ACC,11,0.536689
4,DMS-ACC,expert,ACC,12,0.135987
4,DMS-ACC,expert,ACC,13,0.105286
4,DMS-ACC,expert,ACC,14,0.751241
4,DMS-ACC,expert,ACC,15,0.248276
4,DMS-ACC,expert,ACC,16,0.439779
4,DMS-ACC,expert,ACC,17,0.464223
4,DMS-ACC,expert,ACC,18,0.111232
4,DMS-ACC,expert,ACC,19,0.110215
4,DMS-ACC,expert,ACC,20,0.093505
4,DMS-ACC,expert,ACC,21,0.14828
4,DMS-ACC,expert,ACC,22,0.185926
4,DMS-ACC,expert,ACC,23,0.152385
4,DMS-ACC,expert,ACC,24,0.375585
4,DMS-ACC,expert,ACC,25,0.227812
4,DMS-ACC,expert,ACC,26,0.685979
4,DMS-ACC,expert,ACC,27,0.143624
4,DMS-ACC,expert,ACC,28,0.135454
4,DMS-ACC,expert,ACC,29,0.035468
4,DMS-ACC,expert,ACC,30,0.457149
4,DMS-ACC,expert,ACC,31,0.174407
4,DMS-ACC,expert,ACC,32,0.072079
4,DMS-ACC,expert,ACC,33,0.55609
4,DMS-ACC,expert,ACC,34,0.404218
4,DMS-ACC,expert,ACC,35,0.153533
4,DMS-ACC,expert,ACC,36,0.032431
4,DMS-ACC,expert,ACC,37,0.658723
4,DMS-ACC,expert,ACC,38,0.767188
4,DMS-ACC,expert,ACC,39,0.411516
4,DMS-ACC,expert,ACC,40,0.136074
4,DMS-ACC,expert,ACC,41,0.834744
4,DMS-ACC,expert,ACC,42,0.698048
4,DMS-ACC,expert,ACC,43,0.0
4,DMS-ACC,expert,ACC,44,0.356762
4,DMS-ACC,expert,ACC,45,0.641771
4,DMS-ACC,expert,ACC,46,0.375306
4,DMS-ACC,expert,ACC,47,0.350895
4,DMS-ACC,expert,ACC,48,0.205943
4,DMS-ACC,expert,ACC,49,0.174376
4,DMS-ACC,expert,ACC,50,0.107492
4,DLS-ACC,naive,DLS,0,0.026365
4,DLS-ACC,naive,DLS,1,0.029374
4,DLS-ACC,naive,DLS,2,0.040002
4,DLS-ACC,naive,DLS,3,0.09294
4,DLS-ACC,naive,DLS,4,0.780371
4,DLS-ACC,naive,DLS,5,0.092613
4,DLS-ACC,naive,DLS,6,0.081581
4,DLS-ACC,naive,DLS,7,0.134775
4,DLS-ACC,naive,DLS,8,0.74236
4,DLS-ACC,naive,DLS,9,0.100828
4,DLS-ACC,naive,DLS,10,0.047998
4,DLS-ACC,naive,DLS,11,0.048719
4,DLS-ACC,naive,DLS,12,0.759221
4,DLS-ACC,naive,DLS,13,0.210454
4,DLS-ACC,naive,DLS,14,0.632024
4,DLS-ACC,naive,DLS,15,0.677494
4,DLS-ACC,naive,DLS,16,0.230911
4,DLS-ACC,naive,DLS,17,0.102147
4,DLS-ACC,naive,DLS,18,0.079735
4,DLS-ACC,naive,DLS,19,0.210042
4,DLS-ACC,naive,DLS,20,0.051255
4,DLS-ACC,naive,DLS,21,0.062395
4,DLS-ACC,naive,DLS,22,0.069495
4,DLS-ACC,naive,DLS,23,0.174378
4,DLS-ACC,naive,DLS,24,0.853742
4,DLS-ACC,naive,DLS,25,0.054574
4,DLS-ACC,naive,DLS,26,0.096704
4,DLS-ACC,naive,DLS,27,0.016141
4,DLS-ACC,naive,DLS,28,0.501253
4,DLS-ACC,naive,DLS,29,0.018673
4,DLS-ACC,naive,DLS,30,0.051971
4,DLS-ACC,naive,DLS,31,0.458668
4,DLS-ACC,naive,DLS,32,0.510523
4,DLS-ACC,naive,DLS,33,0.0
4,DLS-ACC,naive,DLS,34,0.095789
4,DLS-ACC,naive,DLS,35,0.630982
4,DLS-ACC,naive,DLS,36,0.034383
4,DLS-ACC,naive,DLS,37,0.0
4,DLS-ACC,naive,DLS,38,0.03195
4,DLS-ACC,naive,DLS,39,0.76584
4,DLS-ACC,naive,DLS,40,0.0
4,DLS-ACC,naive,DLS,41,0.0
4,DLS-ACC,naive,DLS,42,0.085128
4,DLS-ACC,naive,DLS,43,0.070034
4,DLS-ACC,naive,DLS,44,0.065461
4,DLS-ACC,naive,DLS,45,0.092776
4,DLS-ACC,naive,DLS,46,0.00168
4,DLS-ACC,naive,DLS,47,0.094103
4,DLS-ACC,naive,DLS,48,0.722764
4,DLS-ACC,naive,DLS,49,0.034524
4,DLS-ACC,naive,DLS,50,0.156286
4,DLS-ACC,naive,DLS,51,0.115969
4,DLS-ACC,naive,DLS,52,0.084441
4,DLS-ACC,naive,DLS,53,0.113242
4,DLS-ACC,naive,DLS,54,0.549335
4,DLS-ACC,naive,DLS,55,0.038147
4,DLS-ACC,naive,DLS,56,0.688064
4,DLS-ACC,naive,DLS,57,0.03997
4,DLS-ACC,naive,DLS,58,0.853152
4,DLS-ACC,naive,DLS,59,0.671517
4,DLS-ACC,naive,DLS,60,0.011667
4,DLS-ACC,naive,DLS,61,0.634891
4,DLS-ACC,naive,DLS,62,0.751816
4,DLS-ACC,naive,DLS,63,0.059002
4,DLS-ACC,naive,DLS,64,0.022915
4,DLS-ACC,naive,DLS,65,0.014377
4,DLS-ACC,naive,DLS,66,0.003281
4,DLS-ACC,naive,DLS,67,0.712791
4,DLS-ACC,naive,DLS,68,0.654873
4,DLS-ACC,naive,DLS,69,0.012203
4,DLS-ACC,naive,DLS,70,0.753435
4,DLS-ACC,naive,DLS,71,0.694381
4,DLS-ACC,naive,DLS,72,0.013806
4,DLS-ACC,naive,DLS,73,0.033402
4,DLS-ACC,naive,DLS,74,0.045398
4,DLS-ACC,naive,DLS,75,0.070618
4,DLS-ACC,naive,ACC,0,0.024
4,DLS-ACC,naive,ACC,1,0.187103
4,DLS-ACC,naive,ACC,2,0.052558
4,DLS-ACC,naive,ACC,3,0.170591
4,DLS-ACC,naive,ACC,4,0.884209
4,DLS-ACC,naive,ACC,5,0.856699
4,DLS-ACC,naive,ACC,6,0.71834
4,DLS-ACC,naive,ACC,7,0.138758
4,DLS-ACC,naive,ACC,8,0.61713
4,DLS-ACC,naive,ACC,9,0.86076
4,DLS-ACC,naive,ACC,10,0.245433
4,DLS-ACC,naive,ACC,11,0.32102
4,DLS-ACC,naive,ACC,12,0.826261
4,DLS-ACC,naive,ACC,13,0.297599
4,DLS-ACC,naive,ACC,14,0.856771
4,DLS-ACC,naive,ACC,15,0.089031
4,DLS-ACC,naive,ACC,16,0.872425
4,DLS-ACC,naive,ACC,17,0.838194
4,DLS-ACC,naive,ACC,18,0.914932
4,DLS-ACC,naive,ACC,19,0.872886
4,DLS-ACC,naive,ACC,20,0.164709
4,DLS-ACC,naive,ACC,21,0.107053
4,DLS-ACC,naive,ACC,22,0.470827
4,DLS-ACC,naive,ACC,23,0.095908
4,DLS-ACC,naive,ACC,24,0.9334
4,DLS-ACC,naive,ACC,25,0.194612
4,DLS-ACC,naive,ACC,26,0.017013
4,DLS-ACC,naive,ACC,27,0.847381
4,DLS-ACC,naive,ACC,28,0.216581
4,DLS-ACC,naive,ACC,29,0.708058
4,DLS-ACC,naive,ACC,30,0.207689
4,DLS-ACC,naive,ACC,31,0.156822
4,DLS-ACC,naive,ACC,32,0.720008
4,DLS-ACC,naive,ACC,33,0.012329
4,DLS-ACC,naive,ACC,34,0.145564
4,DLS-ACC,naive,ACC,35,0.102734
4,DLS-ACC,naive,ACC,36,0.733374
4,DLS-ACC,naive,ACC,37,0.866744
4,DLS-ACC,naive,ACC,38,0.130723
4,DLS-ACC,naive,ACC,39,0.160432
4,DLS-ACC,naive,ACC,40,0.836087
4,DLS-ACC,naive,ACC,41,0.020229
4,DLS-ACC,naive,ACC,42,0.023703
4,DLS-ACC,naive,ACC,43,0.664674
4,DLS-ACC,naive,ACC,44,0.019898
4,DLS-ACC,naive,ACC,45,0.060714
4,DLS-ACC,naive,ACC,46,0.004341
4,DLS-ACC,naive,ACC,47,0.493191
4,DLS-ACC,naive,ACC,48,0.0
4,DLS-ACC,naive,ACC,49,0.30519
4,DLS-ACC,naive,ACC,50,0.825374
4,DLS-ACC,intermediate,DLS,0,0.094439
4,DLS-ACC,intermediate,DLS,1,0.455927
4,DLS-ACC,intermediate,DLS,2,0.589449
4,DLS-ACC,intermediate,DLS,3,0.081357
4,DLS-ACC,intermediate,DLS,4,0.198023
4,DLS-ACC,intermediate,DLS,5,0.129045
4,DLS-ACC,intermediate,DLS,6,0.756535
4,DLS-ACC,intermediate,DLS,7,0.64137
4,DLS-ACC,intermediate,DLS,8,0.161118
4,DLS-ACC,intermediate,DLS,9,0.122656
4,DLS-ACC,intermediate,DLS,10,0.175702
4,DLS-ACC,intermediate,DLS,11,0.49824
4,DLS-ACC,intermediate,DLS,12,0.442907
4,DLS-ACC,intermediate,DLS,13,0.367243
4,DLS-ACC,intermediate,DLS,14,0.149932
4,DLS-ACC,intermediate,DLS,15,0.16156
4,DLS-ACC,intermediate,DLS,16,0.532719
4,DLS-ACC,intermediate,DLS,17,0.771006
4,DLS-ACC,intermediate,DLS,18,0.098419
4,DLS-ACC,intermediate,DLS,19,0.596964
4,DLS-ACC,intermediate,DLS,20,0.106184
4,DLS-ACC,intermediate,DLS,21,0.06778
4,DLS-ACC,intermediate,DLS,22,0.106614
4,DLS-ACC,intermediate,DLS,23,0.143347
4,DLS-ACC,intermediate,DLS,24,0.108304
4,DLS-ACC,intermediate,DLS,25,0.096115
4,DLS-ACC,intermediate,DLS,26,0.437219
4,DLS-ACC,intermediate,DLS,27,0.077267
4,DLS-ACC,intermediate,DLS,28,0.677931
4,DLS-ACC,intermediate,DLS,29,0.037382
4,DLS-ACC,intermediate,DLS,30,0.132249
4,DLS-ACC,intermediate,DLS,31,0.62956
4,DLS-ACC,intermediate,DLS,32,0.171937
4,DLS-ACC,intermediate,DLS,33,0.567208
4,DLS-ACC,intermediate,DLS,34,0.395645
4,DLS-ACC,intermediate,DLS,35,0.218974
4,DLS-ACC,intermediate,DLS,36,0.008157
4,DLS-ACC,intermediate,DLS,37,0.45295
4,DLS-ACC,intermediate,DLS,38,0.76981
4,DLS-ACC,intermediate,DLS,39,0.044604
4,DLS-ACC,intermediate,DLS,40,0.496852
4,DLS-ACC,intermediate,DLS,41,0.732897
4,DLS-ACC,intermediate,DLS,42,0.454104
4,DLS-ACC,intermediate,DLS,43,0.140099
4,DLS-ACC,intermediate,DLS,44,0.1087
4,DLS-ACC,intermediate,DLS,45,0.77909
4,DLS-ACC,intermediate,DLS,46,0.274723
4,DLS-ACC,intermediate,DLS,47,0.49696
4,DLS-ACC,intermediate,DLS,48,0.060403
4,DLS-ACC,intermediate,DLS,49,0.111915
4,DLS-ACC,intermediate,DLS,50,0.322606
4,DLS-ACC,intermediate,DLS,51,0.289081
4,DLS-ACC,intermediate,DLS,52,0.083479
4,DLS-ACC,intermediate,DLS,53,0.33844
4,DLS-ACC,intermediate,DLS,54,0.054619
4,DLS-ACC,intermediate,DLS,55,0.768383
4,DLS-ACC,intermediate,DLS,56,0.059269
4,DLS-ACC,intermediate,DLS,57,0.27513
4,DLS-ACC,intermediate,DLS,58,0.037329
4,DLS-ACC,intermediate,DLS,59,0.145359
4,DLS-ACC,intermediate,DLS,60,0.095811
4,DLS-ACC,intermediate,DLS,61,0.059593
4,DLS-ACC,intermediate,DLS,62,0.113214
4,DLS-ACC,intermediate,DLS,63,0.068836
4,DLS-ACC,intermediate,DLS,64,0.02663
4,DLS-ACC,intermediate,DLS,65,0.26354
4,DLS-ACC,intermediate,DLS,66,0.564779
4,DLS-ACC,intermediate,DLS,67,0.084029
4,DLS-ACC,intermediate,DLS,68,0.23838
4,DLS-ACC,intermediate,DLS,69,0.16577
4,DLS-ACC,intermediate,DLS,70,0.268396
4,DLS-ACC,intermediate,DLS,71,0.254989
4,DLS-ACC,intermediate,DLS,72,0.073184
4,DLS-ACC,intermediate,DLS,73,0.22876
4,DLS-ACC,intermediate,DLS,74,0.580553
4,DLS-ACC,intermediate,DLS,75,0.080709
4,DLS-ACC,intermediate,ACC,0,0.135274
4,DLS-ACC,intermediate,ACC,1,0.902459
4,DLS-ACC,intermediate,ACC,2,0.953178
4,DLS-ACC,intermediate,ACC,3,0.519256
4,DLS-ACC,intermediate,ACC,4,0.937394
4,DLS-ACC,intermediate,ACC,5,0.377239
4,DLS-ACC,intermediate,ACC,6,0.22865
4,DLS-ACC,intermediate,ACC,7,0.154776
4,DLS-ACC,intermediate,ACC,8,0.063081
4,DLS-ACC,intermediate,ACC,9,0.082319
4,DLS-ACC,intermediate,ACC,10,0.845905
4,DLS-ACC,intermediate,ACC,11,0.642101
4,DLS-ACC,intermediate,ACC,12,0.362942
4,DLS-ACC,intermediate,ACC,13,0.593061
4,DLS-ACC,intermediate,ACC,14,0.875634
4,DLS-ACC,intermediate,ACC,15,0.88352
4,DLS-ACC,intermediate,ACC,16,0.908585
4,DLS-ACC,intermediate,ACC,17,0.562125
4,DLS-ACC,intermediate,ACC,18,0.93078
4,DLS-ACC,intermediate,ACC,19,0.90114
4,DLS-ACC,intermediate,ACC,20,0.774417
4,DLS-ACC,intermediate,ACC,21,0.290776
4,DLS-ACC,intermediate,ACC,22,0.420749
4,DLS-ACC,intermediate,ACC,23,0.095574
4,DLS-ACC,intermediate,ACC,24,0.030195
4,DLS-ACC,intermediate,ACC,25,0.128824
4,DLS-ACC,intermediate,ACC,26,0.849767
4,DLS-ACC,intermediate,ACC,27,0.406631
4,DLS-ACC,intermediate,ACC,28,0.863267
4,DLS-ACC,intermediate,ACC,29,0.108694
4,DLS-ACC,intermediate,ACC,30,0.689146
4,DLS-ACC,intermediate,ACC,31,0.452139
4,DLS-ACC,intermediate,ACC,32,0.078184
4,DLS-ACC,intermediate,ACC,33,0.034096
4,DLS-ACC,intermediate,ACC,34,0.72563
4,DLS-ACC,intermediate,ACC,35,0.063373
4,DLS-ACC,intermediate,ACC,36,0.046787
4,DLS-ACC,intermediate,ACC,37,0.920902
4,DLS-ACC,intermediate,ACC,38,0.129637
4,DLS-ACC,intermediate,ACC,39,0.930207
4,DLS-ACC,intermediate,ACC,40,0.067424
4,DLS-ACC,intermediate,ACC,41,0.903081
4,DLS-ACC,intermediate,ACC,42,0.861497
4,DLS-ACC,intermediate,ACC,43,0.0
4,DLS-ACC,intermediate,ACC,44,0.137639
4,DLS-ACC,intermediate,ACC,45,0.761689
4,DLS-ACC,intermediate,ACC,46,0.034095
4,DLS-ACC,intermediate,ACC,47,0.538401
4,DLS-ACC,intermediate,ACC,48,0.0
4,DLS-ACC,intermediate,ACC,49,0.617732
4,DLS-ACC,intermediate,ACC,50,0.152962
4,DLS-ACC,expert,DLS,0,0.128393
4,DLS-ACC,expert,DLS,1,0.43407
4,DLS-ACC,expert,DLS,2,0.594862
4,DLS-ACC,expert,DLS,3,0.672912
4,DLS-ACC,expert,DLS,4,0.280015
4,DLS-ACC,expert,DLS,5,0.117827
4,DLS-ACC,expert,DLS,6,0.066759
4,DLS-ACC,expert,DLS,7,0.200537
4,DLS-ACC,expert,DLS,8,0.217035
4,DLS-ACC,expert,DLS,9,0.290249
4,DLS-ACC,expert,DLS,10,0.243506
4,DLS-ACC,expert,DLS,11,0.698379
4,DLS-ACC,expert,DLS,12,0.205093
4,DLS-ACC,expert,DLS,13,0.348229
4,DLS-ACC,expert,DLS,14,0.083085
4,DLS-ACC,expert,DLS,15,0.152936
4,DLS-ACC,expert,DLS,16,0.276338
4,DLS-ACC,expert,DLS,17,0.079812
4,DLS-ACC,expert,DLS,18,0.187178
4,DLS-ACC,expert,DLS,19,0.043192
4,DLS-ACC,expert,DLS,20,0.31231
4,DLS-ACC,expert,DLS,21,0.183111
4,DLS-ACC,expert,DLS,22,0.161789
4,DLS-ACC,expert,DLS,23,0.68683
4,DLS-ACC,expert,DLS,24,0.151831
4,DLS-ACC,expert,DLS,25,0.154681
4,DLS-ACC,expert,DLS,26,0.631793
4,DLS-ACC,expert,DLS,27,0.686496
4,DLS-ACC,expert,DLS,28,0.202514
4,DLS-ACC,expert,DLS,29,0.622731
4,DLS-ACC,expert,DLS,30,0.064939
4,DLS-ACC,expert,DLS,31,0.444415
4,DLS-ACC,expert,DLS,32,0.269841
4,DLS-ACC,expert,DLS,33,0.709979
4,DLS-ACC,expert,DLS,34,0.149758
4,DLS-ACC,expert,DLS,35,0.046397
4,DLS-ACC,expert,DLS,36,0.739083
4,DLS-ACC,expert,DLS,37,0.0
4,DLS-ACC,expert,DLS,38,0.801566
4,DLS-ACC,expert,DLS,39,0.200065
4,DLS-ACC,expert,DLS,40,0.0
4,DLS-ACC,expert,DLS,41,0.810167
4,DLS-ACC,expert,DLS,42,0.058579
4,DLS-ACC,expert,DLS,43,0.237602
4,DLS-ACC,expert,DLS,44,0.210728
4,DLS-ACC,expert,DLS,45,0.740064
4,DLS-ACC,expert,DLS,46,0.074425
4,DLS-ACC,expert,DLS,47,0.531259
4,DLS-ACC,expert,DLS,48,0.05848
4,DLS-ACC,expert,DLS,49,0.194062
4,DLS-ACC,expert,DLS,50,0.236614
4,DLS-ACC,expert,DLS,51,0.615127
4,DLS-ACC,expert,DLS,52,0.069189
4,DLS-ACC,expert,DLS,53,0.542905
4,DLS-ACC,expert,DLS,54,0.262908
4,DLS-ACC,expert,DLS,55,0.805028
4,DLS-ACC,expert,DLS,56,0.340157
4,DLS-ACC,expert,DLS,57,0.151016
4,DLS-ACC,expert,DLS,58,0.077704
4,DLS-ACC,expert,DLS,59,0.188732
4,DLS-ACC,expert,DLS,60,0.689138
4,DLS-ACC,expert,DLS,61,0.071549
4,DLS-ACC,expert,DLS,62,0.03006
4,DLS-ACC,expert,DLS,63,0.414897
4,DLS-ACC,expert,DLS,64,0.114119
4,DLS-ACC,expert,DLS,65,0.049097
4,DLS-ACC,expert,DLS,66,0.097551
4,DLS-ACC,expert,DLS,67,0.045245
4,DLS-ACC,expert,DLS,68,0.309911
4,DLS-ACC,expert,DLS,69,0.066673
4,DLS-ACC,expert,DLS,70,0.694657
4,DLS-ACC,expert,DLS,71,0.197625
4,DLS-ACC,expert,DLS,72,0.769321
4,DLS-ACC,expert,DLS,73,0.502531
4,DLS-ACC,expert,DLS,74,0.706557
4,DLS-ACC,expert,DLS,75,0.179811
4,DLS-ACC,expert,ACC,0,0.17307
4,DLS-ACC,expert,ACC,1,0.857311
4,DLS-ACC,expert,ACC,2,0.864059
4,DLS-ACC,expert,ACC,3,0.589156
4,DLS-ACC,expert,ACC,4,0.803358
4,DLS-ACC,expert,ACC,5,0.450484
4,DLS-ACC,expert,ACC,6,0.151055
4,DLS-ACC,expert,ACC,7,0.843819
4,DLS-ACC,expert,ACC,8,0.102716
4,DLS-ACC,expert,ACC,9,0.821746
4,DLS-ACC,expert,ACC,10,0.799438
4,DLS-ACC,expert,ACC,11,0.579788
4,DLS-ACC,expert,ACC,12,0.156389
4,DLS-ACC,expert,ACC,13,0.116962
4,DLS-ACC,expert,ACC,14,0.766621
4,DLS-ACC,expert,ACC,15,0.26387
4,DLS-ACC,expert,ACC,16,0.562978
4,DLS-ACC,expert,ACC,17,0.817547
4,DLS-ACC,expert,ACC,18,0.134655
4,DLS-ACC,expert,ACC,19,0.136697
4,DLS-ACC,expert,ACC,20,0.126726
4,DLS-ACC,expert,ACC,21,0.200411
4,DLS-ACC,expert,ACC,22,0.228098
4,DLS-ACC,expert,ACC,23,0.195256
4,DLS-ACC,expert,ACC,24,0.370128
4,DLS-ACC,expert,ACC,25,0.248292
4,DLS-ACC,expert,ACC,26,0.757626
4,DLS-ACC,expert,ACC,27,0.166852
4,DLS-ACC,expert,ACC,28,0.175853
4,DLS-ACC,expert,ACC,29,0.042522
4,DLS-ACC,expert,ACC,30,0.573973
4,DLS-ACC,expert,ACC,31,0.221934
4,DLS-ACC,expert,ACC,32,0.11993
4,DLS-ACC,expert,ACC,33,0.809314
4,DLS-ACC,expert,ACC,34,0.475099
4,DLS-ACC,expert,ACC,35,0.162515
4,DLS-ACC,expert,ACC,36,0.035244
4,DLS-ACC,expert,ACC,37,0.799164
4,DLS-ACC,expert,ACC,38,0.828217
4,DLS-ACC,expert,ACC,39,0.506623
4,DLS-ACC,expert,ACC,40,0.175401
4,DLS-ACC,expert,ACC,41,0.874053
4,DLS-ACC,expert,ACC,42,0.849869
4,DLS-ACC,expert,ACC,43,0.0
4,DLS-ACC,expert,ACC,44,0.781409
4,DLS-ACC,expert,ACC,45,0.761088
4,DLS-ACC,expert,ACC,46,0.507404
4,DLS-ACC,expert,ACC,47,0.362244
4,DLS-ACC,expert,ACC,48,0.888842
4,DLS-ACC,expert,ACC,49,0.235153
4,DLS-ACC,expert,ACC,50,0.164077
5,DMS-DLS,naive,DMS,0,0.645523
5,DMS-DLS,naive,DMS,1,0.053576
5,DMS-DLS,naive,DMS,2,0.68956
5,DMS-DLS,naive,DMS,3,0.068923
5,DMS-DLS,naive,DMS,4,0.623862
5,DMS-DLS,naive,DMS,5,0.609062
5,DMS-DLS,naive,DMS,6,0.055635
5,DMS-DLS,naive,DMS,7,0.622112
5,DMS-DLS,naive,DMS,8,0.245407
5,DMS-DLS,naive,DMS,9,0.796899
5,DMS-DLS,naive,DMS,10,0.0
5,DMS-DLS,naive,DMS,11,0.028812
5,DMS-DLS,naive,DMS,12,0.089771
5,DMS-DLS,naive,DMS,13,0.04536
5,DMS-DLS,naive,DMS,14,0.747594
5,DMS-DLS,naive,DMS,15,0.786743
5,DMS-DLS,naive,DMS,16,0.245344
5,DMS-DLS,naive,DMS,17,0.035067
5,DMS-DLS,naive,DMS,18,0.086882
5,DMS-DLS,naive,DMS,19,0.052787
5,DMS-DLS,naive,DMS,20,0.044627
5,DMS-DLS,naive,DMS,21,0.0
5,DMS-DLS,naive,DMS,22,4e-05
5,DMS-DLS,naive,DMS,23,0.107316
5,DMS-DLS,naive,DMS,24,0.001974
5,DMS-DLS,naive,DMS,25,0.165537
5,DMS-DLS,naive,DMS,26,0.17843
5,DMS-DLS,naive,DMS,27,0.509525
5,DMS-DLS,naive,DMS,28,0.728842
5,DMS-DLS,naive,DMS,29,0.010283
5,DMS-DLS,naive,DMS,30,0.146562
5,DMS-DLS,naive,DMS,31,0.021695
5,DMS-DLS,naive,DMS,32,0.668822
5,DMS-DLS,naive,DMS,33,0.780709
5,DMS-DLS,naive,DMS,34,0.045287
5,DMS-DLS,naive,DMS,35,0.082447
5,DMS-DLS,naive,DMS,36,0.587644
5,DMS-DLS,naive,DMS,37,0.161792
5,DMS-DLS,naive,DMS,38,0.002586
5,DMS-DLS,naive,DMS,39,0.023339
5,DMS-DLS,naive,DMS,40,0.671403
5,DMS-DLS,naive,DMS,41,0.399778
5,DMS-DLS,naive,DMS,42,0.026179
5,DMS-DLS,naive,DMS,43,0.046658
5,DMS-DLS,naive,DMS,44,0.772446
5,DMS-DLS,naive,DMS,45,0.733509
5,DMS-DLS,naive,DMS,46,0.489957
5,DMS-DLS,naive,DMS,47,0.497011
5,DMS-DLS,naive,DMS,48,0.548483
5,DMS-DLS,naive,DMS,49,0.485895
5,DMS-DLS,naive,DMS,50,0.707031
5,DMS-DLS,naive,DMS,51,0.176593
5,DMS-DLS,naive,DMS,52,0.037531
5,DMS-DLS,naive,DMS,53,0.165335
5,DMS-DLS,naive,DMS,54,0.609586
5,DMS-DLS,naive,DLS,0,0.02039
5,DMS-DLS,naive,DLS,1,0.132176
5,DMS-DLS,naive,DLS,2,0.033139
5,DMS-DLS,naive,DLS,3,0.081922
5,DMS-DLS,naive,DLS,4,0.011937
5,DMS-DLS,naive,DLS,5,0.004823
5,DMS-DLS,naive,DLS,6,0.043849
5,DMS-DLS,naive,DLS,7,0.119157
5,DMS-DLS,naive,DLS,8,0.055494
5,DMS-DLS,naive,DLS,9,0.0
5,DMS-DLS,naive,DLS,10,0.007078
5,DMS-DLS,naive,DLS,11,0.114832
5,DMS-DLS,naive,DLS,12,0.167014
5,DMS-DLS,naive,DLS,13,0.100441
5,DMS-DLS,naive,DLS,14,0.0
5,DMS-DLS,naive,DLS,15,0.089195
5,DMS-DLS,naive,DLS,16,0.033174
5,DMS-DLS,naive,DLS,17,0.082747
5,DMS-DLS,naive,DLS,18,0.016634
5,DMS-DLS,naive,DLS,19,0.437525
5,DMS-DLS,naive,DLS,20,0.487107
5,DMS-DLS,naive,DLS,21,0.0
5,DMS-DLS,naive,DLS,22,0.064767
5,DMS-DLS,naive,DLS,23,0.039342
5,DMS-DLS,naive,DLS,24,0.0
5,DMS-DLS,naive,DLS,25,0.031055
5,DMS-DLS,naive,DLS,26,0.382601
5,DMS-DLS,naive,DLS,27,0.407004
5,DMS-DLS,naive,DLS,28,0.065059
5,DMS-DLS,naive,DLS,29,0.021657
5,DMS-DLS,naive,DLS,30,0.033515
5,DMS-DLS,naive,DLS,31,0.057451
5,DMS-DLS,naive,DLS,32,0.039829
5,DMS-DLS,naive,DLS,33,0.060129
5,DMS-DLS,naive,DLS,34,0.051303
5,DMS-DLS,naive,DLS,35,0.031085
5,DMS-DLS,naive,DLS,36,0.007697
5,DMS-DLS,naive,DLS,37,0.0
5,DMS-DLS,naive,DLS,38,0.01694
5,DMS-DLS,naive,DLS,39,0.040354
5,DMS-DLS,naive,DLS,40,0.04021
5,DMS-DLS,naive,DLS,41,0.040627
5,DMS-DLS,naive,DLS,42,0.043514
5,DMS-DLS,naive,DLS,43,0.057298
5,DMS-DLS,naive,DLS,44,0.019194
5,DMS-DLS,naive,DLS,45,0.084509
5,DMS-DLS,naive,DLS,46,0.021097
5,DMS-DLS,naive,DLS,47,0.083278
5,DMS-DLS,naive,DLS,48,0.077441
5,DMS-DLS,naive,DLS,49,0.019342
5,DMS-DLS,naive,DLS,50,0.019763
5,DMS-DLS,naive,DLS,51,0.024781
5,DMS-DLS,naive,DLS,52,0.094821
5,DMS-DLS,naive,DLS,53,0.065361
5,DMS-DLS,naive,DLS,54,0.096053
5,DMS-DLS,naive,DLS,55,0.045653
5,DMS-DLS,naive,DLS,56,0.245062
5,DMS-DLS,naive,DLS,57,0.069181
5,DMS-DLS,naive,DLS,58,0.033344
5,DMS-DLS,naive,DLS,59,0.073099
5,DMS-DLS,naive,DLS,60,0.071488
5,DMS-DLS,naive,DLS,61,0.086804
5,DMS-DLS,naive,DLS,62,0.009664
5,DMS-DLS,naive,DLS,63,0.102703
5,DMS-DLS,naive,DLS,64,0.025895
5,DMS-DLS,naive,DLS,65,0.073625
5,DMS-DLS,naive,DLS,66,0.067763
5,DMS-DLS,naive,DLS,67,0.050499
5,DMS-DLS,naive,DLS,68,0.026453
5,DMS-DLS,naive,DLS,69,0.348252
5,DMS-DLS,naive,DLS,70,0.014805
5,DMS-DLS,naive,DLS,71,0.256429
5,DMS-DLS,naive,DLS,72,0.123182
5,DMS-DLS,naive,DLS,73,0.039369
5,DMS-DLS,naive,DLS,74,0.04097
5,DMS-DLS,naive,DLS,75,0.070881
5,DMS-DLS,naive,DLS,76,0.382302
5,DMS-DLS,naive,DLS,77,0.038094
5,DMS-DLS,naive,DLS,78,0.39754
5,DMS-DLS,naive,DLS,79,0.0
5,DMS-DLS,naive,DLS,80,0.008866
5,DMS-DLS,naive,DLS,81,0.040752
5,DMS-DLS,naive,DLS,82,0.093306
5,DMS-DLS,naive,DLS,83,0.029331
5,DMS-DLS,naive,DLS,84,0.00241
5,DMS-DLS,naive,DLS,85,0.030809
5,DMS-DLS,naive,DLS,86,0.063858
5,DMS-DLS,naive,DLS,87,0.013107
5,DMS-DLS,naive,DLS,88,0.036054
5,DMS-DLS,naive,DLS,89,0.399905
5,DMS-DLS,naive,DLS,90,0.065822
5,DMS-DLS,naive,DLS,91,0.06673
5,DMS-DLS,naive,DLS,92,0.147962
5,DMS-DLS,naive,DLS,93,0.0
5,DMS-DLS,naive,DLS,94,0.132127
5,DMS-DLS,naive,DLS,95,0.032708
5,DMS-DLS,naive,DLS,96,0.018663
5,DMS-DLS,naive,DLS,97,0.025538
5,DMS-DLS,naive,DLS,98,0.046045
5,DMS-DLS,naive,DLS,99,0.031441
5,DMS-DLS,naive,DLS,100,0.032576
5,DMS-DLS,naive,DLS,101,0.02379
5,DMS-DLS,naive,DLS,102,0.556062
5,DMS-DLS,naive,DLS,103,0.007903
5,DMS-DLS,naive,DLS,104,0.048054
5,DMS-DLS,naive,DLS,105,0.002042
5,DMS-DLS,naive,DLS,106,0.0
5,DMS-DLS,naive,DLS,107,0.010582
5,DMS-DLS,naive,DLS,108,0.021567
5,DMS-DLS,naive,DLS,109,0.02646
5,DMS-DLS,naive,DLS,110,0.074623
5,DMS-DLS,naive,DLS,111,0.0
5,DMS-DLS,naive,DLS,112,0.104509
5,DMS-DLS,naive,DLS,113,0.108285
5,DMS-DLS,naive,DLS,114,0.013841
5,DMS-DLS,naive,DLS,115,0.105411
5,DMS-DLS,naive,DLS,116,0.032902
5,DMS-DLS,naive,DLS,117,0.059603
5,DMS-DLS,naive,DLS,118,0.031172
5,DMS-DLS,naive,DLS,119,0.04492
5,DMS-DLS,naive,DLS,120,0.51128
5,DMS-DLS,naive,DLS,121,0.036975
5,DMS-DLS,naive,DLS,122,0.013413
5,DMS-DLS,naive,DLS,123,0.066654
5,DMS-DLS,naive,DLS,124,0.0
5,DMS-DLS,naive,DLS,125,0.016372
5,DMS-DLS,naive,DLS,126,0.012754
5,DMS-DLS,naive,DLS,127,0.0
5,DMS-DLS,naive,DLS,128,0.070729
5,DMS-DLS,naive,DLS,129,0.023411
5,DMS-DLS,naive,DLS,130,0.062504
5,DMS-DLS,naive,DLS,131,0.014871
5,DMS-DLS,naive,DLS,132,0.005417
5,DMS-DLS,naive,DLS,133,0.003316
5,DMS-DLS,naive,DLS,134,0.028448
5,DMS-DLS,naive,DLS,135,0.018192
5,DMS-DLS,naive,DLS,136,0.0
5,DMS-DLS,naive,DLS,137,0.0
5,DMS-DLS,naive,DLS,138,0.012001
5,DMS-DLS,naive,DLS,139,0.016367
5,DMS-DLS,naive,DLS,140,0.0
5,DMS-DLS,naive,DLS,141,0.0
5,DMS-DLS,naive,DLS,142,0.0
5,DMS-DLS,naive,DLS,143,0.036948
5,DMS-DLS,naive,DLS,144,0.075346
5,DMS-DLS,naive,DLS,145,0.038621
5,DMS-DLS,naive,DLS,146,0.038679
5,DMS-DLS,naive,DLS,147,0.024128
5,DMS-DLS,naive,DLS,148,0.069524
5,DMS-DLS,naive,DLS,149,0.033304
5,DMS-DLS,naive,DLS,150,0.065643
5,DMS-DLS,naive,DLS,151,0.003015
5,DMS-DLS,naive,DLS,152,0.003681
5,DMS-DLS,naive,DLS,153,0.011487
5,DMS-DLS,naive,DLS,154,0.006924
5,DMS-DLS,naive,DLS,155,0.029198
5,DMS-DLS,naive,DLS,156,0.026013
5,DMS-DLS,naive,DLS,157,0.001851
5,DMS-DLS,naive,DLS,158,0.007122
5,DMS-DLS,naive,DLS,159,0.487399
5,DMS-DLS,naive,DLS,160,0.579389
5,DMS-DLS,naive,DLS,161,0.063129
5,DMS-DLS,naive,DLS,162,0.311712
5,DMS-DLS,naive,DLS,163,0.320385
5,DMS-DLS,naive,DLS,164,1e-06
5,DMS-DLS,naive,DLS,165,0.0
5,DMS-DLS,naive,DLS,166,0.0
5,DMS-DLS,naive,DLS,167,0.010675
5,DMS-DLS,naive,DLS,168,0.0
5,DMS-DLS,naive,DLS,169,0.044951
5,DMS-DLS,naive,DLS,170,0.103917
5,DMS-DLS,naive,DLS,171,0.012769
5,DMS-DLS,naive,DLS,172,0.004778
5,DMS-DLS,naive,DLS,173,0.001722
5,DMS-DLS,naive,DLS,174,0.516165
5,DMS-DLS,naive,DLS,175,0.017892
5,DMS-DLS,naive,DLS,176,0.044441
5,DMS-DLS,naive,DLS,177,0.086432
5,DMS-DLS,naive,DLS,178,0.021044
5,DMS-DLS,naive,DLS,179,0.035812
5,DMS-DLS,naive,DLS,180,0.054034
5,DMS-DLS,naive,DLS,181,0.042872
5,DMS-DLS,naive,DLS,182,0.570145
5,DMS-DLS,naive,DLS,183,0.061662
5,DMS-DLS,naive,DLS,184,0.042126
5,DMS-DLS,naive,DLS,185,0.011839
5,DMS-DLS,naive,DLS,186,0.272709
5,DMS-DLS,naive,DLS,187,0.54238
5,DMS-DLS,naive,DLS,188,0.275441
5,DMS-DLS,naive,DLS,189,0.532443
5,DMS-DLS,naive,DLS,190,0.383988
5,DMS-DLS,naive,DLS,191,0.022721
5,DMS-DLS,naive,DLS,192,0.543262
5,DMS-DLS,naive,DLS,193,0.014452
5,DMS-DLS,naive,DLS,194,0.004475
5,DMS-DLS,naive,DLS,195,0.346033
5,DMS-DLS,naive,DLS,196,0.349402
5,DMS-DLS,naive,DLS,197,0.026601
5,DMS-DLS,naive,DLS,198,0.031329
5,DMS-DLS,naive,DLS,199,0.074685
5,DMS-DLS,naive,DLS,200,0.517421
5,DMS-DLS,naive,DLS,201,0.225563
5,DMS-DLS,naive,DLS,202,0.032424
5,DMS-DLS,naive,DLS,203,0.037596
5,DMS-DLS,naive,DLS,204,0.047696
5,DMS-DLS,naive,DLS,205,0.02756
5,DMS-DLS,naive,DLS,206,0.103977
5,DMS-DLS,naive,DLS,207,0.026674
5,DMS-DLS,naive,DLS,208,0.020986
5,DMS-DLS,naive,DLS,209,0.031386
5,DMS-DLS,naive,DLS,210,0.126752
5,DMS-DLS,naive,DLS,211,0.032458
5,DMS-DLS,naive,DLS,212,0.421171
5,DMS-DLS,naive,DLS,213,0.02453
5,DMS-DLS,naive,DLS,214,0.093099
5,DMS-DLS,naive,DLS,215,0.025066
5,DMS-DLS,naive,DLS,216,0.002427
5,DMS-DLS,naive,DLS,217,0.015024
5,DMS-DLS,naive,DLS,218,0.146845
5,DMS-DLS,naive,DLS,219,0.121548
5,DMS-DLS,naive,DLS,220,0.015361
5,DMS-DLS,naive,DLS,221,0.033712
5,DMS-DLS,naive,DLS,222,0.045826
5,DMS-DLS,naive,DLS,223,0.009286
5,DMS-DLS,naive,DLS,224,0.024349
5,DMS-DLS,naive,DLS,225,0.009632
5,DMS-DLS,intermediate,DMS,0,0.610875
5,DMS-DLS,intermediate,DMS,1,0.813333
5,DMS-DLS,intermediate,DMS,2,0.786035
5,DMS-DLS,intermediate,DMS,3,0.832569
5,DMS-DLS,intermediate,DMS,4,0.869351
5,DMS-DLS,intermediate,DMS,5,0.114288
5,DMS-DLS,intermediate,DMS,6,0.9413
5,DMS-DLS,intermediate,DMS,7,0.018006
5,DMS-DLS,intermediate,DMS,8,0.446258
5,DMS-DLS,intermediate,DMS,9,0.482643
5,DMS-DLS,intermediate,DMS,10,0.303039
5,DMS-DLS,intermediate,DMS,11,0.081643
5,DMS-DLS,intermediate,DMS,12,0.244739
5,DMS-DLS,intermediate,DMS,13,0.048732
5,DMS-DLS,intermediate,DMS,14,0.170225
5,DMS-DLS,intermediate,DMS,15,0.082306
5,DMS-DLS,intermediate,DMS,16,0.0
5,DMS-DLS,intermediate,DMS,17,0.613873
5,DMS-DLS,intermediate,DMS,18,0.045827
5,DMS-DLS,intermediate,DMS,19,0.806365
5,DMS-DLS,intermediate,DMS,20,0.935273
5,DMS-DLS,intermediate,DMS,21,0.311654
5,DMS-DLS,intermediate,DMS,22,0.230681
5,DMS-DLS,intermediate,DMS,23,0.834142
5,DMS-DLS,intermediate,DMS,24,0.5035
5,DMS-DLS,intermediate,DMS,25,0.784809
5,DMS-DLS,intermediate,DMS,26,0.790009
5,DMS-DLS,intermediate,DMS,27,0.745844
5,DMS-DLS,intermediate,DMS,28,0.0
5,DMS-DLS,intermediate,DMS,29,0.05581
5,DMS-DLS,intermediate,DMS,30,0.108659
5,DMS-DLS,intermediate,DMS,31,0.116393
5,DMS-DLS,intermediate,DMS,32,0.055527
5,DMS-DLS,intermediate,DMS,33,0.056134
5,DMS-DLS,intermediate,DMS,34,0.010062
5,DMS-DLS,intermediate,DMS,35,0.543722
5,DMS-DLS,intermediate,DMS,36,0.873481
5,DMS-DLS,intermediate,DMS,37,0.112279
5,DMS-DLS,intermediate,DMS,38,0.90785
5,DMS-DLS,intermediate,DMS,39,0.23202
5,DMS-DLS,intermediate,DMS,40,0.0
5,DMS-DLS,intermediate,DMS,41,0.85768
5,DMS-DLS,intermediate,DMS,42,0.010223
5,DMS-DLS,intermediate,DMS,43,0.286443
5,DMS-DLS,intermediate,DMS,44,0.140571
5,DMS-DLS,intermediate,DMS,45,0.885669
5,DMS-DLS,intermediate,DMS,46,0.012012
5,DMS-DLS,intermediate,DMS,47,0.360011
5,DMS-DLS,intermediate,DMS,48,0.008934
5,DMS-DLS,intermediate,DMS,49,0.091265
5,DMS-DLS,intermediate,DMS,50,0.022529
5,DMS-DLS,intermediate,DMS,51,0.067476
5,DMS-DLS,intermediate,DMS,52,0.103073
5,DMS-DLS,intermediate,DMS,53,0.567935
5,DMS-DLS,intermediate,DMS,54,0.013539
5,DMS-DLS,intermediate,DLS,0,0.032552
5,DMS-DLS,intermediate,DLS,1,0.1384
5,DMS-DLS,intermediate,DLS,2,0.145907
5,DMS-DLS,intermediate,DLS,3,0.142957
5,DMS-DLS,intermediate,DLS,4,0.628524
5,DMS-DLS,intermediate,DLS,5,0.014672
5,DMS-DLS,intermediate,DLS,6,0.162861
5,DMS-DLS,intermediate,DLS,7,0.157898
5,DMS-DLS,intermediate,DLS,8,0.079698
5,DMS-DLS,intermediate,DLS,9,0.006939
5,DMS-DLS,intermediate,DLS,10,0.030765
5,DMS-DLS,intermediate,DLS,11,0.063755
5,DMS-DLS,intermediate,DLS,12,0.216861
5,DMS-DLS,intermediate,DLS,13,0.180465
5,DMS-DLS,intermediate,DLS,14,0.0
5,DMS-DLS,intermediate,DLS,15,0.181345
5,DMS-DLS,intermediate,DLS,16,0.123604
5,DMS-DLS,intermediate,DLS,17,0.204542
5,DMS-DLS,intermediate,DLS,18,0.158961
5,DMS-DLS,intermediate,DLS,19,0.136994
5,DMS-DLS,intermediate,DLS,20,0.016338
5,DMS-DLS,intermediate,DLS,21,0.027654
5,DMS-DLS,intermediate,DLS,22,0.258243
5,DMS-DLS,intermediate,DLS,23,0.069207
5,DMS-DLS,intermediate,DLS,24,0.029895
5,DMS-DLS,intermediate,DLS,25,0.286479
5,DMS-DLS,intermediate,DLS,26,0.44629
5,DMS-DLS,intermediate,DLS,27,0.39501
5,DMS-DLS,intermediate,DLS,28,0.285048
5,DMS-DLS,intermediate,DLS,29,0.223444
5,DMS-DLS,intermediate,DLS,30,0.20668
5,DMS-DLS,intermediate,DLS,31,0.046711
5,DMS-DLS,intermediate,DLS,32,0.075083
5,DMS-DLS,intermediate,DLS,33,0.163024
5,DMS-DLS,intermediate,DLS,34,0.055425
5,DMS-DLS,intermediate,DLS,35,0.195021
5,DMS-DLS,intermediate,DLS,36,0.072985
5,DMS-DLS,intermediate,DLS,37,0.007065
5,DMS-DLS,intermediate,DLS,38,0.091531
5,DMS-DLS,intermediate,DLS,39,0.018139
5,DMS-DLS,intermediate,DLS,40,0.067932
5,DMS-DLS,intermediate,DLS,41,0.082016
5,DMS-DLS,intermediate,DLS,42,0.060832
5,DMS-DLS,intermediate,DLS,43,0.051667
5,DMS-DLS,intermediate,DLS,44,0.081417
5,DMS-DLS,intermediate,DLS,45,0.072782
5,DMS-DLS,intermediate,DLS,46,0.068556
5,DMS-DLS,intermediate,DLS,47,0.119617
5,DMS-DLS,intermediate,DLS,48,0.078962
5,DMS-DLS,intermediate,DLS,49,0.040705
5,DMS-DLS,intermediate,DLS,50,0.116662
5,DMS-DLS,intermediate,DLS,51,0.092602
5,DMS-DLS,intermediate,DLS,52,0.187447
5,DMS-DLS,intermediate,DLS,53,0.034319
5,DMS-DLS,intermediate,DLS,54,0.094767
5,DMS-DLS,intermediate,DLS,55,0.09874
5,DMS-DLS,intermediate,DLS,56,0.088871
5,DMS-DLS,intermediate,DLS,57,0.122346
5,DMS-DLS,intermediate,DLS,58,0.206427
5,DMS-DLS,intermediate,DLS,59,0.146701
5,DMS-DLS,intermediate,DLS,60,0.062482
5,DMS-DLS,intermediate,DLS,61,0.105636
5,DMS-DLS,intermediate,DLS,62,0.05278
5,DMS-DLS,intermediate,DLS,63,0.014185
5,DMS-DLS,intermediate,DLS,64,0.661715
5,DMS-DLS,intermediate,DLS,65,0.144841
5,DMS-DLS,intermediate,DLS,66,0.012755
5,DMS-DLS,intermediate,DLS,67,0.053259
5,DMS-DLS,intermediate,DLS,68,0.067084
5,DMS-DLS,intermediate,DLS,69,0.147402
5,DMS-DLS,intermediate,DLS,70,0.098032
5,DMS-DLS,intermediate,DLS,71,0.093623
5,DMS-DLS,intermediate,DLS,72,0.010855
5,DMS-DLS,intermediate,DLS,73,0.106646
5,DMS-DLS,intermediate,DLS,74,0.189603
5,DMS-DLS,intermediate,DLS,75,0.04353
5,DMS-DLS,intermediate,DLS,76,0.003425
5,DMS-DLS,intermediate,DLS,77,0.179897
5,DMS-DLS,intermediate,DLS,78,0.002186
5,DMS-DLS,intermediate,DLS,79,0.30853
5,DMS-DLS,intermediate,DLS,80,0.018484
5,DMS-DLS,intermediate,DLS,81,0.084903
5,DMS-DLS,intermediate,DLS,82,0.019318
5,DMS-DLS,intermediate,DLS,83,0.02635
5,DMS-DLS,intermediate,DLS,84,0.01924
5,DMS-DLS,intermediate,DLS,85,0.080781
5,DMS-DLS,intermediate,DLS,86,0.048446
5,DMS-DLS,intermediate,DLS,87,0.228031
5,DMS-DLS,intermediate,DLS,88,0.438278
5,DMS-DLS,intermediate,DLS,89,0.023299
5,DMS-DLS,intermediate,DLS,90,0.462438
5,DMS-DLS,intermediate,DLS,91,0.460027
5,DMS-DLS,intermediate,DLS,92,0.034514
5,DMS-DLS,intermediate,DLS,93,0.459363
5,DMS-DLS,intermediate,DLS,94,0.007549
5,DMS-DLS,intermediate,DLS,95,0.135816
5,DMS-DLS,intermediate,DLS,96,0.088915
5,DMS-DLS,intermediate,DLS,97,0.044995
5,DMS-DLS,intermediate,DLS,98,0.023166
5,DMS-DLS,intermediate,DLS,99,0.052971
5,DMS-DLS,intermediate,DLS,100,0.024071
5,DMS-DLS,intermediate,DLS,101,0.575333
5,DMS-DLS,intermediate,DLS,102,0.015858
5,DMS-DLS,intermediate,DLS,103,0.649357
5,DMS-DLS,intermediate,DLS,104,0.05988
5,DMS-DLS,intermediate,DLS,105,0.027769
5,DMS-DLS,intermediate,DLS,106,0.049288
5,DMS-DLS,intermediate,DLS,107,0.008538
5,DMS-DLS,intermediate,DLS,108,0.08386
5,DMS-DLS,intermediate,DLS,109,0.020336
5,DMS-DLS,intermediate,DLS,110,0.040793
5,DMS-DLS,intermediate,DLS,111,0.0
5,DMS-DLS,intermediate,DLS,112,0.17523
5,DMS-DLS,intermediate,DLS,113,0.038524
5,DMS-DLS,intermediate,DLS,114,0.10725
5,DMS-DLS,intermediate,DLS,115,0.189908
5,DMS-DLS,intermediate,DLS,116,0.124028
5,DMS-DLS,intermediate,DLS,117,0.037527
5,DMS-DLS,intermediate,DLS,118,0.029062
5,DMS-DLS,intermediate,DLS,119,0.050992
5,DMS-DLS,intermediate,DLS,120,0.0425
5,DMS-DLS,intermediate,DLS,121,0.228681
5,DMS-DLS,intermediate,DLS,122,0.018147
5,DMS-DLS,intermediate,DLS,123,0.014322
5,DMS-DLS,intermediate,DLS,124,0.006123
5,DMS-DLS,intermediate,DLS,125,0.140254
5,DMS-DLS,intermediate,DLS,126,0.622022
5,DMS-DLS,intermediate,DLS,127,0.039529
5,DMS-DLS,intermediate,DLS,128,0.10032
5,DMS-DLS,intermediate,DLS,129,0.034319
5,DMS-DLS,intermediate,DLS,130,0.200766
5,DMS-DLS,intermediate,DLS,131,0.110319
5,DMS-DLS,intermediate,DLS,132,0.052723
5,DMS-DLS,intermediate,DLS,133,0.067248
5,DMS-DLS,intermediate,DLS,134,0.269455
5,DMS-DLS,intermediate,DLS,135,0.270871
5,DMS-DLS,intermediate,DLS,136,0.456088
5,DMS-DLS,intermediate,DLS,137,0.0
5,DMS-DLS,intermediate,DLS,138,0.059616
5,DMS-DLS,intermediate,DLS,139,0.064897
5,DMS-DLS,intermediate,DLS,140,0.0
5,DMS-DLS,intermediate,DLS,141,0.0
5,DMS-DLS,intermediate,DLS,142,0.0
5,DMS-DLS,intermediate,DLS,143,0.027457
5,DMS-DLS,intermediate,DLS,144,0.0
5,DMS-DLS,intermediate,DLS,145,0.176866
5,DMS-DLS,intermediate,DLS,146,0.013088
5,DMS-DLS,intermediate,DLS,147,0.019038
5,DMS-DLS,intermediate,DLS,148,0.018647
5,DMS-DLS,intermediate,DLS,149,0.110757
5,DMS-DLS,intermediate,DLS,150,0.066719
5,DMS-DLS,intermediate,DLS,151,0.054832
5,DMS-DLS,intermediate,DLS,152,0.043488
5,DMS-DLS,intermediate,DLS,153,0.041231
5,DMS-DLS,intermediate,DLS,154,0.052194
5,DMS-DLS,intermediate,DLS,155,0.057965
5,DMS-DLS,intermediate,DLS,156,0.096594
5,DMS-DLS,intermediate,DLS,157,0.008797
5,DMS-DLS,intermediate,DLS,158,0.040561
5,DMS-DLS,intermediate,DLS,159,0.031086
5,DMS-DLS,intermediate,DLS,160,0.0
5,DMS-DLS,intermediate,DLS,161,0.052861
5,DMS-DLS,intermediate,DLS,162,0.300374
5,DMS-DLS,intermediate,DLS,163,0.267251
5,DMS-DLS,intermediate,DLS,164,0.031038
5,DMS-DLS,intermediate,DLS,165,0.322627
5,DMS-DLS,intermediate,DLS,166,0.317741
5,DMS-DLS,intermediate,DLS,167,0.062097
5,DMS-DLS,intermediate,DLS,168,0.066116
5,DMS-DLS,intermediate,DLS,169,0.425764
5,DMS-DLS,intermediate,DLS,170,0.047346
5,DMS-DLS,intermediate,DLS,171,0.013686
5,DMS-DLS,intermediate,DLS,172,0.051051
5,DMS-DLS,intermediate,DLS,173,0.619325
5,DMS-DLS,intermediate,DLS,174,0.094292
5,DMS-DLS,intermediate,DLS,175,0.082611
5,DMS-DLS,intermediate,DLS,176,0.068574
5,DMS-DLS,intermediate,DLS,177,0.262731
5,DMS-DLS,intermediate,DLS,178,0.339975
5,DMS-DLS,intermediate,DLS,179,0.235759
5,DMS-DLS,intermediate,DLS,180,0.111234
5,DMS-DLS,intermediate,DLS,181,0.076762
5,DMS-DLS,intermediate,DLS,182,0.022052
5,DMS-DLS,intermediate,DLS,183,0.021771
5,DMS-DLS,intermediate,DLS,184,0.086525
5,DMS-DLS,intermediate,DLS,185,0.016902
5,DMS-DLS,intermediate,DLS,186,0.249453
5,DMS-DLS,intermediate,DLS,187,0.0
5,DMS-DLS,intermediate,DLS,188,0.214369
5,DMS-DLS,intermediate,DLS,189,0.03636
5,DMS-DLS,intermediate,DLS,190,0.0
5,DMS-DLS,intermediate,DLS,191,0.056875
5,DMS-DLS,intermediate,DLS,192,0.081491
5,DMS-DLS,intermediate,DLS,193,0.227271
5,DMS-DLS,intermediate,DLS,194,0.003791
5,DMS-DLS,intermediate,DLS,195,0.091867
5,DMS-DLS,intermediate,DLS,196,0.26747
5,DMS-DLS,intermediate,DLS,197,0.138735
5,DMS-DLS,intermediate,DLS,198,0.162091
5,DMS-DLS,intermediate,DLS,199,0.020929
5,DMS-DLS,intermediate,DLS,200,0.023873
5,DMS-DLS,intermediate,DLS,201,0.024512
5,DMS-DLS,intermediate,DLS,202,0.055319
5,DMS-DLS,intermediate,DLS,203,0.433425
5,DMS-DLS,intermediate,DLS,204,0.011865
5,DMS-DLS,intermediate,DLS,205,0.029131
5,DMS-DLS,intermediate,DLS,206,0.1799
5,DMS-DLS,intermediate,DLS,207,0.018346
5,DMS-DLS,intermediate,DLS,208,0.023131
5,DMS-DLS,intermediate,DLS,209,0.334702
5,DMS-DLS,intermediate,DLS,210,0.006558
5,DMS-DLS,intermediate,DLS,211,0.139219
5,DMS-DLS,intermediate,DLS,212,0.031197
5,DMS-DLS,intermediate,DLS,213,0.048595
5,DMS-DLS,intermediate,DLS,214,0.128178
5,DMS-DLS,intermediate,DLS,215,0.031209
5,DMS-DLS,intermediate,DLS,216,0.510268
5,DMS-DLS,intermediate,DLS,217,0.318293
5,DMS-DLS,intermediate,DLS,218,0.226975
5,DMS-DLS,intermediate,DLS,219,0.028396
5,DMS-DLS,intermediate,DLS,220,0.034722
5,DMS-DLS,intermediate,DLS,221,0.097725
5,DMS-DLS,intermediate,DLS,222,0.124644
5,DMS-DLS,intermediate,DLS,223,0.252474
5,DMS-DLS,intermediate,DLS,224,0.092233
5,DMS-DLS,intermediate,DLS,225,0.011387
5,DMS-DLS,expert,DMS,0,0.455719
5,DMS-DLS,expert,DMS,1,0.199176
5,DMS-DLS,expert,DMS,2,0.040413
5,DMS-DLS,expert,DMS,3,0.901132
5,DMS-DLS,expert,DMS,4,0.079521
5,DMS-DLS,expert,DMS,5,0.157657
5,DMS-DLS,expert,DMS,6,0.8929
5,DMS-DLS,expert,DMS,7,0.039889
5,DMS-DLS,expert,DMS,8,0.230768
5,DMS-DLS,expert,DMS,9,0.252181
5,DMS-DLS,expert,DMS,10,0.0
5,DMS-DLS,expert,DMS,11,0.884612
5,DMS-DLS,expert,DMS,12,0.751932
5,DMS-DLS,expert,DMS,13,0.898669
5,DMS-DLS,expert,DMS,14,0.94907
5,DMS-DLS,expert,DMS,15,0.558748
5,DMS-DLS,expert,DMS,16,0.011474
5,DMS-DLS,expert,DMS,17,0.047723
5,DMS-DLS,expert,DMS,18,0.156162
5,DMS-DLS,expert,DMS,19,0.911837
5,DMS-DLS,expert,DMS,20,0.95835
5,DMS-DLS,expert,DMS,21,0.0
5,DMS-DLS,expert,DMS,22,0.0
5,DMS-DLS,expert,DMS,23,0.047772
5,DMS-DLS,expert,DMS,24,0.776247
5,DMS-DLS,expert,DMS,25,0.880126
5,DMS-DLS,expert,DMS,26,0.048539
5,DMS-DLS,expert,DMS,27,0.046509
5,DMS-DLS,expert,DMS,28,0.215453
5,DMS-DLS,expert,DMS,29,0.904482
5,DMS-DLS,expert,DMS,30,0.766782
5,DMS-DLS,expert,DMS,31,0.695524
5,DMS-DLS,expert,DMS,32,0.019206
5,DMS-DLS,expert,DMS,33,0.964337
5,DMS-DLS,expert,DMS,34,0.191069
5,DMS-DLS,expert,DMS,35,0.789249
5,DMS-DLS,expert,DMS,36,0.0
5,DMS-DLS,expert,DMS,37,0.0
5,DMS-DLS,expert,DMS,38,0.88182
5,DMS-DLS,expert,DMS,39,0.056833
5,DMS-DLS,expert,DMS,40,0.0
5,DMS-DLS,expert,DMS,41,0.044294
5,DMS-DLS,expert,DMS,42,0.0
5,DMS-DLS,expert,DMS,43,0.0
5,DMS-DLS,expert,DMS,44,0.948204
5,DMS-DLS,expert,DMS,45,0.897914
5,DMS-DLS,expert,DMS,46,0.050046
5,DMS-DLS,expert,DMS,47,0.088645
5,DMS-DLS,expert,DMS,48,0.040917
5,DMS-DLS,expert,DMS,49,0.520929
5,DMS-DLS,expert,DMS,50,0.09713
5,DMS-DLS,expert,DMS,51,0.999331
5,DMS-DLS,expert,DMS,52,0.987772
5,DMS-DLS,expert,DMS,53,0.043869
5,DMS-DLS,expert,DMS,54,0.006601
5,DMS-DLS,expert,DLS,0,0.067644
5,DMS-DLS,expert,DLS,1,0.061298
5,DMS-DLS,expert,DLS,2,0.062097
5,DMS-DLS,expert,DLS,3,0.1182
5,DMS-DLS,expert,DLS,4,0.114641
5,DMS-DLS,expert,DLS,5,0.024429
5,DMS-DLS,expert,DLS,6,0.085061
5,DMS-DLS,expert,DLS,7,0.077095
5,DMS-DLS,expert,DLS,8,0.070004
5,DMS-DLS,expert,DLS,9,0.007228
5,DMS-DLS,expert,DLS,10,0.082186
5,DMS-DLS,expert,DLS,11,0.081911
5,DMS-DLS,expert,DLS,12,0.262904
5,DMS-DLS,expert,DLS,13,0.151031
5,DMS-DLS,expert,DLS,14,0.0
5,DMS-DLS,expert,DLS,15,0.166353
5,DMS-DLS,expert,DLS,16,0.037065
5,DMS-DLS,expert,DLS,17,0.149241
5,DMS-DLS,expert,DLS,18,0.045768
5,DMS-DLS,expert,DLS,19,0.08255
5,DMS-DLS,expert,DLS,20,0.021104
5,DMS-DLS,expert,DLS,21,0.020767
5,DMS-DLS,expert,DLS,22,0.160373
5,DMS-DLS,expert,DLS,23,0.027811
5,DMS-DLS,expert,DLS,24,0.0
5,DMS-DLS,expert,DLS,25,0.137839
5,DMS-DLS,expert,DLS,26,0.031183
5,DMS-DLS,expert,DLS,27,0.109443
5,DMS-DLS,expert,DLS,28,0.204781
5,DMS-DLS,expert,DLS,29,0.427953
5,DMS-DLS,expert,DLS,30,0.151529
5,DMS-DLS,expert,DLS,31,0.036329
5,DMS-DLS,expert,DLS,32,0.108131
5,DMS-DLS,expert,DLS,33,0.134745
5,DMS-DLS,expert,DLS,34,0.046672
5,DMS-DLS,expert,DLS,35,0.113084
5,DMS-DLS,expert,DLS,36,0.217537
5,DMS-DLS,expert,DLS,37,0.234141
5,DMS-DLS,expert,DLS,38,0.036772
5,DMS-DLS,expert,DLS,39,0.008552
5,DMS-DLS,expert,DLS,40,0.104928
5,DMS-DLS,expert,DLS,41,0.122661
5,DMS-DLS,expert,DLS,42,0.043259
5,DMS-DLS,expert,DLS,43,0.060682
5,DMS-DLS,expert,DLS,44,0.604506
5,DMS-DLS,expert,DLS,45,0.038286
5,DMS-DLS,expert,DLS,46,0.089392
5,DMS-DLS,expert,DLS,47,0.138433
5,DMS-DLS,expert,DLS,48,0.061821
5,DMS-DLS,expert,DLS,49,0.071242
5,DMS-DLS,expert,DLS,50,0.116403
5,DMS-DLS,expert,DLS,51,0.119801
5,DMS-DLS,expert,DLS,52,0.179787
5,DMS-DLS,expert,DLS,53,0.061415
5,DMS-DLS,expert,DLS,54,0.095023
5,DMS-DLS,expert,DLS,55,0.131382
5,DMS-DLS,expert,DLS,56,0.065774
5,DMS-DLS,expert,DLS,57,0.12441
5,DMS-DLS,expert,DLS,58,0.136144
5,DMS-DLS,expert,DLS,59,0.157949
5,DMS-DLS,expert,DLS,60,0.059425
5,DMS-DLS,expert,DLS,61,0.073513
5,DMS-DLS,expert,DLS,62,0.026613
5,DMS-DLS,expert,DLS,63,0.068069
5,DMS-DLS,expert,DLS,64,0.009559
5,DMS-DLS,expert,DLS,65,0.120392
5,DMS-DLS,expert,DLS,66,0.102339
5,DMS-DLS,expert,DLS,67,0.107398
5,DMS-DLS,expert,DLS,68,0.115774
5,DMS-DLS,expert,DLS,69,0.027115
5,DMS-DLS,expert,DLS,70,0.057786
5,DMS-DLS,expert,DLS,71,0.03977
5,DMS-DLS,expert,DLS,72,0.019711
5,DMS-DLS,expert,DLS,73,0.168225
5,DMS-DLS,expert,DLS,74,0.154105
5,DMS-DLS,expert,DLS,75,0.068997
5,DMS-DLS,expert,DLS,76,0.007776
5,DMS-DLS,expert,DLS,77,0.655291
5,DMS-DLS,expert,DLS,78,0.00546
5,DMS-DLS,expert,DLS,79,0.081883
5,DMS-DLS,expert,DLS,80,0.047309
5,DMS-DLS,expert,DLS,81,0.096904
5,DMS-DLS,expert,DLS,82,0.036021
5,DMS-DLS,expert,DLS,83,0.052052
5,DMS-DLS,expert,DLS,84,0.021333
5,DMS-DLS,expert,DLS,85,0.063324
5,DMS-DLS,expert,DLS,86,0.069799
5,DMS-DLS,expert,DLS,87,0.477389
5,DMS-DLS,expert,DLS,88,0.116606
5,DMS-DLS,expert,DLS,89,0.01779
5,DMS-DLS,expert,DLS,90,0.451654
5,DMS-DLS,expert,DLS,91,0.453004
5,DMS-DLS,expert,DLS,92,0.123076
5,DMS-DLS,expert,DLS,93,0.127479
5,DMS-DLS,expert,DLS,94,0.077066
5,DMS-DLS,expert,DLS,95,0.133528
5,DMS-DLS,expert,DLS,96,0.606759
5,DMS-DLS,expert,DLS,97,0.04385
5,DMS-DLS,expert,DLS,98,0.259599
5,DMS-DLS,expert,DLS,99,0.051843
5,DMS-DLS,expert,DLS,100,0.2
5,DMS-DLS,expert,DLS,101,0.295211
5,DMS-DLS,expert,DLS,102,0.59467
5,DMS-DLS,expert,DLS,103,0.311713
5,DMS-DLS,expert,DLS,104,0.077939
5,DMS-DLS,expert,DLS,105,0.109001
5,DMS-DLS,expert,DLS,106,0.02007
5,DMS-DLS,expert,DLS,107,0.039656
5,DMS-DLS,expert,DLS,108,0.032396
5,DMS-DLS,expert,DLS,109,0.013842
5,DMS-DLS,expert,DLS,110,0.579167
5,DMS-DLS,expert,DLS,111,0.0
5,DMS-DLS,expert,DLS,112,0.127018
5,DMS-DLS,expert,DLS,113,0.069315
5,DMS-DLS,expert,DLS,114,0.093966
5,DMS-DLS,expert,DLS,115,0.128793
5,DMS-DLS,expert,DLS,116,0.034582
5,DMS-DLS,expert,DLS,117,0.11619
5,DMS-DLS,expert,DLS,118,0.01685
5,DMS-DLS,expert,DLS,119,0.036833
5,DMS-DLS,expert,DLS,120,0.0
5,DMS-DLS,expert,DLS,121,0.221567
5,DMS-DLS,expert,DLS,122,0.008364
5,DMS-DLS,expert,DLS,123,0.026142
5,DMS-DLS,expert,DLS,124,0.008451
5,DMS-DLS,expert,DLS,125,0.001051
5,DMS-DLS,expert,DLS,126,0.000656
5,DMS-DLS,expert,DLS,127,0.038876
5,DMS-DLS,expert,DLS,128,0.117982
5,DMS-DLS,expert,DLS,129,0.219833
5,DMS-DLS,expert,DLS,130,0.343957
5,DMS-DLS,expert,DLS,131,0.011288
5,DMS-DLS,expert,DLS,132,0.040537
5,DMS-DLS,expert,DLS,133,0.065259
5,DMS-DLS,expert,DLS,134,0.13494
5,DMS-DLS,expert,DLS,135,0.145664
5,DMS-DLS,expert,DLS,136,0.013889
5,DMS-DLS,expert,DLS,137,0.0
5,DMS-DLS,expert,DLS,138,0.35648
5,DMS-DLS,expert,DLS,139,0.654267
5,DMS-DLS,expert,DLS,140,0.0
5,DMS-DLS,expert,DLS,141,0.0
5,DMS-DLS,expert,DLS,142,0.0
5,DMS-DLS,expert,DLS,143,0.025376
5,DMS-DLS,expert,DLS,144,0.019993
5,DMS-DLS,expert,DLS,145,0.073929
5,DMS-DLS,expert,DLS,146,0.029068
5,DMS-DLS,expert,DLS,147,0.065349
5,DMS-DLS,expert,DLS,148,0.034246
5,DMS-DLS,expert,DLS,149,0.075607
5,DMS-DLS,expert,DLS,150,0.01248
5,DMS-DLS,expert,DLS,151,0.658624
5,DMS-DLS,expert,DLS,152,0.049987
5,DMS-DLS,expert,DLS,153,0.016953
5,DMS-DLS,expert,DLS,154,0.10653
5,DMS-DLS,expert,DLS,155,0.475428
5,DMS-DLS,expert,DLS,156,0.061065
5,DMS-DLS,expert,DLS,157,0.634615
5,DMS-DLS,expert,DLS,158,0.094241
5,DMS-DLS,expert,DLS,159,0.0771
5,DMS-DLS,expert,DLS,160,0.012186
5,DMS-DLS,expert,DLS,161,0.060467
5,DMS-DLS,expert,DLS,162,0.0
5,DMS-DLS,expert,DLS,163,0.0
5,DMS-DLS,expert,DLS,164,0.012052
5,DMS-DLS,expert,DLS,165,0.0
5,DMS-DLS,expert,DLS,166,0.000774
5,DMS-DLS,expert,DLS,167,0.069841
5,DMS-DLS,expert,DLS,168,0.053542
5,DMS-DLS,expert,DLS,169,0.070455
5,DMS-DLS,expert,DLS,170,0.136628
5,DMS-DLS,expert,DLS,171,0.012782
5,DMS-DLS,expert,DLS,172,0.0643
5,DMS-DLS,expert,DLS,173,0.645763
5,DMS-DLS,expert,DLS,174,0.068171
5,DMS-DLS,expert,DLS,175,0.089137
5,DMS-DLS,expert,DLS,176,0.0
5,DMS-DLS,expert,DLS,177,0.31659
5,DMS-DLS,expert,DLS,178,0.077979
5,DMS-DLS,expert,DLS,179,0.312706
5,DMS-DLS,expert,DLS,180,0.628925
5,DMS-DLS,expert,DLS,181,0.068257
5,DMS-DLS,expert,DLS,182,0.01742
5,DMS-DLS,expert,DLS,183,0.041788
5,DMS-DLS,expert,DLS,184,0.065856
5,DMS-DLS,expert,DLS,185,0.016282
5,DMS-DLS,expert,DLS,186,0.006372
5,DMS-DLS,expert,DLS,187,0.197992
5,DMS-DLS,expert,DLS,188,0.006436
5,DMS-DLS,expert,DLS,189,0.025207
5,DMS-DLS,expert,DLS,190,0.0
5,DMS-DLS,expert,DLS,191,0.488756
5,DMS-DLS,expert,DLS,192,0.023421
5,DMS-DLS,expert,DLS,193,0.015455
5,DMS-DLS,expert,DLS,194,0.021698
5,DMS-DLS,expert,DLS,195,0.08215
5,DMS-DLS,expert,DLS,196,0.083427
5,DMS-DLS,expert,DLS,197,0.113751
5,DMS-DLS,expert,DLS,198,0.049259
5,DMS-DLS,expert,DLS,199,0.053053
5,DMS-DLS,expert,DLS,200,0.033886
5,DMS-DLS,expert,DLS,201,0.576625
5,DMS-DLS,expert,DLS,202,0.095559
5,DMS-DLS,expert,DLS,203,0.230791
5,DMS-DLS,expert,DLS,204,0.261764
5,DMS-DLS,expert,DLS,205,0.022824
5,DMS-DLS,expert,DLS,206,0.175288
5,DMS-DLS,expert,DLS,207,0.032202
5,DMS-DLS,expert,DLS,208,0.012919
5,DMS-DLS,expert,DLS,209,0.185694
5,DMS-DLS,expert,DLS,210,0.107402
5,DMS-DLS,expert,DLS,211,0.066597
5,DMS-DLS,expert,DLS,212,0.078102
5,DMS-DLS,expert,DLS,213,0.042148
5,DMS-DLS,expert,DLS,214,0.178389
5,DMS-DLS,expert,DLS,215,0.006631
5,DMS-DLS,expert,DLS,216,0.077135
5,DMS-DLS,expert,DLS,217,0.613247
5,DMS-DLS,expert,DLS,218,0.191534
5,DMS-DLS,expert,DLS,219,0.104504
5,DMS-DLS,expert,DLS,220,0.697904
5,DMS-DLS,expert,DLS,221,0.079935
5,DMS-DLS,expert,DLS,222,0.082784
5,DMS-DLS,expert,DLS,223,0.14275
5,DMS-DLS,expert,DLS,224,0.077316
5,DMS-DLS,expert,DLS,225,0.139074
5,DMS-ACC,naive,DMS,0,0.664872
5,DMS-ACC,naive,DMS,1,0.047077
5,DMS-ACC,naive,DMS,2,0.698216
5,DMS-ACC,naive,DMS,3,0.064584
5,DMS-ACC,naive,DMS,4,0.61903
5,DMS-ACC,naive,DMS,5,0.59898
5,DMS-ACC,naive,DMS,6,0.066589
5,DMS-ACC,naive,DMS,7,0.6236
5,DMS-ACC,naive,DMS,8,0.240798
5,DMS-ACC,naive,DMS,9,0.792387
5,DMS-ACC,naive,DMS,10,0.0
5,DMS-ACC,naive,DMS,11,0.030031
5,DMS-ACC,naive,DMS,12,0.076674
5,DMS-ACC,naive,DMS,13,0.045905
5,DMS-ACC,naive,DMS,14,0.760173
5,DMS-ACC,naive,DMS,15,0.788549
5,DMS-ACC,naive,DMS,16,0.265831
5,DMS-ACC,naive,DMS,17,0.036098
5,DMS-ACC,naive,DMS,18,0.093096
5,DMS-ACC,naive,DMS,19,0.042292
5,DMS-ACC,naive,DMS,20,0.045728
5,DMS-ACC,naive,DMS,21,0.0
5,DMS-ACC,naive,DMS,22,3.3e-05
5,DMS-ACC,naive,DMS,23,0.090558
5,DMS-ACC,naive,DMS,24,0.001194
5,DMS-ACC,naive,DMS,25,0.139795
5,DMS-ACC,naive,DMS,26,0.17715
5,DMS-ACC,naive,DMS,27,0.526795
5,DMS-ACC,naive,DMS,28,0.735575
5,DMS-ACC,naive,DMS,29,0.010604
5,DMS-ACC,naive,DMS,30,0.133876
5,DMS-ACC,naive,DMS,31,0.024021
5,DMS-ACC,naive,DMS,32,0.664531
5,DMS-ACC,naive,DMS,33,0.774896
5,DMS-ACC,naive,DMS,34,0.059603
5,DMS-ACC,naive,DMS,35,0.069689
5,DMS-ACC,naive,DMS,36,0.587671
5,DMS-ACC,naive,DMS,37,0.167945
5,DMS-ACC,naive,DMS,38,0.002759
5,DMS-ACC,naive,DMS,39,0.023895
5,DMS-ACC,naive,DMS,40,0.675481
5,DMS-ACC,naive,DMS,41,0.4217
5,DMS-ACC,naive,DMS,42,0.026235
5,DMS-ACC,naive,DMS,43,0.046196
5,DMS-ACC,naive,DMS,44,0.779599
5,DMS-ACC,naive,DMS,45,0.73863
5,DMS-ACC,naive,DMS,46,0.490481
5,DMS-ACC,naive,DMS,47,0.505167
5,DMS-ACC,naive,DMS,48,0.685956
5,DMS-ACC,naive,DMS,49,0.333402
5,DMS-ACC,naive,DMS,50,0.708826
5,DMS-ACC,naive,DMS,51,0.171682
5,DMS-ACC,naive,DMS,52,0.034248
5,DMS-ACC,naive,DMS,53,0.169526
5,DMS-ACC,naive,DMS,54,0.611789
5,DMS-ACC,naive,ACC,0,0.032594
5,DMS-ACC,naive,ACC,1,0.070949
5,DMS-ACC,naive,ACC,2,0.089814
5,DMS-ACC,naive,ACC,3,0.131768
5,DMS-ACC,naive,ACC,4,0.009609
5,DMS-ACC,naive,ACC,5,0.034953
5,DMS-ACC,naive,ACC,6,0.030915
5,DMS-ACC,naive,ACC,7,0.043329
5,DMS-ACC,naive,ACC,8,0.044909
5,DMS-ACC,naive,ACC,9,0.052225
5,DMS-ACC,naive,ACC,10,0.010337
5,DMS-ACC,naive,ACC,11,0.083394
5,DMS-ACC,naive,ACC,12,0.04884
5,DMS-ACC,naive,ACC,13,0.012588
5,DMS-ACC,naive,ACC,14,0.032659
5,DMS-ACC,naive,ACC,15,0.011821
5,DMS-ACC,naive,ACC,16,0.030443
5,DMS-ACC,naive,ACC,17,0.035877
5,DMS-ACC,naive,ACC,18,0.014069
5,DMS-ACC,naive,ACC,19,0.718284
5,DMS-ACC,naive,ACC,20,0.128511
5,DMS-ACC,naive,ACC,21,0.028282
5,DMS-ACC,naive,ACC,22,0.033992
5,DMS-ACC,naive,ACC,23,0.042115
5,DMS-ACC,naive,ACC,24,0.268101
5,DMS-ACC,naive,ACC,25,0.077513
5,DMS-ACC,naive,ACC,26,0.015001
5,DMS-ACC,naive,ACC,27,0.038335
5,DMS-ACC,naive,ACC,28,0.28476
5,DMS-ACC,naive,ACC,29,0.05697
5,DMS-ACC,naive,ACC,30,0.05682
5,DMS-ACC,naive,ACC,31,0.027943
5,DMS-ACC,naive,ACC,32,0.188723
5,DMS-ACC,naive,ACC,33,0.017969
5,DMS-ACC,naive,ACC,34,0.030665
5,DMS-ACC,naive,ACC,35,0.588442
5,DMS-ACC,naive,ACC,36,0.003141
5,DMS-ACC,naive,ACC,37,0.661582
5,DMS-ACC,naive,ACC,38,0.033814
5,DMS-ACC,naive,ACC,39,0.094132
5,DMS-ACC,naive,ACC,40,0.043254
5,DMS-ACC,naive,ACC,41,0.08801
5,DMS-ACC,naive,ACC,42,0.023122
5,DMS-ACC,naive,ACC,43,0.048681
5,DMS-ACC,naive,ACC,44,0.02821
5,DMS-ACC,naive,ACC,45,0.038571
5,DMS-ACC,naive,ACC,46,0.037105
5,DMS-ACC,naive,ACC,47,0.032593
5,DMS-ACC,naive,ACC,48,0.123358
5,DMS-ACC,naive,ACC,49,0.006141
5,DMS-ACC,naive,ACC,50,0.091204
5,DMS-ACC,naive,ACC,51,0.079862
5,DMS-ACC,naive,ACC,52,0.059061
5,DMS-ACC,naive,ACC,53,0.104679
5,DMS-ACC,naive,ACC,54,0.03044
5,DMS-ACC,naive,ACC,55,0.006669
5,DMS-ACC,naive,ACC,56,0.04014
5,DMS-ACC,naive,ACC,57,0.413065
5,DMS-ACC,naive,ACC,58,0.09149
5,DMS-ACC,naive,ACC,59,0.024593
5,DMS-ACC,naive,ACC,60,0.028214
5,DMS-ACC,naive,ACC,61,0.024658
5,DMS-ACC,naive,ACC,62,0.013715
5,DMS-ACC,naive,ACC,63,0.05094
5,DMS-ACC,naive,ACC,64,0.02157
5,DMS-ACC,naive,ACC,65,0.02827
5,DMS-ACC,naive,ACC,66,0.03906
5,DMS-ACC,naive,ACC,67,0.072981
5,DMS-ACC,naive,ACC,68,0.076363
5,DMS-ACC,naive,ACC,69,0.088082
5,DMS-ACC,naive,ACC,70,0.074562
5,DMS-ACC,naive,ACC,71,0.10518
5,DMS-ACC,naive,ACC,72,0.010423
5,DMS-ACC,naive,ACC,73,0.360191
5,DMS-ACC,naive,ACC,74,0.061417
5,DMS-ACC,naive,ACC,75,0.334978
5,DMS-ACC,naive,ACC,76,0.045471
5,DMS-ACC,naive,ACC,77,0.057436
5,DMS-ACC,naive,ACC,78,0.029075
5,DMS-ACC,naive,ACC,79,0.06274
5,DMS-ACC,naive,ACC,80,0.184519
5,DMS-ACC,naive,ACC,81,0.125858
5,DMS-ACC,naive,ACC,82,0.0
5,DMS-ACC,naive,ACC,83,0.0
5,DMS-ACC,naive,ACC,84,0.067151
5,DMS-ACC,naive,ACC,85,0.583493
5,DMS-ACC,naive,ACC,86,0.0
5,DMS-ACC,naive,ACC,87,0.698366
5,DMS-ACC,naive,ACC,88,0.064946
5,DMS-ACC,naive,ACC,89,0.018665
5,DMS-ACC,naive,ACC,90,0.007115
5,DMS-ACC,naive,ACC,91,0.018667
5,DMS-ACC,naive,ACC,92,0.054172
5,DMS-ACC,naive,ACC,93,0.103988
5,DMS-ACC,naive,ACC,94,0.040911
5,DMS-ACC,naive,ACC,95,0.051644
5,DMS-ACC,naive,ACC,96,0.109011
5,DMS-ACC,naive,ACC,97,0.048027
5,DMS-ACC,naive,ACC,98,0.023454
5,DMS-ACC,naive,ACC,99,0.289786
5,DMS-ACC,naive,ACC,100,0.00893
5,DMS-ACC,naive,ACC,101,0.006147
5,DMS-ACC,naive,ACC,102,0.031031
5,DMS-ACC,naive,ACC,103,0.6796
5,DMS-ACC,naive,ACC,104,0.016213
5,DMS-ACC,naive,ACC,105,0.04849
5,DMS-ACC,naive,ACC,106,0.027207
5,DMS-ACC,naive,ACC,107,0.675524
5,DMS-ACC,naive,ACC,108,0.062806
5,DMS-ACC,naive,ACC,109,0.697043
5,DMS-ACC,naive,ACC,110,0.021485
5,DMS-ACC,naive,ACC,111,0.726466
5,DMS-ACC,naive,ACC,112,0.077316
5,DMS-ACC,naive,ACC,113,0.017118
5,DMS-ACC,naive,ACC,114,0.07299
5,DMS-ACC,naive,ACC,115,0.053775
5,DMS-ACC,naive,ACC,116,0.0
5,DMS-ACC,naive,ACC,117,0.019955
5,DMS-ACC,naive,ACC,118,0.727516
5,DMS-ACC,naive,ACC,119,0.062447
5,DMS-ACC,naive,ACC,120,0.197465
5,DMS-ACC,naive,ACC,121,0.020353
5,DMS-ACC,naive,ACC,122,0.132657
5,DMS-ACC,naive,ACC,123,0.056121
5,DMS-ACC,naive,ACC,124,0.074781
5,DMS-ACC,naive,ACC,125,0.053478
5,DMS-ACC,naive,ACC,126,0.025478
5,DMS-ACC,naive,ACC,127,0.041158
5,DMS-ACC,naive,ACC,128,0.0546
5,DMS-ACC,naive,ACC,129,0.050124
5,DMS-ACC,naive,ACC,130,0.107579
5,DMS-ACC,naive,ACC,131,0.000665
5,DMS-ACC,naive,ACC,132,0.186795
5,DMS-ACC,naive,ACC,133,0.029303
5,DMS-ACC,naive,ACC,134,0.0
5,DMS-ACC,naive,ACC,135,0.0
5,DMS-ACC,naive,ACC,136,0.004947
5,DMS-ACC,naive,ACC,137,0.733556
5,DMS-ACC,naive,ACC,138,0.695226
5,DMS-ACC,naive,ACC,139,0.709288
5,DMS-ACC,naive,ACC,140,0.083918
5,DMS-ACC,naive,ACC,141,0.050139
5,DMS-ACC,naive,ACC,142,0.048194
5,DMS-ACC,naive,ACC,143,0.047069
5,DMS-ACC,naive,ACC,144,0.005638
5,DMS-ACC,naive,ACC,145,0.645834
5,DMS-ACC,naive,ACC,146,0.536071
5,DMS-ACC,naive,ACC,147,0.034565
5,DMS-ACC,naive,ACC,148,0.405899
5,DMS-ACC,naive,ACC,149,0.004131
5,DMS-ACC,naive,ACC,150,0.015735
5,DMS-ACC,naive,ACC,151,0.004533
5,DMS-ACC,naive,ACC,152,0.037755
5,DMS-ACC,naive,ACC,153,0.067204
5,DMS-ACC,naive,ACC,154,0.041742
5,DMS-ACC,naive,ACC,155,0.681659
5,DMS-ACC,naive,ACC,156,0.077449
5,DMS-ACC,naive,ACC,157,0.565451
5,DMS-ACC,intermediate,DMS,0,0.620817
5,DMS-ACC,intermediate,DMS,1,0.825428
5,DMS-ACC,intermediate,DMS,2,0.804262
5,DMS-ACC,intermediate,DMS,3,0.878132
5,DMS-ACC,intermediate,DMS,4,0.875753
5,DMS-ACC,intermediate,DMS,5,0.093307
5,DMS-ACC,intermediate,DMS,6,0.961169
5,DMS-ACC,intermediate,DMS,7,0.028977
5,DMS-ACC,intermediate,DMS,8,0.717759
5,DMS-ACC,intermediate,DMS,9,0.658745
5,DMS-ACC,intermediate,DMS,10,0.318897
5,DMS-ACC,intermediate,DMS,11,0.092679
5,DMS-ACC,intermediate,DMS,12,0.187231
5,DMS-ACC,intermediate,DMS,13,0.048159
5,DMS-ACC,intermediate,DMS,14,0.473438
5,DMS-ACC,intermediate,DMS,15,0.080481
5,DMS-ACC,intermediate,DMS,16,0.0
5,DMS-ACC,intermediate,DMS,17,0.612381
5,DMS-ACC,intermediate,DMS,18,0.051411
5,DMS-ACC,intermediate,DMS,19,0.822858
5,DMS-ACC,intermediate,DMS,20,0.962987
5,DMS-ACC,intermediate,DMS,21,0.306001
5,DMS-ACC,intermediate,DMS,22,0.226496
5,DMS-ACC,intermediate,DMS,23,0.828923
5,DMS-ACC,intermediate,DMS,24,0.523621
5,DMS-ACC,intermediate,DMS,25,0.309506
5,DMS-ACC,intermediate,DMS,26,0.793879
5,DMS-ACC,intermediate,DMS,27,0.76067
5,DMS-ACC,intermediate,DMS,28,0.0
5,DMS-ACC,intermediate,DMS,29,0.058516
5,DMS-ACC,intermediate,DMS,30,0.090751
5,DMS-ACC,intermediate,DMS,31,0.136252
5,DMS-ACC,intermediate,DMS,32,0.057285
5,DMS-ACC,intermediate,DMS,33,0.069503
5,DMS-ACC,intermediate,DMS,34,0.010584
5,DMS-ACC,intermediate,DMS,35,0.560945
5,DMS-ACC,intermediate,DMS,36,0.873744
5,DMS-ACC,intermediate,DMS,37,0.113026
5,DMS-ACC,intermediate,DMS,38,0.843893
5,DMS-ACC,intermediate,DMS,39,0.255082
5,DMS-ACC,intermediate,DMS,40,0.0
5,DMS-ACC,intermediate,DMS,41,0.873984
5,DMS-ACC,intermediate,DMS,42,0.00363
5,DMS-ACC,intermediate,DMS,43,0.058747
5,DMS-ACC,intermediate,DMS,44,0.158524
5,DMS-ACC,intermediate,DMS,45,0.903547
5,DMS-ACC,intermediate,DMS,46,0.01468
5,DMS-ACC,intermediate,DMS,47,0.388674
5,DMS-ACC,intermediate,DMS,48,0.007132
5,DMS-ACC,intermediate,DMS,49,0.097902
5,DMS-ACC,intermediate,DMS,50,0.027219
5,DMS-ACC,intermediate,DMS,51,0.08432
5,DMS-ACC,intermediate,DMS,52,0.112673
5,DMS-ACC,intermediate,DMS,53,0.566616
5,DMS-ACC,intermediate,DMS,54,0.014709
5,DMS-ACC,intermediate,ACC,0,0.077533
5,DMS-ACC,intermediate,ACC,1,0.036264
5,DMS-ACC,intermediate,ACC,2,0.095656
5,DMS-ACC,intermediate,ACC,3,0.075125
5,DMS-ACC,intermediate,ACC,4,0.730647
5,DMS-ACC,intermediate,ACC,5,0.082645
5,DMS-ACC,intermediate,ACC,6,0.065901
5,DMS-ACC,intermediate,ACC,7,0.064415
5,DMS-ACC,intermediate,ACC,8,0.090409
5,DMS-ACC,intermediate,ACC,9,0.036572
5,DMS-ACC,intermediate,ACC,10,0.709869
5,DMS-ACC,intermediate,ACC,11,0.07948
5,DMS-ACC,intermediate,ACC,12,0.052324
5,DMS-ACC,intermediate,ACC,13,0.037856
5,DMS-ACC,intermediate,ACC,14,0.051839
5,DMS-ACC,intermediate,ACC,15,0.655944
5,DMS-ACC,intermediate,ACC,16,0.089824
5,DMS-ACC,intermediate,ACC,17,0.138299
5,DMS-ACC,intermediate,ACC,18,0.044533
5,DMS-ACC,intermediate,ACC,19,0.0
5,DMS-ACC,intermediate,ACC,20,0.028984
5,DMS-ACC,intermediate,ACC,21,0.046195
5,DMS-ACC,intermediate,ACC,22,0.173306
5,DMS-ACC,intermediate,ACC,23,0.064984
5,DMS-ACC,intermediate,ACC,24,0.088519
5,DMS-ACC,intermediate,ACC,25,0.132898
5,DMS-ACC,intermediate,ACC,26,0.076274
5,DMS-ACC,intermediate,ACC,27,0.150182
5,DMS-ACC,intermediate,ACC,28,0.0202
5,DMS-ACC,intermediate,ACC,29,0.099369
5,DMS-ACC,intermediate,ACC,30,0.020808
5,DMS-ACC,intermediate,ACC,31,0.046889
5,DMS-ACC,intermediate,ACC,32,0.138703
5,DMS-ACC,intermediate,ACC,33,0.739459
5,DMS-ACC,intermediate,ACC,34,0.059889
5,DMS-ACC,intermediate,ACC,35,0.740387
5,DMS-ACC,intermediate,ACC,36,0.75786
5,DMS-ACC,intermediate,ACC,37,0.02549
5,DMS-ACC,intermediate,ACC,38,0.034409
5,DMS-ACC,intermediate,ACC,39,0.049409
5,DMS-ACC,intermediate,ACC,40,0.162342
5,DMS-ACC,intermediate,ACC,41,0.075797
5,DMS-ACC,intermediate,ACC,42,0.020942
5,DMS-ACC,intermediate,ACC,43,0.085309
5,DMS-ACC,intermediate,ACC,44,0.057483
5,DMS-ACC,intermediate,ACC,45,0.062054
5,DMS-ACC,intermediate,ACC,46,0.063214
5,DMS-ACC,intermediate,ACC,47,0.071116
5,DMS-ACC,intermediate,ACC,48,0.069527
5,DMS-ACC,intermediate,ACC,49,0.466204
5,DMS-ACC,intermediate,ACC,50,0.035705
5,DMS-ACC,intermediate,ACC,51,0.217173
5,DMS-ACC,intermediate,ACC,52,0.226057
5,DMS-ACC,intermediate,ACC,53,0.336668
5,DMS-ACC,intermediate,ACC,54,0.362914
5,DMS-ACC,intermediate,ACC,55,0.090107
5,DMS-ACC,intermediate,ACC,56,0.113479
5,DMS-ACC,intermediate,ACC,57,0.021434
5,DMS-ACC,intermediate,ACC,58,0.726846
5,DMS-ACC,intermediate,ACC,59,0.041121
5,DMS-ACC,intermediate,ACC,60,0.069113
5,DMS-ACC,intermediate,ACC,61,0.556682
5,DMS-ACC,intermediate,ACC,62,0.609963
5,DMS-ACC,intermediate,ACC,63,0.116436
5,DMS-ACC,intermediate,ACC,64,0.062299
5,DMS-ACC,intermediate,ACC,65,0.074027
5,DMS-ACC,intermediate,ACC,66,0.255541
5,DMS-ACC,intermediate,ACC,67,0.1838
5,DMS-ACC,intermediate,ACC,68,0.213058
5,DMS-ACC,intermediate,ACC,69,0.083324
5,DMS-ACC,intermediate,ACC,70,0.063112
5,DMS-ACC,intermediate,ACC,71,0.049946
5,DMS-ACC,intermediate,ACC,72,0.032537
5,DMS-ACC,intermediate,ACC,73,0.186247
5,DMS-ACC,intermediate,ACC,74,0.105955
5,DMS-ACC,intermediate,ACC,75,0.19365
5,DMS-ACC,intermediate,ACC,76,0.016216
5,DMS-ACC,intermediate,ACC,77,0.019107
5,DMS-ACC,intermediate,ACC,78,0.072996
5,DMS-ACC,intermediate,ACC,79,0.055899
5,DMS-ACC,intermediate,ACC,80,0.021209
5,DMS-ACC,intermediate,ACC,81,0.088562
5,DMS-ACC,intermediate,ACC,82,0.011392
5,DMS-ACC,intermediate,ACC,83,0.0
5,DMS-ACC,intermediate,ACC,84,0.043064
5,DMS-ACC,intermediate,ACC,85,0.707737
5,DMS-ACC,intermediate,ACC,86,0.416672
5,DMS-ACC,intermediate,ACC,87,0.006702
5,DMS-ACC,intermediate,ACC,88,0.015285
5,DMS-ACC,intermediate,ACC,89,0.110467
5,DMS-ACC,intermediate,ACC,90,0.686062
5,DMS-ACC,intermediate,ACC,91,0.720042
5,DMS-ACC,intermediate,ACC,92,0.096586
5,DMS-ACC,intermediate,ACC,93,0.017509
5,DMS-ACC,intermediate,ACC,94,0.015972
5,DMS-ACC,intermediate,ACC,95,0.013398
5,DMS-ACC,intermediate,ACC,96,0.03219
5,DMS-ACC,intermediate,ACC,97,0.021488
5,DMS-ACC,intermediate,ACC,98,0.0
5,DMS-ACC,intermediate,ACC,99,0.009878
5,DMS-ACC,intermediate,ACC,100,0.021574
5,DMS-ACC,intermediate,ACC,101,0.250127
5,DMS-ACC,intermediate,ACC,102,0.104852
5,DMS-ACC,intermediate,ACC,103,0.009047
5,DMS-ACC,intermediate,ACC,104,0.564343
5,DMS-ACC,intermediate,ACC,105,0.049264
5,DMS-ACC,intermediate,ACC,106,0.11772
5,DMS-ACC,intermediate,ACC,107,0.629254
5,DMS-ACC,intermediate,ACC,108,0.1091
5,DMS-ACC,intermediate,ACC,109,0.058593
5,DMS-ACC,intermediate,ACC,110,0.022102
5,DMS-ACC,intermediate,ACC,111,0.030519
5,DMS-ACC,intermediate,ACC,112,0.717446
5,DMS-ACC,intermediate,ACC,113,0.506582
5,DMS-ACC,intermediate,ACC,114,0.054737
5,DMS-ACC,intermediate,ACC,115,0.087647
5,DMS-ACC,intermediate,ACC,116,0.0
5,DMS-ACC,intermediate,ACC,117,0.003592
5,DMS-ACC,intermediate,ACC,118,0.736897
5,DMS-ACC,intermediate,ACC,119,0.077291
5,DMS-ACC,intermediate,ACC,120,0.080091
5,DMS-ACC,intermediate,ACC,121,0.03193
5,DMS-ACC,intermediate,ACC,122,0.088102
5,DMS-ACC,intermediate,ACC,123,0.200209
5,DMS-ACC,intermediate,ACC,124,0.094441
5,DMS-ACC,intermediate,ACC,125,0.099766
5,DMS-ACC,intermediate,ACC,126,0.041738
5,DMS-ACC,intermediate,ACC,127,0.056892
5,DMS-ACC,intermediate,ACC,128,0.034726
5,DMS-ACC,intermediate,ACC,129,0.030631
5,DMS-ACC,intermediate,ACC,130,0.079976
5,DMS-ACC,intermediate,ACC,131,0.027229
5,DMS-ACC,intermediate,ACC,132,0.083992
5,DMS-ACC,intermediate,ACC,133,0.218184
5,DMS-ACC,intermediate,ACC,134,0.0
5,DMS-ACC,intermediate,ACC,135,0.0
5,DMS-ACC,intermediate,ACC,136,0.738288
5,DMS-ACC,intermediate,ACC,137,0.281317
5,DMS-ACC,intermediate,ACC,138,0.036797
5,DMS-ACC,intermediate,ACC,139,0.071909
5,DMS-ACC,intermediate,ACC,140,0.032611
5,DMS-ACC,intermediate,ACC,141,0.042592
5,DMS-ACC,intermediate,ACC,142,0.155156
5,DMS-ACC,intermediate,ACC,143,0.205842
5,DMS-ACC,intermediate,ACC,144,0.381188
5,DMS-ACC,intermediate,ACC,145,0.033338
5,DMS-ACC,intermediate,ACC,146,0.009353
5,DMS-ACC,intermediate,ACC,147,0.718586
5,DMS-ACC,intermediate,ACC,148,0.029555
5,DMS-ACC,intermediate,ACC,149,0.22387
5,DMS-ACC,intermediate,ACC,150,0.292406
5,DMS-ACC,intermediate,ACC,151,0.096382
5,DMS-ACC,intermediate,ACC,152,0.201599
5,DMS-ACC,intermediate,ACC,153,0.032127
5,DMS-ACC,intermediate,ACC,154,0.035759
5,DMS-ACC,intermediate,ACC,155,0.019578
5,DMS-ACC,intermediate,ACC,156,0.279553
5,DMS-ACC,intermediate,ACC,157,0.12913
5,DMS-ACC,expert,DMS,0,0.283076
5,DMS-ACC,expert,DMS,1,0.160766
5,DMS-ACC,expert,DMS,2,0.029176
5,DMS-ACC,expert,DMS,3,0.924516
5,DMS-ACC,expert,DMS,4,0.066966
5,DMS-ACC,expert,DMS,5,0.130794
5,DMS-ACC,expert,DMS,6,0.893452
5,DMS-ACC,expert,DMS,7,0.035522
5,DMS-ACC,expert,DMS,8,0.185781
5,DMS-ACC,expert,DMS,9,0.198137
5,DMS-ACC,expert,DMS,10,0.0
5,DMS-ACC,expert,DMS,11,0.886827
5,DMS-ACC,expert,DMS,12,0.387576
5,DMS-ACC,expert,DMS,13,0.906052
5,DMS-ACC,expert,DMS,14,0.944826
5,DMS-ACC,expert,DMS,15,0.184769
5,DMS-ACC,expert,DMS,16,0.011005
5,DMS-ACC,expert,DMS,17,0.033267
5,DMS-ACC,expert,DMS,18,0.160338
5,DMS-ACC,expert,DMS,19,0.92308
5,DMS-ACC,expert,DMS,20,0.960402
5,DMS-ACC,expert,DMS,21,0.0
5,DMS-ACC,expert,DMS,22,0.0
5,DMS-ACC,expert,DMS,23,0.046288
5,DMS-ACC,expert,DMS,24,0.806988
5,DMS-ACC,expert,DMS,25,0.879058
5,DMS-ACC,expert,DMS,26,0.046408
5,DMS-ACC,expert,DMS,27,0.028309
5,DMS-ACC,expert,DMS,28,0.182378
5,DMS-ACC,expert,DMS,29,0.910788
5,DMS-ACC,expert,DMS,30,0.768552
5,DMS-ACC,expert,DMS,31,0.703832
5,DMS-ACC,expert,DMS,32,0.021163
5,DMS-ACC,expert,DMS,33,0.977597
5,DMS-ACC,expert,DMS,34,0.195569
5,DMS-ACC,expert,DMS,35,0.806193
5,DMS-ACC,expert,DMS,36,0.0
5,DMS-ACC,expert,DMS,37,0.0
5,DMS-ACC,expert,DMS,38,0.887253
5,DMS-ACC,expert,DMS,39,0.075887
5,DMS-ACC,expert,DMS,40,0.0
5,DMS-ACC,expert,DMS,41,0.044915
5,DMS-ACC,expert,DMS,42,0.0
5,DMS-ACC,expert,DMS,43,0.0
5,DMS-ACC,expert,DMS,44,1.016974
5,DMS-ACC,expert,DMS,45,0.902107
5,DMS-ACC,expert,DMS,46,0.045373
5,DMS-ACC,expert,DMS,47,0.081585
5,DMS-ACC,expert,DMS,48,0.042515
5,DMS-ACC,expert,DMS,49,0.994717
5,DMS-ACC,expert,DMS,50,0.26075
5,DMS-ACC,expert,DMS,51,1.024656
5,DMS-ACC,expert,DMS,52,1.035747
5,DMS-ACC,expert,DMS,53,0.030607
5,DMS-ACC,expert,DMS,54,0.005041
5,DMS-ACC,expert,ACC,0,0.042411
5,DMS-ACC,expert,ACC,1,0.048757
5,DMS-ACC,expert,ACC,2,0.072085
5,DMS-ACC,expert,ACC,3,0.105738
5,DMS-ACC,expert,ACC,4,0.103865
5,DMS-ACC,expert,ACC,5,0.059535
5,DMS-ACC,expert,ACC,6,0.023329
5,DMS-ACC,expert,ACC,7,0.047344
5,DMS-ACC,expert,ACC,8,0.057269
5,DMS-ACC,expert,ACC,9,0.038764
5,DMS-ACC,expert,ACC,10,0.183767
5,DMS-ACC,expert,ACC,11,0.070334
5,DMS-ACC,expert,ACC,12,0.050314
5,DMS-ACC,expert,ACC,13,0.065153
5,DMS-ACC,expert,ACC,14,0.059398
5,DMS-ACC,expert,ACC,15,0.045713
5,DMS-ACC,expert,ACC,16,0.061472
5,DMS-ACC,expert,ACC,17,0.079704
5,DMS-ACC,expert,ACC,18,0.055459
5,DMS-ACC,expert,ACC,19,0.009185
5,DMS-ACC,expert,ACC,20,0.051931
5,DMS-ACC,expert,ACC,21,0.049299
5,DMS-ACC,expert,ACC,22,0.033883
5,DMS-ACC,expert,ACC,23,0.049629
5,DMS-ACC,expert,ACC,24,0.030339
5,DMS-ACC,expert,ACC,25,0.075577
5,DMS-ACC,expert,ACC,26,0.098092
5,DMS-ACC,expert,ACC,27,0.161721
5,DMS-ACC,expert,ACC,28,0.016264
5,DMS-ACC,expert,ACC,29,0.075585
5,DMS-ACC,expert,ACC,30,0.023058
5,DMS-ACC,expert,ACC,31,0.646597
5,DMS-ACC,expert,ACC,32,0.095502
5,DMS-ACC,expert,ACC,33,0.031574
5,DMS-ACC,expert,ACC,34,0.056193
5,DMS-ACC,expert,ACC,35,0.032823
5,DMS-ACC,expert,ACC,36,0.133727
5,DMS-ACC,expert,ACC,37,0.093753
5,DMS-ACC,expert,ACC,38,0.080662
5,DMS-ACC,expert,ACC,39,0.048347
5,DMS-ACC,expert,ACC,40,0.073983
5,DMS-ACC,expert,ACC,41,0.040835
5,DMS-ACC,expert,ACC,42,0.141569
5,DMS-ACC,expert,ACC,43,0.103066
5,DMS-ACC,expert,ACC,44,0.10724
5,DMS-ACC,expert,ACC,45,0.069761
5,DMS-ACC,expert,ACC,46,0.056271
5,DMS-ACC,expert,ACC,47,0.069411
5,DMS-ACC,expert,ACC,48,0.051761
5,DMS-ACC,expert,ACC,49,0.67733
5,DMS-ACC,expert,ACC,50,0.044841
5,DMS-ACC,expert,ACC,51,0.079281
5,DMS-ACC,expert,ACC,52,0.146595
5,DMS-ACC,expert,ACC,53,0.086757
5,DMS-ACC,expert,ACC,54,0.207315
5,DMS-ACC,expert,ACC,55,0.135631
5,DMS-ACC,expert,ACC,56,0.070178
5,DMS-ACC,expert,ACC,57,0.02863
5,DMS-ACC,expert,ACC,58,0.068104
5,DMS-ACC,expert,ACC,59,0.048282
5,DMS-ACC,expert,ACC,60,0.39093
5,DMS-ACC,expert,ACC,61,0.57205
5,DMS-ACC,expert,ACC,62,0.223057
5,DMS-ACC,expert,ACC,63,0.060648
5,DMS-ACC,expert,ACC,64,0.067281
5,DMS-ACC,expert,ACC,65,0.477411
5,DMS-ACC,expert,ACC,66,0.080194
5,DMS-ACC,expert,ACC,67,0.203055
5,DMS-ACC,expert,ACC,68,0.049216
5,DMS-ACC,expert,ACC,69,0.056457
5,DMS-ACC,expert,ACC,70,0.075891
5,DMS-ACC,expert,ACC,71,0.035893
5,DMS-ACC,expert,ACC,72,0.558576
5,DMS-ACC,expert,ACC,73,0.438309
5,DMS-ACC,expert,ACC,74,0.115384
5,DMS-ACC,expert,ACC,75,0.474717
5,DMS-ACC,expert,ACC,76,0.189706
5,DMS-ACC,expert,ACC,77,0.542225
5,DMS-ACC,expert,ACC,78,0.596254
5,DMS-ACC,expert,ACC,79,0.021419
5,DMS-ACC,expert,ACC,80,0.118899
5,DMS-ACC,expert,ACC,81,0.130012
5,DMS-ACC,expert,ACC,82,0.07568
5,DMS-ACC,expert,ACC,83,0.074408
5,DMS-ACC,expert,ACC,84,0.295712
5,DMS-ACC,expert,ACC,85,0.0
5,DMS-ACC,expert,ACC,86,0.109513
5,DMS-ACC,expert,ACC,87,0.571507
5,DMS-ACC,expert,ACC,88,0.587206
5,DMS-ACC,expert,ACC,89,0.018009
5,DMS-ACC,expert,ACC,90,0.308669
5,DMS-ACC,expert,ACC,91,0.075021
5,DMS-ACC,expert,ACC,92,0.036605
5,DMS-ACC,expert,ACC,93,0.013302
5,DMS-ACC,expert,ACC,94,0.041516
5,DMS-ACC,expert,ACC,95,0.025355
5,DMS-ACC,expert,ACC,96,0.059795
5,DMS-ACC,expert,ACC,97,0.023333
5,DMS-ACC,expert,ACC,98,0.0
5,DMS-ACC,expert,ACC,99,0.016785
5,DMS-ACC,expert,ACC,100,0.0
5,DMS-ACC,expert,ACC,101,0.424926
5,DMS-ACC,expert,ACC,102,0.032395
5,DMS-ACC,expert,ACC,103,0.01017
5,DMS-ACC,expert,ACC,104,0.058856
5,DMS-ACC,expert,ACC,105,0.022185
5,DMS-ACC,expert,ACC,106,0.045707
5,DMS-ACC,expert,ACC,107,0.650666
5,DMS-ACC,expert,ACC,108,0.05912
5,DMS-ACC,expert,ACC,109,0.63333
5,DMS-ACC,expert,ACC,110,0.682735
5,DMS-ACC,expert,ACC,111,0.697544
5,DMS-ACC,expert,ACC,112,0.028919
5,DMS-ACC,expert,ACC,113,0.033461
5,DMS-ACC,expert,ACC,114,0.072567
5,DMS-ACC,expert,ACC,115,0.156091
5,DMS-ACC,expert,ACC,116,0.0
5,DMS-ACC,expert,ACC,117,0.004818
5,DMS-ACC,expert,ACC,118,0.098043
5,DMS-ACC,expert,ACC,119,0.034131
5,DMS-ACC,expert,ACC,120,0.046013
5,DMS-ACC,expert,ACC,121,0.027625
5,DMS-ACC,expert,ACC,122,0.057254
5,DMS-ACC,expert,ACC,123,0.201306
5,DMS-ACC,expert,ACC,124,0.087361
5,DMS-ACC,expert,ACC,125,0.11172
5,DMS-ACC,expert,ACC,126,0.636382
5,DMS-ACC,expert,ACC,127,0.094392
5,DMS-ACC,expert,ACC,128,0.16543
5,DMS-ACC,expert,ACC,129,0.20225
5,DMS-ACC,expert,ACC,130,0.104244
5,DMS-ACC,expert,ACC,131,0.003773
5,DMS-ACC,expert,ACC,132,0.626808
5,DMS-ACC,expert,ACC,133,0.042496
5,DMS-ACC,expert,ACC,134,0.03711
5,DMS-ACC,expert,ACC,135,0.197958
5,DMS-ACC,expert,ACC,136,0.012724
5,DMS-ACC,expert,ACC,137,0.013239
5,DMS-ACC,expert,ACC,138,0.069601
5,DMS-ACC,expert,ACC,139,0.024606
5,DMS-ACC,expert,ACC,140,0.02926
5,DMS-ACC,expert,ACC,141,0.078834
5,DMS-ACC,expert,ACC,142,0.622855
5,DMS-ACC,expert,ACC,143,0.10674
5,DMS-ACC,expert,ACC,144,0.145944
5,DMS-ACC,expert,ACC,145,0.047649
5,DMS-ACC,expert,ACC,146,0.123488
5,DMS-ACC,expert,ACC,147,0.041102
5,DMS-ACC,expert,ACC,148,0.008599
5,DMS-ACC,expert,ACC,149,0.607194
5,DMS-ACC,expert,ACC,150,0.682328
5,DMS-ACC,expert,ACC,151,0.124588
5,DMS-ACC,expert,ACC,152,0.012896
5,DMS-ACC,expert,ACC,153,0.033348
5,DMS-ACC,expert,ACC,154,0.141874
5,DMS-ACC,expert,ACC,155,0.034567
5,DMS-ACC,expert,ACC,156,0.610773
5,DMS-ACC,expert,ACC,157,0.038375
5,DLS-ACC,naive,DLS,0,0.019504
5,DLS-ACC,naive,DLS,1,0.131782
5,DLS-ACC,naive,DLS,2,0.03473
5,DLS-ACC,naive,DLS,3,0.07958
5,DLS-ACC,naive,DLS,4,0.011561
5,DLS-ACC,naive,DLS,5,0.004962
5,DLS-ACC,naive,DLS,6,0.044671
5,DLS-ACC,naive,DLS,7,0.120499
5,DLS-ACC,naive,DLS,8,0.05311
5,DLS-ACC,naive,DLS,9,0.0
5,DLS-ACC,naive,DLS,10,0.007344
5,DLS-ACC,naive,DLS,11,0.114994
5,DLS-ACC,naive,DLS,12,0.167626
5,DLS-ACC,naive,DLS,13,0.098115
5,DLS-ACC,naive,DLS,14,0.0
5,DLS-ACC,naive,DLS,15,0.089492
5,DLS-ACC,naive,DLS,16,0.035484
5,DLS-ACC,naive,DLS,17,0.080185
5,DLS-ACC,naive,DLS,18,0.015544
5,DLS-ACC,naive,DLS,19,0.432771
5,DLS-ACC,naive,DLS,20,0.481634
5,DLS-ACC,naive,DLS,21,0.0
5,DLS-ACC,naive,DLS,22,0.064554
5,DLS-ACC,naive,DLS,23,0.03929
5,DLS-ACC,naive,DLS,24,0.0
5,DLS-ACC,naive,DLS,25,0.030199
5,DLS-ACC,naive,DLS,26,0.379439
5,DLS-ACC,naive,DLS,27,0.403869
5,DLS-ACC,naive,DLS,28,0.068982
5,DLS-ACC,naive,DLS,29,0.023387
5,DLS-ACC,naive,DLS,30,0.032564
5,DLS-ACC,naive,DLS,31,0.054318
5,DLS-ACC,naive,DLS,32,0.038678
5,DLS-ACC,naive,DLS,33,0.061797
5,DLS-ACC,naive,DLS,34,0.052996
5,DLS-ACC,naive,DLS,35,0.031574
5,DLS-ACC,naive,DLS,36,0.007409
5,DLS-ACC,naive,DLS,37,0.0
5,DLS-ACC,naive,DLS,38,0.016968
5,DLS-ACC,naive,DLS,39,0.040397
5,DLS-ACC,naive,DLS,40,0.037477
5,DLS-ACC,naive,DLS,41,0.040162
5,DLS-ACC,naive,DLS,42,0.043971
5,DLS-ACC,naive,DLS,43,0.058157
5,DLS-ACC,naive,DLS,44,0.019329
5,DLS-ACC,naive,DLS,45,0.080301
5,DLS-ACC,naive,DLS,46,0.020273
5,DLS-ACC,naive,DLS,47,0.081135
5,DLS-ACC,naive,DLS,48,0.078377
5,DLS-ACC,naive,DLS,49,0.0184
5,DLS-ACC,naive,DLS,50,0.019697
5,DLS-ACC,naive,DLS,51,0.024528
5,DLS-ACC,naive,DLS,52,0.093248
5,DLS-ACC,naive,DLS,53,0.063724
5,DLS-ACC,naive,DLS,54,0.096648
5,DLS-ACC,naive,DLS,55,0.045394
5,DLS-ACC,naive,DLS,56,0.249481
5,DLS-ACC,naive,DLS,57,0.070681
5,DLS-ACC,naive,DLS,58,0.03363
5,DLS-ACC,naive,DLS,59,0.071845
5,DLS-ACC,naive,DLS,60,0.070263
5,DLS-ACC,naive,DLS,61,0.088255
5,DLS-ACC,naive,DLS,62,0.009538
5,DLS-ACC,naive,DLS,63,0.103262
5,DLS-ACC,naive,DLS,64,0.025035
5,DLS-ACC,naive,DLS,65,0.074051
5,DLS-ACC,naive,DLS,66,0.066347
5,DLS-ACC,naive,DLS,67,0.051349
5,DLS-ACC,naive,DLS,68,0.026558
5,DLS-ACC,naive,DLS,69,0.34765
5,DLS-ACC,naive,DLS,70,0.015661
5,DLS-ACC,naive,DLS,71,0.285244
5,DLS-ACC,naive,DLS,72,0.124037
5,DLS-ACC,naive,DLS,73,0.039399
5,DLS-ACC,naive,DLS,74,0.041714
5,DLS-ACC,naive,DLS,75,0.061632
5,DLS-ACC,naive,DLS,76,0.372339
5,DLS-ACC,naive,DLS,77,0.03904
5,DLS-ACC,naive,DLS,78,0.396765
5,DLS-ACC,naive,DLS,79,0.0
5,DLS-ACC,naive,DLS,80,0.008954
5,DLS-ACC,naive,DLS,81,0.039041
5,DLS-ACC,naive,DLS,82,0.094716
5,DLS-ACC,naive,DLS,83,0.027074
5,DLS-ACC,naive,DLS,84,0.002352
5,DLS-ACC,naive,DLS,85,0.029323
5,DLS-ACC,naive,DLS,86,0.063617
5,DLS-ACC,naive,DLS,87,0.011896
5,DLS-ACC,naive,DLS,88,0.035868
5,DLS-ACC,naive,DLS,89,0.397828
5,DLS-ACC,naive,DLS,90,0.064557
5,DLS-ACC,naive,DLS,91,0.065245
5,DLS-ACC,naive,DLS,92,0.135955
5,DLS-ACC,naive,DLS,93,0.0
5,DLS-ACC,naive,DLS,94,0.113988
5,DLS-ACC,naive,DLS,95,0.035497
5,DLS-ACC,naive,DLS,96,0.016787
5,DLS-ACC,naive,DLS,97,0.024968
5,DLS-ACC,naive,DLS,98,0.041946
5,DLS-ACC,naive,DLS,99,0.030633
5,DLS-ACC,naive,DLS,100,0.03225
5,DLS-ACC,naive,DLS,101,0.021342
5,DLS-ACC,naive,DLS,102,0.553842
5,DLS-ACC,naive,DLS,103,0.006644
5,DLS-ACC,naive,DLS,104,0.046493
5,DLS-ACC,naive,DLS,105,0.001923
5,DLS-ACC,naive,DLS,106,0.0
5,DLS-ACC,naive,DLS,107,0.010593
5,DLS-ACC,naive,DLS,108,0.02171
5,DLS-ACC,naive,DLS,109,0.026885
5,DLS-ACC,naive,DLS,110,0.06802
5,DLS-ACC,naive,DLS,111,0.0
5,DLS-ACC,naive,DLS,112,0.105203
5,DLS-ACC,naive,DLS,113,0.10802
5,DLS-ACC,naive,DLS,114,0.013277
5,DLS-ACC,naive,DLS,115,0.104204
5,DLS-ACC,naive,DLS,116,0.030584
5,DLS-ACC,naive,DLS,117,0.057447
5,DLS-ACC,naive,DLS,118,0.029419
5,DLS-ACC,naive,DLS,119,0.044373
5,DLS-ACC,naive,DLS,120,0.504069
5,DLS-ACC,naive,DLS,121,0.038022
5,DLS-ACC,naive,DLS,122,0.013533
5,DLS-ACC,naive,DLS,123,0.066169
5,DLS-ACC,naive,DLS,124,0.0
5,DLS-ACC,naive,DLS,125,0.016621
5,DLS-ACC,naive,DLS,126,0.013425
5,DLS-ACC,naive,DLS,127,0.0
5,DLS-ACC,naive,DLS,128,0.067985
5,DLS-ACC,naive,DLS,129,0.02051
5,DLS-ACC,naive,DLS,130,0.058477
5,DLS-ACC,naive,DLS,131,0.01433
5,DLS-ACC,naive,DLS,132,0.00535
5,DLS-ACC,naive,DLS,133,0.003181
5,DLS-ACC,naive,DLS,134,0.027649
5,DLS-ACC,naive,DLS,135,0.018467
5,DLS-ACC,naive,DLS,136,0.0
5,DLS-ACC,naive,DLS,137,0.0
5,DLS-ACC,naive,DLS,138,0.012122
5,DLS-ACC,naive,DLS,139,0.016204
5,DLS-ACC,naive,DLS,140,0.0
5,DLS-ACC,naive,DLS,141,0.0
5,DLS-ACC,naive,DLS,142,0.0
5,DLS-ACC,naive,DLS,143,0.034648
5,DLS-ACC,naive,DLS,144,0.07325
5,DLS-ACC,naive,DLS,145,0.038488
5,DLS-ACC,naive,DLS,146,0.040815
5,DLS-ACC,naive,DLS,147,0.023402
5,DLS-ACC,naive,DLS,148,0.06643
5,DLS-ACC,naive,DLS,149,0.034085
5,DLS-ACC,naive,DLS,150,0.066814
5,DLS-ACC,naive,DLS,151,0.00318
5,DLS-ACC,naive,DLS,152,0.003498
5,DLS-ACC,naive,DLS,153,0.011615
5,DLS-ACC,naive,DLS,154,0.007057
5,DLS-ACC,naive,DLS,155,0.029039
5,DLS-ACC,naive,DLS,156,0.024076
5,DLS-ACC,naive,DLS,157,0.001345
5,DLS-ACC,naive,DLS,158,0.006638
5,DLS-ACC,naive,DLS,159,0.481682
5,DLS-ACC,naive,DLS,160,0.579465
5,DLS-ACC,naive,DLS,161,0.072488
5,DLS-ACC,naive,DLS,162,0.315753
5,DLS-ACC,naive,DLS,163,0.325212
5,DLS-ACC,naive,DLS,164,1e-06
5,DLS-ACC,naive,DLS,165,0.0
5,DLS-ACC,naive,DLS,166,0.0
5,DLS-ACC,naive,DLS,167,0.011438
5,DLS-ACC,naive,DLS,168,0.0
5,DLS-ACC,naive,DLS,169,0.045242
5,DLS-ACC,naive,DLS,170,0.108931
5,DLS-ACC,naive,DLS,171,0.011615
5,DLS-ACC,naive,DLS,172,0.004659
5,DLS-ACC,naive,DLS,173,0.001247
5,DLS-ACC,naive,DLS,174,0.509214
5,DLS-ACC,naive,DLS,175,0.017653
5,DLS-ACC,naive,DLS,176,0.043937
5,DLS-ACC,naive,DLS,177,0.09046
5,DLS-ACC,naive,DLS,178,0.021201
5,DLS-ACC,naive,DLS,179,0.03578
5,DLS-ACC,naive,DLS,180,0.052438
5,DLS-ACC,naive,DLS,181,0.04279
5,DLS-ACC,naive,DLS,182,0.563091
5,DLS-ACC,naive,DLS,183,0.058213
5,DLS-ACC,naive,DLS,184,0.044909
5,DLS-ACC,naive,DLS,185,0.012624
5,DLS-ACC,naive,DLS,186,0.270956
5,DLS-ACC,naive,DLS,187,0.549712
5,DLS-ACC,naive,DLS,188,0.273671
5,DLS-ACC,naive,DLS,189,0.529335
5,DLS-ACC,naive,DLS,190,0.380431
5,DLS-ACC,naive,DLS,191,0.022954
5,DLS-ACC,naive,DLS,192,0.539924
5,DLS-ACC,naive,DLS,193,0.014815
5,DLS-ACC,naive,DLS,194,0.004403
5,DLS-ACC,naive,DLS,195,0.33963
5,DLS-ACC,naive,DLS,196,0.349915
5,DLS-ACC,naive,DLS,197,0.026157
5,DLS-ACC,naive,DLS,198,0.031375
5,DLS-ACC,naive,DLS,199,0.068792
5,DLS-ACC,naive,DLS,200,0.519338
5,DLS-ACC,naive,DLS,201,0.201278
5,DLS-ACC,naive,DLS,202,0.032817
5,DLS-ACC,naive,DLS,203,0.029538
5,DLS-ACC,naive,DLS,204,0.048792
5,DLS-ACC,naive,DLS,205,0.028048
5,DLS-ACC,naive,DLS,206,0.10271
5,DLS-ACC,naive,DLS,207,0.027937
5,DLS-ACC,naive,DLS,208,0.020577
5,DLS-ACC,naive,DLS,209,0.030924
5,DLS-ACC,naive,DLS,210,0.124571
5,DLS-ACC,naive,DLS,211,0.031562
5,DLS-ACC,naive,DLS,212,0.411586
5,DLS-ACC,naive,DLS,213,0.024529
5,DLS-ACC,naive,DLS,214,0.094823
5,DLS-ACC,naive,DLS,215,0.02349
5,DLS-ACC,naive,DLS,216,0.002461
5,DLS-ACC,naive,DLS,217,0.013943
5,DLS-ACC,naive,DLS,218,0.144104
5,DLS-ACC,naive,DLS,219,0.118553
5,DLS-ACC,naive,DLS,220,0.014906
5,DLS-ACC,naive,DLS,221,0.031501
5,DLS-ACC,naive,DLS,222,0.046233
5,DLS-ACC,naive,DLS,223,0.009755
5,DLS-ACC,naive,DLS,224,0.022441
5,DLS-ACC,naive,DLS,225,0.009291
5,DLS-ACC,naive,ACC,0,0.040652
5,DLS-ACC,naive,ACC,1,0.071362
5,DLS-ACC,naive,ACC,2,0.094531
5,DLS-ACC,naive,ACC,3,0.142794
5,DLS-ACC,naive,ACC,4,0.011165
5,DLS-ACC,naive,ACC,5,0.03174
5,DLS-ACC,naive,ACC,6,0.038779
5,DLS-ACC,naive,ACC,7,0.038335
5,DLS-ACC,naive,ACC,8,0.049221
5,DLS-ACC,naive,ACC,9,0.053861
5,DLS-ACC,naive,ACC,10,0.009044
5,DLS-ACC,naive,ACC,11,0.085009
5,DLS-ACC,naive,ACC,12,0.05411
5,DLS-ACC,naive,ACC,13,0.015377
5,DLS-ACC,naive,ACC,14,0.033595
5,DLS-ACC,naive,ACC,15,0.016316
5,DLS-ACC,naive,ACC,16,0.031565
5,DLS-ACC,naive,ACC,17,0.043607
5,DLS-ACC,naive,ACC,18,0.01756
5,DLS-ACC,naive,ACC,19,0.710969
5,DLS-ACC,naive,ACC,20,0.215041
5,DLS-ACC,naive,ACC,21,0.026977
5,DLS-ACC,naive,ACC,22,0.037397
5,DLS-ACC,naive,ACC,23,0.048291
5,DLS-ACC,naive,ACC,24,0.284609
5,DLS-ACC,naive,ACC,25,0.094112
5,DLS-ACC,naive,ACC,26,0.013355
5,DLS-ACC,naive,ACC,27,0.045677
5,DLS-ACC,naive,ACC,28,0.283947
5,DLS-ACC,naive,ACC,29,0.062316
5,DLS-ACC,naive,ACC,30,0.058022
5,DLS-ACC,naive,ACC,31,0.029152
5,DLS-ACC,naive,ACC,32,0.199962
5,DLS-ACC,naive,ACC,33,0.01848
5,DLS-ACC,naive,ACC,34,0.037962
5,DLS-ACC,naive,ACC,35,0.584373
5,DLS-ACC,naive,ACC,36,0.002809
5,DLS-ACC,naive,ACC,37,0.658285
5,DLS-ACC,naive,ACC,38,0.03093
5,DLS-ACC,naive,ACC,39,0.094813
5,DLS-ACC,naive,ACC,40,0.046629
5,DLS-ACC,naive,ACC,41,0.098908
5,DLS-ACC,naive,ACC,42,0.030953
5,DLS-ACC,naive,ACC,43,0.054657
5,DLS-ACC,naive,ACC,44,0.023228
5,DLS-ACC,naive,ACC,45,0.03999
5,DLS-ACC,naive,ACC,46,0.041151
5,DLS-ACC,naive,ACC,47,0.039256
5,DLS-ACC,naive,ACC,48,0.195105
5,DLS-ACC,naive,ACC,49,0.006808
5,DLS-ACC,naive,ACC,50,0.090981
5,DLS-ACC,naive,ACC,51,0.076119
5,DLS-ACC,naive,ACC,52,0.057771
5,DLS-ACC,naive,ACC,53,0.141436
5,DLS-ACC,naive,ACC,54,0.029192
5,DLS-ACC,naive,ACC,55,0.008943
5,DLS-ACC,naive,ACC,56,0.048406
5,DLS-ACC,naive,ACC,57,0.414184
5,DLS-ACC,naive,ACC,58,0.075662
5,DLS-ACC,naive,ACC,59,0.021584
5,DLS-ACC,naive,ACC,60,0.028475
5,DLS-ACC,naive,ACC,61,0.031145
5,DLS-ACC,naive,ACC,62,0.016428
5,DLS-ACC,naive,ACC,63,0.048806
5,DLS-ACC,naive,ACC,64,0.02311
5,DLS-ACC,naive,ACC,65,0.030198
5,DLS-ACC,naive,ACC,66,0.041782
5,DLS-ACC,naive,ACC,67,0.074425
5,DLS-ACC,naive,ACC,68,0.115563
5,DLS-ACC,naive,ACC,69,0.097079
5,DLS-ACC,naive,ACC,70,0.119982
5,DLS-ACC,naive,ACC,71,0.105751
5,DLS-ACC,naive,ACC,72,0.010295
5,DLS-ACC,naive,ACC,73,0.360781
5,DLS-ACC,naive,ACC,74,0.062661
5,DLS-ACC,naive,ACC,75,0.334708
5,DLS-ACC,naive,ACC,76,0.048502
5,DLS-ACC,naive,ACC,77,0.062897
5,DLS-ACC,naive,ACC,78,0.043645
5,DLS-ACC,naive,ACC,79,0.062783
5,DLS-ACC,naive,ACC,80,0.391429
5,DLS-ACC,naive,ACC,81,0.284105
5,DLS-ACC,naive,ACC,82,0.0
5,DLS-ACC,naive,ACC,83,0.0
5,DLS-ACC,naive,ACC,84,0.091155
5,DLS-ACC,naive,ACC,85,0.582437
5,DLS-ACC,naive,ACC,86,0.0
5,DLS-ACC,naive,ACC,87,0.698878
5,DLS-ACC,naive,ACC,88,0.064497
5,DLS-ACC,naive,ACC,89,0.017895
5,DLS-ACC,naive,ACC,90,0.007
5,DLS-ACC,naive,ACC,91,0.016123
5,DLS-ACC,naive,ACC,92,0.054069
5,DLS-ACC,naive,ACC,93,0.119609
5,DLS-ACC,naive,ACC,94,0.039315
5,DLS-ACC,naive,ACC,95,0.052954
5,DLS-ACC,naive,ACC,96,0.129874
5,DLS-ACC,naive,ACC,97,0.054367
5,DLS-ACC,naive,ACC,98,0.026859
5,DLS-ACC,naive,ACC,99,0.289065
5,DLS-ACC,naive,ACC,100,0.009179
5,DLS-ACC,naive,ACC,101,0.00617
5,DLS-ACC,naive,ACC,102,0.03027
5,DLS-ACC,naive,ACC,103,0.674999
5,DLS-ACC,naive,ACC,104,0.015426
5,DLS-ACC,naive,ACC,105,0.05619
5,DLS-ACC,naive,ACC,106,0.025688
5,DLS-ACC,naive,ACC,107,0.666556
5,DLS-ACC,naive,ACC,108,0.102437
5,DLS-ACC,naive,ACC,109,0.555039
5,DLS-ACC,naive,ACC,110,0.0197
5,DLS-ACC,naive,ACC,111,0.716346
5,DLS-ACC,naive,ACC,112,0.087255
5,DLS-ACC,naive,ACC,113,0.022295
5,DLS-ACC,naive,ACC,114,0.067271
5,DLS-ACC,naive,ACC,115,0.066835
5,DLS-ACC,naive,ACC,116,0.0
5,DLS-ACC,naive,ACC,117,0.038623
5,DLS-ACC,naive,ACC,118,0.703149
5,DLS-ACC,naive,ACC,119,0.053708
5,DLS-ACC,naive,ACC,120,0.224054
5,DLS-ACC,naive,ACC,121,0.02051
5,DLS-ACC,naive,ACC,122,0.163671
5,DLS-ACC,naive,ACC,123,0.054864
5,DLS-ACC,naive,ACC,124,0.075064
5,DLS-ACC,naive,ACC,125,0.050967
5,DLS-ACC,naive,ACC,126,0.029443
5,DLS-ACC,naive,ACC,127,0.048491
5,DLS-ACC,naive,ACC,128,0.06573
5,DLS-ACC,naive,ACC,129,0.064814
5,DLS-ACC,naive,ACC,130,0.090936
5,DLS-ACC,naive,ACC,131,0.00073
5,DLS-ACC,naive,ACC,132,0.132125
5,DLS-ACC,naive,ACC,133,0.039441
5,DLS-ACC,naive,ACC,134,0.0
5,DLS-ACC,naive,ACC,135,0.0
5,DLS-ACC,naive,ACC,136,0.004875
5,DLS-ACC,naive,ACC,137,0.718553
5,DLS-ACC,naive,ACC,138,0.691901
5,DLS-ACC,naive,ACC,139,0.703973
5,DLS-ACC,naive,ACC,140,0.079133
5,DLS-ACC,naive,ACC,141,0.053502
5,DLS-ACC,naive,ACC,142,0.047252
5,DLS-ACC,naive,ACC,143,0.05105
5,DLS-ACC,naive,ACC,144,0.004164
5,DLS-ACC,naive,ACC,145,0.640786
5,DLS-ACC,naive,ACC,146,0.532522
5,DLS-ACC,naive,ACC,147,0.036299
5,DLS-ACC,naive,ACC,148,0.363226
5,DLS-ACC,naive,ACC,149,0.00445
5,DLS-ACC,naive,ACC,150,0.01376
5,DLS-ACC,naive,ACC,151,0.003509
5,DLS-ACC,naive,ACC,152,0.036657
5,DLS-ACC,naive,ACC,153,0.035863
5,DLS-ACC,naive,ACC,154,0.045393
5,DLS-ACC,naive,ACC,155,0.679869
5,DLS-ACC,naive,ACC,156,0.076533
5,DLS-ACC,naive,ACC,157,0.479505
5,DLS-ACC,intermediate,DLS,0,0.037537
5,DLS-ACC,intermediate,DLS,1,0.136706
5,DLS-ACC,intermediate,DLS,2,0.152347
5,DLS-ACC,intermediate,DLS,3,0.147482
5,DLS-ACC,intermediate,DLS,4,0.623661
5,DLS-ACC,intermediate,DLS,5,0.013552
5,DLS-ACC,intermediate,DLS,6,0.1684
5,DLS-ACC,intermediate,DLS,7,0.157222
5,DLS-ACC,intermediate,DLS,8,0.082619
5,DLS-ACC,intermediate,DLS,9,0.006515
5,DLS-ACC,intermediate,DLS,10,0.03176
5,DLS-ACC,intermediate,DLS,11,0.059866
5,DLS-ACC,intermediate,DLS,12,0.218757
5,DLS-ACC,intermediate,DLS,13,0.173555
5,DLS-ACC,intermediate,DLS,14,0.0
5,DLS-ACC,intermediate,DLS,15,0.186009
5,DLS-ACC,intermediate,DLS,16,0.123097
5,DLS-ACC,intermediate,DLS,17,0.213271
5,DLS-ACC,intermediate,DLS,18,0.155918
5,DLS-ACC,intermediate,DLS,19,0.137785
5,DLS-ACC,intermediate,DLS,20,0.016611
5,DLS-ACC,intermediate,DLS,21,0.028511
5,DLS-ACC,intermediate,DLS,22,0.261331
5,DLS-ACC,intermediate,DLS,23,0.069628
5,DLS-ACC,intermediate,DLS,24,0.032166
5,DLS-ACC,intermediate,DLS,25,0.288511
5,DLS-ACC,intermediate,DLS,26,0.445506
5,DLS-ACC,intermediate,DLS,27,0.392805
5,DLS-ACC,intermediate,DLS,28,0.294978
5,DLS-ACC,intermediate,DLS,29,0.213573
5,DLS-ACC,intermediate,DLS,30,0.192909
5,DLS-ACC,intermediate,DLS,31,0.04342
5,DLS-ACC,intermediate,DLS,32,0.068073
5,DLS-ACC,intermediate,DLS,33,0.166427
5,DLS-ACC,intermediate,DLS,34,0.057752
5,DLS-ACC,intermediate,DLS,35,0.21083
5,DLS-ACC,intermediate,DLS,36,0.064014
5,DLS-ACC,intermediate,DLS,37,0.006906
5,DLS-ACC,intermediate,DLS,38,0.104991
5,DLS-ACC,intermediate,DLS,39,0.018964
5,DLS-ACC,intermediate,DLS,40,0.076417
5,DLS-ACC,intermediate,DLS,41,0.087536
5,DLS-ACC,intermediate,DLS,42,0.058781
5,DLS-ACC,intermediate,DLS,43,0.053921
5,DLS-ACC,intermediate,DLS,44,0.071293
5,DLS-ACC,intermediate,DLS,45,0.072693
5,DLS-ACC,intermediate,DLS,46,0.058677
5,DLS-ACC,intermediate,DLS,47,0.121236
5,DLS-ACC,intermediate,DLS,48,0.083477
5,DLS-ACC,intermediate,DLS,49,0.044928
5,DLS-ACC,intermediate,DLS,50,0.113796
5,DLS-ACC,intermediate,DLS,51,0.09167
5,DLS-ACC,intermediate,DLS,52,0.199898
5,DLS-ACC,intermediate,DLS,53,0.039797
5,DLS-ACC,intermediate,DLS,54,0.102894
5,DLS-ACC,intermediate,DLS,55,0.100624
5,DLS-ACC,intermediate,DLS,56,0.090657
5,DLS-ACC,intermediate,DLS,57,0.120173
5,DLS-ACC,intermediate,DLS,58,0.221333
5,DLS-ACC,intermediate,DLS,59,0.153693
5,DLS-ACC,intermediate,DLS,60,0.075537
5,DLS-ACC,intermediate,DLS,61,0.121099
5,DLS-ACC,intermediate,DLS,62,0.047121
5,DLS-ACC,intermediate,DLS,63,0.014655
5,DLS-ACC,intermediate,DLS,64,0.656218
5,DLS-ACC,intermediate,DLS,65,0.160884
5,DLS-ACC,intermediate,DLS,66,0.013816
5,DLS-ACC,intermediate,DLS,67,0.061962
5,DLS-ACC,intermediate,DLS,68,0.06838
5,DLS-ACC,intermediate,DLS,69,0.146858
5,DLS-ACC,intermediate,DLS,70,0.097076
5,DLS-ACC,intermediate,DLS,71,0.092418
5,DLS-ACC,intermediate,DLS,72,0.014697
5,DLS-ACC,intermediate,DLS,73,0.094321
5,DLS-ACC,intermediate,DLS,74,0.195132
5,DLS-ACC,intermediate,DLS,75,0.043756
5,DLS-ACC,intermediate,DLS,76,0.004158
5,DLS-ACC,intermediate,DLS,77,0.205618
5,DLS-ACC,intermediate,DLS,78,0.002688
5,DLS-ACC,intermediate,DLS,79,0.301486
5,DLS-ACC,intermediate,DLS,80,0.018264
5,DLS-ACC,intermediate,DLS,81,0.08541
5,DLS-ACC,intermediate,DLS,82,0.022201
5,DLS-ACC,intermediate,DLS,83,0.035873
5,DLS-ACC,intermediate,DLS,84,0.020669
5,DLS-ACC,intermediate,DLS,85,0.078795
5,DLS-ACC,intermediate,DLS,86,0.06844
5,DLS-ACC,intermediate,DLS,87,0.201373
5,DLS-ACC,intermediate,DLS,88,0.385656
5,DLS-ACC,intermediate,DLS,89,0.01224
5,DLS-ACC,intermediate,DLS,90,0.467063
5,DLS-ACC,intermediate,DLS,91,0.464653
5,DLS-ACC,intermediate,DLS,92,0.029905
5,DLS-ACC,intermediate,DLS,93,0.463438
5,DLS-ACC,intermediate,DLS,94,0.007385
5,DLS-ACC,intermediate,DLS,95,0.145665
5,DLS-ACC,intermediate,DLS,96,0.073352
5,DLS-ACC,intermediate,DLS,97,0.047394
5,DLS-ACC,intermediate,DLS,98,0.019629
5,DLS-ACC,intermediate,DLS,99,0.052542
5,DLS-ACC,intermediate,DLS,100,0.021421
5,DLS-ACC,intermediate,DLS,101,0.579276
5,DLS-ACC,intermediate,DLS,102,0.018395
5,DLS-ACC,intermediate,DLS,103,0.634422
5,DLS-ACC,intermediate,DLS,104,0.057606
5,DLS-ACC,intermediate,DLS,105,0.027296
5,DLS-ACC,intermediate,DLS,106,0.044848
5,DLS-ACC,intermediate,DLS,107,0.009307
5,DLS-ACC,intermediate,DLS,108,0.08591
5,DLS-ACC,intermediate,DLS,109,0.020732
5,DLS-ACC,intermediate,DLS,110,0.039857
5,DLS-ACC,intermediate,DLS,111,0.0
5,DLS-ACC,intermediate,DLS,112,0.186638
5,DLS-ACC,intermediate,DLS,113,0.041497
5,DLS-ACC,intermediate,DLS,114,0.110376
5,DLS-ACC,intermediate,DLS,115,0.201434
5,DLS-ACC,intermediate,DLS,116,0.120459
5,DLS-ACC,intermediate,DLS,117,0.038821
5,DLS-ACC,intermediate,DLS,118,0.031423
5,DLS-ACC,intermediate,DLS,119,0.052556
5,DLS-ACC,intermediate,DLS,120,0.038569
5,DLS-ACC,intermediate,DLS,121,0.225101
5,DLS-ACC,intermediate,DLS,122,0.017164
5,DLS-ACC,intermediate,DLS,123,0.012352
5,DLS-ACC,intermediate,DLS,124,0.007267
5,DLS-ACC,intermediate,DLS,125,0.136747
5,DLS-ACC,intermediate,DLS,126,0.617158
5,DLS-ACC,intermediate,DLS,127,0.040566
5,DLS-ACC,intermediate,DLS,128,0.098054
5,DLS-ACC,intermediate,DLS,129,0.035759
5,DLS-ACC,intermediate,DLS,130,0.193567
5,DLS-ACC,intermediate,DLS,131,0.117816
5,DLS-ACC,intermediate,DLS,132,0.055956
5,DLS-ACC,intermediate,DLS,133,0.065253
5,DLS-ACC,intermediate,DLS,134,0.271971
5,DLS-ACC,intermediate,DLS,135,0.270487
5,DLS-ACC,intermediate,DLS,136,0.451515
5,DLS-ACC,intermediate,DLS,137,0.0
5,DLS-ACC,intermediate,DLS,138,0.058001
5,DLS-ACC,intermediate,DLS,139,0.063933
5,DLS-ACC,intermediate,DLS,140,0.0
5,DLS-ACC,intermediate,DLS,141,0.0
5,DLS-ACC,intermediate,DLS,142,0.0
5,DLS-ACC,intermediate,DLS,143,0.027096
5,DLS-ACC,intermediate,DLS,144,0.0
5,DLS-ACC,intermediate,DLS,145,0.173341
5,DLS-ACC,intermediate,DLS,146,0.011817
5,DLS-ACC,intermediate,DLS,147,0.018706
5,DLS-ACC,intermediate,DLS,148,0.018383
5,DLS-ACC,intermediate,DLS,149,0.125724
5,DLS-ACC,intermediate,DLS,150,0.069481
5,DLS-ACC,intermediate,DLS,151,0.052897
5,DLS-ACC,intermediate,DLS,152,0.047789
5,DLS-ACC,intermediate,DLS,153,0.038779
5,DLS-ACC,intermediate,DLS,154,0.053241
5,DLS-ACC,intermediate,DLS,155,0.054566
5,DLS-ACC,intermediate,DLS,156,0.100779
5,DLS-ACC,intermediate,DLS,157,0.00951
5,DLS-ACC,intermediate,DLS,158,0.047633
5,DLS-ACC,intermediate,DLS,159,0.033645
5,DLS-ACC,intermediate,DLS,160,0.0
5,DLS-ACC,intermediate,DLS,161,0.058416
5,DLS-ACC,intermediate,DLS,162,0.291762
5,DLS-ACC,intermediate,DLS,163,0.259588
5,DLS-ACC,intermediate,DLS,164,0.029546
5,DLS-ACC,intermediate,DLS,165,0.419375
5,DLS-ACC,intermediate,DLS,166,0.437665
5,DLS-ACC,intermediate,DLS,167,0.054814
5,DLS-ACC,intermediate,DLS,168,0.054372
5,DLS-ACC,intermediate,DLS,169,0.445704
5,DLS-ACC,intermediate,DLS,170,0.047017
5,DLS-ACC,intermediate,DLS,171,0.014217
5,DLS-ACC,intermediate,DLS,172,0.049761
5,DLS-ACC,intermediate,DLS,173,0.619718
5,DLS-ACC,intermediate,DLS,174,0.095828
5,DLS-ACC,intermediate,DLS,175,0.080939
5,DLS-ACC,intermediate,DLS,176,0.067994
5,DLS-ACC,intermediate,DLS,177,0.275312
5,DLS-ACC,intermediate,DLS,178,0.334681
5,DLS-ACC,intermediate,DLS,179,0.240261
5,DLS-ACC,intermediate,DLS,180,0.115345
5,DLS-ACC,intermediate,DLS,181,0.076604
5,DLS-ACC,intermediate,DLS,182,0.023373
5,DLS-ACC,intermediate,DLS,183,0.020829
5,DLS-ACC,intermediate,DLS,184,0.098386
5,DLS-ACC,intermediate,DLS,185,0.016411
5,DLS-ACC,intermediate,DLS,186,0.248951
5,DLS-ACC,intermediate,DLS,187,0.0
5,DLS-ACC,intermediate,DLS,188,0.213577
5,DLS-ACC,intermediate,DLS,189,0.036471
5,DLS-ACC,intermediate,DLS,190,0.0
5,DLS-ACC,intermediate,DLS,191,0.052793
5,DLS-ACC,intermediate,DLS,192,0.083063
5,DLS-ACC,intermediate,DLS,193,0.239676
5,DLS-ACC,intermediate,DLS,194,0.002993
5,DLS-ACC,intermediate,DLS,195,0.091082
5,DLS-ACC,intermediate,DLS,196,0.272685
5,DLS-ACC,intermediate,DLS,197,0.137613
5,DLS-ACC,intermediate,DLS,198,0.152404
5,DLS-ACC,intermediate,DLS,199,0.014025
5,DLS-ACC,intermediate,DLS,200,0.023871
5,DLS-ACC,intermediate,DLS,201,0.025412
5,DLS-ACC,intermediate,DLS,202,0.057391
5,DLS-ACC,intermediate,DLS,203,0.440678
5,DLS-ACC,intermediate,DLS,204,0.012067
5,DLS-ACC,intermediate,DLS,205,0.031963
5,DLS-ACC,intermediate,DLS,206,0.180802
5,DLS-ACC,intermediate,DLS,207,0.021948
5,DLS-ACC,intermediate,DLS,208,0.022235
5,DLS-ACC,intermediate,DLS,209,0.326764
5,DLS-ACC,intermediate,DLS,210,0.006166
5,DLS-ACC,intermediate,DLS,211,0.137902
5,DLS-ACC,intermediate,DLS,212,0.033938
5,DLS-ACC,intermediate,DLS,213,0.053463
5,DLS-ACC,intermediate,DLS,214,0.130751
5,DLS-ACC,intermediate,DLS,215,0.032803
5,DLS-ACC,intermediate,DLS,216,0.51749
5,DLS-ACC,intermediate,DLS,217,0.226629
5,DLS-ACC,intermediate,DLS,218,0.221057
5,DLS-ACC,intermediate,DLS,219,0.031305
5,DLS-ACC,intermediate,DLS,220,0.03488
5,DLS-ACC,intermediate,DLS,221,0.098656
5,DLS-ACC,intermediate,DLS,222,0.118724
5,DLS-ACC,intermediate,DLS,223,0.254134
5,DLS-ACC,intermediate,DLS,224,0.093858
5,DLS-ACC,intermediate,DLS,225,0.010593
5,DLS-ACC,intermediate,ACC,0,0.075593
5,DLS-ACC,intermediate,ACC,1,0.039263
5,DLS-ACC,intermediate,ACC,2,0.094048
5,DLS-ACC,intermediate,ACC,3,0.069367
5,DLS-ACC,intermediate,ACC,4,0.722358
5,DLS-ACC,intermediate,ACC,5,0.08464
5,DLS-ACC,intermediate,ACC,6,0.066161
5,DLS-ACC,intermediate,ACC,7,0.065599
5,DLS-ACC,intermediate,ACC,8,0.086091
5,DLS-ACC,intermediate,ACC,9,0.03803
5,DLS-ACC,intermediate,ACC,10,0.702768
5,DLS-ACC,intermediate,ACC,11,0.086213
5,DLS-ACC,intermediate,ACC,12,0.049219
5,DLS-ACC,intermediate,ACC,13,0.041477
5,DLS-ACC,intermediate,ACC,14,0.050114
5,DLS-ACC,intermediate,ACC,15,0.640926
5,DLS-ACC,intermediate,ACC,16,0.074282
5,DLS-ACC,intermediate,ACC,17,0.132032
5,DLS-ACC,intermediate,ACC,18,0.048954
5,DLS-ACC,intermediate,ACC,19,0.0
5,DLS-ACC,intermediate,ACC,20,0.028625
5,DLS-ACC,intermediate,ACC,21,0.043248
5,DLS-ACC,intermediate,ACC,22,0.213537
5,DLS-ACC,intermediate,ACC,23,0.071834
5,DLS-ACC,intermediate,ACC,24,0.087245
5,DLS-ACC,intermediate,ACC,25,0.125234
5,DLS-ACC,intermediate,ACC,26,0.068678
5,DLS-ACC,intermediate,ACC,27,0.171296
5,DLS-ACC,intermediate,ACC,28,0.01897
5,DLS-ACC,intermediate,ACC,29,0.110659
5,DLS-ACC,intermediate,ACC,30,0.020819
5,DLS-ACC,intermediate,ACC,31,0.046452
5,DLS-ACC,intermediate,ACC,32,0.16043
5,DLS-ACC,intermediate,ACC,33,0.720189
5,DLS-ACC,intermediate,ACC,34,0.054788
5,DLS-ACC,intermediate,ACC,35,0.729699
5,DLS-ACC,intermediate,ACC,36,0.745702
5,DLS-ACC,intermediate,ACC,37,0.027622
5,DLS-ACC,intermediate,ACC,38,0.036915
5,DLS-ACC,intermediate,ACC,39,0.053281
5,DLS-ACC,intermediate,ACC,40,0.164361
5,DLS-ACC,intermediate,ACC,41,0.075695
5,DLS-ACC,intermediate,ACC,42,0.022127
5,DLS-ACC,intermediate,ACC,43,0.088364
5,DLS-ACC,intermediate,ACC,44,0.056414
5,DLS-ACC,intermediate,ACC,45,0.077845
5,DLS-ACC,intermediate,ACC,46,0.065389
5,DLS-ACC,intermediate,ACC,47,0.080234
5,DLS-ACC,intermediate,ACC,48,0.072442
5,DLS-ACC,intermediate,ACC,49,0.450472
5,DLS-ACC,intermediate,ACC,50,0.034631
5,DLS-ACC,intermediate,ACC,51,0.224727
5,DLS-ACC,intermediate,ACC,52,0.219774
5,DLS-ACC,intermediate,ACC,53,0.315774
5,DLS-ACC,intermediate,ACC,54,0.365574
5,DLS-ACC,intermediate,ACC,55,0.081521
5,DLS-ACC,intermediate,ACC,56,0.123064
5,DLS-ACC,intermediate,ACC,57,0.021056
5,DLS-ACC,intermediate,ACC,58,0.723667
5,DLS-ACC,intermediate,ACC,59,0.040119
5,DLS-ACC,intermediate,ACC,60,0.065037
5,DLS-ACC,intermediate,ACC,61,0.536381
5,DLS-ACC,intermediate,ACC,62,0.584736
5,DLS-ACC,intermediate,ACC,63,0.111976
5,DLS-ACC,intermediate,ACC,64,0.057781
5,DLS-ACC,intermediate,ACC,65,0.07462
5,DLS-ACC,intermediate,ACC,66,0.259193
5,DLS-ACC,intermediate,ACC,67,0.190485
5,DLS-ACC,intermediate,ACC,68,0.251569
5,DLS-ACC,intermediate,ACC,69,0.079822
5,DLS-ACC,intermediate,ACC,70,0.069398
5,DLS-ACC,intermediate,ACC,71,0.046726
5,DLS-ACC,intermediate,ACC,72,0.032649
5,DLS-ACC,intermediate,ACC,73,0.153413
5,DLS-ACC,intermediate,ACC,74,0.105052
5,DLS-ACC,intermediate,ACC,75,0.159511
5,DLS-ACC,intermediate,ACC,76,0.013755
5,DLS-ACC,intermediate,ACC,77,0.017069
5,DLS-ACC,intermediate,ACC,78,0.074996
5,DLS-ACC,intermediate,ACC,79,0.049873
5,DLS-ACC,intermediate,ACC,80,0.018971
5,DLS-ACC,intermediate,ACC,81,0.088629
5,DLS-ACC,intermediate,ACC,82,0.01253
5,DLS-ACC,intermediate,ACC,83,0.0
5,DLS-ACC,intermediate,ACC,84,0.046681
5,DLS-ACC,intermediate,ACC,85,0.698058
5,DLS-ACC,intermediate,ACC,86,0.412824
5,DLS-ACC,intermediate,ACC,87,0.006395
5,DLS-ACC,intermediate,ACC,88,0.015975
5,DLS-ACC,intermediate,ACC,89,0.134027
5,DLS-ACC,intermediate,ACC,90,0.678341
5,DLS-ACC,intermediate,ACC,91,0.713524
5,DLS-ACC,intermediate,ACC,92,0.095788
5,DLS-ACC,intermediate,ACC,93,0.018576
5,DLS-ACC,intermediate,ACC,94,0.016048
5,DLS-ACC,intermediate,ACC,95,0.014427
5,DLS-ACC,intermediate,ACC,96,0.034579
5,DLS-ACC,intermediate,ACC,97,0.018709
5,DLS-ACC,intermediate,ACC,98,0.0
5,DLS-ACC,intermediate,ACC,99,0.010001
5,DLS-ACC,intermediate,ACC,100,0.025827
5,DLS-ACC,intermediate,ACC,101,0.274504
5,DLS-ACC,intermediate,ACC,102,0.099075
5,DLS-ACC,intermediate,ACC,103,0.00951
5,DLS-ACC,intermediate,ACC,104,0.559211
5,DLS-ACC,intermediate,ACC,105,0.044161
5,DLS-ACC,intermediate,ACC,106,0.111607
5,DLS-ACC,intermediate,ACC,107,0.643641
5,DLS-ACC,intermediate,ACC,108,0.12312
5,DLS-ACC,intermediate,ACC,109,0.055657
5,DLS-ACC,intermediate,ACC,110,0.02109
5,DLS-ACC,intermediate,ACC,111,0.031026
5,DLS-ACC,intermediate,ACC,112,0.697713
5,DLS-ACC,intermediate,ACC,113,0.490817
5,DLS-ACC,intermediate,ACC,114,0.053769
5,DLS-ACC,intermediate,ACC,115,0.091675
5,DLS-ACC,intermediate,ACC,116,0.0
5,DLS-ACC,intermediate,ACC,117,0.003481
5,DLS-ACC,intermediate,ACC,118,0.735877
5,DLS-ACC,intermediate,ACC,119,0.075433
5,DLS-ACC,intermediate,ACC,120,0.080101
5,DLS-ACC,intermediate,ACC,121,0.0323
5,DLS-ACC,intermediate,ACC,122,0.086054
5,DLS-ACC,intermediate,ACC,123,0.194266
5,DLS-ACC,intermediate,ACC,124,0.095122
5,DLS-ACC,intermediate,ACC,125,0.09572
5,DLS-ACC,intermediate,ACC,126,0.044139
5,DLS-ACC,intermediate,ACC,127,0.057432
5,DLS-ACC,intermediate,ACC,128,0.034374
5,DLS-ACC,intermediate,ACC,129,0.029533
5,DLS-ACC,intermediate,ACC,130,0.075831
5,DLS-ACC,intermediate,ACC,131,0.027129
5,DLS-ACC,intermediate,ACC,132,0.084503
5,DLS-ACC,intermediate,ACC,133,0.208072
5,DLS-ACC,intermediate,ACC,134,0.0
5,DLS-ACC,intermediate,ACC,135,0.0
5,DLS-ACC,intermediate,ACC,136,0.728478
5,DLS-ACC,intermediate,ACC,137,0.210486
5,DLS-ACC,intermediate,ACC,138,0.037196
5,DLS-ACC,intermediate,ACC,139,0.065351
5,DLS-ACC,intermediate,ACC,140,0.029057
5,DLS-ACC,intermediate,ACC,141,0.04278
5,DLS-ACC,intermediate,ACC,142,0.146066
5,DLS-ACC,intermediate,ACC,143,0.203435
5,DLS-ACC,intermediate,ACC,144,0.377462
5,DLS-ACC,intermediate,ACC,145,0.03226
5,DLS-ACC,intermediate,ACC,146,0.007799
5,DLS-ACC,intermediate,ACC,147,0.717561
5,DLS-ACC,intermediate,ACC,148,0.029379
5,DLS-ACC,intermediate,ACC,149,0.215111
5,DLS-ACC,intermediate,ACC,150,0.224487
5,DLS-ACC,intermediate,ACC,151,0.105203
5,DLS-ACC,intermediate,ACC,152,0.178988
5,DLS-ACC,intermediate,ACC,153,0.030573
5,DLS-ACC,intermediate,ACC,154,0.034378
5,DLS-ACC,intermediate,ACC,155,0.019565
5,DLS-ACC,intermediate,ACC,156,0.267239
5,DLS-ACC,intermediate,ACC,157,0.153624
5,DLS-ACC,expert,DLS,0,0.05925
5,DLS-ACC,expert,DLS,1,0.051737
5,DLS-ACC,expert,DLS,2,0.0624
5,DLS-ACC,expert,DLS,3,0.129219
5,DLS-ACC,expert,DLS,4,0.113576
5,DLS-ACC,expert,DLS,5,0.025992
5,DLS-ACC,expert,DLS,6,0.09026
5,DLS-ACC,expert,DLS,7,0.080381
5,DLS-ACC,expert,DLS,8,0.073742
5,DLS-ACC,expert,DLS,9,0.007965
5,DLS-ACC,expert,DLS,10,0.077999
5,DLS-ACC,expert,DLS,11,0.085276
5,DLS-ACC,expert,DLS,12,0.260902
5,DLS-ACC,expert,DLS,13,0.160333
5,DLS-ACC,expert,DLS,14,0.0
5,DLS-ACC,expert,DLS,15,0.169663
5,DLS-ACC,expert,DLS,16,0.047109
5,DLS-ACC,expert,DLS,17,0.144185
5,DLS-ACC,expert,DLS,18,0.044053
5,DLS-ACC,expert,DLS,19,0.084245
5,DLS-ACC,expert,DLS,20,0.021712
5,DLS-ACC,expert,DLS,21,0.021319
5,DLS-ACC,expert,DLS,22,0.156021
5,DLS-ACC,expert,DLS,23,0.028485
5,DLS-ACC,expert,DLS,24,0.0
5,DLS-ACC,expert,DLS,25,0.141026
5,DLS-ACC,expert,DLS,26,0.030266
5,DLS-ACC,expert,DLS,27,0.108526
5,DLS-ACC,expert,DLS,28,0.203531
5,DLS-ACC,expert,DLS,29,0.426462
5,DLS-ACC,expert,DLS,30,0.153001
5,DLS-ACC,expert,DLS,31,0.038492
5,DLS-ACC,expert,DLS,32,0.110199
5,DLS-ACC,expert,DLS,33,0.129814
5,DLS-ACC,expert,DLS,34,0.045962
5,DLS-ACC,expert,DLS,35,0.109223
5,DLS-ACC,expert,DLS,36,0.212561
5,DLS-ACC,expert,DLS,37,0.205082
5,DLS-ACC,expert,DLS,38,0.040477
5,DLS-ACC,expert,DLS,39,0.009994
5,DLS-ACC,expert,DLS,40,0.11157
5,DLS-ACC,expert,DLS,41,0.126533
5,DLS-ACC,expert,DLS,42,0.040305
5,DLS-ACC,expert,DLS,43,0.066451
5,DLS-ACC,expert,DLS,44,0.59726
5,DLS-ACC,expert,DLS,45,0.031233
5,DLS-ACC,expert,DLS,46,0.073193
5,DLS-ACC,expert,DLS,47,0.136444
5,DLS-ACC,expert,DLS,48,0.072292
5,DLS-ACC,expert,DLS,49,0.067533
5,DLS-ACC,expert,DLS,50,0.113357
5,DLS-ACC,expert,DLS,51,0.114732
5,DLS-ACC,expert,DLS,52,0.208007
5,DLS-ACC,expert,DLS,53,0.06631
5,DLS-ACC,expert,DLS,54,0.10117
5,DLS-ACC,expert,DLS,55,0.132582
5,DLS-ACC,expert,DLS,56,0.072841
5,DLS-ACC,expert,DLS,57,0.124934
5,DLS-ACC,expert,DLS,58,0.168982
5,DLS-ACC,expert,DLS,59,0.170117
5,DLS-ACC,expert,DLS,60,0.057102
5,DLS-ACC,expert,DLS,61,0.074254
5,DLS-ACC,expert,DLS,62,0.024769
5,DLS-ACC,expert,DLS,63,0.060236
5,DLS-ACC,expert,DLS,64,0.01014
5,DLS-ACC,expert,DLS,65,0.12546
5,DLS-ACC,expert,DLS,66,0.094449
5,DLS-ACC,expert,DLS,67,0.120628
5,DLS-ACC,expert,DLS,68,0.123215
5,DLS-ACC,expert,DLS,69,0.028811
5,DLS-ACC,expert,DLS,70,0.059513
5,DLS-ACC,expert,DLS,71,0.038038
5,DLS-ACC,expert,DLS,72,0.01855
5,DLS-ACC,expert,DLS,73,0.15934
5,DLS-ACC,expert,DLS,74,0.149747
5,DLS-ACC,expert,DLS,75,0.063505
5,DLS-ACC,expert,DLS,76,0.007429
5,DLS-ACC,expert,DLS,77,0.653774
5,DLS-ACC,expert,DLS,78,0.00534
5,DLS-ACC,expert,DLS,79,0.081339
5,DLS-ACC,expert,DLS,80,0.044954
5,DLS-ACC,expert,DLS,81,0.100403
5,DLS-ACC,expert,DLS,82,0.038323
5,DLS-ACC,expert,DLS,83,0.056414
5,DLS-ACC,expert,DLS,84,0.020567
5,DLS-ACC,expert,DLS,85,0.063952
5,DLS-ACC,expert,DLS,86,0.068495
5,DLS-ACC,expert,DLS,87,0.484919
5,DLS-ACC,expert,DLS,88,0.099172
5,DLS-ACC,expert,DLS,89,0.015235
5,DLS-ACC,expert,DLS,90,0.458463
5,DLS-ACC,expert,DLS,91,0.460166
5,DLS-ACC,expert,DLS,92,0.123295
5,DLS-ACC,expert,DLS,93,0.129988
5,DLS-ACC,expert,DLS,94,0.075514
5,DLS-ACC,expert,DLS,95,0.136508
5,DLS-ACC,expert,DLS,96,0.607765
5,DLS-ACC,expert,DLS,97,0.03593
5,DLS-ACC,expert,DLS,98,0.247179
5,DLS-ACC,expert,DLS,99,0.056685
5,DLS-ACC,expert,DLS,100,0.194702
5,DLS-ACC,expert,DLS,101,0.250106
5,DLS-ACC,expert,DLS,102,0.577757
5,DLS-ACC,expert,DLS,103,0.287877
5,DLS-ACC,expert,DLS,104,0.081834
5,DLS-ACC,expert,DLS,105,0.105608
5,DLS-ACC,expert,DLS,106,0.019886
5,DLS-ACC,expert,DLS,107,0.036778
5,DLS-ACC,expert,DLS,108,0.033088
5,DLS-ACC,expert,DLS,109,0.012415
5,DLS-ACC,expert,DLS,110,0.574804
5,DLS-ACC,expert,DLS,111,0.0
5,DLS-ACC,expert,DLS,112,0.142732
5,DLS-ACC,expert,DLS,113,0.080039
5,DLS-ACC,expert,DLS,114,0.100523
5,DLS-ACC,expert,DLS,115,0.149067
5,DLS-ACC,expert,DLS,116,0.037083
5,DLS-ACC,expert,DLS,117,0.11038
5,DLS-ACC,expert,DLS,118,0.016565
5,DLS-ACC,expert,DLS,119,0.037603
5,DLS-ACC,expert,DLS,120,0.0
5,DLS-ACC,expert,DLS,121,0.22153
5,DLS-ACC,expert,DLS,122,0.008653
5,DLS-ACC,expert,DLS,123,0.028665
5,DLS-ACC,expert,DLS,124,0.009647
5,DLS-ACC,expert,DLS,125,0.002261
5,DLS-ACC,expert,DLS,126,0.000603
5,DLS-ACC,expert,DLS,127,0.038934
5,DLS-ACC,expert,DLS,128,0.117636
5,DLS-ACC,expert,DLS,129,0.210867
5,DLS-ACC,expert,DLS,130,0.343168
5,DLS-ACC,expert,DLS,131,0.011934
5,DLS-ACC,expert,DLS,132,0.042513
5,DLS-ACC,expert,DLS,133,0.064772
5,DLS-ACC,expert,DLS,134,0.138424
5,DLS-ACC,expert,DLS,135,0.147623
5,DLS-ACC,expert,DLS,136,0.014601
5,DLS-ACC,expert,DLS,137,0.0
5,DLS-ACC,expert,DLS,138,0.352243
5,DLS-ACC,expert,DLS,139,0.651834
5,DLS-ACC,expert,DLS,140,0.0
5,DLS-ACC,expert,DLS,141,0.0
5,DLS-ACC,expert,DLS,142,0.0
5,DLS-ACC,expert,DLS,143,0.025483
5,DLS-ACC,expert,DLS,144,0.02066
5,DLS-ACC,expert,DLS,145,0.083726
5,DLS-ACC,expert,DLS,146,0.032138
5,DLS-ACC,expert,DLS,147,0.068864
5,DLS-ACC,expert,DLS,148,0.031191
5,DLS-ACC,expert,DLS,149,0.077243
5,DLS-ACC,expert,DLS,150,0.013292
5,DLS-ACC,expert,DLS,151,0.661325
5,DLS-ACC,expert,DLS,152,0.05007
5,DLS-ACC,expert,DLS,153,0.017645
5,DLS-ACC,expert,DLS,154,0.107657
5,DLS-ACC,expert,DLS,155,0.471972
5,DLS-ACC,expert,DLS,156,0.058151
5,DLS-ACC,expert,DLS,157,0.491021
5,DLS-ACC,expert,DLS,158,0.093054
5,DLS-ACC,expert,DLS,159,0.081308
5,DLS-ACC,expert,DLS,160,0.011489
5,DLS-ACC,expert,DLS,161,0.057782
5,DLS-ACC,expert,DLS,162,0.0
5,DLS-ACC,expert,DLS,163,0.0
5,DLS-ACC,expert,DLS,164,0.011498
5,DLS-ACC,expert,DLS,165,0.0
5,DLS-ACC,expert,DLS,166,0.000745
5,DLS-ACC,expert,DLS,167,0.06664
5,DLS-ACC,expert,DLS,168,0.0525
5,DLS-ACC,expert,DLS,169,0.071201
5,DLS-ACC,expert,DLS,170,0.155387
5,DLS-ACC,expert,DLS,171,0.01397
5,DLS-ACC,expert,DLS,172,0.074023
5,DLS-ACC,expert,DLS,173,0.688984
5,DLS-ACC,expert,DLS,174,0.068696
5,DLS-ACC,expert,DLS,175,0.088015
5,DLS-ACC,expert,DLS,176,0.0
5,DLS-ACC,expert,DLS,177,0.312117
5,DLS-ACC,expert,DLS,178,0.078063
5,DLS-ACC,expert,DLS,179,0.308552
5,DLS-ACC,expert,DLS,180,0.617278
5,DLS-ACC,expert,DLS,181,0.068598
5,DLS-ACC,expert,DLS,182,0.017439
5,DLS-ACC,expert,DLS,183,0.042049
5,DLS-ACC,expert,DLS,184,0.071343
5,DLS-ACC,expert,DLS,185,0.016916
5,DLS-ACC,expert,DLS,186,0.00582
5,DLS-ACC,expert,DLS,187,0.184159
5,DLS-ACC,expert,DLS,188,0.005878
5,DLS-ACC,expert,DLS,189,0.025431
5,DLS-ACC,expert,DLS,190,0.0
5,DLS-ACC,expert,DLS,191,0.486179
5,DLS-ACC,expert,DLS,192,0.026147
5,DLS-ACC,expert,DLS,193,0.016046
5,DLS-ACC,expert,DLS,194,0.026675
5,DLS-ACC,expert,DLS,195,0.078669
5,DLS-ACC,expert,DLS,196,0.08145
5,DLS-ACC,expert,DLS,197,0.11235
5,DLS-ACC,expert,DLS,198,0.054528
5,DLS-ACC,expert,DLS,199,0.065058
5,DLS-ACC,expert,DLS,200,0.031976
5,DLS-ACC,expert,DLS,201,0.569238
5,DLS-ACC,expert,DLS,202,0.09271
5,DLS-ACC,expert,DLS,203,0.247865
5,DLS-ACC,expert,DLS,204,0.284026
5,DLS-ACC,expert,DLS,205,0.02416
5,DLS-ACC,expert,DLS,206,0.16857
5,DLS-ACC,expert,DLS,207,0.030154
5,DLS-ACC,expert,DLS,208,0.013388
5,DLS-ACC,expert,DLS,209,0.19173
5,DLS-ACC,expert,DLS,210,0.106572
5,DLS-ACC,expert,DLS,211,0.068315
5,DLS-ACC,expert,DLS,212,0.086327
5,DLS-ACC,expert,DLS,213,0.045287
5,DLS-ACC,expert,DLS,214,0.180674
5,DLS-ACC,expert,DLS,215,0.006357
5,DLS-ACC,expert,DLS,216,0.066527
5,DLS-ACC,expert,DLS,217,0.615187
5,DLS-ACC,expert,DLS,218,0.203101
5,DLS-ACC,expert,DLS,219,0.10634
5,DLS-ACC,expert,DLS,220,0.700181
5,DLS-ACC,expert,DLS,221,0.078141
5,DLS-ACC,expert,DLS,222,0.081933
5,DLS-ACC,expert,DLS,223,0.1705
5,DLS-ACC,expert,DLS,224,0.067303
5,DLS-ACC,expert,DLS,225,0.137907
5,DLS-ACC,expert,ACC,0,0.040975
5,DLS-ACC,expert,ACC,1,0.053467
5,DLS-ACC,expert,ACC,2,0.074007
5,DLS-ACC,expert,ACC,3,0.121165
5,DLS-ACC,expert,ACC,4,0.104726
5,DLS-ACC,expert,ACC,5,0.062903
5,DLS-ACC,expert,ACC,6,0.033257
5,DLS-ACC,expert,ACC,7,0.046662
5,DLS-ACC,expert,ACC,8,0.059536
5,DLS-ACC,expert,ACC,9,0.040307
5,DLS-ACC,expert,ACC,10,0.15131
5,DLS-ACC,expert,ACC,11,0.064039
5,DLS-ACC,expert,ACC,12,0.049136
5,DLS-ACC,expert,ACC,13,0.066081
5,DLS-ACC,expert,ACC,14,0.05733
5,DLS-ACC,expert,ACC,15,0.044029
5,DLS-ACC,expert,ACC,16,0.062531
5,DLS-ACC,expert,ACC,17,0.07974
5,DLS-ACC,expert,ACC,18,0.059032
5,DLS-ACC,expert,ACC,19,0.008517
5,DLS-ACC,expert,ACC,20,0.058009
5,DLS-ACC,expert,ACC,21,0.051129
5,DLS-ACC,expert,ACC,22,0.040505
5,DLS-ACC,expert,ACC,23,0.057271
5,DLS-ACC,expert,ACC,24,0.030722
5,DLS-ACC,expert,ACC,25,0.069442
5,DLS-ACC,expert,ACC,26,0.10128
5,DLS-ACC,expert,ACC,27,0.178039
5,DLS-ACC,expert,ACC,28,0.012549
5,DLS-ACC,expert,ACC,29,0.081512
5,DLS-ACC,expert,ACC,30,0.023078
5,DLS-ACC,expert,ACC,31,0.637372
5,DLS-ACC,expert,ACC,32,0.107755
5,DLS-ACC,expert,ACC,33,0.024646
5,DLS-ACC,expert,ACC,34,0.058702
5,DLS-ACC,expert,ACC,35,0.0341
5,DLS-ACC,expert,ACC,36,0.125002
5,DLS-ACC,expert,ACC,37,0.087886
5,DLS-ACC,expert,ACC,38,0.109855
5,DLS-ACC,expert,ACC,39,0.050816
5,DLS-ACC,expert,ACC,40,0.077026
5,DLS-ACC,expert,ACC,41,0.042421
5,DLS-ACC,expert,ACC,42,0.110682
5,DLS-ACC,expert,ACC,43,0.097488
5,DLS-ACC,expert,ACC,44,0.094662
5,DLS-ACC,expert,ACC,45,0.076629
5,DLS-ACC,expert,ACC,46,0.059542
5,DLS-ACC,expert,ACC,47,0.079065
5,DLS-ACC,expert,ACC,48,0.055851
5,DLS-ACC,expert,ACC,49,0.669579
5,DLS-ACC,expert,ACC,50,0.04493
5,DLS-ACC,expert,ACC,51,0.088227
5,DLS-ACC,expert,ACC,52,0.147888
5,DLS-ACC,expert,ACC,53,0.087873
5,DLS-ACC,expert,ACC,54,0.192729
5,DLS-ACC,expert,ACC,55,0.138199
5,DLS-ACC,expert,ACC,56,0.069295
5,DLS-ACC,expert,ACC,57,0.027839
5,DLS-ACC,expert,ACC,58,0.062832
5,DLS-ACC,expert,ACC,59,0.051485
5,DLS-ACC,expert,ACC,60,0.341961
5,DLS-ACC,expert,ACC,61,0.561427
5,DLS-ACC,expert,ACC,62,0.212105
5,DLS-ACC,expert,ACC,63,0.063934
5,DLS-ACC,expert,ACC,64,0.070021
5,DLS-ACC,expert,ACC,65,0.456169
5,DLS-ACC,expert,ACC,66,0.0791
5,DLS-ACC,expert,ACC,67,0.213535
5,DLS-ACC,expert,ACC,68,0.050825
5,DLS-ACC,expert,ACC,69,0.060782
5,DLS-ACC,expert,ACC,70,0.067025
5,DLS-ACC,expert,ACC,71,0.037785
5,DLS-ACC,expert,ACC,72,0.653973
5,DLS-ACC,expert,ACC,73,0.431172
5,DLS-ACC,expert,ACC,74,0.111443
5,DLS-ACC,expert,ACC,75,0.46809
5,DLS-ACC,expert,ACC,76,0.177395
5,DLS-ACC,expert,ACC,77,0.536795
5,DLS-ACC,expert,ACC,78,0.590061
5,DLS-ACC,expert,ACC,79,0.020189
5,DLS-ACC,expert,ACC,80,0.123922
5,DLS-ACC,expert,ACC,81,0.127864
5,DLS-ACC,expert,ACC,82,0.072967
5,DLS-ACC,expert,ACC,83,0.07183
5,DLS-ACC,expert,ACC,84,0.31475
5,DLS-ACC,expert,ACC,85,0.0
5,DLS-ACC,expert,ACC,86,0.098603
5,DLS-ACC,expert,ACC,87,0.46273
5,DLS-ACC,expert,ACC,88,0.579173
5,DLS-ACC,expert,ACC,89,0.017694
5,DLS-ACC,expert,ACC,90,0.237828
5,DLS-ACC,expert,ACC,91,0.073505
5,DLS-ACC,expert,ACC,92,0.04024
5,DLS-ACC,expert,ACC,93,0.015839
5,DLS-ACC,expert,ACC,94,0.042311
5,DLS-ACC,expert,ACC,95,0.028132
5,DLS-ACC,expert,ACC,96,0.05702
5,DLS-ACC,expert,ACC,97,0.024262
5,DLS-ACC,expert,ACC,98,0.0
5,DLS-ACC,expert,ACC,99,0.012951
5,DLS-ACC,expert,ACC,100,0.0
5,DLS-ACC,expert,ACC,101,0.440224
5,DLS-ACC,expert,ACC,102,0.031259
5,DLS-ACC,expert,ACC,103,0.009825
5,DLS-ACC,expert,ACC,104,0.056733
5,DLS-ACC,expert,ACC,105,0.02247
5,DLS-ACC,expert,ACC,106,0.044134
5,DLS-ACC,expert,ACC,107,0.638463
5,DLS-ACC,expert,ACC,108,0.07166
5,DLS-ACC,expert,ACC,109,0.618863
5,DLS-ACC,expert,ACC,110,0.676036
5,DLS-ACC,expert,ACC,111,0.69127
5,DLS-ACC,expert,ACC,112,0.033004
5,DLS-ACC,expert,ACC,113,0.032434
5,DLS-ACC,expert,ACC,114,0.073874
5,DLS-ACC,expert,ACC,115,0.163247
5,DLS-ACC,expert,ACC,116,0.0
5,DLS-ACC,expert,ACC,117,0.003858
5,DLS-ACC,expert,ACC,118,0.101567
5,DLS-ACC,expert,ACC,119,0.03285
5,DLS-ACC,expert,ACC,120,0.051727
5,DLS-ACC,expert,ACC,121,0.028354
5,DLS-ACC,expert,ACC,122,0.055141
5,DLS-ACC,expert,ACC,123,0.233593
5,DLS-ACC,expert,ACC,124,0.090105
5,DLS-ACC,expert,ACC,125,0.111338
5,DLS-ACC,expert,ACC,126,0.618262
5,DLS-ACC,expert,ACC,127,0.087251
5,DLS-ACC,expert,ACC,128,0.164955
5,DLS-ACC,expert,ACC,129,0.213887
5,DLS-ACC,expert,ACC,130,0.110655
5,DLS-ACC,expert,ACC,131,0.00425
5,DLS-ACC,expert,ACC,132,0.616403
5,DLS-ACC,expert,ACC,133,0.052293
5,DLS-ACC,expert,ACC,134,0.034937
5,DLS-ACC,expert,ACC,135,0.18281
5,DLS-ACC,expert,ACC,136,0.012757
5,DLS-ACC,expert,ACC,137,0.011503
5,DLS-ACC,expert,ACC,138,0.060251
5,DLS-ACC,expert,ACC,139,0.023821
5,DLS-ACC,expert,ACC,140,0.02769
5,DLS-ACC,expert,ACC,141,0.094436
5,DLS-ACC,expert,ACC,142,0.60999
5,DLS-ACC,expert,ACC,143,0.106505
5,DLS-ACC,expert,ACC,144,0.134368
5,DLS-ACC,expert,ACC,145,0.045609
5,DLS-ACC,expert,ACC,146,0.124059
5,DLS-ACC,expert,ACC,147,0.041367
5,DLS-ACC,expert,ACC,148,0.008263
5,DLS-ACC,expert,ACC,149,0.602977
5,DLS-ACC,expert,ACC,150,0.673148
5,DLS-ACC,expert,ACC,151,0.12355
5,DLS-ACC,expert,ACC,152,0.012239
5,DLS-ACC,expert,ACC,153,0.035775
5,DLS-ACC,expert,ACC,154,0.140529
5,DLS-ACC,expert,ACC,155,0.034444
5,DLS-ACC,expert,ACC,156,0.589216
5,DLS-ACC,expert,ACC,157,0.037327
7,DMS-ACC,naive,DMS,0,1.183178
7,DMS-ACC,naive,DMS,1,0.856459
7,DMS-ACC,naive,DMS,2,0.667856
7,DMS-ACC,naive,DMS,3,0.804885
7,DMS-ACC,naive,DMS,4,0.819281
7,DMS-ACC,naive,DMS,5,1.108561
7,DMS-ACC,naive,DMS,6,1.291084
7,DMS-ACC,naive,DMS,7,1.706508
7,DMS-ACC,naive,DMS,8,7.100042
7,DMS-ACC,naive,DMS,9,2.08563
7,DMS-ACC,naive,DMS,10,1.391331
7,DMS-ACC,naive,DMS,11,0.834476
7,DMS-ACC,naive,DMS,12,1.038971
7,DMS-ACC,naive,ACC,0,0.484829
7,DMS-ACC,naive,ACC,1,0.606726
7,DMS-ACC,naive,ACC,2,0.007947
7,DMS-ACC,naive,ACC,3,0.75821
7,DMS-ACC,naive,ACC,4,0.049757
7,DMS-ACC,naive,ACC,5,0.419201
7,DMS-ACC,naive,ACC,6,0.123125
7,DMS-ACC,naive,ACC,7,0.637681
7,DMS-ACC,naive,ACC,8,0.664496
7,DMS-ACC,naive,ACC,9,0.636834
7,DMS-ACC,naive,ACC,10,0.065448
7,DMS-ACC,naive,ACC,11,0.036743
7,DMS-ACC,naive,ACC,12,0.080049
7,DMS-ACC,naive,ACC,13,0.498809
7,DMS-ACC,naive,ACC,14,0.135234
7,DMS-ACC,naive,ACC,15,0.089719
7,DMS-ACC,naive,ACC,16,0.025742
7,DMS-ACC,naive,ACC,17,0.266522
7,DMS-ACC,naive,ACC,18,0.524422
7,DMS-ACC,naive,ACC,19,0.247364
7,DMS-ACC,naive,ACC,20,0.584336
7,DMS-ACC,naive,ACC,21,0.076407
7,DMS-ACC,naive,ACC,22,0.010963
7,DMS-ACC,naive,ACC,23,0.091704
7,DMS-ACC,naive,ACC,24,0.065441
7,DMS-ACC,naive,ACC,25,0.619554
7,DMS-ACC,naive,ACC,26,0.003214
7,DMS-ACC,naive,ACC,27,0.056649
7,DMS-ACC,naive,ACC,28,0.00262
7,DMS-ACC,naive,ACC,29,0.058023
7,DMS-ACC,naive,ACC,30,0.01609
7,DMS-ACC,naive,ACC,31,0.613411
7,DMS-ACC,naive,ACC,32,0.056173
7,DMS-ACC,naive,ACC,33,0.010451
7,DMS-ACC,naive,ACC,34,0.055716
7,DMS-ACC,naive,ACC,35,0.099664
7,DMS-ACC,naive,ACC,36,0.489292
7,DMS-ACC,naive,ACC,37,0.023172
7,DMS-ACC,naive,ACC,38,0.041664
7,DMS-ACC,naive,ACC,39,0.001341
7,DMS-ACC,naive,ACC,40,0.006542
7,DMS-ACC,naive,ACC,41,0.647508
7,DMS-ACC,naive,ACC,42,0.004358
7,DMS-ACC,naive,ACC,43,0.046227
7,DMS-ACC,naive,ACC,44,0.611355
7,DMS-ACC,naive,ACC,45,0.020928
7,DMS-ACC,naive,ACC,46,0.002228
7,DMS-ACC,naive,ACC,47,0.652933
7,DMS-ACC,naive,ACC,48,0.649178
7,DMS-ACC,naive,ACC,49,0.11834
7,DMS-ACC,naive,ACC,50,0.728766
7,DMS-ACC,naive,ACC,51,0.690835
7,DMS-ACC,naive,ACC,52,0.698295
7,DMS-ACC,naive,ACC,53,0.002936
7,DMS-ACC,naive,ACC,54,0.413469
7,DMS-ACC,naive,ACC,55,0.011232
7,DMS-ACC,intermediate,DMS,0,1.346496
7,DMS-ACC,intermediate,DMS,1,0.91284
7,DMS-ACC,intermediate,DMS,2,0.81799
7,DMS-ACC,intermediate,DMS,3,0.968344
7,DMS-ACC,intermediate,DMS,4,1.369334
7,DMS-ACC,intermediate,DMS,5,1.208355
7,DMS-ACC,intermediate,DMS,6,1.330887
7,DMS-ACC,intermediate,DMS,7,1.797569
7,DMS-ACC,intermediate,DMS,8,1.668899
7,DMS-ACC,intermediate,DMS,9,1.536926
7,DMS-ACC,intermediate,DMS,10,1.668072
7,DMS-ACC,intermediate,DMS,11,0.900954
7,DMS-ACC,intermediate,DMS,12,1.061387
7,DMS-ACC,intermediate,ACC,0,0.122297
7,DMS-ACC,intermediate,ACC,1,0.536125
7,DMS-ACC,intermediate,ACC,2,0.045103
7,DMS-ACC,intermediate,ACC,3,0.340111
7,DMS-ACC,intermediate,ACC,4,0.171192
7,DMS-ACC,intermediate,ACC,5,0.118463
7,DMS-ACC,intermediate,ACC,6,0.645685
7,DMS-ACC,intermediate,ACC,7,0.101231
7,DMS-ACC,intermediate,ACC,8,0.644824
7,DMS-ACC,intermediate,ACC,9,0.150846
7,DMS-ACC,intermediate,ACC,10,0.581201
7,DMS-ACC,intermediate,ACC,11,0.163989
7,DMS-ACC,intermediate,ACC,12,0.395762
7,DMS-ACC,intermediate,ACC,13,0.307345
7,DMS-ACC,intermediate,ACC,14,0.515474
7,DMS-ACC,intermediate,ACC,15,0.828421
7,DMS-ACC,intermediate,ACC,16,0.033736
7,DMS-ACC,intermediate,ACC,17,0.431491
7,DMS-ACC,intermediate,ACC,18,0.099012
7,DMS-ACC,intermediate,ACC,19,0.416986
7,DMS-ACC,intermediate,ACC,20,0.078449
7,DMS-ACC,intermediate,ACC,21,0.392331
7,DMS-ACC,intermediate,ACC,22,0.110926
7,DMS-ACC,intermediate,ACC,23,0.058464
7,DMS-ACC,intermediate,ACC,24,0.70593
7,DMS-ACC,intermediate,ACC,25,0.792046
7,DMS-ACC,intermediate,ACC,26,0.105627
7,DMS-ACC,intermediate,ACC,27,0.687545
7,DMS-ACC,intermediate,ACC,28,0.767679
7,DMS-ACC,intermediate,ACC,29,0.685034
7,DMS-ACC,intermediate,ACC,30,0.167544
7,DMS-ACC,intermediate,ACC,31,0.591032
7,DMS-ACC,intermediate,ACC,32,0.118959
7,DMS-ACC,intermediate,ACC,33,0.017353
7,DMS-ACC,intermediate,ACC,34,0.658614
7,DMS-ACC,intermediate,ACC,35,0.246734
7,DMS-ACC,intermediate,ACC,36,0.669441
7,DMS-ACC,intermediate,ACC,37,0.04584
7,DMS-ACC,intermediate,ACC,38,0.135191
7,DMS-ACC,intermediate,ACC,39,0.00787
7,DMS-ACC,intermediate,ACC,40,0.621129
7,DMS-ACC,intermediate,ACC,41,0.611601
7,DMS-ACC,intermediate,ACC,42,0.030362
7,DMS-ACC,intermediate,ACC,43,0.02459
7,DMS-ACC,intermediate,ACC,44,0.403011
7,DMS-ACC,intermediate,ACC,45,0.022324
7,DMS-ACC,intermediate,ACC,46,0.730123
7,DMS-ACC,intermediate,ACC,47,0.241109
7,DMS-ACC,intermediate,ACC,48,0.340248
7,DMS-ACC,intermediate,ACC,49,0.733973
7,DMS-ACC,intermediate,ACC,50,0.151165
7,DMS-ACC,intermediate,ACC,51,0.722825
7,DMS-ACC,intermediate,ACC,52,0.238938
7,DMS-ACC,intermediate,ACC,53,0.053795
7,DMS-ACC,intermediate,ACC,54,0.450583
7,DMS-ACC,intermediate,ACC,55,0.02826
7,DMS-ACC,expert,DMS,0,0.76689
7,DMS-ACC,expert,DMS,1,1.186163
7,DMS-ACC,expert,DMS,2,1.075012
7,DMS-ACC,expert,DMS,3,0.93886
7,DMS-ACC,expert,DMS,4,0.763163
7,DMS-ACC,expert,DMS,5,1.378641
7,DMS-ACC,expert,DMS,6,1.221826
7,DMS-ACC,expert,DMS,7,0.875883
7,DMS-ACC,expert,DMS,8,0.75828
7,DMS-ACC,expert,DMS,9,1.042201
7,DMS-ACC,expert,DMS,10,1.765653
7,DMS-ACC,expert,DMS,11,0.945901
7,DMS-ACC,expert,DMS,12,1.069877
7,DMS-ACC,expert,ACC,0,0.108859
7,DMS-ACC,expert,ACC,1,0.03984
7,DMS-ACC,expert,ACC,2,0.014377
7,DMS-ACC,expert,ACC,3,0.265989
7,DMS-ACC,expert,ACC,4,0.681027
7,DMS-ACC,expert,ACC,5,0.095851
7,DMS-ACC,expert,ACC,6,0.497257
7,DMS-ACC,expert,ACC,7,0.110812
7,DMS-ACC,expert,ACC,8,0.226937
7,DMS-ACC,expert,ACC,9,0.289256
7,DMS-ACC,expert,ACC,10,0.72496
7,DMS-ACC,expert,ACC,11,0.147848
7,DMS-ACC,expert,ACC,12,0.649038
7,DMS-ACC,expert,ACC,13,0.440685
7,DMS-ACC,expert,ACC,14,0.568183
7,DMS-ACC,expert,ACC,15,0.36548
7,DMS-ACC,expert,ACC,16,0.156026
7,DMS-ACC,expert,ACC,17,0.392295
7,DMS-ACC,expert,ACC,18,0.129419
7,DMS-ACC,expert,ACC,19,0.212674
7,DMS-ACC,expert,ACC,20,0.213968
7,DMS-ACC,expert,ACC,21,0.717973
7,DMS-ACC,expert,ACC,22,0.026516
7,DMS-ACC,expert,ACC,23,0.603519
7,DMS-ACC,expert,ACC,24,0.719851
7,DMS-ACC,expert,ACC,25,0.010176
7,DMS-ACC,expert,ACC,26,0.72308
7,DMS-ACC,expert,ACC,27,0.501475
7,DMS-ACC,expert,ACC,28,0.47554
7,DMS-ACC,expert,ACC,29,0.646612
7,DMS-ACC,expert,ACC,30,0.634946
7,DMS-ACC,expert,ACC,31,0.14614
7,DMS-ACC,expert,ACC,32,0.036105
7,DMS-ACC,expert,ACC,33,0.689746
7,DMS-ACC,expert,ACC,34,0.625981
7,DMS-ACC,expert,ACC,35,0.777022
7,DMS-ACC,expert,ACC,36,0.032775
7,DMS-ACC,expert,ACC,37,0.051969
7,DMS-ACC,expert,ACC,38,0.253019
7,DMS-ACC,expert,ACC,39,0.01697
7,DMS-ACC,expert,ACC,40,0.643355
7,DMS-ACC,expert,ACC,41,0.009238
7,DMS-ACC,expert,ACC,42,0.52656
7,DMS-ACC,expert,ACC,43,0.077046
7,DMS-ACC,expert,ACC,44,0.040778
7,DMS-ACC,expert,ACC,45,0.010965
7,DMS-ACC,expert,ACC,46,0.534059
7,DMS-ACC,expert,ACC,47,0.346461
7,DMS-ACC,expert,ACC,48,0.157719
7,DMS-ACC,expert,ACC,49,0.726952
7,DMS-ACC,expert,ACC,50,0.093468
7,DMS-ACC,expert,ACC,51,0.087882
7,DMS-ACC,expert,ACC,52,0.073002
7,DMS-ACC,expert,ACC,53,0.657728
7,DMS-ACC,expert,ACC,54,0.025183
7,DMS-ACC,expert,ACC,55,0.029581
9,DMS-ACC,naive,DMS,0,1.316134
9,DMS-ACC,naive,DMS,1,1.316701
9,DMS-ACC,naive,DMS,2,1.380368
9,DMS-ACC,naive,DMS,3,0.004116
9,DMS-ACC,naive,DMS,4,0.012137
9,DMS-ACC,naive,DMS,5,0.050664
9,DMS-ACC,naive,DMS,6,0.497386
9,DMS-ACC,naive,DMS,7,0.818912
9,DMS-ACC,naive,DMS,8,1.115021
9,DMS-ACC,naive,DMS,9,1.026745
9,DMS-ACC,naive,DMS,10,0.611266
9,DMS-ACC,naive,DMS,11,1.260857
9,DMS-ACC,naive,DMS,12,0.525597
9,DMS-ACC,naive,DMS,13,1.013184
9,DMS-ACC,naive,DMS,14,0.657238
9,DMS-ACC,naive,DMS,15,0.013026
9,DMS-ACC,naive,DMS,16,0.858042
9,DMS-ACC,naive,DMS,17,1.035363
9,DMS-ACC,naive,DMS,18,1.471002
9,DMS-ACC,naive,DMS,19,0.981676
9,DMS-ACC,naive,DMS,20,0.934212
9,DMS-ACC,naive,DMS,21,0.006567
9,DMS-ACC,naive,DMS,22,1.404574
9,DMS-ACC,naive,DMS,23,0.0
9,DMS-ACC,naive,DMS,24,0.73919
9,DMS-ACC,naive,DMS,25,0.636034
9,DMS-ACC,naive,ACC,0,0.752328
9,DMS-ACC,naive,ACC,1,0.826941
9,DMS-ACC,naive,ACC,2,0.663129
9,DMS-ACC,naive,ACC,3,0.847462
9,DMS-ACC,naive,ACC,4,0.044329
9,DMS-ACC,naive,ACC,5,0.728975
9,DMS-ACC,naive,ACC,6,0.534553
9,DMS-ACC,naive,ACC,7,0.054067
9,DMS-ACC,naive,ACC,8,0.575219
9,DMS-ACC,naive,ACC,9,0.020229
9,DMS-ACC,naive,ACC,10,0.431626
9,DMS-ACC,naive,ACC,11,0.507954
9,DMS-ACC,naive,ACC,12,0.618364
9,DMS-ACC,naive,ACC,13,0.517716
9,DMS-ACC,naive,ACC,14,1.015095
9,DMS-ACC,naive,ACC,15,0.830557
9,DMS-ACC,naive,ACC,16,0.21499
9,DMS-ACC,naive,ACC,17,0.445754
9,DMS-ACC,naive,ACC,18,0.868032
9,DMS-ACC,naive,ACC,19,0.036091
9,DMS-ACC,naive,ACC,20,0.031664
9,DMS-ACC,naive,ACC,21,0.955323
9,DMS-ACC,naive,ACC,22,1.063066
9,DMS-ACC,naive,ACC,23,0.035593
9,DMS-ACC,naive,ACC,24,0.604907
9,DMS-ACC,naive,ACC,25,0.725224
9,DMS-ACC,naive,ACC,26,0.934438
9,DMS-ACC,intermediate,DMS,0,1.388083
9,DMS-ACC,intermediate,DMS,1,0.002195
9,DMS-ACC,intermediate,DMS,2,0.029501
9,DMS-ACC,intermediate,DMS,3,1.252729
9,DMS-ACC,intermediate,DMS,4,0.67256
9,DMS-ACC,intermediate,DMS,5,1.070371
9,DMS-ACC,intermediate,DMS,6,0.046202
9,DMS-ACC,intermediate,DMS,7,0.964097
9,DMS-ACC,intermediate,DMS,8,1.174732
9,DMS-ACC,intermediate,DMS,9,0.114588
9,DMS-ACC,intermediate,DMS,10,1.727968
9,DMS-ACC,intermediate,DMS,11,0.003052
9,DMS-ACC,intermediate,DMS,12,1.407004
9,DMS-ACC,intermediate,DMS,13,1.182731
9,DMS-ACC,intermediate,DMS,14,0.732217
9,DMS-ACC,intermediate,DMS,15,0.787928
9,DMS-ACC,intermediate,DMS,16,0.62402
9,DMS-ACC,intermediate,DMS,17,1.070566
9,DMS-ACC,intermediate,DMS,18,0.485362
9,DMS-ACC,intermediate,DMS,19,1.436591
9,DMS-ACC,intermediate,DMS,20,0.947338
9,DMS-ACC,intermediate,DMS,21,1.003734
9,DMS-ACC,intermediate,DMS,22,0.734112
9,DMS-ACC,intermediate,DMS,23,1.278927
9,DMS-ACC,intermediate,DMS,24,1.183359
9,DMS-ACC,intermediate,DMS,25,1.346314
9,DMS-ACC,intermediate,ACC,0,0.977124
9,DMS-ACC,intermediate,ACC,1,1.000573
9,DMS-ACC,intermediate,ACC,2,1.032273
9,DMS-ACC,intermediate,ACC,3,1.005544
9,DMS-ACC,intermediate,ACC,4,1.029366
9,DMS-ACC,intermediate,ACC,5,0.981159
9,DMS-ACC,intermediate,ACC,6,0.839841
9,DMS-ACC,intermediate,ACC,7,0.700543
9,DMS-ACC,intermediate,ACC,8,0.725293
9,DMS-ACC,intermediate,ACC,9,0.168266
9,DMS-ACC,intermediate,ACC,10,1.091245
9,DMS-ACC,intermediate,ACC,11,0.904172
9,DMS-ACC,intermediate,ACC,12,0.961596
9,DMS-ACC,intermediate,ACC,13,0.701678
9,DMS-ACC,intermediate,ACC,14,0.973547
9,DMS-ACC,intermediate,ACC,15,0.719599
9,DMS-ACC,intermediate,ACC,16,1.027148
9,DMS-ACC,intermediate,ACC,17,0.044027
9,DMS-ACC,intermediate,ACC,18,0.914303
9,DMS-ACC,intermediate,ACC,19,0.03056
9,DMS-ACC,intermediate,ACC,20,0.015081
9,DMS-ACC,intermediate,ACC,21,0.969174
9,DMS-ACC,intermediate,ACC,22,0.798193
9,DMS-ACC,intermediate,ACC,23,0.080929
9,DMS-ACC,intermediate,ACC,24,0.850476
9,DMS-ACC,intermediate,ACC,25,0.836234
9,DMS-ACC,intermediate,ACC,26,0.966389
9,DMS-ACC,expert,DMS,0,0.021501
9,DMS-ACC,expert,DMS,1,1.513971
9,DMS-ACC,expert,DMS,2,0.061497
9,DMS-ACC,expert,DMS,3,0.948436
9,DMS-ACC,expert,DMS,4,0.625295
9,DMS-ACC,expert,DMS,5,1.350839
9,DMS-ACC,expert,DMS,6,1.180922
9,DMS-ACC,expert,DMS,7,1.035453
9,DMS-ACC,expert,DMS,8,1.205354
9,DMS-ACC,expert,DMS,9,0.04489
9,DMS-ACC,expert,DMS,10,1.212575
9,DMS-ACC,expert,DMS,11,1.578383
9,DMS-ACC,expert,DMS,12,1.393926
9,DMS-ACC,expert,DMS,13,1.120534
9,DMS-ACC,expert,DMS,14,0.997138
9,DMS-ACC,expert,DMS,15,1.310788
9,DMS-ACC,expert,DMS,16,0.0
9,DMS-ACC,expert,DMS,17,1.050488
9,DMS-ACC,expert,DMS,18,1.470459
9,DMS-ACC,expert,DMS,19,0.330444
9,DMS-ACC,expert,DMS,20,1.053535
9,DMS-ACC,expert,DMS,21,0.004407
9,DMS-ACC,expert,DMS,22,0.793469
9,DMS-ACC,expert,DMS,23,1.263858
9,DMS-ACC,expert,DMS,24,0.945188
9,DMS-ACC,expert,DMS,25,1.350754
9,DMS-ACC,expert,ACC,0,1.099246
9,DMS-ACC,expert,ACC,1,0.93438
9,DMS-ACC,expert,ACC,2,1.080412
9,DMS-ACC,expert,ACC,3,1.012388
9,DMS-ACC,expert,ACC,4,0.981806
9,DMS-ACC,expert,ACC,5,1.047881
9,DMS-ACC,expert,ACC,6,0.101967
9,DMS-ACC,expert,ACC,7,0.38743
9,DMS-ACC,expert,ACC,8,0.438534
9,DMS-ACC,expert,ACC,9,1.11956
9,DMS-ACC,expert,ACC,10,1.077966
9,DMS-ACC,expert,ACC,11,0.186685
9,DMS-ACC,expert,ACC,12,1.107422
9,DMS-ACC,expert,ACC,13,0.054638
9,DMS-ACC,expert,ACC,14,1.049809
9,DMS-ACC,expert,ACC,15,0.825436
9,DMS-ACC,expert,ACC,16,1.029316
9,DMS-ACC,expert,ACC,17,0.821717
9,DMS-ACC,expert,ACC,18,0.954494
9,DMS-ACC,expert,ACC,19,0.018831
9,DMS-ACC,expert,ACC,20,0.063177
9,DMS-ACC,expert,ACC,21,1.012058
9,DMS-ACC,expert,ACC,22,0.853827
9,DMS-ACC,expert,ACC,23,1.139581
9,DMS-ACC,expert,ACC,24,0.816333
9,DMS-ACC,expert,ACC,25,0.816747
9,DMS-ACC,expert,ACC,26,0.914256
9,V1-DMS,naive,V1,0,0.993836
9,V1-DMS,naive,V1,1,0.136953
9,V1-DMS,naive,V1,2,0.561148
9,V1-DMS,naive,V1,3,0.828051
9,V1-DMS,naive,V1,4,0.517288
9,V1-DMS,naive,V1,5,0.999113
9,V1-DMS,naive,V1,6,0.48456
9,V1-DMS,naive,V1,7,0.436163
9,V1-DMS,naive,V1,8,0.527647
9,V1-DMS,naive,V1,9,0.531066
9,V1-DMS,naive,V1,10,0.594836
9,V1-DMS,naive,V1,11,0.824117
9,V1-DMS,naive,V1,12,0.768321
9,V1-DMS,naive,V1,13,0.484868
9,V1-DMS,naive,V1,14,1.128678
9,V1-DMS,naive,V1,15,0.599173
9,V1-DMS,naive,V1,16,1.082552
9,V1-DMS,naive,V1,17,1.006721
9,V1-DMS,naive,V1,18,0.714445
9,V1-DMS,naive,V1,19,0.592825
9,V1-DMS,naive,V1,20,1.110741
9,V1-DMS,naive,DMS,0,1.310029
9,V1-DMS,naive,DMS,1,1.320303
9,V1-DMS,naive,DMS,2,1.382625
9,V1-DMS,naive,DMS,3,0.004276
9,V1-DMS,naive,DMS,4,0.013728
9,V1-DMS,naive,DMS,5,0.0469
9,V1-DMS,naive,DMS,6,0.498854
9,V1-DMS,naive,DMS,7,0.819842
9,V1-DMS,naive,DMS,8,1.116717
9,V1-DMS,naive,DMS,9,1.029655
9,V1-DMS,naive,DMS,10,0.611416
9,V1-DMS,naive,DMS,11,1.262236
9,V1-DMS,naive,DMS,12,0.526549
9,V1-DMS,naive,DMS,13,1.014151
9,V1-DMS,naive,DMS,14,0.660618
9,V1-DMS,naive,DMS,15,0.012856
9,V1-DMS,naive,DMS,16,0.858606
9,V1-DMS,naive,DMS,17,1.035917
9,V1-DMS,naive,DMS,18,1.472985
9,V1-DMS,naive,DMS,19,0.982927
9,V1-DMS,naive,DMS,20,0.934736
9,V1-DMS,naive,DMS,21,0.006628
9,V1-DMS,naive,DMS,22,1.408023
9,V1-DMS,naive,DMS,23,0.0
9,V1-DMS,naive,DMS,24,0.739611
9,V1-DMS,naive,DMS,25,0.637836
9,V1-DMS,intermediate,V1,0,0.976522
9,V1-DMS,intermediate,V1,1,2.056829
9,V1-DMS,intermediate,V1,2,0.928196
9,V1-DMS,intermediate,V1,3,0.872418
9,V1-DMS,intermediate,V1,4,0.759015
9,V1-DMS,intermediate,V1,5,0.991278
9,V1-DMS,intermediate,V1,6,0.871107
9,V1-DMS,intermediate,V1,7,0.006269
9,V1-DMS,intermediate,V1,8,0.88122
9,V1-DMS,intermediate,V1,9,0.749395
9,V1-DMS,intermediate,V1,10,0.995518
9,V1-DMS,intermediate,V1,11,1.049442
9,V1-DMS,intermediate,V1,12,0.832278
9,V1-DMS,intermediate,V1,13,0.93345
9,V1-DMS,intermediate,V1,14,0.925809
9,V1-DMS,intermediate,V1,15,0.886154
9,V1-DMS,intermediate,V1,16,1.066633
9,V1-DMS,intermediate,V1,17,1.266007
9,V1-DMS,intermediate,V1,18,0.449355
9,V1-DMS,intermediate,V1,19,0.965416
9,V1-DMS,intermediate,V1,20,1.053277
9,V1-DMS,intermediate,DMS,0,1.389226
9,V1-DMS,intermediate,DMS,1,0.002472
9,V1-DMS,intermediate,DMS,2,0.030842
9,V1-DMS,intermediate,DMS,3,1.254875
9,V1-DMS,intermediate,DMS,4,0.673398
9,V1-DMS,intermediate,DMS,5,1.070873
9,V1-DMS,intermediate,DMS,6,0.045997
9,V1-DMS,intermediate,DMS,7,0.964482
9,V1-DMS,intermediate,DMS,8,1.175759
9,V1-DMS,intermediate,DMS,9,0.105467
9,V1-DMS,intermediate,DMS,10,1.729021
9,V1-DMS,intermediate,DMS,11,0.003619
9,V1-DMS,intermediate,DMS,12,1.408676
9,V1-DMS,intermediate,DMS,13,1.183745
9,V1-DMS,intermediate,DMS,14,0.732928
9,V1-DMS,intermediate,DMS,15,0.782721
9,V1-DMS,intermediate,DMS,16,0.620793
9,V1-DMS,intermediate,DMS,17,1.071897
9,V1-DMS,intermediate,DMS,18,0.484872
9,V1-DMS,intermediate,DMS,19,1.438437
9,V1-DMS,intermediate,DMS,20,0.948054
9,V1-DMS,intermediate,DMS,21,1.004728
9,V1-DMS,intermediate,DMS,22,0.733997
9,V1-DMS,intermediate,DMS,23,1.280322
9,V1-DMS,intermediate,DMS,24,1.183886
9,V1-DMS,intermediate,DMS,25,1.347369
9,V1-DMS,expert,V1,0,0.961499
9,V1-DMS,expert,V1,1,1.64758
9,V1-DMS,expert,V1,2,0.969961
9,V1-DMS,expert,V1,3,0.936249
9,V1-DMS,expert,V1,4,1.048191
9,V1-DMS,expert,V1,5,1.020184
9,V1-DMS,expert,V1,6,1.060736
9,V1-DMS,expert,V1,7,0.00367
9,V1-DMS,expert,V1,8,0.975183
9,V1-DMS,expert,V1,9,1.761279
9,V1-DMS,expert,V1,10,0.997403
9,V1-DMS,expert,V1,11,1.094707
9,V1-DMS,expert,V1,12,0.934238
9,V1-DMS,expert,V1,13,0.89006
9,V1-DMS,expert,V1,14,0.936034
9,V1-DMS,expert,V1,15,1.055337
9,V1-DMS,expert,V1,16,1.04458
9,V1-DMS,expert,V1,17,1.295088
9,V1-DMS,expert,V1,18,0.873437
9,V1-DMS,expert,V1,19,1.060879
9,V1-DMS,expert,V1,20,1.037826
9,V1-DMS,expert,DMS,0,0.022083
9,V1-DMS,expert,DMS,1,1.516195
9,V1-DMS,expert,DMS,2,0.066964
9,V1-DMS,expert,DMS,3,0.949633
9,V1-DMS,expert,DMS,4,0.626917
9,V1-DMS,expert,DMS,5,1.353309
9,V1-DMS,expert,DMS,6,1.180905
9,V1-DMS,expert,DMS,7,1.032931
9,V1-DMS,expert,DMS,8,1.206719
9,V1-DMS,expert,DMS,9,0.04777
9,V1-DMS,expert,DMS,10,1.212162
9,V1-DMS,expert,DMS,11,1.560931
9,V1-DMS,expert,DMS,12,1.391356
9,V1-DMS,expert,DMS,13,1.121843
9,V1-DMS,expert,DMS,14,0.997054
9,V1-DMS,expert,DMS,15,1.310021
9,V1-DMS,expert,DMS,16,0.0
9,V1-DMS,expert,DMS,17,1.050411
9,V1-DMS,expert,DMS,18,1.481601
9,V1-DMS,expert,DMS,19,0.31641
9,V1-DMS,expert,DMS,20,1.054336
9,V1-DMS,expert,DMS,21,0.004307
9,V1-DMS,expert,DMS,22,0.794111
9,V1-DMS,expert,DMS,23,1.262511
9,V1-DMS,expert,DMS,24,0.945752
9,V1-DMS,expert,DMS,25,1.342286
9,V1-ACC,naive,V1,0,0.994192
9,V1-ACC,naive,V1,1,0.130783
9,V1-ACC,naive,V1,2,0.560916
9,V1-ACC,naive,V1,3,0.827663
9,V1-ACC,naive,V1,4,0.517731
9,V1-ACC,naive,V1,5,0.998528
9,V1-ACC,naive,V1,6,0.483599
9,V1-ACC,naive,V1,7,0.435736
9,V1-ACC,naive,V1,8,0.52844
9,V1-ACC,naive,V1,9,0.53024
9,V1-ACC,naive,V1,10,0.594175
9,V1-ACC,naive,V1,11,0.822651
9,V1-ACC,naive,V1,12,0.767901
9,V1-ACC,naive,V1,13,0.487419
9,V1-ACC,naive,V1,14,1.128008
9,V1-ACC,naive,V1,15,0.599144
9,V1-ACC,naive,V1,16,1.083323
9,V1-ACC,naive,V1,17,1.001675
9,V1-ACC,naive,V1,18,0.711499
9,V1-ACC,naive,V1,19,0.59231
9,V1-ACC,naive,V1,20,1.110022
9,V1-ACC,naive,ACC,0,0.753716
9,V1-ACC,naive,ACC,1,0.826666
9,V1-ACC,naive,ACC,2,0.663301
9,V1-ACC,naive,ACC,3,0.848488
9,V1-ACC,naive,ACC,4,0.046247
9,V1-ACC,naive,ACC,5,0.728833
9,V1-ACC,naive,ACC,6,0.53514
9,V1-ACC,naive,ACC,7,0.056893
9,V1-ACC,naive,ACC,8,0.57602
9,V1-ACC,naive,ACC,9,0.019756
9,V1-ACC,naive,ACC,10,0.431943
9,V1-ACC,naive,ACC,11,0.507216
9,V1-ACC,naive,ACC,12,0.619417
9,V1-ACC,naive,ACC,13,0.519573
9,V1-ACC,naive,ACC,14,1.016572
9,V1-ACC,naive,ACC,15,0.832695
9,V1-ACC,naive,ACC,16,0.219878
9,V1-ACC,naive,ACC,17,0.446266
9,V1-ACC,naive,ACC,18,0.869946
9,V1-ACC,naive,ACC,19,0.035015
9,V1-ACC,naive,ACC,20,0.031308
9,V1-ACC,naive,ACC,21,0.955949
9,V1-ACC,naive,ACC,22,1.062093
9,V1-ACC,naive,ACC,23,0.03682
9,V1-ACC,naive,ACC,24,0.605702
9,V1-ACC,naive,ACC,25,0.724521
9,V1-ACC,naive,ACC,26,0.931755
9,V1-ACC,intermediate,V1,0,0.976042
9,V1-ACC,intermediate,V1,1,2.058081
9,V1-ACC,intermediate,V1,2,0.924594
9,V1-ACC,intermediate,V1,3,0.872117
9,V1-ACC,intermediate,V1,4,0.759182
9,V1-ACC,intermediate,V1,5,0.990528
9,V1-ACC,intermediate,V1,6,0.869024
9,V1-ACC,intermediate,V1,7,0.00586
9,V1-ACC,intermediate,V1,8,0.880773
9,V1-ACC,intermediate,V1,9,0.754829
9,V1-ACC,intermediate,V1,10,0.994637
9,V1-ACC,intermediate,V1,11,1.048758
9,V1-ACC,intermediate,V1,12,0.832204
9,V1-ACC,intermediate,V1,13,0.933311
9,V1-ACC,intermediate,V1,14,0.92592
9,V1-ACC,intermediate,V1,15,0.88598
9,V1-ACC,intermediate,V1,16,1.065278
9,V1-ACC,intermediate,V1,17,1.264916
9,V1-ACC,intermediate,V1,18,0.452225
9,V1-ACC,intermediate,V1,19,0.964724
9,V1-ACC,intermediate,V1,20,1.051411
9,V1-ACC,intermediate,ACC,0,0.977515
9,V1-ACC,intermediate,ACC,1,0.999034
9,V1-ACC,intermediate,ACC,2,1.032489
9,V1-ACC,intermediate,ACC,3,1.005292
9,V1-ACC,intermediate,ACC,4,1.02903
9,V1-ACC,intermediate,ACC,5,0.981445
9,V1-ACC,intermediate,ACC,6,0.839618
9,V1-ACC,intermediate,ACC,7,0.658473
9,V1-ACC,intermediate,ACC,8,0.727928
9,V1-ACC,intermediate,ACC,9,0.167817
9,V1-ACC,intermediate,ACC,10,1.090071
9,V1-ACC,intermediate,ACC,11,0.908676
9,V1-ACC,intermediate,ACC,12,0.962585
9,V1-ACC,intermediate,ACC,13,0.760176
9,V1-ACC,intermediate,ACC,14,0.974262
9,V1-ACC,intermediate,ACC,15,0.707782
9,V1-ACC,intermediate,ACC,16,1.026595
9,V1-ACC,intermediate,ACC,17,0.043117
9,V1-ACC,intermediate,ACC,18,0.91669
9,V1-ACC,intermediate,ACC,19,0.031019
9,V1-ACC,intermediate,ACC,20,0.015775
9,V1-ACC,intermediate,ACC,21,0.96846
9,V1-ACC,intermediate,ACC,22,0.798172
9,V1-ACC,intermediate,ACC,23,0.082225
9,V1-ACC,intermediate,ACC,24,0.849915
9,V1-ACC,intermediate,ACC,25,0.836928
9,V1-ACC,intermediate,ACC,26,0.967284
9,V1-ACC,expert,V1,0,0.961155
9,V1-ACC,expert,V1,1,1.646669
9,V1-ACC,expert,V1,2,0.969108
9,V1-ACC,expert,V1,3,0.93537
9,V1-ACC,expert,V1,4,1.049142
9,V1-ACC,expert,V1,5,1.019529
9,V1-ACC,expert,V1,6,1.064341
9,V1-ACC,expert,V1,7,0.004108
9,V1-ACC,expert,V1,8,0.973308
9,V1-ACC,expert,V1,9,1.76166
9,V1-ACC,expert,V1,10,0.995789
9,V1-ACC,expert,V1,11,1.092899
9,V1-ACC,expert,V1,12,0.93452
9,V1-ACC,expert,V1,13,0.887465
9,V1-ACC,expert,V1,14,0.935751
9,V1-ACC,expert,V1,15,1.055669
9,V1-ACC,expert,V1,16,1.043945
9,V1-ACC,expert,V1,17,1.29591
9,V1-ACC,expert,V1,18,0.896513
9,V1-ACC,expert,V1,19,1.078132
9,V1-ACC,expert,V1,20,1.036084
9,V1-ACC,expert,ACC,0,1.092424
9,V1-ACC,expert,ACC,1,0.935667
9,V1-ACC,expert,ACC,2,1.078732
9,V1-ACC,expert,ACC,3,1.012138
9,V1-ACC,expert,ACC,4,0.981974
9,V1-ACC,expert,ACC,5,1.045532
9,V1-ACC,expert,ACC,6,0.110321
9,V1-ACC,expert,ACC,7,0.407284
9,V1-ACC,expert,ACC,8,0.437951
9,V1-ACC,expert,ACC,9,1.118467
9,V1-ACC,expert,ACC,10,1.079046
9,V1-ACC,expert,ACC,11,0.202316
9,V1-ACC,expert,ACC,12,1.111475
9,V1-ACC,expert,ACC,13,0.050066
9,V1-ACC,expert,ACC,14,1.051069
9,V1-ACC,expert,ACC,15,0.825598
9,V1-ACC,expert,ACC,16,1.02924
9,V1-ACC,expert,ACC,17,0.822353
9,V1-ACC,expert,ACC,18,0.955059
9,V1-ACC,expert,ACC,19,0.018933
9,V1-ACC,expert,ACC,20,0.063653
9,V1-ACC,expert,ACC,21,1.012194
9,V1-ACC,expert,ACC,22,0.853141
9,V1-ACC,expert,ACC,23,1.136788
9,V1-ACC,expert,ACC,24,0.817478
9,V1-ACC,expert,ACC,25,0.816485
9,V1-ACC,expert,ACC,26,0.91375
10,DMS-DLS,naive,DMS,0,0.984798
10,DMS-DLS,naive,DMS,1,0.800679
10,DMS-DLS,naive,DMS,2,1.265207
10,DMS-DLS,naive,DMS,3,0.892577
10,DMS-DLS,naive,DMS,4,1.756142
10,DMS-DLS,naive,DMS,5,0.900642
10,DMS-DLS,naive,DMS,6,6.519942
10,DMS-DLS,naive,DMS,7,6.422546
10,DMS-DLS,naive,DMS,8,1.155993
10,DMS-DLS,naive,DMS,9,1.009093
10,DMS-DLS,naive,DMS,10,1.213164
10,DMS-DLS,naive,DMS,11,1.24551
10,DMS-DLS,naive,DMS,12,1.198774
10,DMS-DLS,naive,DMS,13,1.051457
10,DMS-DLS,naive,DMS,14,1.105575
10,DMS-DLS,naive,DMS,15,1.075833
10,DMS-DLS,naive,DMS,16,1.552473
10,DMS-DLS,naive,DMS,17,1.170459
10,DMS-DLS,naive,DMS,18,0.551738
10,DMS-DLS,naive,DLS,0,0.975998
10,DMS-DLS,naive,DLS,1,0.883382
10,DMS-DLS,naive,DLS,2,1.451428
10,DMS-DLS,naive,DLS,3,0.564441
10,DMS-DLS,naive,DLS,4,1.064679
10,DMS-DLS,naive,DLS,5,1.2011
10,DMS-DLS,naive,DLS,6,0.57994
10,DMS-DLS,naive,DLS,7,0.986155
10,DMS-DLS,naive,DLS,8,0.732835
10,DMS-DLS,naive,DLS,9,0.608462
10,DMS-DLS,naive,DLS,10,1.284855
10,DMS-DLS,naive,DLS,11,0.633014
10,DMS-DLS,naive,DLS,12,1.056592
10,DMS-DLS,naive,DLS,13,1.10578
10,DMS-DLS,naive,DLS,14,0.787833
10,DMS-DLS,naive,DLS,15,0.90774
10,DMS-DLS,naive,DLS,16,0.85056
10,DMS-DLS,intermediate,DMS,0,0.936198
10,DMS-DLS,intermediate,DMS,1,1.214772
10,DMS-DLS,intermediate,DMS,2,1.042373
10,DMS-DLS,intermediate,DMS,3,0.971393
10,DMS-DLS,intermediate,DMS,4,1.235655
10,DMS-DLS,intermediate,DMS,5,0.862828
10,DMS-DLS,intermediate,DMS,6,6.965556
10,DMS-DLS,intermediate,DMS,7,6.952086
10,DMS-DLS,intermediate,DMS,8,1.248435
10,DMS-DLS,intermediate,DMS,9,1.164872
10,DMS-DLS,intermediate,DMS,10,0.843499
10,DMS-DLS,intermediate,DMS,11,1.143777
10,DMS-DLS,intermediate,DMS,12,0.942138
10,DMS-DLS,intermediate,DMS,13,0.874803
10,DMS-DLS,intermediate,DMS,14,1.206735
10,DMS-DLS,intermediate,DMS,15,0.925358
10,DMS-DLS,intermediate,DMS,16,0.860517
10,DMS-DLS,intermediate,DMS,17,1.190527
10,DMS-DLS,intermediate,DMS,18,0.0
10,DMS-DLS,intermediate,DLS,0,1.10954
10,DMS-DLS,intermediate,DLS,1,1.151712
10,DMS-DLS,intermediate,DLS,2,0.918807
10,DMS-DLS,intermediate,DLS,3,1.372383
10,DMS-DLS,intermediate,DLS,4,1.04247
10,DMS-DLS,intermediate,DLS,5,0.900797
10,DMS-DLS,intermediate,DLS,6,0.744367
10,DMS-DLS,intermediate,DLS,7,1.011227
10,DMS-DLS,intermediate,DLS,8,1.335396
10,DMS-DLS,intermediate,DLS,9,1.867874
10,DMS-DLS,intermediate,DLS,10,0.777899
10,DMS-DLS,intermediate,DLS,11,1.630267
10,DMS-DLS,intermediate,DLS,12,1.000905
10,DMS-DLS,intermediate,DLS,13,0.933429
10,DMS-DLS,intermediate,DLS,14,0.707107
10,DMS-DLS,intermediate,DLS,15,1.247819
10,DMS-DLS,intermediate,DLS,16,1.160015
10,DMS-DLS,expert,DMS,0,1.009004
10,DMS-DLS,expert,DMS,1,1.269132
10,DMS-DLS,expert,DMS,2,1.270993
10,DMS-DLS,expert,DMS,3,0.819968
10,DMS-DLS,expert,DMS,4,1.346692
10,DMS-DLS,expert,DMS,5,0.9346
10,DMS-DLS,expert,DMS,6,7.09419
10,DMS-DLS,expert,DMS,7,7.233166
10,DMS-DLS,expert,DMS,8,1.716001
10,DMS-DLS,expert,DMS,9,1.196446
10,DMS-DLS,expert,DMS,10,0.855099
10,DMS-DLS,expert,DMS,11,1.360528
10,DMS-DLS,expert,DMS,12,0.919509
10,DMS-DLS,expert,DMS,13,0.958033
10,DMS-DLS,expert,DMS,14,0.980077
10,DMS-DLS,expert,DMS,15,1.097011
10,DMS-DLS,expert,DMS,16,1.040431
10,DMS-DLS,expert,DMS,17,1.358053
10,DMS-DLS,expert,DMS,18,0.762551
10,DMS-DLS,expert,DLS,0,1.034012
10,DMS-DLS,expert,DLS,1,1.584138
10,DMS-DLS,expert,DLS,2,1.212587
10,DMS-DLS,expert,DLS,3,0.0
10,DMS-DLS,expert,DLS,4,1.308897
10,DMS-DLS,expert,DLS,5,1.094394
10,DMS-DLS,expert,DLS,6,1.29619
10,DMS-DLS,expert,DLS,7,1.040829
10,DMS-DLS,expert,DLS,8,0.558772
10,DMS-DLS,expert,DLS,9,3.411788
10,DMS-DLS,expert,DLS,10,0.971753
10,DMS-DLS,expert,DLS,11,1.917268
10,DMS-DLS,expert,DLS,12,1.026032
10,DMS-DLS,expert,DLS,13,1.114261
10,DMS-DLS,expert,DLS,14,2.916738
10,DMS-DLS,expert,DLS,15,1.480384
10,DMS-DLS,expert,DLS,16,1.40746
10,DMS-ACC,naive,DMS,0,0.432657
10,DMS-ACC,naive,DMS,1,0.190944
10,DMS-ACC,naive,DMS,2,0.543596
10,DMS-ACC,naive,DMS,3,0.975793
10,DMS-ACC,naive,DMS,4,0.597108
10,DMS-ACC,naive,DMS,5,0.732048
10,DMS-ACC,naive,DMS,6,2.280927
10,DMS-ACC,naive,DMS,7,1.468183
10,DMS-ACC,naive,DMS,8,0.26967
10,DMS-ACC,naive,DMS,9,0.402126
10,DMS-ACC,naive,DMS,10,0.341288
10,DMS-ACC,naive,DMS,11,0.369616
10,DMS-ACC,naive,DMS,12,0.634261
10,DMS-ACC,naive,DMS,13,0.7685
10,DMS-ACC,naive,DMS,14,0.170449
10,DMS-ACC,naive,DMS,15,0.351271
10,DMS-ACC,naive,DMS,16,0.46649
10,DMS-ACC,naive,DMS,17,0.386258
10,DMS-ACC,naive,DMS,18,0.043348
10,DMS-ACC,naive,ACC,0,0.437516
10,DMS-ACC,naive,ACC,1,1.411072
10,DMS-ACC,naive,ACC,2,0.0
10,DMS-ACC,naive,ACC,3,0.997436
10,DMS-ACC,naive,ACC,4,0.0
10,DMS-ACC,naive,ACC,5,1.016658
10,DMS-ACC,intermediate,DMS,0,0.913464
10,DMS-ACC,intermediate,DMS,1,0.312055
10,DMS-ACC,intermediate,DMS,2,0.431245
10,DMS-ACC,intermediate,DMS,3,0.490327
10,DMS-ACC,intermediate,DMS,4,0.584637
10,DMS-ACC,intermediate,DMS,5,0.911765
10,DMS-ACC,intermediate,DMS,6,3.304067
10,DMS-ACC,intermediate,DMS,7,2.951419
10,DMS-ACC,intermediate,DMS,8,0.455425
10,DMS-ACC,intermediate,DMS,9,0.127606
10,DMS-ACC,intermediate,DMS,10,0.426053
10,DMS-ACC,intermediate,DMS,11,0.475758
10,DMS-ACC,intermediate,DMS,12,0.414961
10,DMS-ACC,intermediate,DMS,13,0.371649
10,DMS-ACC,intermediate,DMS,14,0.860018
10,DMS-ACC,intermediate,DMS,15,0.225696
10,DMS-ACC,intermediate,DMS,16,0.546042
10,DMS-ACC,intermediate,DMS,17,0.53338
10,DMS-ACC,intermediate,DMS,18,0.0
10,DMS-ACC,intermediate,ACC,0,1.387904
10,DMS-ACC,intermediate,ACC,1,1.052661
10,DMS-ACC,intermediate,ACC,2,0.0
10,DMS-ACC,intermediate,ACC,3,0.987405
10,DMS-ACC,intermediate,ACC,4,0.601883
10,DMS-ACC,intermediate,ACC,5,0.933489
10,DMS-ACC,expert,DMS,0,0.342489
10,DMS-ACC,expert,DMS,1,0.17966
10,DMS-ACC,expert,DMS,2,1.013356
10,DMS-ACC,expert,DMS,3,0.120396
10,DMS-ACC,expert,DMS,4,0.944905
10,DMS-ACC,expert,DMS,5,0.429724
10,DMS-ACC,expert,DMS,6,1.962264
10,DMS-ACC,expert,DMS,7,1.865069
10,DMS-ACC,expert,DMS,8,0.851174
10,DMS-ACC,expert,DMS,9,0.640175
10,DMS-ACC,expert,DMS,10,0.217102
10,DMS-ACC,expert,DMS,11,0.604067
10,DMS-ACC,expert,DMS,12,0.773815
10,DMS-ACC,expert,DMS,13,1.021607
10,DMS-ACC,expert,DMS,14,0.389149
10,DMS-ACC,expert,DMS,15,0.516974
10,DMS-ACC,expert,DMS,16,0.754436
10,DMS-ACC,expert,DMS,17,0.446657
10,DMS-ACC,expert,DMS,18,0.205755
10,DMS-ACC,expert,ACC,0,1.582798
10,DMS-ACC,expert,ACC,1,0.77728
10,DMS-ACC,expert,ACC,2,0.388448
10,DMS-ACC,expert,ACC,3,1.001228
10,DMS-ACC,expert,ACC,4,0.0
10,DMS-ACC,expert,ACC,5,0.808766
10,DLS-ACC,naive,DLS,0,0.890523
10,DLS-ACC,naive,DLS,1,0.419193
10,DLS-ACC,naive,DLS,2,0.867633
10,DLS-ACC,naive,DLS,3,0.193613
10,DLS-ACC,naive,DLS,4,0.220914
10,DLS-ACC,naive,DLS,5,0.625463
10,DLS-ACC,naive,DLS,6,0.169567
10,DLS-ACC,naive,DLS,7,0.471184
10,DLS-ACC,naive,DLS,8,0.220789
10,DLS-ACC,naive,DLS,9,0.223857
10,DLS-ACC,naive,DLS,10,0.069637
10,DLS-ACC,naive,DLS,11,0.359036
10,DLS-ACC,naive,DLS,12,0.786462
10,DLS-ACC,naive,DLS,13,0.598788
10,DLS-ACC,naive,DLS,14,0.183191
10,DLS-ACC,naive,DLS,15,0.341396
10,DLS-ACC,naive,DLS,16,0.350637
10,DLS-ACC,naive,ACC,0,0.436068
10,DLS-ACC,naive,ACC,1,1.411893
10,DLS-ACC,naive,ACC,2,0.0
10,DLS-ACC,naive,ACC,3,0.999773
10,DLS-ACC,naive,ACC,4,0.0
10,DLS-ACC,naive,ACC,5,1.016011
10,DLS-ACC,intermediate,DLS,0,0.485273
10,DLS-ACC,intermediate,DLS,1,0.557736
10,DLS-ACC,intermediate,DLS,2,0.914289
10,DLS-ACC,intermediate,DLS,3,0.118235
10,DLS-ACC,intermediate,DLS,4,0.520169
10,DLS-ACC,intermediate,DLS,5,0.627831
10,DLS-ACC,intermediate,DLS,6,0.314448
10,DLS-ACC,intermediate,DLS,7,0.767234
10,DLS-ACC,intermediate,DLS,8,0.082418
10,DLS-ACC,intermediate,DLS,9,0.686587
10,DLS-ACC,intermediate,DLS,10,0.268303
10,DLS-ACC,intermediate,DLS,11,0.518269
10,DLS-ACC,intermediate,DLS,12,0.534024
10,DLS-ACC,intermediate,DLS,13,0.509327
10,DLS-ACC,intermediate,DLS,14,0.12557
10,DLS-ACC,intermediate,DLS,15,1.101773
10,DLS-ACC,intermediate,DLS,16,0.992806
10,DLS-ACC,intermediate,ACC,0,1.388755
10,DLS-ACC,intermediate,ACC,1,1.053346
10,DLS-ACC,intermediate,ACC,2,0.0
10,DLS-ACC,intermediate,ACC,3,0.988604
10,DLS-ACC,intermediate,ACC,4,0.602215
10,DLS-ACC,intermediate,ACC,5,0.934514
10,DLS-ACC,expert,DLS,0,0.911942
10,DLS-ACC,expert,DLS,1,0.956414
10,DLS-ACC,expert,DLS,2,1.165834
10,DLS-ACC,expert,DLS,3,0.0
10,DLS-ACC,expert,DLS,4,1.067746
10,DLS-ACC,expert,DLS,5,0.561018
10,DLS-ACC,expert,DLS,6,0.757947
10,DLS-ACC,expert,DLS,7,0.136682
10,DLS-ACC,expert,DLS,8,0.237802
10,DLS-ACC,expert,DLS,9,0.571543
10,DLS-ACC,expert,DLS,10,0.192927
10,DLS-ACC,expert,DLS,11,0.333201
10,DLS-ACC,expert,DLS,12,0.667477
10,DLS-ACC,expert,DLS,13,0.473977
10,DLS-ACC,expert,DLS,14,0.135826
10,DLS-ACC,expert,DLS,15,0.700589
10,DLS-ACC,expert,DLS,16,1.028139
10,DLS-ACC,expert,ACC,0,1.579489
10,DLS-ACC,expert,ACC,1,0.776684
10,DLS-ACC,expert,ACC,2,0.387465
10,DLS-ACC,expert,ACC,3,1.002567
10,DLS-ACC,expert,ACC,4,0.0
10,DLS-ACC,expert,ACC,5,0.809009
10,V1-DMS,naive,V1,0,0.906114
10,V1-DMS,naive,V1,1,0.887053
10,V1-DMS,naive,V1,2,0.872212
10,V1-DMS,naive,V1,3,0.940455
10,V1-DMS,naive,V1,4,0.889994
10,V1-DMS,naive,V1,5,0.849095
10,V1-DMS,naive,DMS,0,0.594526
10,V1-DMS,naive,DMS,1,0.311183
10,V1-DMS,naive,DMS,2,0.808192
10,V1-DMS,naive,DMS,3,0.599847
10,V1-DMS,naive,DMS,4,1.094654
10,V1-DMS,naive,DMS,5,0.58315
10,V1-DMS,naive,DMS,6,3.71724
10,V1-DMS,naive,DMS,7,3.473862
10,V1-DMS,naive,DMS,8,0.885091
10,V1-DMS,naive,DMS,9,0.785719
10,V1-DMS,naive,DMS,10,0.577208
10,V1-DMS,naive,DMS,11,0.707499
10,V1-DMS,naive,DMS,12,0.672971
10,V1-DMS,naive,DMS,13,0.649077
10,V1-DMS,naive,DMS,14,0.774104
10,V1-DMS,naive,DMS,15,0.589713
10,V1-DMS,naive,DMS,16,1.008291
10,V1-DMS,naive,DMS,17,0.647816
10,V1-DMS,naive,DMS,18,0.310756
10,V1-DMS,intermediate,V1,0,0.94469
10,V1-DMS,intermediate,V1,1,0.958277
10,V1-DMS,intermediate,V1,2,1.18298
10,V1-DMS,intermediate,V1,3,1.339181
10,V1-DMS,intermediate,V1,4,1.026113
10,V1-DMS,intermediate,V1,5,1.088038
10,V1-DMS,intermediate,DMS,0,0.370146
10,V1-DMS,intermediate,DMS,1,0.406176
10,V1-DMS,intermediate,DMS,2,0.749801
10,V1-DMS,intermediate,DMS,3,0.225371
10,V1-DMS,intermediate,DMS,4,0.81647
10,V1-DMS,intermediate,DMS,5,0.674327
10,V1-DMS,intermediate,DMS,6,3.832387
10,V1-DMS,intermediate,DMS,7,3.518555
10,V1-DMS,intermediate,DMS,8,0.573077
10,V1-DMS,intermediate,DMS,9,0.591105
10,V1-DMS,intermediate,DMS,10,0.518436
10,V1-DMS,intermediate,DMS,11,0.830208
10,V1-DMS,intermediate,DMS,12,0.664105
10,V1-DMS,intermediate,DMS,13,0.592805
10,V1-DMS,intermediate,DMS,14,0.304597
10,V1-DMS,intermediate,DMS,15,0.32601
10,V1-DMS,intermediate,DMS,16,0.706838
10,V1-DMS,intermediate,DMS,17,0.856125
10,V1-DMS,intermediate,DMS,18,0.0
10,V1-DMS,expert,V1,0,0.970439
10,V1-DMS,expert,V1,1,1.03205
10,V1-DMS,expert,V1,2,1.075058
10,V1-DMS,expert,V1,3,1.587197
10,V1-DMS,expert,V1,4,1.086618
10,V1-DMS,expert,V1,5,1.179814
10,V1-DMS,expert,DMS,0,0.785591
10,V1-DMS,expert,DMS,1,0.711555
10,V1-DMS,expert,DMS,2,0.653172
10,V1-DMS,expert,DMS,3,0.548823
10,V1-DMS,expert,DMS,4,0.931359
10,V1-DMS,expert,DMS,5,0.49218
10,V1-DMS,expert,DMS,6,1.511614
10,V1-DMS,expert,DMS,7,1.413093
10,V1-DMS,expert,DMS,8,0.722179
10,V1-DMS,expert,DMS,9,0.793672
10,V1-DMS,expert,DMS,10,0.41649
10,V1-DMS,expert,DMS,11,0.86931
10,V1-DMS,expert,DMS,12,0.86103
10,V1-DMS,expert,DMS,13,0.839264
10,V1-DMS,expert,DMS,14,0.344732
10,V1-DMS,expert,DMS,15,0.737419
10,V1-DMS,expert,DMS,16,0.546991
10,V1-DMS,expert,DMS,17,0.61387
10,V1-DMS,expert,DMS,18,0.373011
10,V1-DLS,naive,V1,0,0.906526
10,V1-DLS,naive,V1,1,0.887631
10,V1-DLS,naive,V1,2,0.872837
10,V1-DLS,naive,V1,3,0.940619
10,V1-DLS,naive,V1,4,0.890311
10,V1-DLS,naive,V1,5,0.850075
10,V1-DLS,naive,DLS,0,0.832787
10,V1-DLS,naive,DLS,1,0.415944
10,V1-DLS,naive,DLS,2,1.067367
10,V1-DLS,naive,DLS,3,0.263602
10,V1-DLS,naive,DLS,4,0.605211
10,V1-DLS,naive,DLS,5,0.784592
10,V1-DLS,naive,DLS,6,0.372645
10,V1-DLS,naive,DLS,7,0.674611
10,V1-DLS,naive,DLS,8,0.295847
10,V1-DLS,naive,DLS,9,0.332597
10,V1-DLS,naive,DLS,10,0.635905
10,V1-DLS,naive,DLS,11,0.24283
10,V1-DLS,naive,DLS,12,0.57954
10,V1-DLS,naive,DLS,13,0.863337
10,V1-DLS,naive,DLS,14,0.393306
10,V1-DLS,naive,DLS,15,0.655879
10,V1-DLS,naive,DLS,16,0.510543
10,V1-DLS,intermediate,V1,0,0.94391
10,V1-DLS,intermediate,V1,1,0.958608
10,V1-DLS,intermediate,V1,2,1.183914
10,V1-DLS,intermediate,V1,3,1.33777
10,V1-DLS,intermediate,V1,4,1.027469
10,V1-DLS,intermediate,V1,5,1.087977
10,V1-DLS,intermediate,DLS,0,0.741597
10,V1-DLS,intermediate,DLS,1,0.798251
10,V1-DLS,intermediate,DLS,2,0.505372
10,V1-DLS,intermediate,DLS,3,0.302801
10,V1-DLS,intermediate,DLS,4,0.413845
10,V1-DLS,intermediate,DLS,5,0.525685
10,V1-DLS,intermediate,DLS,6,0.566031
10,V1-DLS,intermediate,DLS,7,0.490691
10,V1-DLS,intermediate,DLS,8,1.051054
10,V1-DLS,intermediate,DLS,9,0.685339
10,V1-DLS,intermediate,DLS,10,0.414514
10,V1-DLS,intermediate,DLS,11,1.108792
10,V1-DLS,intermediate,DLS,12,0.540064
10,V1-DLS,intermediate,DLS,13,0.619703
10,V1-DLS,intermediate,DLS,14,0.343705
10,V1-DLS,intermediate,DLS,15,0.979666
10,V1-DLS,intermediate,DLS,16,0.892464
10,V1-DLS,expert,V1,0,0.969958
10,V1-DLS,expert,V1,1,1.032522
10,V1-DLS,expert,V1,2,1.077209
10,V1-DLS,expert,V1,3,1.589175
10,V1-DLS,expert,V1,4,1.088369
10,V1-DLS,expert,V1,5,1.180412
10,V1-DLS,expert,DLS,0,0.625731
10,V1-DLS,expert,DLS,1,0.71045
10,V1-DLS,expert,DLS,2,0.794254
10,V1-DLS,expert,DLS,3,0.0
10,V1-DLS,expert,DLS,4,0.664375
10,V1-DLS,expert,DLS,5,0.788638
10,V1-DLS,expert,DLS,6,0.86544
10,V1-DLS,expert,DLS,7,0.698666
10,V1-DLS,expert,DLS,8,0.261125
10,V1-DLS,expert,DLS,9,2.957494
10,V1-DLS,expert,DLS,10,0.37796
10,V1-DLS,expert,DLS,11,1.465788
10,V1-DLS,expert,DLS,12,0.726918
10,V1-DLS,expert,DLS,13,0.650492
10,V1-DLS,expert,DLS,14,0.579906
10,V1-DLS,expert,DLS,15,1.014906
10,V1-DLS,expert,DLS,16,1.040976
10,V1-ACC,naive,V1,0,0.798333
10,V1-ACC,naive,V1,1,0.464666
10,V1-ACC,naive,V1,2,0.86257
10,V1-ACC,naive,V1,3,0.821327
10,V1-ACC,naive,V1,4,0.560075
10,V1-ACC,naive,V1,5,0.773904
10,V1-ACC,naive,ACC,0,0.437599
10,V1-ACC,naive,ACC,1,1.412389
10,V1-ACC,naive,ACC,2,0.0
10,V1-ACC,naive,ACC,3,1.002204
10,V1-ACC,naive,ACC,4,0.0
10,V1-ACC,naive,ACC,5,1.016414
10,V1-ACC,intermediate,V1,0,0.808347
10,V1-ACC,intermediate,V1,1,0.845209
10,V1-ACC,intermediate,V1,2,1.185061
10,V1-ACC,intermediate,V1,3,0.982339
10,V1-ACC,intermediate,V1,4,1.020562
10,V1-ACC,intermediate,V1,5,1.077479
10,V1-ACC,intermediate,ACC,0,1.388582
10,V1-ACC,intermediate,ACC,1,1.05374
10,V1-ACC,intermediate,ACC,2,0.0
10,V1-ACC,intermediate,ACC,3,0.989069
10,V1-ACC,intermediate,ACC,4,0.602313
10,V1-ACC,intermediate,ACC,5,0.93482
10,V1-ACC,expert,V1,0,0.958878
10,V1-ACC,expert,V1,1,1.001677
10,V1-ACC,expert,V1,2,1.058244
10,V1-ACC,expert,V1,3,1.575843
10,V1-ACC,expert,V1,4,0.746391
10,V1-ACC,expert,V1,5,0.95324
10,V1-ACC,expert,ACC,0,1.582752
10,V1-ACC,expert,ACC,1,0.779661
10,V1-ACC,expert,ACC,2,0.394067
10,V1-ACC,expert,ACC,3,1.00342
10,V1-ACC,expert,ACC,4,0.0
10,V1-ACC,expert,ACC,5,0.808748
11,DMS-DLS,naive,DMS,0,0.412744
11,DMS-DLS,naive,DMS,1,0.435246
11,DMS-DLS,naive,DMS,2,0.14938
11,DMS-DLS,naive,DMS,3,0.498034
11,DMS-DLS,naive,DMS,4,0.366029
11,DMS-DLS,naive,DMS,5,1.304195
11,DMS-DLS,naive,DMS,6,0.138943
11,DMS-DLS,naive,DMS,7,0.244372
11,DMS-DLS,naive,DMS,8,0.398308
11,DMS-DLS,naive,DMS,9,0.260308
11,DMS-DLS,naive,DMS,10,0.241112
11,DMS-DLS,naive,DMS,11,0.374228
11,DMS-DLS,naive,DMS,12,0.586048
11,DMS-DLS,naive,DMS,13,0.273097
11,DMS-DLS,naive,DMS,14,0.144911
11,DMS-DLS,naive,DMS,15,0.10822
11,DMS-DLS,naive,DMS,16,0.357773
11,DMS-DLS,naive,DMS,17,0.652824
11,DMS-DLS,naive,DMS,18,1.599432
11,DMS-DLS,naive,DMS,19,0.30417
11,DMS-DLS,naive,DLS,0,1.610458
11,DMS-DLS,naive,DLS,1,0.907379
11,DMS-DLS,naive,DLS,2,3.09018
11,DMS-DLS,naive,DLS,3,0.679468
11,DMS-DLS,naive,DLS,4,0.81333
11,DMS-DLS,intermediate,DMS,0,0.290275
11,DMS-DLS,intermediate,DMS,1,0.098058
11,DMS-DLS,intermediate,DMS,2,0.378454
11,DMS-DLS,intermediate,DMS,3,0.463322
11,DMS-DLS,intermediate,DMS,4,0.24985
11,DMS-DLS,intermediate,DMS,5,0.277837
11,DMS-DLS,intermediate,DMS,6,0.18048
11,DMS-DLS,intermediate,DMS,7,1.754159
11,DMS-DLS,intermediate,DMS,8,0.347198
11,DMS-DLS,intermediate,DMS,9,0.318808
11,DMS-DLS,intermediate,DMS,10,0.911367
11,DMS-DLS,intermediate,DMS,11,0.654033
11,DMS-DLS,intermediate,DMS,12,0.680014
11,DMS-DLS,intermediate,DMS,13,0.264859
11,DMS-DLS,intermediate,DMS,14,4.484201
11,DMS-DLS,intermediate,DMS,15,0.221567
11,DMS-DLS,intermediate,DMS,16,1.710063
11,DMS-DLS,intermediate,DMS,17,1.044954
11,DMS-DLS,intermediate,DMS,18,0.273484
11,DMS-DLS,intermediate,DMS,19,0.189066
11,DMS-DLS,intermediate,DLS,0,1.112347
11,DMS-DLS,intermediate,DLS,1,0.933071
11,DMS-DLS,intermediate,DLS,2,6.322707
11,DMS-DLS,intermediate,DLS,3,1.16716
11,DMS-DLS,intermediate,DLS,4,0.0
11,DMS-DLS,expert,DMS,0,0.676374
11,DMS-DLS,expert,DMS,1,0.287393
11,DMS-DLS,expert,DMS,2,0.737834
11,DMS-DLS,expert,DMS,3,0.322033
11,DMS-DLS,expert,DMS,4,0.58924
11,DMS-DLS,expert,DMS,5,0.309257
11,DMS-DLS,expert,DMS,6,1.441012
11,DMS-DLS,expert,DMS,7,0.239174
11,DMS-DLS,expert,DMS,8,0.861215
11,DMS-DLS,expert,DMS,9,0.348608
11,DMS-DLS,expert,DMS,10,0.398943
11,DMS-DLS,expert,DMS,11,0.23635
11,DMS-DLS,expert,DMS,12,0.893743
11,DMS-DLS,expert,DMS,13,0.577647
11,DMS-DLS,expert,DMS,14,2.207526
11,DMS-DLS,expert,DMS,15,0.571158
11,DMS-DLS,expert,DMS,16,0.703617
11,DMS-DLS,expert,DMS,17,1.046887
11,DMS-DLS,expert,DMS,18,0.707394
11,DMS-DLS,expert,DMS,19,0.729985
11,DMS-DLS,expert,DLS,0,0.779656
11,DMS-DLS,expert,DLS,1,0.671931
11,DMS-DLS,expert,DLS,2,5.110684
11,DMS-DLS,expert,DLS,3,1.563519
11,DMS-DLS,expert,DLS,4,1.351771
11,DMS-ACC,naive,DMS,0,1.01502
11,DMS-ACC,naive,DMS,1,1.279659
11,DMS-ACC,naive,DMS,2,0.381827
11,DMS-ACC,naive,DMS,3,0.848185
11,DMS-ACC,naive,DMS,4,1.130129
11,DMS-ACC,naive,DMS,5,1.568085
11,DMS-ACC,naive,DMS,6,0.499875
11,DMS-ACC,naive,DMS,7,0.606259
11,DMS-ACC,naive,DMS,8,2.228598
11,DMS-ACC,naive,DMS,9,0.983826
11,DMS-ACC,naive,DMS,10,1.487213
11,DMS-ACC,naive,DMS,11,1.781885
11,DMS-ACC,naive,DMS,12,0.668847
11,DMS-ACC,naive,DMS,13,1.520909
11,DMS-ACC,naive,DMS,14,0.558884
11,DMS-ACC,naive,DMS,15,0.392272
11,DMS-ACC,naive,DMS,16,0.495911
11,DMS-ACC,naive,DMS,17,0.838492
11,DMS-ACC,naive,DMS,18,1.850958
11,DMS-ACC,naive,DMS,19,0.547909
11,DMS-ACC,naive,ACC,0,0.015157
11,DMS-ACC,naive,ACC,1,0.125368
11,DMS-ACC,naive,ACC,2,0.928523
11,DMS-ACC,naive,ACC,3,0.1171
11,DMS-ACC,naive,ACC,4,0.02088
11,DMS-ACC,naive,ACC,5,0.804461
11,DMS-ACC,naive,ACC,6,0.639323
11,DMS-ACC,naive,ACC,7,0.03179
11,DMS-ACC,naive,ACC,8,0.919156
11,DMS-ACC,naive,ACC,9,0.042895
11,DMS-ACC,naive,ACC,10,0.060016
11,DMS-ACC,naive,ACC,11,0.0992
11,DMS-ACC,naive,ACC,12,0.296225
11,DMS-ACC,naive,ACC,13,0.033444
11,DMS-ACC,naive,ACC,14,0.579188
11,DMS-ACC,naive,ACC,15,0.428739
11,DMS-ACC,naive,ACC,16,0.836297
11,DMS-ACC,naive,ACC,17,0.393632
11,DMS-ACC,naive,ACC,18,0.011721
11,DMS-ACC,naive,ACC,19,0.048463
11,DMS-ACC,naive,ACC,20,0.949738
11,DMS-ACC,naive,ACC,21,0.23093
11,DMS-ACC,naive,ACC,22,0.175825
11,DMS-ACC,naive,ACC,23,0.730741
11,DMS-ACC,naive,ACC,24,0.328645
11,DMS-ACC,naive,ACC,25,0.663127
11,DMS-ACC,naive,ACC,26,0.047801
11,DMS-ACC,naive,ACC,27,0.041285
11,DMS-ACC,naive,ACC,28,0.105573
11,DMS-ACC,naive,ACC,29,0.059145
11,DMS-ACC,naive,ACC,30,0.032473
11,DMS-ACC,naive,ACC,31,0.035963
11,DMS-ACC,naive,ACC,32,0.069826
11,DMS-ACC,naive,ACC,33,0.169498
11,DMS-ACC,naive,ACC,34,0.900089
11,DMS-ACC,naive,ACC,35,0.029021
11,DMS-ACC,naive,ACC,36,0.883241
11,DMS-ACC,naive,ACC,37,0.010148
11,DMS-ACC,naive,ACC,38,0.019253
11,DMS-ACC,naive,ACC,39,0.427777
11,DMS-ACC,naive,ACC,40,0.0
11,DMS-ACC,naive,ACC,41,0.136704
11,DMS-ACC,naive,ACC,42,0.959138
11,DMS-ACC,naive,ACC,43,0.201974
11,DMS-ACC,naive,ACC,44,0.096622
11,DMS-ACC,naive,ACC,45,0.789545
11,DMS-ACC,naive,ACC,46,0.012053
11,DMS-ACC,naive,ACC,47,0.117845
11,DMS-ACC,naive,ACC,48,0.019703
11,DMS-ACC,naive,ACC,49,0.924477
11,DMS-ACC,naive,ACC,50,0.043112
11,DMS-ACC,naive,ACC,51,0.429875
11,DMS-ACC,naive,ACC,52,0.080714
11,DMS-ACC,naive,ACC,53,0.647518
11,DMS-ACC,naive,ACC,54,0.585006
11,DMS-ACC,naive,ACC,55,0.016881
11,DMS-ACC,naive,ACC,56,0.872205
11,DMS-ACC,naive,ACC,57,0.021467
11,DMS-ACC,naive,ACC,58,0.68552
11,DMS-ACC,naive,ACC,59,0.011422
11,DMS-ACC,naive,ACC,60,0.024919
11,DMS-ACC,intermediate,DMS,0,1.019832
11,DMS-ACC,intermediate,DMS,1,0.636509
11,DMS-ACC,intermediate,DMS,2,1.186189
11,DMS-ACC,intermediate,DMS,3,0.92736
11,DMS-ACC,intermediate,DMS,4,1.025999
11,DMS-ACC,intermediate,DMS,5,0.569605
11,DMS-ACC,intermediate,DMS,6,2.213205
11,DMS-ACC,intermediate,DMS,7,2.322052
11,DMS-ACC,intermediate,DMS,8,1.327706
11,DMS-ACC,intermediate,DMS,9,1.155062
11,DMS-ACC,intermediate,DMS,10,1.666041
11,DMS-ACC,intermediate,DMS,11,2.478253
11,DMS-ACC,intermediate,DMS,12,1.064834
11,DMS-ACC,intermediate,DMS,13,0.572739
11,DMS-ACC,intermediate,DMS,14,8.514561
11,DMS-ACC,intermediate,DMS,15,3.328917
11,DMS-ACC,intermediate,DMS,16,1.764929
11,DMS-ACC,intermediate,DMS,17,2.670702
11,DMS-ACC,intermediate,DMS,18,1.853512
11,DMS-ACC,intermediate,DMS,19,0.758295
11,DMS-ACC,intermediate,ACC,0,0.460404
11,DMS-ACC,intermediate,ACC,1,0.189775
11,DMS-ACC,intermediate,ACC,2,0.984331
11,DMS-ACC,intermediate,ACC,3,0.095994
11,DMS-ACC,intermediate,ACC,4,0.25791
11,DMS-ACC,intermediate,ACC,5,0.838976
11,DMS-ACC,intermediate,ACC,6,0.055741
11,DMS-ACC,intermediate,ACC,7,0.964926
11,DMS-ACC,intermediate,ACC,8,0.590425
11,DMS-ACC,intermediate,ACC,9,0.080683
11,DMS-ACC,intermediate,ACC,10,0.924015
11,DMS-ACC,intermediate,ACC,11,0.021607
11,DMS-ACC,intermediate,ACC,12,0.075028
11,DMS-ACC,intermediate,ACC,13,0.068685
11,DMS-ACC,intermediate,ACC,14,0.082215
11,DMS-ACC,intermediate,ACC,15,0.017262
11,DMS-ACC,intermediate,ACC,16,0.183939
11,DMS-ACC,intermediate,ACC,17,0.190849
11,DMS-ACC,intermediate,ACC,18,0.788022
11,DMS-ACC,intermediate,ACC,19,0.955082
11,DMS-ACC,intermediate,ACC,20,0.048662
11,DMS-ACC,intermediate,ACC,21,0.850312
11,DMS-ACC,intermediate,ACC,22,0.485431
11,DMS-ACC,intermediate,ACC,23,0.065739
11,DMS-ACC,intermediate,ACC,24,0.144014
11,DMS-ACC,intermediate,ACC,25,0.046748
11,DMS-ACC,intermediate,ACC,26,0.122599
11,DMS-ACC,intermediate,ACC,27,0.175988
11,DMS-ACC,intermediate,ACC,28,0.643455
11,DMS-ACC,intermediate,ACC,29,0.958722
11,DMS-ACC,intermediate,ACC,30,0.026877
11,DMS-ACC,intermediate,ACC,31,0.095906
11,DMS-ACC,intermediate,ACC,32,0.699886
11,DMS-ACC,intermediate,ACC,33,0.087211
11,DMS-ACC,intermediate,ACC,34,0.944948
11,DMS-ACC,intermediate,ACC,35,0.104038
11,DMS-ACC,intermediate,ACC,36,0.12322
11,DMS-ACC,intermediate,ACC,37,0.595789
11,DMS-ACC,intermediate,ACC,38,0.060831
11,DMS-ACC,intermediate,ACC,39,0.001597
11,DMS-ACC,intermediate,ACC,40,0.0
11,DMS-ACC,intermediate,ACC,41,0.847306
11,DMS-ACC,intermediate,ACC,42,0.163084
11,DMS-ACC,intermediate,ACC,43,0.017421
11,DMS-ACC,intermediate,ACC,44,0.105325
11,DMS-ACC,intermediate,ACC,45,0.014306
11,DMS-ACC,intermediate,ACC,46,0.077524
11,DMS-ACC,intermediate,ACC,47,0.691398
11,DMS-ACC,intermediate,ACC,48,0.538124
11,DMS-ACC,intermediate,ACC,49,0.338024
11,DMS-ACC,intermediate,ACC,50,0.052237
11,DMS-ACC,intermediate,ACC,51,0.0
11,DMS-ACC,intermediate,ACC,52,0.04255
11,DMS-ACC,intermediate,ACC,53,0.024809
11,DMS-ACC,intermediate,ACC,54,0.044276
11,DMS-ACC,intermediate,ACC,55,0.928584
11,DMS-ACC,intermediate,ACC,56,0.856721
11,DMS-ACC,intermediate,ACC,57,0.009305
11,DMS-ACC,intermediate,ACC,58,0.758941
11,DMS-ACC,intermediate,ACC,59,0.088263
11,DMS-ACC,intermediate,ACC,60,0.132105
11,DMS-ACC,expert,DMS,0,1.012747
11,DMS-ACC,expert,DMS,1,0.645264
11,DMS-ACC,expert,DMS,2,1.084241
11,DMS-ACC,expert,DMS,3,1.05766
11,DMS-ACC,expert,DMS,4,1.004964
11,DMS-ACC,expert,DMS,5,1.030913
11,DMS-ACC,expert,DMS,6,1.954847
11,DMS-ACC,expert,DMS,7,2.419182
11,DMS-ACC,expert,DMS,8,1.485911
11,DMS-ACC,expert,DMS,9,0.671054
11,DMS-ACC,expert,DMS,10,1.955561
11,DMS-ACC,expert,DMS,11,0.791766
11,DMS-ACC,expert,DMS,12,1.247908
11,DMS-ACC,expert,DMS,13,0.717885
11,DMS-ACC,expert,DMS,14,3.53071
11,DMS-ACC,expert,DMS,15,3.28488
11,DMS-ACC,expert,DMS,16,2.92818
11,DMS-ACC,expert,DMS,17,1.793788
11,DMS-ACC,expert,DMS,18,2.091402
11,DMS-ACC,expert,DMS,19,1.656651
11,DMS-ACC,expert,ACC,0,0.555165
11,DMS-ACC,expert,ACC,1,0.13704
11,DMS-ACC,expert,ACC,2,0.063745
11,DMS-ACC,expert,ACC,3,0.153176
11,DMS-ACC,expert,ACC,4,0.910687
11,DMS-ACC,expert,ACC,5,0.1065
11,DMS-ACC,expert,ACC,6,0.043034
11,DMS-ACC,expert,ACC,7,0.078686
11,DMS-ACC,expert,ACC,8,0.698514
11,DMS-ACC,expert,ACC,9,0.049972
11,DMS-ACC,expert,ACC,10,0.796741
11,DMS-ACC,expert,ACC,11,0.068864
11,DMS-ACC,expert,ACC,12,0.103511
11,DMS-ACC,expert,ACC,13,0.081265
11,DMS-ACC,expert,ACC,14,0.083101
11,DMS-ACC,expert,ACC,15,0.034143
11,DMS-ACC,expert,ACC,16,0.162254
11,DMS-ACC,expert,ACC,17,0.035907
11,DMS-ACC,expert,ACC,18,0.852849
11,DMS-ACC,expert,ACC,19,0.108728
11,DMS-ACC,expert,ACC,20,0.053504
11,DMS-ACC,expert,ACC,21,0.193618
11,DMS-ACC,expert,ACC,22,0.055608
11,DMS-ACC,expert,ACC,23,0.172164
11,DMS-ACC,expert,ACC,24,0.043996
11,DMS-ACC,expert,ACC,25,0.051998
11,DMS-ACC,expert,ACC,26,0.05422
11,DMS-ACC,expert,ACC,27,0.239443
11,DMS-ACC,expert,ACC,28,0.607238
11,DMS-ACC,expert,ACC,29,0.837449
11,DMS-ACC,expert,ACC,30,0.058398
11,DMS-ACC,expert,ACC,31,0.083448
11,DMS-ACC,expert,ACC,32,0.670557
11,DMS-ACC,expert,ACC,33,0.784371
11,DMS-ACC,expert,ACC,34,0.126903
11,DMS-ACC,expert,ACC,35,0.989858
11,DMS-ACC,expert,ACC,36,0.116853
11,DMS-ACC,expert,ACC,37,0.082167
11,DMS-ACC,expert,ACC,38,0.846122
11,DMS-ACC,expert,ACC,39,0.796429
11,DMS-ACC,expert,ACC,40,0.552012
11,DMS-ACC,expert,ACC,41,0.171541
11,DMS-ACC,expert,ACC,42,0.034518
11,DMS-ACC,expert,ACC,43,0.021149
11,DMS-ACC,expert,ACC,44,0.066871
11,DMS-ACC,expert,ACC,45,0.025745
11,DMS-ACC,expert,ACC,46,0.047589
11,DMS-ACC,expert,ACC,47,0.879615
11,DMS-ACC,expert,ACC,48,0.763759
11,DMS-ACC,expert,ACC,49,0.071615
11,DMS-ACC,expert,ACC,50,0.038959
11,DMS-ACC,expert,ACC,51,0.222606
11,DMS-ACC,expert,ACC,52,0.034296
11,DMS-ACC,expert,ACC,53,0.681375
11,DMS-ACC,expert,ACC,54,0.017011
11,DMS-ACC,expert,ACC,55,0.950599
11,DMS-ACC,expert,ACC,56,0.850034
11,DMS-ACC,expert,ACC,57,0.055335
11,DMS-ACC,expert,ACC,58,0.720756
11,DMS-ACC,expert,ACC,59,0.882973
11,DMS-ACC,expert,ACC,60,0.90608
11,DLS-ACC,naive,DLS,0,1.606747
11,DLS-ACC,naive,DLS,1,0.897634
11,DLS-ACC,naive,DLS,2,3.088956
11,DLS-ACC,naive,DLS,3,0.678288
11,DLS-ACC,naive,DLS,4,0.807912
11,DLS-ACC,naive,ACC,0,0.006277
11,DLS-ACC,naive,ACC,1,0.071362
11,DLS-ACC,naive,ACC,2,0.275339
11,DLS-ACC,naive,ACC,3,0.083223
11,DLS-ACC,naive,ACC,4,0.010213
11,DLS-ACC,naive,ACC,5,0.314486
11,DLS-ACC,naive,ACC,6,0.331884
11,DLS-ACC,naive,ACC,7,0.014604
11,DLS-ACC,naive,ACC,8,0.394388
11,DLS-ACC,naive,ACC,9,0.019917
11,DLS-ACC,naive,ACC,10,0.047525
11,DLS-ACC,naive,ACC,11,0.053268
11,DLS-ACC,naive,ACC,12,0.208285
11,DLS-ACC,naive,ACC,13,0.008093
11,DLS-ACC,naive,ACC,14,0.250873
11,DLS-ACC,naive,ACC,15,0.282654
11,DLS-ACC,naive,ACC,16,0.308234
11,DLS-ACC,naive,ACC,17,0.294171
11,DLS-ACC,naive,ACC,18,0.007825
11,DLS-ACC,naive,ACC,19,0.022429
11,DLS-ACC,naive,ACC,20,0.52321
11,DLS-ACC,naive,ACC,21,0.159584
11,DLS-ACC,naive,ACC,22,0.108144
11,DLS-ACC,naive,ACC,23,0.401468
11,DLS-ACC,naive,ACC,24,0.212612
11,DLS-ACC,naive,ACC,25,0.146046
11,DLS-ACC,naive,ACC,26,0.023443
11,DLS-ACC,naive,ACC,27,0.040697
11,DLS-ACC,naive,ACC,28,0.085251
11,DLS-ACC,naive,ACC,29,0.047265
11,DLS-ACC,naive,ACC,30,0.010514
11,DLS-ACC,naive,ACC,31,0.029138
11,DLS-ACC,naive,ACC,32,0.031504
11,DLS-ACC,naive,ACC,33,0.092208
11,DLS-ACC,naive,ACC,34,0.626213
11,DLS-ACC,naive,ACC,35,0.016054
11,DLS-ACC,naive,ACC,36,0.236291
11,DLS-ACC,naive,ACC,37,0.004974
11,DLS-ACC,naive,ACC,38,0.01531
11,DLS-ACC,naive,ACC,39,0.205581
11,DLS-ACC,naive,ACC,40,0.0
11,DLS-ACC,naive,ACC,41,0.116568
11,DLS-ACC,naive,ACC,42,0.352351
11,DLS-ACC,naive,ACC,43,0.158209
11,DLS-ACC,naive,ACC,44,0.00594
11,DLS-ACC,naive,ACC,45,0.38085
11,DLS-ACC,naive,ACC,46,0.004165
11,DLS-ACC,naive,ACC,47,0.063205
11,DLS-ACC,naive,ACC,48,0.010382
11,DLS-ACC,naive,ACC,49,0.502012
11,DLS-ACC,naive,ACC,50,0.030565
11,DLS-ACC,naive,ACC,51,0.166476
11,DLS-ACC,naive,ACC,52,0.033284
11,DLS-ACC,naive,ACC,53,0.264806
11,DLS-ACC,naive,ACC,54,0.162357
11,DLS-ACC,naive,ACC,55,0.005381
11,DLS-ACC,naive,ACC,56,0.776144
11,DLS-ACC,naive,ACC,57,0.007072
11,DLS-ACC,naive,ACC,58,0.390945
11,DLS-ACC,naive,ACC,59,0.003563
11,DLS-ACC,naive,ACC,60,0.010568
11,DLS-ACC,intermediate,DLS,0,1.106893
11,DLS-ACC,intermediate,DLS,1,0.932759
11,DLS-ACC,intermediate,DLS,2,6.415592
11,DLS-ACC,intermediate,DLS,3,1.164466
11,DLS-ACC,intermediate,DLS,4,0.0
11,DLS-ACC,intermediate,ACC,0,0.209957
11,DLS-ACC,intermediate,ACC,1,0.07197
11,DLS-ACC,intermediate,ACC,2,0.522706
11,DLS-ACC,intermediate,ACC,3,0.044981
11,DLS-ACC,intermediate,ACC,4,0.12823
11,DLS-ACC,intermediate,ACC,5,0.337227
11,DLS-ACC,intermediate,ACC,6,0.019464
11,DLS-ACC,intermediate,ACC,7,0.181072
11,DLS-ACC,intermediate,ACC,8,0.535507
11,DLS-ACC,intermediate,ACC,9,0.023937
11,DLS-ACC,intermediate,ACC,10,0.640604
11,DLS-ACC,intermediate,ACC,11,0.003381
11,DLS-ACC,intermediate,ACC,12,0.021893
11,DLS-ACC,intermediate,ACC,13,0.024638
11,DLS-ACC,intermediate,ACC,14,0.033514
11,DLS-ACC,intermediate,ACC,15,0.005027
11,DLS-ACC,intermediate,ACC,16,0.039234
11,DLS-ACC,intermediate,ACC,17,0.039611
11,DLS-ACC,intermediate,ACC,18,0.168955
11,DLS-ACC,intermediate,ACC,19,0.205838
11,DLS-ACC,intermediate,ACC,20,0.029896
11,DLS-ACC,intermediate,ACC,21,0.557753
11,DLS-ACC,intermediate,ACC,22,0.261486
11,DLS-ACC,intermediate,ACC,23,0.034775
11,DLS-ACC,intermediate,ACC,24,0.05064
11,DLS-ACC,intermediate,ACC,25,0.013444
11,DLS-ACC,intermediate,ACC,26,0.042727
11,DLS-ACC,intermediate,ACC,27,0.090049
11,DLS-ACC,intermediate,ACC,28,0.103591
11,DLS-ACC,intermediate,ACC,29,0.274413
11,DLS-ACC,intermediate,ACC,30,0.008779
11,DLS-ACC,intermediate,ACC,31,0.020316
11,DLS-ACC,intermediate,ACC,32,0.28777
11,DLS-ACC,intermediate,ACC,33,0.044073
11,DLS-ACC,intermediate,ACC,34,0.450352
11,DLS-ACC,intermediate,ACC,35,0.054103
11,DLS-ACC,intermediate,ACC,36,0.065657
11,DLS-ACC,intermediate,ACC,37,0.367094
11,DLS-ACC,intermediate,ACC,38,0.027783
11,DLS-ACC,intermediate,ACC,39,0.000467
11,DLS-ACC,intermediate,ACC,40,0.0
11,DLS-ACC,intermediate,ACC,41,0.155493
11,DLS-ACC,intermediate,ACC,42,0.103119
11,DLS-ACC,intermediate,ACC,43,0.010875
11,DLS-ACC,intermediate,ACC,44,0.056177
11,DLS-ACC,intermediate,ACC,45,0.00803
11,DLS-ACC,intermediate,ACC,46,0.046969
11,DLS-ACC,intermediate,ACC,47,0.337936
11,DLS-ACC,intermediate,ACC,48,0.206394
11,DLS-ACC,intermediate,ACC,49,0.070895
11,DLS-ACC,intermediate,ACC,50,0.019254
11,DLS-ACC,intermediate,ACC,51,0.0
11,DLS-ACC,intermediate,ACC,52,0.011837
11,DLS-ACC,intermediate,ACC,53,0.006162
11,DLS-ACC,intermediate,ACC,54,0.013463
11,DLS-ACC,intermediate,ACC,55,0.200131
11,DLS-ACC,intermediate,ACC,56,0.140436
11,DLS-ACC,intermediate,ACC,57,0.001636
11,DLS-ACC,intermediate,ACC,58,0.202823
11,DLS-ACC,intermediate,ACC,59,0.057676
11,DLS-ACC,intermediate,ACC,60,0.043839
11,DLS-ACC,expert,DLS,0,0.777119
11,DLS-ACC,expert,DLS,1,0.664129
11,DLS-ACC,expert,DLS,2,5.10584
11,DLS-ACC,expert,DLS,3,1.54355
11,DLS-ACC,expert,DLS,4,1.350627
11,DLS-ACC,expert,ACC,0,0.151798
11,DLS-ACC,expert,ACC,1,0.041126
11,DLS-ACC,expert,ACC,2,0.041194
11,DLS-ACC,expert,ACC,3,0.12009
11,DLS-ACC,expert,ACC,4,0.605852
11,DLS-ACC,expert,ACC,5,0.029525
11,DLS-ACC,expert,ACC,6,0.012544
11,DLS-ACC,expert,ACC,7,0.02865
11,DLS-ACC,expert,ACC,8,0.454937
11,DLS-ACC,expert,ACC,9,0.026448
11,DLS-ACC,expert,ACC,10,0.442839
11,DLS-ACC,expert,ACC,11,0.023093
11,DLS-ACC,expert,ACC,12,0.029871
11,DLS-ACC,expert,ACC,13,0.043728
11,DLS-ACC,expert,ACC,14,0.051505
11,DLS-ACC,expert,ACC,15,0.019422
11,DLS-ACC,expert,ACC,16,0.1018
11,DLS-ACC,expert,ACC,17,0.023468
11,DLS-ACC,expert,ACC,18,0.242557
11,DLS-ACC,expert,ACC,19,0.058117
11,DLS-ACC,expert,ACC,20,0.037992
11,DLS-ACC,expert,ACC,21,0.050997
11,DLS-ACC,expert,ACC,22,0.03277
11,DLS-ACC,expert,ACC,23,0.024469
11,DLS-ACC,expert,ACC,24,0.018513
11,DLS-ACC,expert,ACC,25,0.031791
11,DLS-ACC,expert,ACC,26,0.027954
11,DLS-ACC,expert,ACC,27,0.115332
11,DLS-ACC,expert,ACC,28,0.306884
11,DLS-ACC,expert,ACC,29,0.396288
11,DLS-ACC,expert,ACC,30,0.024389
11,DLS-ACC,expert,ACC,31,0.037765
11,DLS-ACC,expert,ACC,32,0.368533
11,DLS-ACC,expert,ACC,33,0.689139
11,DLS-ACC,expert,ACC,34,0.093771
11,DLS-ACC,expert,ACC,35,0.297414
11,DLS-ACC,expert,ACC,36,0.074273
11,DLS-ACC,expert,ACC,37,0.048795
11,DLS-ACC,expert,ACC,38,0.093079
11,DLS-ACC,expert,ACC,39,0.341071
11,DLS-ACC,expert,ACC,40,0.271276
11,DLS-ACC,expert,ACC,41,0.02569
11,DLS-ACC,expert,ACC,42,0.023454
11,DLS-ACC,expert,ACC,43,0.014113
11,DLS-ACC,expert,ACC,44,0.024419
11,DLS-ACC,expert,ACC,45,0.021589
11,DLS-ACC,expert,ACC,46,0.02734
11,DLS-ACC,expert,ACC,47,0.597918
11,DLS-ACC,expert,ACC,48,0.331577
11,DLS-ACC,expert,ACC,49,0.052317
11,DLS-ACC,expert,ACC,50,0.025952
11,DLS-ACC,expert,ACC,51,0.144975
11,DLS-ACC,expert,ACC,52,0.019835
11,DLS-ACC,expert,ACC,53,0.288868
11,DLS-ACC,expert,ACC,54,0.008063
11,DLS-ACC,expert,ACC,55,0.221333
11,DLS-ACC,expert,ACC,56,0.131072
11,DLS-ACC,expert,ACC,57,0.024071
11,DLS-ACC,expert,ACC,58,0.265277
11,DLS-ACC,expert,ACC,59,0.703266
11,DLS-ACC,expert,ACC,60,0.524373
11,V1-DMS,naive,V1,0,0.027417
11,V1-DMS,naive,V1,1,0.774886
11,V1-DMS,naive,V1,2,1.054267
11,V1-DMS,naive,V1,3,0.162313
11,V1-DMS,naive,V1,4,0.948262
11,V1-DMS,naive,V1,5,0.072524
11,V1-DMS,naive,V1,6,0.14789
11,V1-DMS,naive,V1,7,1.001691
11,V1-DMS,naive,V1,8,0.677829
11,V1-DMS,naive,V1,9,0.380906
11,V1-DMS,naive,V1,10,0.67919
11,V1-DMS,naive,V1,11,0.926606
11,V1-DMS,naive,V1,12,0.053797
11,V1-DMS,naive,V1,13,0.771894
11,V1-DMS,naive,V1,14,0.048523
11,V1-DMS,naive,V1,15,1.081284
11,V1-DMS,naive,V1,16,0.0911
11,V1-DMS,naive,V1,17,0.046053
11,V1-DMS,naive,V1,18,0.068985
11,V1-DMS,naive,V1,19,0.965882
11,V1-DMS,naive,V1,20,0.004449
11,V1-DMS,naive,V1,21,0.066483
11,V1-DMS,naive,V1,22,0.020308
11,V1-DMS,naive,V1,23,0.01083
11,V1-DMS,naive,V1,24,0.054414
11,V1-DMS,naive,V1,25,0.087848
11,V1-DMS,naive,V1,26,0.014443
11,V1-DMS,naive,V1,27,0.019096
11,V1-DMS,naive,V1,28,0.533742
11,V1-DMS,naive,V1,29,0.587349
11,V1-DMS,naive,V1,30,0.626158
11,V1-DMS,naive,V1,31,0.173253
11,V1-DMS,naive,V1,32,1.040961
11,V1-DMS,naive,V1,33,1.090158
11,V1-DMS,naive,V1,34,0.091465
11,V1-DMS,naive,V1,35,0.165088
11,V1-DMS,naive,V1,36,0.082346
11,V1-DMS,naive,V1,37,0.018656
11,V1-DMS,naive,V1,38,0.022978
11,V1-DMS,naive,V1,39,0.099593
11,V1-DMS,naive,V1,40,0.002632
11,V1-DMS,naive,V1,41,0.02282
11,V1-DMS,naive,V1,42,0.892826
11,V1-DMS,naive,V1,43,0.02842
11,V1-DMS,naive,V1,44,0.044893
11,V1-DMS,naive,V1,45,0.83463
11,V1-DMS,naive,V1,46,1.061694
11,V1-DMS,naive,V1,47,0.024101
11,V1-DMS,naive,V1,48,0.010648
11,V1-DMS,naive,V1,49,0.01738
11,V1-DMS,naive,V1,50,0.114688
11,V1-DMS,naive,V1,51,0.025098
11,V1-DMS,naive,V1,52,0.09727
11,V1-DMS,naive,V1,53,1.068409
11,V1-DMS,naive,DMS,0,1.015877
11,V1-DMS,naive,DMS,1,1.279159
11,V1-DMS,naive,DMS,2,0.382982
11,V1-DMS,naive,DMS,3,0.847704
11,V1-DMS,naive,DMS,4,1.130902
11,V1-DMS,naive,DMS,5,1.628953
11,V1-DMS,naive,DMS,6,0.49848
11,V1-DMS,naive,DMS,7,0.607146
11,V1-DMS,naive,DMS,8,2.228726
11,V1-DMS,naive,DMS,9,0.981297
11,V1-DMS,naive,DMS,10,1.496484
11,V1-DMS,naive,DMS,11,1.815033
11,V1-DMS,naive,DMS,12,0.670729
11,V1-DMS,naive,DMS,13,1.515227
11,V1-DMS,naive,DMS,14,0.555423
11,V1-DMS,naive,DMS,15,0.391196
11,V1-DMS,naive,DMS,16,0.495177
11,V1-DMS,naive,DMS,17,0.840024
11,V1-DMS,naive,DMS,18,1.888953
11,V1-DMS,naive,DMS,19,0.548762
11,V1-DMS,intermediate,V1,0,0.872047
11,V1-DMS,intermediate,V1,1,0.961945
11,V1-DMS,intermediate,V1,2,0.54928
11,V1-DMS,intermediate,V1,3,0.677878
11,V1-DMS,intermediate,V1,4,0.915461
11,V1-DMS,intermediate,V1,5,0.89019
11,V1-DMS,intermediate,V1,6,0.306894
11,V1-DMS,intermediate,V1,7,0.981164
11,V1-DMS,intermediate,V1,8,0.07593
11,V1-DMS,intermediate,V1,9,0.017189
11,V1-DMS,intermediate,V1,10,0.18397
11,V1-DMS,intermediate,V1,11,0.100989
11,V1-DMS,intermediate,V1,12,0.098053
11,V1-DMS,intermediate,V1,13,0.126319
11,V1-DMS,intermediate,V1,14,0.914498
11,V1-DMS,intermediate,V1,15,0.998491
11,V1-DMS,intermediate,V1,16,0.203679
11,V1-DMS,intermediate,V1,17,0.074734
11,V1-DMS,intermediate,V1,18,0.983077
11,V1-DMS,intermediate,V1,19,0.28818
11,V1-DMS,intermediate,V1,20,0.33942
11,V1-DMS,intermediate,V1,21,0.952261
11,V1-DMS,intermediate,V1,22,0.882465
11,V1-DMS,intermediate,V1,23,0.036918
11,V1-DMS,intermediate,V1,24,1.004586
11,V1-DMS,intermediate,V1,25,0.989745
11,V1-DMS,intermediate,V1,26,0.036528
11,V1-DMS,intermediate,V1,27,0.171435
11,V1-DMS,intermediate,V1,28,0.919399
11,V1-DMS,intermediate,V1,29,0.022432
11,V1-DMS,intermediate,V1,30,0.732822
11,V1-DMS,intermediate,V1,31,0.01884
11,V1-DMS,intermediate,V1,32,0.948938
11,V1-DMS,intermediate,V1,33,0.15322
11,V1-DMS,intermediate,V1,34,0.02769
11,V1-DMS,intermediate,V1,35,0.114708
11,V1-DMS,intermediate,V1,36,0.291596
11,V1-DMS,intermediate,V1,37,0.100702
11,V1-DMS,intermediate,V1,38,0.03415
11,V1-DMS,intermediate,V1,39,0.322077
11,V1-DMS,intermediate,V1,40,0.033815
11,V1-DMS,intermediate,V1,41,0.837069
11,V1-DMS,intermediate,V1,42,0.164017
11,V1-DMS,intermediate,V1,43,0.239304
11,V1-DMS,intermediate,V1,44,0.028234
11,V1-DMS,intermediate,V1,45,0.953731
11,V1-DMS,intermediate,V1,46,0.98662
11,V1-DMS,intermediate,V1,47,0.914608
11,V1-DMS,intermediate,V1,48,0.036692
11,V1-DMS,intermediate,V1,49,0.081653
11,V1-DMS,intermediate,V1,50,0.842247
11,V1-DMS,intermediate,V1,51,0.112401
11,V1-DMS,intermediate,V1,52,0.124071
11,V1-DMS,intermediate,V1,53,0.081585
11,V1-DMS,intermediate,DMS,0,1.02102
11,V1-DMS,intermediate,DMS,1,0.633488
11,V1-DMS,intermediate,DMS,2,1.241557
11,V1-DMS,intermediate,DMS,3,0.928312
11,V1-DMS,intermediate,DMS,4,1.027942
11,V1-DMS,intermediate,DMS,5,0.571922
11,V1-DMS,intermediate,DMS,6,2.208619
11,V1-DMS,intermediate,DMS,7,2.31591
11,V1-DMS,intermediate,DMS,8,1.328688
11,V1-DMS,intermediate,DMS,9,1.158137
11,V1-DMS,intermediate,DMS,10,1.667114
11,V1-DMS,intermediate,DMS,11,2.404225
11,V1-DMS,intermediate,DMS,12,1.065114
11,V1-DMS,intermediate,DMS,13,0.573265
11,V1-DMS,intermediate,DMS,14,8.430974
11,V1-DMS,intermediate,DMS,15,3.348738
11,V1-DMS,intermediate,DMS,16,1.749992
11,V1-DMS,intermediate,DMS,17,2.685777
11,V1-DMS,intermediate,DMS,18,1.862852
11,V1-DMS,intermediate,DMS,19,0.755309
11,V1-DMS,expert,V1,0,0.730816
11,V1-DMS,expert,V1,1,0.30669
11,V1-DMS,expert,V1,2,0.194541
11,V1-DMS,expert,V1,3,0.444597
11,V1-DMS,expert,V1,4,0.959712
11,V1-DMS,expert,V1,5,0.887173
11,V1-DMS,expert,V1,6,0.959187
11,V1-DMS,expert,V1,7,0.149984
11,V1-DMS,expert,V1,8,0.078007
11,V1-DMS,expert,V1,9,0.023916
11,V1-DMS,expert,V1,10,0.097509
11,V1-DMS,expert,V1,11,0.094935
11,V1-DMS,expert,V1,12,0.158313
11,V1-DMS,expert,V1,13,0.097274
11,V1-DMS,expert,V1,14,0.65044
11,V1-DMS,expert,V1,15,0.139401
11,V1-DMS,expert,V1,16,0.191771
11,V1-DMS,expert,V1,17,0.179178
11,V1-DMS,expert,V1,18,0.928268
11,V1-DMS,expert,V1,19,0.216219
11,V1-DMS,expert,V1,20,1.020713
11,V1-DMS,expert,V1,21,0.974594
11,V1-DMS,expert,V1,22,0.919232
11,V1-DMS,expert,V1,23,0.041185
11,V1-DMS,expert,V1,24,0.980389
11,V1-DMS,expert,V1,25,0.971121
11,V1-DMS,expert,V1,26,0.026707
11,V1-DMS,expert,V1,27,0.30733
11,V1-DMS,expert,V1,28,0.266794
11,V1-DMS,expert,V1,29,0.072787
11,V1-DMS,expert,V1,30,0.108007
11,V1-DMS,expert,V1,31,0.013027
11,V1-DMS,expert,V1,32,0.971817
11,V1-DMS,expert,V1,33,0.958818
11,V1-DMS,expert,V1,34,0.024703
11,V1-DMS,expert,V1,35,1.018051
11,V1-DMS,expert,V1,36,0.33094
11,V1-DMS,expert,V1,37,0.866091
11,V1-DMS,expert,V1,38,0.939444
11,V1-DMS,expert,V1,39,0.877896
11,V1-DMS,expert,V1,40,1.042829
11,V1-DMS,expert,V1,41,0.868958
11,V1-DMS,expert,V1,42,0.116894
11,V1-DMS,expert,V1,43,0.026034
11,V1-DMS,expert,V1,44,0.011973
11,V1-DMS,expert,V1,45,0.057025
11,V1-DMS,expert,V1,46,0.911122
11,V1-DMS,expert,V1,47,0.030002
11,V1-DMS,expert,V1,48,0.026392
11,V1-DMS,expert,V1,49,0.050528
11,V1-DMS,expert,V1,50,0.462709
11,V1-DMS,expert,V1,51,0.047608
11,V1-DMS,expert,V1,52,0.817001
11,V1-DMS,expert,V1,53,0.098594
11,V1-DMS,expert,DMS,0,1.013403
11,V1-DMS,expert,DMS,1,0.645937
11,V1-DMS,expert,DMS,2,1.161896
11,V1-DMS,expert,DMS,3,1.057563
11,V1-DMS,expert,DMS,4,1.006659
11,V1-DMS,expert,DMS,5,1.032303
11,V1-DMS,expert,DMS,6,1.951531
11,V1-DMS,expert,DMS,7,2.427642
11,V1-DMS,expert,DMS,8,1.484195
11,V1-DMS,expert,DMS,9,0.681773
11,V1-DMS,expert,DMS,10,1.892303
11,V1-DMS,expert,DMS,11,0.812044
11,V1-DMS,expert,DMS,12,1.250835
11,V1-DMS,expert,DMS,13,0.719059
11,V1-DMS,expert,DMS,14,3.528444
11,V1-DMS,expert,DMS,15,3.282928
11,V1-DMS,expert,DMS,16,2.950919
11,V1-DMS,expert,DMS,17,1.816956
11,V1-DMS,expert,DMS,18,2.09838
11,V1-DMS,expert,DMS,19,1.661857
11,V1-DLS,naive,V1,0,0.008538
11,V1-DLS,naive,V1,1,0.426423
11,V1-DLS,naive,V1,2,0.723879
11,V1-DLS,naive,V1,3,0.062484
11,V1-DLS,naive,V1,4,0.550607
11,V1-DLS,naive,V1,5,0.024521
11,V1-DLS,naive,V1,6,0.095618
11,V1-DLS,naive,V1,7,0.44483
11,V1-DLS,naive,V1,8,0.176115
11,V1-DLS,naive,V1,9,0.149589
11,V1-DLS,naive,V1,10,0.229924
11,V1-DLS,naive,V1,11,0.301465
11,V1-DLS,naive,V1,12,0.025088
11,V1-DLS,naive,V1,13,0.352282
11,V1-DLS,naive,V1,14,0.015829
11,V1-DLS,naive,V1,15,0.361315
11,V1-DLS,naive,V1,16,0.039722
11,V1-DLS,naive,V1,17,0.022508
11,V1-DLS,naive,V1,18,0.028158
11,V1-DLS,naive,V1,19,0.499677
11,V1-DLS,naive,V1,20,0.001033
11,V1-DLS,naive,V1,21,0.039685
11,V1-DLS,naive,V1,22,0.014421
11,V1-DLS,naive,V1,23,0.006283
11,V1-DLS,naive,V1,24,0.017353
11,V1-DLS,naive,V1,25,0.060225
11,V1-DLS,naive,V1,26,0.004806
11,V1-DLS,naive,V1,27,0.01609
11,V1-DLS,naive,V1,28,0.473193
11,V1-DLS,naive,V1,29,0.145494
11,V1-DLS,naive,V1,30,0.223071
11,V1-DLS,naive,V1,31,0.090009
11,V1-DLS,naive,V1,32,0.237848
11,V1-DLS,naive,V1,33,0.194252
11,V1-DLS,naive,V1,34,0.041732
11,V1-DLS,naive,V1,35,0.078257
11,V1-DLS,naive,V1,36,0.04691
11,V1-DLS,naive,V1,37,0.008947
11,V1-DLS,naive,V1,38,0.009171
11,V1-DLS,naive,V1,39,0.03713
11,V1-DLS,naive,V1,40,0.001573
11,V1-DLS,naive,V1,41,0.011267
11,V1-DLS,naive,V1,42,0.566783
11,V1-DLS,naive,V1,43,0.009303
11,V1-DLS,naive,V1,44,0.021134
11,V1-DLS,naive,V1,45,0.739046
11,V1-DLS,naive,V1,46,0.156448
11,V1-DLS,naive,V1,47,0.006906
11,V1-DLS,naive,V1,48,0.000857
11,V1-DLS,naive,V1,49,0.011511
11,V1-DLS,naive,V1,50,0.047056
11,V1-DLS,naive,V1,51,0.008871
11,V1-DLS,naive,V1,52,0.05453
11,V1-DLS,naive,V1,53,0.683015
11,V1-DLS,naive,DLS,0,1.604457
11,V1-DLS,naive,DLS,1,0.90795
11,V1-DLS,naive,DLS,2,3.084109
11,V1-DLS,naive,DLS,3,0.679066
11,V1-DLS,naive,DLS,4,0.828664
11,V1-DLS,intermediate,V1,0,0.367446
11,V1-DLS,intermediate,V1,1,0.365339
11,V1-DLS,intermediate,V1,2,0.234756
11,V1-DLS,intermediate,V1,3,0.346301
11,V1-DLS,intermediate,V1,4,0.27311
11,V1-DLS,intermediate,V1,5,0.342989
11,V1-DLS,intermediate,V1,6,0.108161
11,V1-DLS,intermediate,V1,7,0.812854
11,V1-DLS,intermediate,V1,8,0.020719
11,V1-DLS,intermediate,V1,9,0.003954
11,V1-DLS,intermediate,V1,10,0.133202
11,V1-DLS,intermediate,V1,11,0.025696
11,V1-DLS,intermediate,V1,12,0.042247
11,V1-DLS,intermediate,V1,13,0.043475
11,V1-DLS,intermediate,V1,14,0.163887
11,V1-DLS,intermediate,V1,15,0.431556
11,V1-DLS,intermediate,V1,16,0.104998
11,V1-DLS,intermediate,V1,17,0.022438
11,V1-DLS,intermediate,V1,18,0.367799
11,V1-DLS,intermediate,V1,19,0.15335
11,V1-DLS,intermediate,V1,20,0.070263
11,V1-DLS,intermediate,V1,21,0.302671
11,V1-DLS,intermediate,V1,22,0.251556
11,V1-DLS,intermediate,V1,23,0.020013
11,V1-DLS,intermediate,V1,24,0.23293
11,V1-DLS,intermediate,V1,25,0.403585
11,V1-DLS,intermediate,V1,26,0.015902
11,V1-DLS,intermediate,V1,27,0.091288
11,V1-DLS,intermediate,V1,28,0.352622
11,V1-DLS,intermediate,V1,29,0.01234
11,V1-DLS,intermediate,V1,30,0.46834
11,V1-DLS,intermediate,V1,31,0.007008
11,V1-DLS,intermediate,V1,32,0.275359
11,V1-DLS,intermediate,V1,33,0.066371
11,V1-DLS,intermediate,V1,34,0.006012
11,V1-DLS,intermediate,V1,35,0.057481
11,V1-DLS,intermediate,V1,36,0.052502
11,V1-DLS,intermediate,V1,37,0.025579
11,V1-DLS,intermediate,V1,38,0.008609
11,V1-DLS,intermediate,V1,39,0.133119
11,V1-DLS,intermediate,V1,40,0.014926
11,V1-DLS,intermediate,V1,41,0.352449
11,V1-DLS,intermediate,V1,42,0.087754
11,V1-DLS,intermediate,V1,43,0.067649
11,V1-DLS,intermediate,V1,44,0.006286
11,V1-DLS,intermediate,V1,45,0.240056
11,V1-DLS,intermediate,V1,46,0.921078
11,V1-DLS,intermediate,V1,47,0.211227
11,V1-DLS,intermediate,V1,48,0.017251
11,V1-DLS,intermediate,V1,49,0.034176
11,V1-DLS,intermediate,V1,50,0.324327
11,V1-DLS,intermediate,V1,51,0.043313
11,V1-DLS,intermediate,V1,52,0.054968
11,V1-DLS,intermediate,V1,53,0.022104
11,V1-DLS,intermediate,DLS,0,1.110267
11,V1-DLS,intermediate,DLS,1,0.928565
11,V1-DLS,intermediate,DLS,2,6.416144
11,V1-DLS,intermediate,DLS,3,1.164785
11,V1-DLS,intermediate,DLS,4,0.0
11,V1-DLS,expert,V1,0,0.260164
11,V1-DLS,expert,V1,1,0.165716
11,V1-DLS,expert,V1,2,0.066912
11,V1-DLS,expert,V1,3,0.31708
11,V1-DLS,expert,V1,4,0.461948
11,V1-DLS,expert,V1,5,0.680753
11,V1-DLS,expert,V1,6,0.446172
11,V1-DLS,expert,V1,7,0.089809
11,V1-DLS,expert,V1,8,0.048952
11,V1-DLS,expert,V1,9,0.011653
11,V1-DLS,expert,V1,10,0.073155
11,V1-DLS,expert,V1,11,0.033579
11,V1-DLS,expert,V1,12,0.063824
11,V1-DLS,expert,V1,13,0.037467
11,V1-DLS,expert,V1,14,0.514713
11,V1-DLS,expert,V1,15,0.097066
11,V1-DLS,expert,V1,16,0.155716
11,V1-DLS,expert,V1,17,0.101214
11,V1-DLS,expert,V1,18,0.612748
11,V1-DLS,expert,V1,19,0.068686
11,V1-DLS,expert,V1,20,0.293091
11,V1-DLS,expert,V1,21,0.567174
11,V1-DLS,expert,V1,22,0.248032
11,V1-DLS,expert,V1,23,0.023346
11,V1-DLS,expert,V1,24,0.551397
11,V1-DLS,expert,V1,25,0.600048
11,V1-DLS,expert,V1,26,0.014509
11,V1-DLS,expert,V1,27,0.119573
11,V1-DLS,expert,V1,28,0.077694
11,V1-DLS,expert,V1,29,0.027401
11,V1-DLS,expert,V1,30,0.034007
11,V1-DLS,expert,V1,31,0.0066
11,V1-DLS,expert,V1,32,0.587865
11,V1-DLS,expert,V1,33,0.391577
11,V1-DLS,expert,V1,34,0.014954
11,V1-DLS,expert,V1,35,0.353254
11,V1-DLS,expert,V1,36,0.082021
11,V1-DLS,expert,V1,37,0.301044
11,V1-DLS,expert,V1,38,0.19079
11,V1-DLS,expert,V1,39,0.694847
11,V1-DLS,expert,V1,40,0.268057
11,V1-DLS,expert,V1,41,0.425059
11,V1-DLS,expert,V1,42,0.069033
11,V1-DLS,expert,V1,43,0.015283
11,V1-DLS,expert,V1,44,0.004899
11,V1-DLS,expert,V1,45,0.030159
11,V1-DLS,expert,V1,46,0.246179
11,V1-DLS,expert,V1,47,0.016217
11,V1-DLS,expert,V1,48,0.022925
11,V1-DLS,expert,V1,49,0.017609
11,V1-DLS,expert,V1,50,0.299518
11,V1-DLS,expert,V1,51,0.026859
11,V1-DLS,expert,V1,52,0.313061
11,V1-DLS,expert,V1,53,0.057864
11,V1-DLS,expert,DLS,0,0.777621
11,V1-DLS,expert,DLS,1,0.666214
11,V1-DLS,expert,DLS,2,5.099031
11,V1-DLS,expert,DLS,3,1.565213
11,V1-DLS,expert,DLS,4,1.354662
11,V1-ACC,naive,V1,0,0.026702
11,V1-ACC,naive,V1,1,0.773383
11,V1-ACC,naive,V1,2,1.053305
11,V1-ACC,naive,V1,3,0.165073
11,V1-ACC,naive,V1,4,0.947553
11,V1-ACC,naive,V1,5,0.06747
11,V1-ACC,naive,V1,6,0.143141
11,V1-ACC,naive,V1,7,0.997863
11,V1-ACC,naive,V1,8,0.675463
11,V1-ACC,naive,V1,9,0.38026
11,V1-ACC,naive,V1,10,0.67812
11,V1-ACC,naive,V1,11,0.923391
11,V1-ACC,naive,V1,12,0.056148
11,V1-ACC,naive,V1,13,0.77086
11,V1-ACC,naive,V1,14,0.049974
11,V1-ACC,naive,V1,15,1.078001
11,V1-ACC,naive,V1,16,0.092358
11,V1-ACC,naive,V1,17,0.046744
11,V1-ACC,naive,V1,18,0.066965
11,V1-ACC,naive,V1,19,0.964215
11,V1-ACC,naive,V1,20,0.004273
11,V1-ACC,naive,V1,21,0.068264
11,V1-ACC,naive,V1,22,0.020084
11,V1-ACC,naive,V1,23,0.011492
11,V1-ACC,naive,V1,24,0.051652
11,V1-ACC,naive,V1,25,0.086183
11,V1-ACC,naive,V1,26,0.014323
11,V1-ACC,naive,V1,27,0.018597
11,V1-ACC,naive,V1,28,0.533771
11,V1-ACC,naive,V1,29,0.587766
11,V1-ACC,naive,V1,30,0.624337
11,V1-ACC,naive,V1,31,0.171302
11,V1-ACC,naive,V1,32,1.042338
11,V1-ACC,naive,V1,33,1.085357
11,V1-ACC,naive,V1,34,0.091282
11,V1-ACC,naive,V1,35,0.172038
11,V1-ACC,naive,V1,36,0.081605
11,V1-ACC,naive,V1,37,0.018399
11,V1-ACC,naive,V1,38,0.023543
11,V1-ACC,naive,V1,39,0.099585
11,V1-ACC,naive,V1,40,0.002504
11,V1-ACC,naive,V1,41,0.023949
11,V1-ACC,naive,V1,42,0.888955
11,V1-ACC,naive,V1,43,0.026917
11,V1-ACC,naive,V1,44,0.045489
11,V1-ACC,naive,V1,45,0.833657
11,V1-ACC,naive,V1,46,1.058757
11,V1-ACC,naive,V1,47,0.023785
11,V1-ACC,naive,V1,48,0.010512
11,V1-ACC,naive,V1,49,0.017176
11,V1-ACC,naive,V1,50,0.114907
11,V1-ACC,naive,V1,51,0.023024
11,V1-ACC,naive,V1,52,0.096231
11,V1-ACC,naive,V1,53,1.06588
11,V1-ACC,naive,ACC,0,0.015019
11,V1-ACC,naive,ACC,1,0.135465
11,V1-ACC,naive,ACC,2,0.925094
11,V1-ACC,naive,ACC,3,0.119062
11,V1-ACC,naive,ACC,4,0.019659
11,V1-ACC,naive,ACC,5,0.80215
11,V1-ACC,naive,ACC,6,0.638632
11,V1-ACC,naive,ACC,7,0.03236
11,V1-ACC,naive,ACC,8,0.917212
11,V1-ACC,naive,ACC,9,0.030998
11,V1-ACC,naive,ACC,10,0.062506
11,V1-ACC,naive,ACC,11,0.098593
11,V1-ACC,naive,ACC,12,0.269109
11,V1-ACC,naive,ACC,13,0.032595
11,V1-ACC,naive,ACC,14,0.579016
11,V1-ACC,naive,ACC,15,0.427494
11,V1-ACC,naive,ACC,16,0.835882
11,V1-ACC,naive,ACC,17,0.432631
11,V1-ACC,naive,ACC,18,0.01191
11,V1-ACC,naive,ACC,19,0.051096
11,V1-ACC,naive,ACC,20,0.948962
11,V1-ACC,naive,ACC,21,0.234967
11,V1-ACC,naive,ACC,22,0.200371
11,V1-ACC,naive,ACC,23,0.730598
11,V1-ACC,naive,ACC,24,0.327812
11,V1-ACC,naive,ACC,25,0.662825
11,V1-ACC,naive,ACC,26,0.050143
11,V1-ACC,naive,ACC,27,0.044526
11,V1-ACC,naive,ACC,28,0.118686
11,V1-ACC,naive,ACC,29,0.064645
11,V1-ACC,naive,ACC,30,0.03276
11,V1-ACC,naive,ACC,31,0.035646
11,V1-ACC,naive,ACC,32,0.06672
11,V1-ACC,naive,ACC,33,0.17423
11,V1-ACC,naive,ACC,34,0.916503
11,V1-ACC,naive,ACC,35,0.030493
11,V1-ACC,naive,ACC,36,0.881112
11,V1-ACC,naive,ACC,37,0.009777
11,V1-ACC,naive,ACC,38,0.018329
11,V1-ACC,naive,ACC,39,0.426022
11,V1-ACC,naive,ACC,40,0.0
11,V1-ACC,naive,ACC,41,0.126776
11,V1-ACC,naive,ACC,42,0.959338
11,V1-ACC,naive,ACC,43,0.191604
11,V1-ACC,naive,ACC,44,0.091116
11,V1-ACC,naive,ACC,45,0.786087
11,V1-ACC,naive,ACC,46,0.012539
11,V1-ACC,naive,ACC,47,0.114608
11,V1-ACC,naive,ACC,48,0.020223
11,V1-ACC,naive,ACC,49,0.922286
11,V1-ACC,naive,ACC,50,0.040825
11,V1-ACC,naive,ACC,51,0.429431
11,V1-ACC,naive,ACC,52,0.08231
11,V1-ACC,naive,ACC,53,0.645884
11,V1-ACC,naive,ACC,54,0.584056
11,V1-ACC,naive,ACC,55,0.017166
11,V1-ACC,naive,ACC,56,0.857693
11,V1-ACC,naive,ACC,57,0.020312
11,V1-ACC,naive,ACC,58,0.682437
11,V1-ACC,naive,ACC,59,0.011199
11,V1-ACC,naive,ACC,60,0.024762
11,V1-ACC,intermediate,V1,0,0.869356
11,V1-ACC,intermediate,V1,1,0.971914
11,V1-ACC,intermediate,V1,2,0.500489
11,V1-ACC,intermediate,V1,3,0.761756
11,V1-ACC,intermediate,V1,4,0.914782
11,V1-ACC,intermediate,V1,5,0.897407
11,V1-ACC,intermediate,V1,6,0.301264
11,V1-ACC,intermediate,V1,7,0.977536
11,V1-ACC,intermediate,V1,8,0.078384
11,V1-ACC,intermediate,V1,9,0.017793
11,V1-ACC,intermediate,V1,10,0.183527
11,V1-ACC,intermediate,V1,11,0.099454
11,V1-ACC,intermediate,V1,12,0.095221
11,V1-ACC,intermediate,V1,13,0.129571
11,V1-ACC,intermediate,V1,14,0.924827
11,V1-ACC,intermediate,V1,15,0.981995
11,V1-ACC,intermediate,V1,16,0.203686
11,V1-ACC,intermediate,V1,17,0.075295
11,V1-ACC,intermediate,V1,18,0.981485
11,V1-ACC,intermediate,V1,19,0.282126
11,V1-ACC,intermediate,V1,20,0.434922
11,V1-ACC,intermediate,V1,21,0.95152
11,V1-ACC,intermediate,V1,22,0.879815
11,V1-ACC,intermediate,V1,23,0.038272
11,V1-ACC,intermediate,V1,24,0.997706
11,V1-ACC,intermediate,V1,25,0.984104
11,V1-ACC,intermediate,V1,26,0.038305
11,V1-ACC,intermediate,V1,27,0.186612
11,V1-ACC,intermediate,V1,28,0.915041
11,V1-ACC,intermediate,V1,29,0.023488
11,V1-ACC,intermediate,V1,30,0.730129
11,V1-ACC,intermediate,V1,31,0.018101
11,V1-ACC,intermediate,V1,32,0.949988
11,V1-ACC,intermediate,V1,33,0.152934
11,V1-ACC,intermediate,V1,34,0.028886
11,V1-ACC,intermediate,V1,35,0.119943
11,V1-ACC,intermediate,V1,36,0.303076
11,V1-ACC,intermediate,V1,37,0.102216
11,V1-ACC,intermediate,V1,38,0.035446
11,V1-ACC,intermediate,V1,39,0.317087
11,V1-ACC,intermediate,V1,40,0.037844
11,V1-ACC,intermediate,V1,41,0.833384
11,V1-ACC,intermediate,V1,42,0.163012
11,V1-ACC,intermediate,V1,43,0.240384
11,V1-ACC,intermediate,V1,44,0.028653
11,V1-ACC,intermediate,V1,45,0.952236
11,V1-ACC,intermediate,V1,46,0.989066
11,V1-ACC,intermediate,V1,47,0.913074
11,V1-ACC,intermediate,V1,48,0.037388
11,V1-ACC,intermediate,V1,49,0.085875
11,V1-ACC,intermediate,V1,50,0.742851
11,V1-ACC,intermediate,V1,51,0.110225
11,V1-ACC,intermediate,V1,52,0.113738
11,V1-ACC,intermediate,V1,53,0.081481
11,V1-ACC,intermediate,ACC,0,0.459423
11,V1-ACC,intermediate,ACC,1,0.189424
11,V1-ACC,intermediate,ACC,2,0.983031
11,V1-ACC,intermediate,ACC,3,0.098471
11,V1-ACC,intermediate,ACC,4,0.269806
11,V1-ACC,intermediate,ACC,5,0.846717
11,V1-ACC,intermediate,ACC,6,0.053366
11,V1-ACC,intermediate,ACC,7,0.964259
11,V1-ACC,intermediate,ACC,8,0.587974
11,V1-ACC,intermediate,ACC,9,0.082125
11,V1-ACC,intermediate,ACC,10,0.911758
11,V1-ACC,intermediate,ACC,11,0.020946
11,V1-ACC,intermediate,ACC,12,0.075104
11,V1-ACC,intermediate,ACC,13,0.079771
11,V1-ACC,intermediate,ACC,14,0.089111
11,V1-ACC,intermediate,ACC,15,0.016663
11,V1-ACC,intermediate,ACC,16,0.189347
11,V1-ACC,intermediate,ACC,17,0.191456
11,V1-ACC,intermediate,ACC,18,0.786988
11,V1-ACC,intermediate,ACC,19,0.953156
11,V1-ACC,intermediate,ACC,20,0.048778
11,V1-ACC,intermediate,ACC,21,0.84897
11,V1-ACC,intermediate,ACC,22,0.451193
11,V1-ACC,intermediate,ACC,23,0.064634
11,V1-ACC,intermediate,ACC,24,0.140952
11,V1-ACC,intermediate,ACC,25,0.046897
11,V1-ACC,intermediate,ACC,26,0.121778
11,V1-ACC,intermediate,ACC,27,0.173146
11,V1-ACC,intermediate,ACC,28,0.646993
11,V1-ACC,intermediate,ACC,29,0.957395
11,V1-ACC,intermediate,ACC,30,0.02766
11,V1-ACC,intermediate,ACC,31,0.095743
11,V1-ACC,intermediate,ACC,32,0.697611
11,V1-ACC,intermediate,ACC,33,0.086855
11,V1-ACC,intermediate,ACC,34,0.942668
11,V1-ACC,intermediate,ACC,35,0.102833
11,V1-ACC,intermediate,ACC,36,0.124003
11,V1-ACC,intermediate,ACC,37,0.594642
11,V1-ACC,intermediate,ACC,38,0.060022
11,V1-ACC,intermediate,ACC,39,0.001529
11,V1-ACC,intermediate,ACC,40,0.0
11,V1-ACC,intermediate,ACC,41,0.846495
11,V1-ACC,intermediate,ACC,42,0.164103
11,V1-ACC,intermediate,ACC,43,0.017823
11,V1-ACC,intermediate,ACC,44,0.10271
11,V1-ACC,intermediate,ACC,45,0.013959
11,V1-ACC,intermediate,ACC,46,0.07694
11,V1-ACC,intermediate,ACC,47,0.689659
11,V1-ACC,intermediate,ACC,48,0.536634
11,V1-ACC,intermediate,ACC,49,0.354245
11,V1-ACC,intermediate,ACC,50,0.052056
11,V1-ACC,intermediate,ACC,51,0.0
11,V1-ACC,intermediate,ACC,52,0.043715
11,V1-ACC,intermediate,ACC,53,0.025282
11,V1-ACC,intermediate,ACC,54,0.043697
11,V1-ACC,intermediate,ACC,55,0.927115
11,V1-ACC,intermediate,ACC,56,0.855387
11,V1-ACC,intermediate,ACC,57,0.009083
11,V1-ACC,intermediate,ACC,58,0.756819
11,V1-ACC,intermediate,ACC,59,0.093459
11,V1-ACC,intermediate,ACC,60,0.133537
11,V1-ACC,expert,V1,0,0.725463
11,V1-ACC,expert,V1,1,0.316695
11,V1-ACC,expert,V1,2,0.193305
11,V1-ACC,expert,V1,3,0.441627
11,V1-ACC,expert,V1,4,0.956573
11,V1-ACC,expert,V1,5,0.884555
11,V1-ACC,expert,V1,6,0.953215
11,V1-ACC,expert,V1,7,0.161147
11,V1-ACC,expert,V1,8,0.077941
11,V1-ACC,expert,V1,9,0.023958
11,V1-ACC,expert,V1,10,0.097311
11,V1-ACC,expert,V1,11,0.094464
11,V1-ACC,expert,V1,12,0.158768
11,V1-ACC,expert,V1,13,0.095867
11,V1-ACC,expert,V1,14,0.641965
11,V1-ACC,expert,V1,15,0.140845
11,V1-ACC,expert,V1,16,0.191844
11,V1-ACC,expert,V1,17,0.177946
11,V1-ACC,expert,V1,18,0.925765
11,V1-ACC,expert,V1,19,0.215309
11,V1-ACC,expert,V1,20,1.011793
11,V1-ACC,expert,V1,21,0.971991
11,V1-ACC,expert,V1,22,0.913723
11,V1-ACC,expert,V1,23,0.042505
11,V1-ACC,expert,V1,24,0.979562
11,V1-ACC,expert,V1,25,0.976818
11,V1-ACC,expert,V1,26,0.026633
11,V1-ACC,expert,V1,27,0.312257
11,V1-ACC,expert,V1,28,0.27165
11,V1-ACC,expert,V1,29,0.071068
11,V1-ACC,expert,V1,30,0.111629
11,V1-ACC,expert,V1,31,0.013145
11,V1-ACC,expert,V1,32,0.963746
11,V1-ACC,expert,V1,33,0.958552
11,V1-ACC,expert,V1,34,0.025234
11,V1-ACC,expert,V1,35,0.980871
11,V1-ACC,expert,V1,36,0.337031
11,V1-ACC,expert,V1,37,0.865711
11,V1-ACC,expert,V1,38,0.938561
11,V1-ACC,expert,V1,39,0.864964
11,V1-ACC,expert,V1,40,1.044415
11,V1-ACC,expert,V1,41,0.867271
11,V1-ACC,expert,V1,42,0.116355
11,V1-ACC,expert,V1,43,0.026736
11,V1-ACC,expert,V1,44,0.011823
11,V1-ACC,expert,V1,45,0.050239
11,V1-ACC,expert,V1,46,0.910671
11,V1-ACC,expert,V1,47,0.030017
11,V1-ACC,expert,V1,48,0.026678
11,V1-ACC,expert,V1,49,0.050962
11,V1-ACC,expert,V1,50,0.468582
11,V1-ACC,expert,V1,51,0.047923
11,V1-ACC,expert,V1,52,0.85248
11,V1-ACC,expert,V1,53,0.097601
11,V1-ACC,expert,ACC,0,0.555014
11,V1-ACC,expert,ACC,1,0.135104
11,V1-ACC,expert,ACC,2,0.064568
11,V1-ACC,expert,ACC,3,0.160453
11,V1-ACC,expert,ACC,4,0.91157
11,V1-ACC,expert,ACC,5,0.106346
11,V1-ACC,expert,ACC,6,0.041752
11,V1-ACC,expert,ACC,7,0.08543
11,V1-ACC,expert,ACC,8,0.695858
11,V1-ACC,expert,ACC,9,0.048681
11,V1-ACC,expert,ACC,10,0.809187
11,V1-ACC,expert,ACC,11,0.06833
11,V1-ACC,expert,ACC,12,0.104135
11,V1-ACC,expert,ACC,13,0.084216
11,V1-ACC,expert,ACC,14,0.085336
11,V1-ACC,expert,ACC,15,0.033801
11,V1-ACC,expert,ACC,16,0.166088
11,V1-ACC,expert,ACC,17,0.04326
11,V1-ACC,expert,ACC,18,0.852015
11,V1-ACC,expert,ACC,19,0.117358
11,V1-ACC,expert,ACC,20,0.051647
11,V1-ACC,expert,ACC,21,0.196685
11,V1-ACC,expert,ACC,22,0.057145
11,V1-ACC,expert,ACC,23,0.176742
11,V1-ACC,expert,ACC,24,0.044197
11,V1-ACC,expert,ACC,25,0.052337
11,V1-ACC,expert,ACC,26,0.05673
11,V1-ACC,expert,ACC,27,0.237999
11,V1-ACC,expert,ACC,28,0.556531
11,V1-ACC,expert,ACC,29,0.836042
11,V1-ACC,expert,ACC,30,0.0578
11,V1-ACC,expert,ACC,31,0.082893
11,V1-ACC,expert,ACC,32,0.669396
11,V1-ACC,expert,ACC,33,0.785463
11,V1-ACC,expert,ACC,34,0.12461
11,V1-ACC,expert,ACC,35,0.998589
11,V1-ACC,expert,ACC,36,0.121595
11,V1-ACC,expert,ACC,37,0.089348
11,V1-ACC,expert,ACC,38,0.846406
11,V1-ACC,expert,ACC,39,0.79639
11,V1-ACC,expert,ACC,40,0.549828
11,V1-ACC,expert,ACC,41,0.167824
11,V1-ACC,expert,ACC,42,0.032008
11,V1-ACC,expert,ACC,43,0.020199
11,V1-ACC,expert,ACC,44,0.067318
11,V1-ACC,expert,ACC,45,0.023723
11,V1-ACC,expert,ACC,46,0.052992
11,V1-ACC,expert,ACC,47,0.871068
11,V1-ACC,expert,ACC,48,0.762322
11,V1-ACC,expert,ACC,49,0.067103
11,V1-ACC,expert,ACC,50,0.038563
11,V1-ACC,expert,ACC,51,0.217392
11,V1-ACC,expert,ACC,52,0.033672
11,V1-ACC,expert,ACC,53,0.706949
11,V1-ACC,expert,ACC,54,0.016786
11,V1-ACC,expert,ACC,55,0.950416
11,V1-ACC,expert,ACC,56,0.850696
11,V1-ACC,expert,ACC,57,0.052708
11,V1-ACC,expert,ACC,58,0.72498
11,V1-ACC,expert,ACC,59,0.895075
11,V1-ACC,expert,ACC,60,0.90339
11,CA1-DMS,naive,CA1,0,2.709615
11,CA1-DMS,naive,CA1,1,1.37374
11,CA1-DMS,naive,CA1,2,1.798381
11,CA1-DMS,naive,CA1,3,1.651489
11,CA1-DMS,naive,CA1,4,1.983441
11,CA1-DMS,naive,CA1,5,0.063462
11,CA1-DMS,naive,CA1,6,3.777008
11,CA1-DMS,naive,CA1,7,1.039901
11,CA1-DMS,naive,CA1,8,1.891284
11,CA1-DMS,naive,CA1,9,0.926383
11,CA1-DMS,naive,CA1,10,1.175932
11,CA1-DMS,naive,CA1,11,0.0
11,CA1-DMS,naive,CA1,12,0.591184
11,CA1-DMS,naive,CA1,13,1.188139
11,CA1-DMS,naive,CA1,14,1.139674
11,CA1-DMS,naive,CA1,15,1.515016
11,CA1-DMS,naive,CA1,16,0.929688
11,CA1-DMS,naive,CA1,17,1.080576
11,CA1-DMS,naive,CA1,18,1.27553
11,CA1-DMS,naive,CA1,19,0.556045
11,CA1-DMS,naive,CA1,20,0.415226
11,CA1-DMS,naive,CA1,21,0.840969
11,CA1-DMS,naive,DMS,0,1.016934
11,CA1-DMS,naive,DMS,1,1.281966
11,CA1-DMS,naive,DMS,2,0.384358
11,CA1-DMS,naive,DMS,3,0.849444
11,CA1-DMS,naive,DMS,4,1.132312
11,CA1-DMS,naive,DMS,5,1.632616
11,CA1-DMS,naive,DMS,6,0.500845
11,CA1-DMS,naive,DMS,7,0.608036
11,CA1-DMS,naive,DMS,8,2.221091
11,CA1-DMS,naive,DMS,9,0.986079
11,CA1-DMS,naive,DMS,10,1.502407
11,CA1-DMS,naive,DMS,11,1.818208
11,CA1-DMS,naive,DMS,12,0.674423
11,CA1-DMS,naive,DMS,13,1.522348
11,CA1-DMS,naive,DMS,14,0.560903
11,CA1-DMS,naive,DMS,15,0.393437
11,CA1-DMS,naive,DMS,16,0.498464
11,CA1-DMS,naive,DMS,17,0.844296
11,CA1-DMS,naive,DMS,18,1.890288
11,CA1-DMS,naive,DMS,19,0.550497
11,CA1-DMS,intermediate,CA1,0,0.814901
11,CA1-DMS,intermediate,CA1,1,1.188454
11,CA1-DMS,intermediate,CA1,2,0.727936
11,CA1-DMS,intermediate,CA1,3,0.659092
11,CA1-DMS,intermediate,CA1,4,0.005839
11,CA1-DMS,intermediate,CA1,5,0.018637
11,CA1-DMS,intermediate,CA1,6,1.179111
11,CA1-DMS,intermediate,CA1,7,0.995426
11,CA1-DMS,intermediate,CA1,8,0.693765
11,CA1-DMS,intermediate,CA1,9,0.922739
11,CA1-DMS,intermediate,CA1,10,1.378334
11,CA1-DMS,intermediate,CA1,11,1.968191
11,CA1-DMS,intermediate,CA1,12,1.364028
11,CA1-DMS,intermediate,CA1,13,0.755175
11,CA1-DMS,intermediate,CA1,14,1.151801
11,CA1-DMS,intermediate,CA1,15,0.731193
11,CA1-DMS,intermediate,CA1,16,1.259029
11,CA1-DMS,intermediate,CA1,17,0.937836
11,CA1-DMS,intermediate,CA1,18,1.438694
11,CA1-DMS,intermediate,CA1,19,1.197053
11,CA1-DMS,intermediate,CA1,20,2.203748
11,CA1-DMS,intermediate,CA1,21,1.263576
11,CA1-DMS,intermediate,DMS,0,1.02092
11,CA1-DMS,intermediate,DMS,1,0.6387
11,CA1-DMS,intermediate,DMS,2,1.244697
11,CA1-DMS,intermediate,DMS,3,0.929622
11,CA1-DMS,intermediate,DMS,4,1.028853
11,CA1-DMS,intermediate,DMS,5,0.571237
11,CA1-DMS,intermediate,DMS,6,2.213805
11,CA1-DMS,intermediate,DMS,7,2.326824
11,CA1-DMS,intermediate,DMS,8,1.329245
11,CA1-DMS,intermediate,DMS,9,1.1592
11,CA1-DMS,intermediate,DMS,10,1.665438
11,CA1-DMS,intermediate,DMS,11,2.481407
11,CA1-DMS,intermediate,DMS,12,1.067775
11,CA1-DMS,intermediate,DMS,13,0.574327
11,CA1-DMS,intermediate,DMS,14,8.520579
11,CA1-DMS,intermediate,DMS,15,3.351418
11,CA1-DMS,intermediate,DMS,16,1.769015
11,CA1-DMS,intermediate,DMS,17,2.66423
11,CA1-DMS,intermediate,DMS,18,1.870463
11,CA1-DMS,intermediate,DMS,19,0.757897
11,CA1-DMS,expert,CA1,0,0.737678
11,CA1-DMS,expert,CA1,1,1.145442
11,CA1-DMS,expert,CA1,2,0.762046
11,CA1-DMS,expert,CA1,3,0.742894
11,CA1-DMS,expert,CA1,4,0.925224
11,CA1-DMS,expert,CA1,5,2.085569
11,CA1-DMS,expert,CA1,6,1.051011
11,CA1-DMS,expert,CA1,7,1.03328
11,CA1-DMS,expert,CA1,8,0.782634
11,CA1-DMS,expert,CA1,9,1.099421
11,CA1-DMS,expert,CA1,10,0.917984
11,CA1-DMS,expert,CA1,11,0.044093
11,CA1-DMS,expert,CA1,12,1.4153
11,CA1-DMS,expert,CA1,13,0.965147
11,CA1-DMS,expert,CA1,14,0.817636
11,CA1-DMS,expert,CA1,15,0.702104
11,CA1-DMS,expert,CA1,16,1.350929
11,CA1-DMS,expert,CA1,17,1.015948
11,CA1-DMS,expert,CA1,18,1.147828
11,CA1-DMS,expert,CA1,19,1.247347
11,CA1-DMS,expert,CA1,20,0.756146
11,CA1-DMS,expert,CA1,21,1.365884
11,CA1-DMS,expert,DMS,0,1.015244
11,CA1-DMS,expert,DMS,1,0.649434
11,CA1-DMS,expert,DMS,2,1.163654
11,CA1-DMS,expert,DMS,3,1.059327
11,CA1-DMS,expert,DMS,4,1.009546
11,CA1-DMS,expert,DMS,5,1.032704
11,CA1-DMS,expert,DMS,6,1.955946
11,CA1-DMS,expert,DMS,7,2.431734
11,CA1-DMS,expert,DMS,8,1.489911
11,CA1-DMS,expert,DMS,9,0.683806
11,CA1-DMS,expert,DMS,10,1.955954
11,CA1-DMS,expert,DMS,11,0.813417
11,CA1-DMS,expert,DMS,12,1.253062
11,CA1-DMS,expert,DMS,13,0.720748
11,CA1-DMS,expert,DMS,14,3.550503
11,CA1-DMS,expert,DMS,15,3.288066
11,CA1-DMS,expert,DMS,16,2.949773
11,CA1-DMS,expert,DMS,17,1.817431
11,CA1-DMS,expert,DMS,18,2.097963
11,CA1-DMS,expert,DMS,19,1.664411
11,CA1-DLS,naive,CA1,0,1.557463
11,CA1-DLS,naive,CA1,1,0.825718
11,CA1-DLS,naive,CA1,2,0.678221
11,CA1-DLS,naive,CA1,3,0.884299
11,CA1-DLS,naive,CA1,4,0.250091
11,CA1-DLS,naive,CA1,5,0.025333
11,CA1-DLS,naive,CA1,6,0.765792
11,CA1-DLS,naive,CA1,7,0.536148
11,CA1-DLS,naive,CA1,8,0.359365
11,CA1-DLS,naive,CA1,9,0.47927
11,CA1-DLS,naive,CA1,10,0.511502
11,CA1-DLS,naive,CA1,11,0.0
11,CA1-DLS,naive,CA1,12,0.322569
11,CA1-DLS,naive,CA1,13,0.838403
11,CA1-DLS,naive,CA1,14,0.493875
11,CA1-DLS,naive,CA1,15,0.629778
11,CA1-DLS,naive,CA1,16,0.529623
11,CA1-DLS,naive,CA1,17,0.522253
11,CA1-DLS,naive,CA1,18,0.893799
11,CA1-DLS,naive,CA1,19,0.244163
11,CA1-DLS,naive,CA1,20,0.301567
11,CA1-DLS,naive,CA1,21,0.313442
11,CA1-DLS,naive,DLS,0,1.610966
11,CA1-DLS,naive,DLS,1,0.908025
11,CA1-DLS,naive,DLS,2,3.090267
11,CA1-DLS,naive,DLS,3,0.679653
11,CA1-DLS,naive,DLS,4,0.829628
11,CA1-DLS,intermediate,CA1,0,0.322416
11,CA1-DLS,intermediate,CA1,1,0.699943
11,CA1-DLS,intermediate,CA1,2,0.64328
11,CA1-DLS,intermediate,CA1,3,0.243968
11,CA1-DLS,intermediate,CA1,4,0.003699
11,CA1-DLS,intermediate,CA1,5,0.008485
11,CA1-DLS,intermediate,CA1,6,0.385178
11,CA1-DLS,intermediate,CA1,7,0.570033
11,CA1-DLS,intermediate,CA1,8,0.05196
11,CA1-DLS,intermediate,CA1,9,0.479109
11,CA1-DLS,intermediate,CA1,10,0.711992
11,CA1-DLS,intermediate,CA1,11,0.230796
11,CA1-DLS,intermediate,CA1,12,0.536588
11,CA1-DLS,intermediate,CA1,13,0.298327
11,CA1-DLS,intermediate,CA1,14,0.554487
11,CA1-DLS,intermediate,CA1,15,0.399056
11,CA1-DLS,intermediate,CA1,16,0.226827
11,CA1-DLS,intermediate,CA1,17,0.59999
11,CA1-DLS,intermediate,CA1,18,0.166108
11,CA1-DLS,intermediate,CA1,19,0.317263
11,CA1-DLS,intermediate,CA1,20,0.423781
11,CA1-DLS,intermediate,CA1,21,0.528853
11,CA1-DLS,intermediate,DLS,0,1.113005
11,CA1-DLS,intermediate,DLS,1,0.935862
11,CA1-DLS,intermediate,DLS,2,6.439101
11,CA1-DLS,intermediate,DLS,3,1.165004
11,CA1-DLS,intermediate,DLS,4,0.0
11,CA1-DLS,expert,CA1,0,0.46095
11,CA1-DLS,expert,CA1,1,0.915431
11,CA1-DLS,expert,CA1,2,0.296821
11,CA1-DLS,expert,CA1,3,0.502592
11,CA1-DLS,expert,CA1,4,0.406569
11,CA1-DLS,expert,CA1,5,1.085861
11,CA1-DLS,expert,CA1,6,0.459049
11,CA1-DLS,expert,CA1,7,0.553068
11,CA1-DLS,expert,CA1,8,0.118007
11,CA1-DLS,expert,CA1,9,0.329532
11,CA1-DLS,expert,CA1,10,0.352507
11,CA1-DLS,expert,CA1,11,0.01543
11,CA1-DLS,expert,CA1,12,0.611961
11,CA1-DLS,expert,CA1,13,0.360201
11,CA1-DLS,expert,CA1,14,0.215575
11,CA1-DLS,expert,CA1,15,0.517477
11,CA1-DLS,expert,CA1,16,0.262558
11,CA1-DLS,expert,CA1,17,0.489739
11,CA1-DLS,expert,CA1,18,0.441517
11,CA1-DLS,expert,CA1,19,0.537913
11,CA1-DLS,expert,CA1,20,0.39556
11,CA1-DLS,expert,CA1,21,1.078289
11,CA1-DLS,expert,DLS,0,0.77956
11,CA1-DLS,expert,DLS,1,0.671655
11,CA1-DLS,expert,DLS,2,5.108867
11,CA1-DLS,expert,DLS,3,1.565564
11,CA1-DLS,expert,DLS,4,1.355033
11,CA1-ACC,naive,CA1,0,2.702907
11,CA1-ACC,naive,CA1,1,1.36982
11,CA1-ACC,naive,CA1,2,1.795819
11,CA1-ACC,naive,CA1,3,1.646287
11,CA1-ACC,naive,CA1,4,1.983172
11,CA1-ACC,naive,CA1,5,0.063446
11,CA1-ACC,naive,CA1,6,3.773027
11,CA1-ACC,naive,CA1,7,1.034298
11,CA1-ACC,naive,CA1,8,1.892481
11,CA1-ACC,naive,CA1,9,0.923763
11,CA1-ACC,naive,CA1,10,1.172124
11,CA1-ACC,naive,CA1,11,0.0
11,CA1-ACC,naive,CA1,12,0.589442
11,CA1-ACC,naive,CA1,13,1.185316
11,CA1-ACC,naive,CA1,14,1.133604
11,CA1-ACC,naive,CA1,15,1.513124
11,CA1-ACC,naive,CA1,16,0.928163
11,CA1-ACC,naive,CA1,17,1.079406
11,CA1-ACC,naive,CA1,18,1.265368
11,CA1-ACC,naive,CA1,19,0.554321
11,CA1-ACC,naive,CA1,20,0.413779
11,CA1-ACC,naive,CA1,21,0.839361
11,CA1-ACC,naive,ACC,0,0.014449
11,CA1-ACC,naive,ACC,1,0.135279
11,CA1-ACC,naive,ACC,2,0.927514
11,CA1-ACC,naive,ACC,3,0.120242
11,CA1-ACC,naive,ACC,4,0.020001
11,CA1-ACC,naive,ACC,5,0.802148
11,CA1-ACC,naive,ACC,6,0.638675
11,CA1-ACC,naive,ACC,7,0.032129
11,CA1-ACC,naive,ACC,8,0.918685
11,CA1-ACC,naive,ACC,9,0.030825
11,CA1-ACC,naive,ACC,10,0.062773
11,CA1-ACC,naive,ACC,11,0.097746
11,CA1-ACC,naive,ACC,12,0.292828
11,CA1-ACC,naive,ACC,13,0.033046
11,CA1-ACC,naive,ACC,14,0.580507
11,CA1-ACC,naive,ACC,15,0.428129
11,CA1-ACC,naive,ACC,16,0.835835
11,CA1-ACC,naive,ACC,17,0.435146
11,CA1-ACC,naive,ACC,18,0.011875
11,CA1-ACC,naive,ACC,19,0.050527
11,CA1-ACC,naive,ACC,20,0.949603
11,CA1-ACC,naive,ACC,21,0.235018
11,CA1-ACC,naive,ACC,22,0.201171
11,CA1-ACC,naive,ACC,23,0.731571
11,CA1-ACC,naive,ACC,24,0.310635
11,CA1-ACC,naive,ACC,25,0.663918
11,CA1-ACC,naive,ACC,26,0.050237
11,CA1-ACC,naive,ACC,27,0.043866
11,CA1-ACC,naive,ACC,28,0.119151
11,CA1-ACC,naive,ACC,29,0.064152
11,CA1-ACC,naive,ACC,30,0.032869
11,CA1-ACC,naive,ACC,31,0.03544
11,CA1-ACC,naive,ACC,32,0.069551
11,CA1-ACC,naive,ACC,33,0.168179
11,CA1-ACC,naive,ACC,34,0.913591
11,CA1-ACC,naive,ACC,35,0.029062
11,CA1-ACC,naive,ACC,36,0.882333
11,CA1-ACC,naive,ACC,37,0.010021
11,CA1-ACC,naive,ACC,38,0.019305
11,CA1-ACC,naive,ACC,39,0.428849
11,CA1-ACC,naive,ACC,40,0.0
11,CA1-ACC,naive,ACC,41,0.124313
11,CA1-ACC,naive,ACC,42,0.961202
11,CA1-ACC,naive,ACC,43,0.196033
11,CA1-ACC,naive,ACC,44,0.087443
11,CA1-ACC,naive,ACC,45,0.789424
11,CA1-ACC,naive,ACC,46,0.011818
11,CA1-ACC,naive,ACC,47,0.118686
11,CA1-ACC,naive,ACC,48,0.020293
11,CA1-ACC,naive,ACC,49,0.924687
11,CA1-ACC,naive,ACC,50,0.041767
11,CA1-ACC,naive,ACC,51,0.429914
11,CA1-ACC,naive,ACC,52,0.078979
11,CA1-ACC,naive,ACC,53,0.648696
11,CA1-ACC,naive,ACC,54,0.584798
11,CA1-ACC,naive,ACC,55,0.017443
11,CA1-ACC,naive,ACC,56,0.860948
11,CA1-ACC,naive,ACC,57,0.021492
11,CA1-ACC,naive,ACC,58,0.686132
11,CA1-ACC,naive,ACC,59,0.011187
11,CA1-ACC,naive,ACC,60,0.024292
11,CA1-ACC,intermediate,CA1,0,0.811675
11,CA1-ACC,intermediate,CA1,1,1.185567
11,CA1-ACC,intermediate,CA1,2,0.726737
11,CA1-ACC,intermediate,CA1,3,0.657944
11,CA1-ACC,intermediate,CA1,4,0.005634
11,CA1-ACC,intermediate,CA1,5,0.019485
11,CA1-ACC,intermediate,CA1,6,1.176617
11,CA1-ACC,intermediate,CA1,7,0.991222
11,CA1-ACC,intermediate,CA1,8,0.692144
11,CA1-ACC,intermediate,CA1,9,0.921691
11,CA1-ACC,intermediate,CA1,10,1.37609
11,CA1-ACC,intermediate,CA1,11,1.962556
11,CA1-ACC,intermediate,CA1,12,1.357727
11,CA1-ACC,intermediate,CA1,13,0.752461
11,CA1-ACC,intermediate,CA1,14,1.149675
11,CA1-ACC,intermediate,CA1,15,0.728218
11,CA1-ACC,intermediate,CA1,16,1.255235
11,CA1-ACC,intermediate,CA1,17,0.935184
11,CA1-ACC,intermediate,CA1,18,1.438825
11,CA1-ACC,intermediate,CA1,19,1.195266
11,CA1-ACC,intermediate,CA1,20,2.202647
11,CA1-ACC,intermediate,CA1,21,1.258363
11,CA1-ACC,intermediate,ACC,0,0.460504
11,CA1-ACC,intermediate,ACC,1,0.177681
11,CA1-ACC,intermediate,ACC,2,0.984789
11,CA1-ACC,intermediate,ACC,3,0.098449
11,CA1-ACC,intermediate,ACC,4,0.261617
11,CA1-ACC,intermediate,ACC,5,0.860744
11,CA1-ACC,intermediate,ACC,6,0.055841
11,CA1-ACC,intermediate,ACC,7,0.964892
11,CA1-ACC,intermediate,ACC,8,0.590832
11,CA1-ACC,intermediate,ACC,9,0.078308
11,CA1-ACC,intermediate,ACC,10,0.923741
11,CA1-ACC,intermediate,ACC,11,0.02142
11,CA1-ACC,intermediate,ACC,12,0.075926
11,CA1-ACC,intermediate,ACC,13,0.068185
11,CA1-ACC,intermediate,ACC,14,0.080022
11,CA1-ACC,intermediate,ACC,15,0.017261
11,CA1-ACC,intermediate,ACC,16,0.18283
11,CA1-ACC,intermediate,ACC,17,0.193291
11,CA1-ACC,intermediate,ACC,18,0.78854
11,CA1-ACC,intermediate,ACC,19,0.957742
11,CA1-ACC,intermediate,ACC,20,0.048485
11,CA1-ACC,intermediate,ACC,21,0.850672
11,CA1-ACC,intermediate,ACC,22,0.436624
11,CA1-ACC,intermediate,ACC,23,0.068083
11,CA1-ACC,intermediate,ACC,24,0.143736
11,CA1-ACC,intermediate,ACC,25,0.046861
11,CA1-ACC,intermediate,ACC,26,0.121244
11,CA1-ACC,intermediate,ACC,27,0.174386
11,CA1-ACC,intermediate,ACC,28,0.641204
11,CA1-ACC,intermediate,ACC,29,0.958448
11,CA1-ACC,intermediate,ACC,30,0.026135
11,CA1-ACC,intermediate,ACC,31,0.094919
11,CA1-ACC,intermediate,ACC,32,0.698977
11,CA1-ACC,intermediate,ACC,33,0.090156
11,CA1-ACC,intermediate,ACC,34,0.942084
11,CA1-ACC,intermediate,ACC,35,0.107206
11,CA1-ACC,intermediate,ACC,36,0.127443
11,CA1-ACC,intermediate,ACC,37,0.596369
11,CA1-ACC,intermediate,ACC,38,0.060517
11,CA1-ACC,intermediate,ACC,39,0.001533
11,CA1-ACC,intermediate,ACC,40,0.0
11,CA1-ACC,intermediate,ACC,41,0.847148
11,CA1-ACC,intermediate,ACC,42,0.163903
11,CA1-ACC,intermediate,ACC,43,0.0181
11,CA1-ACC,intermediate,ACC,44,0.106168
11,CA1-ACC,intermediate,ACC,45,0.01383
11,CA1-ACC,intermediate,ACC,46,0.078004
11,CA1-ACC,intermediate,ACC,47,0.691978
11,CA1-ACC,intermediate,ACC,48,0.538161
11,CA1-ACC,intermediate,ACC,49,0.354633
11,CA1-ACC,intermediate,ACC,50,0.051774
11,CA1-ACC,intermediate,ACC,51,0.0
11,CA1-ACC,intermediate,ACC,52,0.044204
11,CA1-ACC,intermediate,ACC,53,0.02445
11,CA1-ACC,intermediate,ACC,54,0.043987
11,CA1-ACC,intermediate,ACC,55,0.928364
11,CA1-ACC,intermediate,ACC,56,0.857967
11,CA1-ACC,intermediate,ACC,57,0.009232
11,CA1-ACC,intermediate,ACC,58,0.758104
11,CA1-ACC,intermediate,ACC,59,0.087918
11,CA1-ACC,intermediate,ACC,60,0.13416
11,CA1-ACC,expert,CA1,0,0.735649
11,CA1-ACC,expert,CA1,1,1.143205
11,CA1-ACC,expert,CA1,2,0.759045
11,CA1-ACC,expert,CA1,3,0.740924
11,CA1-ACC,expert,CA1,4,0.923914
11,CA1-ACC,expert,CA1,5,2.052142
11,CA1-ACC,expert,CA1,6,1.048098
11,CA1-ACC,expert,CA1,7,1.029888
11,CA1-ACC,expert,CA1,8,0.781974
11,CA1-ACC,expert,CA1,9,1.095588
11,CA1-ACC,expert,CA1,10,0.915317
11,CA1-ACC,expert,CA1,11,0.043603
11,CA1-ACC,expert,CA1,12,1.410794
11,CA1-ACC,expert,CA1,13,0.962396
11,CA1-ACC,expert,CA1,14,0.812009
11,CA1-ACC,expert,CA1,15,0.7013
11,CA1-ACC,expert,CA1,16,1.347216
11,CA1-ACC,expert,CA1,17,1.014135
11,CA1-ACC,expert,CA1,18,1.143601
11,CA1-ACC,expert,CA1,19,1.242083
11,CA1-ACC,expert,CA1,20,0.817368
11,CA1-ACC,expert,CA1,21,1.36068
11,CA1-ACC,expert,ACC,0,0.555191
11,CA1-ACC,expert,ACC,1,0.132131
11,CA1-ACC,expert,ACC,2,0.065455
11,CA1-ACC,expert,ACC,3,0.152146
11,CA1-ACC,expert,ACC,4,0.914849
11,CA1-ACC,expert,ACC,5,0.106674
11,CA1-ACC,expert,ACC,6,0.042279
11,CA1-ACC,expert,ACC,7,0.079049
11,CA1-ACC,expert,ACC,8,0.69826
11,CA1-ACC,expert,ACC,9,0.049208
11,CA1-ACC,expert,ACC,10,0.809388
11,CA1-ACC,expert,ACC,11,0.068255
11,CA1-ACC,expert,ACC,12,0.10225
11,CA1-ACC,expert,ACC,13,0.081811
11,CA1-ACC,expert,ACC,14,0.082869
11,CA1-ACC,expert,ACC,15,0.034193
11,CA1-ACC,expert,ACC,16,0.163838
11,CA1-ACC,expert,ACC,17,0.040027
11,CA1-ACC,expert,ACC,18,0.852899
11,CA1-ACC,expert,ACC,19,0.108201
11,CA1-ACC,expert,ACC,20,0.050004
11,CA1-ACC,expert,ACC,21,0.1963
11,CA1-ACC,expert,ACC,22,0.056488
11,CA1-ACC,expert,ACC,23,0.18083
11,CA1-ACC,expert,ACC,24,0.043507
11,CA1-ACC,expert,ACC,25,0.051997
11,CA1-ACC,expert,ACC,26,0.054383
11,CA1-ACC,expert,ACC,27,0.234373
11,CA1-ACC,expert,ACC,28,0.569006
11,CA1-ACC,expert,ACC,29,0.837749
11,CA1-ACC,expert,ACC,30,0.057934
11,CA1-ACC,expert,ACC,31,0.081336
11,CA1-ACC,expert,ACC,32,0.670892
11,CA1-ACC,expert,ACC,33,0.787111
11,CA1-ACC,expert,ACC,34,0.128165
11,CA1-ACC,expert,ACC,35,0.998917
11,CA1-ACC,expert,ACC,36,0.119695
11,CA1-ACC,expert,ACC,37,0.083444
11,CA1-ACC,expert,ACC,38,0.848415
11,CA1-ACC,expert,ACC,39,0.799651
11,CA1-ACC,expert,ACC,40,0.548965
11,CA1-ACC,expert,ACC,41,0.171759
11,CA1-ACC,expert,ACC,42,0.033738
11,CA1-ACC,expert,ACC,43,0.02177
11,CA1-ACC,expert,ACC,44,0.067967
11,CA1-ACC,expert,ACC,45,0.023668
11,CA1-ACC,expert,ACC,46,0.046766
11,CA1-ACC,expert,ACC,47,0.880452
11,CA1-ACC,expert,ACC,48,0.763626
11,CA1-ACC,expert,ACC,49,0.067597
11,CA1-ACC,expert,ACC,50,0.039016
11,CA1-ACC,expert,ACC,51,0.216091
11,CA1-ACC,expert,ACC,52,0.033126
11,CA1-ACC,expert,ACC,53,0.709185
11,CA1-ACC,expert,ACC,54,0.017646
11,CA1-ACC,expert,ACC,55,0.950617
11,CA1-ACC,expert,ACC,56,0.850954
11,CA1-ACC,expert,ACC,57,0.051484
11,CA1-ACC,expert,ACC,58,0.727972
11,CA1-ACC,expert,ACC,59,0.896294
11,CA1-ACC,expert,ACC,60,0.909672
11,CA1-V1,naive,CA1,0,2.679153
11,CA1-V1,naive,CA1,1,1.369986
11,CA1-V1,naive,CA1,2,1.798254
11,CA1-V1,naive,CA1,3,1.647464
11,CA1-V1,naive,CA1,4,1.983327
11,CA1-V1,naive,CA1,5,0.06237
11,CA1-V1,naive,CA1,6,3.773007
11,CA1-V1,naive,CA1,7,1.036669
11,CA1-V1,naive,CA1,8,1.895585
11,CA1-V1,naive,CA1,9,0.924834
11,CA1-V1,naive,CA1,10,1.174726
11,CA1-V1,naive,CA1,11,0.0
11,CA1-V1,naive,CA1,12,0.589807
11,CA1-V1,naive,CA1,13,1.185066
11,CA1-V1,naive,CA1,14,1.12998
11,CA1-V1,naive,CA1,15,1.51328
11,CA1-V1,naive,CA1,16,0.927106
11,CA1-V1,naive,CA1,17,1.077345
11,CA1-V1,naive,CA1,18,1.267331
11,CA1-V1,naive,CA1,19,0.554733
11,CA1-V1,naive,CA1,20,0.414695
11,CA1-V1,naive,CA1,21,0.839168
11,CA1-V1,naive,V1,0,0.027631
11,CA1-V1,naive,V1,1,0.774423
11,CA1-V1,naive,V1,2,1.055625
11,CA1-V1,naive,V1,3,0.162889
11,CA1-V1,naive,V1,4,0.948816
11,CA1-V1,naive,V1,5,0.067484
11,CA1-V1,naive,V1,6,0.148004
11,CA1-V1,naive,V1,7,1.001623
11,CA1-V1,naive,V1,8,0.677675
11,CA1-V1,naive,V1,9,0.381214
11,CA1-V1,naive,V1,10,0.679871
11,CA1-V1,naive,V1,11,0.926509
11,CA1-V1,naive,V1,12,0.054216
11,CA1-V1,naive,V1,13,0.772242
11,CA1-V1,naive,V1,14,0.049496
11,CA1-V1,naive,V1,15,1.080338
11,CA1-V1,naive,V1,16,0.09207
11,CA1-V1,naive,V1,17,0.047291
11,CA1-V1,naive,V1,18,0.065614
11,CA1-V1,naive,V1,19,0.967384
11,CA1-V1,naive,V1,20,0.004334
11,CA1-V1,naive,V1,21,0.068501
11,CA1-V1,naive,V1,22,0.020552
11,CA1-V1,naive,V1,23,0.010753
11,CA1-V1,naive,V1,24,0.052385
11,CA1-V1,naive,V1,25,0.085438
11,CA1-V1,naive,V1,26,0.0143
11,CA1-V1,naive,V1,27,0.018787
11,CA1-V1,naive,V1,28,0.535285
11,CA1-V1,naive,V1,29,0.588025
11,CA1-V1,naive,V1,30,0.62658
11,CA1-V1,naive,V1,31,0.174132
11,CA1-V1,naive,V1,32,1.04472
11,CA1-V1,naive,V1,33,1.090214
11,CA1-V1,naive,V1,34,0.091008
11,CA1-V1,naive,V1,35,0.162146
11,CA1-V1,naive,V1,36,0.082619
11,CA1-V1,naive,V1,37,0.018273
11,CA1-V1,naive,V1,38,0.02315
11,CA1-V1,naive,V1,39,0.099316
11,CA1-V1,naive,V1,40,0.002695
11,CA1-V1,naive,V1,41,0.023243
11,CA1-V1,naive,V1,42,0.894456
11,CA1-V1,naive,V1,43,0.027291
11,CA1-V1,naive,V1,44,0.044678
11,CA1-V1,naive,V1,45,0.833995
11,CA1-V1,naive,V1,46,1.063445
11,CA1-V1,naive,V1,47,0.024235
11,CA1-V1,naive,V1,48,0.010875
11,CA1-V1,naive,V1,49,0.017628
11,CA1-V1,naive,V1,50,0.118275
11,CA1-V1,naive,V1,51,0.024752
11,CA1-V1,naive,V1,52,0.097389
11,CA1-V1,naive,V1,53,1.06929
11,CA1-V1,intermediate,CA1,0,0.813146
11,CA1-V1,intermediate,CA1,1,1.186188
11,CA1-V1,intermediate,CA1,2,0.726361
11,CA1-V1,intermediate,CA1,3,0.65821
11,CA1-V1,intermediate,CA1,4,0.005338
11,CA1-V1,intermediate,CA1,5,0.019975
11,CA1-V1,intermediate,CA1,6,1.176414
11,CA1-V1,intermediate,CA1,7,0.993224
11,CA1-V1,intermediate,CA1,8,0.69061
11,CA1-V1,intermediate,CA1,9,0.923132
11,CA1-V1,intermediate,CA1,10,1.374649
11,CA1-V1,intermediate,CA1,11,1.965661
11,CA1-V1,intermediate,CA1,12,1.363031
11,CA1-V1,intermediate,CA1,13,0.753952
11,CA1-V1,intermediate,CA1,14,1.149877
11,CA1-V1,intermediate,CA1,15,0.729519
11,CA1-V1,intermediate,CA1,16,1.256052
11,CA1-V1,intermediate,CA1,17,0.935899
11,CA1-V1,intermediate,CA1,18,1.427194
11,CA1-V1,intermediate,CA1,19,1.192886
11,CA1-V1,intermediate,CA1,20,2.201272
11,CA1-V1,intermediate,CA1,21,1.260623
11,CA1-V1,intermediate,V1,0,0.874524
11,CA1-V1,intermediate,V1,1,0.968093
11,CA1-V1,intermediate,V1,2,0.490371
11,CA1-V1,intermediate,V1,3,0.724827
11,CA1-V1,intermediate,V1,4,0.915293
11,CA1-V1,intermediate,V1,5,0.896316
11,CA1-V1,intermediate,V1,6,0.304954
11,CA1-V1,intermediate,V1,7,0.981381
11,CA1-V1,intermediate,V1,8,0.075091
11,CA1-V1,intermediate,V1,9,0.018195
11,CA1-V1,intermediate,V1,10,0.185595
11,CA1-V1,intermediate,V1,11,0.102395
11,CA1-V1,intermediate,V1,12,0.096071
11,CA1-V1,intermediate,V1,13,0.126763
11,CA1-V1,intermediate,V1,14,0.926421
11,CA1-V1,intermediate,V1,15,0.990642
11,CA1-V1,intermediate,V1,16,0.204649
11,CA1-V1,intermediate,V1,17,0.075114
11,CA1-V1,intermediate,V1,18,0.988137
11,CA1-V1,intermediate,V1,19,0.288089
11,CA1-V1,intermediate,V1,20,0.413257
11,CA1-V1,intermediate,V1,21,0.949429
11,CA1-V1,intermediate,V1,22,0.881889
11,CA1-V1,intermediate,V1,23,0.036498
11,CA1-V1,intermediate,V1,24,1.004195
11,CA1-V1,intermediate,V1,25,0.986944
11,CA1-V1,intermediate,V1,26,0.037419
11,CA1-V1,intermediate,V1,27,0.176618
11,CA1-V1,intermediate,V1,28,0.919199
11,CA1-V1,intermediate,V1,29,0.022499
11,CA1-V1,intermediate,V1,30,0.732392
11,CA1-V1,intermediate,V1,31,0.018352
11,CA1-V1,intermediate,V1,32,0.952726
11,CA1-V1,intermediate,V1,33,0.153894
11,CA1-V1,intermediate,V1,34,0.028014
11,CA1-V1,intermediate,V1,35,0.123731
11,CA1-V1,intermediate,V1,36,0.301961
11,CA1-V1,intermediate,V1,37,0.100379
11,CA1-V1,intermediate,V1,38,0.034616
11,CA1-V1,intermediate,V1,39,0.328661
11,CA1-V1,intermediate,V1,40,0.036962
11,CA1-V1,intermediate,V1,41,0.837001
11,CA1-V1,intermediate,V1,42,0.162189
11,CA1-V1,intermediate,V1,43,0.243442
11,CA1-V1,intermediate,V1,44,0.029498
11,CA1-V1,intermediate,V1,45,0.957325
11,CA1-V1,intermediate,V1,46,0.986907
11,CA1-V1,intermediate,V1,47,0.914605
11,CA1-V1,intermediate,V1,48,0.037958
11,CA1-V1,intermediate,V1,49,0.085441
11,CA1-V1,intermediate,V1,50,0.793638
11,CA1-V1,intermediate,V1,51,0.1096
11,CA1-V1,intermediate,V1,52,0.123024
11,CA1-V1,intermediate,V1,53,0.079734
11,CA1-V1,expert,CA1,0,0.73667
11,CA1-V1,expert,CA1,1,1.142784
11,CA1-V1,expert,CA1,2,0.760586
11,CA1-V1,expert,CA1,3,0.741218
11,CA1-V1,expert,CA1,4,0.922045
11,CA1-V1,expert,CA1,5,2.072636
11,CA1-V1,expert,CA1,6,1.04799
11,CA1-V1,expert,CA1,7,1.031326
11,CA1-V1,expert,CA1,8,0.782416
11,CA1-V1,expert,CA1,9,1.097637
11,CA1-V1,expert,CA1,10,0.912663
11,CA1-V1,expert,CA1,11,0.044079
11,CA1-V1,expert,CA1,12,1.409198
11,CA1-V1,expert,CA1,13,0.96158
11,CA1-V1,expert,CA1,14,0.808558
11,CA1-V1,expert,CA1,15,0.700582
11,CA1-V1,expert,CA1,16,1.3465
11,CA1-V1,expert,CA1,17,1.014
11,CA1-V1,expert,CA1,18,1.146599
11,CA1-V1,expert,CA1,19,1.241138
11,CA1-V1,expert,CA1,20,0.770488
11,CA1-V1,expert,CA1,21,1.361924
11,CA1-V1,expert,V1,0,0.73037
11,CA1-V1,expert,V1,1,0.31018
11,CA1-V1,expert,V1,2,0.195428
11,CA1-V1,expert,V1,3,0.443187
11,CA1-V1,expert,V1,4,0.95844
11,CA1-V1,expert,V1,5,0.887404
11,CA1-V1,expert,V1,6,0.955657
11,CA1-V1,expert,V1,7,0.151722
11,CA1-V1,expert,V1,8,0.079164
11,CA1-V1,expert,V1,9,0.024487
11,CA1-V1,expert,V1,10,0.096834
11,CA1-V1,expert,V1,11,0.094478
11,CA1-V1,expert,V1,12,0.161563
11,CA1-V1,expert,V1,13,0.092283
11,CA1-V1,expert,V1,14,0.656611
11,CA1-V1,expert,V1,15,0.139599
11,CA1-V1,expert,V1,16,0.192373
11,CA1-V1,expert,V1,17,0.177815
11,CA1-V1,expert,V1,18,0.927653
11,CA1-V1,expert,V1,19,0.217689
11,CA1-V1,expert,V1,20,1.018815
11,CA1-V1,expert,V1,21,0.974618
11,CA1-V1,expert,V1,22,0.920343
11,CA1-V1,expert,V1,23,0.041483
11,CA1-V1,expert,V1,24,0.981591
11,CA1-V1,expert,V1,25,0.97903
11,CA1-V1,expert,V1,26,0.027421
11,CA1-V1,expert,V1,27,0.312724
11,CA1-V1,expert,V1,28,0.26469
11,CA1-V1,expert,V1,29,0.073703
11,CA1-V1,expert,V1,30,0.108735
11,CA1-V1,expert,V1,31,0.013144
11,CA1-V1,expert,V1,32,0.969349
11,CA1-V1,expert,V1,33,0.962998
11,CA1-V1,expert,V1,34,0.025187
11,CA1-V1,expert,V1,35,0.999413
11,CA1-V1,expert,V1,36,0.325087
11,CA1-V1,expert,V1,37,0.867712
11,CA1-V1,expert,V1,38,0.938494
11,CA1-V1,expert,V1,39,0.858962
11,CA1-V1,expert,V1,40,1.041344
11,CA1-V1,expert,V1,41,0.868126
11,CA1-V1,expert,V1,42,0.115784
11,CA1-V1,expert,V1,43,0.026192
11,CA1-V1,expert,V1,44,0.011801
11,CA1-V1,expert,V1,45,0.050413
11,CA1-V1,expert,V1,46,0.91124
11,CA1-V1,expert,V1,47,0.029957
11,CA1-V1,expert,V1,48,0.027503
11,CA1-V1,expert,V1,49,0.051102
11,CA1-V1,expert,V1,50,0.45406
11,CA1-V1,expert,V1,51,0.04771
11,CA1-V1,expert,V1,52,0.84888
11,CA1-V1,expert,V1,53,0.098219
13,CA1-V1,naive,CA1,0,0.715373
13,CA1-V1,naive,CA1,1,0.0
13,CA1-V1,naive,CA1,2,1.073255
13,CA1-V1,naive,CA1,3,2.05826
13,CA1-V1,naive,CA1,4,0.924571
13,CA1-V1,naive,CA1,5,0.82291
13,CA1-V1,naive,CA1,6,1.132873
13,CA1-V1,naive,CA1,7,0.977772
13,CA1-V1,naive,CA1,8,1.701389
13,CA1-V1,naive,CA1,9,7.216044
13,CA1-V1,naive,CA1,10,1.307236
13,CA1-V1,naive,CA1,11,0.807733
13,CA1-V1,naive,CA1,12,0.810241
13,CA1-V1,naive,CA1,13,2.876753
13,CA1-V1,naive,CA1,14,1.539509
13,CA1-V1,naive,CA1,15,2.207757
13,CA1-V1,naive,CA1,16,1.037184
13,CA1-V1,naive,CA1,17,0.837674
13,CA1-V1,naive,CA1,18,4.817968
13,CA1-V1,naive,CA1,19,0.703445
13,CA1-V1,naive,CA1,20,0.706971
13,CA1-V1,naive,V1,0,0.323703
13,CA1-V1,naive,V1,1,1.026175
13,CA1-V1,naive,V1,2,0.007358
13,CA1-V1,naive,V1,3,0.008058
13,CA1-V1,naive,V1,4,0.03254
13,CA1-V1,naive,V1,5,0.0
13,CA1-V1,naive,V1,6,0.254694
13,CA1-V1,naive,V1,7,0.121952
13,CA1-V1,naive,V1,8,0.65146
13,CA1-V1,naive,V1,9,1.090331
13,CA1-V1,naive,V1,10,0.154565
13,CA1-V1,naive,V1,11,0.026897
13,CA1-V1,naive,V1,12,0.089261
13,CA1-V1,naive,V1,13,0.59963
13,CA1-V1,naive,V1,14,0.013966
13,CA1-V1,naive,V1,15,0.026627
13,CA1-V1,naive,V1,16,0.060224
13,CA1-V1,naive,V1,17,1.058266
13,CA1-V1,naive,V1,18,0.021466
13,CA1-V1,naive,V1,19,1.080342
13,CA1-V1,naive,V1,20,0.090843
13,CA1-V1,naive,V1,21,0.921988
13,CA1-V1,naive,V1,22,0.031791
13,CA1-V1,naive,V1,23,0.666931
13,CA1-V1,naive,V1,24,0.164457
13,CA1-V1,naive,V1,25,0.946456
13,CA1-V1,naive,V1,26,0.961267
13,CA1-V1,naive,V1,27,0.155159
13,CA1-V1,naive,V1,28,0.75192
13,CA1-V1,naive,V1,29,0.023124
13,CA1-V1,naive,V1,30,0.917406
13,CA1-V1,naive,V1,31,0.006774
13,CA1-V1,naive,V1,32,0.060268
13,CA1-V1,naive,V1,33,1.129664
13,CA1-V1,naive,V1,34,0.9808
13,CA1-V1,naive,V1,35,1.013463
13,CA1-V1,naive,V1,36,1.007547
13,CA1-V1,naive,V1,37,0.035465
13,CA1-V1,naive,V1,38,0.567531
13,CA1-V1,naive,V1,39,0.605166
13,CA1-V1,naive,V1,40,0.624561
13,CA1-V1,naive,V1,41,0.0
13,CA1-V1,naive,V1,42,0.008371
13,CA1-V1,naive,V1,43,0.018618
13,CA1-V1,naive,V1,44,0.597058
13,CA1-V1,naive,V1,45,0.719434
13,CA1-V1,naive,V1,46,0.909377
13,CA1-V1,naive,V1,47,0.312543
13,CA1-V1,naive,V1,48,0.931998
13,CA1-V1,naive,V1,49,0.0
13,CA1-V1,naive,V1,50,0.010436
13,CA1-V1,naive,V1,51,1.118606
13,CA1-V1,naive,V1,52,0.040806
13,CA1-V1,naive,V1,53,0.152627
13,CA1-V1,naive,V1,54,0.03938
13,CA1-V1,naive,V1,55,0.025073
13,CA1-V1,naive,V1,56,0.084785
13,CA1-V1,intermediate,CA1,0,0.814921
13,CA1-V1,intermediate,CA1,1,0.0
13,CA1-V1,intermediate,CA1,2,1.069518
13,CA1-V1,intermediate,CA1,3,2.035336
13,CA1-V1,intermediate,CA1,4,0.957247
13,CA1-V1,intermediate,CA1,5,1.052973
13,CA1-V1,intermediate,CA1,6,0.825248
13,CA1-V1,intermediate,CA1,7,0.852762
13,CA1-V1,intermediate,CA1,8,1.328866
13,CA1-V1,intermediate,CA1,9,0.74633
13,CA1-V1,intermediate,CA1,10,1.03284
13,CA1-V1,intermediate,CA1,11,0.819466
13,CA1-V1,intermediate,CA1,12,0.826561
13,CA1-V1,intermediate,CA1,13,3.667926
13,CA1-V1,intermediate,CA1,14,0.0
13,CA1-V1,intermediate,CA1,15,2.413805
13,CA1-V1,intermediate,CA1,16,1.094832
13,CA1-V1,intermediate,CA1,17,0.559286
13,CA1-V1,intermediate,CA1,18,0.523344
13,CA1-V1,intermediate,CA1,19,0.698534
13,CA1-V1,intermediate,CA1,20,0.799145
13,CA1-V1,intermediate,V1,0,0.533877
13,CA1-V1,intermediate,V1,1,0.931212
13,CA1-V1,intermediate,V1,2,0.044527
13,CA1-V1,intermediate,V1,3,0.009216
13,CA1-V1,intermediate,V1,4,0.157462
13,CA1-V1,intermediate,V1,5,0.0
13,CA1-V1,intermediate,V1,6,0.109538
13,CA1-V1,intermediate,V1,7,0.009729
13,CA1-V1,intermediate,V1,8,0.91919
13,CA1-V1,intermediate,V1,9,0.097396
13,CA1-V1,intermediate,V1,10,0.030827
13,CA1-V1,intermediate,V1,11,0.042587
13,CA1-V1,intermediate,V1,12,0.035726
13,CA1-V1,intermediate,V1,13,0.268226
13,CA1-V1,intermediate,V1,14,0.012862
13,CA1-V1,intermediate,V1,15,0.823973
13,CA1-V1,intermediate,V1,16,0.021401
13,CA1-V1,intermediate,V1,17,0.926419
13,CA1-V1,intermediate,V1,18,0.033869
13,CA1-V1,intermediate,V1,19,0.954079
13,CA1-V1,intermediate,V1,20,0.041933
13,CA1-V1,intermediate,V1,21,0.14065
13,CA1-V1,intermediate,V1,22,0.444775
13,CA1-V1,intermediate,V1,23,0.303326
13,CA1-V1,intermediate,V1,24,0.88783
13,CA1-V1,intermediate,V1,25,0.822418
13,CA1-V1,intermediate,V1,26,0.874596
13,CA1-V1,intermediate,V1,27,0.188025
13,CA1-V1,intermediate,V1,28,0.815606
13,CA1-V1,intermediate,V1,29,0.074399
13,CA1-V1,intermediate,V1,30,0.335067
13,CA1-V1,intermediate,V1,31,0.805227
13,CA1-V1,intermediate,V1,32,1.009218
13,CA1-V1,intermediate,V1,33,0.372168
13,CA1-V1,intermediate,V1,34,0.901373
13,CA1-V1,intermediate,V1,35,0.860497
13,CA1-V1,intermediate,V1,36,0.909261
13,CA1-V1,intermediate,V1,37,0.025505
13,CA1-V1,intermediate,V1,38,0.751764
13,CA1-V1,intermediate,V1,39,0.10705
13,CA1-V1,intermediate,V1,40,0.770156
13,CA1-V1,intermediate,V1,41,0.003205
13,CA1-V1,intermediate,V1,42,0.01314
13,CA1-V1,intermediate,V1,43,0.007832
13,CA1-V1,intermediate,V1,44,0.995209
13,CA1-V1,intermediate,V1,45,0.038256
13,CA1-V1,intermediate,V1,46,0.915318
13,CA1-V1,intermediate,V1,47,0.373122
13,CA1-V1,intermediate,V1,48,1.010625
13,CA1-V1,intermediate,V1,49,0.004004
13,CA1-V1,intermediate,V1,50,0.00747
13,CA1-V1,intermediate,V1,51,1.00981
13,CA1-V1,intermediate,V1,52,0.029406
13,CA1-V1,intermediate,V1,53,0.066923
13,CA1-V1,intermediate,V1,54,0.049834
13,CA1-V1,intermediate,V1,55,0.114979
13,CA1-V1,intermediate,V1,56,0.110876
13,CA1-V1,expert,CA1,0,1.31738
13,CA1-V1,expert,CA1,1,0.027144
13,CA1-V1,expert,CA1,2,1.027486
13,CA1-V1,expert,CA1,3,2.437301
13,CA1-V1,expert,CA1,4,0.916805
13,CA1-V1,expert,CA1,5,1.04104
13,CA1-V1,expert,CA1,6,1.00652
13,CA1-V1,expert,CA1,7,0.877805
13,CA1-V1,expert,CA1,8,0.999312
13,CA1-V1,expert,CA1,9,0.407872
13,CA1-V1,expert,CA1,10,0.763669
13,CA1-V1,expert,CA1,11,0.892464
13,CA1-V1,expert,CA1,12,0.894202
13,CA1-V1,expert,CA1,13,1.382769
13,CA1-V1,expert,CA1,14,1.25561
13,CA1-V1,expert,CA1,15,2.036146
13,CA1-V1,expert,CA1,16,1.050225
13,CA1-V1,expert,CA1,17,0.698281
13,CA1-V1,expert,CA1,18,0.568096
13,CA1-V1,expert,CA1,19,0.841701
13,CA1-V1,expert,CA1,20,0.854722
13,CA1-V1,expert,V1,0,0.108651
13,CA1-V1,expert,V1,1,1.030333
13,CA1-V1,expert,V1,2,0.887053
13,CA1-V1,expert,V1,3,0.008139
13,CA1-V1,expert,V1,4,0.155254
13,CA1-V1,expert,V1,5,0.034319
13,CA1-V1,expert,V1,6,0.949111
13,CA1-V1,expert,V1,7,0.012928
13,CA1-V1,expert,V1,8,0.324578
13,CA1-V1,expert,V1,9,0.362156
13,CA1-V1,expert,V1,10,0.023181
13,CA1-V1,expert,V1,11,0.675597
13,CA1-V1,expert,V1,12,0.120541
13,CA1-V1,expert,V1,13,0.280925
13,CA1-V1,expert,V1,14,0.025
13,CA1-V1,expert,V1,15,0.736053
13,CA1-V1,expert,V1,16,0.028001
13,CA1-V1,expert,V1,17,0.612143
13,CA1-V1,expert,V1,18,0.054051
13,CA1-V1,expert,V1,19,0.067104
13,CA1-V1,expert,V1,20,0.075169
13,CA1-V1,expert,V1,21,0.057819
13,CA1-V1,expert,V1,22,0.36176
13,CA1-V1,expert,V1,23,0.753061
13,CA1-V1,expert,V1,24,0.665413
13,CA1-V1,expert,V1,25,0.887845
13,CA1-V1,expert,V1,26,0.983573
13,CA1-V1,expert,V1,27,0.122905
13,CA1-V1,expert,V1,28,0.932215
13,CA1-V1,expert,V1,29,0.026079
13,CA1-V1,expert,V1,30,0.045743
13,CA1-V1,expert,V1,31,0.441756
13,CA1-V1,expert,V1,32,0.105716
13,CA1-V1,expert,V1,33,0.218799
13,CA1-V1,expert,V1,34,0.963774
13,CA1-V1,expert,V1,35,0.849234
13,CA1-V1,expert,V1,36,0.905258
13,CA1-V1,expert,V1,37,0.03602
13,CA1-V1,expert,V1,38,0.030043
13,CA1-V1,expert,V1,39,0.05016
13,CA1-V1,expert,V1,40,0.713138
13,CA1-V1,expert,V1,41,0.021283
13,CA1-V1,expert,V1,42,0.023064
13,CA1-V1,expert,V1,43,0.024203
13,CA1-V1,expert,V1,44,0.238625
13,CA1-V1,expert,V1,45,1.039537
13,CA1-V1,expert,V1,46,0.896724
13,CA1-V1,expert,V1,47,0.88009
13,CA1-V1,expert,V1,48,0.883975
13,CA1-V1,expert,V1,49,0.017187
13,CA1-V1,expert,V1,50,0.016307
13,CA1-V1,expert,V1,51,0.894027
13,CA1-V1,expert,V1,52,0.02737
13,CA1-V1,expert,V1,53,0.975846
13,CA1-V1,expert,V1,54,0.12768
13,CA1-V1,expert,V1,55,0.043712
13,CA1-V1,expert,V1,56,0.631057
14,DMS-DLS,naive,DMS,0,0.548745
14,DMS-DLS,naive,DMS,1,1.537945
14,DMS-DLS,naive,DMS,2,0.647233
14,DMS-DLS,naive,DMS,3,0.382019
14,DMS-DLS,naive,DMS,4,0.544311
14,DMS-DLS,naive,DMS,5,0.890804
14,DMS-DLS,naive,DMS,6,0.688428
14,DMS-DLS,naive,DMS,7,0.733835
14,DMS-DLS,naive,DMS,8,0.639766
14,DMS-DLS,naive,DMS,9,0.732232
14,DMS-DLS,naive,DMS,10,0.543004
14,DMS-DLS,naive,DMS,11,0.009428
14,DMS-DLS,naive,DMS,12,0.0
14,DMS-DLS,naive,DMS,13,0.0
14,DMS-DLS,naive,DMS,14,0.396542
14,DMS-DLS,naive,DMS,15,0.000905
14,DMS-DLS,naive,DMS,16,0.010217
14,DMS-DLS,naive,DMS,17,0.945928
14,DMS-DLS,naive,DMS,18,0.682514
14,DMS-DLS,naive,DMS,19,0.32753
14,DMS-DLS,naive,DMS,20,0.196626
14,DMS-DLS,naive,DMS,21,0.830552
14,DMS-DLS,naive,DMS,22,0.710648
14,DMS-DLS,naive,DMS,23,1.26986
14,DMS-DLS,naive,DMS,24,0.380457
14,DMS-DLS,naive,DMS,25,0.026866
14,DMS-DLS,naive,DMS,26,0.827423
14,DMS-DLS,naive,DMS,27,0.634726
14,DMS-DLS,naive,DMS,28,0.0903
14,DMS-DLS,naive,DLS,0,3.157284
14,DMS-DLS,naive,DLS,1,0.968239
14,DMS-DLS,naive,DLS,2,0.800442
14,DMS-DLS,naive,DLS,3,1.823611
14,DMS-DLS,naive,DLS,4,0.959643
14,DMS-DLS,naive,DLS,5,0.905361
14,DMS-DLS,naive,DLS,6,2.657423
14,DMS-DLS,naive,DLS,7,1.126137
14,DMS-DLS,naive,DLS,8,1.032461
14,DMS-DLS,naive,DLS,9,0.972078
14,DMS-DLS,naive,DLS,10,1.032581
14,DMS-DLS,naive,DLS,11,1.06122
14,DMS-DLS,naive,DLS,12,1.308069
14,DMS-DLS,intermediate,DMS,0,0.648047
14,DMS-DLS,intermediate,DMS,1,1.481738
14,DMS-DLS,intermediate,DMS,2,1.164446
14,DMS-DLS,intermediate,DMS,3,1.501379
14,DMS-DLS,intermediate,DMS,4,0.9164
14,DMS-DLS,intermediate,DMS,5,0.954044
14,DMS-DLS,intermediate,DMS,6,1.693181
14,DMS-DLS,intermediate,DMS,7,0.703148
14,DMS-DLS,intermediate,DMS,8,0.869804
14,DMS-DLS,intermediate,DMS,9,0.607608
14,DMS-DLS,intermediate,DMS,10,1.07098
14,DMS-DLS,intermediate,DMS,11,0.772472
14,DMS-DLS,intermediate,DMS,12,0.0
14,DMS-DLS,intermediate,DMS,13,0.007263
14,DMS-DLS,intermediate,DMS,14,0.496276
14,DMS-DLS,intermediate,DMS,15,0.0
14,DMS-DLS,intermediate,DMS,16,0.0
14,DMS-DLS,intermediate,DMS,17,0.01025
14,DMS-DLS,intermediate,DMS,18,0.008298
14,DMS-DLS,intermediate,DMS,19,0.0
14,DMS-DLS,intermediate,DMS,20,0.0
14,DMS-DLS,intermediate,DMS,21,0.0
14,DMS-DLS,intermediate,DMS,22,0.613141
14,DMS-DLS,intermediate,DMS,23,0.662497
14,DMS-DLS,intermediate,DMS,24,1.879107
14,DMS-DLS,intermediate,DMS,25,1.928275
14,DMS-DLS,intermediate,DMS,26,0.782376
14,DMS-DLS,intermediate,DMS,27,0.741111
14,DMS-DLS,intermediate,DMS,28,0.770896
14,DMS-DLS,intermediate,DLS,0,2.034214
14,DMS-DLS,intermediate,DLS,1,1.217521
14,DMS-DLS,intermediate,DLS,2,0.0
14,DMS-DLS,intermediate,DLS,3,1.511321
14,DMS-DLS,intermediate,DLS,4,1.220651
14,DMS-DLS,intermediate,DLS,5,0.907812
14,DMS-DLS,intermediate,DLS,6,2.988744
14,DMS-DLS,intermediate,DLS,7,1.04758
14,DMS-DLS,intermediate,DLS,8,0.999047
14,DMS-DLS,intermediate,DLS,9,1.007811
14,DMS-DLS,intermediate,DLS,10,2.948139
14,DMS-DLS,intermediate,DLS,11,1.127139
14,DMS-DLS,intermediate,DLS,12,1.074707
14,DMS-DLS,expert,DMS,0,0.0
14,DMS-DLS,expert,DMS,1,1.10166
14,DMS-DLS,expert,DMS,2,0.930755
14,DMS-DLS,expert,DMS,3,0.675672
14,DMS-DLS,expert,DMS,4,0.8654
14,DMS-DLS,expert,DMS,5,0.904968
14,DMS-DLS,expert,DMS,6,0.316845
14,DMS-DLS,expert,DMS,7,0.515112
14,DMS-DLS,expert,DMS,8,0.967079
14,DMS-DLS,expert,DMS,9,0.820934
14,DMS-DLS,expert,DMS,10,1.668371
14,DMS-DLS,expert,DMS,11,0.495399
14,DMS-DLS,expert,DMS,12,0.0
14,DMS-DLS,expert,DMS,13,0.0
14,DMS-DLS,expert,DMS,14,1.562502
14,DMS-DLS,expert,DMS,15,1.380553
14,DMS-DLS,expert,DMS,16,0.007852
14,DMS-DLS,expert,DMS,17,0.768917
14,DMS-DLS,expert,DMS,18,1.248633
14,DMS-DLS,expert,DMS,19,0.0
14,DMS-DLS,expert,DMS,20,0.0
14,DMS-DLS,expert,DMS,21,0.0
14,DMS-DLS,expert,DMS,22,0.809288
14,DMS-DLS,expert,DMS,23,1.044585
14,DMS-DLS,expert,DMS,24,1.181067
14,DMS-DLS,expert,DMS,25,1.936041
14,DMS-DLS,expert,DMS,26,0.732131
14,DMS-DLS,expert,DMS,27,0.003096
14,DMS-DLS,expert,DMS,28,0.004294
14,DMS-DLS,expert,DLS,0,1.00623
14,DMS-DLS,expert,DLS,1,1.200994
14,DMS-DLS,expert,DLS,2,1.038349
14,DMS-DLS,expert,DLS,3,0.746908
14,DMS-DLS,expert,DLS,4,1.091517
14,DMS-DLS,expert,DLS,5,2.346993
14,DMS-DLS,expert,DLS,6,2.675684
14,DMS-DLS,expert,DLS,7,0.974486
14,DMS-DLS,expert,DLS,8,1.014347
14,DMS-DLS,expert,DLS,9,1.013526
14,DMS-DLS,expert,DLS,10,3.33532
14,DMS-DLS,expert,DLS,11,0.944634
14,DMS-DLS,expert,DLS,12,0.539665
14,DMS-ACC,naive,DMS,0,0.172312
14,DMS-ACC,naive,DMS,1,1.496613
14,DMS-ACC,naive,DMS,2,0.468688
14,DMS-ACC,naive,DMS,3,0.460538
14,DMS-ACC,naive,DMS,4,0.644046
14,DMS-ACC,naive,DMS,5,0.817483
14,DMS-ACC,naive,DMS,6,1.656549
14,DMS-ACC,naive,DMS,7,0.826846
14,DMS-ACC,naive,DMS,8,0.672703
14,DMS-ACC,naive,DMS,9,1.006529
14,DMS-ACC,naive,DMS,10,0.672207
14,DMS-ACC,naive,DMS,11,0.011565
14,DMS-ACC,naive,DMS,12,0.0
14,DMS-ACC,naive,DMS,13,0.0
14,DMS-ACC,naive,DMS,14,0.460973
14,DMS-ACC,naive,DMS,15,0.001036
14,DMS-ACC,naive,DMS,16,0.014853
14,DMS-ACC,naive,DMS,17,0.210103
14,DMS-ACC,naive,DMS,18,0.614707
14,DMS-ACC,naive,DMS,19,0.240651
14,DMS-ACC,naive,DMS,20,0.195908
14,DMS-ACC,naive,DMS,21,0.366142
14,DMS-ACC,naive,DMS,22,0.655379
14,DMS-ACC,naive,DMS,23,1.213035
14,DMS-ACC,naive,DMS,24,0.440984
14,DMS-ACC,naive,DMS,25,0.043144
14,DMS-ACC,naive,DMS,26,1.113464
14,DMS-ACC,naive,DMS,27,0.523566
14,DMS-ACC,naive,DMS,28,0.102269
14,DMS-ACC,naive,ACC,0,0.0
14,DMS-ACC,naive,ACC,1,0.0
14,DMS-ACC,naive,ACC,2,1.725658
14,DMS-ACC,naive,ACC,3,6.284097
14,DMS-ACC,naive,ACC,4,0.0
14,DMS-ACC,naive,ACC,5,0.884335
14,DMS-ACC,naive,ACC,6,2.726201
14,DMS-ACC,naive,ACC,7,6.267591
14,DMS-ACC,naive,ACC,8,0.0
14,DMS-ACC,naive,ACC,9,2.467931
14,DMS-ACC,naive,ACC,10,3.349861
14,DMS-ACC,naive,ACC,11,1.160849
14,DMS-ACC,naive,ACC,12,2.071937
14,DMS-ACC,naive,ACC,13,1.393738
14,DMS-ACC,naive,ACC,14,0.0
14,DMS-ACC,naive,ACC,15,0.0
14,DMS-ACC,naive,ACC,16,0.0
14,DMS-ACC,naive,ACC,17,2.699484
14,DMS-ACC,naive,ACC,18,0.791293
14,DMS-ACC,naive,ACC,19,0.0
14,DMS-ACC,naive,ACC,20,1.506187
14,DMS-ACC,intermediate,DMS,0,0.55316
14,DMS-ACC,intermediate,DMS,1,1.818632
14,DMS-ACC,intermediate,DMS,2,1.340611
14,DMS-ACC,intermediate,DMS,3,1.109867
14,DMS-ACC,intermediate,DMS,4,0.972413
14,DMS-ACC,intermediate,DMS,5,1.00644
14,DMS-ACC,intermediate,DMS,6,1.734296
14,DMS-ACC,intermediate,DMS,7,0.92039
14,DMS-ACC,intermediate,DMS,8,1.049405
14,DMS-ACC,intermediate,DMS,9,0.781096
14,DMS-ACC,intermediate,DMS,10,1.258558
14,DMS-ACC,intermediate,DMS,11,1.007354
14,DMS-ACC,intermediate,DMS,12,0.0
14,DMS-ACC,intermediate,DMS,13,0.012339
14,DMS-ACC,intermediate,DMS,14,0.964238
14,DMS-ACC,intermediate,DMS,15,0.0
14,DMS-ACC,intermediate,DMS,16,0.0
14,DMS-ACC,intermediate,DMS,17,0.017815
14,DMS-ACC,intermediate,DMS,18,0.010156
14,DMS-ACC,intermediate,DMS,19,0.0
14,DMS-ACC,intermediate,DMS,20,0.0
14,DMS-ACC,intermediate,DMS,21,0.0
14,DMS-ACC,intermediate,DMS,22,0.630133
14,DMS-ACC,intermediate,DMS,23,1.191252
14,DMS-ACC,intermediate,DMS,24,2.003193
14,DMS-ACC,intermediate,DMS,25,2.861427
14,DMS-ACC,intermediate,DMS,26,1.177973
14,DMS-ACC,intermediate,DMS,27,1.634986
14,DMS-ACC,intermediate,DMS,28,1.915676
14,DMS-ACC,intermediate,ACC,0,1.256729
14,DMS-ACC,intermediate,ACC,1,1.512899
14,DMS-ACC,intermediate,ACC,2,1.234084
14,DMS-ACC,intermediate,ACC,3,4.422533
14,DMS-ACC,intermediate,ACC,4,0.0
14,DMS-ACC,intermediate,ACC,5,0.0
14,DMS-ACC,intermediate,ACC,6,0.930227
14,DMS-ACC,intermediate,ACC,7,0.927873
14,DMS-ACC,intermediate,ACC,8,2.034035
14,DMS-ACC,intermediate,ACC,9,1.308342
14,DMS-ACC,intermediate,ACC,10,2.052224
14,DMS-ACC,intermediate,ACC,11,1.106669
14,DMS-ACC,intermediate,ACC,12,1.814983
14,DMS-ACC,intermediate,ACC,13,0.965972
14,DMS-ACC,intermediate,ACC,14,3.121947
14,DMS-ACC,intermediate,ACC,15,0.0
14,DMS-ACC,intermediate,ACC,16,2.066602
14,DMS-ACC,intermediate,ACC,17,4.287194
14,DMS-ACC,intermediate,ACC,18,0.0
14,DMS-ACC,intermediate,ACC,19,0.767553
14,DMS-ACC,intermediate,ACC,20,1.329467
14,DMS-ACC,expert,DMS,0,0.0
14,DMS-ACC,expert,DMS,1,1.000707
14,DMS-ACC,expert,DMS,2,1.595142
14,DMS-ACC,expert,DMS,3,1.006005
14,DMS-ACC,expert,DMS,4,0.958629
14,DMS-ACC,expert,DMS,5,1.015276
14,DMS-ACC,expert,DMS,6,0.368014
14,DMS-ACC,expert,DMS,7,0.542454
14,DMS-ACC,expert,DMS,8,1.066057
14,DMS-ACC,expert,DMS,9,0.845394
14,DMS-ACC,expert,DMS,10,1.927949
14,DMS-ACC,expert,DMS,11,0.527437
14,DMS-ACC,expert,DMS,12,0.0
14,DMS-ACC,expert,DMS,13,0.0
14,DMS-ACC,expert,DMS,14,0.998613
14,DMS-ACC,expert,DMS,15,1.358517
14,DMS-ACC,expert,DMS,16,0.004273
14,DMS-ACC,expert,DMS,17,0.911483
14,DMS-ACC,expert,DMS,18,2.394426
14,DMS-ACC,expert,DMS,19,0.0
14,DMS-ACC,expert,DMS,20,0.0
14,DMS-ACC,expert,DMS,21,0.0
14,DMS-ACC,expert,DMS,22,0.814792
14,DMS-ACC,expert,DMS,23,1.059613
14,DMS-ACC,expert,DMS,24,0.766981
14,DMS-ACC,expert,DMS,25,1.793774
14,DMS-ACC,expert,DMS,26,0.984228
14,DMS-ACC,expert,DMS,27,0.003918
14,DMS-ACC,expert,DMS,28,0.004619
14,DMS-ACC,expert,ACC,0,1.444848
14,DMS-ACC,expert,ACC,1,1.538445
14,DMS-ACC,expert,ACC,2,0.826312
14,DMS-ACC,expert,ACC,3,1.358409
14,DMS-ACC,expert,ACC,4,0.0
14,DMS-ACC,expert,ACC,5,0.0
14,DMS-ACC,expert,ACC,6,1.098818
14,DMS-ACC,expert,ACC,7,1.443009
14,DMS-ACC,expert,ACC,8,0.823894
14,DMS-ACC,expert,ACC,9,1.089073
14,DMS-ACC,expert,ACC,10,1.078225
14,DMS-ACC,expert,ACC,11,1.117265
14,DMS-ACC,expert,ACC,12,1.818553
14,DMS-ACC,expert,ACC,13,0.920939
14,DMS-ACC,expert,ACC,14,0.0
14,DMS-ACC,expert,ACC,15,0.0
14,DMS-ACC,expert,ACC,16,1.142841
14,DMS-ACC,expert,ACC,17,2.253281
14,DMS-ACC,expert,ACC,18,0.0
14,DMS-ACC,expert,ACC,19,1.611242
14,DMS-ACC,expert,ACC,20,1.481063
14,DLS-ACC,naive,DLS,0,3.158253
14,DLS-ACC,naive,DLS,1,0.967558
14,DLS-ACC,naive,DLS,2,0.800652
14,DLS-ACC,naive,DLS,3,1.824286
14,DLS-ACC,naive,DLS,4,0.960335
14,DLS-ACC,naive,DLS,5,0.907305
14,DLS-ACC,naive,DLS,6,2.657706
14,DLS-ACC,naive,DLS,7,1.127162
14,DLS-ACC,naive,DLS,8,1.034611
14,DLS-ACC,naive,DLS,9,0.976064
14,DLS-ACC,naive,DLS,10,1.033888
14,DLS-ACC,naive,DLS,11,1.071347
14,DLS-ACC,naive,DLS,12,1.308168
14,DLS-ACC,naive,ACC,0,0.0
14,DLS-ACC,naive,ACC,1,0.0
14,DLS-ACC,naive,ACC,2,1.914324
14,DLS-ACC,naive,ACC,3,6.362401
14,DLS-ACC,naive,ACC,4,0.0
14,DLS-ACC,naive,ACC,5,0.885149
14,DLS-ACC,naive,ACC,6,2.734838
14,DLS-ACC,naive,ACC,7,6.267796
14,DLS-ACC,naive,ACC,8,0.0
14,DLS-ACC,naive,ACC,9,2.470927
14,DLS-ACC,naive,ACC,10,3.351407
14,DLS-ACC,naive,ACC,11,1.161402
14,DLS-ACC,naive,ACC,12,2.089178
14,DLS-ACC,naive,ACC,13,1.391883
14,DLS-ACC,naive,ACC,14,0.0
14,DLS-ACC,naive,ACC,15,0.0
14,DLS-ACC,naive,ACC,16,0.0
14,DLS-ACC,naive,ACC,17,2.697684
14,DLS-ACC,naive,ACC,18,0.791312
14,DLS-ACC,naive,ACC,19,0.0
14,DLS-ACC,naive,ACC,20,1.51319
14,DLS-ACC,intermediate,DLS,0,2.033496
14,DLS-ACC,intermediate,DLS,1,1.218221
14,DLS-ACC,intermediate,DLS,2,0.0
14,DLS-ACC,intermediate,DLS,3,1.514526
14,DLS-ACC,intermediate,DLS,4,1.222179
14,DLS-ACC,intermediate,DLS,5,0.910113
14,DLS-ACC,intermediate,DLS,6,3.0016
14,DLS-ACC,intermediate,DLS,7,1.050054
14,DLS-ACC,intermediate,DLS,8,0.999758
14,DLS-ACC,intermediate,DLS,9,1.008402
14,DLS-ACC,intermediate,DLS,10,2.959018
14,DLS-ACC,intermediate,DLS,11,1.128366
14,DLS-ACC,intermediate,DLS,12,1.074761
14,DLS-ACC,intermediate,ACC,0,0.669604
14,DLS-ACC,intermediate,ACC,1,0.857839
14,DLS-ACC,intermediate,ACC,2,1.030597
14,DLS-ACC,intermediate,ACC,3,2.810318
14,DLS-ACC,intermediate,ACC,4,0.0
14,DLS-ACC,intermediate,ACC,5,0.0
14,DLS-ACC,intermediate,ACC,6,0.530662
14,DLS-ACC,intermediate,ACC,7,0.923367
14,DLS-ACC,intermediate,ACC,8,1.922967
14,DLS-ACC,intermediate,ACC,9,1.205079
14,DLS-ACC,intermediate,ACC,10,2.024884
14,DLS-ACC,intermediate,ACC,11,1.077635
14,DLS-ACC,intermediate,ACC,12,1.823529
14,DLS-ACC,intermediate,ACC,13,0.966182
14,DLS-ACC,intermediate,ACC,14,2.143029
14,DLS-ACC,intermediate,ACC,15,0.0
14,DLS-ACC,intermediate,ACC,16,2.065199
14,DLS-ACC,intermediate,ACC,17,1.809916
14,DLS-ACC,intermediate,ACC,18,0.0
14,DLS-ACC,intermediate,ACC,19,0.677538
14,DLS-ACC,intermediate,ACC,20,1.302041
14,DLS-ACC,expert,DLS,0,1.007756
14,DLS-ACC,expert,DLS,1,1.200822
14,DLS-ACC,expert,DLS,2,1.038425
14,DLS-ACC,expert,DLS,3,0.751234
14,DLS-ACC,expert,DLS,4,1.088236
14,DLS-ACC,expert,DLS,5,2.347428
14,DLS-ACC,expert,DLS,6,2.684425
14,DLS-ACC,expert,DLS,7,0.973298
14,DLS-ACC,expert,DLS,8,1.013868
14,DLS-ACC,expert,DLS,9,1.013082
14,DLS-ACC,expert,DLS,10,3.336706
14,DLS-ACC,expert,DLS,11,0.950289
14,DLS-ACC,expert,DLS,12,0.540383
14,DLS-ACC,expert,ACC,0,0.34003
14,DLS-ACC,expert,ACC,1,1.400539
14,DLS-ACC,expert,ACC,2,0.680709
14,DLS-ACC,expert,ACC,3,1.334699
14,DLS-ACC,expert,ACC,4,0.0
14,DLS-ACC,expert,ACC,5,0.0
14,DLS-ACC,expert,ACC,6,0.941645
14,DLS-ACC,expert,ACC,7,1.410143
14,DLS-ACC,expert,ACC,8,0.674923
14,DLS-ACC,expert,ACC,9,1.087771
14,DLS-ACC,expert,ACC,10,1.025523
14,DLS-ACC,expert,ACC,11,1.105702
14,DLS-ACC,expert,ACC,12,1.504905
14,DLS-ACC,expert,ACC,13,0.770332
14,DLS-ACC,expert,ACC,14,0.0
14,DLS-ACC,expert,ACC,15,0.0
14,DLS-ACC,expert,ACC,16,1.101492
14,DLS-ACC,expert,ACC,17,2.153377
14,DLS-ACC,expert,ACC,18,0.0
14,DLS-ACC,expert,ACC,19,1.596649
14,DLS-ACC,expert,ACC,20,1.477812
