animal,pair,epoch,area,unit,contrib
1,DMS-DLS,naive,DMS,0,0.201009
1,DMS-DLS,naive,DMS,1,0.56376
1,DMS-DLS,naive,DMS,2,0.941139
1,DMS-DLS,naive,DMS,3,0.032831
1,DMS-DLS,naive,DMS,4,0.812839
1,DMS-DLS,naive,DMS,5,0.099186
1,DMS-DLS,naive,DMS,6,0.340878
1,DMS-DLS,naive,DMS,7,0.015882
1,DMS-DLS,naive,DMS,8,0.016724
1,DMS-DLS,naive,DMS,9,0.022205
1,DMS-DLS,naive,DMS,10,0.283539
1,DMS-DLS,naive,DMS,11,0.212258
1,DMS-DLS,naive,DMS,12,0.007356
1,DMS-DLS,naive,DMS,13,0.15397
1,DMS-DLS,naive,DMS,14,0.807053
1,DMS-DLS,naive,DMS,15,0.6174
1,DMS-DLS,naive,DMS,16,0.56806
1,DMS-DLS,naive,DMS,17,0.091524
1,DMS-DLS,naive,DMS,18,0.036903
1,DMS-DLS,naive,DMS,19,0.296863
1,DMS-DLS,naive,DMS,20,0.069604
1,DMS-DLS,naive,DMS,21,0.284158
1,DMS-DLS,naive,DMS,22,0.0
1,DMS-DLS,naive,DMS,23,0.677529
1,DMS-DLS,naive,DMS,24,0.798956
1,DMS-DLS,naive,DMS,25,0.09579
1,DMS-DLS,naive,DMS,26,0.052581
1,DMS-DLS,naive,DMS,27,0.324986
1,DMS-DLS,naive,DMS,28,0.463017
1,DMS-DLS,naive,DMS,29,0.117794
1,DMS-DLS,naive,DMS,30,0.097864
1,DMS-DLS,naive,DMS,31,0.354407
1,DMS-DLS,naive,DMS,32,0.985073
1,DMS-DLS,naive,DMS,33,0.846417
1,DMS-DLS,naive,DMS,34,0.262382
1,DMS-DLS,naive,DMS,35,0.684471
1,DMS-DLS,naive,DMS,36,0.210805
1,DMS-DLS,naive,DMS,37,0.0
1,DMS-DLS,naive,DMS,38,0.69658
1,DMS-DLS,naive,DMS,39,0.720692
1,DMS-DLS,naive,DMS,40,0.96602
1,DMS-DLS,naive,DMS,41,0.898368
1,DMS-DLS,naive,DMS,42,0.140421
1,DMS-DLS,naive,DMS,43,0.73114
1,DMS-DLS,naive,DMS,44,0.580479
1,DMS-DLS,naive,DMS,45,0.24146
1,DMS-DLS,naive,DMS,46,0.86432
1,DMS-DLS,naive,DMS,47,0.070642
1,DMS-DLS,naive,DMS,48,0.463884
1,DMS-DLS,naive,DMS,49,0.622295
1,DMS-DLS,naive,DMS,50,0.506194
1,DMS-DLS,naive,DMS,51,0.13334
1,DMS-DLS,naive,DMS,52,0.185129
1,DMS-DLS,naive,DMS,53,0.917259
1,DMS-DLS,naive,DMS,54,0.881735
1,DMS-DLS,naive,DMS,55,0.115499
1,DMS-DLS,naive,DMS,56,0.793375
1,DMS-DLS,naive,DLS,0,0.0
1,DMS-DLS,naive,DLS,1,0.4601
1,DMS-DLS,naive,DLS,2,0.753487
1,DMS-DLS,naive,DLS,3,1.052169
1,DMS-DLS,naive,DLS,4,1.103788
1,DMS-DLS,naive,DLS,5,0.064296
1,DMS-DLS,naive,DLS,6,1.015989
1,DMS-DLS,naive,DLS,7,0.141777
1,DMS-DLS,naive,DLS,8,0.971332
1,DMS-DLS,naive,DLS,9,0.970025
1,DMS-DLS,naive,DLS,10,0.079725
1,DMS-DLS,naive,DLS,11,0.586724
1,DMS-DLS,naive,DLS,12,0.178883
1,DMS-DLS,naive,DLS,13,0.621379
1,DMS-DLS,naive,DLS,14,0.655035
1,DMS-DLS,naive,DLS,15,1.025107
1,DMS-DLS,naive,DLS,16,0.861297
1,DMS-DLS,naive,DLS,17,0.0
1,DMS-DLS,naive,DLS,18,0.367755
1,DMS-DLS,naive,DLS,19,0.157604
1,DMS-DLS,naive,DLS,20,0.927155
1,DMS-DLS,naive,DLS,21,0.41414
1,DMS-DLS,naive,DLS,22,0.722189
1,DMS-DLS,naive,DLS,23,0.999791
1,DMS-DLS,naive,DLS,24,0.011314
1,DMS-DLS,naive,DLS,25,0.0
1,DMS-DLS,naive,DLS,26,0.953157
1,DMS-DLS,naive,DLS,27,0.366634
1,DMS-DLS,naive,DLS,28,0.0
1,DMS-DLS,naive,DLS,29,0.399298
1,DMS-DLS,naive,DLS,30,0.326232
1,DMS-DLS,naive,DLS,31,0.10664
1,DMS-DLS,naive,DLS,32,0.0
1,DMS-DLS,naive,DLS,33,0.762633
1,DMS-DLS,naive,DLS,34,0.810197
1,DMS-DLS,naive,DLS,35,0.129036
1,DMS-DLS,naive,DLS,36,0.852525
1,DMS-DLS,naive,DLS,37,0.02
1,DMS-DLS,naive,DLS,38,0.679202
1,DMS-DLS,naive,DLS,39,1.086918
1,DMS-DLS,naive,DLS,40,0.020376
1,DMS-DLS,naive,DLS,41,0.84444
1,DMS-DLS,intermediate,DMS,0,0.226722
1,DMS-DLS,intermediate,DMS,1,0.555064
1,DMS-DLS,intermediate,DMS,2,0.949319
1,DMS-DLS,intermediate,DMS,3,0.085012
1,DMS-DLS,intermediate,DMS,4,0.791383
1,DMS-DLS,intermediate,DMS,5,0.112096
1,DMS-DLS,intermediate,DMS,6,0.832503
1,DMS-DLS,intermediate,DMS,7,0.07026
1,DMS-DLS,intermediate,DMS,8,0.084162
1,DMS-DLS,intermediate,DMS,9,0.746173
1,DMS-DLS,intermediate,DMS,10,0.285341
1,DMS-DLS,intermediate,DMS,11,0.24621
1,DMS-DLS,intermediate,DMS,12,0.129568
1,DMS-DLS,intermediate,DMS,13,0.41522
1,DMS-DLS,intermediate,DMS,14,0.832527
1,DMS-DLS,intermediate,DMS,15,0.735068
1,DMS-DLS,intermediate,DMS,16,0.901004
1,DMS-DLS,intermediate,DMS,17,0.037503
1,DMS-DLS,intermediate,DMS,18,0.499641
1,DMS-DLS,intermediate,DMS,19,0.209034
1,DMS-DLS,intermediate,DMS,20,0.924876
1,DMS-DLS,intermediate,DMS,21,0.039157
1,DMS-DLS,intermediate,DMS,22,0.0
1,DMS-DLS,intermediate,DMS,23,0.805188
1,DMS-DLS,intermediate,DMS,24,0.844713
1,DMS-DLS,intermediate,DMS,25,0.470253
1,DMS-DLS,intermediate,DMS,26,0.059386
1,DMS-DLS,intermediate,DMS,27,0.391761
1,DMS-DLS,intermediate,DMS,28,0.121565
1,DMS-DLS,intermediate,DMS,29,0.726036
1,DMS-DLS,intermediate,DMS,30,0.039317
1,DMS-DLS,intermediate,DMS,31,0.69061
1,DMS-DLS,intermediate,DMS,32,0.071648
1,DMS-DLS,intermediate,DMS,33,0.044763
1,DMS-DLS,intermediate,DMS,34,0.04545
1,DMS-DLS,intermediate,DMS,35,0.060825
1,DMS-DLS,intermediate,DMS,36,0.044191
1,DMS-DLS,intermediate,DMS,37,0.140324
1,DMS-DLS,intermediate,DMS,38,0.688063
1,DMS-DLS,intermediate,DMS,39,0.463769
1,DMS-DLS,intermediate,DMS,40,0.137066
1,DMS-DLS,intermediate,DMS,41,0.851518
1,DMS-DLS,intermediate,DMS,42,0.431677
1,DMS-DLS,intermediate,DMS,43,0.0
1,DMS-DLS,intermediate,DMS,44,0.135975
1,DMS-DLS,intermediate,DMS,45,0.880488
1,DMS-DLS,intermediate,DMS,46,0.908669
1,DMS-DLS,intermediate,DMS,47,0.0
1,DMS-DLS,intermediate,DMS,48,0.168115
1,DMS-DLS,intermediate,DMS,49,0.019039
1,DMS-DLS,intermediate,DMS,50,0.059328
1,DMS-DLS,intermediate,DMS,51,0.348601
1,DMS-DLS,intermediate,DMS,52,0.901508
1,DMS-DLS,intermediate,DMS,53,0.072467
1,DMS-DLS,intermediate,DMS,54,0.863793
1,DMS-DLS,intermediate,DMS,55,0.166787
1,DMS-DLS,intermediate,DMS,56,0.942997
1,DMS-DLS,intermediate,DLS,0,0.253383
1,DMS-DLS,intermediate,DLS,1,0.495449
1,DMS-DLS,intermediate,DLS,2,0.586495
1,DMS-DLS,intermediate,DLS,3,0.99213
1,DMS-DLS,intermediate,DLS,4,0.41188
1,DMS-DLS,intermediate,DLS,5,0.923821
1,DMS-DLS,intermediate,DLS,6,0.034719
1,DMS-DLS,intermediate,DLS,7,0.083488
1,DMS-DLS,intermediate,DLS,8,0.929184
1,DMS-DLS,intermediate,DLS,9,0.742459
1,DMS-DLS,intermediate,DLS,10,0.831381
1,DMS-DLS,intermediate,DLS,11,0.666214
1,DMS-DLS,intermediate,DLS,12,0.07895
1,DMS-DLS,intermediate,DLS,13,0.626541
1,DMS-DLS,intermediate,DLS,14,0.226092
1,DMS-DLS,intermediate,DLS,15,0.933587
1,DMS-DLS,intermediate,DLS,16,0.231882
1,DMS-DLS,intermediate,DLS,17,0.0
1,DMS-DLS,intermediate,DLS,18,0.485245
1,DMS-DLS,intermediate,DLS,19,0.663867
1,DMS-DLS,intermediate,DLS,20,0.7509
1,DMS-DLS,intermediate,DLS,21,0.589821
1,DMS-DLS,intermediate,DLS,22,0.709601
1,DMS-DLS,intermediate,DLS,23,0.896481
1,DMS-DLS,intermediate,DLS,24,0.63011
1,DMS-DLS,intermediate,DLS,25,0.679359
1,DMS-DLS,intermediate,DLS,26,0.913653
1,DMS-DLS,intermediate,DLS,27,0.0
1,DMS-DLS,intermediate,DLS,28,0.044854
1,DMS-DLS,intermediate,DLS,29,0.0
1,DMS-DLS,intermediate,DLS,30,0.085319
1,DMS-DLS,intermediate,DLS,31,0.05926
1,DMS-DLS,intermediate,DLS,32,0.0
1,DMS-DLS,intermediate,DLS,33,0.751459
1,DMS-DLS,intermediate,DLS,34,0.548207
1,DMS-DLS,intermediate,DLS,35,0.390168
1,DMS-DLS,intermediate,DLS,36,0.440535
1,DMS-DLS,intermediate,DLS,37,0.19187
1,DMS-DLS,intermediate,DLS,38,0.769203
1,DMS-DLS,intermediate,DLS,39,0.242514
1,DMS-DLS,intermediate,DLS,40,0.0
1,DMS-DLS,intermediate,DLS,41,0.560656
1,DMS-DLS,expert,DMS,0,0.196737
1,DMS-DLS,expert,DMS,1,0.267485
1,DMS-DLS,expert,DMS,2,0.829575
1,DMS-DLS,expert,DMS,3,0.182388
1,DMS-DLS,expert,DMS,4,0.722647
1,DMS-DLS,expert,DMS,5,0.251296
1,DMS-DLS,expert,DMS,6,0.488559
1,DMS-DLS,expert,DMS,7,0.734117
1,DMS-DLS,expert,DMS,8,0.065782
1,DMS-DLS,expert,DMS,9,0.115053
1,DMS-DLS,expert,DMS,10,0.196716
1,DMS-DLS,expert,DMS,11,0.207265
1,DMS-DLS,expert,DMS,12,0.520347
1,DMS-DLS,expert,DMS,13,0.168731
1,DMS-DLS,expert,DMS,14,0.840567
1,DMS-DLS,expert,DMS,15,0.772738
1,DMS-DLS,expert,DMS,16,0.147535
1,DMS-DLS,expert,DMS,17,0.910315
1,DMS-DLS,expert,DMS,18,0.76814
1,DMS-DLS,expert,DMS,19,0.620933
1,DMS-DLS,expert,DMS,20,0.674706
1,DMS-DLS,expert,DMS,21,0.050547
1,DMS-DLS,expert,DMS,22,0.0
1,DMS-DLS,expert,DMS,23,0.855595
1,DMS-DLS,expert,DMS,24,0.848055
1,DMS-DLS,expert,DMS,25,0.126444
1,DMS-DLS,expert,DMS,26,0.02536
1,DMS-DLS,expert,DMS,27,0.231253
1,DMS-DLS,expert,DMS,28,0.061994
1,DMS-DLS,expert,DMS,29,0.649814
1,DMS-DLS,expert,DMS,30,0.216116
1,DMS-DLS,expert,DMS,31,0.803676
1,DMS-DLS,expert,DMS,32,0.732784
1,DMS-DLS,expert,DMS,33,0.090367
1,DMS-DLS,expert,DMS,34,0.009696
1,DMS-DLS,expert,DMS,35,0.081476
1,DMS-DLS,expert,DMS,36,0.203612
1,DMS-DLS,expert,DMS,37,0.039844
1,DMS-DLS,expert,DMS,38,0.597723
1,DMS-DLS,expert,DMS,39,1.006865
1,DMS-DLS,expert,DMS,40,0.843091
1,DMS-DLS,expert,DMS,41,0.865514
1,DMS-DLS,expert,DMS,42,0.190202
1,DMS-DLS,expert,DMS,43,0.008578
1,DMS-DLS,expert,DMS,44,0.046824
1,DMS-DLS,expert,DMS,45,0.843933
1,DMS-DLS,expert,DMS,46,0.699057
1,DMS-DLS,expert,DMS,47,0.023509
1,DMS-DLS,expert,DMS,48,0.235474
1,DMS-DLS,expert,DMS,49,0.0
1,DMS-DLS,expert,DMS,50,0.079919
1,DMS-DLS,expert,DMS,51,0.06915
1,DMS-DLS,expert,DMS,52,0.886992
1,DMS-DLS,expert,DMS,53,0.105333
1,DMS-DLS,expert,DMS,54,0.242292
1,DMS-DLS,expert,DMS,55,0.1699
1,DMS-DLS,expert,DMS,56,0.886495
1,DMS-DLS,expert,DLS,0,0.060528
1,DMS-DLS,expert,DLS,1,0.524898
1,DMS-DLS,expert,DLS,2,0.61112
1,DMS-DLS,expert,DLS,3,1.064982
1,DMS-DLS,expert,DLS,4,1.043662
1,DMS-DLS,expert,DLS,5,0.928395
1,DMS-DLS,expert,DLS,6,0.117739
1,DMS-DLS,expert,DLS,7,1.014361
1,DMS-DLS,expert,DLS,8,1.003036
1,DMS-DLS,expert,DLS,9,0.945936
1,DMS-DLS,expert,DLS,10,0.817346
1,DMS-DLS,expert,DLS,11,0.050956
1,DMS-DLS,expert,DLS,12,0.135845
1,DMS-DLS,expert,DLS,13,0.95552
1,DMS-DLS,expert,DLS,14,0.048824
1,DMS-DLS,expert,DLS,15,1.08591
1,DMS-DLS,expert,DLS,16,0.905596
1,DMS-DLS,expert,DLS,17,0.0
1,DMS-DLS,expert,DLS,18,0.461486
1,DMS-DLS,expert,DLS,19,0.720829
1,DMS-DLS,expert,DLS,20,0.333276
1,DMS-DLS,expert,DLS,21,0.140537
1,DMS-DLS,expert,DLS,22,0.998764
1,DMS-DLS,expert,DLS,23,1.000864
1,DMS-DLS,expert,DLS,24,0.943334
1,DMS-DLS,expert,DLS,25,0.0
1,DMS-DLS,expert,DLS,26,0.866087
1,DMS-DLS,expert,DLS,27,0.0
1,DMS-DLS,expert,DLS,28,0.299315
1,DMS-DLS,expert,DLS,29,0.51668
1,DMS-DLS,expert,DLS,30,0.432152
1,DMS-DLS,expert,DLS,31,0.126271
1,DMS-DLS,expert,DLS,32,0.0
1,DMS-DLS,expert,DLS,33,0.034461
1,DMS-DLS,expert,DLS,34,0.0
1,DMS-DLS,expert,DLS,35,0.863779
1,DMS-DLS,expert,DLS,36,0.286139
1,DMS-DLS,expert,DLS,37,0.127772
1,DMS-DLS,expert,DLS,38,0.038211
1,DMS-DLS,expert,DLS,39,1.050463
1,DMS-DLS,expert,DLS,40,0.421855
1,DMS-DLS,expert,DLS,41,0.940208
1,DMS-ACC,naive,DMS,0,0.206311
1,DMS-ACC,naive,DMS,1,0.563492
1,DMS-ACC,naive,DMS,2,0.694674
1,DMS-ACC,naive,DMS,3,0.032829
1,DMS-ACC,naive,DMS,4,0.799014
1,DMS-ACC,naive,DMS,5,0.098977
1,DMS-ACC,naive,DMS,6,0.287435
1,DMS-ACC,naive,DMS,7,0.014869
1,DMS-ACC,naive,DMS,8,0.015812
1,DMS-ACC,naive,DMS,9,0.021438
1,DMS-ACC,naive,DMS,10,0.297639
1,DMS-ACC,naive,DMS,11,0.18978
1,DMS-ACC,naive,DMS,12,0.0081
1,DMS-ACC,naive,DMS,13,0.136781
1,DMS-ACC,naive,DMS,14,0.835921
1,DMS-ACC,naive,DMS,15,0.615727
1,DMS-ACC,naive,DMS,16,0.502435
1,DMS-ACC,naive,DMS,17,0.091395
1,DMS-ACC,naive,DMS,18,0.037965
1,DMS-ACC,naive,DMS,19,0.297971
1,DMS-ACC,naive,DMS,20,0.085158
1,DMS-ACC,naive,DMS,21,0.210129
1,DMS-ACC,naive,DMS,22,0.0
1,DMS-ACC,naive,DMS,23,0.67759
1,DMS-ACC,naive,DMS,24,0.805766
1,DMS-ACC,naive,DMS,25,0.082565
1,DMS-ACC,naive,DMS,26,0.051619
1,DMS-ACC,naive,DMS,27,0.2893
1,DMS-ACC,naive,DMS,28,0.53877
1,DMS-ACC,naive,DMS,29,0.126899
1,DMS-ACC,naive,DMS,30,0.077163
1,DMS-ACC,naive,DMS,31,0.340892
1,DMS-ACC,naive,DMS,32,1.016564
1,DMS-ACC,naive,DMS,33,0.849142
1,DMS-ACC,naive,DMS,34,0.596954
1,DMS-ACC,naive,DMS,35,0.683268
1,DMS-ACC,naive,DMS,36,0.179776
1,DMS-ACC,naive,DMS,37,0.0
1,DMS-ACC,naive,DMS,38,0.694134
1,DMS-ACC,naive,DMS,39,0.722204
1,DMS-ACC,naive,DMS,40,0.965696
1,DMS-ACC,naive,DMS,41,0.892513
1,DMS-ACC,naive,DMS,42,0.131237
1,DMS-ACC,naive,DMS,43,0.608171
1,DMS-ACC,naive,DMS,44,0.580793
1,DMS-ACC,naive,DMS,45,0.244854
1,DMS-ACC,naive,DMS,46,0.862444
1,DMS-ACC,naive,DMS,47,0.06782
1,DMS-ACC,naive,DMS,48,0.444668
1,DMS-ACC,naive,DMS,49,0.639908
1,DMS-ACC,naive,DMS,50,0.521043
1,DMS-ACC,naive,DMS,51,0.127479
1,DMS-ACC,naive,DMS,52,0.215855
1,DMS-ACC,naive,DMS,53,0.939959
1,DMS-ACC,naive,DMS,54,0.886369
1,DMS-ACC,naive,DMS,55,0.114961
1,DMS-ACC,naive,DMS,56,0.794026
1,DMS-ACC,naive,ACC,0,1.688416
1,DMS-ACC,naive,ACC,1,0.133981
1,DMS-ACC,naive,ACC,2,0.014999
1,DMS-ACC,naive,ACC,3,1.291299
1,DMS-ACC,naive,ACC,4,1.01717
1,DMS-ACC,naive,ACC,5,1.636562
1,DMS-ACC,naive,ACC,6,0.0
1,DMS-ACC,naive,ACC,7,0.0
1,DMS-ACC,naive,ACC,8,1.299532
1,DMS-ACC,naive,ACC,9,0.029694
1,DMS-ACC,naive,ACC,10,0.928606
1,DMS-ACC,naive,ACC,11,1.065897
1,DMS-ACC,naive,ACC,12,1.76992
1,DMS-ACC,naive,ACC,13,1.775819
1,DMS-ACC,naive,ACC,14,0.0
1,DMS-ACC,naive,ACC,15,1.399377
1,DMS-ACC,naive,ACC,16,0.06887
1,DMS-ACC,naive,ACC,17,1.253424
1,DMS-ACC,naive,ACC,18,1.138568
1,DMS-ACC,naive,ACC,19,1.035521
1,DMS-ACC,naive,ACC,20,0.0
1,DMS-ACC,naive,ACC,21,0.04113
1,DMS-ACC,naive,ACC,22,1.236148
1,DMS-ACC,naive,ACC,23,1.040024
1,DMS-ACC,naive,ACC,24,1.177437
1,DMS-ACC,naive,ACC,25,0.0
1,DMS-ACC,naive,ACC,26,1.149029
1,DMS-ACC,naive,ACC,27,1.458985
1,DMS-ACC,naive,ACC,28,0.422349
1,DMS-ACC,naive,ACC,29,0.0
1,DMS-ACC,naive,ACC,30,1.599437
1,DMS-ACC,naive,ACC,31,0.0
1,DMS-ACC,naive,ACC,32,0.900506
1,DMS-ACC,naive,ACC,33,1.388213
1,DMS-ACC,intermediate,DMS,0,0.215869
1,DMS-ACC,intermediate,DMS,1,0.556666
1,DMS-ACC,intermediate,DMS,2,0.951743
1,DMS-ACC,intermediate,DMS,3,0.085744
1,DMS-ACC,intermediate,DMS,4,0.818093
1,DMS-ACC,intermediate,DMS,5,0.111533
1,DMS-ACC,intermediate,DMS,6,0.835305
1,DMS-ACC,intermediate,DMS,7,0.068351
1,DMS-ACC,intermediate,DMS,8,0.084162
1,DMS-ACC,intermediate,DMS,9,0.738844
1,DMS-ACC,intermediate,DMS,10,0.296314
1,DMS-ACC,intermediate,DMS,11,0.241034
1,DMS-ACC,intermediate,DMS,12,0.131976
1,DMS-ACC,intermediate,DMS,13,0.411889
1,DMS-ACC,intermediate,DMS,14,0.83502
1,DMS-ACC,intermediate,DMS,15,0.738763
1,DMS-ACC,intermediate,DMS,16,0.895632
1,DMS-ACC,intermediate,DMS,17,0.038818
1,DMS-ACC,intermediate,DMS,18,0.540409
1,DMS-ACC,intermediate,DMS,19,0.21296
1,DMS-ACC,intermediate,DMS,20,0.92675
1,DMS-ACC,intermediate,DMS,21,0.038498
1,DMS-ACC,intermediate,DMS,22,0.0
1,DMS-ACC,intermediate,DMS,23,0.805686
1,DMS-ACC,intermediate,DMS,24,0.845655
1,DMS-ACC,intermediate,DMS,25,0.470439
1,DMS-ACC,intermediate,DMS,26,0.059878
1,DMS-ACC,intermediate,DMS,27,0.379765
1,DMS-ACC,intermediate,DMS,28,0.130212
1,DMS-ACC,intermediate,DMS,29,0.728163
1,DMS-ACC,intermediate,DMS,30,0.039442
1,DMS-ACC,intermediate,DMS,31,0.6808
1,DMS-ACC,intermediate,DMS,32,0.073299
1,DMS-ACC,intermediate,DMS,33,0.045782
1,DMS-ACC,intermediate,DMS,34,0.046882
1,DMS-ACC,intermediate,DMS,35,0.055064
1,DMS-ACC,intermediate,DMS,36,0.043532
1,DMS-ACC,intermediate,DMS,37,0.137466
1,DMS-ACC,intermediate,DMS,38,0.689845
1,DMS-ACC,intermediate,DMS,39,0.454343
1,DMS-ACC,intermediate,DMS,40,0.144359
1,DMS-ACC,intermediate,DMS,41,0.853708
1,DMS-ACC,intermediate,DMS,42,0.40833
1,DMS-ACC,intermediate,DMS,43,0.0
1,DMS-ACC,intermediate,DMS,44,0.128284
1,DMS-ACC,intermediate,DMS,45,0.882203
1,DMS-ACC,intermediate,DMS,46,0.913238
1,DMS-ACC,intermediate,DMS,47,0.0
1,DMS-ACC,intermediate,DMS,48,0.175039
1,DMS-ACC,intermediate,DMS,49,0.025948
1,DMS-ACC,intermediate,DMS,50,0.070196
1,DMS-ACC,intermediate,DMS,51,0.323009
1,DMS-ACC,intermediate,DMS,52,0.901479
1,DMS-ACC,intermediate,DMS,53,0.070258
1,DMS-ACC,intermediate,DMS,54,0.876929
1,DMS-ACC,intermediate,DMS,55,0.196391
1,DMS-ACC,intermediate,DMS,56,0.932407
1,DMS-ACC,intermediate,ACC,0,1.256717
1,DMS-ACC,intermediate,ACC,1,1.457589
1,DMS-ACC,intermediate,ACC,2,1.328555
1,DMS-ACC,intermediate,ACC,3,1.337785
1,DMS-ACC,intermediate,ACC,4,0.758166
1,DMS-ACC,intermediate,ACC,5,0.839481
1,DMS-ACC,intermediate,ACC,6,1.479783
1,DMS-ACC,intermediate,ACC,7,0.008108
1,DMS-ACC,intermediate,ACC,8,1.137814
1,DMS-ACC,intermediate,ACC,9,0.035585
1,DMS-ACC,intermediate,ACC,10,0.923419
1,DMS-ACC,intermediate,ACC,11,0.948136
1,DMS-ACC,intermediate,ACC,12,0.00226
1,DMS-ACC,intermediate,ACC,13,1.155232
1,DMS-ACC,intermediate,ACC,14,0.01611
1,DMS-ACC,intermediate,ACC,15,0.165618
1,DMS-ACC,intermediate,ACC,16,1.312823
1,DMS-ACC,intermediate,ACC,17,0.914788
1,DMS-ACC,intermediate,ACC,18,0.052328
1,DMS-ACC,intermediate,ACC,19,1.152124
1,DMS-ACC,intermediate,ACC,20,0.024281
1,DMS-ACC,intermediate,ACC,21,0.0
1,DMS-ACC,intermediate,ACC,22,0.01232
1,DMS-ACC,intermediate,ACC,23,0.919491
1,DMS-ACC,intermediate,ACC,24,1.049917
1,DMS-ACC,intermediate,ACC,25,0.0
1,DMS-ACC,intermediate,ACC,26,1.076615
1,DMS-ACC,intermediate,ACC,27,1.241114
1,DMS-ACC,intermediate,ACC,28,0.75267
1,DMS-ACC,intermediate,ACC,29,0.0
1,DMS-ACC,intermediate,ACC,30,1.32522
1,DMS-ACC,intermediate,ACC,31,0.056409
1,DMS-ACC,intermediate,ACC,32,1.328978
1,DMS-ACC,intermediate,ACC,33,0.42727
1,DMS-ACC,expert,DMS,0,0.193832
1,DMS-ACC,expert,DMS,1,0.257606
1,DMS-ACC,expert,DMS,2,0.82818
1,DMS-ACC,expert,DMS,3,0.18431
1,DMS-ACC,expert,DMS,4,0.733903
1,DMS-ACC,expert,DMS,5,0.254151
1,DMS-ACC,expert,DMS,6,0.474728
1,DMS-ACC,expert,DMS,7,0.733868
1,DMS-ACC,expert,DMS,8,0.066397
1,DMS-ACC,expert,DMS,9,0.103481
1,DMS-ACC,expert,DMS,10,0.204757
1,DMS-ACC,expert,DMS,11,0.204254
1,DMS-ACC,expert,DMS,12,0.539195
1,DMS-ACC,expert,DMS,13,0.174835
1,DMS-ACC,expert,DMS,14,0.793964
1,DMS-ACC,expert,DMS,15,0.769824
1,DMS-ACC,expert,DMS,16,0.157673
1,DMS-ACC,expert,DMS,17,0.900057
1,DMS-ACC,expert,DMS,18,0.763104
1,DMS-ACC,expert,DMS,19,0.679091
1,DMS-ACC,expert,DMS,20,0.664813
1,DMS-ACC,expert,DMS,21,0.046774
1,DMS-ACC,expert,DMS,22,0.0
1,DMS-ACC,expert,DMS,23,0.876876
1,DMS-ACC,expert,DMS,24,0.846417
1,DMS-ACC,expert,DMS,25,0.11887
1,DMS-ACC,expert,DMS,26,0.025768
1,DMS-ACC,expert,DMS,27,0.229739
1,DMS-ACC,expert,DMS,28,0.069384
1,DMS-ACC,expert,DMS,29,0.651408
1,DMS-ACC,expert,DMS,30,0.207065
1,DMS-ACC,expert,DMS,31,0.760919
1,DMS-ACC,expert,DMS,32,0.733206
1,DMS-ACC,expert,DMS,33,0.098023
1,DMS-ACC,expert,DMS,34,0.008888
1,DMS-ACC,expert,DMS,35,0.078746
1,DMS-ACC,expert,DMS,36,0.206274
1,DMS-ACC,expert,DMS,37,0.038147
1,DMS-ACC,expert,DMS,38,0.602409
1,DMS-ACC,expert,DMS,39,1.006575
1,DMS-ACC,expert,DMS,40,0.84314
1,DMS-ACC,expert,DMS,41,0.86916
1,DMS-ACC,expert,DMS,42,0.172873
1,DMS-ACC,expert,DMS,43,0.006754
1,DMS-ACC,expert,DMS,44,0.044855
1,DMS-ACC,expert,DMS,45,0.849281
1,DMS-ACC,expert,DMS,46,0.71562
1,DMS-ACC,expert,DMS,47,0.027115
1,DMS-ACC,expert,DMS,48,0.228175
1,DMS-ACC,expert,DMS,49,0.0
1,DMS-ACC,expert,DMS,50,0.081365
1,DMS-ACC,expert,DMS,51,0.06997
1,DMS-ACC,expert,DMS,52,0.880751
1,DMS-ACC,expert,DMS,53,0.103347
1,DMS-ACC,expert,DMS,54,0.249338
1,DMS-ACC,expert,DMS,55,0.176735
1,DMS-ACC,expert,DMS,56,0.901865
1,DMS-ACC,expert,ACC,0,0.941044
1,DMS-ACC,expert,ACC,1,1.210676
1,DMS-ACC,expert,ACC,2,1.133742
1,DMS-ACC,expert,ACC,3,1.073649
1,DMS-ACC,expert,ACC,4,0.766686
1,DMS-ACC,expert,ACC,5,0.606859
1,DMS-ACC,expert,ACC,6,0.0
1,DMS-ACC,expert,ACC,7,0.0
1,DMS-ACC,expert,ACC,8,1.106991
1,DMS-ACC,expert,ACC,9,0.077621
1,DMS-ACC,expert,ACC,10,0.863593
1,DMS-ACC,expert,ACC,11,1.03699
1,DMS-ACC,expert,ACC,12,0.118345
1,DMS-ACC,expert,ACC,13,0.950675
1,DMS-ACC,expert,ACC,14,0.031413
1,DMS-ACC,expert,ACC,15,0.877882
1,DMS-ACC,expert,ACC,16,0.138307
1,DMS-ACC,expert,ACC,17,0.7878
1,DMS-ACC,expert,ACC,18,0.244
1,DMS-ACC,expert,ACC,19,0.994848
1,DMS-ACC,expert,ACC,20,0.998807
1,DMS-ACC,expert,ACC,21,0.045286
1,DMS-ACC,expert,ACC,22,0.004438
1,DMS-ACC,expert,ACC,23,0.799717
1,DMS-ACC,expert,ACC,24,0.87158
1,DMS-ACC,expert,ACC,25,0.474953
1,DMS-ACC,expert,ACC,26,1.106598
1,DMS-ACC,expert,ACC,27,1.039391
1,DMS-ACC,expert,ACC,28,0.786235
1,DMS-ACC,expert,ACC,29,1.066361
1,DMS-ACC,expert,ACC,30,1.19221
1,DMS-ACC,expert,ACC,31,0.302916
1,DMS-ACC,expert,ACC,32,0.068019
1,DMS-ACC,expert,ACC,33,0.128851
1,DLS-ACC,naive,DLS,0,0.0
1,DLS-ACC,naive,DLS,1,0.462412
1,DLS-ACC,naive,DLS,2,0.755609
1,DLS-ACC,naive,DLS,3,1.056167
1,DLS-ACC,naive,DLS,4,1.118075
1,DLS-ACC,naive,DLS,5,0.067778
1,DLS-ACC,naive,DLS,6,1.010784
1,DLS-ACC,naive,DLS,7,0.147199
1,DLS-ACC,naive,DLS,8,0.975475
1,DLS-ACC,naive,DLS,9,1.031487
1,DLS-ACC,naive,DLS,10,0.084816
1,DLS-ACC,naive,DLS,11,0.588017
1,DLS-ACC,naive,DLS,12,0.180926
1,DLS-ACC,naive,DLS,13,0.551215
1,DLS-ACC,naive,DLS,14,0.657669
1,DLS-ACC,naive,DLS,15,1.03234
1,DLS-ACC,naive,DLS,16,0.869011
1,DLS-ACC,naive,DLS,17,0.0
1,DLS-ACC,naive,DLS,18,0.381984
1,DLS-ACC,naive,DLS,19,0.158564
1,DLS-ACC,naive,DLS,20,0.928904
1,DLS-ACC,naive,DLS,21,0.430179
1,DLS-ACC,naive,DLS,22,0.724553
1,DLS-ACC,naive,DLS,23,1.00104
1,DLS-ACC,naive,DLS,24,0.010472
1,DLS-ACC,naive,DLS,25,0.0
1,DLS-ACC,naive,DLS,26,0.955861
1,DLS-ACC,naive,DLS,27,0.368143
1,DLS-ACC,naive,DLS,28,0.0
1,DLS-ACC,naive,DLS,29,0.400734
1,DLS-ACC,naive,DLS,30,0.327171
1,DLS-ACC,naive,DLS,31,0.115869
1,DLS-ACC,naive,DLS,32,0.0
1,DLS-ACC,naive,DLS,33,0.774909
1,DLS-ACC,naive,DLS,34,0.813806
1,DLS-ACC,naive,DLS,35,0.131861
1,DLS-ACC,naive,DLS,36,0.863154
1,DLS-ACC,naive,DLS,37,0.021209
1,DLS-ACC,naive,DLS,38,0.686246
1,DLS-ACC,naive,DLS,39,1.09454
1,DLS-ACC,naive,DLS,40,0.021771
1,DLS-ACC,naive,DLS,41,0.847151
1,DLS-ACC,naive,ACC,0,1.682875
1,DLS-ACC,naive,ACC,1,0.092958
1,DLS-ACC,naive,ACC,2,0.012431
1,DLS-ACC,naive,ACC,3,1.295978
1,DLS-ACC,naive,ACC,4,1.00943
1,DLS-ACC,naive,ACC,5,1.642893
1,DLS-ACC,naive,ACC,6,0.0
1,DLS-ACC,naive,ACC,7,0.0
1,DLS-ACC,naive,ACC,8,1.312398
1,DLS-ACC,naive,ACC,9,0.02721
1,DLS-ACC,naive,ACC,10,1.052104
1,DLS-ACC,naive,ACC,11,1.074014
1,DLS-ACC,naive,ACC,12,1.75489
1,DLS-ACC,naive,ACC,13,1.779329
1,DLS-ACC,naive,ACC,14,0.0
1,DLS-ACC,naive,ACC,15,1.410156
1,DLS-ACC,naive,ACC,16,0.072655
1,DLS-ACC,naive,ACC,17,1.258291
1,DLS-ACC,naive,ACC,18,0.264565
1,DLS-ACC,naive,ACC,19,1.039098
1,DLS-ACC,naive,ACC,20,0.0
1,DLS-ACC,naive,ACC,21,0.042126
1,DLS-ACC,naive,ACC,22,1.227785
1,DLS-ACC,naive,ACC,23,1.043247
1,DLS-ACC,naive,ACC,24,1.180431
1,DLS-ACC,naive,ACC,25,0.0
1,DLS-ACC,naive,ACC,26,1.165033
1,DLS-ACC,naive,ACC,27,1.471355
1,DLS-ACC,naive,ACC,28,0.423313
1,DLS-ACC,naive,ACC,29,0.0
1,DLS-ACC,naive,ACC,30,1.601691
1,DLS-ACC,naive,ACC,31,0.0
1,DLS-ACC,naive,ACC,32,0.901147
1,DLS-ACC,naive,ACC,33,1.693308
1,DLS-ACC,intermediate,DLS,0,0.276182
1,DLS-ACC,intermediate,DLS,1,0.518332
1,DLS-ACC,intermediate,DLS,2,0.590013
1,DLS-ACC,intermediate,DLS,3,0.99017
1,DLS-ACC,intermediate,DLS,4,0.411552
1,DLS-ACC,intermediate,DLS,5,0.933645
1,DLS-ACC,intermediate,DLS,6,0.036409
1,DLS-ACC,intermediate,DLS,7,0.083191
1,DLS-ACC,intermediate,DLS,8,0.95841
1,DLS-ACC,intermediate,DLS,9,0.764614
1,DLS-ACC,intermediate,DLS,10,0.831841
1,DLS-ACC,intermediate,DLS,11,0.668274
1,DLS-ACC,intermediate,DLS,12,0.07903
1,DLS-ACC,intermediate,DLS,13,0.571104
1,DLS-ACC,intermediate,DLS,14,0.276977
1,DLS-ACC,intermediate,DLS,15,0.93391
1,DLS-ACC,intermediate,DLS,16,0.234021
1,DLS-ACC,intermediate,DLS,17,0.0
1,DLS-ACC,intermediate,DLS,18,0.480513
1,DLS-ACC,intermediate,DLS,19,0.645436
1,DLS-ACC,intermediate,DLS,20,0.771286
1,DLS-ACC,intermediate,DLS,21,0.555018
1,DLS-ACC,intermediate,DLS,22,0.721132
1,DLS-ACC,intermediate,DLS,23,0.959628
1,DLS-ACC,intermediate,DLS,24,0.639844
1,DLS-ACC,intermediate,DLS,25,0.68826
1,DLS-ACC,intermediate,DLS,26,0.913959
1,DLS-ACC,intermediate,DLS,27,0.0
1,DLS-ACC,intermediate,DLS,28,0.047498
1,DLS-ACC,intermediate,DLS,29,0.0
1,DLS-ACC,intermediate,DLS,30,0.088743
1,DLS-ACC,intermediate,DLS,31,0.059553
1,DLS-ACC,intermediate,DLS,32,0.0
1,DLS-ACC,intermediate,DLS,33,0.756074
1,DLS-ACC,intermediate,DLS,34,0.551481
1,DLS-ACC,intermediate,DLS,35,0.384495
1,DLS-ACC,intermediate,DLS,36,0.441496
1,DLS-ACC,intermediate,DLS,37,0.179084
1,DLS-ACC,intermediate,DLS,38,0.775084
1,DLS-ACC,intermediate,DLS,39,0.234296
1,DLS-ACC,intermediate,DLS,40,0.0
1,DLS-ACC,intermediate,DLS,41,0.563456
1,DLS-ACC,intermediate,ACC,0,1.256387
1,DLS-ACC,intermediate,ACC,1,1.457572
1,DLS-ACC,intermediate,ACC,2,1.331901
1,DLS-ACC,intermediate,ACC,3,1.338352
1,DLS-ACC,intermediate,ACC,4,0.761122
1,DLS-ACC,intermediate,ACC,5,0.849294
1,DLS-ACC,intermediate,ACC,6,1.463771
1,DLS-ACC,intermediate,ACC,7,0.007163
1,DLS-ACC,intermediate,ACC,8,1.153234
1,DLS-ACC,intermediate,ACC,9,0.038779
1,DLS-ACC,intermediate,ACC,10,1.014866
1,DLS-ACC,intermediate,ACC,11,0.951548
1,DLS-ACC,intermediate,ACC,12,0.002185
1,DLS-ACC,intermediate,ACC,13,1.160734
1,DLS-ACC,intermediate,ACC,14,0.016519
1,DLS-ACC,intermediate,ACC,15,0.162234
1,DLS-ACC,intermediate,ACC,16,1.313204
1,DLS-ACC,intermediate,ACC,17,0.914535
1,DLS-ACC,intermediate,ACC,18,0.039814
1,DLS-ACC,intermediate,ACC,19,1.153681
1,DLS-ACC,intermediate,ACC,20,0.024892
1,DLS-ACC,intermediate,ACC,21,0.0
1,DLS-ACC,intermediate,ACC,22,0.016607
1,DLS-ACC,intermediate,ACC,23,0.920734
1,DLS-ACC,intermediate,ACC,24,1.052748
1,DLS-ACC,intermediate,ACC,25,0.0
1,DLS-ACC,intermediate,ACC,26,1.066785
1,DLS-ACC,intermediate,ACC,27,1.239312
1,DLS-ACC,intermediate,ACC,28,0.755666
1,DLS-ACC,intermediate,ACC,29,0.0
1,DLS-ACC,intermediate,ACC,30,1.321465
1,DLS-ACC,intermediate,ACC,31,0.070079
1,DLS-ACC,intermediate,ACC,32,1.330622
1,DLS-ACC,intermediate,ACC,33,0.527854
1,DLS-ACC,expert,DLS,0,0.06541
1,DLS-ACC,expert,DLS,1,0.527668
1,DLS-ACC,expert,DLS,2,0.612896
1,DLS-ACC,expert,DLS,3,1.067636
1,DLS-ACC,expert,DLS,4,1.048887
1,DLS-ACC,expert,DLS,5,0.949304
1,DLS-ACC,expert,DLS,6,0.124386
1,DLS-ACC,expert,DLS,7,1.01681
1,DLS-ACC,expert,DLS,8,1.00751
1,DLS-ACC,expert,DLS,9,0.961256
1,DLS-ACC,expert,DLS,10,0.827637
1,DLS-ACC,expert,DLS,11,0.048533
1,DLS-ACC,expert,DLS,12,0.14521
1,DLS-ACC,expert,DLS,13,0.970548
1,DLS-ACC,expert,DLS,14,0.085757
1,DLS-ACC,expert,DLS,15,1.089228
1,DLS-ACC,expert,DLS,16,0.909894
1,DLS-ACC,expert,DLS,17,0.0
1,DLS-ACC,expert,DLS,18,0.464453
1,DLS-ACC,expert,DLS,19,0.725356
1,DLS-ACC,expert,DLS,20,0.362335
1,DLS-ACC,expert,DLS,21,0.143406
1,DLS-ACC,expert,DLS,22,1.007561
1,DLS-ACC,expert,DLS,23,1.002566
1,DLS-ACC,expert,DLS,24,0.953594
1,DLS-ACC,expert,DLS,25,0.0
1,DLS-ACC,expert,DLS,26,0.879083
1,DLS-ACC,expert,DLS,27,0.0
1,DLS-ACC,expert,DLS,28,0.303271
1,DLS-ACC,expert,DLS,29,0.519131
1,DLS-ACC,expert,DLS,30,0.433907
1,DLS-ACC,expert,DLS,31,0.135173
1,DLS-ACC,expert,DLS,32,0.0
1,DLS-ACC,expert,DLS,33,0.03951
1,DLS-ACC,expert,DLS,34,0.0
1,DLS-ACC,expert,DLS,35,0.865276
1,DLS-ACC,expert,DLS,36,0.288389
1,DLS-ACC,expert,DLS,37,0.136913
1,DLS-ACC,expert,DLS,38,0.03575
1,DLS-ACC,expert,DLS,39,1.049929
1,DLS-ACC,expert,DLS,40,0.386745
1,DLS-ACC,expert,DLS,41,0.953452
1,DLS-ACC,expert,ACC,0,0.954498
1,DLS-ACC,expert,ACC,1,0.670647
1,DLS-ACC,expert,ACC,2,1.133941
1,DLS-ACC,expert,ACC,3,1.095893
1,DLS-ACC,expert,ACC,4,0.772479
1,DLS-ACC,expert,ACC,5,0.607478
1,DLS-ACC,expert,ACC,6,0.0
1,DLS-ACC,expert,ACC,7,0.0
1,DLS-ACC,expert,ACC,8,1.115361
1,DLS-ACC,expert,ACC,9,0.069921
1,DLS-ACC,expert,ACC,10,0.93827
1,DLS-ACC,expert,ACC,11,1.045268
1,DLS-ACC,expert,ACC,12,0.122154
1,DLS-ACC,expert,ACC,13,0.953092
1,DLS-ACC,expert,ACC,14,0.039665
1,DLS-ACC,expert,ACC,15,0.882901
1,DLS-ACC,expert,ACC,16,0.131945
1,DLS-ACC,expert,ACC,17,0.784968
1,DLS-ACC,expert,ACC,18,0.336773
1,DLS-ACC,expert,ACC,19,0.994169
1,DLS-ACC,expert,ACC,20,1.008661
1,DLS-ACC,expert,ACC,21,0.046484
1,DLS-ACC,expert,ACC,22,0.00512
1,DLS-ACC,expert,ACC,23,0.800693
1,DLS-ACC,expert,ACC,24,0.875269
1,DLS-ACC,expert,ACC,25,1.032616
1,DLS-ACC,expert,ACC,26,1.10645
1,DLS-ACC,expert,ACC,27,0.95251
1,DLS-ACC,expert,ACC,28,0.788486
1,DLS-ACC,expert,ACC,29,1.070274
1,DLS-ACC,expert,ACC,30,1.191683
1,DLS-ACC,expert,ACC,31,0.318231
1,DLS-ACC,expert,ACC,32,0.077755
1,DLS-ACC,expert,ACC,33,0.128755
2,DMS-DLS,naive,DMS,0,0.081698
2,DMS-DLS,naive,DMS,1,0.034639
2,DMS-DLS,naive,DMS,2,0.039838
2,DMS-DLS,naive,DMS,3,0.071363
2,DMS-DLS,naive,DMS,4,0.0
2,DMS-DLS,naive,DMS,5,0.0
2,DMS-DLS,naive,DMS,6,0.93526
2,DMS-DLS,naive,DMS,7,0.888472
2,DMS-DLS,naive,DMS,8,0.083123
2,DMS-DLS,naive,DMS,9,0.033205
2,DMS-DLS,naive,DMS,10,0.958164
2,DMS-DLS,naive,DMS,11,0.000779
2,DMS-DLS,naive,DMS,12,1.058577
2,DMS-DLS,naive,DMS,13,0.0
2,DMS-DLS,naive,DMS,14,0.0
2,DMS-DLS,naive,DMS,15,0.091638
2,DMS-DLS,naive,DMS,16,0.0
2,DMS-DLS,naive,DMS,17,0.084776
2,DMS-DLS,naive,DMS,18,0.021363
2,DMS-DLS,naive,DMS,19,0.0
2,DMS-DLS,naive,DMS,20,0.488773
2,DMS-DLS,naive,DMS,21,0.192346
2,DMS-DLS,naive,DMS,22,0.023149
2,DMS-DLS,naive,DMS,23,0.006671
2,DMS-DLS,naive,DMS,24,0.453886
2,DMS-DLS,naive,DMS,25,0.0
2,DMS-DLS,naive,DMS,26,0.0
2,DMS-DLS,naive,DMS,27,0.72438
2,DMS-DLS,naive,DMS,28,0.528093
2,DMS-DLS,naive,DMS,29,0.945948
2,DMS-DLS,naive,DMS,30,0.937318
2,DMS-DLS,naive,DMS,31,0.0
2,DMS-DLS,naive,DMS,32,0.029368
2,DMS-DLS,naive,DMS,33,0.390026
2,DMS-DLS,naive,DMS,34,0.0
2,DMS-DLS,naive,DMS,35,0.0
2,DMS-DLS,naive,DMS,36,0.288168
2,DMS-DLS,naive,DMS,37,0.059133
2,DMS-DLS,naive,DMS,38,0.063042
2,DMS-DLS,naive,DMS,39,0.031589
2,DMS-DLS,naive,DMS,40,0.974012
2,DMS-DLS,naive,DMS,41,0.0
2,DMS-DLS,naive,DMS,42,0.010818
2,DMS-DLS,naive,DMS,43,0.0
2,DMS-DLS,naive,DMS,44,0.003396
2,DMS-DLS,naive,DMS,45,0.0
2,DMS-DLS,naive,DMS,46,0.023264
2,DMS-DLS,naive,DMS,47,0.031691
2,DMS-DLS,naive,DMS,48,0.024
2,DMS-DLS,naive,DMS,49,0.050953
2,DMS-DLS,naive,DMS,50,0.363824
2,DMS-DLS,naive,DMS,51,0.840989
2,DMS-DLS,naive,DMS,52,0.815783
2,DMS-DLS,naive,DMS,53,0.0
2,DMS-DLS,naive,DMS,54,0.407134
2,DMS-DLS,naive,DMS,55,0.0
2,DMS-DLS,naive,DMS,56,0.878265
2,DMS-DLS,naive,DMS,57,0.996221
2,DMS-DLS,naive,DMS,58,0.005792
2,DMS-DLS,naive,DMS,59,0.104688
2,DMS-DLS,naive,DMS,60,0.966125
2,DMS-DLS,naive,DMS,61,0.082669
2,DMS-DLS,naive,DMS,62,0.0
2,DMS-DLS,naive,DMS,63,0.1372
2,DMS-DLS,naive,DMS,64,0.0
2,DMS-DLS,naive,DMS,65,0.085682
2,DMS-DLS,naive,DMS,66,0.878894
2,DMS-DLS,naive,DMS,67,0.635116
2,DMS-DLS,naive,DMS,68,0.417194
2,DMS-DLS,naive,DLS,0,1.284736
2,DMS-DLS,naive,DLS,1,0.219534
2,DMS-DLS,naive,DLS,2,0.511033
2,DMS-DLS,naive,DLS,3,1.068542
2,DMS-DLS,naive,DLS,4,0.070902
2,DMS-DLS,naive,DLS,5,1.349963
2,DMS-DLS,naive,DLS,6,0.130049
2,DMS-DLS,naive,DLS,7,0.140737
2,DMS-DLS,naive,DLS,8,0.044869
2,DMS-DLS,naive,DLS,9,0.121369
2,DMS-DLS,naive,DLS,10,0.04652
2,DMS-DLS,naive,DLS,11,1.081567
2,DMS-DLS,naive,DLS,12,0.846201
2,DMS-DLS,naive,DLS,13,0.927338
2,DMS-DLS,naive,DLS,14,0.0
2,DMS-DLS,naive,DLS,15,1.251213
2,DMS-DLS,naive,DLS,16,0.009584
2,DMS-DLS,naive,DLS,17,0.187916
2,DMS-DLS,naive,DLS,18,0.0
2,DMS-DLS,naive,DLS,19,0.0
2,DMS-DLS,naive,DLS,20,1.098793
2,DMS-DLS,naive,DLS,21,0.083649
2,DMS-DLS,naive,DLS,22,0.09271
2,DMS-DLS,naive,DLS,23,0.0
2,DMS-DLS,naive,DLS,24,0.811468
2,DMS-DLS,naive,DLS,25,0.56364
2,DMS-DLS,naive,DLS,26,0.035668
2,DMS-DLS,naive,DLS,27,0.564842
2,DMS-DLS,naive,DLS,28,0.004148
2,DMS-DLS,naive,DLS,29,0.359211
2,DMS-DLS,naive,DLS,30,0.0
2,DMS-DLS,naive,DLS,31,0.708151
2,DMS-DLS,naive,DLS,32,0.084117
2,DMS-DLS,naive,DLS,33,0.1855
2,DMS-DLS,naive,DLS,34,0.0
2,DMS-DLS,naive,DLS,35,0.079841
2,DMS-DLS,naive,DLS,36,0.134098
2,DMS-DLS,naive,DLS,37,0.490098
2,DMS-DLS,naive,DLS,38,0.360832
2,DMS-DLS,naive,DLS,39,0.124315
2,DMS-DLS,naive,DLS,40,0.861827
2,DMS-DLS,naive,DLS,41,0.910274
2,DMS-DLS,naive,DLS,42,0.227624
2,DMS-DLS,naive,DLS,43,1.107059
2,DMS-DLS,naive,DLS,44,0.023709
2,DMS-DLS,naive,DLS,45,0.0
2,DMS-DLS,naive,DLS,46,1.046738
2,DMS-DLS,naive,DLS,47,1.332099
2,DMS-DLS,naive,DLS,48,0.0
2,DMS-DLS,naive,DLS,49,0.645437
2,DMS-DLS,naive,DLS,50,0.522344
2,DMS-DLS,naive,DLS,51,0.034003
2,DMS-DLS,naive,DLS,52,0.146669
2,DMS-DLS,naive,DLS,53,0.913524
2,DMS-DLS,naive,DLS,54,0.559907
2,DMS-DLS,naive,DLS,55,0.130273
2,DMS-DLS,naive,DLS,56,1.175901
2,DMS-DLS,naive,DLS,57,0.08376
2,DMS-DLS,naive,DLS,58,0.177265
2,DMS-DLS,naive,DLS,59,0.092055
2,DMS-DLS,intermediate,DMS,0,0.120157
2,DMS-DLS,intermediate,DMS,1,0.730067
2,DMS-DLS,intermediate,DMS,2,0.782329
2,DMS-DLS,intermediate,DMS,3,0.962191
2,DMS-DLS,intermediate,DMS,4,0.003816
2,DMS-DLS,intermediate,DMS,5,0.0
2,DMS-DLS,intermediate,DMS,6,0.643104
2,DMS-DLS,intermediate,DMS,7,0.014811
2,DMS-DLS,intermediate,DMS,8,0.085387
2,DMS-DLS,intermediate,DMS,9,1.091476
2,DMS-DLS,intermediate,DMS,10,1.066342
2,DMS-DLS,intermediate,DMS,11,0.0
2,DMS-DLS,intermediate,DMS,12,0.959042
2,DMS-DLS,intermediate,DMS,13,0.0
2,DMS-DLS,intermediate,DMS,14,0.0
2,DMS-DLS,intermediate,DMS,15,0.108238
2,DMS-DLS,intermediate,DMS,16,0.0
2,DMS-DLS,intermediate,DMS,17,0.142332
2,DMS-DLS,intermediate,DMS,18,0.015826
2,DMS-DLS,intermediate,DMS,19,0.0
2,DMS-DLS,intermediate,DMS,20,0.53707
2,DMS-DLS,intermediate,DMS,21,0.034538
2,DMS-DLS,intermediate,DMS,22,0.0
2,DMS-DLS,intermediate,DMS,23,0.024968
2,DMS-DLS,intermediate,DMS,24,0.201962
2,DMS-DLS,intermediate,DMS,25,0.0
2,DMS-DLS,intermediate,DMS,26,0.0
2,DMS-DLS,intermediate,DMS,27,0.853597
2,DMS-DLS,intermediate,DMS,28,0.113973
2,DMS-DLS,intermediate,DMS,29,0.978491
2,DMS-DLS,intermediate,DMS,30,0.408308
2,DMS-DLS,intermediate,DMS,31,0.567592
2,DMS-DLS,intermediate,DMS,32,0.971158
2,DMS-DLS,intermediate,DMS,33,0.418303
2,DMS-DLS,intermediate,DMS,34,0.0
2,DMS-DLS,intermediate,DMS,35,0.277419
2,DMS-DLS,intermediate,DMS,36,0.0
2,DMS-DLS,intermediate,DMS,37,0.0
2,DMS-DLS,intermediate,DMS,38,0.154819
2,DMS-DLS,intermediate,DMS,39,0.0
2,DMS-DLS,intermediate,DMS,40,0.239996
2,DMS-DLS,intermediate,DMS,41,0.0
2,DMS-DLS,intermediate,DMS,42,0.0
2,DMS-DLS,intermediate,DMS,43,0.155853
2,DMS-DLS,intermediate,DMS,44,0.009481
2,DMS-DLS,intermediate,DMS,45,0.0
2,DMS-DLS,intermediate,DMS,46,0.015001
2,DMS-DLS,intermediate,DMS,47,0.012234
2,DMS-DLS,intermediate,DMS,48,0.043369
2,DMS-DLS,intermediate,DMS,49,0.048663
2,DMS-DLS,intermediate,DMS,50,0.0
2,DMS-DLS,intermediate,DMS,51,0.958771
2,DMS-DLS,intermediate,DMS,52,1.000715
2,DMS-DLS,intermediate,DMS,53,0.0
2,DMS-DLS,intermediate,DMS,54,0.914469
2,DMS-DLS,intermediate,DMS,55,0.0
2,DMS-DLS,intermediate,DMS,56,0.152232
2,DMS-DLS,intermediate,DMS,57,0.076457
2,DMS-DLS,intermediate,DMS,58,0.043999
2,DMS-DLS,intermediate,DMS,59,0.0
2,DMS-DLS,intermediate,DMS,60,0.271176
2,DMS-DLS,intermediate,DMS,61,0.0
2,DMS-DLS,intermediate,DMS,62,0.736594
2,DMS-DLS,intermediate,DMS,63,0.119904
2,DMS-DLS,intermediate,DMS,64,0.010428
2,DMS-DLS,intermediate,DMS,65,1.001726
2,DMS-DLS,intermediate,DMS,66,0.203037
2,DMS-DLS,intermediate,DMS,67,0.814431
2,DMS-DLS,intermediate,DMS,68,0.703422
2,DMS-DLS,intermediate,DLS,0,0.890071
2,DMS-DLS,intermediate,DLS,1,0.432078
2,DMS-DLS,intermediate,DLS,2,0.791771
2,DMS-DLS,intermediate,DLS,3,0.553643
2,DMS-DLS,intermediate,DLS,4,0.856393
2,DMS-DLS,intermediate,DLS,5,0.866834
2,DMS-DLS,intermediate,DLS,6,0.849513
2,DMS-DLS,intermediate,DLS,7,0.216591
2,DMS-DLS,intermediate,DLS,8,0.512462
2,DMS-DLS,intermediate,DLS,9,0.89593
2,DMS-DLS,intermediate,DLS,10,0.575809
2,DMS-DLS,intermediate,DLS,11,0.76597
2,DMS-DLS,intermediate,DLS,12,0.166381
2,DMS-DLS,intermediate,DLS,13,0.015916
2,DMS-DLS,intermediate,DLS,14,0.112693
2,DMS-DLS,intermediate,DLS,15,0.182412
2,DMS-DLS,intermediate,DLS,16,0.087465
2,DMS-DLS,intermediate,DLS,17,0.453277
2,DMS-DLS,intermediate,DLS,18,0.0
2,DMS-DLS,intermediate,DLS,19,0.778359
2,DMS-DLS,intermediate,DLS,20,0.891924
2,DMS-DLS,intermediate,DLS,21,0.039369
2,DMS-DLS,intermediate,DLS,22,0.826918
2,DMS-DLS,intermediate,DLS,23,0.0
2,DMS-DLS,intermediate,DLS,24,0.911885
2,DMS-DLS,intermediate,DLS,25,0.504748
2,DMS-DLS,intermediate,DLS,26,0.208676
2,DMS-DLS,intermediate,DLS,27,0.017472
2,DMS-DLS,intermediate,DLS,28,0.004302
2,DMS-DLS,intermediate,DLS,29,0.62524
2,DMS-DLS,intermediate,DLS,30,0.0
2,DMS-DLS,intermediate,DLS,31,0.409034
2,DMS-DLS,intermediate,DLS,32,0.59342
2,DMS-DLS,intermediate,DLS,33,0.065281
2,DMS-DLS,intermediate,DLS,34,0.078663
2,DMS-DLS,intermediate,DLS,35,0.25042
2,DMS-DLS,intermediate,DLS,36,0.25796
2,DMS-DLS,intermediate,DLS,37,0.502065
2,DMS-DLS,intermediate,DLS,38,0.536741
2,DMS-DLS,intermediate,DLS,39,0.093091
2,DMS-DLS,intermediate,DLS,40,0.051441
2,DMS-DLS,intermediate,DLS,41,0.843774
2,DMS-DLS,intermediate,DLS,42,0.062385
2,DMS-DLS,intermediate,DLS,43,0.193345
2,DMS-DLS,intermediate,DLS,44,0.395449
2,DMS-DLS,intermediate,DLS,45,0.029628
2,DMS-DLS,intermediate,DLS,46,0.683249
2,DMS-DLS,intermediate,DLS,47,0.803561
2,DMS-DLS,intermediate,DLS,48,0.0
2,DMS-DLS,intermediate,DLS,49,0.234011
2,DMS-DLS,intermediate,DLS,50,0.333934
2,DMS-DLS,intermediate,DLS,51,0.079357
2,DMS-DLS,intermediate,DLS,52,0.083452
2,DMS-DLS,intermediate,DLS,53,0.64699
2,DMS-DLS,intermediate,DLS,54,0.014106
2,DMS-DLS,intermediate,DLS,55,0.056319
2,DMS-DLS,intermediate,DLS,56,0.095471
2,DMS-DLS,intermediate,DLS,57,0.477038
2,DMS-DLS,intermediate,DLS,58,0.398542
2,DMS-DLS,intermediate,DLS,59,0.061623
2,DMS-DLS,expert,DMS,0,0.029601
2,DMS-DLS,expert,DMS,1,0.097586
2,DMS-DLS,expert,DMS,2,0.864888
2,DMS-DLS,expert,DMS,3,0.887266
2,DMS-DLS,expert,DMS,4,0.009022
2,DMS-DLS,expert,DMS,5,0.0
2,DMS-DLS,expert,DMS,6,0.595686
2,DMS-DLS,expert,DMS,7,0.049563
2,DMS-DLS,expert,DMS,8,1.009993
2,DMS-DLS,expert,DMS,9,0.930099
2,DMS-DLS,expert,DMS,10,1.072243
2,DMS-DLS,expert,DMS,11,0.039934
2,DMS-DLS,expert,DMS,12,0.260124
2,DMS-DLS,expert,DMS,13,0.0
2,DMS-DLS,expert,DMS,14,0.0
2,DMS-DLS,expert,DMS,15,0.150774
2,DMS-DLS,expert,DMS,16,0.0
2,DMS-DLS,expert,DMS,17,0.160334
2,DMS-DLS,expert,DMS,18,0.173003
2,DMS-DLS,expert,DMS,19,0.124085
2,DMS-DLS,expert,DMS,20,0.924365
2,DMS-DLS,expert,DMS,21,0.044355
2,DMS-DLS,expert,DMS,22,0.039188
2,DMS-DLS,expert,DMS,23,0.036411
2,DMS-DLS,expert,DMS,24,0.0
2,DMS-DLS,expert,DMS,25,0.0
2,DMS-DLS,expert,DMS,26,0.0
2,DMS-DLS,expert,DMS,27,0.728354
2,DMS-DLS,expert,DMS,28,0.907638
2,DMS-DLS,expert,DMS,29,0.950096
2,DMS-DLS,expert,DMS,30,0.595261
2,DMS-DLS,expert,DMS,31,1.056066
2,DMS-DLS,expert,DMS,32,0.62893
2,DMS-DLS,expert,DMS,33,0.262723
2,DMS-DLS,expert,DMS,34,0.0
2,DMS-DLS,expert,DMS,35,0.059741
2,DMS-DLS,expert,DMS,36,0.058707
2,DMS-DLS,expert,DMS,37,0.046798
2,DMS-DLS,expert,DMS,38,0.504992
2,DMS-DLS,expert,DMS,39,0.947523
2,DMS-DLS,expert,DMS,40,0.638748
2,DMS-DLS,expert,DMS,41,0.0
2,DMS-DLS,expert,DMS,42,0.0
2,DMS-DLS,expert,DMS,43,0.0
2,DMS-DLS,expert,DMS,44,0.033412
2,DMS-DLS,expert,DMS,45,0.0
2,DMS-DLS,expert,DMS,46,0.581342
2,DMS-DLS,expert,DMS,47,0.0229
2,DMS-DLS,expert,DMS,48,0.048997
2,DMS-DLS,expert,DMS,49,0.080826
2,DMS-DLS,expert,DMS,50,0.0
2,DMS-DLS,expert,DMS,51,0.694543
2,DMS-DLS,expert,DMS,52,0.940107
2,DMS-DLS,expert,DMS,53,0.006863
2,DMS-DLS,expert,DMS,54,0.945611
2,DMS-DLS,expert,DMS,55,0.0
2,DMS-DLS,expert,DMS,56,0.822553
2,DMS-DLS,expert,DMS,57,0.111713
2,DMS-DLS,expert,DMS,58,0.090876
2,DMS-DLS,expert,DMS,59,0.159408
2,DMS-DLS,expert,DMS,60,0.39776
2,DMS-DLS,expert,DMS,61,0.195663
2,DMS-DLS,expert,DMS,62,0.057335
2,DMS-DLS,expert,DMS,63,0.066306
2,DMS-DLS,expert,DMS,64,0.047196
2,DMS-DLS,expert,DMS,65,0.049225
2,DMS-DLS,expert,DMS,66,0.17356
2,DMS-DLS,expert,DMS,67,1.014453
2,DMS-DLS,expert,DMS,68,0.772719
2,DMS-DLS,expert,DLS,0,0.963635
2,DMS-DLS,expert,DLS,1,0.036663
2,DMS-DLS,expert,DLS,2,0.106771
2,DMS-DLS,expert,DLS,3,0.652411
2,DMS-DLS,expert,DLS,4,0.950879
2,DMS-DLS,expert,DLS,5,0.907077
2,DMS-DLS,expert,DLS,6,0.957361
2,DMS-DLS,expert,DLS,7,0.732834
2,DMS-DLS,expert,DLS,8,0.0
2,DMS-DLS,expert,DLS,9,0.868852
2,DMS-DLS,expert,DLS,10,0.0
2,DMS-DLS,expert,DLS,11,0.743035
2,DMS-DLS,expert,DLS,12,0.92925
2,DMS-DLS,expert,DLS,13,0.023684
2,DMS-DLS,expert,DLS,14,0.0
2,DMS-DLS,expert,DLS,15,0.195104
2,DMS-DLS,expert,DLS,16,0.015762
2,DMS-DLS,expert,DLS,17,0.378401
2,DMS-DLS,expert,DLS,18,0.0
2,DMS-DLS,expert,DLS,19,0.654922
2,DMS-DLS,expert,DLS,20,0.889558
2,DMS-DLS,expert,DLS,21,0.080784
2,DMS-DLS,expert,DLS,22,0.085005
2,DMS-DLS,expert,DLS,23,0.055245
2,DMS-DLS,expert,DLS,24,0.670787
2,DMS-DLS,expert,DLS,25,0.781314
2,DMS-DLS,expert,DLS,26,0.701459
2,DMS-DLS,expert,DLS,27,0.0
2,DMS-DLS,expert,DLS,28,0.057868
2,DMS-DLS,expert,DLS,29,0.043259
2,DMS-DLS,expert,DLS,30,0.0
2,DMS-DLS,expert,DLS,31,0.489943
2,DMS-DLS,expert,DLS,32,0.544062
2,DMS-DLS,expert,DLS,33,0.38485
2,DMS-DLS,expert,DLS,34,0.041692
2,DMS-DLS,expert,DLS,35,0.0
2,DMS-DLS,expert,DLS,36,0.0
2,DMS-DLS,expert,DLS,37,0.102233
2,DMS-DLS,expert,DLS,38,0.039393
2,DMS-DLS,expert,DLS,39,0.348194
2,DMS-DLS,expert,DLS,40,0.969831
2,DMS-DLS,expert,DLS,41,0.869202
2,DMS-DLS,expert,DLS,42,0.09547
2,DMS-DLS,expert,DLS,43,0.777549
2,DMS-DLS,expert,DLS,44,0.126481
2,DMS-DLS,expert,DLS,45,0.056358
2,DMS-DLS,expert,DLS,46,0.639518
2,DMS-DLS,expert,DLS,47,0.780529
2,DMS-DLS,expert,DLS,48,0.074626
2,DMS-DLS,expert,DLS,49,0.368778
2,DMS-DLS,expert,DLS,50,0.761814
2,DMS-DLS,expert,DLS,51,0.976292
2,DMS-DLS,expert,DLS,52,0.059649
2,DMS-DLS,expert,DLS,53,0.294108
2,DMS-DLS,expert,DLS,54,0.087108
2,DMS-DLS,expert,DLS,55,0.299981
2,DMS-DLS,expert,DLS,56,0.189031
2,DMS-DLS,expert,DLS,57,0.123656
2,DMS-DLS,expert,DLS,58,0.11364
2,DMS-DLS,expert,DLS,59,0.466498
2,DMS-ACC,naive,DMS,0,0.106144
2,DMS-ACC,naive,DMS,1,0.049745
2,DMS-ACC,naive,DMS,2,0.041678
2,DMS-ACC,naive,DMS,3,0.065857
2,DMS-ACC,naive,DMS,4,0.0
2,DMS-ACC,naive,DMS,5,0.0
2,DMS-ACC,naive,DMS,6,0.939482
2,DMS-ACC,naive,DMS,7,0.879133
2,DMS-ACC,naive,DMS,8,0.03295
2,DMS-ACC,naive,DMS,9,0.043322
2,DMS-ACC,naive,DMS,10,0.95777
2,DMS-ACC,naive,DMS,11,0.000723
2,DMS-ACC,naive,DMS,12,0.180877
2,DMS-ACC,naive,DMS,13,0.0
2,DMS-ACC,naive,DMS,14,0.0
2,DMS-ACC,naive,DMS,15,0.09228
2,DMS-ACC,naive,DMS,16,0.0
2,DMS-ACC,naive,DMS,17,0.068236
2,DMS-ACC,naive,DMS,18,0.030483
2,DMS-ACC,naive,DMS,19,0.0
2,DMS-ACC,naive,DMS,20,0.494709
2,DMS-ACC,naive,DMS,21,0.214673
2,DMS-ACC,naive,DMS,22,0.022401
2,DMS-ACC,naive,DMS,23,0.006191
2,DMS-ACC,naive,DMS,24,0.882776
2,DMS-ACC,naive,DMS,25,0.0
2,DMS-ACC,naive,DMS,26,0.0
2,DMS-ACC,naive,DMS,27,0.755309
2,DMS-ACC,naive,DMS,28,0.549796
2,DMS-ACC,naive,DMS,29,0.946386
2,DMS-ACC,naive,DMS,30,0.942658
2,DMS-ACC,naive,DMS,31,0.0
2,DMS-ACC,naive,DMS,32,0.033354
2,DMS-ACC,naive,DMS,33,0.390391
2,DMS-ACC,naive,DMS,34,0.0
2,DMS-ACC,naive,DMS,35,0.0
2,DMS-ACC,naive,DMS,36,0.453793
2,DMS-ACC,naive,DMS,37,0.093769
2,DMS-ACC,naive,DMS,38,0.074205
2,DMS-ACC,naive,DMS,39,0.033115
2,DMS-ACC,naive,DMS,40,0.975313
2,DMS-ACC,naive,DMS,41,0.0
2,DMS-ACC,naive,DMS,42,0.015856
2,DMS-ACC,naive,DMS,43,0.0
2,DMS-ACC,naive,DMS,44,0.003347
2,DMS-ACC,naive,DMS,45,0.0
2,DMS-ACC,naive,DMS,46,0.027677
2,DMS-ACC,naive,DMS,47,0.029461
2,DMS-ACC,naive,DMS,48,0.022148
2,DMS-ACC,naive,DMS,49,0.054944
2,DMS-ACC,naive,DMS,50,0.523282
2,DMS-ACC,naive,DMS,51,0.845816
2,DMS-ACC,naive,DMS,52,0.827822
2,DMS-ACC,naive,DMS,53,0.0
2,DMS-ACC,naive,DMS,54,0.408982
2,DMS-ACC,naive,DMS,55,0.0
2,DMS-ACC,naive,DMS,56,0.879142
2,DMS-ACC,naive,DMS,57,0.981757
2,DMS-ACC,naive,DMS,58,0.005403
2,DMS-ACC,naive,DMS,59,0.116053
2,DMS-ACC,naive,DMS,60,0.890508
2,DMS-ACC,naive,DMS,61,0.084203
2,DMS-ACC,naive,DMS,62,0.0
2,DMS-ACC,naive,DMS,63,0.721944
2,DMS-ACC,naive,DMS,64,0.0
2,DMS-ACC,naive,DMS,65,0.080129
2,DMS-ACC,naive,DMS,66,0.879341
2,DMS-ACC,naive,DMS,67,0.635673
2,DMS-ACC,naive,DMS,68,0.41737
2,DMS-ACC,naive,ACC,0,0.896825
2,DMS-ACC,naive,ACC,1,0.024537
2,DMS-ACC,naive,ACC,2,0.856189
2,DMS-ACC,naive,ACC,3,0.72272
2,DMS-ACC,naive,ACC,4,1.015304
2,DMS-ACC,naive,ACC,5,0.062989
2,DMS-ACC,naive,ACC,6,0.0
2,DMS-ACC,naive,ACC,7,0.95634
2,DMS-ACC,naive,ACC,8,0.571657
2,DMS-ACC,naive,ACC,9,0.360685
2,DMS-ACC,naive,ACC,10,0.0
2,DMS-ACC,naive,ACC,11,0.872761
2,DMS-ACC,naive,ACC,12,0.739005
2,DMS-ACC,naive,ACC,13,0.042069
2,DMS-ACC,naive,ACC,14,0.445059
2,DMS-ACC,naive,ACC,15,1.030162
2,DMS-ACC,naive,ACC,16,0.997981
2,DMS-ACC,naive,ACC,17,0.106808
2,DMS-ACC,naive,ACC,18,0.197092
2,DMS-ACC,naive,ACC,19,0.033647
2,DMS-ACC,naive,ACC,20,0.046286
2,DMS-ACC,naive,ACC,21,0.033787
2,DMS-ACC,naive,ACC,22,0.0
2,DMS-ACC,naive,ACC,23,0.0
2,DMS-ACC,naive,ACC,24,0.0
2,DMS-ACC,naive,ACC,25,0.65258
2,DMS-ACC,naive,ACC,26,0.923074
2,DMS-ACC,naive,ACC,27,0.161386
2,DMS-ACC,naive,ACC,28,0.024732
2,DMS-ACC,naive,ACC,29,0.025066
2,DMS-ACC,naive,ACC,30,0.047829
2,DMS-ACC,naive,ACC,31,0.572391
2,DMS-ACC,naive,ACC,32,0.51462
2,DMS-ACC,naive,ACC,33,0.02964
2,DMS-ACC,naive,ACC,34,0.051168
2,DMS-ACC,naive,ACC,35,0.0
2,DMS-ACC,naive,ACC,36,0.0
2,DMS-ACC,naive,ACC,37,0.0
2,DMS-ACC,naive,ACC,38,0.0
2,DMS-ACC,naive,ACC,39,0.0
2,DMS-ACC,naive,ACC,40,0.7619
2,DMS-ACC,naive,ACC,41,0.256586
2,DMS-ACC,naive,ACC,42,1.158075
2,DMS-ACC,naive,ACC,43,0.013272
2,DMS-ACC,naive,ACC,44,0.030616
2,DMS-ACC,naive,ACC,45,0.0
2,DMS-ACC,naive,ACC,46,0.088204
2,DMS-ACC,naive,ACC,47,0.0
2,DMS-ACC,naive,ACC,48,0.0
2,DMS-ACC,naive,ACC,49,0.0
2,DMS-ACC,naive,ACC,50,0.0
2,DMS-ACC,naive,ACC,51,0.0
2,DMS-ACC,naive,ACC,52,0.0
2,DMS-ACC,naive,ACC,53,0.012672
2,DMS-ACC,naive,ACC,54,0.681038
2,DMS-ACC,naive,ACC,55,0.794958
2,DMS-ACC,naive,ACC,56,0.901509
2,DMS-ACC,naive,ACC,57,0.038486
2,DMS-ACC,naive,ACC,58,0.0
2,DMS-ACC,naive,ACC,59,0.0
2,DMS-ACC,naive,ACC,60,0.036034
2,DMS-ACC,naive,ACC,61,0.0
2,DMS-ACC,naive,ACC,62,0.031066
2,DMS-ACC,naive,ACC,63,0.0
2,DMS-ACC,intermediate,DMS,0,0.128422
2,DMS-ACC,intermediate,DMS,1,0.734408
2,DMS-ACC,intermediate,DMS,2,0.79367
2,DMS-ACC,intermediate,DMS,3,0.976326
2,DMS-ACC,intermediate,DMS,4,0.004047
2,DMS-ACC,intermediate,DMS,5,0.0
2,DMS-ACC,intermediate,DMS,6,0.644862
2,DMS-ACC,intermediate,DMS,7,0.014761
2,DMS-ACC,intermediate,DMS,8,0.080903
2,DMS-ACC,intermediate,DMS,9,1.092104
2,DMS-ACC,intermediate,DMS,10,1.057982
2,DMS-ACC,intermediate,DMS,11,0.0
2,DMS-ACC,intermediate,DMS,12,0.980071
2,DMS-ACC,intermediate,DMS,13,0.0
2,DMS-ACC,intermediate,DMS,14,0.0
2,DMS-ACC,intermediate,DMS,15,0.119031
2,DMS-ACC,intermediate,DMS,16,0.0
2,DMS-ACC,intermediate,DMS,17,0.129565
2,DMS-ACC,intermediate,DMS,18,0.016313
2,DMS-ACC,intermediate,DMS,19,0.0
2,DMS-ACC,intermediate,DMS,20,0.538285
2,DMS-ACC,intermediate,DMS,21,0.035268
2,DMS-ACC,intermediate,DMS,22,0.0
2,DMS-ACC,intermediate,DMS,23,0.023529
2,DMS-ACC,intermediate,DMS,24,0.22722
2,DMS-ACC,intermediate,DMS,25,0.0
2,DMS-ACC,intermediate,DMS,26,0.0
2,DMS-ACC,intermediate,DMS,27,0.832355
2,DMS-ACC,intermediate,DMS,28,0.113159
2,DMS-ACC,intermediate,DMS,29,0.983511
2,DMS-ACC,intermediate,DMS,30,0.407084
2,DMS-ACC,intermediate,DMS,31,0.567534
2,DMS-ACC,intermediate,DMS,32,0.963189
2,DMS-ACC,intermediate,DMS,33,0.424923
2,DMS-ACC,intermediate,DMS,34,0.0
2,DMS-ACC,intermediate,DMS,35,0.27811
2,DMS-ACC,intermediate,DMS,36,0.0
2,DMS-ACC,intermediate,DMS,37,0.0
2,DMS-ACC,intermediate,DMS,38,0.165532
2,DMS-ACC,intermediate,DMS,39,0.0
2,DMS-ACC,intermediate,DMS,40,0.24519
2,DMS-ACC,intermediate,DMS,41,0.0
2,DMS-ACC,intermediate,DMS,42,0.0
2,DMS-ACC,intermediate,DMS,43,0.168032
2,DMS-ACC,intermediate,DMS,44,0.009368
2,DMS-ACC,intermediate,DMS,45,0.0
2,DMS-ACC,intermediate,DMS,46,0.015672
2,DMS-ACC,intermediate,DMS,47,0.013872
2,DMS-ACC,intermediate,DMS,48,0.045504
2,DMS-ACC,intermediate,DMS,49,0.04945
2,DMS-ACC,intermediate,DMS,50,0.0
2,DMS-ACC,intermediate,DMS,51,0.960905
2,DMS-ACC,intermediate,DMS,52,1.006628
2,DMS-ACC,intermediate,DMS,53,0.0
2,DMS-ACC,intermediate,DMS,54,0.920758
2,DMS-ACC,intermediate,DMS,55,0.0
2,DMS-ACC,intermediate,DMS,56,0.158147
2,DMS-ACC,intermediate,DMS,57,0.080885
2,DMS-ACC,intermediate,DMS,58,0.049314
2,DMS-ACC,intermediate,DMS,59,0.0
2,DMS-ACC,intermediate,DMS,60,0.2566
2,DMS-ACC,intermediate,DMS,61,0.0
2,DMS-ACC,intermediate,DMS,62,0.739491
2,DMS-ACC,intermediate,DMS,63,0.121124
2,DMS-ACC,intermediate,DMS,64,0.011993
2,DMS-ACC,intermediate,DMS,65,1.001064
2,DMS-ACC,intermediate,DMS,66,0.202253
2,DMS-ACC,intermediate,DMS,67,0.802057
2,DMS-ACC,intermediate,DMS,68,0.700476
2,DMS-ACC,intermediate,ACC,0,1.171018
2,DMS-ACC,intermediate,ACC,1,1.006897
2,DMS-ACC,intermediate,ACC,2,1.091349
2,DMS-ACC,intermediate,ACC,3,0.772384
2,DMS-ACC,intermediate,ACC,4,0.915896
2,DMS-ACC,intermediate,ACC,5,0.163038
2,DMS-ACC,intermediate,ACC,6,1.109529
2,DMS-ACC,intermediate,ACC,7,0.958087
2,DMS-ACC,intermediate,ACC,8,0.169665
2,DMS-ACC,intermediate,ACC,9,1.025081
2,DMS-ACC,intermediate,ACC,10,0.0
2,DMS-ACC,intermediate,ACC,11,0.867984
2,DMS-ACC,intermediate,ACC,12,0.068527
2,DMS-ACC,intermediate,ACC,13,0.184791
2,DMS-ACC,intermediate,ACC,14,0.379694
2,DMS-ACC,intermediate,ACC,15,1.125089
2,DMS-ACC,intermediate,ACC,16,0.161762
2,DMS-ACC,intermediate,ACC,17,1.067608
2,DMS-ACC,intermediate,ACC,18,0.981773
2,DMS-ACC,intermediate,ACC,19,0.087658
2,DMS-ACC,intermediate,ACC,20,0.062817
2,DMS-ACC,intermediate,ACC,21,0.136468
2,DMS-ACC,intermediate,ACC,22,0.0
2,DMS-ACC,intermediate,ACC,23,0.0
2,DMS-ACC,intermediate,ACC,24,0.014883
2,DMS-ACC,intermediate,ACC,25,0.888957
2,DMS-ACC,intermediate,ACC,26,0.051134
2,DMS-ACC,intermediate,ACC,27,1.145263
2,DMS-ACC,intermediate,ACC,28,0.092003
2,DMS-ACC,intermediate,ACC,29,0.0
2,DMS-ACC,intermediate,ACC,30,0.098841
2,DMS-ACC,intermediate,ACC,31,0.810504
2,DMS-ACC,intermediate,ACC,32,0.267343
2,DMS-ACC,intermediate,ACC,33,0.012932
2,DMS-ACC,intermediate,ACC,34,0.559151
2,DMS-ACC,intermediate,ACC,35,0.0
2,DMS-ACC,intermediate,ACC,36,0.0
2,DMS-ACC,intermediate,ACC,37,0.0
2,DMS-ACC,intermediate,ACC,38,0.0
2,DMS-ACC,intermediate,ACC,39,0.0
2,DMS-ACC,intermediate,ACC,40,1.108569
2,DMS-ACC,intermediate,ACC,41,0.129671
2,DMS-ACC,intermediate,ACC,42,0.0
2,DMS-ACC,intermediate,ACC,43,0.036451
2,DMS-ACC,intermediate,ACC,44,0.049481
2,DMS-ACC,intermediate,ACC,45,0.0
2,DMS-ACC,intermediate,ACC,46,0.976031
2,DMS-ACC,intermediate,ACC,47,0.0
2,DMS-ACC,intermediate,ACC,48,0.0
2,DMS-ACC,intermediate,ACC,49,0.095188
2,DMS-ACC,intermediate,ACC,50,0.0
2,DMS-ACC,intermediate,ACC,51,0.0
2,DMS-ACC,intermediate,ACC,52,0.075541
2,DMS-ACC,intermediate,ACC,53,0.036045
2,DMS-ACC,intermediate,ACC,54,0.868072
2,DMS-ACC,intermediate,ACC,55,1.092497
2,DMS-ACC,intermediate,ACC,56,1.06412
2,DMS-ACC,intermediate,ACC,57,0.055831
2,DMS-ACC,intermediate,ACC,58,0.0
2,DMS-ACC,intermediate,ACC,59,0.0
2,DMS-ACC,intermediate,ACC,60,0.08172
2,DMS-ACC,intermediate,ACC,61,0.0
2,DMS-ACC,intermediate,ACC,62,0.039728
2,DMS-ACC,intermediate,ACC,63,0.017345
2,DMS-ACC,expert,DMS,0,0.02908
2,DMS-ACC,expert,DMS,1,0.105908
2,DMS-ACC,expert,DMS,2,0.867118
2,DMS-ACC,expert,DMS,3,0.894037
2,DMS-ACC,expert,DMS,4,0.009325
2,DMS-ACC,expert,DMS,5,0.0
2,DMS-ACC,expert,DMS,6,0.596836
2,DMS-ACC,expert,DMS,7,0.051603
2,DMS-ACC,expert,DMS,8,1.000976
2,DMS-ACC,expert,DMS,9,0.917754
2,DMS-ACC,expert,DMS,10,1.073685
2,DMS-ACC,expert,DMS,11,0.034741
2,DMS-ACC,expert,DMS,12,0.238776
2,DMS-ACC,expert,DMS,13,0.0
2,DMS-ACC,expert,DMS,14,0.0
2,DMS-ACC,expert,DMS,15,0.147493
2,DMS-ACC,expert,DMS,16,0.0
2,DMS-ACC,expert,DMS,17,0.160432
2,DMS-ACC,expert,DMS,18,0.183164
2,DMS-ACC,expert,DMS,19,0.097271
2,DMS-ACC,expert,DMS,20,0.918856
2,DMS-ACC,expert,DMS,21,0.04858
2,DMS-ACC,expert,DMS,22,0.038672
2,DMS-ACC,expert,DMS,23,0.035892
2,DMS-ACC,expert,DMS,24,0.0
2,DMS-ACC,expert,DMS,25,0.0
2,DMS-ACC,expert,DMS,26,0.0
2,DMS-ACC,expert,DMS,27,0.706116
2,DMS-ACC,expert,DMS,28,0.906071
2,DMS-ACC,expert,DMS,29,0.944577
2,DMS-ACC,expert,DMS,30,0.593544
2,DMS-ACC,expert,DMS,31,1.061084
2,DMS-ACC,expert,DMS,32,0.632386
2,DMS-ACC,expert,DMS,33,0.267805
2,DMS-ACC,expert,DMS,34,0.0
2,DMS-ACC,expert,DMS,35,0.058463
2,DMS-ACC,expert,DMS,36,0.053845
2,DMS-ACC,expert,DMS,37,0.049463
2,DMS-ACC,expert,DMS,38,0.441603
2,DMS-ACC,expert,DMS,39,0.890469
2,DMS-ACC,expert,DMS,40,0.633019
2,DMS-ACC,expert,DMS,41,0.0
2,DMS-ACC,expert,DMS,42,0.0
2,DMS-ACC,expert,DMS,43,0.0
2,DMS-ACC,expert,DMS,44,0.030005
2,DMS-ACC,expert,DMS,45,0.0
2,DMS-ACC,expert,DMS,46,0.767659
2,DMS-ACC,expert,DMS,47,0.022501
2,DMS-ACC,expert,DMS,48,0.048022
2,DMS-ACC,expert,DMS,49,0.083989
2,DMS-ACC,expert,DMS,50,0.0
2,DMS-ACC,expert,DMS,51,0.735865
2,DMS-ACC,expert,DMS,52,0.893267
2,DMS-ACC,expert,DMS,53,0.006924
2,DMS-ACC,expert,DMS,54,0.955589
2,DMS-ACC,expert,DMS,55,0.0
2,DMS-ACC,expert,DMS,56,0.819461
2,DMS-ACC,expert,DMS,57,0.104329
2,DMS-ACC,expert,DMS,58,0.097396
2,DMS-ACC,expert,DMS,59,0.160665
2,DMS-ACC,expert,DMS,60,0.39517
2,DMS-ACC,expert,DMS,61,0.149855
2,DMS-ACC,expert,DMS,62,0.058161
2,DMS-ACC,expert,DMS,63,0.059986
2,DMS-ACC,expert,DMS,64,0.048544
2,DMS-ACC,expert,DMS,65,0.057686
2,DMS-ACC,expert,DMS,66,0.180429
2,DMS-ACC,expert,DMS,67,1.024222
2,DMS-ACC,expert,DMS,68,0.781541
2,DMS-ACC,expert,ACC,0,0.712483
2,DMS-ACC,expert,ACC,1,0.947736
2,DMS-ACC,expert,ACC,2,1.109711
2,DMS-ACC,expert,ACC,3,0.901075
2,DMS-ACC,expert,ACC,4,0.899497
2,DMS-ACC,expert,ACC,5,0.335235
2,DMS-ACC,expert,ACC,6,0.068989
2,DMS-ACC,expert,ACC,7,1.062764
2,DMS-ACC,expert,ACC,8,0.463427
2,DMS-ACC,expert,ACC,9,0.826976
2,DMS-ACC,expert,ACC,10,0.0
2,DMS-ACC,expert,ACC,11,0.758728
2,DMS-ACC,expert,ACC,12,0.102846
2,DMS-ACC,expert,ACC,13,0.444448
2,DMS-ACC,expert,ACC,14,1.075515
2,DMS-ACC,expert,ACC,15,1.031007
2,DMS-ACC,expert,ACC,16,0.200793
2,DMS-ACC,expert,ACC,17,1.01316
2,DMS-ACC,expert,ACC,18,0.986416
2,DMS-ACC,expert,ACC,19,0.315169
2,DMS-ACC,expert,ACC,20,0.741418
2,DMS-ACC,expert,ACC,21,0.054722
2,DMS-ACC,expert,ACC,22,0.0
2,DMS-ACC,expert,ACC,23,0.0
2,DMS-ACC,expert,ACC,24,0.0
2,DMS-ACC,expert,ACC,25,0.155851
2,DMS-ACC,expert,ACC,26,0.061958
2,DMS-ACC,expert,ACC,27,1.036642
2,DMS-ACC,expert,ACC,28,0.110263
2,DMS-ACC,expert,ACC,29,0.264421
2,DMS-ACC,expert,ACC,30,1.080453
2,DMS-ACC,expert,ACC,31,0.988075
2,DMS-ACC,expert,ACC,32,1.003619
2,DMS-ACC,expert,ACC,33,0.142518
2,DMS-ACC,expert,ACC,34,0.144046
2,DMS-ACC,expert,ACC,35,0.0
2,DMS-ACC,expert,ACC,36,0.0
2,DMS-ACC,expert,ACC,37,0.0
2,DMS-ACC,expert,ACC,38,0.0
2,DMS-ACC,expert,ACC,39,0.064095
2,DMS-ACC,expert,ACC,40,0.050473
2,DMS-ACC,expert,ACC,41,0.690127
2,DMS-ACC,expert,ACC,42,0.15899
2,DMS-ACC,expert,ACC,43,0.0
2,DMS-ACC,expert,ACC,44,0.095295
2,DMS-ACC,expert,ACC,45,0.0
2,DMS-ACC,expert,ACC,46,1.017578
2,DMS-ACC,expert,ACC,47,0.0
2,DMS-ACC,expert,ACC,48,0.0
2,DMS-ACC,expert,ACC,49,0.234312
2,DMS-ACC,expert,ACC,50,0.0
2,DMS-ACC,expert,ACC,51,0.034028
2,DMS-ACC,expert,ACC,52,0.030544
2,DMS-ACC,expert,ACC,53,0.024615
2,DMS-ACC,expert,ACC,54,0.342667
2,DMS-ACC,expert,ACC,55,0.973165
2,DMS-ACC,expert,ACC,56,0.947287
2,DMS-ACC,expert,ACC,57,0.068528
2,DMS-ACC,expert,ACC,58,0.011159
2,DMS-ACC,expert,ACC,59,0.0
2,DMS-ACC,expert,ACC,60,0.255477
2,DMS-ACC,expert,ACC,61,0.0
2,DMS-ACC,expert,ACC,62,0.0
2,DMS-ACC,expert,ACC,63,1.129594
2,DLS-ACC,naive,DLS,0,1.276413
2,DLS-ACC,naive,DLS,1,0.177184
2,DLS-ACC,naive,DLS,2,0.51167
2,DLS-ACC,naive,DLS,3,1.073141
2,DLS-ACC,naive,DLS,4,0.068629
2,DLS-ACC,naive,DLS,5,1.351633
2,DLS-ACC,naive,DLS,6,0.129076
2,DLS-ACC,naive,DLS,7,0.138255
2,DLS-ACC,naive,DLS,8,0.043937
2,DLS-ACC,naive,DLS,9,0.117515
2,DLS-ACC,naive,DLS,10,0.045554
2,DLS-ACC,naive,DLS,11,1.081246
2,DLS-ACC,naive,DLS,12,0.963757
2,DLS-ACC,naive,DLS,13,0.800314
2,DLS-ACC,naive,DLS,14,0.0
2,DLS-ACC,naive,DLS,15,1.256527
2,DLS-ACC,naive,DLS,16,0.011899
2,DLS-ACC,naive,DLS,17,0.183176
2,DLS-ACC,naive,DLS,18,0.0
2,DLS-ACC,naive,DLS,19,0.0
2,DLS-ACC,naive,DLS,20,1.096825
2,DLS-ACC,naive,DLS,21,0.078045
2,DLS-ACC,naive,DLS,22,0.086965
2,DLS-ACC,naive,DLS,23,0.0
2,DLS-ACC,naive,DLS,24,0.811972
2,DLS-ACC,naive,DLS,25,0.49409
2,DLS-ACC,naive,DLS,26,0.035889
2,DLS-ACC,naive,DLS,27,0.563014
2,DLS-ACC,naive,DLS,28,0.004523
2,DLS-ACC,naive,DLS,29,0.334745
2,DLS-ACC,naive,DLS,30,0.0
2,DLS-ACC,naive,DLS,31,0.707359
2,DLS-ACC,naive,DLS,32,0.075336
2,DLS-ACC,naive,DLS,33,0.209329
2,DLS-ACC,naive,DLS,34,0.0
2,DLS-ACC,naive,DLS,35,0.078055
2,DLS-ACC,naive,DLS,36,0.229167
2,DLS-ACC,naive,DLS,37,0.500669
2,DLS-ACC,naive,DLS,38,0.403984
2,DLS-ACC,naive,DLS,39,0.142173
2,DLS-ACC,naive,DLS,40,0.863589
2,DLS-ACC,naive,DLS,41,0.916649
2,DLS-ACC,naive,DLS,42,0.264714
2,DLS-ACC,naive,DLS,43,1.138719
2,DLS-ACC,naive,DLS,44,0.022804
2,DLS-ACC,naive,DLS,45,0.0
2,DLS-ACC,naive,DLS,46,1.046182
2,DLS-ACC,naive,DLS,47,1.338493
2,DLS-ACC,naive,DLS,48,0.0
2,DLS-ACC,naive,DLS,49,0.672271
2,DLS-ACC,naive,DLS,50,0.521759
2,DLS-ACC,naive,DLS,51,0.03362
2,DLS-ACC,naive,DLS,52,0.145303
2,DLS-ACC,naive,DLS,53,0.930015
2,DLS-ACC,naive,DLS,54,0.561333
2,DLS-ACC,naive,DLS,55,0.121436
2,DLS-ACC,naive,DLS,56,1.175952
2,DLS-ACC,naive,DLS,57,0.081945
2,DLS-ACC,naive,DLS,58,0.159136
2,DLS-ACC,naive,DLS,59,0.097582
2,DLS-ACC,naive,ACC,0,0.898396
2,DLS-ACC,naive,ACC,1,0.025373
2,DLS-ACC,naive,ACC,2,0.857794
2,DLS-ACC,naive,ACC,3,0.722051
2,DLS-ACC,naive,ACC,4,1.014207
2,DLS-ACC,naive,ACC,5,0.073558
2,DLS-ACC,naive,ACC,6,0.0
2,DLS-ACC,naive,ACC,7,0.962939
2,DLS-ACC,naive,ACC,8,0.605035
2,DLS-ACC,naive,ACC,9,0.429758
2,DLS-ACC,naive,ACC,10,0.0
2,DLS-ACC,naive,ACC,11,0.861239
2,DLS-ACC,naive,ACC,12,0.739281
2,DLS-ACC,naive,ACC,13,0.038866
2,DLS-ACC,naive,ACC,14,0.452185
2,DLS-ACC,naive,ACC,15,1.030531
2,DLS-ACC,naive,ACC,16,1.007475
2,DLS-ACC,naive,ACC,17,0.100684
2,DLS-ACC,naive,ACC,18,0.176235
2,DLS-ACC,naive,ACC,19,0.03084
2,DLS-ACC,naive,ACC,20,0.05009
2,DLS-ACC,naive,ACC,21,0.027022
2,DLS-ACC,naive,ACC,22,0.0
2,DLS-ACC,naive,ACC,23,0.0
2,DLS-ACC,naive,ACC,24,0.0
2,DLS-ACC,naive,ACC,25,0.652994
2,DLS-ACC,naive,ACC,26,0.926739
2,DLS-ACC,naive,ACC,27,0.170899
2,DLS-ACC,naive,ACC,28,0.023762
2,DLS-ACC,naive,ACC,29,0.025346
2,DLS-ACC,naive,ACC,30,0.044352
2,DLS-ACC,naive,ACC,31,0.571028
2,DLS-ACC,naive,ACC,32,0.51639
2,DLS-ACC,naive,ACC,33,0.028366
2,DLS-ACC,naive,ACC,34,0.051883
2,DLS-ACC,naive,ACC,35,0.0
2,DLS-ACC,naive,ACC,36,0.0
2,DLS-ACC,naive,ACC,37,0.0
2,DLS-ACC,naive,ACC,38,0.0
2,DLS-ACC,naive,ACC,39,0.0
2,DLS-ACC,naive,ACC,40,0.762525
2,DLS-ACC,naive,ACC,41,0.117572
2,DLS-ACC,naive,ACC,42,1.173602
2,DLS-ACC,naive,ACC,43,0.013417
2,DLS-ACC,naive,ACC,44,0.029962
2,DLS-ACC,naive,ACC,45,0.0
2,DLS-ACC,naive,ACC,46,0.080675
2,DLS-ACC,naive,ACC,47,0.0
2,DLS-ACC,naive,ACC,48,0.0
2,DLS-ACC,naive,ACC,49,0.0
2,DLS-ACC,naive,ACC,50,0.0
2,DLS-ACC,naive,ACC,51,0.0
2,DLS-ACC,naive,ACC,52,0.0
2,DLS-ACC,naive,ACC,53,0.013152
2,DLS-ACC,naive,ACC,54,0.681559
2,DLS-ACC,naive,ACC,55,0.795466
2,DLS-ACC,naive,ACC,56,0.907253
2,DLS-ACC,naive,ACC,57,0.038652
2,DLS-ACC,naive,ACC,58,0.0
2,DLS-ACC,naive,ACC,59,0.0
2,DLS-ACC,naive,ACC,60,0.036398
2,DLS-ACC,naive,ACC,61,0.0
2,DLS-ACC,naive,ACC,62,0.030955
2,DLS-ACC,naive,ACC,63,0.0
2,DLS-ACC,intermediate,DLS,0,0.900134
2,DLS-ACC,intermediate,DLS,1,0.434311
2,DLS-ACC,intermediate,DLS,2,0.799394
2,DLS-ACC,intermediate,DLS,3,0.518228
2,DLS-ACC,intermediate,DLS,4,0.859927
2,DLS-ACC,intermediate,DLS,5,0.871388
2,DLS-ACC,intermediate,DLS,6,0.850121
2,DLS-ACC,intermediate,DLS,7,0.211858
2,DLS-ACC,intermediate,DLS,8,0.50949
2,DLS-ACC,intermediate,DLS,9,0.900344
2,DLS-ACC,intermediate,DLS,10,0.572175
2,DLS-ACC,intermediate,DLS,11,0.764648
2,DLS-ACC,intermediate,DLS,12,0.159061
2,DLS-ACC,intermediate,DLS,13,0.015819
2,DLS-ACC,intermediate,DLS,14,0.118168
2,DLS-ACC,intermediate,DLS,15,0.162249
2,DLS-ACC,intermediate,DLS,16,0.090472
2,DLS-ACC,intermediate,DLS,17,0.475864
2,DLS-ACC,intermediate,DLS,18,0.0
2,DLS-ACC,intermediate,DLS,19,0.781709
2,DLS-ACC,intermediate,DLS,20,0.896327
2,DLS-ACC,intermediate,DLS,21,0.039854
2,DLS-ACC,intermediate,DLS,22,0.821717
2,DLS-ACC,intermediate,DLS,23,0.0
2,DLS-ACC,intermediate,DLS,24,0.905823
2,DLS-ACC,intermediate,DLS,25,0.482315
2,DLS-ACC,intermediate,DLS,26,0.202012
2,DLS-ACC,intermediate,DLS,27,0.01828
2,DLS-ACC,intermediate,DLS,28,0.00309
2,DLS-ACC,intermediate,DLS,29,0.591895
2,DLS-ACC,intermediate,DLS,30,0.0
2,DLS-ACC,intermediate,DLS,31,0.40904
2,DLS-ACC,intermediate,DLS,32,0.597244
2,DLS-ACC,intermediate,DLS,33,0.067556
2,DLS-ACC,intermediate,DLS,34,0.079473
2,DLS-ACC,intermediate,DLS,35,0.25999
2,DLS-ACC,intermediate,DLS,36,0.261185
2,DLS-ACC,intermediate,DLS,37,0.507007
2,DLS-ACC,intermediate,DLS,38,0.594392
2,DLS-ACC,intermediate,DLS,39,0.088825
2,DLS-ACC,intermediate,DLS,40,0.048689
2,DLS-ACC,intermediate,DLS,41,0.839539
2,DLS-ACC,intermediate,DLS,42,0.06417
2,DLS-ACC,intermediate,DLS,43,0.190886
2,DLS-ACC,intermediate,DLS,44,0.386044
2,DLS-ACC,intermediate,DLS,45,0.029373
2,DLS-ACC,intermediate,DLS,46,0.682727
2,DLS-ACC,intermediate,DLS,47,0.804261
2,DLS-ACC,intermediate,DLS,48,0.0
2,DLS-ACC,intermediate,DLS,49,0.224232
2,DLS-ACC,intermediate,DLS,50,0.332787
2,DLS-ACC,intermediate,DLS,51,0.080944
2,DLS-ACC,intermediate,DLS,52,0.078383
2,DLS-ACC,intermediate,DLS,53,0.661663
2,DLS-ACC,intermediate,DLS,54,0.012728
2,DLS-ACC,intermediate,DLS,55,0.056862
2,DLS-ACC,intermediate,DLS,56,0.10213
2,DLS-ACC,intermediate,DLS,57,0.494597
2,DLS-ACC,intermediate,DLS,58,0.420553
2,DLS-ACC,intermediate,DLS,59,0.061537
2,DLS-ACC,intermediate,ACC,0,1.168033
2,DLS-ACC,intermediate,ACC,1,1.005478
2,DLS-ACC,intermediate,ACC,2,1.090764
2,DLS-ACC,intermediate,ACC,3,0.772613
2,DLS-ACC,intermediate,ACC,4,0.912216
2,DLS-ACC,intermediate,ACC,5,0.152589
2,DLS-ACC,intermediate,ACC,6,1.112579
2,DLS-ACC,intermediate,ACC,7,0.954661
2,DLS-ACC,intermediate,ACC,8,0.155534
2,DLS-ACC,intermediate,ACC,9,1.033184
2,DLS-ACC,intermediate,ACC,10,0.0
2,DLS-ACC,intermediate,ACC,11,0.857417
2,DLS-ACC,intermediate,ACC,12,0.068834
2,DLS-ACC,intermediate,ACC,13,0.182193
2,DLS-ACC,intermediate,ACC,14,0.413403
2,DLS-ACC,intermediate,ACC,15,1.132697
2,DLS-ACC,intermediate,ACC,16,0.167311
2,DLS-ACC,intermediate,ACC,17,1.074654
2,DLS-ACC,intermediate,ACC,18,0.938843
2,DLS-ACC,intermediate,ACC,19,0.085174
2,DLS-ACC,intermediate,ACC,20,0.061544
2,DLS-ACC,intermediate,ACC,21,0.134571
2,DLS-ACC,intermediate,ACC,22,0.0
2,DLS-ACC,intermediate,ACC,23,0.0
2,DLS-ACC,intermediate,ACC,24,0.014783
2,DLS-ACC,intermediate,ACC,25,0.898994
2,DLS-ACC,intermediate,ACC,26,0.053824
2,DLS-ACC,intermediate,ACC,27,1.143988
2,DLS-ACC,intermediate,ACC,28,0.091391
2,DLS-ACC,intermediate,ACC,29,0.0
2,DLS-ACC,intermediate,ACC,30,0.098494
2,DLS-ACC,intermediate,ACC,31,0.809716
2,DLS-ACC,intermediate,ACC,32,0.259099
2,DLS-ACC,intermediate,ACC,33,0.010917
2,DLS-ACC,intermediate,ACC,34,0.671928
2,DLS-ACC,intermediate,ACC,35,0.0
2,DLS-ACC,intermediate,ACC,36,0.0
2,DLS-ACC,intermediate,ACC,37,0.0
2,DLS-ACC,intermediate,ACC,38,0.0
2,DLS-ACC,intermediate,ACC,39,0.0
2,DLS-ACC,intermediate,ACC,40,1.108121
2,DLS-ACC,intermediate,ACC,41,0.132341
2,DLS-ACC,intermediate,ACC,42,0.0
2,DLS-ACC,intermediate,ACC,43,0.037021
2,DLS-ACC,intermediate,ACC,44,0.051294
2,DLS-ACC,intermediate,ACC,45,0.0
2,DLS-ACC,intermediate,ACC,46,0.988508
2,DLS-ACC,intermediate,ACC,47,0.0
2,DLS-ACC,intermediate,ACC,48,0.0
2,DLS-ACC,intermediate,ACC,49,0.100386
2,DLS-ACC,intermediate,ACC,50,0.0
2,DLS-ACC,intermediate,ACC,51,0.0
2,DLS-ACC,intermediate,ACC,52,0.069976
2,DLS-ACC,intermediate,ACC,53,0.038033
2,DLS-ACC,intermediate,ACC,54,0.86358
2,DLS-ACC,intermediate,ACC,55,1.08966
2,DLS-ACC,intermediate,ACC,56,1.06145
2,DLS-ACC,intermediate,ACC,57,0.056234
2,DLS-ACC,intermediate,ACC,58,0.0
2,DLS-ACC,intermediate,ACC,59,0.0
2,DLS-ACC,intermediate,ACC,60,0.092071
2,DLS-ACC,intermediate,ACC,61,0.0
2,DLS-ACC,intermediate,ACC,62,0.040681
2,DLS-ACC,intermediate,ACC,63,0.016673
2,DLS-ACC,expert,DLS,0,0.972586
2,DLS-ACC,expert,DLS,1,0.0401
2,DLS-ACC,expert,DLS,2,0.143685
2,DLS-ACC,expert,DLS,3,0.659687
2,DLS-ACC,expert,DLS,4,0.990158
2,DLS-ACC,expert,DLS,5,0.912158
2,DLS-ACC,expert,DLS,6,0.938023
2,DLS-ACC,expert,DLS,7,0.774843
2,DLS-ACC,expert,DLS,8,0.0
2,DLS-ACC,expert,DLS,9,0.872201
2,DLS-ACC,expert,DLS,10,0.0
2,DLS-ACC,expert,DLS,11,0.740816
2,DLS-ACC,expert,DLS,12,0.93772
2,DLS-ACC,expert,DLS,13,0.023296
2,DLS-ACC,expert,DLS,14,0.0
2,DLS-ACC,expert,DLS,15,0.194278
2,DLS-ACC,expert,DLS,16,0.015647
2,DLS-ACC,expert,DLS,17,0.377668
2,DLS-ACC,expert,DLS,18,0.0
2,DLS-ACC,expert,DLS,19,0.652871
2,DLS-ACC,expert,DLS,20,0.874806
2,DLS-ACC,expert,DLS,21,0.077012
2,DLS-ACC,expert,DLS,22,0.087323
2,DLS-ACC,expert,DLS,23,0.056641
2,DLS-ACC,expert,DLS,24,0.677685
2,DLS-ACC,expert,DLS,25,0.773548
2,DLS-ACC,expert,DLS,26,0.732726
2,DLS-ACC,expert,DLS,27,0.0
2,DLS-ACC,expert,DLS,28,0.058421
2,DLS-ACC,expert,DLS,29,0.043822
2,DLS-ACC,expert,DLS,30,0.0
2,DLS-ACC,expert,DLS,31,0.499298
2,DLS-ACC,expert,DLS,32,0.543388
2,DLS-ACC,expert,DLS,33,0.289188
2,DLS-ACC,expert,DLS,34,0.044622
2,DLS-ACC,expert,DLS,35,0.0
2,DLS-ACC,expert,DLS,36,0.0
2,DLS-ACC,expert,DLS,37,0.101967
2,DLS-ACC,expert,DLS,38,0.038878
2,DLS-ACC,expert,DLS,39,0.340849
2,DLS-ACC,expert,DLS,40,1.043192
2,DLS-ACC,expert,DLS,41,0.871583
2,DLS-ACC,expert,DLS,42,0.096951
2,DLS-ACC,expert,DLS,43,0.770537
2,DLS-ACC,expert,DLS,44,0.125259
2,DLS-ACC,expert,DLS,45,0.056678
2,DLS-ACC,expert,DLS,46,0.638322
2,DLS-ACC,expert,DLS,47,0.781558
2,DLS-ACC,expert,DLS,48,0.073804
2,DLS-ACC,expert,DLS,49,0.272023
2,DLS-ACC,expert,DLS,50,0.763876
2,DLS-ACC,expert,DLS,51,0.971892
2,DLS-ACC,expert,DLS,52,0.063341
2,DLS-ACC,expert,DLS,53,0.276854
2,DLS-ACC,expert,DLS,54,0.087509
2,DLS-ACC,expert,DLS,55,0.315796
2,DLS-ACC,expert,DLS,56,0.187965
2,DLS-ACC,expert,DLS,57,0.120949
2,DLS-ACC,expert,DLS,58,0.13073
2,DLS-ACC,expert,DLS,59,0.488501
2,DLS-ACC,expert,ACC,0,0.800315
2,DLS-ACC,expert,ACC,1,0.951498
2,DLS-ACC,expert,ACC,2,1.116449
2,DLS-ACC,expert,ACC,3,0.884397
2,DLS-ACC,expert,ACC,4,0.899106
2,DLS-ACC,expert,ACC,5,0.306962
2,DLS-ACC,expert,ACC,6,0.069495
2,DLS-ACC,expert,ACC,7,1.083013
2,DLS-ACC,expert,ACC,8,0.416219
2,DLS-ACC,expert,ACC,9,0.840667
2,DLS-ACC,expert,ACC,10,0.0
2,DLS-ACC,expert,ACC,11,0.760245
2,DLS-ACC,expert,ACC,12,0.086753
2,DLS-ACC,expert,ACC,13,0.450249
2,DLS-ACC,expert,ACC,14,1.139438
2,DLS-ACC,expert,ACC,15,1.050483
2,DLS-ACC,expert,ACC,16,0.220032
2,DLS-ACC,expert,ACC,17,0.994908
2,DLS-ACC,expert,ACC,18,0.984517
2,DLS-ACC,expert,ACC,19,0.324367
2,DLS-ACC,expert,ACC,20,0.824391
2,DLS-ACC,expert,ACC,21,0.051506
2,DLS-ACC,expert,ACC,22,0.0
2,DLS-ACC,expert,ACC,23,0.0
2,DLS-ACC,expert,ACC,24,0.0
2,DLS-ACC,expert,ACC,25,0.116674
2,DLS-ACC,expert,ACC,26,0.045694
2,DLS-ACC,expert,ACC,27,1.002465
2,DLS-ACC,expert,ACC,28,0.113466
2,DLS-ACC,expert,ACC,29,0.284848
2,DLS-ACC,expert,ACC,30,1.069352
2,DLS-ACC,expert,ACC,31,0.989182
2,DLS-ACC,expert,ACC,32,0.998462
2,DLS-ACC,expert,ACC,33,0.130743
2,DLS-ACC,expert,ACC,34,0.151417
2,DLS-ACC,expert,ACC,35,0.0
2,DLS-ACC,expert,ACC,36,0.0
2,DLS-ACC,expert,ACC,37,0.0
2,DLS-ACC,expert,ACC,38,0.0
2,DLS-ACC,expert,ACC,39,0.067093
2,DLS-ACC,expert,ACC,40,0.056258
2,DLS-ACC,expert,ACC,41,0.69177
2,DLS-ACC,expert,ACC,42,0.153291
2,DLS-ACC,expert,ACC,43,0.0
2,DLS-ACC,expert,ACC,44,0.096169
2,DLS-ACC,expert,ACC,45,0.0
2,DLS-ACC,expert,ACC,46,1.018529
2,DLS-ACC,expert,ACC,47,0.0
2,DLS-ACC,expert,ACC,48,0.0
2,DLS-ACC,expert,ACC,49,0.241129
2,DLS-ACC,expert,ACC,50,0.0
2,DLS-ACC,expert,ACC,51,0.033595
2,DLS-ACC,expert,ACC,52,0.026776
2,DLS-ACC,expert,ACC,53,0.023173
2,DLS-ACC,expert,ACC,54,0.351959
2,DLS-ACC,expert,ACC,55,0.971574
2,DLS-ACC,expert,ACC,56,0.949871
2,DLS-ACC,expert,ACC,57,0.069444
2,DLS-ACC,expert,ACC,58,0.010752
2,DLS-ACC,expert,ACC,59,0.0
2,DLS-ACC,expert,ACC,60,0.261612
2,DLS-ACC,expert,ACC,61,0.0
2,DLS-ACC,expert,ACC,62,0.0
2,DLS-ACC,expert,ACC,63,1.095597
4,DMS-DLS,naive,DMS,0,1.063329
4,DMS-DLS,naive,DMS,1,0.0
4,DMS-DLS,naive,DMS,2,1.348192
4,DMS-DLS,naive,DMS,3,5.549007
4,DMS-DLS,naive,DMS,4,0.459448
4,DMS-DLS,naive,DMS,5,0.0
4,DMS-DLS,naive,DMS,6,1.049589
4,DMS-DLS,naive,DMS,7,1.088404
4,DMS-DLS,naive,DMS,8,0.518092
4,DMS-DLS,naive,DMS,9,0.778145
4,DMS-DLS,naive,DMS,10,2.065953
4,DMS-DLS,naive,DMS,11,1.048971
4,DMS-DLS,naive,DMS,12,1.605233
4,DMS-DLS,naive,DMS,13,1.141165
4,DMS-DLS,naive,DMS,14,1.427722
4,DMS-DLS,naive,DMS,15,0.757553
4,DMS-DLS,naive,DLS,0,0.043835
4,DMS-DLS,naive,DLS,1,0.044385
4,DMS-DLS,naive,DLS,2,0.076144
4,DMS-DLS,naive,DLS,3,0.144508
4,DMS-DLS,naive,DLS,4,0.594513
4,DMS-DLS,naive,DLS,5,0.229438
4,DMS-DLS,naive,DLS,6,0.122741
4,DMS-DLS,naive,DLS,7,0.106549
4,DMS-DLS,naive,DLS,8,0.509598
4,DMS-DLS,naive,DLS,9,0.102243
4,DMS-DLS,naive,DLS,10,0.061656
4,DMS-DLS,naive,DLS,11,0.058494
4,DMS-DLS,naive,DLS,12,0.643398
4,DMS-DLS,naive,DLS,13,0.186093
4,DMS-DLS,naive,DLS,14,0.557201
4,DMS-DLS,naive,DLS,15,0.516082
4,DMS-DLS,naive,DLS,16,0.21891
4,DMS-DLS,naive,DLS,17,0.099084
4,DMS-DLS,naive,DLS,18,0.126385
4,DMS-DLS,naive,DLS,19,0.252261
4,DMS-DLS,naive,DLS,20,0.135725
4,DMS-DLS,naive,DLS,21,0.465829
4,DMS-DLS,naive,DLS,22,0.045864
4,DMS-DLS,naive,DLS,23,0.269844
4,DMS-DLS,naive,DLS,24,0.289517
4,DMS-DLS,naive,DLS,25,0.188677
4,DMS-DLS,naive,DLS,26,0.344801
4,DMS-DLS,naive,DLS,27,0.389564
4,DMS-DLS,naive,DLS,28,0.297773
4,DMS-DLS,naive,DLS,29,0.093458
4,DMS-DLS,naive,DLS,30,0.020535
4,DMS-DLS,naive,DLS,31,0.381212
4,DMS-DLS,naive,DLS,32,0.036701
4,DMS-DLS,naive,DLS,33,0.071747
4,DMS-DLS,naive,DLS,34,0.329753
4,DMS-DLS,naive,DLS,35,0.420715
4,DMS-DLS,naive,DLS,36,0.0
4,DMS-DLS,naive,DLS,37,0.110059
4,DMS-DLS,naive,DLS,38,0.441562
4,DMS-DLS,naive,DLS,39,0.062415
4,DMS-DLS,naive,DLS,40,0.0
4,DMS-DLS,naive,DLS,41,0.044857
4,DMS-DLS,naive,DLS,42,0.708361
4,DMS-DLS,naive,DLS,43,0.0
4,DMS-DLS,naive,DLS,44,0.0
4,DMS-DLS,naive,DLS,45,0.130141
4,DMS-DLS,naive,DLS,46,0.06935
4,DMS-DLS,naive,DLS,47,0.09177
4,DMS-DLS,naive,DLS,48,0.067279
4,DMS-DLS,naive,DLS,49,0.590269
4,DMS-DLS,naive,DLS,50,0.004543
4,DMS-DLS,naive,DLS,51,0.093172
4,DMS-DLS,naive,DLS,52,0.118826
4,DMS-DLS,naive,DLS,53,0.631552
4,DMS-DLS,naive,DLS,54,0.061055
4,DMS-DLS,naive,DLS,55,0.15666
4,DMS-DLS,naive,DLS,56,0.113862
4,DMS-DLS,naive,DLS,57,0.076614
4,DMS-DLS,naive,DLS,58,0.162824
4,DMS-DLS,naive,DLS,59,0.44675
4,DMS-DLS,naive,DLS,60,0.029816
4,DMS-DLS,naive,DLS,61,0.626695
4,DMS-DLS,naive,DLS,62,0.090643
4,DMS-DLS,naive,DLS,63,0.525828
4,DMS-DLS,naive,DLS,64,0.01268
4,DMS-DLS,naive,DLS,65,0.606351
4,DMS-DLS,naive,DLS,66,0.01038
4,DMS-DLS,naive,DLS,67,0.44223
4,DMS-DLS,naive,DLS,68,0.561326
4,DMS-DLS,naive,DLS,69,0.078632
4,DMS-DLS,naive,DLS,70,0.023943
4,DMS-DLS,naive,DLS,71,0.018973
4,DMS-DLS,naive,DLS,72,0.005515
4,DMS-DLS,naive,DLS,73,0.655966
4,DMS-DLS,naive,DLS,74,0.033324
4,DMS-DLS,naive,DLS,75,0.506617
4,DMS-DLS,naive,DLS,76,0.017541
4,DMS-DLS,naive,DLS,77,0.324613
4,DMS-DLS,naive,DLS,78,0.385933
4,DMS-DLS,naive,DLS,79,0.019998
4,DMS-DLS,naive,DLS,80,0.043196
4,DMS-DLS,naive,DLS,81,0.06825
4,DMS-DLS,naive,DLS,82,0.05366
4,DMS-DLS,intermediate,DMS,0,1.010696
4,DMS-DLS,intermediate,DMS,1,1.427632
4,DMS-DLS,intermediate,DMS,2,1.284994
4,DMS-DLS,intermediate,DMS,3,2.886832
4,DMS-DLS,intermediate,DMS,4,2.374362
4,DMS-DLS,intermediate,DMS,5,0.0
4,DMS-DLS,intermediate,DMS,6,1.004857
4,DMS-DLS,intermediate,DMS,7,1.059253
4,DMS-DLS,intermediate,DMS,8,0.0
4,DMS-DLS,intermediate,DMS,9,0.0
4,DMS-DLS,intermediate,DMS,10,0.0
4,DMS-DLS,intermediate,DMS,11,0.0
4,DMS-DLS,intermediate,DMS,12,1.370922
4,DMS-DLS,intermediate,DMS,13,1.180451
4,DMS-DLS,intermediate,DMS,14,2.863533
4,DMS-DLS,intermediate,DMS,15,0.0
4,DMS-DLS,intermediate,DLS,0,0.120383
4,DMS-DLS,intermediate,DLS,1,0.382581
4,DMS-DLS,intermediate,DLS,2,0.381112
4,DMS-DLS,intermediate,DLS,3,0.064214
4,DMS-DLS,intermediate,DLS,4,0.173506
4,DMS-DLS,intermediate,DLS,5,0.106778
4,DMS-DLS,intermediate,DLS,6,0.40209
4,DMS-DLS,intermediate,DLS,7,0.430817
4,DMS-DLS,intermediate,DLS,8,0.103699
4,DMS-DLS,intermediate,DLS,9,0.095198
4,DMS-DLS,intermediate,DLS,10,0.121277
4,DMS-DLS,intermediate,DLS,11,0.322475
4,DMS-DLS,intermediate,DLS,12,0.258624
4,DMS-DLS,intermediate,DLS,13,0.125484
4,DMS-DLS,intermediate,DLS,14,0.131621
4,DMS-DLS,intermediate,DLS,15,0.136039
4,DMS-DLS,intermediate,DLS,16,0.24929
4,DMS-DLS,intermediate,DLS,17,0.190048
4,DMS-DLS,intermediate,DLS,18,0.542437
4,DMS-DLS,intermediate,DLS,19,0.119907
4,DMS-DLS,intermediate,DLS,20,0.444041
4,DMS-DLS,intermediate,DLS,21,0.165405
4,DMS-DLS,intermediate,DLS,22,0.100817
4,DMS-DLS,intermediate,DLS,23,0.134303
4,DMS-DLS,intermediate,DLS,24,0.106012
4,DMS-DLS,intermediate,DLS,25,0.118537
4,DMS-DLS,intermediate,DLS,26,0.132529
4,DMS-DLS,intermediate,DLS,27,0.081151
4,DMS-DLS,intermediate,DLS,28,0.092355
4,DMS-DLS,intermediate,DLS,29,0.318867
4,DMS-DLS,intermediate,DLS,30,0.053245
4,DMS-DLS,intermediate,DLS,31,0.47664
4,DMS-DLS,intermediate,DLS,32,0.028182
4,DMS-DLS,intermediate,DLS,33,0.165207
4,DMS-DLS,intermediate,DLS,34,0.409921
4,DMS-DLS,intermediate,DLS,35,0.101744
4,DMS-DLS,intermediate,DLS,36,0.227095
4,DMS-DLS,intermediate,DLS,37,0.17084
4,DMS-DLS,intermediate,DLS,38,0.073624
4,DMS-DLS,intermediate,DLS,39,0.010151
4,DMS-DLS,intermediate,DLS,40,0.42803
4,DMS-DLS,intermediate,DLS,41,0.473666
4,DMS-DLS,intermediate,DLS,42,0.03888
4,DMS-DLS,intermediate,DLS,43,0.375551
4,DMS-DLS,intermediate,DLS,44,0.340725
4,DMS-DLS,intermediate,DLS,45,0.203039
4,DMS-DLS,intermediate,DLS,46,0.082519
4,DMS-DLS,intermediate,DLS,47,0.12252
4,DMS-DLS,intermediate,DLS,48,0.548332
4,DMS-DLS,intermediate,DLS,49,0.108163
4,DMS-DLS,intermediate,DLS,50,0.189529
4,DMS-DLS,intermediate,DLS,51,0.293836
4,DMS-DLS,intermediate,DLS,52,0.059318
4,DMS-DLS,intermediate,DLS,53,0.075888
4,DMS-DLS,intermediate,DLS,54,0.122998
4,DMS-DLS,intermediate,DLS,55,0.221062
4,DMS-DLS,intermediate,DLS,56,0.118097
4,DMS-DLS,intermediate,DLS,57,0.057058
4,DMS-DLS,intermediate,DLS,58,0.26026
4,DMS-DLS,intermediate,DLS,59,0.028009
4,DMS-DLS,intermediate,DLS,60,0.668254
4,DMS-DLS,intermediate,DLS,61,0.069538
4,DMS-DLS,intermediate,DLS,62,0.193993
4,DMS-DLS,intermediate,DLS,63,0.036519
4,DMS-DLS,intermediate,DLS,64,0.179478
4,DMS-DLS,intermediate,DLS,65,0.137841
4,DMS-DLS,intermediate,DLS,66,0.079813
4,DMS-DLS,intermediate,DLS,67,0.034788
4,DMS-DLS,intermediate,DLS,68,0.11613
4,DMS-DLS,intermediate,DLS,69,0.099876
4,DMS-DLS,intermediate,DLS,70,0.030156
4,DMS-DLS,intermediate,DLS,71,0.206511
4,DMS-DLS,intermediate,DLS,72,0.347938
4,DMS-DLS,intermediate,DLS,73,0.066325
4,DMS-DLS,intermediate,DLS,74,0.210214
4,DMS-DLS,intermediate,DLS,75,0.194914
4,DMS-DLS,intermediate,DLS,76,0.118078
4,DMS-DLS,intermediate,DLS,77,0.305469
4,DMS-DLS,intermediate,DLS,78,0.143939
4,DMS-DLS,intermediate,DLS,79,0.053086
4,DMS-DLS,intermediate,DLS,80,0.245045
4,DMS-DLS,intermediate,DLS,81,0.431152
4,DMS-DLS,intermediate,DLS,82,0.07533
4,DMS-DLS,expert,DMS,0,0.923646
4,DMS-DLS,expert,DMS,1,1.23115
4,DMS-DLS,expert,DMS,2,1.144055
4,DMS-DLS,expert,DMS,3,1.840977
4,DMS-DLS,expert,DMS,4,3.819441
4,DMS-DLS,expert,DMS,5,0.0
4,DMS-DLS,expert,DMS,6,0.997032
4,DMS-DLS,expert,DMS,7,1.234908
4,DMS-DLS,expert,DMS,8,0.0
4,DMS-DLS,expert,DMS,9,2.664086
4,DMS-DLS,expert,DMS,10,1.982553
4,DMS-DLS,expert,DMS,11,0.0
4,DMS-DLS,expert,DMS,12,1.058045
4,DMS-DLS,expert,DMS,13,0.947183
4,DMS-DLS,expert,DMS,14,1.633959
4,DMS-DLS,expert,DMS,15,0.0
4,DMS-DLS,expert,DLS,0,0.165026
4,DMS-DLS,expert,DLS,1,0.378591
4,DMS-DLS,expert,DLS,2,0.386986
4,DMS-DLS,expert,DLS,3,0.443782
4,DMS-DLS,expert,DLS,4,0.290713
4,DMS-DLS,expert,DLS,5,0.177004
4,DMS-DLS,expert,DLS,6,0.092798
4,DMS-DLS,expert,DLS,7,0.134743
4,DMS-DLS,expert,DLS,8,0.225997
4,DMS-DLS,expert,DLS,9,0.246167
4,DMS-DLS,expert,DLS,10,0.262
4,DMS-DLS,expert,DLS,11,0.326073
4,DMS-DLS,expert,DLS,12,0.232545
4,DMS-DLS,expert,DLS,13,0.220504
4,DMS-DLS,expert,DLS,14,0.095098
4,DMS-DLS,expert,DLS,15,0.182421
4,DMS-DLS,expert,DLS,16,0.179041
4,DMS-DLS,expert,DLS,17,0.338569
4,DMS-DLS,expert,DLS,18,0.075767
4,DMS-DLS,expert,DLS,19,0.336664
4,DMS-DLS,expert,DLS,20,0.0338
4,DMS-DLS,expert,DLS,21,0.210901
4,DMS-DLS,expert,DLS,22,0.234346
4,DMS-DLS,expert,DLS,23,0.304336
4,DMS-DLS,expert,DLS,24,0.270849
4,DMS-DLS,expert,DLS,25,0.481725
4,DMS-DLS,expert,DLS,26,0.058919
4,DMS-DLS,expert,DLS,27,0.173588
4,DMS-DLS,expert,DLS,28,0.298887
4,DMS-DLS,expert,DLS,29,0.361473
4,DMS-DLS,expert,DLS,30,0.364617
4,DMS-DLS,expert,DLS,31,0.158612
4,DMS-DLS,expert,DLS,32,0.431845
4,DMS-DLS,expert,DLS,33,0.049018
4,DMS-DLS,expert,DLS,34,0.384663
4,DMS-DLS,expert,DLS,35,0.208217
4,DMS-DLS,expert,DLS,36,0.247443
4,DMS-DLS,expert,DLS,37,0.202457
4,DMS-DLS,expert,DLS,38,0.029545
4,DMS-DLS,expert,DLS,39,0.574445
4,DMS-DLS,expert,DLS,40,0.0
4,DMS-DLS,expert,DLS,41,0.607497
4,DMS-DLS,expert,DLS,42,0.172237
4,DMS-DLS,expert,DLS,43,0.0
4,DMS-DLS,expert,DLS,44,0.542466
4,DMS-DLS,expert,DLS,45,0.052493
4,DMS-DLS,expert,DLS,46,0.149953
4,DMS-DLS,expert,DLS,47,0.213879
4,DMS-DLS,expert,DLS,48,0.363186
4,DMS-DLS,expert,DLS,49,0.051044
4,DMS-DLS,expert,DLS,50,0.072421
4,DMS-DLS,expert,DLS,51,0.405324
4,DMS-DLS,expert,DLS,52,0.435475
4,DMS-DLS,expert,DLS,53,0.08148
4,DMS-DLS,expert,DLS,54,0.292165
4,DMS-DLS,expert,DLS,55,0.19012
4,DMS-DLS,expert,DLS,56,0.372927
4,DMS-DLS,expert,DLS,57,0.100479
4,DMS-DLS,expert,DLS,58,0.398469
4,DMS-DLS,expert,DLS,59,0.223048
4,DMS-DLS,expert,DLS,60,0.669676
4,DMS-DLS,expert,DLS,61,0.288187
4,DMS-DLS,expert,DLS,62,0.129854
4,DMS-DLS,expert,DLS,63,0.074914
4,DMS-DLS,expert,DLS,64,0.173962
4,DMS-DLS,expert,DLS,65,0.193376
4,DMS-DLS,expert,DLS,66,0.513273
4,DMS-DLS,expert,DLS,67,0.090407
4,DMS-DLS,expert,DLS,68,0.03188
4,DMS-DLS,expert,DLS,69,0.356136
4,DMS-DLS,expert,DLS,70,0.050509
4,DMS-DLS,expert,DLS,71,0.050384
4,DMS-DLS,expert,DLS,72,0.141333
4,DMS-DLS,expert,DLS,73,0.063264
4,DMS-DLS,expert,DLS,74,0.195214
4,DMS-DLS,expert,DLS,75,0.334153
4,DMS-DLS,expert,DLS,76,0.065637
4,DMS-DLS,expert,DLS,77,0.39332
4,DMS-DLS,expert,DLS,78,0.298588
4,DMS-DLS,expert,DLS,79,0.535417
4,DMS-DLS,expert,DLS,80,0.386597
4,DMS-DLS,expert,DLS,81,0.438805
4,DMS-DLS,expert,DLS,82,0.157816
4,DMS-ACC,naive,DMS,0,1.076818
4,DMS-ACC,naive,DMS,1,0.0
4,DMS-ACC,naive,DMS,2,1.350967
4,DMS-ACC,naive,DMS,3,5.457741
4,DMS-ACC,naive,DMS,4,0.459296
4,DMS-ACC,naive,DMS,5,0.0
4,DMS-ACC,naive,DMS,6,1.053454
4,DMS-ACC,naive,DMS,7,1.091859
4,DMS-ACC,naive,DMS,8,0.518869
4,DMS-ACC,naive,DMS,9,0.790395
4,DMS-ACC,naive,DMS,10,2.102171
4,DMS-ACC,naive,DMS,11,1.07544
4,DMS-ACC,naive,DMS,12,1.609555
4,DMS-ACC,naive,DMS,13,1.151144
4,DMS-ACC,naive,DMS,14,1.45405
4,DMS-ACC,naive,DMS,15,0.778195
4,DMS-ACC,naive,ACC,0,0.026371
4,DMS-ACC,naive,ACC,1,0.317724
4,DMS-ACC,naive,ACC,2,0.084033
4,DMS-ACC,naive,ACC,3,0.222882
4,DMS-ACC,naive,ACC,4,0.536614
4,DMS-ACC,naive,ACC,5,0.721032
4,DMS-ACC,naive,ACC,6,0.509626
4,DMS-ACC,naive,ACC,7,0.175607
4,DMS-ACC,naive,ACC,8,0.273837
4,DMS-ACC,naive,ACC,9,0.405274
4,DMS-ACC,naive,ACC,10,0.667233
4,DMS-ACC,naive,ACC,11,0.341419
4,DMS-ACC,naive,ACC,12,0.340969
4,DMS-ACC,naive,ACC,13,0.455839
4,DMS-ACC,naive,ACC,14,0.529739
4,DMS-ACC,naive,ACC,15,0.490855
4,DMS-ACC,naive,ACC,16,0.481066
4,DMS-ACC,naive,ACC,17,0.139971
4,DMS-ACC,naive,ACC,18,0.743688
4,DMS-ACC,naive,ACC,19,0.797461
4,DMS-ACC,naive,ACC,20,0.810871
4,DMS-ACC,naive,ACC,21,0.812041
4,DMS-ACC,naive,ACC,22,0.171348
4,DMS-ACC,naive,ACC,23,0.137472
4,DMS-ACC,naive,ACC,24,0.362241
4,DMS-ACC,naive,ACC,25,0.101863
4,DMS-ACC,naive,ACC,26,0.932179
4,DMS-ACC,naive,ACC,27,0.405321
4,DMS-ACC,naive,ACC,28,0.015835
4,DMS-ACC,naive,ACC,29,0.736011
4,DMS-ACC,naive,ACC,30,0.150217
4,DMS-ACC,naive,ACC,31,0.573239
4,DMS-ACC,naive,ACC,32,0.211169
4,DMS-ACC,naive,ACC,33,0.14449
4,DMS-ACC,naive,ACC,34,0.591384
4,DMS-ACC,naive,ACC,35,0.014002
4,DMS-ACC,naive,ACC,36,0.272321
4,DMS-ACC,naive,ACC,37,0.215672
4,DMS-ACC,naive,ACC,38,0.657588
4,DMS-ACC,naive,ACC,39,0.719393
4,DMS-ACC,naive,ACC,40,0.119222
4,DMS-ACC,naive,ACC,41,0.199385
4,DMS-ACC,naive,ACC,42,0.464539
4,DMS-ACC,naive,ACC,43,0.036335
4,DMS-ACC,naive,ACC,44,0.027455
4,DMS-ACC,naive,ACC,45,0.535904
4,DMS-ACC,naive,ACC,46,0.016302
4,DMS-ACC,naive,ACC,47,0.056485
4,DMS-ACC,naive,ACC,48,0.008566
4,DMS-ACC,naive,ACC,49,0.441909
4,DMS-ACC,naive,ACC,50,0.0
4,DMS-ACC,naive,ACC,51,0.348297
4,DMS-ACC,naive,ACC,52,0.641427
4,DMS-ACC,intermediate,DMS,0,1.014669
4,DMS-ACC,intermediate,DMS,1,1.43536
4,DMS-ACC,intermediate,DMS,2,1.285294
4,DMS-ACC,intermediate,DMS,3,2.894443
4,DMS-ACC,intermediate,DMS,4,2.362187
4,DMS-ACC,intermediate,DMS,5,0.0
4,DMS-ACC,intermediate,DMS,6,1.00403
4,DMS-ACC,intermediate,DMS,7,1.055138
4,DMS-ACC,intermediate,DMS,8,0.0
4,DMS-ACC,intermediate,DMS,9,0.0
4,DMS-ACC,intermediate,DMS,10,0.0
4,DMS-ACC,intermediate,DMS,11,0.0
4,DMS-ACC,intermediate,DMS,12,1.367291
4,DMS-ACC,intermediate,DMS,13,1.17861
4,DMS-ACC,intermediate,DMS,14,2.870253
4,DMS-ACC,intermediate,DMS,15,0.0
4,DMS-ACC,intermediate,ACC,0,0.127731
4,DMS-ACC,intermediate,ACC,1,0.643686
4,DMS-ACC,intermediate,ACC,2,0.654836
4,DMS-ACC,intermediate,ACC,3,0.365292
4,DMS-ACC,intermediate,ACC,4,0.836909
4,DMS-ACC,intermediate,ACC,5,0.39367
4,DMS-ACC,intermediate,ACC,6,0.259196
4,DMS-ACC,intermediate,ACC,7,0.157682
4,DMS-ACC,intermediate,ACC,8,0.455595
4,DMS-ACC,intermediate,ACC,9,0.059367
4,DMS-ACC,intermediate,ACC,10,0.101676
4,DMS-ACC,intermediate,ACC,11,0.694933
4,DMS-ACC,intermediate,ACC,12,0.486467
4,DMS-ACC,intermediate,ACC,13,0.300008
4,DMS-ACC,intermediate,ACC,14,0.223955
4,DMS-ACC,intermediate,ACC,15,0.421631
4,DMS-ACC,intermediate,ACC,16,0.541626
4,DMS-ACC,intermediate,ACC,17,0.634537
4,DMS-ACC,intermediate,ACC,18,0.538798
4,DMS-ACC,intermediate,ACC,19,0.165066
4,DMS-ACC,intermediate,ACC,20,0.543513
4,DMS-ACC,intermediate,ACC,21,0.63019
4,DMS-ACC,intermediate,ACC,22,0.476061
4,DMS-ACC,intermediate,ACC,23,0.362788
4,DMS-ACC,intermediate,ACC,24,0.206443
4,DMS-ACC,intermediate,ACC,25,0.096203
4,DMS-ACC,intermediate,ACC,26,0.068154
4,DMS-ACC,intermediate,ACC,27,0.141581
4,DMS-ACC,intermediate,ACC,28,0.576843
4,DMS-ACC,intermediate,ACC,29,0.373665
4,DMS-ACC,intermediate,ACC,30,0.705636
4,DMS-ACC,intermediate,ACC,31,0.143138
4,DMS-ACC,intermediate,ACC,32,0.270332
4,DMS-ACC,intermediate,ACC,33,0.335943
4,DMS-ACC,intermediate,ACC,34,0.106987
4,DMS-ACC,intermediate,ACC,35,0.032319
4,DMS-ACC,intermediate,ACC,36,0.434099
4,DMS-ACC,intermediate,ACC,37,0.08839
4,DMS-ACC,intermediate,ACC,38,0.042562
4,DMS-ACC,intermediate,ACC,39,0.517862
4,DMS-ACC,intermediate,ACC,40,0.170266
4,DMS-ACC,intermediate,ACC,41,0.564405
4,DMS-ACC,intermediate,ACC,42,0.060016
4,DMS-ACC,intermediate,ACC,43,0.71701
4,DMS-ACC,intermediate,ACC,44,0.580311
4,DMS-ACC,intermediate,ACC,45,0.0
4,DMS-ACC,intermediate,ACC,46,0.117061
4,DMS-ACC,intermediate,ACC,47,0.435813
4,DMS-ACC,intermediate,ACC,48,0.021788
4,DMS-ACC,intermediate,ACC,49,0.474063
4,DMS-ACC,intermediate,ACC,50,0.0
4,DMS-ACC,intermediate,ACC,51,0.40812
4,DMS-ACC,intermediate,ACC,52,0.172705
4,DMS-ACC,expert,DMS,0,0.928171
4,DMS-ACC,expert,DMS,1,1.22539
4,DMS-ACC,expert,DMS,2,1.140303
4,DMS-ACC,expert,DMS,3,1.857875
4,DMS-ACC,expert,DMS,4,3.875558
4,DMS-ACC,expert,DMS,5,0.0
4,DMS-ACC,expert,DMS,6,0.998749
4,DMS-ACC,expert,DMS,7,1.221114
4,DMS-ACC,expert,DMS,8,0.0
4,DMS-ACC,expert,DMS,9,2.658133
4,DMS-ACC,expert,DMS,10,2.020965
4,DMS-ACC,expert,DMS,11,0.0
4,DMS-ACC,expert,DMS,12,1.060425
4,DMS-ACC,expert,DMS,13,0.962959
4,DMS-ACC,expert,DMS,14,1.639784
4,DMS-ACC,expert,DMS,15,0.0
4,DMS-ACC,expert,ACC,0,0.188609
4,DMS-ACC,expert,ACC,1,0.602988
4,DMS-ACC,expert,ACC,2,0.618153
4,DMS-ACC,expert,ACC,3,0.412143
4,DMS-ACC,expert,ACC,4,0.675496
4,DMS-ACC,expert,ACC,5,0.524691
4,DMS-ACC,expert,ACC,6,0.156886
4,DMS-ACC,expert,ACC,7,0.656528
4,DMS-ACC,expert,ACC,8,0.392992
4,DMS-ACC,expert,ACC,9,0.109702
4,DMS-ACC,expert,ACC,10,0.326173
4,DMS-ACC,expert,ACC,11,0.581209
4,DMS-ACC,expert,ACC,12,0.410872
4,DMS-ACC,expert,ACC,13,0.161531
4,DMS-ACC,expert,ACC,14,0.168495
4,DMS-ACC,expert,ACC,15,0.137855
4,DMS-ACC,expert,ACC,16,0.455333
4,DMS-ACC,expert,ACC,17,0.267839
4,DMS-ACC,expert,ACC,18,0.535402
4,DMS-ACC,expert,ACC,19,0.539252
4,DMS-ACC,expert,ACC,20,0.14934
4,DMS-ACC,expert,ACC,21,0.174468
4,DMS-ACC,expert,ACC,22,0.190409
4,DMS-ACC,expert,ACC,23,0.197113
4,DMS-ACC,expert,ACC,24,0.301478
4,DMS-ACC,expert,ACC,25,0.176619
4,DMS-ACC,expert,ACC,26,0.829402
4,DMS-ACC,expert,ACC,27,0.290203
4,DMS-ACC,expert,ACC,28,0.564685
4,DMS-ACC,expert,ACC,29,0.206993
4,DMS-ACC,expert,ACC,30,0.302948
4,DMS-ACC,expert,ACC,31,0.031016
4,DMS-ACC,expert,ACC,32,0.400263
4,DMS-ACC,expert,ACC,33,0.233075
4,DMS-ACC,expert,ACC,34,0.187748
4,DMS-ACC,expert,ACC,35,0.425651
4,DMS-ACC,expert,ACC,36,0.349876
4,DMS-ACC,expert,ACC,37,0.144944
4,DMS-ACC,expert,ACC,38,0.034163
4,DMS-ACC,expert,ACC,39,0.614596
4,DMS-ACC,expert,ACC,40,0.624799
4,DMS-ACC,expert,ACC,41,0.262729
4,DMS-ACC,expert,ACC,42,0.140721
4,DMS-ACC,expert,ACC,43,0.710766
4,DMS-ACC,expert,ACC,44,0.605197
4,DMS-ACC,expert,ACC,45,0.0
4,DMS-ACC,expert,ACC,46,0.662521
4,DMS-ACC,expert,ACC,47,0.569805
4,DMS-ACC,expert,ACC,48,0.349028
4,DMS-ACC,expert,ACC,49,0.283163
4,DMS-ACC,expert,ACC,50,0.370113
4,DMS-ACC,expert,ACC,51,0.26855
4,DMS-ACC,expert,ACC,52,0.17838
4,DLS-ACC,naive,DLS,0,0.049371
4,DLS-ACC,naive,DLS,1,0.05456
4,DLS-ACC,naive,DLS,2,0.085755
4,DLS-ACC,naive,DLS,3,0.168105
4,DLS-ACC,naive,DLS,4,0.77154
4,DLS-ACC,naive,DLS,5,0.239507
4,DLS-ACC,naive,DLS,6,0.120419
4,DLS-ACC,naive,DLS,7,0.140046
4,DLS-ACC,naive,DLS,8,0.692225
4,DLS-ACC,naive,DLS,9,0.106125
4,DLS-ACC,naive,DLS,10,0.065464
4,DLS-ACC,naive,DLS,11,0.059399
4,DLS-ACC,naive,DLS,12,0.754498
4,DLS-ACC,naive,DLS,13,0.19214
4,DLS-ACC,naive,DLS,14,0.629804
4,DLS-ACC,naive,DLS,15,0.67782
4,DLS-ACC,naive,DLS,16,0.236873
4,DLS-ACC,naive,DLS,17,0.114552
4,DLS-ACC,naive,DLS,18,0.143265
4,DLS-ACC,naive,DLS,19,0.265074
4,DLS-ACC,naive,DLS,20,0.203815
4,DLS-ACC,naive,DLS,21,0.479648
4,DLS-ACC,naive,DLS,22,0.049513
4,DLS-ACC,naive,DLS,23,0.264355
4,DLS-ACC,naive,DLS,24,0.268863
4,DLS-ACC,naive,DLS,25,0.21877
4,DLS-ACC,naive,DLS,26,0.379196
4,DLS-ACC,naive,DLS,27,0.373925
4,DLS-ACC,naive,DLS,28,0.293843
4,DLS-ACC,naive,DLS,29,0.128323
4,DLS-ACC,naive,DLS,30,0.02649
4,DLS-ACC,naive,DLS,31,0.482963
4,DLS-ACC,naive,DLS,32,0.042394
4,DLS-ACC,naive,DLS,33,0.083124
4,DLS-ACC,naive,DLS,34,0.353763
4,DLS-ACC,naive,DLS,35,0.45102
4,DLS-ACC,naive,DLS,36,0.0
4,DLS-ACC,naive,DLS,37,0.113121
4,DLS-ACC,naive,DLS,38,0.58361
4,DLS-ACC,naive,DLS,39,0.066749
4,DLS-ACC,naive,DLS,40,0.0
4,DLS-ACC,naive,DLS,41,0.055989
4,DLS-ACC,naive,DLS,42,0.75259
4,DLS-ACC,naive,DLS,43,0.0
4,DLS-ACC,naive,DLS,44,0.0
4,DLS-ACC,naive,DLS,45,0.147745
4,DLS-ACC,naive,DLS,46,0.070723
4,DLS-ACC,naive,DLS,47,0.096512
4,DLS-ACC,naive,DLS,48,0.126318
4,DLS-ACC,naive,DLS,49,0.686195
4,DLS-ACC,naive,DLS,50,0.005734
4,DLS-ACC,naive,DLS,51,0.115382
4,DLS-ACC,naive,DLS,52,0.141815
4,DLS-ACC,naive,DLS,53,0.710349
4,DLS-ACC,naive,DLS,54,0.062152
4,DLS-ACC,naive,DLS,55,0.176662
4,DLS-ACC,naive,DLS,56,0.162856
4,DLS-ACC,naive,DLS,57,0.104474
4,DLS-ACC,naive,DLS,58,0.177244
4,DLS-ACC,naive,DLS,59,0.555078
4,DLS-ACC,naive,DLS,60,0.035892
4,DLS-ACC,naive,DLS,61,0.682926
4,DLS-ACC,naive,DLS,62,0.092852
4,DLS-ACC,naive,DLS,63,0.807869
4,DLS-ACC,naive,DLS,64,0.016686
4,DLS-ACC,naive,DLS,65,0.680641
4,DLS-ACC,naive,DLS,66,0.010987
4,DLS-ACC,naive,DLS,67,0.63908
4,DLS-ACC,naive,DLS,68,0.731578
4,DLS-ACC,naive,DLS,69,0.112194
4,DLS-ACC,naive,DLS,70,0.02821
4,DLS-ACC,naive,DLS,71,0.021405
4,DLS-ACC,naive,DLS,72,0.005747
4,DLS-ACC,naive,DLS,73,0.695843
4,DLS-ACC,naive,DLS,74,0.040241
4,DLS-ACC,naive,DLS,75,0.624416
4,DLS-ACC,naive,DLS,76,0.020591
4,DLS-ACC,naive,DLS,77,0.368868
4,DLS-ACC,naive,DLS,78,0.662164
4,DLS-ACC,naive,DLS,79,0.02497
4,DLS-ACC,naive,DLS,80,0.049269
4,DLS-ACC,naive,DLS,81,0.080244
4,DLS-ACC,naive,DLS,82,0.08971
4,DLS-ACC,naive,ACC,0,0.029859
4,DLS-ACC,naive,ACC,1,0.362653
4,DLS-ACC,naive,ACC,2,0.102394
4,DLS-ACC,naive,ACC,3,0.256902
4,DLS-ACC,naive,ACC,4,0.706404
4,DLS-ACC,naive,ACC,5,0.740733
4,DLS-ACC,naive,ACC,6,0.63143
4,DLS-ACC,naive,ACC,7,0.20848
4,DLS-ACC,naive,ACC,8,0.336158
4,DLS-ACC,naive,ACC,9,0.627982
4,DLS-ACC,naive,ACC,10,0.852532
4,DLS-ACC,naive,ACC,11,0.364617
4,DLS-ACC,naive,ACC,12,0.393628
4,DLS-ACC,naive,ACC,13,0.457717
4,DLS-ACC,naive,ACC,14,0.734175
4,DLS-ACC,naive,ACC,15,0.550928
4,DLS-ACC,naive,ACC,16,0.798774
4,DLS-ACC,naive,ACC,17,0.173868
4,DLS-ACC,naive,ACC,18,0.821424
4,DLS-ACC,naive,ACC,19,0.819318
4,DLS-ACC,naive,ACC,20,0.840506
4,DLS-ACC,naive,ACC,21,0.86217
4,DLS-ACC,naive,ACC,22,0.205478
4,DLS-ACC,naive,ACC,23,0.14746
4,DLS-ACC,naive,ACC,24,0.43392
4,DLS-ACC,naive,ACC,25,0.113672
4,DLS-ACC,naive,ACC,26,0.821044
4,DLS-ACC,naive,ACC,27,0.442958
4,DLS-ACC,naive,ACC,28,0.02414
4,DLS-ACC,naive,ACC,29,0.771163
4,DLS-ACC,naive,ACC,30,0.273711
4,DLS-ACC,naive,ACC,31,0.705983
4,DLS-ACC,naive,ACC,32,0.278551
4,DLS-ACC,naive,ACC,33,0.204458
4,DLS-ACC,naive,ACC,34,0.737995
4,DLS-ACC,naive,ACC,35,0.020557
4,DLS-ACC,naive,ACC,36,0.303201
4,DLS-ACC,naive,ACC,37,0.249603
4,DLS-ACC,naive,ACC,38,0.741725
4,DLS-ACC,naive,ACC,39,0.719909
4,DLS-ACC,naive,ACC,40,0.129277
4,DLS-ACC,naive,ACC,41,0.239574
4,DLS-ACC,naive,ACC,42,0.785594
4,DLS-ACC,naive,ACC,43,0.057461
4,DLS-ACC,naive,ACC,44,0.029308
4,DLS-ACC,naive,ACC,45,0.747753
4,DLS-ACC,naive,ACC,46,0.023634
4,DLS-ACC,naive,ACC,47,0.070829
4,DLS-ACC,naive,ACC,48,0.010148
4,DLS-ACC,naive,ACC,49,0.473634
4,DLS-ACC,naive,ACC,50,0.0
4,DLS-ACC,naive,ACC,51,0.414277
4,DLS-ACC,naive,ACC,52,0.793477
4,DLS-ACC,intermediate,DLS,0,0.153199
4,DLS-ACC,intermediate,DLS,1,0.452823
4,DLS-ACC,intermediate,DLS,2,0.476161
4,DLS-ACC,intermediate,DLS,3,0.078082
4,DLS-ACC,intermediate,DLS,4,0.21231
4,DLS-ACC,intermediate,DLS,5,0.130052
4,DLS-ACC,intermediate,DLS,6,0.703393
4,DLS-ACC,intermediate,DLS,7,0.594236
4,DLS-ACC,intermediate,DLS,8,0.197059
4,DLS-ACC,intermediate,DLS,9,0.131089
4,DLS-ACC,intermediate,DLS,10,0.185589
4,DLS-ACC,intermediate,DLS,11,0.536795
4,DLS-ACC,intermediate,DLS,12,0.388132
4,DLS-ACC,intermediate,DLS,13,0.279435
4,DLS-ACC,intermediate,DLS,14,0.158977
4,DLS-ACC,intermediate,DLS,15,0.165768
4,DLS-ACC,intermediate,DLS,16,0.347566
4,DLS-ACC,intermediate,DLS,17,0.254647
4,DLS-ACC,intermediate,DLS,18,0.625389
4,DLS-ACC,intermediate,DLS,19,0.144936
4,DLS-ACC,intermediate,DLS,20,0.559779
4,DLS-ACC,intermediate,DLS,21,0.313288
4,DLS-ACC,intermediate,DLS,22,0.133225
4,DLS-ACC,intermediate,DLS,23,0.199689
4,DLS-ACC,intermediate,DLS,24,0.181827
4,DLS-ACC,intermediate,DLS,25,0.177447
4,DLS-ACC,intermediate,DLS,26,0.171416
4,DLS-ACC,intermediate,DLS,27,0.106925
4,DLS-ACC,intermediate,DLS,28,0.120514
4,DLS-ACC,intermediate,DLS,29,0.393816
4,DLS-ACC,intermediate,DLS,30,0.082286
4,DLS-ACC,intermediate,DLS,31,0.621118
4,DLS-ACC,intermediate,DLS,32,0.072912
4,DLS-ACC,intermediate,DLS,33,0.214459
4,DLS-ACC,intermediate,DLS,34,0.512991
4,DLS-ACC,intermediate,DLS,35,0.157914
4,DLS-ACC,intermediate,DLS,36,0.54593
4,DLS-ACC,intermediate,DLS,37,0.319397
4,DLS-ACC,intermediate,DLS,38,0.202652
4,DLS-ACC,intermediate,DLS,39,0.008884
4,DLS-ACC,intermediate,DLS,40,0.437814
4,DLS-ACC,intermediate,DLS,41,0.715198
4,DLS-ACC,intermediate,DLS,42,0.046744
4,DLS-ACC,intermediate,DLS,43,0.563537
4,DLS-ACC,intermediate,DLS,44,0.691576
4,DLS-ACC,intermediate,DLS,45,0.360099
4,DLS-ACC,intermediate,DLS,46,0.117711
4,DLS-ACC,intermediate,DLS,47,0.163946
4,DLS-ACC,intermediate,DLS,48,0.753997
4,DLS-ACC,intermediate,DLS,49,0.164199
4,DLS-ACC,intermediate,DLS,50,0.219702
4,DLS-ACC,intermediate,DLS,51,0.367238
4,DLS-ACC,intermediate,DLS,52,0.058293
4,DLS-ACC,intermediate,DLS,53,0.078168
4,DLS-ACC,intermediate,DLS,54,0.133361
4,DLS-ACC,intermediate,DLS,55,0.315605
4,DLS-ACC,intermediate,DLS,56,0.28351
4,DLS-ACC,intermediate,DLS,57,0.078577
4,DLS-ACC,intermediate,DLS,58,0.303812
4,DLS-ACC,intermediate,DLS,59,0.048699
4,DLS-ACC,intermediate,DLS,60,0.69432
4,DLS-ACC,intermediate,DLS,61,0.087572
4,DLS-ACC,intermediate,DLS,62,0.243081
4,DLS-ACC,intermediate,DLS,63,0.041633
4,DLS-ACC,intermediate,DLS,64,0.197519
4,DLS-ACC,intermediate,DLS,65,0.149352
4,DLS-ACC,intermediate,DLS,66,0.114089
4,DLS-ACC,intermediate,DLS,67,0.064051
4,DLS-ACC,intermediate,DLS,68,0.144436
4,DLS-ACC,intermediate,DLS,69,0.150095
4,DLS-ACC,intermediate,DLS,70,0.056109
4,DLS-ACC,intermediate,DLS,71,0.345467
4,DLS-ACC,intermediate,DLS,72,0.56305
4,DLS-ACC,intermediate,DLS,73,0.090282
4,DLS-ACC,intermediate,DLS,74,0.250371
4,DLS-ACC,intermediate,DLS,75,0.236183
4,DLS-ACC,intermediate,DLS,76,0.222982
4,DLS-ACC,intermediate,DLS,77,0.368326
4,DLS-ACC,intermediate,DLS,78,0.260227
4,DLS-ACC,intermediate,DLS,79,0.0903
4,DLS-ACC,intermediate,DLS,80,0.306961
4,DLS-ACC,intermediate,DLS,81,0.600676
4,DLS-ACC,intermediate,DLS,82,0.092621
4,DLS-ACC,intermediate,ACC,0,0.233999
4,DLS-ACC,intermediate,ACC,1,0.871592
4,DLS-ACC,intermediate,ACC,2,0.866541
4,DLS-ACC,intermediate,ACC,3,0.51857
4,DLS-ACC,intermediate,ACC,4,0.9321
4,DLS-ACC,intermediate,ACC,5,0.475084
4,DLS-ACC,intermediate,ACC,6,0.380834
4,DLS-ACC,intermediate,ACC,7,0.206445
4,DLS-ACC,intermediate,ACC,8,0.510778
4,DLS-ACC,intermediate,ACC,9,0.111774
4,DLS-ACC,intermediate,ACC,10,0.134063
4,DLS-ACC,intermediate,ACC,11,0.81623
4,DLS-ACC,intermediate,ACC,12,0.615201
4,DLS-ACC,intermediate,ACC,13,0.521568
4,DLS-ACC,intermediate,ACC,14,0.394629
4,DLS-ACC,intermediate,ACC,15,0.56091
4,DLS-ACC,intermediate,ACC,16,0.817065
4,DLS-ACC,intermediate,ACC,17,0.850758
4,DLS-ACC,intermediate,ACC,18,0.858314
4,DLS-ACC,intermediate,ACC,19,0.327712
4,DLS-ACC,intermediate,ACC,20,0.901313
4,DLS-ACC,intermediate,ACC,21,0.856788
4,DLS-ACC,intermediate,ACC,22,0.872741
4,DLS-ACC,intermediate,ACC,23,0.500663
4,DLS-ACC,intermediate,ACC,24,0.39539
4,DLS-ACC,intermediate,ACC,25,0.150098
4,DLS-ACC,intermediate,ACC,26,0.072683
4,DLS-ACC,intermediate,ACC,27,0.175175
4,DLS-ACC,intermediate,ACC,28,0.771635
4,DLS-ACC,intermediate,ACC,29,0.564713
4,DLS-ACC,intermediate,ACC,30,0.847165
4,DLS-ACC,intermediate,ACC,31,0.145651
4,DLS-ACC,intermediate,ACC,32,0.501859
4,DLS-ACC,intermediate,ACC,33,0.419765
4,DLS-ACC,intermediate,ACC,34,0.151979
4,DLS-ACC,intermediate,ACC,35,0.044418
4,DLS-ACC,intermediate,ACC,36,0.68001
4,DLS-ACC,intermediate,ACC,37,0.106799
4,DLS-ACC,intermediate,ACC,38,0.065944
4,DLS-ACC,intermediate,ACC,39,0.899855
4,DLS-ACC,intermediate,ACC,40,0.187037
4,DLS-ACC,intermediate,ACC,41,0.880185
4,DLS-ACC,intermediate,ACC,42,0.10985
4,DLS-ACC,intermediate,ACC,43,0.888063
4,DLS-ACC,intermediate,ACC,44,0.872154
4,DLS-ACC,intermediate,ACC,45,0.0
4,DLS-ACC,intermediate,ACC,46,0.203678
4,DLS-ACC,intermediate,ACC,47,0.723843
4,DLS-ACC,intermediate,ACC,48,0.035651
4,DLS-ACC,intermediate,ACC,49,0.477806
4,DLS-ACC,intermediate,ACC,50,0.0
4,DLS-ACC,intermediate,ACC,51,0.505657
4,DLS-ACC,intermediate,ACC,52,0.241053
4,DLS-ACC,expert,DLS,0,0.231179
4,DLS-ACC,expert,DLS,1,0.430906
4,DLS-ACC,expert,DLS,2,0.495492
4,DLS-ACC,expert,DLS,3,0.762003
4,DLS-ACC,expert,DLS,4,0.2938
4,DLS-ACC,expert,DLS,5,0.206209
4,DLS-ACC,expert,DLS,6,0.08635
4,DLS-ACC,expert,DLS,7,0.205913
4,DLS-ACC,expert,DLS,8,0.23846
4,DLS-ACC,expert,DLS,9,0.2623
4,DLS-ACC,expert,DLS,10,0.275668
4,DLS-ACC,expert,DLS,11,0.576637
4,DLS-ACC,expert,DLS,12,0.2486
4,DLS-ACC,expert,DLS,13,0.278934
4,DLS-ACC,expert,DLS,14,0.115736
4,DLS-ACC,expert,DLS,15,0.192682
4,DLS-ACC,expert,DLS,16,0.231891
4,DLS-ACC,expert,DLS,17,0.364205
4,DLS-ACC,expert,DLS,18,0.101951
4,DLS-ACC,expert,DLS,19,0.34268
4,DLS-ACC,expert,DLS,20,0.060497
4,DLS-ACC,expert,DLS,21,0.258706
4,DLS-ACC,expert,DLS,22,0.258675
4,DLS-ACC,expert,DLS,23,0.297403
4,DLS-ACC,expert,DLS,24,0.279957
4,DLS-ACC,expert,DLS,25,0.613489
4,DLS-ACC,expert,DLS,26,0.083732
4,DLS-ACC,expert,DLS,27,0.175706
4,DLS-ACC,expert,DLS,28,0.322414
4,DLS-ACC,expert,DLS,29,0.457887
4,DLS-ACC,expert,DLS,30,0.419872
4,DLS-ACC,expert,DLS,31,0.202736
4,DLS-ACC,expert,DLS,32,0.642515
4,DLS-ACC,expert,DLS,33,0.061928
4,DLS-ACC,expert,DLS,34,0.428724
4,DLS-ACC,expert,DLS,35,0.240057
4,DLS-ACC,expert,DLS,36,0.70326
4,DLS-ACC,expert,DLS,37,0.201145
4,DLS-ACC,expert,DLS,38,0.033137
4,DLS-ACC,expert,DLS,39,0.623226
4,DLS-ACC,expert,DLS,40,0.0
4,DLS-ACC,expert,DLS,41,0.77432
4,DLS-ACC,expert,DLS,42,0.184655
4,DLS-ACC,expert,DLS,43,0.0
4,DLS-ACC,expert,DLS,44,0.785506
4,DLS-ACC,expert,DLS,45,0.076019
4,DLS-ACC,expert,DLS,46,0.168833
4,DLS-ACC,expert,DLS,47,0.249042
4,DLS-ACC,expert,DLS,48,0.70146
4,DLS-ACC,expert,DLS,49,0.06324
4,DLS-ACC,expert,DLS,50,0.087273
4,DLS-ACC,expert,DLS,51,0.402696
4,DLS-ACC,expert,DLS,52,0.434058
4,DLS-ACC,expert,DLS,53,0.093226
4,DLS-ACC,expert,DLS,54,0.300865
4,DLS-ACC,expert,DLS,55,0.207432
4,DLS-ACC,expert,DLS,56,0.388699
4,DLS-ACC,expert,DLS,57,0.109306
4,DLS-ACC,expert,DLS,58,0.49984
4,DLS-ACC,expert,DLS,59,0.284844
4,DLS-ACC,expert,DLS,60,0.760398
4,DLS-ACC,expert,DLS,61,0.351897
4,DLS-ACC,expert,DLS,62,0.171161
4,DLS-ACC,expert,DLS,63,0.088637
4,DLS-ACC,expert,DLS,64,0.177744
4,DLS-ACC,expert,DLS,65,0.191764
4,DLS-ACC,expert,DLS,66,0.514948
4,DLS-ACC,expert,DLS,67,0.099581
4,DLS-ACC,expert,DLS,68,0.047132
4,DLS-ACC,expert,DLS,69,0.38688
4,DLS-ACC,expert,DLS,70,0.069505
4,DLS-ACC,expert,DLS,71,0.051523
4,DLS-ACC,expert,DLS,72,0.158065
4,DLS-ACC,expert,DLS,73,0.066612
4,DLS-ACC,expert,DLS,74,0.241674
4,DLS-ACC,expert,DLS,75,0.325517
4,DLS-ACC,expert,DLS,76,0.070449
4,DLS-ACC,expert,DLS,77,0.650117
4,DLS-ACC,expert,DLS,78,0.29759
4,DLS-ACC,expert,DLS,79,0.713787
4,DLS-ACC,expert,DLS,80,0.452203
4,DLS-ACC,expert,DLS,81,0.662734
4,DLS-ACC,expert,DLS,82,0.211243
4,DLS-ACC,expert,ACC,0,0.202352
4,DLS-ACC,expert,ACC,1,0.802742
4,DLS-ACC,expert,ACC,2,0.808169
4,DLS-ACC,expert,ACC,3,0.509704
4,DLS-ACC,expert,ACC,4,0.744276
4,DLS-ACC,expert,ACC,5,0.575544
4,DLS-ACC,expert,ACC,6,0.199509
4,DLS-ACC,expert,ACC,7,0.795
4,DLS-ACC,expert,ACC,8,0.449441
4,DLS-ACC,expert,ACC,9,0.134712
4,DLS-ACC,expert,ACC,10,0.734494
4,DLS-ACC,expert,ACC,11,0.732444
4,DLS-ACC,expert,ACC,12,0.545401
4,DLS-ACC,expert,ACC,13,0.222408
4,DLS-ACC,expert,ACC,14,0.216361
4,DLS-ACC,expert,ACC,15,0.175005
4,DLS-ACC,expert,ACC,16,0.639068
4,DLS-ACC,expert,ACC,17,0.313996
4,DLS-ACC,expert,ACC,18,0.558032
4,DLS-ACC,expert,ACC,19,0.749807
4,DLS-ACC,expert,ACC,20,0.192599
4,DLS-ACC,expert,ACC,21,0.201208
4,DLS-ACC,expert,ACC,22,0.221679
4,DLS-ACC,expert,ACC,23,0.268587
4,DLS-ACC,expert,ACC,24,0.335307
4,DLS-ACC,expert,ACC,25,0.253796
4,DLS-ACC,expert,ACC,26,0.568052
4,DLS-ACC,expert,ACC,27,0.29834
4,DLS-ACC,expert,ACC,28,0.684123
4,DLS-ACC,expert,ACC,29,0.305892
4,DLS-ACC,expert,ACC,30,0.388867
4,DLS-ACC,expert,ACC,31,0.051932
4,DLS-ACC,expert,ACC,32,0.506358
4,DLS-ACC,expert,ACC,33,0.324283
4,DLS-ACC,expert,ACC,34,0.184992
4,DLS-ACC,expert,ACC,35,0.764954
4,DLS-ACC,expert,ACC,36,0.436572
4,DLS-ACC,expert,ACC,37,0.186134
4,DLS-ACC,expert,ACC,38,0.04335
4,DLS-ACC,expert,ACC,39,0.674734
4,DLS-ACC,expert,ACC,40,0.804605
4,DLS-ACC,expert,ACC,41,0.293083
4,DLS-ACC,expert,ACC,42,0.207598
4,DLS-ACC,expert,ACC,43,0.817997
4,DLS-ACC,expert,ACC,44,0.82612
4,DLS-ACC,expert,ACC,45,0.0
4,DLS-ACC,expert,ACC,46,0.770788
4,DLS-ACC,expert,ACC,47,0.711939
4,DLS-ACC,expert,ACC,48,0.489866
4,DLS-ACC,expert,ACC,49,0.30129
4,DLS-ACC,expert,ACC,50,0.867564
4,DLS-ACC,expert,ACC,51,0.357958
4,DLS-ACC,expert,ACC,52,0.238488
5,DMS-DLS,naive,DMS,0,0.560349
5,DMS-DLS,naive,DMS,1,0.091366
5,DMS-DLS,naive,DMS,2,0.702168
5,DMS-DLS,naive,DMS,3,0.089667
5,DMS-DLS,naive,DMS,4,0.596325
5,DMS-DLS,naive,DMS,5,0.541258
5,DMS-DLS,naive,DMS,6,0.106129
5,DMS-DLS,naive,DMS,7,0.647263
5,DMS-DLS,naive,DMS,8,0.293015
5,DMS-DLS,naive,DMS,9,0.832691
5,DMS-DLS,naive,DMS,10,0.0
5,DMS-DLS,naive,DMS,11,0.036162
5,DMS-DLS,naive,DMS,12,0.111384
5,DMS-DLS,naive,DMS,13,0.06252
5,DMS-DLS,naive,DMS,14,0.762707
5,DMS-DLS,naive,DMS,15,0.794759
5,DMS-DLS,naive,DMS,16,0.197541
5,DMS-DLS,naive,DMS,17,0.049384
5,DMS-DLS,naive,DMS,18,0.095378
5,DMS-DLS,naive,DMS,19,0.107762
5,DMS-DLS,naive,DMS,20,0.066954
5,DMS-DLS,naive,DMS,21,0.0
5,DMS-DLS,naive,DMS,22,0.003526
5,DMS-DLS,naive,DMS,23,0.112541
5,DMS-DLS,naive,DMS,24,0.002999
5,DMS-DLS,naive,DMS,25,0.230741
5,DMS-DLS,naive,DMS,26,0.28206
5,DMS-DLS,naive,DMS,27,0.551813
5,DMS-DLS,naive,DMS,28,0.760764
5,DMS-DLS,naive,DMS,29,0.019393
5,DMS-DLS,naive,DMS,30,0.264764
5,DMS-DLS,naive,DMS,31,0.046854
5,DMS-DLS,naive,DMS,32,0.678745
5,DMS-DLS,naive,DMS,33,0.80628
5,DMS-DLS,naive,DMS,34,0.086633
5,DMS-DLS,naive,DMS,35,0.183518
5,DMS-DLS,naive,DMS,36,0.632778
5,DMS-DLS,naive,DMS,37,0.295326
5,DMS-DLS,naive,DMS,38,0.006454
5,DMS-DLS,naive,DMS,39,0.036713
5,DMS-DLS,naive,DMS,40,0.688361
5,DMS-DLS,naive,DMS,41,0.487708
5,DMS-DLS,naive,DMS,42,0.046799
5,DMS-DLS,naive,DMS,43,0.101727
5,DMS-DLS,naive,DMS,44,0.800743
5,DMS-DLS,naive,DMS,45,0.766434
5,DMS-DLS,naive,DMS,46,0.516119
5,DMS-DLS,naive,DMS,47,0.514046
5,DMS-DLS,naive,DMS,48,0.174617
5,DMS-DLS,naive,DMS,49,0.595279
5,DMS-DLS,naive,DMS,50,0.7186
5,DMS-DLS,naive,DMS,51,0.369461
5,DMS-DLS,naive,DMS,52,0.062941
5,DMS-DLS,naive,DMS,53,0.150769
5,DMS-DLS,naive,DMS,54,0.634413
5,DMS-DLS,naive,DLS,0,0.050899
5,DMS-DLS,naive,DLS,1,0.133126
5,DMS-DLS,naive,DLS,2,0.038832
5,DMS-DLS,naive,DLS,3,0.096947
5,DMS-DLS,naive,DLS,4,0.019701
5,DMS-DLS,naive,DLS,5,0.01091
5,DMS-DLS,naive,DLS,6,0.053294
5,DMS-DLS,naive,DLS,7,0.087469
5,DMS-DLS,naive,DLS,8,0.140366
5,DMS-DLS,naive,DLS,9,0.087882
5,DMS-DLS,naive,DLS,10,0.0
5,DMS-DLS,naive,DLS,11,0.013447
5,DMS-DLS,naive,DLS,12,0.161734
5,DMS-DLS,naive,DLS,13,0.170063
5,DMS-DLS,naive,DLS,14,0.110886
5,DMS-DLS,naive,DLS,15,0.0
5,DMS-DLS,naive,DLS,16,0.095388
5,DMS-DLS,naive,DLS,17,0.043361
5,DMS-DLS,naive,DLS,18,0.1132
5,DMS-DLS,naive,DLS,19,0.024049
5,DMS-DLS,naive,DLS,20,0.293984
5,DMS-DLS,naive,DLS,21,0.089733
5,DMS-DLS,naive,DLS,22,0.486456
5,DMS-DLS,naive,DLS,23,0.0
5,DMS-DLS,naive,DLS,24,0.070539
5,DMS-DLS,naive,DLS,25,0.048113
5,DMS-DLS,naive,DLS,26,0.0
5,DMS-DLS,naive,DLS,27,0.064198
5,DMS-DLS,naive,DLS,28,0.37817
5,DMS-DLS,naive,DLS,29,0.400105
5,DMS-DLS,naive,DLS,30,0.075165
5,DMS-DLS,naive,DLS,31,0.040397
5,DMS-DLS,naive,DLS,32,0.04203
5,DMS-DLS,naive,DLS,33,0.087322
5,DMS-DLS,naive,DLS,34,0.07728
5,DMS-DLS,naive,DLS,35,0.055774
5,DMS-DLS,naive,DLS,36,0.076246
5,DMS-DLS,naive,DLS,37,0.07658
5,DMS-DLS,naive,DLS,38,0.036701
5,DMS-DLS,naive,DLS,39,0.012079
5,DMS-DLS,naive,DLS,40,0.0
5,DMS-DLS,naive,DLS,41,0.042464
5,DMS-DLS,naive,DLS,42,0.105221
5,DMS-DLS,naive,DLS,43,0.070016
5,DMS-DLS,naive,DLS,44,0.065766
5,DMS-DLS,naive,DLS,45,0.069652
5,DMS-DLS,naive,DLS,46,0.092771
5,DMS-DLS,naive,DLS,47,0.029925
5,DMS-DLS,naive,DLS,48,0.138753
5,DMS-DLS,naive,DLS,49,0.038943
5,DMS-DLS,naive,DLS,50,0.116628
5,DMS-DLS,naive,DLS,51,0.097424
5,DMS-DLS,naive,DLS,52,0.097441
5,DMS-DLS,naive,DLS,53,0.022322
5,DMS-DLS,naive,DLS,54,0.024822
5,DMS-DLS,naive,DLS,55,0.041176
5,DMS-DLS,naive,DLS,56,0.097186
5,DMS-DLS,naive,DLS,57,0.073835
5,DMS-DLS,naive,DLS,58,0.123158
5,DMS-DLS,naive,DLS,59,0.064445
5,DMS-DLS,naive,DLS,60,0.299735
5,DMS-DLS,naive,DLS,61,0.123406
5,DMS-DLS,naive,DLS,62,0.046579
5,DMS-DLS,naive,DLS,63,0.106149
5,DMS-DLS,naive,DLS,64,0.088155
5,DMS-DLS,naive,DLS,65,0.092191
5,DMS-DLS,naive,DLS,66,0.111916
5,DMS-DLS,naive,DLS,67,0.012319
5,DMS-DLS,naive,DLS,68,0.320485
5,DMS-DLS,naive,DLS,69,0.027166
5,DMS-DLS,naive,DLS,70,0.086804
5,DMS-DLS,naive,DLS,71,0.108932
5,DMS-DLS,naive,DLS,72,0.093713
5,DMS-DLS,naive,DLS,73,0.041034
5,DMS-DLS,naive,DLS,74,0.325789
5,DMS-DLS,naive,DLS,75,0.023337
5,DMS-DLS,naive,DLS,76,0.394127
5,DMS-DLS,naive,DLS,77,0.220821
5,DMS-DLS,naive,DLS,78,0.068283
5,DMS-DLS,naive,DLS,79,0.051979
5,DMS-DLS,naive,DLS,80,0.119556
5,DMS-DLS,naive,DLS,81,0.171807
5,DMS-DLS,naive,DLS,82,0.014953
5,DMS-DLS,naive,DLS,83,0.192902
5,DMS-DLS,naive,DLS,84,0.0
5,DMS-DLS,naive,DLS,85,0.112388
5,DMS-DLS,naive,DLS,86,0.159121
5,DMS-DLS,naive,DLS,87,0.108835
5,DMS-DLS,naive,DLS,88,0.013808
5,DMS-DLS,naive,DLS,89,0.063302
5,DMS-DLS,naive,DLS,90,0.10539
5,DMS-DLS,naive,DLS,91,0.048927
5,DMS-DLS,naive,DLS,92,0.003803
5,DMS-DLS,naive,DLS,93,0.043821
5,DMS-DLS,naive,DLS,94,0.014283
5,DMS-DLS,naive,DLS,95,0.079065
5,DMS-DLS,naive,DLS,96,0.021607
5,DMS-DLS,naive,DLS,97,0.043648
5,DMS-DLS,naive,DLS,98,0.414865
5,DMS-DLS,naive,DLS,99,0.079668
5,DMS-DLS,naive,DLS,100,0.084498
5,DMS-DLS,naive,DLS,101,0.133559
5,DMS-DLS,naive,DLS,102,0.0
5,DMS-DLS,naive,DLS,103,0.141118
5,DMS-DLS,naive,DLS,104,0.050284
5,DMS-DLS,naive,DLS,105,0.025198
5,DMS-DLS,naive,DLS,106,0.03152
5,DMS-DLS,naive,DLS,107,0.056626
5,DMS-DLS,naive,DLS,108,0.047447
5,DMS-DLS,naive,DLS,109,0.054544
5,DMS-DLS,naive,DLS,110,0.03031
5,DMS-DLS,naive,DLS,111,0.53624
5,DMS-DLS,naive,DLS,112,0.011072
5,DMS-DLS,naive,DLS,113,0.058338
5,DMS-DLS,naive,DLS,114,0.004033
5,DMS-DLS,naive,DLS,115,0.0
5,DMS-DLS,naive,DLS,116,0.038686
5,DMS-DLS,naive,DLS,117,0.023005
5,DMS-DLS,naive,DLS,118,0.047445
5,DMS-DLS,naive,DLS,119,0.103302
5,DMS-DLS,naive,DLS,120,0.091135
5,DMS-DLS,naive,DLS,121,0.0
5,DMS-DLS,naive,DLS,122,0.119549
5,DMS-DLS,naive,DLS,123,0.117274
5,DMS-DLS,naive,DLS,124,0.026016
5,DMS-DLS,naive,DLS,125,0.113696
5,DMS-DLS,naive,DLS,126,0.038195
5,DMS-DLS,naive,DLS,127,0.087347
5,DMS-DLS,naive,DLS,128,0.067933
5,DMS-DLS,naive,DLS,129,0.054843
5,DMS-DLS,naive,DLS,130,0.522245
5,DMS-DLS,naive,DLS,131,0.054473
5,DMS-DLS,naive,DLS,132,0.00647
5,DMS-DLS,naive,DLS,133,0.114992
5,DMS-DLS,naive,DLS,134,0.0
5,DMS-DLS,naive,DLS,135,0.041301
5,DMS-DLS,naive,DLS,136,0.016916
5,DMS-DLS,naive,DLS,137,0.0
5,DMS-DLS,naive,DLS,138,0.126839
5,DMS-DLS,naive,DLS,139,0.063804
5,DMS-DLS,naive,DLS,140,0.099342
5,DMS-DLS,naive,DLS,141,0.074251
5,DMS-DLS,naive,DLS,142,0.012468
5,DMS-DLS,naive,DLS,143,0.029422
5,DMS-DLS,naive,DLS,144,0.057095
5,DMS-DLS,naive,DLS,145,0.064998
5,DMS-DLS,naive,DLS,146,0.0
5,DMS-DLS,naive,DLS,147,0.0
5,DMS-DLS,naive,DLS,148,0.069584
5,DMS-DLS,naive,DLS,149,0.021165
5,DMS-DLS,naive,DLS,150,0.0
5,DMS-DLS,naive,DLS,151,0.0
5,DMS-DLS,naive,DLS,152,0.107361
5,DMS-DLS,naive,DLS,153,0.0
5,DMS-DLS,naive,DLS,154,0.061231
5,DMS-DLS,naive,DLS,155,0.051599
5,DMS-DLS,naive,DLS,156,0.058801
5,DMS-DLS,naive,DLS,157,0.073424
5,DMS-DLS,naive,DLS,158,0.051698
5,DMS-DLS,naive,DLS,159,0.157572
5,DMS-DLS,naive,DLS,160,0.044098
5,DMS-DLS,naive,DLS,161,0.081803
5,DMS-DLS,naive,DLS,162,0.004658
5,DMS-DLS,naive,DLS,163,0.011566
5,DMS-DLS,naive,DLS,164,0.015137
5,DMS-DLS,naive,DLS,165,0.008738
5,DMS-DLS,naive,DLS,166,0.037858
5,DMS-DLS,naive,DLS,167,0.046061
5,DMS-DLS,naive,DLS,168,0.002661
5,DMS-DLS,naive,DLS,169,0.01132
5,DMS-DLS,naive,DLS,170,0.485362
5,DMS-DLS,naive,DLS,171,0.309714
5,DMS-DLS,naive,DLS,172,0.172177
5,DMS-DLS,naive,DLS,173,0.247397
5,DMS-DLS,naive,DLS,174,0.233354
5,DMS-DLS,naive,DLS,175,0.0
5,DMS-DLS,naive,DLS,176,0.0
5,DMS-DLS,naive,DLS,177,0.0
5,DMS-DLS,naive,DLS,178,0.015768
5,DMS-DLS,naive,DLS,179,0.0
5,DMS-DLS,naive,DLS,180,0.016006
5,DMS-DLS,naive,DLS,181,0.109958
5,DMS-DLS,naive,DLS,182,0.02723
5,DMS-DLS,naive,DLS,183,0.006617
5,DMS-DLS,naive,DLS,184,0.008935
5,DMS-DLS,naive,DLS,185,0.394019
5,DMS-DLS,naive,DLS,186,0.050449
5,DMS-DLS,naive,DLS,187,0.074123
5,DMS-DLS,naive,DLS,188,0.112237
5,DMS-DLS,naive,DLS,189,0.027825
5,DMS-DLS,naive,DLS,190,0.090122
5,DMS-DLS,naive,DLS,191,0.007023
5,DMS-DLS,naive,DLS,192,0.060221
5,DMS-DLS,naive,DLS,193,0.533538
5,DMS-DLS,naive,DLS,194,0.170716
5,DMS-DLS,naive,DLS,195,0.049062
5,DMS-DLS,naive,DLS,196,0.022146
5,DMS-DLS,naive,DLS,197,0.258545
5,DMS-DLS,naive,DLS,198,0.441817
5,DMS-DLS,naive,DLS,199,0.26119
5,DMS-DLS,naive,DLS,200,0.510065
5,DMS-DLS,naive,DLS,201,0.35945
5,DMS-DLS,naive,DLS,202,0.03014
5,DMS-DLS,naive,DLS,203,0.51
5,DMS-DLS,naive,DLS,204,0.006923
5,DMS-DLS,naive,DLS,205,0.01065
5,DMS-DLS,naive,DLS,206,0.322519
5,DMS-DLS,naive,DLS,207,0.358857
5,DMS-DLS,naive,DLS,208,0.038915
5,DMS-DLS,naive,DLS,209,0.047057
5,DMS-DLS,naive,DLS,210,0.083725
5,DMS-DLS,naive,DLS,211,0.494349
5,DMS-DLS,naive,DLS,212,0.334857
5,DMS-DLS,naive,DLS,213,0.05138
5,DMS-DLS,naive,DLS,214,0.042187
5,DMS-DLS,naive,DLS,215,0.065492
5,DMS-DLS,naive,DLS,216,0.024911
5,DMS-DLS,naive,DLS,217,0.115154
5,DMS-DLS,naive,DLS,218,0.041389
5,DMS-DLS,naive,DLS,219,0.022601
5,DMS-DLS,naive,DLS,220,0.041566
5,DMS-DLS,naive,DLS,221,0.293614
5,DMS-DLS,naive,DLS,222,0.066133
5,DMS-DLS,naive,DLS,223,0.376488
5,DMS-DLS,naive,DLS,224,0.034941
5,DMS-DLS,naive,DLS,225,0.11655
5,DMS-DLS,naive,DLS,226,0.078175
5,DMS-DLS,naive,DLS,227,0.010862
5,DMS-DLS,naive,DLS,228,0.020188
5,DMS-DLS,naive,DLS,229,0.165558
5,DMS-DLS,naive,DLS,230,0.142533
5,DMS-DLS,naive,DLS,231,0.02106
5,DMS-DLS,naive,DLS,232,0.062636
5,DMS-DLS,naive,DLS,233,0.078263
5,DMS-DLS,naive,DLS,234,0.013431
5,DMS-DLS,naive,DLS,235,0.038518
5,DMS-DLS,naive,DLS,236,0.01582
5,DMS-DLS,intermediate,DMS,0,0.626441
5,DMS-DLS,intermediate,DMS,1,0.886043
5,DMS-DLS,intermediate,DMS,2,0.856715
5,DMS-DLS,intermediate,DMS,3,0.834239
5,DMS-DLS,intermediate,DMS,4,0.91571
5,DMS-DLS,intermediate,DMS,5,0.165945
5,DMS-DLS,intermediate,DMS,6,0.965296
5,DMS-DLS,intermediate,DMS,7,0.039404
5,DMS-DLS,intermediate,DMS,8,0.383503
5,DMS-DLS,intermediate,DMS,9,0.507714
5,DMS-DLS,intermediate,DMS,10,0.306721
5,DMS-DLS,intermediate,DMS,11,0.150288
5,DMS-DLS,intermediate,DMS,12,0.339486
5,DMS-DLS,intermediate,DMS,13,0.062327
5,DMS-DLS,intermediate,DMS,14,0.220575
5,DMS-DLS,intermediate,DMS,15,0.178606
5,DMS-DLS,intermediate,DMS,16,0.0
5,DMS-DLS,intermediate,DMS,17,0.660745
5,DMS-DLS,intermediate,DMS,18,0.04361
5,DMS-DLS,intermediate,DMS,19,0.798379
5,DMS-DLS,intermediate,DMS,20,0.95283
5,DMS-DLS,intermediate,DMS,21,0.370775
5,DMS-DLS,intermediate,DMS,22,0.243632
5,DMS-DLS,intermediate,DMS,23,0.793739
5,DMS-DLS,intermediate,DMS,24,0.514545
5,DMS-DLS,intermediate,DMS,25,0.552516
5,DMS-DLS,intermediate,DMS,26,0.794107
5,DMS-DLS,intermediate,DMS,27,0.796197
5,DMS-DLS,intermediate,DMS,28,0.0
5,DMS-DLS,intermediate,DMS,29,0.086322
5,DMS-DLS,intermediate,DMS,30,0.164892
5,DMS-DLS,intermediate,DMS,31,0.173874
5,DMS-DLS,intermediate,DMS,32,0.170031
5,DMS-DLS,intermediate,DMS,33,0.067219
5,DMS-DLS,intermediate,DMS,34,0.014841
5,DMS-DLS,intermediate,DMS,35,0.508977
5,DMS-DLS,intermediate,DMS,36,0.853786
5,DMS-DLS,intermediate,DMS,37,0.267079
5,DMS-DLS,intermediate,DMS,38,0.935214
5,DMS-DLS,intermediate,DMS,39,0.206948
5,DMS-DLS,intermediate,DMS,40,0.0
5,DMS-DLS,intermediate,DMS,41,0.672457
5,DMS-DLS,intermediate,DMS,42,0.0
5,DMS-DLS,intermediate,DMS,43,0.758677
5,DMS-DLS,intermediate,DMS,44,0.175728
5,DMS-DLS,intermediate,DMS,45,0.937316
5,DMS-DLS,intermediate,DMS,46,0.014193
5,DMS-DLS,intermediate,DMS,47,0.526521
5,DMS-DLS,intermediate,DMS,48,0.020553
5,DMS-DLS,intermediate,DMS,49,0.152348
5,DMS-DLS,intermediate,DMS,50,0.062839
5,DMS-DLS,intermediate,DMS,51,0.319741
5,DMS-DLS,intermediate,DMS,52,0.197726
5,DMS-DLS,intermediate,DMS,53,0.609838
5,DMS-DLS,intermediate,DMS,54,0.031275
5,DMS-DLS,intermediate,DLS,0,0.067445
5,DMS-DLS,intermediate,DLS,1,0.153318
5,DMS-DLS,intermediate,DLS,2,0.178252
5,DMS-DLS,intermediate,DLS,3,0.164303
5,DMS-DLS,intermediate,DLS,4,0.574663
5,DMS-DLS,intermediate,DLS,5,0.016573
5,DMS-DLS,intermediate,DLS,6,0.195264
5,DMS-DLS,intermediate,DLS,7,0.15137
5,DMS-DLS,intermediate,DLS,8,0.126472
5,DMS-DLS,intermediate,DLS,9,0.07437
5,DMS-DLS,intermediate,DLS,10,0.007349
5,DMS-DLS,intermediate,DLS,11,0.048225
5,DMS-DLS,intermediate,DLS,12,0.093363
5,DMS-DLS,intermediate,DLS,13,0.199916
5,DMS-DLS,intermediate,DLS,14,0.169558
5,DMS-DLS,intermediate,DLS,15,0.0
5,DMS-DLS,intermediate,DLS,16,0.160966
5,DMS-DLS,intermediate,DLS,17,0.128796
5,DMS-DLS,intermediate,DLS,18,0.21329
5,DMS-DLS,intermediate,DLS,19,0.181128
5,DMS-DLS,intermediate,DLS,20,0.110137
5,DMS-DLS,intermediate,DLS,21,0.120375
5,DMS-DLS,intermediate,DLS,22,0.050735
5,DMS-DLS,intermediate,DLS,23,0.034496
5,DMS-DLS,intermediate,DLS,24,0.231894
5,DMS-DLS,intermediate,DLS,25,0.071749
5,DMS-DLS,intermediate,DLS,26,0.035526
5,DMS-DLS,intermediate,DLS,27,0.263865
5,DMS-DLS,intermediate,DLS,28,0.417151
5,DMS-DLS,intermediate,DLS,29,0.344199
5,DMS-DLS,intermediate,DLS,30,0.1868
5,DMS-DLS,intermediate,DLS,31,0.123938
5,DMS-DLS,intermediate,DLS,32,0.226887
5,DMS-DLS,intermediate,DLS,33,0.092626
5,DMS-DLS,intermediate,DLS,34,0.068908
5,DMS-DLS,intermediate,DLS,35,0.073998
5,DMS-DLS,intermediate,DLS,36,0.183783
5,DMS-DLS,intermediate,DLS,37,0.070552
5,DMS-DLS,intermediate,DLS,38,0.176155
5,DMS-DLS,intermediate,DLS,39,0.093404
5,DMS-DLS,intermediate,DLS,40,0.048178
5,DMS-DLS,intermediate,DLS,41,0.168579
5,DMS-DLS,intermediate,DLS,42,0.022733
5,DMS-DLS,intermediate,DLS,43,0.108283
5,DMS-DLS,intermediate,DLS,44,0.134934
5,DMS-DLS,intermediate,DLS,45,0.091508
5,DMS-DLS,intermediate,DLS,46,0.06846
5,DMS-DLS,intermediate,DLS,47,0.089833
5,DMS-DLS,intermediate,DLS,48,0.103354
5,DMS-DLS,intermediate,DLS,49,0.09597
5,DMS-DLS,intermediate,DLS,50,0.11037
5,DMS-DLS,intermediate,DLS,51,0.086858
5,DMS-DLS,intermediate,DLS,52,0.099374
5,DMS-DLS,intermediate,DLS,53,0.061605
5,DMS-DLS,intermediate,DLS,54,0.187882
5,DMS-DLS,intermediate,DLS,55,0.120187
5,DMS-DLS,intermediate,DLS,56,0.200989
5,DMS-DLS,intermediate,DLS,57,0.045375
5,DMS-DLS,intermediate,DLS,58,0.134714
5,DMS-DLS,intermediate,DLS,59,0.150729
5,DMS-DLS,intermediate,DLS,60,0.094149
5,DMS-DLS,intermediate,DLS,61,0.135043
5,DMS-DLS,intermediate,DLS,62,0.205393
5,DMS-DLS,intermediate,DLS,63,0.117229
5,DMS-DLS,intermediate,DLS,64,0.136234
5,DMS-DLS,intermediate,DLS,65,0.089988
5,DMS-DLS,intermediate,DLS,66,0.194375
5,DMS-DLS,intermediate,DLS,67,0.057321
5,DMS-DLS,intermediate,DLS,68,0.019216
5,DMS-DLS,intermediate,DLS,69,0.571059
5,DMS-DLS,intermediate,DLS,70,0.131131
5,DMS-DLS,intermediate,DLS,71,0.022155
5,DMS-DLS,intermediate,DLS,72,0.108119
5,DMS-DLS,intermediate,DLS,73,0.1077
5,DMS-DLS,intermediate,DLS,74,0.174743
5,DMS-DLS,intermediate,DLS,75,0.089843
5,DMS-DLS,intermediate,DLS,76,0.111328
5,DMS-DLS,intermediate,DLS,77,0.020282
5,DMS-DLS,intermediate,DLS,78,0.137961
5,DMS-DLS,intermediate,DLS,79,0.159777
5,DMS-DLS,intermediate,DLS,80,0.080601
5,DMS-DLS,intermediate,DLS,81,0.004652
5,DMS-DLS,intermediate,DLS,82,0.478942
5,DMS-DLS,intermediate,DLS,83,0.003053
5,DMS-DLS,intermediate,DLS,84,0.281719
5,DMS-DLS,intermediate,DLS,85,0.048141
5,DMS-DLS,intermediate,DLS,86,0.060919
5,DMS-DLS,intermediate,DLS,87,0.050494
5,DMS-DLS,intermediate,DLS,88,0.021144
5,DMS-DLS,intermediate,DLS,89,0.124139
5,DMS-DLS,intermediate,DLS,90,0.028057
5,DMS-DLS,intermediate,DLS,91,0.046715
5,DMS-DLS,intermediate,DLS,92,0.034505
5,DMS-DLS,intermediate,DLS,93,0.104049
5,DMS-DLS,intermediate,DLS,94,0.07053
5,DMS-DLS,intermediate,DLS,95,0.050892
5,DMS-DLS,intermediate,DLS,96,0.232088
5,DMS-DLS,intermediate,DLS,97,0.280042
5,DMS-DLS,intermediate,DLS,98,0.031863
5,DMS-DLS,intermediate,DLS,99,0.402853
5,DMS-DLS,intermediate,DLS,100,0.402012
5,DMS-DLS,intermediate,DLS,101,0.046593
5,DMS-DLS,intermediate,DLS,102,0.469324
5,DMS-DLS,intermediate,DLS,103,0.013139
5,DMS-DLS,intermediate,DLS,104,0.147842
5,DMS-DLS,intermediate,DLS,105,0.113746
5,DMS-DLS,intermediate,DLS,106,0.046853
5,DMS-DLS,intermediate,DLS,107,0.032357
5,DMS-DLS,intermediate,DLS,108,0.070553
5,DMS-DLS,intermediate,DLS,109,0.033087
5,DMS-DLS,intermediate,DLS,110,0.558237
5,DMS-DLS,intermediate,DLS,111,0.035385
5,DMS-DLS,intermediate,DLS,112,0.614544
5,DMS-DLS,intermediate,DLS,113,0.077843
5,DMS-DLS,intermediate,DLS,114,0.045457
5,DMS-DLS,intermediate,DLS,115,0.045181
5,DMS-DLS,intermediate,DLS,116,0.095961
5,DMS-DLS,intermediate,DLS,117,0.010491
5,DMS-DLS,intermediate,DLS,118,0.072219
5,DMS-DLS,intermediate,DLS,119,0.034709
5,DMS-DLS,intermediate,DLS,120,0.034311
5,DMS-DLS,intermediate,DLS,121,0.0
5,DMS-DLS,intermediate,DLS,122,0.209002
5,DMS-DLS,intermediate,DLS,123,0.052946
5,DMS-DLS,intermediate,DLS,124,0.162555
5,DMS-DLS,intermediate,DLS,125,0.209377
5,DMS-DLS,intermediate,DLS,126,0.176785
5,DMS-DLS,intermediate,DLS,127,0.050895
5,DMS-DLS,intermediate,DLS,128,0.023937
5,DMS-DLS,intermediate,DLS,129,0.054353
5,DMS-DLS,intermediate,DLS,130,0.042271
5,DMS-DLS,intermediate,DLS,131,0.236701
5,DMS-DLS,intermediate,DLS,132,0.050633
5,DMS-DLS,intermediate,DLS,133,0.027559
5,DMS-DLS,intermediate,DLS,134,0.007518
5,DMS-DLS,intermediate,DLS,135,0.165103
5,DMS-DLS,intermediate,DLS,136,0.304148
5,DMS-DLS,intermediate,DLS,137,0.037437
5,DMS-DLS,intermediate,DLS,138,0.05034
5,DMS-DLS,intermediate,DLS,139,0.041518
5,DMS-DLS,intermediate,DLS,140,0.229707
5,DMS-DLS,intermediate,DLS,141,0.226934
5,DMS-DLS,intermediate,DLS,142,0.073735
5,DMS-DLS,intermediate,DLS,143,0.067246
5,DMS-DLS,intermediate,DLS,144,0.255314
5,DMS-DLS,intermediate,DLS,145,0.227122
5,DMS-DLS,intermediate,DLS,146,0.368148
5,DMS-DLS,intermediate,DLS,147,0.0
5,DMS-DLS,intermediate,DLS,148,0.086198
5,DMS-DLS,intermediate,DLS,149,0.105946
5,DMS-DLS,intermediate,DLS,150,0.0
5,DMS-DLS,intermediate,DLS,151,0.0
5,DMS-DLS,intermediate,DLS,152,0.109858
5,DMS-DLS,intermediate,DLS,153,0.0
5,DMS-DLS,intermediate,DLS,154,0.032619
5,DMS-DLS,intermediate,DLS,155,0.0
5,DMS-DLS,intermediate,DLS,156,0.151839
5,DMS-DLS,intermediate,DLS,157,0.026479
5,DMS-DLS,intermediate,DLS,158,0.035322
5,DMS-DLS,intermediate,DLS,159,0.024544
5,DMS-DLS,intermediate,DLS,160,0.122211
5,DMS-DLS,intermediate,DLS,161,0.087979
5,DMS-DLS,intermediate,DLS,162,0.046578
5,DMS-DLS,intermediate,DLS,163,0.055977
5,DMS-DLS,intermediate,DLS,164,0.091594
5,DMS-DLS,intermediate,DLS,165,0.095205
5,DMS-DLS,intermediate,DLS,166,0.076891
5,DMS-DLS,intermediate,DLS,167,0.104519
5,DMS-DLS,intermediate,DLS,168,0.015531
5,DMS-DLS,intermediate,DLS,169,0.068712
5,DMS-DLS,intermediate,DLS,170,0.04237
5,DMS-DLS,intermediate,DLS,171,0.0
5,DMS-DLS,intermediate,DLS,172,0.111733
5,DMS-DLS,intermediate,DLS,173,0.315481
5,DMS-DLS,intermediate,DLS,174,0.29779
5,DMS-DLS,intermediate,DLS,175,0.046074
5,DMS-DLS,intermediate,DLS,176,0.186255
5,DMS-DLS,intermediate,DLS,177,0.171872
5,DMS-DLS,intermediate,DLS,178,0.073971
5,DMS-DLS,intermediate,DLS,179,0.093977
5,DMS-DLS,intermediate,DLS,180,0.452373
5,DMS-DLS,intermediate,DLS,181,0.071333
5,DMS-DLS,intermediate,DLS,182,0.023208
5,DMS-DLS,intermediate,DLS,183,0.078785
5,DMS-DLS,intermediate,DLS,184,0.445699
5,DMS-DLS,intermediate,DLS,185,0.086201
5,DMS-DLS,intermediate,DLS,186,0.080055
5,DMS-DLS,intermediate,DLS,187,0.08319
5,DMS-DLS,intermediate,DLS,188,0.167243
5,DMS-DLS,intermediate,DLS,189,0.343338
5,DMS-DLS,intermediate,DLS,190,0.224427
5,DMS-DLS,intermediate,DLS,191,0.129284
5,DMS-DLS,intermediate,DLS,192,0.092783
5,DMS-DLS,intermediate,DLS,193,0.029518
5,DMS-DLS,intermediate,DLS,194,0.016497
5,DMS-DLS,intermediate,DLS,195,0.160305
5,DMS-DLS,intermediate,DLS,196,0.022253
5,DMS-DLS,intermediate,DLS,197,0.349906
5,DMS-DLS,intermediate,DLS,198,0.0
5,DMS-DLS,intermediate,DLS,199,0.265892
5,DMS-DLS,intermediate,DLS,200,0.144385
5,DMS-DLS,intermediate,DLS,201,0.0
5,DMS-DLS,intermediate,DLS,202,0.079733
5,DMS-DLS,intermediate,DLS,203,0.093344
5,DMS-DLS,intermediate,DLS,204,0.224059
5,DMS-DLS,intermediate,DLS,205,0.006123
5,DMS-DLS,intermediate,DLS,206,0.103763
5,DMS-DLS,intermediate,DLS,207,0.336666
5,DMS-DLS,intermediate,DLS,208,0.116482
5,DMS-DLS,intermediate,DLS,209,0.20072
5,DMS-DLS,intermediate,DLS,210,0.042076
5,DMS-DLS,intermediate,DLS,211,0.051286
5,DMS-DLS,intermediate,DLS,212,0.030467
5,DMS-DLS,intermediate,DLS,213,0.106497
5,DMS-DLS,intermediate,DLS,214,0.507201
5,DMS-DLS,intermediate,DLS,215,0.025229
5,DMS-DLS,intermediate,DLS,216,0.039673
5,DMS-DLS,intermediate,DLS,217,0.182407
5,DMS-DLS,intermediate,DLS,218,0.027272
5,DMS-DLS,intermediate,DLS,219,0.058433
5,DMS-DLS,intermediate,DLS,220,0.361209
5,DMS-DLS,intermediate,DLS,221,0.005894
5,DMS-DLS,intermediate,DLS,222,0.107355
5,DMS-DLS,intermediate,DLS,223,0.049503
5,DMS-DLS,intermediate,DLS,224,0.091205
5,DMS-DLS,intermediate,DLS,225,0.142476
5,DMS-DLS,intermediate,DLS,226,0.045079
5,DMS-DLS,intermediate,DLS,227,0.530149
5,DMS-DLS,intermediate,DLS,228,0.542389
5,DMS-DLS,intermediate,DLS,229,0.15766
5,DMS-DLS,intermediate,DLS,230,0.039434
5,DMS-DLS,intermediate,DLS,231,0.051784
5,DMS-DLS,intermediate,DLS,232,0.125547
5,DMS-DLS,intermediate,DLS,233,0.150217
5,DMS-DLS,intermediate,DLS,234,0.261827
5,DMS-DLS,intermediate,DLS,235,0.116465
5,DMS-DLS,intermediate,DLS,236,0.021257
5,DMS-DLS,expert,DMS,0,0.421152
5,DMS-DLS,expert,DMS,1,0.23274
5,DMS-DLS,expert,DMS,2,0.048071
5,DMS-DLS,expert,DMS,3,0.720321
5,DMS-DLS,expert,DMS,4,0.09369
5,DMS-DLS,expert,DMS,5,0.210034
5,DMS-DLS,expert,DMS,6,0.941348
5,DMS-DLS,expert,DMS,7,0.037269
5,DMS-DLS,expert,DMS,8,0.21722
5,DMS-DLS,expert,DMS,9,0.25236
5,DMS-DLS,expert,DMS,10,0.0
5,DMS-DLS,expert,DMS,11,0.883956
5,DMS-DLS,expert,DMS,12,0.63829
5,DMS-DLS,expert,DMS,13,0.818508
5,DMS-DLS,expert,DMS,14,0.96679
5,DMS-DLS,expert,DMS,15,0.270525
5,DMS-DLS,expert,DMS,16,0.029267
5,DMS-DLS,expert,DMS,17,0.044604
5,DMS-DLS,expert,DMS,18,0.237697
5,DMS-DLS,expert,DMS,19,0.914794
5,DMS-DLS,expert,DMS,20,0.961843
5,DMS-DLS,expert,DMS,21,0.0
5,DMS-DLS,expert,DMS,22,0.0
5,DMS-DLS,expert,DMS,23,0.128384
5,DMS-DLS,expert,DMS,24,0.877961
5,DMS-DLS,expert,DMS,25,0.839862
5,DMS-DLS,expert,DMS,26,0.045814
5,DMS-DLS,expert,DMS,27,0.06608
5,DMS-DLS,expert,DMS,28,0.719165
5,DMS-DLS,expert,DMS,29,0.914015
5,DMS-DLS,expert,DMS,30,0.737611
5,DMS-DLS,expert,DMS,31,0.703638
5,DMS-DLS,expert,DMS,32,0.032732
5,DMS-DLS,expert,DMS,33,1.007815
5,DMS-DLS,expert,DMS,34,0.265451
5,DMS-DLS,expert,DMS,35,0.806103
5,DMS-DLS,expert,DMS,36,0.0
5,DMS-DLS,expert,DMS,37,0.0
5,DMS-DLS,expert,DMS,38,0.89597
5,DMS-DLS,expert,DMS,39,0.151517
5,DMS-DLS,expert,DMS,40,0.0
5,DMS-DLS,expert,DMS,41,0.045491
5,DMS-DLS,expert,DMS,42,0.0
5,DMS-DLS,expert,DMS,43,0.0
5,DMS-DLS,expert,DMS,44,0.628832
5,DMS-DLS,expert,DMS,45,0.90324
5,DMS-DLS,expert,DMS,46,0.066188
5,DMS-DLS,expert,DMS,47,0.329026
5,DMS-DLS,expert,DMS,48,0.081236
5,DMS-DLS,expert,DMS,49,0.982201
5,DMS-DLS,expert,DMS,50,0.316209
5,DMS-DLS,expert,DMS,51,0.969291
5,DMS-DLS,expert,DMS,52,0.976109
5,DMS-DLS,expert,DMS,53,0.040843
5,DMS-DLS,expert,DMS,54,0.010378
5,DMS-DLS,expert,DLS,0,0.0894
5,DMS-DLS,expert,DLS,1,0.087054
5,DMS-DLS,expert,DLS,2,0.068264
5,DMS-DLS,expert,DLS,3,0.128095
5,DMS-DLS,expert,DLS,4,0.131526
5,DMS-DLS,expert,DLS,5,0.029039
5,DMS-DLS,expert,DLS,6,0.114552
5,DMS-DLS,expert,DLS,7,0.152068
5,DMS-DLS,expert,DLS,8,0.10224
5,DMS-DLS,expert,DLS,9,0.109853
5,DMS-DLS,expert,DLS,10,0.011427
5,DMS-DLS,expert,DLS,11,0.120379
5,DMS-DLS,expert,DLS,12,0.115049
5,DMS-DLS,expert,DLS,13,0.206687
5,DMS-DLS,expert,DLS,14,0.149204
5,DMS-DLS,expert,DLS,15,0.0
5,DMS-DLS,expert,DLS,16,0.190912
5,DMS-DLS,expert,DLS,17,0.041316
5,DMS-DLS,expert,DLS,18,0.158902
5,DMS-DLS,expert,DLS,19,0.081467
5,DMS-DLS,expert,DLS,20,0.098626
5,DMS-DLS,expert,DLS,21,0.20884
5,DMS-DLS,expert,DLS,22,0.036246
5,DMS-DLS,expert,DLS,23,0.19964
5,DMS-DLS,expert,DLS,24,0.200794
5,DMS-DLS,expert,DLS,25,0.030483
5,DMS-DLS,expert,DLS,26,0.0
5,DMS-DLS,expert,DLS,27,0.214301
5,DMS-DLS,expert,DLS,28,0.023745
5,DMS-DLS,expert,DLS,29,0.083487
5,DMS-DLS,expert,DLS,30,0.226239
5,DMS-DLS,expert,DLS,31,0.358992
5,DMS-DLS,expert,DLS,32,0.177016
5,DMS-DLS,expert,DLS,33,0.1233
5,DMS-DLS,expert,DLS,34,0.035791
5,DMS-DLS,expert,DLS,35,0.108313
5,DMS-DLS,expert,DLS,36,0.179197
5,DMS-DLS,expert,DLS,37,0.05426
5,DMS-DLS,expert,DLS,38,0.174077
5,DMS-DLS,expert,DLS,39,0.328873
5,DMS-DLS,expert,DLS,40,0.274988
5,DMS-DLS,expert,DLS,41,0.0447
5,DMS-DLS,expert,DLS,42,0.016524
5,DMS-DLS,expert,DLS,43,0.134947
5,DMS-DLS,expert,DLS,44,0.150339
5,DMS-DLS,expert,DLS,45,0.078812
5,DMS-DLS,expert,DLS,46,0.077652
5,DMS-DLS,expert,DLS,47,0.580008
5,DMS-DLS,expert,DLS,48,0.058312
5,DMS-DLS,expert,DLS,49,0.13348
5,DMS-DLS,expert,DLS,50,0.151504
5,DMS-DLS,expert,DLS,51,0.101518
5,DMS-DLS,expert,DLS,52,0.081785
5,DMS-DLS,expert,DLS,53,0.105609
5,DMS-DLS,expert,DLS,54,0.141739
5,DMS-DLS,expert,DLS,55,0.143783
5,DMS-DLS,expert,DLS,56,0.170202
5,DMS-DLS,expert,DLS,57,0.082533
5,DMS-DLS,expert,DLS,58,0.103098
5,DMS-DLS,expert,DLS,59,0.168467
5,DMS-DLS,expert,DLS,60,0.07629
5,DMS-DLS,expert,DLS,61,0.143943
5,DMS-DLS,expert,DLS,62,0.149519
5,DMS-DLS,expert,DLS,63,0.133126
5,DMS-DLS,expert,DLS,64,0.139969
5,DMS-DLS,expert,DLS,65,0.076112
5,DMS-DLS,expert,DLS,66,0.080685
5,DMS-DLS,expert,DLS,67,0.044324
5,DMS-DLS,expert,DLS,68,0.070731
5,DMS-DLS,expert,DLS,69,0.023011
5,DMS-DLS,expert,DLS,70,0.144045
5,DMS-DLS,expert,DLS,71,0.192091
5,DMS-DLS,expert,DLS,72,0.123073
5,DMS-DLS,expert,DLS,73,0.145935
5,DMS-DLS,expert,DLS,74,0.024445
5,DMS-DLS,expert,DLS,75,0.068307
5,DMS-DLS,expert,DLS,76,0.032694
5,DMS-DLS,expert,DLS,77,0.064148
5,DMS-DLS,expert,DLS,78,0.130817
5,DMS-DLS,expert,DLS,79,0.126947
5,DMS-DLS,expert,DLS,80,0.072026
5,DMS-DLS,expert,DLS,81,0.021806
5,DMS-DLS,expert,DLS,82,0.622516
5,DMS-DLS,expert,DLS,83,0.014559
5,DMS-DLS,expert,DLS,84,0.147616
5,DMS-DLS,expert,DLS,85,0.089457
5,DMS-DLS,expert,DLS,86,0.054437
5,DMS-DLS,expert,DLS,87,0.065601
5,DMS-DLS,expert,DLS,88,0.057588
5,DMS-DLS,expert,DLS,89,0.144333
5,DMS-DLS,expert,DLS,90,0.048686
5,DMS-DLS,expert,DLS,91,0.086085
5,DMS-DLS,expert,DLS,92,0.027905
5,DMS-DLS,expert,DLS,93,0.082438
5,DMS-DLS,expert,DLS,94,0.309695
5,DMS-DLS,expert,DLS,95,0.096008
5,DMS-DLS,expert,DLS,96,0.43035
5,DMS-DLS,expert,DLS,97,0.134424
5,DMS-DLS,expert,DLS,98,0.030194
5,DMS-DLS,expert,DLS,99,0.403734
5,DMS-DLS,expert,DLS,100,0.402877
5,DMS-DLS,expert,DLS,101,0.127669
5,DMS-DLS,expert,DLS,102,0.125259
5,DMS-DLS,expert,DLS,103,0.110472
5,DMS-DLS,expert,DLS,104,0.143126
5,DMS-DLS,expert,DLS,105,0.568924
5,DMS-DLS,expert,DLS,106,0.056667
5,DMS-DLS,expert,DLS,107,0.198325
5,DMS-DLS,expert,DLS,108,0.089691
5,DMS-DLS,expert,DLS,109,0.185818
5,DMS-DLS,expert,DLS,110,0.220179
5,DMS-DLS,expert,DLS,111,0.535596
5,DMS-DLS,expert,DLS,112,0.282013
5,DMS-DLS,expert,DLS,113,0.086636
5,DMS-DLS,expert,DLS,114,0.217461
5,DMS-DLS,expert,DLS,115,0.050468
5,DMS-DLS,expert,DLS,116,0.116684
5,DMS-DLS,expert,DLS,117,0.060838
5,DMS-DLS,expert,DLS,118,0.040445
5,DMS-DLS,expert,DLS,119,0.012488
5,DMS-DLS,expert,DLS,120,0.543089
5,DMS-DLS,expert,DLS,121,0.0
5,DMS-DLS,expert,DLS,122,0.130592
5,DMS-DLS,expert,DLS,123,0.12768
5,DMS-DLS,expert,DLS,124,0.143641
5,DMS-DLS,expert,DLS,125,0.132017
5,DMS-DLS,expert,DLS,126,0.039423
5,DMS-DLS,expert,DLS,127,0.14959
5,DMS-DLS,expert,DLS,128,0.033904
5,DMS-DLS,expert,DLS,129,0.059334
5,DMS-DLS,expert,DLS,130,0.0
5,DMS-DLS,expert,DLS,131,0.193955
5,DMS-DLS,expert,DLS,132,0.011305
5,DMS-DLS,expert,DLS,133,0.024644
5,DMS-DLS,expert,DLS,134,0.018756
5,DMS-DLS,expert,DLS,135,0.004679
5,DMS-DLS,expert,DLS,136,0.000235
5,DMS-DLS,expert,DLS,137,0.297079
5,DMS-DLS,expert,DLS,138,0.094759
5,DMS-DLS,expert,DLS,139,0.478204
5,DMS-DLS,expert,DLS,140,0.32963
5,DMS-DLS,expert,DLS,141,0.014579
5,DMS-DLS,expert,DLS,142,0.039829
5,DMS-DLS,expert,DLS,143,0.112142
5,DMS-DLS,expert,DLS,144,0.207579
5,DMS-DLS,expert,DLS,145,0.206513
5,DMS-DLS,expert,DLS,146,0.019826
5,DMS-DLS,expert,DLS,147,0.0
5,DMS-DLS,expert,DLS,148,0.281856
5,DMS-DLS,expert,DLS,149,0.614622
5,DMS-DLS,expert,DLS,150,0.0
5,DMS-DLS,expert,DLS,151,0.0
5,DMS-DLS,expert,DLS,152,0.121003
5,DMS-DLS,expert,DLS,153,0.0
5,DMS-DLS,expert,DLS,154,0.026818
5,DMS-DLS,expert,DLS,155,0.031291
5,DMS-DLS,expert,DLS,156,0.096393
5,DMS-DLS,expert,DLS,157,0.025949
5,DMS-DLS,expert,DLS,158,0.076696
5,DMS-DLS,expert,DLS,159,0.048532
5,DMS-DLS,expert,DLS,160,0.078614
5,DMS-DLS,expert,DLS,161,0.015976
5,DMS-DLS,expert,DLS,162,0.613572
5,DMS-DLS,expert,DLS,163,0.060847
5,DMS-DLS,expert,DLS,164,0.025081
5,DMS-DLS,expert,DLS,165,0.1029
5,DMS-DLS,expert,DLS,166,0.387636
5,DMS-DLS,expert,DLS,167,0.060512
5,DMS-DLS,expert,DLS,168,0.081576
5,DMS-DLS,expert,DLS,169,0.122055
5,DMS-DLS,expert,DLS,170,0.100806
5,DMS-DLS,expert,DLS,171,0.036665
5,DMS-DLS,expert,DLS,172,0.091742
5,DMS-DLS,expert,DLS,173,0.0
5,DMS-DLS,expert,DLS,174,0.0
5,DMS-DLS,expert,DLS,175,0.047024
5,DMS-DLS,expert,DLS,176,0.0
5,DMS-DLS,expert,DLS,177,0.0
5,DMS-DLS,expert,DLS,178,0.095112
5,DMS-DLS,expert,DLS,179,0.035781
5,DMS-DLS,expert,DLS,180,0.069841
5,DMS-DLS,expert,DLS,181,0.110106
5,DMS-DLS,expert,DLS,182,0.021427
5,DMS-DLS,expert,DLS,183,0.081478
5,DMS-DLS,expert,DLS,184,0.491679
5,DMS-DLS,expert,DLS,185,0.071039
5,DMS-DLS,expert,DLS,186,0.012431
5,DMS-DLS,expert,DLS,187,0.0
5,DMS-DLS,expert,DLS,188,0.238714
5,DMS-DLS,expert,DLS,189,0.125342
5,DMS-DLS,expert,DLS,190,0.223962
5,DMS-DLS,expert,DLS,191,0.627795
5,DMS-DLS,expert,DLS,192,0.086591
5,DMS-DLS,expert,DLS,193,0.027007
5,DMS-DLS,expert,DLS,194,0.05986
5,DMS-DLS,expert,DLS,195,0.072047
5,DMS-DLS,expert,DLS,196,0.02633
5,DMS-DLS,expert,DLS,197,0.0
5,DMS-DLS,expert,DLS,198,0.174479
5,DMS-DLS,expert,DLS,199,0.0
5,DMS-DLS,expert,DLS,200,0.0
5,DMS-DLS,expert,DLS,201,0.0
5,DMS-DLS,expert,DLS,202,0.539444
5,DMS-DLS,expert,DLS,203,0.031235
5,DMS-DLS,expert,DLS,204,0.02344
5,DMS-DLS,expert,DLS,205,0.045077
5,DMS-DLS,expert,DLS,206,0.100887
5,DMS-DLS,expert,DLS,207,0.093225
5,DMS-DLS,expert,DLS,208,0.12693
5,DMS-DLS,expert,DLS,209,0.097764
5,DMS-DLS,expert,DLS,210,0.085903
5,DMS-DLS,expert,DLS,211,0.048019
5,DMS-DLS,expert,DLS,212,0.569311
5,DMS-DLS,expert,DLS,213,0.110349
5,DMS-DLS,expert,DLS,214,0.22902
5,DMS-DLS,expert,DLS,215,0.16271
5,DMS-DLS,expert,DLS,216,0.029506
5,DMS-DLS,expert,DLS,217,0.159987
5,DMS-DLS,expert,DLS,218,0.032039
5,DMS-DLS,expert,DLS,219,0.074148
5,DMS-DLS,expert,DLS,220,0.291607
5,DMS-DLS,expert,DLS,221,0.089949
5,DMS-DLS,expert,DLS,222,0.07752
5,DMS-DLS,expert,DLS,223,0.093203
5,DMS-DLS,expert,DLS,224,0.058369
5,DMS-DLS,expert,DLS,225,0.174349
5,DMS-DLS,expert,DLS,226,0.011482
5,DMS-DLS,expert,DLS,227,0.117737
5,DMS-DLS,expert,DLS,228,0.501786
5,DMS-DLS,expert,DLS,229,0.184801
5,DMS-DLS,expert,DLS,230,0.130867
5,DMS-DLS,expert,DLS,231,0.633469
5,DMS-DLS,expert,DLS,232,0.141944
5,DMS-DLS,expert,DLS,233,0.031396
5,DMS-DLS,expert,DLS,234,0.170432
5,DMS-DLS,expert,DLS,235,0.098235
5,DMS-DLS,expert,DLS,236,0.161112
5,DMS-ACC,naive,DMS,0,0.620993
5,DMS-ACC,naive,DMS,1,0.077087
5,DMS-ACC,naive,DMS,2,0.722786
5,DMS-ACC,naive,DMS,3,0.090911
5,DMS-ACC,naive,DMS,4,0.558644
5,DMS-ACC,naive,DMS,5,0.549734
5,DMS-ACC,naive,DMS,6,0.158217
5,DMS-ACC,naive,DMS,7,0.65027
5,DMS-ACC,naive,DMS,8,0.284423
5,DMS-ACC,naive,DMS,9,0.813797
5,DMS-ACC,naive,DMS,10,0.0
5,DMS-ACC,naive,DMS,11,0.035862
5,DMS-ACC,naive,DMS,12,0.103082
5,DMS-ACC,naive,DMS,13,0.061415
5,DMS-ACC,naive,DMS,14,0.751479
5,DMS-ACC,naive,DMS,15,0.793912
5,DMS-ACC,naive,DMS,16,0.229062
5,DMS-ACC,naive,DMS,17,0.054059
5,DMS-ACC,naive,DMS,18,0.097539
5,DMS-ACC,naive,DMS,19,0.103108
5,DMS-ACC,naive,DMS,20,0.067805
5,DMS-ACC,naive,DMS,21,0.0
5,DMS-ACC,naive,DMS,22,0.001585
5,DMS-ACC,naive,DMS,23,0.112334
5,DMS-ACC,naive,DMS,24,0.002624
5,DMS-ACC,naive,DMS,25,0.160704
5,DMS-ACC,naive,DMS,26,0.295156
5,DMS-ACC,naive,DMS,27,0.571792
5,DMS-ACC,naive,DMS,28,0.766214
5,DMS-ACC,naive,DMS,29,0.016693
5,DMS-ACC,naive,DMS,30,0.263198
5,DMS-ACC,naive,DMS,31,0.052359
5,DMS-ACC,naive,DMS,32,0.670164
5,DMS-ACC,naive,DMS,33,0.800435
5,DMS-ACC,naive,DMS,34,0.111094
5,DMS-ACC,naive,DMS,35,0.116172
5,DMS-ACC,naive,DMS,36,0.633738
5,DMS-ACC,naive,DMS,37,0.315399
5,DMS-ACC,naive,DMS,38,0.007308
5,DMS-ACC,naive,DMS,39,0.040844
5,DMS-ACC,naive,DMS,40,0.685198
5,DMS-ACC,naive,DMS,41,0.520293
5,DMS-ACC,naive,DMS,42,0.043356
5,DMS-ACC,naive,DMS,43,0.087765
5,DMS-ACC,naive,DMS,44,0.812088
5,DMS-ACC,naive,DMS,45,0.777877
5,DMS-ACC,naive,DMS,46,0.524788
5,DMS-ACC,naive,DMS,47,0.529566
5,DMS-ACC,naive,DMS,48,0.221511
5,DMS-ACC,naive,DMS,49,0.568918
5,DMS-ACC,naive,DMS,50,0.718292
5,DMS-ACC,naive,DMS,51,0.494462
5,DMS-ACC,naive,DMS,52,0.054429
5,DMS-ACC,naive,DMS,53,0.166099
5,DMS-ACC,naive,DMS,54,0.640018
5,DMS-ACC,naive,ACC,0,0.073134
5,DMS-ACC,naive,ACC,1,0.106181
5,DMS-ACC,naive,ACC,2,0.134353
5,DMS-ACC,naive,ACC,3,0.146575
5,DMS-ACC,naive,ACC,4,0.018631
5,DMS-ACC,naive,ACC,5,0.042403
5,DMS-ACC,naive,ACC,6,0.063705
5,DMS-ACC,naive,ACC,7,0.069907
5,DMS-ACC,naive,ACC,8,0.091512
5,DMS-ACC,naive,ACC,9,0.114651
5,DMS-ACC,naive,ACC,10,0.039982
5,DMS-ACC,naive,ACC,11,0.12336
5,DMS-ACC,naive,ACC,12,0.061555
5,DMS-ACC,naive,ACC,13,0.023412
5,DMS-ACC,naive,ACC,14,0.037135
5,DMS-ACC,naive,ACC,15,0.025351
5,DMS-ACC,naive,ACC,16,0.128004
5,DMS-ACC,naive,ACC,17,0.055817
5,DMS-ACC,naive,ACC,18,0.093284
5,DMS-ACC,naive,ACC,19,0.03192
5,DMS-ACC,naive,ACC,20,0.622515
5,DMS-ACC,naive,ACC,21,0.66624
5,DMS-ACC,naive,ACC,22,0.257761
5,DMS-ACC,naive,ACC,23,0.048447
5,DMS-ACC,naive,ACC,24,0.043939
5,DMS-ACC,naive,ACC,25,0.091138
5,DMS-ACC,naive,ACC,26,0.089511
5,DMS-ACC,naive,ACC,27,0.039811
5,DMS-ACC,naive,ACC,28,0.157819
5,DMS-ACC,naive,ACC,29,0.209724
5,DMS-ACC,naive,ACC,30,0.122813
5,DMS-ACC,naive,ACC,31,0.022717
5,DMS-ACC,naive,ACC,32,0.050788
5,DMS-ACC,naive,ACC,33,0.293218
5,DMS-ACC,naive,ACC,34,0.082078
5,DMS-ACC,naive,ACC,35,0.112269
5,DMS-ACC,naive,ACC,36,0.173499
5,DMS-ACC,naive,ACC,37,0.056337
5,DMS-ACC,naive,ACC,38,0.043794
5,DMS-ACC,naive,ACC,39,0.218666
5,DMS-ACC,naive,ACC,40,0.023922
5,DMS-ACC,naive,ACC,41,0.056737
5,DMS-ACC,naive,ACC,42,0.592473
5,DMS-ACC,naive,ACC,43,0.005909
5,DMS-ACC,naive,ACC,44,0.661502
5,DMS-ACC,naive,ACC,45,0.031207
5,DMS-ACC,naive,ACC,46,0.173136
5,DMS-ACC,naive,ACC,47,0.117434
5,DMS-ACC,naive,ACC,48,0.045882
5,DMS-ACC,naive,ACC,49,0.106321
5,DMS-ACC,naive,ACC,50,0.036581
5,DMS-ACC,naive,ACC,51,0.091594
5,DMS-ACC,naive,ACC,52,0.051338
5,DMS-ACC,naive,ACC,53,0.102912
5,DMS-ACC,naive,ACC,54,0.091158
5,DMS-ACC,naive,ACC,55,0.055941
5,DMS-ACC,naive,ACC,56,0.038886
5,DMS-ACC,naive,ACC,57,0.120709
5,DMS-ACC,naive,ACC,58,0.012203
5,DMS-ACC,naive,ACC,59,0.109519
5,DMS-ACC,naive,ACC,60,0.09573
5,DMS-ACC,naive,ACC,61,0.110325
5,DMS-ACC,naive,ACC,62,0.182243
5,DMS-ACC,naive,ACC,63,0.055848
5,DMS-ACC,naive,ACC,64,0.022385
5,DMS-ACC,naive,ACC,65,0.094128
5,DMS-ACC,naive,ACC,66,0.422709
5,DMS-ACC,naive,ACC,67,0.157544
5,DMS-ACC,naive,ACC,68,0.14051
5,DMS-ACC,naive,ACC,69,0.043821
5,DMS-ACC,naive,ACC,70,0.035893
5,DMS-ACC,naive,ACC,71,0.060452
5,DMS-ACC,naive,ACC,72,0.024372
5,DMS-ACC,naive,ACC,73,0.070765
5,DMS-ACC,naive,ACC,74,0.033113
5,DMS-ACC,naive,ACC,75,0.045319
5,DMS-ACC,naive,ACC,76,0.06676
5,DMS-ACC,naive,ACC,77,0.11749
5,DMS-ACC,naive,ACC,78,0.068129
5,DMS-ACC,naive,ACC,79,0.127617
5,DMS-ACC,naive,ACC,80,0.112496
5,DMS-ACC,naive,ACC,81,0.183833
5,DMS-ACC,naive,ACC,82,0.153938
5,DMS-ACC,naive,ACC,83,0.024408
5,DMS-ACC,naive,ACC,84,0.356565
5,DMS-ACC,naive,ACC,85,0.101168
5,DMS-ACC,naive,ACC,86,0.334814
5,DMS-ACC,naive,ACC,87,0.052645
5,DMS-ACC,naive,ACC,88,0.076103
5,DMS-ACC,naive,ACC,89,0.070322
5,DMS-ACC,naive,ACC,90,0.057989
5,DMS-ACC,naive,ACC,91,0.136785
5,DMS-ACC,naive,ACC,92,0.155707
5,DMS-ACC,naive,ACC,93,0.0
5,DMS-ACC,naive,ACC,94,1e-06
5,DMS-ACC,naive,ACC,95,0.106705
5,DMS-ACC,naive,ACC,96,0.600035
5,DMS-ACC,naive,ACC,97,0.03372
5,DMS-ACC,naive,ACC,98,0.0
5,DMS-ACC,naive,ACC,99,0.557743
5,DMS-ACC,naive,ACC,100,0.056597
5,DMS-ACC,naive,ACC,101,0.040153
5,DMS-ACC,naive,ACC,102,0.015392
5,DMS-ACC,naive,ACC,103,0.01204
5,DMS-ACC,naive,ACC,104,0.072501
5,DMS-ACC,naive,ACC,105,0.139299
5,DMS-ACC,naive,ACC,106,0.04555
5,DMS-ACC,naive,ACC,107,0.059021
5,DMS-ACC,naive,ACC,108,0.087281
5,DMS-ACC,naive,ACC,109,0.069098
5,DMS-ACC,naive,ACC,110,0.043748
5,DMS-ACC,naive,ACC,111,0.299725
5,DMS-ACC,naive,ACC,112,0.017611
5,DMS-ACC,naive,ACC,113,0.00952
5,DMS-ACC,naive,ACC,114,0.053833
5,DMS-ACC,naive,ACC,115,0.655954
5,DMS-ACC,naive,ACC,116,0.024215
5,DMS-ACC,naive,ACC,117,0.0778
5,DMS-ACC,naive,ACC,118,0.043887
5,DMS-ACC,naive,ACC,119,0.659512
5,DMS-ACC,naive,ACC,120,0.125771
5,DMS-ACC,naive,ACC,121,0.328726
5,DMS-ACC,naive,ACC,122,0.026627
5,DMS-ACC,naive,ACC,123,0.628282
5,DMS-ACC,naive,ACC,124,0.126766
5,DMS-ACC,naive,ACC,125,0.025375
5,DMS-ACC,naive,ACC,126,0.163108
5,DMS-ACC,naive,ACC,127,0.099115
5,DMS-ACC,naive,ACC,128,0.0
5,DMS-ACC,naive,ACC,129,0.037499
5,DMS-ACC,naive,ACC,130,0.297441
5,DMS-ACC,naive,ACC,131,0.107597
5,DMS-ACC,naive,ACC,132,0.181583
5,DMS-ACC,naive,ACC,133,0.051541
5,DMS-ACC,naive,ACC,134,0.216874
5,DMS-ACC,naive,ACC,135,0.090955
5,DMS-ACC,naive,ACC,136,0.151049
5,DMS-ACC,naive,ACC,137,0.254974
5,DMS-ACC,naive,ACC,138,0.072596
5,DMS-ACC,naive,ACC,139,0.037955
5,DMS-ACC,naive,ACC,140,0.053152
5,DMS-ACC,naive,ACC,141,0.068754
5,DMS-ACC,naive,ACC,142,0.070145
5,DMS-ACC,naive,ACC,143,0.152632
5,DMS-ACC,naive,ACC,144,0.001151
5,DMS-ACC,naive,ACC,145,0.237048
5,DMS-ACC,naive,ACC,146,0.034484
5,DMS-ACC,naive,ACC,147,0.042628
5,DMS-ACC,naive,ACC,148,0.573401
5,DMS-ACC,naive,ACC,149,0.0
5,DMS-ACC,naive,ACC,150,0.0
5,DMS-ACC,naive,ACC,151,0.01484
5,DMS-ACC,naive,ACC,152,0.058014
5,DMS-ACC,naive,ACC,153,0.672394
5,DMS-ACC,naive,ACC,154,0.667177
5,DMS-ACC,naive,ACC,155,0.549473
5,DMS-ACC,naive,ACC,156,0.065416
5,DMS-ACC,naive,ACC,157,0.09299
5,DMS-ACC,naive,ACC,158,0.050897
5,DMS-ACC,naive,ACC,159,0.129586
5,DMS-ACC,naive,ACC,160,0.00559
5,DMS-ACC,naive,ACC,161,0.635629
5,DMS-ACC,naive,ACC,162,0.546101
5,DMS-ACC,naive,ACC,163,0.045422
5,DMS-ACC,naive,ACC,164,0.32178
5,DMS-ACC,naive,ACC,165,0.006516
5,DMS-ACC,naive,ACC,166,0.022614
5,DMS-ACC,naive,ACC,167,0.007163
5,DMS-ACC,naive,ACC,168,0.058349
5,DMS-ACC,naive,ACC,169,0.048799
5,DMS-ACC,naive,ACC,170,0.239508
5,DMS-ACC,naive,ACC,171,0.056254
5,DMS-ACC,naive,ACC,172,0.625841
5,DMS-ACC,naive,ACC,173,0.120937
5,DMS-ACC,naive,ACC,174,0.233394
5,DMS-ACC,intermediate,DMS,0,0.642316
5,DMS-ACC,intermediate,DMS,1,0.915015
5,DMS-ACC,intermediate,DMS,2,0.885071
5,DMS-ACC,intermediate,DMS,3,0.912429
5,DMS-ACC,intermediate,DMS,4,0.946716
5,DMS-ACC,intermediate,DMS,5,0.125141
5,DMS-ACC,intermediate,DMS,6,0.942642
5,DMS-ACC,intermediate,DMS,7,0.053996
5,DMS-ACC,intermediate,DMS,8,0.750794
5,DMS-ACC,intermediate,DMS,9,0.509812
5,DMS-ACC,intermediate,DMS,10,0.342901
5,DMS-ACC,intermediate,DMS,11,0.152148
5,DMS-ACC,intermediate,DMS,12,0.302371
5,DMS-ACC,intermediate,DMS,13,0.119835
5,DMS-ACC,intermediate,DMS,14,0.464071
5,DMS-ACC,intermediate,DMS,15,0.188942
5,DMS-ACC,intermediate,DMS,16,0.0
5,DMS-ACC,intermediate,DMS,17,0.651658
5,DMS-ACC,intermediate,DMS,18,0.084642
5,DMS-ACC,intermediate,DMS,19,0.833024
5,DMS-ACC,intermediate,DMS,20,0.973477
5,DMS-ACC,intermediate,DMS,21,0.384962
5,DMS-ACC,intermediate,DMS,22,0.252954
5,DMS-ACC,intermediate,DMS,23,0.836781
5,DMS-ACC,intermediate,DMS,24,0.571905
5,DMS-ACC,intermediate,DMS,25,0.560177
5,DMS-ACC,intermediate,DMS,26,0.806749
5,DMS-ACC,intermediate,DMS,27,0.870326
5,DMS-ACC,intermediate,DMS,28,0.0
5,DMS-ACC,intermediate,DMS,29,0.089365
5,DMS-ACC,intermediate,DMS,30,0.188914
5,DMS-ACC,intermediate,DMS,31,0.197602
5,DMS-ACC,intermediate,DMS,32,0.17858
5,DMS-ACC,intermediate,DMS,33,0.116121
5,DMS-ACC,intermediate,DMS,34,0.016965
5,DMS-ACC,intermediate,DMS,35,0.291397
5,DMS-ACC,intermediate,DMS,36,0.855326
5,DMS-ACC,intermediate,DMS,37,0.477699
5,DMS-ACC,intermediate,DMS,38,0.976364
5,DMS-ACC,intermediate,DMS,39,0.140393
5,DMS-ACC,intermediate,DMS,40,0.0
5,DMS-ACC,intermediate,DMS,41,0.32953
5,DMS-ACC,intermediate,DMS,42,0.0
5,DMS-ACC,intermediate,DMS,43,0.814116
5,DMS-ACC,intermediate,DMS,44,0.263043
5,DMS-ACC,intermediate,DMS,45,0.950714
5,DMS-ACC,intermediate,DMS,46,0.014443
5,DMS-ACC,intermediate,DMS,47,0.214419
5,DMS-ACC,intermediate,DMS,48,0.026645
5,DMS-ACC,intermediate,DMS,49,0.123279
5,DMS-ACC,intermediate,DMS,50,0.047694
5,DMS-ACC,intermediate,DMS,51,0.342788
5,DMS-ACC,intermediate,DMS,52,0.120601
5,DMS-ACC,intermediate,DMS,53,0.601608
5,DMS-ACC,intermediate,DMS,54,0.031775
5,DMS-ACC,intermediate,ACC,0,0.131201
5,DMS-ACC,intermediate,ACC,1,0.041562
5,DMS-ACC,intermediate,ACC,2,0.14834
5,DMS-ACC,intermediate,ACC,3,0.093993
5,DMS-ACC,intermediate,ACC,4,0.647831
5,DMS-ACC,intermediate,ACC,5,0.10771
5,DMS-ACC,intermediate,ACC,6,0.074742
5,DMS-ACC,intermediate,ACC,7,0.092827
5,DMS-ACC,intermediate,ACC,8,0.108622
5,DMS-ACC,intermediate,ACC,9,0.100638
5,DMS-ACC,intermediate,ACC,10,0.684722
5,DMS-ACC,intermediate,ACC,11,0.119001
5,DMS-ACC,intermediate,ACC,12,0.104488
5,DMS-ACC,intermediate,ACC,13,0.067575
5,DMS-ACC,intermediate,ACC,14,0.068985
5,DMS-ACC,intermediate,ACC,15,0.638307
5,DMS-ACC,intermediate,ACC,16,0.160049
5,DMS-ACC,intermediate,ACC,17,0.144777
5,DMS-ACC,intermediate,ACC,18,0.18536
5,DMS-ACC,intermediate,ACC,19,0.076181
5,DMS-ACC,intermediate,ACC,20,0.054305
5,DMS-ACC,intermediate,ACC,21,0.0
5,DMS-ACC,intermediate,ACC,22,0.041745
5,DMS-ACC,intermediate,ACC,23,0.069939
5,DMS-ACC,intermediate,ACC,24,0.294601
5,DMS-ACC,intermediate,ACC,25,0.155808
5,DMS-ACC,intermediate,ACC,26,0.084632
5,DMS-ACC,intermediate,ACC,27,0.074571
5,DMS-ACC,intermediate,ACC,28,0.226734
5,DMS-ACC,intermediate,ACC,29,0.150333
5,DMS-ACC,intermediate,ACC,30,0.164259
5,DMS-ACC,intermediate,ACC,31,0.147674
5,DMS-ACC,intermediate,ACC,32,0.1846
5,DMS-ACC,intermediate,ACC,33,0.030766
5,DMS-ACC,intermediate,ACC,34,0.104697
5,DMS-ACC,intermediate,ACC,35,0.243793
5,DMS-ACC,intermediate,ACC,36,0.196379
5,DMS-ACC,intermediate,ACC,37,0.034956
5,DMS-ACC,intermediate,ACC,38,0.048258
5,DMS-ACC,intermediate,ACC,39,0.194403
5,DMS-ACC,intermediate,ACC,40,0.708436
5,DMS-ACC,intermediate,ACC,41,0.092466
5,DMS-ACC,intermediate,ACC,42,0.694362
5,DMS-ACC,intermediate,ACC,43,0.628228
5,DMS-ACC,intermediate,ACC,44,0.046264
5,DMS-ACC,intermediate,ACC,45,0.0461
5,DMS-ACC,intermediate,ACC,46,0.110558
5,DMS-ACC,intermediate,ACC,47,0.090998
5,DMS-ACC,intermediate,ACC,48,0.181556
5,DMS-ACC,intermediate,ACC,49,0.176332
5,DMS-ACC,intermediate,ACC,50,0.042984
5,DMS-ACC,intermediate,ACC,51,0.154618
5,DMS-ACC,intermediate,ACC,52,0.094057
5,DMS-ACC,intermediate,ACC,53,0.171961
5,DMS-ACC,intermediate,ACC,54,0.136109
5,DMS-ACC,intermediate,ACC,55,0.107128
5,DMS-ACC,intermediate,ACC,56,0.084242
5,DMS-ACC,intermediate,ACC,57,0.118233
5,DMS-ACC,intermediate,ACC,58,0.273948
5,DMS-ACC,intermediate,ACC,59,0.061088
5,DMS-ACC,intermediate,ACC,60,0.223283
5,DMS-ACC,intermediate,ACC,61,0.247089
5,DMS-ACC,intermediate,ACC,62,0.352314
5,DMS-ACC,intermediate,ACC,63,0.398457
5,DMS-ACC,intermediate,ACC,64,0.108847
5,DMS-ACC,intermediate,ACC,65,0.17748
5,DMS-ACC,intermediate,ACC,66,0.031885
5,DMS-ACC,intermediate,ACC,67,0.707389
5,DMS-ACC,intermediate,ACC,68,0.202037
5,DMS-ACC,intermediate,ACC,69,0.056526
5,DMS-ACC,intermediate,ACC,70,0.118417
5,DMS-ACC,intermediate,ACC,71,0.42124
5,DMS-ACC,intermediate,ACC,72,0.414738
5,DMS-ACC,intermediate,ACC,73,0.142429
5,DMS-ACC,intermediate,ACC,74,0.112396
5,DMS-ACC,intermediate,ACC,75,0.117378
5,DMS-ACC,intermediate,ACC,76,0.229331
5,DMS-ACC,intermediate,ACC,77,0.238954
5,DMS-ACC,intermediate,ACC,78,0.231812
5,DMS-ACC,intermediate,ACC,79,0.289988
5,DMS-ACC,intermediate,ACC,80,0.147796
5,DMS-ACC,intermediate,ACC,81,0.092878
5,DMS-ACC,intermediate,ACC,82,0.088924
5,DMS-ACC,intermediate,ACC,83,0.067699
5,DMS-ACC,intermediate,ACC,84,0.15631
5,DMS-ACC,intermediate,ACC,85,0.10761
5,DMS-ACC,intermediate,ACC,86,0.165183
5,DMS-ACC,intermediate,ACC,87,0.024609
5,DMS-ACC,intermediate,ACC,88,0.029846
5,DMS-ACC,intermediate,ACC,89,0.113192
5,DMS-ACC,intermediate,ACC,90,0.079739
5,DMS-ACC,intermediate,ACC,91,0.037295
5,DMS-ACC,intermediate,ACC,92,0.126559
5,DMS-ACC,intermediate,ACC,93,0.015064
5,DMS-ACC,intermediate,ACC,94,0.0
5,DMS-ACC,intermediate,ACC,95,0.100238
5,DMS-ACC,intermediate,ACC,96,0.603221
5,DMS-ACC,intermediate,ACC,97,0.089728
5,DMS-ACC,intermediate,ACC,98,0.39402
5,DMS-ACC,intermediate,ACC,99,0.012729
5,DMS-ACC,intermediate,ACC,100,0.037128
5,DMS-ACC,intermediate,ACC,101,0.079268
5,DMS-ACC,intermediate,ACC,102,0.645288
5,DMS-ACC,intermediate,ACC,103,0.689094
5,DMS-ACC,intermediate,ACC,104,0.155424
5,DMS-ACC,intermediate,ACC,105,0.024114
5,DMS-ACC,intermediate,ACC,106,0.027639
5,DMS-ACC,intermediate,ACC,107,0.019432
5,DMS-ACC,intermediate,ACC,108,0.043959
5,DMS-ACC,intermediate,ACC,109,0.031298
5,DMS-ACC,intermediate,ACC,110,0.0
5,DMS-ACC,intermediate,ACC,111,0.017777
5,DMS-ACC,intermediate,ACC,112,0.044724
5,DMS-ACC,intermediate,ACC,113,0.21472
5,DMS-ACC,intermediate,ACC,114,0.102704
5,DMS-ACC,intermediate,ACC,115,0.015502
5,DMS-ACC,intermediate,ACC,116,0.591449
5,DMS-ACC,intermediate,ACC,117,0.050445
5,DMS-ACC,intermediate,ACC,118,0.141082
5,DMS-ACC,intermediate,ACC,119,0.48901
5,DMS-ACC,intermediate,ACC,120,0.152179
5,DMS-ACC,intermediate,ACC,121,0.095331
5,DMS-ACC,intermediate,ACC,122,0.034751
5,DMS-ACC,intermediate,ACC,123,0.066173
5,DMS-ACC,intermediate,ACC,124,0.610675
5,DMS-ACC,intermediate,ACC,125,0.554804
5,DMS-ACC,intermediate,ACC,126,0.09829
5,DMS-ACC,intermediate,ACC,127,0.127943
5,DMS-ACC,intermediate,ACC,128,0.0
5,DMS-ACC,intermediate,ACC,129,0.009631
5,DMS-ACC,intermediate,ACC,130,0.664276
5,DMS-ACC,intermediate,ACC,131,0.106317
5,DMS-ACC,intermediate,ACC,132,0.1498
5,DMS-ACC,intermediate,ACC,133,0.051303
5,DMS-ACC,intermediate,ACC,134,0.100205
5,DMS-ACC,intermediate,ACC,135,0.19341
5,DMS-ACC,intermediate,ACC,136,0.174986
5,DMS-ACC,intermediate,ACC,137,0.130993
5,DMS-ACC,intermediate,ACC,138,0.119336
5,DMS-ACC,intermediate,ACC,139,0.064847
5,DMS-ACC,intermediate,ACC,140,0.080121
5,DMS-ACC,intermediate,ACC,141,0.056919
5,DMS-ACC,intermediate,ACC,142,0.045053
5,DMS-ACC,intermediate,ACC,143,0.094213
5,DMS-ACC,intermediate,ACC,144,0.014238
5,DMS-ACC,intermediate,ACC,145,0.088127
5,DMS-ACC,intermediate,ACC,146,0.218374
5,DMS-ACC,intermediate,ACC,147,0.186873
5,DMS-ACC,intermediate,ACC,148,0.277548
5,DMS-ACC,intermediate,ACC,149,0.0
5,DMS-ACC,intermediate,ACC,150,0.0
5,DMS-ACC,intermediate,ACC,151,0.664297
5,DMS-ACC,intermediate,ACC,152,0.068537
5,DMS-ACC,intermediate,ACC,153,0.332562
5,DMS-ACC,intermediate,ACC,154,0.049734
5,DMS-ACC,intermediate,ACC,155,0.108647
5,DMS-ACC,intermediate,ACC,156,0.058423
5,DMS-ACC,intermediate,ACC,157,0.064328
5,DMS-ACC,intermediate,ACC,158,0.172446
5,DMS-ACC,intermediate,ACC,159,0.225796
5,DMS-ACC,intermediate,ACC,160,0.373847
5,DMS-ACC,intermediate,ACC,161,0.05651
5,DMS-ACC,intermediate,ACC,162,0.018721
5,DMS-ACC,intermediate,ACC,163,0.596072
5,DMS-ACC,intermediate,ACC,164,0.053306
5,DMS-ACC,intermediate,ACC,165,0.208674
5,DMS-ACC,intermediate,ACC,166,0.388888
5,DMS-ACC,intermediate,ACC,167,0.167334
5,DMS-ACC,intermediate,ACC,168,0.174132
5,DMS-ACC,intermediate,ACC,169,0.050633
5,DMS-ACC,intermediate,ACC,170,0.144072
5,DMS-ACC,intermediate,ACC,171,0.038558
5,DMS-ACC,intermediate,ACC,172,0.024711
5,DMS-ACC,intermediate,ACC,173,0.595942
5,DMS-ACC,intermediate,ACC,174,0.196897
5,DMS-ACC,expert,DMS,0,0.436655
5,DMS-ACC,expert,DMS,1,0.203597
5,DMS-ACC,expert,DMS,2,0.031101
5,DMS-ACC,expert,DMS,3,0.795692
5,DMS-ACC,expert,DMS,4,0.080924
5,DMS-ACC,expert,DMS,5,0.216904
5,DMS-ACC,expert,DMS,6,0.93091
5,DMS-ACC,expert,DMS,7,0.04359
5,DMS-ACC,expert,DMS,8,0.214884
5,DMS-ACC,expert,DMS,9,0.256474
5,DMS-ACC,expert,DMS,10,0.0
5,DMS-ACC,expert,DMS,11,0.897004
5,DMS-ACC,expert,DMS,12,0.54695
5,DMS-ACC,expert,DMS,13,0.833953
5,DMS-ACC,expert,DMS,14,0.955744
5,DMS-ACC,expert,DMS,15,0.187301
5,DMS-ACC,expert,DMS,16,0.037123
5,DMS-ACC,expert,DMS,17,0.04656
5,DMS-ACC,expert,DMS,18,0.238489
5,DMS-ACC,expert,DMS,19,0.956964
5,DMS-ACC,expert,DMS,20,0.979833
5,DMS-ACC,expert,DMS,21,0.0
5,DMS-ACC,expert,DMS,22,0.0
5,DMS-ACC,expert,DMS,23,0.122609
5,DMS-ACC,expert,DMS,24,0.905031
5,DMS-ACC,expert,DMS,25,0.833671
5,DMS-ACC,expert,DMS,26,0.048319
5,DMS-ACC,expert,DMS,27,0.038234
5,DMS-ACC,expert,DMS,28,0.742382
5,DMS-ACC,expert,DMS,29,0.929458
5,DMS-ACC,expert,DMS,30,0.7448
5,DMS-ACC,expert,DMS,31,0.719986
5,DMS-ACC,expert,DMS,32,0.038881
5,DMS-ACC,expert,DMS,33,0.999233
5,DMS-ACC,expert,DMS,34,0.294819
5,DMS-ACC,expert,DMS,35,0.850351
5,DMS-ACC,expert,DMS,36,0.0
5,DMS-ACC,expert,DMS,37,0.0
5,DMS-ACC,expert,DMS,38,0.908968
5,DMS-ACC,expert,DMS,39,0.167085
5,DMS-ACC,expert,DMS,40,0.0
5,DMS-ACC,expert,DMS,41,0.048996
5,DMS-ACC,expert,DMS,42,0.0
5,DMS-ACC,expert,DMS,43,0.0
5,DMS-ACC,expert,DMS,44,0.681364
5,DMS-ACC,expert,DMS,45,0.912987
5,DMS-ACC,expert,DMS,46,0.072698
5,DMS-ACC,expert,DMS,47,0.33304
5,DMS-ACC,expert,DMS,48,0.086257
5,DMS-ACC,expert,DMS,49,0.959216
5,DMS-ACC,expert,DMS,50,0.441348
5,DMS-ACC,expert,DMS,51,1.010607
5,DMS-ACC,expert,DMS,52,1.04688
5,DMS-ACC,expert,DMS,53,0.042634
5,DMS-ACC,expert,DMS,54,0.011309
5,DMS-ACC,expert,ACC,0,0.077796
5,DMS-ACC,expert,ACC,1,0.073835
5,DMS-ACC,expert,ACC,2,0.102875
5,DMS-ACC,expert,ACC,3,0.164773
5,DMS-ACC,expert,ACC,4,0.170563
5,DMS-ACC,expert,ACC,5,0.082207
5,DMS-ACC,expert,ACC,6,0.044901
5,DMS-ACC,expert,ACC,7,0.065204
5,DMS-ACC,expert,ACC,8,0.126213
5,DMS-ACC,expert,ACC,9,0.033334
5,DMS-ACC,expert,ACC,10,0.261603
5,DMS-ACC,expert,ACC,11,0.089324
5,DMS-ACC,expert,ACC,12,0.075575
5,DMS-ACC,expert,ACC,13,0.084198
5,DMS-ACC,expert,ACC,14,0.061276
5,DMS-ACC,expert,ACC,15,0.062589
5,DMS-ACC,expert,ACC,16,0.181782
5,DMS-ACC,expert,ACC,17,0.096054
5,DMS-ACC,expert,ACC,18,0.127655
5,DMS-ACC,expert,ACC,19,0.073594
5,DMS-ACC,expert,ACC,20,0.074217
5,DMS-ACC,expert,ACC,21,0.007943
5,DMS-ACC,expert,ACC,22,0.064185
5,DMS-ACC,expert,ACC,23,0.072082
5,DMS-ACC,expert,ACC,24,0.051497
5,DMS-ACC,expert,ACC,25,0.109682
5,DMS-ACC,expert,ACC,26,0.076608
5,DMS-ACC,expert,ACC,27,0.073822
5,DMS-ACC,expert,ACC,28,0.148373
5,DMS-ACC,expert,ACC,29,0.033328
5,DMS-ACC,expert,ACC,30,0.099775
5,DMS-ACC,expert,ACC,31,0.122209
5,DMS-ACC,expert,ACC,32,0.20529
5,DMS-ACC,expert,ACC,33,0.027298
5,DMS-ACC,expert,ACC,34,0.071824
5,DMS-ACC,expert,ACC,35,0.13073
5,DMS-ACC,expert,ACC,36,0.107771
5,DMS-ACC,expert,ACC,37,0.061197
5,DMS-ACC,expert,ACC,38,0.600291
5,DMS-ACC,expert,ACC,39,0.141141
5,DMS-ACC,expert,ACC,40,0.037295
5,DMS-ACC,expert,ACC,41,0.094306
5,DMS-ACC,expert,ACC,42,0.134138
5,DMS-ACC,expert,ACC,43,0.144059
5,DMS-ACC,expert,ACC,44,0.129064
5,DMS-ACC,expert,ACC,45,0.119239
5,DMS-ACC,expert,ACC,46,0.091286
5,DMS-ACC,expert,ACC,47,0.080384
5,DMS-ACC,expert,ACC,48,0.092415
5,DMS-ACC,expert,ACC,49,0.065907
5,DMS-ACC,expert,ACC,50,0.511354
5,DMS-ACC,expert,ACC,51,0.123503
5,DMS-ACC,expert,ACC,52,0.086556
5,DMS-ACC,expert,ACC,53,0.110475
5,DMS-ACC,expert,ACC,54,0.10636
5,DMS-ACC,expert,ACC,55,0.070982
5,DMS-ACC,expert,ACC,56,0.079262
5,DMS-ACC,expert,ACC,57,0.083096
5,DMS-ACC,expert,ACC,58,0.479665
5,DMS-ACC,expert,ACC,59,0.089864
5,DMS-ACC,expert,ACC,60,0.100088
5,DMS-ACC,expert,ACC,61,0.155284
5,DMS-ACC,expert,ACC,62,0.13086
5,DMS-ACC,expert,ACC,63,0.215515
5,DMS-ACC,expert,ACC,64,0.111254
5,DMS-ACC,expert,ACC,65,0.100657
5,DMS-ACC,expert,ACC,66,0.032162
5,DMS-ACC,expert,ACC,67,0.129983
5,DMS-ACC,expert,ACC,68,0.235355
5,DMS-ACC,expert,ACC,69,0.081525
5,DMS-ACC,expert,ACC,70,0.393855
5,DMS-ACC,expert,ACC,71,0.376828
5,DMS-ACC,expert,ACC,72,0.223359
5,DMS-ACC,expert,ACC,73,0.072045
5,DMS-ACC,expert,ACC,74,0.082074
5,DMS-ACC,expert,ACC,75,0.32426
5,DMS-ACC,expert,ACC,76,0.112481
5,DMS-ACC,expert,ACC,77,0.242939
5,DMS-ACC,expert,ACC,78,0.539227
5,DMS-ACC,expert,ACC,79,0.089609
5,DMS-ACC,expert,ACC,80,0.094586
5,DMS-ACC,expert,ACC,81,0.088919
5,DMS-ACC,expert,ACC,82,0.063595
5,DMS-ACC,expert,ACC,83,0.382489
5,DMS-ACC,expert,ACC,84,0.428014
5,DMS-ACC,expert,ACC,85,0.112921
5,DMS-ACC,expert,ACC,86,0.474064
5,DMS-ACC,expert,ACC,87,0.133038
5,DMS-ACC,expert,ACC,88,0.52365
5,DMS-ACC,expert,ACC,89,0.530473
5,DMS-ACC,expert,ACC,90,0.021721
5,DMS-ACC,expert,ACC,91,0.111987
5,DMS-ACC,expert,ACC,92,0.163308
5,DMS-ACC,expert,ACC,93,0.06251
5,DMS-ACC,expert,ACC,94,0.057102
5,DMS-ACC,expert,ACC,95,0.326985
5,DMS-ACC,expert,ACC,96,0.0
5,DMS-ACC,expert,ACC,97,0.11224
5,DMS-ACC,expert,ACC,98,0.131829
5,DMS-ACC,expert,ACC,99,0.259753
5,DMS-ACC,expert,ACC,100,0.581705
5,DMS-ACC,expert,ACC,101,0.047612
5,DMS-ACC,expert,ACC,102,0.515437
5,DMS-ACC,expert,ACC,103,0.107862
5,DMS-ACC,expert,ACC,104,0.041279
5,DMS-ACC,expert,ACC,105,0.031085
5,DMS-ACC,expert,ACC,106,0.054431
5,DMS-ACC,expert,ACC,107,0.038027
5,DMS-ACC,expert,ACC,108,0.083098
5,DMS-ACC,expert,ACC,109,0.039215
5,DMS-ACC,expert,ACC,110,0.0
5,DMS-ACC,expert,ACC,111,0.028141
5,DMS-ACC,expert,ACC,112,0.0
5,DMS-ACC,expert,ACC,113,0.376881
5,DMS-ACC,expert,ACC,114,0.048715
5,DMS-ACC,expert,ACC,115,0.0095
5,DMS-ACC,expert,ACC,116,0.09244
5,DMS-ACC,expert,ACC,117,0.031956
5,DMS-ACC,expert,ACC,118,0.064465
5,DMS-ACC,expert,ACC,119,0.560665
5,DMS-ACC,expert,ACC,120,0.090228
5,DMS-ACC,expert,ACC,121,0.606739
5,DMS-ACC,expert,ACC,122,0.520736
5,DMS-ACC,expert,ACC,123,0.669331
5,DMS-ACC,expert,ACC,124,0.049773
5,DMS-ACC,expert,ACC,125,0.048596
5,DMS-ACC,expert,ACC,126,0.116481
5,DMS-ACC,expert,ACC,127,0.217558
5,DMS-ACC,expert,ACC,128,0.0
5,DMS-ACC,expert,ACC,129,0.013695
5,DMS-ACC,expert,ACC,130,0.14506
5,DMS-ACC,expert,ACC,131,0.037192
5,DMS-ACC,expert,ACC,132,0.088942
5,DMS-ACC,expert,ACC,133,0.052005
5,DMS-ACC,expert,ACC,134,0.081543
5,DMS-ACC,expert,ACC,135,0.163427
5,DMS-ACC,expert,ACC,136,0.181351
5,DMS-ACC,expert,ACC,137,0.206833
5,DMS-ACC,expert,ACC,138,0.166755
5,DMS-ACC,expert,ACC,139,0.585339
5,DMS-ACC,expert,ACC,140,0.118624
5,DMS-ACC,expert,ACC,141,0.236152
5,DMS-ACC,expert,ACC,142,0.223338
5,DMS-ACC,expert,ACC,143,0.163108
5,DMS-ACC,expert,ACC,144,0.008104
5,DMS-ACC,expert,ACC,145,0.573683
5,DMS-ACC,expert,ACC,146,0.097466
5,DMS-ACC,expert,ACC,147,0.101152
5,DMS-ACC,expert,ACC,148,0.025715
5,DMS-ACC,expert,ACC,149,0.028751
5,DMS-ACC,expert,ACC,150,0.13723
5,DMS-ACC,expert,ACC,151,0.030414
5,DMS-ACC,expert,ACC,152,0.09294
5,DMS-ACC,expert,ACC,153,0.02901
5,DMS-ACC,expert,ACC,154,0.086566
5,DMS-ACC,expert,ACC,155,0.034549
5,DMS-ACC,expert,ACC,156,0.040724
5,DMS-ACC,expert,ACC,157,0.07211
5,DMS-ACC,expert,ACC,158,0.517232
5,DMS-ACC,expert,ACC,159,0.125955
5,DMS-ACC,expert,ACC,160,0.176606
5,DMS-ACC,expert,ACC,161,0.068951
5,DMS-ACC,expert,ACC,162,0.172375
5,DMS-ACC,expert,ACC,163,0.062352
5,DMS-ACC,expert,ACC,164,0.017197
5,DMS-ACC,expert,ACC,165,0.57359
5,DMS-ACC,expert,ACC,166,0.638509
5,DMS-ACC,expert,ACC,167,0.112121
5,DMS-ACC,expert,ACC,168,0.026841
5,DMS-ACC,expert,ACC,169,0.049604
5,DMS-ACC,expert,ACC,170,0.181315
5,DMS-ACC,expert,ACC,171,0.139473
5,DMS-ACC,expert,ACC,172,0.052312
5,DMS-ACC,expert,ACC,173,0.593972
5,DMS-ACC,expert,ACC,174,0.057309
5,DLS-ACC,naive,DLS,0,0.035066
5,DLS-ACC,naive,DLS,1,0.129305
5,DLS-ACC,naive,DLS,2,0.047587
5,DLS-ACC,naive,DLS,3,0.09283
5,DLS-ACC,naive,DLS,4,0.025658
5,DLS-ACC,naive,DLS,5,0.010132
5,DLS-ACC,naive,DLS,6,0.054711
5,DLS-ACC,naive,DLS,7,0.086498
5,DLS-ACC,naive,DLS,8,0.137261
5,DLS-ACC,naive,DLS,9,0.079476
5,DLS-ACC,naive,DLS,10,0.0
5,DLS-ACC,naive,DLS,11,0.013017
5,DLS-ACC,naive,DLS,12,0.151972
5,DLS-ACC,naive,DLS,13,0.173418
5,DLS-ACC,naive,DLS,14,0.097249
5,DLS-ACC,naive,DLS,15,0.0
5,DLS-ACC,naive,DLS,16,0.09771
5,DLS-ACC,naive,DLS,17,0.049443
5,DLS-ACC,naive,DLS,18,0.109007
5,DLS-ACC,naive,DLS,19,0.02413
5,DLS-ACC,naive,DLS,20,0.309184
5,DLS-ACC,naive,DLS,21,0.088368
5,DLS-ACC,naive,DLS,22,0.475693
5,DLS-ACC,naive,DLS,23,0.0
5,DLS-ACC,naive,DLS,24,0.070555
5,DLS-ACC,naive,DLS,25,0.050193
5,DLS-ACC,naive,DLS,26,0.0
5,DLS-ACC,naive,DLS,27,0.050476
5,DLS-ACC,naive,DLS,28,0.371143
5,DLS-ACC,naive,DLS,29,0.390791
5,DLS-ACC,naive,DLS,30,0.075651
5,DLS-ACC,naive,DLS,31,0.049278
5,DLS-ACC,naive,DLS,32,0.041967
5,DLS-ACC,naive,DLS,33,0.082266
5,DLS-ACC,naive,DLS,34,0.071596
5,DLS-ACC,naive,DLS,35,0.049473
5,DLS-ACC,naive,DLS,36,0.079711
5,DLS-ACC,naive,DLS,37,0.07828
5,DLS-ACC,naive,DLS,38,0.03659
5,DLS-ACC,naive,DLS,39,0.009856
5,DLS-ACC,naive,DLS,40,0.0
5,DLS-ACC,naive,DLS,41,0.040806
5,DLS-ACC,naive,DLS,42,0.089634
5,DLS-ACC,naive,DLS,43,0.061811
5,DLS-ACC,naive,DLS,44,0.066561
5,DLS-ACC,naive,DLS,45,0.066786
5,DLS-ACC,naive,DLS,46,0.076972
5,DLS-ACC,naive,DLS,47,0.02805
5,DLS-ACC,naive,DLS,48,0.120988
5,DLS-ACC,naive,DLS,49,0.039353
5,DLS-ACC,naive,DLS,50,0.111071
5,DLS-ACC,naive,DLS,51,0.087864
5,DLS-ACC,naive,DLS,52,0.098844
5,DLS-ACC,naive,DLS,53,0.013577
5,DLS-ACC,naive,DLS,54,0.026795
5,DLS-ACC,naive,DLS,55,0.039242
5,DLS-ACC,naive,DLS,56,0.100715
5,DLS-ACC,naive,DLS,57,0.070184
5,DLS-ACC,naive,DLS,58,0.133334
5,DLS-ACC,naive,DLS,59,0.065327
5,DLS-ACC,naive,DLS,60,0.323118
5,DLS-ACC,naive,DLS,61,0.119461
5,DLS-ACC,naive,DLS,62,0.044211
5,DLS-ACC,naive,DLS,63,0.093573
5,DLS-ACC,naive,DLS,64,0.08339
5,DLS-ACC,naive,DLS,65,0.077784
5,DLS-ACC,naive,DLS,66,0.116811
5,DLS-ACC,naive,DLS,67,0.011522
5,DLS-ACC,naive,DLS,68,0.233013
5,DLS-ACC,naive,DLS,69,0.039316
5,DLS-ACC,naive,DLS,70,0.085771
5,DLS-ACC,naive,DLS,71,0.100929
5,DLS-ACC,naive,DLS,72,0.073838
5,DLS-ACC,naive,DLS,73,0.041802
5,DLS-ACC,naive,DLS,74,0.324851
5,DLS-ACC,naive,DLS,75,0.024071
5,DLS-ACC,naive,DLS,76,0.393715
5,DLS-ACC,naive,DLS,77,0.187398
5,DLS-ACC,naive,DLS,78,0.066135
5,DLS-ACC,naive,DLS,79,0.046769
5,DLS-ACC,naive,DLS,80,0.090719
5,DLS-ACC,naive,DLS,81,0.264771
5,DLS-ACC,naive,DLS,82,0.016257
5,DLS-ACC,naive,DLS,83,0.320618
5,DLS-ACC,naive,DLS,84,0.0
5,DLS-ACC,naive,DLS,85,0.108334
5,DLS-ACC,naive,DLS,86,0.172928
5,DLS-ACC,naive,DLS,87,0.11658
5,DLS-ACC,naive,DLS,88,0.013295
5,DLS-ACC,naive,DLS,89,0.067256
5,DLS-ACC,naive,DLS,90,0.122567
5,DLS-ACC,naive,DLS,91,0.031921
5,DLS-ACC,naive,DLS,92,0.004832
5,DLS-ACC,naive,DLS,93,0.049103
5,DLS-ACC,naive,DLS,94,0.015514
5,DLS-ACC,naive,DLS,95,0.077801
5,DLS-ACC,naive,DLS,96,0.020876
5,DLS-ACC,naive,DLS,97,0.044829
5,DLS-ACC,naive,DLS,98,0.404243
5,DLS-ACC,naive,DLS,99,0.088063
5,DLS-ACC,naive,DLS,100,0.092333
5,DLS-ACC,naive,DLS,101,0.12958
5,DLS-ACC,naive,DLS,102,0.0
5,DLS-ACC,naive,DLS,103,0.143615
5,DLS-ACC,naive,DLS,104,0.061207
5,DLS-ACC,naive,DLS,105,0.021295
5,DLS-ACC,naive,DLS,106,0.029299
5,DLS-ACC,naive,DLS,107,0.053411
5,DLS-ACC,naive,DLS,108,0.045951
5,DLS-ACC,naive,DLS,109,0.061428
5,DLS-ACC,naive,DLS,110,0.029765
5,DLS-ACC,naive,DLS,111,0.52338
5,DLS-ACC,naive,DLS,112,0.011024
5,DLS-ACC,naive,DLS,113,0.062407
5,DLS-ACC,naive,DLS,114,0.003601
5,DLS-ACC,naive,DLS,115,0.0
5,DLS-ACC,naive,DLS,116,0.045308
5,DLS-ACC,naive,DLS,117,0.021158
5,DLS-ACC,naive,DLS,118,0.047247
5,DLS-ACC,naive,DLS,119,0.054987
5,DLS-ACC,naive,DLS,120,0.079198
5,DLS-ACC,naive,DLS,121,0.0
5,DLS-ACC,naive,DLS,122,0.11201
5,DLS-ACC,naive,DLS,123,0.12222
5,DLS-ACC,naive,DLS,124,0.023148
5,DLS-ACC,naive,DLS,125,0.110648
5,DLS-ACC,naive,DLS,126,0.030675
5,DLS-ACC,naive,DLS,127,0.080853
5,DLS-ACC,naive,DLS,128,0.040549
5,DLS-ACC,naive,DLS,129,0.054766
5,DLS-ACC,naive,DLS,130,0.511874
5,DLS-ACC,naive,DLS,131,0.049227
5,DLS-ACC,naive,DLS,132,0.007228
5,DLS-ACC,naive,DLS,133,0.074554
5,DLS-ACC,naive,DLS,134,0.0
5,DLS-ACC,naive,DLS,135,0.037373
5,DLS-ACC,naive,DLS,136,0.019493
5,DLS-ACC,naive,DLS,137,0.0
5,DLS-ACC,naive,DLS,138,0.139215
5,DLS-ACC,naive,DLS,139,0.035211
5,DLS-ACC,naive,DLS,140,0.077569
5,DLS-ACC,naive,DLS,141,0.075902
5,DLS-ACC,naive,DLS,142,0.013833
5,DLS-ACC,naive,DLS,143,0.019928
5,DLS-ACC,naive,DLS,144,0.044892
5,DLS-ACC,naive,DLS,145,0.046352
5,DLS-ACC,naive,DLS,146,0.0
5,DLS-ACC,naive,DLS,147,0.0
5,DLS-ACC,naive,DLS,148,0.071426
5,DLS-ACC,naive,DLS,149,0.019822
5,DLS-ACC,naive,DLS,150,0.0
5,DLS-ACC,naive,DLS,151,0.0
5,DLS-ACC,naive,DLS,152,0.100218
5,DLS-ACC,naive,DLS,153,0.0
5,DLS-ACC,naive,DLS,154,0.062606
5,DLS-ACC,naive,DLS,155,0.082667
5,DLS-ACC,naive,DLS,156,0.053525
5,DLS-ACC,naive,DLS,157,0.07003
5,DLS-ACC,naive,DLS,158,0.049785
5,DLS-ACC,naive,DLS,159,0.121282
5,DLS-ACC,naive,DLS,160,0.042873
5,DLS-ACC,naive,DLS,161,0.078762
5,DLS-ACC,naive,DLS,162,0.00464
5,DLS-ACC,naive,DLS,163,0.011245
5,DLS-ACC,naive,DLS,164,0.015583
5,DLS-ACC,naive,DLS,165,0.009345
5,DLS-ACC,naive,DLS,166,0.037602
5,DLS-ACC,naive,DLS,167,0.033875
5,DLS-ACC,naive,DLS,168,0.002048
5,DLS-ACC,naive,DLS,169,0.008321
5,DLS-ACC,naive,DLS,170,0.471538
5,DLS-ACC,naive,DLS,171,0.331915
5,DLS-ACC,naive,DLS,172,0.151475
5,DLS-ACC,naive,DLS,173,0.250079
5,DLS-ACC,naive,DLS,174,0.235925
5,DLS-ACC,naive,DLS,175,0.0
5,DLS-ACC,naive,DLS,176,0.0
5,DLS-ACC,naive,DLS,177,0.0
5,DLS-ACC,naive,DLS,178,0.018318
5,DLS-ACC,naive,DLS,179,0.0
5,DLS-ACC,naive,DLS,180,0.015849
5,DLS-ACC,naive,DLS,181,0.164799
5,DLS-ACC,naive,DLS,182,0.024753
5,DLS-ACC,naive,DLS,183,0.006187
5,DLS-ACC,naive,DLS,184,0.008788
5,DLS-ACC,naive,DLS,185,0.402077
5,DLS-ACC,naive,DLS,186,0.030075
5,DLS-ACC,naive,DLS,187,0.04541
5,DLS-ACC,naive,DLS,188,0.107706
5,DLS-ACC,naive,DLS,189,0.026605
5,DLS-ACC,naive,DLS,190,0.065574
5,DLS-ACC,naive,DLS,191,0.006264
5,DLS-ACC,naive,DLS,192,0.064068
5,DLS-ACC,naive,DLS,193,0.507741
5,DLS-ACC,naive,DLS,194,0.127176
5,DLS-ACC,naive,DLS,195,0.049918
5,DLS-ACC,naive,DLS,196,0.019472
5,DLS-ACC,naive,DLS,197,0.25419
5,DLS-ACC,naive,DLS,198,0.420277
5,DLS-ACC,naive,DLS,199,0.25679
5,DLS-ACC,naive,DLS,200,0.494141
5,DLS-ACC,naive,DLS,201,0.355022
5,DLS-ACC,naive,DLS,202,0.029545
5,DLS-ACC,naive,DLS,203,0.499464
5,DLS-ACC,naive,DLS,204,0.014523
5,DLS-ACC,naive,DLS,205,0.011538
5,DLS-ACC,naive,DLS,206,0.319511
5,DLS-ACC,naive,DLS,207,0.370495
5,DLS-ACC,naive,DLS,208,0.038204
5,DLS-ACC,naive,DLS,209,0.048912
5,DLS-ACC,naive,DLS,210,0.097798
5,DLS-ACC,naive,DLS,211,0.498856
5,DLS-ACC,naive,DLS,212,0.356604
5,DLS-ACC,naive,DLS,213,0.056018
5,DLS-ACC,naive,DLS,214,0.033424
5,DLS-ACC,naive,DLS,215,0.067882
5,DLS-ACC,naive,DLS,216,0.030272
5,DLS-ACC,naive,DLS,217,0.113566
5,DLS-ACC,naive,DLS,218,0.042487
5,DLS-ACC,naive,DLS,219,0.025848
5,DLS-ACC,naive,DLS,220,0.038807
5,DLS-ACC,naive,DLS,221,0.211739
5,DLS-ACC,naive,DLS,222,0.045263
5,DLS-ACC,naive,DLS,223,0.357702
5,DLS-ACC,naive,DLS,224,0.033841
5,DLS-ACC,naive,DLS,225,0.105205
5,DLS-ACC,naive,DLS,226,0.064652
5,DLS-ACC,naive,DLS,227,0.008752
5,DLS-ACC,naive,DLS,228,0.019931
5,DLS-ACC,naive,DLS,229,0.157731
5,DLS-ACC,naive,DLS,230,0.140718
5,DLS-ACC,naive,DLS,231,0.022072
5,DLS-ACC,naive,DLS,232,0.051562
5,DLS-ACC,naive,DLS,233,0.079008
5,DLS-ACC,naive,DLS,234,0.015274
5,DLS-ACC,naive,DLS,235,0.039239
5,DLS-ACC,naive,DLS,236,0.015733
5,DLS-ACC,naive,ACC,0,0.116398
5,DLS-ACC,naive,ACC,1,0.102721
5,DLS-ACC,naive,ACC,2,0.136182
5,DLS-ACC,naive,ACC,3,0.118576
5,DLS-ACC,naive,ACC,4,0.019941
5,DLS-ACC,naive,ACC,5,0.046274
5,DLS-ACC,naive,ACC,6,0.065646
5,DLS-ACC,naive,ACC,7,0.067555
5,DLS-ACC,naive,ACC,8,0.09895
5,DLS-ACC,naive,ACC,9,0.142542
5,DLS-ACC,naive,ACC,10,0.03892
5,DLS-ACC,naive,ACC,11,0.115278
5,DLS-ACC,naive,ACC,12,0.065776
5,DLS-ACC,naive,ACC,13,0.027417
5,DLS-ACC,naive,ACC,14,0.028172
5,DLS-ACC,naive,ACC,15,0.028474
5,DLS-ACC,naive,ACC,16,0.128342
5,DLS-ACC,naive,ACC,17,0.054677
5,DLS-ACC,naive,ACC,18,0.09974
5,DLS-ACC,naive,ACC,19,0.049328
5,DLS-ACC,naive,ACC,20,0.616855
5,DLS-ACC,naive,ACC,21,0.653612
5,DLS-ACC,naive,ACC,22,0.274653
5,DLS-ACC,naive,ACC,23,0.051696
5,DLS-ACC,naive,ACC,24,0.090361
5,DLS-ACC,naive,ACC,25,0.131345
5,DLS-ACC,naive,ACC,26,0.071558
5,DLS-ACC,naive,ACC,27,0.041485
5,DLS-ACC,naive,ACC,28,0.212681
5,DLS-ACC,naive,ACC,29,0.334917
5,DLS-ACC,naive,ACC,30,0.134816
5,DLS-ACC,naive,ACC,31,0.027723
5,DLS-ACC,naive,ACC,32,0.072348
5,DLS-ACC,naive,ACC,33,0.291794
5,DLS-ACC,naive,ACC,34,0.113752
5,DLS-ACC,naive,ACC,35,0.141391
5,DLS-ACC,naive,ACC,36,0.162961
5,DLS-ACC,naive,ACC,37,0.069814
5,DLS-ACC,naive,ACC,38,0.041155
5,DLS-ACC,naive,ACC,39,0.240277
5,DLS-ACC,naive,ACC,40,0.022272
5,DLS-ACC,naive,ACC,41,0.054389
5,DLS-ACC,naive,ACC,42,0.582144
5,DLS-ACC,naive,ACC,43,0.004506
5,DLS-ACC,naive,ACC,44,0.633741
5,DLS-ACC,naive,ACC,45,0.030163
5,DLS-ACC,naive,ACC,46,0.186384
5,DLS-ACC,naive,ACC,47,0.144109
5,DLS-ACC,naive,ACC,48,0.038911
5,DLS-ACC,naive,ACC,49,0.119898
5,DLS-ACC,naive,ACC,50,0.049122
5,DLS-ACC,naive,ACC,51,0.078652
5,DLS-ACC,naive,ACC,52,0.052156
5,DLS-ACC,naive,ACC,53,0.163299
5,DLS-ACC,naive,ACC,54,0.102539
5,DLS-ACC,naive,ACC,55,0.069841
5,DLS-ACC,naive,ACC,56,0.057615
5,DLS-ACC,naive,ACC,57,0.142665
5,DLS-ACC,naive,ACC,58,0.011223
5,DLS-ACC,naive,ACC,59,0.11415
5,DLS-ACC,naive,ACC,60,0.117967
5,DLS-ACC,naive,ACC,61,0.100038
5,DLS-ACC,naive,ACC,62,0.168705
5,DLS-ACC,naive,ACC,63,0.058574
5,DLS-ACC,naive,ACC,64,0.01818
5,DLS-ACC,naive,ACC,65,0.113046
5,DLS-ACC,naive,ACC,66,0.426759
5,DLS-ACC,naive,ACC,67,0.159322
5,DLS-ACC,naive,ACC,68,0.134503
5,DLS-ACC,naive,ACC,69,0.050046
5,DLS-ACC,naive,ACC,70,0.035122
5,DLS-ACC,naive,ACC,71,0.053253
5,DLS-ACC,naive,ACC,72,0.02368
5,DLS-ACC,naive,ACC,73,0.077645
5,DLS-ACC,naive,ACC,74,0.030414
5,DLS-ACC,naive,ACC,75,0.058936
5,DLS-ACC,naive,ACC,76,0.080147
5,DLS-ACC,naive,ACC,77,0.127473
5,DLS-ACC,naive,ACC,78,0.074151
5,DLS-ACC,naive,ACC,79,0.142687
5,DLS-ACC,naive,ACC,80,0.103368
5,DLS-ACC,naive,ACC,81,0.190504
5,DLS-ACC,naive,ACC,82,0.135852
5,DLS-ACC,naive,ACC,83,0.021563
5,DLS-ACC,naive,ACC,84,0.354647
5,DLS-ACC,naive,ACC,85,0.100764
5,DLS-ACC,naive,ACC,86,0.330477
5,DLS-ACC,naive,ACC,87,0.054074
5,DLS-ACC,naive,ACC,88,0.066322
5,DLS-ACC,naive,ACC,89,0.071123
5,DLS-ACC,naive,ACC,90,0.060233
5,DLS-ACC,naive,ACC,91,0.133979
5,DLS-ACC,naive,ACC,92,0.139842
5,DLS-ACC,naive,ACC,93,0.0
5,DLS-ACC,naive,ACC,94,1e-06
5,DLS-ACC,naive,ACC,95,0.114968
5,DLS-ACC,naive,ACC,96,0.588884
5,DLS-ACC,naive,ACC,97,0.041493
5,DLS-ACC,naive,ACC,98,0.0
5,DLS-ACC,naive,ACC,99,0.485682
5,DLS-ACC,naive,ACC,100,0.072926
5,DLS-ACC,naive,ACC,101,0.036345
5,DLS-ACC,naive,ACC,102,0.014098
5,DLS-ACC,naive,ACC,103,0.012227
5,DLS-ACC,naive,ACC,104,0.057795
5,DLS-ACC,naive,ACC,105,0.128373
5,DLS-ACC,naive,ACC,106,0.033696
5,DLS-ACC,naive,ACC,107,0.056165
5,DLS-ACC,naive,ACC,108,0.079101
5,DLS-ACC,naive,ACC,109,0.047783
5,DLS-ACC,naive,ACC,110,0.045828
5,DLS-ACC,naive,ACC,111,0.298187
5,DLS-ACC,naive,ACC,112,0.019497
5,DLS-ACC,naive,ACC,113,0.012581
5,DLS-ACC,naive,ACC,114,0.055016
5,DLS-ACC,naive,ACC,115,0.648251
5,DLS-ACC,naive,ACC,116,0.02489
5,DLS-ACC,naive,ACC,117,0.086886
5,DLS-ACC,naive,ACC,118,0.039082
5,DLS-ACC,naive,ACC,119,0.642578
5,DLS-ACC,naive,ACC,120,0.143323
5,DLS-ACC,naive,ACC,121,0.34058
5,DLS-ACC,naive,ACC,122,0.028773
5,DLS-ACC,naive,ACC,123,0.513458
5,DLS-ACC,naive,ACC,124,0.137343
5,DLS-ACC,naive,ACC,125,0.031329
5,DLS-ACC,naive,ACC,126,0.17251
5,DLS-ACC,naive,ACC,127,0.108627
5,DLS-ACC,naive,ACC,128,0.0
5,DLS-ACC,naive,ACC,129,0.036773
5,DLS-ACC,naive,ACC,130,0.263781
5,DLS-ACC,naive,ACC,131,0.114263
5,DLS-ACC,naive,ACC,132,0.288145
5,DLS-ACC,naive,ACC,133,0.051004
5,DLS-ACC,naive,ACC,134,0.237727
5,DLS-ACC,naive,ACC,135,0.103109
5,DLS-ACC,naive,ACC,136,0.14436
5,DLS-ACC,naive,ACC,137,0.260153
5,DLS-ACC,naive,ACC,138,0.079978
5,DLS-ACC,naive,ACC,139,0.035657
5,DLS-ACC,naive,ACC,140,0.049952
5,DLS-ACC,naive,ACC,141,0.072748
5,DLS-ACC,naive,ACC,142,0.069207
5,DLS-ACC,naive,ACC,143,0.17182
5,DLS-ACC,naive,ACC,144,0.001109
5,DLS-ACC,naive,ACC,145,0.210168
5,DLS-ACC,naive,ACC,146,0.030984
5,DLS-ACC,naive,ACC,147,0.038582
5,DLS-ACC,naive,ACC,148,0.56413
5,DLS-ACC,naive,ACC,149,0.0
5,DLS-ACC,naive,ACC,150,0.0
5,DLS-ACC,naive,ACC,151,0.013509
5,DLS-ACC,naive,ACC,152,0.05391
5,DLS-ACC,naive,ACC,153,0.660779
5,DLS-ACC,naive,ACC,154,0.633937
5,DLS-ACC,naive,ACC,155,0.33879
5,DLS-ACC,naive,ACC,156,0.060377
5,DLS-ACC,naive,ACC,157,0.094413
5,DLS-ACC,naive,ACC,158,0.053745
5,DLS-ACC,naive,ACC,159,0.140372
5,DLS-ACC,naive,ACC,160,0.006138
5,DLS-ACC,naive,ACC,161,0.622045
5,DLS-ACC,naive,ACC,162,0.534211
5,DLS-ACC,naive,ACC,163,0.052005
5,DLS-ACC,naive,ACC,164,0.320997
5,DLS-ACC,naive,ACC,165,0.005003
5,DLS-ACC,naive,ACC,166,0.020024
5,DLS-ACC,naive,ACC,167,0.007831
5,DLS-ACC,naive,ACC,168,0.069205
5,DLS-ACC,naive,ACC,169,0.065062
5,DLS-ACC,naive,ACC,170,0.243222
5,DLS-ACC,naive,ACC,171,0.068812
5,DLS-ACC,naive,ACC,172,0.604453
5,DLS-ACC,naive,ACC,173,0.138799
5,DLS-ACC,naive,ACC,174,0.24041
5,DLS-ACC,intermediate,DLS,0,0.062367
5,DLS-ACC,intermediate,DLS,1,0.125662
5,DLS-ACC,intermediate,DLS,2,0.168448
5,DLS-ACC,intermediate,DLS,3,0.167014
5,DLS-ACC,intermediate,DLS,4,0.556175
5,DLS-ACC,intermediate,DLS,5,0.014002
5,DLS-ACC,intermediate,DLS,6,0.193402
5,DLS-ACC,intermediate,DLS,7,0.145936
5,DLS-ACC,intermediate,DLS,8,0.117563
5,DLS-ACC,intermediate,DLS,9,0.074352
5,DLS-ACC,intermediate,DLS,10,0.00865
5,DLS-ACC,intermediate,DLS,11,0.037862
5,DLS-ACC,intermediate,DLS,12,0.093252
5,DLS-ACC,intermediate,DLS,13,0.207744
5,DLS-ACC,intermediate,DLS,14,0.157326
5,DLS-ACC,intermediate,DLS,15,0.0
5,DLS-ACC,intermediate,DLS,16,0.166785
5,DLS-ACC,intermediate,DLS,17,0.153111
5,DLS-ACC,intermediate,DLS,18,0.215192
5,DLS-ACC,intermediate,DLS,19,0.180668
5,DLS-ACC,intermediate,DLS,20,0.115268
5,DLS-ACC,intermediate,DLS,21,0.125766
5,DLS-ACC,intermediate,DLS,22,0.050139
5,DLS-ACC,intermediate,DLS,23,0.026473
5,DLS-ACC,intermediate,DLS,24,0.233239
5,DLS-ACC,intermediate,DLS,25,0.078824
5,DLS-ACC,intermediate,DLS,26,0.046025
5,DLS-ACC,intermediate,DLS,27,0.265398
5,DLS-ACC,intermediate,DLS,28,0.41695
5,DLS-ACC,intermediate,DLS,29,0.346263
5,DLS-ACC,intermediate,DLS,30,0.285229
5,DLS-ACC,intermediate,DLS,31,0.092603
5,DLS-ACC,intermediate,DLS,32,0.214715
5,DLS-ACC,intermediate,DLS,33,0.091626
5,DLS-ACC,intermediate,DLS,34,0.061449
5,DLS-ACC,intermediate,DLS,35,0.074181
5,DLS-ACC,intermediate,DLS,36,0.201143
5,DLS-ACC,intermediate,DLS,37,0.05852
5,DLS-ACC,intermediate,DLS,38,0.2005
5,DLS-ACC,intermediate,DLS,39,0.083021
5,DLS-ACC,intermediate,DLS,40,0.044806
5,DLS-ACC,intermediate,DLS,41,0.178899
5,DLS-ACC,intermediate,DLS,42,0.021503
5,DLS-ACC,intermediate,DLS,43,0.098505
5,DLS-ACC,intermediate,DLS,44,0.128321
5,DLS-ACC,intermediate,DLS,45,0.081767
5,DLS-ACC,intermediate,DLS,46,0.065647
5,DLS-ACC,intermediate,DLS,47,0.076813
5,DLS-ACC,intermediate,DLS,48,0.093286
5,DLS-ACC,intermediate,DLS,49,0.075098
5,DLS-ACC,intermediate,DLS,50,0.121733
5,DLS-ACC,intermediate,DLS,51,0.089257
5,DLS-ACC,intermediate,DLS,52,0.096212
5,DLS-ACC,intermediate,DLS,53,0.057657
5,DLS-ACC,intermediate,DLS,54,0.178056
5,DLS-ACC,intermediate,DLS,55,0.118185
5,DLS-ACC,intermediate,DLS,56,0.185566
5,DLS-ACC,intermediate,DLS,57,0.041017
5,DLS-ACC,intermediate,DLS,58,0.174303
5,DLS-ACC,intermediate,DLS,59,0.142049
5,DLS-ACC,intermediate,DLS,60,0.090048
5,DLS-ACC,intermediate,DLS,61,0.150948
5,DLS-ACC,intermediate,DLS,62,0.195847
5,DLS-ACC,intermediate,DLS,63,0.101006
5,DLS-ACC,intermediate,DLS,64,0.147624
5,DLS-ACC,intermediate,DLS,65,0.100579
5,DLS-ACC,intermediate,DLS,66,0.214388
5,DLS-ACC,intermediate,DLS,67,0.043591
5,DLS-ACC,intermediate,DLS,68,0.019425
5,DLS-ACC,intermediate,DLS,69,0.611503
5,DLS-ACC,intermediate,DLS,70,0.173998
5,DLS-ACC,intermediate,DLS,71,0.021794
5,DLS-ACC,intermediate,DLS,72,0.090508
5,DLS-ACC,intermediate,DLS,73,0.0937
5,DLS-ACC,intermediate,DLS,74,0.174049
5,DLS-ACC,intermediate,DLS,75,0.102472
5,DLS-ACC,intermediate,DLS,76,0.106649
5,DLS-ACC,intermediate,DLS,77,0.024526
5,DLS-ACC,intermediate,DLS,78,0.12378
5,DLS-ACC,intermediate,DLS,79,0.186192
5,DLS-ACC,intermediate,DLS,80,0.071576
5,DLS-ACC,intermediate,DLS,81,0.006223
5,DLS-ACC,intermediate,DLS,82,0.500047
5,DLS-ACC,intermediate,DLS,83,0.004083
5,DLS-ACC,intermediate,DLS,84,0.292017
5,DLS-ACC,intermediate,DLS,85,0.055195
5,DLS-ACC,intermediate,DLS,86,0.067415
5,DLS-ACC,intermediate,DLS,87,0.042972
5,DLS-ACC,intermediate,DLS,88,0.01949
5,DLS-ACC,intermediate,DLS,89,0.122858
5,DLS-ACC,intermediate,DLS,90,0.031855
5,DLS-ACC,intermediate,DLS,91,0.049088
5,DLS-ACC,intermediate,DLS,92,0.034583
5,DLS-ACC,intermediate,DLS,93,0.105703
5,DLS-ACC,intermediate,DLS,94,0.130019
5,DLS-ACC,intermediate,DLS,95,0.045233
5,DLS-ACC,intermediate,DLS,96,0.219796
5,DLS-ACC,intermediate,DLS,97,0.247448
5,DLS-ACC,intermediate,DLS,98,0.019697
5,DLS-ACC,intermediate,DLS,99,0.374213
5,DLS-ACC,intermediate,DLS,100,0.372108
5,DLS-ACC,intermediate,DLS,101,0.039957
5,DLS-ACC,intermediate,DLS,102,0.469769
5,DLS-ACC,intermediate,DLS,103,0.014333
5,DLS-ACC,intermediate,DLS,104,0.165114
5,DLS-ACC,intermediate,DLS,105,0.081966
5,DLS-ACC,intermediate,DLS,106,0.04935
5,DLS-ACC,intermediate,DLS,107,0.019957
5,DLS-ACC,intermediate,DLS,108,0.080835
5,DLS-ACC,intermediate,DLS,109,0.034799
5,DLS-ACC,intermediate,DLS,110,0.575514
5,DLS-ACC,intermediate,DLS,111,0.0351
5,DLS-ACC,intermediate,DLS,112,0.587713
5,DLS-ACC,intermediate,DLS,113,0.073026
5,DLS-ACC,intermediate,DLS,114,0.044195
5,DLS-ACC,intermediate,DLS,115,0.041145
5,DLS-ACC,intermediate,DLS,116,0.070168
5,DLS-ACC,intermediate,DLS,117,0.011043
5,DLS-ACC,intermediate,DLS,118,0.083063
5,DLS-ACC,intermediate,DLS,119,0.051103
5,DLS-ACC,intermediate,DLS,120,0.03327
5,DLS-ACC,intermediate,DLS,121,0.0
5,DLS-ACC,intermediate,DLS,122,0.208309
5,DLS-ACC,intermediate,DLS,123,0.048535
5,DLS-ACC,intermediate,DLS,124,0.170167
5,DLS-ACC,intermediate,DLS,125,0.190534
5,DLS-ACC,intermediate,DLS,126,0.177199
5,DLS-ACC,intermediate,DLS,127,0.055039
5,DLS-ACC,intermediate,DLS,128,0.028196
5,DLS-ACC,intermediate,DLS,129,0.056399
5,DLS-ACC,intermediate,DLS,130,0.026867
5,DLS-ACC,intermediate,DLS,131,0.228405
5,DLS-ACC,intermediate,DLS,132,0.048353
5,DLS-ACC,intermediate,DLS,133,0.020048
5,DLS-ACC,intermediate,DLS,134,0.012739
5,DLS-ACC,intermediate,DLS,135,0.149436
5,DLS-ACC,intermediate,DLS,136,0.445494
5,DLS-ACC,intermediate,DLS,137,0.03193
5,DLS-ACC,intermediate,DLS,138,0.044174
5,DLS-ACC,intermediate,DLS,139,0.040893
5,DLS-ACC,intermediate,DLS,140,0.212342
5,DLS-ACC,intermediate,DLS,141,0.262732
5,DLS-ACC,intermediate,DLS,142,0.090382
5,DLS-ACC,intermediate,DLS,143,0.060864
5,DLS-ACC,intermediate,DLS,144,0.259649
5,DLS-ACC,intermediate,DLS,145,0.226836
5,DLS-ACC,intermediate,DLS,146,0.365658
5,DLS-ACC,intermediate,DLS,147,0.0
5,DLS-ACC,intermediate,DLS,148,0.083379
5,DLS-ACC,intermediate,DLS,149,0.096166
5,DLS-ACC,intermediate,DLS,150,0.0
5,DLS-ACC,intermediate,DLS,151,0.0
5,DLS-ACC,intermediate,DLS,152,0.103073
5,DLS-ACC,intermediate,DLS,153,0.0
5,DLS-ACC,intermediate,DLS,154,0.038799
5,DLS-ACC,intermediate,DLS,155,0.0
5,DLS-ACC,intermediate,DLS,156,0.15624
5,DLS-ACC,intermediate,DLS,157,0.025141
5,DLS-ACC,intermediate,DLS,158,0.03926
5,DLS-ACC,intermediate,DLS,159,0.025784
5,DLS-ACC,intermediate,DLS,160,0.152803
5,DLS-ACC,intermediate,DLS,161,0.082054
5,DLS-ACC,intermediate,DLS,162,0.040914
5,DLS-ACC,intermediate,DLS,163,0.064289
5,DLS-ACC,intermediate,DLS,164,0.093503
5,DLS-ACC,intermediate,DLS,165,0.084806
5,DLS-ACC,intermediate,DLS,166,0.078637
5,DLS-ACC,intermediate,DLS,167,0.10413
5,DLS-ACC,intermediate,DLS,168,0.018221
5,DLS-ACC,intermediate,DLS,169,0.069814
5,DLS-ACC,intermediate,DLS,170,0.040214
5,DLS-ACC,intermediate,DLS,171,0.0
5,DLS-ACC,intermediate,DLS,172,0.077359
5,DLS-ACC,intermediate,DLS,173,0.303258
5,DLS-ACC,intermediate,DLS,174,0.286252
5,DLS-ACC,intermediate,DLS,175,0.060293
5,DLS-ACC,intermediate,DLS,176,0.139718
5,DLS-ACC,intermediate,DLS,177,0.127855
5,DLS-ACC,intermediate,DLS,178,0.061649
5,DLS-ACC,intermediate,DLS,179,0.066825
5,DLS-ACC,intermediate,DLS,180,0.474711
5,DLS-ACC,intermediate,DLS,181,0.065436
5,DLS-ACC,intermediate,DLS,182,0.019696
5,DLS-ACC,intermediate,DLS,183,0.071606
5,DLS-ACC,intermediate,DLS,184,0.410568
5,DLS-ACC,intermediate,DLS,185,0.100756
5,DLS-ACC,intermediate,DLS,186,0.119226
5,DLS-ACC,intermediate,DLS,187,0.092292
5,DLS-ACC,intermediate,DLS,188,0.175396
5,DLS-ACC,intermediate,DLS,189,0.339448
5,DLS-ACC,intermediate,DLS,190,0.229857
5,DLS-ACC,intermediate,DLS,191,0.188828
5,DLS-ACC,intermediate,DLS,192,0.086528
5,DLS-ACC,intermediate,DLS,193,0.034599
5,DLS-ACC,intermediate,DLS,194,0.015915
5,DLS-ACC,intermediate,DLS,195,0.200807
5,DLS-ACC,intermediate,DLS,196,0.01684
5,DLS-ACC,intermediate,DLS,197,0.343993
5,DLS-ACC,intermediate,DLS,198,0.0
5,DLS-ACC,intermediate,DLS,199,0.264836
5,DLS-ACC,intermediate,DLS,200,0.061938
5,DLS-ACC,intermediate,DLS,201,0.0
5,DLS-ACC,intermediate,DLS,202,0.068114
5,DLS-ACC,intermediate,DLS,203,0.116187
5,DLS-ACC,intermediate,DLS,204,0.279376
5,DLS-ACC,intermediate,DLS,205,0.006359
5,DLS-ACC,intermediate,DLS,206,0.105322
5,DLS-ACC,intermediate,DLS,207,0.35803
5,DLS-ACC,intermediate,DLS,208,0.110606
5,DLS-ACC,intermediate,DLS,209,0.183806
5,DLS-ACC,intermediate,DLS,210,0.042734
5,DLS-ACC,intermediate,DLS,211,0.042939
5,DLS-ACC,intermediate,DLS,212,0.043596
5,DLS-ACC,intermediate,DLS,213,0.10761
5,DLS-ACC,intermediate,DLS,214,0.416316
5,DLS-ACC,intermediate,DLS,215,0.026336
5,DLS-ACC,intermediate,DLS,216,0.041488
5,DLS-ACC,intermediate,DLS,217,0.18754
5,DLS-ACC,intermediate,DLS,218,0.033937
5,DLS-ACC,intermediate,DLS,219,0.058871
5,DLS-ACC,intermediate,DLS,220,0.354167
5,DLS-ACC,intermediate,DLS,221,0.005181
5,DLS-ACC,intermediate,DLS,222,0.099949
5,DLS-ACC,intermediate,DLS,223,0.047733
5,DLS-ACC,intermediate,DLS,224,0.082854
5,DLS-ACC,intermediate,DLS,225,0.140043
5,DLS-ACC,intermediate,DLS,226,0.038907
5,DLS-ACC,intermediate,DLS,227,0.541652
5,DLS-ACC,intermediate,DLS,228,0.231691
5,DLS-ACC,intermediate,DLS,229,0.158843
5,DLS-ACC,intermediate,DLS,230,0.033456
5,DLS-ACC,intermediate,DLS,231,0.047434
5,DLS-ACC,intermediate,DLS,232,0.12954
5,DLS-ACC,intermediate,DLS,233,0.143923
5,DLS-ACC,intermediate,DLS,234,0.267876
5,DLS-ACC,intermediate,DLS,235,0.115822
5,DLS-ACC,intermediate,DLS,236,0.018375
5,DLS-ACC,intermediate,ACC,0,0.139219
5,DLS-ACC,intermediate,ACC,1,0.053808
5,DLS-ACC,intermediate,ACC,2,0.130642
5,DLS-ACC,intermediate,ACC,3,0.075146
5,DLS-ACC,intermediate,ACC,4,0.540428
5,DLS-ACC,intermediate,ACC,5,0.101332
5,DLS-ACC,intermediate,ACC,6,0.074135
5,DLS-ACC,intermediate,ACC,7,0.094291
5,DLS-ACC,intermediate,ACC,8,0.089813
5,DLS-ACC,intermediate,ACC,9,0.154854
5,DLS-ACC,intermediate,ACC,10,0.655533
5,DLS-ACC,intermediate,ACC,11,0.109518
5,DLS-ACC,intermediate,ACC,12,0.100509
5,DLS-ACC,intermediate,ACC,13,0.081839
5,DLS-ACC,intermediate,ACC,14,0.056554
5,DLS-ACC,intermediate,ACC,15,0.615462
5,DLS-ACC,intermediate,ACC,16,0.141415
5,DLS-ACC,intermediate,ACC,17,0.168455
5,DLS-ACC,intermediate,ACC,18,0.182866
5,DLS-ACC,intermediate,ACC,19,0.062984
5,DLS-ACC,intermediate,ACC,20,0.053222
5,DLS-ACC,intermediate,ACC,21,0.0
5,DLS-ACC,intermediate,ACC,22,0.035963
5,DLS-ACC,intermediate,ACC,23,0.078425
5,DLS-ACC,intermediate,ACC,24,0.477047
5,DLS-ACC,intermediate,ACC,25,0.144928
5,DLS-ACC,intermediate,ACC,26,0.067494
5,DLS-ACC,intermediate,ACC,27,0.069093
5,DLS-ACC,intermediate,ACC,28,0.222932
5,DLS-ACC,intermediate,ACC,29,0.147603
5,DLS-ACC,intermediate,ACC,30,0.154925
5,DLS-ACC,intermediate,ACC,31,0.159984
5,DLS-ACC,intermediate,ACC,32,0.186893
5,DLS-ACC,intermediate,ACC,33,0.028182
5,DLS-ACC,intermediate,ACC,34,0.147197
5,DLS-ACC,intermediate,ACC,35,0.227126
5,DLS-ACC,intermediate,ACC,36,0.224616
5,DLS-ACC,intermediate,ACC,37,0.029314
5,DLS-ACC,intermediate,ACC,38,0.041278
5,DLS-ACC,intermediate,ACC,39,0.191251
5,DLS-ACC,intermediate,ACC,40,0.671217
5,DLS-ACC,intermediate,ACC,41,0.097157
5,DLS-ACC,intermediate,ACC,42,0.650576
5,DLS-ACC,intermediate,ACC,43,0.534379
5,DLS-ACC,intermediate,ACC,44,0.047901
5,DLS-ACC,intermediate,ACC,45,0.057461
5,DLS-ACC,intermediate,ACC,46,0.120058
5,DLS-ACC,intermediate,ACC,47,0.085811
5,DLS-ACC,intermediate,ACC,48,0.178347
5,DLS-ACC,intermediate,ACC,49,0.174137
5,DLS-ACC,intermediate,ACC,50,0.055948
5,DLS-ACC,intermediate,ACC,51,0.155429
5,DLS-ACC,intermediate,ACC,52,0.083853
5,DLS-ACC,intermediate,ACC,53,0.193712
5,DLS-ACC,intermediate,ACC,54,0.146612
5,DLS-ACC,intermediate,ACC,55,0.106175
5,DLS-ACC,intermediate,ACC,56,0.129396
5,DLS-ACC,intermediate,ACC,57,0.104572
5,DLS-ACC,intermediate,ACC,58,0.254234
5,DLS-ACC,intermediate,ACC,59,0.051759
5,DLS-ACC,intermediate,ACC,60,0.223333
5,DLS-ACC,intermediate,ACC,61,0.200857
5,DLS-ACC,intermediate,ACC,62,0.338156
5,DLS-ACC,intermediate,ACC,63,0.375334
5,DLS-ACC,intermediate,ACC,64,0.13209
5,DLS-ACC,intermediate,ACC,65,0.182846
5,DLS-ACC,intermediate,ACC,66,0.026129
5,DLS-ACC,intermediate,ACC,67,0.670655
5,DLS-ACC,intermediate,ACC,68,0.23303
5,DLS-ACC,intermediate,ACC,69,0.057545
5,DLS-ACC,intermediate,ACC,70,0.115987
5,DLS-ACC,intermediate,ACC,71,0.383149
5,DLS-ACC,intermediate,ACC,72,0.41
5,DLS-ACC,intermediate,ACC,73,0.135968
5,DLS-ACC,intermediate,ACC,74,0.082773
5,DLS-ACC,intermediate,ACC,75,0.105917
5,DLS-ACC,intermediate,ACC,76,0.247253
5,DLS-ACC,intermediate,ACC,77,0.217274
5,DLS-ACC,intermediate,ACC,78,0.224297
5,DLS-ACC,intermediate,ACC,79,0.309698
5,DLS-ACC,intermediate,ACC,80,0.128032
5,DLS-ACC,intermediate,ACC,81,0.118123
5,DLS-ACC,intermediate,ACC,82,0.126471
5,DLS-ACC,intermediate,ACC,83,0.065006
5,DLS-ACC,intermediate,ACC,84,0.156493
5,DLS-ACC,intermediate,ACC,85,0.104587
5,DLS-ACC,intermediate,ACC,86,0.165376
5,DLS-ACC,intermediate,ACC,87,0.025797
5,DLS-ACC,intermediate,ACC,88,0.030095
5,DLS-ACC,intermediate,ACC,89,0.09737
5,DLS-ACC,intermediate,ACC,90,0.082514
5,DLS-ACC,intermediate,ACC,91,0.037102
5,DLS-ACC,intermediate,ACC,92,0.1263
5,DLS-ACC,intermediate,ACC,93,0.01607
5,DLS-ACC,intermediate,ACC,94,0.0
5,DLS-ACC,intermediate,ACC,95,0.087776
5,DLS-ACC,intermediate,ACC,96,0.635197
5,DLS-ACC,intermediate,ACC,97,0.134147
5,DLS-ACC,intermediate,ACC,98,0.385056
5,DLS-ACC,intermediate,ACC,99,0.010183
5,DLS-ACC,intermediate,ACC,100,0.03714
5,DLS-ACC,intermediate,ACC,101,0.088477
5,DLS-ACC,intermediate,ACC,102,0.63649
5,DLS-ACC,intermediate,ACC,103,0.66726
5,DLS-ACC,intermediate,ACC,104,0.123916
5,DLS-ACC,intermediate,ACC,105,0.021853
5,DLS-ACC,intermediate,ACC,106,0.025068
5,DLS-ACC,intermediate,ACC,107,0.020632
5,DLS-ACC,intermediate,ACC,108,0.028817
5,DLS-ACC,intermediate,ACC,109,0.027862
5,DLS-ACC,intermediate,ACC,110,0.0
5,DLS-ACC,intermediate,ACC,111,0.018863
5,DLS-ACC,intermediate,ACC,112,0.040319
5,DLS-ACC,intermediate,ACC,113,0.246897
5,DLS-ACC,intermediate,ACC,114,0.121126
5,DLS-ACC,intermediate,ACC,115,0.015371
5,DLS-ACC,intermediate,ACC,116,0.573671
5,DLS-ACC,intermediate,ACC,117,0.049857
5,DLS-ACC,intermediate,ACC,118,0.112337
5,DLS-ACC,intermediate,ACC,119,0.514089
5,DLS-ACC,intermediate,ACC,120,0.169776
5,DLS-ACC,intermediate,ACC,121,0.097881
5,DLS-ACC,intermediate,ACC,122,0.035994
5,DLS-ACC,intermediate,ACC,123,0.079803
5,DLS-ACC,intermediate,ACC,124,0.542863
5,DLS-ACC,intermediate,ACC,125,0.49241
5,DLS-ACC,intermediate,ACC,126,0.100999
5,DLS-ACC,intermediate,ACC,127,0.12172
5,DLS-ACC,intermediate,ACC,128,0.0
5,DLS-ACC,intermediate,ACC,129,0.008308
5,DLS-ACC,intermediate,ACC,130,0.608179
5,DLS-ACC,intermediate,ACC,131,0.102956
5,DLS-ACC,intermediate,ACC,132,0.152871
5,DLS-ACC,intermediate,ACC,133,0.045215
5,DLS-ACC,intermediate,ACC,134,0.101792
5,DLS-ACC,intermediate,ACC,135,0.213843
5,DLS-ACC,intermediate,ACC,136,0.172594
5,DLS-ACC,intermediate,ACC,137,0.148244
5,DLS-ACC,intermediate,ACC,138,0.102725
5,DLS-ACC,intermediate,ACC,139,0.083038
5,DLS-ACC,intermediate,ACC,140,0.081591
5,DLS-ACC,intermediate,ACC,141,0.0535
5,DLS-ACC,intermediate,ACC,142,0.048625
5,DLS-ACC,intermediate,ACC,143,0.094224
5,DLS-ACC,intermediate,ACC,144,0.014186
5,DLS-ACC,intermediate,ACC,145,0.086371
5,DLS-ACC,intermediate,ACC,146,0.276128
5,DLS-ACC,intermediate,ACC,147,0.180982
5,DLS-ACC,intermediate,ACC,148,0.248353
5,DLS-ACC,intermediate,ACC,149,0.0
5,DLS-ACC,intermediate,ACC,150,0.0
5,DLS-ACC,intermediate,ACC,151,0.669576
5,DLS-ACC,intermediate,ACC,152,0.064426
5,DLS-ACC,intermediate,ACC,153,0.235067
5,DLS-ACC,intermediate,ACC,154,0.051206
5,DLS-ACC,intermediate,ACC,155,0.109076
5,DLS-ACC,intermediate,ACC,156,0.048518
5,DLS-ACC,intermediate,ACC,157,0.05704
5,DLS-ACC,intermediate,ACC,158,0.174269
5,DLS-ACC,intermediate,ACC,159,0.208946
5,DLS-ACC,intermediate,ACC,160,0.363941
5,DLS-ACC,intermediate,ACC,161,0.051992
5,DLS-ACC,intermediate,ACC,162,0.013741
5,DLS-ACC,intermediate,ACC,163,0.619448
5,DLS-ACC,intermediate,ACC,164,0.06495
5,DLS-ACC,intermediate,ACC,165,0.187862
5,DLS-ACC,intermediate,ACC,166,0.321075
5,DLS-ACC,intermediate,ACC,167,0.163982
5,DLS-ACC,intermediate,ACC,168,0.157376
5,DLS-ACC,intermediate,ACC,169,0.049226
5,DLS-ACC,intermediate,ACC,170,0.16451
5,DLS-ACC,intermediate,ACC,171,0.035152
5,DLS-ACC,intermediate,ACC,172,0.027058
5,DLS-ACC,intermediate,ACC,173,0.479619
5,DLS-ACC,intermediate,ACC,174,0.177907
5,DLS-ACC,expert,DLS,0,0.077144
5,DLS-ACC,expert,DLS,1,0.068582
5,DLS-ACC,expert,DLS,2,0.070422
5,DLS-ACC,expert,DLS,3,0.131745
5,DLS-ACC,expert,DLS,4,0.127111
5,DLS-ACC,expert,DLS,5,0.023029
5,DLS-ACC,expert,DLS,6,0.124057
5,DLS-ACC,expert,DLS,7,0.136238
5,DLS-ACC,expert,DLS,8,0.100768
5,DLS-ACC,expert,DLS,9,0.102074
5,DLS-ACC,expert,DLS,10,0.010427
5,DLS-ACC,expert,DLS,11,0.101056
5,DLS-ACC,expert,DLS,12,0.108965
5,DLS-ACC,expert,DLS,13,0.202943
5,DLS-ACC,expert,DLS,14,0.154357
5,DLS-ACC,expert,DLS,15,0.0
5,DLS-ACC,expert,DLS,16,0.187602
5,DLS-ACC,expert,DLS,17,0.048248
5,DLS-ACC,expert,DLS,18,0.151488
5,DLS-ACC,expert,DLS,19,0.079811
5,DLS-ACC,expert,DLS,20,0.097433
5,DLS-ACC,expert,DLS,21,0.178181
5,DLS-ACC,expert,DLS,22,0.038241
5,DLS-ACC,expert,DLS,23,0.189204
5,DLS-ACC,expert,DLS,24,0.183801
5,DLS-ACC,expert,DLS,25,0.031702
5,DLS-ACC,expert,DLS,26,0.0
5,DLS-ACC,expert,DLS,27,0.223789
5,DLS-ACC,expert,DLS,28,0.02462
5,DLS-ACC,expert,DLS,29,0.083085
5,DLS-ACC,expert,DLS,30,0.229545
5,DLS-ACC,expert,DLS,31,0.355567
5,DLS-ACC,expert,DLS,32,0.157902
5,DLS-ACC,expert,DLS,33,0.125796
5,DLS-ACC,expert,DLS,34,0.032512
5,DLS-ACC,expert,DLS,35,0.100531
5,DLS-ACC,expert,DLS,36,0.159546
5,DLS-ACC,expert,DLS,37,0.053916
5,DLS-ACC,expert,DLS,38,0.150376
5,DLS-ACC,expert,DLS,39,0.327441
5,DLS-ACC,expert,DLS,40,0.227344
5,DLS-ACC,expert,DLS,41,0.048395
5,DLS-ACC,expert,DLS,42,0.012541
5,DLS-ACC,expert,DLS,43,0.130645
5,DLS-ACC,expert,DLS,44,0.140281
5,DLS-ACC,expert,DLS,45,0.07455
5,DLS-ACC,expert,DLS,46,0.073861
5,DLS-ACC,expert,DLS,47,0.568202
5,DLS-ACC,expert,DLS,48,0.044912
5,DLS-ACC,expert,DLS,49,0.09417
5,DLS-ACC,expert,DLS,50,0.134806
5,DLS-ACC,expert,DLS,51,0.109065
5,DLS-ACC,expert,DLS,52,0.080154
5,DLS-ACC,expert,DLS,53,0.102482
5,DLS-ACC,expert,DLS,54,0.137572
5,DLS-ACC,expert,DLS,55,0.128233
5,DLS-ACC,expert,DLS,56,0.178532
5,DLS-ACC,expert,DLS,57,0.078562
5,DLS-ACC,expert,DLS,58,0.114638
5,DLS-ACC,expert,DLS,59,0.163804
5,DLS-ACC,expert,DLS,60,0.083458
5,DLS-ACC,expert,DLS,61,0.133926
5,DLS-ACC,expert,DLS,62,0.177098
5,DLS-ACC,expert,DLS,63,0.128449
5,DLS-ACC,expert,DLS,64,0.148596
5,DLS-ACC,expert,DLS,65,0.08167
5,DLS-ACC,expert,DLS,66,0.086693
5,DLS-ACC,expert,DLS,67,0.029048
5,DLS-ACC,expert,DLS,68,0.069133
5,DLS-ACC,expert,DLS,69,0.017693
5,DLS-ACC,expert,DLS,70,0.146468
5,DLS-ACC,expert,DLS,71,0.194085
5,DLS-ACC,expert,DLS,72,0.149952
5,DLS-ACC,expert,DLS,73,0.14886
5,DLS-ACC,expert,DLS,74,0.022888
5,DLS-ACC,expert,DLS,75,0.068714
5,DLS-ACC,expert,DLS,76,0.026606
5,DLS-ACC,expert,DLS,77,0.059248
5,DLS-ACC,expert,DLS,78,0.123623
5,DLS-ACC,expert,DLS,79,0.125895
5,DLS-ACC,expert,DLS,80,0.073882
5,DLS-ACC,expert,DLS,81,0.019201
5,DLS-ACC,expert,DLS,82,0.617632
5,DLS-ACC,expert,DLS,83,0.012706
5,DLS-ACC,expert,DLS,84,0.133499
5,DLS-ACC,expert,DLS,85,0.092125
5,DLS-ACC,expert,DLS,86,0.05926
5,DLS-ACC,expert,DLS,87,0.072018
5,DLS-ACC,expert,DLS,88,0.049191
5,DLS-ACC,expert,DLS,89,0.137169
5,DLS-ACC,expert,DLS,90,0.046467
5,DLS-ACC,expert,DLS,91,0.098836
5,DLS-ACC,expert,DLS,92,0.027435
5,DLS-ACC,expert,DLS,93,0.085363
5,DLS-ACC,expert,DLS,94,0.377103
5,DLS-ACC,expert,DLS,95,0.084212
5,DLS-ACC,expert,DLS,96,0.383766
5,DLS-ACC,expert,DLS,97,0.105895
5,DLS-ACC,expert,DLS,98,0.024084
5,DLS-ACC,expert,DLS,99,0.387929
5,DLS-ACC,expert,DLS,100,0.389239
5,DLS-ACC,expert,DLS,101,0.143171
5,DLS-ACC,expert,DLS,102,0.109437
5,DLS-ACC,expert,DLS,103,0.122189
5,DLS-ACC,expert,DLS,104,0.151542
5,DLS-ACC,expert,DLS,105,0.560744
5,DLS-ACC,expert,DLS,106,0.040751
5,DLS-ACC,expert,DLS,107,0.207971
5,DLS-ACC,expert,DLS,108,0.103861
5,DLS-ACC,expert,DLS,109,0.140065
5,DLS-ACC,expert,DLS,110,0.158614
5,DLS-ACC,expert,DLS,111,0.327566
5,DLS-ACC,expert,DLS,112,0.23997
5,DLS-ACC,expert,DLS,113,0.093233
5,DLS-ACC,expert,DLS,114,0.213338
5,DLS-ACC,expert,DLS,115,0.051097
5,DLS-ACC,expert,DLS,116,0.157727
5,DLS-ACC,expert,DLS,117,0.049289
5,DLS-ACC,expert,DLS,118,0.044138
5,DLS-ACC,expert,DLS,119,0.013701
5,DLS-ACC,expert,DLS,120,0.522123
5,DLS-ACC,expert,DLS,121,0.0
5,DLS-ACC,expert,DLS,122,0.130362
5,DLS-ACC,expert,DLS,123,0.130332
5,DLS-ACC,expert,DLS,124,0.134372
5,DLS-ACC,expert,DLS,125,0.146694
5,DLS-ACC,expert,DLS,126,0.039247
5,DLS-ACC,expert,DLS,127,0.147433
5,DLS-ACC,expert,DLS,128,0.025595
5,DLS-ACC,expert,DLS,129,0.067596
5,DLS-ACC,expert,DLS,130,0.0
5,DLS-ACC,expert,DLS,131,0.194134
5,DLS-ACC,expert,DLS,132,0.008049
5,DLS-ACC,expert,DLS,133,0.024412
5,DLS-ACC,expert,DLS,134,0.017529
5,DLS-ACC,expert,DLS,135,0.004274
5,DLS-ACC,expert,DLS,136,0.000218
5,DLS-ACC,expert,DLS,137,0.282771
5,DLS-ACC,expert,DLS,138,0.093213
5,DLS-ACC,expert,DLS,139,0.464447
5,DLS-ACC,expert,DLS,140,0.326482
5,DLS-ACC,expert,DLS,141,0.01358
5,DLS-ACC,expert,DLS,142,0.036545
5,DLS-ACC,expert,DLS,143,0.111753
5,DLS-ACC,expert,DLS,144,0.221534
5,DLS-ACC,expert,DLS,145,0.209775
5,DLS-ACC,expert,DLS,146,0.020421
5,DLS-ACC,expert,DLS,147,0.0
5,DLS-ACC,expert,DLS,148,0.261353
5,DLS-ACC,expert,DLS,149,0.604648
5,DLS-ACC,expert,DLS,150,0.0
5,DLS-ACC,expert,DLS,151,0.0
5,DLS-ACC,expert,DLS,152,0.116938
5,DLS-ACC,expert,DLS,153,0.0
5,DLS-ACC,expert,DLS,154,0.027993
5,DLS-ACC,expert,DLS,155,0.035719
5,DLS-ACC,expert,DLS,156,0.097839
5,DLS-ACC,expert,DLS,157,0.022204
5,DLS-ACC,expert,DLS,158,0.075887
5,DLS-ACC,expert,DLS,159,0.040505
5,DLS-ACC,expert,DLS,160,0.080443
5,DLS-ACC,expert,DLS,161,0.016748
5,DLS-ACC,expert,DLS,162,0.596462
5,DLS-ACC,expert,DLS,163,0.055389
5,DLS-ACC,expert,DLS,164,0.024169
5,DLS-ACC,expert,DLS,165,0.109447
5,DLS-ACC,expert,DLS,166,0.411353
5,DLS-ACC,expert,DLS,167,0.069971
5,DLS-ACC,expert,DLS,168,0.075678
5,DLS-ACC,expert,DLS,169,0.11731
5,DLS-ACC,expert,DLS,170,0.098874
5,DLS-ACC,expert,DLS,171,0.040723
5,DLS-ACC,expert,DLS,172,0.076994
5,DLS-ACC,expert,DLS,173,0.0
5,DLS-ACC,expert,DLS,174,0.0
5,DLS-ACC,expert,DLS,175,0.050091
5,DLS-ACC,expert,DLS,176,0.0
5,DLS-ACC,expert,DLS,177,0.0
5,DLS-ACC,expert,DLS,178,0.087106
5,DLS-ACC,expert,DLS,179,0.03158
5,DLS-ACC,expert,DLS,180,0.070104
5,DLS-ACC,expert,DLS,181,0.135081
5,DLS-ACC,expert,DLS,182,0.018379
5,DLS-ACC,expert,DLS,183,0.08769
5,DLS-ACC,expert,DLS,184,0.636495
5,DLS-ACC,expert,DLS,185,0.070734
5,DLS-ACC,expert,DLS,186,0.01249
5,DLS-ACC,expert,DLS,187,0.0
5,DLS-ACC,expert,DLS,188,0.217658
5,DLS-ACC,expert,DLS,189,0.118168
5,DLS-ACC,expert,DLS,190,0.222904
5,DLS-ACC,expert,DLS,191,0.611652
5,DLS-ACC,expert,DLS,192,0.082184
5,DLS-ACC,expert,DLS,193,0.026974
5,DLS-ACC,expert,DLS,194,0.053015
5,DLS-ACC,expert,DLS,195,0.085469
5,DLS-ACC,expert,DLS,196,0.026061
5,DLS-ACC,expert,DLS,197,0.0
5,DLS-ACC,expert,DLS,198,0.142518
5,DLS-ACC,expert,DLS,199,0.0
5,DLS-ACC,expert,DLS,200,0.0
5,DLS-ACC,expert,DLS,201,0.0
5,DLS-ACC,expert,DLS,202,0.534503
5,DLS-ACC,expert,DLS,203,0.032685
5,DLS-ACC,expert,DLS,204,0.022802
5,DLS-ACC,expert,DLS,205,0.047213
5,DLS-ACC,expert,DLS,206,0.089727
5,DLS-ACC,expert,DLS,207,0.090673
5,DLS-ACC,expert,DLS,208,0.126962
5,DLS-ACC,expert,DLS,209,0.090839
5,DLS-ACC,expert,DLS,210,0.100408
5,DLS-ACC,expert,DLS,211,0.044027
5,DLS-ACC,expert,DLS,212,0.556387
5,DLS-ACC,expert,DLS,213,0.106606
5,DLS-ACC,expert,DLS,214,0.227097
5,DLS-ACC,expert,DLS,215,0.197134
5,DLS-ACC,expert,DLS,216,0.027794
5,DLS-ACC,expert,DLS,217,0.147752
5,DLS-ACC,expert,DLS,218,0.024345
5,DLS-ACC,expert,DLS,219,0.071802
5,DLS-ACC,expert,DLS,220,0.242106
5,DLS-ACC,expert,DLS,221,0.081685
5,DLS-ACC,expert,DLS,222,0.08406
5,DLS-ACC,expert,DLS,223,0.08254
5,DLS-ACC,expert,DLS,224,0.054761
5,DLS-ACC,expert,DLS,225,0.171651
5,DLS-ACC,expert,DLS,226,0.010726
5,DLS-ACC,expert,DLS,227,0.091992
5,DLS-ACC,expert,DLS,228,0.453004
5,DLS-ACC,expert,DLS,229,0.189935
5,DLS-ACC,expert,DLS,230,0.129953
5,DLS-ACC,expert,DLS,231,0.613329
5,DLS-ACC,expert,DLS,232,0.133241
5,DLS-ACC,expert,DLS,233,0.028377
5,DLS-ACC,expert,DLS,234,0.161457
5,DLS-ACC,expert,DLS,235,0.090399
5,DLS-ACC,expert,DLS,236,0.158498
5,DLS-ACC,expert,ACC,0,0.074476
5,DLS-ACC,expert,ACC,1,0.0998
5,DLS-ACC,expert,ACC,2,0.112563
5,DLS-ACC,expert,ACC,3,0.153543
5,DLS-ACC,expert,ACC,4,0.13892
5,DLS-ACC,expert,ACC,5,0.070059
5,DLS-ACC,expert,ACC,6,0.05205
5,DLS-ACC,expert,ACC,7,0.065498
5,DLS-ACC,expert,ACC,8,0.123437
5,DLS-ACC,expert,ACC,9,0.047598
5,DLS-ACC,expert,ACC,10,0.197046
5,DLS-ACC,expert,ACC,11,0.085778
5,DLS-ACC,expert,ACC,12,0.086305
5,DLS-ACC,expert,ACC,13,0.086048
5,DLS-ACC,expert,ACC,14,0.051602
5,DLS-ACC,expert,ACC,15,0.069305
5,DLS-ACC,expert,ACC,16,0.186538
5,DLS-ACC,expert,ACC,17,0.092324
5,DLS-ACC,expert,ACC,18,0.131886
5,DLS-ACC,expert,ACC,19,0.066592
5,DLS-ACC,expert,ACC,20,0.06798
5,DLS-ACC,expert,ACC,21,0.007328
5,DLS-ACC,expert,ACC,22,0.081877
5,DLS-ACC,expert,ACC,23,0.082249
5,DLS-ACC,expert,ACC,24,0.049149
5,DLS-ACC,expert,ACC,25,0.118641
5,DLS-ACC,expert,ACC,26,0.072716
5,DLS-ACC,expert,ACC,27,0.063837
5,DLS-ACC,expert,ACC,28,0.168551
5,DLS-ACC,expert,ACC,29,0.03523
5,DLS-ACC,expert,ACC,30,0.105075
5,DLS-ACC,expert,ACC,31,0.111412
5,DLS-ACC,expert,ACC,32,0.234627
5,DLS-ACC,expert,ACC,33,0.01819
5,DLS-ACC,expert,ACC,34,0.058424
5,DLS-ACC,expert,ACC,35,0.138037
5,DLS-ACC,expert,ACC,36,0.102283
5,DLS-ACC,expert,ACC,37,0.056869
5,DLS-ACC,expert,ACC,38,0.57945
5,DLS-ACC,expert,ACC,39,0.155274
5,DLS-ACC,expert,ACC,40,0.037165
5,DLS-ACC,expert,ACC,41,0.089143
5,DLS-ACC,expert,ACC,42,0.096845
5,DLS-ACC,expert,ACC,43,0.121888
5,DLS-ACC,expert,ACC,44,0.099749
5,DLS-ACC,expert,ACC,45,0.143647
5,DLS-ACC,expert,ACC,46,0.096448
5,DLS-ACC,expert,ACC,47,0.07919
5,DLS-ACC,expert,ACC,48,0.106879
5,DLS-ACC,expert,ACC,49,0.049848
5,DLS-ACC,expert,ACC,50,0.200921
5,DLS-ACC,expert,ACC,51,0.145646
5,DLS-ACC,expert,ACC,52,0.080434
5,DLS-ACC,expert,ACC,53,0.145645
5,DLS-ACC,expert,ACC,54,0.13784
5,DLS-ACC,expert,ACC,55,0.062125
5,DLS-ACC,expert,ACC,56,0.091423
5,DLS-ACC,expert,ACC,57,0.093866
5,DLS-ACC,expert,ACC,58,0.502575
5,DLS-ACC,expert,ACC,59,0.094747
5,DLS-ACC,expert,ACC,60,0.106954
5,DLS-ACC,expert,ACC,61,0.165362
5,DLS-ACC,expert,ACC,62,0.126017
5,DLS-ACC,expert,ACC,63,0.188119
5,DLS-ACC,expert,ACC,64,0.107848
5,DLS-ACC,expert,ACC,65,0.096322
5,DLS-ACC,expert,ACC,66,0.03389
5,DLS-ACC,expert,ACC,67,0.134229
5,DLS-ACC,expert,ACC,68,0.22538
5,DLS-ACC,expert,ACC,69,0.090967
5,DLS-ACC,expert,ACC,70,0.375267
5,DLS-ACC,expert,ACC,71,0.346685
5,DLS-ACC,expert,ACC,72,0.201929
5,DLS-ACC,expert,ACC,73,0.065826
5,DLS-ACC,expert,ACC,74,0.084608
5,DLS-ACC,expert,ACC,75,0.355179
5,DLS-ACC,expert,ACC,76,0.11546
5,DLS-ACC,expert,ACC,77,0.247849
5,DLS-ACC,expert,ACC,78,0.509727
5,DLS-ACC,expert,ACC,79,0.093559
5,DLS-ACC,expert,ACC,80,0.102624
5,DLS-ACC,expert,ACC,81,0.080497
5,DLS-ACC,expert,ACC,82,0.058296
5,DLS-ACC,expert,ACC,83,0.545876
5,DLS-ACC,expert,ACC,84,0.412927
5,DLS-ACC,expert,ACC,85,0.106023
5,DLS-ACC,expert,ACC,86,0.457623
5,DLS-ACC,expert,ACC,87,0.145718
5,DLS-ACC,expert,ACC,88,0.508588
5,DLS-ACC,expert,ACC,89,0.501264
5,DLS-ACC,expert,ACC,90,0.027379
5,DLS-ACC,expert,ACC,91,0.152046
5,DLS-ACC,expert,ACC,92,0.172744
5,DLS-ACC,expert,ACC,93,0.055271
5,DLS-ACC,expert,ACC,94,0.052197
5,DLS-ACC,expert,ACC,95,0.27309
5,DLS-ACC,expert,ACC,96,0.0
5,DLS-ACC,expert,ACC,97,0.126546
5,DLS-ACC,expert,ACC,98,0.106861
5,DLS-ACC,expert,ACC,99,0.349752
5,DLS-ACC,expert,ACC,100,0.556625
5,DLS-ACC,expert,ACC,101,0.04589
5,DLS-ACC,expert,ACC,102,0.318888
5,DLS-ACC,expert,ACC,103,0.102864
5,DLS-ACC,expert,ACC,104,0.047418
5,DLS-ACC,expert,ACC,105,0.024164
5,DLS-ACC,expert,ACC,106,0.0644
5,DLS-ACC,expert,ACC,107,0.036178
5,DLS-ACC,expert,ACC,108,0.086483
5,DLS-ACC,expert,ACC,109,0.036574
5,DLS-ACC,expert,ACC,110,0.0
5,DLS-ACC,expert,ACC,111,0.018752
5,DLS-ACC,expert,ACC,112,0.0
5,DLS-ACC,expert,ACC,113,0.322149
5,DLS-ACC,expert,ACC,114,0.04767
5,DLS-ACC,expert,ACC,115,0.010761
5,DLS-ACC,expert,ACC,116,0.095662
5,DLS-ACC,expert,ACC,117,0.036639
5,DLS-ACC,expert,ACC,118,0.061048
5,DLS-ACC,expert,ACC,119,0.511867
5,DLS-ACC,expert,ACC,120,0.124791
5,DLS-ACC,expert,ACC,121,0.575868
5,DLS-ACC,expert,ACC,122,0.568779
5,DLS-ACC,expert,ACC,123,0.644207
5,DLS-ACC,expert,ACC,124,0.051631
5,DLS-ACC,expert,ACC,125,0.048504
5,DLS-ACC,expert,ACC,126,0.116371
5,DLS-ACC,expert,ACC,127,0.215362
5,DLS-ACC,expert,ACC,128,0.0
5,DLS-ACC,expert,ACC,129,0.011552
5,DLS-ACC,expert,ACC,130,0.155379
5,DLS-ACC,expert,ACC,131,0.05668
5,DLS-ACC,expert,ACC,132,0.08553
5,DLS-ACC,expert,ACC,133,0.047405
5,DLS-ACC,expert,ACC,134,0.078837
5,DLS-ACC,expert,ACC,135,0.217373
5,DLS-ACC,expert,ACC,136,0.16835
5,DLS-ACC,expert,ACC,137,0.198514
5,DLS-ACC,expert,ACC,138,0.152132
5,DLS-ACC,expert,ACC,139,0.553466
5,DLS-ACC,expert,ACC,140,0.104331
5,DLS-ACC,expert,ACC,141,0.197579
5,DLS-ACC,expert,ACC,142,0.232235
5,DLS-ACC,expert,ACC,143,0.155582
5,DLS-ACC,expert,ACC,144,0.007052
5,DLS-ACC,expert,ACC,145,0.556759
5,DLS-ACC,expert,ACC,146,0.12572
5,DLS-ACC,expert,ACC,147,0.114682
5,DLS-ACC,expert,ACC,148,0.020393
5,DLS-ACC,expert,ACC,149,0.024869
5,DLS-ACC,expert,ACC,150,0.121816
5,DLS-ACC,expert,ACC,151,0.020017
5,DLS-ACC,expert,ACC,152,0.098095
5,DLS-ACC,expert,ACC,153,0.024695
5,DLS-ACC,expert,ACC,154,0.086816
5,DLS-ACC,expert,ACC,155,0.028601
5,DLS-ACC,expert,ACC,156,0.040567
5,DLS-ACC,expert,ACC,157,0.067781
5,DLS-ACC,expert,ACC,158,0.485425
5,DLS-ACC,expert,ACC,159,0.115659
5,DLS-ACC,expert,ACC,160,0.145049
5,DLS-ACC,expert,ACC,161,0.057367
5,DLS-ACC,expert,ACC,162,0.16771
5,DLS-ACC,expert,ACC,163,0.066833
5,DLS-ACC,expert,ACC,164,0.016811
5,DLS-ACC,expert,ACC,165,0.56154
5,DLS-ACC,expert,ACC,166,0.632013
5,DLS-ACC,expert,ACC,167,0.133147
5,DLS-ACC,expert,ACC,168,0.023889
5,DLS-ACC,expert,ACC,169,0.054436
5,DLS-ACC,expert,ACC,170,0.15987
5,DLS-ACC,expert,ACC,171,0.114698
5,DLS-ACC,expert,ACC,172,0.049563
5,DLS-ACC,expert,ACC,173,0.575318
5,DLS-ACC,expert,ACC,174,0.070191
6,DMS-ACC,naive,DMS,0,0.95734
6,DMS-ACC,naive,DMS,1,0.517144
6,DMS-ACC,naive,DMS,2,0.586376
6,DMS-ACC,naive,DMS,3,0.906867
6,DMS-ACC,naive,DMS,4,0.536546
6,DMS-ACC,naive,ACC,0,0.852722
6,DMS-ACC,naive,ACC,1,0.794546
6,DMS-ACC,naive,ACC,2,1.313368
6,DMS-ACC,naive,ACC,3,5.694182
6,DMS-ACC,naive,ACC,4,1.480055
6,DMS-ACC,intermediate,DMS,0,1.042627
6,DMS-ACC,intermediate,DMS,1,0.0
6,DMS-ACC,intermediate,DMS,2,1.330547
6,DMS-ACC,intermediate,DMS,3,1.034423
6,DMS-ACC,intermediate,DMS,4,2.070954
6,DMS-ACC,intermediate,ACC,0,1.016433
6,DMS-ACC,intermediate,ACC,1,1.047634
6,DMS-ACC,intermediate,ACC,2,0.604428
6,DMS-ACC,intermediate,ACC,3,0.800725
6,DMS-ACC,intermediate,ACC,4,0.695129
6,DMS-ACC,expert,DMS,0,1.165529
6,DMS-ACC,expert,DMS,1,0.0
6,DMS-ACC,expert,DMS,2,1.521814
6,DMS-ACC,expert,DMS,3,0.879577
6,DMS-ACC,expert,DMS,4,1.368517
6,DMS-ACC,expert,ACC,0,0.289167
6,DMS-ACC,expert,ACC,1,1.01877
6,DMS-ACC,expert,ACC,2,0.877873
6,DMS-ACC,expert,ACC,3,0.828063
6,DMS-ACC,expert,ACC,4,2.898025
7,DMS-ACC,naive,DMS,0,1.166261
7,DMS-ACC,naive,DMS,1,0.863355
7,DMS-ACC,naive,DMS,2,0.655209
7,DMS-ACC,naive,DMS,3,0.787915
7,DMS-ACC,naive,DMS,4,0.822775
7,DMS-ACC,naive,DMS,5,1.095303
7,DMS-ACC,naive,DMS,6,1.304667
7,DMS-ACC,naive,DMS,7,1.638889
7,DMS-ACC,naive,DMS,8,8.132881
7,DMS-ACC,naive,DMS,9,2.053425
7,DMS-ACC,naive,DMS,10,1.358554
7,DMS-ACC,naive,DMS,11,0.794209
7,DMS-ACC,naive,DMS,12,1.079279
7,DMS-ACC,naive,ACC,0,0.592441
7,DMS-ACC,naive,ACC,1,0.441073
7,DMS-ACC,naive,ACC,2,0.536302
7,DMS-ACC,naive,ACC,3,0.007692
7,DMS-ACC,naive,ACC,4,0.618979
7,DMS-ACC,naive,ACC,5,0.073517
7,DMS-ACC,naive,ACC,6,0.35422
7,DMS-ACC,naive,ACC,7,0.314071
7,DMS-ACC,naive,ACC,8,0.338874
7,DMS-ACC,naive,ACC,9,0.619002
7,DMS-ACC,naive,ACC,10,0.325357
7,DMS-ACC,naive,ACC,11,0.484646
7,DMS-ACC,naive,ACC,12,0.313679
7,DMS-ACC,naive,ACC,13,0.102505
7,DMS-ACC,naive,ACC,14,0.040085
7,DMS-ACC,naive,ACC,15,0.178925
7,DMS-ACC,naive,ACC,16,0.308768
7,DMS-ACC,naive,ACC,17,0.618839
7,DMS-ACC,naive,ACC,18,0.198368
7,DMS-ACC,naive,ACC,19,0.123687
7,DMS-ACC,naive,ACC,20,0.040309
7,DMS-ACC,naive,ACC,21,0.392904
7,DMS-ACC,naive,ACC,22,0.405872
7,DMS-ACC,naive,ACC,23,0.217088
7,DMS-ACC,naive,ACC,24,0.287379
7,DMS-ACC,naive,ACC,25,0.42719
7,DMS-ACC,naive,ACC,26,0.13668
7,DMS-ACC,naive,ACC,27,0.019285
7,DMS-ACC,naive,ACC,28,0.130942
7,DMS-ACC,naive,ACC,29,0.083634
7,DMS-ACC,naive,ACC,30,0.598757
7,DMS-ACC,naive,ACC,31,0.005221
7,DMS-ACC,naive,ACC,32,0.044753
7,DMS-ACC,naive,ACC,33,0.005739
7,DMS-ACC,naive,ACC,34,0.056767
7,DMS-ACC,naive,ACC,35,0.016758
7,DMS-ACC,naive,ACC,36,0.630387
7,DMS-ACC,naive,ACC,37,0.057629
7,DMS-ACC,naive,ACC,38,0.013331
7,DMS-ACC,naive,ACC,39,0.082968
7,DMS-ACC,naive,ACC,40,0.090002
7,DMS-ACC,naive,ACC,41,0.478244
7,DMS-ACC,naive,ACC,42,0.050603
7,DMS-ACC,naive,ACC,43,0.065355
7,DMS-ACC,naive,ACC,44,0.003828
7,DMS-ACC,naive,ACC,45,0.012125
7,DMS-ACC,naive,ACC,46,0.652101
7,DMS-ACC,naive,ACC,47,0.005492
7,DMS-ACC,naive,ACC,48,0.05865
7,DMS-ACC,naive,ACC,49,0.416377
7,DMS-ACC,naive,ACC,50,0.030714
7,DMS-ACC,naive,ACC,51,0.004974
7,DMS-ACC,naive,ACC,52,0.641627
7,DMS-ACC,naive,ACC,53,0.545701
7,DMS-ACC,naive,ACC,54,0.168525
7,DMS-ACC,naive,ACC,55,0.652419
7,DMS-ACC,naive,ACC,56,0.003631
7,DMS-ACC,naive,ACC,57,0.470676
7,DMS-ACC,naive,ACC,58,0.447855
7,DMS-ACC,naive,ACC,59,0.007472
7,DMS-ACC,naive,ACC,60,0.692493
7,DMS-ACC,naive,ACC,61,0.016821
7,DMS-ACC,intermediate,DMS,0,1.350728
7,DMS-ACC,intermediate,DMS,1,0.909575
7,DMS-ACC,intermediate,DMS,2,0.833064
7,DMS-ACC,intermediate,DMS,3,0.987016
7,DMS-ACC,intermediate,DMS,4,1.358319
7,DMS-ACC,intermediate,DMS,5,1.235893
7,DMS-ACC,intermediate,DMS,6,1.326732
7,DMS-ACC,intermediate,DMS,7,1.911243
7,DMS-ACC,intermediate,DMS,8,1.527194
7,DMS-ACC,intermediate,DMS,9,1.556308
7,DMS-ACC,intermediate,DMS,10,1.829047
7,DMS-ACC,intermediate,DMS,11,0.884901
7,DMS-ACC,intermediate,DMS,12,1.025947
7,DMS-ACC,intermediate,ACC,0,0.534604
7,DMS-ACC,intermediate,ACC,1,0.25743
7,DMS-ACC,intermediate,ACC,2,0.196309
7,DMS-ACC,intermediate,ACC,3,0.026812
7,DMS-ACC,intermediate,ACC,4,0.431696
7,DMS-ACC,intermediate,ACC,5,0.187781
7,DMS-ACC,intermediate,ACC,6,0.132642
7,DMS-ACC,intermediate,ACC,7,0.343249
7,DMS-ACC,intermediate,ACC,8,0.573896
7,DMS-ACC,intermediate,ACC,9,0.198205
7,DMS-ACC,intermediate,ACC,10,0.515011
7,DMS-ACC,intermediate,ACC,11,0.280735
7,DMS-ACC,intermediate,ACC,12,0.321728
7,DMS-ACC,intermediate,ACC,13,0.553316
7,DMS-ACC,intermediate,ACC,14,0.193593
7,DMS-ACC,intermediate,ACC,15,0.464672
7,DMS-ACC,intermediate,ACC,16,0.282974
7,DMS-ACC,intermediate,ACC,17,0.34651
7,DMS-ACC,intermediate,ACC,18,0.480066
7,DMS-ACC,intermediate,ACC,19,0.666469
7,DMS-ACC,intermediate,ACC,20,0.050023
7,DMS-ACC,intermediate,ACC,21,0.35654
7,DMS-ACC,intermediate,ACC,22,0.154152
7,DMS-ACC,intermediate,ACC,23,0.420917
7,DMS-ACC,intermediate,ACC,24,0.379275
7,DMS-ACC,intermediate,ACC,25,0.143895
7,DMS-ACC,intermediate,ACC,26,0.340611
7,DMS-ACC,intermediate,ACC,27,0.136967
7,DMS-ACC,intermediate,ACC,28,0.105686
7,DMS-ACC,intermediate,ACC,29,0.647152
7,DMS-ACC,intermediate,ACC,30,0.596592
7,DMS-ACC,intermediate,ACC,31,0.148662
7,DMS-ACC,intermediate,ACC,32,0.630843
7,DMS-ACC,intermediate,ACC,33,0.762402
7,DMS-ACC,intermediate,ACC,34,0.564462
7,DMS-ACC,intermediate,ACC,35,0.219583
7,DMS-ACC,intermediate,ACC,36,0.554741
7,DMS-ACC,intermediate,ACC,37,0.186279
7,DMS-ACC,intermediate,ACC,38,0.024012
7,DMS-ACC,intermediate,ACC,39,0.623
7,DMS-ACC,intermediate,ACC,40,0.293962
7,DMS-ACC,intermediate,ACC,41,0.573122
7,DMS-ACC,intermediate,ACC,42,0.083192
7,DMS-ACC,intermediate,ACC,43,0.170538
7,DMS-ACC,intermediate,ACC,44,0.011676
7,DMS-ACC,intermediate,ACC,45,0.562298
7,DMS-ACC,intermediate,ACC,46,0.593789
7,DMS-ACC,intermediate,ACC,47,0.058339
7,DMS-ACC,intermediate,ACC,48,0.029178
7,DMS-ACC,intermediate,ACC,49,0.126992
7,DMS-ACC,intermediate,ACC,50,0.033408
7,DMS-ACC,intermediate,ACC,51,0.72377
7,DMS-ACC,intermediate,ACC,52,0.199389
7,DMS-ACC,intermediate,ACC,53,0.31339
7,DMS-ACC,intermediate,ACC,54,0.679725
7,DMS-ACC,intermediate,ACC,55,0.237135
7,DMS-ACC,intermediate,ACC,56,0.503465
7,DMS-ACC,intermediate,ACC,57,0.502702
7,DMS-ACC,intermediate,ACC,58,0.327697
7,DMS-ACC,intermediate,ACC,59,0.10106
7,DMS-ACC,intermediate,ACC,60,0.545544
7,DMS-ACC,intermediate,ACC,61,0.043383
7,DMS-ACC,expert,DMS,0,0.782647
7,DMS-ACC,expert,DMS,1,1.23447
7,DMS-ACC,expert,DMS,2,1.111556
7,DMS-ACC,expert,DMS,3,0.940674
7,DMS-ACC,expert,DMS,4,0.745004
7,DMS-ACC,expert,DMS,5,1.40244
7,DMS-ACC,expert,DMS,6,1.297571
7,DMS-ACC,expert,DMS,7,0.876724
7,DMS-ACC,expert,DMS,8,0.751576
7,DMS-ACC,expert,DMS,9,1.034521
7,DMS-ACC,expert,DMS,10,1.683857
7,DMS-ACC,expert,DMS,11,0.952059
7,DMS-ACC,expert,DMS,12,1.092112
7,DMS-ACC,expert,ACC,0,0.218374
7,DMS-ACC,expert,ACC,1,0.162592
7,DMS-ACC,expert,ACC,2,0.065914
7,DMS-ACC,expert,ACC,3,0.013883
7,DMS-ACC,expert,ACC,4,0.319942
7,DMS-ACC,expert,ACC,5,0.619532
7,DMS-ACC,expert,ACC,6,0.130095
7,DMS-ACC,expert,ACC,7,0.296841
7,DMS-ACC,expert,ACC,8,0.551661
7,DMS-ACC,expert,ACC,9,0.152592
7,DMS-ACC,expert,ACC,10,0.362899
7,DMS-ACC,expert,ACC,11,0.388804
7,DMS-ACC,expert,ACC,12,0.284998
7,DMS-ACC,expert,ACC,13,0.595958
7,DMS-ACC,expert,ACC,14,0.197763
7,DMS-ACC,expert,ACC,15,0.600336
7,DMS-ACC,expert,ACC,16,0.333796
7,DMS-ACC,expert,ACC,17,0.465601
7,DMS-ACC,expert,ACC,18,0.493577
7,DMS-ACC,expert,ACC,19,0.517352
7,DMS-ACC,expert,ACC,20,0.186548
7,DMS-ACC,expert,ACC,21,0.34079
7,DMS-ACC,expert,ACC,22,0.160113
7,DMS-ACC,expert,ACC,23,0.327947
7,DMS-ACC,expert,ACC,24,0.202994
7,DMS-ACC,expert,ACC,25,0.323763
7,DMS-ACC,expert,ACC,26,0.531639
7,DMS-ACC,expert,ACC,27,0.046688
7,DMS-ACC,expert,ACC,28,0.409609
7,DMS-ACC,expert,ACC,29,0.53304
7,DMS-ACC,expert,ACC,30,0.014749
7,DMS-ACC,expert,ACC,31,0.62051
7,DMS-ACC,expert,ACC,32,0.484214
7,DMS-ACC,expert,ACC,33,0.529023
7,DMS-ACC,expert,ACC,34,0.660158
7,DMS-ACC,expert,ACC,35,0.524292
7,DMS-ACC,expert,ACC,36,0.17469
7,DMS-ACC,expert,ACC,37,0.059598
7,DMS-ACC,expert,ACC,38,0.65811
7,DMS-ACC,expert,ACC,39,0.482898
7,DMS-ACC,expert,ACC,40,0.604424
7,DMS-ACC,expert,ACC,41,0.055829
7,DMS-ACC,expert,ACC,42,0.11518
7,DMS-ACC,expert,ACC,43,0.384346
7,DMS-ACC,expert,ACC,44,0.03067
7,DMS-ACC,expert,ACC,45,0.64333
7,DMS-ACC,expert,ACC,46,0.013787
7,DMS-ACC,expert,ACC,47,0.652264
7,DMS-ACC,expert,ACC,48,0.12052
7,DMS-ACC,expert,ACC,49,0.062771
7,DMS-ACC,expert,ACC,50,0.019684
7,DMS-ACC,expert,ACC,51,0.524382
7,DMS-ACC,expert,ACC,52,0.412468
7,DMS-ACC,expert,ACC,53,0.212379
7,DMS-ACC,expert,ACC,54,0.495015
7,DMS-ACC,expert,ACC,55,0.120825
7,DMS-ACC,expert,ACC,56,0.538536
7,DMS-ACC,expert,ACC,57,0.11916
7,DMS-ACC,expert,ACC,58,0.102346
7,DMS-ACC,expert,ACC,59,0.670404
7,DMS-ACC,expert,ACC,60,0.031569
7,DMS-ACC,expert,ACC,61,0.058771
9,DMS-ACC,naive,DMS,0,1.358504
9,DMS-ACC,naive,DMS,1,1.28441
9,DMS-ACC,naive,DMS,2,1.35443
9,DMS-ACC,naive,DMS,3,0.009077
9,DMS-ACC,naive,DMS,4,0.04186
9,DMS-ACC,naive,DMS,5,0.07096
9,DMS-ACC,naive,DMS,6,0.49511
9,DMS-ACC,naive,DMS,7,0.84396
9,DMS-ACC,naive,DMS,8,1.136167
9,DMS-ACC,naive,DMS,9,1.097643
9,DMS-ACC,naive,DMS,10,0.607441
9,DMS-ACC,naive,DMS,11,0.06851
9,DMS-ACC,naive,DMS,12,0.566744
9,DMS-ACC,naive,DMS,13,1.036602
9,DMS-ACC,naive,DMS,14,0.64905
9,DMS-ACC,naive,DMS,15,1.050584
9,DMS-ACC,naive,DMS,16,0.017586
9,DMS-ACC,naive,DMS,17,0.834256
9,DMS-ACC,naive,DMS,18,0.874849
9,DMS-ACC,naive,DMS,19,1.063724
9,DMS-ACC,naive,DMS,20,1.388072
9,DMS-ACC,naive,DMS,21,1.029705
9,DMS-ACC,naive,DMS,22,0.926643
9,DMS-ACC,naive,DMS,23,0.043049
9,DMS-ACC,naive,DMS,24,0.130327
9,DMS-ACC,naive,DMS,25,0.0
9,DMS-ACC,naive,DMS,26,0.744651
9,DMS-ACC,naive,DMS,27,0.701128
9,DMS-ACC,naive,ACC,0,0.746994
9,DMS-ACC,naive,ACC,1,0.786433
9,DMS-ACC,naive,ACC,2,0.020291
9,DMS-ACC,naive,ACC,3,0.691307
9,DMS-ACC,naive,ACC,4,0.79815
9,DMS-ACC,naive,ACC,5,0.059592
9,DMS-ACC,naive,ACC,6,0.882718
9,DMS-ACC,naive,ACC,7,0.723678
9,DMS-ACC,naive,ACC,8,0.541742
9,DMS-ACC,naive,ACC,9,0.078922
9,DMS-ACC,naive,ACC,10,0.576105
9,DMS-ACC,naive,ACC,11,0.601087
9,DMS-ACC,naive,ACC,12,0.022114
9,DMS-ACC,naive,ACC,13,0.43757
9,DMS-ACC,naive,ACC,14,0.514431
9,DMS-ACC,naive,ACC,15,0.113342
9,DMS-ACC,naive,ACC,16,0.612714
9,DMS-ACC,naive,ACC,17,0.137417
9,DMS-ACC,naive,ACC,18,0.311325
9,DMS-ACC,naive,ACC,19,0.515313
9,DMS-ACC,naive,ACC,20,0.262216
9,DMS-ACC,naive,ACC,21,0.753756
9,DMS-ACC,naive,ACC,22,0.280194
9,DMS-ACC,naive,ACC,23,0.468602
9,DMS-ACC,naive,ACC,24,0.861277
9,DMS-ACC,naive,ACC,25,0.079565
9,DMS-ACC,naive,ACC,26,0.029569
9,DMS-ACC,naive,ACC,27,0.899522
9,DMS-ACC,naive,ACC,28,0.14557
9,DMS-ACC,naive,ACC,29,0.036781
9,DMS-ACC,naive,ACC,30,0.587528
9,DMS-ACC,naive,ACC,31,0.755368
9,DMS-ACC,naive,ACC,32,0.862873
9,DMS-ACC,naive,ACC,33,0.182383
9,DMS-ACC,intermediate,DMS,0,1.31829
9,DMS-ACC,intermediate,DMS,1,0.006644
9,DMS-ACC,intermediate,DMS,2,0.035897
9,DMS-ACC,intermediate,DMS,3,1.208327
9,DMS-ACC,intermediate,DMS,4,0.683357
9,DMS-ACC,intermediate,DMS,5,1.029818
9,DMS-ACC,intermediate,DMS,6,0.096375
9,DMS-ACC,intermediate,DMS,7,0.947155
9,DMS-ACC,intermediate,DMS,8,1.205515
9,DMS-ACC,intermediate,DMS,9,0.070684
9,DMS-ACC,intermediate,DMS,10,0.275501
9,DMS-ACC,intermediate,DMS,11,0.025779
9,DMS-ACC,intermediate,DMS,12,1.040309
9,DMS-ACC,intermediate,DMS,13,1.218276
9,DMS-ACC,intermediate,DMS,14,0.773491
9,DMS-ACC,intermediate,DMS,15,0.983121
9,DMS-ACC,intermediate,DMS,16,0.802929
9,DMS-ACC,intermediate,DMS,17,0.569949
9,DMS-ACC,intermediate,DMS,18,0.992464
9,DMS-ACC,intermediate,DMS,19,1.074004
9,DMS-ACC,intermediate,DMS,20,0.278302
9,DMS-ACC,intermediate,DMS,21,1.344004
9,DMS-ACC,intermediate,DMS,22,0.942951
9,DMS-ACC,intermediate,DMS,23,0.954536
9,DMS-ACC,intermediate,DMS,24,0.739948
9,DMS-ACC,intermediate,DMS,25,1.190349
9,DMS-ACC,intermediate,DMS,26,1.188468
9,DMS-ACC,intermediate,DMS,27,1.011221
9,DMS-ACC,intermediate,ACC,0,0.984189
9,DMS-ACC,intermediate,ACC,1,0.718801
9,DMS-ACC,intermediate,ACC,2,0.021246
9,DMS-ACC,intermediate,ACC,3,0.984257
9,DMS-ACC,intermediate,ACC,4,0.820122
9,DMS-ACC,intermediate,ACC,5,0.697508
9,DMS-ACC,intermediate,ACC,6,0.727635
9,DMS-ACC,intermediate,ACC,7,0.954553
9,DMS-ACC,intermediate,ACC,8,0.819566
9,DMS-ACC,intermediate,ACC,9,0.345076
9,DMS-ACC,intermediate,ACC,10,0.732781
9,DMS-ACC,intermediate,ACC,11,0.820171
9,DMS-ACC,intermediate,ACC,12,0.1392
9,DMS-ACC,intermediate,ACC,13,0.561346
9,DMS-ACC,intermediate,ACC,14,0.91764
9,DMS-ACC,intermediate,ACC,15,0.853292
9,DMS-ACC,intermediate,ACC,16,0.951109
9,DMS-ACC,intermediate,ACC,17,0.043733
9,DMS-ACC,intermediate,ACC,18,0.036374
9,DMS-ACC,intermediate,ACC,19,0.289625
9,DMS-ACC,intermediate,ACC,20,0.903958
9,DMS-ACC,intermediate,ACC,21,0.29076
9,DMS-ACC,intermediate,ACC,22,0.600376
9,DMS-ACC,intermediate,ACC,23,0.074605
9,DMS-ACC,intermediate,ACC,24,0.892271
9,DMS-ACC,intermediate,ACC,25,0.048567
9,DMS-ACC,intermediate,ACC,26,0.037232
9,DMS-ACC,intermediate,ACC,27,0.923026
9,DMS-ACC,intermediate,ACC,28,0.799317
9,DMS-ACC,intermediate,ACC,29,0.084743
9,DMS-ACC,intermediate,ACC,30,0.85084
9,DMS-ACC,intermediate,ACC,31,0.848297
9,DMS-ACC,intermediate,ACC,32,0.950358
9,DMS-ACC,intermediate,ACC,33,0.923959
9,DMS-ACC,expert,DMS,0,0.044212
9,DMS-ACC,expert,DMS,1,0.126221
9,DMS-ACC,expert,DMS,2,0.057988
9,DMS-ACC,expert,DMS,3,0.981011
9,DMS-ACC,expert,DMS,4,0.653451
9,DMS-ACC,expert,DMS,5,1.39244
9,DMS-ACC,expert,DMS,6,1.193691
9,DMS-ACC,expert,DMS,7,1.037234
9,DMS-ACC,expert,DMS,8,1.219813
9,DMS-ACC,expert,DMS,9,0.073811
9,DMS-ACC,expert,DMS,10,1.220729
9,DMS-ACC,expert,DMS,11,0.583716
9,DMS-ACC,expert,DMS,12,1.469136
9,DMS-ACC,expert,DMS,13,1.13277
9,DMS-ACC,expert,DMS,14,1.021087
9,DMS-ACC,expert,DMS,15,1.002613
9,DMS-ACC,expert,DMS,16,1.317782
9,DMS-ACC,expert,DMS,17,0.0
9,DMS-ACC,expert,DMS,18,1.009516
9,DMS-ACC,expert,DMS,19,1.067805
9,DMS-ACC,expert,DMS,20,1.510925
9,DMS-ACC,expert,DMS,21,0.120252
9,DMS-ACC,expert,DMS,22,1.061822
9,DMS-ACC,expert,DMS,23,0.013265
9,DMS-ACC,expert,DMS,24,0.798745
9,DMS-ACC,expert,DMS,25,1.207217
9,DMS-ACC,expert,DMS,26,0.954594
9,DMS-ACC,expert,DMS,27,1.324921
9,DMS-ACC,expert,ACC,0,0.556511
9,DMS-ACC,expert,ACC,1,0.798804
9,DMS-ACC,expert,ACC,2,0.007433
9,DMS-ACC,expert,ACC,3,1.033023
9,DMS-ACC,expert,ACC,4,0.906791
9,DMS-ACC,expert,ACC,5,0.97895
9,DMS-ACC,expert,ACC,6,0.702542
9,DMS-ACC,expert,ACC,7,0.90171
9,DMS-ACC,expert,ACC,8,0.073287
9,DMS-ACC,expert,ACC,9,0.396685
9,DMS-ACC,expert,ACC,10,0.897409
9,DMS-ACC,expert,ACC,11,0.967078
9,DMS-ACC,expert,ACC,12,0.47102
9,DMS-ACC,expert,ACC,13,1.002392
9,DMS-ACC,expert,ACC,14,0.175764
9,DMS-ACC,expert,ACC,15,0.833194
9,DMS-ACC,expert,ACC,16,0.424181
9,DMS-ACC,expert,ACC,17,0.037665
9,DMS-ACC,expert,ACC,18,0.015933
9,DMS-ACC,expert,ACC,19,0.125639
9,DMS-ACC,expert,ACC,20,0.996017
9,DMS-ACC,expert,ACC,21,0.845351
9,DMS-ACC,expert,ACC,22,0.762035
9,DMS-ACC,expert,ACC,23,0.816331
9,DMS-ACC,expert,ACC,24,0.966741
9,DMS-ACC,expert,ACC,25,0.038243
9,DMS-ACC,expert,ACC,26,0.096236
9,DMS-ACC,expert,ACC,27,0.973188
9,DMS-ACC,expert,ACC,28,0.869534
9,DMS-ACC,expert,ACC,29,0.800397
9,DMS-ACC,expert,ACC,30,0.807986
9,DMS-ACC,expert,ACC,31,0.839255
9,DMS-ACC,expert,ACC,32,0.927716
9,DMS-ACC,expert,ACC,33,1.006463
9,V1-DMS,naive,V1,0,0.983962
9,V1-DMS,naive,V1,1,0.954605
9,V1-DMS,naive,V1,2,0.209745
9,V1-DMS,naive,V1,3,0.576973
9,V1-DMS,naive,V1,4,0.845661
9,V1-DMS,naive,V1,5,0.522834
9,V1-DMS,naive,V1,6,0.975061
9,V1-DMS,naive,V1,7,0.50442
9,V1-DMS,naive,V1,8,0.645498
9,V1-DMS,naive,V1,9,0.425902
9,V1-DMS,naive,V1,10,0.553025
9,V1-DMS,naive,V1,11,0.529834
9,V1-DMS,naive,V1,12,0.636353
9,V1-DMS,naive,V1,13,0.839389
9,V1-DMS,naive,V1,14,0.786557
9,V1-DMS,naive,V1,15,0.41782
9,V1-DMS,naive,V1,16,0.491279
9,V1-DMS,naive,V1,17,0.574799
9,V1-DMS,naive,V1,18,0.601675
9,V1-DMS,naive,V1,19,0.751005
9,V1-DMS,naive,V1,20,1.020447
9,V1-DMS,naive,V1,21,0.757192
9,V1-DMS,naive,V1,22,0.578124
9,V1-DMS,naive,V1,23,0.504283
9,V1-DMS,naive,DMS,0,1.351618
9,V1-DMS,naive,DMS,1,1.287581
9,V1-DMS,naive,DMS,2,1.356965
9,V1-DMS,naive,DMS,3,0.009635
9,V1-DMS,naive,DMS,4,0.043523
9,V1-DMS,naive,DMS,5,0.068872
9,V1-DMS,naive,DMS,6,0.497111
9,V1-DMS,naive,DMS,7,0.84736
9,V1-DMS,naive,DMS,8,1.141032
9,V1-DMS,naive,DMS,9,1.102038
9,V1-DMS,naive,DMS,10,0.607776
9,V1-DMS,naive,DMS,11,0.074279
9,V1-DMS,naive,DMS,12,0.568613
9,V1-DMS,naive,DMS,13,1.042726
9,V1-DMS,naive,DMS,14,0.653972
9,V1-DMS,naive,DMS,15,1.057803
9,V1-DMS,naive,DMS,16,0.017225
9,V1-DMS,naive,DMS,17,0.836172
9,V1-DMS,naive,DMS,18,0.878989
9,V1-DMS,naive,DMS,19,1.067589
9,V1-DMS,naive,DMS,20,1.392849
9,V1-DMS,naive,DMS,21,1.032067
9,V1-DMS,naive,DMS,22,0.926488
9,V1-DMS,naive,DMS,23,0.048425
9,V1-DMS,naive,DMS,24,0.141253
9,V1-DMS,naive,DMS,25,0.0
9,V1-DMS,naive,DMS,26,0.747509
9,V1-DMS,naive,DMS,27,0.705484
9,V1-DMS,intermediate,V1,0,0.994796
9,V1-DMS,intermediate,V1,1,0.97074
9,V1-DMS,intermediate,V1,2,0.03721
9,V1-DMS,intermediate,V1,3,0.901236
9,V1-DMS,intermediate,V1,4,0.859954
9,V1-DMS,intermediate,V1,5,0.761613
9,V1-DMS,intermediate,V1,6,0.976286
9,V1-DMS,intermediate,V1,7,0.901768
9,V1-DMS,intermediate,V1,8,0.768491
9,V1-DMS,intermediate,V1,9,0.007576
9,V1-DMS,intermediate,V1,10,0.865368
9,V1-DMS,intermediate,V1,11,0.78628
9,V1-DMS,intermediate,V1,12,0.899023
9,V1-DMS,intermediate,V1,13,1.042885
9,V1-DMS,intermediate,V1,14,0.844679
9,V1-DMS,intermediate,V1,15,0.499375
9,V1-DMS,intermediate,V1,16,0.999134
9,V1-DMS,intermediate,V1,17,0.934725
9,V1-DMS,intermediate,V1,18,0.879591
9,V1-DMS,intermediate,V1,19,1.000532
9,V1-DMS,intermediate,V1,20,0.224312
9,V1-DMS,intermediate,V1,21,0.479185
9,V1-DMS,intermediate,V1,22,0.996627
9,V1-DMS,intermediate,V1,23,1.026065
9,V1-DMS,intermediate,DMS,0,1.319829
9,V1-DMS,intermediate,DMS,1,0.006871
9,V1-DMS,intermediate,DMS,2,0.037611
9,V1-DMS,intermediate,DMS,3,1.212598
9,V1-DMS,intermediate,DMS,4,0.68554
9,V1-DMS,intermediate,DMS,5,1.038043
9,V1-DMS,intermediate,DMS,6,0.134388
9,V1-DMS,intermediate,DMS,7,0.949783
9,V1-DMS,intermediate,DMS,8,1.20963
9,V1-DMS,intermediate,DMS,9,0.086865
9,V1-DMS,intermediate,DMS,10,0.479415
9,V1-DMS,intermediate,DMS,11,0.035997
9,V1-DMS,intermediate,DMS,12,1.348481
9,V1-DMS,intermediate,DMS,13,1.227967
9,V1-DMS,intermediate,DMS,14,0.779862
9,V1-DMS,intermediate,DMS,15,0.990524
9,V1-DMS,intermediate,DMS,16,0.804364
9,V1-DMS,intermediate,DMS,17,0.563335
9,V1-DMS,intermediate,DMS,18,0.996133
9,V1-DMS,intermediate,DMS,19,1.077683
9,V1-DMS,intermediate,DMS,20,0.099453
9,V1-DMS,intermediate,DMS,21,0.534157
9,V1-DMS,intermediate,DMS,22,0.943726
9,V1-DMS,intermediate,DMS,23,0.960594
9,V1-DMS,intermediate,DMS,24,0.739669
9,V1-DMS,intermediate,DMS,25,1.153261
9,V1-DMS,intermediate,DMS,26,1.189682
9,V1-DMS,intermediate,DMS,27,1.321672
9,V1-DMS,expert,V1,0,0.988462
9,V1-DMS,expert,V1,1,0.968886
9,V1-DMS,expert,V1,2,0.09897
9,V1-DMS,expert,V1,3,0.991616
9,V1-DMS,expert,V1,4,0.953973
9,V1-DMS,expert,V1,5,1.038944
9,V1-DMS,expert,V1,6,1.024611
9,V1-DMS,expert,V1,7,1.076812
9,V1-DMS,expert,V1,8,1.120525
9,V1-DMS,expert,V1,9,0.010641
9,V1-DMS,expert,V1,10,0.945049
9,V1-DMS,expert,V1,11,0.032769
9,V1-DMS,expert,V1,12,1.059942
9,V1-DMS,expert,V1,13,1.114127
9,V1-DMS,expert,V1,14,0.95441
9,V1-DMS,expert,V1,15,1.150182
9,V1-DMS,expert,V1,16,0.900228
9,V1-DMS,expert,V1,17,0.967385
9,V1-DMS,expert,V1,18,1.06693
9,V1-DMS,expert,V1,19,1.062263
9,V1-DMS,expert,V1,20,0.196186
9,V1-DMS,expert,V1,21,0.858704
9,V1-DMS,expert,V1,22,1.042835
9,V1-DMS,expert,V1,23,1.050038
9,V1-DMS,expert,DMS,0,0.046054
9,V1-DMS,expert,DMS,1,0.154837
9,V1-DMS,expert,DMS,2,0.130118
9,V1-DMS,expert,DMS,3,0.984524
9,V1-DMS,expert,DMS,4,0.659193
9,V1-DMS,expert,DMS,5,1.395716
9,V1-DMS,expert,DMS,6,1.188303
9,V1-DMS,expert,DMS,7,1.034664
9,V1-DMS,expert,DMS,8,1.224039
9,V1-DMS,expert,DMS,9,0.077393
9,V1-DMS,expert,DMS,10,1.216298
9,V1-DMS,expert,DMS,11,0.672146
9,V1-DMS,expert,DMS,12,1.444887
9,V1-DMS,expert,DMS,13,1.134915
9,V1-DMS,expert,DMS,14,1.019964
9,V1-DMS,expert,DMS,15,1.006083
9,V1-DMS,expert,DMS,16,1.31899
9,V1-DMS,expert,DMS,17,0.0
9,V1-DMS,expert,DMS,18,1.012375
9,V1-DMS,expert,DMS,19,1.068532
9,V1-DMS,expert,DMS,20,1.521857
9,V1-DMS,expert,DMS,21,0.148894
9,V1-DMS,expert,DMS,22,1.061155
9,V1-DMS,expert,DMS,23,0.016099
9,V1-DMS,expert,DMS,24,0.799117
9,V1-DMS,expert,DMS,25,1.15803
9,V1-DMS,expert,DMS,26,0.953979
9,V1-DMS,expert,DMS,27,1.29387
9,V1-ACC,naive,V1,0,0.982306
9,V1-ACC,naive,V1,1,0.95124
9,V1-ACC,naive,V1,2,0.193859
9,V1-ACC,naive,V1,3,0.572943
9,V1-ACC,naive,V1,4,0.846897
9,V1-ACC,naive,V1,5,0.523311
9,V1-ACC,naive,V1,6,0.974251
9,V1-ACC,naive,V1,7,0.500228
9,V1-ACC,naive,V1,8,0.643657
9,V1-ACC,naive,V1,9,0.424852
9,V1-ACC,naive,V1,10,0.554718
9,V1-ACC,naive,V1,11,0.528104
9,V1-ACC,naive,V1,12,0.635111
9,V1-ACC,naive,V1,13,0.83261
9,V1-ACC,naive,V1,14,0.784093
9,V1-ACC,naive,V1,15,0.388283
9,V1-ACC,naive,V1,16,0.491808
9,V1-ACC,naive,V1,17,0.566719
9,V1-ACC,naive,V1,18,0.60171
9,V1-ACC,naive,V1,19,0.761015
9,V1-ACC,naive,V1,20,1.013914
9,V1-ACC,naive,V1,21,0.753433
9,V1-ACC,naive,V1,22,0.57827
9,V1-ACC,naive,V1,23,0.515938
9,V1-ACC,naive,ACC,0,0.74937
9,V1-ACC,naive,ACC,1,0.788617
9,V1-ACC,naive,ACC,2,0.021224
9,V1-ACC,naive,ACC,3,0.690339
9,V1-ACC,naive,ACC,4,0.796667
9,V1-ACC,naive,ACC,5,0.058556
9,V1-ACC,naive,ACC,6,0.882268
9,V1-ACC,naive,ACC,7,0.723503
9,V1-ACC,naive,ACC,8,0.542475
9,V1-ACC,naive,ACC,9,0.082446
9,V1-ACC,naive,ACC,10,0.5785
9,V1-ACC,naive,ACC,11,0.59751
9,V1-ACC,naive,ACC,12,0.021416
9,V1-ACC,naive,ACC,13,0.437938
9,V1-ACC,naive,ACC,14,0.513812
9,V1-ACC,naive,ACC,15,0.118855
9,V1-ACC,naive,ACC,16,0.614296
9,V1-ACC,naive,ACC,17,0.12921
9,V1-ACC,naive,ACC,18,0.287433
9,V1-ACC,naive,ACC,19,0.518008
9,V1-ACC,naive,ACC,20,0.26051
9,V1-ACC,naive,ACC,21,0.756646
9,V1-ACC,naive,ACC,22,0.278389
9,V1-ACC,naive,ACC,23,0.468941
9,V1-ACC,naive,ACC,24,0.864292
9,V1-ACC,naive,ACC,25,0.080554
9,V1-ACC,naive,ACC,26,0.029083
9,V1-ACC,naive,ACC,27,0.901126
9,V1-ACC,naive,ACC,28,0.157477
9,V1-ACC,naive,ACC,29,0.034379
9,V1-ACC,naive,ACC,30,0.588814
9,V1-ACC,naive,ACC,31,0.755312
9,V1-ACC,naive,ACC,32,0.859759
9,V1-ACC,naive,ACC,33,0.182735
9,V1-ACC,intermediate,V1,0,0.990619
9,V1-ACC,intermediate,V1,1,0.970586
9,V1-ACC,intermediate,V1,2,0.036596
9,V1-ACC,intermediate,V1,3,0.895427
9,V1-ACC,intermediate,V1,4,0.860089
9,V1-ACC,intermediate,V1,5,0.760474
9,V1-ACC,intermediate,V1,6,0.975461
9,V1-ACC,intermediate,V1,7,0.90017
9,V1-ACC,intermediate,V1,8,0.765108
9,V1-ACC,intermediate,V1,9,0.008328
9,V1-ACC,intermediate,V1,10,0.859161
9,V1-ACC,intermediate,V1,11,0.797525
9,V1-ACC,intermediate,V1,12,0.898224
9,V1-ACC,intermediate,V1,13,1.040457
9,V1-ACC,intermediate,V1,14,0.84343
9,V1-ACC,intermediate,V1,15,0.544354
9,V1-ACC,intermediate,V1,16,0.999088
9,V1-ACC,intermediate,V1,17,0.931774
9,V1-ACC,intermediate,V1,18,0.878425
9,V1-ACC,intermediate,V1,19,0.984375
9,V1-ACC,intermediate,V1,20,0.230307
9,V1-ACC,intermediate,V1,21,0.477692
9,V1-ACC,intermediate,V1,22,0.994979
9,V1-ACC,intermediate,V1,23,1.008335
9,V1-ACC,intermediate,ACC,0,0.983607
9,V1-ACC,intermediate,ACC,1,0.719663
9,V1-ACC,intermediate,ACC,2,0.021276
9,V1-ACC,intermediate,ACC,3,0.986232
9,V1-ACC,intermediate,ACC,4,0.816568
9,V1-ACC,intermediate,ACC,5,0.704812
9,V1-ACC,intermediate,ACC,6,0.726964
9,V1-ACC,intermediate,ACC,7,0.955711
9,V1-ACC,intermediate,ACC,8,0.818606
9,V1-ACC,intermediate,ACC,9,0.346805
9,V1-ACC,intermediate,ACC,10,0.736238
9,V1-ACC,intermediate,ACC,11,0.817606
9,V1-ACC,intermediate,ACC,12,0.1424
9,V1-ACC,intermediate,ACC,13,0.585383
9,V1-ACC,intermediate,ACC,14,0.919434
9,V1-ACC,intermediate,ACC,15,0.856553
9,V1-ACC,intermediate,ACC,16,0.956977
9,V1-ACC,intermediate,ACC,17,0.039214
9,V1-ACC,intermediate,ACC,18,0.035889
9,V1-ACC,intermediate,ACC,19,0.302226
9,V1-ACC,intermediate,ACC,20,0.89533
9,V1-ACC,intermediate,ACC,21,0.298062
9,V1-ACC,intermediate,ACC,22,0.594605
9,V1-ACC,intermediate,ACC,23,0.073357
9,V1-ACC,intermediate,ACC,24,0.893231
9,V1-ACC,intermediate,ACC,25,0.048351
9,V1-ACC,intermediate,ACC,26,0.038753
9,V1-ACC,intermediate,ACC,27,0.921671
9,V1-ACC,intermediate,ACC,28,0.798058
9,V1-ACC,intermediate,ACC,29,0.083437
9,V1-ACC,intermediate,ACC,30,0.850031
9,V1-ACC,intermediate,ACC,31,0.849231
9,V1-ACC,intermediate,ACC,32,0.947867
9,V1-ACC,intermediate,ACC,33,0.923926
9,V1-ACC,expert,V1,0,0.984511
9,V1-ACC,expert,V1,1,0.968035
9,V1-ACC,expert,V1,2,0.108373
9,V1-ACC,expert,V1,3,0.981605
9,V1-ACC,expert,V1,4,0.953352
9,V1-ACC,expert,V1,5,1.04051
9,V1-ACC,expert,V1,6,1.023308
9,V1-ACC,expert,V1,7,1.09635
9,V1-ACC,expert,V1,8,1.119279
9,V1-ACC,expert,V1,9,0.010474
9,V1-ACC,expert,V1,10,0.941532
9,V1-ACC,expert,V1,11,0.034684
9,V1-ACC,expert,V1,12,1.058197
9,V1-ACC,expert,V1,13,1.108484
9,V1-ACC,expert,V1,14,0.954256
9,V1-ACC,expert,V1,15,1.145863
9,V1-ACC,expert,V1,16,0.891931
9,V1-ACC,expert,V1,17,0.964678
9,V1-ACC,expert,V1,18,1.064821
9,V1-ACC,expert,V1,19,1.061407
9,V1-ACC,expert,V1,20,0.217315
9,V1-ACC,expert,V1,21,0.913845
9,V1-ACC,expert,V1,22,1.077173
9,V1-ACC,expert,V1,23,1.047739
9,V1-ACC,expert,ACC,0,0.546274
9,V1-ACC,expert,ACC,1,0.816574
9,V1-ACC,expert,ACC,2,0.006879
9,V1-ACC,expert,ACC,3,1.029169
9,V1-ACC,expert,ACC,4,0.879653
9,V1-ACC,expert,ACC,5,0.983848
9,V1-ACC,expert,ACC,6,0.701727
9,V1-ACC,expert,ACC,7,0.913762
9,V1-ACC,expert,ACC,8,0.089286
9,V1-ACC,expert,ACC,9,0.408696
9,V1-ACC,expert,ACC,10,0.836136
9,V1-ACC,expert,ACC,11,0.967721
9,V1-ACC,expert,ACC,12,0.460695
9,V1-ACC,expert,ACC,13,0.998708
9,V1-ACC,expert,ACC,14,0.184873
9,V1-ACC,expert,ACC,15,0.684604
9,V1-ACC,expert,ACC,16,0.311405
9,V1-ACC,expert,ACC,17,0.037745
9,V1-ACC,expert,ACC,18,0.016023
9,V1-ACC,expert,ACC,19,0.124297
9,V1-ACC,expert,ACC,20,1.007558
9,V1-ACC,expert,ACC,21,0.844624
9,V1-ACC,expert,ACC,22,0.77059
9,V1-ACC,expert,ACC,23,0.817624
9,V1-ACC,expert,ACC,24,0.967048
9,V1-ACC,expert,ACC,25,0.036571
9,V1-ACC,expert,ACC,26,0.109826
9,V1-ACC,expert,ACC,27,0.985088
9,V1-ACC,expert,ACC,28,0.867366
9,V1-ACC,expert,ACC,29,1.01172
9,V1-ACC,expert,ACC,30,0.807667
9,V1-ACC,expert,ACC,31,0.840373
9,V1-ACC,expert,ACC,32,0.922767
9,V1-ACC,expert,ACC,33,1.004506
10,DMS-DLS,naive,DMS,0,1.036476
10,DMS-DLS,naive,DMS,1,0.864382
10,DMS-DLS,naive,DMS,2,1.388992
10,DMS-DLS,naive,DMS,3,1.039138
10,DMS-DLS,naive,DMS,4,2.245126
10,DMS-DLS,naive,DMS,5,1.04165
10,DMS-DLS,naive,DMS,6,8.009417
10,DMS-DLS,naive,DMS,7,8.031035
10,DMS-DLS,naive,DMS,8,1.368442
10,DMS-DLS,naive,DMS,9,1.305962
10,DMS-DLS,naive,DMS,10,1.48118
10,DMS-DLS,naive,DMS,11,1.646522
10,DMS-DLS,naive,DMS,12,1.288358
10,DMS-DLS,naive,DMS,13,1.298193
10,DMS-DLS,naive,DMS,14,1.291332
10,DMS-DLS,naive,DMS,15,1.086448
10,DMS-DLS,naive,DMS,16,1.985598
10,DMS-DLS,naive,DMS,17,1.235601
10,DMS-DLS,naive,DMS,18,1.883777
10,DMS-DLS,naive,DMS,19,0.700541
10,DMS-DLS,naive,DLS,0,0.999659
10,DMS-DLS,naive,DLS,1,0.933145
10,DMS-DLS,naive,DLS,2,1.259797
10,DMS-DLS,naive,DLS,3,1.559455
10,DMS-DLS,naive,DLS,4,0.581018
10,DMS-DLS,naive,DLS,5,1.094391
10,DMS-DLS,naive,DLS,6,1.259514
10,DMS-DLS,naive,DLS,7,1.240576
10,DMS-DLS,naive,DLS,8,1.483485
10,DMS-DLS,naive,DLS,9,0.569913
10,DMS-DLS,naive,DLS,10,1.003606
10,DMS-DLS,naive,DLS,11,0.774923
10,DMS-DLS,naive,DLS,12,0.631035
10,DMS-DLS,naive,DLS,13,1.30518
10,DMS-DLS,naive,DLS,14,0.652579
10,DMS-DLS,naive,DLS,15,1.036489
10,DMS-DLS,naive,DLS,16,1.116039
10,DMS-DLS,naive,DLS,17,0.735692
10,DMS-DLS,naive,DLS,18,0.999631
10,DMS-DLS,naive,DLS,19,0.88989
10,DMS-DLS,intermediate,DMS,0,1.02325
10,DMS-DLS,intermediate,DMS,1,1.363913
10,DMS-DLS,intermediate,DMS,2,1.246754
10,DMS-DLS,intermediate,DMS,3,1.035123
10,DMS-DLS,intermediate,DMS,4,1.508425
10,DMS-DLS,intermediate,DMS,5,1.037492
10,DMS-DLS,intermediate,DMS,6,9.02264
10,DMS-DLS,intermediate,DMS,7,9.014595
10,DMS-DLS,intermediate,DMS,8,1.421592
10,DMS-DLS,intermediate,DMS,9,1.465554
10,DMS-DLS,intermediate,DMS,10,0.867141
10,DMS-DLS,intermediate,DMS,11,1.540696
10,DMS-DLS,intermediate,DMS,12,0.952135
10,DMS-DLS,intermediate,DMS,13,0.979454
10,DMS-DLS,intermediate,DMS,14,1.282909
10,DMS-DLS,intermediate,DMS,15,0.965103
10,DMS-DLS,intermediate,DMS,16,1.139271
10,DMS-DLS,intermediate,DMS,17,1.376593
10,DMS-DLS,intermediate,DMS,18,0.819139
10,DMS-DLS,intermediate,DMS,19,0.0
10,DMS-DLS,intermediate,DLS,0,1.141297
10,DMS-DLS,intermediate,DLS,1,1.296091
10,DMS-DLS,intermediate,DLS,2,0.998796
10,DMS-DLS,intermediate,DLS,3,0.995901
10,DMS-DLS,intermediate,DLS,4,0.566529
10,DMS-DLS,intermediate,DLS,5,1.187811
10,DMS-DLS,intermediate,DLS,6,1.042744
10,DMS-DLS,intermediate,DLS,7,0.943167
10,DMS-DLS,intermediate,DLS,8,1.647688
10,DMS-DLS,intermediate,DLS,9,0.766045
10,DMS-DLS,intermediate,DLS,10,1.030858
10,DMS-DLS,intermediate,DLS,11,1.463315
10,DMS-DLS,intermediate,DLS,12,2.014871
10,DMS-DLS,intermediate,DLS,13,0.757369
10,DMS-DLS,intermediate,DLS,14,1.784646
10,DMS-DLS,intermediate,DLS,15,0.999779
10,DMS-DLS,intermediate,DLS,16,0.94165
10,DMS-DLS,intermediate,DLS,17,0.732715
10,DMS-DLS,intermediate,DLS,18,1.405828
10,DMS-DLS,intermediate,DLS,19,1.152909
10,DMS-DLS,expert,DMS,0,1.017366
10,DMS-DLS,expert,DMS,1,1.297556
10,DMS-DLS,expert,DMS,2,1.532981
10,DMS-DLS,expert,DMS,3,0.818799
10,DMS-DLS,expert,DMS,4,1.704916
10,DMS-DLS,expert,DMS,5,1.03061
10,DMS-DLS,expert,DMS,6,10.61235
10,DMS-DLS,expert,DMS,7,10.272494
10,DMS-DLS,expert,DMS,8,1.969195
10,DMS-DLS,expert,DMS,9,1.512645
10,DMS-DLS,expert,DMS,10,0.999269
10,DMS-DLS,expert,DMS,11,1.688153
10,DMS-DLS,expert,DMS,12,1.038172
10,DMS-DLS,expert,DMS,13,1.141333
10,DMS-DLS,expert,DMS,14,1.228183
10,DMS-DLS,expert,DMS,15,1.127882
10,DMS-DLS,expert,DMS,16,1.164929
10,DMS-DLS,expert,DMS,17,1.659248
10,DMS-DLS,expert,DMS,18,0.733483
10,DMS-DLS,expert,DMS,19,0.940868
10,DMS-DLS,expert,DLS,0,1.032033
10,DMS-DLS,expert,DLS,1,1.724962
10,DMS-DLS,expert,DLS,2,1.201344
10,DMS-DLS,expert,DLS,3,1.315164
10,DMS-DLS,expert,DLS,4,0.0
10,DMS-DLS,expert,DLS,5,1.367163
10,DMS-DLS,expert,DLS,6,1.132934
10,DMS-DLS,expert,DLS,7,1.163763
10,DMS-DLS,expert,DLS,8,1.656005
10,DMS-DLS,expert,DLS,9,1.443295
10,DMS-DLS,expert,DLS,10,1.049204
10,DMS-DLS,expert,DLS,11,0.526681
10,DMS-DLS,expert,DLS,12,3.297546
10,DMS-DLS,expert,DLS,13,1.023291
10,DMS-DLS,expert,DLS,14,1.941577
10,DMS-DLS,expert,DLS,15,1.051405
10,DMS-DLS,expert,DLS,16,1.142949
10,DMS-DLS,expert,DLS,17,2.787497
10,DMS-DLS,expert,DLS,18,1.763438
10,DMS-DLS,expert,DLS,19,1.500583
10,DMS-ACC,naive,DMS,0,0.945291
10,DMS-ACC,naive,DMS,1,0.57796
10,DMS-ACC,naive,DMS,2,1.326452
10,DMS-ACC,naive,DMS,3,0.887042
10,DMS-ACC,naive,DMS,4,1.860579
10,DMS-ACC,naive,DMS,5,1.015447
10,DMS-ACC,naive,DMS,6,5.035489
10,DMS-ACC,naive,DMS,7,4.461069
10,DMS-ACC,naive,DMS,8,0.596603
10,DMS-ACC,naive,DMS,9,1.165275
10,DMS-ACC,naive,DMS,10,1.299416
10,DMS-ACC,naive,DMS,11,1.436958
10,DMS-ACC,naive,DMS,12,1.146629
10,DMS-ACC,naive,DMS,13,1.114024
10,DMS-ACC,naive,DMS,14,1.15264
10,DMS-ACC,naive,DMS,15,0.935619
10,DMS-ACC,naive,DMS,16,1.878379
10,DMS-ACC,naive,DMS,17,1.072196
10,DMS-ACC,naive,DMS,18,1.286593
10,DMS-ACC,naive,DMS,19,0.536869
10,DMS-ACC,naive,ACC,0,0.897593
10,DMS-ACC,naive,ACC,1,2.346566
10,DMS-ACC,naive,ACC,2,0.956924
10,DMS-ACC,naive,ACC,3,1.464565
10,DMS-ACC,naive,ACC,4,1.393266
10,DMS-ACC,naive,ACC,5,0.995587
10,DMS-ACC,naive,ACC,6,0.939464
10,DMS-ACC,naive,ACC,7,1.114337
10,DMS-ACC,naive,ACC,8,0.432527
10,DMS-ACC,naive,ACC,9,1.404647
10,DMS-ACC,naive,ACC,10,2.75757
10,DMS-ACC,naive,ACC,11,0.701014
10,DMS-ACC,naive,ACC,12,0.0
10,DMS-ACC,naive,ACC,13,1.003476
10,DMS-ACC,naive,ACC,14,0.0
10,DMS-ACC,naive,ACC,15,1.000428
10,DMS-ACC,intermediate,DMS,0,0.968072
10,DMS-ACC,intermediate,DMS,1,0.991846
10,DMS-ACC,intermediate,DMS,2,1.214005
10,DMS-ACC,intermediate,DMS,3,0.86301
10,DMS-ACC,intermediate,DMS,4,1.331441
10,DMS-ACC,intermediate,DMS,5,0.957224
10,DMS-ACC,intermediate,DMS,6,7.493107
10,DMS-ACC,intermediate,DMS,7,7.600419
10,DMS-ACC,intermediate,DMS,8,1.244048
10,DMS-ACC,intermediate,DMS,9,1.427699
10,DMS-ACC,intermediate,DMS,10,0.820302
10,DMS-ACC,intermediate,DMS,11,1.34342
10,DMS-ACC,intermediate,DMS,12,0.873432
10,DMS-ACC,intermediate,DMS,13,0.88676
10,DMS-ACC,intermediate,DMS,14,1.078504
10,DMS-ACC,intermediate,DMS,15,0.696927
10,DMS-ACC,intermediate,DMS,16,0.978068
10,DMS-ACC,intermediate,DMS,17,1.266925
10,DMS-ACC,intermediate,DMS,18,0.751101
10,DMS-ACC,intermediate,DMS,19,0.0
10,DMS-ACC,intermediate,ACC,0,1.211903
10,DMS-ACC,intermediate,ACC,1,0.95233
10,DMS-ACC,intermediate,ACC,2,1.147062
10,DMS-ACC,intermediate,ACC,3,1.056421
10,DMS-ACC,intermediate,ACC,4,0.902605
10,DMS-ACC,intermediate,ACC,5,1.066615
10,DMS-ACC,intermediate,ACC,6,1.120688
10,DMS-ACC,intermediate,ACC,7,1.050515
10,DMS-ACC,intermediate,ACC,8,1.549056
10,DMS-ACC,intermediate,ACC,9,1.084328
10,DMS-ACC,intermediate,ACC,10,0.917144
10,DMS-ACC,intermediate,ACC,11,2.916854
10,DMS-ACC,intermediate,ACC,12,0.0
10,DMS-ACC,intermediate,ACC,13,1.00271
10,DMS-ACC,intermediate,ACC,14,0.571348
10,DMS-ACC,intermediate,ACC,15,0.936671
10,DMS-ACC,expert,DMS,0,0.909843
10,DMS-ACC,expert,DMS,1,0.922791
10,DMS-ACC,expert,DMS,2,1.487671
10,DMS-ACC,expert,DMS,3,0.662766
10,DMS-ACC,expert,DMS,4,1.55744
10,DMS-ACC,expert,DMS,5,0.726974
10,DMS-ACC,expert,DMS,6,9.615649
10,DMS-ACC,expert,DMS,7,9.364185
10,DMS-ACC,expert,DMS,8,1.587565
10,DMS-ACC,expert,DMS,9,1.615088
10,DMS-ACC,expert,DMS,10,0.728729
10,DMS-ACC,expert,DMS,11,1.703612
10,DMS-ACC,expert,DMS,12,1.017677
10,DMS-ACC,expert,DMS,13,1.069429
10,DMS-ACC,expert,DMS,14,1.089716
10,DMS-ACC,expert,DMS,15,1.007384
10,DMS-ACC,expert,DMS,16,1.086643
10,DMS-ACC,expert,DMS,17,1.755595
10,DMS-ACC,expert,DMS,18,0.719024
10,DMS-ACC,expert,DMS,19,0.765702
10,DMS-ACC,expert,ACC,0,1.117729
10,DMS-ACC,expert,ACC,1,0.911928
10,DMS-ACC,expert,ACC,2,1.330877
10,DMS-ACC,expert,ACC,3,1.010941
10,DMS-ACC,expert,ACC,4,0.928068
10,DMS-ACC,expert,ACC,5,1.616715
10,DMS-ACC,expert,ACC,6,1.103258
10,DMS-ACC,expert,ACC,7,1.152956
10,DMS-ACC,expert,ACC,8,1.819992
10,DMS-ACC,expert,ACC,9,0.757634
10,DMS-ACC,expert,ACC,10,1.084696
10,DMS-ACC,expert,ACC,11,5.408067
10,DMS-ACC,expert,ACC,12,0.404095
10,DMS-ACC,expert,ACC,13,1.014716
10,DMS-ACC,expert,ACC,14,0.0
10,DMS-ACC,expert,ACC,15,0.822433
10,DLS-ACC,naive,DLS,0,0.935402
10,DLS-ACC,naive,DLS,1,0.828301
10,DLS-ACC,naive,DLS,2,1.19864
10,DLS-ACC,naive,DLS,3,1.366913
10,DLS-ACC,naive,DLS,4,0.532151
10,DLS-ACC,naive,DLS,5,1.008488
10,DLS-ACC,naive,DLS,6,0.990592
10,DLS-ACC,naive,DLS,7,1.132095
10,DLS-ACC,naive,DLS,8,1.206076
10,DLS-ACC,naive,DLS,9,0.458004
10,DLS-ACC,naive,DLS,10,0.694509
10,DLS-ACC,naive,DLS,11,0.647684
10,DLS-ACC,naive,DLS,12,0.465261
10,DLS-ACC,naive,DLS,13,0.831688
10,DLS-ACC,naive,DLS,14,0.608586
10,DLS-ACC,naive,DLS,15,0.963321
10,DLS-ACC,naive,DLS,16,0.751854
10,DLS-ACC,naive,DLS,17,0.580253
10,DLS-ACC,naive,DLS,18,1.117688
10,DLS-ACC,naive,DLS,19,0.723574
10,DLS-ACC,naive,ACC,0,0.905314
10,DLS-ACC,naive,ACC,1,2.350244
10,DLS-ACC,naive,ACC,2,0.985289
10,DLS-ACC,naive,ACC,3,1.469344
10,DLS-ACC,naive,ACC,4,1.400856
10,DLS-ACC,naive,ACC,5,0.994286
10,DLS-ACC,naive,ACC,6,0.939799
10,DLS-ACC,naive,ACC,7,1.121089
10,DLS-ACC,naive,ACC,8,0.427714
10,DLS-ACC,naive,ACC,9,1.406061
10,DLS-ACC,naive,ACC,10,2.751981
10,DLS-ACC,naive,ACC,11,0.699518
10,DLS-ACC,naive,ACC,12,0.0
10,DLS-ACC,naive,ACC,13,1.010654
10,DLS-ACC,naive,ACC,14,0.0
10,DLS-ACC,naive,ACC,15,0.998299
10,DLS-ACC,intermediate,DLS,0,1.041781
10,DLS-ACC,intermediate,DLS,1,1.349038
10,DLS-ACC,intermediate,DLS,2,0.955722
10,DLS-ACC,intermediate,DLS,3,1.015634
10,DLS-ACC,intermediate,DLS,4,0.706736
10,DLS-ACC,intermediate,DLS,5,1.065974
10,DLS-ACC,intermediate,DLS,6,1.024871
10,DLS-ACC,intermediate,DLS,7,0.952565
10,DLS-ACC,intermediate,DLS,8,1.602916
10,DLS-ACC,intermediate,DLS,9,0.601056
10,DLS-ACC,intermediate,DLS,10,0.999319
10,DLS-ACC,intermediate,DLS,11,1.06251
10,DLS-ACC,intermediate,DLS,12,1.528414
10,DLS-ACC,intermediate,DLS,13,0.763356
10,DLS-ACC,intermediate,DLS,14,1.271137
10,DLS-ACC,intermediate,DLS,15,0.516079
10,DLS-ACC,intermediate,DLS,16,0.865373
10,DLS-ACC,intermediate,DLS,17,0.587765
10,DLS-ACC,intermediate,DLS,18,1.589808
10,DLS-ACC,intermediate,DLS,19,1.034871
10,DLS-ACC,intermediate,ACC,0,1.218595
10,DLS-ACC,intermediate,ACC,1,0.960473
10,DLS-ACC,intermediate,ACC,2,1.175574
10,DLS-ACC,intermediate,ACC,3,1.059275
10,DLS-ACC,intermediate,ACC,4,0.903202
10,DLS-ACC,intermediate,ACC,5,1.066259
10,DLS-ACC,intermediate,ACC,6,1.121651
10,DLS-ACC,intermediate,ACC,7,1.044531
10,DLS-ACC,intermediate,ACC,8,1.551703
10,DLS-ACC,intermediate,ACC,9,1.085029
10,DLS-ACC,intermediate,ACC,10,0.921764
10,DLS-ACC,intermediate,ACC,11,2.907497
10,DLS-ACC,intermediate,ACC,12,0.0
10,DLS-ACC,intermediate,ACC,13,1.006342
10,DLS-ACC,intermediate,ACC,14,0.571603
10,DLS-ACC,intermediate,ACC,15,0.937091
10,DLS-ACC,expert,DLS,0,0.985177
10,DLS-ACC,expert,DLS,1,1.957884
10,DLS-ACC,expert,DLS,2,1.175666
10,DLS-ACC,expert,DLS,3,1.230425
10,DLS-ACC,expert,DLS,4,0.0
10,DLS-ACC,expert,DLS,5,1.323685
10,DLS-ACC,expert,DLS,6,1.057912
10,DLS-ACC,expert,DLS,7,1.187802
10,DLS-ACC,expert,DLS,8,1.569499
10,DLS-ACC,expert,DLS,9,1.242685
10,DLS-ACC,expert,DLS,10,0.940858
10,DLS-ACC,expert,DLS,11,0.387285
10,DLS-ACC,expert,DLS,12,2.470162
10,DLS-ACC,expert,DLS,13,0.915957
10,DLS-ACC,expert,DLS,14,1.584596
10,DLS-ACC,expert,DLS,15,0.86967
10,DLS-ACC,expert,DLS,16,0.978495
10,DLS-ACC,expert,DLS,17,2.548483
10,DLS-ACC,expert,DLS,18,1.5813
10,DLS-ACC,expert,DLS,19,1.43748
10,DLS-ACC,expert,ACC,0,1.08807
10,DLS-ACC,expert,ACC,1,0.916685
10,DLS-ACC,expert,ACC,2,1.374285
10,DLS-ACC,expert,ACC,3,1.011799
10,DLS-ACC,expert,ACC,4,0.928772
10,DLS-ACC,expert,ACC,5,1.617211
10,DLS-ACC,expert,ACC,6,1.11662
10,DLS-ACC,expert,ACC,7,1.162567
10,DLS-ACC,expert,ACC,8,1.806161
10,DLS-ACC,expert,ACC,9,0.756741
10,DLS-ACC,expert,ACC,10,1.085925
10,DLS-ACC,expert,ACC,11,5.40179
10,DLS-ACC,expert,ACC,12,0.400594
10,DLS-ACC,expert,ACC,13,1.018008
10,DLS-ACC,expert,ACC,14,0.0
10,DLS-ACC,expert,ACC,15,0.822952
10,V1-DMS,naive,V1,0,0.877775
10,V1-DMS,naive,V1,1,0.886584
10,V1-DMS,naive,V1,2,0.868979
10,V1-DMS,naive,V1,3,0.860596
10,V1-DMS,naive,V1,4,0.961878
10,V1-DMS,naive,V1,5,0.907636
10,V1-DMS,naive,V1,6,0.858885
10,V1-DMS,naive,DMS,0,0.646209
10,V1-DMS,naive,DMS,1,0.334274
10,V1-DMS,naive,DMS,2,0.915342
10,V1-DMS,naive,DMS,3,0.486943
10,V1-DMS,naive,DMS,4,1.453943
10,V1-DMS,naive,DMS,5,0.476699
10,V1-DMS,naive,DMS,6,3.601267
10,V1-DMS,naive,DMS,7,3.607702
10,V1-DMS,naive,DMS,8,0.69885
10,V1-DMS,naive,DMS,9,1.036593
10,V1-DMS,naive,DMS,10,0.792884
10,V1-DMS,naive,DMS,11,1.081861
10,V1-DMS,naive,DMS,12,0.874285
10,V1-DMS,naive,DMS,13,0.833878
10,V1-DMS,naive,DMS,14,1.07417
10,V1-DMS,naive,DMS,15,0.474129
10,V1-DMS,naive,DMS,16,1.220644
10,V1-DMS,naive,DMS,17,0.836484
10,V1-DMS,naive,DMS,18,1.21408
10,V1-DMS,naive,DMS,19,0.38413
10,V1-DMS,intermediate,V1,0,0.960359
10,V1-DMS,intermediate,V1,1,0.96278
10,V1-DMS,intermediate,V1,2,1.322378
10,V1-DMS,intermediate,V1,3,1.20389
10,V1-DMS,intermediate,V1,4,1.34821
10,V1-DMS,intermediate,V1,5,1.06416
10,V1-DMS,intermediate,V1,6,1.088394
10,V1-DMS,intermediate,DMS,0,0.699358
10,V1-DMS,intermediate,DMS,1,0.724827
10,V1-DMS,intermediate,DMS,2,0.750479
10,V1-DMS,intermediate,DMS,3,0.492496
10,V1-DMS,intermediate,DMS,4,1.008258
10,V1-DMS,intermediate,DMS,5,0.689558
10,V1-DMS,intermediate,DMS,6,3.767085
10,V1-DMS,intermediate,DMS,7,3.813268
10,V1-DMS,intermediate,DMS,8,0.850412
10,V1-DMS,intermediate,DMS,9,0.840003
10,V1-DMS,intermediate,DMS,10,0.59457
10,V1-DMS,intermediate,DMS,11,1.22189
10,V1-DMS,intermediate,DMS,12,0.579854
10,V1-DMS,intermediate,DMS,13,0.699835
10,V1-DMS,intermediate,DMS,14,0.310517
10,V1-DMS,intermediate,DMS,15,0.663765
10,V1-DMS,intermediate,DMS,16,0.708049
10,V1-DMS,intermediate,DMS,17,0.8102
10,V1-DMS,intermediate,DMS,18,0.399852
10,V1-DMS,intermediate,DMS,19,0.0
10,V1-DMS,expert,V1,0,1.020189
10,V1-DMS,expert,V1,1,1.059509
10,V1-DMS,expert,V1,2,1.581652
10,V1-DMS,expert,V1,3,1.101295
10,V1-DMS,expert,V1,4,1.588296
10,V1-DMS,expert,V1,5,1.113202
10,V1-DMS,expert,V1,6,1.195228
10,V1-DMS,expert,DMS,0,0.688001
10,V1-DMS,expert,DMS,1,0.482605
10,V1-DMS,expert,DMS,2,1.099355
10,V1-DMS,expert,DMS,3,0.685941
10,V1-DMS,expert,DMS,4,1.274717
10,V1-DMS,expert,DMS,5,0.334519
10,V1-DMS,expert,DMS,6,5.141672
10,V1-DMS,expert,DMS,7,4.925819
10,V1-DMS,expert,DMS,8,0.840087
10,V1-DMS,expert,DMS,9,0.667957
10,V1-DMS,expert,DMS,10,0.560817
10,V1-DMS,expert,DMS,11,0.71847
10,V1-DMS,expert,DMS,12,0.900266
10,V1-DMS,expert,DMS,13,0.866799
10,V1-DMS,expert,DMS,14,0.647252
10,V1-DMS,expert,DMS,15,0.894839
10,V1-DMS,expert,DMS,16,0.894739
10,V1-DMS,expert,DMS,17,0.819415
10,V1-DMS,expert,DMS,18,0.469821
10,V1-DMS,expert,DMS,19,0.247372
10,V1-DLS,naive,V1,0,0.876985
10,V1-DLS,naive,V1,1,0.889574
10,V1-DLS,naive,V1,2,0.869221
10,V1-DLS,naive,V1,3,0.862896
10,V1-DLS,naive,V1,4,0.961893
10,V1-DLS,naive,V1,5,0.908674
10,V1-DLS,naive,V1,6,0.859554
10,V1-DLS,naive,DLS,0,0.755329
10,V1-DLS,naive,DLS,1,0.623775
10,V1-DLS,naive,DLS,2,0.603203
10,V1-DLS,naive,DLS,3,1.082622
10,V1-DLS,naive,DLS,4,0.276262
10,V1-DLS,naive,DLS,5,0.729038
10,V1-DLS,naive,DLS,6,0.738291
10,V1-DLS,naive,DLS,7,0.638977
10,V1-DLS,naive,DLS,8,0.830738
10,V1-DLS,naive,DLS,9,0.401353
10,V1-DLS,naive,DLS,10,0.369289
10,V1-DLS,naive,DLS,11,0.334509
10,V1-DLS,naive,DLS,12,0.319475
10,V1-DLS,naive,DLS,13,0.695952
10,V1-DLS,naive,DLS,14,0.289817
10,V1-DLS,naive,DLS,15,0.736636
10,V1-DLS,naive,DLS,16,0.809816
10,V1-DLS,naive,DLS,17,0.433822
10,V1-DLS,naive,DLS,18,0.936279
10,V1-DLS,naive,DLS,19,0.508767
10,V1-DLS,intermediate,V1,0,0.958748
10,V1-DLS,intermediate,V1,1,0.962165
10,V1-DLS,intermediate,V1,2,1.322111
10,V1-DLS,intermediate,V1,3,1.204566
10,V1-DLS,intermediate,V1,4,1.346486
10,V1-DLS,intermediate,V1,5,1.06249
10,V1-DLS,intermediate,V1,6,1.087389
10,V1-DLS,intermediate,DLS,0,0.782989
10,V1-DLS,intermediate,DLS,1,0.637725
10,V1-DLS,intermediate,DLS,2,0.357269
10,V1-DLS,intermediate,DLS,3,0.691555
10,V1-DLS,intermediate,DLS,4,0.361936
10,V1-DLS,intermediate,DLS,5,0.633823
10,V1-DLS,intermediate,DLS,6,0.770633
10,V1-DLS,intermediate,DLS,7,0.669532
10,V1-DLS,intermediate,DLS,8,1.207135
10,V1-DLS,intermediate,DLS,9,0.389465
10,V1-DLS,intermediate,DLS,10,0.453205
10,V1-DLS,intermediate,DLS,11,1.241824
10,V1-DLS,intermediate,DLS,12,1.063507
10,V1-DLS,intermediate,DLS,13,0.266536
10,V1-DLS,intermediate,DLS,14,1.193901
10,V1-DLS,intermediate,DLS,15,0.683944
10,V1-DLS,intermediate,DLS,16,0.678897
10,V1-DLS,intermediate,DLS,17,0.374256
10,V1-DLS,intermediate,DLS,18,0.832463
10,V1-DLS,intermediate,DLS,19,0.594906
10,V1-DLS,expert,V1,0,1.021819
10,V1-DLS,expert,V1,1,1.06013
10,V1-DLS,expert,V1,2,1.579074
10,V1-DLS,expert,V1,3,1.10474
10,V1-DLS,expert,V1,4,1.592582
10,V1-DLS,expert,V1,5,1.110331
10,V1-DLS,expert,V1,6,1.195984
10,V1-DLS,expert,DLS,0,0.382656
10,V1-DLS,expert,DLS,1,1.357901
10,V1-DLS,expert,DLS,2,0.776693
10,V1-DLS,expert,DLS,3,0.718605
10,V1-DLS,expert,DLS,4,0.0
10,V1-DLS,expert,DLS,5,0.817058
10,V1-DLS,expert,DLS,6,0.883052
10,V1-DLS,expert,DLS,7,0.507556
10,V1-DLS,expert,DLS,8,1.209929
10,V1-DLS,expert,DLS,9,0.616142
10,V1-DLS,expert,DLS,10,0.807579
10,V1-DLS,expert,DLS,11,0.325215
10,V1-DLS,expert,DLS,12,1.466004
10,V1-DLS,expert,DLS,13,0.548728
10,V1-DLS,expert,DLS,14,1.847015
10,V1-DLS,expert,DLS,15,0.906939
10,V1-DLS,expert,DLS,16,0.670955
10,V1-DLS,expert,DLS,17,0.697862
10,V1-DLS,expert,DLS,18,1.567444
10,V1-DLS,expert,DLS,19,0.473826
10,V1-ACC,naive,V1,0,0.878462
10,V1-ACC,naive,V1,1,0.888016
10,V1-ACC,naive,V1,2,0.870301
10,V1-ACC,naive,V1,3,0.861628
10,V1-ACC,naive,V1,4,0.963154
10,V1-ACC,naive,V1,5,0.908349
10,V1-ACC,naive,V1,6,0.858656
10,V1-ACC,naive,ACC,0,0.818045
10,V1-ACC,naive,ACC,1,1.898481
10,V1-ACC,naive,ACC,2,0.778077
10,V1-ACC,naive,ACC,3,1.158297
10,V1-ACC,naive,ACC,4,1.065921
10,V1-ACC,naive,ACC,5,0.36112
10,V1-ACC,naive,ACC,6,0.798655
10,V1-ACC,naive,ACC,7,0.532176
10,V1-ACC,naive,ACC,8,0.356555
10,V1-ACC,naive,ACC,9,0.938415
10,V1-ACC,naive,ACC,10,2.213227
10,V1-ACC,naive,ACC,11,0.374593
10,V1-ACC,naive,ACC,12,0.0
10,V1-ACC,naive,ACC,13,0.475525
10,V1-ACC,naive,ACC,14,0.0
10,V1-ACC,naive,ACC,15,0.544666
10,V1-ACC,intermediate,V1,0,0.961025
10,V1-ACC,intermediate,V1,1,0.964339
10,V1-ACC,intermediate,V1,2,1.31818
10,V1-ACC,intermediate,V1,3,1.206039
10,V1-ACC,intermediate,V1,4,1.355029
10,V1-ACC,intermediate,V1,5,1.066557
10,V1-ACC,intermediate,V1,6,1.088394
10,V1-ACC,intermediate,ACC,0,1.095445
10,V1-ACC,intermediate,ACC,1,0.788624
10,V1-ACC,intermediate,ACC,2,0.825337
10,V1-ACC,intermediate,ACC,3,0.68789
10,V1-ACC,intermediate,ACC,4,0.681337
10,V1-ACC,intermediate,ACC,5,0.814383
10,V1-ACC,intermediate,ACC,6,0.704887
10,V1-ACC,intermediate,ACC,7,0.663925
10,V1-ACC,intermediate,ACC,8,1.32028
10,V1-ACC,intermediate,ACC,9,0.579954
10,V1-ACC,intermediate,ACC,10,0.411012
10,V1-ACC,intermediate,ACC,11,0.864962
10,V1-ACC,intermediate,ACC,12,0.0
10,V1-ACC,intermediate,ACC,13,0.814796
10,V1-ACC,intermediate,ACC,14,0.385705
10,V1-ACC,intermediate,ACC,15,0.58271
10,V1-ACC,expert,V1,0,1.018969
10,V1-ACC,expert,V1,1,1.059027
10,V1-ACC,expert,V1,2,1.582529
10,V1-ACC,expert,V1,3,1.103771
10,V1-ACC,expert,V1,4,1.595874
10,V1-ACC,expert,V1,5,1.112195
10,V1-ACC,expert,V1,6,1.197332
10,V1-ACC,expert,ACC,0,0.322877
10,V1-ACC,expert,ACC,1,0.505152
10,V1-ACC,expert,ACC,2,0.5459
10,V1-ACC,expert,ACC,3,0.910964
10,V1-ACC,expert,ACC,4,0.824306
10,V1-ACC,expert,ACC,5,1.021985
10,V1-ACC,expert,ACC,6,0.566663
10,V1-ACC,expert,ACC,7,1.060658
10,V1-ACC,expert,ACC,8,1.570535
10,V1-ACC,expert,ACC,9,0.376821
10,V1-ACC,expert,ACC,10,0.878965
10,V1-ACC,expert,ACC,11,3.610866
10,V1-ACC,expert,ACC,12,0.295055
10,V1-ACC,expert,ACC,13,0.694685
10,V1-ACC,expert,ACC,14,0.0
10,V1-ACC,expert,ACC,15,0.567958
11,DMS-DLS,naive,DMS,0,0.524438
11,DMS-DLS,naive,DMS,1,0.640906
11,DMS-DLS,naive,DMS,2,0.109975
11,DMS-DLS,naive,DMS,3,0.712212
11,DMS-DLS,naive,DMS,4,0.456548
11,DMS-DLS,naive,DMS,5,1.344195
11,DMS-DLS,naive,DMS,6,0.207972
11,DMS-DLS,naive,DMS,7,0.279287
11,DMS-DLS,naive,DMS,8,0.852675
11,DMS-DLS,naive,DMS,9,0.300549
11,DMS-DLS,naive,DMS,10,0.296319
11,DMS-DLS,naive,DMS,11,0.433118
11,DMS-DLS,naive,DMS,12,0.545653
11,DMS-DLS,naive,DMS,13,0.367918
11,DMS-DLS,naive,DMS,14,0.278538
11,DMS-DLS,naive,DMS,15,0.151579
11,DMS-DLS,naive,DMS,16,0.368035
11,DMS-DLS,naive,DMS,17,0.503421
11,DMS-DLS,naive,DMS,18,1.345684
11,DMS-DLS,naive,DMS,19,0.285432
11,DMS-DLS,naive,DLS,0,1.659897
11,DMS-DLS,naive,DLS,1,0.957458
11,DMS-DLS,naive,DLS,2,3.456747
11,DMS-DLS,naive,DLS,3,0.738339
11,DMS-DLS,naive,DLS,4,0.741909
11,DMS-DLS,intermediate,DMS,0,0.452529
11,DMS-DLS,intermediate,DMS,1,0.099266
11,DMS-DLS,intermediate,DMS,2,0.49074
11,DMS-DLS,intermediate,DMS,3,0.555603
11,DMS-DLS,intermediate,DMS,4,0.635952
11,DMS-DLS,intermediate,DMS,5,0.256898
11,DMS-DLS,intermediate,DMS,6,0.142757
11,DMS-DLS,intermediate,DMS,7,1.151418
11,DMS-DLS,intermediate,DMS,8,0.590682
11,DMS-DLS,intermediate,DMS,9,0.35116
11,DMS-DLS,intermediate,DMS,10,0.738272
11,DMS-DLS,intermediate,DMS,11,0.695883
11,DMS-DLS,intermediate,DMS,12,0.56024
11,DMS-DLS,intermediate,DMS,13,0.2677
11,DMS-DLS,intermediate,DMS,14,4.805808
11,DMS-DLS,intermediate,DMS,15,0.378364
11,DMS-DLS,intermediate,DMS,16,1.228774
11,DMS-DLS,intermediate,DMS,17,1.348542
11,DMS-DLS,intermediate,DMS,18,1.109301
11,DMS-DLS,intermediate,DMS,19,0.218795
11,DMS-DLS,intermediate,DLS,0,1.150292
11,DMS-DLS,intermediate,DLS,1,0.950278
11,DMS-DLS,intermediate,DLS,2,6.559734
11,DMS-DLS,intermediate,DLS,3,1.265213
11,DMS-DLS,intermediate,DLS,4,0.0
11,DMS-DLS,expert,DMS,0,0.538302
11,DMS-DLS,expert,DMS,1,0.261581
11,DMS-DLS,expert,DMS,2,0.676925
11,DMS-DLS,expert,DMS,3,0.585811
11,DMS-DLS,expert,DMS,4,0.47854
11,DMS-DLS,expert,DMS,5,0.26224
11,DMS-DLS,expert,DMS,6,1.587334
11,DMS-DLS,expert,DMS,7,0.269868
11,DMS-DLS,expert,DMS,8,0.926829
11,DMS-DLS,expert,DMS,9,0.501476
11,DMS-DLS,expert,DMS,10,0.227342
11,DMS-DLS,expert,DMS,11,0.199972
11,DMS-DLS,expert,DMS,12,1.226447
11,DMS-DLS,expert,DMS,13,0.199025
11,DMS-DLS,expert,DMS,14,1.590822
11,DMS-DLS,expert,DMS,15,0.47239
11,DMS-DLS,expert,DMS,16,0.601838
11,DMS-DLS,expert,DMS,17,0.532319
11,DMS-DLS,expert,DMS,18,2.343531
11,DMS-DLS,expert,DMS,19,0.897061
11,DMS-DLS,expert,DLS,0,0.823237
11,DMS-DLS,expert,DLS,1,0.717528
11,DMS-DLS,expert,DLS,2,5.901796
11,DMS-DLS,expert,DLS,3,1.776003
11,DMS-DLS,expert,DLS,4,1.521855
11,DMS-ACC,naive,DMS,0,1.035388
11,DMS-ACC,naive,DMS,1,1.447297
11,DMS-ACC,naive,DMS,2,0.426457
11,DMS-ACC,naive,DMS,3,0.876207
11,DMS-ACC,naive,DMS,4,1.150669
11,DMS-ACC,naive,DMS,5,1.45537
11,DMS-ACC,naive,DMS,6,0.494215
11,DMS-ACC,naive,DMS,7,0.677931
11,DMS-ACC,naive,DMS,8,2.649024
11,DMS-ACC,naive,DMS,9,1.03785
11,DMS-ACC,naive,DMS,10,1.793264
11,DMS-ACC,naive,DMS,11,2.387763
11,DMS-ACC,naive,DMS,12,0.734094
11,DMS-ACC,naive,DMS,13,1.411661
11,DMS-ACC,naive,DMS,14,0.564099
11,DMS-ACC,naive,DMS,15,0.406739
11,DMS-ACC,naive,DMS,16,0.499627
11,DMS-ACC,naive,DMS,17,0.893207
11,DMS-ACC,naive,DMS,18,2.090672
11,DMS-ACC,naive,DMS,19,0.614467
11,DMS-ACC,naive,ACC,0,0.020486
11,DMS-ACC,naive,ACC,1,0.017986
11,DMS-ACC,naive,ACC,2,0.099653
11,DMS-ACC,naive,ACC,3,0.897664
11,DMS-ACC,naive,ACC,4,0.13033
11,DMS-ACC,naive,ACC,5,0.032581
11,DMS-ACC,naive,ACC,6,0.806306
11,DMS-ACC,naive,ACC,7,0.657839
11,DMS-ACC,naive,ACC,8,0.064101
11,DMS-ACC,naive,ACC,9,0.873276
11,DMS-ACC,naive,ACC,10,0.079401
11,DMS-ACC,naive,ACC,11,0.097835
11,DMS-ACC,naive,ACC,12,0.098803
11,DMS-ACC,naive,ACC,13,0.269198
11,DMS-ACC,naive,ACC,14,0.041492
11,DMS-ACC,naive,ACC,15,0.601616
11,DMS-ACC,naive,ACC,16,0.031519
11,DMS-ACC,naive,ACC,17,0.036455
11,DMS-ACC,naive,ACC,18,0.44706
11,DMS-ACC,naive,ACC,19,0.805833
11,DMS-ACC,naive,ACC,20,0.352293
11,DMS-ACC,naive,ACC,21,0.026365
11,DMS-ACC,naive,ACC,22,0.068996
11,DMS-ACC,naive,ACC,23,0.882293
11,DMS-ACC,naive,ACC,24,0.818252
11,DMS-ACC,naive,ACC,25,0.209426
11,DMS-ACC,naive,ACC,26,0.153938
11,DMS-ACC,naive,ACC,27,0.730814
11,DMS-ACC,naive,ACC,28,0.20572
11,DMS-ACC,naive,ACC,29,0.686626
11,DMS-ACC,naive,ACC,30,0.062456
11,DMS-ACC,naive,ACC,31,0.063733
11,DMS-ACC,naive,ACC,32,0.099437
11,DMS-ACC,naive,ACC,33,0.075928
11,DMS-ACC,naive,ACC,34,0.041189
11,DMS-ACC,naive,ACC,35,0.040355
11,DMS-ACC,naive,ACC,36,0.087314
11,DMS-ACC,naive,ACC,37,0.181286
11,DMS-ACC,naive,ACC,38,0.314066
11,DMS-ACC,naive,ACC,39,0.048255
11,DMS-ACC,naive,ACC,40,0.854366
11,DMS-ACC,naive,ACC,41,0.020296
11,DMS-ACC,naive,ACC,42,0.80755
11,DMS-ACC,naive,ACC,43,0.020681
11,DMS-ACC,naive,ACC,44,0.429966
11,DMS-ACC,naive,ACC,45,0.0
11,DMS-ACC,naive,ACC,46,0.033302
11,DMS-ACC,naive,ACC,47,0.115738
11,DMS-ACC,naive,ACC,48,0.922213
11,DMS-ACC,naive,ACC,49,0.138456
11,DMS-ACC,naive,ACC,50,0.118429
11,DMS-ACC,naive,ACC,51,0.779493
11,DMS-ACC,naive,ACC,52,0.037614
11,DMS-ACC,naive,ACC,53,0.166253
11,DMS-ACC,naive,ACC,54,0.032362
11,DMS-ACC,naive,ACC,55,0.21779
11,DMS-ACC,naive,ACC,56,0.104893
11,DMS-ACC,naive,ACC,57,0.396243
11,DMS-ACC,naive,ACC,58,0.145097
11,DMS-ACC,naive,ACC,59,0.636176
11,DMS-ACC,naive,ACC,60,0.599941
11,DMS-ACC,naive,ACC,61,0.018499
11,DMS-ACC,naive,ACC,62,0.820096
11,DMS-ACC,naive,ACC,63,0.037993
11,DMS-ACC,naive,ACC,64,0.771321
11,DMS-ACC,naive,ACC,65,0.01903
11,DMS-ACC,naive,ACC,66,0.044418
11,DMS-ACC,intermediate,DMS,0,1.028332
11,DMS-ACC,intermediate,DMS,1,0.643292
11,DMS-ACC,intermediate,DMS,2,1.233156
11,DMS-ACC,intermediate,DMS,3,0.935891
11,DMS-ACC,intermediate,DMS,4,1.054423
11,DMS-ACC,intermediate,DMS,5,0.621659
11,DMS-ACC,intermediate,DMS,6,2.231583
11,DMS-ACC,intermediate,DMS,7,1.996632
11,DMS-ACC,intermediate,DMS,8,1.409978
11,DMS-ACC,intermediate,DMS,9,1.249908
11,DMS-ACC,intermediate,DMS,10,1.47855
11,DMS-ACC,intermediate,DMS,11,3.075374
11,DMS-ACC,intermediate,DMS,12,1.120199
11,DMS-ACC,intermediate,DMS,13,0.599913
11,DMS-ACC,intermediate,DMS,14,7.936086
11,DMS-ACC,intermediate,DMS,15,3.896082
11,DMS-ACC,intermediate,DMS,16,2.022895
11,DMS-ACC,intermediate,DMS,17,2.779777
11,DMS-ACC,intermediate,DMS,18,2.144698
11,DMS-ACC,intermediate,DMS,19,0.763981
11,DMS-ACC,intermediate,ACC,0,0.53697
11,DMS-ACC,intermediate,ACC,1,0.494582
11,DMS-ACC,intermediate,ACC,2,0.140273
11,DMS-ACC,intermediate,ACC,3,0.477154
11,DMS-ACC,intermediate,ACC,4,0.283227
11,DMS-ACC,intermediate,ACC,5,0.328921
11,DMS-ACC,intermediate,ACC,6,0.379363
11,DMS-ACC,intermediate,ACC,7,0.080505
11,DMS-ACC,intermediate,ACC,8,0.511914
11,DMS-ACC,intermediate,ACC,9,0.624188
11,DMS-ACC,intermediate,ACC,10,0.089422
11,DMS-ACC,intermediate,ACC,11,0.821728
11,DMS-ACC,intermediate,ACC,12,0.029303
11,DMS-ACC,intermediate,ACC,13,0.108188
11,DMS-ACC,intermediate,ACC,14,0.069947
11,DMS-ACC,intermediate,ACC,15,0.139257
11,DMS-ACC,intermediate,ACC,16,0.877216
11,DMS-ACC,intermediate,ACC,17,0.047786
11,DMS-ACC,intermediate,ACC,18,0.015718
11,DMS-ACC,intermediate,ACC,19,0.169328
11,DMS-ACC,intermediate,ACC,20,0.265799
11,DMS-ACC,intermediate,ACC,21,0.822131
11,DMS-ACC,intermediate,ACC,22,0.438367
11,DMS-ACC,intermediate,ACC,23,0.07449
11,DMS-ACC,intermediate,ACC,24,0.007432
11,DMS-ACC,intermediate,ACC,25,0.838571
11,DMS-ACC,intermediate,ACC,26,0.2687
11,DMS-ACC,intermediate,ACC,27,0.129483
11,DMS-ACC,intermediate,ACC,28,0.196171
11,DMS-ACC,intermediate,ACC,29,0.045457
11,DMS-ACC,intermediate,ACC,30,0.220221
11,DMS-ACC,intermediate,ACC,31,0.180997
11,DMS-ACC,intermediate,ACC,32,0.625685
11,DMS-ACC,intermediate,ACC,33,0.859765
11,DMS-ACC,intermediate,ACC,34,0.041983
11,DMS-ACC,intermediate,ACC,35,0.157662
11,DMS-ACC,intermediate,ACC,36,0.695997
11,DMS-ACC,intermediate,ACC,37,0.129096
11,DMS-ACC,intermediate,ACC,38,0.880937
11,DMS-ACC,intermediate,ACC,39,0.64342
11,DMS-ACC,intermediate,ACC,40,0.108152
11,DMS-ACC,intermediate,ACC,41,0.618273
11,DMS-ACC,intermediate,ACC,42,0.818446
11,DMS-ACC,intermediate,ACC,43,0.135357
11,DMS-ACC,intermediate,ACC,44,0.002809
11,DMS-ACC,intermediate,ACC,45,0.0
11,DMS-ACC,intermediate,ACC,46,0.641406
11,DMS-ACC,intermediate,ACC,47,0.862128
11,DMS-ACC,intermediate,ACC,48,0.179878
11,DMS-ACC,intermediate,ACC,49,0.054988
11,DMS-ACC,intermediate,ACC,50,0.139693
11,DMS-ACC,intermediate,ACC,51,0.050644
11,DMS-ACC,intermediate,ACC,52,0.119437
11,DMS-ACC,intermediate,ACC,53,0.723671
11,DMS-ACC,intermediate,ACC,54,0.570899
11,DMS-ACC,intermediate,ACC,55,0.304216
11,DMS-ACC,intermediate,ACC,56,0.066556
11,DMS-ACC,intermediate,ACC,57,0.0
11,DMS-ACC,intermediate,ACC,58,0.070933
11,DMS-ACC,intermediate,ACC,59,0.036994
11,DMS-ACC,intermediate,ACC,60,0.034613
11,DMS-ACC,intermediate,ACC,61,0.896083
11,DMS-ACC,intermediate,ACC,62,0.33745
11,DMS-ACC,intermediate,ACC,63,0.006972
11,DMS-ACC,intermediate,ACC,64,0.78071
11,DMS-ACC,intermediate,ACC,65,0.162741
11,DMS-ACC,intermediate,ACC,66,0.239122
11,DMS-ACC,expert,DMS,0,1.027262
11,DMS-ACC,expert,DMS,1,0.666417
11,DMS-ACC,expert,DMS,2,1.170148
11,DMS-ACC,expert,DMS,3,1.06503
11,DMS-ACC,expert,DMS,4,1.019242
11,DMS-ACC,expert,DMS,5,1.14703
11,DMS-ACC,expert,DMS,6,1.967536
11,DMS-ACC,expert,DMS,7,2.05157
11,DMS-ACC,expert,DMS,8,1.560998
11,DMS-ACC,expert,DMS,9,0.686092
11,DMS-ACC,expert,DMS,10,1.588033
11,DMS-ACC,expert,DMS,11,0.985932
11,DMS-ACC,expert,DMS,12,1.490546
11,DMS-ACC,expert,DMS,13,0.755033
11,DMS-ACC,expert,DMS,14,3.875382
11,DMS-ACC,expert,DMS,15,3.137708
11,DMS-ACC,expert,DMS,16,3.573006
11,DMS-ACC,expert,DMS,17,1.855279
11,DMS-ACC,expert,DMS,18,2.478898
11,DMS-ACC,expert,DMS,19,1.805549
11,DMS-ACC,expert,ACC,0,0.645073
11,DMS-ACC,expert,ACC,1,0.562037
11,DMS-ACC,expert,ACC,2,0.258446
11,DMS-ACC,expert,ACC,3,0.078736
11,DMS-ACC,expert,ACC,4,0.309868
11,DMS-ACC,expert,ACC,5,0.643297
11,DMS-ACC,expert,ACC,6,0.187691
11,DMS-ACC,expert,ACC,7,0.064394
11,DMS-ACC,expert,ACC,8,0.110791
11,DMS-ACC,expert,ACC,9,0.740845
11,DMS-ACC,expert,ACC,10,0.059808
11,DMS-ACC,expert,ACC,11,0.570195
11,DMS-ACC,expert,ACC,12,0.155241
11,DMS-ACC,expert,ACC,13,0.230886
11,DMS-ACC,expert,ACC,14,0.145804
11,DMS-ACC,expert,ACC,15,0.114286
11,DMS-ACC,expert,ACC,16,0.15689
11,DMS-ACC,expert,ACC,17,0.138409
11,DMS-ACC,expert,ACC,18,0.069293
11,DMS-ACC,expert,ACC,19,0.209337
11,DMS-ACC,expert,ACC,20,0.102628
11,DMS-ACC,expert,ACC,21,0.853334
11,DMS-ACC,expert,ACC,22,0.167454
11,DMS-ACC,expert,ACC,23,0.106385
11,DMS-ACC,expert,ACC,24,0.010806
11,DMS-ACC,expert,ACC,25,0.237284
11,DMS-ACC,expert,ACC,26,0.1239
11,DMS-ACC,expert,ACC,27,0.223449
11,DMS-ACC,expert,ACC,28,0.080434
11,DMS-ACC,expert,ACC,29,0.059559
11,DMS-ACC,expert,ACC,30,0.068645
11,DMS-ACC,expert,ACC,31,0.289456
11,DMS-ACC,expert,ACC,32,0.804702
11,DMS-ACC,expert,ACC,33,0.795804
11,DMS-ACC,expert,ACC,34,0.08128
11,DMS-ACC,expert,ACC,35,0.14279
11,DMS-ACC,expert,ACC,36,0.694933
11,DMS-ACC,expert,ACC,37,0.824954
11,DMS-ACC,expert,ACC,38,0.15036
11,DMS-ACC,expert,ACC,39,0.937089
11,DMS-ACC,expert,ACC,40,0.137204
11,DMS-ACC,expert,ACC,41,0.116769
11,DMS-ACC,expert,ACC,42,0.114829
11,DMS-ACC,expert,ACC,43,0.609951
11,DMS-ACC,expert,ACC,44,0.81472
11,DMS-ACC,expert,ACC,45,0.565271
11,DMS-ACC,expert,ACC,46,0.204723
11,DMS-ACC,expert,ACC,47,0.427614
11,DMS-ACC,expert,ACC,48,0.060802
11,DMS-ACC,expert,ACC,49,0.036615
11,DMS-ACC,expert,ACC,50,0.273405
11,DMS-ACC,expert,ACC,51,0.05253
11,DMS-ACC,expert,ACC,52,0.11546
11,DMS-ACC,expert,ACC,53,0.822483
11,DMS-ACC,expert,ACC,54,0.784577
11,DMS-ACC,expert,ACC,55,0.075062
11,DMS-ACC,expert,ACC,56,0.075867
11,DMS-ACC,expert,ACC,57,0.210967
11,DMS-ACC,expert,ACC,58,0.063481
11,DMS-ACC,expert,ACC,59,0.695406
11,DMS-ACC,expert,ACC,60,0.041547
11,DMS-ACC,expert,ACC,61,0.746285
11,DMS-ACC,expert,ACC,62,0.871727
11,DMS-ACC,expert,ACC,63,0.07535
11,DMS-ACC,expert,ACC,64,0.72703
11,DMS-ACC,expert,ACC,65,0.778854
11,DMS-ACC,expert,ACC,66,0.873668
11,DLS-ACC,naive,DLS,0,1.652035
11,DLS-ACC,naive,DLS,1,0.946365
11,DLS-ACC,naive,DLS,2,3.448275
11,DLS-ACC,naive,DLS,3,0.725347
11,DLS-ACC,naive,DLS,4,0.71356
11,DLS-ACC,naive,ACC,0,0.009428
11,DLS-ACC,naive,ACC,1,0.009085
11,DLS-ACC,naive,ACC,2,0.02189
11,DLS-ACC,naive,ACC,3,0.250504
11,DLS-ACC,naive,ACC,4,0.063294
11,DLS-ACC,naive,ACC,5,0.017543
11,DLS-ACC,naive,ACC,6,0.557562
11,DLS-ACC,naive,ACC,7,0.254132
11,DLS-ACC,naive,ACC,8,0.01996
11,DLS-ACC,naive,ACC,9,0.423596
11,DLS-ACC,naive,ACC,10,0.014294
11,DLS-ACC,naive,ACC,11,0.032367
11,DLS-ACC,naive,ACC,12,0.086815
11,DLS-ACC,naive,ACC,13,0.143753
11,DLS-ACC,naive,ACC,14,0.022074
11,DLS-ACC,naive,ACC,15,0.300787
11,DLS-ACC,naive,ACC,16,0.012482
11,DLS-ACC,naive,ACC,17,0.022355
11,DLS-ACC,naive,ACC,18,0.299773
11,DLS-ACC,naive,ACC,19,0.215222
11,DLS-ACC,naive,ACC,20,0.247742
11,DLS-ACC,naive,ACC,21,0.014328
11,DLS-ACC,naive,ACC,22,0.027272
11,DLS-ACC,naive,ACC,23,0.340984
11,DLS-ACC,naive,ACC,24,0.632889
11,DLS-ACC,naive,ACC,25,0.063824
11,DLS-ACC,naive,ACC,26,0.044292
11,DLS-ACC,naive,ACC,27,0.3037
11,DLS-ACC,naive,ACC,28,0.076636
11,DLS-ACC,naive,ACC,29,0.345274
11,DLS-ACC,naive,ACC,30,0.027171
11,DLS-ACC,naive,ACC,31,0.046646
11,DLS-ACC,naive,ACC,32,0.049823
11,DLS-ACC,naive,ACC,33,0.043149
11,DLS-ACC,naive,ACC,34,0.02458
11,DLS-ACC,naive,ACC,35,0.023635
11,DLS-ACC,naive,ACC,36,0.025285
11,DLS-ACC,naive,ACC,37,0.067955
11,DLS-ACC,naive,ACC,38,0.108599
11,DLS-ACC,naive,ACC,39,0.024485
11,DLS-ACC,naive,ACC,40,0.257285
11,DLS-ACC,naive,ACC,41,0.009449
11,DLS-ACC,naive,ACC,42,0.375925
11,DLS-ACC,naive,ACC,43,0.011249
11,DLS-ACC,naive,ACC,44,0.095079
11,DLS-ACC,naive,ACC,45,0.0
11,DLS-ACC,naive,ACC,46,0.010776
11,DLS-ACC,naive,ACC,47,0.060038
11,DLS-ACC,naive,ACC,48,0.366545
11,DLS-ACC,naive,ACC,49,0.082802
11,DLS-ACC,naive,ACC,50,0.026943
11,DLS-ACC,naive,ACC,51,0.279487
11,DLS-ACC,naive,ACC,52,0.025438
11,DLS-ACC,naive,ACC,53,0.06344
11,DLS-ACC,naive,ACC,54,0.015075
11,DLS-ACC,naive,ACC,55,0.091983
11,DLS-ACC,naive,ACC,56,0.067115
11,DLS-ACC,naive,ACC,57,0.108475
11,DLS-ACC,naive,ACC,58,0.063699
11,DLS-ACC,naive,ACC,59,0.170879
11,DLS-ACC,naive,ACC,60,0.348234
11,DLS-ACC,naive,ACC,61,0.007831
11,DLS-ACC,naive,ACC,62,0.595923
11,DLS-ACC,naive,ACC,63,0.0213
11,DLS-ACC,naive,ACC,64,0.37696
11,DLS-ACC,naive,ACC,65,0.007867
11,DLS-ACC,naive,ACC,66,0.012642
11,DLS-ACC,intermediate,DLS,0,1.130746
11,DLS-ACC,intermediate,DLS,1,0.938709
11,DLS-ACC,intermediate,DLS,2,6.712533
11,DLS-ACC,intermediate,DLS,3,1.260977
11,DLS-ACC,intermediate,DLS,4,0.0
11,DLS-ACC,intermediate,ACC,0,0.282502
11,DLS-ACC,intermediate,ACC,1,0.212308
11,DLS-ACC,intermediate,ACC,2,0.044097
11,DLS-ACC,intermediate,ACC,3,0.171588
11,DLS-ACC,intermediate,ACC,4,0.119047
11,DLS-ACC,intermediate,ACC,5,0.208085
11,DLS-ACC,intermediate,ACC,6,0.153381
11,DLS-ACC,intermediate,ACC,7,0.027445
11,DLS-ACC,intermediate,ACC,8,0.233886
11,DLS-ACC,intermediate,ACC,9,0.528321
11,DLS-ACC,intermediate,ACC,10,0.041855
11,DLS-ACC,intermediate,ACC,11,0.441541
11,DLS-ACC,intermediate,ACC,12,0.006642
11,DLS-ACC,intermediate,ACC,13,0.057821
11,DLS-ACC,intermediate,ACC,14,0.020762
11,DLS-ACC,intermediate,ACC,15,0.084447
11,DLS-ACC,intermediate,ACC,16,0.275695
11,DLS-ACC,intermediate,ACC,17,0.011841
11,DLS-ACC,intermediate,ACC,18,0.009707
11,DLS-ACC,intermediate,ACC,19,0.049735
11,DLS-ACC,intermediate,ACC,20,0.086182
11,DLS-ACC,intermediate,ACC,21,0.265352
11,DLS-ACC,intermediate,ACC,22,0.199567
11,DLS-ACC,intermediate,ACC,23,0.006899
11,DLS-ACC,intermediate,ACC,24,0.002823
11,DLS-ACC,intermediate,ACC,25,0.405905
11,DLS-ACC,intermediate,ACC,26,0.055191
11,DLS-ACC,intermediate,ACC,27,0.046801
11,DLS-ACC,intermediate,ACC,28,0.11211
11,DLS-ACC,intermediate,ACC,29,0.012957
11,DLS-ACC,intermediate,ACC,30,0.101206
11,DLS-ACC,intermediate,ACC,31,0.066338
11,DLS-ACC,intermediate,ACC,32,0.214292
11,DLS-ACC,intermediate,ACC,33,0.194754
11,DLS-ACC,intermediate,ACC,34,0.015216
11,DLS-ACC,intermediate,ACC,35,0.080341
11,DLS-ACC,intermediate,ACC,36,0.142261
11,DLS-ACC,intermediate,ACC,37,0.035432
11,DLS-ACC,intermediate,ACC,38,0.367386
11,DLS-ACC,intermediate,ACC,39,0.159
11,DLS-ACC,intermediate,ACC,40,0.073317
11,DLS-ACC,intermediate,ACC,41,0.298757
11,DLS-ACC,intermediate,ACC,42,0.294567
11,DLS-ACC,intermediate,ACC,43,0.034101
11,DLS-ACC,intermediate,ACC,44,0.001031
11,DLS-ACC,intermediate,ACC,45,0.0
11,DLS-ACC,intermediate,ACC,46,0.390728
11,DLS-ACC,intermediate,ACC,47,0.244213
11,DLS-ACC,intermediate,ACC,48,0.091995
11,DLS-ACC,intermediate,ACC,49,0.024244
11,DLS-ACC,intermediate,ACC,50,0.040577
11,DLS-ACC,intermediate,ACC,51,0.013455
11,DLS-ACC,intermediate,ACC,52,0.046881
11,DLS-ACC,intermediate,ACC,53,0.418184
11,DLS-ACC,intermediate,ACC,54,0.286391
11,DLS-ACC,intermediate,ACC,55,0.135932
11,DLS-ACC,intermediate,ACC,56,0.019877
11,DLS-ACC,intermediate,ACC,57,0.0
11,DLS-ACC,intermediate,ACC,58,0.02989
11,DLS-ACC,intermediate,ACC,59,0.014758
11,DLS-ACC,intermediate,ACC,60,0.011599
11,DLS-ACC,intermediate,ACC,61,0.184355
11,DLS-ACC,intermediate,ACC,62,0.134866
11,DLS-ACC,intermediate,ACC,63,0.002489
11,DLS-ACC,intermediate,ACC,64,0.261506
11,DLS-ACC,intermediate,ACC,65,0.044671
11,DLS-ACC,intermediate,ACC,66,0.092499
11,DLS-ACC,expert,DLS,0,0.816239
11,DLS-ACC,expert,DLS,1,0.703822
11,DLS-ACC,expert,DLS,2,5.885018
11,DLS-ACC,expert,DLS,3,1.766603
11,DLS-ACC,expert,DLS,4,1.52446
11,DLS-ACC,expert,ACC,0,0.316425
11,DLS-ACC,expert,ACC,1,0.2059
11,DLS-ACC,expert,ACC,2,0.143137
11,DLS-ACC,expert,ACC,3,0.050166
11,DLS-ACC,expert,ACC,4,0.188037
11,DLS-ACC,expert,ACC,5,0.296586
11,DLS-ACC,expert,ACC,6,0.100958
11,DLS-ACC,expert,ACC,7,0.025197
11,DLS-ACC,expert,ACC,8,0.059468
11,DLS-ACC,expert,ACC,9,0.379727
11,DLS-ACC,expert,ACC,10,0.037466
11,DLS-ACC,expert,ACC,11,0.283651
11,DLS-ACC,expert,ACC,12,0.096099
11,DLS-ACC,expert,ACC,13,0.108976
11,DLS-ACC,expert,ACC,14,0.06395
11,DLS-ACC,expert,ACC,15,0.050195
11,DLS-ACC,expert,ACC,16,0.085692
11,DLS-ACC,expert,ACC,17,0.037783
11,DLS-ACC,expert,ACC,18,0.049595
11,DLS-ACC,expert,ACC,19,0.094654
11,DLS-ACC,expert,ACC,20,0.052139
11,DLS-ACC,expert,ACC,21,0.374937
11,DLS-ACC,expert,ACC,22,0.09678
11,DLS-ACC,expert,ACC,23,0.07522
11,DLS-ACC,expert,ACC,24,0.005616
11,DLS-ACC,expert,ACC,25,0.151888
11,DLS-ACC,expert,ACC,26,0.057955
11,DLS-ACC,expert,ACC,27,0.082784
11,DLS-ACC,expert,ACC,28,0.021809
11,DLS-ACC,expert,ACC,29,0.020551
11,DLS-ACC,expert,ACC,30,0.044393
11,DLS-ACC,expert,ACC,31,0.166289
11,DLS-ACC,expert,ACC,32,0.198021
11,DLS-ACC,expert,ACC,33,0.515573
11,DLS-ACC,expert,ACC,34,0.032632
11,DLS-ACC,expert,ACC,35,0.084893
11,DLS-ACC,expert,ACC,36,0.385871
11,DLS-ACC,expert,ACC,37,0.598795
11,DLS-ACC,expert,ACC,38,0.093032
11,DLS-ACC,expert,ACC,39,0.415068
11,DLS-ACC,expert,ACC,40,0.070402
11,DLS-ACC,expert,ACC,41,0.04051
11,DLS-ACC,expert,ACC,42,0.047433
11,DLS-ACC,expert,ACC,43,0.165055
11,DLS-ACC,expert,ACC,44,0.390484
11,DLS-ACC,expert,ACC,45,0.185831
11,DLS-ACC,expert,ACC,46,0.136124
11,DLS-ACC,expert,ACC,47,0.261342
11,DLS-ACC,expert,ACC,48,0.034756
11,DLS-ACC,expert,ACC,49,0.011296
11,DLS-ACC,expert,ACC,50,0.203647
11,DLS-ACC,expert,ACC,51,0.040773
11,DLS-ACC,expert,ACC,52,0.069138
11,DLS-ACC,expert,ACC,53,0.533958
11,DLS-ACC,expert,ACC,54,0.372785
11,DLS-ACC,expert,ACC,55,0.024089
11,DLS-ACC,expert,ACC,56,0.050783
11,DLS-ACC,expert,ACC,57,0.143035
11,DLS-ACC,expert,ACC,58,0.023741
11,DLS-ACC,expert,ACC,59,0.275173
11,DLS-ACC,expert,ACC,60,0.017612
11,DLS-ACC,expert,ACC,61,0.346963
11,DLS-ACC,expert,ACC,62,0.423636
11,DLS-ACC,expert,ACC,63,0.024365
11,DLS-ACC,expert,ACC,64,0.351984
11,DLS-ACC,expert,ACC,65,0.428071
11,DLS-ACC,expert,ACC,66,0.616448
11,V1-DMS,naive,V1,0,0.031453
11,V1-DMS,naive,V1,1,0.758304
11,V1-DMS,naive,V1,2,1.019032
11,V1-DMS,naive,V1,3,0.185382
11,V1-DMS,naive,V1,4,0.943764
11,V1-DMS,naive,V1,5,0.115136
11,V1-DMS,naive,V1,6,0.157484
11,V1-DMS,naive,V1,7,1.013488
11,V1-DMS,naive,V1,8,0.16009
11,V1-DMS,naive,V1,9,0.065345
11,V1-DMS,naive,V1,10,0.906277
11,V1-DMS,naive,V1,11,0.676583
11,V1-DMS,naive,V1,12,0.396813
11,V1-DMS,naive,V1,13,0.132778
11,V1-DMS,naive,V1,14,0.7183
11,V1-DMS,naive,V1,15,0.091669
11,V1-DMS,naive,V1,16,0.957632
11,V1-DMS,naive,V1,17,0.122778
11,V1-DMS,naive,V1,18,0.782867
11,V1-DMS,naive,V1,19,0.073202
11,V1-DMS,naive,V1,20,0.706041
11,V1-DMS,naive,V1,21,0.158341
11,V1-DMS,naive,V1,22,0.047432
11,V1-DMS,naive,V1,23,0.09373
11,V1-DMS,naive,V1,24,0.068555
11,V1-DMS,naive,V1,25,0.92408
11,V1-DMS,naive,V1,26,0.008739
11,V1-DMS,naive,V1,27,0.095545
11,V1-DMS,naive,V1,28,0.027791
11,V1-DMS,naive,V1,29,0.009739
11,V1-DMS,naive,V1,30,0.076627
11,V1-DMS,naive,V1,31,0.20802
11,V1-DMS,naive,V1,32,0.019615
11,V1-DMS,naive,V1,33,0.019838
11,V1-DMS,naive,V1,34,0.55127
11,V1-DMS,naive,V1,35,0.602556
11,V1-DMS,naive,V1,36,0.116583
11,V1-DMS,naive,V1,37,0.618956
11,V1-DMS,naive,V1,38,0.116218
11,V1-DMS,naive,V1,39,0.0
11,V1-DMS,naive,V1,40,0.999406
11,V1-DMS,naive,V1,41,0.994885
11,V1-DMS,naive,V1,42,0.037786
11,V1-DMS,naive,V1,43,0.101418
11,V1-DMS,naive,V1,44,0.344825
11,V1-DMS,naive,V1,45,0.043712
11,V1-DMS,naive,V1,46,0.137513
11,V1-DMS,naive,V1,47,0.027871
11,V1-DMS,naive,V1,48,0.019235
11,V1-DMS,naive,V1,49,0.030173
11,V1-DMS,naive,V1,50,0.118193
11,V1-DMS,naive,V1,51,0.011287
11,V1-DMS,naive,V1,52,0.052102
11,V1-DMS,naive,V1,53,0.914447
11,V1-DMS,naive,V1,54,0.758309
11,V1-DMS,naive,V1,55,0.051315
11,V1-DMS,naive,V1,56,0.097453
11,V1-DMS,naive,V1,57,0.845236
11,V1-DMS,naive,V1,58,1.032647
11,V1-DMS,naive,V1,59,0.024457
11,V1-DMS,naive,V1,60,0.01592
11,V1-DMS,naive,V1,61,0.003937
11,V1-DMS,naive,V1,62,0.14225
11,V1-DMS,naive,V1,63,0.091004
11,V1-DMS,naive,V1,64,0.051194
11,V1-DMS,naive,V1,65,0.107114
11,V1-DMS,naive,V1,66,0.177296
11,V1-DMS,naive,DMS,0,1.03551
11,V1-DMS,naive,DMS,1,1.451046
11,V1-DMS,naive,DMS,2,0.430459
11,V1-DMS,naive,DMS,3,0.873287
11,V1-DMS,naive,DMS,4,1.150027
11,V1-DMS,naive,DMS,5,1.58853
11,V1-DMS,naive,DMS,6,0.491504
11,V1-DMS,naive,DMS,7,0.678403
11,V1-DMS,naive,DMS,8,2.639609
11,V1-DMS,naive,DMS,9,1.036821
11,V1-DMS,naive,DMS,10,1.770771
11,V1-DMS,naive,DMS,11,2.482753
11,V1-DMS,naive,DMS,12,0.737892
11,V1-DMS,naive,DMS,13,1.404999
11,V1-DMS,naive,DMS,14,0.553823
11,V1-DMS,naive,DMS,15,0.399683
11,V1-DMS,naive,DMS,16,0.497367
11,V1-DMS,naive,DMS,17,0.890867
11,V1-DMS,naive,DMS,18,2.190677
11,V1-DMS,naive,DMS,19,0.616017
11,V1-DMS,intermediate,V1,0,0.8353
11,V1-DMS,intermediate,V1,1,0.615141
11,V1-DMS,intermediate,V1,2,0.680786
11,V1-DMS,intermediate,V1,3,0.871828
11,V1-DMS,intermediate,V1,4,0.881546
11,V1-DMS,intermediate,V1,5,0.759439
11,V1-DMS,intermediate,V1,6,0.590151
11,V1-DMS,intermediate,V1,7,0.394711
11,V1-DMS,intermediate,V1,8,0.44699
11,V1-DMS,intermediate,V1,9,0.545559
11,V1-DMS,intermediate,V1,10,0.874324
11,V1-DMS,intermediate,V1,11,0.125357
11,V1-DMS,intermediate,V1,12,0.043565
11,V1-DMS,intermediate,V1,13,0.445092
11,V1-DMS,intermediate,V1,14,0.267629
11,V1-DMS,intermediate,V1,15,0.18669
11,V1-DMS,intermediate,V1,16,0.111164
11,V1-DMS,intermediate,V1,17,0.231843
11,V1-DMS,intermediate,V1,18,0.228375
11,V1-DMS,intermediate,V1,19,0.706048
11,V1-DMS,intermediate,V1,20,0.753956
11,V1-DMS,intermediate,V1,21,0.285274
11,V1-DMS,intermediate,V1,22,0.128849
11,V1-DMS,intermediate,V1,23,0.875282
11,V1-DMS,intermediate,V1,24,0.222273
11,V1-DMS,intermediate,V1,25,0.316245
11,V1-DMS,intermediate,V1,26,0.709875
11,V1-DMS,intermediate,V1,27,0.96112
11,V1-DMS,intermediate,V1,28,0.873452
11,V1-DMS,intermediate,V1,29,0.045268
11,V1-DMS,intermediate,V1,30,0.889752
11,V1-DMS,intermediate,V1,31,0.971614
11,V1-DMS,intermediate,V1,32,0.053953
11,V1-DMS,intermediate,V1,33,0.567559
11,V1-DMS,intermediate,V1,34,0.885947
11,V1-DMS,intermediate,V1,35,0.06324
11,V1-DMS,intermediate,V1,36,0.0
11,V1-DMS,intermediate,V1,37,0.742107
11,V1-DMS,intermediate,V1,38,0.032121
11,V1-DMS,intermediate,V1,39,0.178559
11,V1-DMS,intermediate,V1,40,0.924464
11,V1-DMS,intermediate,V1,41,0.321798
11,V1-DMS,intermediate,V1,42,0.23492
11,V1-DMS,intermediate,V1,43,0.052046
11,V1-DMS,intermediate,V1,44,0.211188
11,V1-DMS,intermediate,V1,45,0.191774
11,V1-DMS,intermediate,V1,46,0.406555
11,V1-DMS,intermediate,V1,47,0.117361
11,V1-DMS,intermediate,V1,48,0.494056
11,V1-DMS,intermediate,V1,49,0.050639
11,V1-DMS,intermediate,V1,50,0.517188
11,V1-DMS,intermediate,V1,51,0.045636
11,V1-DMS,intermediate,V1,52,0.834273
11,V1-DMS,intermediate,V1,53,0.231289
11,V1-DMS,intermediate,V1,54,0.206045
11,V1-DMS,intermediate,V1,55,0.364298
11,V1-DMS,intermediate,V1,56,0.041222
11,V1-DMS,intermediate,V1,57,0.670206
11,V1-DMS,intermediate,V1,58,0.758055
11,V1-DMS,intermediate,V1,59,0.89455
11,V1-DMS,intermediate,V1,60,0.048651
11,V1-DMS,intermediate,V1,61,0.206713
11,V1-DMS,intermediate,V1,62,0.739857
11,V1-DMS,intermediate,V1,63,0.519879
11,V1-DMS,intermediate,V1,64,0.192045
11,V1-DMS,intermediate,V1,65,0.227477
11,V1-DMS,intermediate,V1,66,0.128414
11,V1-DMS,intermediate,DMS,0,1.027429
11,V1-DMS,intermediate,DMS,1,0.630915
11,V1-DMS,intermediate,DMS,2,1.348797
11,V1-DMS,intermediate,DMS,3,0.933325
11,V1-DMS,intermediate,DMS,4,1.057912
11,V1-DMS,intermediate,DMS,5,0.624848
11,V1-DMS,intermediate,DMS,6,2.223596
11,V1-DMS,intermediate,DMS,7,1.985022
11,V1-DMS,intermediate,DMS,8,1.40825
11,V1-DMS,intermediate,DMS,9,1.249464
11,V1-DMS,intermediate,DMS,10,1.475412
11,V1-DMS,intermediate,DMS,11,2.935819
11,V1-DMS,intermediate,DMS,12,1.117484
11,V1-DMS,intermediate,DMS,13,0.601325
11,V1-DMS,intermediate,DMS,14,7.811665
11,V1-DMS,intermediate,DMS,15,3.922231
11,V1-DMS,intermediate,DMS,16,2.000531
11,V1-DMS,intermediate,DMS,17,2.821169
11,V1-DMS,intermediate,DMS,18,2.152638
11,V1-DMS,intermediate,DMS,19,0.759219
11,V1-DMS,expert,V1,0,0.740997
11,V1-DMS,expert,V1,1,0.314696
11,V1-DMS,expert,V1,2,0.21574
11,V1-DMS,expert,V1,3,0.643417
11,V1-DMS,expert,V1,4,0.958669
11,V1-DMS,expert,V1,5,0.715141
11,V1-DMS,expert,V1,6,0.51407
11,V1-DMS,expert,V1,7,0.351868
11,V1-DMS,expert,V1,8,0.941932
11,V1-DMS,expert,V1,9,0.31172
11,V1-DMS,expert,V1,10,0.199998
11,V1-DMS,expert,V1,11,0.079428
11,V1-DMS,expert,V1,12,0.036616
11,V1-DMS,expert,V1,13,0.397385
11,V1-DMS,expert,V1,14,0.108177
11,V1-DMS,expert,V1,15,0.661357
11,V1-DMS,expert,V1,16,0.10419
11,V1-DMS,expert,V1,17,0.26123
11,V1-DMS,expert,V1,18,0.17493
11,V1-DMS,expert,V1,19,0.663013
11,V1-DMS,expert,V1,20,0.184032
11,V1-DMS,expert,V1,21,0.293072
11,V1-DMS,expert,V1,22,0.276101
11,V1-DMS,expert,V1,23,0.909646
11,V1-DMS,expert,V1,24,0.116772
11,V1-DMS,expert,V1,25,0.305974
11,V1-DMS,expert,V1,26,0.959695
11,V1-DMS,expert,V1,27,0.964837
11,V1-DMS,expert,V1,28,0.830976
11,V1-DMS,expert,V1,29,0.046402
11,V1-DMS,expert,V1,30,0.932598
11,V1-DMS,expert,V1,31,1.003156
11,V1-DMS,expert,V1,32,0.034247
11,V1-DMS,expert,V1,33,0.354722
11,V1-DMS,expert,V1,34,0.258225
11,V1-DMS,expert,V1,35,0.134941
11,V1-DMS,expert,V1,36,3e-06
11,V1-DMS,expert,V1,37,0.06142
11,V1-DMS,expert,V1,38,0.017131
11,V1-DMS,expert,V1,39,0.105584
11,V1-DMS,expert,V1,40,0.908545
11,V1-DMS,expert,V1,41,0.944756
11,V1-DMS,expert,V1,42,0.161028
11,V1-DMS,expert,V1,43,0.027833
11,V1-DMS,expert,V1,44,0.900581
11,V1-DMS,expert,V1,45,0.171296
11,V1-DMS,expert,V1,46,0.441202
11,V1-DMS,expert,V1,47,0.861878
11,V1-DMS,expert,V1,48,0.422751
11,V1-DMS,expert,V1,49,0.618865
11,V1-DMS,expert,V1,50,0.683515
11,V1-DMS,expert,V1,51,0.360845
11,V1-DMS,expert,V1,52,0.867486
11,V1-DMS,expert,V1,53,0.217392
11,V1-DMS,expert,V1,54,0.15024
11,V1-DMS,expert,V1,55,0.032481
11,V1-DMS,expert,V1,56,0.011384
11,V1-DMS,expert,V1,57,0.087718
11,V1-DMS,expert,V1,58,0.922468
11,V1-DMS,expert,V1,59,0.080694
11,V1-DMS,expert,V1,60,0.085651
11,V1-DMS,expert,V1,61,0.085521
11,V1-DMS,expert,V1,62,0.631771
11,V1-DMS,expert,V1,63,0.451848
11,V1-DMS,expert,V1,64,0.060171
11,V1-DMS,expert,V1,65,0.96988
11,V1-DMS,expert,V1,66,0.167736
11,V1-DMS,expert,DMS,0,1.028576
11,V1-DMS,expert,DMS,1,0.668256
11,V1-DMS,expert,DMS,2,1.346071
11,V1-DMS,expert,DMS,3,1.065432
11,V1-DMS,expert,DMS,4,1.027086
11,V1-DMS,expert,DMS,5,1.148609
11,V1-DMS,expert,DMS,6,1.957788
11,V1-DMS,expert,DMS,7,2.057969
11,V1-DMS,expert,DMS,8,1.551554
11,V1-DMS,expert,DMS,9,0.709281
11,V1-DMS,expert,DMS,10,1.507423
11,V1-DMS,expert,DMS,11,1.011815
11,V1-DMS,expert,DMS,12,1.499675
11,V1-DMS,expert,DMS,13,0.756885
11,V1-DMS,expert,DMS,14,3.677159
11,V1-DMS,expert,DMS,15,3.142855
11,V1-DMS,expert,DMS,16,3.58458
11,V1-DMS,expert,DMS,17,1.905221
11,V1-DMS,expert,DMS,18,2.487697
11,V1-DMS,expert,DMS,19,1.814102
11,V1-DLS,naive,V1,0,0.013176
11,V1-DLS,naive,V1,1,0.238356
11,V1-DLS,naive,V1,2,0.565588
11,V1-DLS,naive,V1,3,0.056937
11,V1-DLS,naive,V1,4,0.174058
11,V1-DLS,naive,V1,5,0.053832
11,V1-DLS,naive,V1,6,0.081623
11,V1-DLS,naive,V1,7,0.66134
11,V1-DLS,naive,V1,8,0.069663
11,V1-DLS,naive,V1,9,0.016511
11,V1-DLS,naive,V1,10,0.495998
11,V1-DLS,naive,V1,11,0.422972
11,V1-DLS,naive,V1,12,0.191088
11,V1-DLS,naive,V1,13,0.048374
11,V1-DLS,naive,V1,14,0.255732
11,V1-DLS,naive,V1,15,0.050081
11,V1-DLS,naive,V1,16,0.241486
11,V1-DLS,naive,V1,17,0.088036
11,V1-DLS,naive,V1,18,0.304955
11,V1-DLS,naive,V1,19,0.029865
11,V1-DLS,naive,V1,20,0.210432
11,V1-DLS,naive,V1,21,0.075636
11,V1-DLS,naive,V1,22,0.019406
11,V1-DLS,naive,V1,23,0.037352
11,V1-DLS,naive,V1,24,0.039499
11,V1-DLS,naive,V1,25,0.504803
11,V1-DLS,naive,V1,26,0.003757
11,V1-DLS,naive,V1,27,0.058558
11,V1-DLS,naive,V1,28,0.019225
11,V1-DLS,naive,V1,29,0.004844
11,V1-DLS,naive,V1,30,0.037528
11,V1-DLS,naive,V1,31,0.083697
11,V1-DLS,naive,V1,32,0.010662
11,V1-DLS,naive,V1,33,0.007545
11,V1-DLS,naive,V1,34,0.447023
11,V1-DLS,naive,V1,35,0.252034
11,V1-DLS,naive,V1,36,0.088835
11,V1-DLS,naive,V1,37,0.272496
11,V1-DLS,naive,V1,38,0.051681
11,V1-DLS,naive,V1,39,0.0
11,V1-DLS,naive,V1,40,0.315847
11,V1-DLS,naive,V1,41,0.310585
11,V1-DLS,naive,V1,42,0.02781
11,V1-DLS,naive,V1,43,0.051553
11,V1-DLS,naive,V1,44,0.225734
11,V1-DLS,naive,V1,45,0.018611
11,V1-DLS,naive,V1,46,0.084135
11,V1-DLS,naive,V1,47,0.012215
11,V1-DLS,naive,V1,48,0.009956
11,V1-DLS,naive,V1,49,0.011959
11,V1-DLS,naive,V1,50,0.053806
11,V1-DLS,naive,V1,51,0.002434
11,V1-DLS,naive,V1,52,0.025873
11,V1-DLS,naive,V1,53,0.50174
11,V1-DLS,naive,V1,54,0.477038
11,V1-DLS,naive,V1,55,0.03384
11,V1-DLS,naive,V1,56,0.013768
11,V1-DLS,naive,V1,57,0.71021
11,V1-DLS,naive,V1,58,0.24841
11,V1-DLS,naive,V1,59,0.004788
11,V1-DLS,naive,V1,60,0.005032
11,V1-DLS,naive,V1,61,0.001663
11,V1-DLS,naive,V1,62,0.065095
11,V1-DLS,naive,V1,63,0.064164
11,V1-DLS,naive,V1,64,0.028285
11,V1-DLS,naive,V1,65,0.06727
11,V1-DLS,naive,V1,66,0.045202
11,V1-DLS,naive,DLS,0,1.643522
11,V1-DLS,naive,DLS,1,0.958136
11,V1-DLS,naive,DLS,2,3.435096
11,V1-DLS,naive,DLS,3,0.735243
11,V1-DLS,naive,DLS,4,0.750818
11,V1-DLS,intermediate,V1,0,0.275798
11,V1-DLS,intermediate,V1,1,0.30677
11,V1-DLS,intermediate,V1,2,0.207246
11,V1-DLS,intermediate,V1,3,0.380972
11,V1-DLS,intermediate,V1,4,0.351329
11,V1-DLS,intermediate,V1,5,0.33296
11,V1-DLS,intermediate,V1,6,0.142768
11,V1-DLS,intermediate,V1,7,0.173631
11,V1-DLS,intermediate,V1,8,0.071023
11,V1-DLS,intermediate,V1,9,0.062255
11,V1-DLS,intermediate,V1,10,0.636683
11,V1-DLS,intermediate,V1,11,0.035056
11,V1-DLS,intermediate,V1,12,0.035755
11,V1-DLS,intermediate,V1,13,0.240151
11,V1-DLS,intermediate,V1,14,0.15
11,V1-DLS,intermediate,V1,15,0.079492
11,V1-DLS,intermediate,V1,16,0.060385
11,V1-DLS,intermediate,V1,17,0.118922
11,V1-DLS,intermediate,V1,18,0.084038
11,V1-DLS,intermediate,V1,19,0.232487
11,V1-DLS,intermediate,V1,20,0.455162
11,V1-DLS,intermediate,V1,21,0.122679
11,V1-DLS,intermediate,V1,22,0.048798
11,V1-DLS,intermediate,V1,23,0.22569
11,V1-DLS,intermediate,V1,24,0.097369
11,V1-DLS,intermediate,V1,25,0.119019
11,V1-DLS,intermediate,V1,26,0.061151
11,V1-DLS,intermediate,V1,27,0.219625
11,V1-DLS,intermediate,V1,28,0.244962
11,V1-DLS,intermediate,V1,29,0.021436
11,V1-DLS,intermediate,V1,30,0.403217
11,V1-DLS,intermediate,V1,31,0.234553
11,V1-DLS,intermediate,V1,32,0.030404
11,V1-DLS,intermediate,V1,33,0.147918
11,V1-DLS,intermediate,V1,34,0.339448
11,V1-DLS,intermediate,V1,35,0.018789
11,V1-DLS,intermediate,V1,36,0.0
11,V1-DLS,intermediate,V1,37,0.528494
11,V1-DLS,intermediate,V1,38,0.012383
11,V1-DLS,intermediate,V1,39,0.060988
11,V1-DLS,intermediate,V1,40,0.378437
11,V1-DLS,intermediate,V1,41,0.125698
11,V1-DLS,intermediate,V1,42,0.161899
11,V1-DLS,intermediate,V1,43,0.018153
11,V1-DLS,intermediate,V1,44,0.105503
11,V1-DLS,intermediate,V1,45,0.056153
11,V1-DLS,intermediate,V1,46,0.230414
11,V1-DLS,intermediate,V1,47,0.026958
11,V1-DLS,intermediate,V1,48,0.200184
11,V1-DLS,intermediate,V1,49,0.006671
11,V1-DLS,intermediate,V1,50,0.187462
11,V1-DLS,intermediate,V1,51,0.009927
11,V1-DLS,intermediate,V1,52,0.389277
11,V1-DLS,intermediate,V1,53,0.127808
11,V1-DLS,intermediate,V1,54,0.081733
11,V1-DLS,intermediate,V1,55,0.099045
11,V1-DLS,intermediate,V1,56,0.022841
11,V1-DLS,intermediate,V1,57,0.146856
11,V1-DLS,intermediate,V1,58,0.174847
11,V1-DLS,intermediate,V1,59,0.685519
11,V1-DLS,intermediate,V1,60,0.025131
11,V1-DLS,intermediate,V1,61,0.080176
11,V1-DLS,intermediate,V1,62,0.358775
11,V1-DLS,intermediate,V1,63,0.286156
11,V1-DLS,intermediate,V1,64,0.098866
11,V1-DLS,intermediate,V1,65,0.09159
11,V1-DLS,intermediate,V1,66,0.043602
11,V1-DLS,intermediate,DLS,0,1.14329
11,V1-DLS,intermediate,DLS,1,0.945483
11,V1-DLS,intermediate,DLS,2,6.731543
11,V1-DLS,intermediate,DLS,3,1.257462
11,V1-DLS,intermediate,DLS,4,0.0
11,V1-DLS,expert,V1,0,0.212887
11,V1-DLS,expert,V1,1,0.200106
11,V1-DLS,expert,V1,2,0.080258
11,V1-DLS,expert,V1,3,0.434381
11,V1-DLS,expert,V1,4,0.690022
11,V1-DLS,expert,V1,5,0.565305
11,V1-DLS,expert,V1,6,0.240337
11,V1-DLS,expert,V1,7,0.160851
11,V1-DLS,expert,V1,8,0.525254
11,V1-DLS,expert,V1,9,0.128361
11,V1-DLS,expert,V1,10,0.124727
11,V1-DLS,expert,V1,11,0.027166
11,V1-DLS,expert,V1,12,0.020858
11,V1-DLS,expert,V1,13,0.132036
11,V1-DLS,expert,V1,14,0.072277
11,V1-DLS,expert,V1,15,0.521404
11,V1-DLS,expert,V1,16,0.04884
11,V1-DLS,expert,V1,17,0.072851
11,V1-DLS,expert,V1,18,0.038897
11,V1-DLS,expert,V1,19,0.379012
11,V1-DLS,expert,V1,20,0.116824
11,V1-DLS,expert,V1,21,0.2183
11,V1-DLS,expert,V1,22,0.149978
11,V1-DLS,expert,V1,23,0.475326
11,V1-DLS,expert,V1,24,0.035846
11,V1-DLS,expert,V1,25,0.088966
11,V1-DLS,expert,V1,26,0.329687
11,V1-DLS,expert,V1,27,0.561489
11,V1-DLS,expert,V1,28,0.350603
11,V1-DLS,expert,V1,29,0.029179
11,V1-DLS,expert,V1,30,0.370449
11,V1-DLS,expert,V1,31,0.47529
11,V1-DLS,expert,V1,32,0.009992
11,V1-DLS,expert,V1,33,0.191311
11,V1-DLS,expert,V1,34,0.061775
11,V1-DLS,expert,V1,35,0.095472
11,V1-DLS,expert,V1,36,1e-06
11,V1-DLS,expert,V1,37,0.033796
11,V1-DLS,expert,V1,38,0.008278
11,V1-DLS,expert,V1,39,0.084026
11,V1-DLS,expert,V1,40,0.37643
11,V1-DLS,expert,V1,41,0.357601
11,V1-DLS,expert,V1,42,0.022885
11,V1-DLS,expert,V1,43,0.008631
11,V1-DLS,expert,V1,44,0.314886
11,V1-DLS,expert,V1,45,0.081758
11,V1-DLS,expert,V1,46,0.256787
11,V1-DLS,expert,V1,47,0.390526
11,V1-DLS,expert,V1,48,0.259687
11,V1-DLS,expert,V1,49,0.3934
11,V1-DLS,expert,V1,50,0.335431
11,V1-DLS,expert,V1,51,0.221499
11,V1-DLS,expert,V1,52,0.385914
11,V1-DLS,expert,V1,53,0.050459
11,V1-DLS,expert,V1,54,0.079493
11,V1-DLS,expert,V1,55,0.016881
11,V1-DLS,expert,V1,56,0.005393
11,V1-DLS,expert,V1,57,0.040193
11,V1-DLS,expert,V1,58,0.287868
11,V1-DLS,expert,V1,59,0.026893
11,V1-DLS,expert,V1,60,0.043355
11,V1-DLS,expert,V1,61,0.038553
11,V1-DLS,expert,V1,62,0.195475
11,V1-DLS,expert,V1,63,0.133705
11,V1-DLS,expert,V1,64,0.028557
11,V1-DLS,expert,V1,65,0.336037
11,V1-DLS,expert,V1,66,0.118837
11,V1-DLS,expert,DLS,0,0.815873
11,V1-DLS,expert,DLS,1,0.694564
11,V1-DLS,expert,DLS,2,5.89311
11,V1-DLS,expert,DLS,3,1.775001
11,V1-DLS,expert,DLS,4,1.529021
11,V1-ACC,naive,V1,0,0.029362
11,V1-ACC,naive,V1,1,0.754348
11,V1-ACC,naive,V1,2,1.003259
11,V1-ACC,naive,V1,3,0.194313
11,V1-ACC,naive,V1,4,0.938085
11,V1-ACC,naive,V1,5,0.111469
11,V1-ACC,naive,V1,6,0.159858
11,V1-ACC,naive,V1,7,1.000116
11,V1-ACC,naive,V1,8,0.183026
11,V1-ACC,naive,V1,9,0.062851
11,V1-ACC,naive,V1,10,0.928889
11,V1-ACC,naive,V1,11,0.672284
11,V1-ACC,naive,V1,12,0.393659
11,V1-ACC,naive,V1,13,0.126863
11,V1-ACC,naive,V1,14,0.716892
11,V1-ACC,naive,V1,15,0.087061
11,V1-ACC,naive,V1,16,0.944906
11,V1-ACC,naive,V1,17,0.132823
11,V1-ACC,naive,V1,18,0.776364
11,V1-ACC,naive,V1,19,0.076412
11,V1-ACC,naive,V1,20,0.696023
11,V1-ACC,naive,V1,21,0.159669
11,V1-ACC,naive,V1,22,0.048359
11,V1-ACC,naive,V1,23,0.08761
11,V1-ACC,naive,V1,24,0.067884
11,V1-ACC,naive,V1,25,0.920024
11,V1-ACC,naive,V1,26,0.008821
11,V1-ACC,naive,V1,27,0.098997
11,V1-ACC,naive,V1,28,0.026777
11,V1-ACC,naive,V1,29,0.010326
11,V1-ACC,naive,V1,30,0.070527
11,V1-ACC,naive,V1,31,0.211024
11,V1-ACC,naive,V1,32,0.021151
11,V1-ACC,naive,V1,33,0.019926
11,V1-ACC,naive,V1,34,0.553212
11,V1-ACC,naive,V1,35,0.604288
11,V1-ACC,naive,V1,36,0.115228
11,V1-ACC,naive,V1,37,0.616117
11,V1-ACC,naive,V1,38,0.110748
11,V1-ACC,naive,V1,39,0.0
11,V1-ACC,naive,V1,40,0.998254
11,V1-ACC,naive,V1,41,0.965531
11,V1-ACC,naive,V1,42,0.035631
11,V1-ACC,naive,V1,43,0.101544
11,V1-ACC,naive,V1,44,0.367463
11,V1-ACC,naive,V1,45,0.043756
11,V1-ACC,naive,V1,46,0.139985
11,V1-ACC,naive,V1,47,0.026264
11,V1-ACC,naive,V1,48,0.019393
11,V1-ACC,naive,V1,49,0.031291
11,V1-ACC,naive,V1,50,0.118161
11,V1-ACC,naive,V1,51,0.010646
11,V1-ACC,naive,V1,52,0.053541
11,V1-ACC,naive,V1,53,0.904746
11,V1-ACC,naive,V1,54,0.750365
11,V1-ACC,naive,V1,55,0.050271
11,V1-ACC,naive,V1,56,0.096558
11,V1-ACC,naive,V1,57,0.845474
11,V1-ACC,naive,V1,58,1.030197
11,V1-ACC,naive,V1,59,0.022422
11,V1-ACC,naive,V1,60,0.017842
11,V1-ACC,naive,V1,61,0.003855
11,V1-ACC,naive,V1,62,0.149073
11,V1-ACC,naive,V1,63,0.088069
11,V1-ACC,naive,V1,64,0.051084
11,V1-ACC,naive,V1,65,0.108831
11,V1-ACC,naive,V1,66,0.169565
11,V1-ACC,naive,ACC,0,0.025943
11,V1-ACC,naive,ACC,1,0.017528
11,V1-ACC,naive,ACC,2,0.097738
11,V1-ACC,naive,ACC,3,0.885506
11,V1-ACC,naive,ACC,4,0.144511
11,V1-ACC,naive,ACC,5,0.028218
11,V1-ACC,naive,ACC,6,0.800983
11,V1-ACC,naive,ACC,7,0.655314
11,V1-ACC,naive,ACC,8,0.062115
11,V1-ACC,naive,ACC,9,0.872578
11,V1-ACC,naive,ACC,10,0.045068
11,V1-ACC,naive,ACC,11,0.103449
11,V1-ACC,naive,ACC,12,0.098157
11,V1-ACC,naive,ACC,13,0.273559
11,V1-ACC,naive,ACC,14,0.039887
11,V1-ACC,naive,ACC,15,0.600414
11,V1-ACC,naive,ACC,16,0.033658
11,V1-ACC,naive,ACC,17,0.035674
11,V1-ACC,naive,ACC,18,0.441394
11,V1-ACC,naive,ACC,19,0.803066
11,V1-ACC,naive,ACC,20,0.426727
11,V1-ACC,naive,ACC,21,0.026913
11,V1-ACC,naive,ACC,22,0.071626
11,V1-ACC,naive,ACC,23,0.874335
11,V1-ACC,naive,ACC,24,0.814874
11,V1-ACC,naive,ACC,25,0.228423
11,V1-ACC,naive,ACC,26,0.155424
11,V1-ACC,naive,ACC,27,0.72911
11,V1-ACC,naive,ACC,28,0.174841
11,V1-ACC,naive,ACC,29,0.682366
11,V1-ACC,naive,ACC,30,0.063214
11,V1-ACC,naive,ACC,31,0.0709
11,V1-ACC,naive,ACC,32,0.107625
11,V1-ACC,naive,ACC,33,0.081814
11,V1-ACC,naive,ACC,34,0.040259
11,V1-ACC,naive,ACC,35,0.038291
11,V1-ACC,naive,ACC,36,0.081287
11,V1-ACC,naive,ACC,37,0.162038
11,V1-ACC,naive,ACC,38,0.31138
11,V1-ACC,naive,ACC,39,0.049893
11,V1-ACC,naive,ACC,40,0.855525
11,V1-ACC,naive,ACC,41,0.020427
11,V1-ACC,naive,ACC,42,0.804114
11,V1-ACC,naive,ACC,43,0.021949
11,V1-ACC,naive,ACC,44,0.431293
11,V1-ACC,naive,ACC,45,0.0
11,V1-ACC,naive,ACC,46,0.034616
11,V1-ACC,naive,ACC,47,0.079747
11,V1-ACC,naive,ACC,48,0.92583
11,V1-ACC,naive,ACC,49,0.119367
11,V1-ACC,naive,ACC,50,0.124362
11,V1-ACC,naive,ACC,51,0.768957
11,V1-ACC,naive,ACC,52,0.038535
11,V1-ACC,naive,ACC,53,0.15258
11,V1-ACC,naive,ACC,54,0.032021
11,V1-ACC,naive,ACC,55,0.235144
11,V1-ACC,naive,ACC,56,0.09947
11,V1-ACC,naive,ACC,57,0.394844
11,V1-ACC,naive,ACC,58,0.142886
11,V1-ACC,naive,ACC,59,0.63103
11,V1-ACC,naive,ACC,60,0.59797
11,V1-ACC,naive,ACC,61,0.019594
11,V1-ACC,naive,ACC,62,0.808395
11,V1-ACC,naive,ACC,63,0.035348
11,V1-ACC,naive,ACC,64,0.757242
11,V1-ACC,naive,ACC,65,0.01944
11,V1-ACC,naive,ACC,66,0.047317
11,V1-ACC,intermediate,V1,0,0.812173
11,V1-ACC,intermediate,V1,1,0.591044
11,V1-ACC,intermediate,V1,2,0.591572
11,V1-ACC,intermediate,V1,3,0.876452
11,V1-ACC,intermediate,V1,4,0.883127
11,V1-ACC,intermediate,V1,5,0.747266
11,V1-ACC,intermediate,V1,6,0.598069
11,V1-ACC,intermediate,V1,7,0.443717
11,V1-ACC,intermediate,V1,8,0.423935
11,V1-ACC,intermediate,V1,9,0.553332
11,V1-ACC,intermediate,V1,10,0.862469
11,V1-ACC,intermediate,V1,11,0.13387
11,V1-ACC,intermediate,V1,12,0.042105
11,V1-ACC,intermediate,V1,13,0.510368
11,V1-ACC,intermediate,V1,14,0.263273
11,V1-ACC,intermediate,V1,15,0.184905
11,V1-ACC,intermediate,V1,16,0.111216
11,V1-ACC,intermediate,V1,17,0.222527
11,V1-ACC,intermediate,V1,18,0.244454
11,V1-ACC,intermediate,V1,19,0.730451
11,V1-ACC,intermediate,V1,20,0.778943
11,V1-ACC,intermediate,V1,21,0.28045
11,V1-ACC,intermediate,V1,22,0.127812
11,V1-ACC,intermediate,V1,23,0.816845
11,V1-ACC,intermediate,V1,24,0.227756
11,V1-ACC,intermediate,V1,25,0.343473
11,V1-ACC,intermediate,V1,26,0.7338
11,V1-ACC,intermediate,V1,27,0.935531
11,V1-ACC,intermediate,V1,28,0.858271
11,V1-ACC,intermediate,V1,29,0.048135
11,V1-ACC,intermediate,V1,30,0.867912
11,V1-ACC,intermediate,V1,31,0.959061
11,V1-ACC,intermediate,V1,32,0.054764
11,V1-ACC,intermediate,V1,33,0.565783
11,V1-ACC,intermediate,V1,34,0.868447
11,V1-ACC,intermediate,V1,35,0.068206
11,V1-ACC,intermediate,V1,36,0.0
11,V1-ACC,intermediate,V1,37,0.737539
11,V1-ACC,intermediate,V1,38,0.030746
11,V1-ACC,intermediate,V1,39,0.167015
11,V1-ACC,intermediate,V1,40,0.93453
11,V1-ACC,intermediate,V1,41,0.333036
11,V1-ACC,intermediate,V1,42,0.214768
11,V1-ACC,intermediate,V1,43,0.043324
11,V1-ACC,intermediate,V1,44,0.216683
11,V1-ACC,intermediate,V1,45,0.187626
11,V1-ACC,intermediate,V1,46,0.312716
11,V1-ACC,intermediate,V1,47,0.12136
11,V1-ACC,intermediate,V1,48,0.506805
11,V1-ACC,intermediate,V1,49,0.052974
11,V1-ACC,intermediate,V1,50,0.468743
11,V1-ACC,intermediate,V1,51,0.045979
11,V1-ACC,intermediate,V1,52,0.823402
11,V1-ACC,intermediate,V1,53,0.313075
11,V1-ACC,intermediate,V1,54,0.228021
11,V1-ACC,intermediate,V1,55,0.34676
11,V1-ACC,intermediate,V1,56,0.041287
11,V1-ACC,intermediate,V1,57,0.618383
11,V1-ACC,intermediate,V1,58,0.776227
11,V1-ACC,intermediate,V1,59,0.886044
11,V1-ACC,intermediate,V1,60,0.047176
11,V1-ACC,intermediate,V1,61,0.209191
11,V1-ACC,intermediate,V1,62,0.794049
11,V1-ACC,intermediate,V1,63,0.518176
11,V1-ACC,intermediate,V1,64,0.214145
11,V1-ACC,intermediate,V1,65,0.253844
11,V1-ACC,intermediate,V1,66,0.125991
11,V1-ACC,intermediate,ACC,0,0.513197
11,V1-ACC,intermediate,ACC,1,0.488759
11,V1-ACC,intermediate,ACC,2,0.133519
11,V1-ACC,intermediate,ACC,3,0.493913
11,V1-ACC,intermediate,ACC,4,0.284007
11,V1-ACC,intermediate,ACC,5,0.34774
11,V1-ACC,intermediate,ACC,6,0.366845
11,V1-ACC,intermediate,ACC,7,0.071249
11,V1-ACC,intermediate,ACC,8,0.467878
11,V1-ACC,intermediate,ACC,9,0.618695
11,V1-ACC,intermediate,ACC,10,0.09131
11,V1-ACC,intermediate,ACC,11,0.806241
11,V1-ACC,intermediate,ACC,12,0.028724
11,V1-ACC,intermediate,ACC,13,0.102418
11,V1-ACC,intermediate,ACC,14,0.0756
11,V1-ACC,intermediate,ACC,15,0.146102
11,V1-ACC,intermediate,ACC,16,0.866604
11,V1-ACC,intermediate,ACC,17,0.050312
11,V1-ACC,intermediate,ACC,18,0.014656
11,V1-ACC,intermediate,ACC,19,0.1702
11,V1-ACC,intermediate,ACC,20,0.24726
11,V1-ACC,intermediate,ACC,21,0.815723
11,V1-ACC,intermediate,ACC,22,0.419309
11,V1-ACC,intermediate,ACC,23,0.071839
11,V1-ACC,intermediate,ACC,24,0.007328
11,V1-ACC,intermediate,ACC,25,0.834395
11,V1-ACC,intermediate,ACC,26,0.27476
11,V1-ACC,intermediate,ACC,27,0.124333
11,V1-ACC,intermediate,ACC,28,0.177453
11,V1-ACC,intermediate,ACC,29,0.044159
11,V1-ACC,intermediate,ACC,30,0.222402
11,V1-ACC,intermediate,ACC,31,0.173209
11,V1-ACC,intermediate,ACC,32,0.612541
11,V1-ACC,intermediate,ACC,33,0.84844
11,V1-ACC,intermediate,ACC,34,0.040875
11,V1-ACC,intermediate,ACC,35,0.157518
11,V1-ACC,intermediate,ACC,36,0.689169
11,V1-ACC,intermediate,ACC,37,0.121496
11,V1-ACC,intermediate,ACC,38,0.873168
11,V1-ACC,intermediate,ACC,39,0.692997
11,V1-ACC,intermediate,ACC,40,0.113504
11,V1-ACC,intermediate,ACC,41,0.615245
11,V1-ACC,intermediate,ACC,42,0.809102
11,V1-ACC,intermediate,ACC,43,0.129375
11,V1-ACC,intermediate,ACC,44,0.002621
11,V1-ACC,intermediate,ACC,45,0.0
11,V1-ACC,intermediate,ACC,46,0.620427
11,V1-ACC,intermediate,ACC,47,0.854962
11,V1-ACC,intermediate,ACC,48,0.180398
11,V1-ACC,intermediate,ACC,49,0.05284
11,V1-ACC,intermediate,ACC,50,0.137893
11,V1-ACC,intermediate,ACC,51,0.049407
11,V1-ACC,intermediate,ACC,52,0.116341
11,V1-ACC,intermediate,ACC,53,0.718291
11,V1-ACC,intermediate,ACC,54,0.566575
11,V1-ACC,intermediate,ACC,55,0.328976
11,V1-ACC,intermediate,ACC,56,0.06796
11,V1-ACC,intermediate,ACC,57,0.0
11,V1-ACC,intermediate,ACC,58,0.069005
11,V1-ACC,intermediate,ACC,59,0.037563
11,V1-ACC,intermediate,ACC,60,0.034386
11,V1-ACC,intermediate,ACC,61,0.894213
11,V1-ACC,intermediate,ACC,62,0.344819
11,V1-ACC,intermediate,ACC,63,0.005905
11,V1-ACC,intermediate,ACC,64,0.774263
11,V1-ACC,intermediate,ACC,65,0.177192
11,V1-ACC,intermediate,ACC,66,0.22222
11,V1-ACC,expert,V1,0,0.73027
11,V1-ACC,expert,V1,1,0.327063
11,V1-ACC,expert,V1,2,0.21559
11,V1-ACC,expert,V1,3,0.607763
11,V1-ACC,expert,V1,4,0.954751
11,V1-ACC,expert,V1,5,0.72055
11,V1-ACC,expert,V1,6,0.504228
11,V1-ACC,expert,V1,7,0.351194
11,V1-ACC,expert,V1,8,0.928702
11,V1-ACC,expert,V1,9,0.282773
11,V1-ACC,expert,V1,10,0.237021
11,V1-ACC,expert,V1,11,0.08204
11,V1-ACC,expert,V1,12,0.035571
11,V1-ACC,expert,V1,13,0.385321
11,V1-ACC,expert,V1,14,0.110629
11,V1-ACC,expert,V1,15,0.664712
11,V1-ACC,expert,V1,16,0.091141
11,V1-ACC,expert,V1,17,0.25155
11,V1-ACC,expert,V1,18,0.153245
11,V1-ACC,expert,V1,19,0.611791
11,V1-ACC,expert,V1,20,0.195644
11,V1-ACC,expert,V1,21,0.296953
11,V1-ACC,expert,V1,22,0.272161
11,V1-ACC,expert,V1,23,0.899909
11,V1-ACC,expert,V1,24,0.124552
11,V1-ACC,expert,V1,25,0.301173
11,V1-ACC,expert,V1,26,0.935553
11,V1-ACC,expert,V1,27,0.937677
11,V1-ACC,expert,V1,28,0.813187
11,V1-ACC,expert,V1,29,0.045846
11,V1-ACC,expert,V1,30,0.933491
11,V1-ACC,expert,V1,31,1.003169
11,V1-ACC,expert,V1,32,0.036649
11,V1-ACC,expert,V1,33,0.336696
11,V1-ACC,expert,V1,34,0.258929
11,V1-ACC,expert,V1,35,0.130292
11,V1-ACC,expert,V1,36,3e-06
11,V1-ACC,expert,V1,37,0.062988
11,V1-ACC,expert,V1,38,0.016923
11,V1-ACC,expert,V1,39,0.105094
11,V1-ACC,expert,V1,40,0.911992
11,V1-ACC,expert,V1,41,0.947965
11,V1-ACC,expert,V1,42,0.166485
11,V1-ACC,expert,V1,43,0.028339
11,V1-ACC,expert,V1,44,0.940035
11,V1-ACC,expert,V1,45,0.163291
11,V1-ACC,expert,V1,46,0.469757
11,V1-ACC,expert,V1,47,0.857668
11,V1-ACC,expert,V1,48,0.429371
11,V1-ACC,expert,V1,49,0.610881
11,V1-ACC,expert,V1,50,0.707995
11,V1-ACC,expert,V1,51,0.347371
11,V1-ACC,expert,V1,52,0.855798
11,V1-ACC,expert,V1,53,0.199865
11,V1-ACC,expert,V1,54,0.160327
11,V1-ACC,expert,V1,55,0.035233
11,V1-ACC,expert,V1,56,0.011149
11,V1-ACC,expert,V1,57,0.077312
11,V1-ACC,expert,V1,58,0.920158
11,V1-ACC,expert,V1,59,0.080807
11,V1-ACC,expert,V1,60,0.080201
11,V1-ACC,expert,V1,61,0.086837
11,V1-ACC,expert,V1,62,0.578149
11,V1-ACC,expert,V1,63,0.447095
11,V1-ACC,expert,V1,64,0.058227
11,V1-ACC,expert,V1,65,0.964426
11,V1-ACC,expert,V1,66,0.172551
11,V1-ACC,expert,ACC,0,0.617482
11,V1-ACC,expert,ACC,1,0.558673
11,V1-ACC,expert,ACC,2,0.259109
11,V1-ACC,expert,ACC,3,0.088642
11,V1-ACC,expert,ACC,4,0.300904
11,V1-ACC,expert,ACC,5,0.689688
11,V1-ACC,expert,ACC,6,0.188899
11,V1-ACC,expert,ACC,7,0.059399
11,V1-ACC,expert,ACC,8,0.112502
11,V1-ACC,expert,ACC,9,0.734144
11,V1-ACC,expert,ACC,10,0.0628
11,V1-ACC,expert,ACC,11,0.668779
11,V1-ACC,expert,ACC,12,0.148524
11,V1-ACC,expert,ACC,13,0.239927
11,V1-ACC,expert,ACC,14,0.130772
11,V1-ACC,expert,ACC,15,0.12941
11,V1-ACC,expert,ACC,16,0.155639
11,V1-ACC,expert,ACC,17,0.146692
11,V1-ACC,expert,ACC,18,0.068765
11,V1-ACC,expert,ACC,19,0.208722
11,V1-ACC,expert,ACC,20,0.108645
11,V1-ACC,expert,ACC,21,0.846461
11,V1-ACC,expert,ACC,22,0.181197
11,V1-ACC,expert,ACC,23,0.098272
11,V1-ACC,expert,ACC,24,0.010343
11,V1-ACC,expert,ACC,25,0.267631
11,V1-ACC,expert,ACC,26,0.117808
11,V1-ACC,expert,ACC,27,0.238834
11,V1-ACC,expert,ACC,28,0.082591
11,V1-ACC,expert,ACC,29,0.066444
11,V1-ACC,expert,ACC,30,0.075643
11,V1-ACC,expert,ACC,31,0.324296
11,V1-ACC,expert,ACC,32,0.79595
11,V1-ACC,expert,ACC,33,0.792053
11,V1-ACC,expert,ACC,34,0.077923
11,V1-ACC,expert,ACC,35,0.142115
11,V1-ACC,expert,ACC,36,0.688856
11,V1-ACC,expert,ACC,37,0.820929
11,V1-ACC,expert,ACC,38,0.144543
11,V1-ACC,expert,ACC,39,0.831681
11,V1-ACC,expert,ACC,40,0.150023
11,V1-ACC,expert,ACC,41,0.126963
11,V1-ACC,expert,ACC,42,0.120762
11,V1-ACC,expert,ACC,43,0.633454
11,V1-ACC,expert,ACC,44,0.808029
11,V1-ACC,expert,ACC,45,0.55866
11,V1-ACC,expert,ACC,46,0.195224
11,V1-ACC,expert,ACC,47,0.405705
11,V1-ACC,expert,ACC,48,0.049934
11,V1-ACC,expert,ACC,49,0.034929
11,V1-ACC,expert,ACC,50,0.259524
11,V1-ACC,expert,ACC,51,0.04862
11,V1-ACC,expert,ACC,52,0.120215
11,V1-ACC,expert,ACC,53,0.809923
11,V1-ACC,expert,ACC,54,0.781323
11,V1-ACC,expert,ACC,55,0.067009
11,V1-ACC,expert,ACC,56,0.080284
11,V1-ACC,expert,ACC,57,0.204179
11,V1-ACC,expert,ACC,58,0.060572
11,V1-ACC,expert,ACC,59,0.742659
11,V1-ACC,expert,ACC,60,0.040082
11,V1-ACC,expert,ACC,61,0.716222
11,V1-ACC,expert,ACC,62,0.8703
11,V1-ACC,expert,ACC,63,0.074391
11,V1-ACC,expert,ACC,64,0.728972
11,V1-ACC,expert,ACC,65,0.786877
11,V1-ACC,expert,ACC,66,0.865023
11,CA1-DMS,naive,CA1,0,0.067245
11,CA1-DMS,naive,CA1,1,1.395739
11,CA1-DMS,naive,CA1,2,0.195425
11,CA1-DMS,naive,CA1,3,1.57271
11,CA1-DMS,naive,CA1,4,0.043114
11,CA1-DMS,naive,CA1,5,1.675775
11,CA1-DMS,naive,CA1,6,1.277453
11,CA1-DMS,naive,CA1,7,0.203443
11,CA1-DMS,naive,CA1,8,0.106318
11,CA1-DMS,naive,CA1,9,1.483084
11,CA1-DMS,naive,CA1,10,1.718703
11,CA1-DMS,naive,CA1,11,0.046262
11,CA1-DMS,naive,CA1,12,1.044234
11,CA1-DMS,naive,CA1,13,0.227991
11,CA1-DMS,naive,CA1,14,0.936954
11,CA1-DMS,naive,CA1,15,1.171716
11,CA1-DMS,naive,CA1,16,0.0
11,CA1-DMS,naive,CA1,17,0.642505
11,CA1-DMS,naive,CA1,18,1.161899
11,CA1-DMS,naive,CA1,19,1.152553
11,CA1-DMS,naive,CA1,20,1.569833
11,CA1-DMS,naive,CA1,21,0.983487
11,CA1-DMS,naive,CA1,22,1.456052
11,CA1-DMS,naive,CA1,23,1.102989
11,CA1-DMS,naive,CA1,24,1.280807
11,CA1-DMS,naive,CA1,25,0.564484
11,CA1-DMS,naive,CA1,26,0.428385
11,CA1-DMS,naive,CA1,27,0.832218
11,CA1-DMS,naive,DMS,0,1.039825
11,CA1-DMS,naive,DMS,1,1.45904
11,CA1-DMS,naive,DMS,2,0.434434
11,CA1-DMS,naive,DMS,3,0.879676
11,CA1-DMS,naive,DMS,4,1.154586
11,CA1-DMS,naive,DMS,5,1.592808
11,CA1-DMS,naive,DMS,6,0.497007
11,CA1-DMS,naive,DMS,7,0.682774
11,CA1-DMS,naive,DMS,8,2.641319
11,CA1-DMS,naive,DMS,9,1.045133
11,CA1-DMS,naive,DMS,10,1.80636
11,CA1-DMS,naive,DMS,11,2.490385
11,CA1-DMS,naive,DMS,12,0.747365
11,CA1-DMS,naive,DMS,13,1.417024
11,CA1-DMS,naive,DMS,14,0.568623
11,CA1-DMS,naive,DMS,15,0.407905
11,CA1-DMS,naive,DMS,16,0.504124
11,CA1-DMS,naive,DMS,17,0.901756
11,CA1-DMS,naive,DMS,18,2.20175
11,CA1-DMS,naive,DMS,19,0.621882
11,CA1-DMS,intermediate,CA1,0,0.850982
11,CA1-DMS,intermediate,CA1,1,1.23416
11,CA1-DMS,intermediate,CA1,2,0.760128
11,CA1-DMS,intermediate,CA1,3,0.977455
11,CA1-DMS,intermediate,CA1,4,0.587738
11,CA1-DMS,intermediate,CA1,5,0.680576
11,CA1-DMS,intermediate,CA1,6,1.05002
11,CA1-DMS,intermediate,CA1,7,0.016399
11,CA1-DMS,intermediate,CA1,8,0.029863
11,CA1-DMS,intermediate,CA1,9,1.023873
11,CA1-DMS,intermediate,CA1,10,0.972605
11,CA1-DMS,intermediate,CA1,11,1.205028
11,CA1-DMS,intermediate,CA1,12,1.090927
11,CA1-DMS,intermediate,CA1,13,0.696436
11,CA1-DMS,intermediate,CA1,14,0.977771
11,CA1-DMS,intermediate,CA1,15,0.197174
11,CA1-DMS,intermediate,CA1,16,0.047881
11,CA1-DMS,intermediate,CA1,17,0.229734
11,CA1-DMS,intermediate,CA1,18,0.807583
11,CA1-DMS,intermediate,CA1,19,1.209532
11,CA1-DMS,intermediate,CA1,20,0.764361
11,CA1-DMS,intermediate,CA1,21,1.282949
11,CA1-DMS,intermediate,CA1,22,0.982908
11,CA1-DMS,intermediate,CA1,23,0.941193
11,CA1-DMS,intermediate,CA1,24,0.635383
11,CA1-DMS,intermediate,CA1,25,1.120958
11,CA1-DMS,intermediate,CA1,26,0.057295
11,CA1-DMS,intermediate,CA1,27,1.269595
11,CA1-DMS,intermediate,DMS,0,1.029932
11,CA1-DMS,intermediate,DMS,1,0.648438
11,CA1-DMS,intermediate,DMS,2,1.353295
11,CA1-DMS,intermediate,DMS,3,0.937246
11,CA1-DMS,intermediate,DMS,4,1.060289
11,CA1-DMS,intermediate,DMS,5,0.623166
11,CA1-DMS,intermediate,DMS,6,2.233009
11,CA1-DMS,intermediate,DMS,7,1.995266
11,CA1-DMS,intermediate,DMS,8,1.410418
11,CA1-DMS,intermediate,DMS,9,1.256846
11,CA1-DMS,intermediate,DMS,10,1.47249
11,CA1-DMS,intermediate,DMS,11,3.075066
11,CA1-DMS,intermediate,DMS,12,1.119697
11,CA1-DMS,intermediate,DMS,13,0.606288
11,CA1-DMS,intermediate,DMS,14,7.94953
11,CA1-DMS,intermediate,DMS,15,3.9861
11,CA1-DMS,intermediate,DMS,16,2.030368
11,CA1-DMS,intermediate,DMS,17,2.820686
11,CA1-DMS,intermediate,DMS,18,2.173753
11,CA1-DMS,intermediate,DMS,19,0.767565
11,CA1-DMS,expert,CA1,0,0.778652
11,CA1-DMS,expert,CA1,1,1.154731
11,CA1-DMS,expert,CA1,2,0.782232
11,CA1-DMS,expert,CA1,3,0.960401
11,CA1-DMS,expert,CA1,4,0.762019
11,CA1-DMS,expert,CA1,5,0.770969
11,CA1-DMS,expert,CA1,6,1.03972
11,CA1-DMS,expert,CA1,7,0.877687
11,CA1-DMS,expert,CA1,8,0.04955
11,CA1-DMS,expert,CA1,9,1.038728
11,CA1-DMS,expert,CA1,10,0.794382
11,CA1-DMS,expert,CA1,11,1.06563
11,CA1-DMS,expert,CA1,12,1.078171
11,CA1-DMS,expert,CA1,13,0.805649
11,CA1-DMS,expert,CA1,14,1.080426
11,CA1-DMS,expert,CA1,15,0.959221
11,CA1-DMS,expert,CA1,16,0.051406
11,CA1-DMS,expert,CA1,17,0.14615
11,CA1-DMS,expert,CA1,18,0.968071
11,CA1-DMS,expert,CA1,19,0.861244
11,CA1-DMS,expert,CA1,20,0.744273
11,CA1-DMS,expert,CA1,21,0.163721
11,CA1-DMS,expert,CA1,22,1.039331
11,CA1-DMS,expert,CA1,23,1.053075
11,CA1-DMS,expert,CA1,24,1.151586
11,CA1-DMS,expert,CA1,25,0.210206
11,CA1-DMS,expert,CA1,26,0.061708
11,CA1-DMS,expert,CA1,27,0.215042
11,CA1-DMS,expert,DMS,0,1.033666
11,CA1-DMS,expert,DMS,1,0.678724
11,CA1-DMS,expert,DMS,2,1.354396
11,CA1-DMS,expert,DMS,3,1.069782
11,CA1-DMS,expert,DMS,4,1.031531
11,CA1-DMS,expert,DMS,5,1.153059
11,CA1-DMS,expert,DMS,6,1.97418
11,CA1-DMS,expert,DMS,7,2.065748
11,CA1-DMS,expert,DMS,8,1.570913
11,CA1-DMS,expert,DMS,9,0.71895
11,CA1-DMS,expert,DMS,10,1.591005
11,CA1-DMS,expert,DMS,11,1.021221
11,CA1-DMS,expert,DMS,12,1.502104
11,CA1-DMS,expert,DMS,13,0.762102
11,CA1-DMS,expert,DMS,14,3.882606
11,CA1-DMS,expert,DMS,15,3.151443
11,CA1-DMS,expert,DMS,16,3.60297
11,CA1-DMS,expert,DMS,17,1.90935
11,CA1-DMS,expert,DMS,18,2.499843
11,CA1-DMS,expert,DMS,19,1.824869
11,CA1-DLS,naive,CA1,0,0.042984
11,CA1-DLS,naive,CA1,1,0.511145
11,CA1-DLS,naive,CA1,2,0.146361
11,CA1-DLS,naive,CA1,3,0.77115
11,CA1-DLS,naive,CA1,4,0.0155
11,CA1-DLS,naive,CA1,5,0.700209
11,CA1-DLS,naive,CA1,6,0.967422
11,CA1-DLS,naive,CA1,7,0.160709
11,CA1-DLS,naive,CA1,8,0.054431
11,CA1-DLS,naive,CA1,9,0.983426
11,CA1-DLS,naive,CA1,10,0.332779
11,CA1-DLS,naive,CA1,11,0.014106
11,CA1-DLS,naive,CA1,12,0.566381
11,CA1-DLS,naive,CA1,13,0.133371
11,CA1-DLS,naive,CA1,14,0.213794
11,CA1-DLS,naive,CA1,15,0.465
11,CA1-DLS,naive,CA1,16,0.0
11,CA1-DLS,naive,CA1,17,0.231602
11,CA1-DLS,naive,CA1,18,0.746303
11,CA1-DLS,naive,CA1,19,0.680462
11,CA1-DLS,naive,CA1,20,0.394755
11,CA1-DLS,naive,CA1,21,0.435062
11,CA1-DLS,naive,CA1,22,0.965914
11,CA1-DLS,naive,CA1,23,0.538244
11,CA1-DLS,naive,CA1,24,0.343034
11,CA1-DLS,naive,CA1,25,0.281136
11,CA1-DLS,naive,CA1,26,0.332046
11,CA1-DLS,naive,CA1,27,0.357615
11,CA1-DLS,naive,DLS,0,1.660611
11,CA1-DLS,naive,DLS,1,0.958796
11,CA1-DLS,naive,DLS,2,3.43442
11,CA1-DLS,naive,DLS,3,0.738679
11,CA1-DLS,naive,DLS,4,0.75426
11,CA1-DLS,intermediate,CA1,0,0.334282
11,CA1-DLS,intermediate,CA1,1,0.56957
11,CA1-DLS,intermediate,CA1,2,0.71461
11,CA1-DLS,intermediate,CA1,3,0.24103
11,CA1-DLS,intermediate,CA1,4,0.448945
11,CA1-DLS,intermediate,CA1,5,0.239531
11,CA1-DLS,intermediate,CA1,6,0.302458
11,CA1-DLS,intermediate,CA1,7,0.010032
11,CA1-DLS,intermediate,CA1,8,0.016302
11,CA1-DLS,intermediate,CA1,9,0.357295
11,CA1-DLS,intermediate,CA1,10,0.918006
11,CA1-DLS,intermediate,CA1,11,0.52538
11,CA1-DLS,intermediate,CA1,12,0.308968
11,CA1-DLS,intermediate,CA1,13,0.100173
11,CA1-DLS,intermediate,CA1,14,0.36727
11,CA1-DLS,intermediate,CA1,15,0.026271
11,CA1-DLS,intermediate,CA1,16,0.018571
11,CA1-DLS,intermediate,CA1,17,0.049161
11,CA1-DLS,intermediate,CA1,18,0.081863
11,CA1-DLS,intermediate,CA1,19,0.057491
11,CA1-DLS,intermediate,CA1,20,0.200591
11,CA1-DLS,intermediate,CA1,21,0.380921
11,CA1-DLS,intermediate,CA1,22,0.622451
11,CA1-DLS,intermediate,CA1,23,0.487669
11,CA1-DLS,intermediate,CA1,24,0.171516
11,CA1-DLS,intermediate,CA1,25,0.443046
11,CA1-DLS,intermediate,CA1,26,0.018011
11,CA1-DLS,intermediate,CA1,27,0.367644
11,CA1-DLS,intermediate,DLS,0,1.150199
11,CA1-DLS,intermediate,DLS,1,0.931324
11,CA1-DLS,intermediate,DLS,2,6.776886
11,CA1-DLS,intermediate,DLS,3,1.255965
11,CA1-DLS,intermediate,DLS,4,0.0
11,CA1-DLS,expert,CA1,0,0.223656
11,CA1-DLS,expert,CA1,1,0.942738
11,CA1-DLS,expert,CA1,2,0.237473
11,CA1-DLS,expert,CA1,3,0.406364
11,CA1-DLS,expert,CA1,4,0.663351
11,CA1-DLS,expert,CA1,5,0.465797
11,CA1-DLS,expert,CA1,6,0.482084
11,CA1-DLS,expert,CA1,7,0.219438
11,CA1-DLS,expert,CA1,8,0.027836
11,CA1-DLS,expert,CA1,9,0.431549
11,CA1-DLS,expert,CA1,10,0.726197
11,CA1-DLS,expert,CA1,11,0.351772
11,CA1-DLS,expert,CA1,12,0.45063
11,CA1-DLS,expert,CA1,13,0.168642
11,CA1-DLS,expert,CA1,14,0.248381
11,CA1-DLS,expert,CA1,15,0.301691
11,CA1-DLS,expert,CA1,16,0.034684
11,CA1-DLS,expert,CA1,17,0.037507
11,CA1-DLS,expert,CA1,18,0.365221
11,CA1-DLS,expert,CA1,19,0.20431
11,CA1-DLS,expert,CA1,20,0.539717
11,CA1-DLS,expert,CA1,21,0.093198
11,CA1-DLS,expert,CA1,22,0.432514
11,CA1-DLS,expert,CA1,23,0.50372
11,CA1-DLS,expert,CA1,24,0.812681
11,CA1-DLS,expert,CA1,25,0.157822
11,CA1-DLS,expert,CA1,26,0.019417
11,CA1-DLS,expert,CA1,27,0.144542
11,CA1-DLS,expert,DLS,0,0.822503
11,CA1-DLS,expert,DLS,1,0.673895
11,CA1-DLS,expert,DLS,2,5.91489
11,CA1-DLS,expert,DLS,3,1.777708
11,CA1-DLS,expert,DLS,4,1.532536
11,CA1-ACC,naive,CA1,0,0.071082
11,CA1-ACC,naive,CA1,1,1.388625
11,CA1-ACC,naive,CA1,2,0.18103
11,CA1-ACC,naive,CA1,3,1.567541
11,CA1-ACC,naive,CA1,4,0.041475
11,CA1-ACC,naive,CA1,5,1.665302
11,CA1-ACC,naive,CA1,6,1.268035
11,CA1-ACC,naive,CA1,7,0.200499
11,CA1-ACC,naive,CA1,8,0.105561
11,CA1-ACC,naive,CA1,9,1.473728
11,CA1-ACC,naive,CA1,10,1.708422
11,CA1-ACC,naive,CA1,11,0.046875
11,CA1-ACC,naive,CA1,12,1.032002
11,CA1-ACC,naive,CA1,13,0.205476
11,CA1-ACC,naive,CA1,14,0.932746
11,CA1-ACC,naive,CA1,15,1.165756
11,CA1-ACC,naive,CA1,16,0.0
11,CA1-ACC,naive,CA1,17,0.638107
11,CA1-ACC,naive,CA1,18,1.156523
11,CA1-ACC,naive,CA1,19,1.142431
11,CA1-ACC,naive,CA1,20,1.561326
11,CA1-ACC,naive,CA1,21,0.981048
11,CA1-ACC,naive,CA1,22,1.445051
11,CA1-ACC,naive,CA1,23,1.099802
11,CA1-ACC,naive,CA1,24,1.252373
11,CA1-ACC,naive,CA1,25,0.560734
11,CA1-ACC,naive,CA1,26,0.425677
11,CA1-ACC,naive,CA1,27,0.828508
11,CA1-ACC,naive,ACC,0,0.023262
11,CA1-ACC,naive,ACC,1,0.017279
11,CA1-ACC,naive,ACC,2,0.101725
11,CA1-ACC,naive,ACC,3,0.896187
11,CA1-ACC,naive,ACC,4,0.133659
11,CA1-ACC,naive,ACC,5,0.030458
11,CA1-ACC,naive,ACC,6,0.801387
11,CA1-ACC,naive,ACC,7,0.653685
11,CA1-ACC,naive,ACC,8,0.062126
11,CA1-ACC,naive,ACC,9,0.880138
11,CA1-ACC,naive,ACC,10,0.047416
11,CA1-ACC,naive,ACC,11,0.102519
11,CA1-ACC,naive,ACC,12,0.09941
11,CA1-ACC,naive,ACC,13,0.271645
11,CA1-ACC,naive,ACC,14,0.041304
11,CA1-ACC,naive,ACC,15,0.604024
11,CA1-ACC,naive,ACC,16,0.033818
11,CA1-ACC,naive,ACC,17,0.035462
11,CA1-ACC,naive,ACC,18,0.445219
11,CA1-ACC,naive,ACC,19,0.805161
11,CA1-ACC,naive,ACC,20,0.414101
11,CA1-ACC,naive,ACC,21,0.026869
11,CA1-ACC,naive,ACC,22,0.07134
11,CA1-ACC,naive,ACC,23,0.882375
11,CA1-ACC,naive,ACC,24,0.817304
11,CA1-ACC,naive,ACC,25,0.220109
11,CA1-ACC,naive,ACC,26,0.159421
11,CA1-ACC,naive,ACC,27,0.731986
11,CA1-ACC,naive,ACC,28,0.177175
11,CA1-ACC,naive,ACC,29,0.686897
11,CA1-ACC,naive,ACC,30,0.06317
11,CA1-ACC,naive,ACC,31,0.071076
11,CA1-ACC,naive,ACC,32,0.10363
11,CA1-ACC,naive,ACC,33,0.082591
11,CA1-ACC,naive,ACC,34,0.042914
11,CA1-ACC,naive,ACC,35,0.039151
11,CA1-ACC,naive,ACC,36,0.083173
11,CA1-ACC,naive,ACC,37,0.174252
11,CA1-ACC,naive,ACC,38,0.314602
11,CA1-ACC,naive,ACC,39,0.050273
11,CA1-ACC,naive,ACC,40,0.857871
11,CA1-ACC,naive,ACC,41,0.019647
11,CA1-ACC,naive,ACC,42,0.810743
11,CA1-ACC,naive,ACC,43,0.02174
11,CA1-ACC,naive,ACC,44,0.431705
11,CA1-ACC,naive,ACC,45,0.0
11,CA1-ACC,naive,ACC,46,0.033487
11,CA1-ACC,naive,ACC,47,0.077775
11,CA1-ACC,naive,ACC,48,0.930685
11,CA1-ACC,naive,ACC,49,0.118098
11,CA1-ACC,naive,ACC,50,0.114602
11,CA1-ACC,naive,ACC,51,0.777536
11,CA1-ACC,naive,ACC,52,0.037137
11,CA1-ACC,naive,ACC,53,0.160484
11,CA1-ACC,naive,ACC,54,0.032444
11,CA1-ACC,naive,ACC,55,0.228661
11,CA1-ACC,naive,ACC,56,0.10317
11,CA1-ACC,naive,ACC,57,0.396387
11,CA1-ACC,naive,ACC,58,0.136253
11,CA1-ACC,naive,ACC,59,0.636258
11,CA1-ACC,naive,ACC,60,0.600444
11,CA1-ACC,naive,ACC,61,0.018786
11,CA1-ACC,naive,ACC,62,0.817091
11,CA1-ACC,naive,ACC,63,0.038047
11,CA1-ACC,naive,ACC,64,0.769585
11,CA1-ACC,naive,ACC,65,0.019814
11,CA1-ACC,naive,ACC,66,0.043789
11,CA1-ACC,intermediate,CA1,0,0.844784
11,CA1-ACC,intermediate,CA1,1,1.226643
11,CA1-ACC,intermediate,CA1,2,0.748991
11,CA1-ACC,intermediate,CA1,3,0.972142
11,CA1-ACC,intermediate,CA1,4,0.593473
11,CA1-ACC,intermediate,CA1,5,0.675817
11,CA1-ACC,intermediate,CA1,6,1.041195
11,CA1-ACC,intermediate,CA1,7,0.01602
11,CA1-ACC,intermediate,CA1,8,0.029646
11,CA1-ACC,intermediate,CA1,9,1.011618
11,CA1-ACC,intermediate,CA1,10,0.964836
11,CA1-ACC,intermediate,CA1,11,1.19982
11,CA1-ACC,intermediate,CA1,12,1.076231
11,CA1-ACC,intermediate,CA1,13,0.690392
11,CA1-ACC,intermediate,CA1,14,0.977607
11,CA1-ACC,intermediate,CA1,15,0.178591
11,CA1-ACC,intermediate,CA1,16,0.056072
11,CA1-ACC,intermediate,CA1,17,0.276866
11,CA1-ACC,intermediate,CA1,18,0.798648
11,CA1-ACC,intermediate,CA1,19,1.19682
11,CA1-ACC,intermediate,CA1,20,0.754918
11,CA1-ACC,intermediate,CA1,21,1.270137
11,CA1-ACC,intermediate,CA1,22,0.976886
11,CA1-ACC,intermediate,CA1,23,0.934879
11,CA1-ACC,intermediate,CA1,24,0.656232
11,CA1-ACC,intermediate,CA1,25,1.106726
11,CA1-ACC,intermediate,CA1,26,0.056965
11,CA1-ACC,intermediate,CA1,27,1.253246
11,CA1-ACC,intermediate,ACC,0,0.538535
11,CA1-ACC,intermediate,ACC,1,0.495005
11,CA1-ACC,intermediate,ACC,2,0.125432
11,CA1-ACC,intermediate,ACC,3,0.448841
11,CA1-ACC,intermediate,ACC,4,0.220693
11,CA1-ACC,intermediate,ACC,5,0.323444
11,CA1-ACC,intermediate,ACC,6,0.352699
11,CA1-ACC,intermediate,ACC,7,0.073837
11,CA1-ACC,intermediate,ACC,8,0.464443
11,CA1-ACC,intermediate,ACC,9,0.624171
11,CA1-ACC,intermediate,ACC,10,0.088084
11,CA1-ACC,intermediate,ACC,11,0.777076
11,CA1-ACC,intermediate,ACC,12,0.02943
11,CA1-ACC,intermediate,ACC,13,0.100091
11,CA1-ACC,intermediate,ACC,14,0.065799
11,CA1-ACC,intermediate,ACC,15,0.140235
11,CA1-ACC,intermediate,ACC,16,0.862445
11,CA1-ACC,intermediate,ACC,17,0.048439
11,CA1-ACC,intermediate,ACC,18,0.017159
11,CA1-ACC,intermediate,ACC,19,0.178173
11,CA1-ACC,intermediate,ACC,20,0.254528
11,CA1-ACC,intermediate,ACC,21,0.819016
11,CA1-ACC,intermediate,ACC,22,0.399464
11,CA1-ACC,intermediate,ACC,23,0.077168
11,CA1-ACC,intermediate,ACC,24,0.007234
11,CA1-ACC,intermediate,ACC,25,0.836349
11,CA1-ACC,intermediate,ACC,26,0.200645
11,CA1-ACC,intermediate,ACC,27,0.123886
11,CA1-ACC,intermediate,ACC,28,0.185916
11,CA1-ACC,intermediate,ACC,29,0.044067
11,CA1-ACC,intermediate,ACC,30,0.20506
11,CA1-ACC,intermediate,ACC,31,0.178045
11,CA1-ACC,intermediate,ACC,32,0.636583
11,CA1-ACC,intermediate,ACC,33,0.82648
11,CA1-ACC,intermediate,ACC,34,0.044606
11,CA1-ACC,intermediate,ACC,35,0.156927
11,CA1-ACC,intermediate,ACC,36,0.697101
11,CA1-ACC,intermediate,ACC,37,0.122771
11,CA1-ACC,intermediate,ACC,38,0.883407
11,CA1-ACC,intermediate,ACC,39,0.8897
11,CA1-ACC,intermediate,ACC,40,0.108914
11,CA1-ACC,intermediate,ACC,41,0.619554
11,CA1-ACC,intermediate,ACC,42,0.817849
11,CA1-ACC,intermediate,ACC,43,0.136538
11,CA1-ACC,intermediate,ACC,44,0.003002
11,CA1-ACC,intermediate,ACC,45,0.0
11,CA1-ACC,intermediate,ACC,46,0.519205
11,CA1-ACC,intermediate,ACC,47,0.861497
11,CA1-ACC,intermediate,ACC,48,0.167272
11,CA1-ACC,intermediate,ACC,49,0.044296
11,CA1-ACC,intermediate,ACC,50,0.132336
11,CA1-ACC,intermediate,ACC,51,0.051223
11,CA1-ACC,intermediate,ACC,52,0.11535
11,CA1-ACC,intermediate,ACC,53,0.720432
11,CA1-ACC,intermediate,ACC,54,0.569329
11,CA1-ACC,intermediate,ACC,55,0.32902
11,CA1-ACC,intermediate,ACC,56,0.067697
11,CA1-ACC,intermediate,ACC,57,0.0
11,CA1-ACC,intermediate,ACC,58,0.072141
11,CA1-ACC,intermediate,ACC,59,0.038521
11,CA1-ACC,intermediate,ACC,60,0.035098
11,CA1-ACC,intermediate,ACC,61,0.897517
11,CA1-ACC,intermediate,ACC,62,0.391401
11,CA1-ACC,intermediate,ACC,63,0.00636
11,CA1-ACC,intermediate,ACC,64,0.778142
11,CA1-ACC,intermediate,ACC,65,0.190095
11,CA1-ACC,intermediate,ACC,66,0.235213
11,CA1-ACC,expert,CA1,0,0.772974
11,CA1-ACC,expert,CA1,1,1.14099
11,CA1-ACC,expert,CA1,2,0.774389
11,CA1-ACC,expert,CA1,3,0.952911
11,CA1-ACC,expert,CA1,4,0.760796
11,CA1-ACC,expert,CA1,5,0.764989
11,CA1-ACC,expert,CA1,6,1.033216
11,CA1-ACC,expert,CA1,7,0.874329
11,CA1-ACC,expert,CA1,8,0.045764
11,CA1-ACC,expert,CA1,9,1.026721
11,CA1-ACC,expert,CA1,10,0.794665
11,CA1-ACC,expert,CA1,11,1.060572
11,CA1-ACC,expert,CA1,12,1.064596
11,CA1-ACC,expert,CA1,13,0.80225
11,CA1-ACC,expert,CA1,14,1.071614
11,CA1-ACC,expert,CA1,15,0.950571
11,CA1-ACC,expert,CA1,16,0.049971
11,CA1-ACC,expert,CA1,17,0.139254
11,CA1-ACC,expert,CA1,18,0.959404
11,CA1-ACC,expert,CA1,19,0.850046
11,CA1-ACC,expert,CA1,20,0.739821
11,CA1-ACC,expert,CA1,21,0.162747
11,CA1-ACC,expert,CA1,22,1.023776
11,CA1-ACC,expert,CA1,23,1.04707
11,CA1-ACC,expert,CA1,24,1.139427
11,CA1-ACC,expert,CA1,25,0.220117
11,CA1-ACC,expert,CA1,26,0.059153
11,CA1-ACC,expert,CA1,27,0.215316
11,CA1-ACC,expert,ACC,0,0.641869
11,CA1-ACC,expert,ACC,1,0.561575
11,CA1-ACC,expert,ACC,2,0.256554
11,CA1-ACC,expert,ACC,3,0.080407
11,CA1-ACC,expert,ACC,4,0.318344
11,CA1-ACC,expert,ACC,5,0.625834
11,CA1-ACC,expert,ACC,6,0.192301
11,CA1-ACC,expert,ACC,7,0.060097
11,CA1-ACC,expert,ACC,8,0.108171
11,CA1-ACC,expert,ACC,9,0.738369
11,CA1-ACC,expert,ACC,10,0.060824
11,CA1-ACC,expert,ACC,11,0.609699
11,CA1-ACC,expert,ACC,12,0.154537
11,CA1-ACC,expert,ACC,13,0.248768
11,CA1-ACC,expert,ACC,14,0.128934
11,CA1-ACC,expert,ACC,15,0.116035
11,CA1-ACC,expert,ACC,16,0.156978
11,CA1-ACC,expert,ACC,17,0.141038
11,CA1-ACC,expert,ACC,18,0.067917
11,CA1-ACC,expert,ACC,19,0.202176
11,CA1-ACC,expert,ACC,20,0.090306
11,CA1-ACC,expert,ACC,21,0.850534
11,CA1-ACC,expert,ACC,22,0.17069
11,CA1-ACC,expert,ACC,23,0.091793
11,CA1-ACC,expert,ACC,24,0.010967
11,CA1-ACC,expert,ACC,25,0.25253
11,CA1-ACC,expert,ACC,26,0.125725
11,CA1-ACC,expert,ACC,27,0.23214
11,CA1-ACC,expert,ACC,28,0.077705
11,CA1-ACC,expert,ACC,29,0.061043
11,CA1-ACC,expert,ACC,30,0.072431
11,CA1-ACC,expert,ACC,31,0.288012
11,CA1-ACC,expert,ACC,32,0.796993
11,CA1-ACC,expert,ACC,33,0.798111
11,CA1-ACC,expert,ACC,34,0.078732
11,CA1-ACC,expert,ACC,35,0.142032
11,CA1-ACC,expert,ACC,36,0.695064
11,CA1-ACC,expert,ACC,37,0.82469
11,CA1-ACC,expert,ACC,38,0.147116
11,CA1-ACC,expert,ACC,39,0.945269
11,CA1-ACC,expert,ACC,40,0.143015
11,CA1-ACC,expert,ACC,41,0.116407
11,CA1-ACC,expert,ACC,42,0.114131
11,CA1-ACC,expert,ACC,43,0.616824
11,CA1-ACC,expert,ACC,44,0.814564
11,CA1-ACC,expert,ACC,45,0.559233
11,CA1-ACC,expert,ACC,46,0.200941
11,CA1-ACC,expert,ACC,47,0.414315
11,CA1-ACC,expert,ACC,48,0.056058
11,CA1-ACC,expert,ACC,49,0.037035
11,CA1-ACC,expert,ACC,50,0.258247
11,CA1-ACC,expert,ACC,51,0.051323
11,CA1-ACC,expert,ACC,52,0.11753
11,CA1-ACC,expert,ACC,53,0.825152
11,CA1-ACC,expert,ACC,54,0.785881
11,CA1-ACC,expert,ACC,55,0.070464
11,CA1-ACC,expert,ACC,56,0.079519
11,CA1-ACC,expert,ACC,57,0.199136
11,CA1-ACC,expert,ACC,58,0.061109
11,CA1-ACC,expert,ACC,59,0.751915
11,CA1-ACC,expert,ACC,60,0.042794
11,CA1-ACC,expert,ACC,61,0.742712
11,CA1-ACC,expert,ACC,62,0.87127
11,CA1-ACC,expert,ACC,63,0.071572
11,CA1-ACC,expert,ACC,64,0.738285
11,CA1-ACC,expert,ACC,65,0.807025
11,CA1-ACC,expert,ACC,66,0.875875
11,CA1-V1,naive,CA1,0,0.067095
11,CA1-V1,naive,CA1,1,1.387148
11,CA1-V1,naive,CA1,2,0.198033
11,CA1-V1,naive,CA1,3,1.561856
11,CA1-V1,naive,CA1,4,0.037508
11,CA1-V1,naive,CA1,5,1.664425
11,CA1-V1,naive,CA1,6,1.267874
11,CA1-V1,naive,CA1,7,0.199844
11,CA1-V1,naive,CA1,8,0.102934
11,CA1-V1,naive,CA1,9,1.471707
11,CA1-V1,naive,CA1,10,1.690955
11,CA1-V1,naive,CA1,11,0.045347
11,CA1-V1,naive,CA1,12,1.035174
11,CA1-V1,naive,CA1,13,0.210437
11,CA1-V1,naive,CA1,14,0.932356
11,CA1-V1,naive,CA1,15,1.167166
11,CA1-V1,naive,CA1,16,0.0
11,CA1-V1,naive,CA1,17,0.63843
11,CA1-V1,naive,CA1,18,1.154551
11,CA1-V1,naive,CA1,19,1.135402
11,CA1-V1,naive,CA1,20,1.564542
11,CA1-V1,naive,CA1,21,0.977674
11,CA1-V1,naive,CA1,22,1.433033
11,CA1-V1,naive,CA1,23,1.09162
11,CA1-V1,naive,CA1,24,1.263215
11,CA1-V1,naive,CA1,25,0.561975
11,CA1-V1,naive,CA1,26,0.425757
11,CA1-V1,naive,CA1,27,0.826828
11,CA1-V1,naive,V1,0,0.030897
11,CA1-V1,naive,V1,1,0.759118
11,CA1-V1,naive,V1,2,1.014835
11,CA1-V1,naive,V1,3,0.192231
11,CA1-V1,naive,V1,4,0.944158
11,CA1-V1,naive,V1,5,0.10659
11,CA1-V1,naive,V1,6,0.154401
11,CA1-V1,naive,V1,7,1.013451
11,CA1-V1,naive,V1,8,0.168811
11,CA1-V1,naive,V1,9,0.061596
11,CA1-V1,naive,V1,10,0.890691
11,CA1-V1,naive,V1,11,0.676263
11,CA1-V1,naive,V1,12,0.396777
11,CA1-V1,naive,V1,13,0.133375
11,CA1-V1,naive,V1,14,0.7202
11,CA1-V1,naive,V1,15,0.095513
11,CA1-V1,naive,V1,16,0.953304
11,CA1-V1,naive,V1,17,0.127002
11,CA1-V1,naive,V1,18,0.782846
11,CA1-V1,naive,V1,19,0.079146
11,CA1-V1,naive,V1,20,0.737106
11,CA1-V1,naive,V1,21,0.166316
11,CA1-V1,naive,V1,22,0.047239
11,CA1-V1,naive,V1,23,0.087676
11,CA1-V1,naive,V1,24,0.069668
11,CA1-V1,naive,V1,25,0.916009
11,CA1-V1,naive,V1,26,0.008907
11,CA1-V1,naive,V1,27,0.098986
11,CA1-V1,naive,V1,28,0.027442
11,CA1-V1,naive,V1,29,0.009471
11,CA1-V1,naive,V1,30,0.071134
11,CA1-V1,naive,V1,31,0.212613
11,CA1-V1,naive,V1,32,0.019656
11,CA1-V1,naive,V1,33,0.020112
11,CA1-V1,naive,V1,34,0.552505
11,CA1-V1,naive,V1,35,0.604713
11,CA1-V1,naive,V1,36,0.117482
11,CA1-V1,naive,V1,37,0.61851
11,CA1-V1,naive,V1,38,0.104564
11,CA1-V1,naive,V1,39,0.0
11,CA1-V1,naive,V1,40,0.998927
11,CA1-V1,naive,V1,41,0.998927
11,CA1-V1,naive,V1,42,0.040313
11,CA1-V1,naive,V1,43,0.102813
11,CA1-V1,naive,V1,44,0.328655
11,CA1-V1,naive,V1,45,0.042797
11,CA1-V1,naive,V1,46,0.140058
11,CA1-V1,naive,V1,47,0.027023
11,CA1-V1,naive,V1,48,0.020101
11,CA1-V1,naive,V1,49,0.029873
11,CA1-V1,naive,V1,50,0.12071
11,CA1-V1,naive,V1,51,0.010936
11,CA1-V1,naive,V1,52,0.051411
11,CA1-V1,naive,V1,53,0.917226
11,CA1-V1,naive,V1,54,0.758699
11,CA1-V1,naive,V1,55,0.052318
11,CA1-V1,naive,V1,56,0.096568
11,CA1-V1,naive,V1,57,0.847387
11,CA1-V1,naive,V1,58,1.03572
11,CA1-V1,naive,V1,59,0.024058
11,CA1-V1,naive,V1,60,0.014779
11,CA1-V1,naive,V1,61,0.00423
11,CA1-V1,naive,V1,62,0.144238
11,CA1-V1,naive,V1,63,0.086535
11,CA1-V1,naive,V1,64,0.049745
11,CA1-V1,naive,V1,65,0.106361
11,CA1-V1,naive,V1,66,0.178783
11,CA1-V1,intermediate,CA1,0,0.84441
11,CA1-V1,intermediate,CA1,1,1.227157
11,CA1-V1,intermediate,CA1,2,0.75645
11,CA1-V1,intermediate,CA1,3,0.976167
11,CA1-V1,intermediate,CA1,4,0.557841
11,CA1-V1,intermediate,CA1,5,0.677092
11,CA1-V1,intermediate,CA1,6,1.038624
11,CA1-V1,intermediate,CA1,7,0.016527
11,CA1-V1,intermediate,CA1,8,0.040289
11,CA1-V1,intermediate,CA1,9,1.016161
11,CA1-V1,intermediate,CA1,10,0.900649
11,CA1-V1,intermediate,CA1,11,1.196812
11,CA1-V1,intermediate,CA1,12,1.085574
11,CA1-V1,intermediate,CA1,13,0.689681
11,CA1-V1,intermediate,CA1,14,0.982982
11,CA1-V1,intermediate,CA1,15,0.235876
11,CA1-V1,intermediate,CA1,16,0.050442
11,CA1-V1,intermediate,CA1,17,0.175086
11,CA1-V1,intermediate,CA1,18,0.795269
11,CA1-V1,intermediate,CA1,19,1.192866
11,CA1-V1,intermediate,CA1,20,0.758956
11,CA1-V1,intermediate,CA1,21,1.254624
11,CA1-V1,intermediate,CA1,22,0.969041
11,CA1-V1,intermediate,CA1,23,0.936079
11,CA1-V1,intermediate,CA1,24,0.718806
11,CA1-V1,intermediate,CA1,25,1.060939
11,CA1-V1,intermediate,CA1,26,0.047269
11,CA1-V1,intermediate,CA1,27,1.259965
11,CA1-V1,intermediate,V1,0,0.835185
11,CA1-V1,intermediate,V1,1,0.565849
11,CA1-V1,intermediate,V1,2,0.611004
11,CA1-V1,intermediate,V1,3,0.860629
11,CA1-V1,intermediate,V1,4,0.884387
11,CA1-V1,intermediate,V1,5,0.744417
11,CA1-V1,intermediate,V1,6,0.593038
11,CA1-V1,intermediate,V1,7,0.446518
11,CA1-V1,intermediate,V1,8,0.452845
11,CA1-V1,intermediate,V1,9,0.552947
11,CA1-V1,intermediate,V1,10,0.875583
11,CA1-V1,intermediate,V1,11,0.131921
11,CA1-V1,intermediate,V1,12,0.041247
11,CA1-V1,intermediate,V1,13,0.51007
11,CA1-V1,intermediate,V1,14,0.262279
11,CA1-V1,intermediate,V1,15,0.211179
11,CA1-V1,intermediate,V1,16,0.113439
11,CA1-V1,intermediate,V1,17,0.22573
11,CA1-V1,intermediate,V1,18,0.226129
11,CA1-V1,intermediate,V1,19,0.717923
11,CA1-V1,intermediate,V1,20,0.766759
11,CA1-V1,intermediate,V1,21,0.281278
11,CA1-V1,intermediate,V1,22,0.128609
11,CA1-V1,intermediate,V1,23,0.805749
11,CA1-V1,intermediate,V1,24,0.232604
11,CA1-V1,intermediate,V1,25,0.385976
11,CA1-V1,intermediate,V1,26,0.731208
11,CA1-V1,intermediate,V1,27,0.934445
11,CA1-V1,intermediate,V1,28,0.864011
11,CA1-V1,intermediate,V1,29,0.045831
11,CA1-V1,intermediate,V1,30,0.843898
11,CA1-V1,intermediate,V1,31,0.965421
11,CA1-V1,intermediate,V1,32,0.053471
11,CA1-V1,intermediate,V1,33,0.581754
11,CA1-V1,intermediate,V1,34,0.878731
11,CA1-V1,intermediate,V1,35,0.060066
11,CA1-V1,intermediate,V1,36,0.0
11,CA1-V1,intermediate,V1,37,0.741976
11,CA1-V1,intermediate,V1,38,0.030049
11,CA1-V1,intermediate,V1,39,0.155236
11,CA1-V1,intermediate,V1,40,0.934406
11,CA1-V1,intermediate,V1,41,0.422
11,CA1-V1,intermediate,V1,42,0.223416
11,CA1-V1,intermediate,V1,43,0.046565
11,CA1-V1,intermediate,V1,44,0.198479
11,CA1-V1,intermediate,V1,45,0.210937
11,CA1-V1,intermediate,V1,46,0.410065
11,CA1-V1,intermediate,V1,47,0.117971
11,CA1-V1,intermediate,V1,48,0.491332
11,CA1-V1,intermediate,V1,49,0.053574
11,CA1-V1,intermediate,V1,50,0.476964
11,CA1-V1,intermediate,V1,51,0.034269
11,CA1-V1,intermediate,V1,52,0.826903
11,CA1-V1,intermediate,V1,53,0.228407
11,CA1-V1,intermediate,V1,54,0.202594
11,CA1-V1,intermediate,V1,55,0.374816
11,CA1-V1,intermediate,V1,56,0.042108
11,CA1-V1,intermediate,V1,57,0.62858
11,CA1-V1,intermediate,V1,58,0.759597
11,CA1-V1,intermediate,V1,59,0.877961
11,CA1-V1,intermediate,V1,60,0.047332
11,CA1-V1,intermediate,V1,61,0.186644
11,CA1-V1,intermediate,V1,62,0.796666
11,CA1-V1,intermediate,V1,63,0.522724
11,CA1-V1,intermediate,V1,64,0.221102
11,CA1-V1,intermediate,V1,65,0.337632
11,CA1-V1,intermediate,V1,66,0.129017
11,CA1-V1,expert,CA1,0,0.773628
11,CA1-V1,expert,CA1,1,1.082904
11,CA1-V1,expert,CA1,2,0.7767
11,CA1-V1,expert,CA1,3,0.95162
11,CA1-V1,expert,CA1,4,0.692927
11,CA1-V1,expert,CA1,5,0.764811
11,CA1-V1,expert,CA1,6,1.032981
11,CA1-V1,expert,CA1,7,0.868859
11,CA1-V1,expert,CA1,8,0.043942
11,CA1-V1,expert,CA1,9,1.028909
11,CA1-V1,expert,CA1,10,0.840531
11,CA1-V1,expert,CA1,11,1.059557
11,CA1-V1,expert,CA1,12,1.059529
11,CA1-V1,expert,CA1,13,0.80052
11,CA1-V1,expert,CA1,14,1.07148
11,CA1-V1,expert,CA1,15,0.93557
11,CA1-V1,expert,CA1,16,0.050566
11,CA1-V1,expert,CA1,17,0.141112
11,CA1-V1,expert,CA1,18,0.960054
11,CA1-V1,expert,CA1,19,0.834821
11,CA1-V1,expert,CA1,20,0.737818
11,CA1-V1,expert,CA1,21,0.157908
11,CA1-V1,expert,CA1,22,1.020544
11,CA1-V1,expert,CA1,23,1.046377
11,CA1-V1,expert,CA1,24,1.147186
11,CA1-V1,expert,CA1,25,0.21054
11,CA1-V1,expert,CA1,26,0.05853
11,CA1-V1,expert,CA1,27,0.261187
11,CA1-V1,expert,V1,0,0.741205
11,CA1-V1,expert,V1,1,0.314209
11,CA1-V1,expert,V1,2,0.219401
11,CA1-V1,expert,V1,3,0.633628
11,CA1-V1,expert,V1,4,0.960206
11,CA1-V1,expert,V1,5,0.707586
11,CA1-V1,expert,V1,6,0.51166
11,CA1-V1,expert,V1,7,0.353018
11,CA1-V1,expert,V1,8,0.937069
11,CA1-V1,expert,V1,9,0.292853
11,CA1-V1,expert,V1,10,0.191373
11,CA1-V1,expert,V1,11,0.081151
11,CA1-V1,expert,V1,12,0.042515
11,CA1-V1,expert,V1,13,0.394014
11,CA1-V1,expert,V1,14,0.106917
11,CA1-V1,expert,V1,15,0.712538
11,CA1-V1,expert,V1,16,0.10878
11,CA1-V1,expert,V1,17,0.262952
11,CA1-V1,expert,V1,18,0.177701
11,CA1-V1,expert,V1,19,0.660419
11,CA1-V1,expert,V1,20,0.179035
11,CA1-V1,expert,V1,21,0.290589
11,CA1-V1,expert,V1,22,0.276804
11,CA1-V1,expert,V1,23,0.909169
11,CA1-V1,expert,V1,24,0.118992
11,CA1-V1,expert,V1,25,0.29463
11,CA1-V1,expert,V1,26,0.958674
11,CA1-V1,expert,V1,27,0.95056
11,CA1-V1,expert,V1,28,0.830247
11,CA1-V1,expert,V1,29,0.048621
11,CA1-V1,expert,V1,30,0.931733
11,CA1-V1,expert,V1,31,1.003482
11,CA1-V1,expert,V1,32,0.033956
11,CA1-V1,expert,V1,33,0.341927
11,CA1-V1,expert,V1,34,0.264688
11,CA1-V1,expert,V1,35,0.137831
11,CA1-V1,expert,V1,36,3e-06
11,CA1-V1,expert,V1,37,0.061493
11,CA1-V1,expert,V1,38,0.016719
11,CA1-V1,expert,V1,39,0.121896
11,CA1-V1,expert,V1,40,0.882435
11,CA1-V1,expert,V1,41,0.947195
11,CA1-V1,expert,V1,42,0.168856
11,CA1-V1,expert,V1,43,0.027759
11,CA1-V1,expert,V1,44,0.874847
11,CA1-V1,expert,V1,45,0.160886
11,CA1-V1,expert,V1,46,0.487201
11,CA1-V1,expert,V1,47,0.864514
11,CA1-V1,expert,V1,48,0.441394
11,CA1-V1,expert,V1,49,0.591562
11,CA1-V1,expert,V1,50,0.678364
11,CA1-V1,expert,V1,51,0.326474
11,CA1-V1,expert,V1,52,0.863019
11,CA1-V1,expert,V1,53,0.205423
11,CA1-V1,expert,V1,54,0.147687
11,CA1-V1,expert,V1,55,0.030527
11,CA1-V1,expert,V1,56,0.011825
11,CA1-V1,expert,V1,57,0.076113
11,CA1-V1,expert,V1,58,0.923818
11,CA1-V1,expert,V1,59,0.080983
11,CA1-V1,expert,V1,60,0.093413
11,CA1-V1,expert,V1,61,0.085723
11,CA1-V1,expert,V1,62,0.614563
11,CA1-V1,expert,V1,63,0.446684
11,CA1-V1,expert,V1,64,0.068581
11,CA1-V1,expert,V1,65,0.947758
11,CA1-V1,expert,V1,66,0.164314
11,DG-DMS,naive,DG,0,0.552463
11,DG-DMS,naive,DG,1,1.237805
11,DG-DMS,naive,DG,2,4.15081
11,DG-DMS,naive,DG,3,1.03847
11,DG-DMS,naive,DG,4,1.299719
11,DG-DMS,naive,DG,5,1.263144
11,DG-DMS,naive,DMS,0,0.543414
11,DG-DMS,naive,DMS,1,0.771653
11,DG-DMS,naive,DMS,2,0.361261
11,DG-DMS,naive,DMS,3,0.329843
11,DG-DMS,naive,DMS,4,0.52713
11,DG-DMS,naive,DMS,5,0.842096
11,DG-DMS,naive,DMS,6,0.174006
11,DG-DMS,naive,DMS,7,0.494856
11,DG-DMS,naive,DMS,8,1.61671
11,DG-DMS,naive,DMS,9,0.280519
11,DG-DMS,naive,DMS,10,0.468841
11,DG-DMS,naive,DMS,11,0.674046
11,DG-DMS,naive,DMS,12,0.624092
11,DG-DMS,naive,DMS,13,0.565258
11,DG-DMS,naive,DMS,14,0.396167
11,DG-DMS,naive,DMS,15,0.283778
11,DG-DMS,naive,DMS,16,0.130773
11,DG-DMS,naive,DMS,17,0.249757
11,DG-DMS,naive,DMS,18,1.646752
11,DG-DMS,naive,DMS,19,0.353487
11,DG-DMS,intermediate,DG,0,1.13938
11,DG-DMS,intermediate,DG,1,1.150606
11,DG-DMS,intermediate,DG,2,1.11407
11,DG-DMS,intermediate,DG,3,1.369349
11,DG-DMS,intermediate,DG,4,1.698485
11,DG-DMS,intermediate,DG,5,1.184991
11,DG-DMS,intermediate,DMS,0,0.354411
11,DG-DMS,intermediate,DMS,1,0.287482
11,DG-DMS,intermediate,DMS,2,0.684802
11,DG-DMS,intermediate,DMS,3,0.498239
11,DG-DMS,intermediate,DMS,4,0.169728
11,DG-DMS,intermediate,DMS,5,0.237583
11,DG-DMS,intermediate,DMS,6,1.019327
11,DG-DMS,intermediate,DMS,7,1.879076
11,DG-DMS,intermediate,DMS,8,0.596427
11,DG-DMS,intermediate,DMS,9,0.767482
11,DG-DMS,intermediate,DMS,10,0.377843
11,DG-DMS,intermediate,DMS,11,2.907593
11,DG-DMS,intermediate,DMS,12,0.811424
11,DG-DMS,intermediate,DMS,13,0.302091
11,DG-DMS,intermediate,DMS,14,1.329721
11,DG-DMS,intermediate,DMS,15,3.701644
11,DG-DMS,intermediate,DMS,16,0.994806
11,DG-DMS,intermediate,DMS,17,0.668675
11,DG-DMS,intermediate,DMS,18,1.23529
11,DG-DMS,intermediate,DMS,19,0.334986
11,DG-DMS,expert,DG,0,1.542693
11,DG-DMS,expert,DG,1,1.110799
11,DG-DMS,expert,DG,2,1.081494
11,DG-DMS,expert,DG,3,1.478335
11,DG-DMS,expert,DG,4,1.374403
11,DG-DMS,expert,DG,5,1.191537
11,DG-DMS,expert,DMS,0,0.692537
11,DG-DMS,expert,DMS,1,0.467218
11,DG-DMS,expert,DMS,2,0.405747
11,DG-DMS,expert,DMS,3,0.750283
11,DG-DMS,expert,DMS,4,0.485804
11,DG-DMS,expert,DMS,5,0.580627
11,DG-DMS,expert,DMS,6,1.264398
11,DG-DMS,expert,DMS,7,0.686819
11,DG-DMS,expert,DMS,8,1.012555
11,DG-DMS,expert,DMS,9,0.390373
11,DG-DMS,expert,DMS,10,0.62784
11,DG-DMS,expert,DMS,11,0.282098
11,DG-DMS,expert,DMS,12,0.925629
11,DG-DMS,expert,DMS,13,0.581748
11,DG-DMS,expert,DMS,14,0.74494
11,DG-DMS,expert,DMS,15,1.144386
11,DG-DMS,expert,DMS,16,1.792045
11,DG-DMS,expert,DMS,17,1.142756
11,DG-DMS,expert,DMS,18,0.944439
11,DG-DMS,expert,DMS,19,1.391709
11,DG-DLS,naive,DG,0,0.362281
11,DG-DLS,naive,DG,1,1.204703
11,DG-DLS,naive,DG,2,3.906034
11,DG-DLS,naive,DG,3,1.028904
11,DG-DLS,naive,DG,4,1.292263
11,DG-DLS,naive,DG,5,1.208911
11,DG-DLS,naive,DLS,0,1.66259
11,DG-DLS,naive,DLS,1,0.96162
11,DG-DLS,naive,DLS,2,3.457926
11,DG-DLS,naive,DLS,3,0.739868
11,DG-DLS,naive,DLS,4,0.755546
11,DG-DLS,intermediate,DG,0,0.311304
11,DG-DLS,intermediate,DG,1,0.910023
11,DG-DLS,intermediate,DG,2,0.982538
11,DG-DLS,intermediate,DG,3,1.143819
11,DG-DLS,intermediate,DG,4,1.599984
11,DG-DLS,intermediate,DG,5,1.094923
11,DG-DLS,intermediate,DLS,0,1.155179
11,DG-DLS,intermediate,DLS,1,0.95218
11,DG-DLS,intermediate,DLS,2,6.785161
11,DG-DLS,intermediate,DLS,3,1.265214
11,DG-DLS,intermediate,DLS,4,0.0
11,DG-DLS,expert,DG,0,0.798973
11,DG-DLS,expert,DG,1,1.101358
11,DG-DLS,expert,DG,2,1.077539
11,DG-DLS,expert,DG,3,1.440833
11,DG-DLS,expert,DG,4,1.269232
11,DG-DLS,expert,DG,5,1.175454
11,DG-DLS,expert,DLS,0,0.825336
11,DG-DLS,expert,DLS,1,0.70311
11,DG-DLS,expert,DLS,2,5.927938
11,DG-DLS,expert,DLS,3,1.781092
11,DG-DLS,expert,DLS,4,1.536301
11,DG-ACC,naive,DG,0,0.551555
11,DG-ACC,naive,DG,1,1.233151
11,DG-ACC,naive,DG,2,4.121192
11,DG-ACC,naive,DG,3,1.025874
11,DG-ACC,naive,DG,4,1.293964
11,DG-ACC,naive,DG,5,1.250036
11,DG-ACC,naive,ACC,0,0.010359
11,DG-ACC,naive,ACC,1,0.008676
11,DG-ACC,naive,ACC,2,0.045268
11,DG-ACC,naive,ACC,3,0.315512
11,DG-ACC,naive,ACC,4,0.044516
11,DG-ACC,naive,ACC,5,0.019519
11,DG-ACC,naive,ACC,6,0.573239
11,DG-ACC,naive,ACC,7,0.567718
11,DG-ACC,naive,ACC,8,0.016845
11,DG-ACC,naive,ACC,9,0.61471
11,DG-ACC,naive,ACC,10,0.023425
11,DG-ACC,naive,ACC,11,0.047044
11,DG-ACC,naive,ACC,12,0.048107
11,DG-ACC,naive,ACC,13,0.113233
11,DG-ACC,naive,ACC,14,0.014048
11,DG-ACC,naive,ACC,15,0.203662
11,DG-ACC,naive,ACC,16,0.012129
11,DG-ACC,naive,ACC,17,0.02121
11,DG-ACC,naive,ACC,18,0.273156
11,DG-ACC,naive,ACC,19,0.42854
11,DG-ACC,naive,ACC,20,0.245515
11,DG-ACC,naive,ACC,21,0.007182
11,DG-ACC,naive,ACC,22,0.040164
11,DG-ACC,naive,ACC,23,0.312985
11,DG-ACC,naive,ACC,24,0.298434
11,DG-ACC,naive,ACC,25,0.092419
11,DG-ACC,naive,ACC,26,0.059725
11,DG-ACC,naive,ACC,27,0.587012
11,DG-ACC,naive,ACC,28,0.089311
11,DG-ACC,naive,ACC,29,0.297524
11,DG-ACC,naive,ACC,30,0.032012
11,DG-ACC,naive,ACC,31,0.032545
11,DG-ACC,naive,ACC,32,0.037552
11,DG-ACC,naive,ACC,33,0.028912
11,DG-ACC,naive,ACC,34,0.021169
11,DG-ACC,naive,ACC,35,0.016807
11,DG-ACC,naive,ACC,36,0.03583
11,DG-ACC,naive,ACC,37,0.097925
11,DG-ACC,naive,ACC,38,0.196915
11,DG-ACC,naive,ACC,39,0.030531
11,DG-ACC,naive,ACC,40,0.400937
11,DG-ACC,naive,ACC,41,0.008688
11,DG-ACC,naive,ACC,42,0.353592
11,DG-ACC,naive,ACC,43,0.00977
11,DG-ACC,naive,ACC,44,0.162969
11,DG-ACC,naive,ACC,45,0.0
11,DG-ACC,naive,ACC,46,0.015089
11,DG-ACC,naive,ACC,47,0.041617
11,DG-ACC,naive,ACC,48,0.312083
11,DG-ACC,naive,ACC,49,0.069028
11,DG-ACC,naive,ACC,50,0.102717
11,DG-ACC,naive,ACC,51,0.681516
11,DG-ACC,naive,ACC,52,0.015989
11,DG-ACC,naive,ACC,53,0.065508
11,DG-ACC,naive,ACC,54,0.026822
11,DG-ACC,naive,ACC,55,0.102827
11,DG-ACC,naive,ACC,56,0.038586
11,DG-ACC,naive,ACC,57,0.265113
11,DG-ACC,naive,ACC,58,0.046382
11,DG-ACC,naive,ACC,59,0.113155
11,DG-ACC,naive,ACC,60,0.103109
11,DG-ACC,naive,ACC,61,0.015662
11,DG-ACC,naive,ACC,62,0.364583
11,DG-ACC,naive,ACC,63,0.024605
11,DG-ACC,naive,ACC,64,0.296201
11,DG-ACC,naive,ACC,65,0.008373
11,DG-ACC,naive,ACC,66,0.035386
11,DG-ACC,intermediate,DG,0,1.14236
11,DG-ACC,intermediate,DG,1,1.135072
11,DG-ACC,intermediate,DG,2,1.10555
11,DG-ACC,intermediate,DG,3,1.370956
11,DG-ACC,intermediate,DG,4,1.701902
11,DG-ACC,intermediate,DG,5,1.205797
11,DG-ACC,intermediate,ACC,0,0.310623
11,DG-ACC,intermediate,ACC,1,0.248531
11,DG-ACC,intermediate,ACC,2,0.083255
11,DG-ACC,intermediate,ACC,3,0.18271
11,DG-ACC,intermediate,ACC,4,0.15301
11,DG-ACC,intermediate,ACC,5,0.246854
11,DG-ACC,intermediate,ACC,6,0.167722
11,DG-ACC,intermediate,ACC,7,0.032016
11,DG-ACC,intermediate,ACC,8,0.291602
11,DG-ACC,intermediate,ACC,9,0.520496
11,DG-ACC,intermediate,ACC,10,0.054806
11,DG-ACC,intermediate,ACC,11,0.436811
11,DG-ACC,intermediate,ACC,12,0.012375
11,DG-ACC,intermediate,ACC,13,0.063121
11,DG-ACC,intermediate,ACC,14,0.053044
11,DG-ACC,intermediate,ACC,15,0.064482
11,DG-ACC,intermediate,ACC,16,0.787472
11,DG-ACC,intermediate,ACC,17,0.028428
11,DG-ACC,intermediate,ACC,18,0.008725
11,DG-ACC,intermediate,ACC,19,0.110834
11,DG-ACC,intermediate,ACC,20,0.124283
11,DG-ACC,intermediate,ACC,21,0.33168
11,DG-ACC,intermediate,ACC,22,0.175021
11,DG-ACC,intermediate,ACC,23,0.05559
11,DG-ACC,intermediate,ACC,24,0.002033
11,DG-ACC,intermediate,ACC,25,0.370188
11,DG-ACC,intermediate,ACC,26,0.108318
11,DG-ACC,intermediate,ACC,27,0.073216
11,DG-ACC,intermediate,ACC,28,0.069061
11,DG-ACC,intermediate,ACC,29,0.027496
11,DG-ACC,intermediate,ACC,30,0.082807
11,DG-ACC,intermediate,ACC,31,0.080296
11,DG-ACC,intermediate,ACC,32,0.267624
11,DG-ACC,intermediate,ACC,33,0.261843
11,DG-ACC,intermediate,ACC,34,0.010171
11,DG-ACC,intermediate,ACC,35,0.085852
11,DG-ACC,intermediate,ACC,36,0.37445
11,DG-ACC,intermediate,ACC,37,0.057111
11,DG-ACC,intermediate,ACC,38,0.225031
11,DG-ACC,intermediate,ACC,39,0.20289
11,DG-ACC,intermediate,ACC,40,0.054046
11,DG-ACC,intermediate,ACC,41,0.358204
11,DG-ACC,intermediate,ACC,42,0.356416
11,DG-ACC,intermediate,ACC,43,0.070167
11,DG-ACC,intermediate,ACC,44,0.00122
11,DG-ACC,intermediate,ACC,45,0.0
11,DG-ACC,intermediate,ACC,46,0.404172
11,DG-ACC,intermediate,ACC,47,0.611033
11,DG-ACC,intermediate,ACC,48,0.105282
11,DG-ACC,intermediate,ACC,49,0.027525
11,DG-ACC,intermediate,ACC,50,0.057387
11,DG-ACC,intermediate,ACC,51,0.010086
11,DG-ACC,intermediate,ACC,52,0.068347
11,DG-ACC,intermediate,ACC,53,0.248638
11,DG-ACC,intermediate,ACC,54,0.311136
11,DG-ACC,intermediate,ACC,55,0.171634
11,DG-ACC,intermediate,ACC,56,0.030902
11,DG-ACC,intermediate,ACC,57,0.0
11,DG-ACC,intermediate,ACC,58,0.024223
11,DG-ACC,intermediate,ACC,59,0.027574
11,DG-ACC,intermediate,ACC,60,0.007635
11,DG-ACC,intermediate,ACC,61,0.590966
11,DG-ACC,intermediate,ACC,62,0.153992
11,DG-ACC,intermediate,ACC,63,0.003461
11,DG-ACC,intermediate,ACC,64,0.277768
11,DG-ACC,intermediate,ACC,65,0.050612
11,DG-ACC,intermediate,ACC,66,0.101336
11,DG-ACC,expert,DG,0,1.528973
11,DG-ACC,expert,DG,1,1.09575
11,DG-ACC,expert,DG,2,1.074148
11,DG-ACC,expert,DG,3,1.464762
11,DG-ACC,expert,DG,4,1.357816
11,DG-ACC,expert,DG,5,1.170293
11,DG-ACC,expert,ACC,0,0.376692
11,DG-ACC,expert,ACC,1,0.183082
11,DG-ACC,expert,ACC,2,0.138346
11,DG-ACC,expert,ACC,3,0.038849
11,DG-ACC,expert,ACC,4,0.232719
11,DG-ACC,expert,ACC,5,0.278491
11,DG-ACC,expert,ACC,6,0.091379
11,DG-ACC,expert,ACC,7,0.036836
11,DG-ACC,expert,ACC,8,0.03277
11,DG-ACC,expert,ACC,9,0.472592
11,DG-ACC,expert,ACC,10,0.040944
11,DG-ACC,expert,ACC,11,0.263264
11,DG-ACC,expert,ACC,12,0.083856
11,DG-ACC,expert,ACC,13,0.067035
11,DG-ACC,expert,ACC,14,0.058917
11,DG-ACC,expert,ACC,15,0.066774
11,DG-ACC,expert,ACC,16,0.072317
11,DG-ACC,expert,ACC,17,0.107763
11,DG-ACC,expert,ACC,18,0.040927
11,DG-ACC,expert,ACC,19,0.107702
11,DG-ACC,expert,ACC,20,0.041171
11,DG-ACC,expert,ACC,21,0.309288
11,DG-ACC,expert,ACC,22,0.128781
11,DG-ACC,expert,ACC,23,0.054051
11,DG-ACC,expert,ACC,24,0.005808
11,DG-ACC,expert,ACC,25,0.118803
11,DG-ACC,expert,ACC,26,0.07179
11,DG-ACC,expert,ACC,27,0.159247
11,DG-ACC,expert,ACC,28,0.036406
11,DG-ACC,expert,ACC,29,0.047148
11,DG-ACC,expert,ACC,30,0.028061
11,DG-ACC,expert,ACC,31,0.0662
11,DG-ACC,expert,ACC,32,0.327026
11,DG-ACC,expert,ACC,33,0.285165
11,DG-ACC,expert,ACC,34,0.029886
11,DG-ACC,expert,ACC,35,0.082759
11,DG-ACC,expert,ACC,36,0.433474
11,DG-ACC,expert,ACC,37,0.449785
11,DG-ACC,expert,ACC,38,0.082611
11,DG-ACC,expert,ACC,39,0.339499
11,DG-ACC,expert,ACC,40,0.109819
11,DG-ACC,expert,ACC,41,0.076653
11,DG-ACC,expert,ACC,42,0.061632
11,DG-ACC,expert,ACC,43,0.175925
11,DG-ACC,expert,ACC,44,0.23691
11,DG-ACC,expert,ACC,45,0.414578
11,DG-ACC,expert,ACC,46,0.137995
11,DG-ACC,expert,ACC,47,0.223391
11,DG-ACC,expert,ACC,48,0.031259
11,DG-ACC,expert,ACC,49,0.033281
11,DG-ACC,expert,ACC,50,0.128421
11,DG-ACC,expert,ACC,51,0.011277
11,DG-ACC,expert,ACC,52,0.096422
11,DG-ACC,expert,ACC,53,0.695416
11,DG-ACC,expert,ACC,54,0.534958
11,DG-ACC,expert,ACC,55,0.037565
11,DG-ACC,expert,ACC,56,0.03316
11,DG-ACC,expert,ACC,57,0.155314
11,DG-ACC,expert,ACC,58,0.026974
11,DG-ACC,expert,ACC,59,0.296898
11,DG-ACC,expert,ACC,60,0.016581
11,DG-ACC,expert,ACC,61,0.456088
11,DG-ACC,expert,ACC,62,0.455147
11,DG-ACC,expert,ACC,63,0.038605
11,DG-ACC,expert,ACC,64,0.42065
11,DG-ACC,expert,ACC,65,0.491733
11,DG-ACC,expert,ACC,66,0.594766
11,DG-V1,naive,DG,0,0.545925
11,DG-V1,naive,DG,1,1.232108
11,DG-V1,naive,DG,2,4.137192
11,DG-V1,naive,DG,3,1.026653
11,DG-V1,naive,DG,4,1.275325
11,DG-V1,naive,DG,5,1.239579
11,DG-V1,naive,V1,0,0.019465
11,DG-V1,naive,V1,1,0.383011
11,DG-V1,naive,V1,2,0.775076
11,DG-V1,naive,V1,3,0.12771
11,DG-V1,naive,V1,4,0.356994
11,DG-V1,naive,V1,5,0.054544
11,DG-V1,naive,V1,6,0.097509
11,DG-V1,naive,V1,7,0.524685
11,DG-V1,naive,V1,8,0.057261
11,DG-V1,naive,V1,9,0.034911
11,DG-V1,naive,V1,10,0.543722
11,DG-V1,naive,V1,11,0.372677
11,DG-V1,naive,V1,12,0.161623
11,DG-V1,naive,V1,13,0.06635
11,DG-V1,naive,V1,14,0.267017
11,DG-V1,naive,V1,15,0.045877
11,DG-V1,naive,V1,16,0.877069
11,DG-V1,naive,V1,17,0.060079
11,DG-V1,naive,V1,18,0.247604
11,DG-V1,naive,V1,19,0.030004
11,DG-V1,naive,V1,20,0.19994
11,DG-V1,naive,V1,21,0.08343
11,DG-V1,naive,V1,22,0.037149
11,DG-V1,naive,V1,23,0.03028
11,DG-V1,naive,V1,24,0.023038
11,DG-V1,naive,V1,25,0.384401
11,DG-V1,naive,V1,26,0.004402
11,DG-V1,naive,V1,27,0.033309
11,DG-V1,naive,V1,28,0.010218
11,DG-V1,naive,V1,29,0.004557
11,DG-V1,naive,V1,30,0.029222
11,DG-V1,naive,V1,31,0.11329
11,DG-V1,naive,V1,32,0.013856
11,DG-V1,naive,V1,33,0.010695
11,DG-V1,naive,V1,34,0.398693
11,DG-V1,naive,V1,35,0.099216
11,DG-V1,naive,V1,36,0.046094
11,DG-V1,naive,V1,37,0.232096
11,DG-V1,naive,V1,38,0.050027
11,DG-V1,naive,V1,39,0.0
11,DG-V1,naive,V1,40,0.496904
11,DG-V1,naive,V1,41,0.390079
11,DG-V1,naive,V1,42,0.021015
11,DG-V1,naive,V1,43,0.055826
11,DG-V1,naive,V1,44,0.125701
11,DG-V1,naive,V1,45,0.023729
11,DG-V1,naive,V1,46,0.094858
11,DG-V1,naive,V1,47,0.012185
11,DG-V1,naive,V1,48,0.011544
11,DG-V1,naive,V1,49,0.021047
11,DG-V1,naive,V1,50,0.038001
11,DG-V1,naive,V1,51,0.009759
11,DG-V1,naive,V1,52,0.031597
11,DG-V1,naive,V1,53,0.44608
11,DG-V1,naive,V1,54,0.436937
11,DG-V1,naive,V1,55,0.038856
11,DG-V1,naive,V1,56,0.05176
11,DG-V1,naive,V1,57,0.278297
11,DG-V1,naive,V1,58,0.962687
11,DG-V1,naive,V1,59,0.02525
11,DG-V1,naive,V1,60,0.003804
11,DG-V1,naive,V1,61,0.002247
11,DG-V1,naive,V1,62,0.105122
11,DG-V1,naive,V1,63,0.045441
11,DG-V1,naive,V1,64,0.029116
11,DG-V1,naive,V1,65,0.086041
11,DG-V1,naive,V1,66,0.107401
11,DG-V1,intermediate,DG,0,1.146742
11,DG-V1,intermediate,DG,1,1.137276
11,DG-V1,intermediate,DG,2,1.106543
11,DG-V1,intermediate,DG,3,1.347147
11,DG-V1,intermediate,DG,4,1.694243
11,DG-V1,intermediate,DG,5,1.182292
11,DG-V1,intermediate,V1,0,0.314263
11,DG-V1,intermediate,V1,1,0.351448
11,DG-V1,intermediate,V1,2,0.388569
11,DG-V1,intermediate,V1,3,0.300564
11,DG-V1,intermediate,V1,4,0.398616
11,DG-V1,intermediate,V1,5,0.32777
11,DG-V1,intermediate,V1,6,0.36955
11,DG-V1,intermediate,V1,7,0.243076
11,DG-V1,intermediate,V1,8,0.222345
11,DG-V1,intermediate,V1,9,0.338352
11,DG-V1,intermediate,V1,10,0.514813
11,DG-V1,intermediate,V1,11,0.076645
11,DG-V1,intermediate,V1,12,0.032932
11,DG-V1,intermediate,V1,13,0.246175
11,DG-V1,intermediate,V1,14,0.189875
11,DG-V1,intermediate,V1,15,0.117527
11,DG-V1,intermediate,V1,16,0.077901
11,DG-V1,intermediate,V1,17,0.066887
11,DG-V1,intermediate,V1,18,0.150735
11,DG-V1,intermediate,V1,19,0.283776
11,DG-V1,intermediate,V1,20,0.246247
11,DG-V1,intermediate,V1,21,0.097262
11,DG-V1,intermediate,V1,22,0.059303
11,DG-V1,intermediate,V1,23,0.35819
11,DG-V1,intermediate,V1,24,0.099165
11,DG-V1,intermediate,V1,25,0.155193
11,DG-V1,intermediate,V1,26,0.237858
11,DG-V1,intermediate,V1,27,0.424145
11,DG-V1,intermediate,V1,28,0.440193
11,DG-V1,intermediate,V1,29,0.035061
11,DG-V1,intermediate,V1,30,0.726431
11,DG-V1,intermediate,V1,31,0.502872
11,DG-V1,intermediate,V1,32,0.030518
11,DG-V1,intermediate,V1,33,0.118847
11,DG-V1,intermediate,V1,34,0.738412
11,DG-V1,intermediate,V1,35,0.054848
11,DG-V1,intermediate,V1,36,0.0
11,DG-V1,intermediate,V1,37,0.362847
11,DG-V1,intermediate,V1,38,0.013759
11,DG-V1,intermediate,V1,39,0.123207
11,DG-V1,intermediate,V1,40,0.352514
11,DG-V1,intermediate,V1,41,0.183387
11,DG-V1,intermediate,V1,42,0.205073
11,DG-V1,intermediate,V1,43,0.02246
11,DG-V1,intermediate,V1,44,0.135032
11,DG-V1,intermediate,V1,45,0.143247
11,DG-V1,intermediate,V1,46,0.205541
11,DG-V1,intermediate,V1,47,0.058027
11,DG-V1,intermediate,V1,48,0.379288
11,DG-V1,intermediate,V1,49,0.021826
11,DG-V1,intermediate,V1,50,0.175113
11,DG-V1,intermediate,V1,51,0.019691
11,DG-V1,intermediate,V1,52,0.164406
11,DG-V1,intermediate,V1,53,0.177106
11,DG-V1,intermediate,V1,54,0.082491
11,DG-V1,intermediate,V1,55,0.141487
11,DG-V1,intermediate,V1,56,0.018391
11,DG-V1,intermediate,V1,57,0.446255
11,DG-V1,intermediate,V1,58,0.649131
11,DG-V1,intermediate,V1,59,0.729334
11,DG-V1,intermediate,V1,60,0.015942
11,DG-V1,intermediate,V1,61,0.102559
11,DG-V1,intermediate,V1,62,0.387249
11,DG-V1,intermediate,V1,63,0.246614
11,DG-V1,intermediate,V1,64,0.097605
11,DG-V1,intermediate,V1,65,0.108068
11,DG-V1,intermediate,V1,66,0.047664
11,DG-V1,expert,DG,0,1.524981
11,DG-V1,expert,DG,1,1.100262
11,DG-V1,expert,DG,2,1.072156
11,DG-V1,expert,DG,3,1.422192
11,DG-V1,expert,DG,4,1.360219
11,DG-V1,expert,DG,5,1.179587
11,DG-V1,expert,V1,0,0.35132
11,DG-V1,expert,V1,1,0.168785
11,DG-V1,expert,V1,2,0.060154
11,DG-V1,expert,V1,3,0.399777
11,DG-V1,expert,V1,4,0.622037
11,DG-V1,expert,V1,5,0.410697
11,DG-V1,expert,V1,6,0.27743
11,DG-V1,expert,V1,7,0.129152
11,DG-V1,expert,V1,8,0.41825
11,DG-V1,expert,V1,9,0.152978
11,DG-V1,expert,V1,10,0.124926
11,DG-V1,expert,V1,11,0.041104
11,DG-V1,expert,V1,12,0.020699
11,DG-V1,expert,V1,13,0.298091
11,DG-V1,expert,V1,14,0.032933
11,DG-V1,expert,V1,15,0.410994
11,DG-V1,expert,V1,16,0.040435
11,DG-V1,expert,V1,17,0.124016
11,DG-V1,expert,V1,18,0.052055
11,DG-V1,expert,V1,19,0.223094
11,DG-V1,expert,V1,20,0.096895
11,DG-V1,expert,V1,21,0.122098
11,DG-V1,expert,V1,22,0.204488
11,DG-V1,expert,V1,23,0.443968
11,DG-V1,expert,V1,24,0.048726
11,DG-V1,expert,V1,25,0.18113
11,DG-V1,expert,V1,26,0.301548
11,DG-V1,expert,V1,27,0.406546
11,DG-V1,expert,V1,28,0.381613
11,DG-V1,expert,V1,29,0.031062
11,DG-V1,expert,V1,30,0.543782
11,DG-V1,expert,V1,31,0.43749
11,DG-V1,expert,V1,32,0.016362
11,DG-V1,expert,V1,33,0.188039
11,DG-V1,expert,V1,34,0.21109
11,DG-V1,expert,V1,35,0.087007
11,DG-V1,expert,V1,36,1e-06
11,DG-V1,expert,V1,37,0.030869
11,DG-V1,expert,V1,38,0.006631
11,DG-V1,expert,V1,39,0.082828
11,DG-V1,expert,V1,40,0.529027
11,DG-V1,expert,V1,41,0.654784
11,DG-V1,expert,V1,42,0.089113
11,DG-V1,expert,V1,43,0.010772
11,DG-V1,expert,V1,44,0.481052
11,DG-V1,expert,V1,45,0.039476
11,DG-V1,expert,V1,46,0.134817
11,DG-V1,expert,V1,47,0.327584
11,DG-V1,expert,V1,48,0.269074
11,DG-V1,expert,V1,49,0.208505
11,DG-V1,expert,V1,50,0.398962
11,DG-V1,expert,V1,51,0.105518
11,DG-V1,expert,V1,52,0.642347
11,DG-V1,expert,V1,53,0.132139
11,DG-V1,expert,V1,54,0.057701
11,DG-V1,expert,V1,55,0.023332
11,DG-V1,expert,V1,56,0.0064
11,DG-V1,expert,V1,57,0.056372
11,DG-V1,expert,V1,58,0.555063
11,DG-V1,expert,V1,59,0.045821
11,DG-V1,expert,V1,60,0.062534
11,DG-V1,expert,V1,61,0.046412
11,DG-V1,expert,V1,62,0.307207
11,DG-V1,expert,V1,63,0.224908
11,DG-V1,expert,V1,64,0.027961
11,DG-V1,expert,V1,65,0.782516
11,DG-V1,expert,V1,66,0.084686
11,DG-CA1,naive,DG,0,0.551946
11,DG-CA1,naive,DG,1,1.20661
11,DG-CA1,naive,DG,2,4.150984
11,DG-CA1,naive,DG,3,1.020798
11,DG-CA1,naive,DG,4,1.301402
11,DG-CA1,naive,DG,5,1.248981
11,DG-CA1,naive,CA1,0,0.036438
11,DG-CA1,naive,CA1,1,0.655352
11,DG-CA1,naive,CA1,2,0.143872
11,DG-CA1,naive,CA1,3,1.037501
11,DG-CA1,naive,CA1,4,0.010499
11,DG-CA1,naive,CA1,5,0.866031
11,DG-CA1,naive,CA1,6,1.017867
11,DG-CA1,naive,CA1,7,0.092573
11,DG-CA1,naive,CA1,8,0.069427
11,DG-CA1,naive,CA1,9,0.814453
11,DG-CA1,naive,CA1,10,1.574822
11,DG-CA1,naive,CA1,11,0.022107
11,DG-CA1,naive,CA1,12,0.708158
11,DG-CA1,naive,CA1,13,0.086785
11,DG-CA1,naive,CA1,14,0.209291
11,DG-CA1,naive,CA1,15,0.495434
11,DG-CA1,naive,CA1,16,0.0
11,DG-CA1,naive,CA1,17,0.372982
11,DG-CA1,naive,CA1,18,0.560125
11,DG-CA1,naive,CA1,19,0.576593
11,DG-CA1,naive,CA1,20,0.749719
11,DG-CA1,naive,CA1,21,0.343849
11,DG-CA1,naive,CA1,22,1.007412
11,DG-CA1,naive,CA1,23,0.337012
11,DG-CA1,naive,CA1,24,0.207466
11,DG-CA1,naive,CA1,25,0.276958
11,DG-CA1,naive,CA1,26,0.051285
11,DG-CA1,naive,CA1,27,0.399414
11,DG-CA1,intermediate,DG,0,1.147681
11,DG-CA1,intermediate,DG,1,1.097002
11,DG-CA1,intermediate,DG,2,1.111105
11,DG-CA1,intermediate,DG,3,1.253186
11,DG-CA1,intermediate,DG,4,1.688674
11,DG-CA1,intermediate,DG,5,1.155906
11,DG-CA1,intermediate,CA1,0,0.420002
11,DG-CA1,intermediate,CA1,1,0.631478
11,DG-CA1,intermediate,CA1,2,0.300779
11,DG-CA1,intermediate,CA1,3,0.660997
11,DG-CA1,intermediate,CA1,4,0.462117
11,DG-CA1,intermediate,CA1,5,0.150168
11,DG-CA1,intermediate,CA1,6,0.597813
11,DG-CA1,intermediate,CA1,7,0.006781
11,DG-CA1,intermediate,CA1,8,0.025743
11,DG-CA1,intermediate,CA1,9,0.349794
11,DG-CA1,intermediate,CA1,10,0.862824
11,DG-CA1,intermediate,CA1,11,0.248936
11,DG-CA1,intermediate,CA1,12,0.577422
11,DG-CA1,intermediate,CA1,13,0.511892
11,DG-CA1,intermediate,CA1,14,0.566388
11,DG-CA1,intermediate,CA1,15,0.063506
11,DG-CA1,intermediate,CA1,16,0.03286
11,DG-CA1,intermediate,CA1,17,0.127187
11,DG-CA1,intermediate,CA1,18,0.608504
11,DG-CA1,intermediate,CA1,19,0.679968
11,DG-CA1,intermediate,CA1,20,0.257203
11,DG-CA1,intermediate,CA1,21,0.377963
11,DG-CA1,intermediate,CA1,22,0.410055
11,DG-CA1,intermediate,CA1,23,0.300877
11,DG-CA1,intermediate,CA1,24,0.449546
11,DG-CA1,intermediate,CA1,25,0.661218
11,DG-CA1,intermediate,CA1,26,0.032655
11,DG-CA1,intermediate,CA1,27,0.482373
11,DG-CA1,expert,DG,0,1.536926
11,DG-CA1,expert,DG,1,1.062879
11,DG-CA1,expert,DG,2,1.079913
11,DG-CA1,expert,DG,3,1.402943
11,DG-CA1,expert,DG,4,1.349697
11,DG-CA1,expert,DG,5,1.108445
11,DG-CA1,expert,CA1,0,0.561611
11,DG-CA1,expert,CA1,1,0.591683
11,DG-CA1,expert,CA1,2,0.195509
11,DG-CA1,expert,CA1,3,0.832165
11,DG-CA1,expert,CA1,4,0.583004
11,DG-CA1,expert,CA1,5,0.448083
11,DG-CA1,expert,CA1,6,0.528489
11,DG-CA1,expert,CA1,7,0.280863
11,DG-CA1,expert,CA1,8,0.052733
11,DG-CA1,expert,CA1,9,0.476623
11,DG-CA1,expert,CA1,10,0.71614
11,DG-CA1,expert,CA1,11,0.149766
11,DG-CA1,expert,CA1,12,0.562548
11,DG-CA1,expert,CA1,13,0.462386
11,DG-CA1,expert,CA1,14,0.400554
11,DG-CA1,expert,CA1,15,0.332388
11,DG-CA1,expert,CA1,16,0.01178
11,DG-CA1,expert,CA1,17,0.084041
11,DG-CA1,expert,CA1,18,0.707077
11,DG-CA1,expert,CA1,19,0.446761
11,DG-CA1,expert,CA1,20,0.332309
11,DG-CA1,expert,CA1,21,0.0941
11,DG-CA1,expert,CA1,22,0.579705
11,DG-CA1,expert,CA1,23,0.329763
11,DG-CA1,expert,CA1,24,0.262525
11,DG-CA1,expert,CA1,25,0.087984
11,DG-CA1,expert,CA1,26,0.034235
11,DG-CA1,expert,CA1,27,0.120846
13,DMS-DLS,naive,DMS,0,12.07647
13,DMS-DLS,naive,DMS,1,2.195109
13,DMS-DLS,naive,DMS,2,3.50826
13,DMS-DLS,naive,DMS,3,3.012467
13,DMS-DLS,naive,DMS,4,8.782966
13,DMS-DLS,naive,DMS,5,1.844321
13,DMS-DLS,naive,DMS,6,2.234664
13,DMS-DLS,naive,DMS,7,0.0
13,DMS-DLS,naive,DLS,0,13.27459
13,DMS-DLS,naive,DLS,1,10.994936
13,DMS-DLS,naive,DLS,2,5.909581
13,DMS-DLS,naive,DLS,3,11.421635
13,DMS-DLS,naive,DLS,4,23.308185
13,DMS-DLS,naive,DLS,5,1.078234
13,DMS-DLS,intermediate,DMS,0,7.993979
13,DMS-DLS,intermediate,DMS,1,1.757206
13,DMS-DLS,intermediate,DMS,2,7.724833
13,DMS-DLS,intermediate,DMS,3,1.596994
13,DMS-DLS,intermediate,DMS,4,1.362561
13,DMS-DLS,intermediate,DMS,5,1.253341
13,DMS-DLS,intermediate,DMS,6,9.754458
13,DMS-DLS,intermediate,DMS,7,0.0
13,DMS-DLS,intermediate,DLS,0,0.806359
13,DMS-DLS,intermediate,DLS,1,7.047665
13,DMS-DLS,intermediate,DLS,2,1.536098
13,DMS-DLS,intermediate,DLS,3,1.633253
13,DMS-DLS,intermediate,DLS,4,0.0
13,DMS-DLS,intermediate,DLS,5,0.793539
13,DMS-DLS,expert,DMS,0,7.489413
13,DMS-DLS,expert,DMS,1,1.605006
13,DMS-DLS,expert,DMS,2,1.272652
13,DMS-DLS,expert,DMS,3,1.000621
13,DMS-DLS,expert,DMS,4,4.589437
13,DMS-DLS,expert,DMS,5,0.920778
13,DMS-DLS,expert,DMS,6,6.198618
13,DMS-DLS,expert,DMS,7,0.0
13,DMS-DLS,expert,DLS,0,0.596205
13,DMS-DLS,expert,DLS,1,6.852678
13,DMS-DLS,expert,DLS,2,1.008225
13,DMS-DLS,expert,DLS,3,0.856169
13,DMS-DLS,expert,DLS,4,16.932495
13,DMS-DLS,expert,DLS,5,0.670772
13,DMS-ACC,naive,DMS,0,12.0767
13,DMS-ACC,naive,DMS,1,2.20257
13,DMS-ACC,naive,DMS,2,12.090732
13,DMS-ACC,naive,DMS,3,3.053146
13,DMS-ACC,naive,DMS,4,8.849693
13,DMS-ACC,naive,DMS,5,1.855786
13,DMS-ACC,naive,DMS,6,2.256866
13,DMS-ACC,naive,DMS,7,0.0
13,DMS-ACC,naive,ACC,0,1.941257
13,DMS-ACC,naive,ACC,1,7.115247
13,DMS-ACC,naive,ACC,2,1.148492
13,DMS-ACC,naive,ACC,3,2.269545
13,DMS-ACC,naive,ACC,4,6.693548
13,DMS-ACC,naive,ACC,5,0.995135
13,DMS-ACC,naive,ACC,6,2.766823
13,DMS-ACC,intermediate,DMS,0,11.189443
13,DMS-ACC,intermediate,DMS,1,1.769986
13,DMS-ACC,intermediate,DMS,2,10.624671
13,DMS-ACC,intermediate,DMS,3,1.630831
13,DMS-ACC,intermediate,DMS,4,4.4802
13,DMS-ACC,intermediate,DMS,5,1.272447
13,DMS-ACC,intermediate,DMS,6,10.097567
13,DMS-ACC,intermediate,DMS,7,0.0
13,DMS-ACC,intermediate,ACC,0,1.631148
13,DMS-ACC,intermediate,ACC,1,4.445945
13,DMS-ACC,intermediate,ACC,2,0.794348
13,DMS-ACC,intermediate,ACC,3,2.456076
13,DMS-ACC,intermediate,ACC,4,4.41166
13,DMS-ACC,intermediate,ACC,5,0.699146
13,DMS-ACC,intermediate,ACC,6,1.928409
13,DMS-ACC,expert,DMS,0,7.562398
13,DMS-ACC,expert,DMS,1,1.60303
13,DMS-ACC,expert,DMS,2,3.788052
13,DMS-ACC,expert,DMS,3,1.030564
13,DMS-ACC,expert,DMS,4,4.699729
13,DMS-ACC,expert,DMS,5,0.92159
13,DMS-ACC,expert,DMS,6,6.199933
13,DMS-ACC,expert,DMS,7,0.0
13,DMS-ACC,expert,ACC,0,1.550142
13,DMS-ACC,expert,ACC,1,2.677221
13,DMS-ACC,expert,ACC,2,0.931633
13,DMS-ACC,expert,ACC,3,1.629833
13,DMS-ACC,expert,ACC,4,3.002904
13,DMS-ACC,expert,ACC,5,0.681341
13,DMS-ACC,expert,ACC,6,1.72655
13,DLS-ACC,naive,DLS,0,13.268684
13,DLS-ACC,naive,DLS,1,10.94669
13,DLS-ACC,naive,DLS,2,5.912373
13,DLS-ACC,naive,DLS,3,11.423357
13,DLS-ACC,naive,DLS,4,23.308764
13,DLS-ACC,naive,DLS,5,1.071192
13,DLS-ACC,naive,ACC,0,1.808997
13,DLS-ACC,naive,ACC,1,6.831461
13,DLS-ACC,naive,ACC,2,1.105417
13,DLS-ACC,naive,ACC,3,2.246505
13,DLS-ACC,naive,ACC,4,6.663565
13,DLS-ACC,naive,ACC,5,0.970901
13,DLS-ACC,naive,ACC,6,1.653166
13,DLS-ACC,intermediate,DLS,0,0.807012
13,DLS-ACC,intermediate,DLS,1,7.053104
13,DLS-ACC,intermediate,DLS,2,1.547755
13,DLS-ACC,intermediate,DLS,3,1.633372
13,DLS-ACC,intermediate,DLS,4,0.0
13,DLS-ACC,intermediate,DLS,5,0.792332
13,DLS-ACC,intermediate,ACC,0,1.507712
13,DLS-ACC,intermediate,ACC,1,3.250601
13,DLS-ACC,intermediate,ACC,2,0.78739
13,DLS-ACC,intermediate,ACC,3,2.386715
13,DLS-ACC,intermediate,ACC,4,1.485994
13,DLS-ACC,intermediate,ACC,5,0.689547
13,DLS-ACC,intermediate,ACC,6,1.497047
13,DLS-ACC,expert,DLS,0,0.596274
13,DLS-ACC,expert,DLS,1,6.853257
13,DLS-ACC,expert,DLS,2,1.008427
13,DLS-ACC,expert,DLS,3,0.855929
13,DLS-ACC,expert,DLS,4,16.933263
13,DLS-ACC,expert,DLS,5,0.669958
13,DLS-ACC,expert,ACC,0,1.317206
13,DLS-ACC,expert,ACC,1,2.309035
13,DLS-ACC,expert,ACC,2,0.918345
13,DLS-ACC,expert,ACC,3,1.372074
13,DLS-ACC,expert,ACC,4,2.972751
13,DLS-ACC,expert,ACC,5,0.679912
13,DLS-ACC,expert,ACC,6,1.612375
13,V1-DMS,naive,V1,0,0.110186
13,V1-DMS,naive,V1,1,0.678819
13,V1-DMS,naive,V1,2,0.002883
13,V1-DMS,naive,V1,3,0.500398
13,V1-DMS,naive,V1,4,0.011199
13,V1-DMS,naive,V1,5,0.021084
13,V1-DMS,naive,V1,6,0.0
13,V1-DMS,naive,V1,7,0.122408
13,V1-DMS,naive,V1,8,0.091462
13,V1-DMS,naive,V1,9,0.254677
13,V1-DMS,naive,V1,10,0.653514
13,V1-DMS,naive,V1,11,0.32803
13,V1-DMS,naive,V1,12,0.045856
13,V1-DMS,naive,V1,13,0.037896
13,V1-DMS,naive,V1,14,0.225722
13,V1-DMS,naive,V1,15,0.001792
13,V1-DMS,naive,V1,16,0.054007
13,V1-DMS,naive,V1,17,0.041865
13,V1-DMS,naive,V1,18,0.029512
13,V1-DMS,naive,V1,19,0.273837
13,V1-DMS,naive,V1,20,0.012938
13,V1-DMS,naive,V1,21,0.657904
13,V1-DMS,naive,V1,22,0.631555
13,V1-DMS,naive,V1,23,0.043145
13,V1-DMS,naive,V1,24,0.230112
13,V1-DMS,naive,V1,25,0.019353
13,V1-DMS,naive,V1,26,0.251739
13,V1-DMS,naive,V1,27,0.12232
13,V1-DMS,naive,V1,28,0.677211
13,V1-DMS,naive,V1,29,0.641171
13,V1-DMS,naive,V1,30,0.062031
13,V1-DMS,naive,V1,31,0.582396
13,V1-DMS,naive,V1,32,0.014293
13,V1-DMS,naive,V1,33,0.536965
13,V1-DMS,naive,V1,34,0.004349
13,V1-DMS,naive,V1,35,0.029996
13,V1-DMS,naive,V1,36,0.295342
13,V1-DMS,naive,V1,37,0.464761
13,V1-DMS,naive,V1,38,0.488999
13,V1-DMS,naive,V1,39,0.456959
13,V1-DMS,naive,V1,40,0.029095
13,V1-DMS,naive,V1,41,0.375092
13,V1-DMS,naive,V1,42,0.142792
13,V1-DMS,naive,V1,43,0.52381
13,V1-DMS,naive,V1,44,0.0
13,V1-DMS,naive,V1,45,0.003085
13,V1-DMS,naive,V1,46,0.003167
13,V1-DMS,naive,V1,47,0.041983
13,V1-DMS,naive,V1,48,0.146113
13,V1-DMS,naive,V1,49,0.266641
13,V1-DMS,naive,V1,50,0.472492
13,V1-DMS,naive,V1,51,0.018325
13,V1-DMS,naive,V1,52,0.202594
13,V1-DMS,naive,V1,53,0.389493
13,V1-DMS,naive,V1,54,0.448454
13,V1-DMS,naive,V1,55,0.0
13,V1-DMS,naive,V1,56,0.004838
13,V1-DMS,naive,V1,57,0.265144
13,V1-DMS,naive,V1,58,0.127803
13,V1-DMS,naive,V1,59,0.023938
13,V1-DMS,naive,V1,60,0.107873
13,V1-DMS,naive,V1,61,0.043921
13,V1-DMS,naive,V1,62,0.008876
13,V1-DMS,naive,V1,63,0.042338
13,V1-DMS,naive,DMS,0,12.029533
13,V1-DMS,naive,DMS,1,2.194917
13,V1-DMS,naive,DMS,2,12.081018
13,V1-DMS,naive,DMS,3,3.041031
13,V1-DMS,naive,DMS,4,8.827287
13,V1-DMS,naive,DMS,5,1.843682
13,V1-DMS,naive,DMS,6,2.238274
13,V1-DMS,naive,DMS,7,0.0
13,V1-DMS,intermediate,V1,0,0.075959
13,V1-DMS,intermediate,V1,1,0.768729
13,V1-DMS,intermediate,V1,2,0.060687
13,V1-DMS,intermediate,V1,3,0.575843
13,V1-DMS,intermediate,V1,4,0.005938
13,V1-DMS,intermediate,V1,5,0.068618
13,V1-DMS,intermediate,V1,6,0.0
13,V1-DMS,intermediate,V1,7,0.078978
13,V1-DMS,intermediate,V1,8,0.008283
13,V1-DMS,intermediate,V1,9,0.37194
13,V1-DMS,intermediate,V1,10,0.080964
13,V1-DMS,intermediate,V1,11,0.031723
13,V1-DMS,intermediate,V1,12,0.02302
13,V1-DMS,intermediate,V1,13,0.022523
13,V1-DMS,intermediate,V1,14,0.14612
13,V1-DMS,intermediate,V1,15,0.00579
13,V1-DMS,intermediate,V1,16,0.048582
13,V1-DMS,intermediate,V1,17,0.484057
13,V1-DMS,intermediate,V1,18,0.020456
13,V1-DMS,intermediate,V1,19,0.535084
13,V1-DMS,intermediate,V1,20,0.012914
13,V1-DMS,intermediate,V1,21,0.182574
13,V1-DMS,intermediate,V1,22,0.458279
13,V1-DMS,intermediate,V1,23,0.043812
13,V1-DMS,intermediate,V1,24,0.089074
13,V1-DMS,intermediate,V1,25,0.103901
13,V1-DMS,intermediate,V1,26,0.17026
13,V1-DMS,intermediate,V1,27,0.167858
13,V1-DMS,intermediate,V1,28,0.447411
13,V1-DMS,intermediate,V1,29,0.52017
13,V1-DMS,intermediate,V1,30,0.19429
13,V1-DMS,intermediate,V1,31,0.584033
13,V1-DMS,intermediate,V1,32,0.07244
13,V1-DMS,intermediate,V1,33,0.181722
13,V1-DMS,intermediate,V1,34,0.70835
13,V1-DMS,intermediate,V1,35,0.257435
13,V1-DMS,intermediate,V1,36,0.377144
13,V1-DMS,intermediate,V1,37,0.39124
13,V1-DMS,intermediate,V1,38,0.542545
13,V1-DMS,intermediate,V1,39,0.607677
13,V1-DMS,intermediate,V1,40,0.01567
13,V1-DMS,intermediate,V1,41,0.133713
13,V1-DMS,intermediate,V1,42,0.064458
13,V1-DMS,intermediate,V1,43,0.369438
13,V1-DMS,intermediate,V1,44,0.002795
13,V1-DMS,intermediate,V1,45,0.01057
13,V1-DMS,intermediate,V1,46,0.006666
13,V1-DMS,intermediate,V1,47,0.0101
13,V1-DMS,intermediate,V1,48,0.586168
13,V1-DMS,intermediate,V1,49,0.042248
13,V1-DMS,intermediate,V1,50,0.683409
13,V1-DMS,intermediate,V1,51,0.100689
13,V1-DMS,intermediate,V1,52,0.142366
13,V1-DMS,intermediate,V1,53,0.30691
13,V1-DMS,intermediate,V1,54,0.615206
13,V1-DMS,intermediate,V1,55,0.009537
13,V1-DMS,intermediate,V1,56,0.003889
13,V1-DMS,intermediate,V1,57,0.411223
13,V1-DMS,intermediate,V1,58,0.25405
13,V1-DMS,intermediate,V1,59,0.051307
13,V1-DMS,intermediate,V1,60,0.082445
13,V1-DMS,intermediate,V1,61,0.047582
13,V1-DMS,intermediate,V1,62,0.073787
13,V1-DMS,intermediate,V1,63,0.04774
13,V1-DMS,intermediate,DMS,0,11.164949
13,V1-DMS,intermediate,DMS,1,1.760452
13,V1-DMS,intermediate,DMS,2,10.583571
13,V1-DMS,intermediate,DMS,3,1.622597
13,V1-DMS,intermediate,DMS,4,4.466636
13,V1-DMS,intermediate,DMS,5,1.261137
13,V1-DMS,intermediate,DMS,6,10.069708
13,V1-DMS,intermediate,DMS,7,0.0
13,V1-DMS,expert,V1,0,0.092541
13,V1-DMS,expert,V1,1,0.350941
13,V1-DMS,expert,V1,2,0.661289
13,V1-DMS,expert,V1,3,0.687582
13,V1-DMS,expert,V1,4,0.007599
13,V1-DMS,expert,V1,5,0.114183
13,V1-DMS,expert,V1,6,0.028276
13,V1-DMS,expert,V1,7,0.370856
13,V1-DMS,expert,V1,8,0.009733
13,V1-DMS,expert,V1,9,0.251301
13,V1-DMS,expert,V1,10,0.224246
13,V1-DMS,expert,V1,11,0.0199
13,V1-DMS,expert,V1,12,0.237302
13,V1-DMS,expert,V1,13,0.095958
13,V1-DMS,expert,V1,14,0.059186
13,V1-DMS,expert,V1,15,0.028227
13,V1-DMS,expert,V1,16,0.081089
13,V1-DMS,expert,V1,17,0.427218
13,V1-DMS,expert,V1,18,0.019443
13,V1-DMS,expert,V1,19,0.309543
13,V1-DMS,expert,V1,20,0.055643
13,V1-DMS,expert,V1,21,0.096836
13,V1-DMS,expert,V1,22,0.050275
13,V1-DMS,expert,V1,23,0.102917
13,V1-DMS,expert,V1,24,0.038385
13,V1-DMS,expert,V1,25,0.368925
13,V1-DMS,expert,V1,26,0.513883
13,V1-DMS,expert,V1,27,0.316352
13,V1-DMS,expert,V1,28,0.524988
13,V1-DMS,expert,V1,29,0.723323
13,V1-DMS,expert,V1,30,0.104602
13,V1-DMS,expert,V1,31,0.684366
13,V1-DMS,expert,V1,32,0.031559
13,V1-DMS,expert,V1,33,0.038443
13,V1-DMS,expert,V1,34,0.293547
13,V1-DMS,expert,V1,35,0.084049
13,V1-DMS,expert,V1,36,0.161894
13,V1-DMS,expert,V1,37,0.492039
13,V1-DMS,expert,V1,38,0.429151
13,V1-DMS,expert,V1,39,0.330656
13,V1-DMS,expert,V1,40,0.031066
13,V1-DMS,expert,V1,41,0.048522
13,V1-DMS,expert,V1,42,0.031837
13,V1-DMS,expert,V1,43,0.454051
13,V1-DMS,expert,V1,44,0.013775
13,V1-DMS,expert,V1,45,0.030494
13,V1-DMS,expert,V1,46,0.018396
13,V1-DMS,expert,V1,47,0.011606
13,V1-DMS,expert,V1,48,0.090232
13,V1-DMS,expert,V1,49,0.43151
13,V1-DMS,expert,V1,50,0.548755
13,V1-DMS,expert,V1,51,0.086309
13,V1-DMS,expert,V1,52,0.511845
13,V1-DMS,expert,V1,53,0.108348
13,V1-DMS,expert,V1,54,0.511746
13,V1-DMS,expert,V1,55,0.019393
13,V1-DMS,expert,V1,56,0.012584
13,V1-DMS,expert,V1,57,0.348041
13,V1-DMS,expert,V1,58,0.21405
13,V1-DMS,expert,V1,59,0.029812
13,V1-DMS,expert,V1,60,0.399455
13,V1-DMS,expert,V1,61,0.051881
13,V1-DMS,expert,V1,62,0.025686
13,V1-DMS,expert,V1,63,0.261458
13,V1-DMS,expert,DMS,0,7.529402
13,V1-DMS,expert,DMS,1,1.598301
13,V1-DMS,expert,DMS,2,3.782294
13,V1-DMS,expert,DMS,3,1.025966
13,V1-DMS,expert,DMS,4,4.66144
13,V1-DMS,expert,DMS,5,0.91498
13,V1-DMS,expert,DMS,6,6.178824
13,V1-DMS,expert,DMS,7,0.0
13,V1-DLS,naive,V1,0,0.085401
13,V1-DLS,naive,V1,1,0.381697
13,V1-DLS,naive,V1,2,0.002764
13,V1-DLS,naive,V1,3,0.402499
13,V1-DLS,naive,V1,4,0.0035
13,V1-DLS,naive,V1,5,0.029125
13,V1-DLS,naive,V1,6,0.0
13,V1-DLS,naive,V1,7,0.0592
13,V1-DLS,naive,V1,8,0.077588
13,V1-DLS,naive,V1,9,0.235701
13,V1-DLS,naive,V1,10,0.359388
13,V1-DLS,naive,V1,11,0.60457
13,V1-DLS,naive,V1,12,0.069636
13,V1-DLS,naive,V1,13,0.026731
13,V1-DLS,naive,V1,14,0.105883
13,V1-DLS,naive,V1,15,0.002776
13,V1-DLS,naive,V1,16,0.052714
13,V1-DLS,naive,V1,17,0.018595
13,V1-DLS,naive,V1,18,0.04167
13,V1-DLS,naive,V1,19,0.403508
13,V1-DLS,naive,V1,20,0.023246
13,V1-DLS,naive,V1,21,0.270865
13,V1-DLS,naive,V1,22,0.599394
13,V1-DLS,naive,V1,23,0.040274
13,V1-DLS,naive,V1,24,0.12131
13,V1-DLS,naive,V1,25,0.014046
13,V1-DLS,naive,V1,26,0.181119
13,V1-DLS,naive,V1,27,0.102616
13,V1-DLS,naive,V1,28,0.523828
13,V1-DLS,naive,V1,29,0.67599
13,V1-DLS,naive,V1,30,0.122767
13,V1-DLS,naive,V1,31,0.398891
13,V1-DLS,naive,V1,32,0.013855
13,V1-DLS,naive,V1,33,0.255336
13,V1-DLS,naive,V1,34,0.006952
13,V1-DLS,naive,V1,35,0.049193
13,V1-DLS,naive,V1,36,0.319808
13,V1-DLS,naive,V1,37,0.316252
13,V1-DLS,naive,V1,38,0.510012
13,V1-DLS,naive,V1,39,0.756163
13,V1-DLS,naive,V1,40,0.021218
13,V1-DLS,naive,V1,41,0.308836
13,V1-DLS,naive,V1,42,0.116549
13,V1-DLS,naive,V1,43,0.186503
13,V1-DLS,naive,V1,44,0.0
13,V1-DLS,naive,V1,45,0.003091
13,V1-DLS,naive,V1,46,0.002561
13,V1-DLS,naive,V1,47,0.070151
13,V1-DLS,naive,V1,48,0.114288
13,V1-DLS,naive,V1,49,0.417557
13,V1-DLS,naive,V1,50,0.541781
13,V1-DLS,naive,V1,51,0.013846
13,V1-DLS,naive,V1,52,0.180234
13,V1-DLS,naive,V1,53,0.550875
13,V1-DLS,naive,V1,54,0.690422
13,V1-DLS,naive,V1,55,0.0
13,V1-DLS,naive,V1,56,0.006652
13,V1-DLS,naive,V1,57,0.385781
13,V1-DLS,naive,V1,58,0.252715
13,V1-DLS,naive,V1,59,0.023159
13,V1-DLS,naive,V1,60,0.060995
13,V1-DLS,naive,V1,61,0.039684
13,V1-DLS,naive,V1,62,0.012703
13,V1-DLS,naive,V1,63,0.055656
13,V1-DLS,naive,DLS,0,13.184378
13,V1-DLS,naive,DLS,1,10.965393
13,V1-DLS,naive,DLS,2,5.871105
13,V1-DLS,naive,DLS,3,11.359677
13,V1-DLS,naive,DLS,4,23.281009
13,V1-DLS,naive,DLS,5,1.073452
13,V1-DLS,intermediate,V1,0,0.229657
13,V1-DLS,intermediate,V1,1,0.192422
13,V1-DLS,intermediate,V1,2,0.066308
13,V1-DLS,intermediate,V1,3,0.513477
13,V1-DLS,intermediate,V1,4,0.004982
13,V1-DLS,intermediate,V1,5,0.043836
13,V1-DLS,intermediate,V1,6,0.0
13,V1-DLS,intermediate,V1,7,0.07454
13,V1-DLS,intermediate,V1,8,0.009558
13,V1-DLS,intermediate,V1,9,0.275008
13,V1-DLS,intermediate,V1,10,0.063313
13,V1-DLS,intermediate,V1,11,0.019746
13,V1-DLS,intermediate,V1,12,0.02137
13,V1-DLS,intermediate,V1,13,0.037811
13,V1-DLS,intermediate,V1,14,0.09056
13,V1-DLS,intermediate,V1,15,0.003784
13,V1-DLS,intermediate,V1,16,0.030114
13,V1-DLS,intermediate,V1,17,0.429982
13,V1-DLS,intermediate,V1,18,0.012658
13,V1-DLS,intermediate,V1,19,0.296759
13,V1-DLS,intermediate,V1,20,0.02727
13,V1-DLS,intermediate,V1,21,0.143057
13,V1-DLS,intermediate,V1,22,0.496439
13,V1-DLS,intermediate,V1,23,0.031425
13,V1-DLS,intermediate,V1,24,0.111451
13,V1-DLS,intermediate,V1,25,0.084485
13,V1-DLS,intermediate,V1,26,0.141147
13,V1-DLS,intermediate,V1,27,0.154906
13,V1-DLS,intermediate,V1,28,0.503725
13,V1-DLS,intermediate,V1,29,0.45247
13,V1-DLS,intermediate,V1,30,0.138657
13,V1-DLS,intermediate,V1,31,0.458558
13,V1-DLS,intermediate,V1,32,0.077189
13,V1-DLS,intermediate,V1,33,0.324636
13,V1-DLS,intermediate,V1,34,0.676307
13,V1-DLS,intermediate,V1,35,0.385678
13,V1-DLS,intermediate,V1,36,0.242976
13,V1-DLS,intermediate,V1,37,0.445435
13,V1-DLS,intermediate,V1,38,0.279332
13,V1-DLS,intermediate,V1,39,0.474229
13,V1-DLS,intermediate,V1,40,0.019455
13,V1-DLS,intermediate,V1,41,0.311651
13,V1-DLS,intermediate,V1,42,0.054558
13,V1-DLS,intermediate,V1,43,0.260777
13,V1-DLS,intermediate,V1,44,0.001913
13,V1-DLS,intermediate,V1,45,0.011817
13,V1-DLS,intermediate,V1,46,0.006168
13,V1-DLS,intermediate,V1,47,0.006553
13,V1-DLS,intermediate,V1,48,0.593893
13,V1-DLS,intermediate,V1,49,0.022912
13,V1-DLS,intermediate,V1,50,0.66526
13,V1-DLS,intermediate,V1,51,0.060674
13,V1-DLS,intermediate,V1,52,0.094537
13,V1-DLS,intermediate,V1,53,0.263296
13,V1-DLS,intermediate,V1,54,0.176593
13,V1-DLS,intermediate,V1,55,0.005917
13,V1-DLS,intermediate,V1,56,0.003472
13,V1-DLS,intermediate,V1,57,0.518271
13,V1-DLS,intermediate,V1,58,0.183993
13,V1-DLS,intermediate,V1,59,0.045492
13,V1-DLS,intermediate,V1,60,0.026331
13,V1-DLS,intermediate,V1,61,0.044785
13,V1-DLS,intermediate,V1,62,0.075674
13,V1-DLS,intermediate,V1,63,0.055351
13,V1-DLS,intermediate,DLS,0,0.80137
13,V1-DLS,intermediate,DLS,1,7.03443
13,V1-DLS,intermediate,DLS,2,1.527954
13,V1-DLS,intermediate,DLS,3,1.626275
13,V1-DLS,intermediate,DLS,4,0.0
13,V1-DLS,intermediate,DLS,5,0.790507
13,V1-DLS,expert,V1,0,0.079906
13,V1-DLS,expert,V1,1,0.505812
13,V1-DLS,expert,V1,2,0.289429
13,V1-DLS,expert,V1,3,0.558246
13,V1-DLS,expert,V1,4,0.010297
13,V1-DLS,expert,V1,5,0.103801
13,V1-DLS,expert,V1,6,0.019241
13,V1-DLS,expert,V1,7,0.384534
13,V1-DLS,expert,V1,8,0.008817
13,V1-DLS,expert,V1,9,0.234094
13,V1-DLS,expert,V1,10,0.228268
13,V1-DLS,expert,V1,11,0.017412
13,V1-DLS,expert,V1,12,0.386233
13,V1-DLS,expert,V1,13,0.084294
13,V1-DLS,expert,V1,14,0.134824
13,V1-DLS,expert,V1,15,0.021245
13,V1-DLS,expert,V1,16,0.075075
13,V1-DLS,expert,V1,17,0.290385
13,V1-DLS,expert,V1,18,0.025192
13,V1-DLS,expert,V1,19,0.398371
13,V1-DLS,expert,V1,20,0.073793
13,V1-DLS,expert,V1,21,0.103903
13,V1-DLS,expert,V1,22,0.04156
13,V1-DLS,expert,V1,23,0.067498
13,V1-DLS,expert,V1,24,0.055672
13,V1-DLS,expert,V1,25,0.2418
13,V1-DLS,expert,V1,26,0.525047
13,V1-DLS,expert,V1,27,0.461657
13,V1-DLS,expert,V1,28,0.567833
13,V1-DLS,expert,V1,29,0.267254
13,V1-DLS,expert,V1,30,0.130191
13,V1-DLS,expert,V1,31,0.778102
13,V1-DLS,expert,V1,32,0.035723
13,V1-DLS,expert,V1,33,0.0498
13,V1-DLS,expert,V1,34,0.201817
13,V1-DLS,expert,V1,35,0.06428
13,V1-DLS,expert,V1,36,0.255759
13,V1-DLS,expert,V1,37,0.442277
13,V1-DLS,expert,V1,38,0.469608
13,V1-DLS,expert,V1,39,0.163402
13,V1-DLS,expert,V1,40,0.022539
13,V1-DLS,expert,V1,41,0.034245
13,V1-DLS,expert,V1,42,0.03145
13,V1-DLS,expert,V1,43,0.182252
13,V1-DLS,expert,V1,44,0.019179
13,V1-DLS,expert,V1,45,0.044124
13,V1-DLS,expert,V1,46,0.010439
13,V1-DLS,expert,V1,47,0.010027
13,V1-DLS,expert,V1,48,0.09083
13,V1-DLS,expert,V1,49,0.494842
13,V1-DLS,expert,V1,50,0.499134
13,V1-DLS,expert,V1,51,0.097907
13,V1-DLS,expert,V1,52,0.510505
13,V1-DLS,expert,V1,53,0.171635
13,V1-DLS,expert,V1,54,0.264244
13,V1-DLS,expert,V1,55,0.017677
13,V1-DLS,expert,V1,56,0.012067
13,V1-DLS,expert,V1,57,0.642817
13,V1-DLS,expert,V1,58,0.275883
13,V1-DLS,expert,V1,59,0.035331
13,V1-DLS,expert,V1,60,0.239433
13,V1-DLS,expert,V1,61,0.066982
13,V1-DLS,expert,V1,62,0.02595
13,V1-DLS,expert,V1,63,0.211066
13,V1-DLS,expert,DLS,0,0.592154
13,V1-DLS,expert,DLS,1,6.833892
13,V1-DLS,expert,DLS,2,0.989373
13,V1-DLS,expert,DLS,3,0.853218
13,V1-DLS,expert,DLS,4,16.924735
13,V1-DLS,expert,DLS,5,0.667574
13,V1-ACC,naive,V1,0,0.090394
13,V1-ACC,naive,V1,1,0.215958
13,V1-ACC,naive,V1,2,0.003404
13,V1-ACC,naive,V1,3,0.505956
13,V1-ACC,naive,V1,4,0.01689
13,V1-ACC,naive,V1,5,0.030922
13,V1-ACC,naive,V1,6,0.0
13,V1-ACC,naive,V1,7,0.086874
13,V1-ACC,naive,V1,8,0.051321
13,V1-ACC,naive,V1,9,0.344326
13,V1-ACC,naive,V1,10,0.202245
13,V1-ACC,naive,V1,11,0.577212
13,V1-ACC,naive,V1,12,0.075965
13,V1-ACC,naive,V1,13,0.034095
13,V1-ACC,naive,V1,14,0.137475
13,V1-ACC,naive,V1,15,0.002159
13,V1-ACC,naive,V1,16,0.071452
13,V1-ACC,naive,V1,17,0.058787
13,V1-ACC,naive,V1,18,0.037384
13,V1-ACC,naive,V1,19,0.415829
13,V1-ACC,naive,V1,20,0.018563
13,V1-ACC,naive,V1,21,0.883528
13,V1-ACC,naive,V1,22,0.513484
13,V1-ACC,naive,V1,23,0.038001
13,V1-ACC,naive,V1,24,0.238784
13,V1-ACC,naive,V1,25,0.018435
13,V1-ACC,naive,V1,26,0.189784
13,V1-ACC,naive,V1,27,0.107075
13,V1-ACC,naive,V1,28,0.300748
13,V1-ACC,naive,V1,29,0.73996
13,V1-ACC,naive,V1,30,0.136918
13,V1-ACC,naive,V1,31,0.554866
13,V1-ACC,naive,V1,32,0.017914
13,V1-ACC,naive,V1,33,0.530661
13,V1-ACC,naive,V1,34,0.005312
13,V1-ACC,naive,V1,35,0.053242
13,V1-ACC,naive,V1,36,0.436852
13,V1-ACC,naive,V1,37,0.282906
13,V1-ACC,naive,V1,38,0.559249
13,V1-ACC,naive,V1,39,0.488483
13,V1-ACC,naive,V1,40,0.02103
13,V1-ACC,naive,V1,41,0.279367
13,V1-ACC,naive,V1,42,0.180551
13,V1-ACC,naive,V1,43,0.279017
13,V1-ACC,naive,V1,44,0.0
13,V1-ACC,naive,V1,45,0.003968
13,V1-ACC,naive,V1,46,0.002172
13,V1-ACC,naive,V1,47,0.06621
13,V1-ACC,naive,V1,48,0.15945
13,V1-ACC,naive,V1,49,0.379683
13,V1-ACC,naive,V1,50,0.55299
13,V1-ACC,naive,V1,51,0.020822
13,V1-ACC,naive,V1,52,0.183731
13,V1-ACC,naive,V1,53,0.68861
13,V1-ACC,naive,V1,54,0.561108
13,V1-ACC,naive,V1,55,0.0
13,V1-ACC,naive,V1,56,0.007291
13,V1-ACC,naive,V1,57,0.390964
13,V1-ACC,naive,V1,58,0.279379
13,V1-ACC,naive,V1,59,0.028617
13,V1-ACC,naive,V1,60,0.112522
13,V1-ACC,naive,V1,61,0.044774
13,V1-ACC,naive,V1,62,0.009893
13,V1-ACC,naive,V1,63,0.044162
13,V1-ACC,naive,ACC,0,1.931307
13,V1-ACC,naive,ACC,1,7.001108
13,V1-ACC,naive,ACC,2,1.144193
13,V1-ACC,naive,ACC,3,2.248292
13,V1-ACC,naive,ACC,4,6.683046
13,V1-ACC,naive,ACC,5,0.990987
13,V1-ACC,naive,ACC,6,2.736241
13,V1-ACC,intermediate,V1,0,0.151415
13,V1-ACC,intermediate,V1,1,0.408649
13,V1-ACC,intermediate,V1,2,0.054531
13,V1-ACC,intermediate,V1,3,0.540756
13,V1-ACC,intermediate,V1,4,0.005177
13,V1-ACC,intermediate,V1,5,0.091932
13,V1-ACC,intermediate,V1,6,0.0
13,V1-ACC,intermediate,V1,7,0.08466
13,V1-ACC,intermediate,V1,8,0.009705
13,V1-ACC,intermediate,V1,9,0.655843
13,V1-ACC,intermediate,V1,10,0.10551
13,V1-ACC,intermediate,V1,11,0.036601
13,V1-ACC,intermediate,V1,12,0.027938
13,V1-ACC,intermediate,V1,13,0.040995
13,V1-ACC,intermediate,V1,14,0.1776
13,V1-ACC,intermediate,V1,15,0.01138
13,V1-ACC,intermediate,V1,16,0.055032
13,V1-ACC,intermediate,V1,17,0.373021
13,V1-ACC,intermediate,V1,18,0.02512
13,V1-ACC,intermediate,V1,19,0.54082
13,V1-ACC,intermediate,V1,20,0.032152
13,V1-ACC,intermediate,V1,21,0.132841
13,V1-ACC,intermediate,V1,22,0.364084
13,V1-ACC,intermediate,V1,23,0.044857
13,V1-ACC,intermediate,V1,24,0.0716
13,V1-ACC,intermediate,V1,25,0.117827
13,V1-ACC,intermediate,V1,26,0.308837
13,V1-ACC,intermediate,V1,27,0.240955
13,V1-ACC,intermediate,V1,28,0.393113
13,V1-ACC,intermediate,V1,29,0.228439
13,V1-ACC,intermediate,V1,30,0.20066
13,V1-ACC,intermediate,V1,31,0.637009
13,V1-ACC,intermediate,V1,32,0.068281
13,V1-ACC,intermediate,V1,33,0.251166
13,V1-ACC,intermediate,V1,34,0.579249
13,V1-ACC,intermediate,V1,35,0.502771
13,V1-ACC,intermediate,V1,36,0.348039
13,V1-ACC,intermediate,V1,37,0.336174
13,V1-ACC,intermediate,V1,38,0.393878
13,V1-ACC,intermediate,V1,39,0.601528
13,V1-ACC,intermediate,V1,40,0.018175
13,V1-ACC,intermediate,V1,41,0.235258
13,V1-ACC,intermediate,V1,42,0.105164
13,V1-ACC,intermediate,V1,43,0.700514
13,V1-ACC,intermediate,V1,44,0.002376
13,V1-ACC,intermediate,V1,45,0.015253
13,V1-ACC,intermediate,V1,46,0.005405
13,V1-ACC,intermediate,V1,47,0.005603
13,V1-ACC,intermediate,V1,48,0.630635
13,V1-ACC,intermediate,V1,49,0.023543
13,V1-ACC,intermediate,V1,50,0.48446
13,V1-ACC,intermediate,V1,51,0.125201
13,V1-ACC,intermediate,V1,52,0.191309
13,V1-ACC,intermediate,V1,53,0.349463
13,V1-ACC,intermediate,V1,54,0.576729
13,V1-ACC,intermediate,V1,55,0.006062
13,V1-ACC,intermediate,V1,56,0.005683
13,V1-ACC,intermediate,V1,57,0.54353
13,V1-ACC,intermediate,V1,58,0.276398
13,V1-ACC,intermediate,V1,59,0.054158
13,V1-ACC,intermediate,V1,60,0.078326
13,V1-ACC,intermediate,V1,61,0.037048
13,V1-ACC,intermediate,V1,62,0.06691
13,V1-ACC,intermediate,V1,63,0.069223
13,V1-ACC,intermediate,ACC,0,1.623198
13,V1-ACC,intermediate,ACC,1,4.414651
13,V1-ACC,intermediate,ACC,2,0.790509
13,V1-ACC,intermediate,ACC,3,2.446056
13,V1-ACC,intermediate,ACC,4,4.402266
13,V1-ACC,intermediate,ACC,5,0.695978
13,V1-ACC,intermediate,ACC,6,1.920964
13,V1-ACC,expert,V1,0,0.046204
13,V1-ACC,expert,V1,1,0.762275
13,V1-ACC,expert,V1,2,0.631252
13,V1-ACC,expert,V1,3,0.39906
13,V1-ACC,expert,V1,4,0.010098
13,V1-ACC,expert,V1,5,0.063606
13,V1-ACC,expert,V1,6,0.035596
13,V1-ACC,expert,V1,7,0.466071
13,V1-ACC,expert,V1,8,0.01157
13,V1-ACC,expert,V1,9,0.279728
13,V1-ACC,expert,V1,10,0.203386
13,V1-ACC,expert,V1,11,0.020033
13,V1-ACC,expert,V1,12,0.325457
13,V1-ACC,expert,V1,13,0.122075
13,V1-ACC,expert,V1,14,0.117163
13,V1-ACC,expert,V1,15,0.014601
13,V1-ACC,expert,V1,16,0.054979
13,V1-ACC,expert,V1,17,0.253351
13,V1-ACC,expert,V1,18,0.015724
13,V1-ACC,expert,V1,19,0.309947
13,V1-ACC,expert,V1,20,0.084967
13,V1-ACC,expert,V1,21,0.075109
13,V1-ACC,expert,V1,22,0.035046
13,V1-ACC,expert,V1,23,0.104869
13,V1-ACC,expert,V1,24,0.043844
13,V1-ACC,expert,V1,25,0.273897
13,V1-ACC,expert,V1,26,0.597547
13,V1-ACC,expert,V1,27,0.379801
13,V1-ACC,expert,V1,28,0.543676
13,V1-ACC,expert,V1,29,0.580056
13,V1-ACC,expert,V1,30,0.08655
13,V1-ACC,expert,V1,31,0.643084
13,V1-ACC,expert,V1,32,0.022393
13,V1-ACC,expert,V1,33,0.055303
13,V1-ACC,expert,V1,34,0.230184
13,V1-ACC,expert,V1,35,0.058066
13,V1-ACC,expert,V1,36,0.166214
13,V1-ACC,expert,V1,37,0.561398
13,V1-ACC,expert,V1,38,0.361263
13,V1-ACC,expert,V1,39,0.51176
13,V1-ACC,expert,V1,40,0.037215
13,V1-ACC,expert,V1,41,0.033431
13,V1-ACC,expert,V1,42,0.032212
13,V1-ACC,expert,V1,43,0.416521
13,V1-ACC,expert,V1,44,0.017624
13,V1-ACC,expert,V1,45,0.045368
13,V1-ACC,expert,V1,46,0.01726
13,V1-ACC,expert,V1,47,0.009623
13,V1-ACC,expert,V1,48,0.126468
13,V1-ACC,expert,V1,49,0.420296
13,V1-ACC,expert,V1,50,0.475836
13,V1-ACC,expert,V1,51,0.095149
13,V1-ACC,expert,V1,52,0.534049
13,V1-ACC,expert,V1,53,0.165506
13,V1-ACC,expert,V1,54,0.465316
13,V1-ACC,expert,V1,55,0.012334
13,V1-ACC,expert,V1,56,0.013713
13,V1-ACC,expert,V1,57,0.362892
13,V1-ACC,expert,V1,58,0.187785
13,V1-ACC,expert,V1,59,0.029698
13,V1-ACC,expert,V1,60,0.56422
13,V1-ACC,expert,V1,61,0.061967
13,V1-ACC,expert,V1,62,0.028433
13,V1-ACC,expert,V1,63,0.225804
13,V1-ACC,expert,ACC,0,1.541314
13,V1-ACC,expert,ACC,1,2.653717
13,V1-ACC,expert,ACC,2,0.928649
13,V1-ACC,expert,ACC,3,1.618996
13,V1-ACC,expert,ACC,4,2.988735
13,V1-ACC,expert,ACC,5,0.678538
13,V1-ACC,expert,ACC,6,1.718277
13,CA1-DMS,naive,CA1,0,0.14612
13,CA1-DMS,naive,CA1,1,0.0
13,CA1-DMS,naive,CA1,2,0.715989
13,CA1-DMS,naive,CA1,3,0.711803
13,CA1-DMS,naive,CA1,4,0.73962
13,CA1-DMS,naive,CA1,5,0.738981
13,CA1-DMS,naive,CA1,6,1.343399
13,CA1-DMS,naive,CA1,7,0.46802
13,CA1-DMS,naive,CA1,8,0.688361
13,CA1-DMS,naive,CA1,9,0.48356
13,CA1-DMS,naive,CA1,10,0.556904
13,CA1-DMS,naive,CA1,11,1.207732
13,CA1-DMS,naive,CA1,12,0.005173
13,CA1-DMS,naive,CA1,13,0.715289
13,CA1-DMS,naive,CA1,14,0.667558
13,CA1-DMS,naive,CA1,15,0.553712
13,CA1-DMS,naive,CA1,16,0.095467
13,CA1-DMS,naive,CA1,17,0.283115
13,CA1-DMS,naive,CA1,18,1.01435
13,CA1-DMS,naive,CA1,19,0.697956
13,CA1-DMS,naive,CA1,20,0.263357
13,CA1-DMS,naive,CA1,21,0.009848
13,CA1-DMS,naive,CA1,22,0.47518
13,CA1-DMS,naive,CA1,23,0.249864
13,CA1-DMS,naive,DMS,0,12.067565
13,CA1-DMS,naive,DMS,1,2.200489
13,CA1-DMS,naive,DMS,2,12.08824
13,CA1-DMS,naive,DMS,3,3.047238
13,CA1-DMS,naive,DMS,4,8.840762
13,CA1-DMS,naive,DMS,5,1.85104
13,CA1-DMS,naive,DMS,6,2.257027
13,CA1-DMS,naive,DMS,7,0.0
13,CA1-DMS,intermediate,CA1,0,0.25191
13,CA1-DMS,intermediate,CA1,1,0.0
13,CA1-DMS,intermediate,CA1,2,0.863602
13,CA1-DMS,intermediate,CA1,3,0.953057
13,CA1-DMS,intermediate,CA1,4,0.865702
13,CA1-DMS,intermediate,CA1,5,0.315421
13,CA1-DMS,intermediate,CA1,6,0.77811
13,CA1-DMS,intermediate,CA1,7,0.330965
13,CA1-DMS,intermediate,CA1,8,0.911036
13,CA1-DMS,intermediate,CA1,9,0.280376
13,CA1-DMS,intermediate,CA1,10,0.463659
13,CA1-DMS,intermediate,CA1,11,0.681134
13,CA1-DMS,intermediate,CA1,12,0.599639
13,CA1-DMS,intermediate,CA1,13,0.287939
13,CA1-DMS,intermediate,CA1,14,0.41803
13,CA1-DMS,intermediate,CA1,15,0.311293
13,CA1-DMS,intermediate,CA1,16,0.011906
13,CA1-DMS,intermediate,CA1,17,0.0
13,CA1-DMS,intermediate,CA1,18,0.08234
13,CA1-DMS,intermediate,CA1,19,0.564708
13,CA1-DMS,intermediate,CA1,20,0.088851
13,CA1-DMS,intermediate,CA1,21,0.522948
13,CA1-DMS,intermediate,CA1,22,0.514907
13,CA1-DMS,intermediate,CA1,23,0.481124
13,CA1-DMS,intermediate,DMS,0,11.179116
13,CA1-DMS,intermediate,DMS,1,1.76734
13,CA1-DMS,intermediate,DMS,2,10.558244
13,CA1-DMS,intermediate,DMS,3,1.628097
13,CA1-DMS,intermediate,DMS,4,4.473351
13,CA1-DMS,intermediate,DMS,5,1.261477
13,CA1-DMS,intermediate,DMS,6,10.09005
13,CA1-DMS,intermediate,DMS,7,0.0
13,CA1-DMS,expert,CA1,0,0.319426
13,CA1-DMS,expert,CA1,1,0.010511
13,CA1-DMS,expert,CA1,2,0.78705
13,CA1-DMS,expert,CA1,3,0.44285
13,CA1-DMS,expert,CA1,4,0.917148
13,CA1-DMS,expert,CA1,5,0.668128
13,CA1-DMS,expert,CA1,6,0.016366
13,CA1-DMS,expert,CA1,7,0.799763
13,CA1-DMS,expert,CA1,8,0.416385
13,CA1-DMS,expert,CA1,9,0.370644
13,CA1-DMS,expert,CA1,10,0.424732
13,CA1-DMS,expert,CA1,11,0.636044
13,CA1-DMS,expert,CA1,12,0.209047
13,CA1-DMS,expert,CA1,13,0.5343
13,CA1-DMS,expert,CA1,14,0.755572
13,CA1-DMS,expert,CA1,15,0.519802
13,CA1-DMS,expert,CA1,16,0.278956
13,CA1-DMS,expert,CA1,17,0.540705
13,CA1-DMS,expert,CA1,18,0.037462
13,CA1-DMS,expert,CA1,19,0.590362
13,CA1-DMS,expert,CA1,20,0.25837
13,CA1-DMS,expert,CA1,21,0.550428
13,CA1-DMS,expert,CA1,22,0.252112
13,CA1-DMS,expert,CA1,23,0.229385
13,CA1-DMS,expert,DMS,0,7.552564
13,CA1-DMS,expert,DMS,1,1.599415
13,CA1-DMS,expert,DMS,2,3.789416
13,CA1-DMS,expert,DMS,3,1.02725
13,CA1-DMS,expert,DMS,4,4.695597
13,CA1-DMS,expert,DMS,5,0.911385
13,CA1-DMS,expert,DMS,6,6.192121
13,CA1-DMS,expert,DMS,7,0.0
13,CA1-DLS,naive,CA1,0,0.245098
13,CA1-DLS,naive,CA1,1,0.0
13,CA1-DLS,naive,CA1,2,0.650817
13,CA1-DLS,naive,CA1,3,0.759003
13,CA1-DLS,naive,CA1,4,0.269941
13,CA1-DLS,naive,CA1,5,0.631523
13,CA1-DLS,naive,CA1,6,0.488372
13,CA1-DLS,naive,CA1,7,0.772847
13,CA1-DLS,naive,CA1,8,0.489159
13,CA1-DLS,naive,CA1,9,0.469299
13,CA1-DLS,naive,CA1,10,0.693907
13,CA1-DLS,naive,CA1,11,0.848676
13,CA1-DLS,naive,CA1,12,0.005711
13,CA1-DLS,naive,CA1,13,0.670383
13,CA1-DLS,naive,CA1,14,0.49888
13,CA1-DLS,naive,CA1,15,0.369395
13,CA1-DLS,naive,CA1,16,0.149274
13,CA1-DLS,naive,CA1,17,0.114961
13,CA1-DLS,naive,CA1,18,1.601324
13,CA1-DLS,naive,CA1,19,0.817793
13,CA1-DLS,naive,CA1,20,0.508269
13,CA1-DLS,naive,CA1,21,0.012871
13,CA1-DLS,naive,CA1,22,0.378033
13,CA1-DLS,naive,CA1,23,0.097156
13,CA1-DLS,naive,DLS,0,13.268578
13,CA1-DLS,naive,DLS,1,10.98968
13,CA1-DLS,naive,DLS,2,5.907728
13,CA1-DLS,naive,DLS,3,11.417191
13,CA1-DLS,naive,DLS,4,23.281593
13,CA1-DLS,naive,DLS,5,1.076777
13,CA1-DLS,intermediate,CA1,0,0.260577
13,CA1-DLS,intermediate,CA1,1,0.0
13,CA1-DLS,intermediate,CA1,2,0.393393
13,CA1-DLS,intermediate,CA1,3,0.606946
13,CA1-DLS,intermediate,CA1,4,0.671885
13,CA1-DLS,intermediate,CA1,5,0.518416
13,CA1-DLS,intermediate,CA1,6,0.658927
13,CA1-DLS,intermediate,CA1,7,0.600831
13,CA1-DLS,intermediate,CA1,8,0.629346
13,CA1-DLS,intermediate,CA1,9,0.434911
13,CA1-DLS,intermediate,CA1,10,0.323714
13,CA1-DLS,intermediate,CA1,11,0.753183
13,CA1-DLS,intermediate,CA1,12,0.536659
13,CA1-DLS,intermediate,CA1,13,0.475693
13,CA1-DLS,intermediate,CA1,14,0.439526
13,CA1-DLS,intermediate,CA1,15,0.300681
13,CA1-DLS,intermediate,CA1,16,0.010826
13,CA1-DLS,intermediate,CA1,17,0.0
13,CA1-DLS,intermediate,CA1,18,0.0582
13,CA1-DLS,intermediate,CA1,19,0.554719
13,CA1-DLS,intermediate,CA1,20,0.313399
13,CA1-DLS,intermediate,CA1,21,0.246285
13,CA1-DLS,intermediate,CA1,22,0.348532
13,CA1-DLS,intermediate,CA1,23,0.498078
13,CA1-DLS,intermediate,DLS,0,0.805483
13,CA1-DLS,intermediate,DLS,1,7.046922
13,CA1-DLS,intermediate,DLS,2,1.540434
13,CA1-DLS,intermediate,DLS,3,1.631768
13,CA1-DLS,intermediate,DLS,4,0.0
13,CA1-DLS,intermediate,DLS,5,0.793192
13,CA1-DLS,expert,CA1,0,0.214371
13,CA1-DLS,expert,CA1,1,0.011408
13,CA1-DLS,expert,CA1,2,0.741536
13,CA1-DLS,expert,CA1,3,0.491634
13,CA1-DLS,expert,CA1,4,0.635395
13,CA1-DLS,expert,CA1,5,0.53207
13,CA1-DLS,expert,CA1,6,0.00865
13,CA1-DLS,expert,CA1,7,0.799935
13,CA1-DLS,expert,CA1,8,0.682684
13,CA1-DLS,expert,CA1,9,0.238044
13,CA1-DLS,expert,CA1,10,0.442442
13,CA1-DLS,expert,CA1,11,0.141747
13,CA1-DLS,expert,CA1,12,0.260286
13,CA1-DLS,expert,CA1,13,0.494629
13,CA1-DLS,expert,CA1,14,0.401359
13,CA1-DLS,expert,CA1,15,0.498231
13,CA1-DLS,expert,CA1,16,0.150187
13,CA1-DLS,expert,CA1,17,0.29453
13,CA1-DLS,expert,CA1,18,0.058
13,CA1-DLS,expert,CA1,19,0.692274
13,CA1-DLS,expert,CA1,20,0.350476
13,CA1-DLS,expert,CA1,21,0.204318
13,CA1-DLS,expert,CA1,22,0.776196
13,CA1-DLS,expert,CA1,23,0.425477
13,CA1-DLS,expert,DLS,0,0.59444
13,CA1-DLS,expert,DLS,1,6.844903
13,CA1-DLS,expert,DLS,2,1.006611
13,CA1-DLS,expert,DLS,3,0.852286
13,CA1-DLS,expert,DLS,4,16.908893
13,CA1-DLS,expert,DLS,5,0.669933
13,CA1-ACC,naive,CA1,0,0.181738
13,CA1-ACC,naive,CA1,1,0.0
13,CA1-ACC,naive,CA1,2,0.656929
13,CA1-ACC,naive,CA1,3,0.707793
13,CA1-ACC,naive,CA1,4,0.753806
13,CA1-ACC,naive,CA1,5,0.454385
13,CA1-ACC,naive,CA1,6,1.693059
13,CA1-ACC,naive,CA1,7,0.886406
13,CA1-ACC,naive,CA1,8,0.487762
13,CA1-ACC,naive,CA1,9,0.537629
13,CA1-ACC,naive,CA1,10,0.623337
13,CA1-ACC,naive,CA1,11,1.238788
13,CA1-ACC,naive,CA1,12,0.007344
13,CA1-ACC,naive,CA1,13,0.788805
13,CA1-ACC,naive,CA1,14,0.558345
13,CA1-ACC,naive,CA1,15,0.444271
13,CA1-ACC,naive,CA1,16,0.125509
13,CA1-ACC,naive,CA1,17,0.426136
13,CA1-ACC,naive,CA1,18,1.353611
13,CA1-ACC,naive,CA1,19,0.661174
13,CA1-ACC,naive,CA1,20,0.494972
13,CA1-ACC,naive,CA1,21,0.014719
13,CA1-ACC,naive,CA1,22,0.411176
13,CA1-ACC,naive,CA1,23,0.083855
13,CA1-ACC,naive,ACC,0,1.940577
13,CA1-ACC,naive,ACC,1,7.098629
13,CA1-ACC,naive,ACC,2,1.146254
13,CA1-ACC,naive,ACC,3,2.255447
13,CA1-ACC,naive,ACC,4,6.688399
13,CA1-ACC,naive,ACC,5,0.994014
13,CA1-ACC,naive,ACC,6,2.763134
13,CA1-ACC,intermediate,CA1,0,0.472229
13,CA1-ACC,intermediate,CA1,1,0.0
13,CA1-ACC,intermediate,CA1,2,0.668445
13,CA1-ACC,intermediate,CA1,3,0.796373
13,CA1-ACC,intermediate,CA1,4,0.690935
13,CA1-ACC,intermediate,CA1,5,0.577269
13,CA1-ACC,intermediate,CA1,6,1.016284
13,CA1-ACC,intermediate,CA1,7,0.829582
13,CA1-ACC,intermediate,CA1,8,0.706194
13,CA1-ACC,intermediate,CA1,9,0.485225
13,CA1-ACC,intermediate,CA1,10,0.573114
13,CA1-ACC,intermediate,CA1,11,0.683356
13,CA1-ACC,intermediate,CA1,12,0.371791
13,CA1-ACC,intermediate,CA1,13,0.573945
13,CA1-ACC,intermediate,CA1,14,0.543233
13,CA1-ACC,intermediate,CA1,15,0.383283
13,CA1-ACC,intermediate,CA1,16,0.010174
13,CA1-ACC,intermediate,CA1,17,0.0
13,CA1-ACC,intermediate,CA1,18,0.108225
13,CA1-ACC,intermediate,CA1,19,0.612755
13,CA1-ACC,intermediate,CA1,20,0.175938
13,CA1-ACC,intermediate,CA1,21,0.299944
13,CA1-ACC,intermediate,CA1,22,0.474278
13,CA1-ACC,intermediate,CA1,23,0.534788
13,CA1-ACC,intermediate,ACC,0,1.629514
13,CA1-ACC,intermediate,ACC,1,4.443046
13,CA1-ACC,intermediate,ACC,2,0.793174
13,CA1-ACC,intermediate,ACC,3,2.448974
13,CA1-ACC,intermediate,ACC,4,4.40633
13,CA1-ACC,intermediate,ACC,5,0.698295
13,CA1-ACC,intermediate,ACC,6,1.92491
13,CA1-ACC,expert,CA1,0,0.262418
13,CA1-ACC,expert,CA1,1,0.013242
13,CA1-ACC,expert,CA1,2,0.804992
13,CA1-ACC,expert,CA1,3,0.815683
13,CA1-ACC,expert,CA1,4,0.574415
13,CA1-ACC,expert,CA1,5,0.394535
13,CA1-ACC,expert,CA1,6,0.011286
13,CA1-ACC,expert,CA1,7,0.839224
13,CA1-ACC,expert,CA1,8,0.480807
13,CA1-ACC,expert,CA1,9,0.443803
13,CA1-ACC,expert,CA1,10,0.651528
13,CA1-ACC,expert,CA1,11,0.853584
13,CA1-ACC,expert,CA1,12,0.214792
13,CA1-ACC,expert,CA1,13,0.426025
13,CA1-ACC,expert,CA1,14,0.695633
13,CA1-ACC,expert,CA1,15,0.523859
13,CA1-ACC,expert,CA1,16,0.236614
13,CA1-ACC,expert,CA1,17,0.462336
13,CA1-ACC,expert,CA1,18,0.076411
13,CA1-ACC,expert,CA1,19,0.499562
13,CA1-ACC,expert,CA1,20,0.549634
13,CA1-ACC,expert,CA1,21,0.326401
13,CA1-ACC,expert,CA1,22,0.495108
13,CA1-ACC,expert,CA1,23,0.249866
13,CA1-ACC,expert,ACC,0,1.549648
13,CA1-ACC,expert,ACC,1,2.672122
13,CA1-ACC,expert,ACC,2,0.93053
13,CA1-ACC,expert,ACC,3,1.615721
13,CA1-ACC,expert,ACC,4,2.999205
13,CA1-ACC,expert,ACC,5,0.68093
13,CA1-ACC,expert,ACC,6,1.724127
13,CA1-V1,naive,CA1,0,0.72398
13,CA1-V1,naive,CA1,1,0.0
13,CA1-V1,naive,CA1,2,0.870591
13,CA1-V1,naive,CA1,3,1.087214
13,CA1-V1,naive,CA1,4,1.173943
13,CA1-V1,naive,CA1,5,1.102549
13,CA1-V1,naive,CA1,6,2.261232
13,CA1-V1,naive,CA1,7,1.017555
13,CA1-V1,naive,CA1,8,0.811697
13,CA1-V1,naive,CA1,9,1.25041
13,CA1-V1,naive,CA1,10,1.013686
13,CA1-V1,naive,CA1,11,1.80109
13,CA1-V1,naive,CA1,12,0.009532
13,CA1-V1,naive,CA1,13,1.40804
13,CA1-V1,naive,CA1,14,0.876725
13,CA1-V1,naive,CA1,15,0.91356
13,CA1-V1,naive,CA1,16,0.206504
13,CA1-V1,naive,CA1,17,1.375972
13,CA1-V1,naive,CA1,18,2.207659
13,CA1-V1,naive,CA1,19,1.047596
13,CA1-V1,naive,CA1,20,0.840113
13,CA1-V1,naive,CA1,21,0.020697
13,CA1-V1,naive,CA1,22,0.714654
13,CA1-V1,naive,CA1,23,0.657263
13,CA1-V1,naive,V1,0,0.209137
13,CA1-V1,naive,V1,1,1.024964
13,CA1-V1,naive,V1,2,0.007056
13,CA1-V1,naive,V1,3,0.950232
13,CA1-V1,naive,V1,4,0.019508
13,CA1-V1,naive,V1,5,0.042896
13,CA1-V1,naive,V1,6,0.0
13,CA1-V1,naive,V1,7,0.257138
13,CA1-V1,naive,V1,8,0.103129
13,CA1-V1,naive,V1,9,0.586836
13,CA1-V1,naive,V1,10,0.929713
13,CA1-V1,naive,V1,11,1.014205
13,CA1-V1,naive,V1,12,0.125947
13,CA1-V1,naive,V1,13,0.099731
13,CA1-V1,naive,V1,14,0.462741
13,CA1-V1,naive,V1,15,0.005424
13,CA1-V1,naive,V1,16,0.113681
13,CA1-V1,naive,V1,17,0.066542
13,CA1-V1,naive,V1,18,0.058701
13,CA1-V1,naive,V1,19,0.542939
13,CA1-V1,naive,V1,20,0.039929
13,CA1-V1,naive,V1,21,0.977606
13,CA1-V1,naive,V1,22,1.023782
13,CA1-V1,naive,V1,23,0.088785
13,CA1-V1,naive,V1,24,0.347875
13,CA1-V1,naive,V1,25,0.032175
13,CA1-V1,naive,V1,26,0.532101
13,CA1-V1,naive,V1,27,0.195063
13,CA1-V1,naive,V1,28,0.949241
13,CA1-V1,naive,V1,29,0.942394
13,CA1-V1,naive,V1,30,0.191754
13,CA1-V1,naive,V1,31,0.769857
13,CA1-V1,naive,V1,32,0.023216
13,CA1-V1,naive,V1,33,0.9016
13,CA1-V1,naive,V1,34,0.010456
13,CA1-V1,naive,V1,35,0.068818
13,CA1-V1,naive,V1,36,0.613086
13,CA1-V1,naive,V1,37,0.519684
13,CA1-V1,naive,V1,38,0.991081
13,CA1-V1,naive,V1,39,1.013177
13,CA1-V1,naive,V1,40,0.035834
13,CA1-V1,naive,V1,41,0.570274
13,CA1-V1,naive,V1,42,0.399862
13,CA1-V1,naive,V1,43,0.654
13,CA1-V1,naive,V1,44,0.0
13,CA1-V1,naive,V1,45,0.006757
13,CA1-V1,naive,V1,46,0.005884
13,CA1-V1,naive,V1,47,0.125513
13,CA1-V1,naive,V1,48,0.400146
13,CA1-V1,naive,V1,49,0.706365
13,CA1-V1,naive,V1,50,0.894357
13,CA1-V1,naive,V1,51,0.031126
13,CA1-V1,naive,V1,52,0.33245
13,CA1-V1,naive,V1,53,0.820289
13,CA1-V1,naive,V1,54,0.907248
13,CA1-V1,naive,V1,55,0.0
13,CA1-V1,naive,V1,56,0.011281
13,CA1-V1,naive,V1,57,0.565589
13,CA1-V1,naive,V1,58,0.340462
13,CA1-V1,naive,V1,59,0.040819
13,CA1-V1,naive,V1,60,0.217551
13,CA1-V1,naive,V1,61,0.075069
13,CA1-V1,naive,V1,62,0.020797
13,CA1-V1,naive,V1,63,0.080262
13,CA1-V1,intermediate,CA1,0,0.88672
13,CA1-V1,intermediate,CA1,1,0.0
13,CA1-V1,intermediate,CA1,2,0.92119
13,CA1-V1,intermediate,CA1,3,1.23106
13,CA1-V1,intermediate,CA1,4,1.211946
13,CA1-V1,intermediate,CA1,5,1.108853
13,CA1-V1,intermediate,CA1,6,2.129264
13,CA1-V1,intermediate,CA1,7,1.058011
13,CA1-V1,intermediate,CA1,8,1.040864
13,CA1-V1,intermediate,CA1,9,0.924466
13,CA1-V1,intermediate,CA1,10,0.930022
13,CA1-V1,intermediate,CA1,11,1.403898
13,CA1-V1,intermediate,CA1,12,0.769597
13,CA1-V1,intermediate,CA1,13,1.096925
13,CA1-V1,intermediate,CA1,14,0.890887
13,CA1-V1,intermediate,CA1,15,0.932267
13,CA1-V1,intermediate,CA1,16,0.02014
13,CA1-V1,intermediate,CA1,17,0.0
13,CA1-V1,intermediate,CA1,18,0.205383
13,CA1-V1,intermediate,CA1,19,1.102501
13,CA1-V1,intermediate,CA1,20,0.559885
13,CA1-V1,intermediate,CA1,21,0.576722
13,CA1-V1,intermediate,CA1,22,0.705111
13,CA1-V1,intermediate,CA1,23,0.79106
13,CA1-V1,intermediate,V1,0,0.476579
13,CA1-V1,intermediate,V1,1,0.920646
13,CA1-V1,intermediate,V1,2,0.073984
13,CA1-V1,intermediate,V1,3,0.829286
13,CA1-V1,intermediate,V1,4,0.009852
13,CA1-V1,intermediate,V1,5,0.113379
13,CA1-V1,intermediate,V1,6,0.0
13,CA1-V1,intermediate,V1,7,0.131351
13,CA1-V1,intermediate,V1,8,0.015128
13,CA1-V1,intermediate,V1,9,0.836674
13,CA1-V1,intermediate,V1,10,0.147497
13,CA1-V1,intermediate,V1,11,0.046017
13,CA1-V1,intermediate,V1,12,0.036469
13,CA1-V1,intermediate,V1,13,0.05335
13,CA1-V1,intermediate,V1,14,0.217243
13,CA1-V1,intermediate,V1,15,0.013862
13,CA1-V1,intermediate,V1,16,0.071131
13,CA1-V1,intermediate,V1,17,0.8315
13,CA1-V1,intermediate,V1,18,0.032075
13,CA1-V1,intermediate,V1,19,0.646615
13,CA1-V1,intermediate,V1,20,0.050831
13,CA1-V1,intermediate,V1,21,0.307109
13,CA1-V1,intermediate,V1,22,0.967615
13,CA1-V1,intermediate,V1,23,0.066297
13,CA1-V1,intermediate,V1,24,0.193239
13,CA1-V1,intermediate,V1,25,0.160091
13,CA1-V1,intermediate,V1,26,0.366395
13,CA1-V1,intermediate,V1,27,0.270916
13,CA1-V1,intermediate,V1,28,0.894376
13,CA1-V1,intermediate,V1,29,0.933532
13,CA1-V1,intermediate,V1,30,0.242612
13,CA1-V1,intermediate,V1,31,0.862073
13,CA1-V1,intermediate,V1,32,0.1496
13,CA1-V1,intermediate,V1,33,0.45052
13,CA1-V1,intermediate,V1,34,0.820206
13,CA1-V1,intermediate,V1,35,1.004222
13,CA1-V1,intermediate,V1,36,0.410098
13,CA1-V1,intermediate,V1,37,0.863505
13,CA1-V1,intermediate,V1,38,0.901419
13,CA1-V1,intermediate,V1,39,0.973273
13,CA1-V1,intermediate,V1,40,0.029469
13,CA1-V1,intermediate,V1,41,0.741829
13,CA1-V1,intermediate,V1,42,0.133667
13,CA1-V1,intermediate,V1,43,0.780526
13,CA1-V1,intermediate,V1,44,0.004131
13,CA1-V1,intermediate,V1,45,0.019829
13,CA1-V1,intermediate,V1,46,0.011013
13,CA1-V1,intermediate,V1,47,0.013443
13,CA1-V1,intermediate,V1,48,0.975168
13,CA1-V1,intermediate,V1,49,0.059604
13,CA1-V1,intermediate,V1,50,0.941322
13,CA1-V1,intermediate,V1,51,0.137939
13,CA1-V1,intermediate,V1,52,0.242338
13,CA1-V1,intermediate,V1,53,0.489312
13,CA1-V1,intermediate,V1,54,0.989199
13,CA1-V1,intermediate,V1,55,0.012645
13,CA1-V1,intermediate,V1,56,0.009204
13,CA1-V1,intermediate,V1,57,0.968206
13,CA1-V1,intermediate,V1,58,0.345728
13,CA1-V1,intermediate,V1,59,0.065645
13,CA1-V1,intermediate,V1,60,0.121158
13,CA1-V1,intermediate,V1,61,0.065382
13,CA1-V1,intermediate,V1,62,0.12379
13,CA1-V1,intermediate,V1,63,0.109861
13,CA1-V1,expert,CA1,0,0.899743
13,CA1-V1,expert,CA1,1,0.014794
13,CA1-V1,expert,CA1,2,0.961559
13,CA1-V1,expert,CA1,3,1.237394
13,CA1-V1,expert,CA1,4,1.197641
13,CA1-V1,expert,CA1,5,1.062517
13,CA1-V1,expert,CA1,6,0.025763
13,CA1-V1,expert,CA1,7,1.026158
13,CA1-V1,expert,CA1,8,1.044015
13,CA1-V1,expert,CA1,9,1.053455
13,CA1-V1,expert,CA1,10,0.958601
13,CA1-V1,expert,CA1,11,1.024244
13,CA1-V1,expert,CA1,12,0.419458
13,CA1-V1,expert,CA1,13,0.805012
13,CA1-V1,expert,CA1,14,0.958167
13,CA1-V1,expert,CA1,15,0.984146
13,CA1-V1,expert,CA1,16,0.90007
13,CA1-V1,expert,CA1,17,1.480836
13,CA1-V1,expert,CA1,18,0.124846
13,CA1-V1,expert,CA1,19,1.073526
13,CA1-V1,expert,CA1,20,0.699803
13,CA1-V1,expert,CA1,21,0.588656
13,CA1-V1,expert,CA1,22,0.855181
13,CA1-V1,expert,CA1,23,0.883594
13,CA1-V1,expert,V1,0,0.14121
13,CA1-V1,expert,V1,1,1.036704
13,CA1-V1,expert,V1,2,0.905214
13,CA1-V1,expert,V1,3,0.82638
13,CA1-V1,expert,V1,4,0.015159
13,CA1-V1,expert,V1,5,0.137634
13,CA1-V1,expert,V1,6,0.046551
13,CA1-V1,expert,V1,7,0.546257
13,CA1-V1,expert,V1,8,0.020968
13,CA1-V1,expert,V1,9,0.359157
13,CA1-V1,expert,V1,10,0.40819
13,CA1-V1,expert,V1,11,0.030948
13,CA1-V1,expert,V1,12,0.670764
13,CA1-V1,expert,V1,13,0.133333
13,CA1-V1,expert,V1,14,0.226606
13,CA1-V1,expert,V1,15,0.031582
13,CA1-V1,expert,V1,16,0.103599
13,CA1-V1,expert,V1,17,0.74374
13,CA1-V1,expert,V1,18,0.034304
13,CA1-V1,expert,V1,19,0.458146
13,CA1-V1,expert,V1,20,0.101976
13,CA1-V1,expert,V1,21,0.127306
13,CA1-V1,expert,V1,22,0.07948
13,CA1-V1,expert,V1,23,0.1964
13,CA1-V1,expert,V1,24,0.081921
13,CA1-V1,expert,V1,25,0.493998
13,CA1-V1,expert,V1,26,0.740872
13,CA1-V1,expert,V1,27,0.681388
13,CA1-V1,expert,V1,28,0.883818
13,CA1-V1,expert,V1,29,0.962625
13,CA1-V1,expert,V1,30,0.143986
13,CA1-V1,expert,V1,31,0.94463
13,CA1-V1,expert,V1,32,0.049112
13,CA1-V1,expert,V1,33,0.064329
13,CA1-V1,expert,V1,34,0.466104
13,CA1-V1,expert,V1,35,0.126747
13,CA1-V1,expert,V1,36,0.293087
13,CA1-V1,expert,V1,37,0.921442
13,CA1-V1,expert,V1,38,0.850046
13,CA1-V1,expert,V1,39,0.922101
13,CA1-V1,expert,V1,40,0.0588
13,CA1-V1,expert,V1,41,0.072064
13,CA1-V1,expert,V1,42,0.050742
13,CA1-V1,expert,V1,43,0.750407
13,CA1-V1,expert,V1,44,0.028455
13,CA1-V1,expert,V1,45,0.052428
13,CA1-V1,expert,V1,46,0.033828
13,CA1-V1,expert,V1,47,0.017843
13,CA1-V1,expert,V1,48,0.153984
13,CA1-V1,expert,V1,49,0.989245
13,CA1-V1,expert,V1,50,0.790208
13,CA1-V1,expert,V1,51,0.124441
13,CA1-V1,expert,V1,52,0.773478
13,CA1-V1,expert,V1,53,0.227214
13,CA1-V1,expert,V1,54,0.881593
13,CA1-V1,expert,V1,55,0.023621
13,CA1-V1,expert,V1,56,0.017534
13,CA1-V1,expert,V1,57,0.897808
13,CA1-V1,expert,V1,58,0.295484
13,CA1-V1,expert,V1,59,0.049431
13,CA1-V1,expert,V1,60,0.954139
13,CA1-V1,expert,V1,61,0.093162
13,CA1-V1,expert,V1,62,0.034875
13,CA1-V1,expert,V1,63,0.423727
14,DMS-DLS,naive,DMS,0,0.995723
14,DMS-DLS,naive,DMS,1,1.691042
14,DMS-DLS,naive,DMS,2,0.681633
14,DMS-DLS,naive,DMS,3,0.176412
14,DMS-DLS,naive,DMS,4,0.755928
14,DMS-DLS,naive,DMS,5,1.009455
14,DMS-DLS,naive,DMS,6,0.123049
14,DMS-DLS,naive,DMS,7,0.878072
14,DMS-DLS,naive,DMS,8,0.716259
14,DMS-DLS,naive,DMS,9,0.85062
14,DMS-DLS,naive,DMS,10,0.013434
14,DMS-DLS,naive,DMS,11,1.110055
14,DMS-DLS,naive,DMS,12,0.698664
14,DMS-DLS,naive,DMS,13,0.011788
14,DMS-DLS,naive,DMS,14,0.0
14,DMS-DLS,naive,DMS,15,0.0
14,DMS-DLS,naive,DMS,16,0.526642
14,DMS-DLS,naive,DMS,17,0.001882
14,DMS-DLS,naive,DMS,18,0.013476
14,DMS-DLS,naive,DMS,19,1.29415
14,DMS-DLS,naive,DMS,20,0.970302
14,DMS-DLS,naive,DMS,21,0.481185
14,DMS-DLS,naive,DMS,22,0.143248
14,DMS-DLS,naive,DMS,23,0.83398
14,DMS-DLS,naive,DMS,24,0.811854
14,DMS-DLS,naive,DMS,25,1.38899
14,DMS-DLS,naive,DMS,26,0.45569
14,DMS-DLS,naive,DMS,27,0.098668
14,DMS-DLS,naive,DMS,28,1.181109
14,DMS-DLS,naive,DMS,29,0.943562
14,DMS-DLS,naive,DMS,30,0.181524
14,DMS-DLS,naive,DLS,0,0.963604
14,DMS-DLS,naive,DLS,1,0.997928
14,DMS-DLS,naive,DLS,2,0.829863
14,DMS-DLS,naive,DLS,3,1.873455
14,DMS-DLS,naive,DLS,4,0.008501
14,DMS-DLS,naive,DLS,5,0.002567
14,DMS-DLS,naive,DLS,6,0.993601
14,DMS-DLS,naive,DLS,7,0.903455
14,DMS-DLS,naive,DLS,8,1.193141
14,DMS-DLS,naive,DLS,9,0.004993
14,DMS-DLS,naive,DLS,10,0.851979
14,DMS-DLS,naive,DLS,11,1.955404
14,DMS-DLS,naive,DLS,12,0.953328
14,DMS-DLS,naive,DLS,13,0.002791
14,DMS-DLS,naive,DLS,14,2.056596
14,DMS-DLS,naive,DLS,15,1.120291
14,DMS-DLS,naive,DLS,16,1.576838
14,DMS-DLS,naive,DLS,17,1.03591
14,DMS-DLS,naive,DLS,18,0.994211
14,DMS-DLS,naive,DLS,19,1.027591
14,DMS-DLS,naive,DLS,20,1.579499
14,DMS-DLS,naive,DLS,21,0.973299
14,DMS-DLS,naive,DLS,22,1.34446
14,DMS-DLS,naive,DLS,23,1.443361
14,DMS-DLS,naive,DLS,24,0.731315
14,DMS-DLS,naive,DLS,25,0.035166
14,DMS-DLS,intermediate,DMS,0,0.725891
14,DMS-DLS,intermediate,DMS,1,2.030557
14,DMS-DLS,intermediate,DMS,2,1.457776
14,DMS-DLS,intermediate,DMS,3,1.576282
14,DMS-DLS,intermediate,DMS,4,1.066615
14,DMS-DLS,intermediate,DMS,5,1.018182
14,DMS-DLS,intermediate,DMS,6,2.391575
14,DMS-DLS,intermediate,DMS,7,0.957669
14,DMS-DLS,intermediate,DMS,8,1.073499
14,DMS-DLS,intermediate,DMS,9,0.792234
14,DMS-DLS,intermediate,DMS,10,0.026453
14,DMS-DLS,intermediate,DMS,11,0.995356
14,DMS-DLS,intermediate,DMS,12,1.260011
14,DMS-DLS,intermediate,DMS,13,1.252351
14,DMS-DLS,intermediate,DMS,14,0.0
14,DMS-DLS,intermediate,DMS,15,0.089734
14,DMS-DLS,intermediate,DMS,16,1.049703
14,DMS-DLS,intermediate,DMS,17,0.0
14,DMS-DLS,intermediate,DMS,18,0.0
14,DMS-DLS,intermediate,DMS,19,3.148508
14,DMS-DLS,intermediate,DMS,20,0.018627
14,DMS-DLS,intermediate,DMS,21,0.0
14,DMS-DLS,intermediate,DMS,22,0.0
14,DMS-DLS,intermediate,DMS,23,0.0
14,DMS-DLS,intermediate,DMS,24,0.662046
14,DMS-DLS,intermediate,DMS,25,1.224676
14,DMS-DLS,intermediate,DMS,26,2.082949
14,DMS-DLS,intermediate,DMS,27,0.029767
14,DMS-DLS,intermediate,DMS,28,1.191116
14,DMS-DLS,intermediate,DMS,29,1.756046
14,DMS-DLS,intermediate,DMS,30,0.18824
14,DMS-DLS,intermediate,DLS,0,1.994875
14,DMS-DLS,intermediate,DLS,1,1.247328
14,DMS-DLS,intermediate,DLS,2,0.0
14,DMS-DLS,intermediate,DLS,3,1.610514
14,DMS-DLS,intermediate,DLS,4,0.009091
14,DMS-DLS,intermediate,DLS,5,0.0
14,DMS-DLS,intermediate,DLS,6,1.237917
14,DMS-DLS,intermediate,DLS,7,2.596755
14,DMS-DLS,intermediate,DLS,8,0.731037
14,DMS-DLS,intermediate,DLS,9,0.90215
14,DMS-DLS,intermediate,DLS,10,0.711779
14,DMS-DLS,intermediate,DLS,11,0.008668
14,DMS-DLS,intermediate,DLS,12,0.925983
14,DMS-DLS,intermediate,DLS,13,0.00456
14,DMS-DLS,intermediate,DLS,14,2.956932
14,DMS-DLS,intermediate,DLS,15,1.051052
14,DMS-DLS,intermediate,DLS,16,1.039108
14,DMS-DLS,intermediate,DLS,17,1.004439
14,DMS-DLS,intermediate,DLS,18,1.011278
14,DMS-DLS,intermediate,DLS,19,2.962835
14,DMS-DLS,intermediate,DLS,20,1.180889
14,DMS-DLS,intermediate,DLS,21,1.123458
14,DMS-DLS,intermediate,DLS,22,1.148651
14,DMS-DLS,intermediate,DLS,23,2.645565
14,DMS-DLS,intermediate,DLS,24,3.154266
14,DMS-DLS,intermediate,DLS,25,0.001607
14,DMS-DLS,expert,DMS,0,0.0
14,DMS-DLS,expert,DMS,1,1.3868
14,DMS-DLS,expert,DMS,2,1.649408
14,DMS-DLS,expert,DMS,3,1.03698
14,DMS-DLS,expert,DMS,4,1.07059
14,DMS-DLS,expert,DMS,5,1.016597
14,DMS-DLS,expert,DMS,6,0.359931
14,DMS-DLS,expert,DMS,7,0.53416
14,DMS-DLS,expert,DMS,8,1.084727
14,DMS-DLS,expert,DMS,9,1.961135
14,DMS-DLS,expert,DMS,10,0.003516
14,DMS-DLS,expert,DMS,11,1.075049
14,DMS-DLS,expert,DMS,12,1.891295
14,DMS-DLS,expert,DMS,13,1.069105
14,DMS-DLS,expert,DMS,14,0.0
14,DMS-DLS,expert,DMS,15,0.0
14,DMS-DLS,expert,DMS,16,2.00366
14,DMS-DLS,expert,DMS,17,1.923929
14,DMS-DLS,expert,DMS,18,0.07785
14,DMS-DLS,expert,DMS,19,1.028771
14,DMS-DLS,expert,DMS,20,0.051601
14,DMS-DLS,expert,DMS,21,0.0
14,DMS-DLS,expert,DMS,22,0.0
14,DMS-DLS,expert,DMS,23,0.0
14,DMS-DLS,expert,DMS,24,0.829687
14,DMS-DLS,expert,DMS,25,1.101508
14,DMS-DLS,expert,DMS,26,2.073697
14,DMS-DLS,expert,DMS,27,2.092937
14,DMS-DLS,expert,DMS,28,1.048296
14,DMS-DLS,expert,DMS,29,0.008457
14,DMS-DLS,expert,DMS,30,0.012871
14,DMS-DLS,expert,DLS,0,1.003849
14,DMS-DLS,expert,DLS,1,1.137757
14,DMS-DLS,expert,DLS,2,1.273828
14,DMS-DLS,expert,DLS,3,0.770686
14,DMS-DLS,expert,DLS,4,3.157819
14,DMS-DLS,expert,DLS,5,0.0
14,DMS-DLS,expert,DLS,6,1.07897
14,DMS-DLS,expert,DLS,7,0.075929
14,DMS-DLS,expert,DLS,8,0.952077
14,DMS-DLS,expert,DLS,9,0.904707
14,DMS-DLS,expert,DLS,10,1.336761
14,DMS-DLS,expert,DLS,11,0.08748
14,DMS-DLS,expert,DLS,12,2.62036
14,DMS-DLS,expert,DLS,13,0.004202
14,DMS-DLS,expert,DLS,14,2.662646
14,DMS-DLS,expert,DLS,15,0.993291
14,DMS-DLS,expert,DLS,16,0.993327
14,DMS-DLS,expert,DLS,17,1.011287
14,DMS-DLS,expert,DLS,18,0.979484
14,DMS-DLS,expert,DLS,19,3.326685
14,DMS-DLS,expert,DLS,20,2.310609
14,DMS-DLS,expert,DLS,21,0.983158
14,DMS-DLS,expert,DLS,22,0.528396
14,DMS-DLS,expert,DLS,23,0.96766
14,DMS-DLS,expert,DLS,24,0.23606
14,DMS-DLS,expert,DLS,25,0.006711
14,DMS-ACC,naive,DMS,0,0.638419
14,DMS-ACC,naive,DMS,1,1.06818
14,DMS-ACC,naive,DMS,2,0.633111
14,DMS-ACC,naive,DMS,3,0.115857
14,DMS-ACC,naive,DMS,4,0.689642
14,DMS-ACC,naive,DMS,5,0.972263
14,DMS-ACC,naive,DMS,6,0.069777
14,DMS-ACC,naive,DMS,7,0.845652
14,DMS-ACC,naive,DMS,8,0.707546
14,DMS-ACC,naive,DMS,9,0.842773
14,DMS-ACC,naive,DMS,10,0.009915
14,DMS-ACC,naive,DMS,11,1.039756
14,DMS-ACC,naive,DMS,12,0.672116
14,DMS-ACC,naive,DMS,13,0.009924
14,DMS-ACC,naive,DMS,14,0.0
14,DMS-ACC,naive,DMS,15,0.0
14,DMS-ACC,naive,DMS,16,0.410621
14,DMS-ACC,naive,DMS,17,0.00181
14,DMS-ACC,naive,DMS,18,0.012599
14,DMS-ACC,naive,DMS,19,0.932069
14,DMS-ACC,naive,DMS,20,0.942835
14,DMS-ACC,naive,DMS,21,0.375537
14,DMS-ACC,naive,DMS,22,0.084033
14,DMS-ACC,naive,DMS,23,0.284216
14,DMS-ACC,naive,DMS,24,0.790585
14,DMS-ACC,naive,DMS,25,1.173563
14,DMS-ACC,naive,DMS,26,0.418577
14,DMS-ACC,naive,DMS,27,0.095555
14,DMS-ACC,naive,DMS,28,1.126467
14,DMS-ACC,naive,DMS,29,0.769955
14,DMS-ACC,naive,DMS,30,0.15862
14,DMS-ACC,naive,ACC,0,0.0
14,DMS-ACC,naive,ACC,1,0.0
14,DMS-ACC,naive,ACC,2,50.003203
14,DMS-ACC,naive,ACC,3,187.886329
14,DMS-ACC,naive,ACC,4,0.0
14,DMS-ACC,naive,ACC,5,0.873068
14,DMS-ACC,naive,ACC,6,2.337171
14,DMS-ACC,naive,ACC,7,7.570522
14,DMS-ACC,naive,ACC,8,0.0
14,DMS-ACC,naive,ACC,9,0.969857
14,DMS-ACC,naive,ACC,10,2.604577
14,DMS-ACC,naive,ACC,11,3.928254
14,DMS-ACC,naive,ACC,12,2.255087
14,DMS-ACC,naive,ACC,13,1.121442
14,DMS-ACC,naive,ACC,14,1.991009
14,DMS-ACC,naive,ACC,15,1.377761
14,DMS-ACC,naive,ACC,16,0.0
14,DMS-ACC,naive,ACC,17,0.0
14,DMS-ACC,naive,ACC,18,0.0
14,DMS-ACC,naive,ACC,19,2.746471
14,DMS-ACC,naive,ACC,20,0.796952
14,DMS-ACC,naive,ACC,21,0.0
14,DMS-ACC,naive,ACC,22,1.61505
14,DMS-ACC,intermediate,DMS,0,0.750596
14,DMS-ACC,intermediate,DMS,1,1.95787
14,DMS-ACC,intermediate,DMS,2,1.469716
14,DMS-ACC,intermediate,DMS,3,1.546482
14,DMS-ACC,intermediate,DMS,4,1.070121
14,DMS-ACC,intermediate,DMS,5,1.018765
14,DMS-ACC,intermediate,DMS,6,2.394732
14,DMS-ACC,intermediate,DMS,7,0.955165
14,DMS-ACC,intermediate,DMS,8,1.075132
14,DMS-ACC,intermediate,DMS,9,0.797186
14,DMS-ACC,intermediate,DMS,10,0.025321
14,DMS-ACC,intermediate,DMS,11,0.988819
14,DMS-ACC,intermediate,DMS,12,1.260097
14,DMS-ACC,intermediate,DMS,13,1.240536
14,DMS-ACC,intermediate,DMS,14,0.0
14,DMS-ACC,intermediate,DMS,15,0.085917
14,DMS-ACC,intermediate,DMS,16,1.021616
14,DMS-ACC,intermediate,DMS,17,0.0
14,DMS-ACC,intermediate,DMS,18,0.0
14,DMS-ACC,intermediate,DMS,19,1.539057
14,DMS-ACC,intermediate,DMS,20,0.017852
14,DMS-ACC,intermediate,DMS,21,0.0
14,DMS-ACC,intermediate,DMS,22,0.0
14,DMS-ACC,intermediate,DMS,23,0.0
14,DMS-ACC,intermediate,DMS,24,0.663031
14,DMS-ACC,intermediate,DMS,25,1.226216
14,DMS-ACC,intermediate,DMS,26,2.076993
14,DMS-ACC,intermediate,DMS,27,0.029235
14,DMS-ACC,intermediate,DMS,28,1.164995
14,DMS-ACC,intermediate,DMS,29,1.751665
14,DMS-ACC,intermediate,DMS,30,0.184233
14,DMS-ACC,intermediate,ACC,0,1.770341
14,DMS-ACC,intermediate,ACC,1,1.504689
14,DMS-ACC,intermediate,ACC,2,1.120102
14,DMS-ACC,intermediate,ACC,3,4.26367
14,DMS-ACC,intermediate,ACC,4,0.0
14,DMS-ACC,intermediate,ACC,5,0.0
14,DMS-ACC,intermediate,ACC,6,0.952275
14,DMS-ACC,intermediate,ACC,7,0.968833
14,DMS-ACC,intermediate,ACC,8,1.896155
14,DMS-ACC,intermediate,ACC,9,1.174278
14,DMS-ACC,intermediate,ACC,10,1.363024
14,DMS-ACC,intermediate,ACC,11,2.320896
14,DMS-ACC,intermediate,ACC,12,1.425085
14,DMS-ACC,intermediate,ACC,13,1.129829
14,DMS-ACC,intermediate,ACC,14,1.670108
14,DMS-ACC,intermediate,ACC,15,0.984767
14,DMS-ACC,intermediate,ACC,16,2.586974
14,DMS-ACC,intermediate,ACC,17,0.0
14,DMS-ACC,intermediate,ACC,18,2.029952
14,DMS-ACC,intermediate,ACC,19,6.525971
14,DMS-ACC,intermediate,ACC,20,0.0
14,DMS-ACC,intermediate,ACC,21,0.816232
14,DMS-ACC,intermediate,ACC,22,1.298709
14,DMS-ACC,expert,DMS,0,0.0
14,DMS-ACC,expert,DMS,1,1.371542
14,DMS-ACC,expert,DMS,2,1.636891
14,DMS-ACC,expert,DMS,3,1.015866
14,DMS-ACC,expert,DMS,4,1.037873
14,DMS-ACC,expert,DMS,5,1.013026
14,DMS-ACC,expert,DMS,6,0.356574
14,DMS-ACC,expert,DMS,7,0.534947
14,DMS-ACC,expert,DMS,8,1.084381
14,DMS-ACC,expert,DMS,9,1.728087
14,DMS-ACC,expert,DMS,10,0.003988
14,DMS-ACC,expert,DMS,11,1.081786
14,DMS-ACC,expert,DMS,12,1.881465
14,DMS-ACC,expert,DMS,13,0.987403
14,DMS-ACC,expert,DMS,14,0.0
14,DMS-ACC,expert,DMS,15,0.0
14,DMS-ACC,expert,DMS,16,1.931375
14,DMS-ACC,expert,DMS,17,1.559423
14,DMS-ACC,expert,DMS,18,0.044939
14,DMS-ACC,expert,DMS,19,1.025304
14,DMS-ACC,expert,DMS,20,0.054027
14,DMS-ACC,expert,DMS,21,0.0
14,DMS-ACC,expert,DMS,22,0.0
14,DMS-ACC,expert,DMS,23,0.0
14,DMS-ACC,expert,DMS,24,0.83046
14,DMS-ACC,expert,DMS,25,1.101955
14,DMS-ACC,expert,DMS,26,1.243668
14,DMS-ACC,expert,DMS,27,1.656471
14,DMS-ACC,expert,DMS,28,1.020424
14,DMS-ACC,expert,DMS,29,0.007619
14,DMS-ACC,expert,DMS,30,0.013623
14,DMS-ACC,expert,ACC,0,1.188993
14,DMS-ACC,expert,ACC,1,1.787177
14,DMS-ACC,expert,ACC,2,1.061062
14,DMS-ACC,expert,ACC,3,1.407382
14,DMS-ACC,expert,ACC,4,0.0
14,DMS-ACC,expert,ACC,5,0.0
14,DMS-ACC,expert,ACC,6,0.98382
14,DMS-ACC,expert,ACC,7,1.512047
14,DMS-ACC,expert,ACC,8,0.847164
14,DMS-ACC,expert,ACC,9,2.01031
14,DMS-ACC,expert,ACC,10,1.126842
14,DMS-ACC,expert,ACC,11,1.088859
14,DMS-ACC,expert,ACC,12,1.222
14,DMS-ACC,expert,ACC,13,1.142016
14,DMS-ACC,expert,ACC,14,1.773474
14,DMS-ACC,expert,ACC,15,0.897957
14,DMS-ACC,expert,ACC,16,0.0
14,DMS-ACC,expert,ACC,17,0.0
14,DMS-ACC,expert,ACC,18,1.314518
14,DMS-ACC,expert,ACC,19,2.20443
14,DMS-ACC,expert,ACC,20,0.0
14,DMS-ACC,expert,ACC,21,2.050449
14,DMS-ACC,expert,ACC,22,1.533543
14,DLS-ACC,naive,DLS,0,0.880026
14,DLS-ACC,naive,DLS,1,0.986062
14,DLS-ACC,naive,DLS,2,0.259283
14,DLS-ACC,naive,DLS,3,1.833439
14,DLS-ACC,naive,DLS,4,0.006624
14,DLS-ACC,naive,DLS,5,0.002379
14,DLS-ACC,naive,DLS,6,0.941175
14,DLS-ACC,naive,DLS,7,0.772684
14,DLS-ACC,naive,DLS,8,1.18989
14,DLS-ACC,naive,DLS,9,0.005087
14,DLS-ACC,naive,DLS,10,0.842572
14,DLS-ACC,naive,DLS,11,1.397738
14,DLS-ACC,naive,DLS,12,0.939691
14,DLS-ACC,naive,DLS,13,0.002777
14,DLS-ACC,naive,DLS,14,1.887542
14,DLS-ACC,naive,DLS,15,1.072594
14,DLS-ACC,naive,DLS,16,1.540203
14,DLS-ACC,naive,DLS,17,1.026661
14,DLS-ACC,naive,DLS,18,0.993604
14,DLS-ACC,naive,DLS,19,1.003884
14,DLS-ACC,naive,DLS,20,1.302735
14,DLS-ACC,naive,DLS,21,0.710558
14,DLS-ACC,naive,DLS,22,0.372156
14,DLS-ACC,naive,DLS,23,0.477535
14,DLS-ACC,naive,DLS,24,0.702105
14,DLS-ACC,naive,DLS,25,0.028709
14,DLS-ACC,naive,ACC,0,0.0
14,DLS-ACC,naive,ACC,1,0.0
14,DLS-ACC,naive,ACC,2,50.256442
14,DLS-ACC,naive,ACC,3,188.659474
14,DLS-ACC,naive,ACC,4,0.0
14,DLS-ACC,naive,ACC,5,0.873552
14,DLS-ACC,naive,ACC,6,2.354788
14,DLS-ACC,naive,ACC,7,7.569151
14,DLS-ACC,naive,ACC,8,0.0
14,DLS-ACC,naive,ACC,9,0.972418
14,DLS-ACC,naive,ACC,10,2.614597
14,DLS-ACC,naive,ACC,11,3.937892
14,DLS-ACC,naive,ACC,12,2.254538
14,DLS-ACC,naive,ACC,13,1.122032
14,DLS-ACC,naive,ACC,14,2.063216
14,DLS-ACC,naive,ACC,15,1.378487
14,DLS-ACC,naive,ACC,16,0.0
14,DLS-ACC,naive,ACC,17,0.0
14,DLS-ACC,naive,ACC,18,0.0
14,DLS-ACC,naive,ACC,19,2.706596
14,DLS-ACC,naive,ACC,20,0.795578
14,DLS-ACC,naive,ACC,21,0.0
14,DLS-ACC,naive,ACC,22,1.632543
14,DLS-ACC,intermediate,DLS,0,1.955437
14,DLS-ACC,intermediate,DLS,1,1.242959
14,DLS-ACC,intermediate,DLS,2,0.0
14,DLS-ACC,intermediate,DLS,3,1.60681
14,DLS-ACC,intermediate,DLS,4,0.008825
14,DLS-ACC,intermediate,DLS,5,0.0
14,DLS-ACC,intermediate,DLS,6,1.229597
14,DLS-ACC,intermediate,DLS,7,2.594938
14,DLS-ACC,intermediate,DLS,8,0.733003
14,DLS-ACC,intermediate,DLS,9,0.903806
14,DLS-ACC,intermediate,DLS,10,0.713328
14,DLS-ACC,intermediate,DLS,11,0.009071
14,DLS-ACC,intermediate,DLS,12,0.930956
14,DLS-ACC,intermediate,DLS,13,0.004826
14,DLS-ACC,intermediate,DLS,14,3.078942
14,DLS-ACC,intermediate,DLS,15,1.054973
14,DLS-ACC,intermediate,DLS,16,1.042816
14,DLS-ACC,intermediate,DLS,17,1.004185
14,DLS-ACC,intermediate,DLS,18,1.010193
14,DLS-ACC,intermediate,DLS,19,2.950264
14,DLS-ACC,intermediate,DLS,20,1.171439
14,DLS-ACC,intermediate,DLS,21,1.017837
14,DLS-ACC,intermediate,DLS,22,1.028447
14,DLS-ACC,intermediate,DLS,23,2.095828
14,DLS-ACC,intermediate,DLS,24,2.961488
14,DLS-ACC,intermediate,DLS,25,0.001446
14,DLS-ACC,intermediate,ACC,0,1.770463
14,DLS-ACC,intermediate,ACC,1,1.508646
14,DLS-ACC,intermediate,ACC,2,1.136442
14,DLS-ACC,intermediate,ACC,3,4.258807
14,DLS-ACC,intermediate,ACC,4,0.0
14,DLS-ACC,intermediate,ACC,5,0.0
14,DLS-ACC,intermediate,ACC,6,0.954534
14,DLS-ACC,intermediate,ACC,7,0.972956
14,DLS-ACC,intermediate,ACC,8,1.894677
14,DLS-ACC,intermediate,ACC,9,1.163992
14,DLS-ACC,intermediate,ACC,10,1.369298
14,DLS-ACC,intermediate,ACC,11,2.323689
14,DLS-ACC,intermediate,ACC,12,1.425778
14,DLS-ACC,intermediate,ACC,13,1.126353
14,DLS-ACC,intermediate,ACC,14,1.68722
14,DLS-ACC,intermediate,ACC,15,0.983227
14,DLS-ACC,intermediate,ACC,16,2.585102
14,DLS-ACC,intermediate,ACC,17,0.0
14,DLS-ACC,intermediate,ACC,18,2.022775
14,DLS-ACC,intermediate,ACC,19,6.518861
14,DLS-ACC,intermediate,ACC,20,0.0
14,DLS-ACC,intermediate,ACC,21,0.815154
14,DLS-ACC,intermediate,ACC,22,1.299369
14,DLS-ACC,expert,DLS,0,0.990928
14,DLS-ACC,expert,DLS,1,1.132146
14,DLS-ACC,expert,DLS,2,1.007935
14,DLS-ACC,expert,DLS,3,0.779315
14,DLS-ACC,expert,DLS,4,3.155285
14,DLS-ACC,expert,DLS,5,0.0
14,DLS-ACC,expert,DLS,6,1.076589
14,DLS-ACC,expert,DLS,7,0.084313
14,DLS-ACC,expert,DLS,8,0.959814
14,DLS-ACC,expert,DLS,9,0.903566
14,DLS-ACC,expert,DLS,10,1.333573
14,DLS-ACC,expert,DLS,11,0.085847
14,DLS-ACC,expert,DLS,12,2.618257
14,DLS-ACC,expert,DLS,13,0.003735
14,DLS-ACC,expert,DLS,14,2.092608
14,DLS-ACC,expert,DLS,15,0.983385
14,DLS-ACC,expert,DLS,16,0.994468
14,DLS-ACC,expert,DLS,17,1.010344
14,DLS-ACC,expert,DLS,18,0.974546
14,DLS-ACC,expert,DLS,19,2.837592
14,DLS-ACC,expert,DLS,20,1.874523
14,DLS-ACC,expert,DLS,21,0.931016
14,DLS-ACC,expert,DLS,22,0.534682
14,DLS-ACC,expert,DLS,23,0.771773
14,DLS-ACC,expert,DLS,24,0.216266
14,DLS-ACC,expert,DLS,25,0.006945
14,DLS-ACC,expert,ACC,0,1.197007
14,DLS-ACC,expert,ACC,1,1.789288
14,DLS-ACC,expert,ACC,2,1.075497
14,DLS-ACC,expert,ACC,3,1.405067
14,DLS-ACC,expert,ACC,4,0.0
14,DLS-ACC,expert,ACC,5,0.0
14,DLS-ACC,expert,ACC,6,0.989185
14,DLS-ACC,expert,ACC,7,1.512076
14,DLS-ACC,expert,ACC,8,0.846683
14,DLS-ACC,expert,ACC,9,2.043262
14,DLS-ACC,expert,ACC,10,1.127502
14,DLS-ACC,expert,ACC,11,1.089091
14,DLS-ACC,expert,ACC,12,1.220521
14,DLS-ACC,expert,ACC,13,1.142267
14,DLS-ACC,expert,ACC,14,1.786284
14,DLS-ACC,expert,ACC,15,0.9
14,DLS-ACC,expert,ACC,16,0.0
14,DLS-ACC,expert,ACC,17,0.0
14,DLS-ACC,expert,ACC,18,1.315591
14,DLS-ACC,expert,ACC,19,2.204644
14,DLS-ACC,expert,ACC,20,0.0
14,DLS-ACC,expert,ACC,21,2.052812
14,DLS-ACC,expert,ACC,22,1.528497
