animal,pair,epoch,area,unit,contrib
1,DMS-DLS,naive,DMS,0,0.067707
1,DMS-DLS,naive,DMS,1,0.595007
1,DMS-DLS,naive,DMS,2,0.40825
1,DMS-DLS,naive,DMS,3,0.029695
1,DMS-DLS,naive,DMS,4,0.801641
1,DMS-DLS,naive,DMS,5,0.064328
1,DMS-DLS,naive,DMS,6,0.242867
1,DMS-DLS,naive,DMS,7,0.007336
1,DMS-DLS,naive,DMS,8,0.012103
1,DMS-DLS,naive,DMS,9,0.010886
1,DMS-DLS,naive,DMS,10,0.280063
1,DMS-DLS,naive,DMS,11,0.175924
1,DMS-DLS,naive,DMS,12,0.003237
1,DMS-DLS,naive,DMS,13,0.124783
1,DMS-DLS,naive,DMS,14,0.839131
1,DMS-DLS,naive,DMS,15,0.599882
1,DMS-DLS,naive,DMS,16,0.832123
1,DMS-DLS,naive,DMS,17,0.049719
1,DMS-DLS,naive,DMS,18,0.020397
1,DMS-DLS,naive,DMS,19,0.237939
1,DMS-DLS,naive,DMS,20,0.090599
1,DMS-DLS,naive,DMS,21,0.337223
1,DMS-DLS,naive,DMS,22,0.0
1,DMS-DLS,naive,DMS,23,0.698254
1,DMS-DLS,naive,DMS,24,0.772762
1,DMS-DLS,naive,DMS,25,0.068918
1,DMS-DLS,naive,DMS,26,0.031679
1,DMS-DLS,naive,DMS,27,0.21822
1,DMS-DLS,naive,DMS,28,0.378995
1,DMS-DLS,naive,DMS,29,0.063636
1,DMS-DLS,naive,DMS,30,0.053871
1,DMS-DLS,naive,DMS,31,0.297409
1,DMS-DLS,naive,DMS,32,1.01597
1,DMS-DLS,naive,DMS,33,0.827547
1,DMS-DLS,naive,DMS,34,0.084445
1,DMS-DLS,naive,DMS,35,0.679144
1,DMS-DLS,naive,DMS,36,0.149639
1,DMS-DLS,naive,DMS,37,0.0
1,DMS-DLS,naive,DMS,38,0.621319
1,DMS-DLS,naive,DMS,39,0.729761
1,DMS-DLS,naive,DMS,40,0.933418
1,DMS-DLS,naive,DMS,41,0.941981
1,DMS-DLS,naive,DMS,42,0.136622
1,DMS-DLS,naive,DMS,43,0.832036
1,DMS-DLS,naive,DMS,44,0.57464
1,DMS-DLS,naive,DMS,45,0.187269
1,DMS-DLS,naive,DMS,46,0.827915
1,DMS-DLS,naive,DMS,47,0.045865
1,DMS-DLS,naive,DMS,48,0.301513
1,DMS-DLS,naive,DMS,49,0.650094
1,DMS-DLS,naive,DMS,50,0.549831
1,DMS-DLS,naive,DMS,51,0.104259
1,DMS-DLS,naive,DMS,52,0.141264
1,DMS-DLS,naive,DMS,53,0.951876
1,DMS-DLS,naive,DMS,54,0.917933
1,DMS-DLS,naive,DMS,55,0.096556
1,DMS-DLS,naive,DMS,56,0.838595
1,DMS-DLS,naive,DLS,0,0.0
1,DMS-DLS,naive,DLS,1,0.383034
1,DMS-DLS,naive,DLS,2,0.718775
1,DMS-DLS,naive,DLS,3,1.049602
1,DMS-DLS,naive,DLS,4,1.081991
1,DMS-DLS,naive,DLS,5,0.045602
1,DMS-DLS,naive,DLS,6,0.977397
1,DMS-DLS,naive,DLS,7,0.098068
1,DMS-DLS,naive,DLS,8,0.962923
1,DMS-DLS,naive,DLS,9,1.011267
1,DMS-DLS,naive,DLS,10,0.049624
1,DMS-DLS,naive,DLS,11,0.62607
1,DMS-DLS,naive,DLS,12,0.123894
1,DMS-DLS,naive,DLS,13,0.629513
1,DMS-DLS,naive,DLS,14,0.681083
1,DMS-DLS,naive,DLS,15,1.032414
1,DMS-DLS,naive,DLS,16,0.470697
1,DMS-DLS,naive,DLS,17,0.0
1,DMS-DLS,naive,DLS,18,0.68825
1,DMS-DLS,naive,DLS,19,0.174848
1,DMS-DLS,naive,DLS,20,0.934665
1,DMS-DLS,naive,DLS,21,0.747236
1,DMS-DLS,naive,DLS,22,0.721764
1,DMS-DLS,naive,DLS,23,0.967925
1,DMS-DLS,naive,DLS,24,0.00357
1,DMS-DLS,naive,DLS,25,0.0
1,DMS-DLS,naive,DLS,26,0.96849
1,DMS-DLS,naive,DLS,27,0.179107
1,DMS-DLS,naive,DLS,28,0.0
1,DMS-DLS,naive,DLS,29,0.43716
1,DMS-DLS,naive,DLS,30,0.398785
1,DMS-DLS,naive,DLS,31,0.064752
1,DMS-DLS,naive,DLS,32,0.0
1,DMS-DLS,naive,DLS,33,0.738071
1,DMS-DLS,naive,DLS,34,1.05936
1,DMS-DLS,naive,DLS,35,0.041493
1,DMS-DLS,naive,DLS,36,0.432133
1,DMS-DLS,naive,DLS,37,0.015755
1,DMS-DLS,naive,DLS,38,0.64592
1,DMS-DLS,naive,DLS,39,1.029226
1,DMS-DLS,naive,DLS,40,0.016999
1,DMS-DLS,naive,DLS,41,0.82841
1,DMS-DLS,intermediate,DMS,0,0.174256
1,DMS-DLS,intermediate,DMS,1,0.572922
1,DMS-DLS,intermediate,DMS,2,0.915987
1,DMS-DLS,intermediate,DMS,3,0.063338
1,DMS-DLS,intermediate,DMS,4,0.810604
1,DMS-DLS,intermediate,DMS,5,0.08943
1,DMS-DLS,intermediate,DMS,6,0.991225
1,DMS-DLS,intermediate,DMS,7,0.111966
1,DMS-DLS,intermediate,DMS,8,0.060246
1,DMS-DLS,intermediate,DMS,9,0.736251
1,DMS-DLS,intermediate,DMS,10,0.283671
1,DMS-DLS,intermediate,DMS,11,0.151356
1,DMS-DLS,intermediate,DMS,12,0.10034
1,DMS-DLS,intermediate,DMS,13,0.826479
1,DMS-DLS,intermediate,DMS,14,0.834921
1,DMS-DLS,intermediate,DMS,15,0.718695
1,DMS-DLS,intermediate,DMS,16,0.371696
1,DMS-DLS,intermediate,DMS,17,0.021754
1,DMS-DLS,intermediate,DMS,18,0.41634
1,DMS-DLS,intermediate,DMS,19,0.110642
1,DMS-DLS,intermediate,DMS,20,0.923556
1,DMS-DLS,intermediate,DMS,21,0.021095
1,DMS-DLS,intermediate,DMS,22,0.0
1,DMS-DLS,intermediate,DMS,23,0.791189
1,DMS-DLS,intermediate,DMS,24,0.825806
1,DMS-DLS,intermediate,DMS,25,0.317955
1,DMS-DLS,intermediate,DMS,26,0.043495
1,DMS-DLS,intermediate,DMS,27,0.296429
1,DMS-DLS,intermediate,DMS,28,0.117695
1,DMS-DLS,intermediate,DMS,29,0.720489
1,DMS-DLS,intermediate,DMS,30,0.032262
1,DMS-DLS,intermediate,DMS,31,0.847607
1,DMS-DLS,intermediate,DMS,32,0.061468
1,DMS-DLS,intermediate,DMS,33,0.026907
1,DMS-DLS,intermediate,DMS,34,0.019655
1,DMS-DLS,intermediate,DMS,35,0.040416
1,DMS-DLS,intermediate,DMS,36,0.03235
1,DMS-DLS,intermediate,DMS,37,0.087932
1,DMS-DLS,intermediate,DMS,38,0.655487
1,DMS-DLS,intermediate,DMS,39,0.496446
1,DMS-DLS,intermediate,DMS,40,0.033933
1,DMS-DLS,intermediate,DMS,41,0.866581
1,DMS-DLS,intermediate,DMS,42,0.242971
1,DMS-DLS,intermediate,DMS,43,0.0
1,DMS-DLS,intermediate,DMS,44,0.075672
1,DMS-DLS,intermediate,DMS,45,0.86511
1,DMS-DLS,intermediate,DMS,46,0.900893
1,DMS-DLS,intermediate,DMS,47,0.0
1,DMS-DLS,intermediate,DMS,48,0.094815
1,DMS-DLS,intermediate,DMS,49,0.005916
1,DMS-DLS,intermediate,DMS,50,0.046256
1,DMS-DLS,intermediate,DMS,51,0.171578
1,DMS-DLS,intermediate,DMS,52,0.865122
1,DMS-DLS,intermediate,DMS,53,0.025818
1,DMS-DLS,intermediate,DMS,54,0.894502
1,DMS-DLS,intermediate,DMS,55,0.193958
1,DMS-DLS,intermediate,DMS,56,0.988049
1,DMS-DLS,intermediate,DLS,0,0.061398
1,DMS-DLS,intermediate,DLS,1,0.390608
1,DMS-DLS,intermediate,DLS,2,0.615825
1,DMS-DLS,intermediate,DLS,3,0.565446
1,DMS-DLS,intermediate,DLS,4,0.319685
1,DMS-DLS,intermediate,DLS,5,0.910474
1,DMS-DLS,intermediate,DLS,6,0.012901
1,DMS-DLS,intermediate,DLS,7,0.056051
1,DMS-DLS,intermediate,DLS,8,0.873428
1,DMS-DLS,intermediate,DLS,9,0.762728
1,DMS-DLS,intermediate,DLS,10,0.738248
1,DMS-DLS,intermediate,DLS,11,0.62324
1,DMS-DLS,intermediate,DLS,12,0.040981
1,DMS-DLS,intermediate,DLS,13,0.503054
1,DMS-DLS,intermediate,DLS,14,0.071259
1,DMS-DLS,intermediate,DLS,15,0.908867
1,DMS-DLS,intermediate,DLS,16,0.220939
1,DMS-DLS,intermediate,DLS,17,0.0
1,DMS-DLS,intermediate,DLS,18,0.537863
1,DMS-DLS,intermediate,DLS,19,0.703684
1,DMS-DLS,intermediate,DLS,20,0.758745
1,DMS-DLS,intermediate,DLS,21,0.72062
1,DMS-DLS,intermediate,DLS,22,0.697599
1,DMS-DLS,intermediate,DLS,23,0.903793
1,DMS-DLS,intermediate,DLS,24,0.66804
1,DMS-DLS,intermediate,DLS,25,0.796316
1,DMS-DLS,intermediate,DLS,26,0.892963
1,DMS-DLS,intermediate,DLS,27,0.0
1,DMS-DLS,intermediate,DLS,28,0.038512
1,DMS-DLS,intermediate,DLS,29,0.0
1,DMS-DLS,intermediate,DLS,30,0.07093
1,DMS-DLS,intermediate,DLS,31,0.033915
1,DMS-DLS,intermediate,DLS,32,0.0
1,DMS-DLS,intermediate,DLS,33,0.74797
1,DMS-DLS,intermediate,DLS,34,0.542778
1,DMS-DLS,intermediate,DLS,35,0.541219
1,DMS-DLS,intermediate,DLS,36,0.764202
1,DMS-DLS,intermediate,DLS,37,0.070844
1,DMS-DLS,intermediate,DLS,38,0.750521
1,DMS-DLS,intermediate,DLS,39,0.227707
1,DMS-DLS,intermediate,DLS,40,0.0
1,DMS-DLS,intermediate,DLS,41,0.545775
1,DMS-DLS,expert,DMS,0,0.099715
1,DMS-DLS,expert,DMS,1,0.242484
1,DMS-DLS,expert,DMS,2,0.814196
1,DMS-DLS,expert,DMS,3,0.108095
1,DMS-DLS,expert,DMS,4,0.820585
1,DMS-DLS,expert,DMS,5,0.220923
1,DMS-DLS,expert,DMS,6,0.925916
1,DMS-DLS,expert,DMS,7,0.720455
1,DMS-DLS,expert,DMS,8,0.019478
1,DMS-DLS,expert,DMS,9,0.068296
1,DMS-DLS,expert,DMS,10,0.208074
1,DMS-DLS,expert,DMS,11,0.173121
1,DMS-DLS,expert,DMS,12,0.245311
1,DMS-DLS,expert,DMS,13,0.113055
1,DMS-DLS,expert,DMS,14,0.735365
1,DMS-DLS,expert,DMS,15,0.896207
1,DMS-DLS,expert,DMS,16,0.101177
1,DMS-DLS,expert,DMS,17,0.921616
1,DMS-DLS,expert,DMS,18,0.859197
1,DMS-DLS,expert,DMS,19,0.35788
1,DMS-DLS,expert,DMS,20,0.667767
1,DMS-DLS,expert,DMS,21,0.031822
1,DMS-DLS,expert,DMS,22,0.0
1,DMS-DLS,expert,DMS,23,0.925269
1,DMS-DLS,expert,DMS,24,0.85512
1,DMS-DLS,expert,DMS,25,0.093022
1,DMS-DLS,expert,DMS,26,0.022808
1,DMS-DLS,expert,DMS,27,0.193354
1,DMS-DLS,expert,DMS,28,0.052152
1,DMS-DLS,expert,DMS,29,0.643101
1,DMS-DLS,expert,DMS,30,0.118549
1,DMS-DLS,expert,DMS,31,0.815879
1,DMS-DLS,expert,DMS,32,0.753327
1,DMS-DLS,expert,DMS,33,0.064992
1,DMS-DLS,expert,DMS,34,0.004394
1,DMS-DLS,expert,DMS,35,0.041114
1,DMS-DLS,expert,DMS,36,0.16925
1,DMS-DLS,expert,DMS,37,0.022974
1,DMS-DLS,expert,DMS,38,0.56999
1,DMS-DLS,expert,DMS,39,0.034711
1,DMS-DLS,expert,DMS,40,0.878784
1,DMS-DLS,expert,DMS,41,0.881473
1,DMS-DLS,expert,DMS,42,0.128437
1,DMS-DLS,expert,DMS,43,0.00527
1,DMS-DLS,expert,DMS,44,0.036132
1,DMS-DLS,expert,DMS,45,0.894135
1,DMS-DLS,expert,DMS,46,0.778984
1,DMS-DLS,expert,DMS,47,0.010351
1,DMS-DLS,expert,DMS,48,0.105116
1,DMS-DLS,expert,DMS,49,0.0
1,DMS-DLS,expert,DMS,50,0.060209
1,DMS-DLS,expert,DMS,51,0.060044
1,DMS-DLS,expert,DMS,52,0.877609
1,DMS-DLS,expert,DMS,53,0.082958
1,DMS-DLS,expert,DMS,54,0.09441
1,DMS-DLS,expert,DMS,55,0.115866
1,DMS-DLS,expert,DMS,56,0.959825
1,DMS-DLS,expert,DLS,0,0.03074
1,DMS-DLS,expert,DLS,1,0.347202
1,DMS-DLS,expert,DLS,2,0.591339
1,DMS-DLS,expert,DLS,3,1.086078
1,DMS-DLS,expert,DLS,4,1.041721
1,DMS-DLS,expert,DLS,5,0.958139
1,DMS-DLS,expert,DLS,6,0.082706
1,DMS-DLS,expert,DLS,7,0.955796
1,DMS-DLS,expert,DLS,8,0.997303
1,DMS-DLS,expert,DLS,9,0.932817
1,DMS-DLS,expert,DLS,10,0.891105
1,DMS-DLS,expert,DLS,11,0.023923
1,DMS-DLS,expert,DLS,12,0.029673
1,DMS-DLS,expert,DLS,13,0.930141
1,DMS-DLS,expert,DLS,14,0.024322
1,DMS-DLS,expert,DLS,15,1.057418
1,DMS-DLS,expert,DLS,16,0.851904
1,DMS-DLS,expert,DLS,17,0.0
1,DMS-DLS,expert,DLS,18,0.486801
1,DMS-DLS,expert,DLS,19,0.690415
1,DMS-DLS,expert,DLS,20,0.119774
1,DMS-DLS,expert,DLS,21,0.132935
1,DMS-DLS,expert,DLS,22,0.976217
1,DMS-DLS,expert,DLS,23,0.984095
1,DMS-DLS,expert,DLS,24,0.989154
1,DMS-DLS,expert,DLS,25,0.0
1,DMS-DLS,expert,DLS,26,0.867431
1,DMS-DLS,expert,DLS,27,0.0
1,DMS-DLS,expert,DLS,28,0.435808
1,DMS-DLS,expert,DLS,29,0.477439
1,DMS-DLS,expert,DLS,30,0.451877
1,DMS-DLS,expert,DLS,31,0.05745
1,DMS-DLS,expert,DLS,32,0.0
1,DMS-DLS,expert,DLS,33,0.030859
1,DMS-DLS,expert,DLS,34,0.0
1,DMS-DLS,expert,DLS,35,0.845935
1,DMS-DLS,expert,DLS,36,0.622675
1,DMS-DLS,expert,DLS,37,0.053677
1,DMS-DLS,expert,DLS,38,0.018936
1,DMS-DLS,expert,DLS,39,1.082924
1,DMS-DLS,expert,DLS,40,0.667416
1,DMS-DLS,expert,DLS,41,0.51637
1,DMS-ACC,naive,DMS,0,0.067707
1,DMS-ACC,naive,DMS,1,0.595007
1,DMS-ACC,naive,DMS,2,0.40825
1,DMS-ACC,naive,DMS,3,0.029695
1,DMS-ACC,naive,DMS,4,0.801641
1,DMS-ACC,naive,DMS,5,0.064328
1,DMS-ACC,naive,DMS,6,0.242867
1,DMS-ACC,naive,DMS,7,0.007336
1,DMS-ACC,naive,DMS,8,0.012103
1,DMS-ACC,naive,DMS,9,0.010886
1,DMS-ACC,naive,DMS,10,0.280063
1,DMS-ACC,naive,DMS,11,0.175924
1,DMS-ACC,naive,DMS,12,0.003237
1,DMS-ACC,naive,DMS,13,0.124783
1,DMS-ACC,naive,DMS,14,0.839131
1,DMS-ACC,naive,DMS,15,0.599882
1,DMS-ACC,naive,DMS,16,0.832123
1,DMS-ACC,naive,DMS,17,0.049719
1,DMS-ACC,naive,DMS,18,0.020397
1,DMS-ACC,naive,DMS,19,0.237939
1,DMS-ACC,naive,DMS,20,0.090599
1,DMS-ACC,naive,DMS,21,0.337223
1,DMS-ACC,naive,DMS,22,0.0
1,DMS-ACC,naive,DMS,23,0.698254
1,DMS-ACC,naive,DMS,24,0.772762
1,DMS-ACC,naive,DMS,25,0.068918
1,DMS-ACC,naive,DMS,26,0.031679
1,DMS-ACC,naive,DMS,27,0.21822
1,DMS-ACC,naive,DMS,28,0.378995
1,DMS-ACC,naive,DMS,29,0.063636
1,DMS-ACC,naive,DMS,30,0.053871
1,DMS-ACC,naive,DMS,31,0.297409
1,DMS-ACC,naive,DMS,32,1.01597
1,DMS-ACC,naive,DMS,33,0.827547
1,DMS-ACC,naive,DMS,34,0.084445
1,DMS-ACC,naive,DMS,35,0.679144
1,DMS-ACC,naive,DMS,36,0.149639
1,DMS-ACC,naive,DMS,37,0.0
1,DMS-ACC,naive,DMS,38,0.621319
1,DMS-ACC,naive,DMS,39,0.729761
1,DMS-ACC,naive,DMS,40,0.933418
1,DMS-ACC,naive,DMS,41,0.941981
1,DMS-ACC,naive,DMS,42,0.136622
1,DMS-ACC,naive,DMS,43,0.832036
1,DMS-ACC,naive,DMS,44,0.57464
1,DMS-ACC,naive,DMS,45,0.187269
1,DMS-ACC,naive,DMS,46,0.827915
1,DMS-ACC,naive,DMS,47,0.045865
1,DMS-ACC,naive,DMS,48,0.301513
1,DMS-ACC,naive,DMS,49,0.650094
1,DMS-ACC,naive,DMS,50,0.549831
1,DMS-ACC,naive,DMS,51,0.104259
1,DMS-ACC,naive,DMS,52,0.141264
1,DMS-ACC,naive,DMS,53,0.951876
1,DMS-ACC,naive,DMS,54,0.917933
1,DMS-ACC,naive,DMS,55,0.096556
1,DMS-ACC,naive,DMS,56,0.838595
1,DMS-ACC,naive,ACC,0,1.708965
1,DMS-ACC,naive,ACC,1,0.133571
1,DMS-ACC,naive,ACC,2,0.009139
1,DMS-ACC,naive,ACC,3,1.301052
1,DMS-ACC,naive,ACC,4,1.005689
1,DMS-ACC,naive,ACC,5,1.395721
1,DMS-ACC,naive,ACC,6,0.0
1,DMS-ACC,naive,ACC,7,0.0
1,DMS-ACC,naive,ACC,8,1.317354
1,DMS-ACC,naive,ACC,9,0.015385
1,DMS-ACC,naive,ACC,10,0.936273
1,DMS-ACC,naive,ACC,11,1.056053
1,DMS-ACC,naive,ACC,12,1.737083
1,DMS-ACC,naive,ACC,13,1.746732
1,DMS-ACC,naive,ACC,14,0.0
1,DMS-ACC,naive,ACC,15,1.19403
1,DMS-ACC,naive,ACC,16,0.030722
1,DMS-ACC,naive,ACC,17,1.20731
1,DMS-ACC,naive,ACC,18,1.461531
1,DMS-ACC,naive,ACC,19,1.021263
1,DMS-ACC,naive,ACC,20,0.0
1,DMS-ACC,naive,ACC,21,0.005243
1,DMS-ACC,naive,ACC,22,1.30704
1,DMS-ACC,naive,ACC,23,1.044342
1,DMS-ACC,naive,ACC,24,1.170695
1,DMS-ACC,naive,ACC,25,0.0
1,DMS-ACC,naive,ACC,26,1.133095
1,DMS-ACC,naive,ACC,27,1.398653
1,DMS-ACC,naive,ACC,28,4e-05
1,DMS-ACC,naive,ACC,29,0.0
1,DMS-ACC,naive,ACC,30,1.550724
1,DMS-ACC,naive,ACC,31,0.0
1,DMS-ACC,naive,ACC,32,0.927274
1,DMS-ACC,naive,ACC,33,0.248916
1,DMS-ACC,intermediate,DMS,0,0.174256
1,DMS-ACC,intermediate,DMS,1,0.572922
1,DMS-ACC,intermediate,DMS,2,0.915987
1,DMS-ACC,intermediate,DMS,3,0.063338
1,DMS-ACC,intermediate,DMS,4,0.810604
1,DMS-ACC,intermediate,DMS,5,0.08943
1,DMS-ACC,intermediate,DMS,6,0.991225
1,DMS-ACC,intermediate,DMS,7,0.111966
1,DMS-ACC,intermediate,DMS,8,0.060246
1,DMS-ACC,intermediate,DMS,9,0.736251
1,DMS-ACC,intermediate,DMS,10,0.283671
1,DMS-ACC,intermediate,DMS,11,0.151356
1,DMS-ACC,intermediate,DMS,12,0.10034
1,DMS-ACC,intermediate,DMS,13,0.826479
1,DMS-ACC,intermediate,DMS,14,0.834921
1,DMS-ACC,intermediate,DMS,15,0.718695
1,DMS-ACC,intermediate,DMS,16,0.371696
1,DMS-ACC,intermediate,DMS,17,0.021754
1,DMS-ACC,intermediate,DMS,18,0.41634
1,DMS-ACC,intermediate,DMS,19,0.110642
1,DMS-ACC,intermediate,DMS,20,0.923556
1,DMS-ACC,intermediate,DMS,21,0.021095
1,DMS-ACC,intermediate,DMS,22,0.0
1,DMS-ACC,intermediate,DMS,23,0.791189
1,DMS-ACC,intermediate,DMS,24,0.825806
1,DMS-ACC,intermediate,DMS,25,0.317955
1,DMS-ACC,intermediate,DMS,26,0.043495
1,DMS-ACC,intermediate,DMS,27,0.296429
1,DMS-ACC,intermediate,DMS,28,0.117695
1,DMS-ACC,intermediate,DMS,29,0.720489
1,DMS-ACC,intermediate,DMS,30,0.032262
1,DMS-ACC,intermediate,DMS,31,0.847607
1,DMS-ACC,intermediate,DMS,32,0.061468
1,DMS-ACC,intermediate,DMS,33,0.026907
1,DMS-ACC,intermediate,DMS,34,0.019655
1,DMS-ACC,intermediate,DMS,35,0.040416
1,DMS-ACC,intermediate,DMS,36,0.03235
1,DMS-ACC,intermediate,DMS,37,0.087932
1,DMS-ACC,intermediate,DMS,38,0.655487
1,DMS-ACC,intermediate,DMS,39,0.496446
1,DMS-ACC,intermediate,DMS,40,0.033933
1,DMS-ACC,intermediate,DMS,41,0.866581
1,DMS-ACC,intermediate,DMS,42,0.242971
1,DMS-ACC,intermediate,DMS,43,0.0
1,DMS-ACC,intermediate,DMS,44,0.075672
1,DMS-ACC,intermediate,DMS,45,0.86511
1,DMS-ACC,intermediate,DMS,46,0.900893
1,DMS-ACC,intermediate,DMS,47,0.0
1,DMS-ACC,intermediate,DMS,48,0.094815
1,DMS-ACC,intermediate,DMS,49,0.005916
1,DMS-ACC,intermediate,DMS,50,0.046256
1,DMS-ACC,intermediate,DMS,51,0.171578
1,DMS-ACC,intermediate,DMS,52,0.865122
1,DMS-ACC,intermediate,DMS,53,0.025818
1,DMS-ACC,intermediate,DMS,54,0.894502
1,DMS-ACC,intermediate,DMS,55,0.193958
1,DMS-ACC,intermediate,DMS,56,0.988049
1,DMS-ACC,intermediate,ACC,0,1.228371
1,DMS-ACC,intermediate,ACC,1,1.340014
1,DMS-ACC,intermediate,ACC,2,1.411659
1,DMS-ACC,intermediate,ACC,3,1.369502
1,DMS-ACC,intermediate,ACC,4,0.754408
1,DMS-ACC,intermediate,ACC,5,0.018386
1,DMS-ACC,intermediate,ACC,6,1.4562
1,DMS-ACC,intermediate,ACC,7,0.004715
1,DMS-ACC,intermediate,ACC,8,1.130712
1,DMS-ACC,intermediate,ACC,9,0.021764
1,DMS-ACC,intermediate,ACC,10,0.910614
1,DMS-ACC,intermediate,ACC,11,0.946685
1,DMS-ACC,intermediate,ACC,12,0.001158
1,DMS-ACC,intermediate,ACC,13,1.184688
1,DMS-ACC,intermediate,ACC,14,0.018349
1,DMS-ACC,intermediate,ACC,15,0.004093
1,DMS-ACC,intermediate,ACC,16,1.285443
1,DMS-ACC,intermediate,ACC,17,0.972994
1,DMS-ACC,intermediate,ACC,18,0.019413
1,DMS-ACC,intermediate,ACC,19,1.169083
1,DMS-ACC,intermediate,ACC,20,0.011927
1,DMS-ACC,intermediate,ACC,21,0.0
1,DMS-ACC,intermediate,ACC,22,0.006161
1,DMS-ACC,intermediate,ACC,23,0.911988
1,DMS-ACC,intermediate,ACC,24,1.045218
1,DMS-ACC,intermediate,ACC,25,0.0
1,DMS-ACC,intermediate,ACC,26,1.118822
1,DMS-ACC,intermediate,ACC,27,0.061004
1,DMS-ACC,intermediate,ACC,28,0.760732
1,DMS-ACC,intermediate,ACC,29,0.0
1,DMS-ACC,intermediate,ACC,30,1.457113
1,DMS-ACC,intermediate,ACC,31,0.030714
1,DMS-ACC,intermediate,ACC,32,1.230504
1,DMS-ACC,intermediate,ACC,33,1.4579
1,DMS-ACC,expert,DMS,0,0.099715
1,DMS-ACC,expert,DMS,1,0.242484
1,DMS-ACC,expert,DMS,2,0.814196
1,DMS-ACC,expert,DMS,3,0.108095
1,DMS-ACC,expert,DMS,4,0.820585
1,DMS-ACC,expert,DMS,5,0.220923
1,DMS-ACC,expert,DMS,6,0.925916
1,DMS-ACC,expert,DMS,7,0.720455
1,DMS-ACC,expert,DMS,8,0.019478
1,DMS-ACC,expert,DMS,9,0.068296
1,DMS-ACC,expert,DMS,10,0.208074
1,DMS-ACC,expert,DMS,11,0.173121
1,DMS-ACC,expert,DMS,12,0.245311
1,DMS-ACC,expert,DMS,13,0.113055
1,DMS-ACC,expert,DMS,14,0.735365
1,DMS-ACC,expert,DMS,15,0.896207
1,DMS-ACC,expert,DMS,16,0.101177
1,DMS-ACC,expert,DMS,17,0.921616
1,DMS-ACC,expert,DMS,18,0.859197
1,DMS-ACC,expert,DMS,19,0.35788
1,DMS-ACC,expert,DMS,20,0.667767
1,DMS-ACC,expert,DMS,21,0.031822
1,DMS-ACC,expert,DMS,22,0.0
1,DMS-ACC,expert,DMS,23,0.925269
1,DMS-ACC,expert,DMS,24,0.85512
1,DMS-ACC,expert,DMS,25,0.093022
1,DMS-ACC,expert,DMS,26,0.022808
1,DMS-ACC,expert,DMS,27,0.193354
1,DMS-ACC,expert,DMS,28,0.052152
1,DMS-ACC,expert,DMS,29,0.643101
1,DMS-ACC,expert,DMS,30,0.118549
1,DMS-ACC,expert,DMS,31,0.815879
1,DMS-ACC,expert,DMS,32,0.753327
1,DMS-ACC,expert,DMS,33,0.064992
1,DMS-ACC,expert,DMS,34,0.004394
1,DMS-ACC,expert,DMS,35,0.041114
1,DMS-ACC,expert,DMS,36,0.16925
1,DMS-ACC,expert,DMS,37,0.022974
1,DMS-ACC,expert,DMS,38,0.56999
1,DMS-ACC,expert,DMS,39,0.034711
1,DMS-ACC,expert,DMS,40,0.878784
1,DMS-ACC,expert,DMS,41,0.881473
1,DMS-ACC,expert,DMS,42,0.128437
1,DMS-ACC,expert,DMS,43,0.00527
1,DMS-ACC,expert,DMS,44,0.036132
1,DMS-ACC,expert,DMS,45,0.894135
1,DMS-ACC,expert,DMS,46,0.778984
1,DMS-ACC,expert,DMS,47,0.010351
1,DMS-ACC,expert,DMS,48,0.105116
1,DMS-ACC,expert,DMS,49,0.0
1,DMS-ACC,expert,DMS,50,0.060209
1,DMS-ACC,expert,DMS,51,0.060044
1,DMS-ACC,expert,DMS,52,0.877609
1,DMS-ACC,expert,DMS,53,0.082958
1,DMS-ACC,expert,DMS,54,0.09441
1,DMS-ACC,expert,DMS,55,0.115866
1,DMS-ACC,expert,DMS,56,0.959825
1,DMS-ACC,expert,ACC,0,0.995231
1,DMS-ACC,expert,ACC,1,0.087896
1,DMS-ACC,expert,ACC,2,1.1529
1,DMS-ACC,expert,ACC,3,1.064723
1,DMS-ACC,expert,ACC,4,0.76633
1,DMS-ACC,expert,ACC,5,0.829406
1,DMS-ACC,expert,ACC,6,0.0
1,DMS-ACC,expert,ACC,7,0.0
1,DMS-ACC,expert,ACC,8,1.116814
1,DMS-ACC,expert,ACC,9,0.078937
1,DMS-ACC,expert,ACC,10,0.860413
1,DMS-ACC,expert,ACC,11,1.040438
1,DMS-ACC,expert,ACC,12,0.065083
1,DMS-ACC,expert,ACC,13,0.982213
1,DMS-ACC,expert,ACC,14,0.064177
1,DMS-ACC,expert,ACC,15,0.901278
1,DMS-ACC,expert,ACC,16,0.096013
1,DMS-ACC,expert,ACC,17,0.822307
1,DMS-ACC,expert,ACC,18,0.089179
1,DMS-ACC,expert,ACC,19,0.93296
1,DMS-ACC,expert,ACC,20,0.995211
1,DMS-ACC,expert,ACC,21,0.012552
1,DMS-ACC,expert,ACC,22,0.007221
1,DMS-ACC,expert,ACC,23,0.799361
1,DMS-ACC,expert,ACC,24,0.885552
1,DMS-ACC,expert,ACC,25,1.042859
1,DMS-ACC,expert,ACC,26,1.116644
1,DMS-ACC,expert,ACC,27,0.847263
1,DMS-ACC,expert,ACC,28,0.756516
1,DMS-ACC,expert,ACC,29,1.16503
1,DMS-ACC,expert,ACC,30,1.119115
1,DMS-ACC,expert,ACC,31,0.004899
1,DMS-ACC,expert,ACC,32,0.570659
1,DMS-ACC,expert,ACC,33,0.076124
1,DLS-ACC,naive,DLS,0,0.0
1,DLS-ACC,naive,DLS,1,0.383034
1,DLS-ACC,naive,DLS,2,0.718775
1,DLS-ACC,naive,DLS,3,1.049602
1,DLS-ACC,naive,DLS,4,1.081991
1,DLS-ACC,naive,DLS,5,0.045602
1,DLS-ACC,naive,DLS,6,0.977397
1,DLS-ACC,naive,DLS,7,0.098068
1,DLS-ACC,naive,DLS,8,0.962923
1,DLS-ACC,naive,DLS,9,1.011267
1,DLS-ACC,naive,DLS,10,0.049624
1,DLS-ACC,naive,DLS,11,0.62607
1,DLS-ACC,naive,DLS,12,0.123894
1,DLS-ACC,naive,DLS,13,0.629513
1,DLS-ACC,naive,DLS,14,0.681083
1,DLS-ACC,naive,DLS,15,1.032414
1,DLS-ACC,naive,DLS,16,0.470697
1,DLS-ACC,naive,DLS,17,0.0
1,DLS-ACC,naive,DLS,18,0.68825
1,DLS-ACC,naive,DLS,19,0.174848
1,DLS-ACC,naive,DLS,20,0.934665
1,DLS-ACC,naive,DLS,21,0.747236
1,DLS-ACC,naive,DLS,22,0.721764
1,DLS-ACC,naive,DLS,23,0.967925
1,DLS-ACC,naive,DLS,24,0.00357
1,DLS-ACC,naive,DLS,25,0.0
1,DLS-ACC,naive,DLS,26,0.96849
1,DLS-ACC,naive,DLS,27,0.179107
1,DLS-ACC,naive,DLS,28,0.0
1,DLS-ACC,naive,DLS,29,0.43716
1,DLS-ACC,naive,DLS,30,0.398785
1,DLS-ACC,naive,DLS,31,0.064752
1,DLS-ACC,naive,DLS,32,0.0
1,DLS-ACC,naive,DLS,33,0.738071
1,DLS-ACC,naive,DLS,34,1.05936
1,DLS-ACC,naive,DLS,35,0.041493
1,DLS-ACC,naive,DLS,36,0.432133
1,DLS-ACC,naive,DLS,37,0.015755
1,DLS-ACC,naive,DLS,38,0.64592
1,DLS-ACC,naive,DLS,39,1.029226
1,DLS-ACC,naive,DLS,40,0.016999
1,DLS-ACC,naive,DLS,41,0.82841
1,DLS-ACC,naive,ACC,0,1.708965
1,DLS-ACC,naive,ACC,1,0.133571
1,DLS-ACC,naive,ACC,2,0.009139
1,DLS-ACC,naive,ACC,3,1.301052
1,DLS-ACC,naive,ACC,4,1.005689
1,DLS-ACC,naive,ACC,5,1.395721
1,DLS-ACC,naive,ACC,6,0.0
1,DLS-ACC,naive,ACC,7,0.0
1,DLS-ACC,naive,ACC,8,1.317354
1,DLS-ACC,naive,ACC,9,0.015385
1,DLS-ACC,naive,ACC,10,0.936273
1,DLS-ACC,naive,ACC,11,1.056053
1,DLS-ACC,naive,ACC,12,1.737083
1,DLS-ACC,naive,ACC,13,1.746732
1,DLS-ACC,naive,ACC,14,0.0
1,DLS-ACC,naive,ACC,15,1.19403
1,DLS-ACC,naive,ACC,16,0.030722
1,DLS-ACC,naive,ACC,17,1.20731
1,DLS-ACC,naive,ACC,18,1.461531
1,DLS-ACC,naive,ACC,19,1.021263
1,DLS-ACC,naive,ACC,20,0.0
1,DLS-ACC,naive,ACC,21,0.005243
1,DLS-ACC,naive,ACC,22,1.30704
1,DLS-ACC,naive,ACC,23,1.044342
1,DLS-ACC,naive,ACC,24,1.170695
1,DLS-ACC,naive,ACC,25,0.0
1,DLS-ACC,naive,ACC,26,1.133095
1,DLS-ACC,naive,ACC,27,1.398653
1,DLS-ACC,naive,ACC,28,4e-05
1,DLS-ACC,naive,ACC,29,0.0
1,DLS-ACC,naive,ACC,30,1.550724
1,DLS-ACC,naive,ACC,31,0.0
1,DLS-ACC,naive,ACC,32,0.927274
1,DLS-ACC,naive,ACC,33,0.248916
1,DLS-ACC,intermediate,DLS,0,0.061398
1,DLS-ACC,intermediate,DLS,1,0.390608
1,DLS-ACC,intermediate,DLS,2,0.615825
1,DLS-ACC,intermediate,DLS,3,0.565446
1,DLS-ACC,intermediate,DLS,4,0.319685
1,DLS-ACC,intermediate,DLS,5,0.910474
1,DLS-ACC,intermediate,DLS,6,0.012901
1,DLS-ACC,intermediate,DLS,7,0.056051
1,DLS-ACC,intermediate,DLS,8,0.873428
1,DLS-ACC,intermediate,DLS,9,0.762728
1,DLS-ACC,intermediate,DLS,10,0.738248
1,DLS-ACC,intermediate,DLS,11,0.62324
1,DLS-ACC,intermediate,DLS,12,0.040981
1,DLS-ACC,intermediate,DLS,13,0.503054
1,DLS-ACC,intermediate,DLS,14,0.071259
1,DLS-ACC,intermediate,DLS,15,0.908867
1,DLS-ACC,intermediate,DLS,16,0.220939
1,DLS-ACC,intermediate,DLS,17,0.0
1,DLS-ACC,intermediate,DLS,18,0.537863
1,DLS-ACC,intermediate,DLS,19,0.703684
1,DLS-ACC,intermediate,DLS,20,0.758745
1,DLS-ACC,intermediate,DLS,21,0.72062
1,DLS-ACC,intermediate,DLS,22,0.697599
1,DLS-ACC,intermediate,DLS,23,0.903793
1,DLS-ACC,intermediate,DLS,24,0.66804
1,DLS-ACC,intermediate,DLS,25,0.796316
1,DLS-ACC,intermediate,DLS,26,0.892963
1,DLS-ACC,intermediate,DLS,27,0.0
1,DLS-ACC,intermediate,DLS,28,0.038512
1,DLS-ACC,intermediate,DLS,29,0.0
1,DLS-ACC,intermediate,DLS,30,0.07093
1,DLS-ACC,intermediate,DLS,31,0.033915
1,DLS-ACC,intermediate,DLS,32,0.0
1,DLS-ACC,intermediate,DLS,33,0.74797
1,DLS-ACC,intermediate,DLS,34,0.542778
1,DLS-ACC,intermediate,DLS,35,0.541219
1,DLS-ACC,intermediate,DLS,36,0.764202
1,DLS-ACC,intermediate,DLS,37,0.070844
1,DLS-ACC,intermediate,DLS,38,0.750521
1,DLS-ACC,intermediate,DLS,39,0.227707
1,DLS-ACC,intermediate,DLS,40,0.0
1,DLS-ACC,intermediate,DLS,41,0.545775
1,DLS-ACC,intermediate,ACC,0,1.228371
1,DLS-ACC,intermediate,ACC,1,1.340014
1,DLS-ACC,intermediate,ACC,2,1.411659
1,DLS-ACC,intermediate,ACC,3,1.369502
1,DLS-ACC,intermediate,ACC,4,0.754408
1,DLS-ACC,intermediate,ACC,5,0.018386
1,DLS-ACC,intermediate,ACC,6,1.4562
1,DLS-ACC,intermediate,ACC,7,0.004715
1,DLS-ACC,intermediate,ACC,8,1.130712
1,DLS-ACC,intermediate,ACC,9,0.021764
1,DLS-ACC,intermediate,ACC,10,0.910614
1,DLS-ACC,intermediate,ACC,11,0.946685
1,DLS-ACC,intermediate,ACC,12,0.001158
1,DLS-ACC,intermediate,ACC,13,1.184688
1,DLS-ACC,intermediate,ACC,14,0.018349
1,DLS-ACC,intermediate,ACC,15,0.004093
1,DLS-ACC,intermediate,ACC,16,1.285443
1,DLS-ACC,intermediate,ACC,17,0.972994
1,DLS-ACC,intermediate,ACC,18,0.019413
1,DLS-ACC,intermediate,ACC,19,1.169083
1,DLS-ACC,intermediate,ACC,20,0.011927
1,DLS-ACC,intermediate,ACC,21,0.0
1,DLS-ACC,intermediate,ACC,22,0.006161
1,DLS-ACC,intermediate,ACC,23,0.911988
1,DLS-ACC,intermediate,ACC,24,1.045218
1,DLS-ACC,intermediate,ACC,25,0.0
1,DLS-ACC,intermediate,ACC,26,1.118822
1,DLS-ACC,intermediate,ACC,27,0.061004
1,DLS-ACC,intermediate,ACC,28,0.760732
1,DLS-ACC,intermediate,ACC,29,0.0
1,DLS-ACC,intermediate,ACC,30,1.457113
1,DLS-ACC,intermediate,ACC,31,0.030714
1,DLS-ACC,intermediate,ACC,32,1.230504
1,DLS-ACC,intermediate,ACC,33,1.4579
1,DLS-ACC,expert,DLS,0,0.03074
1,DLS-ACC,expert,DLS,1,0.347202
1,DLS-ACC,expert,DLS,2,0.591339
1,DLS-ACC,expert,DLS,3,1.086078
1,DLS-ACC,expert,DLS,4,1.041721
1,DLS-ACC,expert,DLS,5,0.958139
1,DLS-ACC,expert,DLS,6,0.082706
1,DLS-ACC,expert,DLS,7,0.955796
1,DLS-ACC,expert,DLS,8,0.997303
1,DLS-ACC,expert,DLS,9,0.932817
1,DLS-ACC,expert,DLS,10,0.891105
1,DLS-ACC,expert,DLS,11,0.023923
1,DLS-ACC,expert,DLS,12,0.029673
1,DLS-ACC,expert,DLS,13,0.930141
1,DLS-ACC,expert,DLS,14,0.024322
1,DLS-ACC,expert,DLS,15,1.057418
1,DLS-ACC,expert,DLS,16,0.851904
1,DLS-ACC,expert,DLS,17,0.0
1,DLS-ACC,expert,DLS,18,0.486801
1,DLS-ACC,expert,DLS,19,0.690415
1,DLS-ACC,expert,DLS,20,0.119774
1,DLS-ACC,expert,DLS,21,0.132935
1,DLS-ACC,expert,DLS,22,0.976217
1,DLS-ACC,expert,DLS,23,0.984095
1,DLS-ACC,expert,DLS,24,0.989154
1,DLS-ACC,expert,DLS,25,0.0
1,DLS-ACC,expert,DLS,26,0.867431
1,DLS-ACC,expert,DLS,27,0.0
1,DLS-ACC,expert,DLS,28,0.435808
1,DLS-ACC,expert,DLS,29,0.477439
1,DLS-ACC,expert,DLS,30,0.451877
1,DLS-ACC,expert,DLS,31,0.05745
1,DLS-ACC,expert,DLS,32,0.0
1,DLS-ACC,expert,DLS,33,0.030859
1,DLS-ACC,expert,DLS,34,0.0
1,DLS-ACC,expert,DLS,35,0.845935
1,DLS-ACC,expert,DLS,36,0.622675
1,DLS-ACC,expert,DLS,37,0.053677
1,DLS-ACC,expert,DLS,38,0.018936
1,DLS-ACC,expert,DLS,39,1.082924
1,DLS-ACC,expert,DLS,40,0.667416
1,DLS-ACC,expert,DLS,41,0.51637
1,DLS-ACC,expert,ACC,0,0.995231
1,DLS-ACC,expert,ACC,1,0.087896
1,DLS-ACC,expert,ACC,2,1.1529
1,DLS-ACC,expert,ACC,3,1.064723
1,DLS-ACC,expert,ACC,4,0.76633
1,DLS-ACC,expert,ACC,5,0.829406
1,DLS-ACC,expert,ACC,6,0.0
1,DLS-ACC,expert,ACC,7,0.0
1,DLS-ACC,expert,ACC,8,1.116814
1,DLS-ACC,expert,ACC,9,0.078937
1,DLS-ACC,expert,ACC,10,0.860413
1,DLS-ACC,expert,ACC,11,1.040438
1,DLS-ACC,expert,ACC,12,0.065083
1,DLS-ACC,expert,ACC,13,0.982213
1,DLS-ACC,expert,ACC,14,0.064177
1,DLS-ACC,expert,ACC,15,0.901278
1,DLS-ACC,expert,ACC,16,0.096013
1,DLS-ACC,expert,ACC,17,0.822307
1,DLS-ACC,expert,ACC,18,0.089179
1,DLS-ACC,expert,ACC,19,0.93296
1,DLS-ACC,expert,ACC,20,0.995211
1,DLS-ACC,expert,ACC,21,0.012552
1,DLS-ACC,expert,ACC,22,0.007221
1,DLS-ACC,expert,ACC,23,0.799361
1,DLS-ACC,expert,ACC,24,0.885552
1,DLS-ACC,expert,ACC,25,1.042859
1,DLS-ACC,expert,ACC,26,1.116644
1,DLS-ACC,expert,ACC,27,0.847263
1,DLS-ACC,expert,ACC,28,0.756516
1,DLS-ACC,expert,ACC,29,1.16503
1,DLS-ACC,expert,ACC,30,1.119115
1,DLS-ACC,expert,ACC,31,0.004899
1,DLS-ACC,expert,ACC,32,0.570659
1,DLS-ACC,expert,ACC,33,0.076124
2,DMS-DLS,naive,DMS,0,0.050829
2,DMS-DLS,naive,DMS,1,0.014323
2,DMS-DLS,naive,DMS,2,0.026452
2,DMS-DLS,naive,DMS,3,0.030952
2,DMS-DLS,naive,DMS,4,0.0
2,DMS-DLS,naive,DMS,5,0.0
2,DMS-DLS,naive,DMS,6,0.962164
2,DMS-DLS,naive,DMS,7,0.715099
2,DMS-DLS,naive,DMS,8,0.085008
2,DMS-DLS,naive,DMS,9,0.017914
2,DMS-DLS,naive,DMS,10,0.934292
2,DMS-DLS,naive,DMS,11,0.000973
2,DMS-DLS,naive,DMS,12,1.085279
2,DMS-DLS,naive,DMS,13,0.0
2,DMS-DLS,naive,DMS,14,0.0
2,DMS-DLS,naive,DMS,15,0.080653
2,DMS-DLS,naive,DMS,16,0.0
2,DMS-DLS,naive,DMS,17,0.040137
2,DMS-DLS,naive,DMS,18,0.010967
2,DMS-DLS,naive,DMS,19,0.0
2,DMS-DLS,naive,DMS,20,0.490811
2,DMS-DLS,naive,DMS,21,0.13719
2,DMS-DLS,naive,DMS,22,0.007907
2,DMS-DLS,naive,DMS,23,0.001397
2,DMS-DLS,naive,DMS,24,0.293597
2,DMS-DLS,naive,DMS,25,0.0
2,DMS-DLS,naive,DMS,26,0.0
2,DMS-DLS,naive,DMS,27,0.840907
2,DMS-DLS,naive,DMS,28,0.548421
2,DMS-DLS,naive,DMS,29,0.921383
2,DMS-DLS,naive,DMS,30,0.845099
2,DMS-DLS,naive,DMS,31,0.0
2,DMS-DLS,naive,DMS,32,0.015192
2,DMS-DLS,naive,DMS,33,0.3928
2,DMS-DLS,naive,DMS,34,0.0
2,DMS-DLS,naive,DMS,35,0.0
2,DMS-DLS,naive,DMS,36,0.121523
2,DMS-DLS,naive,DMS,37,0.025248
2,DMS-DLS,naive,DMS,38,0.045476
2,DMS-DLS,naive,DMS,39,0.028928
2,DMS-DLS,naive,DMS,40,1.056997
2,DMS-DLS,naive,DMS,41,0.0
2,DMS-DLS,naive,DMS,42,0.006764
2,DMS-DLS,naive,DMS,43,0.0
2,DMS-DLS,naive,DMS,44,0.002943
2,DMS-DLS,naive,DMS,45,0.0
2,DMS-DLS,naive,DMS,46,0.005644
2,DMS-DLS,naive,DMS,47,0.026677
2,DMS-DLS,naive,DMS,48,0.010181
2,DMS-DLS,naive,DMS,49,0.0397
2,DMS-DLS,naive,DMS,50,0.675936
2,DMS-DLS,naive,DMS,51,0.856278
2,DMS-DLS,naive,DMS,52,0.804159
2,DMS-DLS,naive,DMS,53,0.0
2,DMS-DLS,naive,DMS,54,0.41085
2,DMS-DLS,naive,DMS,55,0.0
2,DMS-DLS,naive,DMS,56,0.847163
2,DMS-DLS,naive,DMS,57,0.994171
2,DMS-DLS,naive,DMS,58,0.003096
2,DMS-DLS,naive,DMS,59,0.100918
2,DMS-DLS,naive,DMS,60,0.93858
2,DMS-DLS,naive,DMS,61,0.012952
2,DMS-DLS,naive,DMS,62,0.0
2,DMS-DLS,naive,DMS,63,0.089699
2,DMS-DLS,naive,DMS,64,0.0
2,DMS-DLS,naive,DMS,65,0.097865
2,DMS-DLS,naive,DMS,66,0.866735
2,DMS-DLS,naive,DMS,67,0.618319
2,DMS-DLS,naive,DMS,68,0.409638
2,DMS-DLS,naive,DLS,0,1.225536
2,DMS-DLS,naive,DLS,1,0.087046
2,DMS-DLS,naive,DLS,2,0.507585
2,DMS-DLS,naive,DLS,3,1.045859
2,DMS-DLS,naive,DLS,4,0.045641
2,DMS-DLS,naive,DLS,5,1.3382
2,DMS-DLS,naive,DLS,6,0.169782
2,DMS-DLS,naive,DLS,7,0.07409
2,DMS-DLS,naive,DLS,8,0.025979
2,DMS-DLS,naive,DLS,9,0.081696
2,DMS-DLS,naive,DLS,10,0.027342
2,DMS-DLS,naive,DLS,11,1.007766
2,DMS-DLS,naive,DLS,12,0.18575
2,DMS-DLS,naive,DLS,13,0.479701
2,DMS-DLS,naive,DLS,14,0.0
2,DMS-DLS,naive,DLS,15,1.193388
2,DMS-DLS,naive,DLS,16,0.007411
2,DMS-DLS,naive,DLS,17,0.101058
2,DMS-DLS,naive,DLS,18,0.0
2,DMS-DLS,naive,DLS,19,0.0
2,DMS-DLS,naive,DLS,20,1.066892
2,DMS-DLS,naive,DLS,21,0.051417
2,DMS-DLS,naive,DLS,22,0.052954
2,DMS-DLS,naive,DLS,23,0.0
2,DMS-DLS,naive,DLS,24,0.802561
2,DMS-DLS,naive,DLS,25,1.310813
2,DMS-DLS,naive,DLS,26,0.018424
2,DMS-DLS,naive,DLS,27,0.602421
2,DMS-DLS,naive,DLS,28,0.002501
2,DMS-DLS,naive,DLS,29,0.167993
2,DMS-DLS,naive,DLS,30,0.0
2,DMS-DLS,naive,DLS,31,0.749383
2,DMS-DLS,naive,DLS,32,0.045486
2,DMS-DLS,naive,DLS,33,0.174568
2,DMS-DLS,naive,DLS,34,0.0
2,DMS-DLS,naive,DLS,35,0.052324
2,DMS-DLS,naive,DLS,36,0.020378
2,DMS-DLS,naive,DLS,37,0.491528
2,DMS-DLS,naive,DLS,38,0.085586
2,DMS-DLS,naive,DLS,39,0.095013
2,DMS-DLS,naive,DLS,40,0.797093
2,DMS-DLS,naive,DLS,41,0.875002
2,DMS-DLS,naive,DLS,42,0.139798
2,DMS-DLS,naive,DLS,43,1.132099
2,DMS-DLS,naive,DLS,44,0.0084
2,DMS-DLS,naive,DLS,45,0.0
2,DMS-DLS,naive,DLS,46,1.070651
2,DMS-DLS,naive,DLS,47,1.31284
2,DMS-DLS,naive,DLS,48,0.0
2,DMS-DLS,naive,DLS,49,0.241985
2,DMS-DLS,naive,DLS,50,0.548063
2,DMS-DLS,naive,DLS,51,0.025387
2,DMS-DLS,naive,DLS,52,0.128126
2,DMS-DLS,naive,DLS,53,1.033914
2,DMS-DLS,naive,DLS,54,0.536076
2,DMS-DLS,naive,DLS,55,0.062593
2,DMS-DLS,naive,DLS,56,1.195193
2,DMS-DLS,naive,DLS,57,0.044312
2,DMS-DLS,naive,DLS,58,0.074652
2,DMS-DLS,naive,DLS,59,0.009756
2,DMS-DLS,intermediate,DMS,0,0.085064
2,DMS-DLS,intermediate,DMS,1,0.723625
2,DMS-DLS,intermediate,DMS,2,0.774081
2,DMS-DLS,intermediate,DMS,3,0.96685
2,DMS-DLS,intermediate,DMS,4,0.002245
2,DMS-DLS,intermediate,DMS,5,0.0
2,DMS-DLS,intermediate,DMS,6,0.639401
2,DMS-DLS,intermediate,DMS,7,0.00471
2,DMS-DLS,intermediate,DMS,8,0.071893
2,DMS-DLS,intermediate,DMS,9,0.642627
2,DMS-DLS,intermediate,DMS,10,1.049391
2,DMS-DLS,intermediate,DMS,11,0.0
2,DMS-DLS,intermediate,DMS,12,0.926242
2,DMS-DLS,intermediate,DMS,13,0.0
2,DMS-DLS,intermediate,DMS,14,0.0
2,DMS-DLS,intermediate,DMS,15,0.125384
2,DMS-DLS,intermediate,DMS,16,0.0
2,DMS-DLS,intermediate,DMS,17,0.067908
2,DMS-DLS,intermediate,DMS,18,0.008747
2,DMS-DLS,intermediate,DMS,19,0.0
2,DMS-DLS,intermediate,DMS,20,0.543003
2,DMS-DLS,intermediate,DMS,21,0.020872
2,DMS-DLS,intermediate,DMS,22,0.0
2,DMS-DLS,intermediate,DMS,23,0.013526
2,DMS-DLS,intermediate,DMS,24,0.213683
2,DMS-DLS,intermediate,DMS,25,0.0
2,DMS-DLS,intermediate,DMS,26,0.0
2,DMS-DLS,intermediate,DMS,27,0.910294
2,DMS-DLS,intermediate,DMS,28,0.170223
2,DMS-DLS,intermediate,DMS,29,0.966
2,DMS-DLS,intermediate,DMS,30,0.411968
2,DMS-DLS,intermediate,DMS,31,0.538595
2,DMS-DLS,intermediate,DMS,32,0.976991
2,DMS-DLS,intermediate,DMS,33,0.395118
2,DMS-DLS,intermediate,DMS,34,0.0
2,DMS-DLS,intermediate,DMS,35,0.166619
2,DMS-DLS,intermediate,DMS,36,0.0
2,DMS-DLS,intermediate,DMS,37,0.0
2,DMS-DLS,intermediate,DMS,38,0.165558
2,DMS-DLS,intermediate,DMS,39,0.0
2,DMS-DLS,intermediate,DMS,40,0.962227
2,DMS-DLS,intermediate,DMS,41,0.0
2,DMS-DLS,intermediate,DMS,42,0.0
2,DMS-DLS,intermediate,DMS,43,0.073112
2,DMS-DLS,intermediate,DMS,44,0.004114
2,DMS-DLS,intermediate,DMS,45,0.0
2,DMS-DLS,intermediate,DMS,46,0.009076
2,DMS-DLS,intermediate,DMS,47,0.008569
2,DMS-DLS,intermediate,DMS,48,0.028019
2,DMS-DLS,intermediate,DMS,49,0.033141
2,DMS-DLS,intermediate,DMS,50,0.0
2,DMS-DLS,intermediate,DMS,51,0.911868
2,DMS-DLS,intermediate,DMS,52,1.021123
2,DMS-DLS,intermediate,DMS,53,0.0
2,DMS-DLS,intermediate,DMS,54,0.915708
2,DMS-DLS,intermediate,DMS,55,0.0
2,DMS-DLS,intermediate,DMS,56,0.065988
2,DMS-DLS,intermediate,DMS,57,0.054193
2,DMS-DLS,intermediate,DMS,58,0.02083
2,DMS-DLS,intermediate,DMS,59,0.0
2,DMS-DLS,intermediate,DMS,60,0.251355
2,DMS-DLS,intermediate,DMS,61,0.0
2,DMS-DLS,intermediate,DMS,62,0.736315
2,DMS-DLS,intermediate,DMS,63,0.064574
2,DMS-DLS,intermediate,DMS,64,0.003768
2,DMS-DLS,intermediate,DMS,65,1.003794
2,DMS-DLS,intermediate,DMS,66,0.178517
2,DMS-DLS,intermediate,DMS,67,0.816443
2,DMS-DLS,intermediate,DMS,68,0.659981
2,DMS-DLS,intermediate,DLS,0,0.90007
2,DMS-DLS,intermediate,DLS,1,0.468922
2,DMS-DLS,intermediate,DLS,2,0.770388
2,DMS-DLS,intermediate,DLS,3,0.560515
2,DMS-DLS,intermediate,DLS,4,0.902237
2,DMS-DLS,intermediate,DLS,5,0.812925
2,DMS-DLS,intermediate,DLS,6,0.850896
2,DMS-DLS,intermediate,DLS,7,0.129185
2,DMS-DLS,intermediate,DLS,8,0.547318
2,DMS-DLS,intermediate,DLS,9,0.883243
2,DMS-DLS,intermediate,DLS,10,0.605355
2,DMS-DLS,intermediate,DLS,11,0.771633
2,DMS-DLS,intermediate,DLS,12,0.116252
2,DMS-DLS,intermediate,DLS,13,0.009082
2,DMS-DLS,intermediate,DLS,14,0.069936
2,DMS-DLS,intermediate,DLS,15,0.122993
2,DMS-DLS,intermediate,DLS,16,0.062274
2,DMS-DLS,intermediate,DLS,17,0.372184
2,DMS-DLS,intermediate,DLS,18,0.0
2,DMS-DLS,intermediate,DLS,19,0.753262
2,DMS-DLS,intermediate,DLS,20,0.867616
2,DMS-DLS,intermediate,DLS,21,0.025728
2,DMS-DLS,intermediate,DLS,22,0.7371
2,DMS-DLS,intermediate,DLS,23,0.0
2,DMS-DLS,intermediate,DLS,24,0.903499
2,DMS-DLS,intermediate,DLS,25,0.281374
2,DMS-DLS,intermediate,DLS,26,0.187626
2,DMS-DLS,intermediate,DLS,27,0.019139
2,DMS-DLS,intermediate,DLS,28,0.001722
2,DMS-DLS,intermediate,DLS,29,0.693023
2,DMS-DLS,intermediate,DLS,30,0.0
2,DMS-DLS,intermediate,DLS,31,0.406613
2,DMS-DLS,intermediate,DLS,32,0.603808
2,DMS-DLS,intermediate,DLS,33,0.054833
2,DMS-DLS,intermediate,DLS,34,0.041698
2,DMS-DLS,intermediate,DLS,35,0.153069
2,DMS-DLS,intermediate,DLS,36,0.141674
2,DMS-DLS,intermediate,DLS,37,0.502116
2,DMS-DLS,intermediate,DLS,38,0.708046
2,DMS-DLS,intermediate,DLS,39,0.064501
2,DMS-DLS,intermediate,DLS,40,0.055003
2,DMS-DLS,intermediate,DLS,41,0.833426
2,DMS-DLS,intermediate,DLS,42,0.054207
2,DMS-DLS,intermediate,DLS,43,0.14946
2,DMS-DLS,intermediate,DLS,44,0.566466
2,DMS-DLS,intermediate,DLS,45,0.026397
2,DMS-DLS,intermediate,DLS,46,0.695983
2,DMS-DLS,intermediate,DLS,47,0.789455
2,DMS-DLS,intermediate,DLS,48,0.0
2,DMS-DLS,intermediate,DLS,49,0.196278
2,DMS-DLS,intermediate,DLS,50,0.32845
2,DMS-DLS,intermediate,DLS,51,0.043784
2,DMS-DLS,intermediate,DLS,52,0.0317
2,DMS-DLS,intermediate,DLS,53,0.7033
2,DMS-DLS,intermediate,DLS,54,0.010968
2,DMS-DLS,intermediate,DLS,55,0.041563
2,DMS-DLS,intermediate,DLS,56,0.072502
2,DMS-DLS,intermediate,DLS,57,0.365011
2,DMS-DLS,intermediate,DLS,58,0.201681
2,DMS-DLS,intermediate,DLS,59,0.04479
2,DMS-DLS,expert,DMS,0,0.017259
2,DMS-DLS,expert,DMS,1,0.059464
2,DMS-DLS,expert,DMS,2,0.854701
2,DMS-DLS,expert,DMS,3,0.885349
2,DMS-DLS,expert,DMS,4,0.005611
2,DMS-DLS,expert,DMS,5,0.0
2,DMS-DLS,expert,DMS,6,0.612633
2,DMS-DLS,expert,DMS,7,0.030476
2,DMS-DLS,expert,DMS,8,1.017632
2,DMS-DLS,expert,DMS,9,0.885541
2,DMS-DLS,expert,DMS,10,1.045425
2,DMS-DLS,expert,DMS,11,0.026182
2,DMS-DLS,expert,DMS,12,0.113088
2,DMS-DLS,expert,DMS,13,0.0
2,DMS-DLS,expert,DMS,14,0.0
2,DMS-DLS,expert,DMS,15,0.06863
2,DMS-DLS,expert,DMS,16,0.0
2,DMS-DLS,expert,DMS,17,0.1083
2,DMS-DLS,expert,DMS,18,0.125367
2,DMS-DLS,expert,DMS,19,0.054366
2,DMS-DLS,expert,DMS,20,0.893949
2,DMS-DLS,expert,DMS,21,0.028394
2,DMS-DLS,expert,DMS,22,0.016639
2,DMS-DLS,expert,DMS,23,0.02759
2,DMS-DLS,expert,DMS,24,0.0
2,DMS-DLS,expert,DMS,25,0.0
2,DMS-DLS,expert,DMS,26,0.0
2,DMS-DLS,expert,DMS,27,0.779868
2,DMS-DLS,expert,DMS,28,0.827962
2,DMS-DLS,expert,DMS,29,0.935004
2,DMS-DLS,expert,DMS,30,0.577206
2,DMS-DLS,expert,DMS,31,0.994526
2,DMS-DLS,expert,DMS,32,0.585081
2,DMS-DLS,expert,DMS,33,0.266286
2,DMS-DLS,expert,DMS,34,0.0
2,DMS-DLS,expert,DMS,35,0.027246
2,DMS-DLS,expert,DMS,36,0.042958
2,DMS-DLS,expert,DMS,37,0.024678
2,DMS-DLS,expert,DMS,38,0.354164
2,DMS-DLS,expert,DMS,39,0.38597
2,DMS-DLS,expert,DMS,40,0.620186
2,DMS-DLS,expert,DMS,41,0.0
2,DMS-DLS,expert,DMS,42,0.0
2,DMS-DLS,expert,DMS,43,0.0
2,DMS-DLS,expert,DMS,44,0.024734
2,DMS-DLS,expert,DMS,45,0.0
2,DMS-DLS,expert,DMS,46,0.987458
2,DMS-DLS,expert,DMS,47,0.018097
2,DMS-DLS,expert,DMS,48,0.023098
2,DMS-DLS,expert,DMS,49,0.036724
2,DMS-DLS,expert,DMS,50,0.0
2,DMS-DLS,expert,DMS,51,0.825528
2,DMS-DLS,expert,DMS,52,0.984296
2,DMS-DLS,expert,DMS,53,0.00387
2,DMS-DLS,expert,DMS,54,0.882016
2,DMS-DLS,expert,DMS,55,0.0
2,DMS-DLS,expert,DMS,56,0.821302
2,DMS-DLS,expert,DMS,57,0.075828
2,DMS-DLS,expert,DMS,58,0.064826
2,DMS-DLS,expert,DMS,59,0.077621
2,DMS-DLS,expert,DMS,60,0.312169
2,DMS-DLS,expert,DMS,61,0.112804
2,DMS-DLS,expert,DMS,62,0.022956
2,DMS-DLS,expert,DMS,63,0.030343
2,DMS-DLS,expert,DMS,64,0.0405
2,DMS-DLS,expert,DMS,65,0.02031
2,DMS-DLS,expert,DMS,66,0.139884
2,DMS-DLS,expert,DMS,67,1.05764
2,DMS-DLS,expert,DMS,68,0.769359
2,DMS-DLS,expert,DLS,0,0.943465
2,DMS-DLS,expert,DLS,1,0.016938
2,DMS-DLS,expert,DLS,2,0.051718
2,DMS-DLS,expert,DLS,3,0.688099
2,DMS-DLS,expert,DLS,4,1.016962
2,DMS-DLS,expert,DLS,5,0.895439
2,DMS-DLS,expert,DLS,6,0.936299
2,DMS-DLS,expert,DLS,7,0.262133
2,DMS-DLS,expert,DLS,8,0.0
2,DMS-DLS,expert,DLS,9,0.864568
2,DMS-DLS,expert,DLS,10,0.0
2,DMS-DLS,expert,DLS,11,0.732171
2,DMS-DLS,expert,DLS,12,0.924332
2,DMS-DLS,expert,DLS,13,0.020896
2,DMS-DLS,expert,DLS,14,0.0
2,DMS-DLS,expert,DLS,15,0.142941
2,DMS-DLS,expert,DLS,16,0.01862
2,DMS-DLS,expert,DLS,17,0.356009
2,DMS-DLS,expert,DLS,18,0.0
2,DMS-DLS,expert,DLS,19,0.631713
2,DMS-DLS,expert,DLS,20,0.86751
2,DMS-DLS,expert,DLS,21,0.04563
2,DMS-DLS,expert,DLS,22,0.594408
2,DMS-DLS,expert,DLS,23,0.075183
2,DMS-DLS,expert,DLS,24,0.657815
2,DMS-DLS,expert,DLS,25,0.775455
2,DMS-DLS,expert,DLS,26,0.724107
2,DMS-DLS,expert,DLS,27,0.0
2,DMS-DLS,expert,DLS,28,0.056626
2,DMS-DLS,expert,DLS,29,0.019563
2,DMS-DLS,expert,DLS,30,0.0
2,DMS-DLS,expert,DLS,31,0.500524
2,DMS-DLS,expert,DLS,32,0.522136
2,DMS-DLS,expert,DLS,33,0.098763
2,DMS-DLS,expert,DLS,34,0.05002
2,DMS-DLS,expert,DLS,35,0.0
2,DMS-DLS,expert,DLS,36,0.0
2,DMS-DLS,expert,DLS,37,0.062207
2,DMS-DLS,expert,DLS,38,0.022403
2,DMS-DLS,expert,DLS,39,0.182926
2,DMS-DLS,expert,DLS,40,0.997537
2,DMS-DLS,expert,DLS,41,0.898873
2,DMS-DLS,expert,DLS,42,0.031195
2,DMS-DLS,expert,DLS,43,0.441861
2,DMS-DLS,expert,DLS,44,0.844803
2,DMS-DLS,expert,DLS,45,0.020755
2,DMS-DLS,expert,DLS,46,0.626033
2,DMS-DLS,expert,DLS,47,0.777927
2,DMS-DLS,expert,DLS,48,0.02008
2,DMS-DLS,expert,DLS,49,0.079687
2,DMS-DLS,expert,DLS,50,0.826285
2,DMS-DLS,expert,DLS,51,0.995966
2,DMS-DLS,expert,DLS,52,0.041896
2,DMS-DLS,expert,DLS,53,0.148149
2,DMS-DLS,expert,DLS,54,0.062605
2,DMS-DLS,expert,DLS,55,0.125615
2,DMS-DLS,expert,DLS,56,0.103412
2,DMS-DLS,expert,DLS,57,0.069696
2,DMS-DLS,expert,DLS,58,0.046834
2,DMS-DLS,expert,DLS,59,0.13704
2,DMS-ACC,naive,DMS,0,0.050829
2,DMS-ACC,naive,DMS,1,0.014323
2,DMS-ACC,naive,DMS,2,0.026452
2,DMS-ACC,naive,DMS,3,0.030952
2,DMS-ACC,naive,DMS,4,0.0
2,DMS-ACC,naive,DMS,5,0.0
2,DMS-ACC,naive,DMS,6,0.962164
2,DMS-ACC,naive,DMS,7,0.715099
2,DMS-ACC,naive,DMS,8,0.085008
2,DMS-ACC,naive,DMS,9,0.017914
2,DMS-ACC,naive,DMS,10,0.934292
2,DMS-ACC,naive,DMS,11,0.000973
2,DMS-ACC,naive,DMS,12,1.085279
2,DMS-ACC,naive,DMS,13,0.0
2,DMS-ACC,naive,DMS,14,0.0
2,DMS-ACC,naive,DMS,15,0.080653
2,DMS-ACC,naive,DMS,16,0.0
2,DMS-ACC,naive,DMS,17,0.040137
2,DMS-ACC,naive,DMS,18,0.010967
2,DMS-ACC,naive,DMS,19,0.0
2,DMS-ACC,naive,DMS,20,0.490811
2,DMS-ACC,naive,DMS,21,0.13719
2,DMS-ACC,naive,DMS,22,0.007907
2,DMS-ACC,naive,DMS,23,0.001397
2,DMS-ACC,naive,DMS,24,0.293597
2,DMS-ACC,naive,DMS,25,0.0
2,DMS-ACC,naive,DMS,26,0.0
2,DMS-ACC,naive,DMS,27,0.840907
2,DMS-ACC,naive,DMS,28,0.548421
2,DMS-ACC,naive,DMS,29,0.921383
2,DMS-ACC,naive,DMS,30,0.845099
2,DMS-ACC,naive,DMS,31,0.0
2,DMS-ACC,naive,DMS,32,0.015192
2,DMS-ACC,naive,DMS,33,0.3928
2,DMS-ACC,naive,DMS,34,0.0
2,DMS-ACC,naive,DMS,35,0.0
2,DMS-ACC,naive,DMS,36,0.121523
2,DMS-ACC,naive,DMS,37,0.025248
2,DMS-ACC,naive,DMS,38,0.045476
2,DMS-ACC,naive,DMS,39,0.028928
2,DMS-ACC,naive,DMS,40,1.056997
2,DMS-ACC,naive,DMS,41,0.0
2,DMS-ACC,naive,DMS,42,0.006764
2,DMS-ACC,naive,DMS,43,0.0
2,DMS-ACC,naive,DMS,44,0.002943
2,DMS-ACC,naive,DMS,45,0.0
2,DMS-ACC,naive,DMS,46,0.005644
2,DMS-ACC,naive,DMS,47,0.026677
2,DMS-ACC,naive,DMS,48,0.010181
2,DMS-ACC,naive,DMS,49,0.0397
2,DMS-ACC,naive,DMS,50,0.675936
2,DMS-ACC,naive,DMS,51,0.856278
2,DMS-ACC,naive,DMS,52,0.804159
2,DMS-ACC,naive,DMS,53,0.0
2,DMS-ACC,naive,DMS,54,0.41085
2,DMS-ACC,naive,DMS,55,0.0
2,DMS-ACC,naive,DMS,56,0.847163
2,DMS-ACC,naive,DMS,57,0.994171
2,DMS-ACC,naive,DMS,58,0.003096
2,DMS-ACC,naive,DMS,59,0.100918
2,DMS-ACC,naive,DMS,60,0.93858
2,DMS-ACC,naive,DMS,61,0.012952
2,DMS-ACC,naive,DMS,62,0.0
2,DMS-ACC,naive,DMS,63,0.089699
2,DMS-ACC,naive,DMS,64,0.0
2,DMS-ACC,naive,DMS,65,0.097865
2,DMS-ACC,naive,DMS,66,0.866735
2,DMS-ACC,naive,DMS,67,0.618319
2,DMS-ACC,naive,DMS,68,0.409638
2,DMS-ACC,naive,ACC,0,0.872999
2,DMS-ACC,naive,ACC,1,0.011678
2,DMS-ACC,naive,ACC,2,0.841465
2,DMS-ACC,naive,ACC,3,0.711866
2,DMS-ACC,naive,ACC,4,1.011774
2,DMS-ACC,naive,ACC,5,0.03831
2,DMS-ACC,naive,ACC,6,0.0
2,DMS-ACC,naive,ACC,7,0.937386
2,DMS-ACC,naive,ACC,8,0.579999
2,DMS-ACC,naive,ACC,9,0.388731
2,DMS-ACC,naive,ACC,10,0.0
2,DMS-ACC,naive,ACC,11,0.885977
2,DMS-ACC,naive,ACC,12,0.742772
2,DMS-ACC,naive,ACC,13,0.030772
2,DMS-ACC,naive,ACC,14,0.44492
2,DMS-ACC,naive,ACC,15,1.014102
2,DMS-ACC,naive,ACC,16,0.960481
2,DMS-ACC,naive,ACC,17,0.063165
2,DMS-ACC,naive,ACC,18,0.133989
2,DMS-ACC,naive,ACC,19,0.016889
2,DMS-ACC,naive,ACC,20,0.020851
2,DMS-ACC,naive,ACC,21,0.026659
2,DMS-ACC,naive,ACC,22,0.0
2,DMS-ACC,naive,ACC,23,0.0
2,DMS-ACC,naive,ACC,24,0.0
2,DMS-ACC,naive,ACC,25,0.625999
2,DMS-ACC,naive,ACC,26,0.949307
2,DMS-ACC,naive,ACC,27,0.13465
2,DMS-ACC,naive,ACC,28,0.014168
2,DMS-ACC,naive,ACC,29,0.018686
2,DMS-ACC,naive,ACC,30,0.029011
2,DMS-ACC,naive,ACC,31,0.553103
2,DMS-ACC,naive,ACC,32,0.506034
2,DMS-ACC,naive,ACC,33,0.018899
2,DMS-ACC,naive,ACC,34,0.030136
2,DMS-ACC,naive,ACC,35,0.0
2,DMS-ACC,naive,ACC,36,0.0
2,DMS-ACC,naive,ACC,37,0.0
2,DMS-ACC,naive,ACC,38,0.0
2,DMS-ACC,naive,ACC,39,0.0
2,DMS-ACC,naive,ACC,40,0.758999
2,DMS-ACC,naive,ACC,41,0.345012
2,DMS-ACC,naive,ACC,42,0.855069
2,DMS-ACC,naive,ACC,43,0.003197
2,DMS-ACC,naive,ACC,44,0.018469
2,DMS-ACC,naive,ACC,45,0.0
2,DMS-ACC,naive,ACC,46,0.067193
2,DMS-ACC,naive,ACC,47,0.0
2,DMS-ACC,naive,ACC,48,0.0
2,DMS-ACC,naive,ACC,49,0.0
2,DMS-ACC,naive,ACC,50,0.0
2,DMS-ACC,naive,ACC,51,0.0
2,DMS-ACC,naive,ACC,52,0.0
2,DMS-ACC,naive,ACC,53,0.005484
2,DMS-ACC,naive,ACC,54,0.673797
2,DMS-ACC,naive,ACC,55,0.787049
2,DMS-ACC,naive,ACC,56,0.862316
2,DMS-ACC,naive,ACC,57,0.014187
2,DMS-ACC,naive,ACC,58,0.0
2,DMS-ACC,naive,ACC,59,0.0
2,DMS-ACC,naive,ACC,60,0.023763
2,DMS-ACC,naive,ACC,61,0.0
2,DMS-ACC,naive,ACC,62,0.006864
2,DMS-ACC,naive,ACC,63,0.0
2,DMS-ACC,intermediate,DMS,0,0.085064
2,DMS-ACC,intermediate,DMS,1,0.723625
2,DMS-ACC,intermediate,DMS,2,0.774081
2,DMS-ACC,intermediate,DMS,3,0.96685
2,DMS-ACC,intermediate,DMS,4,0.002245
2,DMS-ACC,intermediate,DMS,5,0.0
2,DMS-ACC,intermediate,DMS,6,0.639401
2,DMS-ACC,intermediate,DMS,7,0.00471
2,DMS-ACC,intermediate,DMS,8,0.071893
2,DMS-ACC,intermediate,DMS,9,0.642627
2,DMS-ACC,intermediate,DMS,10,1.049391
2,DMS-ACC,intermediate,DMS,11,0.0
2,DMS-ACC,intermediate,DMS,12,0.926242
2,DMS-ACC,intermediate,DMS,13,0.0
2,DMS-ACC,intermediate,DMS,14,0.0
2,DMS-ACC,intermediate,DMS,15,0.125384
2,DMS-ACC,intermediate,DMS,16,0.0
2,DMS-ACC,intermediate,DMS,17,0.067908
2,DMS-ACC,intermediate,DMS,18,0.008747
2,DMS-ACC,intermediate,DMS,19,0.0
2,DMS-ACC,intermediate,DMS,20,0.543003
2,DMS-ACC,intermediate,DMS,21,0.020872
2,DMS-ACC,intermediate,DMS,22,0.0
2,DMS-ACC,intermediate,DMS,23,0.013526
2,DMS-ACC,intermediate,DMS,24,0.213683
2,DMS-ACC,intermediate,DMS,25,0.0
2,DMS-ACC,intermediate,DMS,26,0.0
2,DMS-ACC,intermediate,DMS,27,0.910294
2,DMS-ACC,intermediate,DMS,28,0.170223
2,DMS-ACC,intermediate,DMS,29,0.966
2,DMS-ACC,intermediate,DMS,30,0.411968
2,DMS-ACC,intermediate,DMS,31,0.538595
2,DMS-ACC,intermediate,DMS,32,0.976991
2,DMS-ACC,intermediate,DMS,33,0.395118
2,DMS-ACC,intermediate,DMS,34,0.0
2,DMS-ACC,intermediate,DMS,35,0.166619
2,DMS-ACC,intermediate,DMS,36,0.0
2,DMS-ACC,intermediate,DMS,37,0.0
2,DMS-ACC,intermediate,DMS,38,0.165558
2,DMS-ACC,intermediate,DMS,39,0.0
2,DMS-ACC,intermediate,DMS,40,0.962227
2,DMS-ACC,intermediate,DMS,41,0.0
2,DMS-ACC,intermediate,DMS,42,0.0
2,DMS-ACC,intermediate,DMS,43,0.073112
2,DMS-ACC,intermediate,DMS,44,0.004114
2,DMS-ACC,intermediate,DMS,45,0.0
2,DMS-ACC,intermediate,DMS,46,0.009076
2,DMS-ACC,intermediate,DMS,47,0.008569
2,DMS-ACC,intermediate,DMS,48,0.028019
2,DMS-ACC,intermediate,DMS,49,0.033141
2,DMS-ACC,intermediate,DMS,50,0.0
2,DMS-ACC,intermediate,DMS,51,0.911868
2,DMS-ACC,intermediate,DMS,52,1.021123
2,DMS-ACC,intermediate,DMS,53,0.0
2,DMS-ACC,intermediate,DMS,54,0.915708
2,DMS-ACC,intermediate,DMS,55,0.0
2,DMS-ACC,intermediate,DMS,56,0.065988
2,DMS-ACC,intermediate,DMS,57,0.054193
2,DMS-ACC,intermediate,DMS,58,0.02083
2,DMS-ACC,intermediate,DMS,59,0.0
2,DMS-ACC,intermediate,DMS,60,0.251355
2,DMS-ACC,intermediate,DMS,61,0.0
2,DMS-ACC,intermediate,DMS,62,0.736315
2,DMS-ACC,intermediate,DMS,63,0.064574
2,DMS-ACC,intermediate,DMS,64,0.003768
2,DMS-ACC,intermediate,DMS,65,1.003794
2,DMS-ACC,intermediate,DMS,66,0.178517
2,DMS-ACC,intermediate,DMS,67,0.816443
2,DMS-ACC,intermediate,DMS,68,0.659981
2,DMS-ACC,intermediate,ACC,0,1.13267
2,DMS-ACC,intermediate,ACC,1,0.989034
2,DMS-ACC,intermediate,ACC,2,1.090946
2,DMS-ACC,intermediate,ACC,3,0.771191
2,DMS-ACC,intermediate,ACC,4,0.890275
2,DMS-ACC,intermediate,ACC,5,0.090633
2,DMS-ACC,intermediate,ACC,6,1.01725
2,DMS-ACC,intermediate,ACC,7,0.960515
2,DMS-ACC,intermediate,ACC,8,0.148471
2,DMS-ACC,intermediate,ACC,9,0.985589
2,DMS-ACC,intermediate,ACC,10,0.0
2,DMS-ACC,intermediate,ACC,11,0.86923
2,DMS-ACC,intermediate,ACC,12,0.041276
2,DMS-ACC,intermediate,ACC,13,0.14713
2,DMS-ACC,intermediate,ACC,14,0.131217
2,DMS-ACC,intermediate,ACC,15,1.146899
2,DMS-ACC,intermediate,ACC,16,0.115769
2,DMS-ACC,intermediate,ACC,17,1.09281
2,DMS-ACC,intermediate,ACC,18,1.158211
2,DMS-ACC,intermediate,ACC,19,0.065594
2,DMS-ACC,intermediate,ACC,20,0.051404
2,DMS-ACC,intermediate,ACC,21,0.08284
2,DMS-ACC,intermediate,ACC,22,0.0
2,DMS-ACC,intermediate,ACC,23,0.0
2,DMS-ACC,intermediate,ACC,24,0.007446
2,DMS-ACC,intermediate,ACC,25,0.879696
2,DMS-ACC,intermediate,ACC,26,0.030776
2,DMS-ACC,intermediate,ACC,27,1.137562
2,DMS-ACC,intermediate,ACC,28,0.041724
2,DMS-ACC,intermediate,ACC,29,0.0
2,DMS-ACC,intermediate,ACC,30,0.101438
2,DMS-ACC,intermediate,ACC,31,0.849002
2,DMS-ACC,intermediate,ACC,32,0.110545
2,DMS-ACC,intermediate,ACC,33,0.002737
2,DMS-ACC,intermediate,ACC,34,0.212758
2,DMS-ACC,intermediate,ACC,35,0.0
2,DMS-ACC,intermediate,ACC,36,0.0
2,DMS-ACC,intermediate,ACC,37,0.0
2,DMS-ACC,intermediate,ACC,38,0.0
2,DMS-ACC,intermediate,ACC,39,0.0
2,DMS-ACC,intermediate,ACC,40,1.105424
2,DMS-ACC,intermediate,ACC,41,0.1034
2,DMS-ACC,intermediate,ACC,42,0.0
2,DMS-ACC,intermediate,ACC,43,0.010025
2,DMS-ACC,intermediate,ACC,44,0.040983
2,DMS-ACC,intermediate,ACC,45,0.0
2,DMS-ACC,intermediate,ACC,46,1.012808
2,DMS-ACC,intermediate,ACC,47,0.0
2,DMS-ACC,intermediate,ACC,48,0.0
2,DMS-ACC,intermediate,ACC,49,0.044744
2,DMS-ACC,intermediate,ACC,50,0.0
2,DMS-ACC,intermediate,ACC,51,0.0
2,DMS-ACC,intermediate,ACC,52,0.033028
2,DMS-ACC,intermediate,ACC,53,0.024164
2,DMS-ACC,intermediate,ACC,54,0.838225
2,DMS-ACC,intermediate,ACC,55,1.085588
2,DMS-ACC,intermediate,ACC,56,1.066553
2,DMS-ACC,intermediate,ACC,57,0.025663
2,DMS-ACC,intermediate,ACC,58,0.0
2,DMS-ACC,intermediate,ACC,59,0.0
2,DMS-ACC,intermediate,ACC,60,0.075895
2,DMS-ACC,intermediate,ACC,61,0.0
2,DMS-ACC,intermediate,ACC,62,0.024437
2,DMS-ACC,intermediate,ACC,63,0.01334
2,DMS-ACC,expert,DMS,0,0.017259
2,DMS-ACC,expert,DMS,1,0.059464
2,DMS-ACC,expert,DMS,2,0.854701
2,DMS-ACC,expert,DMS,3,0.885349
2,DMS-ACC,expert,DMS,4,0.005611
2,DMS-ACC,expert,DMS,5,0.0
2,DMS-ACC,expert,DMS,6,0.612633
2,DMS-ACC,expert,DMS,7,0.030476
2,DMS-ACC,expert,DMS,8,1.017632
2,DMS-ACC,expert,DMS,9,0.885541
2,DMS-ACC,expert,DMS,10,1.045425
2,DMS-ACC,expert,DMS,11,0.026182
2,DMS-ACC,expert,DMS,12,0.113088
2,DMS-ACC,expert,DMS,13,0.0
2,DMS-ACC,expert,DMS,14,0.0
2,DMS-ACC,expert,DMS,15,0.06863
2,DMS-ACC,expert,DMS,16,0.0
2,DMS-ACC,expert,DMS,17,0.1083
2,DMS-ACC,expert,DMS,18,0.125367
2,DMS-ACC,expert,DMS,19,0.054366
2,DMS-ACC,expert,DMS,20,0.893949
2,DMS-ACC,expert,DMS,21,0.028394
2,DMS-ACC,expert,DMS,22,0.016639
2,DMS-ACC,expert,DMS,23,0.02759
2,DMS-ACC,expert,DMS,24,0.0
2,DMS-ACC,expert,DMS,25,0.0
2,DMS-ACC,expert,DMS,26,0.0
2,DMS-ACC,expert,DMS,27,0.779868
2,DMS-ACC,expert,DMS,28,0.827962
2,DMS-ACC,expert,DMS,29,0.935004
2,DMS-ACC,expert,DMS,30,0.577206
2,DMS-ACC,expert,DMS,31,0.994526
2,DMS-ACC,expert,DMS,32,0.585081
2,DMS-ACC,expert,DMS,33,0.266286
2,DMS-ACC,expert,DMS,34,0.0
2,DMS-ACC,expert,DMS,35,0.027246
2,DMS-ACC,expert,DMS,36,0.042958
2,DMS-ACC,expert,DMS,37,0.024678
2,DMS-ACC,expert,DMS,38,0.354164
2,DMS-ACC,expert,DMS,39,0.38597
2,DMS-ACC,expert,DMS,40,0.620186
2,DMS-ACC,expert,DMS,41,0.0
2,DMS-ACC,expert,DMS,42,0.0
2,DMS-ACC,expert,DMS,43,0.0
2,DMS-ACC,expert,DMS,44,0.024734
2,DMS-ACC,expert,DMS,45,0.0
2,DMS-ACC,expert,DMS,46,0.987458
2,DMS-ACC,expert,DMS,47,0.018097
2,DMS-ACC,expert,DMS,48,0.023098
2,DMS-ACC,expert,DMS,49,0.036724
2,DMS-ACC,expert,DMS,50,0.0
2,DMS-ACC,expert,DMS,51,0.825528
2,DMS-ACC,expert,DMS,52,0.984296
2,DMS-ACC,expert,DMS,53,0.00387
2,DMS-ACC,expert,DMS,54,0.882016
2,DMS-ACC,expert,DMS,55,0.0
2,DMS-ACC,expert,DMS,56,0.821302
2,DMS-ACC,expert,DMS,57,0.075828
2,DMS-ACC,expert,DMS,58,0.064826
2,DMS-ACC,expert,DMS,59,0.077621
2,DMS-ACC,expert,DMS,60,0.312169
2,DMS-ACC,expert,DMS,61,0.112804
2,DMS-ACC,expert,DMS,62,0.022956
2,DMS-ACC,expert,DMS,63,0.030343
2,DMS-ACC,expert,DMS,64,0.0405
2,DMS-ACC,expert,DMS,65,0.02031
2,DMS-ACC,expert,DMS,66,0.139884
2,DMS-ACC,expert,DMS,67,1.05764
2,DMS-ACC,expert,DMS,68,0.769359
2,DMS-ACC,expert,ACC,0,0.441624
2,DMS-ACC,expert,ACC,1,0.923737
2,DMS-ACC,expert,ACC,2,1.10127
2,DMS-ACC,expert,ACC,3,0.876232
2,DMS-ACC,expert,ACC,4,0.91982
2,DMS-ACC,expert,ACC,5,0.162331
2,DMS-ACC,expert,ACC,6,0.073113
2,DMS-ACC,expert,ACC,7,1.120417
2,DMS-ACC,expert,ACC,8,0.27818
2,DMS-ACC,expert,ACC,9,0.874704
2,DMS-ACC,expert,ACC,10,0.0
2,DMS-ACC,expert,ACC,11,0.749169
2,DMS-ACC,expert,ACC,12,0.085079
2,DMS-ACC,expert,ACC,13,0.37461
2,DMS-ACC,expert,ACC,14,1.031492
2,DMS-ACC,expert,ACC,15,1.045057
2,DMS-ACC,expert,ACC,16,0.131362
2,DMS-ACC,expert,ACC,17,1.044536
2,DMS-ACC,expert,ACC,18,1.035426
2,DMS-ACC,expert,ACC,19,0.226646
2,DMS-ACC,expert,ACC,20,0.600544
2,DMS-ACC,expert,ACC,21,0.036201
2,DMS-ACC,expert,ACC,22,0.0
2,DMS-ACC,expert,ACC,23,0.0
2,DMS-ACC,expert,ACC,24,0.0
2,DMS-ACC,expert,ACC,25,0.106076
2,DMS-ACC,expert,ACC,26,0.039707
2,DMS-ACC,expert,ACC,27,1.082199
2,DMS-ACC,expert,ACC,28,0.138251
2,DMS-ACC,expert,ACC,29,0.266094
2,DMS-ACC,expert,ACC,30,1.119152
2,DMS-ACC,expert,ACC,31,0.942253
2,DMS-ACC,expert,ACC,32,1.018989
2,DMS-ACC,expert,ACC,33,0.068184
2,DMS-ACC,expert,ACC,34,0.08287
2,DMS-ACC,expert,ACC,35,0.0
2,DMS-ACC,expert,ACC,36,0.0
2,DMS-ACC,expert,ACC,37,0.0
2,DMS-ACC,expert,ACC,38,0.0
2,DMS-ACC,expert,ACC,39,0.03088
2,DMS-ACC,expert,ACC,40,0.03585
2,DMS-ACC,expert,ACC,41,0.695275
2,DMS-ACC,expert,ACC,42,0.074758
2,DMS-ACC,expert,ACC,43,0.0
2,DMS-ACC,expert,ACC,44,0.042128
2,DMS-ACC,expert,ACC,45,0.0
2,DMS-ACC,expert,ACC,46,1.045116
2,DMS-ACC,expert,ACC,47,0.0
2,DMS-ACC,expert,ACC,48,0.0
2,DMS-ACC,expert,ACC,49,0.151512
2,DMS-ACC,expert,ACC,50,0.0
2,DMS-ACC,expert,ACC,51,0.037446
2,DMS-ACC,expert,ACC,52,0.009513
2,DMS-ACC,expert,ACC,53,0.016905
2,DMS-ACC,expert,ACC,54,0.386279
2,DMS-ACC,expert,ACC,55,0.956668
2,DMS-ACC,expert,ACC,56,1.024867
2,DMS-ACC,expert,ACC,57,0.038241
2,DMS-ACC,expert,ACC,58,0.009078
2,DMS-ACC,expert,ACC,59,0.0
2,DMS-ACC,expert,ACC,60,0.125534
2,DMS-ACC,expert,ACC,61,0.0
2,DMS-ACC,expert,ACC,62,0.0
2,DMS-ACC,expert,ACC,63,1.083445
2,DLS-ACC,naive,DLS,0,1.225536
2,DLS-ACC,naive,DLS,1,0.087046
2,DLS-ACC,naive,DLS,2,0.507585
2,DLS-ACC,naive,DLS,3,1.045859
2,DLS-ACC,naive,DLS,4,0.045641
2,DLS-ACC,naive,DLS,5,1.3382
2,DLS-ACC,naive,DLS,6,0.169782
2,DLS-ACC,naive,DLS,7,0.07409
2,DLS-ACC,naive,DLS,8,0.025979
2,DLS-ACC,naive,DLS,9,0.081696
2,DLS-ACC,naive,DLS,10,0.027342
2,DLS-ACC,naive,DLS,11,1.007766
2,DLS-ACC,naive,DLS,12,0.18575
2,DLS-ACC,naive,DLS,13,0.479701
2,DLS-ACC,naive,DLS,14,0.0
2,DLS-ACC,naive,DLS,15,1.193388
2,DLS-ACC,naive,DLS,16,0.007411
2,DLS-ACC,naive,DLS,17,0.101058
2,DLS-ACC,naive,DLS,18,0.0
2,DLS-ACC,naive,DLS,19,0.0
2,DLS-ACC,naive,DLS,20,1.066892
2,DLS-ACC,naive,DLS,21,0.051417
2,DLS-ACC,naive,DLS,22,0.052954
2,DLS-ACC,naive,DLS,23,0.0
2,DLS-ACC,naive,DLS,24,0.802561
2,DLS-ACC,naive,DLS,25,1.310813
2,DLS-ACC,naive,DLS,26,0.018424
2,DLS-ACC,naive,DLS,27,0.602421
2,DLS-ACC,naive,DLS,28,0.002501
2,DLS-ACC,naive,DLS,29,0.167993
2,DLS-ACC,naive,DLS,30,0.0
2,DLS-ACC,naive,DLS,31,0.749383
2,DLS-ACC,naive,DLS,32,0.045486
2,DLS-ACC,naive,DLS,33,0.174568
2,DLS-ACC,naive,DLS,34,0.0
2,DLS-ACC,naive,DLS,35,0.052324
2,DLS-ACC,naive,DLS,36,0.020378
2,DLS-ACC,naive,DLS,37,0.491528
2,DLS-ACC,naive,DLS,38,0.085586
2,DLS-ACC,naive,DLS,39,0.095013
2,DLS-ACC,naive,DLS,40,0.797093
2,DLS-ACC,naive,DLS,41,0.875002
2,DLS-ACC,naive,DLS,42,0.139798
2,DLS-ACC,naive,DLS,43,1.132099
2,DLS-ACC,naive,DLS,44,0.0084
2,DLS-ACC,naive,DLS,45,0.0
2,DLS-ACC,naive,DLS,46,1.070651
2,DLS-ACC,naive,DLS,47,1.31284
2,DLS-ACC,naive,DLS,48,0.0
2,DLS-ACC,naive,DLS,49,0.241985
2,DLS-ACC,naive,DLS,50,0.548063
2,DLS-ACC,naive,DLS,51,0.025387
2,DLS-ACC,naive,DLS,52,0.128126
2,DLS-ACC,naive,DLS,53,1.033914
2,DLS-ACC,naive,DLS,54,0.536076
2,DLS-ACC,naive,DLS,55,0.062593
2,DLS-ACC,naive,DLS,56,1.195193
2,DLS-ACC,naive,DLS,57,0.044312
2,DLS-ACC,naive,DLS,58,0.074652
2,DLS-ACC,naive,DLS,59,0.009756
2,DLS-ACC,naive,ACC,0,0.872999
2,DLS-ACC,naive,ACC,1,0.011678
2,DLS-ACC,naive,ACC,2,0.841465
2,DLS-ACC,naive,ACC,3,0.711866
2,DLS-ACC,naive,ACC,4,1.011774
2,DLS-ACC,naive,ACC,5,0.03831
2,DLS-ACC,naive,ACC,6,0.0
2,DLS-ACC,naive,ACC,7,0.937386
2,DLS-ACC,naive,ACC,8,0.579999
2,DLS-ACC,naive,ACC,9,0.388731
2,DLS-ACC,naive,ACC,10,0.0
2,DLS-ACC,naive,ACC,11,0.885977
2,DLS-ACC,naive,ACC,12,0.742772
2,DLS-ACC,naive,ACC,13,0.030772
2,DLS-ACC,naive,ACC,14,0.44492
2,DLS-ACC,naive,ACC,15,1.014102
2,DLS-ACC,naive,ACC,16,0.960481
2,DLS-ACC,naive,ACC,17,0.063165
2,DLS-ACC,naive,ACC,18,0.133989
2,DLS-ACC,naive,ACC,19,0.016889
2,DLS-ACC,naive,ACC,20,0.020851
2,DLS-ACC,naive,ACC,21,0.026659
2,DLS-ACC,naive,ACC,22,0.0
2,DLS-ACC,naive,ACC,23,0.0
2,DLS-ACC,naive,ACC,24,0.0
2,DLS-ACC,naive,ACC,25,0.625999
2,DLS-ACC,naive,ACC,26,0.949307
2,DLS-ACC,naive,ACC,27,0.13465
2,DLS-ACC,naive,ACC,28,0.014168
2,DLS-ACC,naive,ACC,29,0.018686
2,DLS-ACC,naive,ACC,30,0.029011
2,DLS-ACC,naive,ACC,31,0.553103
2,DLS-ACC,naive,ACC,32,0.506034
2,DLS-ACC,naive,ACC,33,0.018899
2,DLS-ACC,naive,ACC,34,0.030136
2,DLS-ACC,naive,ACC,35,0.0
2,DLS-ACC,naive,ACC,36,0.0
2,DLS-ACC,naive,ACC,37,0.0
2,DLS-ACC,naive,ACC,38,0.0
2,DLS-ACC,naive,ACC,39,0.0
2,DLS-ACC,naive,ACC,40,0.758999
2,DLS-ACC,naive,ACC,41,0.345012
2,DLS-ACC,naive,ACC,42,0.855069
2,DLS-ACC,naive,ACC,43,0.003197
2,DLS-ACC,naive,ACC,44,0.018469
2,DLS-ACC,naive,ACC,45,0.0
2,DLS-ACC,naive,ACC,46,0.067193
2,DLS-ACC,naive,ACC,47,0.0
2,DLS-ACC,naive,ACC,48,0.0
2,DLS-ACC,naive,ACC,49,0.0
2,DLS-ACC,naive,ACC,50,0.0
2,DLS-ACC,naive,ACC,51,0.0
2,DLS-ACC,naive,ACC,52,0.0
2,DLS-ACC,naive,ACC,53,0.005484
2,DLS-ACC,naive,ACC,54,0.673797
2,DLS-ACC,naive,ACC,55,0.787049
2,DLS-ACC,naive,ACC,56,0.862316
2,DLS-ACC,naive,ACC,57,0.014187
2,DLS-ACC,naive,ACC,58,0.0
2,DLS-ACC,naive,ACC,59,0.0
2,DLS-ACC,naive,ACC,60,0.023763
2,DLS-ACC,naive,ACC,61,0.0
2,DLS-ACC,naive,ACC,62,0.006864
2,DLS-ACC,naive,ACC,63,0.0
2,DLS-ACC,intermediate,DLS,0,0.90007
2,DLS-ACC,intermediate,DLS,1,0.468922
2,DLS-ACC,intermediate,DLS,2,0.770388
2,DLS-ACC,intermediate,DLS,3,0.560515
2,DLS-ACC,intermediate,DLS,4,0.902237
2,DLS-ACC,intermediate,DLS,5,0.812925
2,DLS-ACC,intermediate,DLS,6,0.850896
2,DLS-ACC,intermediate,DLS,7,0.129185
2,DLS-ACC,intermediate,DLS,8,0.547318
2,DLS-ACC,intermediate,DLS,9,0.883243
2,DLS-ACC,intermediate,DLS,10,0.605355
2,DLS-ACC,intermediate,DLS,11,0.771633
2,DLS-ACC,intermediate,DLS,12,0.116252
2,DLS-ACC,intermediate,DLS,13,0.009082
2,DLS-ACC,intermediate,DLS,14,0.069936
2,DLS-ACC,intermediate,DLS,15,0.122993
2,DLS-ACC,intermediate,DLS,16,0.062274
2,DLS-ACC,intermediate,DLS,17,0.372184
2,DLS-ACC,intermediate,DLS,18,0.0
2,DLS-ACC,intermediate,DLS,19,0.753262
2,DLS-ACC,intermediate,DLS,20,0.867616
2,DLS-ACC,intermediate,DLS,21,0.025728
2,DLS-ACC,intermediate,DLS,22,0.7371
2,DLS-ACC,intermediate,DLS,23,0.0
2,DLS-ACC,intermediate,DLS,24,0.903499
2,DLS-ACC,intermediate,DLS,25,0.281374
2,DLS-ACC,intermediate,DLS,26,0.187626
2,DLS-ACC,intermediate,DLS,27,0.019139
2,DLS-ACC,intermediate,DLS,28,0.001722
2,DLS-ACC,intermediate,DLS,29,0.693023
2,DLS-ACC,intermediate,DLS,30,0.0
2,DLS-ACC,intermediate,DLS,31,0.406613
2,DLS-ACC,intermediate,DLS,32,0.603808
2,DLS-ACC,intermediate,DLS,33,0.054833
2,DLS-ACC,intermediate,DLS,34,0.041698
2,DLS-ACC,intermediate,DLS,35,0.153069
2,DLS-ACC,intermediate,DLS,36,0.141674
2,DLS-ACC,intermediate,DLS,37,0.502116
2,DLS-ACC,intermediate,DLS,38,0.708046
2,DLS-ACC,intermediate,DLS,39,0.064501
2,DLS-ACC,intermediate,DLS,40,0.055003
2,DLS-ACC,intermediate,DLS,41,0.833426
2,DLS-ACC,intermediate,DLS,42,0.054207
2,DLS-ACC,intermediate,DLS,43,0.14946
2,DLS-ACC,intermediate,DLS,44,0.566466
2,DLS-ACC,intermediate,DLS,45,0.026397
2,DLS-ACC,intermediate,DLS,46,0.695983
2,DLS-ACC,intermediate,DLS,47,0.789455
2,DLS-ACC,intermediate,DLS,48,0.0
2,DLS-ACC,intermediate,DLS,49,0.196278
2,DLS-ACC,intermediate,DLS,50,0.32845
2,DLS-ACC,intermediate,DLS,51,0.043784
2,DLS-ACC,intermediate,DLS,52,0.0317
2,DLS-ACC,intermediate,DLS,53,0.7033
2,DLS-ACC,intermediate,DLS,54,0.010968
2,DLS-ACC,intermediate,DLS,55,0.041563
2,DLS-ACC,intermediate,DLS,56,0.072502
2,DLS-ACC,intermediate,DLS,57,0.365011
2,DLS-ACC,intermediate,DLS,58,0.201681
2,DLS-ACC,intermediate,DLS,59,0.04479
2,DLS-ACC,intermediate,ACC,0,1.13267
2,DLS-ACC,intermediate,ACC,1,0.989034
2,DLS-ACC,intermediate,ACC,2,1.090946
2,DLS-ACC,intermediate,ACC,3,0.771191
2,DLS-ACC,intermediate,ACC,4,0.890275
2,DLS-ACC,intermediate,ACC,5,0.090633
2,DLS-ACC,intermediate,ACC,6,1.01725
2,DLS-ACC,intermediate,ACC,7,0.960515
2,DLS-ACC,intermediate,ACC,8,0.148471
2,DLS-ACC,intermediate,ACC,9,0.985589
2,DLS-ACC,intermediate,ACC,10,0.0
2,DLS-ACC,intermediate,ACC,11,0.86923
2,DLS-ACC,intermediate,ACC,12,0.041276
2,DLS-ACC,intermediate,ACC,13,0.14713
2,DLS-ACC,intermediate,ACC,14,0.131217
2,DLS-ACC,intermediate,ACC,15,1.146899
2,DLS-ACC,intermediate,ACC,16,0.115769
2,DLS-ACC,intermediate,ACC,17,1.09281
2,DLS-ACC,intermediate,ACC,18,1.158211
2,DLS-ACC,intermediate,ACC,19,0.065594
2,DLS-ACC,intermediate,ACC,20,0.051404
2,DLS-ACC,intermediate,ACC,21,0.08284
2,DLS-ACC,intermediate,ACC,22,0.0
2,DLS-ACC,intermediate,ACC,23,0.0
2,DLS-ACC,intermediate,ACC,24,0.007446
2,DLS-ACC,intermediate,ACC,25,0.879696
2,DLS-ACC,intermediate,ACC,26,0.030776
2,DLS-ACC,intermediate,ACC,27,1.137562
2,DLS-ACC,intermediate,ACC,28,0.041724
2,DLS-ACC,intermediate,ACC,29,0.0
2,DLS-ACC,intermediate,ACC,30,0.101438
2,DLS-ACC,intermediate,ACC,31,0.849002
2,DLS-ACC,intermediate,ACC,32,0.110545
2,DLS-ACC,intermediate,ACC,33,0.002737
2,DLS-ACC,intermediate,ACC,34,0.212758
2,DLS-ACC,intermediate,ACC,35,0.0
2,DLS-ACC,intermediate,ACC,36,0.0
2,DLS-ACC,intermediate,ACC,37,0.0
2,DLS-ACC,intermediate,ACC,38,0.0
2,DLS-ACC,intermediate,ACC,39,0.0
2,DLS-ACC,intermediate,ACC,40,1.105424
2,DLS-ACC,intermediate,ACC,41,0.1034
2,DLS-ACC,intermediate,ACC,42,0.0
2,DLS-ACC,intermediate,ACC,43,0.010025
2,DLS-ACC,intermediate,ACC,44,0.040983
2,DLS-ACC,intermediate,ACC,45,0.0
2,DLS-ACC,intermediate,ACC,46,1.012808
2,DLS-ACC,intermediate,ACC,47,0.0
2,DLS-ACC,intermediate,ACC,48,0.0
2,DLS-ACC,intermediate,ACC,49,0.044744
2,DLS-ACC,intermediate,ACC,50,0.0
2,DLS-ACC,intermediate,ACC,51,0.0
2,DLS-ACC,intermediate,ACC,52,0.033028
2,DLS-ACC,intermediate,ACC,53,0.024164
2,DLS-ACC,intermediate,ACC,54,0.838225
2,DLS-ACC,intermediate,ACC,55,1.085588
2,DLS-ACC,intermediate,ACC,56,1.066553
2,DLS-ACC,intermediate,ACC,57,0.025663
2,DLS-ACC,intermediate,ACC,58,0.0
2,DLS-ACC,intermediate,ACC,59,0.0
2,DLS-ACC,intermediate,ACC,60,0.075895
2,DLS-ACC,intermediate,ACC,61,0.0
2,DLS-ACC,intermediate,ACC,62,0.024437
2,DLS-ACC,intermediate,ACC,63,0.01334
2,DLS-ACC,expert,DLS,0,0.943465
2,DLS-ACC,expert,DLS,1,0.016938
2,DLS-ACC,expert,DLS,2,0.051718
2,DLS-ACC,expert,DLS,3,0.688099
2,DLS-ACC,expert,DLS,4,1.016962
2,DLS-ACC,expert,DLS,5,0.895439
2,DLS-ACC,expert,DLS,6,0.936299
2,DLS-ACC,expert,DLS,7,0.262133
2,DLS-ACC,expert,DLS,8,0.0
2,DLS-ACC,expert,DLS,9,0.864568
2,DLS-ACC,expert,DLS,10,0.0
2,DLS-ACC,expert,DLS,11,0.732171
2,DLS-ACC,expert,DLS,12,0.924332
2,DLS-ACC,expert,DLS,13,0.020896
2,DLS-ACC,expert,DLS,14,0.0
2,DLS-ACC,expert,DLS,15,0.142941
2,DLS-ACC,expert,DLS,16,0.01862
2,DLS-ACC,expert,DLS,17,0.356009
2,DLS-ACC,expert,DLS,18,0.0
2,DLS-ACC,expert,DLS,19,0.631713
2,DLS-ACC,expert,DLS,20,0.86751
2,DLS-ACC,expert,DLS,21,0.04563
2,DLS-ACC,expert,DLS,22,0.594408
2,DLS-ACC,expert,DLS,23,0.075183
2,DLS-ACC,expert,DLS,24,0.657815
2,DLS-ACC,expert,DLS,25,0.775455
2,DLS-ACC,expert,DLS,26,0.724107
2,DLS-ACC,expert,DLS,27,0.0
2,DLS-ACC,expert,DLS,28,0.056626
2,DLS-ACC,expert,DLS,29,0.019563
2,DLS-ACC,expert,DLS,30,0.0
2,DLS-ACC,expert,DLS,31,0.500524
2,DLS-ACC,expert,DLS,32,0.522136
2,DLS-ACC,expert,DLS,33,0.098763
2,DLS-ACC,expert,DLS,34,0.05002
2,DLS-ACC,expert,DLS,35,0.0
2,DLS-ACC,expert,DLS,36,0.0
2,DLS-ACC,expert,DLS,37,0.062207
2,DLS-ACC,expert,DLS,38,0.022403
2,DLS-ACC,expert,DLS,39,0.182926
2,DLS-ACC,expert,DLS,40,0.997537
2,DLS-ACC,expert,DLS,41,0.898873
2,DLS-ACC,expert,DLS,42,0.031195
2,DLS-ACC,expert,DLS,43,0.441861
2,DLS-ACC,expert,DLS,44,0.844803
2,DLS-ACC,expert,DLS,45,0.020755
2,DLS-ACC,expert,DLS,46,0.626033
2,DLS-ACC,expert,DLS,47,0.777927
2,DLS-ACC,expert,DLS,48,0.02008
2,DLS-ACC,expert,DLS,49,0.079687
2,DLS-ACC,expert,DLS,50,0.826285
2,DLS-ACC,expert,DLS,51,0.995966
2,DLS-ACC,expert,DLS,52,0.041896
2,DLS-ACC,expert,DLS,53,0.148149
2,DLS-ACC,expert,DLS,54,0.062605
2,DLS-ACC,expert,DLS,55,0.125615
2,DLS-ACC,expert,DLS,56,0.103412
2,DLS-ACC,expert,DLS,57,0.069696
2,DLS-ACC,expert,DLS,58,0.046834
2,DLS-ACC,expert,DLS,59,0.13704
2,DLS-ACC,expert,ACC,0,0.441624
2,DLS-ACC,expert,ACC,1,0.923737
2,DLS-ACC,expert,ACC,2,1.10127
2,DLS-ACC,expert,ACC,3,0.876232
2,DLS-ACC,expert,ACC,4,0.91982
2,DLS-ACC,expert,ACC,5,0.162331
2,DLS-ACC,expert,ACC,6,0.073113
2,DLS-ACC,expert,ACC,7,1.120417
2,DLS-ACC,expert,ACC,8,0.27818
2,DLS-ACC,expert,ACC,9,0.874704
2,DLS-ACC,expert,ACC,10,0.0
2,DLS-ACC,expert,ACC,11,0.749169
2,DLS-ACC,expert,ACC,12,0.085079
2,DLS-ACC,expert,ACC,13,0.37461
2,DLS-ACC,expert,ACC,14,1.031492
2,DLS-ACC,expert,ACC,15,1.045057
2,DLS-ACC,expert,ACC,16,0.131362
2,DLS-ACC,expert,ACC,17,1.044536
2,DLS-ACC,expert,ACC,18,1.035426
2,DLS-ACC,expert,ACC,19,0.226646
2,DLS-ACC,expert,ACC,20,0.600544
2,DLS-ACC,expert,ACC,21,0.036201
2,DLS-ACC,expert,ACC,22,0.0
2,DLS-ACC,expert,ACC,23,0.0
2,DLS-ACC,expert,ACC,24,0.0
2,DLS-ACC,expert,ACC,25,0.106076
2,DLS-ACC,expert,ACC,26,0.039707
2,DLS-ACC,expert,ACC,27,1.082199
2,DLS-ACC,expert,ACC,28,0.138251
2,DLS-ACC,expert,ACC,29,0.266094
2,DLS-ACC,expert,ACC,30,1.119152
2,DLS-ACC,expert,ACC,31,0.942253
2,DLS-ACC,expert,ACC,32,1.018989
2,DLS-ACC,expert,ACC,33,0.068184
2,DLS-ACC,expert,ACC,34,0.08287
2,DLS-ACC,expert,ACC,35,0.0
2,DLS-ACC,expert,ACC,36,0.0
2,DLS-ACC,expert,ACC,37,0.0
2,DLS-ACC,expert,ACC,38,0.0
2,DLS-ACC,expert,ACC,39,0.03088
2,DLS-ACC,expert,ACC,40,0.03585
2,DLS-ACC,expert,ACC,41,0.695275
2,DLS-ACC,expert,ACC,42,0.074758
2,DLS-ACC,expert,ACC,43,0.0
2,DLS-ACC,expert,ACC,44,0.042128
2,DLS-ACC,expert,ACC,45,0.0
2,DLS-ACC,expert,ACC,46,1.045116
2,DLS-ACC,expert,ACC,47,0.0
2,DLS-ACC,expert,ACC,48,0.0
2,DLS-ACC,expert,ACC,49,0.151512
2,DLS-ACC,expert,ACC,50,0.0
2,DLS-ACC,expert,ACC,51,0.037446
2,DLS-ACC,expert,ACC,52,0.009513
2,DLS-ACC,expert,ACC,53,0.016905
2,DLS-ACC,expert,ACC,54,0.386279
2,DLS-ACC,expert,ACC,55,0.956668
2,DLS-ACC,expert,ACC,56,1.024867
2,DLS-ACC,expert,ACC,57,0.038241
2,DLS-ACC,expert,ACC,58,0.009078
2,DLS-ACC,expert,ACC,59,0.0
2,DLS-ACC,expert,ACC,60,0.125534
2,DLS-ACC,expert,ACC,61,0.0
2,DLS-ACC,expert,ACC,62,0.0
2,DLS-ACC,expert,ACC,63,1.083445
4,DMS-DLS,naive,DMS,0,1.03518
4,DMS-DLS,naive,DMS,1,0.0
4,DMS-DLS,naive,DMS,2,1.347242
4,DMS-DLS,naive,DMS,3,5.368373
4,DMS-DLS,naive,DMS,4,0.448436
4,DMS-DLS,naive,DMS,5,0.0
4,DMS-DLS,naive,DMS,6,1.042394
4,DMS-DLS,naive,DMS,7,1.085043
4,DMS-DLS,naive,DMS,8,0.46315
4,DMS-DLS,naive,DMS,9,0.758034
4,DMS-DLS,naive,DMS,10,1.860236
4,DMS-DLS,naive,DMS,11,1.17116
4,DMS-DLS,naive,DMS,12,1.632419
4,DMS-DLS,naive,DMS,13,1.135196
4,DMS-DLS,naive,DMS,14,1.34153
4,DMS-DLS,naive,DMS,15,0.717256
4,DMS-DLS,naive,DLS,0,0.025966
4,DMS-DLS,naive,DLS,1,0.032646
4,DMS-DLS,naive,DLS,2,0.040951
4,DMS-DLS,naive,DLS,3,0.077627
4,DMS-DLS,naive,DLS,4,0.689726
4,DMS-DLS,naive,DLS,5,0.072067
4,DMS-DLS,naive,DLS,6,0.066208
4,DMS-DLS,naive,DLS,7,0.065978
4,DMS-DLS,naive,DLS,8,0.5473
4,DMS-DLS,naive,DLS,9,0.096822
4,DMS-DLS,naive,DLS,10,0.042885
4,DMS-DLS,naive,DLS,11,0.037992
4,DMS-DLS,naive,DLS,12,0.458538
4,DMS-DLS,naive,DLS,13,0.187642
4,DMS-DLS,naive,DLS,14,0.536946
4,DMS-DLS,naive,DLS,15,0.514923
4,DMS-DLS,naive,DLS,16,0.191911
4,DMS-DLS,naive,DLS,17,0.040546
4,DMS-DLS,naive,DLS,18,0.083141
4,DMS-DLS,naive,DLS,19,0.078682
4,DMS-DLS,naive,DLS,20,0.113605
4,DMS-DLS,naive,DLS,21,0.272084
4,DMS-DLS,naive,DLS,22,0.026751
4,DMS-DLS,naive,DLS,23,0.06787
4,DMS-DLS,naive,DLS,24,0.068995
4,DMS-DLS,naive,DLS,25,0.164074
4,DMS-DLS,naive,DLS,26,0.252637
4,DMS-DLS,naive,DLS,27,0.331451
4,DMS-DLS,naive,DLS,28,0.064879
4,DMS-DLS,naive,DLS,29,0.099218
4,DMS-DLS,naive,DLS,30,0.012326
4,DMS-DLS,naive,DLS,31,0.442445
4,DMS-DLS,naive,DLS,32,0.017234
4,DMS-DLS,naive,DLS,33,0.043799
4,DMS-DLS,naive,DLS,34,0.405247
4,DMS-DLS,naive,DLS,35,0.418658
4,DMS-DLS,naive,DLS,36,0.0
4,DMS-DLS,naive,DLS,37,0.088408
4,DMS-DLS,naive,DLS,38,0.572734
4,DMS-DLS,naive,DLS,39,0.030902
4,DMS-DLS,naive,DLS,40,0.0
4,DMS-DLS,naive,DLS,41,0.027121
4,DMS-DLS,naive,DLS,42,0.640904
4,DMS-DLS,naive,DLS,43,0.0
4,DMS-DLS,naive,DLS,44,0.0
4,DMS-DLS,naive,DLS,45,0.077598
4,DMS-DLS,naive,DLS,46,0.061482
4,DMS-DLS,naive,DLS,47,0.058077
4,DMS-DLS,naive,DLS,48,0.07427
4,DMS-DLS,naive,DLS,49,0.542616
4,DMS-DLS,naive,DLS,50,0.001803
4,DMS-DLS,naive,DLS,51,0.076438
4,DMS-DLS,naive,DLS,52,0.074952
4,DMS-DLS,naive,DLS,53,0.660281
4,DMS-DLS,naive,DLS,54,0.026468
4,DMS-DLS,naive,DLS,55,0.112789
4,DMS-DLS,naive,DLS,56,0.098261
4,DMS-DLS,naive,DLS,57,0.078308
4,DMS-DLS,naive,DLS,58,0.108473
4,DMS-DLS,naive,DLS,59,0.478247
4,DMS-DLS,naive,DLS,60,0.020344
4,DMS-DLS,naive,DLS,61,0.638645
4,DMS-DLS,naive,DLS,62,0.042912
4,DMS-DLS,naive,DLS,63,0.701633
4,DMS-DLS,naive,DLS,64,0.009585
4,DMS-DLS,naive,DLS,65,0.66751
4,DMS-DLS,naive,DLS,66,0.004219
4,DMS-DLS,naive,DLS,67,0.429435
4,DMS-DLS,naive,DLS,68,0.543467
4,DMS-DLS,naive,DLS,69,0.05207
4,DMS-DLS,naive,DLS,70,0.00862
4,DMS-DLS,naive,DLS,71,0.013281
4,DMS-DLS,naive,DLS,72,0.003584
4,DMS-DLS,naive,DLS,73,0.624799
4,DMS-DLS,naive,DLS,74,0.021088
4,DMS-DLS,naive,DLS,75,0.581882
4,DMS-DLS,naive,DLS,76,0.008684
4,DMS-DLS,naive,DLS,77,0.218622
4,DMS-DLS,naive,DLS,78,0.559554
4,DMS-DLS,naive,DLS,79,0.013261
4,DMS-DLS,naive,DLS,80,0.030012
4,DMS-DLS,naive,DLS,81,0.041374
4,DMS-DLS,naive,DLS,82,0.059703
4,DMS-DLS,intermediate,DMS,0,0.997508
4,DMS-DLS,intermediate,DMS,1,1.377819
4,DMS-DLS,intermediate,DMS,2,1.103202
4,DMS-DLS,intermediate,DMS,3,2.69411
4,DMS-DLS,intermediate,DMS,4,2.093878
4,DMS-DLS,intermediate,DMS,5,0.0
4,DMS-DLS,intermediate,DMS,6,0.986374
4,DMS-DLS,intermediate,DMS,7,0.979591
4,DMS-DLS,intermediate,DMS,8,0.0
4,DMS-DLS,intermediate,DMS,9,0.0
4,DMS-DLS,intermediate,DMS,10,0.0
4,DMS-DLS,intermediate,DMS,11,0.0
4,DMS-DLS,intermediate,DMS,12,1.352965
4,DMS-DLS,intermediate,DMS,13,1.160635
4,DMS-DLS,intermediate,DMS,14,2.590831
4,DMS-DLS,intermediate,DMS,15,0.0
4,DMS-DLS,intermediate,DLS,0,0.066295
4,DMS-DLS,intermediate,DLS,1,0.405915
4,DMS-DLS,intermediate,DLS,2,0.510137
4,DMS-DLS,intermediate,DLS,3,0.050039
4,DMS-DLS,intermediate,DLS,4,0.174628
4,DMS-DLS,intermediate,DLS,5,0.099994
4,DMS-DLS,intermediate,DLS,6,0.357621
4,DMS-DLS,intermediate,DLS,7,0.584234
4,DMS-DLS,intermediate,DLS,8,0.115877
4,DMS-DLS,intermediate,DLS,9,0.093616
4,DMS-DLS,intermediate,DLS,10,0.135655
4,DMS-DLS,intermediate,DLS,11,0.3832
4,DMS-DLS,intermediate,DLS,12,0.430932
4,DMS-DLS,intermediate,DLS,13,0.233204
4,DMS-DLS,intermediate,DLS,14,0.12296
4,DMS-DLS,intermediate,DLS,15,0.137717
4,DMS-DLS,intermediate,DLS,16,0.474945
4,DMS-DLS,intermediate,DLS,17,0.22393
4,DMS-DLS,intermediate,DLS,18,0.559121
4,DMS-DLS,intermediate,DLS,19,0.077029
4,DMS-DLS,intermediate,DLS,20,0.300262
4,DMS-DLS,intermediate,DLS,21,0.257185
4,DMS-DLS,intermediate,DLS,22,0.08419
4,DMS-DLS,intermediate,DLS,23,0.086057
4,DMS-DLS,intermediate,DLS,24,0.112679
4,DMS-DLS,intermediate,DLS,25,0.128734
4,DMS-DLS,intermediate,DLS,26,0.155693
4,DMS-DLS,intermediate,DLS,27,0.088273
4,DMS-DLS,intermediate,DLS,28,0.087742
4,DMS-DLS,intermediate,DLS,29,0.383706
4,DMS-DLS,intermediate,DLS,30,0.067124
4,DMS-DLS,intermediate,DLS,31,0.656295
4,DMS-DLS,intermediate,DLS,32,0.028077
4,DMS-DLS,intermediate,DLS,33,0.065041
4,DMS-DLS,intermediate,DLS,34,0.346022
4,DMS-DLS,intermediate,DLS,35,0.143015
4,DMS-DLS,intermediate,DLS,36,0.358361
4,DMS-DLS,intermediate,DLS,37,0.320872
4,DMS-DLS,intermediate,DLS,38,0.187009
4,DMS-DLS,intermediate,DLS,39,0.00708
4,DMS-DLS,intermediate,DLS,40,0.183872
4,DMS-DLS,intermediate,DLS,41,0.408974
4,DMS-DLS,intermediate,DLS,42,0.032998
4,DMS-DLS,intermediate,DLS,43,0.174575
4,DMS-DLS,intermediate,DLS,44,0.328869
4,DMS-DLS,intermediate,DLS,45,0.385646
4,DMS-DLS,intermediate,DLS,46,0.113091
4,DMS-DLS,intermediate,DLS,47,0.071994
4,DMS-DLS,intermediate,DLS,48,0.405164
4,DMS-DLS,intermediate,DLS,49,0.114438
4,DMS-DLS,intermediate,DLS,50,0.230296
4,DMS-DLS,intermediate,DLS,51,0.397765
4,DMS-DLS,intermediate,DLS,52,0.0423
4,DMS-DLS,intermediate,DLS,53,0.049039
4,DMS-DLS,intermediate,DLS,54,0.107582
4,DMS-DLS,intermediate,DLS,55,0.233344
4,DMS-DLS,intermediate,DLS,56,0.219946
4,DMS-DLS,intermediate,DLS,57,0.049836
4,DMS-DLS,intermediate,DLS,58,0.285936
4,DMS-DLS,intermediate,DLS,59,0.04329
4,DMS-DLS,intermediate,DLS,60,0.729777
4,DMS-DLS,intermediate,DLS,61,0.038255
4,DMS-DLS,intermediate,DLS,62,0.235433
4,DMS-DLS,intermediate,DLS,63,0.032372
4,DMS-DLS,intermediate,DLS,64,0.164233
4,DMS-DLS,intermediate,DLS,65,0.134152
4,DMS-DLS,intermediate,DLS,66,0.074408
4,DMS-DLS,intermediate,DLS,67,0.042003
4,DMS-DLS,intermediate,DLS,68,0.099767
4,DMS-DLS,intermediate,DLS,69,0.05099
4,DMS-DLS,intermediate,DLS,70,0.021867
4,DMS-DLS,intermediate,DLS,71,0.147594
4,DMS-DLS,intermediate,DLS,72,0.297099
4,DMS-DLS,intermediate,DLS,73,0.070224
4,DMS-DLS,intermediate,DLS,74,0.262275
4,DMS-DLS,intermediate,DLS,75,0.223205
4,DMS-DLS,intermediate,DLS,76,0.130907
4,DMS-DLS,intermediate,DLS,77,0.226481
4,DMS-DLS,intermediate,DLS,78,0.16546
4,DMS-DLS,intermediate,DLS,79,0.06333
4,DMS-DLS,intermediate,DLS,80,0.200616
4,DMS-DLS,intermediate,DLS,81,0.304964
4,DMS-DLS,intermediate,DLS,82,0.059722
4,DMS-DLS,expert,DMS,0,0.899492
4,DMS-DLS,expert,DMS,1,1.289335
4,DMS-DLS,expert,DMS,2,1.142334
4,DMS-DLS,expert,DMS,3,1.824551
4,DMS-DLS,expert,DMS,4,3.24835
4,DMS-DLS,expert,DMS,5,0.0
4,DMS-DLS,expert,DMS,6,0.981573
4,DMS-DLS,expert,DMS,7,1.126862
4,DMS-DLS,expert,DMS,8,0.0
4,DMS-DLS,expert,DMS,9,2.401845
4,DMS-DLS,expert,DMS,10,1.928849
4,DMS-DLS,expert,DMS,11,0.0
4,DMS-DLS,expert,DMS,12,1.044568
4,DMS-DLS,expert,DMS,13,0.929405
4,DMS-DLS,expert,DMS,14,1.549825
4,DMS-DLS,expert,DMS,15,0.0
4,DMS-DLS,expert,DLS,0,0.132086
4,DMS-DLS,expert,DLS,1,0.366023
4,DMS-DLS,expert,DLS,2,0.443298
4,DMS-DLS,expert,DLS,3,0.344577
4,DMS-DLS,expert,DLS,4,0.247698
4,DMS-DLS,expert,DLS,5,0.152584
4,DMS-DLS,expert,DLS,6,0.058106
4,DMS-DLS,expert,DLS,7,0.183003
4,DMS-DLS,expert,DLS,8,0.200443
4,DMS-DLS,expert,DLS,9,0.281606
4,DMS-DLS,expert,DLS,10,0.231487
4,DMS-DLS,expert,DLS,11,0.573057
4,DMS-DLS,expert,DLS,12,0.188795
4,DMS-DLS,expert,DLS,13,0.275514
4,DMS-DLS,expert,DLS,14,0.076794
4,DMS-DLS,expert,DLS,15,0.134691
4,DMS-DLS,expert,DLS,16,0.210657
4,DMS-DLS,expert,DLS,17,0.45911
4,DMS-DLS,expert,DLS,18,0.052987
4,DMS-DLS,expert,DLS,19,0.261691
4,DMS-DLS,expert,DLS,20,0.032787
4,DMS-DLS,expert,DLS,21,0.240348
4,DMS-DLS,expert,DLS,22,0.262928
4,DMS-DLS,expert,DLS,23,0.26929
4,DMS-DLS,expert,DLS,24,0.249143
4,DMS-DLS,expert,DLS,25,0.637267
4,DMS-DLS,expert,DLS,26,0.07772
4,DMS-DLS,expert,DLS,27,0.117591
4,DMS-DLS,expert,DLS,28,0.254801
4,DMS-DLS,expert,DLS,29,0.604854
4,DMS-DLS,expert,DLS,30,0.546137
4,DMS-DLS,expert,DLS,31,0.163474
4,DMS-DLS,expert,DLS,32,0.29107
4,DMS-DLS,expert,DLS,33,0.052111
4,DMS-DLS,expert,DLS,34,0.345502
4,DMS-DLS,expert,DLS,35,0.231277
4,DMS-DLS,expert,DLS,36,0.231737
4,DMS-DLS,expert,DLS,37,0.143697
4,DMS-DLS,expert,DLS,38,0.0414
4,DMS-DLS,expert,DLS,39,0.699141
4,DMS-DLS,expert,DLS,40,0.0
4,DMS-DLS,expert,DLS,41,0.451367
4,DMS-DLS,expert,DLS,42,0.181729
4,DMS-DLS,expert,DLS,43,0.0
4,DMS-DLS,expert,DLS,44,0.384226
4,DMS-DLS,expert,DLS,45,0.037426
4,DMS-DLS,expert,DLS,46,0.202931
4,DMS-DLS,expert,DLS,47,0.1645
4,DMS-DLS,expert,DLS,48,0.462705
4,DMS-DLS,expert,DLS,49,0.026022
4,DMS-DLS,expert,DLS,50,0.047857
4,DMS-DLS,expert,DLS,51,0.457597
4,DMS-DLS,expert,DLS,52,0.260382
4,DMS-DLS,expert,DLS,53,0.051924
4,DMS-DLS,expert,DLS,54,0.182704
4,DMS-DLS,expert,DLS,55,0.135747
4,DMS-DLS,expert,DLS,56,0.390935
4,DMS-DLS,expert,DLS,57,0.060546
4,DMS-DLS,expert,DLS,58,0.445059
4,DMS-DLS,expert,DLS,59,0.240386
4,DMS-DLS,expert,DLS,60,0.690888
4,DMS-DLS,expert,DLS,61,0.282082
4,DMS-DLS,expert,DLS,62,0.128636
4,DMS-DLS,expert,DLS,63,0.057597
4,DMS-DLS,expert,DLS,64,0.15027
4,DMS-DLS,expert,DLS,65,0.169601
4,DMS-DLS,expert,DLS,66,0.665938
4,DMS-DLS,expert,DLS,67,0.051498
4,DMS-DLS,expert,DLS,68,0.027638
4,DMS-DLS,expert,DLS,69,0.403067
4,DMS-DLS,expert,DLS,70,0.113252
4,DMS-DLS,expert,DLS,71,0.041392
4,DMS-DLS,expert,DLS,72,0.085976
4,DMS-DLS,expert,DLS,73,0.037041
4,DMS-DLS,expert,DLS,74,0.172109
4,DMS-DLS,expert,DLS,75,0.263024
4,DMS-DLS,expert,DLS,76,0.056989
4,DMS-DLS,expert,DLS,77,0.265628
4,DMS-DLS,expert,DLS,78,0.192016
4,DMS-DLS,expert,DLS,79,0.589353
4,DMS-DLS,expert,DLS,80,0.40781
4,DMS-DLS,expert,DLS,81,0.403216
4,DMS-DLS,expert,DLS,82,0.141381
4,DMS-ACC,naive,DMS,0,1.03518
4,DMS-ACC,naive,DMS,1,0.0
4,DMS-ACC,naive,DMS,2,1.347242
4,DMS-ACC,naive,DMS,3,5.368373
4,DMS-ACC,naive,DMS,4,0.448436
4,DMS-ACC,naive,DMS,5,0.0
4,DMS-ACC,naive,DMS,6,1.042394
4,DMS-ACC,naive,DMS,7,1.085043
4,DMS-ACC,naive,DMS,8,0.46315
4,DMS-ACC,naive,DMS,9,0.758034
4,DMS-ACC,naive,DMS,10,1.860236
4,DMS-ACC,naive,DMS,11,1.17116
4,DMS-ACC,naive,DMS,12,1.632419
4,DMS-ACC,naive,DMS,13,1.135196
4,DMS-ACC,naive,DMS,14,1.34153
4,DMS-ACC,naive,DMS,15,0.717256
4,DMS-ACC,naive,ACC,0,0.021479
4,DMS-ACC,naive,ACC,1,0.133338
4,DMS-ACC,naive,ACC,2,0.039325
4,DMS-ACC,naive,ACC,3,0.164155
4,DMS-ACC,naive,ACC,4,0.621549
4,DMS-ACC,naive,ACC,5,0.808065
4,DMS-ACC,naive,ACC,6,0.585129
4,DMS-ACC,naive,ACC,7,0.121926
4,DMS-ACC,naive,ACC,8,0.304911
4,DMS-ACC,naive,ACC,9,0.453119
4,DMS-ACC,naive,ACC,10,0.735043
4,DMS-ACC,naive,ACC,11,0.228618
4,DMS-ACC,naive,ACC,12,0.266742
4,DMS-ACC,naive,ACC,13,0.600121
4,DMS-ACC,naive,ACC,14,0.716105
4,DMS-ACC,naive,ACC,15,0.267859
4,DMS-ACC,naive,ACC,16,0.646255
4,DMS-ACC,naive,ACC,17,0.064763
4,DMS-ACC,naive,ACC,18,0.58691
4,DMS-ACC,naive,ACC,19,0.778856
4,DMS-ACC,naive,ACC,20,0.676293
4,DMS-ACC,naive,ACC,21,0.785457
4,DMS-ACC,naive,ACC,22,0.108005
4,DMS-ACC,naive,ACC,23,0.103435
4,DMS-ACC,naive,ACC,24,0.362076
4,DMS-ACC,naive,ACC,25,0.090055
4,DMS-ACC,naive,ACC,26,0.914535
4,DMS-ACC,naive,ACC,27,0.208956
4,DMS-ACC,naive,ACC,28,0.011638
4,DMS-ACC,naive,ACC,29,0.676691
4,DMS-ACC,naive,ACC,30,0.213811
4,DMS-ACC,naive,ACC,31,0.471097
4,DMS-ACC,naive,ACC,32,0.190649
4,DMS-ACC,naive,ACC,33,0.133188
4,DMS-ACC,naive,ACC,34,0.565225
4,DMS-ACC,naive,ACC,35,0.014165
4,DMS-ACC,naive,ACC,36,0.118303
4,DMS-ACC,naive,ACC,37,0.092114
4,DMS-ACC,naive,ACC,38,0.689602
4,DMS-ACC,naive,ACC,39,0.741349
4,DMS-ACC,naive,ACC,40,0.108976
4,DMS-ACC,naive,ACC,41,0.112476
4,DMS-ACC,naive,ACC,42,0.455445
4,DMS-ACC,naive,ACC,43,0.013642
4,DMS-ACC,naive,ACC,44,0.021926
4,DMS-ACC,naive,ACC,45,0.473407
4,DMS-ACC,naive,ACC,46,0.012609
4,DMS-ACC,naive,ACC,47,0.048305
4,DMS-ACC,naive,ACC,48,0.004241
4,DMS-ACC,naive,ACC,49,0.466398
4,DMS-ACC,naive,ACC,50,0.0
4,DMS-ACC,naive,ACC,51,0.266951
4,DMS-ACC,naive,ACC,52,0.708423
4,DMS-ACC,intermediate,DMS,0,0.997508
4,DMS-ACC,intermediate,DMS,1,1.377819
4,DMS-ACC,intermediate,DMS,2,1.103202
4,DMS-ACC,intermediate,DMS,3,2.69411
4,DMS-ACC,intermediate,DMS,4,2.093878
4,DMS-ACC,intermediate,DMS,5,0.0
4,DMS-ACC,intermediate,DMS,6,0.986374
4,DMS-ACC,intermediate,DMS,7,0.979591
4,DMS-ACC,intermediate,DMS,8,0.0
4,DMS-ACC,intermediate,DMS,9,0.0
4,DMS-ACC,intermediate,DMS,10,0.0
4,DMS-ACC,intermediate,DMS,11,0.0
4,DMS-ACC,intermediate,DMS,12,1.352965
4,DMS-ACC,intermediate,DMS,13,1.160635
4,DMS-ACC,intermediate,DMS,14,2.590831
4,DMS-ACC,intermediate,DMS,15,0.0
4,DMS-ACC,intermediate,ACC,0,0.062869
4,DMS-ACC,intermediate,ACC,1,0.700973
4,DMS-ACC,intermediate,ACC,2,0.807035
4,DMS-ACC,intermediate,ACC,3,0.269591
4,DMS-ACC,intermediate,ACC,4,0.909758
4,DMS-ACC,intermediate,ACC,5,0.263471
4,DMS-ACC,intermediate,ACC,6,0.11971
4,DMS-ACC,intermediate,ACC,7,0.109662
4,DMS-ACC,intermediate,ACC,8,0.398198
4,DMS-ACC,intermediate,ACC,9,0.033716
4,DMS-ACC,intermediate,ACC,10,0.040566
4,DMS-ACC,intermediate,ACC,11,0.500781
4,DMS-ACC,intermediate,ACC,12,0.382699
4,DMS-ACC,intermediate,ACC,13,0.174782
4,DMS-ACC,intermediate,ACC,14,0.238882
4,DMS-ACC,intermediate,ACC,15,0.352962
4,DMS-ACC,intermediate,ACC,16,0.473487
4,DMS-ACC,intermediate,ACC,17,0.738157
4,DMS-ACC,intermediate,ACC,18,0.570956
4,DMS-ACC,intermediate,ACC,19,0.302118
4,DMS-ACC,intermediate,ACC,20,0.622294
4,DMS-ACC,intermediate,ACC,21,0.485087
4,DMS-ACC,intermediate,ACC,22,0.519191
4,DMS-ACC,intermediate,ACC,23,0.228678
4,DMS-ACC,intermediate,ACC,24,0.285974
4,DMS-ACC,intermediate,ACC,25,0.062544
4,DMS-ACC,intermediate,ACC,26,0.0174
4,DMS-ACC,intermediate,ACC,27,0.107811
4,DMS-ACC,intermediate,ACC,28,0.569977
4,DMS-ACC,intermediate,ACC,29,0.338623
4,DMS-ACC,intermediate,ACC,30,0.755676
4,DMS-ACC,intermediate,ACC,31,0.088466
4,DMS-ACC,intermediate,ACC,32,0.431236
4,DMS-ACC,intermediate,ACC,33,0.380929
4,DMS-ACC,intermediate,ACC,34,0.055487
4,DMS-ACC,intermediate,ACC,35,0.031879
4,DMS-ACC,intermediate,ACC,36,0.418762
4,DMS-ACC,intermediate,ACC,37,0.047067
4,DMS-ACC,intermediate,ACC,38,0.037372
4,DMS-ACC,intermediate,ACC,39,0.658667
4,DMS-ACC,intermediate,ACC,40,0.086767
4,DMS-ACC,intermediate,ACC,41,0.683737
4,DMS-ACC,intermediate,ACC,42,0.044967
4,DMS-ACC,intermediate,ACC,43,0.513761
4,DMS-ACC,intermediate,ACC,44,0.234318
4,DMS-ACC,intermediate,ACC,45,0.0
4,DMS-ACC,intermediate,ACC,46,0.072898
4,DMS-ACC,intermediate,ACC,47,0.599044
4,DMS-ACC,intermediate,ACC,48,0.027685
4,DMS-ACC,intermediate,ACC,49,0.379606
4,DMS-ACC,intermediate,ACC,50,0.0
4,DMS-ACC,intermediate,ACC,51,0.500363
4,DMS-ACC,intermediate,ACC,52,0.083612
4,DMS-ACC,expert,DMS,0,0.899492
4,DMS-ACC,expert,DMS,1,1.289335
4,DMS-ACC,expert,DMS,2,1.142334
4,DMS-ACC,expert,DMS,3,1.824551
4,DMS-ACC,expert,DMS,4,3.24835
4,DMS-ACC,expert,DMS,5,0.0
4,DMS-ACC,expert,DMS,6,0.981573
4,DMS-ACC,expert,DMS,7,1.126862
4,DMS-ACC,expert,DMS,8,0.0
4,DMS-ACC,expert,DMS,9,2.401845
4,DMS-ACC,expert,DMS,10,1.928849
4,DMS-ACC,expert,DMS,11,0.0
4,DMS-ACC,expert,DMS,12,1.044568
4,DMS-ACC,expert,DMS,13,0.929405
4,DMS-ACC,expert,DMS,14,1.549825
4,DMS-ACC,expert,DMS,15,0.0
4,DMS-ACC,expert,ACC,0,0.142048
4,DMS-ACC,expert,ACC,1,0.573516
4,DMS-ACC,expert,ACC,2,0.807932
4,DMS-ACC,expert,ACC,3,0.459682
4,DMS-ACC,expert,ACC,4,0.691547
4,DMS-ACC,expert,ACC,5,0.378152
4,DMS-ACC,expert,ACC,6,0.130142
4,DMS-ACC,expert,ACC,7,0.464761
4,DMS-ACC,expert,ACC,8,0.417472
4,DMS-ACC,expert,ACC,9,0.079698
4,DMS-ACC,expert,ACC,10,0.507625
4,DMS-ACC,expert,ACC,11,0.604864
4,DMS-ACC,expert,ACC,12,0.502828
4,DMS-ACC,expert,ACC,13,0.122505
4,DMS-ACC,expert,ACC,14,0.129224
4,DMS-ACC,expert,ACC,15,0.109484
4,DMS-ACC,expert,ACC,16,0.651481
4,DMS-ACC,expert,ACC,17,0.220546
4,DMS-ACC,expert,ACC,18,0.338721
4,DMS-ACC,expert,ACC,19,0.358901
4,DMS-ACC,expert,ACC,20,0.112515
4,DMS-ACC,expert,ACC,21,0.11608
4,DMS-ACC,expert,ACC,22,0.086822
4,DMS-ACC,expert,ACC,23,0.139696
4,DMS-ACC,expert,ACC,24,0.179033
4,DMS-ACC,expert,ACC,25,0.165423
4,DMS-ACC,expert,ACC,26,0.318372
4,DMS-ACC,expert,ACC,27,0.212073
4,DMS-ACC,expert,ACC,28,0.642695
4,DMS-ACC,expert,ACC,29,0.146771
4,DMS-ACC,expert,ACC,30,0.12062
4,DMS-ACC,expert,ACC,31,0.033972
4,DMS-ACC,expert,ACC,32,0.417896
4,DMS-ACC,expert,ACC,33,0.160283
4,DMS-ACC,expert,ACC,34,0.074916
4,DMS-ACC,expert,ACC,35,0.690864
4,DMS-ACC,expert,ACC,36,0.38055
4,DMS-ACC,expert,ACC,37,0.139923
4,DMS-ACC,expert,ACC,38,0.027638
4,DMS-ACC,expert,ACC,39,0.652458
4,DMS-ACC,expert,ACC,40,0.782276
4,DMS-ACC,expert,ACC,41,0.314051
4,DMS-ACC,expert,ACC,42,0.140738
4,DMS-ACC,expert,ACC,43,0.828314
4,DMS-ACC,expert,ACC,44,0.693071
4,DMS-ACC,expert,ACC,45,0.0
4,DMS-ACC,expert,ACC,46,0.420306
4,DMS-ACC,expert,ACC,47,0.675517
4,DMS-ACC,expert,ACC,48,0.383826
4,DMS-ACC,expert,ACC,49,0.321084
4,DMS-ACC,expert,ACC,50,0.158582
4,DMS-ACC,expert,ACC,51,0.194629
4,DMS-ACC,expert,ACC,52,0.116497
4,DLS-ACC,naive,DLS,0,0.027921
4,DLS-ACC,naive,DLS,1,0.035138
4,DLS-ACC,naive,DLS,2,0.042423
4,DLS-ACC,naive,DLS,3,0.08316
4,DLS-ACC,naive,DLS,4,0.769273
4,DLS-ACC,naive,DLS,5,0.081227
4,DLS-ACC,naive,DLS,6,0.077884
4,DLS-ACC,naive,DLS,7,0.107341
4,DLS-ACC,naive,DLS,8,0.717652
4,DLS-ACC,naive,DLS,9,0.097489
4,DLS-ACC,naive,DLS,10,0.048176
4,DLS-ACC,naive,DLS,11,0.046849
4,DLS-ACC,naive,DLS,12,0.736869
4,DLS-ACC,naive,DLS,13,0.190198
4,DLS-ACC,naive,DLS,14,0.629414
4,DLS-ACC,naive,DLS,15,0.677253
4,DLS-ACC,naive,DLS,16,0.198821
4,DLS-ACC,naive,DLS,17,0.048516
4,DLS-ACC,naive,DLS,18,0.096506
4,DLS-ACC,naive,DLS,19,0.082052
4,DLS-ACC,naive,DLS,20,0.126349
4,DLS-ACC,naive,DLS,21,0.291295
4,DLS-ACC,naive,DLS,22,0.051792
4,DLS-ACC,naive,DLS,23,0.072329
4,DLS-ACC,naive,DLS,24,0.077026
4,DLS-ACC,naive,DLS,25,0.170603
4,DLS-ACC,naive,DLS,26,0.267972
4,DLS-ACC,naive,DLS,27,0.339553
4,DLS-ACC,naive,DLS,28,0.075406
4,DLS-ACC,naive,DLS,29,0.107679
4,DLS-ACC,naive,DLS,30,0.013384
4,DLS-ACC,naive,DLS,31,0.498397
4,DLS-ACC,naive,DLS,32,0.018782
4,DLS-ACC,naive,DLS,33,0.051813
4,DLS-ACC,naive,DLS,34,0.418844
4,DLS-ACC,naive,DLS,35,0.424008
4,DLS-ACC,naive,DLS,36,0.0
4,DLS-ACC,naive,DLS,37,0.08948
4,DLS-ACC,naive,DLS,38,0.628198
4,DLS-ACC,naive,DLS,39,0.035317
4,DLS-ACC,naive,DLS,40,0.0
4,DLS-ACC,naive,DLS,41,0.029305
4,DLS-ACC,naive,DLS,42,0.762035
4,DLS-ACC,naive,DLS,43,0.0
4,DLS-ACC,naive,DLS,44,0.0
4,DLS-ACC,naive,DLS,45,0.087986
4,DLS-ACC,naive,DLS,46,0.067813
4,DLS-ACC,naive,DLS,47,0.06151
4,DLS-ACC,naive,DLS,48,0.092619
4,DLS-ACC,naive,DLS,49,0.678025
4,DLS-ACC,naive,DLS,50,0.00219
4,DLS-ACC,naive,DLS,51,0.088303
4,DLS-ACC,naive,DLS,52,0.080285
4,DLS-ACC,naive,DLS,53,0.718286
4,DLS-ACC,naive,DLS,54,0.032495
4,DLS-ACC,naive,DLS,55,0.120973
4,DLS-ACC,naive,DLS,56,0.113467
4,DLS-ACC,naive,DLS,57,0.081493
4,DLS-ACC,naive,DLS,58,0.126774
4,DLS-ACC,naive,DLS,59,0.548945
4,DLS-ACC,naive,DLS,60,0.022782
4,DLS-ACC,naive,DLS,61,0.683953
4,DLS-ACC,naive,DLS,62,0.045793
4,DLS-ACC,naive,DLS,63,0.79829
4,DLS-ACC,naive,DLS,64,0.011095
4,DLS-ACC,naive,DLS,65,0.671269
4,DLS-ACC,naive,DLS,66,0.004418
4,DLS-ACC,naive,DLS,67,0.634278
4,DLS-ACC,naive,DLS,68,0.742456
4,DLS-ACC,naive,DLS,69,0.060069
4,DLS-ACC,naive,DLS,70,0.009142
4,DLS-ACC,naive,DLS,71,0.014161
4,DLS-ACC,naive,DLS,72,0.003771
4,DLS-ACC,naive,DLS,73,0.708431
4,DLS-ACC,naive,DLS,74,0.023693
4,DLS-ACC,naive,DLS,75,0.650659
4,DLS-ACC,naive,DLS,76,0.010032
4,DLS-ACC,naive,DLS,77,0.748264
4,DLS-ACC,naive,DLS,78,0.694197
4,DLS-ACC,naive,DLS,79,0.014282
4,DLS-ACC,naive,DLS,80,0.031565
4,DLS-ACC,naive,DLS,81,0.045596
4,DLS-ACC,naive,DLS,82,0.071058
4,DLS-ACC,naive,ACC,0,0.022618
4,DLS-ACC,naive,ACC,1,0.191799
4,DLS-ACC,naive,ACC,2,0.049734
4,DLS-ACC,naive,ACC,3,0.172688
4,DLS-ACC,naive,ACC,4,0.881941
4,DLS-ACC,naive,ACC,5,0.849891
4,DLS-ACC,naive,ACC,6,0.627917
4,DLS-ACC,naive,ACC,7,0.134248
4,DLS-ACC,naive,ACC,8,0.317304
4,DLS-ACC,naive,ACC,9,0.616897
4,DLS-ACC,naive,ACC,10,0.860576
4,DLS-ACC,naive,ACC,11,0.233346
4,DLS-ACC,naive,ACC,12,0.303371
4,DLS-ACC,naive,ACC,13,0.609914
4,DLS-ACC,naive,ACC,14,0.823133
4,DLS-ACC,naive,ACC,15,0.293515
4,DLS-ACC,naive,ACC,16,0.852781
4,DLS-ACC,naive,ACC,17,0.078644
4,DLS-ACC,naive,ACC,18,0.835812
4,DLS-ACC,naive,ACC,19,0.837016
4,DLS-ACC,naive,ACC,20,0.759423
4,DLS-ACC,naive,ACC,21,0.873568
4,DLS-ACC,naive,ACC,22,0.15827
4,DLS-ACC,naive,ACC,23,0.109455
4,DLS-ACC,naive,ACC,24,0.422611
4,DLS-ACC,naive,ACC,25,0.095638
4,DLS-ACC,naive,ACC,26,0.918973
4,DLS-ACC,naive,ACC,27,0.216834
4,DLS-ACC,naive,ACC,28,0.016456
4,DLS-ACC,naive,ACC,29,0.835823
4,DLS-ACC,naive,ACC,30,0.262665
4,DLS-ACC,naive,ACC,31,0.707565
4,DLS-ACC,naive,ACC,32,0.19864
4,DLS-ACC,naive,ACC,33,0.157844
4,DLS-ACC,naive,ACC,34,0.719503
4,DLS-ACC,naive,ACC,35,0.015395
4,DLS-ACC,naive,ACC,36,0.13511
4,DLS-ACC,naive,ACC,37,0.109149
4,DLS-ACC,naive,ACC,38,0.732986
4,DLS-ACC,naive,ACC,39,0.856769
4,DLS-ACC,naive,ACC,40,0.117558
4,DLS-ACC,naive,ACC,41,0.15534
4,DLS-ACC,naive,ACC,42,0.835353
4,DLS-ACC,naive,ACC,43,0.019676
4,DLS-ACC,naive,ACC,44,0.024297
4,DLS-ACC,naive,ACC,45,0.664541
4,DLS-ACC,naive,ACC,46,0.017367
4,DLS-ACC,naive,ACC,47,0.058107
4,DLS-ACC,naive,ACC,48,0.00449
4,DLS-ACC,naive,ACC,49,0.487395
4,DLS-ACC,naive,ACC,50,0.0
4,DLS-ACC,naive,ACC,51,0.293701
4,DLS-ACC,naive,ACC,52,0.820112
4,DLS-ACC,intermediate,DLS,0,0.095787
4,DLS-ACC,intermediate,DLS,1,0.43514
4,DLS-ACC,intermediate,DLS,2,0.542834
4,DLS-ACC,intermediate,DLS,3,0.075562
4,DLS-ACC,intermediate,DLS,4,0.188702
4,DLS-ACC,intermediate,DLS,5,0.119144
4,DLS-ACC,intermediate,DLS,6,0.756115
4,DLS-ACC,intermediate,DLS,7,0.638924
4,DLS-ACC,intermediate,DLS,8,0.162832
4,DLS-ACC,intermediate,DLS,9,0.122217
4,DLS-ACC,intermediate,DLS,10,0.17146
4,DLS-ACC,intermediate,DLS,11,0.494134
4,DLS-ACC,intermediate,DLS,12,0.438354
4,DLS-ACC,intermediate,DLS,13,0.364186
4,DLS-ACC,intermediate,DLS,14,0.140637
4,DLS-ACC,intermediate,DLS,15,0.155384
4,DLS-ACC,intermediate,DLS,16,0.505233
4,DLS-ACC,intermediate,DLS,17,0.237929
4,DLS-ACC,intermediate,DLS,18,0.750796
4,DLS-ACC,intermediate,DLS,19,0.090991
4,DLS-ACC,intermediate,DLS,20,0.595685
4,DLS-ACC,intermediate,DLS,21,0.287107
4,DLS-ACC,intermediate,DLS,22,0.099465
4,DLS-ACC,intermediate,DLS,23,0.092679
4,DLS-ACC,intermediate,DLS,24,0.122789
4,DLS-ACC,intermediate,DLS,25,0.142373
4,DLS-ACC,intermediate,DLS,26,0.175307
4,DLS-ACC,intermediate,DLS,27,0.100927
4,DLS-ACC,intermediate,DLS,28,0.098155
4,DLS-ACC,intermediate,DLS,29,0.421712
4,DLS-ACC,intermediate,DLS,30,0.07727
4,DLS-ACC,intermediate,DLS,31,0.671891
4,DLS-ACC,intermediate,DLS,32,0.042992
4,DLS-ACC,intermediate,DLS,33,0.112836
4,DLS-ACC,intermediate,DLS,34,0.628393
4,DLS-ACC,intermediate,DLS,35,0.170935
4,DLS-ACC,intermediate,DLS,36,0.566633
4,DLS-ACC,intermediate,DLS,37,0.36561
4,DLS-ACC,intermediate,DLS,38,0.219606
4,DLS-ACC,intermediate,DLS,39,0.007334
4,DLS-ACC,intermediate,DLS,40,0.452917
4,DLS-ACC,intermediate,DLS,41,0.766114
4,DLS-ACC,intermediate,DLS,42,0.042126
4,DLS-ACC,intermediate,DLS,43,0.496489
4,DLS-ACC,intermediate,DLS,44,0.73026
4,DLS-ACC,intermediate,DLS,45,0.451561
4,DLS-ACC,intermediate,DLS,46,0.136372
4,DLS-ACC,intermediate,DLS,47,0.104438
4,DLS-ACC,intermediate,DLS,48,0.775971
4,DLS-ACC,intermediate,DLS,49,0.128944
4,DLS-ACC,intermediate,DLS,50,0.24523
4,DLS-ACC,intermediate,DLS,51,0.42849
4,DLS-ACC,intermediate,DLS,52,0.045021
4,DLS-ACC,intermediate,DLS,53,0.061106
4,DLS-ACC,intermediate,DLS,54,0.114233
4,DLS-ACC,intermediate,DLS,55,0.253336
4,DLS-ACC,intermediate,DLS,56,0.284005
4,DLS-ACC,intermediate,DLS,57,0.08228
4,DLS-ACC,intermediate,DLS,58,0.301728
4,DLS-ACC,intermediate,DLS,59,0.051423
4,DLS-ACC,intermediate,DLS,60,0.758929
4,DLS-ACC,intermediate,DLS,61,0.059133
4,DLS-ACC,intermediate,DLS,62,0.260774
4,DLS-ACC,intermediate,DLS,63,0.035263
4,DLS-ACC,intermediate,DLS,64,0.169167
4,DLS-ACC,intermediate,DLS,65,0.143048
4,DLS-ACC,intermediate,DLS,66,0.096374
4,DLS-ACC,intermediate,DLS,67,0.059086
4,DLS-ACC,intermediate,DLS,68,0.111914
4,DLS-ACC,intermediate,DLS,69,0.068223
4,DLS-ACC,intermediate,DLS,70,0.027272
4,DLS-ACC,intermediate,DLS,71,0.253189
4,DLS-ACC,intermediate,DLS,72,0.565098
4,DLS-ACC,intermediate,DLS,73,0.089336
4,DLS-ACC,intermediate,DLS,74,0.28184
4,DLS-ACC,intermediate,DLS,75,0.228639
4,DLS-ACC,intermediate,DLS,76,0.160747
4,DLS-ACC,intermediate,DLS,77,0.246943
4,DLS-ACC,intermediate,DLS,78,0.253268
4,DLS-ACC,intermediate,DLS,79,0.07499
4,DLS-ACC,intermediate,DLS,80,0.229176
4,DLS-ACC,intermediate,DLS,81,0.580566
4,DLS-ACC,intermediate,DLS,82,0.078111
4,DLS-ACC,intermediate,ACC,0,0.121359
4,DLS-ACC,intermediate,ACC,1,0.902605
4,DLS-ACC,intermediate,ACC,2,0.951029
4,DLS-ACC,intermediate,ACC,3,0.511966
4,DLS-ACC,intermediate,ACC,4,0.929947
4,DLS-ACC,intermediate,ACC,5,0.36166
4,DLS-ACC,intermediate,ACC,6,0.186609
4,DLS-ACC,intermediate,ACC,7,0.151682
4,DLS-ACC,intermediate,ACC,8,0.634325
4,DLS-ACC,intermediate,ACC,9,0.061227
4,DLS-ACC,intermediate,ACC,10,0.081264
4,DLS-ACC,intermediate,ACC,11,0.848519
4,DLS-ACC,intermediate,ACC,12,0.556224
4,DLS-ACC,intermediate,ACC,13,0.259419
4,DLS-ACC,intermediate,ACC,14,0.338868
4,DLS-ACC,intermediate,ACC,15,0.515765
4,DLS-ACC,intermediate,ACC,16,0.853094
4,DLS-ACC,intermediate,ACC,17,0.883538
4,DLS-ACC,intermediate,ACC,18,0.905352
4,DLS-ACC,intermediate,ACC,19,0.561486
4,DLS-ACC,intermediate,ACC,20,0.928541
4,DLS-ACC,intermediate,ACC,21,0.898166
4,DLS-ACC,intermediate,ACC,22,0.759015
4,DLS-ACC,intermediate,ACC,23,0.277661
4,DLS-ACC,intermediate,ACC,24,0.407113
4,DLS-ACC,intermediate,ACC,25,0.090013
4,DLS-ACC,intermediate,ACC,26,0.024067
4,DLS-ACC,intermediate,ACC,27,0.124456
4,DLS-ACC,intermediate,ACC,28,0.85509
4,DLS-ACC,intermediate,ACC,29,0.419808
4,DLS-ACC,intermediate,ACC,30,0.806531
4,DLS-ACC,intermediate,ACC,31,0.101457
4,DLS-ACC,intermediate,ACC,32,0.621162
4,DLS-ACC,intermediate,ACC,33,0.43743
4,DLS-ACC,intermediate,ACC,34,0.080307
4,DLS-ACC,intermediate,ACC,35,0.033797
4,DLS-ACC,intermediate,ACC,36,0.713322
4,DLS-ACC,intermediate,ACC,37,0.05722
4,DLS-ACC,intermediate,ACC,38,0.043706
4,DLS-ACC,intermediate,ACC,39,0.905077
4,DLS-ACC,intermediate,ACC,40,0.128344
4,DLS-ACC,intermediate,ACC,41,0.931687
4,DLS-ACC,intermediate,ACC,42,0.064066
4,DLS-ACC,intermediate,ACC,43,0.900675
4,DLS-ACC,intermediate,ACC,44,0.860268
4,DLS-ACC,intermediate,ACC,45,0.0
4,DLS-ACC,intermediate,ACC,46,0.121209
4,DLS-ACC,intermediate,ACC,47,0.758995
4,DLS-ACC,intermediate,ACC,48,0.034317
4,DLS-ACC,intermediate,ACC,49,0.465626
4,DLS-ACC,intermediate,ACC,50,0.0
4,DLS-ACC,intermediate,ACC,51,0.63766
4,DLS-ACC,intermediate,ACC,52,0.153867
4,DLS-ACC,expert,DLS,0,0.154993
4,DLS-ACC,expert,DLS,1,0.4502
4,DLS-ACC,expert,DLS,2,0.566086
4,DLS-ACC,expert,DLS,3,0.371743
4,DLS-ACC,expert,DLS,4,0.263627
4,DLS-ACC,expert,DLS,5,0.164012
4,DLS-ACC,expert,DLS,6,0.062982
4,DLS-ACC,expert,DLS,7,0.202497
4,DLS-ACC,expert,DLS,8,0.218295
4,DLS-ACC,expert,DLS,9,0.283787
4,DLS-ACC,expert,DLS,10,0.253371
4,DLS-ACC,expert,DLS,11,0.683361
4,DLS-ACC,expert,DLS,12,0.208122
4,DLS-ACC,expert,DLS,13,0.339378
4,DLS-ACC,expert,DLS,14,0.081155
4,DLS-ACC,expert,DLS,15,0.149618
4,DLS-ACC,expert,DLS,16,0.26785
4,DLS-ACC,expert,DLS,17,0.479901
4,DLS-ACC,expert,DLS,18,0.076786
4,DLS-ACC,expert,DLS,19,0.270661
4,DLS-ACC,expert,DLS,20,0.042321
4,DLS-ACC,expert,DLS,21,0.26511
4,DLS-ACC,expert,DLS,22,0.310507
4,DLS-ACC,expert,DLS,23,0.273082
4,DLS-ACC,expert,DLS,24,0.2579
4,DLS-ACC,expert,DLS,25,0.681897
4,DLS-ACC,expert,DLS,26,0.085693
4,DLS-ACC,expert,DLS,27,0.152176
4,DLS-ACC,expert,DLS,28,0.261888
4,DLS-ACC,expert,DLS,29,0.641449
4,DLS-ACC,expert,DLS,30,0.677563
4,DLS-ACC,expert,DLS,31,0.200277
4,DLS-ACC,expert,DLS,32,0.62219
4,DLS-ACC,expert,DLS,33,0.057969
4,DLS-ACC,expert,DLS,34,0.45657
4,DLS-ACC,expert,DLS,35,0.275098
4,DLS-ACC,expert,DLS,36,0.709713
4,DLS-ACC,expert,DLS,37,0.150934
4,DLS-ACC,expert,DLS,38,0.04672
4,DLS-ACC,expert,DLS,39,0.726547
4,DLS-ACC,expert,DLS,40,0.0
4,DLS-ACC,expert,DLS,41,0.789719
4,DLS-ACC,expert,DLS,42,0.193647
4,DLS-ACC,expert,DLS,43,0.0
4,DLS-ACC,expert,DLS,44,0.806807
4,DLS-ACC,expert,DLS,45,0.059262
4,DLS-ACC,expert,DLS,46,0.226934
4,DLS-ACC,expert,DLS,47,0.214612
4,DLS-ACC,expert,DLS,48,0.740007
4,DLS-ACC,expert,DLS,49,0.039891
4,DLS-ACC,expert,DLS,50,0.07127
4,DLS-ACC,expert,DLS,51,0.486029
4,DLS-ACC,expert,DLS,52,0.342889
4,DLS-ACC,expert,DLS,53,0.063221
4,DLS-ACC,expert,DLS,54,0.193992
4,DLS-ACC,expert,DLS,55,0.171957
4,DLS-ACC,expert,DLS,56,0.461669
4,DLS-ACC,expert,DLS,57,0.065891
4,DLS-ACC,expert,DLS,58,0.516579
4,DLS-ACC,expert,DLS,59,0.254741
4,DLS-ACC,expert,DLS,60,0.791239
4,DLS-ACC,expert,DLS,61,0.331517
4,DLS-ACC,expert,DLS,62,0.154581
4,DLS-ACC,expert,DLS,63,0.072217
4,DLS-ACC,expert,DLS,64,0.159958
4,DLS-ACC,expert,DLS,65,0.178699
4,DLS-ACC,expert,DLS,66,0.673629
4,DLS-ACC,expert,DLS,67,0.071609
4,DLS-ACC,expert,DLS,68,0.033866
4,DLS-ACC,expert,DLS,69,0.42668
4,DLS-ACC,expert,DLS,70,0.124822
4,DLS-ACC,expert,DLS,71,0.048078
4,DLS-ACC,expert,DLS,72,0.101103
4,DLS-ACC,expert,DLS,73,0.042095
4,DLS-ACC,expert,DLS,74,0.181512
4,DLS-ACC,expert,DLS,75,0.28041
4,DLS-ACC,expert,DLS,76,0.062027
4,DLS-ACC,expert,DLS,77,0.693284
4,DLS-ACC,expert,DLS,78,0.202076
4,DLS-ACC,expert,DLS,79,0.757469
4,DLS-ACC,expert,DLS,80,0.472643
4,DLS-ACC,expert,DLS,81,0.702869
4,DLS-ACC,expert,DLS,82,0.173691
4,DLS-ACC,expert,ACC,0,0.153404
4,DLS-ACC,expert,ACC,1,0.85213
4,DLS-ACC,expert,ACC,2,0.855333
4,DLS-ACC,expert,ACC,3,0.586423
4,DLS-ACC,expert,ACC,4,0.803105
4,DLS-ACC,expert,ACC,5,0.447412
4,DLS-ACC,expert,ACC,6,0.141936
4,DLS-ACC,expert,ACC,7,0.842554
4,DLS-ACC,expert,ACC,8,0.464573
4,DLS-ACC,expert,ACC,9,0.102688
4,DLS-ACC,expert,ACC,10,0.820671
4,DLS-ACC,expert,ACC,11,0.798232
4,DLS-ACC,expert,ACC,12,0.541312
4,DLS-ACC,expert,ACC,13,0.152286
4,DLS-ACC,expert,ACC,14,0.145407
4,DLS-ACC,expert,ACC,15,0.117789
4,DLS-ACC,expert,ACC,16,0.718583
4,DLS-ACC,expert,ACC,17,0.245954
4,DLS-ACC,expert,ACC,18,0.511632
4,DLS-ACC,expert,ACC,19,0.815423
4,DLS-ACC,expert,ACC,20,0.138842
4,DLS-ACC,expert,ACC,21,0.137833
4,DLS-ACC,expert,ACC,22,0.127148
4,DLS-ACC,expert,ACC,23,0.191851
4,DLS-ACC,expert,ACC,24,0.224851
4,DLS-ACC,expert,ACC,25,0.197358
4,DLS-ACC,expert,ACC,26,0.385289
4,DLS-ACC,expert,ACC,27,0.244478
4,DLS-ACC,expert,ACC,28,0.742977
4,DLS-ACC,expert,ACC,29,0.165374
4,DLS-ACC,expert,ACC,30,0.166511
4,DLS-ACC,expert,ACC,31,0.042339
4,DLS-ACC,expert,ACC,32,0.539923
4,DLS-ACC,expert,ACC,33,0.216609
4,DLS-ACC,expert,ACC,34,0.118273
4,DLS-ACC,expert,ACC,35,0.807265
4,DLS-ACC,expert,ACC,36,0.467291
4,DLS-ACC,expert,ACC,37,0.153255
4,DLS-ACC,expert,ACC,38,0.031845
4,DLS-ACC,expert,ACC,39,0.792079
4,DLS-ACC,expert,ACC,40,0.825142
4,DLS-ACC,expert,ACC,41,0.421166
4,DLS-ACC,expert,ACC,42,0.188202
4,DLS-ACC,expert,ACC,43,0.872649
4,DLS-ACC,expert,ACC,44,0.843286
4,DLS-ACC,expert,ACC,45,0.0
4,DLS-ACC,expert,ACC,46,0.778839
4,DLS-ACC,expert,ACC,47,0.805659
4,DLS-ACC,expert,ACC,48,0.507151
4,DLS-ACC,expert,ACC,49,0.336327
4,DLS-ACC,expert,ACC,50,0.882109
4,DLS-ACC,expert,ACC,51,0.251312
4,DLS-ACC,expert,ACC,52,0.167297
5,DMS-DLS,naive,DMS,0,0.643426
5,DMS-DLS,naive,DMS,1,0.055797
5,DMS-DLS,naive,DMS,2,0.68199
5,DMS-DLS,naive,DMS,3,0.067244
5,DMS-DLS,naive,DMS,4,0.636124
5,DMS-DLS,naive,DMS,5,0.598113
5,DMS-DLS,naive,DMS,6,0.065359
5,DMS-DLS,naive,DMS,7,0.617447
5,DMS-DLS,naive,DMS,8,0.252674
5,DMS-DLS,naive,DMS,9,0.784332
5,DMS-DLS,naive,DMS,10,0.0
5,DMS-DLS,naive,DMS,11,0.029988
5,DMS-DLS,naive,DMS,12,0.089416
5,DMS-DLS,naive,DMS,13,0.044882
5,DMS-DLS,naive,DMS,14,0.740398
5,DMS-DLS,naive,DMS,15,0.778016
5,DMS-DLS,naive,DMS,16,0.249237
5,DMS-DLS,naive,DMS,17,0.034528
5,DMS-DLS,naive,DMS,18,0.089191
5,DMS-DLS,naive,DMS,19,0.048958
5,DMS-DLS,naive,DMS,20,0.0431
5,DMS-DLS,naive,DMS,21,0.0
5,DMS-DLS,naive,DMS,22,3.6e-05
5,DMS-DLS,naive,DMS,23,0.099829
5,DMS-DLS,naive,DMS,24,0.001126
5,DMS-DLS,naive,DMS,25,0.17098
5,DMS-DLS,naive,DMS,26,0.178001
5,DMS-DLS,naive,DMS,27,0.50581
5,DMS-DLS,naive,DMS,28,0.724667
5,DMS-DLS,naive,DMS,29,0.011245
5,DMS-DLS,naive,DMS,30,0.137861
5,DMS-DLS,naive,DMS,31,0.0213
5,DMS-DLS,naive,DMS,32,0.656778
5,DMS-DLS,naive,DMS,33,0.766383
5,DMS-DLS,naive,DMS,34,0.052751
5,DMS-DLS,naive,DMS,35,0.081676
5,DMS-DLS,naive,DMS,36,0.584841
5,DMS-DLS,naive,DMS,37,0.163895
5,DMS-DLS,naive,DMS,38,0.002309
5,DMS-DLS,naive,DMS,39,0.023278
5,DMS-DLS,naive,DMS,40,0.666391
5,DMS-DLS,naive,DMS,41,0.396549
5,DMS-DLS,naive,DMS,42,0.025591
5,DMS-DLS,naive,DMS,43,0.049644
5,DMS-DLS,naive,DMS,44,0.759235
5,DMS-DLS,naive,DMS,45,0.726535
5,DMS-DLS,naive,DMS,46,0.480322
5,DMS-DLS,naive,DMS,47,0.490547
5,DMS-DLS,naive,DMS,48,0.55341
5,DMS-DLS,naive,DMS,49,0.438637
5,DMS-DLS,naive,DMS,50,0.701381
5,DMS-DLS,naive,DMS,51,0.158997
5,DMS-DLS,naive,DMS,52,0.036312
5,DMS-DLS,naive,DMS,53,0.164142
5,DMS-DLS,naive,DMS,54,0.603112
5,DMS-DLS,naive,DLS,0,0.018411
5,DMS-DLS,naive,DLS,1,0.1283
5,DMS-DLS,naive,DLS,2,0.037724
5,DMS-DLS,naive,DLS,3,0.080359
5,DMS-DLS,naive,DLS,4,0.011569
5,DMS-DLS,naive,DLS,5,0.005236
5,DMS-DLS,naive,DLS,6,0.043908
5,DMS-DLS,naive,DLS,7,0.074734
5,DMS-DLS,naive,DLS,8,0.110139
5,DMS-DLS,naive,DLS,9,0.05234
5,DMS-DLS,naive,DLS,10,0.0
5,DMS-DLS,naive,DLS,11,0.009454
5,DMS-DLS,naive,DLS,12,0.114496
5,DMS-DLS,naive,DLS,13,0.163982
5,DMS-DLS,naive,DLS,14,0.097171
5,DMS-DLS,naive,DLS,15,0.0
5,DMS-DLS,naive,DLS,16,0.090017
5,DMS-DLS,naive,DLS,17,0.033441
5,DMS-DLS,naive,DLS,18,0.086949
5,DMS-DLS,naive,DLS,19,0.015224
5,DMS-DLS,naive,DLS,20,0.419765
5,DMS-DLS,naive,DLS,21,0.086842
5,DMS-DLS,naive,DLS,22,0.480295
5,DMS-DLS,naive,DLS,23,0.0
5,DMS-DLS,naive,DLS,24,0.063437
5,DMS-DLS,naive,DLS,25,0.038267
5,DMS-DLS,naive,DLS,26,0.0
5,DMS-DLS,naive,DLS,27,0.030124
5,DMS-DLS,naive,DLS,28,0.376172
5,DMS-DLS,naive,DLS,29,0.400383
5,DMS-DLS,naive,DLS,30,0.065969
5,DMS-DLS,naive,DLS,31,0.022145
5,DMS-DLS,naive,DLS,32,0.033025
5,DMS-DLS,naive,DLS,33,0.072804
5,DMS-DLS,naive,DLS,34,0.053808
5,DMS-DLS,naive,DLS,35,0.037065
5,DMS-DLS,naive,DLS,36,0.062814
5,DMS-DLS,naive,DLS,37,0.049507
5,DMS-DLS,naive,DLS,38,0.031351
5,DMS-DLS,naive,DLS,39,0.006772
5,DMS-DLS,naive,DLS,40,0.0
5,DMS-DLS,naive,DLS,41,0.021481
5,DMS-DLS,naive,DLS,42,0.038496
5,DMS-DLS,naive,DLS,43,0.042091
5,DMS-DLS,naive,DLS,44,0.040964
5,DMS-DLS,naive,DLS,45,0.044405
5,DMS-DLS,naive,DLS,46,0.061148
5,DMS-DLS,naive,DLS,47,0.0197
5,DMS-DLS,naive,DLS,48,0.079976
5,DMS-DLS,naive,DLS,49,0.02075
5,DMS-DLS,naive,DLS,50,0.082216
5,DMS-DLS,naive,DLS,51,0.07341
5,DMS-DLS,naive,DLS,52,0.077896
5,DMS-DLS,naive,DLS,53,0.019514
5,DMS-DLS,naive,DLS,54,0.019599
5,DMS-DLS,naive,DLS,55,0.026676
5,DMS-DLS,naive,DLS,56,0.096544
5,DMS-DLS,naive,DLS,57,0.063826
5,DMS-DLS,naive,DLS,58,0.097552
5,DMS-DLS,naive,DLS,59,0.045849
5,DMS-DLS,naive,DLS,60,0.256224
5,DMS-DLS,naive,DLS,61,0.070715
5,DMS-DLS,naive,DLS,62,0.033983
5,DMS-DLS,naive,DLS,63,0.08118
5,DMS-DLS,naive,DLS,64,0.074497
5,DMS-DLS,naive,DLS,65,0.071275
5,DMS-DLS,naive,DLS,66,0.089676
5,DMS-DLS,naive,DLS,67,0.009644
5,DMS-DLS,naive,DLS,68,0.104816
5,DMS-DLS,naive,DLS,69,0.026051
5,DMS-DLS,naive,DLS,70,0.075769
5,DMS-DLS,naive,DLS,71,0.064737
5,DMS-DLS,naive,DLS,72,0.063058
5,DMS-DLS,naive,DLS,73,0.026708
5,DMS-DLS,naive,DLS,74,0.347258
5,DMS-DLS,naive,DLS,75,0.015704
5,DMS-DLS,naive,DLS,76,0.267114
5,DMS-DLS,naive,DLS,77,0.133106
5,DMS-DLS,naive,DLS,78,0.041962
5,DMS-DLS,naive,DLS,79,0.039449
5,DMS-DLS,naive,DLS,80,0.084761
5,DMS-DLS,naive,DLS,81,0.364655
5,DMS-DLS,naive,DLS,82,0.038002
5,DMS-DLS,naive,DLS,83,0.393192
5,DMS-DLS,naive,DLS,84,0.0
5,DMS-DLS,naive,DLS,85,0.082727
5,DMS-DLS,naive,DLS,86,0.129613
5,DMS-DLS,naive,DLS,87,0.09435
5,DMS-DLS,naive,DLS,88,0.008857
5,DMS-DLS,naive,DLS,89,0.039148
5,DMS-DLS,naive,DLS,90,0.094311
5,DMS-DLS,naive,DLS,91,0.029421
5,DMS-DLS,naive,DLS,92,0.002503
5,DMS-DLS,naive,DLS,93,0.029464
5,DMS-DLS,naive,DLS,94,0.008546
5,DMS-DLS,naive,DLS,95,0.061249
5,DMS-DLS,naive,DLS,96,0.01285
5,DMS-DLS,naive,DLS,97,0.041432
5,DMS-DLS,naive,DLS,98,0.39659
5,DMS-DLS,naive,DLS,99,0.064493
5,DMS-DLS,naive,DLS,100,0.065086
5,DMS-DLS,naive,DLS,101,0.146945
5,DMS-DLS,naive,DLS,102,0.0
5,DMS-DLS,naive,DLS,103,0.137819
5,DMS-DLS,naive,DLS,104,0.039187
5,DMS-DLS,naive,DLS,105,0.018275
5,DMS-DLS,naive,DLS,106,0.027695
5,DMS-DLS,naive,DLS,107,0.051122
5,DMS-DLS,naive,DLS,108,0.029797
5,DMS-DLS,naive,DLS,109,0.036202
5,DMS-DLS,naive,DLS,110,0.022596
5,DMS-DLS,naive,DLS,111,0.546417
5,DMS-DLS,naive,DLS,112,0.006882
5,DMS-DLS,naive,DLS,113,0.051691
5,DMS-DLS,naive,DLS,114,0.001984
5,DMS-DLS,naive,DLS,115,0.0
5,DMS-DLS,naive,DLS,116,0.025342
5,DMS-DLS,naive,DLS,117,0.010595
5,DMS-DLS,naive,DLS,118,0.022004
5,DMS-DLS,naive,DLS,119,0.025554
5,DMS-DLS,naive,DLS,120,0.069762
5,DMS-DLS,naive,DLS,121,0.0
5,DMS-DLS,naive,DLS,122,0.10429
5,DMS-DLS,naive,DLS,123,0.106867
5,DMS-DLS,naive,DLS,124,0.016535
5,DMS-DLS,naive,DLS,125,0.103219
5,DMS-DLS,naive,DLS,126,0.032315
5,DMS-DLS,naive,DLS,127,0.054815
5,DMS-DLS,naive,DLS,128,0.033693
5,DMS-DLS,naive,DLS,129,0.043901
5,DMS-DLS,naive,DLS,130,0.500593
5,DMS-DLS,naive,DLS,131,0.03715
5,DMS-DLS,naive,DLS,132,0.012936
5,DMS-DLS,naive,DLS,133,0.067452
5,DMS-DLS,naive,DLS,134,0.0
5,DMS-DLS,naive,DLS,135,0.01934
5,DMS-DLS,naive,DLS,136,0.012845
5,DMS-DLS,naive,DLS,137,0.0
5,DMS-DLS,naive,DLS,138,0.066485
5,DMS-DLS,naive,DLS,139,0.022204
5,DMS-DLS,naive,DLS,140,0.055706
5,DMS-DLS,naive,DLS,141,0.01408
5,DMS-DLS,naive,DLS,142,0.005446
5,DMS-DLS,naive,DLS,143,0.00403
5,DMS-DLS,naive,DLS,144,0.027608
5,DMS-DLS,naive,DLS,145,0.016844
5,DMS-DLS,naive,DLS,146,0.0
5,DMS-DLS,naive,DLS,147,0.0
5,DMS-DLS,naive,DLS,148,0.012488
5,DMS-DLS,naive,DLS,149,0.01625
5,DMS-DLS,naive,DLS,150,0.0
5,DMS-DLS,naive,DLS,151,0.0
5,DMS-DLS,naive,DLS,152,0.091318
5,DMS-DLS,naive,DLS,153,0.0
5,DMS-DLS,naive,DLS,154,0.036486
5,DMS-DLS,naive,DLS,155,0.05599
5,DMS-DLS,naive,DLS,156,0.039637
5,DMS-DLS,naive,DLS,157,0.040705
5,DMS-DLS,naive,DLS,158,0.022386
5,DMS-DLS,naive,DLS,159,0.072233
5,DMS-DLS,naive,DLS,160,0.033337
5,DMS-DLS,naive,DLS,161,0.06613
5,DMS-DLS,naive,DLS,162,0.003008
5,DMS-DLS,naive,DLS,163,0.003941
5,DMS-DLS,naive,DLS,164,0.011764
5,DMS-DLS,naive,DLS,165,0.007223
5,DMS-DLS,naive,DLS,166,0.029406
5,DMS-DLS,naive,DLS,167,0.025756
5,DMS-DLS,naive,DLS,168,0.001582
5,DMS-DLS,naive,DLS,169,0.006801
5,DMS-DLS,naive,DLS,170,0.478164
5,DMS-DLS,naive,DLS,171,0.545606
5,DMS-DLS,naive,DLS,172,0.077453
5,DMS-DLS,naive,DLS,173,0.308117
5,DMS-DLS,naive,DLS,174,0.316109
5,DMS-DLS,naive,DLS,175,1e-06
5,DMS-DLS,naive,DLS,176,0.0
5,DMS-DLS,naive,DLS,177,0.0
5,DMS-DLS,naive,DLS,178,0.01221
5,DMS-DLS,naive,DLS,179,0.0
5,DMS-DLS,naive,DLS,180,0.043636
5,DMS-DLS,naive,DLS,181,0.113971
5,DMS-DLS,naive,DLS,182,0.011954
5,DMS-DLS,naive,DLS,183,0.004892
5,DMS-DLS,naive,DLS,184,0.00136
5,DMS-DLS,naive,DLS,185,0.498968
5,DMS-DLS,naive,DLS,186,0.016609
5,DMS-DLS,naive,DLS,187,0.041814
5,DMS-DLS,naive,DLS,188,0.08335
5,DMS-DLS,naive,DLS,189,0.020644
5,DMS-DLS,naive,DLS,190,0.036763
5,DMS-DLS,naive,DLS,191,0.053723
5,DMS-DLS,naive,DLS,192,0.043505
5,DMS-DLS,naive,DLS,193,0.556635
5,DMS-DLS,naive,DLS,194,0.053639
5,DMS-DLS,naive,DLS,195,0.04208
5,DMS-DLS,naive,DLS,196,0.012306
5,DMS-DLS,naive,DLS,197,0.27162
5,DMS-DLS,naive,DLS,198,0.509154
5,DMS-DLS,naive,DLS,199,0.274341
5,DMS-DLS,naive,DLS,200,0.528626
5,DMS-DLS,naive,DLS,201,0.376847
5,DMS-DLS,naive,DLS,202,0.023103
5,DMS-DLS,naive,DLS,203,0.538425
5,DMS-DLS,naive,DLS,204,0.014416
5,DMS-DLS,naive,DLS,205,0.004898
5,DMS-DLS,naive,DLS,206,0.33077
5,DMS-DLS,naive,DLS,207,0.336846
5,DMS-DLS,naive,DLS,208,0.026766
5,DMS-DLS,naive,DLS,209,0.032474
5,DMS-DLS,naive,DLS,210,0.062385
5,DMS-DLS,naive,DLS,211,0.507197
5,DMS-DLS,naive,DLS,212,0.200293
5,DMS-DLS,naive,DLS,213,0.032958
5,DMS-DLS,naive,DLS,214,0.040358
5,DMS-DLS,naive,DLS,215,0.045114
5,DMS-DLS,naive,DLS,216,0.027699
5,DMS-DLS,naive,DLS,217,0.101929
5,DMS-DLS,naive,DLS,218,0.027212
5,DMS-DLS,naive,DLS,219,0.019811
5,DMS-DLS,naive,DLS,220,0.030904
5,DMS-DLS,naive,DLS,221,0.115607
5,DMS-DLS,naive,DLS,222,0.028985
5,DMS-DLS,naive,DLS,223,0.396685
5,DMS-DLS,naive,DLS,224,0.024159
5,DMS-DLS,naive,DLS,225,0.097821
5,DMS-DLS,naive,DLS,226,0.025137
5,DMS-DLS,naive,DLS,227,0.002338
5,DMS-DLS,naive,DLS,228,0.014467
5,DMS-DLS,naive,DLS,229,0.146346
5,DMS-DLS,naive,DLS,230,0.11675
5,DMS-DLS,naive,DLS,231,0.01456
5,DMS-DLS,naive,DLS,232,0.034028
5,DMS-DLS,naive,DLS,233,0.047608
5,DMS-DLS,naive,DLS,234,0.008978
5,DMS-DLS,naive,DLS,235,0.023168
5,DMS-DLS,naive,DLS,236,0.009269
5,DMS-DLS,intermediate,DMS,0,0.601404
5,DMS-DLS,intermediate,DMS,1,0.799884
5,DMS-DLS,intermediate,DMS,2,0.763992
5,DMS-DLS,intermediate,DMS,3,0.812187
5,DMS-DLS,intermediate,DMS,4,0.856326
5,DMS-DLS,intermediate,DMS,5,0.113817
5,DMS-DLS,intermediate,DMS,6,0.905893
5,DMS-DLS,intermediate,DMS,7,0.024871
5,DMS-DLS,intermediate,DMS,8,0.423887
5,DMS-DLS,intermediate,DMS,9,0.484841
5,DMS-DLS,intermediate,DMS,10,0.301292
5,DMS-DLS,intermediate,DMS,11,0.08169
5,DMS-DLS,intermediate,DMS,12,0.245339
5,DMS-DLS,intermediate,DMS,13,0.044491
5,DMS-DLS,intermediate,DMS,14,0.245568
5,DMS-DLS,intermediate,DMS,15,0.086865
5,DMS-DLS,intermediate,DMS,16,0.0
5,DMS-DLS,intermediate,DMS,17,0.607172
5,DMS-DLS,intermediate,DMS,18,0.045691
5,DMS-DLS,intermediate,DMS,19,0.798471
5,DMS-DLS,intermediate,DMS,20,0.940326
5,DMS-DLS,intermediate,DMS,21,0.301339
5,DMS-DLS,intermediate,DMS,22,0.223045
5,DMS-DLS,intermediate,DMS,23,0.831306
5,DMS-DLS,intermediate,DMS,24,0.495228
5,DMS-DLS,intermediate,DMS,25,0.867833
5,DMS-DLS,intermediate,DMS,26,0.784203
5,DMS-DLS,intermediate,DMS,27,0.744813
5,DMS-DLS,intermediate,DMS,28,0.0
5,DMS-DLS,intermediate,DMS,29,0.061673
5,DMS-DLS,intermediate,DMS,30,0.104096
5,DMS-DLS,intermediate,DMS,31,0.118
5,DMS-DLS,intermediate,DMS,32,0.057982
5,DMS-DLS,intermediate,DMS,33,0.057968
5,DMS-DLS,intermediate,DMS,34,0.008406
5,DMS-DLS,intermediate,DMS,35,0.519923
5,DMS-DLS,intermediate,DMS,36,0.867466
5,DMS-DLS,intermediate,DMS,37,0.102923
5,DMS-DLS,intermediate,DMS,38,0.810923
5,DMS-DLS,intermediate,DMS,39,0.224241
5,DMS-DLS,intermediate,DMS,40,0.0
5,DMS-DLS,intermediate,DMS,41,0.85253
5,DMS-DLS,intermediate,DMS,42,0.011407
5,DMS-DLS,intermediate,DMS,43,0.323829
5,DMS-DLS,intermediate,DMS,44,0.15221
5,DMS-DLS,intermediate,DMS,45,0.876827
5,DMS-DLS,intermediate,DMS,46,0.011966
5,DMS-DLS,intermediate,DMS,47,0.366141
5,DMS-DLS,intermediate,DMS,48,0.009181
5,DMS-DLS,intermediate,DMS,49,0.088977
5,DMS-DLS,intermediate,DMS,50,0.020455
5,DMS-DLS,intermediate,DMS,51,0.06688
5,DMS-DLS,intermediate,DMS,52,0.100634
5,DMS-DLS,intermediate,DMS,53,0.561749
5,DMS-DLS,intermediate,DMS,54,0.013701
5,DMS-DLS,intermediate,DLS,0,0.034384
5,DMS-DLS,intermediate,DLS,1,0.130168
5,DMS-DLS,intermediate,DLS,2,0.141995
5,DMS-DLS,intermediate,DLS,3,0.141681
5,DMS-DLS,intermediate,DLS,4,0.62205
5,DMS-DLS,intermediate,DLS,5,0.013933
5,DMS-DLS,intermediate,DLS,6,0.164761
5,DMS-DLS,intermediate,DLS,7,0.121215
5,DMS-DLS,intermediate,DLS,8,0.15594
5,DMS-DLS,intermediate,DLS,9,0.077911
5,DMS-DLS,intermediate,DLS,10,0.006031
5,DMS-DLS,intermediate,DLS,11,0.030855
5,DMS-DLS,intermediate,DLS,12,0.063509
5,DMS-DLS,intermediate,DLS,13,0.214143
5,DMS-DLS,intermediate,DLS,14,0.17538
5,DMS-DLS,intermediate,DLS,15,0.0
5,DMS-DLS,intermediate,DLS,16,0.178281
5,DMS-DLS,intermediate,DLS,17,0.119941
5,DMS-DLS,intermediate,DLS,18,0.198662
5,DMS-DLS,intermediate,DLS,19,0.152629
5,DMS-DLS,intermediate,DLS,20,0.134063
5,DMS-DLS,intermediate,DLS,21,0.107969
5,DMS-DLS,intermediate,DLS,22,0.017041
5,DMS-DLS,intermediate,DLS,23,0.026015
5,DMS-DLS,intermediate,DLS,24,0.251122
5,DMS-DLS,intermediate,DLS,25,0.067405
5,DMS-DLS,intermediate,DLS,26,0.028532
5,DMS-DLS,intermediate,DLS,27,0.283924
5,DMS-DLS,intermediate,DLS,28,0.441555
5,DMS-DLS,intermediate,DLS,29,0.389513
5,DMS-DLS,intermediate,DLS,30,0.276442
5,DMS-DLS,intermediate,DLS,31,0.204652
5,DMS-DLS,intermediate,DLS,32,0.184218
5,DMS-DLS,intermediate,DLS,33,0.089182
5,DMS-DLS,intermediate,DLS,34,0.044777
5,DMS-DLS,intermediate,DLS,35,0.067411
5,DMS-DLS,intermediate,DLS,36,0.160461
5,DMS-DLS,intermediate,DLS,37,0.055907
5,DMS-DLS,intermediate,DLS,38,0.200308
5,DMS-DLS,intermediate,DLS,39,0.065595
5,DMS-DLS,intermediate,DLS,40,0.006614
5,DMS-DLS,intermediate,DLS,41,0.098122
5,DMS-DLS,intermediate,DLS,42,0.017533
5,DMS-DLS,intermediate,DLS,43,0.074546
5,DMS-DLS,intermediate,DLS,44,0.084066
5,DMS-DLS,intermediate,DLS,45,0.060487
5,DMS-DLS,intermediate,DLS,46,0.05155
5,DMS-DLS,intermediate,DLS,47,0.076775
5,DMS-DLS,intermediate,DLS,48,0.069707
5,DMS-DLS,intermediate,DLS,49,0.063877
5,DMS-DLS,intermediate,DLS,50,0.115863
5,DMS-DLS,intermediate,DLS,51,0.059896
5,DMS-DLS,intermediate,DLS,52,0.079963
5,DMS-DLS,intermediate,DLS,53,0.043428
5,DMS-DLS,intermediate,DLS,54,0.117138
5,DMS-DLS,intermediate,DLS,55,0.092036
5,DMS-DLS,intermediate,DLS,56,0.186529
5,DMS-DLS,intermediate,DLS,57,0.034983
5,DMS-DLS,intermediate,DLS,58,0.10294
5,DMS-DLS,intermediate,DLS,59,0.100483
5,DMS-DLS,intermediate,DLS,60,0.086689
5,DMS-DLS,intermediate,DLS,61,0.124974
5,DMS-DLS,intermediate,DLS,62,0.20773
5,DMS-DLS,intermediate,DLS,63,0.094772
5,DMS-DLS,intermediate,DLS,64,0.144135
5,DMS-DLS,intermediate,DLS,65,0.083227
5,DMS-DLS,intermediate,DLS,66,0.112909
5,DMS-DLS,intermediate,DLS,67,0.044454
5,DMS-DLS,intermediate,DLS,68,0.01371
5,DMS-DLS,intermediate,DLS,69,0.654773
5,DMS-DLS,intermediate,DLS,70,0.160107
5,DMS-DLS,intermediate,DLS,71,0.012758
5,DMS-DLS,intermediate,DLS,72,0.062467
5,DMS-DLS,intermediate,DLS,73,0.06822
5,DMS-DLS,intermediate,DLS,74,0.146471
5,DMS-DLS,intermediate,DLS,75,0.096261
5,DMS-DLS,intermediate,DLS,76,0.090999
5,DMS-DLS,intermediate,DLS,77,0.013121
5,DMS-DLS,intermediate,DLS,78,0.100057
5,DMS-DLS,intermediate,DLS,79,0.183591
5,DMS-DLS,intermediate,DLS,80,0.048241
5,DMS-DLS,intermediate,DLS,81,0.003981
5,DMS-DLS,intermediate,DLS,82,0.188492
5,DMS-DLS,intermediate,DLS,83,0.002587
5,DMS-DLS,intermediate,DLS,84,0.288156
5,DMS-DLS,intermediate,DLS,85,0.043019
5,DMS-DLS,intermediate,DLS,86,0.054082
5,DMS-DLS,intermediate,DLS,87,0.03705
5,DMS-DLS,intermediate,DLS,88,0.018104
5,DMS-DLS,intermediate,DLS,89,0.085383
5,DMS-DLS,intermediate,DLS,90,0.022683
5,DMS-DLS,intermediate,DLS,91,0.032457
5,DMS-DLS,intermediate,DLS,92,0.02005
5,DMS-DLS,intermediate,DLS,93,0.078978
5,DMS-DLS,intermediate,DLS,94,0.083885
5,DMS-DLS,intermediate,DLS,95,0.048603
5,DMS-DLS,intermediate,DLS,96,0.193089
5,DMS-DLS,intermediate,DLS,97,0.386543
5,DMS-DLS,intermediate,DLS,98,0.021603
5,DMS-DLS,intermediate,DLS,99,0.454924
5,DMS-DLS,intermediate,DLS,100,0.452625
5,DMS-DLS,intermediate,DLS,101,0.035673
5,DMS-DLS,intermediate,DLS,102,0.454784
5,DMS-DLS,intermediate,DLS,103,0.007223
5,DMS-DLS,intermediate,DLS,104,0.13102
5,DMS-DLS,intermediate,DLS,105,0.0833
5,DMS-DLS,intermediate,DLS,106,0.050187
5,DMS-DLS,intermediate,DLS,107,0.022988
5,DMS-DLS,intermediate,DLS,108,0.055288
5,DMS-DLS,intermediate,DLS,109,0.022809
5,DMS-DLS,intermediate,DLS,110,0.568218
5,DMS-DLS,intermediate,DLS,111,0.015561
5,DMS-DLS,intermediate,DLS,112,0.628986
5,DMS-DLS,intermediate,DLS,113,0.055399
5,DMS-DLS,intermediate,DLS,114,0.028194
5,DMS-DLS,intermediate,DLS,115,0.050877
5,DMS-DLS,intermediate,DLS,116,0.073837
5,DMS-DLS,intermediate,DLS,117,0.008606
5,DMS-DLS,intermediate,DLS,118,0.084404
5,DMS-DLS,intermediate,DLS,119,0.01948
5,DMS-DLS,intermediate,DLS,120,0.040376
5,DMS-DLS,intermediate,DLS,121,0.0
5,DMS-DLS,intermediate,DLS,122,0.17574
5,DMS-DLS,intermediate,DLS,123,0.040116
5,DMS-DLS,intermediate,DLS,124,0.111386
5,DMS-DLS,intermediate,DLS,125,0.192573
5,DMS-DLS,intermediate,DLS,126,0.117669
5,DMS-DLS,intermediate,DLS,127,0.036469
5,DMS-DLS,intermediate,DLS,128,0.028899
5,DMS-DLS,intermediate,DLS,129,0.048509
5,DMS-DLS,intermediate,DLS,130,0.044024
5,DMS-DLS,intermediate,DLS,131,0.217412
5,DMS-DLS,intermediate,DLS,132,0.017765
5,DMS-DLS,intermediate,DLS,133,0.014645
5,DMS-DLS,intermediate,DLS,134,0.006215
5,DMS-DLS,intermediate,DLS,135,0.134558
5,DMS-DLS,intermediate,DLS,136,0.604092
5,DMS-DLS,intermediate,DLS,137,0.037399
5,DMS-DLS,intermediate,DLS,138,0.096014
5,DMS-DLS,intermediate,DLS,139,0.036677
5,DMS-DLS,intermediate,DLS,140,0.187784
5,DMS-DLS,intermediate,DLS,141,0.10863
5,DMS-DLS,intermediate,DLS,142,0.0539
5,DMS-DLS,intermediate,DLS,143,0.062757
5,DMS-DLS,intermediate,DLS,144,0.266814
5,DMS-DLS,intermediate,DLS,145,0.268261
5,DMS-DLS,intermediate,DLS,146,0.448994
5,DMS-DLS,intermediate,DLS,147,0.0
5,DMS-DLS,intermediate,DLS,148,0.055802
5,DMS-DLS,intermediate,DLS,149,0.06494
5,DMS-DLS,intermediate,DLS,150,0.0
5,DMS-DLS,intermediate,DLS,151,0.0
5,DMS-DLS,intermediate,DLS,152,0.098308
5,DMS-DLS,intermediate,DLS,153,0.0
5,DMS-DLS,intermediate,DLS,154,0.02692
5,DMS-DLS,intermediate,DLS,155,0.0
5,DMS-DLS,intermediate,DLS,156,0.171662
5,DMS-DLS,intermediate,DLS,157,0.011327
5,DMS-DLS,intermediate,DLS,158,0.018971
5,DMS-DLS,intermediate,DLS,159,0.019187
5,DMS-DLS,intermediate,DLS,160,0.119863
5,DMS-DLS,intermediate,DLS,161,0.064136
5,DMS-DLS,intermediate,DLS,162,0.048255
5,DMS-DLS,intermediate,DLS,163,0.041549
5,DMS-DLS,intermediate,DLS,164,0.037641
5,DMS-DLS,intermediate,DLS,165,0.054376
5,DMS-DLS,intermediate,DLS,166,0.058958
5,DMS-DLS,intermediate,DLS,167,0.104424
5,DMS-DLS,intermediate,DLS,168,0.008966
5,DMS-DLS,intermediate,DLS,169,0.042545
5,DMS-DLS,intermediate,DLS,170,0.032586
5,DMS-DLS,intermediate,DLS,171,0.0
5,DMS-DLS,intermediate,DLS,172,0.056255
5,DMS-DLS,intermediate,DLS,173,0.28185
5,DMS-DLS,intermediate,DLS,174,0.25077
5,DMS-DLS,intermediate,DLS,175,0.027997
5,DMS-DLS,intermediate,DLS,176,0.314806
5,DMS-DLS,intermediate,DLS,177,0.309172
5,DMS-DLS,intermediate,DLS,178,0.060554
5,DMS-DLS,intermediate,DLS,179,0.057734
5,DMS-DLS,intermediate,DLS,180,0.422556
5,DMS-DLS,intermediate,DLS,181,0.046873
5,DMS-DLS,intermediate,DLS,182,0.01303
5,DMS-DLS,intermediate,DLS,183,0.051593
5,DMS-DLS,intermediate,DLS,184,0.599378
5,DMS-DLS,intermediate,DLS,185,0.089551
5,DMS-DLS,intermediate,DLS,186,0.076114
5,DMS-DLS,intermediate,DLS,187,0.065154
5,DMS-DLS,intermediate,DLS,188,0.259577
5,DMS-DLS,intermediate,DLS,189,0.327652
5,DMS-DLS,intermediate,DLS,190,0.242198
5,DMS-DLS,intermediate,DLS,191,0.104104
5,DMS-DLS,intermediate,DLS,192,0.07091
5,DMS-DLS,intermediate,DLS,193,0.021908
5,DMS-DLS,intermediate,DLS,194,0.020938
5,DMS-DLS,intermediate,DLS,195,0.090979
5,DMS-DLS,intermediate,DLS,196,0.016913
5,DMS-DLS,intermediate,DLS,197,0.249053
5,DMS-DLS,intermediate,DLS,198,0.0
5,DMS-DLS,intermediate,DLS,199,0.213014
5,DMS-DLS,intermediate,DLS,200,0.034137
5,DMS-DLS,intermediate,DLS,201,0.0
5,DMS-DLS,intermediate,DLS,202,0.05181
5,DMS-DLS,intermediate,DLS,203,0.083987
5,DMS-DLS,intermediate,DLS,204,0.234051
5,DMS-DLS,intermediate,DLS,205,0.003173
5,DMS-DLS,intermediate,DLS,206,0.092795
5,DMS-DLS,intermediate,DLS,207,0.264477
5,DMS-DLS,intermediate,DLS,208,0.136484
5,DMS-DLS,intermediate,DLS,209,0.150353
5,DMS-DLS,intermediate,DLS,210,0.020608
5,DMS-DLS,intermediate,DLS,211,0.026232
5,DMS-DLS,intermediate,DLS,212,0.023206
5,DMS-DLS,intermediate,DLS,213,0.055525
5,DMS-DLS,intermediate,DLS,214,0.410578
5,DMS-DLS,intermediate,DLS,215,0.011525
5,DMS-DLS,intermediate,DLS,216,0.030304
5,DMS-DLS,intermediate,DLS,217,0.177047
5,DMS-DLS,intermediate,DLS,218,0.020491
5,DMS-DLS,intermediate,DLS,219,0.022786
5,DMS-DLS,intermediate,DLS,220,0.321758
5,DMS-DLS,intermediate,DLS,221,0.006171
5,DMS-DLS,intermediate,DLS,222,0.135001
5,DMS-DLS,intermediate,DLS,223,0.033992
5,DMS-DLS,intermediate,DLS,224,0.047496
5,DMS-DLS,intermediate,DLS,225,0.130804
5,DMS-DLS,intermediate,DLS,226,0.03251
5,DMS-DLS,intermediate,DLS,227,0.506147
5,DMS-DLS,intermediate,DLS,228,0.275553
5,DMS-DLS,intermediate,DLS,229,0.212359
5,DMS-DLS,intermediate,DLS,230,0.029381
5,DMS-DLS,intermediate,DLS,231,0.036311
5,DMS-DLS,intermediate,DLS,232,0.091823
5,DMS-DLS,intermediate,DLS,233,0.11891
5,DMS-DLS,intermediate,DLS,234,0.249663
5,DMS-DLS,intermediate,DLS,235,0.089246
5,DMS-DLS,intermediate,DLS,236,0.01096
5,DMS-DLS,expert,DMS,0,0.384987
5,DMS-DLS,expert,DMS,1,0.188239
5,DMS-DLS,expert,DMS,2,0.039104
5,DMS-DLS,expert,DMS,3,0.870223
5,DMS-DLS,expert,DMS,4,0.089006
5,DMS-DLS,expert,DMS,5,0.154171
5,DMS-DLS,expert,DMS,6,0.877278
5,DMS-DLS,expert,DMS,7,0.039056
5,DMS-DLS,expert,DMS,8,0.229469
5,DMS-DLS,expert,DMS,9,0.252056
5,DMS-DLS,expert,DMS,10,0.0
5,DMS-DLS,expert,DMS,11,0.873597
5,DMS-DLS,expert,DMS,12,0.730378
5,DMS-DLS,expert,DMS,13,0.886654
5,DMS-DLS,expert,DMS,14,0.93112
5,DMS-DLS,expert,DMS,15,0.564363
5,DMS-DLS,expert,DMS,16,0.010584
5,DMS-DLS,expert,DMS,17,0.041083
5,DMS-DLS,expert,DMS,18,0.159102
5,DMS-DLS,expert,DMS,19,0.903982
5,DMS-DLS,expert,DMS,20,0.9493
5,DMS-DLS,expert,DMS,21,0.0
5,DMS-DLS,expert,DMS,22,0.0
5,DMS-DLS,expert,DMS,23,0.049453
5,DMS-DLS,expert,DMS,24,0.764796
5,DMS-DLS,expert,DMS,25,0.866851
5,DMS-DLS,expert,DMS,26,0.046425
5,DMS-DLS,expert,DMS,27,0.040843
5,DMS-DLS,expert,DMS,28,0.213246
5,DMS-DLS,expert,DMS,29,0.893058
5,DMS-DLS,expert,DMS,30,0.761596
5,DMS-DLS,expert,DMS,31,0.690665
5,DMS-DLS,expert,DMS,32,0.021342
5,DMS-DLS,expert,DMS,33,0.95751
5,DMS-DLS,expert,DMS,34,0.179338
5,DMS-DLS,expert,DMS,35,0.781057
5,DMS-DLS,expert,DMS,36,0.0
5,DMS-DLS,expert,DMS,37,0.0
5,DMS-DLS,expert,DMS,38,0.875043
5,DMS-DLS,expert,DMS,39,0.060497
5,DMS-DLS,expert,DMS,40,0.0
5,DMS-DLS,expert,DMS,41,0.04265
5,DMS-DLS,expert,DMS,42,0.0
5,DMS-DLS,expert,DMS,43,0.0
5,DMS-DLS,expert,DMS,44,0.879877
5,DMS-DLS,expert,DMS,45,0.88594
5,DMS-DLS,expert,DMS,46,0.050812
5,DMS-DLS,expert,DMS,47,0.090725
5,DMS-DLS,expert,DMS,48,0.045691
5,DMS-DLS,expert,DMS,49,0.658847
5,DMS-DLS,expert,DMS,50,0.117444
5,DMS-DLS,expert,DMS,51,0.985008
5,DMS-DLS,expert,DMS,52,0.978117
5,DMS-DLS,expert,DMS,53,0.037791
5,DMS-DLS,expert,DMS,54,0.006116
5,DMS-DLS,expert,DLS,0,0.061978
5,DMS-DLS,expert,DLS,1,0.062385
5,DMS-DLS,expert,DLS,2,0.063944
5,DMS-DLS,expert,DLS,3,0.122394
5,DMS-DLS,expert,DLS,4,0.101016
5,DMS-DLS,expert,DLS,5,0.02096
5,DMS-DLS,expert,DLS,6,0.099834
5,DMS-DLS,expert,DLS,7,0.11235
5,DMS-DLS,expert,DLS,8,0.077596
5,DMS-DLS,expert,DLS,9,0.070228
5,DMS-DLS,expert,DLS,10,0.006828
5,DMS-DLS,expert,DLS,11,0.080765
5,DMS-DLS,expert,DLS,12,0.083208
5,DMS-DLS,expert,DLS,13,0.260468
5,DMS-DLS,expert,DLS,14,0.1475
5,DMS-DLS,expert,DLS,15,0.0
5,DMS-DLS,expert,DLS,16,0.169167
5,DMS-DLS,expert,DLS,17,0.043485
5,DMS-DLS,expert,DLS,18,0.139722
5,DMS-DLS,expert,DLS,19,0.0449
5,DMS-DLS,expert,DLS,20,0.087193
5,DMS-DLS,expert,DLS,21,0.201707
5,DMS-DLS,expert,DLS,22,0.020757
5,DMS-DLS,expert,DLS,23,0.02424
5,DMS-DLS,expert,DLS,24,0.148677
5,DMS-DLS,expert,DLS,25,0.027948
5,DMS-DLS,expert,DLS,26,0.0
5,DMS-DLS,expert,DLS,27,0.14299
5,DMS-DLS,expert,DLS,28,0.030703
5,DMS-DLS,expert,DLS,29,0.107546
5,DMS-DLS,expert,DLS,30,0.203409
5,DMS-DLS,expert,DLS,31,0.425769
5,DMS-DLS,expert,DLS,32,0.129216
5,DMS-DLS,expert,DLS,33,0.125111
5,DMS-DLS,expert,DLS,34,0.037074
5,DMS-DLS,expert,DLS,35,0.099794
5,DMS-DLS,expert,DLS,36,0.122369
5,DMS-DLS,expert,DLS,37,0.0459
5,DMS-DLS,expert,DLS,38,0.095295
5,DMS-DLS,expert,DLS,39,0.187712
5,DMS-DLS,expert,DLS,40,0.22422
5,DMS-DLS,expert,DLS,41,0.043739
5,DMS-DLS,expert,DLS,42,0.007074
5,DMS-DLS,expert,DLS,43,0.110598
5,DMS-DLS,expert,DLS,44,0.117499
5,DMS-DLS,expert,DLS,45,0.039127
5,DMS-DLS,expert,DLS,46,0.064961
5,DMS-DLS,expert,DLS,47,0.586611
5,DMS-DLS,expert,DLS,48,0.038044
5,DMS-DLS,expert,DLS,49,0.090736
5,DMS-DLS,expert,DLS,50,0.141636
5,DMS-DLS,expert,DLS,51,0.086186
5,DMS-DLS,expert,DLS,52,0.074409
5,DMS-DLS,expert,DLS,53,0.066007
5,DMS-DLS,expert,DLS,54,0.121642
5,DMS-DLS,expert,DLS,55,0.119938
5,DMS-DLS,expert,DLS,56,0.189776
5,DMS-DLS,expert,DLS,57,0.071803
5,DMS-DLS,expert,DLS,58,0.100493
5,DMS-DLS,expert,DLS,59,0.130689
5,DMS-DLS,expert,DLS,60,0.07483
5,DMS-DLS,expert,DLS,61,0.136759
5,DMS-DLS,expert,DLS,62,0.169543
5,DMS-DLS,expert,DLS,63,0.112927
5,DMS-DLS,expert,DLS,64,0.15613
5,DMS-DLS,expert,DLS,65,0.050967
5,DMS-DLS,expert,DLS,66,0.074522
5,DMS-DLS,expert,DLS,67,0.0269
5,DMS-DLS,expert,DLS,68,0.055017
5,DMS-DLS,expert,DLS,69,0.010115
5,DMS-DLS,expert,DLS,70,0.126702
5,DMS-DLS,expert,DLS,71,0.102924
5,DMS-DLS,expert,DLS,72,0.12426
5,DMS-DLS,expert,DLS,73,0.121184
5,DMS-DLS,expert,DLS,74,0.029315
5,DMS-DLS,expert,DLS,75,0.061508
5,DMS-DLS,expert,DLS,76,0.037899
5,DMS-DLS,expert,DLS,77,0.019765
5,DMS-DLS,expert,DLS,78,0.158916
5,DMS-DLS,expert,DLS,79,0.155769
5,DMS-DLS,expert,DLS,80,0.064513
5,DMS-DLS,expert,DLS,81,0.007754
5,DMS-DLS,expert,DLS,82,0.647119
5,DMS-DLS,expert,DLS,83,0.005426
5,DMS-DLS,expert,DLS,84,0.080428
5,DMS-DLS,expert,DLS,85,0.063784
5,DMS-DLS,expert,DLS,86,0.041808
5,DMS-DLS,expert,DLS,87,0.054608
5,DMS-DLS,expert,DLS,88,0.046479
5,DMS-DLS,expert,DLS,89,0.098112
5,DMS-DLS,expert,DLS,90,0.033985
5,DMS-DLS,expert,DLS,91,0.062248
5,DMS-DLS,expert,DLS,92,0.02843
5,DMS-DLS,expert,DLS,93,0.059714
5,DMS-DLS,expert,DLS,94,0.546497
5,DMS-DLS,expert,DLS,95,0.081247
5,DMS-DLS,expert,DLS,96,0.412353
5,DMS-DLS,expert,DLS,97,0.117721
5,DMS-DLS,expert,DLS,98,0.016738
5,DMS-DLS,expert,DLS,99,0.45934
5,DMS-DLS,expert,DLS,100,0.460933
5,DMS-DLS,expert,DLS,101,0.12187
5,DMS-DLS,expert,DLS,102,0.11245
5,DMS-DLS,expert,DLS,103,0.067515
5,DMS-DLS,expert,DLS,104,0.140779
5,DMS-DLS,expert,DLS,105,0.601541
5,DMS-DLS,expert,DLS,106,0.051274
5,DMS-DLS,expert,DLS,107,0.225743
5,DMS-DLS,expert,DLS,108,0.055269
5,DMS-DLS,expert,DLS,109,0.164272
5,DMS-DLS,expert,DLS,110,0.317905
5,DMS-DLS,expert,DLS,111,0.477577
5,DMS-DLS,expert,DLS,112,0.262854
5,DMS-DLS,expert,DLS,113,0.078431
5,DMS-DLS,expert,DLS,114,0.107482
5,DMS-DLS,expert,DLS,115,0.018646
5,DMS-DLS,expert,DLS,116,0.138634
5,DMS-DLS,expert,DLS,117,0.044972
5,DMS-DLS,expert,DLS,118,0.035203
5,DMS-DLS,expert,DLS,119,0.012486
5,DMS-DLS,expert,DLS,120,0.570673
5,DMS-DLS,expert,DLS,121,0.0
5,DMS-DLS,expert,DLS,122,0.134801
5,DMS-DLS,expert,DLS,123,0.086442
5,DMS-DLS,expert,DLS,124,0.099404
5,DMS-DLS,expert,DLS,125,0.143005
5,DMS-DLS,expert,DLS,126,0.037276
5,DMS-DLS,expert,DLS,127,0.079652
5,DMS-DLS,expert,DLS,128,0.017873
5,DMS-DLS,expert,DLS,129,0.039782
5,DMS-DLS,expert,DLS,130,0.0
5,DMS-DLS,expert,DLS,131,0.231261
5,DMS-DLS,expert,DLS,132,0.008606
5,DMS-DLS,expert,DLS,133,0.027836
5,DMS-DLS,expert,DLS,134,0.00906
5,DMS-DLS,expert,DLS,135,0.001937
5,DMS-DLS,expert,DLS,136,0.000679
5,DMS-DLS,expert,DLS,137,0.042638
5,DMS-DLS,expert,DLS,138,0.11945
5,DMS-DLS,expert,DLS,139,0.211554
5,DMS-DLS,expert,DLS,140,0.339329
5,DMS-DLS,expert,DLS,141,0.010296
5,DMS-DLS,expert,DLS,142,0.041221
5,DMS-DLS,expert,DLS,143,0.064041
5,DMS-DLS,expert,DLS,144,0.140591
5,DMS-DLS,expert,DLS,145,0.149126
5,DMS-DLS,expert,DLS,146,0.017849
5,DMS-DLS,expert,DLS,147,0.0
5,DMS-DLS,expert,DLS,148,0.352438
5,DMS-DLS,expert,DLS,149,0.638245
5,DMS-DLS,expert,DLS,150,0.0
5,DMS-DLS,expert,DLS,151,0.0
5,DMS-DLS,expert,DLS,152,0.116339
5,DMS-DLS,expert,DLS,153,0.0
5,DMS-DLS,expert,DLS,154,0.027038
5,DMS-DLS,expert,DLS,155,0.023013
5,DMS-DLS,expert,DLS,156,0.077748
5,DMS-DLS,expert,DLS,157,0.029538
5,DMS-DLS,expert,DLS,158,0.07022
5,DMS-DLS,expert,DLS,159,0.036237
5,DMS-DLS,expert,DLS,160,0.07442
5,DMS-DLS,expert,DLS,161,0.012577
5,DMS-DLS,expert,DLS,162,0.644703
5,DMS-DLS,expert,DLS,163,0.053207
5,DMS-DLS,expert,DLS,164,0.017635
5,DMS-DLS,expert,DLS,165,0.104688
5,DMS-DLS,expert,DLS,166,0.527496
5,DMS-DLS,expert,DLS,167,0.064961
5,DMS-DLS,expert,DLS,168,0.197825
5,DMS-DLS,expert,DLS,169,0.092768
5,DMS-DLS,expert,DLS,170,0.08909
5,DMS-DLS,expert,DLS,171,0.013574
5,DMS-DLS,expert,DLS,172,0.062108
5,DMS-DLS,expert,DLS,173,0.0
5,DMS-DLS,expert,DLS,174,0.0
5,DMS-DLS,expert,DLS,175,0.01331
5,DMS-DLS,expert,DLS,176,0.0
5,DMS-DLS,expert,DLS,177,0.000771
5,DMS-DLS,expert,DLS,178,0.066489
5,DMS-DLS,expert,DLS,179,0.051645
5,DMS-DLS,expert,DLS,180,0.06877
5,DMS-DLS,expert,DLS,181,0.139715
5,DMS-DLS,expert,DLS,182,0.012947
5,DMS-DLS,expert,DLS,183,0.086101
5,DMS-DLS,expert,DLS,184,0.671509
5,DMS-DLS,expert,DLS,185,0.069493
5,DMS-DLS,expert,DLS,186,0.087394
5,DMS-DLS,expert,DLS,187,0.0
5,DMS-DLS,expert,DLS,188,0.309983
5,DMS-DLS,expert,DLS,189,0.067406
5,DMS-DLS,expert,DLS,190,0.209615
5,DMS-DLS,expert,DLS,191,0.615722
5,DMS-DLS,expert,DLS,192,0.062006
5,DMS-DLS,expert,DLS,193,0.013907
5,DMS-DLS,expert,DLS,194,0.042326
5,DMS-DLS,expert,DLS,195,0.074473
5,DMS-DLS,expert,DLS,196,0.020837
5,DMS-DLS,expert,DLS,197,0.010688
5,DMS-DLS,expert,DLS,198,0.193524
5,DMS-DLS,expert,DLS,199,0.010795
5,DMS-DLS,expert,DLS,200,0.02682
5,DMS-DLS,expert,DLS,201,0.0
5,DMS-DLS,expert,DLS,202,0.483957
5,DMS-DLS,expert,DLS,203,0.024889
5,DMS-DLS,expert,DLS,204,0.015799
5,DMS-DLS,expert,DLS,205,0.022079
5,DMS-DLS,expert,DLS,206,0.073428
5,DMS-DLS,expert,DLS,207,0.084033
5,DMS-DLS,expert,DLS,208,0.120206
5,DMS-DLS,expert,DLS,209,0.051328
5,DMS-DLS,expert,DLS,210,0.06421
5,DMS-DLS,expert,DLS,211,0.034261
5,DMS-DLS,expert,DLS,212,0.566322
5,DMS-DLS,expert,DLS,213,0.087766
5,DMS-DLS,expert,DLS,214,0.215046
5,DMS-DLS,expert,DLS,215,0.225648
5,DMS-DLS,expert,DLS,216,0.023654
5,DMS-DLS,expert,DLS,217,0.170297
5,DMS-DLS,expert,DLS,218,0.030928
5,DMS-DLS,expert,DLS,219,0.012679
5,DMS-DLS,expert,DLS,220,0.154366
5,DMS-DLS,expert,DLS,221,0.107072
5,DMS-DLS,expert,DLS,222,0.06733
5,DMS-DLS,expert,DLS,223,0.081102
5,DMS-DLS,expert,DLS,224,0.041258
5,DMS-DLS,expert,DLS,225,0.171402
5,DMS-DLS,expert,DLS,226,0.007241
5,DMS-DLS,expert,DLS,227,0.074425
5,DMS-DLS,expert,DLS,228,0.598549
5,DMS-DLS,expert,DLS,229,0.176856
5,DMS-DLS,expert,DLS,230,0.12093
5,DMS-DLS,expert,DLS,231,0.636818
5,DMS-DLS,expert,DLS,232,0.070202
5,DMS-DLS,expert,DLS,233,0.082621
5,DMS-DLS,expert,DLS,234,0.150626
5,DMS-DLS,expert,DLS,235,0.063224
5,DMS-DLS,expert,DLS,236,0.139243
5,DMS-ACC,naive,DMS,0,0.643426
5,DMS-ACC,naive,DMS,1,0.055797
5,DMS-ACC,naive,DMS,2,0.68199
5,DMS-ACC,naive,DMS,3,0.067244
5,DMS-ACC,naive,DMS,4,0.636124
5,DMS-ACC,naive,DMS,5,0.598113
5,DMS-ACC,naive,DMS,6,0.065359
5,DMS-ACC,naive,DMS,7,0.617447
5,DMS-ACC,naive,DMS,8,0.252674
5,DMS-ACC,naive,DMS,9,0.784332
5,DMS-ACC,naive,DMS,10,0.0
5,DMS-ACC,naive,DMS,11,0.029988
5,DMS-ACC,naive,DMS,12,0.089416
5,DMS-ACC,naive,DMS,13,0.044882
5,DMS-ACC,naive,DMS,14,0.740398
5,DMS-ACC,naive,DMS,15,0.778016
5,DMS-ACC,naive,DMS,16,0.249237
5,DMS-ACC,naive,DMS,17,0.034528
5,DMS-ACC,naive,DMS,18,0.089191
5,DMS-ACC,naive,DMS,19,0.048958
5,DMS-ACC,naive,DMS,20,0.0431
5,DMS-ACC,naive,DMS,21,0.0
5,DMS-ACC,naive,DMS,22,3.6e-05
5,DMS-ACC,naive,DMS,23,0.099829
5,DMS-ACC,naive,DMS,24,0.001126
5,DMS-ACC,naive,DMS,25,0.17098
5,DMS-ACC,naive,DMS,26,0.178001
5,DMS-ACC,naive,DMS,27,0.50581
5,DMS-ACC,naive,DMS,28,0.724667
5,DMS-ACC,naive,DMS,29,0.011245
5,DMS-ACC,naive,DMS,30,0.137861
5,DMS-ACC,naive,DMS,31,0.0213
5,DMS-ACC,naive,DMS,32,0.656778
5,DMS-ACC,naive,DMS,33,0.766383
5,DMS-ACC,naive,DMS,34,0.052751
5,DMS-ACC,naive,DMS,35,0.081676
5,DMS-ACC,naive,DMS,36,0.584841
5,DMS-ACC,naive,DMS,37,0.163895
5,DMS-ACC,naive,DMS,38,0.002309
5,DMS-ACC,naive,DMS,39,0.023278
5,DMS-ACC,naive,DMS,40,0.666391
5,DMS-ACC,naive,DMS,41,0.396549
5,DMS-ACC,naive,DMS,42,0.025591
5,DMS-ACC,naive,DMS,43,0.049644
5,DMS-ACC,naive,DMS,44,0.759235
5,DMS-ACC,naive,DMS,45,0.726535
5,DMS-ACC,naive,DMS,46,0.480322
5,DMS-ACC,naive,DMS,47,0.490547
5,DMS-ACC,naive,DMS,48,0.55341
5,DMS-ACC,naive,DMS,49,0.438637
5,DMS-ACC,naive,DMS,50,0.701381
5,DMS-ACC,naive,DMS,51,0.158997
5,DMS-ACC,naive,DMS,52,0.036312
5,DMS-ACC,naive,DMS,53,0.164142
5,DMS-ACC,naive,DMS,54,0.603112
5,DMS-ACC,naive,ACC,0,0.044662
5,DMS-ACC,naive,ACC,1,0.073174
5,DMS-ACC,naive,ACC,2,0.103156
5,DMS-ACC,naive,ACC,3,0.116112
5,DMS-ACC,naive,ACC,4,0.009185
5,DMS-ACC,naive,ACC,5,0.027395
5,DMS-ACC,naive,ACC,6,0.046922
5,DMS-ACC,naive,ACC,7,0.03755
5,DMS-ACC,naive,ACC,8,0.055571
5,DMS-ACC,naive,ACC,9,0.054075
5,DMS-ACC,naive,ACC,10,0.011759
5,DMS-ACC,naive,ACC,11,0.077844
5,DMS-ACC,naive,ACC,12,0.049461
5,DMS-ACC,naive,ACC,13,0.013947
5,DMS-ACC,naive,ACC,14,0.032905
5,DMS-ACC,naive,ACC,15,0.019469
5,DMS-ACC,naive,ACC,16,0.123571
5,DMS-ACC,naive,ACC,17,0.030637
5,DMS-ACC,naive,ACC,18,0.069493
5,DMS-ACC,naive,ACC,19,0.017077
5,DMS-ACC,naive,ACC,20,0.616746
5,DMS-ACC,naive,ACC,21,0.707244
5,DMS-ACC,naive,ACC,22,0.066443
5,DMS-ACC,naive,ACC,23,0.027788
5,DMS-ACC,naive,ACC,24,0.04375
5,DMS-ACC,naive,ACC,25,0.084361
5,DMS-ACC,naive,ACC,26,0.040647
5,DMS-ACC,naive,ACC,27,0.050019
5,DMS-ACC,naive,ACC,28,0.19068
5,DMS-ACC,naive,ACC,29,0.166827
5,DMS-ACC,naive,ACC,30,0.069387
5,DMS-ACC,naive,ACC,31,0.012506
5,DMS-ACC,naive,ACC,32,0.056872
5,DMS-ACC,naive,ACC,33,0.282156
5,DMS-ACC,naive,ACC,34,0.054719
5,DMS-ACC,naive,ACC,35,0.119249
5,DMS-ACC,naive,ACC,36,0.164197
5,DMS-ACC,naive,ACC,37,0.056542
5,DMS-ACC,naive,ACC,38,0.027998
5,DMS-ACC,naive,ACC,39,0.208095
5,DMS-ACC,naive,ACC,40,0.014872
5,DMS-ACC,naive,ACC,41,0.032551
5,DMS-ACC,naive,ACC,42,0.581872
5,DMS-ACC,naive,ACC,43,0.002362
5,DMS-ACC,naive,ACC,44,0.656695
5,DMS-ACC,naive,ACC,45,0.03593
5,DMS-ACC,naive,ACC,46,0.146188
5,DMS-ACC,naive,ACC,47,0.071012
5,DMS-ACC,naive,ACC,48,0.032889
5,DMS-ACC,naive,ACC,49,0.076599
5,DMS-ACC,naive,ACC,50,0.026272
5,DMS-ACC,naive,ACC,51,0.061693
5,DMS-ACC,naive,ACC,52,0.02145
5,DMS-ACC,naive,ACC,53,0.078716
5,DMS-ACC,naive,ACC,54,0.066111
5,DMS-ACC,naive,ACC,55,0.040293
5,DMS-ACC,naive,ACC,56,0.027681
5,DMS-ACC,naive,ACC,57,0.120741
5,DMS-ACC,naive,ACC,58,0.004906
5,DMS-ACC,naive,ACC,59,0.120738
5,DMS-ACC,naive,ACC,60,0.052238
5,DMS-ACC,naive,ACC,61,0.058007
5,DMS-ACC,naive,ACC,62,0.155678
5,DMS-ACC,naive,ACC,63,0.039856
5,DMS-ACC,naive,ACC,64,0.008971
5,DMS-ACC,naive,ACC,65,0.038515
5,DMS-ACC,naive,ACC,66,0.405547
5,DMS-ACC,naive,ACC,67,0.077221
5,DMS-ACC,naive,ACC,68,0.097432
5,DMS-ACC,naive,ACC,69,0.028917
5,DMS-ACC,naive,ACC,70,0.025486
5,DMS-ACC,naive,ACC,71,0.04219
5,DMS-ACC,naive,ACC,72,0.015069
5,DMS-ACC,naive,ACC,73,0.047302
5,DMS-ACC,naive,ACC,74,0.02595
5,DMS-ACC,naive,ACC,75,0.030945
5,DMS-ACC,naive,ACC,76,0.046195
5,DMS-ACC,naive,ACC,77,0.093892
5,DMS-ACC,naive,ACC,78,0.075777
5,DMS-ACC,naive,ACC,79,0.117705
5,DMS-ACC,naive,ACC,80,0.082187
5,DMS-ACC,naive,ACC,81,0.114962
5,DMS-ACC,naive,ACC,82,0.109517
5,DMS-ACC,naive,ACC,83,0.010544
5,DMS-ACC,naive,ACC,84,0.358181
5,DMS-ACC,naive,ACC,85,0.065897
5,DMS-ACC,naive,ACC,86,0.332626
5,DMS-ACC,naive,ACC,87,0.055803
5,DMS-ACC,naive,ACC,88,0.061461
5,DMS-ACC,naive,ACC,89,0.051673
5,DMS-ACC,naive,ACC,90,0.051695
5,DMS-ACC,naive,ACC,91,0.212544
5,DMS-ACC,naive,ACC,92,0.163021
5,DMS-ACC,naive,ACC,93,0.0
5,DMS-ACC,naive,ACC,94,0.0
5,DMS-ACC,naive,ACC,95,0.067293
5,DMS-ACC,naive,ACC,96,0.581803
5,DMS-ACC,naive,ACC,97,0.034067
5,DMS-ACC,naive,ACC,98,0.0
5,DMS-ACC,naive,ACC,99,0.597202
5,DMS-ACC,naive,ACC,100,0.057027
5,DMS-ACC,naive,ACC,101,0.01593
5,DMS-ACC,naive,ACC,102,0.00857
5,DMS-ACC,naive,ACC,103,0.013609
5,DMS-ACC,naive,ACC,104,0.054186
5,DMS-ACC,naive,ACC,105,0.12517
5,DMS-ACC,naive,ACC,106,0.034617
5,DMS-ACC,naive,ACC,107,0.040046
5,DMS-ACC,naive,ACC,108,0.07128
5,DMS-ACC,naive,ACC,109,0.034348
5,DMS-ACC,naive,ACC,110,0.021455
5,DMS-ACC,naive,ACC,111,0.287124
5,DMS-ACC,naive,ACC,112,0.010611
5,DMS-ACC,naive,ACC,113,0.006308
5,DMS-ACC,naive,ACC,114,0.032418
5,DMS-ACC,naive,ACC,115,0.670109
5,DMS-ACC,naive,ACC,116,0.016682
5,DMS-ACC,naive,ACC,117,0.050352
5,DMS-ACC,naive,ACC,118,0.020277
5,DMS-ACC,naive,ACC,119,0.662123
5,DMS-ACC,naive,ACC,120,0.087031
5,DMS-ACC,naive,ACC,121,0.263929
5,DMS-ACC,naive,ACC,122,0.016923
5,DMS-ACC,naive,ACC,123,0.691032
5,DMS-ACC,naive,ACC,124,0.089723
5,DMS-ACC,naive,ACC,125,0.018077
5,DMS-ACC,naive,ACC,126,0.075134
5,DMS-ACC,naive,ACC,127,0.063588
5,DMS-ACC,naive,ACC,128,0.0
5,DMS-ACC,naive,ACC,129,0.023379
5,DMS-ACC,naive,ACC,130,0.151471
5,DMS-ACC,naive,ACC,131,0.058569
5,DMS-ACC,naive,ACC,132,0.104164
5,DMS-ACC,naive,ACC,133,0.027032
5,DMS-ACC,naive,ACC,134,0.176254
5,DMS-ACC,naive,ACC,135,0.048018
5,DMS-ACC,naive,ACC,136,0.095615
5,DMS-ACC,naive,ACC,137,0.264628
5,DMS-ACC,naive,ACC,138,0.044369
5,DMS-ACC,naive,ACC,139,0.016267
5,DMS-ACC,naive,ACC,140,0.047882
5,DMS-ACC,naive,ACC,141,0.057191
5,DMS-ACC,naive,ACC,142,0.047026
5,DMS-ACC,naive,ACC,143,0.084232
5,DMS-ACC,naive,ACC,144,0.000508
5,DMS-ACC,naive,ACC,145,0.059541
5,DMS-ACC,naive,ACC,146,0.031726
5,DMS-ACC,naive,ACC,147,0.037811
5,DMS-ACC,naive,ACC,148,0.575729
5,DMS-ACC,naive,ACC,149,0.0
5,DMS-ACC,naive,ACC,150,0.0
5,DMS-ACC,naive,ACC,151,0.00497
5,DMS-ACC,naive,ACC,152,0.04836
5,DMS-ACC,naive,ACC,153,0.706523
5,DMS-ACC,naive,ACC,154,0.672518
5,DMS-ACC,naive,ACC,155,0.692088
5,DMS-ACC,naive,ACC,156,0.079019
5,DMS-ACC,naive,ACC,157,0.037099
5,DMS-ACC,naive,ACC,158,0.035256
5,DMS-ACC,naive,ACC,159,0.075318
5,DMS-ACC,naive,ACC,160,0.006365
5,DMS-ACC,naive,ACC,161,0.634753
5,DMS-ACC,naive,ACC,162,0.532017
5,DMS-ACC,naive,ACC,163,0.033261
5,DMS-ACC,naive,ACC,164,0.198309
5,DMS-ACC,naive,ACC,165,0.003287
5,DMS-ACC,naive,ACC,166,0.012389
5,DMS-ACC,naive,ACC,167,0.003004
5,DMS-ACC,naive,ACC,168,0.038474
5,DMS-ACC,naive,ACC,169,0.044807
5,DMS-ACC,naive,ACC,170,0.2578
5,DMS-ACC,naive,ACC,171,0.039128
5,DMS-ACC,naive,ACC,172,0.655842
5,DMS-ACC,naive,ACC,173,0.075336
5,DMS-ACC,naive,ACC,174,0.148504
5,DMS-ACC,intermediate,DMS,0,0.601404
5,DMS-ACC,intermediate,DMS,1,0.799884
5,DMS-ACC,intermediate,DMS,2,0.763992
5,DMS-ACC,intermediate,DMS,3,0.812187
5,DMS-ACC,intermediate,DMS,4,0.856326
5,DMS-ACC,intermediate,DMS,5,0.113817
5,DMS-ACC,intermediate,DMS,6,0.905893
5,DMS-ACC,intermediate,DMS,7,0.024871
5,DMS-ACC,intermediate,DMS,8,0.423887
5,DMS-ACC,intermediate,DMS,9,0.484841
5,DMS-ACC,intermediate,DMS,10,0.301292
5,DMS-ACC,intermediate,DMS,11,0.08169
5,DMS-ACC,intermediate,DMS,12,0.245339
5,DMS-ACC,intermediate,DMS,13,0.044491
5,DMS-ACC,intermediate,DMS,14,0.245568
5,DMS-ACC,intermediate,DMS,15,0.086865
5,DMS-ACC,intermediate,DMS,16,0.0
5,DMS-ACC,intermediate,DMS,17,0.607172
5,DMS-ACC,intermediate,DMS,18,0.045691
5,DMS-ACC,intermediate,DMS,19,0.798471
5,DMS-ACC,intermediate,DMS,20,0.940326
5,DMS-ACC,intermediate,DMS,21,0.301339
5,DMS-ACC,intermediate,DMS,22,0.223045
5,DMS-ACC,intermediate,DMS,23,0.831306
5,DMS-ACC,intermediate,DMS,24,0.495228
5,DMS-ACC,intermediate,DMS,25,0.867833
5,DMS-ACC,intermediate,DMS,26,0.784203
5,DMS-ACC,intermediate,DMS,27,0.744813
5,DMS-ACC,intermediate,DMS,28,0.0
5,DMS-ACC,intermediate,DMS,29,0.061673
5,DMS-ACC,intermediate,DMS,30,0.104096
5,DMS-ACC,intermediate,DMS,31,0.118
5,DMS-ACC,intermediate,DMS,32,0.057982
5,DMS-ACC,intermediate,DMS,33,0.057968
5,DMS-ACC,intermediate,DMS,34,0.008406
5,DMS-ACC,intermediate,DMS,35,0.519923
5,DMS-ACC,intermediate,DMS,36,0.867466
5,DMS-ACC,intermediate,DMS,37,0.102923
5,DMS-ACC,intermediate,DMS,38,0.810923
5,DMS-ACC,intermediate,DMS,39,0.224241
5,DMS-ACC,intermediate,DMS,40,0.0
5,DMS-ACC,intermediate,DMS,41,0.85253
5,DMS-ACC,intermediate,DMS,42,0.011407
5,DMS-ACC,intermediate,DMS,43,0.323829
5,DMS-ACC,intermediate,DMS,44,0.15221
5,DMS-ACC,intermediate,DMS,45,0.876827
5,DMS-ACC,intermediate,DMS,46,0.011966
5,DMS-ACC,intermediate,DMS,47,0.366141
5,DMS-ACC,intermediate,DMS,48,0.009181
5,DMS-ACC,intermediate,DMS,49,0.088977
5,DMS-ACC,intermediate,DMS,50,0.020455
5,DMS-ACC,intermediate,DMS,51,0.06688
5,DMS-ACC,intermediate,DMS,52,0.100634
5,DMS-ACC,intermediate,DMS,53,0.561749
5,DMS-ACC,intermediate,DMS,54,0.013701
5,DMS-ACC,intermediate,ACC,0,0.093007
5,DMS-ACC,intermediate,ACC,1,0.055013
5,DMS-ACC,intermediate,ACC,2,0.091891
5,DMS-ACC,intermediate,ACC,3,0.058307
5,DMS-ACC,intermediate,ACC,4,0.605814
5,DMS-ACC,intermediate,ACC,5,0.082672
5,DMS-ACC,intermediate,ACC,6,0.062945
5,DMS-ACC,intermediate,ACC,7,0.073251
5,DMS-ACC,intermediate,ACC,8,0.082211
5,DMS-ACC,intermediate,ACC,9,0.075931
5,DMS-ACC,intermediate,ACC,10,0.697784
5,DMS-ACC,intermediate,ACC,11,0.084516
5,DMS-ACC,intermediate,ACC,12,0.047221
5,DMS-ACC,intermediate,ACC,13,0.047351
5,DMS-ACC,intermediate,ACC,14,0.049668
5,DMS-ACC,intermediate,ACC,15,0.629451
5,DMS-ACC,intermediate,ACC,16,0.143441
5,DMS-ACC,intermediate,ACC,17,0.118561
5,DMS-ACC,intermediate,ACC,18,0.126783
5,DMS-ACC,intermediate,ACC,19,0.048798
5,DMS-ACC,intermediate,ACC,20,0.034125
5,DMS-ACC,intermediate,ACC,21,0.0
5,DMS-ACC,intermediate,ACC,22,0.024581
5,DMS-ACC,intermediate,ACC,23,0.042756
5,DMS-ACC,intermediate,ACC,24,0.490142
5,DMS-ACC,intermediate,ACC,25,0.121723
5,DMS-ACC,intermediate,ACC,26,0.05937
5,DMS-ACC,intermediate,ACC,27,0.067183
5,DMS-ACC,intermediate,ACC,28,0.235203
5,DMS-ACC,intermediate,ACC,29,0.11623
5,DMS-ACC,intermediate,ACC,30,0.131185
5,DMS-ACC,intermediate,ACC,31,0.101858
5,DMS-ACC,intermediate,ACC,32,0.18952
5,DMS-ACC,intermediate,ACC,33,0.02009
5,DMS-ACC,intermediate,ACC,34,0.098357
5,DMS-ACC,intermediate,ACC,35,0.211895
5,DMS-ACC,intermediate,ACC,36,0.215885
5,DMS-ACC,intermediate,ACC,37,0.020304
5,DMS-ACC,intermediate,ACC,38,0.042742
5,DMS-ACC,intermediate,ACC,39,0.194453
5,DMS-ACC,intermediate,ACC,40,0.705958
5,DMS-ACC,intermediate,ACC,41,0.059011
5,DMS-ACC,intermediate,ACC,42,0.7218
5,DMS-ACC,intermediate,ACC,43,0.737831
5,DMS-ACC,intermediate,ACC,44,0.03148
5,DMS-ACC,intermediate,ACC,45,0.045085
5,DMS-ACC,intermediate,ACC,46,0.107203
5,DMS-ACC,intermediate,ACC,47,0.056069
5,DMS-ACC,intermediate,ACC,48,0.159496
5,DMS-ACC,intermediate,ACC,49,0.126655
5,DMS-ACC,intermediate,ACC,50,0.018254
5,DMS-ACC,intermediate,ACC,51,0.096406
5,DMS-ACC,intermediate,ACC,52,0.054649
5,DMS-ACC,intermediate,ACC,53,0.166208
5,DMS-ACC,intermediate,ACC,54,0.086976
5,DMS-ACC,intermediate,ACC,55,0.074123
5,DMS-ACC,intermediate,ACC,56,0.092404
5,DMS-ACC,intermediate,ACC,57,0.069296
5,DMS-ACC,intermediate,ACC,58,0.440565
5,DMS-ACC,intermediate,ACC,59,0.032845
5,DMS-ACC,intermediate,ACC,60,0.19071
5,DMS-ACC,intermediate,ACC,61,0.163046
5,DMS-ACC,intermediate,ACC,62,0.307924
5,DMS-ACC,intermediate,ACC,63,0.317214
5,DMS-ACC,intermediate,ACC,64,0.058601
5,DMS-ACC,intermediate,ACC,65,0.139008
5,DMS-ACC,intermediate,ACC,66,0.018151
5,DMS-ACC,intermediate,ACC,67,0.711424
5,DMS-ACC,intermediate,ACC,68,0.183452
5,DMS-ACC,intermediate,ACC,69,0.038553
5,DMS-ACC,intermediate,ACC,70,0.065237
5,DMS-ACC,intermediate,ACC,71,0.426429
5,DMS-ACC,intermediate,ACC,72,0.5462
5,DMS-ACC,intermediate,ACC,73,0.104814
5,DMS-ACC,intermediate,ACC,74,0.051166
5,DMS-ACC,intermediate,ACC,75,0.078204
5,DMS-ACC,intermediate,ACC,76,0.277423
5,DMS-ACC,intermediate,ACC,77,0.164093
5,DMS-ACC,intermediate,ACC,78,0.188757
5,DMS-ACC,intermediate,ACC,79,0.222147
5,DMS-ACC,intermediate,ACC,80,0.08087
5,DMS-ACC,intermediate,ACC,81,0.067758
5,DMS-ACC,intermediate,ACC,82,0.070517
5,DMS-ACC,intermediate,ACC,83,0.028974
5,DMS-ACC,intermediate,ACC,84,0.152206
5,DMS-ACC,intermediate,ACC,85,0.093739
5,DMS-ACC,intermediate,ACC,86,0.158256
5,DMS-ACC,intermediate,ACC,87,0.018733
5,DMS-ACC,intermediate,ACC,88,0.017338
5,DMS-ACC,intermediate,ACC,89,0.070427
5,DMS-ACC,intermediate,ACC,90,0.05183
5,DMS-ACC,intermediate,ACC,91,0.017751
5,DMS-ACC,intermediate,ACC,92,0.085915
5,DMS-ACC,intermediate,ACC,93,0.011435
5,DMS-ACC,intermediate,ACC,94,0.0
5,DMS-ACC,intermediate,ACC,95,0.047496
5,DMS-ACC,intermediate,ACC,96,0.691727
5,DMS-ACC,intermediate,ACC,97,0.097386
5,DMS-ACC,intermediate,ACC,98,0.412093
5,DMS-ACC,intermediate,ACC,99,0.006754
5,DMS-ACC,intermediate,ACC,100,0.016844
5,DMS-ACC,intermediate,ACC,101,0.131196
5,DMS-ACC,intermediate,ACC,102,0.671103
5,DMS-ACC,intermediate,ACC,103,0.706895
5,DMS-ACC,intermediate,ACC,104,0.096576
5,DMS-ACC,intermediate,ACC,105,0.017681
5,DMS-ACC,intermediate,ACC,106,0.015064
5,DMS-ACC,intermediate,ACC,107,0.014478
5,DMS-ACC,intermediate,ACC,108,0.029677
5,DMS-ACC,intermediate,ACC,109,0.021413
5,DMS-ACC,intermediate,ACC,110,0.0
5,DMS-ACC,intermediate,ACC,111,0.015231
5,DMS-ACC,intermediate,ACC,112,0.037849
5,DMS-ACC,intermediate,ACC,113,0.166697
5,DMS-ACC,intermediate,ACC,114,0.082833
5,DMS-ACC,intermediate,ACC,115,0.009165
5,DMS-ACC,intermediate,ACC,116,0.557317
5,DMS-ACC,intermediate,ACC,117,0.045948
5,DMS-ACC,intermediate,ACC,118,0.097738
5,DMS-ACC,intermediate,ACC,119,0.5911
5,DMS-ACC,intermediate,ACC,120,0.129864
5,DMS-ACC,intermediate,ACC,121,0.064039
5,DMS-ACC,intermediate,ACC,122,0.021541
5,DMS-ACC,intermediate,ACC,123,0.043472
5,DMS-ACC,intermediate,ACC,124,0.67503
5,DMS-ACC,intermediate,ACC,125,0.346982
5,DMS-ACC,intermediate,ACC,126,0.061621
5,DMS-ACC,intermediate,ACC,127,0.106601
5,DMS-ACC,intermediate,ACC,128,0.0
5,DMS-ACC,intermediate,ACC,129,0.003821
5,DMS-ACC,intermediate,ACC,130,0.715784
5,DMS-ACC,intermediate,ACC,131,0.083395
5,DMS-ACC,intermediate,ACC,132,0.081573
5,DMS-ACC,intermediate,ACC,133,0.028203
5,DMS-ACC,intermediate,ACC,134,0.083568
5,DMS-ACC,intermediate,ACC,135,0.199762
5,DMS-ACC,intermediate,ACC,136,0.117429
5,DMS-ACC,intermediate,ACC,137,0.117619
5,DMS-ACC,intermediate,ACC,138,0.086605
5,DMS-ACC,intermediate,ACC,139,0.061984
5,DMS-ACC,intermediate,ACC,140,0.062175
5,DMS-ACC,intermediate,ACC,141,0.033273
5,DMS-ACC,intermediate,ACC,142,0.02859
5,DMS-ACC,intermediate,ACC,143,0.076102
5,DMS-ACC,intermediate,ACC,144,0.027433
5,DMS-ACC,intermediate,ACC,145,0.086035
5,DMS-ACC,intermediate,ACC,146,0.19627
5,DMS-ACC,intermediate,ACC,147,0.126904
5,DMS-ACC,intermediate,ACC,148,0.145229
5,DMS-ACC,intermediate,ACC,149,0.0
5,DMS-ACC,intermediate,ACC,150,0.0
5,DMS-ACC,intermediate,ACC,151,0.723571
5,DMS-ACC,intermediate,ACC,152,0.043428
5,DMS-ACC,intermediate,ACC,153,0.244022
5,DMS-ACC,intermediate,ACC,154,0.040912
5,DMS-ACC,intermediate,ACC,155,0.074962
5,DMS-ACC,intermediate,ACC,156,0.030124
5,DMS-ACC,intermediate,ACC,157,0.045697
5,DMS-ACC,intermediate,ACC,158,0.130449
5,DMS-ACC,intermediate,ACC,159,0.180198
5,DMS-ACC,intermediate,ACC,160,0.376902
5,DMS-ACC,intermediate,ACC,161,0.031997
5,DMS-ACC,intermediate,ACC,162,0.008491
5,DMS-ACC,intermediate,ACC,163,0.663227
5,DMS-ACC,intermediate,ACC,164,0.038727
5,DMS-ACC,intermediate,ACC,165,0.186779
5,DMS-ACC,intermediate,ACC,166,0.258878
5,DMS-ACC,intermediate,ACC,167,0.107496
5,DMS-ACC,intermediate,ACC,168,0.161625
5,DMS-ACC,intermediate,ACC,169,0.029856
5,DMS-ACC,intermediate,ACC,170,0.147763
5,DMS-ACC,intermediate,ACC,171,0.033224
5,DMS-ACC,intermediate,ACC,172,0.023837
5,DMS-ACC,intermediate,ACC,173,0.262442
5,DMS-ACC,intermediate,ACC,174,0.170646
5,DMS-ACC,expert,DMS,0,0.384987
5,DMS-ACC,expert,DMS,1,0.188239
5,DMS-ACC,expert,DMS,2,0.039104
5,DMS-ACC,expert,DMS,3,0.870223
5,DMS-ACC,expert,DMS,4,0.089006
5,DMS-ACC,expert,DMS,5,0.154171
5,DMS-ACC,expert,DMS,6,0.877278
5,DMS-ACC,expert,DMS,7,0.039056
5,DMS-ACC,expert,DMS,8,0.229469
5,DMS-ACC,expert,DMS,9,0.252056
5,DMS-ACC,expert,DMS,10,0.0
5,DMS-ACC,expert,DMS,11,0.873597
5,DMS-ACC,expert,DMS,12,0.730378
5,DMS-ACC,expert,DMS,13,0.886654
5,DMS-ACC,expert,DMS,14,0.93112
5,DMS-ACC,expert,DMS,15,0.564363
5,DMS-ACC,expert,DMS,16,0.010584
5,DMS-ACC,expert,DMS,17,0.041083
5,DMS-ACC,expert,DMS,18,0.159102
5,DMS-ACC,expert,DMS,19,0.903982
5,DMS-ACC,expert,DMS,20,0.9493
5,DMS-ACC,expert,DMS,21,0.0
5,DMS-ACC,expert,DMS,22,0.0
5,DMS-ACC,expert,DMS,23,0.049453
5,DMS-ACC,expert,DMS,24,0.764796
5,DMS-ACC,expert,DMS,25,0.866851
5,DMS-ACC,expert,DMS,26,0.046425
5,DMS-ACC,expert,DMS,27,0.040843
5,DMS-ACC,expert,DMS,28,0.213246
5,DMS-ACC,expert,DMS,29,0.893058
5,DMS-ACC,expert,DMS,30,0.761596
5,DMS-ACC,expert,DMS,31,0.690665
5,DMS-ACC,expert,DMS,32,0.021342
5,DMS-ACC,expert,DMS,33,0.95751
5,DMS-ACC,expert,DMS,34,0.179338
5,DMS-ACC,expert,DMS,35,0.781057
5,DMS-ACC,expert,DMS,36,0.0
5,DMS-ACC,expert,DMS,37,0.0
5,DMS-ACC,expert,DMS,38,0.875043
5,DMS-ACC,expert,DMS,39,0.060497
5,DMS-ACC,expert,DMS,40,0.0
5,DMS-ACC,expert,DMS,41,0.04265
5,DMS-ACC,expert,DMS,42,0.0
5,DMS-ACC,expert,DMS,43,0.0
5,DMS-ACC,expert,DMS,44,0.879877
5,DMS-ACC,expert,DMS,45,0.88594
5,DMS-ACC,expert,DMS,46,0.050812
5,DMS-ACC,expert,DMS,47,0.090725
5,DMS-ACC,expert,DMS,48,0.045691
5,DMS-ACC,expert,DMS,49,0.658847
5,DMS-ACC,expert,DMS,50,0.117444
5,DMS-ACC,expert,DMS,51,0.985008
5,DMS-ACC,expert,DMS,52,0.978117
5,DMS-ACC,expert,DMS,53,0.037791
5,DMS-ACC,expert,DMS,54,0.006116
5,DMS-ACC,expert,ACC,0,0.047689
5,DMS-ACC,expert,ACC,1,0.050487
5,DMS-ACC,expert,ACC,2,0.079906
5,DMS-ACC,expert,ACC,3,0.104463
5,DMS-ACC,expert,ACC,4,0.087585
5,DMS-ACC,expert,ACC,5,0.060864
5,DMS-ACC,expert,ACC,6,0.034007
5,DMS-ACC,expert,ACC,7,0.045278
5,DMS-ACC,expert,ACC,8,0.058919
5,DMS-ACC,expert,ACC,9,0.038069
5,DMS-ACC,expert,ACC,10,0.128619
5,DMS-ACC,expert,ACC,11,0.040288
5,DMS-ACC,expert,ACC,12,0.052471
5,DMS-ACC,expert,ACC,13,0.064486
5,DMS-ACC,expert,ACC,14,0.043192
5,DMS-ACC,expert,ACC,15,0.041544
5,DMS-ACC,expert,ACC,16,0.189814
5,DMS-ACC,expert,ACC,17,0.063313
5,DMS-ACC,expert,ACC,18,0.094065
5,DMS-ACC,expert,ACC,19,0.055684
5,DMS-ACC,expert,ACC,20,0.0487
5,DMS-ACC,expert,ACC,21,0.005763
5,DMS-ACC,expert,ACC,22,0.050261
5,DMS-ACC,expert,ACC,23,0.042576
5,DMS-ACC,expert,ACC,24,0.039019
5,DMS-ACC,expert,ACC,25,0.082293
5,DMS-ACC,expert,ACC,26,0.061979
5,DMS-ACC,expert,ACC,27,0.061611
5,DMS-ACC,expert,ACC,28,0.154089
5,DMS-ACC,expert,ACC,29,0.032057
5,DMS-ACC,expert,ACC,30,0.0554
5,DMS-ACC,expert,ACC,31,0.098394
5,DMS-ACC,expert,ACC,32,0.182793
5,DMS-ACC,expert,ACC,33,0.014699
5,DMS-ACC,expert,ACC,34,0.036054
5,DMS-ACC,expert,ACC,35,0.123972
5,DMS-ACC,expert,ACC,36,0.085477
5,DMS-ACC,expert,ACC,37,0.023894
5,DMS-ACC,expert,ACC,38,0.626537
5,DMS-ACC,expert,ACC,39,0.120705
5,DMS-ACC,expert,ACC,40,0.015905
5,DMS-ACC,expert,ACC,41,0.0659
5,DMS-ACC,expert,ACC,42,0.032644
5,DMS-ACC,expert,ACC,43,0.108676
5,DMS-ACC,expert,ACC,44,0.097056
5,DMS-ACC,expert,ACC,45,0.113969
5,DMS-ACC,expert,ACC,46,0.049316
5,DMS-ACC,expert,ACC,47,0.054943
5,DMS-ACC,expert,ACC,48,0.081483
5,DMS-ACC,expert,ACC,49,0.03901
5,DMS-ACC,expert,ACC,50,0.106697
5,DMS-ACC,expert,ACC,51,0.100041
5,DMS-ACC,expert,ACC,52,0.080086
5,DMS-ACC,expert,ACC,53,0.111686
5,DMS-ACC,expert,ACC,54,0.079205
5,DMS-ACC,expert,ACC,55,0.057293
5,DMS-ACC,expert,ACC,56,0.076529
5,DMS-ACC,expert,ACC,57,0.050278
5,DMS-ACC,expert,ACC,58,0.656413
5,DMS-ACC,expert,ACC,59,0.052044
5,DMS-ACC,expert,ACC,60,0.084557
5,DMS-ACC,expert,ACC,61,0.134211
5,DMS-ACC,expert,ACC,62,0.094633
5,DMS-ACC,expert,ACC,63,0.153363
5,DMS-ACC,expert,ACC,64,0.105651
5,DMS-ACC,expert,ACC,65,0.073249
5,DMS-ACC,expert,ACC,66,0.028468
5,DMS-ACC,expert,ACC,67,0.059525
5,DMS-ACC,expert,ACC,68,0.201044
5,DMS-ACC,expert,ACC,69,0.047767
5,DMS-ACC,expert,ACC,70,0.238846
5,DMS-ACC,expert,ACC,71,0.534601
5,DMS-ACC,expert,ACC,72,0.20877
5,DMS-ACC,expert,ACC,73,0.058902
5,DMS-ACC,expert,ACC,74,0.079459
5,DMS-ACC,expert,ACC,75,0.315837
5,DMS-ACC,expert,ACC,76,0.072475
5,DMS-ACC,expert,ACC,77,0.185216
5,DMS-ACC,expert,ACC,78,0.637652
5,DMS-ACC,expert,ACC,79,0.056727
5,DMS-ACC,expert,ACC,80,0.063282
5,DMS-ACC,expert,ACC,81,0.052099
5,DMS-ACC,expert,ACC,82,0.041121
5,DMS-ACC,expert,ACC,83,0.587912
5,DMS-ACC,expert,ACC,84,0.424262
5,DMS-ACC,expert,ACC,85,0.105508
5,DMS-ACC,expert,ACC,86,0.462658
5,DMS-ACC,expert,ACC,87,0.147622
5,DMS-ACC,expert,ACC,88,0.533899
5,DMS-ACC,expert,ACC,89,0.57888
5,DMS-ACC,expert,ACC,90,0.01143
5,DMS-ACC,expert,ACC,91,0.105629
5,DMS-ACC,expert,ACC,92,0.101409
5,DMS-ACC,expert,ACC,93,0.069167
5,DMS-ACC,expert,ACC,94,0.068948
5,DMS-ACC,expert,ACC,95,0.244203
5,DMS-ACC,expert,ACC,96,0.0
5,DMS-ACC,expert,ACC,97,0.080623
5,DMS-ACC,expert,ACC,98,0.087118
5,DMS-ACC,expert,ACC,99,0.323189
5,DMS-ACC,expert,ACC,100,0.575016
5,DMS-ACC,expert,ACC,101,0.025834
5,DMS-ACC,expert,ACC,102,0.135835
5,DMS-ACC,expert,ACC,103,0.097424
5,DMS-ACC,expert,ACC,104,0.038048
5,DMS-ACC,expert,ACC,105,0.015162
5,DMS-ACC,expert,ACC,106,0.041497
5,DMS-ACC,expert,ACC,107,0.027007
5,DMS-ACC,expert,ACC,108,0.059227
5,DMS-ACC,expert,ACC,109,0.024174
5,DMS-ACC,expert,ACC,110,0.0
5,DMS-ACC,expert,ACC,111,0.01517
5,DMS-ACC,expert,ACC,112,0.0
5,DMS-ACC,expert,ACC,113,0.354869
5,DMS-ACC,expert,ACC,114,0.027953
5,DMS-ACC,expert,ACC,115,0.008851
5,DMS-ACC,expert,ACC,116,0.050299
5,DMS-ACC,expert,ACC,117,0.02254
5,DMS-ACC,expert,ACC,118,0.043593
5,DMS-ACC,expert,ACC,119,0.617093
5,DMS-ACC,expert,ACC,120,0.072801
5,DMS-ACC,expert,ACC,121,0.612352
5,DMS-ACC,expert,ACC,122,0.668522
5,DMS-ACC,expert,ACC,123,0.636602
5,DMS-ACC,expert,ACC,124,0.037626
5,DMS-ACC,expert,ACC,125,0.032711
5,DMS-ACC,expert,ACC,126,0.08496
5,DMS-ACC,expert,ACC,127,0.150699
5,DMS-ACC,expert,ACC,128,0.0
5,DMS-ACC,expert,ACC,129,0.003649
5,DMS-ACC,expert,ACC,130,0.095047
5,DMS-ACC,expert,ACC,131,0.036426
5,DMS-ACC,expert,ACC,132,0.054596
5,DMS-ACC,expert,ACC,133,0.027419
5,DMS-ACC,expert,ACC,134,0.062537
5,DMS-ACC,expert,ACC,135,0.205607
5,DMS-ACC,expert,ACC,136,0.112687
5,DMS-ACC,expert,ACC,137,0.221939
5,DMS-ACC,expert,ACC,138,0.114216
5,DMS-ACC,expert,ACC,139,0.593283
5,DMS-ACC,expert,ACC,140,0.071798
5,DMS-ACC,expert,ACC,141,0.15234
5,DMS-ACC,expert,ACC,142,0.143758
5,DMS-ACC,expert,ACC,143,0.096394
5,DMS-ACC,expert,ACC,144,0.003794
5,DMS-ACC,expert,ACC,145,0.606932
5,DMS-ACC,expert,ACC,146,0.044798
5,DMS-ACC,expert,ACC,147,0.080787
5,DMS-ACC,expert,ACC,148,0.027742
5,DMS-ACC,expert,ACC,149,0.035885
5,DMS-ACC,expert,ACC,150,0.180045
5,DMS-ACC,expert,ACC,151,0.013379
5,DMS-ACC,expert,ACC,152,0.077625
5,DMS-ACC,expert,ACC,153,0.012815
5,DMS-ACC,expert,ACC,154,0.064655
5,DMS-ACC,expert,ACC,155,0.020431
5,DMS-ACC,expert,ACC,156,0.024427
5,DMS-ACC,expert,ACC,157,0.077646
5,DMS-ACC,expert,ACC,158,0.594996
5,DMS-ACC,expert,ACC,159,0.104524
5,DMS-ACC,expert,ACC,160,0.118102
5,DMS-ACC,expert,ACC,161,0.044298
5,DMS-ACC,expert,ACC,162,0.115927
5,DMS-ACC,expert,ACC,163,0.040665
5,DMS-ACC,expert,ACC,164,0.009711
5,DMS-ACC,expert,ACC,165,0.601047
5,DMS-ACC,expert,ACC,166,0.670804
5,DMS-ACC,expert,ACC,167,0.091282
5,DMS-ACC,expert,ACC,168,0.016875
5,DMS-ACC,expert,ACC,169,0.03689
5,DMS-ACC,expert,ACC,170,0.170998
5,DMS-ACC,expert,ACC,171,0.097772
5,DMS-ACC,expert,ACC,172,0.034955
5,DMS-ACC,expert,ACC,173,0.584621
5,DMS-ACC,expert,ACC,174,0.041339
5,DLS-ACC,naive,DLS,0,0.018411
5,DLS-ACC,naive,DLS,1,0.1283
5,DLS-ACC,naive,DLS,2,0.037724
5,DLS-ACC,naive,DLS,3,0.080359
5,DLS-ACC,naive,DLS,4,0.011569
5,DLS-ACC,naive,DLS,5,0.005236
5,DLS-ACC,naive,DLS,6,0.043908
5,DLS-ACC,naive,DLS,7,0.074734
5,DLS-ACC,naive,DLS,8,0.110139
5,DLS-ACC,naive,DLS,9,0.05234
5,DLS-ACC,naive,DLS,10,0.0
5,DLS-ACC,naive,DLS,11,0.009454
5,DLS-ACC,naive,DLS,12,0.114496
5,DLS-ACC,naive,DLS,13,0.163982
5,DLS-ACC,naive,DLS,14,0.097171
5,DLS-ACC,naive,DLS,15,0.0
5,DLS-ACC,naive,DLS,16,0.090017
5,DLS-ACC,naive,DLS,17,0.033441
5,DLS-ACC,naive,DLS,18,0.086949
5,DLS-ACC,naive,DLS,19,0.015224
5,DLS-ACC,naive,DLS,20,0.419765
5,DLS-ACC,naive,DLS,21,0.086842
5,DLS-ACC,naive,DLS,22,0.480295
5,DLS-ACC,naive,DLS,23,0.0
5,DLS-ACC,naive,DLS,24,0.063437
5,DLS-ACC,naive,DLS,25,0.038267
5,DLS-ACC,naive,DLS,26,0.0
5,DLS-ACC,naive,DLS,27,0.030124
5,DLS-ACC,naive,DLS,28,0.376172
5,DLS-ACC,naive,DLS,29,0.400383
5,DLS-ACC,naive,DLS,30,0.065969
5,DLS-ACC,naive,DLS,31,0.022145
5,DLS-ACC,naive,DLS,32,0.033025
5,DLS-ACC,naive,DLS,33,0.072804
5,DLS-ACC,naive,DLS,34,0.053808
5,DLS-ACC,naive,DLS,35,0.037065
5,DLS-ACC,naive,DLS,36,0.062814
5,DLS-ACC,naive,DLS,37,0.049507
5,DLS-ACC,naive,DLS,38,0.031351
5,DLS-ACC,naive,DLS,39,0.006772
5,DLS-ACC,naive,DLS,40,0.0
5,DLS-ACC,naive,DLS,41,0.021481
5,DLS-ACC,naive,DLS,42,0.038496
5,DLS-ACC,naive,DLS,43,0.042091
5,DLS-ACC,naive,DLS,44,0.040964
5,DLS-ACC,naive,DLS,45,0.044405
5,DLS-ACC,naive,DLS,46,0.061148
5,DLS-ACC,naive,DLS,47,0.0197
5,DLS-ACC,naive,DLS,48,0.079976
5,DLS-ACC,naive,DLS,49,0.02075
5,DLS-ACC,naive,DLS,50,0.082216
5,DLS-ACC,naive,DLS,51,0.07341
5,DLS-ACC,naive,DLS,52,0.077896
5,DLS-ACC,naive,DLS,53,0.019514
5,DLS-ACC,naive,DLS,54,0.019599
5,DLS-ACC,naive,DLS,55,0.026676
5,DLS-ACC,naive,DLS,56,0.096544
5,DLS-ACC,naive,DLS,57,0.063826
5,DLS-ACC,naive,DLS,58,0.097552
5,DLS-ACC,naive,DLS,59,0.045849
5,DLS-ACC,naive,DLS,60,0.256224
5,DLS-ACC,naive,DLS,61,0.070715
5,DLS-ACC,naive,DLS,62,0.033983
5,DLS-ACC,naive,DLS,63,0.08118
5,DLS-ACC,naive,DLS,64,0.074497
5,DLS-ACC,naive,DLS,65,0.071275
5,DLS-ACC,naive,DLS,66,0.089676
5,DLS-ACC,naive,DLS,67,0.009644
5,DLS-ACC,naive,DLS,68,0.104816
5,DLS-ACC,naive,DLS,69,0.026051
5,DLS-ACC,naive,DLS,70,0.075769
5,DLS-ACC,naive,DLS,71,0.064737
5,DLS-ACC,naive,DLS,72,0.063058
5,DLS-ACC,naive,DLS,73,0.026708
5,DLS-ACC,naive,DLS,74,0.347258
5,DLS-ACC,naive,DLS,75,0.015704
5,DLS-ACC,naive,DLS,76,0.267114
5,DLS-ACC,naive,DLS,77,0.133106
5,DLS-ACC,naive,DLS,78,0.041962
5,DLS-ACC,naive,DLS,79,0.039449
5,DLS-ACC,naive,DLS,80,0.084761
5,DLS-ACC,naive,DLS,81,0.364655
5,DLS-ACC,naive,DLS,82,0.038002
5,DLS-ACC,naive,DLS,83,0.393192
5,DLS-ACC,naive,DLS,84,0.0
5,DLS-ACC,naive,DLS,85,0.082727
5,DLS-ACC,naive,DLS,86,0.129613
5,DLS-ACC,naive,DLS,87,0.09435
5,DLS-ACC,naive,DLS,88,0.008857
5,DLS-ACC,naive,DLS,89,0.039148
5,DLS-ACC,naive,DLS,90,0.094311
5,DLS-ACC,naive,DLS,91,0.029421
5,DLS-ACC,naive,DLS,92,0.002503
5,DLS-ACC,naive,DLS,93,0.029464
5,DLS-ACC,naive,DLS,94,0.008546
5,DLS-ACC,naive,DLS,95,0.061249
5,DLS-ACC,naive,DLS,96,0.01285
5,DLS-ACC,naive,DLS,97,0.041432
5,DLS-ACC,naive,DLS,98,0.39659
5,DLS-ACC,naive,DLS,99,0.064493
5,DLS-ACC,naive,DLS,100,0.065086
5,DLS-ACC,naive,DLS,101,0.146945
5,DLS-ACC,naive,DLS,102,0.0
5,DLS-ACC,naive,DLS,103,0.137819
5,DLS-ACC,naive,DLS,104,0.039187
5,DLS-ACC,naive,DLS,105,0.018275
5,DLS-ACC,naive,DLS,106,0.027695
5,DLS-ACC,naive,DLS,107,0.051122
5,DLS-ACC,naive,DLS,108,0.029797
5,DLS-ACC,naive,DLS,109,0.036202
5,DLS-ACC,naive,DLS,110,0.022596
5,DLS-ACC,naive,DLS,111,0.546417
5,DLS-ACC,naive,DLS,112,0.006882
5,DLS-ACC,naive,DLS,113,0.051691
5,DLS-ACC,naive,DLS,114,0.001984
5,DLS-ACC,naive,DLS,115,0.0
5,DLS-ACC,naive,DLS,116,0.025342
5,DLS-ACC,naive,DLS,117,0.010595
5,DLS-ACC,naive,DLS,118,0.022004
5,DLS-ACC,naive,DLS,119,0.025554
5,DLS-ACC,naive,DLS,120,0.069762
5,DLS-ACC,naive,DLS,121,0.0
5,DLS-ACC,naive,DLS,122,0.10429
5,DLS-ACC,naive,DLS,123,0.106867
5,DLS-ACC,naive,DLS,124,0.016535
5,DLS-ACC,naive,DLS,125,0.103219
5,DLS-ACC,naive,DLS,126,0.032315
5,DLS-ACC,naive,DLS,127,0.054815
5,DLS-ACC,naive,DLS,128,0.033693
5,DLS-ACC,naive,DLS,129,0.043901
5,DLS-ACC,naive,DLS,130,0.500593
5,DLS-ACC,naive,DLS,131,0.03715
5,DLS-ACC,naive,DLS,132,0.012936
5,DLS-ACC,naive,DLS,133,0.067452
5,DLS-ACC,naive,DLS,134,0.0
5,DLS-ACC,naive,DLS,135,0.01934
5,DLS-ACC,naive,DLS,136,0.012845
5,DLS-ACC,naive,DLS,137,0.0
5,DLS-ACC,naive,DLS,138,0.066485
5,DLS-ACC,naive,DLS,139,0.022204
5,DLS-ACC,naive,DLS,140,0.055706
5,DLS-ACC,naive,DLS,141,0.01408
5,DLS-ACC,naive,DLS,142,0.005446
5,DLS-ACC,naive,DLS,143,0.00403
5,DLS-ACC,naive,DLS,144,0.027608
5,DLS-ACC,naive,DLS,145,0.016844
5,DLS-ACC,naive,DLS,146,0.0
5,DLS-ACC,naive,DLS,147,0.0
5,DLS-ACC,naive,DLS,148,0.012488
5,DLS-ACC,naive,DLS,149,0.01625
5,DLS-ACC,naive,DLS,150,0.0
5,DLS-ACC,naive,DLS,151,0.0
5,DLS-ACC,naive,DLS,152,0.091318
5,DLS-ACC,naive,DLS,153,0.0
5,DLS-ACC,naive,DLS,154,0.036486
5,DLS-ACC,naive,DLS,155,0.05599
5,DLS-ACC,naive,DLS,156,0.039637
5,DLS-ACC,naive,DLS,157,0.040705
5,DLS-ACC,naive,DLS,158,0.022386
5,DLS-ACC,naive,DLS,159,0.072233
5,DLS-ACC,naive,DLS,160,0.033337
5,DLS-ACC,naive,DLS,161,0.06613
5,DLS-ACC,naive,DLS,162,0.003008
5,DLS-ACC,naive,DLS,163,0.003941
5,DLS-ACC,naive,DLS,164,0.011764
5,DLS-ACC,naive,DLS,165,0.007223
5,DLS-ACC,naive,DLS,166,0.029406
5,DLS-ACC,naive,DLS,167,0.025756
5,DLS-ACC,naive,DLS,168,0.001582
5,DLS-ACC,naive,DLS,169,0.006801
5,DLS-ACC,naive,DLS,170,0.478164
5,DLS-ACC,naive,DLS,171,0.545606
5,DLS-ACC,naive,DLS,172,0.077453
5,DLS-ACC,naive,DLS,173,0.308117
5,DLS-ACC,naive,DLS,174,0.316109
5,DLS-ACC,naive,DLS,175,1e-06
5,DLS-ACC,naive,DLS,176,0.0
5,DLS-ACC,naive,DLS,177,0.0
5,DLS-ACC,naive,DLS,178,0.01221
5,DLS-ACC,naive,DLS,179,0.0
5,DLS-ACC,naive,DLS,180,0.043636
5,DLS-ACC,naive,DLS,181,0.113971
5,DLS-ACC,naive,DLS,182,0.011954
5,DLS-ACC,naive,DLS,183,0.004892
5,DLS-ACC,naive,DLS,184,0.00136
5,DLS-ACC,naive,DLS,185,0.498968
5,DLS-ACC,naive,DLS,186,0.016609
5,DLS-ACC,naive,DLS,187,0.041814
5,DLS-ACC,naive,DLS,188,0.08335
5,DLS-ACC,naive,DLS,189,0.020644
5,DLS-ACC,naive,DLS,190,0.036763
5,DLS-ACC,naive,DLS,191,0.053723
5,DLS-ACC,naive,DLS,192,0.043505
5,DLS-ACC,naive,DLS,193,0.556635
5,DLS-ACC,naive,DLS,194,0.053639
5,DLS-ACC,naive,DLS,195,0.04208
5,DLS-ACC,naive,DLS,196,0.012306
5,DLS-ACC,naive,DLS,197,0.27162
5,DLS-ACC,naive,DLS,198,0.509154
5,DLS-ACC,naive,DLS,199,0.274341
5,DLS-ACC,naive,DLS,200,0.528626
5,DLS-ACC,naive,DLS,201,0.376847
5,DLS-ACC,naive,DLS,202,0.023103
5,DLS-ACC,naive,DLS,203,0.538425
5,DLS-ACC,naive,DLS,204,0.014416
5,DLS-ACC,naive,DLS,205,0.004898
5,DLS-ACC,naive,DLS,206,0.33077
5,DLS-ACC,naive,DLS,207,0.336846
5,DLS-ACC,naive,DLS,208,0.026766
5,DLS-ACC,naive,DLS,209,0.032474
5,DLS-ACC,naive,DLS,210,0.062385
5,DLS-ACC,naive,DLS,211,0.507197
5,DLS-ACC,naive,DLS,212,0.200293
5,DLS-ACC,naive,DLS,213,0.032958
5,DLS-ACC,naive,DLS,214,0.040358
5,DLS-ACC,naive,DLS,215,0.045114
5,DLS-ACC,naive,DLS,216,0.027699
5,DLS-ACC,naive,DLS,217,0.101929
5,DLS-ACC,naive,DLS,218,0.027212
5,DLS-ACC,naive,DLS,219,0.019811
5,DLS-ACC,naive,DLS,220,0.030904
5,DLS-ACC,naive,DLS,221,0.115607
5,DLS-ACC,naive,DLS,222,0.028985
5,DLS-ACC,naive,DLS,223,0.396685
5,DLS-ACC,naive,DLS,224,0.024159
5,DLS-ACC,naive,DLS,225,0.097821
5,DLS-ACC,naive,DLS,226,0.025137
5,DLS-ACC,naive,DLS,227,0.002338
5,DLS-ACC,naive,DLS,228,0.014467
5,DLS-ACC,naive,DLS,229,0.146346
5,DLS-ACC,naive,DLS,230,0.11675
5,DLS-ACC,naive,DLS,231,0.01456
5,DLS-ACC,naive,DLS,232,0.034028
5,DLS-ACC,naive,DLS,233,0.047608
5,DLS-ACC,naive,DLS,234,0.008978
5,DLS-ACC,naive,DLS,235,0.023168
5,DLS-ACC,naive,DLS,236,0.009269
5,DLS-ACC,naive,ACC,0,0.044662
5,DLS-ACC,naive,ACC,1,0.073174
5,DLS-ACC,naive,ACC,2,0.103156
5,DLS-ACC,naive,ACC,3,0.116112
5,DLS-ACC,naive,ACC,4,0.009185
5,DLS-ACC,naive,ACC,5,0.027395
5,DLS-ACC,naive,ACC,6,0.046922
5,DLS-ACC,naive,ACC,7,0.03755
5,DLS-ACC,naive,ACC,8,0.055571
5,DLS-ACC,naive,ACC,9,0.054075
5,DLS-ACC,naive,ACC,10,0.011759
5,DLS-ACC,naive,ACC,11,0.077844
5,DLS-ACC,naive,ACC,12,0.049461
5,DLS-ACC,naive,ACC,13,0.013947
5,DLS-ACC,naive,ACC,14,0.032905
5,DLS-ACC,naive,ACC,15,0.019469
5,DLS-ACC,naive,ACC,16,0.123571
5,DLS-ACC,naive,ACC,17,0.030637
5,DLS-ACC,naive,ACC,18,0.069493
5,DLS-ACC,naive,ACC,19,0.017077
5,DLS-ACC,naive,ACC,20,0.616746
5,DLS-ACC,naive,ACC,21,0.707244
5,DLS-ACC,naive,ACC,22,0.066443
5,DLS-ACC,naive,ACC,23,0.027788
5,DLS-ACC,naive,ACC,24,0.04375
5,DLS-ACC,naive,ACC,25,0.084361
5,DLS-ACC,naive,ACC,26,0.040647
5,DLS-ACC,naive,ACC,27,0.050019
5,DLS-ACC,naive,ACC,28,0.19068
5,DLS-ACC,naive,ACC,29,0.166827
5,DLS-ACC,naive,ACC,30,0.069387
5,DLS-ACC,naive,ACC,31,0.012506
5,DLS-ACC,naive,ACC,32,0.056872
5,DLS-ACC,naive,ACC,33,0.282156
5,DLS-ACC,naive,ACC,34,0.054719
5,DLS-ACC,naive,ACC,35,0.119249
5,DLS-ACC,naive,ACC,36,0.164197
5,DLS-ACC,naive,ACC,37,0.056542
5,DLS-ACC,naive,ACC,38,0.027998
5,DLS-ACC,naive,ACC,39,0.208095
5,DLS-ACC,naive,ACC,40,0.014872
5,DLS-ACC,naive,ACC,41,0.032551
5,DLS-ACC,naive,ACC,42,0.581872
5,DLS-ACC,naive,ACC,43,0.002362
5,DLS-ACC,naive,ACC,44,0.656695
5,DLS-ACC,naive,ACC,45,0.03593
5,DLS-ACC,naive,ACC,46,0.146188
5,DLS-ACC,naive,ACC,47,0.071012
5,DLS-ACC,naive,ACC,48,0.032889
5,DLS-ACC,naive,ACC,49,0.076599
5,DLS-ACC,naive,ACC,50,0.026272
5,DLS-ACC,naive,ACC,51,0.061693
5,DLS-ACC,naive,ACC,52,0.02145
5,DLS-ACC,naive,ACC,53,0.078716
5,DLS-ACC,naive,ACC,54,0.066111
5,DLS-ACC,naive,ACC,55,0.040293
5,DLS-ACC,naive,ACC,56,0.027681
5,DLS-ACC,naive,ACC,57,0.120741
5,DLS-ACC,naive,ACC,58,0.004906
5,DLS-ACC,naive,ACC,59,0.120738
5,DLS-ACC,naive,ACC,60,0.052238
5,DLS-ACC,naive,ACC,61,0.058007
5,DLS-ACC,naive,ACC,62,0.155678
5,DLS-ACC,naive,ACC,63,0.039856
5,DLS-ACC,naive,ACC,64,0.008971
5,DLS-ACC,naive,ACC,65,0.038515
5,DLS-ACC,naive,ACC,66,0.405547
5,DLS-ACC,naive,ACC,67,0.077221
5,DLS-ACC,naive,ACC,68,0.097432
5,DLS-ACC,naive,ACC,69,0.028917
5,DLS-ACC,naive,ACC,70,0.025486
5,DLS-ACC,naive,ACC,71,0.04219
5,DLS-ACC,naive,ACC,72,0.015069
5,DLS-ACC,naive,ACC,73,0.047302
5,DLS-ACC,naive,ACC,74,0.02595
5,DLS-ACC,naive,ACC,75,0.030945
5,DLS-ACC,naive,ACC,76,0.046195
5,DLS-ACC,naive,ACC,77,0.093892
5,DLS-ACC,naive,ACC,78,0.075777
5,DLS-ACC,naive,ACC,79,0.117705
5,DLS-ACC,naive,ACC,80,0.082187
5,DLS-ACC,naive,ACC,81,0.114962
5,DLS-ACC,naive,ACC,82,0.109517
5,DLS-ACC,naive,ACC,83,0.010544
5,DLS-ACC,naive,ACC,84,0.358181
5,DLS-ACC,naive,ACC,85,0.065897
5,DLS-ACC,naive,ACC,86,0.332626
5,DLS-ACC,naive,ACC,87,0.055803
5,DLS-ACC,naive,ACC,88,0.061461
5,DLS-ACC,naive,ACC,89,0.051673
5,DLS-ACC,naive,ACC,90,0.051695
5,DLS-ACC,naive,ACC,91,0.212544
5,DLS-ACC,naive,ACC,92,0.163021
5,DLS-ACC,naive,ACC,93,0.0
5,DLS-ACC,naive,ACC,94,0.0
5,DLS-ACC,naive,ACC,95,0.067293
5,DLS-ACC,naive,ACC,96,0.581803
5,DLS-ACC,naive,ACC,97,0.034067
5,DLS-ACC,naive,ACC,98,0.0
5,DLS-ACC,naive,ACC,99,0.597202
5,DLS-ACC,naive,ACC,100,0.057027
5,DLS-ACC,naive,ACC,101,0.01593
5,DLS-ACC,naive,ACC,102,0.00857
5,DLS-ACC,naive,ACC,103,0.013609
5,DLS-ACC,naive,ACC,104,0.054186
5,DLS-ACC,naive,ACC,105,0.12517
5,DLS-ACC,naive,ACC,106,0.034617
5,DLS-ACC,naive,ACC,107,0.040046
5,DLS-ACC,naive,ACC,108,0.07128
5,DLS-ACC,naive,ACC,109,0.034348
5,DLS-ACC,naive,ACC,110,0.021455
5,DLS-ACC,naive,ACC,111,0.287124
5,DLS-ACC,naive,ACC,112,0.010611
5,DLS-ACC,naive,ACC,113,0.006308
5,DLS-ACC,naive,ACC,114,0.032418
5,DLS-ACC,naive,ACC,115,0.670109
5,DLS-ACC,naive,ACC,116,0.016682
5,DLS-ACC,naive,ACC,117,0.050352
5,DLS-ACC,naive,ACC,118,0.020277
5,DLS-ACC,naive,ACC,119,0.662123
5,DLS-ACC,naive,ACC,120,0.087031
5,DLS-ACC,naive,ACC,121,0.263929
5,DLS-ACC,naive,ACC,122,0.016923
5,DLS-ACC,naive,ACC,123,0.691032
5,DLS-ACC,naive,ACC,124,0.089723
5,DLS-ACC,naive,ACC,125,0.018077
5,DLS-ACC,naive,ACC,126,0.075134
5,DLS-ACC,naive,ACC,127,0.063588
5,DLS-ACC,naive,ACC,128,0.0
5,DLS-ACC,naive,ACC,129,0.023379
5,DLS-ACC,naive,ACC,130,0.151471
5,DLS-ACC,naive,ACC,131,0.058569
5,DLS-ACC,naive,ACC,132,0.104164
5,DLS-ACC,naive,ACC,133,0.027032
5,DLS-ACC,naive,ACC,134,0.176254
5,DLS-ACC,naive,ACC,135,0.048018
5,DLS-ACC,naive,ACC,136,0.095615
5,DLS-ACC,naive,ACC,137,0.264628
5,DLS-ACC,naive,ACC,138,0.044369
5,DLS-ACC,naive,ACC,139,0.016267
5,DLS-ACC,naive,ACC,140,0.047882
5,DLS-ACC,naive,ACC,141,0.057191
5,DLS-ACC,naive,ACC,142,0.047026
5,DLS-ACC,naive,ACC,143,0.084232
5,DLS-ACC,naive,ACC,144,0.000508
5,DLS-ACC,naive,ACC,145,0.059541
5,DLS-ACC,naive,ACC,146,0.031726
5,DLS-ACC,naive,ACC,147,0.037811
5,DLS-ACC,naive,ACC,148,0.575729
5,DLS-ACC,naive,ACC,149,0.0
5,DLS-ACC,naive,ACC,150,0.0
5,DLS-ACC,naive,ACC,151,0.00497
5,DLS-ACC,naive,ACC,152,0.04836
5,DLS-ACC,naive,ACC,153,0.706523
5,DLS-ACC,naive,ACC,154,0.672518
5,DLS-ACC,naive,ACC,155,0.692088
5,DLS-ACC,naive,ACC,156,0.079019
5,DLS-ACC,naive,ACC,157,0.037099
5,DLS-ACC,naive,ACC,158,0.035256
5,DLS-ACC,naive,ACC,159,0.075318
5,DLS-ACC,naive,ACC,160,0.006365
5,DLS-ACC,naive,ACC,161,0.634753
5,DLS-ACC,naive,ACC,162,0.532017
5,DLS-ACC,naive,ACC,163,0.033261
5,DLS-ACC,naive,ACC,164,0.198309
5,DLS-ACC,naive,ACC,165,0.003287
5,DLS-ACC,naive,ACC,166,0.012389
5,DLS-ACC,naive,ACC,167,0.003004
5,DLS-ACC,naive,ACC,168,0.038474
5,DLS-ACC,naive,ACC,169,0.044807
5,DLS-ACC,naive,ACC,170,0.2578
5,DLS-ACC,naive,ACC,171,0.039128
5,DLS-ACC,naive,ACC,172,0.655842
5,DLS-ACC,naive,ACC,173,0.075336
5,DLS-ACC,naive,ACC,174,0.148504
5,DLS-ACC,intermediate,DLS,0,0.034384
5,DLS-ACC,intermediate,DLS,1,0.130168
5,DLS-ACC,intermediate,DLS,2,0.141995
5,DLS-ACC,intermediate,DLS,3,0.141681
5,DLS-ACC,intermediate,DLS,4,0.62205
5,DLS-ACC,intermediate,DLS,5,0.013933
5,DLS-ACC,intermediate,DLS,6,0.164761
5,DLS-ACC,intermediate,DLS,7,0.121215
5,DLS-ACC,intermediate,DLS,8,0.15594
5,DLS-ACC,intermediate,DLS,9,0.077911
5,DLS-ACC,intermediate,DLS,10,0.006031
5,DLS-ACC,intermediate,DLS,11,0.030855
5,DLS-ACC,intermediate,DLS,12,0.063509
5,DLS-ACC,intermediate,DLS,13,0.214143
5,DLS-ACC,intermediate,DLS,14,0.17538
5,DLS-ACC,intermediate,DLS,15,0.0
5,DLS-ACC,intermediate,DLS,16,0.178281
5,DLS-ACC,intermediate,DLS,17,0.119941
5,DLS-ACC,intermediate,DLS,18,0.198662
5,DLS-ACC,intermediate,DLS,19,0.152629
5,DLS-ACC,intermediate,DLS,20,0.134063
5,DLS-ACC,intermediate,DLS,21,0.107969
5,DLS-ACC,intermediate,DLS,22,0.017041
5,DLS-ACC,intermediate,DLS,23,0.026015
5,DLS-ACC,intermediate,DLS,24,0.251122
5,DLS-ACC,intermediate,DLS,25,0.067405
5,DLS-ACC,intermediate,DLS,26,0.028532
5,DLS-ACC,intermediate,DLS,27,0.283924
5,DLS-ACC,intermediate,DLS,28,0.441555
5,DLS-ACC,intermediate,DLS,29,0.389513
5,DLS-ACC,intermediate,DLS,30,0.276442
5,DLS-ACC,intermediate,DLS,31,0.204652
5,DLS-ACC,intermediate,DLS,32,0.184218
5,DLS-ACC,intermediate,DLS,33,0.089182
5,DLS-ACC,intermediate,DLS,34,0.044777
5,DLS-ACC,intermediate,DLS,35,0.067411
5,DLS-ACC,intermediate,DLS,36,0.160461
5,DLS-ACC,intermediate,DLS,37,0.055907
5,DLS-ACC,intermediate,DLS,38,0.200308
5,DLS-ACC,intermediate,DLS,39,0.065595
5,DLS-ACC,intermediate,DLS,40,0.006614
5,DLS-ACC,intermediate,DLS,41,0.098122
5,DLS-ACC,intermediate,DLS,42,0.017533
5,DLS-ACC,intermediate,DLS,43,0.074546
5,DLS-ACC,intermediate,DLS,44,0.084066
5,DLS-ACC,intermediate,DLS,45,0.060487
5,DLS-ACC,intermediate,DLS,46,0.05155
5,DLS-ACC,intermediate,DLS,47,0.076775
5,DLS-ACC,intermediate,DLS,48,0.069707
5,DLS-ACC,intermediate,DLS,49,0.063877
5,DLS-ACC,intermediate,DLS,50,0.115863
5,DLS-ACC,intermediate,DLS,51,0.059896
5,DLS-ACC,intermediate,DLS,52,0.079963
5,DLS-ACC,intermediate,DLS,53,0.043428
5,DLS-ACC,intermediate,DLS,54,0.117138
5,DLS-ACC,intermediate,DLS,55,0.092036
5,DLS-ACC,intermediate,DLS,56,0.186529
5,DLS-ACC,intermediate,DLS,57,0.034983
5,DLS-ACC,intermediate,DLS,58,0.10294
5,DLS-ACC,intermediate,DLS,59,0.100483
5,DLS-ACC,intermediate,DLS,60,0.086689
5,DLS-ACC,intermediate,DLS,61,0.124974
5,DLS-ACC,intermediate,DLS,62,0.20773
5,DLS-ACC,intermediate,DLS,63,0.094772
5,DLS-ACC,intermediate,DLS,64,0.144135
5,DLS-ACC,intermediate,DLS,65,0.083227
5,DLS-ACC,intermediate,DLS,66,0.112909
5,DLS-ACC,intermediate,DLS,67,0.044454
5,DLS-ACC,intermediate,DLS,68,0.01371
5,DLS-ACC,intermediate,DLS,69,0.654773
5,DLS-ACC,intermediate,DLS,70,0.160107
5,DLS-ACC,intermediate,DLS,71,0.012758
5,DLS-ACC,intermediate,DLS,72,0.062467
5,DLS-ACC,intermediate,DLS,73,0.06822
5,DLS-ACC,intermediate,DLS,74,0.146471
5,DLS-ACC,intermediate,DLS,75,0.096261
5,DLS-ACC,intermediate,DLS,76,0.090999
5,DLS-ACC,intermediate,DLS,77,0.013121
5,DLS-ACC,intermediate,DLS,78,0.100057
5,DLS-ACC,intermediate,DLS,79,0.183591
5,DLS-ACC,intermediate,DLS,80,0.048241
5,DLS-ACC,intermediate,DLS,81,0.003981
5,DLS-ACC,intermediate,DLS,82,0.188492
5,DLS-ACC,intermediate,DLS,83,0.002587
5,DLS-ACC,intermediate,DLS,84,0.288156
5,DLS-ACC,intermediate,DLS,85,0.043019
5,DLS-ACC,intermediate,DLS,86,0.054082
5,DLS-ACC,intermediate,DLS,87,0.03705
5,DLS-ACC,intermediate,DLS,88,0.018104
5,DLS-ACC,intermediate,DLS,89,0.085383
5,DLS-ACC,intermediate,DLS,90,0.022683
5,DLS-ACC,intermediate,DLS,91,0.032457
5,DLS-ACC,intermediate,DLS,92,0.02005
5,DLS-ACC,intermediate,DLS,93,0.078978
5,DLS-ACC,intermediate,DLS,94,0.083885
5,DLS-ACC,intermediate,DLS,95,0.048603
5,DLS-ACC,intermediate,DLS,96,0.193089
5,DLS-ACC,intermediate,DLS,97,0.386543
5,DLS-ACC,intermediate,DLS,98,0.021603
5,DLS-ACC,intermediate,DLS,99,0.454924
5,DLS-ACC,intermediate,DLS,100,0.452625
5,DLS-ACC,intermediate,DLS,101,0.035673
5,DLS-ACC,intermediate,DLS,102,0.454784
5,DLS-ACC,intermediate,DLS,103,0.007223
5,DLS-ACC,intermediate,DLS,104,0.13102
5,DLS-ACC,intermediate,DLS,105,0.0833
5,DLS-ACC,intermediate,DLS,106,0.050187
5,DLS-ACC,intermediate,DLS,107,0.022988
5,DLS-ACC,intermediate,DLS,108,0.055288
5,DLS-ACC,intermediate,DLS,109,0.022809
5,DLS-ACC,intermediate,DLS,110,0.568218
5,DLS-ACC,intermediate,DLS,111,0.015561
5,DLS-ACC,intermediate,DLS,112,0.628986
5,DLS-ACC,intermediate,DLS,113,0.055399
5,DLS-ACC,intermediate,DLS,114,0.028194
5,DLS-ACC,intermediate,DLS,115,0.050877
5,DLS-ACC,intermediate,DLS,116,0.073837
5,DLS-ACC,intermediate,DLS,117,0.008606
5,DLS-ACC,intermediate,DLS,118,0.084404
5,DLS-ACC,intermediate,DLS,119,0.01948
5,DLS-ACC,intermediate,DLS,120,0.040376
5,DLS-ACC,intermediate,DLS,121,0.0
5,DLS-ACC,intermediate,DLS,122,0.17574
5,DLS-ACC,intermediate,DLS,123,0.040116
5,DLS-ACC,intermediate,DLS,124,0.111386
5,DLS-ACC,intermediate,DLS,125,0.192573
5,DLS-ACC,intermediate,DLS,126,0.117669
5,DLS-ACC,intermediate,DLS,127,0.036469
5,DLS-ACC,intermediate,DLS,128,0.028899
5,DLS-ACC,intermediate,DLS,129,0.048509
5,DLS-ACC,intermediate,DLS,130,0.044024
5,DLS-ACC,intermediate,DLS,131,0.217412
5,DLS-ACC,intermediate,DLS,132,0.017765
5,DLS-ACC,intermediate,DLS,133,0.014645
5,DLS-ACC,intermediate,DLS,134,0.006215
5,DLS-ACC,intermediate,DLS,135,0.134558
5,DLS-ACC,intermediate,DLS,136,0.604092
5,DLS-ACC,intermediate,DLS,137,0.037399
5,DLS-ACC,intermediate,DLS,138,0.096014
5,DLS-ACC,intermediate,DLS,139,0.036677
5,DLS-ACC,intermediate,DLS,140,0.187784
5,DLS-ACC,intermediate,DLS,141,0.10863
5,DLS-ACC,intermediate,DLS,142,0.0539
5,DLS-ACC,intermediate,DLS,143,0.062757
5,DLS-ACC,intermediate,DLS,144,0.266814
5,DLS-ACC,intermediate,DLS,145,0.268261
5,DLS-ACC,intermediate,DLS,146,0.448994
5,DLS-ACC,intermediate,DLS,147,0.0
5,DLS-ACC,intermediate,DLS,148,0.055802
5,DLS-ACC,intermediate,DLS,149,0.06494
5,DLS-ACC,intermediate,DLS,150,0.0
5,DLS-ACC,intermediate,DLS,151,0.0
5,DLS-ACC,intermediate,DLS,152,0.098308
5,DLS-ACC,intermediate,DLS,153,0.0
5,DLS-ACC,intermediate,DLS,154,0.02692
5,DLS-ACC,intermediate,DLS,155,0.0
5,DLS-ACC,intermediate,DLS,156,0.171662
5,DLS-ACC,intermediate,DLS,157,0.011327
5,DLS-ACC,intermediate,DLS,158,0.018971
5,DLS-ACC,intermediate,DLS,159,0.019187
5,DLS-ACC,intermediate,DLS,160,0.119863
5,DLS-ACC,intermediate,DLS,161,0.064136
5,DLS-ACC,intermediate,DLS,162,0.048255
5,DLS-ACC,intermediate,DLS,163,0.041549
5,DLS-ACC,intermediate,DLS,164,0.037641
5,DLS-ACC,intermediate,DLS,165,0.054376
5,DLS-ACC,intermediate,DLS,166,0.058958
5,DLS-ACC,intermediate,DLS,167,0.104424
5,DLS-ACC,intermediate,DLS,168,0.008966
5,DLS-ACC,intermediate,DLS,169,0.042545
5,DLS-ACC,intermediate,DLS,170,0.032586
5,DLS-ACC,intermediate,DLS,171,0.0
5,DLS-ACC,intermediate,DLS,172,0.056255
5,DLS-ACC,intermediate,DLS,173,0.28185
5,DLS-ACC,intermediate,DLS,174,0.25077
5,DLS-ACC,intermediate,DLS,175,0.027997
5,DLS-ACC,intermediate,DLS,176,0.314806
5,DLS-ACC,intermediate,DLS,177,0.309172
5,DLS-ACC,intermediate,DLS,178,0.060554
5,DLS-ACC,intermediate,DLS,179,0.057734
5,DLS-ACC,intermediate,DLS,180,0.422556
5,DLS-ACC,intermediate,DLS,181,0.046873
5,DLS-ACC,intermediate,DLS,182,0.01303
5,DLS-ACC,intermediate,DLS,183,0.051593
5,DLS-ACC,intermediate,DLS,184,0.599378
5,DLS-ACC,intermediate,DLS,185,0.089551
5,DLS-ACC,intermediate,DLS,186,0.076114
5,DLS-ACC,intermediate,DLS,187,0.065154
5,DLS-ACC,intermediate,DLS,188,0.259577
5,DLS-ACC,intermediate,DLS,189,0.327652
5,DLS-ACC,intermediate,DLS,190,0.242198
5,DLS-ACC,intermediate,DLS,191,0.104104
5,DLS-ACC,intermediate,DLS,192,0.07091
5,DLS-ACC,intermediate,DLS,193,0.021908
5,DLS-ACC,intermediate,DLS,194,0.020938
5,DLS-ACC,intermediate,DLS,195,0.090979
5,DLS-ACC,intermediate,DLS,196,0.016913
5,DLS-ACC,intermediate,DLS,197,0.249053
5,DLS-ACC,intermediate,DLS,198,0.0
5,DLS-ACC,intermediate,DLS,199,0.213014
5,DLS-ACC,intermediate,DLS,200,0.034137
5,DLS-ACC,intermediate,DLS,201,0.0
5,DLS-ACC,intermediate,DLS,202,0.05181
5,DLS-ACC,intermediate,DLS,203,0.083987
5,DLS-ACC,intermediate,DLS,204,0.234051
5,DLS-ACC,intermediate,DLS,205,0.003173
5,DLS-ACC,intermediate,DLS,206,0.092795
5,DLS-ACC,intermediate,DLS,207,0.264477
5,DLS-ACC,intermediate,DLS,208,0.136484
5,DLS-ACC,intermediate,DLS,209,0.150353
5,DLS-ACC,intermediate,DLS,210,0.020608
5,DLS-ACC,intermediate,DLS,211,0.026232
5,DLS-ACC,intermediate,DLS,212,0.023206
5,DLS-ACC,intermediate,DLS,213,0.055525
5,DLS-ACC,intermediate,DLS,214,0.410578
5,DLS-ACC,intermediate,DLS,215,0.011525
5,DLS-ACC,intermediate,DLS,216,0.030304
5,DLS-ACC,intermediate,DLS,217,0.177047
5,DLS-ACC,intermediate,DLS,218,0.020491
5,DLS-ACC,intermediate,DLS,219,0.022786
5,DLS-ACC,intermediate,DLS,220,0.321758
5,DLS-ACC,intermediate,DLS,221,0.006171
5,DLS-ACC,intermediate,DLS,222,0.135001
5,DLS-ACC,intermediate,DLS,223,0.033992
5,DLS-ACC,intermediate,DLS,224,0.047496
5,DLS-ACC,intermediate,DLS,225,0.130804
5,DLS-ACC,intermediate,DLS,226,0.03251
5,DLS-ACC,intermediate,DLS,227,0.506147
5,DLS-ACC,intermediate,DLS,228,0.275553
5,DLS-ACC,intermediate,DLS,229,0.212359
5,DLS-ACC,intermediate,DLS,230,0.029381
5,DLS-ACC,intermediate,DLS,231,0.036311
5,DLS-ACC,intermediate,DLS,232,0.091823
5,DLS-ACC,intermediate,DLS,233,0.11891
5,DLS-ACC,intermediate,DLS,234,0.249663
5,DLS-ACC,intermediate,DLS,235,0.089246
5,DLS-ACC,intermediate,DLS,236,0.01096
5,DLS-ACC,intermediate,ACC,0,0.093007
5,DLS-ACC,intermediate,ACC,1,0.055013
5,DLS-ACC,intermediate,ACC,2,0.091891
5,DLS-ACC,intermediate,ACC,3,0.058307
5,DLS-ACC,intermediate,ACC,4,0.605814
5,DLS-ACC,intermediate,ACC,5,0.082672
5,DLS-ACC,intermediate,ACC,6,0.062945
5,DLS-ACC,intermediate,ACC,7,0.073251
5,DLS-ACC,intermediate,ACC,8,0.082211
5,DLS-ACC,intermediate,ACC,9,0.075931
5,DLS-ACC,intermediate,ACC,10,0.697784
5,DLS-ACC,intermediate,ACC,11,0.084516
5,DLS-ACC,intermediate,ACC,12,0.047221
5,DLS-ACC,intermediate,ACC,13,0.047351
5,DLS-ACC,intermediate,ACC,14,0.049668
5,DLS-ACC,intermediate,ACC,15,0.629451
5,DLS-ACC,intermediate,ACC,16,0.143441
5,DLS-ACC,intermediate,ACC,17,0.118561
5,DLS-ACC,intermediate,ACC,18,0.126783
5,DLS-ACC,intermediate,ACC,19,0.048798
5,DLS-ACC,intermediate,ACC,20,0.034125
5,DLS-ACC,intermediate,ACC,21,0.0
5,DLS-ACC,intermediate,ACC,22,0.024581
5,DLS-ACC,intermediate,ACC,23,0.042756
5,DLS-ACC,intermediate,ACC,24,0.490142
5,DLS-ACC,intermediate,ACC,25,0.121723
5,DLS-ACC,intermediate,ACC,26,0.05937
5,DLS-ACC,intermediate,ACC,27,0.067183
5,DLS-ACC,intermediate,ACC,28,0.235203
5,DLS-ACC,intermediate,ACC,29,0.11623
5,DLS-ACC,intermediate,ACC,30,0.131185
5,DLS-ACC,intermediate,ACC,31,0.101858
5,DLS-ACC,intermediate,ACC,32,0.18952
5,DLS-ACC,intermediate,ACC,33,0.02009
5,DLS-ACC,intermediate,ACC,34,0.098357
5,DLS-ACC,intermediate,ACC,35,0.211895
5,DLS-ACC,intermediate,ACC,36,0.215885
5,DLS-ACC,intermediate,ACC,37,0.020304
5,DLS-ACC,intermediate,ACC,38,0.042742
5,DLS-ACC,intermediate,ACC,39,0.194453
5,DLS-ACC,intermediate,ACC,40,0.705958
5,DLS-ACC,intermediate,ACC,41,0.059011
5,DLS-ACC,intermediate,ACC,42,0.7218
5,DLS-ACC,intermediate,ACC,43,0.737831
5,DLS-ACC,intermediate,ACC,44,0.03148
5,DLS-ACC,intermediate,ACC,45,0.045085
5,DLS-ACC,intermediate,ACC,46,0.107203
5,DLS-ACC,intermediate,ACC,47,0.056069
5,DLS-ACC,intermediate,ACC,48,0.159496
5,DLS-ACC,intermediate,ACC,49,0.126655
5,DLS-ACC,intermediate,ACC,50,0.018254
5,DLS-ACC,intermediate,ACC,51,0.096406
5,DLS-ACC,intermediate,ACC,52,0.054649
5,DLS-ACC,intermediate,ACC,53,0.166208
5,DLS-ACC,intermediate,ACC,54,0.086976
5,DLS-ACC,intermediate,ACC,55,0.074123
5,DLS-ACC,intermediate,ACC,56,0.092404
5,DLS-ACC,intermediate,ACC,57,0.069296
5,DLS-ACC,intermediate,ACC,58,0.440565
5,DLS-ACC,intermediate,ACC,59,0.032845
5,DLS-ACC,intermediate,ACC,60,0.19071
5,DLS-ACC,intermediate,ACC,61,0.163046
5,DLS-ACC,intermediate,ACC,62,0.307924
5,DLS-ACC,intermediate,ACC,63,0.317214
5,DLS-ACC,intermediate,ACC,64,0.058601
5,DLS-ACC,intermediate,ACC,65,0.139008
5,DLS-ACC,intermediate,ACC,66,0.018151
5,DLS-ACC,intermediate,ACC,67,0.711424
5,DLS-ACC,intermediate,ACC,68,0.183452
5,DLS-ACC,intermediate,ACC,69,0.038553
5,DLS-ACC,intermediate,ACC,70,0.065237
5,DLS-ACC,intermediate,ACC,71,0.426429
5,DLS-ACC,intermediate,ACC,72,0.5462
5,DLS-ACC,intermediate,ACC,73,0.104814
5,DLS-ACC,intermediate,ACC,74,0.051166
5,DLS-ACC,intermediate,ACC,75,0.078204
5,DLS-ACC,intermediate,ACC,76,0.277423
5,DLS-ACC,intermediate,ACC,77,0.164093
5,DLS-ACC,intermediate,ACC,78,0.188757
5,DLS-ACC,intermediate,ACC,79,0.222147
5,DLS-ACC,intermediate,ACC,80,0.08087
5,DLS-ACC,intermediate,ACC,81,0.067758
5,DLS-ACC,intermediate,ACC,82,0.070517
5,DLS-ACC,intermediate,ACC,83,0.028974
5,DLS-ACC,intermediate,ACC,84,0.152206
5,DLS-ACC,intermediate,ACC,85,0.093739
5,DLS-ACC,intermediate,ACC,86,0.158256
5,DLS-ACC,intermediate,ACC,87,0.018733
5,DLS-ACC,intermediate,ACC,88,0.017338
5,DLS-ACC,intermediate,ACC,89,0.070427
5,DLS-ACC,intermediate,ACC,90,0.05183
5,DLS-ACC,intermediate,ACC,91,0.017751
5,DLS-ACC,intermediate,ACC,92,0.085915
5,DLS-ACC,intermediate,ACC,93,0.011435
5,DLS-ACC,intermediate,ACC,94,0.0
5,DLS-ACC,intermediate,ACC,95,0.047496
5,DLS-ACC,intermediate,ACC,96,0.691727
5,DLS-ACC,intermediate,ACC,97,0.097386
5,DLS-ACC,intermediate,ACC,98,0.412093
5,DLS-ACC,intermediate,ACC,99,0.006754
5,DLS-ACC,intermediate,ACC,100,0.016844
5,DLS-ACC,intermediate,ACC,101,0.131196
5,DLS-ACC,intermediate,ACC,102,0.671103
5,DLS-ACC,intermediate,ACC,103,0.706895
5,DLS-ACC,intermediate,ACC,104,0.096576
5,DLS-ACC,intermediate,ACC,105,0.017681
5,DLS-ACC,intermediate,ACC,106,0.015064
5,DLS-ACC,intermediate,ACC,107,0.014478
5,DLS-ACC,intermediate,ACC,108,0.029677
5,DLS-ACC,intermediate,ACC,109,0.021413
5,DLS-ACC,intermediate,ACC,110,0.0
5,DLS-ACC,intermediate,ACC,111,0.015231
5,DLS-ACC,intermediate,ACC,112,0.037849
5,DLS-ACC,intermediate,ACC,113,0.166697
5,DLS-ACC,intermediate,ACC,114,0.082833
5,DLS-ACC,intermediate,ACC,115,0.009165
5,DLS-ACC,intermediate,ACC,116,0.557317
5,DLS-ACC,intermediate,ACC,117,0.045948
5,DLS-ACC,intermediate,ACC,118,0.097738
5,DLS-ACC,intermediate,ACC,119,0.5911
5,DLS-ACC,intermediate,ACC,120,0.129864
5,DLS-ACC,intermediate,ACC,121,0.064039
5,DLS-ACC,intermediate,ACC,122,0.021541
5,DLS-ACC,intermediate,ACC,123,0.043472
5,DLS-ACC,intermediate,ACC,124,0.67503
5,DLS-ACC,intermediate,ACC,125,0.346982
5,DLS-ACC,intermediate,ACC,126,0.061621
5,DLS-ACC,intermediate,ACC,127,0.106601
5,DLS-ACC,intermediate,ACC,128,0.0
5,DLS-ACC,intermediate,ACC,129,0.003821
5,DLS-ACC,intermediate,ACC,130,0.715784
5,DLS-ACC,intermediate,ACC,131,0.083395
5,DLS-ACC,intermediate,ACC,132,0.081573
5,DLS-ACC,intermediate,ACC,133,0.028203
5,DLS-ACC,intermediate,ACC,134,0.083568
5,DLS-ACC,intermediate,ACC,135,0.199762
5,DLS-ACC,intermediate,ACC,136,0.117429
5,DLS-ACC,intermediate,ACC,137,0.117619
5,DLS-ACC,intermediate,ACC,138,0.086605
5,DLS-ACC,intermediate,ACC,139,0.061984
5,DLS-ACC,intermediate,ACC,140,0.062175
5,DLS-ACC,intermediate,ACC,141,0.033273
5,DLS-ACC,intermediate,ACC,142,0.02859
5,DLS-ACC,intermediate,ACC,143,0.076102
5,DLS-ACC,intermediate,ACC,144,0.027433
5,DLS-ACC,intermediate,ACC,145,0.086035
5,DLS-ACC,intermediate,ACC,146,0.19627
5,DLS-ACC,intermediate,ACC,147,0.126904
5,DLS-ACC,intermediate,ACC,148,0.145229
5,DLS-ACC,intermediate,ACC,149,0.0
5,DLS-ACC,intermediate,ACC,150,0.0
5,DLS-ACC,intermediate,ACC,151,0.723571
5,DLS-ACC,intermediate,ACC,152,0.043428
5,DLS-ACC,intermediate,ACC,153,0.244022
5,DLS-ACC,intermediate,ACC,154,0.040912
5,DLS-ACC,intermediate,ACC,155,0.074962
5,DLS-ACC,intermediate,ACC,156,0.030124
5,DLS-ACC,intermediate,ACC,157,0.045697
5,DLS-ACC,intermediate,ACC,158,0.130449
5,DLS-ACC,intermediate,ACC,159,0.180198
5,DLS-ACC,intermediate,ACC,160,0.376902
5,DLS-ACC,intermediate,ACC,161,0.031997
5,DLS-ACC,intermediate,ACC,162,0.008491
5,DLS-ACC,intermediate,ACC,163,0.663227
5,DLS-ACC,intermediate,ACC,164,0.038727
5,DLS-ACC,intermediate,ACC,165,0.186779
5,DLS-ACC,intermediate,ACC,166,0.258878
5,DLS-ACC,intermediate,ACC,167,0.107496
5,DLS-ACC,intermediate,ACC,168,0.161625
5,DLS-ACC,intermediate,ACC,169,0.029856
5,DLS-ACC,intermediate,ACC,170,0.147763
5,DLS-ACC,intermediate,ACC,171,0.033224
5,DLS-ACC,intermediate,ACC,172,0.023837
5,DLS-ACC,intermediate,ACC,173,0.262442
5,DLS-ACC,intermediate,ACC,174,0.170646
5,DLS-ACC,expert,DLS,0,0.061978
5,DLS-ACC,expert,DLS,1,0.062385
5,DLS-ACC,expert,DLS,2,0.063944
5,DLS-ACC,expert,DLS,3,0.122394
5,DLS-ACC,expert,DLS,4,0.101016
5,DLS-ACC,expert,DLS,5,0.02096
5,DLS-ACC,expert,DLS,6,0.099834
5,DLS-ACC,expert,DLS,7,0.11235
5,DLS-ACC,expert,DLS,8,0.077596
5,DLS-ACC,expert,DLS,9,0.070228
5,DLS-ACC,expert,DLS,10,0.006828
5,DLS-ACC,expert,DLS,11,0.080765
5,DLS-ACC,expert,DLS,12,0.083208
5,DLS-ACC,expert,DLS,13,0.260468
5,DLS-ACC,expert,DLS,14,0.1475
5,DLS-ACC,expert,DLS,15,0.0
5,DLS-ACC,expert,DLS,16,0.169167
5,DLS-ACC,expert,DLS,17,0.043485
5,DLS-ACC,expert,DLS,18,0.139722
5,DLS-ACC,expert,DLS,19,0.0449
5,DLS-ACC,expert,DLS,20,0.087193
5,DLS-ACC,expert,DLS,21,0.201707
5,DLS-ACC,expert,DLS,22,0.020757
5,DLS-ACC,expert,DLS,23,0.02424
5,DLS-ACC,expert,DLS,24,0.148677
5,DLS-ACC,expert,DLS,25,0.027948
5,DLS-ACC,expert,DLS,26,0.0
5,DLS-ACC,expert,DLS,27,0.14299
5,DLS-ACC,expert,DLS,28,0.030703
5,DLS-ACC,expert,DLS,29,0.107546
5,DLS-ACC,expert,DLS,30,0.203409
5,DLS-ACC,expert,DLS,31,0.425769
5,DLS-ACC,expert,DLS,32,0.129216
5,DLS-ACC,expert,DLS,33,0.125111
5,DLS-ACC,expert,DLS,34,0.037074
5,DLS-ACC,expert,DLS,35,0.099794
5,DLS-ACC,expert,DLS,36,0.122369
5,DLS-ACC,expert,DLS,37,0.0459
5,DLS-ACC,expert,DLS,38,0.095295
5,DLS-ACC,expert,DLS,39,0.187712
5,DLS-ACC,expert,DLS,40,0.22422
5,DLS-ACC,expert,DLS,41,0.043739
5,DLS-ACC,expert,DLS,42,0.007074
5,DLS-ACC,expert,DLS,43,0.110598
5,DLS-ACC,expert,DLS,44,0.117499
5,DLS-ACC,expert,DLS,45,0.039127
5,DLS-ACC,expert,DLS,46,0.064961
5,DLS-ACC,expert,DLS,47,0.586611
5,DLS-ACC,expert,DLS,48,0.038044
5,DLS-ACC,expert,DLS,49,0.090736
5,DLS-ACC,expert,DLS,50,0.141636
5,DLS-ACC,expert,DLS,51,0.086186
5,DLS-ACC,expert,DLS,52,0.074409
5,DLS-ACC,expert,DLS,53,0.066007
5,DLS-ACC,expert,DLS,54,0.121642
5,DLS-ACC,expert,DLS,55,0.119938
5,DLS-ACC,expert,DLS,56,0.189776
5,DLS-ACC,expert,DLS,57,0.071803
5,DLS-ACC,expert,DLS,58,0.100493
5,DLS-ACC,expert,DLS,59,0.130689
5,DLS-ACC,expert,DLS,60,0.07483
5,DLS-ACC,expert,DLS,61,0.136759
5,DLS-ACC,expert,DLS,62,0.169543
5,DLS-ACC,expert,DLS,63,0.112927
5,DLS-ACC,expert,DLS,64,0.15613
5,DLS-ACC,expert,DLS,65,0.050967
5,DLS-ACC,expert,DLS,66,0.074522
5,DLS-ACC,expert,DLS,67,0.0269
5,DLS-ACC,expert,DLS,68,0.055017
5,DLS-ACC,expert,DLS,69,0.010115
5,DLS-ACC,expert,DLS,70,0.126702
5,DLS-ACC,expert,DLS,71,0.102924
5,DLS-ACC,expert,DLS,72,0.12426
5,DLS-ACC,expert,DLS,73,0.121184
5,DLS-ACC,expert,DLS,74,0.029315
5,DLS-ACC,expert,DLS,75,0.061508
5,DLS-ACC,expert,DLS,76,0.037899
5,DLS-ACC,expert,DLS,77,0.019765
5,DLS-ACC,expert,DLS,78,0.158916
5,DLS-ACC,expert,DLS,79,0.155769
5,DLS-ACC,expert,DLS,80,0.064513
5,DLS-ACC,expert,DLS,81,0.007754
5,DLS-ACC,expert,DLS,82,0.647119
5,DLS-ACC,expert,DLS,83,0.005426
5,DLS-ACC,expert,DLS,84,0.080428
5,DLS-ACC,expert,DLS,85,0.063784
5,DLS-ACC,expert,DLS,86,0.041808
5,DLS-ACC,expert,DLS,87,0.054608
5,DLS-ACC,expert,DLS,88,0.046479
5,DLS-ACC,expert,DLS,89,0.098112
5,DLS-ACC,expert,DLS,90,0.033985
5,DLS-ACC,expert,DLS,91,0.062248
5,DLS-ACC,expert,DLS,92,0.02843
5,DLS-ACC,expert,DLS,93,0.059714
5,DLS-ACC,expert,DLS,94,0.546497
5,DLS-ACC,expert,DLS,95,0.081247
5,DLS-ACC,expert,DLS,96,0.412353
5,DLS-ACC,expert,DLS,97,0.117721
5,DLS-ACC,expert,DLS,98,0.016738
5,DLS-ACC,expert,DLS,99,0.45934
5,DLS-ACC,expert,DLS,100,0.460933
5,DLS-ACC,expert,DLS,101,0.12187
5,DLS-ACC,expert,DLS,102,0.11245
5,DLS-ACC,expert,DLS,103,0.067515
5,DLS-ACC,expert,DLS,104,0.140779
5,DLS-ACC,expert,DLS,105,0.601541
5,DLS-ACC,expert,DLS,106,0.051274
5,DLS-ACC,expert,DLS,107,0.225743
5,DLS-ACC,expert,DLS,108,0.055269
5,DLS-ACC,expert,DLS,109,0.164272
5,DLS-ACC,expert,DLS,110,0.317905
5,DLS-ACC,expert,DLS,111,0.477577
5,DLS-ACC,expert,DLS,112,0.262854
5,DLS-ACC,expert,DLS,113,0.078431
5,DLS-ACC,expert,DLS,114,0.107482
5,DLS-ACC,expert,DLS,115,0.018646
5,DLS-ACC,expert,DLS,116,0.138634
5,DLS-ACC,expert,DLS,117,0.044972
5,DLS-ACC,expert,DLS,118,0.035203
5,DLS-ACC,expert,DLS,119,0.012486
5,DLS-ACC,expert,DLS,120,0.570673
5,DLS-ACC,expert,DLS,121,0.0
5,DLS-ACC,expert,DLS,122,0.134801
5,DLS-ACC,expert,DLS,123,0.086442
5,DLS-ACC,expert,DLS,124,0.099404
5,DLS-ACC,expert,DLS,125,0.143005
5,DLS-ACC,expert,DLS,126,0.037276
5,DLS-ACC,expert,DLS,127,0.079652
5,DLS-ACC,expert,DLS,128,0.017873
5,DLS-ACC,expert,DLS,129,0.039782
5,DLS-ACC,expert,DLS,130,0.0
5,DLS-ACC,expert,DLS,131,0.231261
5,DLS-ACC,expert,DLS,132,0.008606
5,DLS-ACC,expert,DLS,133,0.027836
5,DLS-ACC,expert,DLS,134,0.00906
5,DLS-ACC,expert,DLS,135,0.001937
5,DLS-ACC,expert,DLS,136,0.000679
5,DLS-ACC,expert,DLS,137,0.042638
5,DLS-ACC,expert,DLS,138,0.11945
5,DLS-ACC,expert,DLS,139,0.211554
5,DLS-ACC,expert,DLS,140,0.339329
5,DLS-ACC,expert,DLS,141,0.010296
5,DLS-ACC,expert,DLS,142,0.041221
5,DLS-ACC,expert,DLS,143,0.064041
5,DLS-ACC,expert,DLS,144,0.140591
5,DLS-ACC,expert,DLS,145,0.149126
5,DLS-ACC,expert,DLS,146,0.017849
5,DLS-ACC,expert,DLS,147,0.0
5,DLS-ACC,expert,DLS,148,0.352438
5,DLS-ACC,expert,DLS,149,0.638245
5,DLS-ACC,expert,DLS,150,0.0
5,DLS-ACC,expert,DLS,151,0.0
5,DLS-ACC,expert,DLS,152,0.116339
5,DLS-ACC,expert,DLS,153,0.0
5,DLS-ACC,expert,DLS,154,0.027038
5,DLS-ACC,expert,DLS,155,0.023013
5,DLS-ACC,expert,DLS,156,0.077748
5,DLS-ACC,expert,DLS,157,0.029538
5,DLS-ACC,expert,DLS,158,0.07022
5,DLS-ACC,expert,DLS,159,0.036237
5,DLS-ACC,expert,DLS,160,0.07442
5,DLS-ACC,expert,DLS,161,0.012577
5,DLS-ACC,expert,DLS,162,0.644703
5,DLS-ACC,expert,DLS,163,0.053207
5,DLS-ACC,expert,DLS,164,0.017635
5,DLS-ACC,expert,DLS,165,0.104688
5,DLS-ACC,expert,DLS,166,0.527496
5,DLS-ACC,expert,DLS,167,0.064961
5,DLS-ACC,expert,DLS,168,0.197825
5,DLS-ACC,expert,DLS,169,0.092768
5,DLS-ACC,expert,DLS,170,0.08909
5,DLS-ACC,expert,DLS,171,0.013574
5,DLS-ACC,expert,DLS,172,0.062108
5,DLS-ACC,expert,DLS,173,0.0
5,DLS-ACC,expert,DLS,174,0.0
5,DLS-ACC,expert,DLS,175,0.01331
5,DLS-ACC,expert,DLS,176,0.0
5,DLS-ACC,expert,DLS,177,0.000771
5,DLS-ACC,expert,DLS,178,0.066489
5,DLS-ACC,expert,DLS,179,0.051645
5,DLS-ACC,expert,DLS,180,0.06877
5,DLS-ACC,expert,DLS,181,0.139715
5,DLS-ACC,expert,DLS,182,0.012947
5,DLS-ACC,expert,DLS,183,0.086101
5,DLS-ACC,expert,DLS,184,0.671509
5,DLS-ACC,expert,DLS,185,0.069493
5,DLS-ACC,expert,DLS,186,0.087394
5,DLS-ACC,expert,DLS,187,0.0
5,DLS-ACC,expert,DLS,188,0.309983
5,DLS-ACC,expert,DLS,189,0.067406
5,DLS-ACC,expert,DLS,190,0.209615
5,DLS-ACC,expert,DLS,191,0.615722
5,DLS-ACC,expert,DLS,192,0.062006
5,DLS-ACC,expert,DLS,193,0.013907
5,DLS-ACC,expert,DLS,194,0.042326
5,DLS-ACC,expert,DLS,195,0.074473
5,DLS-ACC,expert,DLS,196,0.020837
5,DLS-ACC,expert,DLS,197,0.010688
5,DLS-ACC,expert,DLS,198,0.193524
5,DLS-ACC,expert,DLS,199,0.010795
5,DLS-ACC,expert,DLS,200,0.02682
5,DLS-ACC,expert,DLS,201,0.0
5,DLS-ACC,expert,DLS,202,0.483957
5,DLS-ACC,expert,DLS,203,0.024889
5,DLS-ACC,expert,DLS,204,0.015799
5,DLS-ACC,expert,DLS,205,0.022079
5,DLS-ACC,expert,DLS,206,0.073428
5,DLS-ACC,expert,DLS,207,0.084033
5,DLS-ACC,expert,DLS,208,0.120206
5,DLS-ACC,expert,DLS,209,0.051328
5,DLS-ACC,expert,DLS,210,0.06421
5,DLS-ACC,expert,DLS,211,0.034261
5,DLS-ACC,expert,DLS,212,0.566322
5,DLS-ACC,expert,DLS,213,0.087766
5,DLS-ACC,expert,DLS,214,0.215046
5,DLS-ACC,expert,DLS,215,0.225648
5,DLS-ACC,expert,DLS,216,0.023654
5,DLS-ACC,expert,DLS,217,0.170297
5,DLS-ACC,expert,DLS,218,0.030928
5,DLS-ACC,expert,DLS,219,0.012679
5,DLS-ACC,expert,DLS,220,0.154366
5,DLS-ACC,expert,DLS,221,0.107072
5,DLS-ACC,expert,DLS,222,0.06733
5,DLS-ACC,expert,DLS,223,0.081102
5,DLS-ACC,expert,DLS,224,0.041258
5,DLS-ACC,expert,DLS,225,0.171402
5,DLS-ACC,expert,DLS,226,0.007241
5,DLS-ACC,expert,DLS,227,0.074425
5,DLS-ACC,expert,DLS,228,0.598549
5,DLS-ACC,expert,DLS,229,0.176856
5,DLS-ACC,expert,DLS,230,0.12093
5,DLS-ACC,expert,DLS,231,0.636818
5,DLS-ACC,expert,DLS,232,0.070202
5,DLS-ACC,expert,DLS,233,0.082621
5,DLS-ACC,expert,DLS,234,0.150626
5,DLS-ACC,expert,DLS,235,0.063224
5,DLS-ACC,expert,DLS,236,0.139243
5,DLS-ACC,expert,ACC,0,0.047689
5,DLS-ACC,expert,ACC,1,0.050487
5,DLS-ACC,expert,ACC,2,0.079906
5,DLS-ACC,expert,ACC,3,0.104463
5,DLS-ACC,expert,ACC,4,0.087585
5,DLS-ACC,expert,ACC,5,0.060864
5,DLS-ACC,expert,ACC,6,0.034007
5,DLS-ACC,expert,ACC,7,0.045278
5,DLS-ACC,expert,ACC,8,0.058919
5,DLS-ACC,expert,ACC,9,0.038069
5,DLS-ACC,expert,ACC,10,0.128619
5,DLS-ACC,expert,ACC,11,0.040288
5,DLS-ACC,expert,ACC,12,0.052471
5,DLS-ACC,expert,ACC,13,0.064486
5,DLS-ACC,expert,ACC,14,0.043192
5,DLS-ACC,expert,ACC,15,0.041544
5,DLS-ACC,expert,ACC,16,0.189814
5,DLS-ACC,expert,ACC,17,0.063313
5,DLS-ACC,expert,ACC,18,0.094065
5,DLS-ACC,expert,ACC,19,0.055684
5,DLS-ACC,expert,ACC,20,0.0487
5,DLS-ACC,expert,ACC,21,0.005763
5,DLS-ACC,expert,ACC,22,0.050261
5,DLS-ACC,expert,ACC,23,0.042576
5,DLS-ACC,expert,ACC,24,0.039019
5,DLS-ACC,expert,ACC,25,0.082293
5,DLS-ACC,expert,ACC,26,0.061979
5,DLS-ACC,expert,ACC,27,0.061611
5,DLS-ACC,expert,ACC,28,0.154089
5,DLS-ACC,expert,ACC,29,0.032057
5,DLS-ACC,expert,ACC,30,0.0554
5,DLS-ACC,expert,ACC,31,0.098394
5,DLS-ACC,expert,ACC,32,0.182793
5,DLS-ACC,expert,ACC,33,0.014699
5,DLS-ACC,expert,ACC,34,0.036054
5,DLS-ACC,expert,ACC,35,0.123972
5,DLS-ACC,expert,ACC,36,0.085477
5,DLS-ACC,expert,ACC,37,0.023894
5,DLS-ACC,expert,ACC,38,0.626537
5,DLS-ACC,expert,ACC,39,0.120705
5,DLS-ACC,expert,ACC,40,0.015905
5,DLS-ACC,expert,ACC,41,0.0659
5,DLS-ACC,expert,ACC,42,0.032644
5,DLS-ACC,expert,ACC,43,0.108676
5,DLS-ACC,expert,ACC,44,0.097056
5,DLS-ACC,expert,ACC,45,0.113969
5,DLS-ACC,expert,ACC,46,0.049316
5,DLS-ACC,expert,ACC,47,0.054943
5,DLS-ACC,expert,ACC,48,0.081483
5,DLS-ACC,expert,ACC,49,0.03901
5,DLS-ACC,expert,ACC,50,0.106697
5,DLS-ACC,expert,ACC,51,0.100041
5,DLS-ACC,expert,ACC,52,0.080086
5,DLS-ACC,expert,ACC,53,0.111686
5,DLS-ACC,expert,ACC,54,0.079205
5,DLS-ACC,expert,ACC,55,0.057293
5,DLS-ACC,expert,ACC,56,0.076529
5,DLS-ACC,expert,ACC,57,0.050278
5,DLS-ACC,expert,ACC,58,0.656413
5,DLS-ACC,expert,ACC,59,0.052044
5,DLS-ACC,expert,ACC,60,0.084557
5,DLS-ACC,expert,ACC,61,0.134211
5,DLS-ACC,expert,ACC,62,0.094633
5,DLS-ACC,expert,ACC,63,0.153363
5,DLS-ACC,expert,ACC,64,0.105651
5,DLS-ACC,expert,ACC,65,0.073249
5,DLS-ACC,expert,ACC,66,0.028468
5,DLS-ACC,expert,ACC,67,0.059525
5,DLS-ACC,expert,ACC,68,0.201044
5,DLS-ACC,expert,ACC,69,0.047767
5,DLS-ACC,expert,ACC,70,0.238846
5,DLS-ACC,expert,ACC,71,0.534601
5,DLS-ACC,expert,ACC,72,0.20877
5,DLS-ACC,expert,ACC,73,0.058902
5,DLS-ACC,expert,ACC,74,0.079459
5,DLS-ACC,expert,ACC,75,0.315837
5,DLS-ACC,expert,ACC,76,0.072475
5,DLS-ACC,expert,ACC,77,0.185216
5,DLS-ACC,expert,ACC,78,0.637652
5,DLS-ACC,expert,ACC,79,0.056727
5,DLS-ACC,expert,ACC,80,0.063282
5,DLS-ACC,expert,ACC,81,0.052099
5,DLS-ACC,expert,ACC,82,0.041121
5,DLS-ACC,expert,ACC,83,0.587912
5,DLS-ACC,expert,ACC,84,0.424262
5,DLS-ACC,expert,ACC,85,0.105508
5,DLS-ACC,expert,ACC,86,0.462658
5,DLS-ACC,expert,ACC,87,0.147622
5,DLS-ACC,expert,ACC,88,0.533899
5,DLS-ACC,expert,ACC,89,0.57888
5,DLS-ACC,expert,ACC,90,0.01143
5,DLS-ACC,expert,ACC,91,0.105629
5,DLS-ACC,expert,ACC,92,0.101409
5,DLS-ACC,expert,ACC,93,0.069167
5,DLS-ACC,expert,ACC,94,0.068948
5,DLS-ACC,expert,ACC,95,0.244203
5,DLS-ACC,expert,ACC,96,0.0
5,DLS-ACC,expert,ACC,97,0.080623
5,DLS-ACC,expert,ACC,98,0.087118
5,DLS-ACC,expert,ACC,99,0.323189
5,DLS-ACC,expert,ACC,100,0.575016
5,DLS-ACC,expert,ACC,101,0.025834
5,DLS-ACC,expert,ACC,102,0.135835
5,DLS-ACC,expert,ACC,103,0.097424
5,DLS-ACC,expert,ACC,104,0.038048
5,DLS-ACC,expert,ACC,105,0.015162
5,DLS-ACC,expert,ACC,106,0.041497
5,DLS-ACC,expert,ACC,107,0.027007
5,DLS-ACC,expert,ACC,108,0.059227
5,DLS-ACC,expert,ACC,109,0.024174
5,DLS-ACC,expert,ACC,110,0.0
5,DLS-ACC,expert,ACC,111,0.01517
5,DLS-ACC,expert,ACC,112,0.0
5,DLS-ACC,expert,ACC,113,0.354869
5,DLS-ACC,expert,ACC,114,0.027953
5,DLS-ACC,expert,ACC,115,0.008851
5,DLS-ACC,expert,ACC,116,0.050299
5,DLS-ACC,expert,ACC,117,0.02254
5,DLS-ACC,expert,ACC,118,0.043593
5,DLS-ACC,expert,ACC,119,0.617093
5,DLS-ACC,expert,ACC,120,0.072801
5,DLS-ACC,expert,ACC,121,0.612352
5,DLS-ACC,expert,ACC,122,0.668522
5,DLS-ACC,expert,ACC,123,0.636602
5,DLS-ACC,expert,ACC,124,0.037626
5,DLS-ACC,expert,ACC,125,0.032711
5,DLS-ACC,expert,ACC,126,0.08496
5,DLS-ACC,expert,ACC,127,0.150699
5,DLS-ACC,expert,ACC,128,0.0
5,DLS-ACC,expert,ACC,129,0.003649
5,DLS-ACC,expert,ACC,130,0.095047
5,DLS-ACC,expert,ACC,131,0.036426
5,DLS-ACC,expert,ACC,132,0.054596
5,DLS-ACC,expert,ACC,133,0.027419
5,DLS-ACC,expert,ACC,134,0.062537
5,DLS-ACC,expert,ACC,135,0.205607
5,DLS-ACC,expert,ACC,136,0.112687
5,DLS-ACC,expert,ACC,137,0.221939
5,DLS-ACC,expert,ACC,138,0.114216
5,DLS-ACC,expert,ACC,139,0.593283
5,DLS-ACC,expert,ACC,140,0.071798
5,DLS-ACC,expert,ACC,141,0.15234
5,DLS-ACC,expert,ACC,142,0.143758
5,DLS-ACC,expert,ACC,143,0.096394
5,DLS-ACC,expert,ACC,144,0.003794
5,DLS-ACC,expert,ACC,145,0.606932
5,DLS-ACC,expert,ACC,146,0.044798
5,DLS-ACC,expert,ACC,147,0.080787
5,DLS-ACC,expert,ACC,148,0.027742
5,DLS-ACC,expert,ACC,149,0.035885
5,DLS-ACC,expert,ACC,150,0.180045
5,DLS-ACC,expert,ACC,151,0.013379
5,DLS-ACC,expert,ACC,152,0.077625
5,DLS-ACC,expert,ACC,153,0.012815
5,DLS-ACC,expert,ACC,154,0.064655
5,DLS-ACC,expert,ACC,155,0.020431
5,DLS-ACC,expert,ACC,156,0.024427
5,DLS-ACC,expert,ACC,157,0.077646
5,DLS-ACC,expert,ACC,158,0.594996
5,DLS-ACC,expert,ACC,159,0.104524
5,DLS-ACC,expert,ACC,160,0.118102
5,DLS-ACC,expert,ACC,161,0.044298
5,DLS-ACC,expert,ACC,162,0.115927
5,DLS-ACC,expert,ACC,163,0.040665
5,DLS-ACC,expert,ACC,164,0.009711
5,DLS-ACC,expert,ACC,165,0.601047
5,DLS-ACC,expert,ACC,166,0.670804
5,DLS-ACC,expert,ACC,167,0.091282
5,DLS-ACC,expert,ACC,168,0.016875
5,DLS-ACC,expert,ACC,169,0.03689
5,DLS-ACC,expert,ACC,170,0.170998
5,DLS-ACC,expert,ACC,171,0.097772
5,DLS-ACC,expert,ACC,172,0.034955
5,DLS-ACC,expert,ACC,173,0.584621
5,DLS-ACC,expert,ACC,174,0.041339
6,DMS-ACC,naive,DMS,0,0.948185
6,DMS-ACC,naive,DMS,1,0.532412
6,DMS-ACC,naive,DMS,2,0.593354
6,DMS-ACC,naive,DMS,3,0.924155
6,DMS-ACC,naive,DMS,4,0.54736
6,DMS-ACC,naive,ACC,0,0.852747
6,DMS-ACC,naive,ACC,1,0.82513
6,DMS-ACC,naive,ACC,2,1.312968
6,DMS-ACC,naive,ACC,3,5.334661
6,DMS-ACC,naive,ACC,4,2.493878
6,DMS-ACC,intermediate,DMS,0,1.042169
6,DMS-ACC,intermediate,DMS,1,0.0
6,DMS-ACC,intermediate,DMS,2,1.35905
6,DMS-ACC,intermediate,DMS,3,1.008529
6,DMS-ACC,intermediate,DMS,4,2.121769
6,DMS-ACC,intermediate,ACC,0,0.855662
6,DMS-ACC,intermediate,ACC,1,1.002106
6,DMS-ACC,intermediate,ACC,2,0.804822
6,DMS-ACC,intermediate,ACC,3,0.864824
6,DMS-ACC,intermediate,ACC,4,0.68976
6,DMS-ACC,expert,DMS,0,1.164997
6,DMS-ACC,expert,DMS,1,0.0
6,DMS-ACC,expert,DMS,2,1.478327
6,DMS-ACC,expert,DMS,3,0.875917
6,DMS-ACC,expert,DMS,4,1.372741
6,DMS-ACC,expert,ACC,0,0.658066
6,DMS-ACC,expert,ACC,1,0.980041
6,DMS-ACC,expert,ACC,2,0.800795
6,DMS-ACC,expert,ACC,3,0.822988
6,DMS-ACC,expert,ACC,4,2.662937
7,DMS-ACC,naive,DMS,0,1.183178
7,DMS-ACC,naive,DMS,1,0.856459
7,DMS-ACC,naive,DMS,2,0.667856
7,DMS-ACC,naive,DMS,3,0.804885
7,DMS-ACC,naive,DMS,4,0.819281
7,DMS-ACC,naive,DMS,5,1.108561
7,DMS-ACC,naive,DMS,6,1.291084
7,DMS-ACC,naive,DMS,7,1.706508
7,DMS-ACC,naive,DMS,8,7.100042
7,DMS-ACC,naive,DMS,9,2.08563
7,DMS-ACC,naive,DMS,10,1.391331
7,DMS-ACC,naive,DMS,11,0.834476
7,DMS-ACC,naive,DMS,12,1.038971
7,DMS-ACC,naive,ACC,0,0.643638
7,DMS-ACC,naive,ACC,1,0.417963
7,DMS-ACC,naive,ACC,2,0.63511
7,DMS-ACC,naive,ACC,3,0.006329
7,DMS-ACC,naive,ACC,4,0.609933
7,DMS-ACC,naive,ACC,5,0.053613
7,DMS-ACC,naive,ACC,6,0.39962
7,DMS-ACC,naive,ACC,7,0.363932
7,DMS-ACC,naive,ACC,8,0.148937
7,DMS-ACC,naive,ACC,9,0.707075
7,DMS-ACC,naive,ACC,10,0.240425
7,DMS-ACC,naive,ACC,11,0.53035
7,DMS-ACC,naive,ACC,12,0.404837
7,DMS-ACC,naive,ACC,13,0.049187
7,DMS-ACC,naive,ACC,14,0.036404
7,DMS-ACC,naive,ACC,15,0.058209
7,DMS-ACC,naive,ACC,16,0.312399
7,DMS-ACC,naive,ACC,17,0.505439
7,DMS-ACC,naive,ACC,18,0.078549
7,DMS-ACC,naive,ACC,19,0.076077
7,DMS-ACC,naive,ACC,20,0.028424
7,DMS-ACC,naive,ACC,21,0.230153
7,DMS-ACC,naive,ACC,22,0.349313
7,DMS-ACC,naive,ACC,23,0.175959
7,DMS-ACC,naive,ACC,24,0.30189
7,DMS-ACC,naive,ACC,25,0.51648
7,DMS-ACC,naive,ACC,26,0.066415
7,DMS-ACC,naive,ACC,27,0.010184
7,DMS-ACC,naive,ACC,28,0.084314
7,DMS-ACC,naive,ACC,29,0.050199
7,DMS-ACC,naive,ACC,30,0.602809
7,DMS-ACC,naive,ACC,31,0.002578
7,DMS-ACC,naive,ACC,32,0.060266
7,DMS-ACC,naive,ACC,33,0.00238
7,DMS-ACC,naive,ACC,34,0.041795
7,DMS-ACC,naive,ACC,35,0.012764
7,DMS-ACC,naive,ACC,36,0.718073
7,DMS-ACC,naive,ACC,37,0.049811
7,DMS-ACC,naive,ACC,38,0.008835
7,DMS-ACC,naive,ACC,39,0.053713
7,DMS-ACC,naive,ACC,40,0.104528
7,DMS-ACC,naive,ACC,41,0.517885
7,DMS-ACC,naive,ACC,42,0.041924
7,DMS-ACC,naive,ACC,43,0.037962
7,DMS-ACC,naive,ACC,44,0.002405
7,DMS-ACC,naive,ACC,45,0.006447
7,DMS-ACC,naive,ACC,46,0.696394
7,DMS-ACC,naive,ACC,47,0.004484
7,DMS-ACC,naive,ACC,48,0.050783
7,DMS-ACC,naive,ACC,49,0.62761
7,DMS-ACC,naive,ACC,50,0.020905
7,DMS-ACC,naive,ACC,51,0.002559
7,DMS-ACC,naive,ACC,52,0.621686
7,DMS-ACC,naive,ACC,53,0.588099
7,DMS-ACC,naive,ACC,54,0.156371
7,DMS-ACC,naive,ACC,55,0.730794
7,DMS-ACC,naive,ACC,56,0.00204
7,DMS-ACC,naive,ACC,57,0.483505
7,DMS-ACC,naive,ACC,58,0.489176
7,DMS-ACC,naive,ACC,59,0.002389
7,DMS-ACC,naive,ACC,60,0.41158
7,DMS-ACC,naive,ACC,61,0.011395
7,DMS-ACC,intermediate,DMS,0,1.346496
7,DMS-ACC,intermediate,DMS,1,0.91284
7,DMS-ACC,intermediate,DMS,2,0.81799
7,DMS-ACC,intermediate,DMS,3,0.968344
7,DMS-ACC,intermediate,DMS,4,1.369334
7,DMS-ACC,intermediate,DMS,5,1.208355
7,DMS-ACC,intermediate,DMS,6,1.330887
7,DMS-ACC,intermediate,DMS,7,1.797569
7,DMS-ACC,intermediate,DMS,8,1.668899
7,DMS-ACC,intermediate,DMS,9,1.536926
7,DMS-ACC,intermediate,DMS,10,1.668072
7,DMS-ACC,intermediate,DMS,11,0.900954
7,DMS-ACC,intermediate,DMS,12,1.061387
7,DMS-ACC,intermediate,ACC,0,0.715946
7,DMS-ACC,intermediate,ACC,1,0.170231
7,DMS-ACC,intermediate,ACC,2,0.468128
7,DMS-ACC,intermediate,ACC,3,0.038173
7,DMS-ACC,intermediate,ACC,4,0.20757
7,DMS-ACC,intermediate,ACC,5,0.139166
7,DMS-ACC,intermediate,ACC,6,0.115676
7,DMS-ACC,intermediate,ACC,7,0.358031
7,DMS-ACC,intermediate,ACC,8,0.558096
7,DMS-ACC,intermediate,ACC,9,0.122772
7,DMS-ACC,intermediate,ACC,10,0.710889
7,DMS-ACC,intermediate,ACC,11,0.136619
7,DMS-ACC,intermediate,ACC,12,0.30489
7,DMS-ACC,intermediate,ACC,13,0.589706
7,DMS-ACC,intermediate,ACC,14,0.144812
7,DMS-ACC,intermediate,ACC,15,0.3703
7,DMS-ACC,intermediate,ACC,16,0.241475
7,DMS-ACC,intermediate,ACC,17,0.230234
7,DMS-ACC,intermediate,ACC,18,0.418878
7,DMS-ACC,intermediate,ACC,19,0.794504
7,DMS-ACC,intermediate,ACC,20,0.032801
7,DMS-ACC,intermediate,ACC,21,0.334759
7,DMS-ACC,intermediate,ACC,22,0.09005
7,DMS-ACC,intermediate,ACC,23,0.205371
7,DMS-ACC,intermediate,ACC,24,0.24604
7,DMS-ACC,intermediate,ACC,25,0.070814
7,DMS-ACC,intermediate,ACC,26,0.204504
7,DMS-ACC,intermediate,ACC,27,0.113735
7,DMS-ACC,intermediate,ACC,28,0.056083
7,DMS-ACC,intermediate,ACC,29,0.692319
7,DMS-ACC,intermediate,ACC,30,0.766758
7,DMS-ACC,intermediate,ACC,31,0.098527
7,DMS-ACC,intermediate,ACC,32,0.64724
7,DMS-ACC,intermediate,ACC,33,0.737959
7,DMS-ACC,intermediate,ACC,34,0.667597
7,DMS-ACC,intermediate,ACC,35,0.122053
7,DMS-ACC,intermediate,ACC,36,0.646986
7,DMS-ACC,intermediate,ACC,37,0.124371
7,DMS-ACC,intermediate,ACC,38,0.017049
7,DMS-ACC,intermediate,ACC,39,0.635659
7,DMS-ACC,intermediate,ACC,40,0.215546
7,DMS-ACC,intermediate,ACC,41,0.640345
7,DMS-ACC,intermediate,ACC,42,0.04766
7,DMS-ACC,intermediate,ACC,43,0.124493
7,DMS-ACC,intermediate,ACC,44,0.007523
7,DMS-ACC,intermediate,ACC,45,0.677085
7,DMS-ACC,intermediate,ACC,46,0.635861
7,DMS-ACC,intermediate,ACC,47,0.029182
7,DMS-ACC,intermediate,ACC,48,0.0208
7,DMS-ACC,intermediate,ACC,49,0.22445
7,DMS-ACC,intermediate,ACC,50,0.017731
7,DMS-ACC,intermediate,ACC,51,0.713164
7,DMS-ACC,intermediate,ACC,52,0.10525
7,DMS-ACC,intermediate,ACC,53,0.304548
7,DMS-ACC,intermediate,ACC,54,0.660142
7,DMS-ACC,intermediate,ACC,55,0.127638
7,DMS-ACC,intermediate,ACC,56,0.495489
7,DMS-ACC,intermediate,ACC,57,0.443898
7,DMS-ACC,intermediate,ACC,58,0.257097
7,DMS-ACC,intermediate,ACC,59,0.047424
7,DMS-ACC,intermediate,ACC,60,0.389809
7,DMS-ACC,intermediate,ACC,61,0.019095
7,DMS-ACC,expert,DMS,0,0.76689
7,DMS-ACC,expert,DMS,1,1.186163
7,DMS-ACC,expert,DMS,2,1.075012
7,DMS-ACC,expert,DMS,3,0.93886
7,DMS-ACC,expert,DMS,4,0.763163
7,DMS-ACC,expert,DMS,5,1.378641
7,DMS-ACC,expert,DMS,6,1.221826
7,DMS-ACC,expert,DMS,7,0.875883
7,DMS-ACC,expert,DMS,8,0.75828
7,DMS-ACC,expert,DMS,9,1.042201
7,DMS-ACC,expert,DMS,10,1.765653
7,DMS-ACC,expert,DMS,11,0.945901
7,DMS-ACC,expert,DMS,12,1.069877
7,DMS-ACC,expert,ACC,0,0.183607
7,DMS-ACC,expert,ACC,1,0.121554
7,DMS-ACC,expert,ACC,2,0.040543
7,DMS-ACC,expert,ACC,3,0.01243
7,DMS-ACC,expert,ACC,4,0.256119
7,DMS-ACC,expert,ACC,5,0.686471
7,DMS-ACC,expert,ACC,6,0.089303
7,DMS-ACC,expert,ACC,7,0.328874
7,DMS-ACC,expert,ACC,8,0.496229
7,DMS-ACC,expert,ACC,9,0.126957
7,DMS-ACC,expert,ACC,10,0.207282
7,DMS-ACC,expert,ACC,11,0.275394
7,DMS-ACC,expert,ACC,12,0.313484
7,DMS-ACC,expert,ACC,13,0.664215
7,DMS-ACC,expert,ACC,14,0.137486
7,DMS-ACC,expert,ACC,15,0.636389
7,DMS-ACC,expert,ACC,16,0.33557
7,DMS-ACC,expert,ACC,17,0.449127
7,DMS-ACC,expert,ACC,18,0.568547
7,DMS-ACC,expert,ACC,19,0.345917
7,DMS-ACC,expert,ACC,20,0.149276
7,DMS-ACC,expert,ACC,21,0.347063
7,DMS-ACC,expert,ACC,22,0.120731
7,DMS-ACC,expert,ACC,23,0.190837
7,DMS-ACC,expert,ACC,24,0.154719
7,DMS-ACC,expert,ACC,25,0.201123
7,DMS-ACC,expert,ACC,26,0.701424
7,DMS-ACC,expert,ACC,27,0.027825
7,DMS-ACC,expert,ACC,28,0.457535
7,DMS-ACC,expert,ACC,29,0.729128
7,DMS-ACC,expert,ACC,30,0.010793
7,DMS-ACC,expert,ACC,31,0.658807
7,DMS-ACC,expert,ACC,32,0.547569
7,DMS-ACC,expert,ACC,33,0.531112
7,DMS-ACC,expert,ACC,34,0.507941
7,DMS-ACC,expert,ACC,35,0.630166
7,DMS-ACC,expert,ACC,36,0.13467
7,DMS-ACC,expert,ACC,37,0.033766
7,DMS-ACC,expert,ACC,38,0.682707
7,DMS-ACC,expert,ACC,39,0.636827
7,DMS-ACC,expert,ACC,40,0.739826
7,DMS-ACC,expert,ACC,41,0.033287
7,DMS-ACC,expert,ACC,42,0.057559
7,DMS-ACC,expert,ACC,43,0.242276
7,DMS-ACC,expert,ACC,44,0.01751
7,DMS-ACC,expert,ACC,45,0.653103
7,DMS-ACC,expert,ACC,46,0.008594
7,DMS-ACC,expert,ACC,47,0.464291
7,DMS-ACC,expert,ACC,48,0.072613
7,DMS-ACC,expert,ACC,49,0.04244
7,DMS-ACC,expert,ACC,50,0.012568
7,DMS-ACC,expert,ACC,51,0.544994
7,DMS-ACC,expert,ACC,52,0.177555
7,DMS-ACC,expert,ACC,53,0.206845
7,DMS-ACC,expert,ACC,54,0.544253
7,DMS-ACC,expert,ACC,55,0.087991
7,DMS-ACC,expert,ACC,56,0.470483
7,DMS-ACC,expert,ACC,57,0.099805
7,DMS-ACC,expert,ACC,58,0.061277
7,DMS-ACC,expert,ACC,59,0.65371
7,DMS-ACC,expert,ACC,60,0.02493
7,DMS-ACC,expert,ACC,61,0.026679
9,DMS-ACC,naive,DMS,0,1.306455
9,DMS-ACC,naive,DMS,1,1.3144
9,DMS-ACC,naive,DMS,2,1.354931
9,DMS-ACC,naive,DMS,3,0.004802
9,DMS-ACC,naive,DMS,4,0.01185
9,DMS-ACC,naive,DMS,5,0.044965
9,DMS-ACC,naive,DMS,6,0.497024
9,DMS-ACC,naive,DMS,7,0.817747
9,DMS-ACC,naive,DMS,8,1.113941
9,DMS-ACC,naive,DMS,9,1.026942
9,DMS-ACC,naive,DMS,10,0.610678
9,DMS-ACC,naive,DMS,11,1.260576
9,DMS-ACC,naive,DMS,12,0.526914
9,DMS-ACC,naive,DMS,13,1.012636
9,DMS-ACC,naive,DMS,14,0.654014
9,DMS-ACC,naive,DMS,15,1.040528
9,DMS-ACC,naive,DMS,16,0.015091
9,DMS-ACC,naive,DMS,17,0.856632
9,DMS-ACC,naive,DMS,18,0.871737
9,DMS-ACC,naive,DMS,19,1.033885
9,DMS-ACC,naive,DMS,20,0.177109
9,DMS-ACC,naive,DMS,21,0.943783
9,DMS-ACC,naive,DMS,22,0.930421
9,DMS-ACC,naive,DMS,23,0.007522
9,DMS-ACC,naive,DMS,24,0.2729
9,DMS-ACC,naive,DMS,25,0.0
9,DMS-ACC,naive,DMS,26,0.738579
9,DMS-ACC,naive,DMS,27,0.660845
9,DMS-ACC,naive,ACC,0,0.750761
9,DMS-ACC,naive,ACC,1,0.806591
9,DMS-ACC,naive,ACC,2,0.019343
9,DMS-ACC,naive,ACC,3,0.661978
9,DMS-ACC,naive,ACC,4,0.837401
9,DMS-ACC,naive,ACC,5,0.040242
9,DMS-ACC,naive,ACC,6,0.835883
9,DMS-ACC,naive,ACC,7,0.727217
9,DMS-ACC,naive,ACC,8,0.534985
9,DMS-ACC,naive,ACC,9,0.046336
9,DMS-ACC,naive,ACC,10,0.573928
9,DMS-ACC,naive,ACC,11,0.58465
9,DMS-ACC,naive,ACC,12,0.029631
9,DMS-ACC,naive,ACC,13,0.430822
9,DMS-ACC,naive,ACC,14,0.506137
9,DMS-ACC,naive,ACC,15,0.063027
9,DMS-ACC,naive,ACC,16,0.617839
9,DMS-ACC,naive,ACC,17,0.535748
9,DMS-ACC,naive,ACC,18,0.795622
9,DMS-ACC,naive,ACC,19,0.516914
9,DMS-ACC,naive,ACC,20,0.241353
9,DMS-ACC,naive,ACC,21,0.795418
9,DMS-ACC,naive,ACC,22,0.214974
9,DMS-ACC,naive,ACC,23,0.444752
9,DMS-ACC,naive,ACC,24,0.863253
9,DMS-ACC,naive,ACC,25,0.048469
9,DMS-ACC,naive,ACC,26,0.020637
9,DMS-ACC,naive,ACC,27,0.494753
9,DMS-ACC,naive,ACC,28,0.122339
9,DMS-ACC,naive,ACC,29,0.03071
9,DMS-ACC,naive,ACC,30,0.602861
9,DMS-ACC,naive,ACC,31,0.720787
9,DMS-ACC,naive,ACC,32,0.722263
9,DMS-ACC,naive,ACC,33,0.126608
9,DMS-ACC,intermediate,DMS,0,1.387437
9,DMS-ACC,intermediate,DMS,1,0.00257
9,DMS-ACC,intermediate,DMS,2,0.02928
9,DMS-ACC,intermediate,DMS,3,1.249564
9,DMS-ACC,intermediate,DMS,4,0.672929
9,DMS-ACC,intermediate,DMS,5,1.068751
9,DMS-ACC,intermediate,DMS,6,0.042087
9,DMS-ACC,intermediate,DMS,7,0.963312
9,DMS-ACC,intermediate,DMS,8,1.173676
9,DMS-ACC,intermediate,DMS,9,0.035119
9,DMS-ACC,intermediate,DMS,10,0.062891
9,DMS-ACC,intermediate,DMS,11,0.010405
9,DMS-ACC,intermediate,DMS,12,0.776718
9,DMS-ACC,intermediate,DMS,13,1.179531
9,DMS-ACC,intermediate,DMS,14,0.731517
9,DMS-ACC,intermediate,DMS,15,0.940249
9,DMS-ACC,intermediate,DMS,16,0.782358
9,DMS-ACC,intermediate,DMS,17,0.619839
9,DMS-ACC,intermediate,DMS,18,0.977757
9,DMS-ACC,intermediate,DMS,19,1.069457
9,DMS-ACC,intermediate,DMS,20,0.485272
9,DMS-ACC,intermediate,DMS,21,1.436345
9,DMS-ACC,intermediate,DMS,22,0.945454
9,DMS-ACC,intermediate,DMS,23,1.003983
9,DMS-ACC,intermediate,DMS,24,0.732225
9,DMS-ACC,intermediate,DMS,25,1.278586
9,DMS-ACC,intermediate,DMS,26,1.182487
9,DMS-ACC,intermediate,DMS,27,0.941621
9,DMS-ACC,intermediate,ACC,0,0.974658
9,DMS-ACC,intermediate,ACC,1,0.765419
9,DMS-ACC,intermediate,ACC,2,0.02586
9,DMS-ACC,intermediate,ACC,3,0.995843
9,DMS-ACC,intermediate,ACC,4,1.005529
9,DMS-ACC,intermediate,ACC,5,0.458571
9,DMS-ACC,intermediate,ACC,6,0.725295
9,DMS-ACC,intermediate,ACC,7,0.934376
9,DMS-ACC,intermediate,ACC,8,0.835799
9,DMS-ACC,intermediate,ACC,9,0.268269
9,DMS-ACC,intermediate,ACC,10,0.724859
9,DMS-ACC,intermediate,ACC,11,0.824779
9,DMS-ACC,intermediate,ACC,12,0.104201
9,DMS-ACC,intermediate,ACC,13,0.251937
9,DMS-ACC,intermediate,ACC,14,0.889975
9,DMS-ACC,intermediate,ACC,15,0.944604
9,DMS-ACC,intermediate,ACC,16,0.956502
9,DMS-ACC,intermediate,ACC,17,0.032945
9,DMS-ACC,intermediate,ACC,18,0.033641
9,DMS-ACC,intermediate,ACC,19,0.167224
9,DMS-ACC,intermediate,ACC,20,0.95928
9,DMS-ACC,intermediate,ACC,21,0.19051
9,DMS-ACC,intermediate,ACC,22,0.585848
9,DMS-ACC,intermediate,ACC,23,0.032997
9,DMS-ACC,intermediate,ACC,24,0.894915
9,DMS-ACC,intermediate,ACC,25,0.031427
9,DMS-ACC,intermediate,ACC,26,0.013818
9,DMS-ACC,intermediate,ACC,27,0.960155
9,DMS-ACC,intermediate,ACC,28,0.795882
9,DMS-ACC,intermediate,ACC,29,0.068213
9,DMS-ACC,intermediate,ACC,30,0.847265
9,DMS-ACC,intermediate,ACC,31,0.832834
9,DMS-ACC,intermediate,ACC,32,0.950119
9,DMS-ACC,intermediate,ACC,33,0.941355
9,DMS-ACC,expert,DMS,0,0.021299
9,DMS-ACC,expert,DMS,1,0.186796
9,DMS-ACC,expert,DMS,2,0.066211
9,DMS-ACC,expert,DMS,3,0.947514
9,DMS-ACC,expert,DMS,4,0.625044
9,DMS-ACC,expert,DMS,5,1.347254
9,DMS-ACC,expert,DMS,6,1.180039
9,DMS-ACC,expert,DMS,7,1.031709
9,DMS-ACC,expert,DMS,8,1.203535
9,DMS-ACC,expert,DMS,9,0.046171
9,DMS-ACC,expert,DMS,10,1.212942
9,DMS-ACC,expert,DMS,11,0.29595
9,DMS-ACC,expert,DMS,12,1.383395
9,DMS-ACC,expert,DMS,13,1.120269
9,DMS-ACC,expert,DMS,14,0.996362
9,DMS-ACC,expert,DMS,15,0.961948
9,DMS-ACC,expert,DMS,16,1.307369
9,DMS-ACC,expert,DMS,17,0.0
9,DMS-ACC,expert,DMS,18,1.003805
9,DMS-ACC,expert,DMS,19,1.048618
9,DMS-ACC,expert,DMS,20,1.469051
9,DMS-ACC,expert,DMS,21,0.044235
9,DMS-ACC,expert,DMS,22,1.050564
9,DMS-ACC,expert,DMS,23,0.004931
9,DMS-ACC,expert,DMS,24,0.792976
9,DMS-ACC,expert,DMS,25,1.209441
9,DMS-ACC,expert,DMS,26,0.945266
9,DMS-ACC,expert,DMS,27,1.352684
9,DMS-ACC,expert,ACC,0,0.331184
9,DMS-ACC,expert,ACC,1,0.917462
9,DMS-ACC,expert,ACC,2,0.003949
9,DMS-ACC,expert,ACC,3,1.046275
9,DMS-ACC,expert,ACC,4,1.005494
9,DMS-ACC,expert,ACC,5,0.974886
9,DMS-ACC,expert,ACC,6,0.685963
9,DMS-ACC,expert,ACC,7,1.019019
9,DMS-ACC,expert,ACC,8,0.092358
9,DMS-ACC,expert,ACC,9,0.309305
9,DMS-ACC,expert,ACC,10,0.143288
9,DMS-ACC,expert,ACC,11,0.953087
9,DMS-ACC,expert,ACC,12,0.40061
9,DMS-ACC,expert,ACC,13,1.073109
9,DMS-ACC,expert,ACC,14,0.145074
9,DMS-ACC,expert,ACC,15,1.026105
9,DMS-ACC,expert,ACC,16,0.338412
9,DMS-ACC,expert,ACC,17,0.030518
9,DMS-ACC,expert,ACC,18,0.011582
9,DMS-ACC,expert,ACC,19,0.056105
9,DMS-ACC,expert,ACC,20,1.025285
9,DMS-ACC,expert,ACC,21,0.825121
9,DMS-ACC,expert,ACC,22,0.990779
9,DMS-ACC,expert,ACC,23,0.81789
9,DMS-ACC,expert,ACC,24,0.95063
9,DMS-ACC,expert,ACC,25,0.018852
9,DMS-ACC,expert,ACC,26,0.063613
9,DMS-ACC,expert,ACC,27,1.004322
9,DMS-ACC,expert,ACC,28,0.85064
9,DMS-ACC,expert,ACC,29,0.233619
9,DMS-ACC,expert,ACC,30,0.816106
9,DMS-ACC,expert,ACC,31,0.814977
9,DMS-ACC,expert,ACC,32,0.910412
9,DMS-ACC,expert,ACC,33,0.977099
9,V1-DMS,naive,V1,0,1.021893
9,V1-DMS,naive,V1,1,0.968939
9,V1-DMS,naive,V1,2,0.128701
9,V1-DMS,naive,V1,3,0.56036
9,V1-DMS,naive,V1,4,0.82567
9,V1-DMS,naive,V1,5,0.516333
9,V1-DMS,naive,V1,6,0.993811
9,V1-DMS,naive,V1,7,0.484222
9,V1-DMS,naive,V1,8,0.647254
9,V1-DMS,naive,V1,9,0.435466
9,V1-DMS,naive,V1,10,0.526749
9,V1-DMS,naive,V1,11,0.530449
9,V1-DMS,naive,V1,12,0.593889
9,V1-DMS,naive,V1,13,0.821083
9,V1-DMS,naive,V1,14,0.766308
9,V1-DMS,naive,V1,15,0.11736
9,V1-DMS,naive,V1,16,0.48356
9,V1-DMS,naive,V1,17,0.24062
9,V1-DMS,naive,V1,18,0.597972
9,V1-DMS,naive,V1,19,0.954054
9,V1-DMS,naive,V1,20,0.998278
9,V1-DMS,naive,V1,21,0.709546
9,V1-DMS,naive,V1,22,0.591801
9,V1-DMS,naive,V1,23,0.480905
9,V1-DMS,naive,DMS,0,1.306455
9,V1-DMS,naive,DMS,1,1.3144
9,V1-DMS,naive,DMS,2,1.354931
9,V1-DMS,naive,DMS,3,0.004802
9,V1-DMS,naive,DMS,4,0.01185
9,V1-DMS,naive,DMS,5,0.044965
9,V1-DMS,naive,DMS,6,0.497024
9,V1-DMS,naive,DMS,7,0.817747
9,V1-DMS,naive,DMS,8,1.113941
9,V1-DMS,naive,DMS,9,1.026942
9,V1-DMS,naive,DMS,10,0.610678
9,V1-DMS,naive,DMS,11,1.260576
9,V1-DMS,naive,DMS,12,0.526914
9,V1-DMS,naive,DMS,13,1.012636
9,V1-DMS,naive,DMS,14,0.654014
9,V1-DMS,naive,DMS,15,1.040528
9,V1-DMS,naive,DMS,16,0.015091
9,V1-DMS,naive,DMS,17,0.856632
9,V1-DMS,naive,DMS,18,0.871737
9,V1-DMS,naive,DMS,19,1.033885
9,V1-DMS,naive,DMS,20,0.177109
9,V1-DMS,naive,DMS,21,0.943783
9,V1-DMS,naive,DMS,22,0.930421
9,V1-DMS,naive,DMS,23,0.007522
9,V1-DMS,naive,DMS,24,0.2729
9,V1-DMS,naive,DMS,25,0.0
9,V1-DMS,naive,DMS,26,0.738579
9,V1-DMS,naive,DMS,27,0.660845
9,V1-DMS,intermediate,V1,0,0.974606
9,V1-DMS,intermediate,V1,1,0.972446
9,V1-DMS,intermediate,V1,2,0.027332
9,V1-DMS,intermediate,V1,3,0.92306
9,V1-DMS,intermediate,V1,4,0.870795
9,V1-DMS,intermediate,V1,5,0.758091
9,V1-DMS,intermediate,V1,6,0.985373
9,V1-DMS,intermediate,V1,7,0.86701
9,V1-DMS,intermediate,V1,8,0.765234
9,V1-DMS,intermediate,V1,9,0.007165
9,V1-DMS,intermediate,V1,10,0.879323
9,V1-DMS,intermediate,V1,11,0.748936
9,V1-DMS,intermediate,V1,12,0.994433
9,V1-DMS,intermediate,V1,13,1.046136
9,V1-DMS,intermediate,V1,14,0.830809
9,V1-DMS,intermediate,V1,15,0.175177
9,V1-DMS,intermediate,V1,16,0.93281
9,V1-DMS,intermediate,V1,17,0.923034
9,V1-DMS,intermediate,V1,18,0.884666
9,V1-DMS,intermediate,V1,19,1.055584
9,V1-DMS,intermediate,V1,20,0.150028
9,V1-DMS,intermediate,V1,21,0.448709
9,V1-DMS,intermediate,V1,22,0.964503
9,V1-DMS,intermediate,V1,23,1.038371
9,V1-DMS,intermediate,DMS,0,1.387437
9,V1-DMS,intermediate,DMS,1,0.00257
9,V1-DMS,intermediate,DMS,2,0.02928
9,V1-DMS,intermediate,DMS,3,1.249564
9,V1-DMS,intermediate,DMS,4,0.672929
9,V1-DMS,intermediate,DMS,5,1.068751
9,V1-DMS,intermediate,DMS,6,0.042087
9,V1-DMS,intermediate,DMS,7,0.963312
9,V1-DMS,intermediate,DMS,8,1.173676
9,V1-DMS,intermediate,DMS,9,0.035119
9,V1-DMS,intermediate,DMS,10,0.062891
9,V1-DMS,intermediate,DMS,11,0.010405
9,V1-DMS,intermediate,DMS,12,0.776718
9,V1-DMS,intermediate,DMS,13,1.179531
9,V1-DMS,intermediate,DMS,14,0.731517
9,V1-DMS,intermediate,DMS,15,0.940249
9,V1-DMS,intermediate,DMS,16,0.782358
9,V1-DMS,intermediate,DMS,17,0.619839
9,V1-DMS,intermediate,DMS,18,0.977757
9,V1-DMS,intermediate,DMS,19,1.069457
9,V1-DMS,intermediate,DMS,20,0.485272
9,V1-DMS,intermediate,DMS,21,1.436345
9,V1-DMS,intermediate,DMS,22,0.945454
9,V1-DMS,intermediate,DMS,23,1.003983
9,V1-DMS,intermediate,DMS,24,0.732225
9,V1-DMS,intermediate,DMS,25,1.278586
9,V1-DMS,intermediate,DMS,26,1.182487
9,V1-DMS,intermediate,DMS,27,0.941621
9,V1-DMS,expert,V1,0,0.985232
9,V1-DMS,expert,V1,1,0.960112
9,V1-DMS,expert,V1,2,0.052246
9,V1-DMS,expert,V1,3,0.967766
9,V1-DMS,expert,V1,4,0.934517
9,V1-DMS,expert,V1,5,1.046942
9,V1-DMS,expert,V1,6,1.017906
9,V1-DMS,expert,V1,7,1.055316
9,V1-DMS,expert,V1,8,1.092234
9,V1-DMS,expert,V1,9,0.006423
9,V1-DMS,expert,V1,10,0.972767
9,V1-DMS,expert,V1,11,0.030036
9,V1-DMS,expert,V1,12,0.99357
9,V1-DMS,expert,V1,13,1.092013
9,V1-DMS,expert,V1,14,0.933191
9,V1-DMS,expert,V1,15,1.146084
9,V1-DMS,expert,V1,16,0.889567
9,V1-DMS,expert,V1,17,0.934514
9,V1-DMS,expert,V1,18,1.053499
9,V1-DMS,expert,V1,19,1.042912
9,V1-DMS,expert,V1,20,0.143395
9,V1-DMS,expert,V1,21,0.872558
9,V1-DMS,expert,V1,22,1.055446
9,V1-DMS,expert,V1,23,1.03429
9,V1-DMS,expert,DMS,0,0.021299
9,V1-DMS,expert,DMS,1,0.186796
9,V1-DMS,expert,DMS,2,0.066211
9,V1-DMS,expert,DMS,3,0.947514
9,V1-DMS,expert,DMS,4,0.625044
9,V1-DMS,expert,DMS,5,1.347254
9,V1-DMS,expert,DMS,6,1.180039
9,V1-DMS,expert,DMS,7,1.031709
9,V1-DMS,expert,DMS,8,1.203535
9,V1-DMS,expert,DMS,9,0.046171
9,V1-DMS,expert,DMS,10,1.212942
9,V1-DMS,expert,DMS,11,0.29595
9,V1-DMS,expert,DMS,12,1.383395
9,V1-DMS,expert,DMS,13,1.120269
9,V1-DMS,expert,DMS,14,0.996362
9,V1-DMS,expert,DMS,15,0.961948
9,V1-DMS,expert,DMS,16,1.307369
9,V1-DMS,expert,DMS,17,0.0
9,V1-DMS,expert,DMS,18,1.003805
9,V1-DMS,expert,DMS,19,1.048618
9,V1-DMS,expert,DMS,20,1.469051
9,V1-DMS,expert,DMS,21,0.044235
9,V1-DMS,expert,DMS,22,1.050564
9,V1-DMS,expert,DMS,23,0.004931
9,V1-DMS,expert,DMS,24,0.792976
9,V1-DMS,expert,DMS,25,1.209441
9,V1-DMS,expert,DMS,26,0.945266
9,V1-DMS,expert,DMS,27,1.352684
9,V1-ACC,naive,V1,0,1.021893
9,V1-ACC,naive,V1,1,0.968939
9,V1-ACC,naive,V1,2,0.128701
9,V1-ACC,naive,V1,3,0.56036
9,V1-ACC,naive,V1,4,0.82567
9,V1-ACC,naive,V1,5,0.516333
9,V1-ACC,naive,V1,6,0.993811
9,V1-ACC,naive,V1,7,0.484222
9,V1-ACC,naive,V1,8,0.647254
9,V1-ACC,naive,V1,9,0.435466
9,V1-ACC,naive,V1,10,0.526749
9,V1-ACC,naive,V1,11,0.530449
9,V1-ACC,naive,V1,12,0.593889
9,V1-ACC,naive,V1,13,0.821083
9,V1-ACC,naive,V1,14,0.766308
9,V1-ACC,naive,V1,15,0.11736
9,V1-ACC,naive,V1,16,0.48356
9,V1-ACC,naive,V1,17,0.24062
9,V1-ACC,naive,V1,18,0.597972
9,V1-ACC,naive,V1,19,0.954054
9,V1-ACC,naive,V1,20,0.998278
9,V1-ACC,naive,V1,21,0.709546
9,V1-ACC,naive,V1,22,0.591801
9,V1-ACC,naive,V1,23,0.480905
9,V1-ACC,naive,ACC,0,0.750761
9,V1-ACC,naive,ACC,1,0.806591
9,V1-ACC,naive,ACC,2,0.019343
9,V1-ACC,naive,ACC,3,0.661978
9,V1-ACC,naive,ACC,4,0.837401
9,V1-ACC,naive,ACC,5,0.040242
9,V1-ACC,naive,ACC,6,0.835883
9,V1-ACC,naive,ACC,7,0.727217
9,V1-ACC,naive,ACC,8,0.534985
9,V1-ACC,naive,ACC,9,0.046336
9,V1-ACC,naive,ACC,10,0.573928
9,V1-ACC,naive,ACC,11,0.58465
9,V1-ACC,naive,ACC,12,0.029631
9,V1-ACC,naive,ACC,13,0.430822
9,V1-ACC,naive,ACC,14,0.506137
9,V1-ACC,naive,ACC,15,0.063027
9,V1-ACC,naive,ACC,16,0.617839
9,V1-ACC,naive,ACC,17,0.535748
9,V1-ACC,naive,ACC,18,0.795622
9,V1-ACC,naive,ACC,19,0.516914
9,V1-ACC,naive,ACC,20,0.241353
9,V1-ACC,naive,ACC,21,0.795418
9,V1-ACC,naive,ACC,22,0.214974
9,V1-ACC,naive,ACC,23,0.444752
9,V1-ACC,naive,ACC,24,0.863253
9,V1-ACC,naive,ACC,25,0.048469
9,V1-ACC,naive,ACC,26,0.020637
9,V1-ACC,naive,ACC,27,0.494753
9,V1-ACC,naive,ACC,28,0.122339
9,V1-ACC,naive,ACC,29,0.03071
9,V1-ACC,naive,ACC,30,0.602861
9,V1-ACC,naive,ACC,31,0.720787
9,V1-ACC,naive,ACC,32,0.722263
9,V1-ACC,naive,ACC,33,0.126608
9,V1-ACC,intermediate,V1,0,0.974606
9,V1-ACC,intermediate,V1,1,0.972446
9,V1-ACC,intermediate,V1,2,0.027332
9,V1-ACC,intermediate,V1,3,0.92306
9,V1-ACC,intermediate,V1,4,0.870795
9,V1-ACC,intermediate,V1,5,0.758091
9,V1-ACC,intermediate,V1,6,0.985373
9,V1-ACC,intermediate,V1,7,0.86701
9,V1-ACC,intermediate,V1,8,0.765234
9,V1-ACC,intermediate,V1,9,0.007165
9,V1-ACC,intermediate,V1,10,0.879323
9,V1-ACC,intermediate,V1,11,0.748936
9,V1-ACC,intermediate,V1,12,0.994433
9,V1-ACC,intermediate,V1,13,1.046136
9,V1-ACC,intermediate,V1,14,0.830809
9,V1-ACC,intermediate,V1,15,0.175177
9,V1-ACC,intermediate,V1,16,0.93281
9,V1-ACC,intermediate,V1,17,0.923034
9,V1-ACC,intermediate,V1,18,0.884666
9,V1-ACC,intermediate,V1,19,1.055584
9,V1-ACC,intermediate,V1,20,0.150028
9,V1-ACC,intermediate,V1,21,0.448709
9,V1-ACC,intermediate,V1,22,0.964503
9,V1-ACC,intermediate,V1,23,1.038371
9,V1-ACC,intermediate,ACC,0,0.974658
9,V1-ACC,intermediate,ACC,1,0.765419
9,V1-ACC,intermediate,ACC,2,0.02586
9,V1-ACC,intermediate,ACC,3,0.995843
9,V1-ACC,intermediate,ACC,4,1.005529
9,V1-ACC,intermediate,ACC,5,0.458571
9,V1-ACC,intermediate,ACC,6,0.725295
9,V1-ACC,intermediate,ACC,7,0.934376
9,V1-ACC,intermediate,ACC,8,0.835799
9,V1-ACC,intermediate,ACC,9,0.268269
9,V1-ACC,intermediate,ACC,10,0.724859
9,V1-ACC,intermediate,ACC,11,0.824779
9,V1-ACC,intermediate,ACC,12,0.104201
9,V1-ACC,intermediate,ACC,13,0.251937
9,V1-ACC,intermediate,ACC,14,0.889975
9,V1-ACC,intermediate,ACC,15,0.944604
9,V1-ACC,intermediate,ACC,16,0.956502
9,V1-ACC,intermediate,ACC,17,0.032945
9,V1-ACC,intermediate,ACC,18,0.033641
9,V1-ACC,intermediate,ACC,19,0.167224
9,V1-ACC,intermediate,ACC,20,0.95928
9,V1-ACC,intermediate,ACC,21,0.19051
9,V1-ACC,intermediate,ACC,22,0.585848
9,V1-ACC,intermediate,ACC,23,0.032997
9,V1-ACC,intermediate,ACC,24,0.894915
9,V1-ACC,intermediate,ACC,25,0.031427
9,V1-ACC,intermediate,ACC,26,0.013818
9,V1-ACC,intermediate,ACC,27,0.960155
9,V1-ACC,intermediate,ACC,28,0.795882
9,V1-ACC,intermediate,ACC,29,0.068213
9,V1-ACC,intermediate,ACC,30,0.847265
9,V1-ACC,intermediate,ACC,31,0.832834
9,V1-ACC,intermediate,ACC,32,0.950119
9,V1-ACC,intermediate,ACC,33,0.941355
9,V1-ACC,expert,V1,0,0.985232
9,V1-ACC,expert,V1,1,0.960112
9,V1-ACC,expert,V1,2,0.052246
9,V1-ACC,expert,V1,3,0.967766
9,V1-ACC,expert,V1,4,0.934517
9,V1-ACC,expert,V1,5,1.046942
9,V1-ACC,expert,V1,6,1.017906
9,V1-ACC,expert,V1,7,1.055316
9,V1-ACC,expert,V1,8,1.092234
9,V1-ACC,expert,V1,9,0.006423
9,V1-ACC,expert,V1,10,0.972767
9,V1-ACC,expert,V1,11,0.030036
9,V1-ACC,expert,V1,12,0.99357
9,V1-ACC,expert,V1,13,1.092013
9,V1-ACC,expert,V1,14,0.933191
9,V1-ACC,expert,V1,15,1.146084
9,V1-ACC,expert,V1,16,0.889567
9,V1-ACC,expert,V1,17,0.934514
9,V1-ACC,expert,V1,18,1.053499
9,V1-ACC,expert,V1,19,1.042912
9,V1-ACC,expert,V1,20,0.143395
9,V1-ACC,expert,V1,21,0.872558
9,V1-ACC,expert,V1,22,1.055446
9,V1-ACC,expert,V1,23,1.03429
9,V1-ACC,expert,ACC,0,0.331184
9,V1-ACC,expert,ACC,1,0.917462
9,V1-ACC,expert,ACC,2,0.003949
9,V1-ACC,expert,ACC,3,1.046275
9,V1-ACC,expert,ACC,4,1.005494
9,V1-ACC,expert,ACC,5,0.974886
9,V1-ACC,expert,ACC,6,0.685963
9,V1-ACC,expert,ACC,7,1.019019
9,V1-ACC,expert,ACC,8,0.092358
9,V1-ACC,expert,ACC,9,0.309305
9,V1-ACC,expert,ACC,10,0.143288
9,V1-ACC,expert,ACC,11,0.953087
9,V1-ACC,expert,ACC,12,0.40061
9,V1-ACC,expert,ACC,13,1.073109
9,V1-ACC,expert,ACC,14,0.145074
9,V1-ACC,expert,ACC,15,1.026105
9,V1-ACC,expert,ACC,16,0.338412
9,V1-ACC,expert,ACC,17,0.030518
9,V1-ACC,expert,ACC,18,0.011582
9,V1-ACC,expert,ACC,19,0.056105
9,V1-ACC,expert,ACC,20,1.025285
9,V1-ACC,expert,ACC,21,0.825121
9,V1-ACC,expert,ACC,22,0.990779
9,V1-ACC,expert,ACC,23,0.81789
9,V1-ACC,expert,ACC,24,0.95063
9,V1-ACC,expert,ACC,25,0.018852
9,V1-ACC,expert,ACC,26,0.063613
9,V1-ACC,expert,ACC,27,1.004322
9,V1-ACC,expert,ACC,28,0.85064
9,V1-ACC,expert,ACC,29,0.233619
9,V1-ACC,expert,ACC,30,0.816106
9,V1-ACC,expert,ACC,31,0.814977
9,V1-ACC,expert,ACC,32,0.910412
9,V1-ACC,expert,ACC,33,0.977099
10,DMS-DLS,naive,DMS,0,1.022179
10,DMS-DLS,naive,DMS,1,0.828425
10,DMS-DLS,naive,DMS,2,1.273865
10,DMS-DLS,naive,DMS,3,1.018838
10,DMS-DLS,naive,DMS,4,1.780193
10,DMS-DLS,naive,DMS,5,1.024501
10,DMS-DLS,naive,DMS,6,7.307905
10,DMS-DLS,naive,DMS,7,7.323768
10,DMS-DLS,naive,DMS,8,1.244621
10,DMS-DLS,naive,DMS,9,1.076802
10,DMS-DLS,naive,DMS,10,1.390477
10,DMS-DLS,naive,DMS,11,1.332238
10,DMS-DLS,naive,DMS,12,1.23289
10,DMS-DLS,naive,DMS,13,1.192143
10,DMS-DLS,naive,DMS,14,1.13733
10,DMS-DLS,naive,DMS,15,1.077692
10,DMS-DLS,naive,DMS,16,1.725306
10,DMS-DLS,naive,DMS,17,1.172514
10,DMS-DLS,naive,DMS,18,1.805791
10,DMS-DLS,naive,DMS,19,0.585117
10,DMS-DLS,naive,DLS,0,0.972153
10,DMS-DLS,naive,DLS,1,0.88539
10,DMS-DLS,naive,DLS,2,1.204219
10,DMS-DLS,naive,DLS,3,1.460284
10,DMS-DLS,naive,DLS,4,0.564277
10,DMS-DLS,naive,DLS,5,1.065654
10,DMS-DLS,naive,DLS,6,1.201668
10,DMS-DLS,naive,DLS,7,1.200875
10,DMS-DLS,naive,DLS,8,1.453286
10,DMS-DLS,naive,DLS,9,0.580469
10,DMS-DLS,naive,DLS,10,0.985795
10,DMS-DLS,naive,DLS,11,0.732546
10,DMS-DLS,naive,DLS,12,0.60949
10,DMS-DLS,naive,DLS,13,1.285868
10,DMS-DLS,naive,DLS,14,0.634407
10,DMS-DLS,naive,DLS,15,1.055385
10,DMS-DLS,naive,DLS,16,1.105423
10,DMS-DLS,naive,DLS,17,0.788288
10,DMS-DLS,naive,DLS,18,0.90713
10,DMS-DLS,naive,DLS,19,0.850917
10,DMS-DLS,intermediate,DMS,0,0.999534
10,DMS-DLS,intermediate,DMS,1,1.261403
10,DMS-DLS,intermediate,DMS,2,1.046522
10,DMS-DLS,intermediate,DMS,3,1.017448
10,DMS-DLS,intermediate,DMS,4,1.234649
10,DMS-DLS,intermediate,DMS,5,1.01739
10,DMS-DLS,intermediate,DMS,6,7.000033
10,DMS-DLS,intermediate,DMS,7,6.983369
10,DMS-DLS,intermediate,DMS,8,1.263159
10,DMS-DLS,intermediate,DMS,9,1.163925
10,DMS-DLS,intermediate,DMS,10,0.844449
10,DMS-DLS,intermediate,DMS,11,1.153494
10,DMS-DLS,intermediate,DMS,12,0.94218
10,DMS-DLS,intermediate,DMS,13,0.894728
10,DMS-DLS,intermediate,DMS,14,1.205906
10,DMS-DLS,intermediate,DMS,15,0.925594
10,DMS-DLS,intermediate,DMS,16,1.007181
10,DMS-DLS,intermediate,DMS,17,1.227084
10,DMS-DLS,intermediate,DMS,18,0.799147
10,DMS-DLS,intermediate,DMS,19,0.0
10,DMS-DLS,intermediate,DLS,0,1.096887
10,DMS-DLS,intermediate,DLS,1,1.158341
10,DMS-DLS,intermediate,DLS,2,0.951492
10,DMS-DLS,intermediate,DLS,3,0.923103
10,DMS-DLS,intermediate,DLS,4,1.093125
10,DMS-DLS,intermediate,DLS,5,1.014105
10,DMS-DLS,intermediate,DLS,6,0.952729
10,DMS-DLS,intermediate,DLS,7,0.89509
10,DMS-DLS,intermediate,DLS,8,1.499363
10,DMS-DLS,intermediate,DLS,9,0.743236
10,DMS-DLS,intermediate,DLS,10,1.00696
10,DMS-DLS,intermediate,DLS,11,1.291605
10,DMS-DLS,intermediate,DLS,12,1.858291
10,DMS-DLS,intermediate,DLS,13,0.777634
10,DMS-DLS,intermediate,DLS,14,1.619018
10,DMS-DLS,intermediate,DLS,15,0.995294
10,DMS-DLS,intermediate,DLS,16,0.856328
10,DMS-DLS,intermediate,DLS,17,0.637345
10,DMS-DLS,intermediate,DLS,18,1.255449
10,DMS-DLS,intermediate,DLS,19,1.138373
10,DMS-DLS,expert,DMS,0,1.013388
10,DMS-DLS,expert,DMS,1,1.380758
10,DMS-DLS,expert,DMS,2,1.304316
10,DMS-DLS,expert,DMS,3,0.965089
10,DMS-DLS,expert,DMS,4,1.411556
10,DMS-DLS,expert,DMS,5,1.026996
10,DMS-DLS,expert,DMS,6,8.112422
10,DMS-DLS,expert,DMS,7,8.048347
10,DMS-DLS,expert,DMS,8,1.755534
10,DMS-DLS,expert,DMS,9,1.184088
10,DMS-DLS,expert,DMS,10,0.971775
10,DMS-DLS,expert,DMS,11,1.335016
10,DMS-DLS,expert,DMS,12,0.991877
10,DMS-DLS,expert,DMS,13,1.104369
10,DMS-DLS,expert,DMS,14,1.060297
10,DMS-DLS,expert,DMS,15,1.111477
10,DMS-DLS,expert,DMS,16,1.061243
10,DMS-DLS,expert,DMS,17,1.602126
10,DMS-DLS,expert,DMS,18,0.696599
10,DMS-DLS,expert,DMS,19,0.857726
10,DMS-DLS,expert,DLS,0,1.01732
10,DMS-DLS,expert,DLS,1,1.59261
10,DMS-DLS,expert,DLS,2,1.110633
10,DMS-DLS,expert,DLS,3,1.224533
10,DMS-DLS,expert,DLS,4,0.0
10,DMS-DLS,expert,DLS,5,1.30863
10,DMS-DLS,expert,DLS,6,1.066246
10,DMS-DLS,expert,DLS,7,1.099638
10,DMS-DLS,expert,DLS,8,1.532559
10,DMS-DLS,expert,DLS,9,1.301145
10,DMS-DLS,expert,DLS,10,1.040613
10,DMS-DLS,expert,DLS,11,0.558717
10,DMS-DLS,expert,DLS,12,3.412897
10,DMS-DLS,expert,DLS,13,0.973494
10,DMS-DLS,expert,DLS,14,1.91856
10,DMS-DLS,expert,DLS,15,1.026039
10,DMS-DLS,expert,DLS,16,1.114907
10,DMS-DLS,expert,DLS,17,2.916695
10,DMS-DLS,expert,DLS,18,1.490309
10,DMS-DLS,expert,DLS,19,1.4166
10,DMS-ACC,naive,DMS,0,0.823015
10,DMS-ACC,naive,DMS,1,0.574743
10,DMS-ACC,naive,DMS,2,1.005173
10,DMS-ACC,naive,DMS,3,0.966263
10,DMS-ACC,naive,DMS,4,1.477557
10,DMS-ACC,naive,DMS,5,0.928633
10,DMS-ACC,naive,DMS,6,4.041329
10,DMS-ACC,naive,DMS,7,3.461276
10,DMS-ACC,naive,DMS,8,0.758749
10,DMS-ACC,naive,DMS,9,0.911149
10,DMS-ACC,naive,DMS,10,1.068955
10,DMS-ACC,naive,DMS,11,1.163341
10,DMS-ACC,naive,DMS,12,1.20761
10,DMS-ACC,naive,DMS,13,0.980952
10,DMS-ACC,naive,DMS,14,1.005044
10,DMS-ACC,naive,DMS,15,0.860948
10,DMS-ACC,naive,DMS,16,1.284406
10,DMS-ACC,naive,DMS,17,0.938298
10,DMS-ACC,naive,DMS,18,1.502284
10,DMS-ACC,naive,DMS,19,0.536559
10,DMS-ACC,naive,ACC,0,0.895221
10,DMS-ACC,naive,ACC,1,2.380327
10,DMS-ACC,naive,ACC,2,0.933895
10,DMS-ACC,naive,ACC,3,1.389617
10,DMS-ACC,naive,ACC,4,1.357807
10,DMS-ACC,naive,ACC,5,0.978874
10,DMS-ACC,naive,ACC,6,0.982914
10,DMS-ACC,naive,ACC,7,1.092768
10,DMS-ACC,naive,ACC,8,0.435555
10,DMS-ACC,naive,ACC,9,1.408838
10,DMS-ACC,naive,ACC,10,2.696623
10,DMS-ACC,naive,ACC,11,0.675533
10,DMS-ACC,naive,ACC,12,0.0
10,DMS-ACC,naive,ACC,13,0.994821
10,DMS-ACC,naive,ACC,14,0.0
10,DMS-ACC,naive,ACC,15,1.016232
10,DMS-ACC,intermediate,DMS,0,0.970858
10,DMS-ACC,intermediate,DMS,1,1.097174
10,DMS-ACC,intermediate,DMS,2,0.977917
10,DMS-ACC,intermediate,DMS,3,0.72295
10,DMS-ACC,intermediate,DMS,4,1.058768
10,DMS-ACC,intermediate,DMS,5,0.93223
10,DMS-ACC,intermediate,DMS,6,5.437431
10,DMS-ACC,intermediate,DMS,7,5.308946
10,DMS-ACC,intermediate,DMS,8,1.035673
10,DMS-ACC,intermediate,DMS,9,1.12906
10,DMS-ACC,intermediate,DMS,10,0.738662
10,DMS-ACC,intermediate,DMS,11,1.05262
10,DMS-ACC,intermediate,DMS,12,0.919513
10,DMS-ACC,intermediate,DMS,13,0.866201
10,DMS-ACC,intermediate,DMS,14,1.011906
10,DMS-ACC,intermediate,DMS,15,0.658006
10,DMS-ACC,intermediate,DMS,16,0.918954
10,DMS-ACC,intermediate,DMS,17,0.727937
10,DMS-ACC,intermediate,DMS,18,0.742355
10,DMS-ACC,intermediate,DMS,19,0.0
10,DMS-ACC,intermediate,ACC,0,1.10975
10,DMS-ACC,intermediate,ACC,1,0.833733
10,DMS-ACC,intermediate,ACC,2,1.075136
10,DMS-ACC,intermediate,ACC,3,1.007625
10,DMS-ACC,intermediate,ACC,4,0.882244
10,DMS-ACC,intermediate,ACC,5,1.039236
10,DMS-ACC,intermediate,ACC,6,1.045283
10,DMS-ACC,intermediate,ACC,7,1.0066
10,DMS-ACC,intermediate,ACC,8,1.389117
10,DMS-ACC,intermediate,ACC,9,1.052103
10,DMS-ACC,intermediate,ACC,10,0.897946
10,DMS-ACC,intermediate,ACC,11,2.852785
10,DMS-ACC,intermediate,ACC,12,0.0
10,DMS-ACC,intermediate,ACC,13,0.98649
10,DMS-ACC,intermediate,ACC,14,0.601841
10,DMS-ACC,intermediate,ACC,15,0.932855
10,DMS-ACC,expert,DMS,0,0.633633
10,DMS-ACC,expert,DMS,1,0.970386
10,DMS-ACC,expert,DMS,2,1.238667
10,DMS-ACC,expert,DMS,3,0.638525
10,DMS-ACC,expert,DMS,4,1.351357
10,DMS-ACC,expert,DMS,5,1.021043
10,DMS-ACC,expert,DMS,6,7.202811
10,DMS-ACC,expert,DMS,7,7.076762
10,DMS-ACC,expert,DMS,8,1.658564
10,DMS-ACC,expert,DMS,9,1.108475
10,DMS-ACC,expert,DMS,10,0.811885
10,DMS-ACC,expert,DMS,11,1.184965
10,DMS-ACC,expert,DMS,12,0.865889
10,DMS-ACC,expert,DMS,13,1.048637
10,DMS-ACC,expert,DMS,14,0.974937
10,DMS-ACC,expert,DMS,15,0.990847
10,DMS-ACC,expert,DMS,16,0.911648
10,DMS-ACC,expert,DMS,17,1.583328
10,DMS-ACC,expert,DMS,18,0.632391
10,DMS-ACC,expert,DMS,19,0.701887
10,DMS-ACC,expert,ACC,0,1.022958
10,DMS-ACC,expert,ACC,1,0.812965
10,DMS-ACC,expert,ACC,2,1.185999
10,DMS-ACC,expert,ACC,3,0.965542
10,DMS-ACC,expert,ACC,4,0.903879
10,DMS-ACC,expert,ACC,5,1.597652
10,DMS-ACC,expert,ACC,6,1.028328
10,DMS-ACC,expert,ACC,7,1.07436
10,DMS-ACC,expert,ACC,8,1.581864
10,DMS-ACC,expert,ACC,9,0.773504
10,DMS-ACC,expert,ACC,10,1.028832
10,DMS-ACC,expert,ACC,11,5.059943
10,DMS-ACC,expert,ACC,12,0.382331
10,DMS-ACC,expert,ACC,13,1.000639
10,DMS-ACC,expert,ACC,14,0.0
10,DMS-ACC,expert,ACC,15,0.808592
10,DLS-ACC,naive,DLS,0,0.963475
10,DLS-ACC,naive,DLS,1,0.764027
10,DLS-ACC,naive,DLS,2,1.041368
10,DLS-ACC,naive,DLS,3,1.336399
10,DLS-ACC,naive,DLS,4,0.391344
10,DLS-ACC,naive,DLS,5,0.752165
10,DLS-ACC,naive,DLS,6,1.155473
10,DLS-ACC,naive,DLS,7,0.977462
10,DLS-ACC,naive,DLS,8,1.200324
10,DLS-ACC,naive,DLS,9,0.458032
10,DLS-ACC,naive,DLS,10,0.800029
10,DLS-ACC,naive,DLS,11,0.36443
10,DLS-ACC,naive,DLS,12,0.493667
10,DLS-ACC,naive,DLS,13,0.592916
10,DLS-ACC,naive,DLS,14,0.568022
10,DLS-ACC,naive,DLS,15,1.003215
10,DLS-ACC,naive,DLS,16,0.905581
10,DLS-ACC,naive,DLS,17,0.588918
10,DLS-ACC,naive,DLS,18,0.888067
10,DLS-ACC,naive,DLS,19,0.82653
10,DLS-ACC,naive,ACC,0,0.895221
10,DLS-ACC,naive,ACC,1,2.380327
10,DLS-ACC,naive,ACC,2,0.933895
10,DLS-ACC,naive,ACC,3,1.389617
10,DLS-ACC,naive,ACC,4,1.357807
10,DLS-ACC,naive,ACC,5,0.978874
10,DLS-ACC,naive,ACC,6,0.982914
10,DLS-ACC,naive,ACC,7,1.092768
10,DLS-ACC,naive,ACC,8,0.435555
10,DLS-ACC,naive,ACC,9,1.408838
10,DLS-ACC,naive,ACC,10,2.696623
10,DLS-ACC,naive,ACC,11,0.675533
10,DLS-ACC,naive,ACC,12,0.0
10,DLS-ACC,naive,ACC,13,0.994821
10,DLS-ACC,naive,ACC,14,0.0
10,DLS-ACC,naive,ACC,15,1.016232
10,DLS-ACC,intermediate,DLS,0,0.845971
10,DLS-ACC,intermediate,DLS,1,1.136767
10,DLS-ACC,intermediate,DLS,2,0.938421
10,DLS-ACC,intermediate,DLS,3,0.912767
10,DLS-ACC,intermediate,DLS,4,0.775325
10,DLS-ACC,intermediate,DLS,5,0.914239
10,DLS-ACC,intermediate,DLS,6,0.899142
10,DLS-ACC,intermediate,DLS,7,0.869935
10,DLS-ACC,intermediate,DLS,8,1.454854
10,DLS-ACC,intermediate,DLS,9,0.622882
10,DLS-ACC,intermediate,DLS,10,0.980139
10,DLS-ACC,intermediate,DLS,11,0.9954
10,DLS-ACC,intermediate,DLS,12,1.597343
10,DLS-ACC,intermediate,DLS,13,0.761306
10,DLS-ACC,intermediate,DLS,14,1.133292
10,DLS-ACC,intermediate,DLS,15,0.86358
10,DLS-ACC,intermediate,DLS,16,0.683144
10,DLS-ACC,intermediate,DLS,17,0.337502
10,DLS-ACC,intermediate,DLS,18,1.231551
10,DLS-ACC,intermediate,DLS,19,1.087335
10,DLS-ACC,intermediate,ACC,0,1.10975
10,DLS-ACC,intermediate,ACC,1,0.833733
10,DLS-ACC,intermediate,ACC,2,1.075136
10,DLS-ACC,intermediate,ACC,3,1.007625
10,DLS-ACC,intermediate,ACC,4,0.882244
10,DLS-ACC,intermediate,ACC,5,1.039236
10,DLS-ACC,intermediate,ACC,6,1.045283
10,DLS-ACC,intermediate,ACC,7,1.0066
10,DLS-ACC,intermediate,ACC,8,1.389117
10,DLS-ACC,intermediate,ACC,9,1.052103
10,DLS-ACC,intermediate,ACC,10,0.897946
10,DLS-ACC,intermediate,ACC,11,2.852785
10,DLS-ACC,intermediate,ACC,12,0.0
10,DLS-ACC,intermediate,ACC,13,0.98649
10,DLS-ACC,intermediate,ACC,14,0.601841
10,DLS-ACC,intermediate,ACC,15,0.932855
10,DLS-ACC,expert,DLS,0,0.973673
10,DLS-ACC,expert,DLS,1,1.217894
10,DLS-ACC,expert,DLS,2,0.81327
10,DLS-ACC,expert,DLS,3,1.028895
10,DLS-ACC,expert,DLS,4,0.0
10,DLS-ACC,expert,DLS,5,1.187157
10,DLS-ACC,expert,DLS,6,0.968064
10,DLS-ACC,expert,DLS,7,1.014949
10,DLS-ACC,expert,DLS,8,1.505682
10,DLS-ACC,expert,DLS,9,1.235549
10,DLS-ACC,expert,DLS,10,0.952023
10,DLS-ACC,expert,DLS,11,0.494788
10,DLS-ACC,expert,DLS,12,2.838556
10,DLS-ACC,expert,DLS,13,0.841016
10,DLS-ACC,expert,DLS,14,1.246717
10,DLS-ACC,expert,DLS,15,0.917877
10,DLS-ACC,expert,DLS,16,0.910317
10,DLS-ACC,expert,DLS,17,2.712784
10,DLS-ACC,expert,DLS,18,1.326484
10,DLS-ACC,expert,DLS,19,1.348924
10,DLS-ACC,expert,ACC,0,1.022958
10,DLS-ACC,expert,ACC,1,0.812965
10,DLS-ACC,expert,ACC,2,1.185999
10,DLS-ACC,expert,ACC,3,0.965542
10,DLS-ACC,expert,ACC,4,0.903879
10,DLS-ACC,expert,ACC,5,1.597652
10,DLS-ACC,expert,ACC,6,1.028328
10,DLS-ACC,expert,ACC,7,1.07436
10,DLS-ACC,expert,ACC,8,1.581864
10,DLS-ACC,expert,ACC,9,0.773504
10,DLS-ACC,expert,ACC,10,1.028832
10,DLS-ACC,expert,ACC,11,5.059943
10,DLS-ACC,expert,ACC,12,0.382331
10,DLS-ACC,expert,ACC,13,1.000639
10,DLS-ACC,expert,ACC,14,0.0
10,DLS-ACC,expert,ACC,15,0.808592
10,V1-DMS,naive,V1,0,0.905284
10,V1-DMS,naive,V1,1,0.886037
10,V1-DMS,naive,V1,2,0.832308
10,V1-DMS,naive,V1,3,0.870855
10,V1-DMS,naive,V1,4,0.937678
10,V1-DMS,naive,V1,5,0.890405
10,V1-DMS,naive,V1,6,0.847684
10,V1-DMS,naive,DMS,0,0.58457
10,V1-DMS,naive,DMS,1,0.459559
10,V1-DMS,naive,DMS,2,0.831823
10,V1-DMS,naive,DMS,3,0.580756
10,V1-DMS,naive,DMS,4,1.091786
10,V1-DMS,naive,DMS,5,0.583366
10,V1-DMS,naive,DMS,6,3.148357
10,V1-DMS,naive,DMS,7,2.988915
10,V1-DMS,naive,DMS,8,0.82021
10,V1-DMS,naive,DMS,9,0.790572
10,V1-DMS,naive,DMS,10,0.609027
10,V1-DMS,naive,DMS,11,0.727739
10,V1-DMS,naive,DMS,12,0.847036
10,V1-DMS,naive,DMS,13,0.918314
10,V1-DMS,naive,DMS,14,0.783446
10,V1-DMS,naive,DMS,15,0.61629
10,V1-DMS,naive,DMS,16,0.943847
10,V1-DMS,naive,DMS,17,0.623136
10,V1-DMS,naive,DMS,18,0.996277
10,V1-DMS,naive,DMS,19,0.291917
10,V1-DMS,intermediate,V1,0,0.942543
10,V1-DMS,intermediate,V1,1,0.957271
10,V1-DMS,intermediate,V1,2,1.295741
10,V1-DMS,intermediate,V1,3,1.180335
10,V1-DMS,intermediate,V1,4,1.331927
10,V1-DMS,intermediate,V1,5,1.022777
10,V1-DMS,intermediate,V1,6,1.085869
10,V1-DMS,intermediate,DMS,0,0.38172
10,V1-DMS,intermediate,DMS,1,0.734938
10,V1-DMS,intermediate,DMS,2,0.644086
10,V1-DMS,intermediate,DMS,3,0.256153
10,V1-DMS,intermediate,DMS,4,0.896245
10,V1-DMS,intermediate,DMS,5,0.66414
10,V1-DMS,intermediate,DMS,6,4.965769
10,V1-DMS,intermediate,DMS,7,4.818156
10,V1-DMS,intermediate,DMS,8,0.533537
10,V1-DMS,intermediate,DMS,9,0.636856
10,V1-DMS,intermediate,DMS,10,0.529515
10,V1-DMS,intermediate,DMS,11,0.85946
10,V1-DMS,intermediate,DMS,12,0.724375
10,V1-DMS,intermediate,DMS,13,0.567856
10,V1-DMS,intermediate,DMS,14,0.337787
10,V1-DMS,intermediate,DMS,15,0.361923
10,V1-DMS,intermediate,DMS,16,0.671549
10,V1-DMS,intermediate,DMS,17,0.86612
10,V1-DMS,intermediate,DMS,18,0.347629
10,V1-DMS,intermediate,DMS,19,0.0
10,V1-DMS,expert,V1,0,0.96819
10,V1-DMS,expert,V1,1,1.030774
10,V1-DMS,expert,V1,2,1.56722
10,V1-DMS,expert,V1,3,1.073056
10,V1-DMS,expert,V1,4,1.584373
10,V1-DMS,expert,V1,5,1.082901
10,V1-DMS,expert,V1,6,1.178733
10,V1-DMS,expert,DMS,0,0.778882
10,V1-DMS,expert,DMS,1,0.748035
10,V1-DMS,expert,DMS,2,0.668292
10,V1-DMS,expert,DMS,3,0.545017
10,V1-DMS,expert,DMS,4,0.87625
10,V1-DMS,expert,DMS,5,0.408157
10,V1-DMS,expert,DMS,6,1.29416
10,V1-DMS,expert,DMS,7,1.020005
10,V1-DMS,expert,DMS,8,0.671779
10,V1-DMS,expert,DMS,9,0.832177
10,V1-DMS,expert,DMS,10,0.48861
10,V1-DMS,expert,DMS,11,0.923126
10,V1-DMS,expert,DMS,12,0.833868
10,V1-DMS,expert,DMS,13,0.816335
10,V1-DMS,expert,DMS,14,0.339066
10,V1-DMS,expert,DMS,15,0.930031
10,V1-DMS,expert,DMS,16,0.557648
10,V1-DMS,expert,DMS,17,0.82443
10,V1-DMS,expert,DMS,18,0.394212
10,V1-DMS,expert,DMS,19,0.351815
10,V1-DLS,naive,V1,0,0.905284
10,V1-DLS,naive,V1,1,0.886037
10,V1-DLS,naive,V1,2,0.832308
10,V1-DLS,naive,V1,3,0.870855
10,V1-DLS,naive,V1,4,0.937678
10,V1-DLS,naive,V1,5,0.890405
10,V1-DLS,naive,V1,6,0.847684
10,V1-DLS,naive,DLS,0,0.720385
10,V1-DLS,naive,DLS,1,0.509314
10,V1-DLS,naive,DLS,2,0.495681
10,V1-DLS,naive,DLS,3,1.030847
10,V1-DLS,naive,DLS,4,0.329093
10,V1-DLS,naive,DLS,5,0.606578
10,V1-DLS,naive,DLS,6,0.760027
10,V1-DLS,naive,DLS,7,0.678975
10,V1-DLS,naive,DLS,8,0.849082
10,V1-DLS,naive,DLS,9,0.421346
10,V1-DLS,naive,DLS,10,0.470884
10,V1-DLS,naive,DLS,11,0.335226
10,V1-DLS,naive,DLS,12,0.362708
10,V1-DLS,naive,DLS,13,0.492292
10,V1-DLS,naive,DLS,14,0.243859
10,V1-DLS,naive,DLS,15,0.578647
10,V1-DLS,naive,DLS,16,0.704829
10,V1-DLS,naive,DLS,17,0.399667
10,V1-DLS,naive,DLS,18,0.740522
10,V1-DLS,naive,DLS,19,0.519671
10,V1-DLS,intermediate,V1,0,0.942543
10,V1-DLS,intermediate,V1,1,0.957271
10,V1-DLS,intermediate,V1,2,1.295741
10,V1-DLS,intermediate,V1,3,1.180335
10,V1-DLS,intermediate,V1,4,1.331927
10,V1-DLS,intermediate,V1,5,1.022777
10,V1-DLS,intermediate,V1,6,1.085869
10,V1-DLS,intermediate,DLS,0,0.685628
10,V1-DLS,intermediate,DLS,1,0.847128
10,V1-DLS,intermediate,DLS,2,0.268643
10,V1-DLS,intermediate,DLS,3,0.415492
10,V1-DLS,intermediate,DLS,4,0.20492
10,V1-DLS,intermediate,DLS,5,0.39012
10,V1-DLS,intermediate,DLS,6,0.527344
10,V1-DLS,intermediate,DLS,7,0.587568
10,V1-DLS,intermediate,DLS,8,0.95103
10,V1-DLS,intermediate,DLS,9,0.469079
10,V1-DLS,intermediate,DLS,10,0.368394
10,V1-DLS,intermediate,DLS,11,1.108148
10,V1-DLS,intermediate,DLS,12,0.834659
10,V1-DLS,intermediate,DLS,13,0.410721
10,V1-DLS,intermediate,DLS,14,1.011533
10,V1-DLS,intermediate,DLS,15,0.404478
10,V1-DLS,intermediate,DLS,16,0.579123
10,V1-DLS,intermediate,DLS,17,0.603965
10,V1-DLS,intermediate,DLS,18,0.77092
10,V1-DLS,intermediate,DLS,19,0.84739
10,V1-DLS,expert,V1,0,0.96819
10,V1-DLS,expert,V1,1,1.030774
10,V1-DLS,expert,V1,2,1.56722
10,V1-DLS,expert,V1,3,1.073056
10,V1-DLS,expert,V1,4,1.584373
10,V1-DLS,expert,V1,5,1.082901
10,V1-DLS,expert,V1,6,1.178733
10,V1-DLS,expert,DLS,0,0.60213
10,V1-DLS,expert,DLS,1,0.608876
10,V1-DLS,expert,DLS,2,0.758664
10,V1-DLS,expert,DLS,3,0.715381
10,V1-DLS,expert,DLS,4,0.0
10,V1-DLS,expert,DLS,5,0.666365
10,V1-DLS,expert,DLS,6,0.801638
10,V1-DLS,expert,DLS,7,0.773885
10,V1-DLS,expert,DLS,8,0.957189
10,V1-DLS,expert,DLS,9,0.775715
10,V1-DLS,expert,DLS,10,0.720758
10,V1-DLS,expert,DLS,11,0.246566
10,V1-DLS,expert,DLS,12,2.810432
10,V1-DLS,expert,DLS,13,0.53537
10,V1-DLS,expert,DLS,14,0.775441
10,V1-DLS,expert,DLS,15,0.517018
10,V1-DLS,expert,DLS,16,0.519561
10,V1-DLS,expert,DLS,17,0.555532
10,V1-DLS,expert,DLS,18,1.120093
10,V1-DLS,expert,DLS,19,0.851721
10,V1-ACC,naive,V1,0,0.905284
10,V1-ACC,naive,V1,1,0.886037
10,V1-ACC,naive,V1,2,0.832308
10,V1-ACC,naive,V1,3,0.870855
10,V1-ACC,naive,V1,4,0.937678
10,V1-ACC,naive,V1,5,0.890405
10,V1-ACC,naive,V1,6,0.847684
10,V1-ACC,naive,ACC,0,0.728843
10,V1-ACC,naive,ACC,1,2.191718
10,V1-ACC,naive,ACC,2,0.723987
10,V1-ACC,naive,ACC,3,1.029374
10,V1-ACC,naive,ACC,4,1.098413
10,V1-ACC,naive,ACC,5,0.491651
10,V1-ACC,naive,ACC,6,0.673289
10,V1-ACC,naive,ACC,7,0.807479
10,V1-ACC,naive,ACC,8,0.383229
10,V1-ACC,naive,ACC,9,0.921844
10,V1-ACC,naive,ACC,10,1.780383
10,V1-ACC,naive,ACC,11,0.446753
10,V1-ACC,naive,ACC,12,0.0
10,V1-ACC,naive,ACC,13,0.278821
10,V1-ACC,naive,ACC,14,0.0
10,V1-ACC,naive,ACC,15,0.468282
10,V1-ACC,intermediate,V1,0,0.942543
10,V1-ACC,intermediate,V1,1,0.957271
10,V1-ACC,intermediate,V1,2,1.295741
10,V1-ACC,intermediate,V1,3,1.180335
10,V1-ACC,intermediate,V1,4,1.331927
10,V1-ACC,intermediate,V1,5,1.022777
10,V1-ACC,intermediate,V1,6,1.085869
10,V1-ACC,intermediate,ACC,0,0.878556
10,V1-ACC,intermediate,ACC,1,0.552925
10,V1-ACC,intermediate,ACC,2,0.886933
10,V1-ACC,intermediate,ACC,3,0.563171
10,V1-ACC,intermediate,ACC,4,0.772881
10,V1-ACC,intermediate,ACC,5,0.769746
10,V1-ACC,intermediate,ACC,6,0.630377
10,V1-ACC,intermediate,ACC,7,0.682485
10,V1-ACC,intermediate,ACC,8,1.013008
10,V1-ACC,intermediate,ACC,9,0.6079
10,V1-ACC,intermediate,ACC,10,0.592547
10,V1-ACC,intermediate,ACC,11,1.329436
10,V1-ACC,intermediate,ACC,12,0.0
10,V1-ACC,intermediate,ACC,13,0.854155
10,V1-ACC,intermediate,ACC,14,0.150787
10,V1-ACC,intermediate,ACC,15,0.638766
10,V1-ACC,expert,V1,0,0.96819
10,V1-ACC,expert,V1,1,1.030774
10,V1-ACC,expert,V1,2,1.56722
10,V1-ACC,expert,V1,3,1.073056
10,V1-ACC,expert,V1,4,1.584373
10,V1-ACC,expert,V1,5,1.082901
10,V1-ACC,expert,V1,6,1.178733
10,V1-ACC,expert,ACC,0,0.908082
10,V1-ACC,expert,ACC,1,0.534346
10,V1-ACC,expert,ACC,2,0.783381
10,V1-ACC,expert,ACC,3,0.652257
10,V1-ACC,expert,ACC,4,0.688521
10,V1-ACC,expert,ACC,5,1.245616
10,V1-ACC,expert,ACC,6,0.437176
10,V1-ACC,expert,ACC,7,0.809706
10,V1-ACC,expert,ACC,8,0.980026
10,V1-ACC,expert,ACC,9,0.434586
10,V1-ACC,expert,ACC,10,0.746154
10,V1-ACC,expert,ACC,11,3.210379
10,V1-ACC,expert,ACC,12,0.313944
10,V1-ACC,expert,ACC,13,0.500511
10,V1-ACC,expert,ACC,14,0.0
10,V1-ACC,expert,ACC,15,0.53144
11,DMS-DLS,naive,DMS,0,0.391663
11,DMS-DLS,naive,DMS,1,0.488578
11,DMS-DLS,naive,DMS,2,0.178737
11,DMS-DLS,naive,DMS,3,0.426097
11,DMS-DLS,naive,DMS,4,0.372435
11,DMS-DLS,naive,DMS,5,1.34599
11,DMS-DLS,naive,DMS,6,0.185643
11,DMS-DLS,naive,DMS,7,0.223776
11,DMS-DLS,naive,DMS,8,0.358945
11,DMS-DLS,naive,DMS,9,0.319452
11,DMS-DLS,naive,DMS,10,0.091256
11,DMS-DLS,naive,DMS,11,0.187326
11,DMS-DLS,naive,DMS,12,0.579554
11,DMS-DLS,naive,DMS,13,0.285672
11,DMS-DLS,naive,DMS,14,0.094262
11,DMS-DLS,naive,DMS,15,0.106329
11,DMS-DLS,naive,DMS,16,0.317305
11,DMS-DLS,naive,DMS,17,0.625911
11,DMS-DLS,naive,DMS,18,1.559903
11,DMS-DLS,naive,DMS,19,0.295857
11,DMS-DLS,naive,DLS,0,1.596777
11,DMS-DLS,naive,DLS,1,0.893767
11,DMS-DLS,naive,DLS,2,3.078382
11,DMS-DLS,naive,DLS,3,0.67365
11,DMS-DLS,naive,DLS,4,0.783927
11,DMS-DLS,intermediate,DMS,0,0.331918
11,DMS-DLS,intermediate,DMS,1,0.119331
11,DMS-DLS,intermediate,DMS,2,0.388896
11,DMS-DLS,intermediate,DMS,3,0.472379
11,DMS-DLS,intermediate,DMS,4,0.25731
11,DMS-DLS,intermediate,DMS,5,0.305849
11,DMS-DLS,intermediate,DMS,6,0.222177
11,DMS-DLS,intermediate,DMS,7,1.730681
11,DMS-DLS,intermediate,DMS,8,0.316132
11,DMS-DLS,intermediate,DMS,9,0.356131
11,DMS-DLS,intermediate,DMS,10,0.813433
11,DMS-DLS,intermediate,DMS,11,0.614071
11,DMS-DLS,intermediate,DMS,12,0.687736
11,DMS-DLS,intermediate,DMS,13,0.203816
11,DMS-DLS,intermediate,DMS,14,4.231941
11,DMS-DLS,intermediate,DMS,15,0.107483
11,DMS-DLS,intermediate,DMS,16,1.687549
11,DMS-DLS,intermediate,DMS,17,1.063186
11,DMS-DLS,intermediate,DMS,18,0.173388
11,DMS-DLS,intermediate,DMS,19,0.212054
11,DMS-DLS,intermediate,DLS,0,1.097821
11,DMS-DLS,intermediate,DLS,1,0.918927
11,DMS-DLS,intermediate,DLS,2,6.269666
11,DMS-DLS,intermediate,DLS,3,1.158315
11,DMS-DLS,intermediate,DLS,4,0.0
11,DMS-DLS,expert,DMS,0,0.735402
11,DMS-DLS,expert,DMS,1,0.244035
11,DMS-DLS,expert,DMS,2,0.743976
11,DMS-DLS,expert,DMS,3,0.28134
11,DMS-DLS,expert,DMS,4,0.485885
11,DMS-DLS,expert,DMS,5,0.274819
11,DMS-DLS,expert,DMS,6,1.452767
11,DMS-DLS,expert,DMS,7,0.200599
11,DMS-DLS,expert,DMS,8,0.746038
11,DMS-DLS,expert,DMS,9,0.327219
11,DMS-DLS,expert,DMS,10,0.231087
11,DMS-DLS,expert,DMS,11,0.252532
11,DMS-DLS,expert,DMS,12,0.847689
11,DMS-DLS,expert,DMS,13,0.559338
11,DMS-DLS,expert,DMS,14,2.438205
11,DMS-DLS,expert,DMS,15,0.470609
11,DMS-DLS,expert,DMS,16,0.531935
11,DMS-DLS,expert,DMS,17,1.256781
11,DMS-DLS,expert,DMS,18,0.515627
11,DMS-DLS,expert,DMS,19,0.5087
11,DMS-DLS,expert,DLS,0,0.772067
11,DMS-DLS,expert,DLS,1,0.655602
11,DMS-DLS,expert,DLS,2,5.089283
11,DMS-DLS,expert,DLS,3,1.534807
11,DMS-DLS,expert,DLS,4,1.342877
11,DMS-ACC,naive,DMS,0,1.012
11,DMS-ACC,naive,DMS,1,1.274479
11,DMS-ACC,naive,DMS,2,0.379493
11,DMS-ACC,naive,DMS,3,0.844631
11,DMS-ACC,naive,DMS,4,1.127009
11,DMS-ACC,naive,DMS,5,1.560026
11,DMS-ACC,naive,DMS,6,0.496446
11,DMS-ACC,naive,DMS,7,0.603488
11,DMS-ACC,naive,DMS,8,2.212138
11,DMS-ACC,naive,DMS,9,0.977793
11,DMS-ACC,naive,DMS,10,1.481138
11,DMS-ACC,naive,DMS,11,1.777835
11,DMS-ACC,naive,DMS,12,0.662107
11,DMS-ACC,naive,DMS,13,1.51263
11,DMS-ACC,naive,DMS,14,0.551172
11,DMS-ACC,naive,DMS,15,0.389197
11,DMS-ACC,naive,DMS,16,0.487644
11,DMS-ACC,naive,DMS,17,0.831735
11,DMS-ACC,naive,DMS,18,1.822904
11,DMS-ACC,naive,DMS,19,0.544522
11,DMS-ACC,naive,ACC,0,0.013213
11,DMS-ACC,naive,ACC,1,0.015047
11,DMS-ACC,naive,ACC,2,0.090724
11,DMS-ACC,naive,ACC,3,0.920598
11,DMS-ACC,naive,ACC,4,0.077367
11,DMS-ACC,naive,ACC,5,0.01794
11,DMS-ACC,naive,ACC,6,0.796381
11,DMS-ACC,naive,ACC,7,0.635081
11,DMS-ACC,naive,ACC,8,0.03095
11,DMS-ACC,naive,ACC,9,0.894139
11,DMS-ACC,naive,ACC,10,0.032229
11,DMS-ACC,naive,ACC,11,0.049471
11,DMS-ACC,naive,ACC,12,0.102207
11,DMS-ACC,naive,ACC,13,0.147675
11,DMS-ACC,naive,ACC,14,0.029138
11,DMS-ACC,naive,ACC,15,0.581943
11,DMS-ACC,naive,ACC,16,0.029324
11,DMS-ACC,naive,ACC,17,0.026323
11,DMS-ACC,naive,ACC,18,0.424481
11,DMS-ACC,naive,ACC,19,0.830894
11,DMS-ACC,naive,ACC,20,0.300386
11,DMS-ACC,naive,ACC,21,0.011451
11,DMS-ACC,naive,ACC,22,0.049214
11,DMS-ACC,naive,ACC,23,0.375167
11,DMS-ACC,naive,ACC,24,0.766098
11,DMS-ACC,naive,ACC,25,0.14965
11,DMS-ACC,naive,ACC,26,0.096646
11,DMS-ACC,naive,ACC,27,0.727951
11,DMS-ACC,naive,ACC,28,0.056249
11,DMS-ACC,naive,ACC,29,0.660645
11,DMS-ACC,naive,ACC,30,0.032771
11,DMS-ACC,naive,ACC,31,0.044973
11,DMS-ACC,naive,ACC,32,0.075616
11,DMS-ACC,naive,ACC,33,0.058424
11,DMS-ACC,naive,ACC,34,0.032036
11,DMS-ACC,naive,ACC,35,0.032868
11,DMS-ACC,naive,ACC,36,0.052203
11,DMS-ACC,naive,ACC,37,0.065199
11,DMS-ACC,naive,ACC,38,0.159746
11,DMS-ACC,naive,ACC,39,0.028488
11,DMS-ACC,naive,ACC,40,0.870099
11,DMS-ACC,naive,ACC,41,0.009275
11,DMS-ACC,naive,ACC,42,0.787775
11,DMS-ACC,naive,ACC,43,0.007312
11,DMS-ACC,naive,ACC,44,0.419747
11,DMS-ACC,naive,ACC,45,0.0
11,DMS-ACC,naive,ACC,46,0.021871
11,DMS-ACC,naive,ACC,47,0.150916
11,DMS-ACC,naive,ACC,48,0.91283
11,DMS-ACC,naive,ACC,49,0.162362
11,DMS-ACC,naive,ACC,50,0.084986
11,DMS-ACC,naive,ACC,51,0.784001
11,DMS-ACC,naive,ACC,52,0.017973
11,DMS-ACC,naive,ACC,53,0.116701
11,DMS-ACC,naive,ACC,54,0.020819
11,DMS-ACC,naive,ACC,55,0.916858
11,DMS-ACC,naive,ACC,56,0.046262
11,DMS-ACC,naive,ACC,57,0.428608
11,DMS-ACC,naive,ACC,58,0.083702
11,DMS-ACC,naive,ACC,59,0.641832
11,DMS-ACC,naive,ACC,60,0.583286
11,DMS-ACC,naive,ACC,61,0.015817
11,DMS-ACC,naive,ACC,62,0.866472
11,DMS-ACC,naive,ACC,63,0.022957
11,DMS-ACC,naive,ACC,64,0.702283
11,DMS-ACC,naive,ACC,65,0.010788
11,DMS-ACC,naive,ACC,66,0.024433
11,DMS-ACC,intermediate,DMS,0,1.015837
11,DMS-ACC,intermediate,DMS,1,0.627515
11,DMS-ACC,intermediate,DMS,2,1.175321
11,DMS-ACC,intermediate,DMS,3,0.923082
11,DMS-ACC,intermediate,DMS,4,1.02096
11,DMS-ACC,intermediate,DMS,5,0.563171
11,DMS-ACC,intermediate,DMS,6,2.200752
11,DMS-ACC,intermediate,DMS,7,2.284416
11,DMS-ACC,intermediate,DMS,8,1.321905
11,DMS-ACC,intermediate,DMS,9,1.151897
11,DMS-ACC,intermediate,DMS,10,1.661215
11,DMS-ACC,intermediate,DMS,11,2.398372
11,DMS-ACC,intermediate,DMS,12,1.060189
11,DMS-ACC,intermediate,DMS,13,0.568575
11,DMS-ACC,intermediate,DMS,14,8.419903
11,DMS-ACC,intermediate,DMS,15,3.323352
11,DMS-ACC,intermediate,DMS,16,1.73016
11,DMS-ACC,intermediate,DMS,17,2.63438
11,DMS-ACC,intermediate,DMS,18,1.838725
11,DMS-ACC,intermediate,DMS,19,0.751577
11,DMS-ACC,intermediate,ACC,0,0.519916
11,DMS-ACC,intermediate,ACC,1,0.458188
11,DMS-ACC,intermediate,ACC,2,0.10357
11,DMS-ACC,intermediate,ACC,3,0.36039
11,DMS-ACC,intermediate,ACC,4,0.126111
11,DMS-ACC,intermediate,ACC,5,0.208552
11,DMS-ACC,intermediate,ACC,6,0.151973
11,DMS-ACC,intermediate,ACC,7,0.045328
11,DMS-ACC,intermediate,ACC,8,0.863893
11,DMS-ACC,intermediate,ACC,9,0.585589
11,DMS-ACC,intermediate,ACC,10,0.084433
11,DMS-ACC,intermediate,ACC,11,0.872794
11,DMS-ACC,intermediate,ACC,12,0.024697
11,DMS-ACC,intermediate,ACC,13,0.065269
11,DMS-ACC,intermediate,ACC,14,0.054276
11,DMS-ACC,intermediate,ACC,15,0.097301
11,DMS-ACC,intermediate,ACC,16,0.759216
11,DMS-ACC,intermediate,ACC,17,0.045745
11,DMS-ACC,intermediate,ACC,18,0.017165
11,DMS-ACC,intermediate,ACC,19,0.181105
11,DMS-ACC,intermediate,ACC,20,0.156646
11,DMS-ACC,intermediate,ACC,21,0.784368
11,DMS-ACC,intermediate,ACC,22,0.884432
11,DMS-ACC,intermediate,ACC,23,0.057742
11,DMS-ACC,intermediate,ACC,24,0.004328
11,DMS-ACC,intermediate,ACC,25,0.84489
11,DMS-ACC,intermediate,ACC,26,0.164986
11,DMS-ACC,intermediate,ACC,27,0.061998
11,DMS-ACC,intermediate,ACC,28,0.130677
11,DMS-ACC,intermediate,ACC,29,0.04416
11,DMS-ACC,intermediate,ACC,30,0.100777
11,DMS-ACC,intermediate,ACC,31,0.152727
11,DMS-ACC,intermediate,ACC,32,0.468992
11,DMS-ACC,intermediate,ACC,33,0.757854
11,DMS-ACC,intermediate,ACC,34,0.028188
11,DMS-ACC,intermediate,ACC,35,0.111492
11,DMS-ACC,intermediate,ACC,36,0.694323
11,DMS-ACC,intermediate,ACC,37,0.057461
11,DMS-ACC,intermediate,ACC,38,0.927328
11,DMS-ACC,intermediate,ACC,39,0.098575
11,DMS-ACC,intermediate,ACC,40,0.116139
11,DMS-ACC,intermediate,ACC,41,0.591656
11,DMS-ACC,intermediate,ACC,42,0.811405
11,DMS-ACC,intermediate,ACC,43,0.062285
11,DMS-ACC,intermediate,ACC,44,0.001426
11,DMS-ACC,intermediate,ACC,45,0.0
11,DMS-ACC,intermediate,ACC,46,0.367054
11,DMS-ACC,intermediate,ACC,47,0.844322
11,DMS-ACC,intermediate,ACC,48,0.099189
11,DMS-ACC,intermediate,ACC,49,0.023344
11,DMS-ACC,intermediate,ACC,50,0.085799
11,DMS-ACC,intermediate,ACC,51,0.020798
11,DMS-ACC,intermediate,ACC,52,0.072856
11,DMS-ACC,intermediate,ACC,53,0.685015
11,DMS-ACC,intermediate,ACC,54,0.534516
11,DMS-ACC,intermediate,ACC,55,0.336431
11,DMS-ACC,intermediate,ACC,56,0.059512
11,DMS-ACC,intermediate,ACC,57,0.0
11,DMS-ACC,intermediate,ACC,58,0.039115
11,DMS-ACC,intermediate,ACC,59,0.022867
11,DMS-ACC,intermediate,ACC,60,0.042382
11,DMS-ACC,intermediate,ACC,61,0.91576
11,DMS-ACC,intermediate,ACC,62,0.760937
11,DMS-ACC,intermediate,ACC,63,0.008923
11,DMS-ACC,intermediate,ACC,64,0.753045
11,DMS-ACC,intermediate,ACC,65,0.08423
11,DMS-ACC,intermediate,ACC,66,0.123267
11,DMS-ACC,expert,DMS,0,1.008653
11,DMS-ACC,expert,DMS,1,0.639706
11,DMS-ACC,expert,DMS,2,1.076259
11,DMS-ACC,expert,DMS,3,1.052286
11,DMS-ACC,expert,DMS,4,1.000109
11,DMS-ACC,expert,DMS,5,1.027332
11,DMS-ACC,expert,DMS,6,1.945289
11,DMS-ACC,expert,DMS,7,2.413711
11,DMS-ACC,expert,DMS,8,1.476624
11,DMS-ACC,expert,DMS,9,0.664878
11,DMS-ACC,expert,DMS,10,1.891491
11,DMS-ACC,expert,DMS,11,0.789129
11,DMS-ACC,expert,DMS,12,1.242391
11,DMS-ACC,expert,DMS,13,0.713521
11,DMS-ACC,expert,DMS,14,3.50315
11,DMS-ACC,expert,DMS,15,3.278758
11,DMS-ACC,expert,DMS,16,2.924269
11,DMS-ACC,expert,DMS,17,1.787368
11,DMS-ACC,expert,DMS,18,2.084868
11,DMS-ACC,expert,DMS,19,1.65223
11,DMS-ACC,expert,ACC,0,0.619174
11,DMS-ACC,expert,ACC,1,0.553167
11,DMS-ACC,expert,ACC,2,0.134811
11,DMS-ACC,expert,ACC,3,0.063828
11,DMS-ACC,expert,ACC,4,0.142271
11,DMS-ACC,expert,ACC,5,0.893632
11,DMS-ACC,expert,ACC,6,0.092381
11,DMS-ACC,expert,ACC,7,0.042444
11,DMS-ACC,expert,ACC,8,0.082883
11,DMS-ACC,expert,ACC,9,0.695605
11,DMS-ACC,expert,ACC,10,0.049044
11,DMS-ACC,expert,ACC,11,0.799504
11,DMS-ACC,expert,ACC,12,0.070305
11,DMS-ACC,expert,ACC,13,0.100557
11,DMS-ACC,expert,ACC,14,0.086112
11,DMS-ACC,expert,ACC,15,0.088151
11,DMS-ACC,expert,ACC,16,0.112313
11,DMS-ACC,expert,ACC,17,0.09709
11,DMS-ACC,expert,ACC,18,0.033425
11,DMS-ACC,expert,ACC,19,0.155376
11,DMS-ACC,expert,ACC,20,0.037714
11,DMS-ACC,expert,ACC,21,0.849015
11,DMS-ACC,expert,ACC,22,0.116922
11,DMS-ACC,expert,ACC,23,0.055347
11,DMS-ACC,expert,ACC,24,0.004421
11,DMS-ACC,expert,ACC,25,0.193898
11,DMS-ACC,expert,ACC,26,0.049299
11,DMS-ACC,expert,ACC,27,0.166897
11,DMS-ACC,expert,ACC,28,0.04417
11,DMS-ACC,expert,ACC,29,0.050495
11,DMS-ACC,expert,ACC,30,0.054461
11,DMS-ACC,expert,ACC,31,0.240608
11,DMS-ACC,expert,ACC,32,0.557722
11,DMS-ACC,expert,ACC,33,0.829463
11,DMS-ACC,expert,ACC,34,0.05734
11,DMS-ACC,expert,ACC,35,0.096623
11,DMS-ACC,expert,ACC,36,0.665122
11,DMS-ACC,expert,ACC,37,0.779894
11,DMS-ACC,expert,ACC,38,0.114575
11,DMS-ACC,expert,ACC,39,0.302377
11,DMS-ACC,expert,ACC,40,0.115455
11,DMS-ACC,expert,ACC,41,0.08527
11,DMS-ACC,expert,ACC,42,0.067039
11,DMS-ACC,expert,ACC,43,0.836985
11,DMS-ACC,expert,ACC,44,0.790484
11,DMS-ACC,expert,ACC,45,0.545024
11,DMS-ACC,expert,ACC,46,0.112491
11,DMS-ACC,expert,ACC,47,0.160442
11,DMS-ACC,expert,ACC,48,0.032254
11,DMS-ACC,expert,ACC,49,0.021339
11,DMS-ACC,expert,ACC,50,0.070287
11,DMS-ACC,expert,ACC,51,0.025098
11,DMS-ACC,expert,ACC,52,0.052962
11,DMS-ACC,expert,ACC,53,0.866222
11,DMS-ACC,expert,ACC,54,0.76005
11,DMS-ACC,expert,ACC,55,0.070435
11,DMS-ACC,expert,ACC,56,0.039131
11,DMS-ACC,expert,ACC,57,0.218376
11,DMS-ACC,expert,ACC,58,0.032015
11,DMS-ACC,expert,ACC,59,0.676543
11,DMS-ACC,expert,ACC,60,0.017423
11,DMS-ACC,expert,ACC,61,0.910768
11,DMS-ACC,expert,ACC,62,0.840244
11,DMS-ACC,expert,ACC,63,0.056486
11,DMS-ACC,expert,ACC,64,0.715082
11,DMS-ACC,expert,ACC,65,0.869622
11,DMS-ACC,expert,ACC,66,0.894887
11,DLS-ACC,naive,DLS,0,1.596777
11,DLS-ACC,naive,DLS,1,0.893767
11,DLS-ACC,naive,DLS,2,3.078382
11,DLS-ACC,naive,DLS,3,0.67365
11,DLS-ACC,naive,DLS,4,0.783927
11,DLS-ACC,naive,ACC,0,0.00565
11,DLS-ACC,naive,ACC,1,0.006413
11,DLS-ACC,naive,ACC,2,0.059491
11,DLS-ACC,naive,ACC,3,0.26502
11,DLS-ACC,naive,ACC,4,0.047493
11,DLS-ACC,naive,ACC,5,0.009987
11,DLS-ACC,naive,ACC,6,0.26812
11,DLS-ACC,naive,ACC,7,0.303706
11,DLS-ACC,naive,ACC,8,0.01612
11,DLS-ACC,naive,ACC,9,0.431807
11,DLS-ACC,naive,ACC,10,0.0112
11,DLS-ACC,naive,ACC,11,0.036563
11,DLS-ACC,naive,ACC,12,0.066461
11,DLS-ACC,naive,ACC,13,0.08682
11,DLS-ACC,naive,ACC,14,0.007421
11,DLS-ACC,naive,ACC,15,0.149473
11,DLS-ACC,naive,ACC,16,0.008416
11,DLS-ACC,naive,ACC,17,0.009038
11,DLS-ACC,naive,ACC,18,0.269936
11,DLS-ACC,naive,ACC,19,0.39825
11,DLS-ACC,naive,ACC,20,0.240754
11,DLS-ACC,naive,ACC,21,0.008341
11,DLS-ACC,naive,ACC,22,0.021218
11,DLS-ACC,naive,ACC,23,0.198236
11,DLS-ACC,naive,ACC,24,0.627602
11,DLS-ACC,naive,ACC,25,0.083442
11,DLS-ACC,naive,ACC,26,0.068478
11,DLS-ACC,naive,ACC,27,0.346759
11,DLS-ACC,naive,ACC,28,0.022255
11,DLS-ACC,naive,ACC,29,0.153786
11,DLS-ACC,naive,ACC,30,0.016667
11,DLS-ACC,naive,ACC,31,0.038334
11,DLS-ACC,naive,ACC,32,0.062215
11,DLS-ACC,naive,ACC,33,0.041262
11,DLS-ACC,naive,ACC,34,0.019185
11,DLS-ACC,naive,ACC,35,0.028825
11,DLS-ACC,naive,ACC,36,0.014906
11,DLS-ACC,naive,ACC,37,0.042107
11,DLS-ACC,naive,ACC,38,0.087846
11,DLS-ACC,naive,ACC,39,0.017044
11,DLS-ACC,naive,ACC,40,0.243227
11,DLS-ACC,naive,ACC,41,0.004272
11,DLS-ACC,naive,ACC,42,0.498434
11,DLS-ACC,naive,ACC,43,0.004104
11,DLS-ACC,naive,ACC,44,0.162385
11,DLS-ACC,naive,ACC,45,0.0
11,DLS-ACC,naive,ACC,46,0.011062
11,DLS-ACC,naive,ACC,47,0.135939
11,DLS-ACC,naive,ACC,48,0.320317
11,DLS-ACC,naive,ACC,49,0.148877
11,DLS-ACC,naive,ACC,50,0.032718
11,DLS-ACC,naive,ACC,51,0.277622
11,DLS-ACC,naive,ACC,52,0.014558
11,DLS-ACC,naive,ACC,53,0.068986
11,DLS-ACC,naive,ACC,54,0.011008
11,DLS-ACC,naive,ACC,55,0.522271
11,DLS-ACC,naive,ACC,56,0.03538
11,DLS-ACC,naive,ACC,57,0.146762
11,DLS-ACC,naive,ACC,58,0.02349
11,DLS-ACC,naive,ACC,59,0.225256
11,DLS-ACC,naive,ACC,60,0.161834
11,DLS-ACC,naive,ACC,61,0.003455
11,DLS-ACC,naive,ACC,62,0.798617
11,DLS-ACC,naive,ACC,63,0.012739
11,DLS-ACC,naive,ACC,64,0.329305
11,DLS-ACC,naive,ACC,65,0.004648
11,DLS-ACC,naive,ACC,66,0.009292
11,DLS-ACC,intermediate,DLS,0,1.097821
11,DLS-ACC,intermediate,DLS,1,0.918927
11,DLS-ACC,intermediate,DLS,2,6.269666
11,DLS-ACC,intermediate,DLS,3,1.158315
11,DLS-ACC,intermediate,DLS,4,0.0
11,DLS-ACC,intermediate,ACC,0,0.3382
11,DLS-ACC,intermediate,ACC,1,0.214424
11,DLS-ACC,intermediate,ACC,2,0.030989
11,DLS-ACC,intermediate,ACC,3,0.129165
11,DLS-ACC,intermediate,ACC,4,0.033674
11,DLS-ACC,intermediate,ACC,5,0.085526
11,DLS-ACC,intermediate,ACC,6,0.058231
11,DLS-ACC,intermediate,ACC,7,0.014606
11,DLS-ACC,intermediate,ACC,8,0.102293
11,DLS-ACC,intermediate,ACC,9,0.55655
11,DLS-ACC,intermediate,ACC,10,0.032955
11,DLS-ACC,intermediate,ACC,11,0.491641
11,DLS-ACC,intermediate,ACC,12,0.004594
11,DLS-ACC,intermediate,ACC,13,0.011067
11,DLS-ACC,intermediate,ACC,14,0.024827
11,DLS-ACC,intermediate,ACC,15,0.047818
11,DLS-ACC,intermediate,ACC,16,0.249027
11,DLS-ACC,intermediate,ACC,17,0.012574
11,DLS-ACC,intermediate,ACC,18,0.004651
11,DLS-ACC,intermediate,ACC,19,0.034601
11,DLS-ACC,intermediate,ACC,20,0.009395
11,DLS-ACC,intermediate,ACC,21,0.148743
11,DLS-ACC,intermediate,ACC,22,0.209822
11,DLS-ACC,intermediate,ACC,23,0.026654
11,DLS-ACC,intermediate,ACC,24,0.001008
11,DLS-ACC,intermediate,ACC,25,0.535876
11,DLS-ACC,intermediate,ACC,26,0.044327
11,DLS-ACC,intermediate,ACC,27,0.015807
11,DLS-ACC,intermediate,ACC,28,0.047981
11,DLS-ACC,intermediate,ACC,29,0.010827
11,DLS-ACC,intermediate,ACC,30,0.027955
11,DLS-ACC,intermediate,ACC,31,0.090414
11,DLS-ACC,intermediate,ACC,32,0.128169
11,DLS-ACC,intermediate,ACC,33,0.187675
11,DLS-ACC,intermediate,ACC,34,0.009453
11,DLS-ACC,intermediate,ACC,35,0.030666
11,DLS-ACC,intermediate,ACC,36,0.277875
11,DLS-ACC,intermediate,ACC,37,0.020641
11,DLS-ACC,intermediate,ACC,38,0.431481
11,DLS-ACC,intermediate,ACC,39,0.056201
11,DLS-ACC,intermediate,ACC,40,0.046072
11,DLS-ACC,intermediate,ACC,41,0.376611
11,DLS-ACC,intermediate,ACC,42,0.150029
11,DLS-ACC,intermediate,ACC,43,0.014577
11,DLS-ACC,intermediate,ACC,44,0.000502
11,DLS-ACC,intermediate,ACC,45,0.0
11,DLS-ACC,intermediate,ACC,46,0.122777
11,DLS-ACC,intermediate,ACC,47,0.160661
11,DLS-ACC,intermediate,ACC,48,0.043682
11,DLS-ACC,intermediate,ACC,49,0.008988
11,DLS-ACC,intermediate,ACC,50,0.026494
11,DLS-ACC,intermediate,ACC,51,0.002614
11,DLS-ACC,intermediate,ACC,52,0.040141
11,DLS-ACC,intermediate,ACC,53,0.354197
11,DLS-ACC,intermediate,ACC,54,0.210263
11,DLS-ACC,intermediate,ACC,55,0.056498
11,DLS-ACC,intermediate,ACC,56,0.024425
11,DLS-ACC,intermediate,ACC,57,0.0
11,DLS-ACC,intermediate,ACC,58,0.010301
11,DLS-ACC,intermediate,ACC,59,0.00347
11,DLS-ACC,intermediate,ACC,60,0.013432
11,DLS-ACC,intermediate,ACC,61,0.207914
11,DLS-ACC,intermediate,ACC,62,0.10765
11,DLS-ACC,intermediate,ACC,63,0.00092
11,DLS-ACC,intermediate,ACC,64,0.20333
11,DLS-ACC,intermediate,ACC,65,0.055138
11,DLS-ACC,intermediate,ACC,66,0.033099
11,DLS-ACC,expert,DLS,0,0.772067
11,DLS-ACC,expert,DLS,1,0.655602
11,DLS-ACC,expert,DLS,2,5.089283
11,DLS-ACC,expert,DLS,3,1.534807
11,DLS-ACC,expert,DLS,4,1.342877
11,DLS-ACC,expert,ACC,0,0.197821
11,DLS-ACC,expert,ACC,1,0.145344
11,DLS-ACC,expert,ACC,2,0.041077
11,DLS-ACC,expert,ACC,3,0.041646
11,DLS-ACC,expert,ACC,4,0.120441
11,DLS-ACC,expert,ACC,5,0.591168
11,DLS-ACC,expert,ACC,6,0.01531
11,DLS-ACC,expert,ACC,7,0.010609
11,DLS-ACC,expert,ACC,8,0.025957
11,DLS-ACC,expert,ACC,9,0.462547
11,DLS-ACC,expert,ACC,10,0.026832
11,DLS-ACC,expert,ACC,11,0.441111
11,DLS-ACC,expert,ACC,12,0.015786
11,DLS-ACC,expert,ACC,13,0.028839
11,DLS-ACC,expert,ACC,14,0.050164
11,DLS-ACC,expert,ACC,15,0.057001
11,DLS-ACC,expert,ACC,16,0.046839
11,DLS-ACC,expert,ACC,17,0.022631
11,DLS-ACC,expert,ACC,18,0.0167
11,DLS-ACC,expert,ACC,19,0.092761
11,DLS-ACC,expert,ACC,20,0.022053
11,DLS-ACC,expert,ACC,21,0.236825
11,DLS-ACC,expert,ACC,22,0.06269
11,DLS-ACC,expert,ACC,23,0.041018
11,DLS-ACC,expert,ACC,24,0.002291
11,DLS-ACC,expert,ACC,25,0.055858
11,DLS-ACC,expert,ACC,26,0.026997
11,DLS-ACC,expert,ACC,27,0.020591
11,DLS-ACC,expert,ACC,28,0.017943
11,DLS-ACC,expert,ACC,29,0.027452
11,DLS-ACC,expert,ACC,30,0.032214
11,DLS-ACC,expert,ACC,31,0.110094
11,DLS-ACC,expert,ACC,32,0.283191
11,DLS-ACC,expert,ACC,33,0.364008
11,DLS-ACC,expert,ACC,34,0.026025
11,DLS-ACC,expert,ACC,35,0.042931
11,DLS-ACC,expert,ACC,36,0.353739
11,DLS-ACC,expert,ACC,37,0.66543
11,DLS-ACC,expert,ACC,38,0.082375
11,DLS-ACC,expert,ACC,39,0.090358
11,DLS-ACC,expert,ACC,40,0.076238
11,DLS-ACC,expert,ACC,41,0.039585
11,DLS-ACC,expert,ACC,42,0.04652
11,DLS-ACC,expert,ACC,43,0.059496
11,DLS-ACC,expert,ACC,44,0.308523
11,DLS-ACC,expert,ACC,45,0.252132
11,DLS-ACC,expert,ACC,46,0.069516
11,DLS-ACC,expert,ACC,47,0.023639
11,DLS-ACC,expert,ACC,48,0.022759
11,DLS-ACC,expert,ACC,49,0.014253
11,DLS-ACC,expert,ACC,50,0.024823
11,DLS-ACC,expert,ACC,51,0.021743
11,DLS-ACC,expert,ACC,52,0.031337
11,DLS-ACC,expert,ACC,53,0.604422
11,DLS-ACC,expert,ACC,54,0.304592
11,DLS-ACC,expert,ACC,55,0.047767
11,DLS-ACC,expert,ACC,56,0.025823
11,DLS-ACC,expert,ACC,57,0.131331
11,DLS-ACC,expert,ACC,58,0.016457
11,DLS-ACC,expert,ACC,59,0.343733
11,DLS-ACC,expert,ACC,60,0.009702
11,DLS-ACC,expert,ACC,61,0.192914
11,DLS-ACC,expert,ACC,62,0.153747
11,DLS-ACC,expert,ACC,63,0.027112
11,DLS-ACC,expert,ACC,64,0.290754
11,DLS-ACC,expert,ACC,65,0.683092
11,DLS-ACC,expert,ACC,66,0.478808
11,V1-DMS,naive,V1,0,0.017567
11,V1-DMS,naive,V1,1,0.769391
11,V1-DMS,naive,V1,2,1.036047
11,V1-DMS,naive,V1,3,0.12234
11,V1-DMS,naive,V1,4,0.93922
11,V1-DMS,naive,V1,5,0.082563
11,V1-DMS,naive,V1,6,0.116146
11,V1-DMS,naive,V1,7,0.993973
11,V1-DMS,naive,V1,8,0.130236
11,V1-DMS,naive,V1,9,0.04812
11,V1-DMS,naive,V1,10,0.990051
11,V1-DMS,naive,V1,11,0.673538
11,V1-DMS,naive,V1,12,0.379384
11,V1-DMS,naive,V1,13,0.09236
11,V1-DMS,naive,V1,14,0.675192
11,V1-DMS,naive,V1,15,0.047964
11,V1-DMS,naive,V1,16,0.918446
11,V1-DMS,naive,V1,17,0.050486
11,V1-DMS,naive,V1,18,0.765931
11,V1-DMS,naive,V1,19,0.028749
11,V1-DMS,naive,V1,20,0.359377
11,V1-DMS,naive,V1,21,0.095543
11,V1-DMS,naive,V1,22,0.029919
11,V1-DMS,naive,V1,23,0.072381
11,V1-DMS,naive,V1,24,0.059884
11,V1-DMS,naive,V1,25,0.933347
11,V1-DMS,naive,V1,26,0.004505
11,V1-DMS,naive,V1,27,0.057673
11,V1-DMS,naive,V1,28,0.02088
11,V1-DMS,naive,V1,29,0.011411
11,V1-DMS,naive,V1,30,0.036471
11,V1-DMS,naive,V1,31,0.09382
11,V1-DMS,naive,V1,32,0.01509
11,V1-DMS,naive,V1,33,0.015998
11,V1-DMS,naive,V1,34,0.526678
11,V1-DMS,naive,V1,35,0.585434
11,V1-DMS,naive,V1,36,0.084629
11,V1-DMS,naive,V1,37,0.6232
11,V1-DMS,naive,V1,38,0.166952
11,V1-DMS,naive,V1,39,0.0
11,V1-DMS,naive,V1,40,1.032425
11,V1-DMS,naive,V1,41,0.29286
11,V1-DMS,naive,V1,42,0.024788
11,V1-DMS,naive,V1,43,0.066991
11,V1-DMS,naive,V1,44,0.112627
11,V1-DMS,naive,V1,45,0.040137
11,V1-DMS,naive,V1,46,0.07895
11,V1-DMS,naive,V1,47,0.018385
11,V1-DMS,naive,V1,48,0.012814
11,V1-DMS,naive,V1,49,0.021379
11,V1-DMS,naive,V1,50,0.063188
11,V1-DMS,naive,V1,51,0.002961
11,V1-DMS,naive,V1,52,0.022355
11,V1-DMS,naive,V1,53,0.881119
11,V1-DMS,naive,V1,54,0.720284
11,V1-DMS,naive,V1,55,0.027291
11,V1-DMS,naive,V1,56,0.038933
11,V1-DMS,naive,V1,57,0.820261
11,V1-DMS,naive,V1,58,1.016364
11,V1-DMS,naive,V1,59,0.023712
11,V1-DMS,naive,V1,60,0.011727
11,V1-DMS,naive,V1,61,0.016522
11,V1-DMS,naive,V1,62,0.111167
11,V1-DMS,naive,V1,63,0.061821
11,V1-DMS,naive,V1,64,0.019889
11,V1-DMS,naive,V1,65,0.094398
11,V1-DMS,naive,V1,66,1.031275
11,V1-DMS,naive,DMS,0,1.012
11,V1-DMS,naive,DMS,1,1.274479
11,V1-DMS,naive,DMS,2,0.379493
11,V1-DMS,naive,DMS,3,0.844631
11,V1-DMS,naive,DMS,4,1.127009
11,V1-DMS,naive,DMS,5,1.560026
11,V1-DMS,naive,DMS,6,0.496446
11,V1-DMS,naive,DMS,7,0.603488
11,V1-DMS,naive,DMS,8,2.212138
11,V1-DMS,naive,DMS,9,0.977793
11,V1-DMS,naive,DMS,10,1.481138
11,V1-DMS,naive,DMS,11,1.777835
11,V1-DMS,naive,DMS,12,0.662107
11,V1-DMS,naive,DMS,13,1.51263
11,V1-DMS,naive,DMS,14,0.551172
11,V1-DMS,naive,DMS,15,0.389197
11,V1-DMS,naive,DMS,16,0.487644
11,V1-DMS,naive,DMS,17,0.831735
11,V1-DMS,naive,DMS,18,1.822904
11,V1-DMS,naive,DMS,19,0.544522
11,V1-DMS,intermediate,V1,0,0.844651
11,V1-DMS,intermediate,V1,1,0.923778
11,V1-DMS,intermediate,V1,2,0.49448
11,V1-DMS,intermediate,V1,3,0.623416
11,V1-DMS,intermediate,V1,4,0.904781
11,V1-DMS,intermediate,V1,5,0.815681
11,V1-DMS,intermediate,V1,6,0.619797
11,V1-DMS,intermediate,V1,7,0.417505
11,V1-DMS,intermediate,V1,8,0.29952
11,V1-DMS,intermediate,V1,9,0.339479
11,V1-DMS,intermediate,V1,10,0.9222
11,V1-DMS,intermediate,V1,11,0.080126
11,V1-DMS,intermediate,V1,12,0.017268
11,V1-DMS,intermediate,V1,13,0.277115
11,V1-DMS,intermediate,V1,14,0.188742
11,V1-DMS,intermediate,V1,15,0.251144
11,V1-DMS,intermediate,V1,16,0.094061
11,V1-DMS,intermediate,V1,17,0.09777
11,V1-DMS,intermediate,V1,18,0.129058
11,V1-DMS,intermediate,V1,19,0.866015
11,V1-DMS,intermediate,V1,20,0.904347
11,V1-DMS,intermediate,V1,21,0.196887
11,V1-DMS,intermediate,V1,22,0.075531
11,V1-DMS,intermediate,V1,23,0.906825
11,V1-DMS,intermediate,V1,24,0.114686
11,V1-DMS,intermediate,V1,25,0.274513
11,V1-DMS,intermediate,V1,26,0.311736
11,V1-DMS,intermediate,V1,27,0.942386
11,V1-DMS,intermediate,V1,28,0.871467
11,V1-DMS,intermediate,V1,29,0.037049
11,V1-DMS,intermediate,V1,30,0.888632
11,V1-DMS,intermediate,V1,31,0.971939
11,V1-DMS,intermediate,V1,32,0.037599
11,V1-DMS,intermediate,V1,33,0.163393
11,V1-DMS,intermediate,V1,34,0.903402
11,V1-DMS,intermediate,V1,35,0.021103
11,V1-DMS,intermediate,V1,36,0.0
11,V1-DMS,intermediate,V1,37,0.727749
11,V1-DMS,intermediate,V1,38,0.016179
11,V1-DMS,intermediate,V1,39,0.063273
11,V1-DMS,intermediate,V1,40,0.922804
11,V1-DMS,intermediate,V1,41,0.155525
11,V1-DMS,intermediate,V1,42,0.20824
11,V1-DMS,intermediate,V1,43,0.029269
11,V1-DMS,intermediate,V1,44,0.126628
11,V1-DMS,intermediate,V1,45,0.211698
11,V1-DMS,intermediate,V1,46,0.215541
11,V1-DMS,intermediate,V1,47,0.093675
11,V1-DMS,intermediate,V1,48,0.350687
11,V1-DMS,intermediate,V1,49,0.028881
11,V1-DMS,intermediate,V1,50,0.323677
11,V1-DMS,intermediate,V1,51,0.041762
11,V1-DMS,intermediate,V1,52,0.826986
11,V1-DMS,intermediate,V1,53,0.170925
11,V1-DMS,intermediate,V1,54,0.15546
11,V1-DMS,intermediate,V1,55,0.2288
11,V1-DMS,intermediate,V1,56,0.025919
11,V1-DMS,intermediate,V1,57,0.91993
11,V1-DMS,intermediate,V1,58,0.942957
11,V1-DMS,intermediate,V1,59,0.902022
11,V1-DMS,intermediate,V1,60,0.034737
11,V1-DMS,intermediate,V1,61,0.082349
11,V1-DMS,intermediate,V1,62,0.499223
11,V1-DMS,intermediate,V1,63,0.504407
11,V1-DMS,intermediate,V1,64,0.122255
11,V1-DMS,intermediate,V1,65,0.127628
11,V1-DMS,intermediate,V1,66,0.084654
11,V1-DMS,intermediate,DMS,0,1.015837
11,V1-DMS,intermediate,DMS,1,0.627515
11,V1-DMS,intermediate,DMS,2,1.175321
11,V1-DMS,intermediate,DMS,3,0.923082
11,V1-DMS,intermediate,DMS,4,1.02096
11,V1-DMS,intermediate,DMS,5,0.563171
11,V1-DMS,intermediate,DMS,6,2.200752
11,V1-DMS,intermediate,DMS,7,2.284416
11,V1-DMS,intermediate,DMS,8,1.321905
11,V1-DMS,intermediate,DMS,9,1.151897
11,V1-DMS,intermediate,DMS,10,1.661215
11,V1-DMS,intermediate,DMS,11,2.398372
11,V1-DMS,intermediate,DMS,12,1.060189
11,V1-DMS,intermediate,DMS,13,0.568575
11,V1-DMS,intermediate,DMS,14,8.419903
11,V1-DMS,intermediate,DMS,15,3.323352
11,V1-DMS,intermediate,DMS,16,1.73016
11,V1-DMS,intermediate,DMS,17,2.63438
11,V1-DMS,intermediate,DMS,18,1.838725
11,V1-DMS,intermediate,DMS,19,0.751577
11,V1-DMS,expert,V1,0,0.719636
11,V1-DMS,expert,V1,1,0.307387
11,V1-DMS,expert,V1,2,0.189709
11,V1-DMS,expert,V1,3,0.41485
11,V1-DMS,expert,V1,4,0.944413
11,V1-DMS,expert,V1,5,0.854935
11,V1-DMS,expert,V1,6,0.528795
11,V1-DMS,expert,V1,7,0.492031
11,V1-DMS,expert,V1,8,0.930199
11,V1-DMS,expert,V1,9,0.185848
11,V1-DMS,expert,V1,10,0.161806
11,V1-DMS,expert,V1,11,0.071519
11,V1-DMS,expert,V1,12,0.022741
11,V1-DMS,expert,V1,13,0.297947
11,V1-DMS,expert,V1,14,0.094735
11,V1-DMS,expert,V1,15,0.809846
11,V1-DMS,expert,V1,16,0.105777
11,V1-DMS,expert,V1,17,0.156158
11,V1-DMS,expert,V1,18,0.098281
11,V1-DMS,expert,V1,19,0.578901
11,V1-DMS,expert,V1,20,0.142908
11,V1-DMS,expert,V1,21,0.181134
11,V1-DMS,expert,V1,22,0.171888
11,V1-DMS,expert,V1,23,0.919056
11,V1-DMS,expert,V1,24,0.096565
11,V1-DMS,expert,V1,25,0.208599
11,V1-DMS,expert,V1,26,0.88934
11,V1-DMS,expert,V1,27,0.927951
11,V1-DMS,expert,V1,28,0.85831
11,V1-DMS,expert,V1,29,0.034698
11,V1-DMS,expert,V1,30,0.962578
11,V1-DMS,expert,V1,31,0.972631
11,V1-DMS,expert,V1,32,0.025845
11,V1-DMS,expert,V1,33,0.295711
11,V1-DMS,expert,V1,34,0.237759
11,V1-DMS,expert,V1,35,0.102808
11,V1-DMS,expert,V1,36,1e-06
11,V1-DMS,expert,V1,37,0.079851
11,V1-DMS,expert,V1,38,0.012946
11,V1-DMS,expert,V1,39,0.11495
11,V1-DMS,expert,V1,40,0.930986
11,V1-DMS,expert,V1,41,0.933525
11,V1-DMS,expert,V1,42,0.110664
11,V1-DMS,expert,V1,43,0.026338
11,V1-DMS,expert,V1,44,0.813839
11,V1-DMS,expert,V1,45,0.151211
11,V1-DMS,expert,V1,46,0.326726
11,V1-DMS,expert,V1,47,0.859366
11,V1-DMS,expert,V1,48,0.392367
11,V1-DMS,expert,V1,49,0.829192
11,V1-DMS,expert,V1,50,0.798991
11,V1-DMS,expert,V1,51,0.59361
11,V1-DMS,expert,V1,52,0.860161
11,V1-DMS,expert,V1,53,0.11524
11,V1-DMS,expert,V1,54,0.084568
11,V1-DMS,expert,V1,55,0.02549
11,V1-DMS,expert,V1,56,0.011708
11,V1-DMS,expert,V1,57,0.053633
11,V1-DMS,expert,V1,58,0.897491
11,V1-DMS,expert,V1,59,0.041544
11,V1-DMS,expert,V1,60,0.030447
11,V1-DMS,expert,V1,61,0.046626
11,V1-DMS,expert,V1,62,0.396479
11,V1-DMS,expert,V1,63,0.393042
11,V1-DMS,expert,V1,64,0.049639
11,V1-DMS,expert,V1,65,0.843614
11,V1-DMS,expert,V1,66,0.121271
11,V1-DMS,expert,DMS,0,1.008653
11,V1-DMS,expert,DMS,1,0.639706
11,V1-DMS,expert,DMS,2,1.076259
11,V1-DMS,expert,DMS,3,1.052286
11,V1-DMS,expert,DMS,4,1.000109
11,V1-DMS,expert,DMS,5,1.027332
11,V1-DMS,expert,DMS,6,1.945289
11,V1-DMS,expert,DMS,7,2.413711
11,V1-DMS,expert,DMS,8,1.476624
11,V1-DMS,expert,DMS,9,0.664878
11,V1-DMS,expert,DMS,10,1.891491
11,V1-DMS,expert,DMS,11,0.789129
11,V1-DMS,expert,DMS,12,1.242391
11,V1-DMS,expert,DMS,13,0.713521
11,V1-DMS,expert,DMS,14,3.50315
11,V1-DMS,expert,DMS,15,3.278758
11,V1-DMS,expert,DMS,16,2.924269
11,V1-DMS,expert,DMS,17,1.787368
11,V1-DMS,expert,DMS,18,2.084868
11,V1-DMS,expert,DMS,19,1.65223
11,V1-DLS,naive,V1,0,0.012762
11,V1-DLS,naive,V1,1,0.378283
11,V1-DLS,naive,V1,2,0.66863
11,V1-DLS,naive,V1,3,0.058364
11,V1-DLS,naive,V1,4,0.519893
11,V1-DLS,naive,V1,5,0.031462
11,V1-DLS,naive,V1,6,0.061435
11,V1-DLS,naive,V1,7,0.582776
11,V1-DLS,naive,V1,8,0.069565
11,V1-DLS,naive,V1,9,0.014203
11,V1-DLS,naive,V1,10,0.483761
11,V1-DLS,naive,V1,11,0.133245
11,V1-DLS,naive,V1,12,0.130702
11,V1-DLS,naive,V1,13,0.055035
11,V1-DLS,naive,V1,14,0.234352
11,V1-DLS,naive,V1,15,0.027199
11,V1-DLS,naive,V1,16,0.240262
11,V1-DLS,naive,V1,17,0.022993
11,V1-DLS,naive,V1,18,0.314303
11,V1-DLS,naive,V1,19,0.008232
11,V1-DLS,naive,V1,20,0.051285
11,V1-DLS,naive,V1,21,0.034589
11,V1-DLS,naive,V1,22,0.013825
11,V1-DLS,naive,V1,23,0.035811
11,V1-DLS,naive,V1,24,0.029962
11,V1-DLS,naive,V1,25,0.394043
11,V1-DLS,naive,V1,26,0.001198
11,V1-DLS,naive,V1,27,0.036884
11,V1-DLS,naive,V1,28,0.012364
11,V1-DLS,naive,V1,29,0.00553
11,V1-DLS,naive,V1,30,0.018995
11,V1-DLS,naive,V1,31,0.066324
11,V1-DLS,naive,V1,32,0.003136
11,V1-DLS,naive,V1,33,0.013354
11,V1-DLS,naive,V1,34,0.475594
11,V1-DLS,naive,V1,35,0.182098
11,V1-DLS,naive,V1,36,0.070129
11,V1-DLS,naive,V1,37,0.202088
11,V1-DLS,naive,V1,38,0.082062
11,V1-DLS,naive,V1,39,0.0
11,V1-DLS,naive,V1,40,0.345822
11,V1-DLS,naive,V1,41,0.191757
11,V1-DLS,naive,V1,42,0.012439
11,V1-DLS,naive,V1,43,0.036121
11,V1-DLS,naive,V1,44,0.071471
11,V1-DLS,naive,V1,45,0.017657
11,V1-DLS,naive,V1,46,0.05159
11,V1-DLS,naive,V1,47,0.008788
11,V1-DLS,naive,V1,48,0.004593
11,V1-DLS,naive,V1,49,0.010144
11,V1-DLS,naive,V1,50,0.029185
11,V1-DLS,naive,V1,51,0.001127
11,V1-DLS,naive,V1,52,0.010545
11,V1-DLS,naive,V1,53,0.529905
11,V1-DLS,naive,V1,54,0.209161
11,V1-DLS,naive,V1,55,0.008091
11,V1-DLS,naive,V1,56,0.019953
11,V1-DLS,naive,V1,57,0.746135
11,V1-DLS,naive,V1,58,0.116954
11,V1-DLS,naive,V1,59,0.005279
11,V1-DLS,naive,V1,60,0.004027
11,V1-DLS,naive,V1,61,0.009709
11,V1-DLS,naive,V1,62,0.029238
11,V1-DLS,naive,V1,63,0.045796
11,V1-DLS,naive,V1,64,0.010291
11,V1-DLS,naive,V1,65,0.054885
11,V1-DLS,naive,V1,66,0.61476
11,V1-DLS,naive,DLS,0,1.596777
11,V1-DLS,naive,DLS,1,0.893767
11,V1-DLS,naive,DLS,2,3.078382
11,V1-DLS,naive,DLS,3,0.67365
11,V1-DLS,naive,DLS,4,0.783927
11,V1-DLS,intermediate,V1,0,0.411659
11,V1-DLS,intermediate,V1,1,0.423931
11,V1-DLS,intermediate,V1,2,0.20156
11,V1-DLS,intermediate,V1,3,0.311451
11,V1-DLS,intermediate,V1,4,0.272871
11,V1-DLS,intermediate,V1,5,0.319377
11,V1-DLS,intermediate,V1,6,0.179352
11,V1-DLS,intermediate,V1,7,0.182289
11,V1-DLS,intermediate,V1,8,0.093899
11,V1-DLS,intermediate,V1,9,0.144728
11,V1-DLS,intermediate,V1,10,0.656028
11,V1-DLS,intermediate,V1,11,0.026337
11,V1-DLS,intermediate,V1,12,0.003147
11,V1-DLS,intermediate,V1,13,0.123332
11,V1-DLS,intermediate,V1,14,0.108055
11,V1-DLS,intermediate,V1,15,0.208713
11,V1-DLS,intermediate,V1,16,0.023708
11,V1-DLS,intermediate,V1,17,0.029387
11,V1-DLS,intermediate,V1,18,0.041247
11,V1-DLS,intermediate,V1,19,0.291029
11,V1-DLS,intermediate,V1,20,0.398212
11,V1-DLS,intermediate,V1,21,0.088246
11,V1-DLS,intermediate,V1,22,0.020302
11,V1-DLS,intermediate,V1,23,0.353399
11,V1-DLS,intermediate,V1,24,0.064329
11,V1-DLS,intermediate,V1,25,0.146369
11,V1-DLS,intermediate,V1,26,0.055645
11,V1-DLS,intermediate,V1,27,0.299862
11,V1-DLS,intermediate,V1,28,0.252124
11,V1-DLS,intermediate,V1,29,0.018183
11,V1-DLS,intermediate,V1,30,0.349071
11,V1-DLS,intermediate,V1,31,0.349876
11,V1-DLS,intermediate,V1,32,0.017401
11,V1-DLS,intermediate,V1,33,0.078911
11,V1-DLS,intermediate,V1,34,0.252505
11,V1-DLS,intermediate,V1,35,0.012232
11,V1-DLS,intermediate,V1,36,0.0
11,V1-DLS,intermediate,V1,37,0.447487
11,V1-DLS,intermediate,V1,38,0.007487
11,V1-DLS,intermediate,V1,39,0.021439
11,V1-DLS,intermediate,V1,40,0.256442
11,V1-DLS,intermediate,V1,41,0.068601
11,V1-DLS,intermediate,V1,42,0.09471
11,V1-DLS,intermediate,V1,43,0.010807
11,V1-DLS,intermediate,V1,44,0.036443
11,V1-DLS,intermediate,V1,45,0.072818
11,V1-DLS,intermediate,V1,46,0.078655
11,V1-DLS,intermediate,V1,47,0.019109
11,V1-DLS,intermediate,V1,48,0.163972
11,V1-DLS,intermediate,V1,49,0.007446
11,V1-DLS,intermediate,V1,50,0.120401
11,V1-DLS,intermediate,V1,51,0.022189
11,V1-DLS,intermediate,V1,52,0.369748
11,V1-DLS,intermediate,V1,53,0.085571
11,V1-DLS,intermediate,V1,54,0.07251
11,V1-DLS,intermediate,V1,55,0.061699
11,V1-DLS,intermediate,V1,56,0.006774
11,V1-DLS,intermediate,V1,57,0.226451
11,V1-DLS,intermediate,V1,58,0.865597
11,V1-DLS,intermediate,V1,59,0.209738
11,V1-DLS,intermediate,V1,60,0.012701
11,V1-DLS,intermediate,V1,61,0.041414
11,V1-DLS,intermediate,V1,62,0.224007
11,V1-DLS,intermediate,V1,63,0.272131
11,V1-DLS,intermediate,V1,64,0.050306
11,V1-DLS,intermediate,V1,65,0.032539
11,V1-DLS,intermediate,V1,66,0.033595
11,V1-DLS,intermediate,DLS,0,1.097821
11,V1-DLS,intermediate,DLS,1,0.918927
11,V1-DLS,intermediate,DLS,2,6.269666
11,V1-DLS,intermediate,DLS,3,1.158315
11,V1-DLS,intermediate,DLS,4,0.0
11,V1-DLS,expert,V1,0,0.198025
11,V1-DLS,expert,V1,1,0.135034
11,V1-DLS,expert,V1,2,0.04585
11,V1-DLS,expert,V1,3,0.328056
11,V1-DLS,expert,V1,4,0.333223
11,V1-DLS,expert,V1,5,0.655358
11,V1-DLS,expert,V1,6,0.39065
11,V1-DLS,expert,V1,7,0.283126
11,V1-DLS,expert,V1,8,0.402735
11,V1-DLS,expert,V1,9,0.099747
11,V1-DLS,expert,V1,10,0.075966
11,V1-DLS,expert,V1,11,0.039072
11,V1-DLS,expert,V1,12,0.011767
11,V1-DLS,expert,V1,13,0.120173
11,V1-DLS,expert,V1,14,0.053305
11,V1-DLS,expert,V1,15,0.632145
11,V1-DLS,expert,V1,16,0.06299
11,V1-DLS,expert,V1,17,0.041331
11,V1-DLS,expert,V1,18,0.06295
11,V1-DLS,expert,V1,19,0.417908
11,V1-DLS,expert,V1,20,0.108009
11,V1-DLS,expert,V1,21,0.147882
11,V1-DLS,expert,V1,22,0.125413
11,V1-DLS,expert,V1,23,0.538776
11,V1-DLS,expert,V1,24,0.042704
11,V1-DLS,expert,V1,25,0.044258
11,V1-DLS,expert,V1,26,0.277104
11,V1-DLS,expert,V1,27,0.419633
11,V1-DLS,expert,V1,28,0.308932
11,V1-DLS,expert,V1,29,0.024901
11,V1-DLS,expert,V1,30,0.632604
11,V1-DLS,expert,V1,31,0.334942
11,V1-DLS,expert,V1,32,0.011302
11,V1-DLS,expert,V1,33,0.132078
11,V1-DLS,expert,V1,34,0.126392
11,V1-DLS,expert,V1,35,0.06661
11,V1-DLS,expert,V1,36,0.0
11,V1-DLS,expert,V1,37,0.039455
11,V1-DLS,expert,V1,38,0.004944
11,V1-DLS,expert,V1,39,0.066885
11,V1-DLS,expert,V1,40,0.396313
11,V1-DLS,expert,V1,41,0.399645
11,V1-DLS,expert,V1,42,0.06023
11,V1-DLS,expert,V1,43,0.014619
11,V1-DLS,expert,V1,44,0.361701
11,V1-DLS,expert,V1,45,0.051602
11,V1-DLS,expert,V1,46,0.166384
11,V1-DLS,expert,V1,47,0.306021
11,V1-DLS,expert,V1,48,0.14061
11,V1-DLS,expert,V1,49,0.333086
11,V1-DLS,expert,V1,50,0.59965
11,V1-DLS,expert,V1,51,0.159838
11,V1-DLS,expert,V1,52,0.390773
11,V1-DLS,expert,V1,53,0.063929
11,V1-DLS,expert,V1,54,0.039919
11,V1-DLS,expert,V1,55,0.013907
11,V1-DLS,expert,V1,56,0.005969
11,V1-DLS,expert,V1,57,0.036125
11,V1-DLS,expert,V1,58,0.214608
11,V1-DLS,expert,V1,59,0.021618
11,V1-DLS,expert,V1,60,0.023096
11,V1-DLS,expert,V1,61,0.01969
11,V1-DLS,expert,V1,62,0.200619
11,V1-DLS,expert,V1,63,0.225566
11,V1-DLS,expert,V1,64,0.032676
11,V1-DLS,expert,V1,65,0.337521
11,V1-DLS,expert,V1,66,0.084254
11,V1-DLS,expert,DLS,0,0.772067
11,V1-DLS,expert,DLS,1,0.655602
11,V1-DLS,expert,DLS,2,5.089283
11,V1-DLS,expert,DLS,3,1.534807
11,V1-DLS,expert,DLS,4,1.342877
11,V1-ACC,naive,V1,0,0.017567
11,V1-ACC,naive,V1,1,0.769391
11,V1-ACC,naive,V1,2,1.036047
11,V1-ACC,naive,V1,3,0.12234
11,V1-ACC,naive,V1,4,0.93922
11,V1-ACC,naive,V1,5,0.082563
11,V1-ACC,naive,V1,6,0.116146
11,V1-ACC,naive,V1,7,0.993973
11,V1-ACC,naive,V1,8,0.130236
11,V1-ACC,naive,V1,9,0.04812
11,V1-ACC,naive,V1,10,0.990051
11,V1-ACC,naive,V1,11,0.673538
11,V1-ACC,naive,V1,12,0.379384
11,V1-ACC,naive,V1,13,0.09236
11,V1-ACC,naive,V1,14,0.675192
11,V1-ACC,naive,V1,15,0.047964
11,V1-ACC,naive,V1,16,0.918446
11,V1-ACC,naive,V1,17,0.050486
11,V1-ACC,naive,V1,18,0.765931
11,V1-ACC,naive,V1,19,0.028749
11,V1-ACC,naive,V1,20,0.359377
11,V1-ACC,naive,V1,21,0.095543
11,V1-ACC,naive,V1,22,0.029919
11,V1-ACC,naive,V1,23,0.072381
11,V1-ACC,naive,V1,24,0.059884
11,V1-ACC,naive,V1,25,0.933347
11,V1-ACC,naive,V1,26,0.004505
11,V1-ACC,naive,V1,27,0.057673
11,V1-ACC,naive,V1,28,0.02088
11,V1-ACC,naive,V1,29,0.011411
11,V1-ACC,naive,V1,30,0.036471
11,V1-ACC,naive,V1,31,0.09382
11,V1-ACC,naive,V1,32,0.01509
11,V1-ACC,naive,V1,33,0.015998
11,V1-ACC,naive,V1,34,0.526678
11,V1-ACC,naive,V1,35,0.585434
11,V1-ACC,naive,V1,36,0.084629
11,V1-ACC,naive,V1,37,0.6232
11,V1-ACC,naive,V1,38,0.166952
11,V1-ACC,naive,V1,39,0.0
11,V1-ACC,naive,V1,40,1.032425
11,V1-ACC,naive,V1,41,0.29286
11,V1-ACC,naive,V1,42,0.024788
11,V1-ACC,naive,V1,43,0.066991
11,V1-ACC,naive,V1,44,0.112627
11,V1-ACC,naive,V1,45,0.040137
11,V1-ACC,naive,V1,46,0.07895
11,V1-ACC,naive,V1,47,0.018385
11,V1-ACC,naive,V1,48,0.012814
11,V1-ACC,naive,V1,49,0.021379
11,V1-ACC,naive,V1,50,0.063188
11,V1-ACC,naive,V1,51,0.002961
11,V1-ACC,naive,V1,52,0.022355
11,V1-ACC,naive,V1,53,0.881119
11,V1-ACC,naive,V1,54,0.720284
11,V1-ACC,naive,V1,55,0.027291
11,V1-ACC,naive,V1,56,0.038933
11,V1-ACC,naive,V1,57,0.820261
11,V1-ACC,naive,V1,58,1.016364
11,V1-ACC,naive,V1,59,0.023712
11,V1-ACC,naive,V1,60,0.011727
11,V1-ACC,naive,V1,61,0.016522
11,V1-ACC,naive,V1,62,0.111167
11,V1-ACC,naive,V1,63,0.061821
11,V1-ACC,naive,V1,64,0.019889
11,V1-ACC,naive,V1,65,0.094398
11,V1-ACC,naive,V1,66,1.031275
11,V1-ACC,naive,ACC,0,0.013213
11,V1-ACC,naive,ACC,1,0.015047
11,V1-ACC,naive,ACC,2,0.090724
11,V1-ACC,naive,ACC,3,0.920598
11,V1-ACC,naive,ACC,4,0.077367
11,V1-ACC,naive,ACC,5,0.01794
11,V1-ACC,naive,ACC,6,0.796381
11,V1-ACC,naive,ACC,7,0.635081
11,V1-ACC,naive,ACC,8,0.03095
11,V1-ACC,naive,ACC,9,0.894139
11,V1-ACC,naive,ACC,10,0.032229
11,V1-ACC,naive,ACC,11,0.049471
11,V1-ACC,naive,ACC,12,0.102207
11,V1-ACC,naive,ACC,13,0.147675
11,V1-ACC,naive,ACC,14,0.029138
11,V1-ACC,naive,ACC,15,0.581943
11,V1-ACC,naive,ACC,16,0.029324
11,V1-ACC,naive,ACC,17,0.026323
11,V1-ACC,naive,ACC,18,0.424481
11,V1-ACC,naive,ACC,19,0.830894
11,V1-ACC,naive,ACC,20,0.300386
11,V1-ACC,naive,ACC,21,0.011451
11,V1-ACC,naive,ACC,22,0.049214
11,V1-ACC,naive,ACC,23,0.375167
11,V1-ACC,naive,ACC,24,0.766098
11,V1-ACC,naive,ACC,25,0.14965
11,V1-ACC,naive,ACC,26,0.096646
11,V1-ACC,naive,ACC,27,0.727951
11,V1-ACC,naive,ACC,28,0.056249
11,V1-ACC,naive,ACC,29,0.660645
11,V1-ACC,naive,ACC,30,0.032771
11,V1-ACC,naive,ACC,31,0.044973
11,V1-ACC,naive,ACC,32,0.075616
11,V1-ACC,naive,ACC,33,0.058424
11,V1-ACC,naive,ACC,34,0.032036
11,V1-ACC,naive,ACC,35,0.032868
11,V1-ACC,naive,ACC,36,0.052203
11,V1-ACC,naive,ACC,37,0.065199
11,V1-ACC,naive,ACC,38,0.159746
11,V1-ACC,naive,ACC,39,0.028488
11,V1-ACC,naive,ACC,40,0.870099
11,V1-ACC,naive,ACC,41,0.009275
11,V1-ACC,naive,ACC,42,0.787775
11,V1-ACC,naive,ACC,43,0.007312
11,V1-ACC,naive,ACC,44,0.419747
11,V1-ACC,naive,ACC,45,0.0
11,V1-ACC,naive,ACC,46,0.021871
11,V1-ACC,naive,ACC,47,0.150916
11,V1-ACC,naive,ACC,48,0.91283
11,V1-ACC,naive,ACC,49,0.162362
11,V1-ACC,naive,ACC,50,0.084986
11,V1-ACC,naive,ACC,51,0.784001
11,V1-ACC,naive,ACC,52,0.017973
11,V1-ACC,naive,ACC,53,0.116701
11,V1-ACC,naive,ACC,54,0.020819
11,V1-ACC,naive,ACC,55,0.916858
11,V1-ACC,naive,ACC,56,0.046262
11,V1-ACC,naive,ACC,57,0.428608
11,V1-ACC,naive,ACC,58,0.083702
11,V1-ACC,naive,ACC,59,0.641832
11,V1-ACC,naive,ACC,60,0.583286
11,V1-ACC,naive,ACC,61,0.015817
11,V1-ACC,naive,ACC,62,0.866472
11,V1-ACC,naive,ACC,63,0.022957
11,V1-ACC,naive,ACC,64,0.702283
11,V1-ACC,naive,ACC,65,0.010788
11,V1-ACC,naive,ACC,66,0.024433
11,V1-ACC,intermediate,V1,0,0.844651
11,V1-ACC,intermediate,V1,1,0.923778
11,V1-ACC,intermediate,V1,2,0.49448
11,V1-ACC,intermediate,V1,3,0.623416
11,V1-ACC,intermediate,V1,4,0.904781
11,V1-ACC,intermediate,V1,5,0.815681
11,V1-ACC,intermediate,V1,6,0.619797
11,V1-ACC,intermediate,V1,7,0.417505
11,V1-ACC,intermediate,V1,8,0.29952
11,V1-ACC,intermediate,V1,9,0.339479
11,V1-ACC,intermediate,V1,10,0.9222
11,V1-ACC,intermediate,V1,11,0.080126
11,V1-ACC,intermediate,V1,12,0.017268
11,V1-ACC,intermediate,V1,13,0.277115
11,V1-ACC,intermediate,V1,14,0.188742
11,V1-ACC,intermediate,V1,15,0.251144
11,V1-ACC,intermediate,V1,16,0.094061
11,V1-ACC,intermediate,V1,17,0.09777
11,V1-ACC,intermediate,V1,18,0.129058
11,V1-ACC,intermediate,V1,19,0.866015
11,V1-ACC,intermediate,V1,20,0.904347
11,V1-ACC,intermediate,V1,21,0.196887
11,V1-ACC,intermediate,V1,22,0.075531
11,V1-ACC,intermediate,V1,23,0.906825
11,V1-ACC,intermediate,V1,24,0.114686
11,V1-ACC,intermediate,V1,25,0.274513
11,V1-ACC,intermediate,V1,26,0.311736
11,V1-ACC,intermediate,V1,27,0.942386
11,V1-ACC,intermediate,V1,28,0.871467
11,V1-ACC,intermediate,V1,29,0.037049
11,V1-ACC,intermediate,V1,30,0.888632
11,V1-ACC,intermediate,V1,31,0.971939
11,V1-ACC,intermediate,V1,32,0.037599
11,V1-ACC,intermediate,V1,33,0.163393
11,V1-ACC,intermediate,V1,34,0.903402
11,V1-ACC,intermediate,V1,35,0.021103
11,V1-ACC,intermediate,V1,36,0.0
11,V1-ACC,intermediate,V1,37,0.727749
11,V1-ACC,intermediate,V1,38,0.016179
11,V1-ACC,intermediate,V1,39,0.063273
11,V1-ACC,intermediate,V1,40,0.922804
11,V1-ACC,intermediate,V1,41,0.155525
11,V1-ACC,intermediate,V1,42,0.20824
11,V1-ACC,intermediate,V1,43,0.029269
11,V1-ACC,intermediate,V1,44,0.126628
11,V1-ACC,intermediate,V1,45,0.211698
11,V1-ACC,intermediate,V1,46,0.215541
11,V1-ACC,intermediate,V1,47,0.093675
11,V1-ACC,intermediate,V1,48,0.350687
11,V1-ACC,intermediate,V1,49,0.028881
11,V1-ACC,intermediate,V1,50,0.323677
11,V1-ACC,intermediate,V1,51,0.041762
11,V1-ACC,intermediate,V1,52,0.826986
11,V1-ACC,intermediate,V1,53,0.170925
11,V1-ACC,intermediate,V1,54,0.15546
11,V1-ACC,intermediate,V1,55,0.2288
11,V1-ACC,intermediate,V1,56,0.025919
11,V1-ACC,intermediate,V1,57,0.91993
11,V1-ACC,intermediate,V1,58,0.942957
11,V1-ACC,intermediate,V1,59,0.902022
11,V1-ACC,intermediate,V1,60,0.034737
11,V1-ACC,intermediate,V1,61,0.082349
11,V1-ACC,intermediate,V1,62,0.499223
11,V1-ACC,intermediate,V1,63,0.504407
11,V1-ACC,intermediate,V1,64,0.122255
11,V1-ACC,intermediate,V1,65,0.127628
11,V1-ACC,intermediate,V1,66,0.084654
11,V1-ACC,intermediate,ACC,0,0.519916
11,V1-ACC,intermediate,ACC,1,0.458188
11,V1-ACC,intermediate,ACC,2,0.10357
11,V1-ACC,intermediate,ACC,3,0.36039
11,V1-ACC,intermediate,ACC,4,0.126111
11,V1-ACC,intermediate,ACC,5,0.208552
11,V1-ACC,intermediate,ACC,6,0.151973
11,V1-ACC,intermediate,ACC,7,0.045328
11,V1-ACC,intermediate,ACC,8,0.863893
11,V1-ACC,intermediate,ACC,9,0.585589
11,V1-ACC,intermediate,ACC,10,0.084433
11,V1-ACC,intermediate,ACC,11,0.872794
11,V1-ACC,intermediate,ACC,12,0.024697
11,V1-ACC,intermediate,ACC,13,0.065269
11,V1-ACC,intermediate,ACC,14,0.054276
11,V1-ACC,intermediate,ACC,15,0.097301
11,V1-ACC,intermediate,ACC,16,0.759216
11,V1-ACC,intermediate,ACC,17,0.045745
11,V1-ACC,intermediate,ACC,18,0.017165
11,V1-ACC,intermediate,ACC,19,0.181105
11,V1-ACC,intermediate,ACC,20,0.156646
11,V1-ACC,intermediate,ACC,21,0.784368
11,V1-ACC,intermediate,ACC,22,0.884432
11,V1-ACC,intermediate,ACC,23,0.057742
11,V1-ACC,intermediate,ACC,24,0.004328
11,V1-ACC,intermediate,ACC,25,0.84489
11,V1-ACC,intermediate,ACC,26,0.164986
11,V1-ACC,intermediate,ACC,27,0.061998
11,V1-ACC,intermediate,ACC,28,0.130677
11,V1-ACC,intermediate,ACC,29,0.04416
11,V1-ACC,intermediate,ACC,30,0.100777
11,V1-ACC,intermediate,ACC,31,0.152727
11,V1-ACC,intermediate,ACC,32,0.468992
11,V1-ACC,intermediate,ACC,33,0.757854
11,V1-ACC,intermediate,ACC,34,0.028188
11,V1-ACC,intermediate,ACC,35,0.111492
11,V1-ACC,intermediate,ACC,36,0.694323
11,V1-ACC,intermediate,ACC,37,0.057461
11,V1-ACC,intermediate,ACC,38,0.927328
11,V1-ACC,intermediate,ACC,39,0.098575
11,V1-ACC,intermediate,ACC,40,0.116139
11,V1-ACC,intermediate,ACC,41,0.591656
11,V1-ACC,intermediate,ACC,42,0.811405
11,V1-ACC,intermediate,ACC,43,0.062285
11,V1-ACC,intermediate,ACC,44,0.001426
11,V1-ACC,intermediate,ACC,45,0.0
11,V1-ACC,intermediate,ACC,46,0.367054
11,V1-ACC,intermediate,ACC,47,0.844322
11,V1-ACC,intermediate,ACC,48,0.099189
11,V1-ACC,intermediate,ACC,49,0.023344
11,V1-ACC,intermediate,ACC,50,0.085799
11,V1-ACC,intermediate,ACC,51,0.020798
11,V1-ACC,intermediate,ACC,52,0.072856
11,V1-ACC,intermediate,ACC,53,0.685015
11,V1-ACC,intermediate,ACC,54,0.534516
11,V1-ACC,intermediate,ACC,55,0.336431
11,V1-ACC,intermediate,ACC,56,0.059512
11,V1-ACC,intermediate,ACC,57,0.0
11,V1-ACC,intermediate,ACC,58,0.039115
11,V1-ACC,intermediate,ACC,59,0.022867
11,V1-ACC,intermediate,ACC,60,0.042382
11,V1-ACC,intermediate,ACC,61,0.91576
11,V1-ACC,intermediate,ACC,62,0.760937
11,V1-ACC,intermediate,ACC,63,0.008923
11,V1-ACC,intermediate,ACC,64,0.753045
11,V1-ACC,intermediate,ACC,65,0.08423
11,V1-ACC,intermediate,ACC,66,0.123267
11,V1-ACC,expert,V1,0,0.719636
11,V1-ACC,expert,V1,1,0.307387
11,V1-ACC,expert,V1,2,0.189709
11,V1-ACC,expert,V1,3,0.41485
11,V1-ACC,expert,V1,4,0.944413
11,V1-ACC,expert,V1,5,0.854935
11,V1-ACC,expert,V1,6,0.528795
11,V1-ACC,expert,V1,7,0.492031
11,V1-ACC,expert,V1,8,0.930199
11,V1-ACC,expert,V1,9,0.185848
11,V1-ACC,expert,V1,10,0.161806
11,V1-ACC,expert,V1,11,0.071519
11,V1-ACC,expert,V1,12,0.022741
11,V1-ACC,expert,V1,13,0.297947
11,V1-ACC,expert,V1,14,0.094735
11,V1-ACC,expert,V1,15,0.809846
11,V1-ACC,expert,V1,16,0.105777
11,V1-ACC,expert,V1,17,0.156158
11,V1-ACC,expert,V1,18,0.098281
11,V1-ACC,expert,V1,19,0.578901
11,V1-ACC,expert,V1,20,0.142908
11,V1-ACC,expert,V1,21,0.181134
11,V1-ACC,expert,V1,22,0.171888
11,V1-ACC,expert,V1,23,0.919056
11,V1-ACC,expert,V1,24,0.096565
11,V1-ACC,expert,V1,25,0.208599
11,V1-ACC,expert,V1,26,0.88934
11,V1-ACC,expert,V1,27,0.927951
11,V1-ACC,expert,V1,28,0.85831
11,V1-ACC,expert,V1,29,0.034698
11,V1-ACC,expert,V1,30,0.962578
11,V1-ACC,expert,V1,31,0.972631
11,V1-ACC,expert,V1,32,0.025845
11,V1-ACC,expert,V1,33,0.295711
11,V1-ACC,expert,V1,34,0.237759
11,V1-ACC,expert,V1,35,0.102808
11,V1-ACC,expert,V1,36,1e-06
11,V1-ACC,expert,V1,37,0.079851
11,V1-ACC,expert,V1,38,0.012946
11,V1-ACC,expert,V1,39,0.11495
11,V1-ACC,expert,V1,40,0.930986
11,V1-ACC,expert,V1,41,0.933525
11,V1-ACC,expert,V1,42,0.110664
11,V1-ACC,expert,V1,43,0.026338
11,V1-ACC,expert,V1,44,0.813839
11,V1-ACC,expert,V1,45,0.151211
11,V1-ACC,expert,V1,46,0.326726
11,V1-ACC,expert,V1,47,0.859366
11,V1-ACC,expert,V1,48,0.392367
11,V1-ACC,expert,V1,49,0.829192
11,V1-ACC,expert,V1,50,0.798991
11,V1-ACC,expert,V1,51,0.59361
11,V1-ACC,expert,V1,52,0.860161
11,V1-ACC,expert,V1,53,0.11524
11,V1-ACC,expert,V1,54,0.084568
11,V1-ACC,expert,V1,55,0.02549
11,V1-ACC,expert,V1,56,0.011708
11,V1-ACC,expert,V1,57,0.053633
11,V1-ACC,expert,V1,58,0.897491
11,V1-ACC,expert,V1,59,0.041544
11,V1-ACC,expert,V1,60,0.030447
11,V1-ACC,expert,V1,61,0.046626
11,V1-ACC,expert,V1,62,0.396479
11,V1-ACC,expert,V1,63,0.393042
11,V1-ACC,expert,V1,64,0.049639
11,V1-ACC,expert,V1,65,0.843614
11,V1-ACC,expert,V1,66,0.121271
11,V1-ACC,expert,ACC,0,0.619174
11,V1-ACC,expert,ACC,1,0.553167
11,V1-ACC,expert,ACC,2,0.134811
11,V1-ACC,expert,ACC,3,0.063828
11,V1-ACC,expert,ACC,4,0.142271
11,V1-ACC,expert,ACC,5,0.893632
11,V1-ACC,expert,ACC,6,0.092381
11,V1-ACC,expert,ACC,7,0.042444
11,V1-ACC,expert,ACC,8,0.082883
11,V1-ACC,expert,ACC,9,0.695605
11,V1-ACC,expert,ACC,10,0.049044
11,V1-ACC,expert,ACC,11,0.799504
11,V1-ACC,expert,ACC,12,0.070305
11,V1-ACC,expert,ACC,13,0.100557
11,V1-ACC,expert,ACC,14,0.086112
11,V1-ACC,expert,ACC,15,0.088151
11,V1-ACC,expert,ACC,16,0.112313
11,V1-ACC,expert,ACC,17,0.09709
11,V1-ACC,expert,ACC,18,0.033425
11,V1-ACC,expert,ACC,19,0.155376
11,V1-ACC,expert,ACC,20,0.037714
11,V1-ACC,expert,ACC,21,0.849015
11,V1-ACC,expert,ACC,22,0.116922
11,V1-ACC,expert,ACC,23,0.055347
11,V1-ACC,expert,ACC,24,0.004421
11,V1-ACC,expert,ACC,25,0.193898
11,V1-ACC,expert,ACC,26,0.049299
11,V1-ACC,expert,ACC,27,0.166897
11,V1-ACC,expert,ACC,28,0.04417
11,V1-ACC,expert,ACC,29,0.050495
11,V1-ACC,expert,ACC,30,0.054461
11,V1-ACC,expert,ACC,31,0.240608
11,V1-ACC,expert,ACC,32,0.557722
11,V1-ACC,expert,ACC,33,0.829463
11,V1-ACC,expert,ACC,34,0.05734
11,V1-ACC,expert,ACC,35,0.096623
11,V1-ACC,expert,ACC,36,0.665122
11,V1-ACC,expert,ACC,37,0.779894
11,V1-ACC,expert,ACC,38,0.114575
11,V1-ACC,expert,ACC,39,0.302377
11,V1-ACC,expert,ACC,40,0.115455
11,V1-ACC,expert,ACC,41,0.08527
11,V1-ACC,expert,ACC,42,0.067039
11,V1-ACC,expert,ACC,43,0.836985
11,V1-ACC,expert,ACC,44,0.790484
11,V1-ACC,expert,ACC,45,0.545024
11,V1-ACC,expert,ACC,46,0.112491
11,V1-ACC,expert,ACC,47,0.160442
11,V1-ACC,expert,ACC,48,0.032254
11,V1-ACC,expert,ACC,49,0.021339
11,V1-ACC,expert,ACC,50,0.070287
11,V1-ACC,expert,ACC,51,0.025098
11,V1-ACC,expert,ACC,52,0.052962
11,V1-ACC,expert,ACC,53,0.866222
11,V1-ACC,expert,ACC,54,0.76005
11,V1-ACC,expert,ACC,55,0.070435
11,V1-ACC,expert,ACC,56,0.039131
11,V1-ACC,expert,ACC,57,0.218376
11,V1-ACC,expert,ACC,58,0.032015
11,V1-ACC,expert,ACC,59,0.676543
11,V1-ACC,expert,ACC,60,0.017423
11,V1-ACC,expert,ACC,61,0.910768
11,V1-ACC,expert,ACC,62,0.840244
11,V1-ACC,expert,ACC,63,0.056486
11,V1-ACC,expert,ACC,64,0.715082
11,V1-ACC,expert,ACC,65,0.869622
11,V1-ACC,expert,ACC,66,0.894887
11,CA1-DMS,naive,CA1,0,0.037034
11,CA1-DMS,naive,CA1,1,1.363734
11,CA1-DMS,naive,CA1,2,0.125407
11,CA1-DMS,naive,CA1,3,1.524069
11,CA1-DMS,naive,CA1,4,0.031811
11,CA1-DMS,naive,CA1,5,1.640306
11,CA1-DMS,naive,CA1,6,1.190627
11,CA1-DMS,naive,CA1,7,0.167694
11,CA1-DMS,naive,CA1,8,0.065351
11,CA1-DMS,naive,CA1,9,1.440304
11,CA1-DMS,naive,CA1,10,1.430934
11,CA1-DMS,naive,CA1,11,0.036016
11,CA1-DMS,naive,CA1,12,1.043662
11,CA1-DMS,naive,CA1,13,0.06258
11,CA1-DMS,naive,CA1,14,0.919605
11,CA1-DMS,naive,CA1,15,1.168401
11,CA1-DMS,naive,CA1,16,0.0
11,CA1-DMS,naive,CA1,17,0.588159
11,CA1-DMS,naive,CA1,18,1.151689
11,CA1-DMS,naive,CA1,19,1.122163
11,CA1-DMS,naive,CA1,20,1.504649
11,CA1-DMS,naive,CA1,21,0.924031
11,CA1-DMS,naive,CA1,22,1.370504
11,CA1-DMS,naive,CA1,23,1.073075
11,CA1-DMS,naive,CA1,24,1.255088
11,CA1-DMS,naive,CA1,25,0.552226
11,CA1-DMS,naive,CA1,26,0.412496
11,CA1-DMS,naive,CA1,27,0.83719
11,CA1-DMS,naive,DMS,0,1.012
11,CA1-DMS,naive,DMS,1,1.274479
11,CA1-DMS,naive,DMS,2,0.379493
11,CA1-DMS,naive,DMS,3,0.844631
11,CA1-DMS,naive,DMS,4,1.127009
11,CA1-DMS,naive,DMS,5,1.560026
11,CA1-DMS,naive,DMS,6,0.496446
11,CA1-DMS,naive,DMS,7,0.603488
11,CA1-DMS,naive,DMS,8,2.212138
11,CA1-DMS,naive,DMS,9,0.977793
11,CA1-DMS,naive,DMS,10,1.481138
11,CA1-DMS,naive,DMS,11,1.777835
11,CA1-DMS,naive,DMS,12,0.662107
11,CA1-DMS,naive,DMS,13,1.51263
11,CA1-DMS,naive,DMS,14,0.551172
11,CA1-DMS,naive,DMS,15,0.389197
11,CA1-DMS,naive,DMS,16,0.487644
11,CA1-DMS,naive,DMS,17,0.831735
11,CA1-DMS,naive,DMS,18,1.822904
11,CA1-DMS,naive,DMS,19,0.544522
11,CA1-DMS,intermediate,CA1,0,0.808837
11,CA1-DMS,intermediate,CA1,1,1.177252
11,CA1-DMS,intermediate,CA1,2,0.724614
11,CA1-DMS,intermediate,CA1,3,0.92049
11,CA1-DMS,intermediate,CA1,4,0.321309
11,CA1-DMS,intermediate,CA1,5,0.651766
11,CA1-DMS,intermediate,CA1,6,0.994268
11,CA1-DMS,intermediate,CA1,7,0.010034
11,CA1-DMS,intermediate,CA1,8,0.032759
11,CA1-DMS,intermediate,CA1,9,0.975898
11,CA1-DMS,intermediate,CA1,10,0.858659
11,CA1-DMS,intermediate,CA1,11,1.17069
11,CA1-DMS,intermediate,CA1,12,0.997168
11,CA1-DMS,intermediate,CA1,13,0.688711
11,CA1-DMS,intermediate,CA1,14,0.911835
11,CA1-DMS,intermediate,CA1,15,0.164217
11,CA1-DMS,intermediate,CA1,16,0.034399
11,CA1-DMS,intermediate,CA1,17,0.187109
11,CA1-DMS,intermediate,CA1,18,0.747772
11,CA1-DMS,intermediate,CA1,19,1.117942
11,CA1-DMS,intermediate,CA1,20,0.724829
11,CA1-DMS,intermediate,CA1,21,1.236766
11,CA1-DMS,intermediate,CA1,22,0.939169
11,CA1-DMS,intermediate,CA1,23,0.933052
11,CA1-DMS,intermediate,CA1,24,0.315379
11,CA1-DMS,intermediate,CA1,25,1.147377
11,CA1-DMS,intermediate,CA1,26,0.049482
11,CA1-DMS,intermediate,CA1,27,1.217482
11,CA1-DMS,intermediate,DMS,0,1.015837
11,CA1-DMS,intermediate,DMS,1,0.627515
11,CA1-DMS,intermediate,DMS,2,1.175321
11,CA1-DMS,intermediate,DMS,3,0.923082
11,CA1-DMS,intermediate,DMS,4,1.02096
11,CA1-DMS,intermediate,DMS,5,0.563171
11,CA1-DMS,intermediate,DMS,6,2.200752
11,CA1-DMS,intermediate,DMS,7,2.284416
11,CA1-DMS,intermediate,DMS,8,1.321905
11,CA1-DMS,intermediate,DMS,9,1.151897
11,CA1-DMS,intermediate,DMS,10,1.661215
11,CA1-DMS,intermediate,DMS,11,2.398372
11,CA1-DMS,intermediate,DMS,12,1.060189
11,CA1-DMS,intermediate,DMS,13,0.568575
11,CA1-DMS,intermediate,DMS,14,8.419903
11,CA1-DMS,intermediate,DMS,15,3.323352
11,CA1-DMS,intermediate,DMS,16,1.73016
11,CA1-DMS,intermediate,DMS,17,2.63438
11,CA1-DMS,intermediate,DMS,18,1.838725
11,CA1-DMS,intermediate,DMS,19,0.751577
11,CA1-DMS,expert,CA1,0,0.732789
11,CA1-DMS,expert,CA1,1,0.592519
11,CA1-DMS,expert,CA1,2,0.754825
11,CA1-DMS,expert,CA1,3,0.897809
11,CA1-DMS,expert,CA1,4,0.927705
11,CA1-DMS,expert,CA1,5,0.737486
11,CA1-DMS,expert,CA1,6,0.965767
11,CA1-DMS,expert,CA1,7,0.914501
11,CA1-DMS,expert,CA1,8,0.037554
11,CA1-DMS,expert,CA1,9,0.98245
11,CA1-DMS,expert,CA1,10,0.872772
11,CA1-DMS,expert,CA1,11,1.039399
11,CA1-DMS,expert,CA1,12,1.024448
11,CA1-DMS,expert,CA1,13,0.780443
11,CA1-DMS,expert,CA1,14,1.08401
11,CA1-DMS,expert,CA1,15,0.906625
11,CA1-DMS,expert,CA1,16,0.036834
11,CA1-DMS,expert,CA1,17,0.085093
11,CA1-DMS,expert,CA1,18,0.955412
11,CA1-DMS,expert,CA1,19,0.799299
11,CA1-DMS,expert,CA1,20,0.697531
11,CA1-DMS,expert,CA1,21,0.077869
11,CA1-DMS,expert,CA1,22,0.989311
11,CA1-DMS,expert,CA1,23,1.007229
11,CA1-DMS,expert,CA1,24,0.966231
11,CA1-DMS,expert,CA1,25,0.29327
11,CA1-DMS,expert,CA1,26,0.046963
11,CA1-DMS,expert,CA1,27,0.16394
11,CA1-DMS,expert,DMS,0,1.008653
11,CA1-DMS,expert,DMS,1,0.639706
11,CA1-DMS,expert,DMS,2,1.076259
11,CA1-DMS,expert,DMS,3,1.052286
11,CA1-DMS,expert,DMS,4,1.000109
11,CA1-DMS,expert,DMS,5,1.027332
11,CA1-DMS,expert,DMS,6,1.945289
11,CA1-DMS,expert,DMS,7,2.413711
11,CA1-DMS,expert,DMS,8,1.476624
11,CA1-DMS,expert,DMS,9,0.664878
11,CA1-DMS,expert,DMS,10,1.891491
11,CA1-DMS,expert,DMS,11,0.789129
11,CA1-DMS,expert,DMS,12,1.242391
11,CA1-DMS,expert,DMS,13,0.713521
11,CA1-DMS,expert,DMS,14,3.50315
11,CA1-DMS,expert,DMS,15,3.278758
11,CA1-DMS,expert,DMS,16,2.924269
11,CA1-DMS,expert,DMS,17,1.787368
11,CA1-DMS,expert,DMS,18,2.084868
11,CA1-DMS,expert,DMS,19,1.65223
11,CA1-DLS,naive,CA1,0,0.029779
11,CA1-DLS,naive,CA1,1,0.526499
11,CA1-DLS,naive,CA1,2,0.074155
11,CA1-DLS,naive,CA1,3,0.467705
11,CA1-DLS,naive,CA1,4,0.021236
11,CA1-DLS,naive,CA1,5,0.679498
11,CA1-DLS,naive,CA1,6,0.623813
11,CA1-DLS,naive,CA1,7,0.114109
11,CA1-DLS,naive,CA1,8,0.023114
11,CA1-DLS,naive,CA1,9,0.947483
11,CA1-DLS,naive,CA1,10,0.371939
11,CA1-DLS,naive,CA1,11,0.011812
11,CA1-DLS,naive,CA1,12,0.549516
11,CA1-DLS,naive,CA1,13,0.03845
11,CA1-DLS,naive,CA1,14,0.503608
11,CA1-DLS,naive,CA1,15,0.447687
11,CA1-DLS,naive,CA1,16,0.0
11,CA1-DLS,naive,CA1,17,0.228312
11,CA1-DLS,naive,CA1,18,0.675058
11,CA1-DLS,naive,CA1,19,0.44557
11,CA1-DLS,naive,CA1,20,0.673182
11,CA1-DLS,naive,CA1,21,0.479092
11,CA1-DLS,naive,CA1,22,0.88546
11,CA1-DLS,naive,CA1,23,0.486123
11,CA1-DLS,naive,CA1,24,0.872681
11,CA1-DLS,naive,CA1,25,0.238557
11,CA1-DLS,naive,CA1,26,0.295315
11,CA1-DLS,naive,CA1,27,0.235086
11,CA1-DLS,naive,DLS,0,1.596777
11,CA1-DLS,naive,DLS,1,0.893767
11,CA1-DLS,naive,DLS,2,3.078382
11,CA1-DLS,naive,DLS,3,0.67365
11,CA1-DLS,naive,DLS,4,0.783927
11,CA1-DLS,intermediate,CA1,0,0.191908
11,CA1-DLS,intermediate,CA1,1,0.577551
11,CA1-DLS,intermediate,CA1,2,0.649536
11,CA1-DLS,intermediate,CA1,3,0.263036
11,CA1-DLS,intermediate,CA1,4,0.218756
11,CA1-DLS,intermediate,CA1,5,0.220083
11,CA1-DLS,intermediate,CA1,6,0.271634
11,CA1-DLS,intermediate,CA1,7,0.005808
11,CA1-DLS,intermediate,CA1,8,0.022998
11,CA1-DLS,intermediate,CA1,9,0.370814
11,CA1-DLS,intermediate,CA1,10,0.827533
11,CA1-DLS,intermediate,CA1,11,0.317297
11,CA1-DLS,intermediate,CA1,12,0.448135
11,CA1-DLS,intermediate,CA1,13,0.084214
11,CA1-DLS,intermediate,CA1,14,0.275827
11,CA1-DLS,intermediate,CA1,15,0.031759
11,CA1-DLS,intermediate,CA1,16,0.006265
11,CA1-DLS,intermediate,CA1,17,0.045725
11,CA1-DLS,intermediate,CA1,18,0.205786
11,CA1-DLS,intermediate,CA1,19,0.485566
11,CA1-DLS,intermediate,CA1,20,0.346388
11,CA1-DLS,intermediate,CA1,21,0.197077
11,CA1-DLS,intermediate,CA1,22,0.320174
11,CA1-DLS,intermediate,CA1,23,0.627931
11,CA1-DLS,intermediate,CA1,24,0.054423
11,CA1-DLS,intermediate,CA1,25,0.24173
11,CA1-DLS,intermediate,CA1,26,0.020474
11,CA1-DLS,intermediate,CA1,27,0.118016
11,CA1-DLS,intermediate,DLS,0,1.097821
11,CA1-DLS,intermediate,DLS,1,0.918927
11,CA1-DLS,intermediate,DLS,2,6.269666
11,CA1-DLS,intermediate,DLS,3,1.158315
11,CA1-DLS,intermediate,DLS,4,0.0
11,CA1-DLS,expert,CA1,0,0.393997
11,CA1-DLS,expert,CA1,1,0.378813
11,CA1-DLS,expert,CA1,2,0.2108
11,CA1-DLS,expert,CA1,3,0.395879
11,CA1-DLS,expert,CA1,4,0.383685
11,CA1-DLS,expert,CA1,5,0.411492
11,CA1-DLS,expert,CA1,6,0.648346
11,CA1-DLS,expert,CA1,7,0.110929
11,CA1-DLS,expert,CA1,8,0.02123
11,CA1-DLS,expert,CA1,9,0.61654
11,CA1-DLS,expert,CA1,10,0.62011
11,CA1-DLS,expert,CA1,11,0.366055
11,CA1-DLS,expert,CA1,12,0.398629
11,CA1-DLS,expert,CA1,13,0.112664
11,CA1-DLS,expert,CA1,14,0.248781
11,CA1-DLS,expert,CA1,15,0.30188
11,CA1-DLS,expert,CA1,16,0.021007
11,CA1-DLS,expert,CA1,17,0.035236
11,CA1-DLS,expert,CA1,18,0.47844
11,CA1-DLS,expert,CA1,19,0.158132
11,CA1-DLS,expert,CA1,20,0.510108
11,CA1-DLS,expert,CA1,21,0.04493
11,CA1-DLS,expert,CA1,22,0.553282
11,CA1-DLS,expert,CA1,23,0.538165
11,CA1-DLS,expert,CA1,24,0.572695
11,CA1-DLS,expert,CA1,25,0.169778
11,CA1-DLS,expert,CA1,26,0.007774
11,CA1-DLS,expert,CA1,27,0.050802
11,CA1-DLS,expert,DLS,0,0.772067
11,CA1-DLS,expert,DLS,1,0.655602
11,CA1-DLS,expert,DLS,2,5.089283
11,CA1-DLS,expert,DLS,3,1.534807
11,CA1-DLS,expert,DLS,4,1.342877
11,CA1-ACC,naive,CA1,0,0.037034
11,CA1-ACC,naive,CA1,1,1.363734
11,CA1-ACC,naive,CA1,2,0.125407
11,CA1-ACC,naive,CA1,3,1.524069
11,CA1-ACC,naive,CA1,4,0.031811
11,CA1-ACC,naive,CA1,5,1.640306
11,CA1-ACC,naive,CA1,6,1.190627
11,CA1-ACC,naive,CA1,7,0.167694
11,CA1-ACC,naive,CA1,8,0.065351
11,CA1-ACC,naive,CA1,9,1.440304
11,CA1-ACC,naive,CA1,10,1.430934
11,CA1-ACC,naive,CA1,11,0.036016
11,CA1-ACC,naive,CA1,12,1.043662
11,CA1-ACC,naive,CA1,13,0.06258
11,CA1-ACC,naive,CA1,14,0.919605
11,CA1-ACC,naive,CA1,15,1.168401
11,CA1-ACC,naive,CA1,16,0.0
11,CA1-ACC,naive,CA1,17,0.588159
11,CA1-ACC,naive,CA1,18,1.151689
11,CA1-ACC,naive,CA1,19,1.122163
11,CA1-ACC,naive,CA1,20,1.504649
11,CA1-ACC,naive,CA1,21,0.924031
11,CA1-ACC,naive,CA1,22,1.370504
11,CA1-ACC,naive,CA1,23,1.073075
11,CA1-ACC,naive,CA1,24,1.255088
11,CA1-ACC,naive,CA1,25,0.552226
11,CA1-ACC,naive,CA1,26,0.412496
11,CA1-ACC,naive,CA1,27,0.83719
11,CA1-ACC,naive,ACC,0,0.013213
11,CA1-ACC,naive,ACC,1,0.015047
11,CA1-ACC,naive,ACC,2,0.090724
11,CA1-ACC,naive,ACC,3,0.920598
11,CA1-ACC,naive,ACC,4,0.077367
11,CA1-ACC,naive,ACC,5,0.01794
11,CA1-ACC,naive,ACC,6,0.796381
11,CA1-ACC,naive,ACC,7,0.635081
11,CA1-ACC,naive,ACC,8,0.03095
11,CA1-ACC,naive,ACC,9,0.894139
11,CA1-ACC,naive,ACC,10,0.032229
11,CA1-ACC,naive,ACC,11,0.049471
11,CA1-ACC,naive,ACC,12,0.102207
11,CA1-ACC,naive,ACC,13,0.147675
11,CA1-ACC,naive,ACC,14,0.029138
11,CA1-ACC,naive,ACC,15,0.581943
11,CA1-ACC,naive,ACC,16,0.029324
11,CA1-ACC,naive,ACC,17,0.026323
11,CA1-ACC,naive,ACC,18,0.424481
11,CA1-ACC,naive,ACC,19,0.830894
11,CA1-ACC,naive,ACC,20,0.300386
11,CA1-ACC,naive,ACC,21,0.011451
11,CA1-ACC,naive,ACC,22,0.049214
11,CA1-ACC,naive,ACC,23,0.375167
11,CA1-ACC,naive,ACC,24,0.766098
11,CA1-ACC,naive,ACC,25,0.14965
11,CA1-ACC,naive,ACC,26,0.096646
11,CA1-ACC,naive,ACC,27,0.727951
11,CA1-ACC,naive,ACC,28,0.056249
11,CA1-ACC,naive,ACC,29,0.660645
11,CA1-ACC,naive,ACC,30,0.032771
11,CA1-ACC,naive,ACC,31,0.044973
11,CA1-ACC,naive,ACC,32,0.075616
11,CA1-ACC,naive,ACC,33,0.058424
11,CA1-ACC,naive,ACC,34,0.032036
11,CA1-ACC,naive,ACC,35,0.032868
11,CA1-ACC,naive,ACC,36,0.052203
11,CA1-ACC,naive,ACC,37,0.065199
11,CA1-ACC,naive,ACC,38,0.159746
11,CA1-ACC,naive,ACC,39,0.028488
11,CA1-ACC,naive,ACC,40,0.870099
11,CA1-ACC,naive,ACC,41,0.009275
11,CA1-ACC,naive,ACC,42,0.787775
11,CA1-ACC,naive,ACC,43,0.007312
11,CA1-ACC,naive,ACC,44,0.419747
11,CA1-ACC,naive,ACC,45,0.0
11,CA1-ACC,naive,ACC,46,0.021871
11,CA1-ACC,naive,ACC,47,0.150916
11,CA1-ACC,naive,ACC,48,0.91283
11,CA1-ACC,naive,ACC,49,0.162362
11,CA1-ACC,naive,ACC,50,0.084986
11,CA1-ACC,naive,ACC,51,0.784001
11,CA1-ACC,naive,ACC,52,0.017973
11,CA1-ACC,naive,ACC,53,0.116701
11,CA1-ACC,naive,ACC,54,0.020819
11,CA1-ACC,naive,ACC,55,0.916858
11,CA1-ACC,naive,ACC,56,0.046262
11,CA1-ACC,naive,ACC,57,0.428608
11,CA1-ACC,naive,ACC,58,0.083702
11,CA1-ACC,naive,ACC,59,0.641832
11,CA1-ACC,naive,ACC,60,0.583286
11,CA1-ACC,naive,ACC,61,0.015817
11,CA1-ACC,naive,ACC,62,0.866472
11,CA1-ACC,naive,ACC,63,0.022957
11,CA1-ACC,naive,ACC,64,0.702283
11,CA1-ACC,naive,ACC,65,0.010788
11,CA1-ACC,naive,ACC,66,0.024433
11,CA1-ACC,intermediate,CA1,0,0.808837
11,CA1-ACC,intermediate,CA1,1,1.177252
11,CA1-ACC,intermediate,CA1,2,0.724614
11,CA1-ACC,intermediate,CA1,3,0.92049
11,CA1-ACC,intermediate,CA1,4,0.321309
11,CA1-ACC,intermediate,CA1,5,0.651766
11,CA1-ACC,intermediate,CA1,6,0.994268
11,CA1-ACC,intermediate,CA1,7,0.010034
11,CA1-ACC,intermediate,CA1,8,0.032759
11,CA1-ACC,intermediate,CA1,9,0.975898
11,CA1-ACC,intermediate,CA1,10,0.858659
11,CA1-ACC,intermediate,CA1,11,1.17069
11,CA1-ACC,intermediate,CA1,12,0.997168
11,CA1-ACC,intermediate,CA1,13,0.688711
11,CA1-ACC,intermediate,CA1,14,0.911835
11,CA1-ACC,intermediate,CA1,15,0.164217
11,CA1-ACC,intermediate,CA1,16,0.034399
11,CA1-ACC,intermediate,CA1,17,0.187109
11,CA1-ACC,intermediate,CA1,18,0.747772
11,CA1-ACC,intermediate,CA1,19,1.117942
11,CA1-ACC,intermediate,CA1,20,0.724829
11,CA1-ACC,intermediate,CA1,21,1.236766
11,CA1-ACC,intermediate,CA1,22,0.939169
11,CA1-ACC,intermediate,CA1,23,0.933052
11,CA1-ACC,intermediate,CA1,24,0.315379
11,CA1-ACC,intermediate,CA1,25,1.147377
11,CA1-ACC,intermediate,CA1,26,0.049482
11,CA1-ACC,intermediate,CA1,27,1.217482
11,CA1-ACC,intermediate,ACC,0,0.519916
11,CA1-ACC,intermediate,ACC,1,0.458188
11,CA1-ACC,intermediate,ACC,2,0.10357
11,CA1-ACC,intermediate,ACC,3,0.36039
11,CA1-ACC,intermediate,ACC,4,0.126111
11,CA1-ACC,intermediate,ACC,5,0.208552
11,CA1-ACC,intermediate,ACC,6,0.151973
11,CA1-ACC,intermediate,ACC,7,0.045328
11,CA1-ACC,intermediate,ACC,8,0.863893
11,CA1-ACC,intermediate,ACC,9,0.585589
11,CA1-ACC,intermediate,ACC,10,0.084433
11,CA1-ACC,intermediate,ACC,11,0.872794
11,CA1-ACC,intermediate,ACC,12,0.024697
11,CA1-ACC,intermediate,ACC,13,0.065269
11,CA1-ACC,intermediate,ACC,14,0.054276
11,CA1-ACC,intermediate,ACC,15,0.097301
11,CA1-ACC,intermediate,ACC,16,0.759216
11,CA1-ACC,intermediate,ACC,17,0.045745
11,CA1-ACC,intermediate,ACC,18,0.017165
11,CA1-ACC,intermediate,ACC,19,0.181105
11,CA1-ACC,intermediate,ACC,20,0.156646
11,CA1-ACC,intermediate,ACC,21,0.784368
11,CA1-ACC,intermediate,ACC,22,0.884432
11,CA1-ACC,intermediate,ACC,23,0.057742
11,CA1-ACC,intermediate,ACC,24,0.004328
11,CA1-ACC,intermediate,ACC,25,0.84489
11,CA1-ACC,intermediate,ACC,26,0.164986
11,CA1-ACC,intermediate,ACC,27,0.061998
11,CA1-ACC,intermediate,ACC,28,0.130677
11,CA1-ACC,intermediate,ACC,29,0.04416
11,CA1-ACC,intermediate,ACC,30,0.100777
11,CA1-ACC,intermediate,ACC,31,0.152727
11,CA1-ACC,intermediate,ACC,32,0.468992
11,CA1-ACC,intermediate,ACC,33,0.757854
11,CA1-ACC,intermediate,ACC,34,0.028188
11,CA1-ACC,intermediate,ACC,35,0.111492
11,CA1-ACC,intermediate,ACC,36,0.694323
11,CA1-ACC,intermediate,ACC,37,0.057461
11,CA1-ACC,intermediate,ACC,38,0.927328
11,CA1-ACC,intermediate,ACC,39,0.098575
11,CA1-ACC,intermediate,ACC,40,0.116139
11,CA1-ACC,intermediate,ACC,41,0.591656
11,CA1-ACC,intermediate,ACC,42,0.811405
11,CA1-ACC,intermediate,ACC,43,0.062285
11,CA1-ACC,intermediate,ACC,44,0.001426
11,CA1-ACC,intermediate,ACC,45,0.0
11,CA1-ACC,intermediate,ACC,46,0.367054
11,CA1-ACC,intermediate,ACC,47,0.844322
11,CA1-ACC,intermediate,ACC,48,0.099189
11,CA1-ACC,intermediate,ACC,49,0.023344
11,CA1-ACC,intermediate,ACC,50,0.085799
11,CA1-ACC,intermediate,ACC,51,0.020798
11,CA1-ACC,intermediate,ACC,52,0.072856
11,CA1-ACC,intermediate,ACC,53,0.685015
11,CA1-ACC,intermediate,ACC,54,0.534516
11,CA1-ACC,intermediate,ACC,55,0.336431
11,CA1-ACC,intermediate,ACC,56,0.059512
11,CA1-ACC,intermediate,ACC,57,0.0
11,CA1-ACC,intermediate,ACC,58,0.039115
11,CA1-ACC,intermediate,ACC,59,0.022867
11,CA1-ACC,intermediate,ACC,60,0.042382
11,CA1-ACC,intermediate,ACC,61,0.91576
11,CA1-ACC,intermediate,ACC,62,0.760937
11,CA1-ACC,intermediate,ACC,63,0.008923
11,CA1-ACC,intermediate,ACC,64,0.753045
11,CA1-ACC,intermediate,ACC,65,0.08423
11,CA1-ACC,intermediate,ACC,66,0.123267
11,CA1-ACC,expert,CA1,0,0.732789
11,CA1-ACC,expert,CA1,1,0.592519
11,CA1-ACC,expert,CA1,2,0.754825
11,CA1-ACC,expert,CA1,3,0.897809
11,CA1-ACC,expert,CA1,4,0.927705
11,CA1-ACC,expert,CA1,5,0.737486
11,CA1-ACC,expert,CA1,6,0.965767
11,CA1-ACC,expert,CA1,7,0.914501
11,CA1-ACC,expert,CA1,8,0.037554
11,CA1-ACC,expert,CA1,9,0.98245
11,CA1-ACC,expert,CA1,10,0.872772
11,CA1-ACC,expert,CA1,11,1.039399
11,CA1-ACC,expert,CA1,12,1.024448
11,CA1-ACC,expert,CA1,13,0.780443
11,CA1-ACC,expert,CA1,14,1.08401
11,CA1-ACC,expert,CA1,15,0.906625
11,CA1-ACC,expert,CA1,16,0.036834
11,CA1-ACC,expert,CA1,17,0.085093
11,CA1-ACC,expert,CA1,18,0.955412
11,CA1-ACC,expert,CA1,19,0.799299
11,CA1-ACC,expert,CA1,20,0.697531
11,CA1-ACC,expert,CA1,21,0.077869
11,CA1-ACC,expert,CA1,22,0.989311
11,CA1-ACC,expert,CA1,23,1.007229
11,CA1-ACC,expert,CA1,24,0.966231
11,CA1-ACC,expert,CA1,25,0.29327
11,CA1-ACC,expert,CA1,26,0.046963
11,CA1-ACC,expert,CA1,27,0.16394
11,CA1-ACC,expert,ACC,0,0.619174
11,CA1-ACC,expert,ACC,1,0.553167
11,CA1-ACC,expert,ACC,2,0.134811
11,CA1-ACC,expert,ACC,3,0.063828
11,CA1-ACC,expert,ACC,4,0.142271
11,CA1-ACC,expert,ACC,5,0.893632
11,CA1-ACC,expert,ACC,6,0.092381
11,CA1-ACC,expert,ACC,7,0.042444
11,CA1-ACC,expert,ACC,8,0.082883
11,CA1-ACC,expert,ACC,9,0.695605
11,CA1-ACC,expert,ACC,10,0.049044
11,CA1-ACC,expert,ACC,11,0.799504
11,CA1-ACC,expert,ACC,12,0.070305
11,CA1-ACC,expert,ACC,13,0.100557
11,CA1-ACC,expert,ACC,14,0.086112
11,CA1-ACC,expert,ACC,15,0.088151
11,CA1-ACC,expert,ACC,16,0.112313
11,CA1-ACC,expert,ACC,17,0.09709
11,CA1-ACC,expert,ACC,18,0.033425
11,CA1-ACC,expert,ACC,19,0.155376
11,CA1-ACC,expert,ACC,20,0.037714
11,CA1-ACC,expert,ACC,21,0.849015
11,CA1-ACC,expert,ACC,22,0.116922
11,CA1-ACC,expert,ACC,23,0.055347
11,CA1-ACC,expert,ACC,24,0.004421
11,CA1-ACC,expert,ACC,25,0.193898
11,CA1-ACC,expert,ACC,26,0.049299
11,CA1-ACC,expert,ACC,27,0.166897
11,CA1-ACC,expert,ACC,28,0.04417
11,CA1-ACC,expert,ACC,29,0.050495
11,CA1-ACC,expert,ACC,30,0.054461
11,CA1-ACC,expert,ACC,31,0.240608
11,CA1-ACC,expert,ACC,32,0.557722
11,CA1-ACC,expert,ACC,33,0.829463
11,CA1-ACC,expert,ACC,34,0.05734
11,CA1-ACC,expert,ACC,35,0.096623
11,CA1-ACC,expert,ACC,36,0.665122
11,CA1-ACC,expert,ACC,37,0.779894
11,CA1-ACC,expert,ACC,38,0.114575
11,CA1-ACC,expert,ACC,39,0.302377
11,CA1-ACC,expert,ACC,40,0.115455
11,CA1-ACC,expert,ACC,41,0.08527
11,CA1-ACC,expert,ACC,42,0.067039
11,CA1-ACC,expert,ACC,43,0.836985
11,CA1-ACC,expert,ACC,44,0.790484
11,CA1-ACC,expert,ACC,45,0.545024
11,CA1-ACC,expert,ACC,46,0.112491
11,CA1-ACC,expert,ACC,47,0.160442
11,CA1-ACC,expert,ACC,48,0.032254
11,CA1-ACC,expert,ACC,49,0.021339
11,CA1-ACC,expert,ACC,50,0.070287
11,CA1-ACC,expert,ACC,51,0.025098
11,CA1-ACC,expert,ACC,52,0.052962
11,CA1-ACC,expert,ACC,53,0.866222
11,CA1-ACC,expert,ACC,54,0.76005
11,CA1-ACC,expert,ACC,55,0.070435
11,CA1-ACC,expert,ACC,56,0.039131
11,CA1-ACC,expert,ACC,57,0.218376
11,CA1-ACC,expert,ACC,58,0.032015
11,CA1-ACC,expert,ACC,59,0.676543
11,CA1-ACC,expert,ACC,60,0.017423
11,CA1-ACC,expert,ACC,61,0.910768
11,CA1-ACC,expert,ACC,62,0.840244
11,CA1-ACC,expert,ACC,63,0.056486
11,CA1-ACC,expert,ACC,64,0.715082
11,CA1-ACC,expert,ACC,65,0.869622
11,CA1-ACC,expert,ACC,66,0.894887
11,CA1-V1,naive,CA1,0,0.037034
11,CA1-V1,naive,CA1,1,1.363734
11,CA1-V1,naive,CA1,2,0.125407
11,CA1-V1,naive,CA1,3,1.524069
11,CA1-V1,naive,CA1,4,0.031811
11,CA1-V1,naive,CA1,5,1.640306
11,CA1-V1,naive,CA1,6,1.190627
11,CA1-V1,naive,CA1,7,0.167694
11,CA1-V1,naive,CA1,8,0.065351
11,CA1-V1,naive,CA1,9,1.440304
11,CA1-V1,naive,CA1,10,1.430934
11,CA1-V1,naive,CA1,11,0.036016
11,CA1-V1,naive,CA1,12,1.043662
11,CA1-V1,naive,CA1,13,0.06258
11,CA1-V1,naive,CA1,14,0.919605
11,CA1-V1,naive,CA1,15,1.168401
11,CA1-V1,naive,CA1,16,0.0
11,CA1-V1,naive,CA1,17,0.588159
11,CA1-V1,naive,CA1,18,1.151689
11,CA1-V1,naive,CA1,19,1.122163
11,CA1-V1,naive,CA1,20,1.504649
11,CA1-V1,naive,CA1,21,0.924031
11,CA1-V1,naive,CA1,22,1.370504
11,CA1-V1,naive,CA1,23,1.073075
11,CA1-V1,naive,CA1,24,1.255088
11,CA1-V1,naive,CA1,25,0.552226
11,CA1-V1,naive,CA1,26,0.412496
11,CA1-V1,naive,CA1,27,0.83719
11,CA1-V1,naive,V1,0,0.017567
11,CA1-V1,naive,V1,1,0.769391
11,CA1-V1,naive,V1,2,1.036047
11,CA1-V1,naive,V1,3,0.12234
11,CA1-V1,naive,V1,4,0.93922
11,CA1-V1,naive,V1,5,0.082563
11,CA1-V1,naive,V1,6,0.116146
11,CA1-V1,naive,V1,7,0.993973
11,CA1-V1,naive,V1,8,0.130236
11,CA1-V1,naive,V1,9,0.04812
11,CA1-V1,naive,V1,10,0.990051
11,CA1-V1,naive,V1,11,0.673538
11,CA1-V1,naive,V1,12,0.379384
11,CA1-V1,naive,V1,13,0.09236
11,CA1-V1,naive,V1,14,0.675192
11,CA1-V1,naive,V1,15,0.047964
11,CA1-V1,naive,V1,16,0.918446
11,CA1-V1,naive,V1,17,0.050486
11,CA1-V1,naive,V1,18,0.765931
11,CA1-V1,naive,V1,19,0.028749
11,CA1-V1,naive,V1,20,0.359377
11,CA1-V1,naive,V1,21,0.095543
11,CA1-V1,naive,V1,22,0.029919
11,CA1-V1,naive,V1,23,0.072381
11,CA1-V1,naive,V1,24,0.059884
11,CA1-V1,naive,V1,25,0.933347
11,CA1-V1,naive,V1,26,0.004505
11,CA1-V1,naive,V1,27,0.057673
11,CA1-V1,naive,V1,28,0.02088
11,CA1-V1,naive,V1,29,0.011411
11,CA1-V1,naive,V1,30,0.036471
11,CA1-V1,naive,V1,31,0.09382
11,CA1-V1,naive,V1,32,0.01509
11,CA1-V1,naive,V1,33,0.015998
11,CA1-V1,naive,V1,34,0.526678
11,CA1-V1,naive,V1,35,0.585434
11,CA1-V1,naive,V1,36,0.084629
11,CA1-V1,naive,V1,37,0.6232
11,CA1-V1,naive,V1,38,0.166952
11,CA1-V1,naive,V1,39,0.0
11,CA1-V1,naive,V1,40,1.032425
11,CA1-V1,naive,V1,41,0.29286
11,CA1-V1,naive,V1,42,0.024788
11,CA1-V1,naive,V1,43,0.066991
11,CA1-V1,naive,V1,44,0.112627
11,CA1-V1,naive,V1,45,0.040137
11,CA1-V1,naive,V1,46,0.07895
11,CA1-V1,naive,V1,47,0.018385
11,CA1-V1,naive,V1,48,0.012814
11,CA1-V1,naive,V1,49,0.021379
11,CA1-V1,naive,V1,50,0.063188
11,CA1-V1,naive,V1,51,0.002961
11,CA1-V1,naive,V1,52,0.022355
11,CA1-V1,naive,V1,53,0.881119
11,CA1-V1,naive,V1,54,0.720284
11,CA1-V1,naive,V1,55,0.027291
11,CA1-V1,naive,V1,56,0.038933
11,CA1-V1,naive,V1,57,0.820261
11,CA1-V1,naive,V1,58,1.016364
11,CA1-V1,naive,V1,59,0.023712
11,CA1-V1,naive,V1,60,0.011727
11,CA1-V1,naive,V1,61,0.016522
11,CA1-V1,naive,V1,62,0.111167
11,CA1-V1,naive,V1,63,0.061821
11,CA1-V1,naive,V1,64,0.019889
11,CA1-V1,naive,V1,65,0.094398
11,CA1-V1,naive,V1,66,1.031275
11,CA1-V1,intermediate,CA1,0,0.808837
11,CA1-V1,intermediate,CA1,1,1.177252
11,CA1-V1,intermediate,CA1,2,0.724614
11,CA1-V1,intermediate,CA1,3,0.92049
11,CA1-V1,intermediate,CA1,4,0.321309
11,CA1-V1,intermediate,CA1,5,0.651766
11,CA1-V1,intermediate,CA1,6,0.994268
11,CA1-V1,intermediate,CA1,7,0.010034
11,CA1-V1,intermediate,CA1,8,0.032759
11,CA1-V1,intermediate,CA1,9,0.975898
11,CA1-V1,intermediate,CA1,10,0.858659
11,CA1-V1,intermediate,CA1,11,1.17069
11,CA1-V1,intermediate,CA1,12,0.997168
11,CA1-V1,intermediate,CA1,13,0.688711
11,CA1-V1,intermediate,CA1,14,0.911835
11,CA1-V1,intermediate,CA1,15,0.164217
11,CA1-V1,intermediate,CA1,16,0.034399
11,CA1-V1,intermediate,CA1,17,0.187109
11,CA1-V1,intermediate,CA1,18,0.747772
11,CA1-V1,intermediate,CA1,19,1.117942
11,CA1-V1,intermediate,CA1,20,0.724829
11,CA1-V1,intermediate,CA1,21,1.236766
11,CA1-V1,intermediate,CA1,22,0.939169
11,CA1-V1,intermediate,CA1,23,0.933052
11,CA1-V1,intermediate,CA1,24,0.315379
11,CA1-V1,intermediate,CA1,25,1.147377
11,CA1-V1,intermediate,CA1,26,0.049482
11,CA1-V1,intermediate,CA1,27,1.217482
11,CA1-V1,intermediate,V1,0,0.844651
11,CA1-V1,intermediate,V1,1,0.923778
11,CA1-V1,intermediate,V1,2,0.49448
11,CA1-V1,intermediate,V1,3,0.623416
11,CA1-V1,intermediate,V1,4,0.904781
11,CA1-V1,intermediate,V1,5,0.815681
11,CA1-V1,intermediate,V1,6,0.619797
11,CA1-V1,intermediate,V1,7,0.417505
11,CA1-V1,intermediate,V1,8,0.29952
11,CA1-V1,intermediate,V1,9,0.339479
11,CA1-V1,intermediate,V1,10,0.9222
11,CA1-V1,intermediate,V1,11,0.080126
11,CA1-V1,intermediate,V1,12,0.017268
11,CA1-V1,intermediate,V1,13,0.277115
11,CA1-V1,intermediate,V1,14,0.188742
11,CA1-V1,intermediate,V1,15,0.251144
11,CA1-V1,intermediate,V1,16,0.094061
11,CA1-V1,intermediate,V1,17,0.09777
11,CA1-V1,intermediate,V1,18,0.129058
11,CA1-V1,intermediate,V1,19,0.866015
11,CA1-V1,intermediate,V1,20,0.904347
11,CA1-V1,intermediate,V1,21,0.196887
11,CA1-V1,intermediate,V1,22,0.075531
11,CA1-V1,intermediate,V1,23,0.906825
11,CA1-V1,intermediate,V1,24,0.114686
11,CA1-V1,intermediate,V1,25,0.274513
11,CA1-V1,intermediate,V1,26,0.311736
11,CA1-V1,intermediate,V1,27,0.942386
11,CA1-V1,intermediate,V1,28,0.871467
11,CA1-V1,intermediate,V1,29,0.037049
11,CA1-V1,intermediate,V1,30,0.888632
11,CA1-V1,intermediate,V1,31,0.971939
11,CA1-V1,intermediate,V1,32,0.037599
11,CA1-V1,intermediate,V1,33,0.163393
11,CA1-V1,intermediate,V1,34,0.903402
11,CA1-V1,intermediate,V1,35,0.021103
11,CA1-V1,intermediate,V1,36,0.0
11,CA1-V1,intermediate,V1,37,0.727749
11,CA1-V1,intermediate,V1,38,0.016179
11,CA1-V1,intermediate,V1,39,0.063273
11,CA1-V1,intermediate,V1,40,0.922804
11,CA1-V1,intermediate,V1,41,0.155525
11,CA1-V1,intermediate,V1,42,0.20824
11,CA1-V1,intermediate,V1,43,0.029269
11,CA1-V1,intermediate,V1,44,0.126628
11,CA1-V1,intermediate,V1,45,0.211698
11,CA1-V1,intermediate,V1,46,0.215541
11,CA1-V1,intermediate,V1,47,0.093675
11,CA1-V1,intermediate,V1,48,0.350687
11,CA1-V1,intermediate,V1,49,0.028881
11,CA1-V1,intermediate,V1,50,0.323677
11,CA1-V1,intermediate,V1,51,0.041762
11,CA1-V1,intermediate,V1,52,0.826986
11,CA1-V1,intermediate,V1,53,0.170925
11,CA1-V1,intermediate,V1,54,0.15546
11,CA1-V1,intermediate,V1,55,0.2288
11,CA1-V1,intermediate,V1,56,0.025919
11,CA1-V1,intermediate,V1,57,0.91993
11,CA1-V1,intermediate,V1,58,0.942957
11,CA1-V1,intermediate,V1,59,0.902022
11,CA1-V1,intermediate,V1,60,0.034737
11,CA1-V1,intermediate,V1,61,0.082349
11,CA1-V1,intermediate,V1,62,0.499223
11,CA1-V1,intermediate,V1,63,0.504407
11,CA1-V1,intermediate,V1,64,0.122255
11,CA1-V1,intermediate,V1,65,0.127628
11,CA1-V1,intermediate,V1,66,0.084654
11,CA1-V1,expert,CA1,0,0.732789
11,CA1-V1,expert,CA1,1,0.592519
11,CA1-V1,expert,CA1,2,0.754825
11,CA1-V1,expert,CA1,3,0.897809
11,CA1-V1,expert,CA1,4,0.927705
11,CA1-V1,expert,CA1,5,0.737486
11,CA1-V1,expert,CA1,6,0.965767
11,CA1-V1,expert,CA1,7,0.914501
11,CA1-V1,expert,CA1,8,0.037554
11,CA1-V1,expert,CA1,9,0.98245
11,CA1-V1,expert,CA1,10,0.872772
11,CA1-V1,expert,CA1,11,1.039399
11,CA1-V1,expert,CA1,12,1.024448
11,CA1-V1,expert,CA1,13,0.780443
11,CA1-V1,expert,CA1,14,1.08401
11,CA1-V1,expert,CA1,15,0.906625
11,CA1-V1,expert,CA1,16,0.036834
11,CA1-V1,expert,CA1,17,0.085093
11,CA1-V1,expert,CA1,18,0.955412
11,CA1-V1,expert,CA1,19,0.799299
11,CA1-V1,expert,CA1,20,0.697531
11,CA1-V1,expert,CA1,21,0.077869
11,CA1-V1,expert,CA1,22,0.989311
11,CA1-V1,expert,CA1,23,1.007229
11,CA1-V1,expert,CA1,24,0.966231
11,CA1-V1,expert,CA1,25,0.29327
11,CA1-V1,expert,CA1,26,0.046963
11,CA1-V1,expert,CA1,27,0.16394
11,CA1-V1,expert,V1,0,0.719636
11,CA1-V1,expert,V1,1,0.307387
11,CA1-V1,expert,V1,2,0.189709
11,CA1-V1,expert,V1,3,0.41485
11,CA1-V1,expert,V1,4,0.944413
11,CA1-V1,expert,V1,5,0.854935
11,CA1-V1,expert,V1,6,0.528795
11,CA1-V1,expert,V1,7,0.492031
11,CA1-V1,expert,V1,8,0.930199
11,CA1-V1,expert,V1,9,0.185848
11,CA1-V1,expert,V1,10,0.161806
11,CA1-V1,expert,V1,11,0.071519
11,CA1-V1,expert,V1,12,0.022741
11,CA1-V1,expert,V1,13,0.297947
11,CA1-V1,expert,V1,14,0.094735
11,CA1-V1,expert,V1,15,0.809846
11,CA1-V1,expert,V1,16,0.105777
11,CA1-V1,expert,V1,17,0.156158
11,CA1-V1,expert,V1,18,0.098281
11,CA1-V1,expert,V1,19,0.578901
11,CA1-V1,expert,V1,20,0.142908
11,CA1-V1,expert,V1,21,0.181134
11,CA1-V1,expert,V1,22,0.171888
11,CA1-V1,expert,V1,23,0.919056
11,CA1-V1,expert,V1,24,0.096565
11,CA1-V1,expert,V1,25,0.208599
11,CA1-V1,expert,V1,26,0.88934
11,CA1-V1,expert,V1,27,0.927951
11,CA1-V1,expert,V1,28,0.85831
11,CA1-V1,expert,V1,29,0.034698
11,CA1-V1,expert,V1,30,0.962578
11,CA1-V1,expert,V1,31,0.972631
11,CA1-V1,expert,V1,32,0.025845
11,CA1-V1,expert,V1,33,0.295711
11,CA1-V1,expert,V1,34,0.237759
11,CA1-V1,expert,V1,35,0.102808
11,CA1-V1,expert,V1,36,1e-06
11,CA1-V1,expert,V1,37,0.079851
11,CA1-V1,expert,V1,38,0.012946
11,CA1-V1,expert,V1,39,0.11495
11,CA1-V1,expert,V1,40,0.930986
11,CA1-V1,expert,V1,41,0.933525
11,CA1-V1,expert,V1,42,0.110664
11,CA1-V1,expert,V1,43,0.026338
11,CA1-V1,expert,V1,44,0.813839
11,CA1-V1,expert,V1,45,0.151211
11,CA1-V1,expert,V1,46,0.326726
11,CA1-V1,expert,V1,47,0.859366
11,CA1-V1,expert,V1,48,0.392367
11,CA1-V1,expert,V1,49,0.829192
11,CA1-V1,expert,V1,50,0.798991
11,CA1-V1,expert,V1,51,0.59361
11,CA1-V1,expert,V1,52,0.860161
11,CA1-V1,expert,V1,53,0.11524
11,CA1-V1,expert,V1,54,0.084568
11,CA1-V1,expert,V1,55,0.02549
11,CA1-V1,expert,V1,56,0.011708
11,CA1-V1,expert,V1,57,0.053633
11,CA1-V1,expert,V1,58,0.897491
11,CA1-V1,expert,V1,59,0.041544
11,CA1-V1,expert,V1,60,0.030447
11,CA1-V1,expert,V1,61,0.046626
11,CA1-V1,expert,V1,62,0.396479
11,CA1-V1,expert,V1,63,0.393042
11,CA1-V1,expert,V1,64,0.049639
11,CA1-V1,expert,V1,65,0.843614
11,CA1-V1,expert,V1,66,0.121271
11,DG-DMS,naive,DG,0,0.528483
11,DG-DMS,naive,DG,1,1.136527
11,DG-DMS,naive,DG,2,4.1342
11,DG-DMS,naive,DG,3,0.877755
11,DG-DMS,naive,DG,4,1.095806
11,DG-DMS,naive,DG,5,1.044697
11,DG-DMS,naive,DMS,0,0.459473
11,DG-DMS,naive,DMS,1,0.633883
11,DG-DMS,naive,DMS,2,0.313072
11,DG-DMS,naive,DMS,3,0.495176
11,DG-DMS,naive,DMS,4,0.572711
11,DG-DMS,naive,DMS,5,1.175619
11,DG-DMS,naive,DMS,6,0.172329
11,DG-DMS,naive,DMS,7,0.492523
11,DG-DMS,naive,DMS,8,1.337719
11,DG-DMS,naive,DMS,9,0.322702
11,DG-DMS,naive,DMS,10,0.219087
11,DG-DMS,naive,DMS,11,0.286291
11,DG-DMS,naive,DMS,12,0.506374
11,DG-DMS,naive,DMS,13,0.420372
11,DG-DMS,naive,DMS,14,0.223534
11,DG-DMS,naive,DMS,15,0.258482
11,DG-DMS,naive,DMS,16,0.103295
11,DG-DMS,naive,DMS,17,0.30506
11,DG-DMS,naive,DMS,18,1.410592
11,DG-DMS,naive,DMS,19,0.243685
11,DG-DMS,intermediate,DG,0,1.167093
11,DG-DMS,intermediate,DG,1,1.026181
11,DG-DMS,intermediate,DG,2,1.048372
11,DG-DMS,intermediate,DG,3,1.090748
11,DG-DMS,intermediate,DG,4,1.45625
11,DG-DMS,intermediate,DG,5,0.971342
11,DG-DMS,intermediate,DMS,0,0.247621
11,DG-DMS,intermediate,DMS,1,0.380743
11,DG-DMS,intermediate,DMS,2,0.631945
11,DG-DMS,intermediate,DMS,3,0.412419
11,DG-DMS,intermediate,DMS,4,0.357004
11,DG-DMS,intermediate,DMS,5,0.233673
11,DG-DMS,intermediate,DMS,6,0.221157
11,DG-DMS,intermediate,DMS,7,1.555707
11,DG-DMS,intermediate,DMS,8,0.673681
11,DG-DMS,intermediate,DMS,9,0.581407
11,DG-DMS,intermediate,DMS,10,0.707485
11,DG-DMS,intermediate,DMS,11,1.748096
11,DG-DMS,intermediate,DMS,12,0.863217
11,DG-DMS,intermediate,DMS,13,0.233489
11,DG-DMS,intermediate,DMS,14,1.479966
11,DG-DMS,intermediate,DMS,15,3.27148
11,DG-DMS,intermediate,DMS,16,1.451383
11,DG-DMS,intermediate,DMS,17,0.517347
11,DG-DMS,intermediate,DMS,18,0.782008
11,DG-DMS,intermediate,DMS,19,0.36899
11,DG-DMS,expert,DG,0,1.484797
11,DG-DMS,expert,DG,1,1.013538
11,DG-DMS,expert,DG,2,1.039351
11,DG-DMS,expert,DG,3,1.213607
11,DG-DMS,expert,DG,4,1.611102
11,DG-DMS,expert,DG,5,0.980395
11,DG-DMS,expert,DMS,0,0.685989
11,DG-DMS,expert,DMS,1,0.431634
11,DG-DMS,expert,DMS,2,0.745309
11,DG-DMS,expert,DMS,3,0.552928
11,DG-DMS,expert,DMS,4,0.652995
11,DG-DMS,expert,DMS,5,0.760986
11,DG-DMS,expert,DMS,6,0.672872
11,DG-DMS,expert,DMS,7,0.737839
11,DG-DMS,expert,DMS,8,1.177782
11,DG-DMS,expert,DMS,9,0.389398
11,DG-DMS,expert,DMS,10,0.544176
11,DG-DMS,expert,DMS,11,0.180232
11,DG-DMS,expert,DMS,12,1.099524
11,DG-DMS,expert,DMS,13,0.481371
11,DG-DMS,expert,DMS,14,0.672951
11,DG-DMS,expert,DMS,15,0.841195
11,DG-DMS,expert,DMS,16,0.533445
11,DG-DMS,expert,DMS,17,1.117808
11,DG-DMS,expert,DMS,18,0.738447
11,DG-DMS,expert,DMS,19,0.502921
11,DG-DLS,naive,DG,0,0.528456
11,DG-DLS,naive,DG,1,1.135317
11,DG-DLS,naive,DG,2,4.133516
11,DG-DLS,naive,DG,3,0.764492
11,DG-DLS,naive,DG,4,0.439279
11,DG-DLS,naive,DG,5,1.044431
11,DG-DLS,naive,DLS,0,1.596777
11,DG-DLS,naive,DLS,1,0.893767
11,DG-DLS,naive,DLS,2,3.078382
11,DG-DLS,naive,DLS,3,0.67365
11,DG-DLS,naive,DLS,4,0.783927
11,DG-DLS,intermediate,DG,0,0.640455
11,DG-DLS,intermediate,DG,1,0.986149
11,DG-DLS,intermediate,DG,2,0.961362
11,DG-DLS,intermediate,DG,3,1.055851
11,DG-DLS,intermediate,DG,4,0.448442
11,DG-DLS,intermediate,DG,5,0.917589
11,DG-DLS,intermediate,DLS,0,1.097821
11,DG-DLS,intermediate,DLS,1,0.918927
11,DG-DLS,intermediate,DLS,2,6.269666
11,DG-DLS,intermediate,DLS,3,1.158315
11,DG-DLS,intermediate,DLS,4,0.0
11,DG-DLS,expert,DG,0,1.416789
11,DG-DLS,expert,DG,1,1.013538
11,DG-DLS,expert,DG,2,1.039351
11,DG-DLS,expert,DG,3,1.209704
11,DG-DLS,expert,DG,4,0.501926
11,DG-DLS,expert,DG,5,0.963266
11,DG-DLS,expert,DLS,0,0.772067
11,DG-DLS,expert,DLS,1,0.655602
11,DG-DLS,expert,DLS,2,5.089283
11,DG-DLS,expert,DLS,3,1.534807
11,DG-DLS,expert,DLS,4,1.342877
11,DG-ACC,naive,DG,0,0.528483
11,DG-ACC,naive,DG,1,1.136527
11,DG-ACC,naive,DG,2,4.1342
11,DG-ACC,naive,DG,3,0.877755
11,DG-ACC,naive,DG,4,1.095806
11,DG-ACC,naive,DG,5,1.044697
11,DG-ACC,naive,ACC,0,0.005899
11,DG-ACC,naive,ACC,1,0.008274
11,DG-ACC,naive,ACC,2,0.041311
11,DG-ACC,naive,ACC,3,0.225273
11,DG-ACC,naive,ACC,4,0.027673
11,DG-ACC,naive,ACC,5,0.009384
11,DG-ACC,naive,ACC,6,0.61181
11,DG-ACC,naive,ACC,7,0.326113
11,DG-ACC,naive,ACC,8,0.012205
11,DG-ACC,naive,ACC,9,0.638298
11,DG-ACC,naive,ACC,10,0.022399
11,DG-ACC,naive,ACC,11,0.01947
11,DG-ACC,naive,ACC,12,0.062366
11,DG-ACC,naive,ACC,13,0.065972
11,DG-ACC,naive,ACC,14,0.011357
11,DG-ACC,naive,ACC,15,0.165766
11,DG-ACC,naive,ACC,16,0.012171
11,DG-ACC,naive,ACC,17,0.014724
11,DG-ACC,naive,ACC,18,0.181677
11,DG-ACC,naive,ACC,19,0.564039
11,DG-ACC,naive,ACC,20,0.190971
11,DG-ACC,naive,ACC,21,0.007559
11,DG-ACC,naive,ACC,22,0.021406
11,DG-ACC,naive,ACC,23,0.189589
11,DG-ACC,naive,ACC,24,0.301014
11,DG-ACC,naive,ACC,25,0.047389
11,DG-ACC,naive,ACC,26,0.045737
11,DG-ACC,naive,ACC,27,0.474095
11,DG-ACC,naive,ACC,28,0.034688
11,DG-ACC,naive,ACC,29,0.25363
11,DG-ACC,naive,ACC,30,0.02506
11,DG-ACC,naive,ACC,31,0.024621
11,DG-ACC,naive,ACC,32,0.037593
11,DG-ACC,naive,ACC,33,0.033024
11,DG-ACC,naive,ACC,34,0.014777
11,DG-ACC,naive,ACC,35,0.023212
11,DG-ACC,naive,ACC,36,0.02169
11,DG-ACC,naive,ACC,37,0.044464
11,DG-ACC,naive,ACC,38,0.108643
11,DG-ACC,naive,ACC,39,0.016229
11,DG-ACC,naive,ACC,40,0.380504
11,DG-ACC,naive,ACC,41,0.004577
11,DG-ACC,naive,ACC,42,0.184096
11,DG-ACC,naive,ACC,43,0.002744
11,DG-ACC,naive,ACC,44,0.148549
11,DG-ACC,naive,ACC,45,0.0
11,DG-ACC,naive,ACC,46,0.009241
11,DG-ACC,naive,ACC,47,0.103934
11,DG-ACC,naive,ACC,48,0.353543
11,DG-ACC,naive,ACC,49,0.108847
11,DG-ACC,naive,ACC,50,0.069344
11,DG-ACC,naive,ACC,51,0.713546
11,DG-ACC,naive,ACC,52,0.007035
11,DG-ACC,naive,ACC,53,0.033482
11,DG-ACC,naive,ACC,54,0.016232
11,DG-ACC,naive,ACC,55,0.304357
11,DG-ACC,naive,ACC,56,0.020587
11,DG-ACC,naive,ACC,57,0.277959
11,DG-ACC,naive,ACC,58,0.042462
11,DG-ACC,naive,ACC,59,0.222525
11,DG-ACC,naive,ACC,60,0.388799
11,DG-ACC,naive,ACC,61,0.012306
11,DG-ACC,naive,ACC,62,0.58155
11,DG-ACC,naive,ACC,63,0.012401
11,DG-ACC,naive,ACC,64,0.402299
11,DG-ACC,naive,ACC,65,0.002787
11,DG-ACC,naive,ACC,66,0.012041
11,DG-ACC,intermediate,DG,0,1.167093
11,DG-ACC,intermediate,DG,1,1.026181
11,DG-ACC,intermediate,DG,2,1.048372
11,DG-ACC,intermediate,DG,3,1.090748
11,DG-ACC,intermediate,DG,4,1.45625
11,DG-ACC,intermediate,DG,5,0.971342
11,DG-ACC,intermediate,ACC,0,0.346736
11,DG-ACC,intermediate,ACC,1,0.318526
11,DG-ACC,intermediate,ACC,2,0.059022
11,DG-ACC,intermediate,ACC,3,0.226177
11,DG-ACC,intermediate,ACC,4,0.072
11,DG-ACC,intermediate,ACC,5,0.139132
11,DG-ACC,intermediate,ACC,6,0.077847
11,DG-ACC,intermediate,ACC,7,0.018102
11,DG-ACC,intermediate,ACC,8,0.304626
11,DG-ACC,intermediate,ACC,9,0.54242
11,DG-ACC,intermediate,ACC,10,0.062963
11,DG-ACC,intermediate,ACC,11,0.536086
11,DG-ACC,intermediate,ACC,12,0.015671
11,DG-ACC,intermediate,ACC,13,0.031076
11,DG-ACC,intermediate,ACC,14,0.023829
11,DG-ACC,intermediate,ACC,15,0.065512
11,DG-ACC,intermediate,ACC,16,0.562804
11,DG-ACC,intermediate,ACC,17,0.029825
11,DG-ACC,intermediate,ACC,18,0.010526
11,DG-ACC,intermediate,ACC,19,0.066678
11,DG-ACC,intermediate,ACC,20,0.060175
11,DG-ACC,intermediate,ACC,21,0.439269
11,DG-ACC,intermediate,ACC,22,0.41523
11,DG-ACC,intermediate,ACC,23,0.03529
11,DG-ACC,intermediate,ACC,24,0.00175
11,DG-ACC,intermediate,ACC,25,0.362152
11,DG-ACC,intermediate,ACC,26,0.089331
11,DG-ACC,intermediate,ACC,27,0.02663
11,DG-ACC,intermediate,ACC,28,0.072579
11,DG-ACC,intermediate,ACC,29,0.02419
11,DG-ACC,intermediate,ACC,30,0.033112
11,DG-ACC,intermediate,ACC,31,0.075769
11,DG-ACC,intermediate,ACC,32,0.223224
11,DG-ACC,intermediate,ACC,33,0.364775
11,DG-ACC,intermediate,ACC,34,0.015685
11,DG-ACC,intermediate,ACC,35,0.051467
11,DG-ACC,intermediate,ACC,36,0.393324
11,DG-ACC,intermediate,ACC,37,0.032577
11,DG-ACC,intermediate,ACC,38,0.309854
11,DG-ACC,intermediate,ACC,39,0.050728
11,DG-ACC,intermediate,ACC,40,0.087786
11,DG-ACC,intermediate,ACC,41,0.326843
11,DG-ACC,intermediate,ACC,42,0.328419
11,DG-ACC,intermediate,ACC,43,0.028581
11,DG-ACC,intermediate,ACC,44,0.000668
11,DG-ACC,intermediate,ACC,45,0.0
11,DG-ACC,intermediate,ACC,46,0.218346
11,DG-ACC,intermediate,ACC,47,0.362612
11,DG-ACC,intermediate,ACC,48,0.030725
11,DG-ACC,intermediate,ACC,49,0.010766
11,DG-ACC,intermediate,ACC,50,0.04226
11,DG-ACC,intermediate,ACC,51,0.012003
11,DG-ACC,intermediate,ACC,52,0.050863
11,DG-ACC,intermediate,ACC,53,0.333176
11,DG-ACC,intermediate,ACC,54,0.262608
11,DG-ACC,intermediate,ACC,55,0.080343
11,DG-ACC,intermediate,ACC,56,0.034492
11,DG-ACC,intermediate,ACC,57,0.0
11,DG-ACC,intermediate,ACC,58,0.008847
11,DG-ACC,intermediate,ACC,59,0.010754
11,DG-ACC,intermediate,ACC,60,0.022989
11,DG-ACC,intermediate,ACC,61,0.554787
11,DG-ACC,intermediate,ACC,62,0.320477
11,DG-ACC,intermediate,ACC,63,0.003163
11,DG-ACC,intermediate,ACC,64,0.345042
11,DG-ACC,intermediate,ACC,65,0.061618
11,DG-ACC,intermediate,ACC,66,0.039088
11,DG-ACC,expert,DG,0,1.484797
11,DG-ACC,expert,DG,1,1.013538
11,DG-ACC,expert,DG,2,1.039351
11,DG-ACC,expert,DG,3,1.213607
11,DG-ACC,expert,DG,4,1.611102
11,DG-ACC,expert,DG,5,0.980395
11,DG-ACC,expert,ACC,0,0.312264
11,DG-ACC,expert,ACC,1,0.211934
11,DG-ACC,expert,ACC,2,0.095962
11,DG-ACC,expert,ACC,3,0.025256
11,DG-ACC,expert,ACC,4,0.086783
11,DG-ACC,expert,ACC,5,0.220836
11,DG-ACC,expert,ACC,6,0.04934
11,DG-ACC,expert,ACC,7,0.021004
11,DG-ACC,expert,ACC,8,0.039391
11,DG-ACC,expert,ACC,9,0.585323
11,DG-ACC,expert,ACC,10,0.018877
11,DG-ACC,expert,ACC,11,0.471109
11,DG-ACC,expert,ACC,12,0.041978
11,DG-ACC,expert,ACC,13,0.042755
11,DG-ACC,expert,ACC,14,0.043826
11,DG-ACC,expert,ACC,15,0.059295
11,DG-ACC,expert,ACC,16,0.031179
11,DG-ACC,expert,ACC,17,0.053719
11,DG-ACC,expert,ACC,18,0.020114
11,DG-ACC,expert,ACC,19,0.087991
11,DG-ACC,expert,ACC,20,0.019074
11,DG-ACC,expert,ACC,21,0.216947
11,DG-ACC,expert,ACC,22,0.078049
11,DG-ACC,expert,ACC,23,0.047147
11,DG-ACC,expert,ACC,24,0.002184
11,DG-ACC,expert,ACC,25,0.089658
11,DG-ACC,expert,ACC,26,0.027836
11,DG-ACC,expert,ACC,27,0.09831
11,DG-ACC,expert,ACC,28,0.02225
11,DG-ACC,expert,ACC,29,0.030988
11,DG-ACC,expert,ACC,30,0.032612
11,DG-ACC,expert,ACC,31,0.106456
11,DG-ACC,expert,ACC,32,0.17735
11,DG-ACC,expert,ACC,33,0.349259
11,DG-ACC,expert,ACC,34,0.023626
11,DG-ACC,expert,ACC,35,0.03373
11,DG-ACC,expert,ACC,36,0.437556
11,DG-ACC,expert,ACC,37,0.272924
11,DG-ACC,expert,ACC,38,0.065368
11,DG-ACC,expert,ACC,39,0.142223
11,DG-ACC,expert,ACC,40,0.056644
11,DG-ACC,expert,ACC,41,0.064115
11,DG-ACC,expert,ACC,42,0.037218
11,DG-ACC,expert,ACC,43,0.284551
11,DG-ACC,expert,ACC,44,0.267523
11,DG-ACC,expert,ACC,45,0.504019
11,DG-ACC,expert,ACC,46,0.072399
11,DG-ACC,expert,ACC,47,0.055626
11,DG-ACC,expert,ACC,48,0.022008
11,DG-ACC,expert,ACC,49,0.015152
11,DG-ACC,expert,ACC,50,0.022689
11,DG-ACC,expert,ACC,51,0.008707
11,DG-ACC,expert,ACC,52,0.039262
11,DG-ACC,expert,ACC,53,0.610606
11,DG-ACC,expert,ACC,54,0.515136
11,DG-ACC,expert,ACC,55,0.031319
11,DG-ACC,expert,ACC,56,0.011501
11,DG-ACC,expert,ACC,57,0.145623
11,DG-ACC,expert,ACC,58,0.017466
11,DG-ACC,expert,ACC,59,0.272363
11,DG-ACC,expert,ACC,60,0.008512
11,DG-ACC,expert,ACC,61,0.521754
11,DG-ACC,expert,ACC,62,0.456622
11,DG-ACC,expert,ACC,63,0.023324
11,DG-ACC,expert,ACC,64,0.263113
11,DG-ACC,expert,ACC,65,0.318859
11,DG-ACC,expert,ACC,66,0.571711
11,DG-V1,naive,DG,0,0.528483
11,DG-V1,naive,DG,1,1.136527
11,DG-V1,naive,DG,2,4.1342
11,DG-V1,naive,DG,3,0.877755
11,DG-V1,naive,DG,4,1.095806
11,DG-V1,naive,DG,5,1.044697
11,DG-V1,naive,V1,0,0.010786
11,DG-V1,naive,V1,1,0.340985
11,DG-V1,naive,V1,2,0.67623
11,DG-V1,naive,V1,3,0.058636
11,DG-V1,naive,V1,4,0.327036
11,DG-V1,naive,V1,5,0.044488
11,DG-V1,naive,V1,6,0.062713
11,DG-V1,naive,V1,7,0.626389
11,DG-V1,naive,V1,8,0.053419
11,DG-V1,naive,V1,9,0.018276
11,DG-V1,naive,V1,10,0.581333
11,DG-V1,naive,V1,11,0.317981
11,DG-V1,naive,V1,12,0.162729
11,DG-V1,naive,V1,13,0.036572
11,DG-V1,naive,V1,14,0.275399
11,DG-V1,naive,V1,15,0.012228
11,DG-V1,naive,V1,16,0.888219
11,DG-V1,naive,V1,17,0.026279
11,DG-V1,naive,V1,18,0.231379
11,DG-V1,naive,V1,19,0.018174
11,DG-V1,naive,V1,20,0.255132
11,DG-V1,naive,V1,21,0.044264
11,DG-V1,naive,V1,22,0.013963
11,DG-V1,naive,V1,23,0.029733
11,DG-V1,naive,V1,24,0.030121
11,DG-V1,naive,V1,25,0.342428
11,DG-V1,naive,V1,26,0.002882
11,DG-V1,naive,V1,27,0.024965
11,DG-V1,naive,V1,28,0.009016
11,DG-V1,naive,V1,29,0.008153
11,DG-V1,naive,V1,30,0.019422
11,DG-V1,naive,V1,31,0.046836
11,DG-V1,naive,V1,32,0.010267
11,DG-V1,naive,V1,33,0.00361
11,DG-V1,naive,V1,34,0.436506
11,DG-V1,naive,V1,35,0.159504
11,DG-V1,naive,V1,36,0.021293
11,DG-V1,naive,V1,37,0.147638
11,DG-V1,naive,V1,38,0.090038
11,DG-V1,naive,V1,39,0.0
11,DG-V1,naive,V1,40,0.343312
11,DG-V1,naive,V1,41,0.18154
11,DG-V1,naive,V1,42,0.015674
11,DG-V1,naive,V1,43,0.047372
11,DG-V1,naive,V1,44,0.058414
11,DG-V1,naive,V1,45,0.013829
11,DG-V1,naive,V1,46,0.060033
11,DG-V1,naive,V1,47,0.007622
11,DG-V1,naive,V1,48,0.007743
11,DG-V1,naive,V1,49,0.009647
11,DG-V1,naive,V1,50,0.038132
11,DG-V1,naive,V1,51,0.002475
11,DG-V1,naive,V1,52,0.019225
11,DG-V1,naive,V1,53,0.515818
11,DG-V1,naive,V1,54,0.305709
11,DG-V1,naive,V1,55,0.008724
11,DG-V1,naive,V1,56,0.021738
11,DG-V1,naive,V1,57,0.171213
11,DG-V1,naive,V1,58,0.958571
11,DG-V1,naive,V1,59,0.022803
11,DG-V1,naive,V1,60,0.006089
11,DG-V1,naive,V1,61,0.008096
11,DG-V1,naive,V1,62,0.082526
11,DG-V1,naive,V1,63,0.026923
11,DG-V1,naive,V1,64,0.009988
11,DG-V1,naive,V1,65,0.070481
11,DG-V1,naive,V1,66,0.508861
11,DG-V1,intermediate,DG,0,1.167093
11,DG-V1,intermediate,DG,1,1.026181
11,DG-V1,intermediate,DG,2,1.048372
11,DG-V1,intermediate,DG,3,1.090748
11,DG-V1,intermediate,DG,4,1.45625
11,DG-V1,intermediate,DG,5,0.971342
11,DG-V1,intermediate,V1,0,0.478166
11,DG-V1,intermediate,V1,1,0.505376
11,DG-V1,intermediate,V1,2,0.389128
11,DG-V1,intermediate,V1,3,0.221066
11,DG-V1,intermediate,V1,4,0.331857
11,DG-V1,intermediate,V1,5,0.350336
11,DG-V1,intermediate,V1,6,0.316336
11,DG-V1,intermediate,V1,7,0.316393
11,DG-V1,intermediate,V1,8,0.166962
11,DG-V1,intermediate,V1,9,0.187189
11,DG-V1,intermediate,V1,10,0.530009
11,DG-V1,intermediate,V1,11,0.051613
11,DG-V1,intermediate,V1,12,0.007708
11,DG-V1,intermediate,V1,13,0.156733
11,DG-V1,intermediate,V1,14,0.141001
11,DG-V1,intermediate,V1,15,0.168823
11,DG-V1,intermediate,V1,16,0.028559
11,DG-V1,intermediate,V1,17,0.04919
11,DG-V1,intermediate,V1,18,0.091373
11,DG-V1,intermediate,V1,19,0.319647
11,DG-V1,intermediate,V1,20,0.561876
11,DG-V1,intermediate,V1,21,0.06582
11,DG-V1,intermediate,V1,22,0.025277
11,DG-V1,intermediate,V1,23,0.528322
11,DG-V1,intermediate,V1,24,0.078891
11,DG-V1,intermediate,V1,25,0.086284
11,DG-V1,intermediate,V1,26,0.148739
11,DG-V1,intermediate,V1,27,0.267766
11,DG-V1,intermediate,V1,28,0.541022
11,DG-V1,intermediate,V1,29,0.016914
11,DG-V1,intermediate,V1,30,0.637355
11,DG-V1,intermediate,V1,31,0.446109
11,DG-V1,intermediate,V1,32,0.019698
11,DG-V1,intermediate,V1,33,0.049358
11,DG-V1,intermediate,V1,34,0.590677
11,DG-V1,intermediate,V1,35,0.011288
11,DG-V1,intermediate,V1,36,0.0
11,DG-V1,intermediate,V1,37,0.359601
11,DG-V1,intermediate,V1,38,0.008242
11,DG-V1,intermediate,V1,39,0.057591
11,DG-V1,intermediate,V1,40,0.437696
11,DG-V1,intermediate,V1,41,0.123618
11,DG-V1,intermediate,V1,42,0.154458
11,DG-V1,intermediate,V1,43,0.01704
11,DG-V1,intermediate,V1,44,0.069499
11,DG-V1,intermediate,V1,45,0.187468
11,DG-V1,intermediate,V1,46,0.122126
11,DG-V1,intermediate,V1,47,0.031767
11,DG-V1,intermediate,V1,48,0.236671
11,DG-V1,intermediate,V1,49,0.015288
11,DG-V1,intermediate,V1,50,0.063309
11,DG-V1,intermediate,V1,51,0.030737
11,DG-V1,intermediate,V1,52,0.155548
11,DG-V1,intermediate,V1,53,0.147218
11,DG-V1,intermediate,V1,54,0.115699
11,DG-V1,intermediate,V1,55,0.077998
11,DG-V1,intermediate,V1,56,0.014898
11,DG-V1,intermediate,V1,57,0.67466
11,DG-V1,intermediate,V1,58,0.538403
11,DG-V1,intermediate,V1,59,0.516674
11,DG-V1,intermediate,V1,60,0.021355
11,DG-V1,intermediate,V1,61,0.027338
11,DG-V1,intermediate,V1,62,0.307913
11,DG-V1,intermediate,V1,63,0.317402
11,DG-V1,intermediate,V1,64,0.081567
11,DG-V1,intermediate,V1,65,0.061566
11,DG-V1,intermediate,V1,66,0.047436
11,DG-V1,expert,DG,0,1.484797
11,DG-V1,expert,DG,1,1.013538
11,DG-V1,expert,DG,2,1.039351
11,DG-V1,expert,DG,3,1.213607
11,DG-V1,expert,DG,4,1.611102
11,DG-V1,expert,DG,5,0.980395
11,DG-V1,expert,V1,0,0.366442
11,DG-V1,expert,V1,1,0.145996
11,DG-V1,expert,V1,2,0.045132
11,DG-V1,expert,V1,3,0.261699
11,DG-V1,expert,V1,4,0.619859
11,DG-V1,expert,V1,5,0.444552
11,DG-V1,expert,V1,6,0.282607
11,DG-V1,expert,V1,7,0.332694
11,DG-V1,expert,V1,8,0.380374
11,DG-V1,expert,V1,9,0.049209
11,DG-V1,expert,V1,10,0.087243
11,DG-V1,expert,V1,11,0.032335
11,DG-V1,expert,V1,12,0.016663
11,DG-V1,expert,V1,13,0.202371
11,DG-V1,expert,V1,14,0.040168
11,DG-V1,expert,V1,15,0.708407
11,DG-V1,expert,V1,16,0.079527
11,DG-V1,expert,V1,17,0.057581
11,DG-V1,expert,V1,18,0.080505
11,DG-V1,expert,V1,19,0.225443
11,DG-V1,expert,V1,20,0.08122
11,DG-V1,expert,V1,21,0.080807
11,DG-V1,expert,V1,22,0.106355
11,DG-V1,expert,V1,23,0.521995
11,DG-V1,expert,V1,24,0.049081
11,DG-V1,expert,V1,25,0.131933
11,DG-V1,expert,V1,26,0.415814
11,DG-V1,expert,V1,27,0.452681
11,DG-V1,expert,V1,28,0.271299
11,DG-V1,expert,V1,29,0.018306
11,DG-V1,expert,V1,30,0.210659
11,DG-V1,expert,V1,31,0.392083
11,DG-V1,expert,V1,32,0.012681
11,DG-V1,expert,V1,33,0.093122
11,DG-V1,expert,V1,34,0.166894
11,DG-V1,expert,V1,35,0.067151
11,DG-V1,expert,V1,36,0.0
11,DG-V1,expert,V1,37,0.051961
11,DG-V1,expert,V1,38,0.006871
11,DG-V1,expert,V1,39,0.084828
11,DG-V1,expert,V1,40,0.426776
11,DG-V1,expert,V1,41,0.424093
11,DG-V1,expert,V1,42,0.029623
11,DG-V1,expert,V1,43,0.013407
11,DG-V1,expert,V1,44,0.42412
11,DG-V1,expert,V1,45,0.062362
11,DG-V1,expert,V1,46,0.224368
11,DG-V1,expert,V1,47,0.459225
11,DG-V1,expert,V1,48,0.234904
11,DG-V1,expert,V1,49,0.492396
11,DG-V1,expert,V1,50,0.258101
11,DG-V1,expert,V1,51,0.338958
11,DG-V1,expert,V1,52,0.679208
11,DG-V1,expert,V1,53,0.057736
11,DG-V1,expert,V1,54,0.053063
11,DG-V1,expert,V1,55,0.015821
11,DG-V1,expert,V1,56,0.00478
11,DG-V1,expert,V1,57,0.023346
11,DG-V1,expert,V1,58,0.710768
11,DG-V1,expert,V1,59,0.015625
11,DG-V1,expert,V1,60,0.009571
11,DG-V1,expert,V1,61,0.018187
11,DG-V1,expert,V1,62,0.134857
11,DG-V1,expert,V1,63,0.198388
11,DG-V1,expert,V1,64,0.029671
11,DG-V1,expert,V1,65,0.34351
11,DG-V1,expert,V1,66,0.054986
11,DG-CA1,naive,DG,0,0.528483
11,DG-CA1,naive,DG,1,1.136527
11,DG-CA1,naive,DG,2,4.1342
11,DG-CA1,naive,DG,3,0.877755
11,DG-CA1,naive,DG,4,1.095806
11,DG-CA1,naive,DG,5,1.044697
11,DG-CA1,naive,CA1,0,0.026745
11,DG-CA1,naive,CA1,1,0.438628
11,DG-CA1,naive,CA1,2,0.079875
11,DG-CA1,naive,CA1,3,0.887454
11,DG-CA1,naive,CA1,4,0.017303
11,DG-CA1,naive,CA1,5,0.852817
11,DG-CA1,naive,CA1,6,1.006535
11,DG-CA1,naive,CA1,7,0.098521
11,DG-CA1,naive,CA1,8,0.037923
11,DG-CA1,naive,CA1,9,0.793531
11,DG-CA1,naive,CA1,10,1.387376
11,DG-CA1,naive,CA1,11,0.020001
11,DG-CA1,naive,CA1,12,0.811335
11,DG-CA1,naive,CA1,13,0.040496
11,DG-CA1,naive,CA1,14,0.225305
11,DG-CA1,naive,CA1,15,0.164952
11,DG-CA1,naive,CA1,16,0.0
11,DG-CA1,naive,CA1,17,0.216881
11,DG-CA1,naive,CA1,18,0.544215
11,DG-CA1,naive,CA1,19,0.556964
11,DG-CA1,naive,CA1,20,0.68525
11,DG-CA1,naive,CA1,21,0.563997
11,DG-CA1,naive,CA1,22,0.747111
11,DG-CA1,naive,CA1,23,0.420933
11,DG-CA1,naive,CA1,24,0.662791
11,DG-CA1,naive,CA1,25,0.264277
11,DG-CA1,naive,CA1,26,0.123561
11,DG-CA1,naive,CA1,27,0.398242
11,DG-CA1,intermediate,DG,0,1.167093
11,DG-CA1,intermediate,DG,1,1.026181
11,DG-CA1,intermediate,DG,2,1.048372
11,DG-CA1,intermediate,DG,3,1.090748
11,DG-CA1,intermediate,DG,4,1.45625
11,DG-CA1,intermediate,DG,5,0.971342
11,DG-CA1,intermediate,CA1,0,0.319838
11,DG-CA1,intermediate,CA1,1,0.708712
11,DG-CA1,intermediate,CA1,2,0.420498
11,DG-CA1,intermediate,CA1,3,0.381216
11,DG-CA1,intermediate,CA1,4,0.261267
11,DG-CA1,intermediate,CA1,5,0.252017
11,DG-CA1,intermediate,CA1,6,0.609496
11,DG-CA1,intermediate,CA1,7,0.004996
11,DG-CA1,intermediate,CA1,8,0.028475
11,DG-CA1,intermediate,CA1,9,0.573592
11,DG-CA1,intermediate,CA1,10,0.849253
11,DG-CA1,intermediate,CA1,11,0.463044
11,DG-CA1,intermediate,CA1,12,0.731521
11,DG-CA1,intermediate,CA1,13,0.327716
11,DG-CA1,intermediate,CA1,14,0.189389
11,DG-CA1,intermediate,CA1,15,0.058982
11,DG-CA1,intermediate,CA1,16,0.020736
11,DG-CA1,intermediate,CA1,17,0.108935
11,DG-CA1,intermediate,CA1,18,0.617487
11,DG-CA1,intermediate,CA1,19,0.58666
11,DG-CA1,intermediate,CA1,20,0.19475
11,DG-CA1,intermediate,CA1,21,0.369371
11,DG-CA1,intermediate,CA1,22,0.518038
11,DG-CA1,intermediate,CA1,23,0.266233
11,DG-CA1,intermediate,CA1,24,0.218046
11,DG-CA1,intermediate,CA1,25,0.614171
11,DG-CA1,intermediate,CA1,26,0.025853
11,DG-CA1,intermediate,CA1,27,0.49384
11,DG-CA1,expert,DG,0,1.484797
11,DG-CA1,expert,DG,1,1.013538
11,DG-CA1,expert,DG,2,1.039351
11,DG-CA1,expert,DG,3,1.213607
11,DG-CA1,expert,DG,4,1.611102
11,DG-CA1,expert,DG,5,0.980395
11,DG-CA1,expert,CA1,0,0.411958
11,DG-CA1,expert,CA1,1,0.264573
11,DG-CA1,expert,CA1,2,0.283261
11,DG-CA1,expert,CA1,3,0.720003
11,DG-CA1,expert,CA1,4,0.459239
11,DG-CA1,expert,CA1,5,0.367176
11,DG-CA1,expert,CA1,6,0.526866
11,DG-CA1,expert,CA1,7,0.31678
11,DG-CA1,expert,CA1,8,0.023755
11,DG-CA1,expert,CA1,9,0.484695
11,DG-CA1,expert,CA1,10,0.685586
11,DG-CA1,expert,CA1,11,0.253374
11,DG-CA1,expert,CA1,12,0.42962
11,DG-CA1,expert,CA1,13,0.59575
11,DG-CA1,expert,CA1,14,0.256563
11,DG-CA1,expert,CA1,15,0.283991
11,DG-CA1,expert,CA1,16,0.019461
11,DG-CA1,expert,CA1,17,0.050796
11,DG-CA1,expert,CA1,18,0.706172
11,DG-CA1,expert,CA1,19,0.611593
11,DG-CA1,expert,CA1,20,0.203188
11,DG-CA1,expert,CA1,21,0.035546
11,DG-CA1,expert,CA1,22,0.417701
11,DG-CA1,expert,CA1,23,0.247317
11,DG-CA1,expert,CA1,24,0.472006
11,DG-CA1,expert,CA1,25,0.142093
11,DG-CA1,expert,CA1,26,0.036321
11,DG-CA1,expert,CA1,27,0.103553
13,DMS-DLS,naive,DMS,0,10.989688
13,DMS-DLS,naive,DMS,1,1.883932
13,DMS-DLS,naive,DMS,2,2.570849
13,DMS-DLS,naive,DMS,3,2.961587
13,DMS-DLS,naive,DMS,4,7.731828
13,DMS-DLS,naive,DMS,5,1.794868
13,DMS-DLS,naive,DMS,6,2.138582
13,DMS-DLS,naive,DMS,7,0.0
13,DMS-DLS,naive,DLS,0,9.509661
13,DMS-DLS,naive,DLS,1,9.08392
13,DMS-DLS,naive,DLS,2,5.496248
13,DMS-DLS,naive,DLS,3,11.922668
13,DMS-DLS,naive,DLS,4,20.260259
13,DMS-DLS,naive,DLS,5,0.988957
13,DMS-DLS,intermediate,DMS,0,5.40536
13,DMS-DLS,intermediate,DMS,1,1.369836
13,DMS-DLS,intermediate,DMS,2,4.307773
13,DMS-DLS,intermediate,DMS,3,1.52364
13,DMS-DLS,intermediate,DMS,4,4.050764
13,DMS-DLS,intermediate,DMS,5,1.181726
13,DMS-DLS,intermediate,DMS,6,8.446521
13,DMS-DLS,intermediate,DMS,7,0.0
13,DMS-DLS,intermediate,DLS,0,0.749587
13,DMS-DLS,intermediate,DLS,1,5.944857
13,DMS-DLS,intermediate,DLS,2,1.426411
13,DMS-DLS,intermediate,DLS,3,1.569385
13,DMS-DLS,intermediate,DLS,4,0.0
13,DMS-DLS,intermediate,DLS,5,0.730152
13,DMS-DLS,expert,DMS,0,5.795012
13,DMS-DLS,expert,DMS,1,1.398516
13,DMS-DLS,expert,DMS,2,3.256748
13,DMS-DLS,expert,DMS,3,0.950255
13,DMS-DLS,expert,DMS,4,3.442753
13,DMS-DLS,expert,DMS,5,0.83657
13,DMS-DLS,expert,DMS,6,4.565649
13,DMS-DLS,expert,DMS,7,0.0
13,DMS-DLS,expert,DLS,0,0.57204
13,DMS-DLS,expert,DLS,1,5.905325
13,DMS-DLS,expert,DLS,2,0.881496
13,DMS-DLS,expert,DLS,3,0.805264
13,DMS-DLS,expert,DLS,4,17.216964
13,DMS-DLS,expert,DLS,5,0.616992
13,DMS-ACC,naive,DMS,0,10.990664
13,DMS-ACC,naive,DMS,1,1.883966
13,DMS-ACC,naive,DMS,2,10.634933
13,DMS-ACC,naive,DMS,3,2.961787
13,DMS-ACC,naive,DMS,4,7.733544
13,DMS-ACC,naive,DMS,5,1.794999
13,DMS-ACC,naive,DMS,6,2.202375
13,DMS-ACC,naive,DMS,7,0.0
13,DMS-ACC,naive,ACC,0,1.906011
13,DMS-ACC,naive,ACC,1,6.422642
13,DMS-ACC,naive,ACC,2,1.121032
13,DMS-ACC,naive,ACC,3,2.246929
13,DMS-ACC,naive,ACC,4,6.166929
13,DMS-ACC,naive,ACC,5,0.980936
13,DMS-ACC,naive,ACC,6,2.798964
13,DMS-ACC,intermediate,DMS,0,9.701457
13,DMS-ACC,intermediate,DMS,1,1.543236
13,DMS-ACC,intermediate,DMS,2,10.459547
13,DMS-ACC,intermediate,DMS,3,1.57322
13,DMS-ACC,intermediate,DMS,4,4.066247
13,DMS-ACC,intermediate,DMS,5,1.207537
13,DMS-ACC,intermediate,DMS,6,9.20642
13,DMS-ACC,intermediate,DMS,7,0.0
13,DMS-ACC,intermediate,ACC,0,1.576277
13,DMS-ACC,intermediate,ACC,1,3.984326
13,DMS-ACC,intermediate,ACC,2,0.787775
13,DMS-ACC,intermediate,ACC,3,2.371418
13,DMS-ACC,intermediate,ACC,4,4.400525
13,DMS-ACC,intermediate,ACC,5,0.686248
13,DMS-ACC,intermediate,ACC,6,1.920097
13,DMS-ACC,expert,DMS,0,6.113994
13,DMS-ACC,expert,DMS,1,1.413604
13,DMS-ACC,expert,DMS,2,3.532809
13,DMS-ACC,expert,DMS,3,0.964921
13,DMS-ACC,expert,DMS,4,4.412524
13,DMS-ACC,expert,DMS,5,0.857197
13,DMS-ACC,expert,DMS,6,5.286395
13,DMS-ACC,expert,DMS,7,0.0
13,DMS-ACC,expert,ACC,0,1.493228
13,DMS-ACC,expert,ACC,1,2.372977
13,DMS-ACC,expert,ACC,2,0.943634
13,DMS-ACC,expert,ACC,3,1.529213
13,DMS-ACC,expert,ACC,4,3.230271
13,DMS-ACC,expert,ACC,5,0.671346
13,DMS-ACC,expert,ACC,6,1.734203
13,DLS-ACC,naive,DLS,0,9.509661
13,DLS-ACC,naive,DLS,1,9.08392
13,DLS-ACC,naive,DLS,2,5.496248
13,DLS-ACC,naive,DLS,3,11.922668
13,DLS-ACC,naive,DLS,4,20.260259
13,DLS-ACC,naive,DLS,5,0.988957
13,DLS-ACC,naive,ACC,0,1.906011
13,DLS-ACC,naive,ACC,1,6.387725
13,DLS-ACC,naive,ACC,2,1.115678
13,DLS-ACC,naive,ACC,3,2.238776
13,DLS-ACC,naive,ACC,4,1.176643
13,DLS-ACC,naive,ACC,5,0.980358
13,DLS-ACC,naive,ACC,6,2.797542
13,DLS-ACC,intermediate,DLS,0,0.749587
13,DLS-ACC,intermediate,DLS,1,5.944857
13,DLS-ACC,intermediate,DLS,2,1.426411
13,DLS-ACC,intermediate,DLS,3,1.569385
13,DLS-ACC,intermediate,DLS,4,0.0
13,DLS-ACC,intermediate,DLS,5,0.730152
13,DLS-ACC,intermediate,ACC,0,1.549462
13,DLS-ACC,intermediate,ACC,1,2.787087
13,DLS-ACC,intermediate,ACC,2,0.582151
13,DLS-ACC,intermediate,ACC,3,2.000582
13,DLS-ACC,intermediate,ACC,4,2.595029
13,DLS-ACC,intermediate,ACC,5,0.68574
13,DLS-ACC,intermediate,ACC,6,1.864413
13,DLS-ACC,expert,DLS,0,0.57204
13,DLS-ACC,expert,DLS,1,5.905325
13,DLS-ACC,expert,DLS,2,0.881496
13,DLS-ACC,expert,DLS,3,0.805264
13,DLS-ACC,expert,DLS,4,17.216964
13,DLS-ACC,expert,DLS,5,0.616992
13,DLS-ACC,expert,ACC,0,1.318531
13,DLS-ACC,expert,ACC,1,2.370598
13,DLS-ACC,expert,ACC,2,0.928924
13,DLS-ACC,expert,ACC,3,1.022223
13,DLS-ACC,expert,ACC,4,3.210262
13,DLS-ACC,expert,ACC,5,0.6589
13,DLS-ACC,expert,ACC,6,1.587345
13,V1-DMS,naive,V1,0,0.107682
13,V1-DMS,naive,V1,1,0.358886
13,V1-DMS,naive,V1,2,0.00226
13,V1-DMS,naive,V1,3,0.763543
13,V1-DMS,naive,V1,4,0.008031
13,V1-DMS,naive,V1,5,0.018341
13,V1-DMS,naive,V1,6,0.0
13,V1-DMS,naive,V1,7,0.148254
13,V1-DMS,naive,V1,8,0.065625
13,V1-DMS,naive,V1,9,0.316507
13,V1-DMS,naive,V1,10,0.6086
13,V1-DMS,naive,V1,11,0.07614
13,V1-DMS,naive,V1,12,0.027553
13,V1-DMS,naive,V1,13,0.032705
13,V1-DMS,naive,V1,14,0.246781
13,V1-DMS,naive,V1,15,0.001731
13,V1-DMS,naive,V1,16,0.064306
13,V1-DMS,naive,V1,17,0.023592
13,V1-DMS,naive,V1,18,0.026284
13,V1-DMS,naive,V1,19,0.420991
13,V1-DMS,naive,V1,20,0.018446
13,V1-DMS,naive,V1,21,0.690912
13,V1-DMS,naive,V1,22,0.782943
13,V1-DMS,naive,V1,23,0.063548
13,V1-DMS,naive,V1,24,0.226441
13,V1-DMS,naive,V1,25,0.012579
13,V1-DMS,naive,V1,26,0.294273
13,V1-DMS,naive,V1,27,0.067299
13,V1-DMS,naive,V1,28,0.502561
13,V1-DMS,naive,V1,29,0.795563
13,V1-DMS,naive,V1,30,0.056926
13,V1-DMS,naive,V1,31,0.49172
13,V1-DMS,naive,V1,32,0.012786
13,V1-DMS,naive,V1,33,0.479801
13,V1-DMS,naive,V1,34,0.003396
13,V1-DMS,naive,V1,35,0.030152
13,V1-DMS,naive,V1,36,0.253906
13,V1-DMS,naive,V1,37,0.192393
13,V1-DMS,naive,V1,38,0.582258
13,V1-DMS,naive,V1,39,0.447715
13,V1-DMS,naive,V1,40,0.018116
13,V1-DMS,naive,V1,41,0.358768
13,V1-DMS,naive,V1,42,0.265133
13,V1-DMS,naive,V1,43,0.422265
13,V1-DMS,naive,V1,44,0.0
13,V1-DMS,naive,V1,45,0.003991
13,V1-DMS,naive,V1,46,0.004835
13,V1-DMS,naive,V1,47,0.012915
13,V1-DMS,naive,V1,48,0.253953
13,V1-DMS,naive,V1,49,0.357085
13,V1-DMS,naive,V1,50,0.474249
13,V1-DMS,naive,V1,51,0.016726
13,V1-DMS,naive,V1,52,0.102713
13,V1-DMS,naive,V1,53,0.506134
13,V1-DMS,naive,V1,54,0.555271
13,V1-DMS,naive,V1,55,0.0
13,V1-DMS,naive,V1,56,0.00482
13,V1-DMS,naive,V1,57,0.350836
13,V1-DMS,naive,V1,58,0.159684
13,V1-DMS,naive,V1,59,0.013119
13,V1-DMS,naive,V1,60,0.081891
13,V1-DMS,naive,V1,61,0.028708
13,V1-DMS,naive,V1,62,0.01188
13,V1-DMS,naive,V1,63,0.079738
13,V1-DMS,naive,DMS,0,10.990664
13,V1-DMS,naive,DMS,1,1.883966
13,V1-DMS,naive,DMS,2,10.634933
13,V1-DMS,naive,DMS,3,2.961787
13,V1-DMS,naive,DMS,4,7.733544
13,V1-DMS,naive,DMS,5,1.794999
13,V1-DMS,naive,DMS,6,2.202375
13,V1-DMS,naive,DMS,7,0.0
13,V1-DMS,intermediate,V1,0,0.145276
13,V1-DMS,intermediate,V1,1,0.676025
13,V1-DMS,intermediate,V1,2,0.030759
13,V1-DMS,intermediate,V1,3,0.714239
13,V1-DMS,intermediate,V1,4,0.004624
13,V1-DMS,intermediate,V1,5,0.056318
13,V1-DMS,intermediate,V1,6,0.0
13,V1-DMS,intermediate,V1,7,0.053309
13,V1-DMS,intermediate,V1,8,0.007939
13,V1-DMS,intermediate,V1,9,0.570311
13,V1-DMS,intermediate,V1,10,0.052802
13,V1-DMS,intermediate,V1,11,0.021469
13,V1-DMS,intermediate,V1,12,0.01911
13,V1-DMS,intermediate,V1,13,0.020177
13,V1-DMS,intermediate,V1,14,0.078848
13,V1-DMS,intermediate,V1,15,0.008185
13,V1-DMS,intermediate,V1,16,0.042251
13,V1-DMS,intermediate,V1,17,0.389477
13,V1-DMS,intermediate,V1,18,0.010467
13,V1-DMS,intermediate,V1,19,0.648858
13,V1-DMS,intermediate,V1,20,0.016307
13,V1-DMS,intermediate,V1,21,0.176672
13,V1-DMS,intermediate,V1,22,0.607205
13,V1-DMS,intermediate,V1,23,0.014791
13,V1-DMS,intermediate,V1,24,0.056809
13,V1-DMS,intermediate,V1,25,0.110967
13,V1-DMS,intermediate,V1,26,0.170623
13,V1-DMS,intermediate,V1,27,0.180001
13,V1-DMS,intermediate,V1,28,0.374021
13,V1-DMS,intermediate,V1,29,0.342366
13,V1-DMS,intermediate,V1,30,0.136795
13,V1-DMS,intermediate,V1,31,0.60262
13,V1-DMS,intermediate,V1,32,0.035785
13,V1-DMS,intermediate,V1,33,0.156583
13,V1-DMS,intermediate,V1,34,0.722283
13,V1-DMS,intermediate,V1,35,0.254988
13,V1-DMS,intermediate,V1,36,0.223746
13,V1-DMS,intermediate,V1,37,0.291171
13,V1-DMS,intermediate,V1,38,0.688185
13,V1-DMS,intermediate,V1,39,0.623918
13,V1-DMS,intermediate,V1,40,0.01309
13,V1-DMS,intermediate,V1,41,0.197879
13,V1-DMS,intermediate,V1,42,0.067865
13,V1-DMS,intermediate,V1,43,0.390873
13,V1-DMS,intermediate,V1,44,0.001377
13,V1-DMS,intermediate,V1,45,0.013068
13,V1-DMS,intermediate,V1,46,0.006904
13,V1-DMS,intermediate,V1,47,0.005534
13,V1-DMS,intermediate,V1,48,0.360395
13,V1-DMS,intermediate,V1,49,0.012902
13,V1-DMS,intermediate,V1,50,0.779836
13,V1-DMS,intermediate,V1,51,0.10033
13,V1-DMS,intermediate,V1,52,0.126652
13,V1-DMS,intermediate,V1,53,0.318454
13,V1-DMS,intermediate,V1,54,0.486265
13,V1-DMS,intermediate,V1,55,0.002322
13,V1-DMS,intermediate,V1,56,0.004115
13,V1-DMS,intermediate,V1,57,0.354196
13,V1-DMS,intermediate,V1,58,0.219726
13,V1-DMS,intermediate,V1,59,0.030776
13,V1-DMS,intermediate,V1,60,0.032925
13,V1-DMS,intermediate,V1,61,0.024533
13,V1-DMS,intermediate,V1,62,0.070815
13,V1-DMS,intermediate,V1,63,0.018508
13,V1-DMS,intermediate,DMS,0,9.701457
13,V1-DMS,intermediate,DMS,1,1.543236
13,V1-DMS,intermediate,DMS,2,10.459547
13,V1-DMS,intermediate,DMS,3,1.57322
13,V1-DMS,intermediate,DMS,4,4.066247
13,V1-DMS,intermediate,DMS,5,1.207537
13,V1-DMS,intermediate,DMS,6,9.20642
13,V1-DMS,intermediate,DMS,7,0.0
13,V1-DMS,expert,V1,0,0.062405
13,V1-DMS,expert,V1,1,0.278725
13,V1-DMS,expert,V1,2,0.610873
13,V1-DMS,expert,V1,3,0.561927
13,V1-DMS,expert,V1,4,0.005089
13,V1-DMS,expert,V1,5,0.117544
13,V1-DMS,expert,V1,6,0.016457
13,V1-DMS,expert,V1,7,0.617823
13,V1-DMS,expert,V1,8,0.004343
13,V1-DMS,expert,V1,9,0.203686
13,V1-DMS,expert,V1,10,0.109488
13,V1-DMS,expert,V1,11,0.017083
13,V1-DMS,expert,V1,12,0.252978
13,V1-DMS,expert,V1,13,0.073504
13,V1-DMS,expert,V1,14,0.12566
13,V1-DMS,expert,V1,15,0.017711
13,V1-DMS,expert,V1,16,0.061543
13,V1-DMS,expert,V1,17,0.540382
13,V1-DMS,expert,V1,18,0.019537
13,V1-DMS,expert,V1,19,0.469228
13,V1-DMS,expert,V1,20,0.024747
13,V1-DMS,expert,V1,21,0.069777
13,V1-DMS,expert,V1,22,0.050851
13,V1-DMS,expert,V1,23,0.040641
13,V1-DMS,expert,V1,24,0.031213
13,V1-DMS,expert,V1,25,0.166455
13,V1-DMS,expert,V1,26,0.416407
13,V1-DMS,expert,V1,27,0.343753
13,V1-DMS,expert,V1,28,0.363144
13,V1-DMS,expert,V1,29,0.544944
13,V1-DMS,expert,V1,30,0.113865
13,V1-DMS,expert,V1,31,0.739125
13,V1-DMS,expert,V1,32,0.017585
13,V1-DMS,expert,V1,33,0.025582
13,V1-DMS,expert,V1,34,0.238795
13,V1-DMS,expert,V1,35,0.039644
13,V1-DMS,expert,V1,36,0.190595
13,V1-DMS,expert,V1,37,0.442796
13,V1-DMS,expert,V1,38,0.376916
13,V1-DMS,expert,V1,39,0.349329
13,V1-DMS,expert,V1,40,0.006621
13,V1-DMS,expert,V1,41,0.014195
13,V1-DMS,expert,V1,42,0.027822
13,V1-DMS,expert,V1,43,0.267554
13,V1-DMS,expert,V1,44,0.009409
13,V1-DMS,expert,V1,45,0.023074
13,V1-DMS,expert,V1,46,0.014854
13,V1-DMS,expert,V1,47,0.012388
13,V1-DMS,expert,V1,48,0.150533
13,V1-DMS,expert,V1,49,0.358766
13,V1-DMS,expert,V1,50,0.502392
13,V1-DMS,expert,V1,51,0.094962
13,V1-DMS,expert,V1,52,0.359484
13,V1-DMS,expert,V1,53,0.094116
13,V1-DMS,expert,V1,54,0.767986
13,V1-DMS,expert,V1,55,0.012
13,V1-DMS,expert,V1,56,0.010964
13,V1-DMS,expert,V1,57,0.603376
13,V1-DMS,expert,V1,58,0.23435
13,V1-DMS,expert,V1,59,0.019087
13,V1-DMS,expert,V1,60,0.524746
13,V1-DMS,expert,V1,61,0.046738
13,V1-DMS,expert,V1,62,0.029696
13,V1-DMS,expert,V1,63,0.116497
13,V1-DMS,expert,DMS,0,6.113994
13,V1-DMS,expert,DMS,1,1.413604
13,V1-DMS,expert,DMS,2,3.532809
13,V1-DMS,expert,DMS,3,0.964921
13,V1-DMS,expert,DMS,4,4.412524
13,V1-DMS,expert,DMS,5,0.857197
13,V1-DMS,expert,DMS,6,5.286395
13,V1-DMS,expert,DMS,7,0.0
13,V1-DLS,naive,V1,0,0.05501
13,V1-DLS,naive,V1,1,0.373649
13,V1-DLS,naive,V1,2,0.002731
13,V1-DLS,naive,V1,3,0.577104
13,V1-DLS,naive,V1,4,0.003238
13,V1-DLS,naive,V1,5,0.025835
13,V1-DLS,naive,V1,6,0.0
13,V1-DLS,naive,V1,7,0.089634
13,V1-DLS,naive,V1,8,0.065501
13,V1-DLS,naive,V1,9,0.23417
13,V1-DLS,naive,V1,10,0.380097
13,V1-DLS,naive,V1,11,0.083615
13,V1-DLS,naive,V1,12,0.020609
13,V1-DLS,naive,V1,13,0.02926
13,V1-DLS,naive,V1,14,0.193713
13,V1-DLS,naive,V1,15,0.002046
13,V1-DLS,naive,V1,16,0.059615
13,V1-DLS,naive,V1,17,0.019613
13,V1-DLS,naive,V1,18,0.039891
13,V1-DLS,naive,V1,19,0.697018
13,V1-DLS,naive,V1,20,0.013515
13,V1-DLS,naive,V1,21,0.216521
13,V1-DLS,naive,V1,22,0.376059
13,V1-DLS,naive,V1,23,0.041907
13,V1-DLS,naive,V1,24,0.184533
13,V1-DLS,naive,V1,25,0.018931
13,V1-DLS,naive,V1,26,0.227658
13,V1-DLS,naive,V1,27,0.059917
13,V1-DLS,naive,V1,28,0.727598
13,V1-DLS,naive,V1,29,0.282417
13,V1-DLS,naive,V1,30,0.113506
13,V1-DLS,naive,V1,31,0.461342
13,V1-DLS,naive,V1,32,0.012415
13,V1-DLS,naive,V1,33,0.297014
13,V1-DLS,naive,V1,34,0.003678
13,V1-DLS,naive,V1,35,0.034821
13,V1-DLS,naive,V1,36,0.529872
13,V1-DLS,naive,V1,37,0.169074
13,V1-DLS,naive,V1,38,0.349281
13,V1-DLS,naive,V1,39,0.411395
13,V1-DLS,naive,V1,40,0.023515
13,V1-DLS,naive,V1,41,0.405265
13,V1-DLS,naive,V1,42,0.173745
13,V1-DLS,naive,V1,43,0.323308
13,V1-DLS,naive,V1,44,0.0
13,V1-DLS,naive,V1,45,0.003081
13,V1-DLS,naive,V1,46,0.003424
13,V1-DLS,naive,V1,47,0.004859
13,V1-DLS,naive,V1,48,0.177319
13,V1-DLS,naive,V1,49,0.480638
13,V1-DLS,naive,V1,50,0.432637
13,V1-DLS,naive,V1,51,0.015448
13,V1-DLS,naive,V1,52,0.116293
13,V1-DLS,naive,V1,53,0.52269
13,V1-DLS,naive,V1,54,0.765016
13,V1-DLS,naive,V1,55,0.0
13,V1-DLS,naive,V1,56,0.008039
13,V1-DLS,naive,V1,57,0.447343
13,V1-DLS,naive,V1,58,0.285069
13,V1-DLS,naive,V1,59,0.019829
13,V1-DLS,naive,V1,60,0.042758
13,V1-DLS,naive,V1,61,0.025985
13,V1-DLS,naive,V1,62,0.005289
13,V1-DLS,naive,V1,63,0.043287
13,V1-DLS,naive,DLS,0,9.509661
13,V1-DLS,naive,DLS,1,9.08392
13,V1-DLS,naive,DLS,2,5.496248
13,V1-DLS,naive,DLS,3,11.922668
13,V1-DLS,naive,DLS,4,20.260259
13,V1-DLS,naive,DLS,5,0.988957
13,V1-DLS,intermediate,V1,0,0.186184
13,V1-DLS,intermediate,V1,1,0.165221
13,V1-DLS,intermediate,V1,2,0.02752
13,V1-DLS,intermediate,V1,3,0.486211
13,V1-DLS,intermediate,V1,4,0.00409
13,V1-DLS,intermediate,V1,5,0.042241
13,V1-DLS,intermediate,V1,6,0.0
13,V1-DLS,intermediate,V1,7,0.053082
13,V1-DLS,intermediate,V1,8,0.005254
13,V1-DLS,intermediate,V1,9,0.260686
13,V1-DLS,intermediate,V1,10,0.039534
13,V1-DLS,intermediate,V1,11,0.010484
13,V1-DLS,intermediate,V1,12,0.017607
13,V1-DLS,intermediate,V1,13,0.01238
13,V1-DLS,intermediate,V1,14,0.085115
13,V1-DLS,intermediate,V1,15,0.003431
13,V1-DLS,intermediate,V1,16,0.028609
13,V1-DLS,intermediate,V1,17,0.523412
13,V1-DLS,intermediate,V1,18,0.012843
13,V1-DLS,intermediate,V1,19,0.405403
13,V1-DLS,intermediate,V1,20,0.017545
13,V1-DLS,intermediate,V1,21,0.135904
13,V1-DLS,intermediate,V1,22,0.427624
13,V1-DLS,intermediate,V1,23,0.013174
13,V1-DLS,intermediate,V1,24,0.04074
13,V1-DLS,intermediate,V1,25,0.060182
13,V1-DLS,intermediate,V1,26,0.083615
13,V1-DLS,intermediate,V1,27,0.125675
13,V1-DLS,intermediate,V1,28,0.544243
13,V1-DLS,intermediate,V1,29,0.590629
13,V1-DLS,intermediate,V1,30,0.093402
13,V1-DLS,intermediate,V1,31,0.358136
13,V1-DLS,intermediate,V1,32,0.042697
13,V1-DLS,intermediate,V1,33,0.123985
13,V1-DLS,intermediate,V1,34,0.741631
13,V1-DLS,intermediate,V1,35,0.383005
13,V1-DLS,intermediate,V1,36,0.150565
13,V1-DLS,intermediate,V1,37,0.465137
13,V1-DLS,intermediate,V1,38,0.229017
13,V1-DLS,intermediate,V1,39,0.315818
13,V1-DLS,intermediate,V1,40,0.01068
13,V1-DLS,intermediate,V1,41,0.24158
13,V1-DLS,intermediate,V1,42,0.037118
13,V1-DLS,intermediate,V1,43,0.346123
13,V1-DLS,intermediate,V1,44,0.001353
13,V1-DLS,intermediate,V1,45,0.01345
13,V1-DLS,intermediate,V1,46,0.002832
13,V1-DLS,intermediate,V1,47,0.005643
13,V1-DLS,intermediate,V1,48,0.421708
13,V1-DLS,intermediate,V1,49,0.017518
13,V1-DLS,intermediate,V1,50,0.518737
13,V1-DLS,intermediate,V1,51,0.063595
13,V1-DLS,intermediate,V1,52,0.091842
13,V1-DLS,intermediate,V1,53,0.202452
13,V1-DLS,intermediate,V1,54,0.434062
13,V1-DLS,intermediate,V1,55,0.002579
13,V1-DLS,intermediate,V1,56,0.003977
13,V1-DLS,intermediate,V1,57,0.569261
13,V1-DLS,intermediate,V1,58,0.165187
13,V1-DLS,intermediate,V1,59,0.027346
13,V1-DLS,intermediate,V1,60,0.042132
13,V1-DLS,intermediate,V1,61,0.030368
13,V1-DLS,intermediate,V1,62,0.037043
13,V1-DLS,intermediate,V1,63,0.042386
13,V1-DLS,intermediate,DLS,0,0.749587
13,V1-DLS,intermediate,DLS,1,5.944857
13,V1-DLS,intermediate,DLS,2,1.426411
13,V1-DLS,intermediate,DLS,3,1.569385
13,V1-DLS,intermediate,DLS,4,0.0
13,V1-DLS,intermediate,DLS,5,0.730152
13,V1-DLS,expert,V1,0,0.05352
13,V1-DLS,expert,V1,1,0.654875
13,V1-DLS,expert,V1,2,0.223064
13,V1-DLS,expert,V1,3,0.730299
13,V1-DLS,expert,V1,4,0.003771
13,V1-DLS,expert,V1,5,0.087882
13,V1-DLS,expert,V1,6,0.01343
13,V1-DLS,expert,V1,7,0.513905
13,V1-DLS,expert,V1,8,0.003432
13,V1-DLS,expert,V1,9,0.253376
13,V1-DLS,expert,V1,10,0.170615
13,V1-DLS,expert,V1,11,0.012928
13,V1-DLS,expert,V1,12,0.175804
13,V1-DLS,expert,V1,13,0.057126
13,V1-DLS,expert,V1,14,0.128512
13,V1-DLS,expert,V1,15,0.009301
13,V1-DLS,expert,V1,16,0.051247
13,V1-DLS,expert,V1,17,0.181499
13,V1-DLS,expert,V1,18,0.026799
13,V1-DLS,expert,V1,19,0.507031
13,V1-DLS,expert,V1,20,0.047745
13,V1-DLS,expert,V1,21,0.077033
13,V1-DLS,expert,V1,22,0.039194
13,V1-DLS,expert,V1,23,0.036894
13,V1-DLS,expert,V1,24,0.028867
13,V1-DLS,expert,V1,25,0.147021
13,V1-DLS,expert,V1,26,0.567494
13,V1-DLS,expert,V1,27,0.425264
13,V1-DLS,expert,V1,28,0.450079
13,V1-DLS,expert,V1,29,0.494266
13,V1-DLS,expert,V1,30,0.121346
13,V1-DLS,expert,V1,31,0.256235
13,V1-DLS,expert,V1,32,0.014089
13,V1-DLS,expert,V1,33,0.040559
13,V1-DLS,expert,V1,34,0.202789
13,V1-DLS,expert,V1,35,0.050285
13,V1-DLS,expert,V1,36,0.221598
13,V1-DLS,expert,V1,37,0.465906
13,V1-DLS,expert,V1,38,0.554069
13,V1-DLS,expert,V1,39,0.368054
13,V1-DLS,expert,V1,40,0.016174
13,V1-DLS,expert,V1,41,0.013341
13,V1-DLS,expert,V1,42,0.03002
13,V1-DLS,expert,V1,43,0.287499
13,V1-DLS,expert,V1,44,0.018224
13,V1-DLS,expert,V1,45,0.042896
13,V1-DLS,expert,V1,46,0.01458
13,V1-DLS,expert,V1,47,0.004521
13,V1-DLS,expert,V1,48,0.121521
13,V1-DLS,expert,V1,49,0.568195
13,V1-DLS,expert,V1,50,0.362035
13,V1-DLS,expert,V1,51,0.101786
13,V1-DLS,expert,V1,52,0.581371
13,V1-DLS,expert,V1,53,0.160212
13,V1-DLS,expert,V1,54,0.28495
13,V1-DLS,expert,V1,55,0.00624
13,V1-DLS,expert,V1,56,0.011927
13,V1-DLS,expert,V1,57,0.579498
13,V1-DLS,expert,V1,58,0.278257
13,V1-DLS,expert,V1,59,0.020358
13,V1-DLS,expert,V1,60,0.304221
13,V1-DLS,expert,V1,61,0.04686
13,V1-DLS,expert,V1,62,0.026112
13,V1-DLS,expert,V1,63,0.15883
13,V1-DLS,expert,DLS,0,0.57204
13,V1-DLS,expert,DLS,1,5.905325
13,V1-DLS,expert,DLS,2,0.881496
13,V1-DLS,expert,DLS,3,0.805264
13,V1-DLS,expert,DLS,4,17.216964
13,V1-DLS,expert,DLS,5,0.616992
13,V1-ACC,naive,V1,0,0.142166
13,V1-ACC,naive,V1,1,0.386249
13,V1-ACC,naive,V1,2,0.003371
13,V1-ACC,naive,V1,3,0.572279
13,V1-ACC,naive,V1,4,0.010254
13,V1-ACC,naive,V1,5,0.020983
13,V1-ACC,naive,V1,6,0.0
13,V1-ACC,naive,V1,7,0.116935
13,V1-ACC,naive,V1,8,0.043725
13,V1-ACC,naive,V1,9,0.348671
13,V1-ACC,naive,V1,10,0.355691
13,V1-ACC,naive,V1,11,0.098411
13,V1-ACC,naive,V1,12,0.042316
13,V1-ACC,naive,V1,13,0.049275
13,V1-ACC,naive,V1,14,0.279606
13,V1-ACC,naive,V1,15,0.003541
13,V1-ACC,naive,V1,16,0.049526
13,V1-ACC,naive,V1,17,0.037646
13,V1-ACC,naive,V1,18,0.028927
13,V1-ACC,naive,V1,19,0.437345
13,V1-ACC,naive,V1,20,0.023927
13,V1-ACC,naive,V1,21,0.85553
13,V1-ACC,naive,V1,22,0.666767
13,V1-ACC,naive,V1,23,0.046082
13,V1-ACC,naive,V1,24,0.315551
13,V1-ACC,naive,V1,25,0.014162
13,V1-ACC,naive,V1,26,0.315438
13,V1-ACC,naive,V1,27,0.056441
13,V1-ACC,naive,V1,28,0.464242
13,V1-ACC,naive,V1,29,0.651779
13,V1-ACC,naive,V1,30,0.106457
13,V1-ACC,naive,V1,31,0.403225
13,V1-ACC,naive,V1,32,0.014427
13,V1-ACC,naive,V1,33,0.569492
13,V1-ACC,naive,V1,34,0.003025
13,V1-ACC,naive,V1,35,0.033858
13,V1-ACC,naive,V1,36,0.629286
13,V1-ACC,naive,V1,37,0.191928
13,V1-ACC,naive,V1,38,0.619946
13,V1-ACC,naive,V1,39,0.541247
13,V1-ACC,naive,V1,40,0.01462
13,V1-ACC,naive,V1,41,0.399642
13,V1-ACC,naive,V1,42,0.256106
13,V1-ACC,naive,V1,43,0.328593
13,V1-ACC,naive,V1,44,0.0
13,V1-ACC,naive,V1,45,0.00382
13,V1-ACC,naive,V1,46,0.005615
13,V1-ACC,naive,V1,47,0.013251
13,V1-ACC,naive,V1,48,0.288394
13,V1-ACC,naive,V1,49,0.503759
13,V1-ACC,naive,V1,50,0.557626
13,V1-ACC,naive,V1,51,0.015589
13,V1-ACC,naive,V1,52,0.073184
13,V1-ACC,naive,V1,53,0.393825
13,V1-ACC,naive,V1,54,0.401696
13,V1-ACC,naive,V1,55,0.0
13,V1-ACC,naive,V1,56,0.004324
13,V1-ACC,naive,V1,57,0.474545
13,V1-ACC,naive,V1,58,0.271133
13,V1-ACC,naive,V1,59,0.022409
13,V1-ACC,naive,V1,60,0.110887
13,V1-ACC,naive,V1,61,0.020477
13,V1-ACC,naive,V1,62,0.010431
13,V1-ACC,naive,V1,63,0.05169
13,V1-ACC,naive,ACC,0,1.906011
13,V1-ACC,naive,ACC,1,6.422642
13,V1-ACC,naive,ACC,2,1.121032
13,V1-ACC,naive,ACC,3,2.246929
13,V1-ACC,naive,ACC,4,6.166929
13,V1-ACC,naive,ACC,5,0.980936
13,V1-ACC,naive,ACC,6,2.798964
13,V1-ACC,intermediate,V1,0,0.163032
13,V1-ACC,intermediate,V1,1,0.327787
13,V1-ACC,intermediate,V1,2,0.031732
13,V1-ACC,intermediate,V1,3,0.713248
13,V1-ACC,intermediate,V1,4,0.007176
13,V1-ACC,intermediate,V1,5,0.056615
13,V1-ACC,intermediate,V1,6,0.0
13,V1-ACC,intermediate,V1,7,0.090073
13,V1-ACC,intermediate,V1,8,0.00844
13,V1-ACC,intermediate,V1,9,0.681389
13,V1-ACC,intermediate,V1,10,0.074249
13,V1-ACC,intermediate,V1,11,0.024795
13,V1-ACC,intermediate,V1,12,0.032228
13,V1-ACC,intermediate,V1,13,0.015297
13,V1-ACC,intermediate,V1,14,0.164533
13,V1-ACC,intermediate,V1,15,0.01028
13,V1-ACC,intermediate,V1,16,0.050123
13,V1-ACC,intermediate,V1,17,0.304077
13,V1-ACC,intermediate,V1,18,0.015366
13,V1-ACC,intermediate,V1,19,0.739652
13,V1-ACC,intermediate,V1,20,0.026162
13,V1-ACC,intermediate,V1,21,0.19563
13,V1-ACC,intermediate,V1,22,0.538076
13,V1-ACC,intermediate,V1,23,0.025336
13,V1-ACC,intermediate,V1,24,0.07093
13,V1-ACC,intermediate,V1,25,0.100835
13,V1-ACC,intermediate,V1,26,0.227016
13,V1-ACC,intermediate,V1,27,0.178742
13,V1-ACC,intermediate,V1,28,0.560481
13,V1-ACC,intermediate,V1,29,0.323013
13,V1-ACC,intermediate,V1,30,0.161219
13,V1-ACC,intermediate,V1,31,0.586386
13,V1-ACC,intermediate,V1,32,0.039888
13,V1-ACC,intermediate,V1,33,0.183293
13,V1-ACC,intermediate,V1,34,0.66754
13,V1-ACC,intermediate,V1,35,0.362711
13,V1-ACC,intermediate,V1,36,0.244061
13,V1-ACC,intermediate,V1,37,0.306365
13,V1-ACC,intermediate,V1,38,0.360498
13,V1-ACC,intermediate,V1,39,0.676754
13,V1-ACC,intermediate,V1,40,0.018722
13,V1-ACC,intermediate,V1,41,0.194739
13,V1-ACC,intermediate,V1,42,0.089581
13,V1-ACC,intermediate,V1,43,0.334973
13,V1-ACC,intermediate,V1,44,0.001906
13,V1-ACC,intermediate,V1,45,0.015563
13,V1-ACC,intermediate,V1,46,0.005793
13,V1-ACC,intermediate,V1,47,0.004317
13,V1-ACC,intermediate,V1,48,0.71365
13,V1-ACC,intermediate,V1,49,0.012222
13,V1-ACC,intermediate,V1,50,0.540357
13,V1-ACC,intermediate,V1,51,0.109857
13,V1-ACC,intermediate,V1,52,0.136414
13,V1-ACC,intermediate,V1,53,0.303773
13,V1-ACC,intermediate,V1,54,0.549133
13,V1-ACC,intermediate,V1,55,0.004461
13,V1-ACC,intermediate,V1,56,0.006211
13,V1-ACC,intermediate,V1,57,0.625811
13,V1-ACC,intermediate,V1,58,0.269493
13,V1-ACC,intermediate,V1,59,0.03648
13,V1-ACC,intermediate,V1,60,0.047569
13,V1-ACC,intermediate,V1,61,0.021964
13,V1-ACC,intermediate,V1,62,0.079679
13,V1-ACC,intermediate,V1,63,0.064829
13,V1-ACC,intermediate,ACC,0,1.576277
13,V1-ACC,intermediate,ACC,1,3.984326
13,V1-ACC,intermediate,ACC,2,0.787775
13,V1-ACC,intermediate,ACC,3,2.371418
13,V1-ACC,intermediate,ACC,4,4.400525
13,V1-ACC,intermediate,ACC,5,0.686248
13,V1-ACC,intermediate,ACC,6,1.920097
13,V1-ACC,expert,V1,0,0.066483
13,V1-ACC,expert,V1,1,0.762545
13,V1-ACC,expert,V1,2,0.583689
13,V1-ACC,expert,V1,3,0.55813
13,V1-ACC,expert,V1,4,0.00543
13,V1-ACC,expert,V1,5,0.093575
13,V1-ACC,expert,V1,6,0.012019
13,V1-ACC,expert,V1,7,0.686305
13,V1-ACC,expert,V1,8,0.01031
13,V1-ACC,expert,V1,9,0.24485
13,V1-ACC,expert,V1,10,0.192923
13,V1-ACC,expert,V1,11,0.015325
13,V1-ACC,expert,V1,12,0.18279
13,V1-ACC,expert,V1,13,0.092742
13,V1-ACC,expert,V1,14,0.136911
13,V1-ACC,expert,V1,15,0.008699
13,V1-ACC,expert,V1,16,0.052108
13,V1-ACC,expert,V1,17,0.299312
13,V1-ACC,expert,V1,18,0.019565
13,V1-ACC,expert,V1,19,0.42589
13,V1-ACC,expert,V1,20,0.050207
13,V1-ACC,expert,V1,21,0.077167
13,V1-ACC,expert,V1,22,0.041442
13,V1-ACC,expert,V1,23,0.015974
13,V1-ACC,expert,V1,24,0.031255
13,V1-ACC,expert,V1,25,0.128315
13,V1-ACC,expert,V1,26,0.550072
13,V1-ACC,expert,V1,27,0.360643
13,V1-ACC,expert,V1,28,0.427709
13,V1-ACC,expert,V1,29,0.581151
13,V1-ACC,expert,V1,30,0.094449
13,V1-ACC,expert,V1,31,0.606423
13,V1-ACC,expert,V1,32,0.01499
13,V1-ACC,expert,V1,33,0.035962
13,V1-ACC,expert,V1,34,0.206966
13,V1-ACC,expert,V1,35,0.049812
13,V1-ACC,expert,V1,36,0.167753
13,V1-ACC,expert,V1,37,0.566431
13,V1-ACC,expert,V1,38,0.197745
13,V1-ACC,expert,V1,39,0.483954
13,V1-ACC,expert,V1,40,0.027336
13,V1-ACC,expert,V1,41,0.01596
13,V1-ACC,expert,V1,42,0.035236
13,V1-ACC,expert,V1,43,0.453114
13,V1-ACC,expert,V1,44,0.016981
13,V1-ACC,expert,V1,45,0.037999
13,V1-ACC,expert,V1,46,0.013127
13,V1-ACC,expert,V1,47,0.00848
13,V1-ACC,expert,V1,48,0.16435
13,V1-ACC,expert,V1,49,0.512464
13,V1-ACC,expert,V1,50,0.548233
13,V1-ACC,expert,V1,51,0.105819
13,V1-ACC,expert,V1,52,0.457011
13,V1-ACC,expert,V1,53,0.140598
13,V1-ACC,expert,V1,54,0.46147
13,V1-ACC,expert,V1,55,0.008446
13,V1-ACC,expert,V1,56,0.012977
13,V1-ACC,expert,V1,57,0.354218
13,V1-ACC,expert,V1,58,0.205506
13,V1-ACC,expert,V1,59,0.024271
13,V1-ACC,expert,V1,60,0.548447
13,V1-ACC,expert,V1,61,0.0585
13,V1-ACC,expert,V1,62,0.027656
13,V1-ACC,expert,V1,63,0.173831
13,V1-ACC,expert,ACC,0,1.493228
13,V1-ACC,expert,ACC,1,2.372977
13,V1-ACC,expert,ACC,2,0.943634
13,V1-ACC,expert,ACC,3,1.529213
13,V1-ACC,expert,ACC,4,3.230271
13,V1-ACC,expert,ACC,5,0.671346
13,V1-ACC,expert,ACC,6,1.734203
13,CA1-DMS,naive,CA1,0,0.398758
13,CA1-DMS,naive,CA1,1,0.0
13,CA1-DMS,naive,CA1,2,0.665508
13,CA1-DMS,naive,CA1,3,0.747398
13,CA1-DMS,naive,CA1,4,0.566556
13,CA1-DMS,naive,CA1,5,0.914041
13,CA1-DMS,naive,CA1,6,0.901225
13,CA1-DMS,naive,CA1,7,0.286569
13,CA1-DMS,naive,CA1,8,0.627374
13,CA1-DMS,naive,CA1,9,0.347411
13,CA1-DMS,naive,CA1,10,0.708651
13,CA1-DMS,naive,CA1,11,1.156848
13,CA1-DMS,naive,CA1,12,0.004761
13,CA1-DMS,naive,CA1,13,0.471081
13,CA1-DMS,naive,CA1,14,0.60593
13,CA1-DMS,naive,CA1,15,0.411874
13,CA1-DMS,naive,CA1,16,0.050399
13,CA1-DMS,naive,CA1,17,0.336887
13,CA1-DMS,naive,CA1,18,1.013289
13,CA1-DMS,naive,CA1,19,0.586257
13,CA1-DMS,naive,CA1,20,0.237803
13,CA1-DMS,naive,CA1,21,0.004005
13,CA1-DMS,naive,CA1,22,0.554188
13,CA1-DMS,naive,CA1,23,0.254502
13,CA1-DMS,naive,DMS,0,10.990664
13,CA1-DMS,naive,DMS,1,1.883966
13,CA1-DMS,naive,DMS,2,10.634933
13,CA1-DMS,naive,DMS,3,2.961787
13,CA1-DMS,naive,DMS,4,7.733544
13,CA1-DMS,naive,DMS,5,1.794999
13,CA1-DMS,naive,DMS,6,2.202375
13,CA1-DMS,naive,DMS,7,0.0
13,CA1-DMS,intermediate,CA1,0,0.21399
13,CA1-DMS,intermediate,CA1,1,0.0
13,CA1-DMS,intermediate,CA1,2,0.732004
13,CA1-DMS,intermediate,CA1,3,0.686477
13,CA1-DMS,intermediate,CA1,4,0.628554
13,CA1-DMS,intermediate,CA1,5,0.465632
13,CA1-DMS,intermediate,CA1,6,0.639421
13,CA1-DMS,intermediate,CA1,7,0.452777
13,CA1-DMS,intermediate,CA1,8,0.76949
13,CA1-DMS,intermediate,CA1,9,0.221148
13,CA1-DMS,intermediate,CA1,10,0.559211
13,CA1-DMS,intermediate,CA1,11,0.756821
13,CA1-DMS,intermediate,CA1,12,0.623231
13,CA1-DMS,intermediate,CA1,13,0.512236
13,CA1-DMS,intermediate,CA1,14,0.459877
13,CA1-DMS,intermediate,CA1,15,0.286333
13,CA1-DMS,intermediate,CA1,16,0.005066
13,CA1-DMS,intermediate,CA1,17,0.0
13,CA1-DMS,intermediate,CA1,18,0.063635
13,CA1-DMS,intermediate,CA1,19,0.794069
13,CA1-DMS,intermediate,CA1,20,0.127255
13,CA1-DMS,intermediate,CA1,21,0.246068
13,CA1-DMS,intermediate,CA1,22,0.631613
13,CA1-DMS,intermediate,CA1,23,0.44382
13,CA1-DMS,intermediate,DMS,0,9.701457
13,CA1-DMS,intermediate,DMS,1,1.543236
13,CA1-DMS,intermediate,DMS,2,10.459547
13,CA1-DMS,intermediate,DMS,3,1.57322
13,CA1-DMS,intermediate,DMS,4,4.066247
13,CA1-DMS,intermediate,DMS,5,1.207537
13,CA1-DMS,intermediate,DMS,6,9.20642
13,CA1-DMS,intermediate,DMS,7,0.0
13,CA1-DMS,expert,CA1,0,0.242632
13,CA1-DMS,expert,CA1,1,0.010365
13,CA1-DMS,expert,CA1,2,0.737993
13,CA1-DMS,expert,CA1,3,0.387302
13,CA1-DMS,expert,CA1,4,0.789962
13,CA1-DMS,expert,CA1,5,0.871151
13,CA1-DMS,expert,CA1,6,0.013709
13,CA1-DMS,expert,CA1,7,0.810073
13,CA1-DMS,expert,CA1,8,0.527279
13,CA1-DMS,expert,CA1,9,0.458816
13,CA1-DMS,expert,CA1,10,0.344241
13,CA1-DMS,expert,CA1,11,0.558417
13,CA1-DMS,expert,CA1,12,0.200961
13,CA1-DMS,expert,CA1,13,0.484968
13,CA1-DMS,expert,CA1,14,0.699578
13,CA1-DMS,expert,CA1,15,0.560412
13,CA1-DMS,expert,CA1,16,0.195524
13,CA1-DMS,expert,CA1,17,0.200864
13,CA1-DMS,expert,CA1,18,0.029237
13,CA1-DMS,expert,CA1,19,0.544163
13,CA1-DMS,expert,CA1,20,0.358185
13,CA1-DMS,expert,CA1,21,0.338924
13,CA1-DMS,expert,CA1,22,0.330726
13,CA1-DMS,expert,CA1,23,0.260788
13,CA1-DMS,expert,DMS,0,6.113994
13,CA1-DMS,expert,DMS,1,1.413604
13,CA1-DMS,expert,DMS,2,3.532809
13,CA1-DMS,expert,DMS,3,0.964921
13,CA1-DMS,expert,DMS,4,4.412524
13,CA1-DMS,expert,DMS,5,0.857197
13,CA1-DMS,expert,DMS,6,5.286395
13,CA1-DMS,expert,DMS,7,0.0
13,CA1-DLS,naive,CA1,0,0.24736
13,CA1-DLS,naive,CA1,1,0.0
13,CA1-DLS,naive,CA1,2,0.525663
13,CA1-DLS,naive,CA1,3,0.641616
13,CA1-DLS,naive,CA1,4,0.838805
13,CA1-DLS,naive,CA1,5,0.782486
13,CA1-DLS,naive,CA1,6,0.492743
13,CA1-DLS,naive,CA1,7,0.72623
13,CA1-DLS,naive,CA1,8,0.590749
13,CA1-DLS,naive,CA1,9,0.330389
13,CA1-DLS,naive,CA1,10,0.567519
13,CA1-DLS,naive,CA1,11,0.558254
13,CA1-DLS,naive,CA1,12,0.003739
13,CA1-DLS,naive,CA1,13,0.606281
13,CA1-DLS,naive,CA1,14,0.403586
13,CA1-DLS,naive,CA1,15,0.359583
13,CA1-DLS,naive,CA1,16,0.025923
13,CA1-DLS,naive,CA1,17,0.291467
13,CA1-DLS,naive,CA1,18,0.559761
13,CA1-DLS,naive,CA1,19,0.748694
13,CA1-DLS,naive,CA1,20,0.580314
13,CA1-DLS,naive,CA1,21,0.003595
13,CA1-DLS,naive,CA1,22,0.373772
13,CA1-DLS,naive,CA1,23,0.108916
13,CA1-DLS,naive,DLS,0,9.509661
13,CA1-DLS,naive,DLS,1,9.08392
13,CA1-DLS,naive,DLS,2,5.496248
13,CA1-DLS,naive,DLS,3,11.922668
13,CA1-DLS,naive,DLS,4,20.260259
13,CA1-DLS,naive,DLS,5,0.988957
13,CA1-DLS,intermediate,CA1,0,0.212098
13,CA1-DLS,intermediate,CA1,1,0.0
13,CA1-DLS,intermediate,CA1,2,0.486159
13,CA1-DLS,intermediate,CA1,3,0.612988
13,CA1-DLS,intermediate,CA1,4,0.418295
13,CA1-DLS,intermediate,CA1,5,0.540568
13,CA1-DLS,intermediate,CA1,6,0.338835
13,CA1-DLS,intermediate,CA1,7,0.478494
13,CA1-DLS,intermediate,CA1,8,0.470924
13,CA1-DLS,intermediate,CA1,9,0.387163
13,CA1-DLS,intermediate,CA1,10,0.294101
13,CA1-DLS,intermediate,CA1,11,0.885777
13,CA1-DLS,intermediate,CA1,12,0.499324
13,CA1-DLS,intermediate,CA1,13,0.588747
13,CA1-DLS,intermediate,CA1,14,0.444113
13,CA1-DLS,intermediate,CA1,15,0.273615
13,CA1-DLS,intermediate,CA1,16,0.001799
13,CA1-DLS,intermediate,CA1,17,0.0
13,CA1-DLS,intermediate,CA1,18,0.037417
13,CA1-DLS,intermediate,CA1,19,0.71104
13,CA1-DLS,intermediate,CA1,20,0.297874
13,CA1-DLS,intermediate,CA1,21,0.174887
13,CA1-DLS,intermediate,CA1,22,0.384346
13,CA1-DLS,intermediate,CA1,23,0.354059
13,CA1-DLS,intermediate,DLS,0,0.749587
13,CA1-DLS,intermediate,DLS,1,5.944857
13,CA1-DLS,intermediate,DLS,2,1.426411
13,CA1-DLS,intermediate,DLS,3,1.569385
13,CA1-DLS,intermediate,DLS,4,0.0
13,CA1-DLS,intermediate,DLS,5,0.730152
13,CA1-DLS,expert,CA1,0,0.246742
13,CA1-DLS,expert,CA1,1,0.010074
13,CA1-DLS,expert,CA1,2,0.689556
13,CA1-DLS,expert,CA1,3,0.475507
13,CA1-DLS,expert,CA1,4,0.660003
13,CA1-DLS,expert,CA1,5,0.43511
13,CA1-DLS,expert,CA1,6,0.011112
13,CA1-DLS,expert,CA1,7,0.684338
13,CA1-DLS,expert,CA1,8,0.549939
13,CA1-DLS,expert,CA1,9,0.227935
13,CA1-DLS,expert,CA1,10,0.227003
13,CA1-DLS,expert,CA1,11,0.246185
13,CA1-DLS,expert,CA1,12,0.25733
13,CA1-DLS,expert,CA1,13,0.596292
13,CA1-DLS,expert,CA1,14,0.427546
13,CA1-DLS,expert,CA1,15,0.376356
13,CA1-DLS,expert,CA1,16,0.176611
13,CA1-DLS,expert,CA1,17,0.236461
13,CA1-DLS,expert,CA1,18,0.040794
13,CA1-DLS,expert,CA1,19,0.51005
13,CA1-DLS,expert,CA1,20,0.434026
13,CA1-DLS,expert,CA1,21,0.138128
13,CA1-DLS,expert,CA1,22,0.793537
13,CA1-DLS,expert,CA1,23,0.52208
13,CA1-DLS,expert,DLS,0,0.57204
13,CA1-DLS,expert,DLS,1,5.905325
13,CA1-DLS,expert,DLS,2,0.881496
13,CA1-DLS,expert,DLS,3,0.805264
13,CA1-DLS,expert,DLS,4,17.216964
13,CA1-DLS,expert,DLS,5,0.616992
13,CA1-ACC,naive,CA1,0,0.240591
13,CA1-ACC,naive,CA1,1,0.0
13,CA1-ACC,naive,CA1,2,0.626044
13,CA1-ACC,naive,CA1,3,0.700049
13,CA1-ACC,naive,CA1,4,0.499303
13,CA1-ACC,naive,CA1,5,0.66593
13,CA1-ACC,naive,CA1,6,0.878986
13,CA1-ACC,naive,CA1,7,0.784513
13,CA1-ACC,naive,CA1,8,0.510502
13,CA1-ACC,naive,CA1,9,0.399443
13,CA1-ACC,naive,CA1,10,0.755627
13,CA1-ACC,naive,CA1,11,1.253966
13,CA1-ACC,naive,CA1,12,0.006876
13,CA1-ACC,naive,CA1,13,0.921797
13,CA1-ACC,naive,CA1,14,0.487914
13,CA1-ACC,naive,CA1,15,0.414267
13,CA1-ACC,naive,CA1,16,0.063776
13,CA1-ACC,naive,CA1,17,0.253133
13,CA1-ACC,naive,CA1,18,1.339354
13,CA1-ACC,naive,CA1,19,0.422536
13,CA1-ACC,naive,CA1,20,0.495515
13,CA1-ACC,naive,CA1,21,0.007096
13,CA1-ACC,naive,CA1,22,0.37268
13,CA1-ACC,naive,CA1,23,0.10916
13,CA1-ACC,naive,ACC,0,1.906011
13,CA1-ACC,naive,ACC,1,6.422642
13,CA1-ACC,naive,ACC,2,1.121032
13,CA1-ACC,naive,ACC,3,2.246929
13,CA1-ACC,naive,ACC,4,6.166929
13,CA1-ACC,naive,ACC,5,0.980936
13,CA1-ACC,naive,ACC,6,2.798964
13,CA1-ACC,intermediate,CA1,0,0.523214
13,CA1-ACC,intermediate,CA1,1,0.0
13,CA1-ACC,intermediate,CA1,2,0.620077
13,CA1-ACC,intermediate,CA1,3,0.58289
13,CA1-ACC,intermediate,CA1,4,0.58522
13,CA1-ACC,intermediate,CA1,5,0.662273
13,CA1-ACC,intermediate,CA1,6,0.900906
13,CA1-ACC,intermediate,CA1,7,0.800946
13,CA1-ACC,intermediate,CA1,8,0.64257
13,CA1-ACC,intermediate,CA1,9,0.414956
13,CA1-ACC,intermediate,CA1,10,0.422444
13,CA1-ACC,intermediate,CA1,11,0.959008
13,CA1-ACC,intermediate,CA1,12,0.275197
13,CA1-ACC,intermediate,CA1,13,0.485107
13,CA1-ACC,intermediate,CA1,14,0.636548
13,CA1-ACC,intermediate,CA1,15,0.506624
13,CA1-ACC,intermediate,CA1,16,0.004507
13,CA1-ACC,intermediate,CA1,17,0.0
13,CA1-ACC,intermediate,CA1,18,0.079415
13,CA1-ACC,intermediate,CA1,19,0.371487
13,CA1-ACC,intermediate,CA1,20,0.223613
13,CA1-ACC,intermediate,CA1,21,0.296311
13,CA1-ACC,intermediate,CA1,22,0.382369
13,CA1-ACC,intermediate,CA1,23,0.389915
13,CA1-ACC,intermediate,ACC,0,1.576277
13,CA1-ACC,intermediate,ACC,1,3.984326
13,CA1-ACC,intermediate,ACC,2,0.787775
13,CA1-ACC,intermediate,ACC,3,2.371418
13,CA1-ACC,intermediate,ACC,4,4.400525
13,CA1-ACC,intermediate,ACC,5,0.686248
13,CA1-ACC,intermediate,ACC,6,1.920097
13,CA1-ACC,expert,CA1,0,0.289764
13,CA1-ACC,expert,CA1,1,0.011562
13,CA1-ACC,expert,CA1,2,0.571832
13,CA1-ACC,expert,CA1,3,0.585252
13,CA1-ACC,expert,CA1,4,0.53855
13,CA1-ACC,expert,CA1,5,0.654609
13,CA1-ACC,expert,CA1,6,0.011301
13,CA1-ACC,expert,CA1,7,0.790084
13,CA1-ACC,expert,CA1,8,0.721015
13,CA1-ACC,expert,CA1,9,0.448386
13,CA1-ACC,expert,CA1,10,0.683089
13,CA1-ACC,expert,CA1,11,0.742874
13,CA1-ACC,expert,CA1,12,0.1911
13,CA1-ACC,expert,CA1,13,0.536477
13,CA1-ACC,expert,CA1,14,0.396334
13,CA1-ACC,expert,CA1,15,0.53059
13,CA1-ACC,expert,CA1,16,0.214064
13,CA1-ACC,expert,CA1,17,0.240351
13,CA1-ACC,expert,CA1,18,0.039487
13,CA1-ACC,expert,CA1,19,0.609194
13,CA1-ACC,expert,CA1,20,0.410971
13,CA1-ACC,expert,CA1,21,0.31299
13,CA1-ACC,expert,CA1,22,0.420758
13,CA1-ACC,expert,CA1,23,0.307171
13,CA1-ACC,expert,ACC,0,1.493228
13,CA1-ACC,expert,ACC,1,2.372977
13,CA1-ACC,expert,ACC,2,0.943634
13,CA1-ACC,expert,ACC,3,1.529213
13,CA1-ACC,expert,ACC,4,3.230271
13,CA1-ACC,expert,ACC,5,0.671346
13,CA1-ACC,expert,ACC,6,1.734203
13,CA1-V1,naive,CA1,0,0.716949
13,CA1-V1,naive,CA1,1,0.0
13,CA1-V1,naive,CA1,2,0.807223
13,CA1-V1,naive,CA1,3,1.006745
13,CA1-V1,naive,CA1,4,1.071318
13,CA1-V1,naive,CA1,5,1.079316
13,CA1-V1,naive,CA1,6,2.0588
13,CA1-V1,naive,CA1,7,0.937311
13,CA1-V1,naive,CA1,8,0.824194
13,CA1-V1,naive,CA1,9,1.133846
13,CA1-V1,naive,CA1,10,0.979135
13,CA1-V1,naive,CA1,11,1.704441
13,CA1-V1,naive,CA1,12,0.008992
13,CA1-V1,naive,CA1,13,1.313952
13,CA1-V1,naive,CA1,14,0.808572
13,CA1-V1,naive,CA1,15,0.819248
13,CA1-V1,naive,CA1,16,0.108987
13,CA1-V1,naive,CA1,17,1.539796
13,CA1-V1,naive,CA1,18,2.213605
13,CA1-V1,naive,CA1,19,1.043001
13,CA1-V1,naive,CA1,20,0.838196
13,CA1-V1,naive,CA1,21,0.013
13,CA1-V1,naive,CA1,22,0.704045
13,CA1-V1,naive,CA1,23,0.7072
13,CA1-V1,naive,V1,0,0.206399
13,CA1-V1,naive,V1,1,1.024598
13,CA1-V1,naive,V1,2,0.005578
13,CA1-V1,naive,V1,3,0.990541
13,CA1-V1,naive,V1,4,0.013079
13,CA1-V1,naive,V1,5,0.034141
13,CA1-V1,naive,V1,6,0.0
13,CA1-V1,naive,V1,7,0.20924
13,CA1-V1,naive,V1,8,0.091608
13,CA1-V1,naive,V1,9,0.528305
13,CA1-V1,naive,V1,10,1.01543
13,CA1-V1,naive,V1,11,0.145899
13,CA1-V1,naive,V1,12,0.06085
13,CA1-V1,naive,V1,13,0.068537
13,CA1-V1,naive,V1,14,0.452377
13,CA1-V1,naive,V1,15,0.00536
13,CA1-V1,naive,V1,16,0.084076
13,CA1-V1,naive,V1,17,0.043121
13,CA1-V1,naive,V1,18,0.047787
13,CA1-V1,naive,V1,19,0.987993
13,CA1-V1,naive,V1,20,0.028313
13,CA1-V1,naive,V1,21,1.077201
13,CA1-V1,naive,V1,22,1.081388
13,CA1-V1,naive,V1,23,0.083543
13,CA1-V1,naive,V1,24,0.397708
13,CA1-V1,naive,V1,25,0.024656
13,CA1-V1,naive,V1,26,0.57671
13,CA1-V1,naive,V1,27,0.106849
13,CA1-V1,naive,V1,28,0.946453
13,CA1-V1,naive,V1,29,0.961351
13,CA1-V1,naive,V1,30,0.146051
13,CA1-V1,naive,V1,31,0.751648
13,CA1-V1,naive,V1,32,0.0202
13,CA1-V1,naive,V1,33,0.910669
13,CA1-V1,naive,V1,34,0.005429
13,CA1-V1,naive,V1,35,0.054986
13,CA1-V1,naive,V1,36,0.911002
13,CA1-V1,naive,V1,37,0.342785
13,CA1-V1,naive,V1,38,1.012808
13,CA1-V1,naive,V1,39,1.005922
13,CA1-V1,naive,V1,40,0.032869
13,CA1-V1,naive,V1,41,0.566686
13,CA1-V1,naive,V1,42,0.450453
13,CA1-V1,naive,V1,43,0.624766
13,CA1-V1,naive,V1,44,0.0
13,CA1-V1,naive,V1,45,0.00574
13,CA1-V1,naive,V1,46,0.007943
13,CA1-V1,naive,V1,47,0.017648
13,CA1-V1,naive,V1,48,0.412955
13,CA1-V1,naive,V1,49,0.718996
13,CA1-V1,naive,V1,50,0.90975
13,CA1-V1,naive,V1,51,0.024843
13,CA1-V1,naive,V1,52,0.161333
13,CA1-V1,naive,V1,53,0.872863
13,CA1-V1,naive,V1,54,0.931227
13,CA1-V1,naive,V1,55,0.0
13,CA1-V1,naive,V1,56,0.009519
13,CA1-V1,naive,V1,57,0.617512
13,CA1-V1,naive,V1,58,0.330571
13,CA1-V1,naive,V1,59,0.033209
13,CA1-V1,naive,V1,60,0.150561
13,CA1-V1,naive,V1,61,0.041718
13,CA1-V1,naive,V1,62,0.017421
13,CA1-V1,naive,V1,63,0.085417
13,CA1-V1,intermediate,CA1,0,0.816436
13,CA1-V1,intermediate,CA1,1,0.0
13,CA1-V1,intermediate,CA1,2,0.836826
13,CA1-V1,intermediate,CA1,3,1.111806
13,CA1-V1,intermediate,CA1,4,1.102543
13,CA1-V1,intermediate,CA1,5,1.072473
13,CA1-V1,intermediate,CA1,6,2.027886
13,CA1-V1,intermediate,CA1,7,0.968391
13,CA1-V1,intermediate,CA1,8,1.054164
13,CA1-V1,intermediate,CA1,9,0.825486
13,CA1-V1,intermediate,CA1,10,0.855106
13,CA1-V1,intermediate,CA1,11,1.332898
13,CA1-V1,intermediate,CA1,12,0.746728
13,CA1-V1,intermediate,CA1,13,1.037353
13,CA1-V1,intermediate,CA1,14,0.821215
13,CA1-V1,intermediate,CA1,15,0.836078
13,CA1-V1,intermediate,CA1,16,0.007176
13,CA1-V1,intermediate,CA1,17,0.0
13,CA1-V1,intermediate,CA1,18,0.162461
13,CA1-V1,intermediate,CA1,19,1.100192
13,CA1-V1,intermediate,CA1,20,0.559656
13,CA1-V1,intermediate,CA1,21,0.525874
13,CA1-V1,intermediate,CA1,22,0.699444
13,CA1-V1,intermediate,CA1,23,0.799678
13,CA1-V1,intermediate,V1,0,0.53683
13,CA1-V1,intermediate,V1,1,0.932095
13,CA1-V1,intermediate,V1,2,0.049874
13,CA1-V1,intermediate,V1,3,0.85107
13,CA1-V1,intermediate,V1,4,0.009058
13,CA1-V1,intermediate,V1,5,0.083964
13,CA1-V1,intermediate,V1,6,0.0
13,CA1-V1,intermediate,V1,7,0.115832
13,CA1-V1,intermediate,V1,8,0.010121
13,CA1-V1,intermediate,V1,9,0.932802
13,CA1-V1,intermediate,V1,10,0.097551
13,CA1-V1,intermediate,V1,11,0.030891
13,CA1-V1,intermediate,V1,12,0.039211
13,CA1-V1,intermediate,V1,13,0.03533
13,CA1-V1,intermediate,V1,14,0.202337
13,CA1-V1,intermediate,V1,15,0.013168
13,CA1-V1,intermediate,V1,16,0.063591
13,CA1-V1,intermediate,V1,17,0.828244
13,CA1-V1,intermediate,V1,18,0.021483
13,CA1-V1,intermediate,V1,19,0.817312
13,CA1-V1,intermediate,V1,20,0.034348
13,CA1-V1,intermediate,V1,21,0.261581
13,CA1-V1,intermediate,V1,22,1.030378
13,CA1-V1,intermediate,V1,23,0.041056
13,CA1-V1,intermediate,V1,24,0.10405
13,CA1-V1,intermediate,V1,25,0.146997
13,CA1-V1,intermediate,V1,26,0.305044
13,CA1-V1,intermediate,V1,27,0.237065
13,CA1-V1,intermediate,V1,28,0.919703
13,CA1-V1,intermediate,V1,29,0.917693
13,CA1-V1,intermediate,V1,30,0.187327
13,CA1-V1,intermediate,V1,31,0.843498
13,CA1-V1,intermediate,V1,32,0.071977
13,CA1-V1,intermediate,V1,33,0.27358
13,CA1-V1,intermediate,V1,34,0.808337
13,CA1-V1,intermediate,V1,35,1.018392
13,CA1-V1,intermediate,V1,36,0.281032
13,CA1-V1,intermediate,V1,37,0.882881
13,CA1-V1,intermediate,V1,38,0.896157
13,CA1-V1,intermediate,V1,39,0.966185
13,CA1-V1,intermediate,V1,40,0.025384
13,CA1-V1,intermediate,V1,41,0.759703
13,CA1-V1,intermediate,V1,42,0.109277
13,CA1-V1,intermediate,V1,43,0.772727
13,CA1-V1,intermediate,V1,44,0.003142
13,CA1-V1,intermediate,V1,45,0.018395
13,CA1-V1,intermediate,V1,46,0.011044
13,CA1-V1,intermediate,V1,47,0.008296
13,CA1-V1,intermediate,V1,48,1.000954
13,CA1-V1,intermediate,V1,49,0.037772
13,CA1-V1,intermediate,V1,50,0.921821
13,CA1-V1,intermediate,V1,51,0.129534
13,CA1-V1,intermediate,V1,52,0.19889
13,CA1-V1,intermediate,V1,53,0.394097
13,CA1-V1,intermediate,V1,54,1.010851
13,CA1-V1,intermediate,V1,55,0.005249
13,CA1-V1,intermediate,V1,56,0.007768
13,CA1-V1,intermediate,V1,57,1.001382
13,CA1-V1,intermediate,V1,58,0.320009
13,CA1-V1,intermediate,V1,59,0.043297
13,CA1-V1,intermediate,V1,60,0.065372
13,CA1-V1,intermediate,V1,61,0.044411
13,CA1-V1,intermediate,V1,62,0.097995
13,CA1-V1,intermediate,V1,63,0.095905
13,CA1-V1,expert,CA1,0,0.975967
13,CA1-V1,expert,CA1,1,0.022904
13,CA1-V1,expert,CA1,2,0.862605
13,CA1-V1,expert,CA1,3,1.12413
13,CA1-V1,expert,CA1,4,1.088713
13,CA1-V1,expert,CA1,5,1.030526
13,CA1-V1,expert,CA1,6,0.024869
13,CA1-V1,expert,CA1,7,0.927693
13,CA1-V1,expert,CA1,8,1.042555
13,CA1-V1,expert,CA1,9,1.006505
13,CA1-V1,expert,CA1,10,0.880524
13,CA1-V1,expert,CA1,11,1.000604
13,CA1-V1,expert,CA1,12,0.40906
13,CA1-V1,expert,CA1,13,0.768652
13,CA1-V1,expert,CA1,14,0.893786
13,CA1-V1,expert,CA1,15,0.901686
13,CA1-V1,expert,CA1,16,0.739188
13,CA1-V1,expert,CA1,17,1.255672
13,CA1-V1,expert,CA1,18,0.068325
13,CA1-V1,expert,CA1,19,1.053481
13,CA1-V1,expert,CA1,20,0.698465
13,CA1-V1,expert,CA1,21,0.571356
13,CA1-V1,expert,CA1,22,0.841838
13,CA1-V1,expert,CA1,23,0.852311
13,CA1-V1,expert,V1,0,0.091403
13,CA1-V1,expert,V1,1,1.026013
13,CA1-V1,expert,V1,2,0.887336
13,CA1-V1,expert,V1,3,0.8483
13,CA1-V1,expert,V1,4,0.007859
13,CA1-V1,expert,V1,5,0.135073
13,CA1-V1,expert,V1,6,0.027327
13,CA1-V1,expert,V1,7,0.87835
13,CA1-V1,expert,V1,8,0.012475
13,CA1-V1,expert,V1,9,0.32719
13,CA1-V1,expert,V1,10,0.283157
13,CA1-V1,expert,V1,11,0.024534
13,CA1-V1,expert,V1,12,0.339467
13,CA1-V1,expert,V1,13,0.109892
13,CA1-V1,expert,V1,14,0.180357
13,CA1-V1,expert,V1,15,0.020803
13,CA1-V1,expert,V1,16,0.079699
13,CA1-V1,expert,V1,17,0.736045
13,CA1-V1,expert,V1,18,0.030969
13,CA1-V1,expert,V1,19,0.649895
13,CA1-V1,expert,V1,20,0.057734
13,CA1-V1,expert,V1,21,0.106528
13,CA1-V1,expert,V1,22,0.072241
13,CA1-V1,expert,V1,23,0.075943
13,CA1-V1,expert,V1,24,0.059578
13,CA1-V1,expert,V1,25,0.221175
13,CA1-V1,expert,V1,26,0.715369
13,CA1-V1,expert,V1,27,0.586244
13,CA1-V1,expert,V1,28,0.8848
13,CA1-V1,expert,V1,29,0.993057
13,CA1-V1,expert,V1,30,0.147847
13,CA1-V1,expert,V1,31,0.93128
13,CA1-V1,expert,V1,32,0.024127
13,CA1-V1,expert,V1,33,0.049412
13,CA1-V1,expert,V1,34,0.441746
13,CA1-V1,expert,V1,35,0.083739
13,CA1-V1,expert,V1,36,0.287364
13,CA1-V1,expert,V1,37,0.955489
13,CA1-V1,expert,V1,38,0.848831
13,CA1-V1,expert,V1,39,0.905384
13,CA1-V1,expert,V1,40,0.036196
13,CA1-V1,expert,V1,41,0.024301
13,CA1-V1,expert,V1,42,0.050631
13,CA1-V1,expert,V1,43,0.712562
13,CA1-V1,expert,V1,44,0.021682
13,CA1-V1,expert,V1,45,0.04635
13,CA1-V1,expert,V1,46,0.02468
13,CA1-V1,expert,V1,47,0.014405
13,CA1-V1,expert,V1,48,0.187104
13,CA1-V1,expert,V1,49,1.035009
13,CA1-V1,expert,V1,50,0.919183
13,CA1-V1,expert,V1,51,0.124567
13,CA1-V1,expert,V1,52,0.692797
13,CA1-V1,expert,V1,53,0.185061
13,CA1-V1,expert,V1,54,0.884357
13,CA1-V1,expert,V1,55,0.016539
13,CA1-V1,expert,V1,56,0.015758
13,CA1-V1,expert,V1,57,0.892219
13,CA1-V1,expert,V1,58,0.3123
13,CA1-V1,expert,V1,59,0.030278
13,CA1-V1,expert,V1,60,0.975365
13,CA1-V1,expert,V1,61,0.069329
13,CA1-V1,expert,V1,62,0.04104
13,CA1-V1,expert,V1,63,0.224035
14,DMS-DLS,naive,DMS,0,0.815734
14,DMS-DLS,naive,DMS,1,0.244672
14,DMS-DLS,naive,DMS,2,0.661349
14,DMS-DLS,naive,DMS,3,0.124885
14,DMS-DLS,naive,DMS,4,0.729446
14,DMS-DLS,naive,DMS,5,1.00945
14,DMS-DLS,naive,DMS,6,1.652831
14,DMS-DLS,naive,DMS,7,0.848686
14,DMS-DLS,naive,DMS,8,0.673302
14,DMS-DLS,naive,DMS,9,0.831363
14,DMS-DLS,naive,DMS,10,0.018356
14,DMS-DLS,naive,DMS,11,1.10769
14,DMS-DLS,naive,DMS,12,0.688447
14,DMS-DLS,naive,DMS,13,0.012363
14,DMS-DLS,naive,DMS,14,0.0
14,DMS-DLS,naive,DMS,15,0.0
14,DMS-DLS,naive,DMS,16,0.505813
14,DMS-DLS,naive,DMS,17,0.001094
14,DMS-DLS,naive,DMS,18,0.014749
14,DMS-DLS,naive,DMS,19,1.301634
14,DMS-DLS,naive,DMS,20,0.919406
14,DMS-DLS,naive,DMS,21,0.478785
14,DMS-DLS,naive,DMS,22,0.031838
14,DMS-DLS,naive,DMS,23,0.909029
14,DMS-DLS,naive,DMS,24,0.785569
14,DMS-DLS,naive,DMS,25,1.372226
14,DMS-DLS,naive,DMS,26,0.440528
14,DMS-DLS,naive,DMS,27,0.044528
14,DMS-DLS,naive,DMS,28,1.11205
14,DMS-DLS,naive,DMS,29,0.89703
14,DMS-DLS,naive,DMS,30,0.102075
14,DMS-DLS,naive,DLS,0,1.14671
14,DMS-DLS,naive,DLS,1,0.967497
14,DMS-DLS,naive,DLS,2,0.799177
14,DMS-DLS,naive,DLS,3,1.826654
14,DMS-DLS,naive,DLS,4,0.005933
14,DMS-DLS,naive,DLS,5,0.0
14,DMS-DLS,naive,DLS,6,0.959892
14,DMS-DLS,naive,DLS,7,0.885109
14,DMS-DLS,naive,DLS,8,1.138076
14,DMS-DLS,naive,DLS,9,0.002019
14,DMS-DLS,naive,DLS,10,0.839586
14,DMS-DLS,naive,DLS,11,1.863841
14,DMS-DLS,naive,DLS,12,0.906323
14,DMS-DLS,naive,DLS,13,0.001944
14,DMS-DLS,naive,DLS,14,2.136311
14,DMS-DLS,naive,DLS,15,1.126274
14,DMS-DLS,naive,DLS,16,1.467728
14,DMS-DLS,naive,DLS,17,1.032876
14,DMS-DLS,naive,DLS,18,0.972079
14,DMS-DLS,naive,DLS,19,1.02957
14,DMS-DLS,naive,DLS,20,1.608537
14,DMS-DLS,naive,DLS,21,1.061144
14,DMS-DLS,naive,DLS,22,1.303299
14,DMS-DLS,naive,DLS,23,1.379199
14,DMS-DLS,naive,DLS,24,0.699496
14,DMS-DLS,naive,DLS,25,0.025007
14,DMS-DLS,intermediate,DMS,0,0.656514
14,DMS-DLS,intermediate,DMS,1,1.990668
14,DMS-DLS,intermediate,DMS,2,1.417399
14,DMS-DLS,intermediate,DMS,3,1.560286
14,DMS-DLS,intermediate,DMS,4,0.979871
14,DMS-DLS,intermediate,DMS,5,1.005381
14,DMS-DLS,intermediate,DMS,6,1.864849
14,DMS-DLS,intermediate,DMS,7,0.921271
14,DMS-DLS,intermediate,DMS,8,1.048843
14,DMS-DLS,intermediate,DMS,9,0.773345
14,DMS-DLS,intermediate,DMS,10,0.011773
14,DMS-DLS,intermediate,DMS,11,0.908288
14,DMS-DLS,intermediate,DMS,12,1.265224
14,DMS-DLS,intermediate,DMS,13,1.239726
14,DMS-DLS,intermediate,DMS,14,0.0
14,DMS-DLS,intermediate,DMS,15,0.009779
14,DMS-DLS,intermediate,DMS,16,1.034609
14,DMS-DLS,intermediate,DMS,17,0.0
14,DMS-DLS,intermediate,DMS,18,0.0
14,DMS-DLS,intermediate,DMS,19,0.013791
14,DMS-DLS,intermediate,DMS,20,0.009576
14,DMS-DLS,intermediate,DMS,21,0.0
14,DMS-DLS,intermediate,DMS,22,0.0
14,DMS-DLS,intermediate,DMS,23,0.0
14,DMS-DLS,intermediate,DMS,24,0.645676
14,DMS-DLS,intermediate,DMS,25,1.196186
14,DMS-DLS,intermediate,DMS,26,2.002052
14,DMS-DLS,intermediate,DMS,27,3.278244
14,DMS-DLS,intermediate,DMS,28,1.146138
14,DMS-DLS,intermediate,DMS,29,1.635835
14,DMS-DLS,intermediate,DMS,30,0.095629
14,DMS-DLS,intermediate,DLS,0,2.031463
14,DMS-DLS,intermediate,DLS,1,1.217428
14,DMS-DLS,intermediate,DLS,2,0.0
14,DMS-DLS,intermediate,DLS,3,1.51372
14,DMS-DLS,intermediate,DLS,4,0.004765
14,DMS-DLS,intermediate,DLS,5,0.0
14,DMS-DLS,intermediate,DLS,6,1.221315
14,DMS-DLS,intermediate,DLS,7,2.706374
14,DMS-DLS,intermediate,DLS,8,0.732465
14,DMS-DLS,intermediate,DLS,9,0.87769
14,DMS-DLS,intermediate,DLS,10,0.700974
14,DMS-DLS,intermediate,DLS,11,0.004871
14,DMS-DLS,intermediate,DLS,12,0.908267
14,DMS-DLS,intermediate,DLS,13,0.002947
14,DMS-DLS,intermediate,DLS,14,2.995483
14,DMS-DLS,intermediate,DLS,15,1.047461
14,DMS-DLS,intermediate,DLS,16,0.996853
14,DMS-DLS,intermediate,DLS,17,0.998507
14,DMS-DLS,intermediate,DLS,18,1.006987
14,DMS-DLS,intermediate,DLS,19,2.96569
14,DMS-DLS,intermediate,DLS,20,1.258555
14,DMS-DLS,intermediate,DLS,21,1.127711
14,DMS-DLS,intermediate,DLS,22,1.074787
14,DMS-DLS,intermediate,DLS,23,3.058944
14,DMS-DLS,intermediate,DLS,24,3.060024
14,DMS-DLS,intermediate,DLS,25,0.000855
14,DMS-DLS,expert,DMS,0,0.0
14,DMS-DLS,expert,DMS,1,1.314627
14,DMS-DLS,expert,DMS,2,1.594374
14,DMS-DLS,expert,DMS,3,1.009624
14,DMS-DLS,expert,DMS,4,0.958213
14,DMS-DLS,expert,DMS,5,1.014437
14,DMS-DLS,expert,DMS,6,0.367757
14,DMS-DLS,expert,DMS,7,0.541855
14,DMS-DLS,expert,DMS,8,1.064505
14,DMS-DLS,expert,DMS,9,1.890455
14,DMS-DLS,expert,DMS,10,0.001742
14,DMS-DLS,expert,DMS,11,1.039353
14,DMS-DLS,expert,DMS,12,1.929279
14,DMS-DLS,expert,DMS,13,1.12182
14,DMS-DLS,expert,DMS,14,0.0
14,DMS-DLS,expert,DMS,15,0.0
14,DMS-DLS,expert,DMS,16,1.980162
14,DMS-DLS,expert,DMS,17,1.765103
14,DMS-DLS,expert,DMS,18,0.011873
14,DMS-DLS,expert,DMS,19,1.024196
14,DMS-DLS,expert,DMS,20,0.021865
14,DMS-DLS,expert,DMS,21,0.0
14,DMS-DLS,expert,DMS,22,0.0
14,DMS-DLS,expert,DMS,23,0.0
14,DMS-DLS,expert,DMS,24,0.810418
14,DMS-DLS,expert,DMS,25,1.059842
14,DMS-DLS,expert,DMS,26,1.932367
14,DMS-DLS,expert,DMS,27,2.101844
14,DMS-DLS,expert,DMS,28,0.982569
14,DMS-DLS,expert,DMS,29,0.003784
14,DMS-DLS,expert,DMS,30,0.004542
14,DMS-DLS,expert,DLS,0,1.00611
14,DMS-DLS,expert,DLS,1,1.200323
14,DMS-DLS,expert,DLS,2,1.038341
14,DMS-DLS,expert,DLS,3,0.754619
14,DMS-DLS,expert,DLS,4,2.79807
14,DMS-DLS,expert,DLS,5,0.0
14,DMS-DLS,expert,DLS,6,1.088482
14,DMS-DLS,expert,DLS,7,0.033402
14,DMS-DLS,expert,DLS,8,0.940586
14,DMS-DLS,expert,DLS,9,0.873536
14,DMS-DLS,expert,DLS,10,1.307024
14,DMS-DLS,expert,DLS,11,0.054273
14,DMS-DLS,expert,DLS,12,2.344976
14,DMS-DLS,expert,DLS,13,0.00257
14,DMS-DLS,expert,DLS,14,2.678911
14,DMS-DLS,expert,DLS,15,0.973114
14,DMS-DLS,expert,DLS,16,0.965274
14,DMS-DLS,expert,DLS,17,1.013235
14,DMS-DLS,expert,DLS,18,1.01258
14,DMS-DLS,expert,DLS,19,3.336356
14,DMS-DLS,expert,DLS,20,2.421536
14,DMS-DLS,expert,DLS,21,0.945656
14,DMS-DLS,expert,DLS,22,0.539675
14,DMS-DLS,expert,DLS,23,0.959051
14,DMS-DLS,expert,DLS,24,0.05737
14,DMS-DLS,expert,DLS,25,0.003248
14,DMS-ACC,naive,DMS,0,0.18288
14,DMS-ACC,naive,DMS,1,0.231396
14,DMS-ACC,naive,DMS,2,0.494045
14,DMS-ACC,naive,DMS,3,0.104023
14,DMS-ACC,naive,DMS,4,0.729446
14,DMS-ACC,naive,DMS,5,0.981213
14,DMS-ACC,naive,DMS,6,1.59219
14,DMS-ACC,naive,DMS,7,0.836128
14,DMS-ACC,naive,DMS,8,0.673302
14,DMS-ACC,naive,DMS,9,0.790948
14,DMS-ACC,naive,DMS,10,0.016259
14,DMS-ACC,naive,DMS,11,1.064711
14,DMS-ACC,naive,DMS,12,0.680248
14,DMS-ACC,naive,DMS,13,0.012108
14,DMS-ACC,naive,DMS,14,0.0
14,DMS-ACC,naive,DMS,15,0.0
14,DMS-ACC,naive,DMS,16,0.494883
14,DMS-ACC,naive,DMS,17,0.001057
14,DMS-ACC,naive,DMS,18,0.01459
14,DMS-ACC,naive,DMS,19,0.574796
14,DMS-ACC,naive,DMS,20,0.868125
14,DMS-ACC,naive,DMS,21,0.3663
14,DMS-ACC,naive,DMS,22,0.02665
14,DMS-ACC,naive,DMS,23,0.395873
14,DMS-ACC,naive,DMS,24,0.652831
14,DMS-ACC,naive,DMS,25,1.301622
14,DMS-ACC,naive,DMS,26,0.44028
14,DMS-ACC,naive,DMS,27,0.044336
14,DMS-ACC,naive,DMS,28,1.11205
14,DMS-ACC,naive,DMS,29,0.463025
14,DMS-ACC,naive,DMS,30,0.101036
14,DMS-ACC,naive,ACC,0,0.0
14,DMS-ACC,naive,ACC,1,0.0
14,DMS-ACC,naive,ACC,2,1.725637
14,DMS-ACC,naive,ACC,3,6.284015
14,DMS-ACC,naive,ACC,4,0.0
14,DMS-ACC,naive,ACC,5,0.884039
14,DMS-ACC,naive,ACC,6,2.72558
14,DMS-ACC,naive,ACC,7,6.267551
14,DMS-ACC,naive,ACC,8,0.0
14,DMS-ACC,naive,ACC,9,0.987736
14,DMS-ACC,naive,ACC,10,2.47213
14,DMS-ACC,naive,ACC,11,3.350617
14,DMS-ACC,naive,ACC,12,2.306418
14,DMS-ACC,naive,ACC,13,1.160235
14,DMS-ACC,naive,ACC,14,2.071672
14,DMS-ACC,naive,ACC,15,1.389774
14,DMS-ACC,naive,ACC,16,0.0
14,DMS-ACC,naive,ACC,17,0.0
14,DMS-ACC,naive,ACC,18,0.0
14,DMS-ACC,naive,ACC,19,2.697534
14,DMS-ACC,naive,ACC,20,0.79126
14,DMS-ACC,naive,ACC,21,0.0
14,DMS-ACC,naive,ACC,22,1.507481
14,DMS-ACC,intermediate,DMS,0,0.64686
14,DMS-ACC,intermediate,DMS,1,1.979201
14,DMS-ACC,intermediate,DMS,2,1.415555
14,DMS-ACC,intermediate,DMS,3,1.542744
14,DMS-ACC,intermediate,DMS,4,0.979871
14,DMS-ACC,intermediate,DMS,5,1.005381
14,DMS-ACC,intermediate,DMS,6,1.864845
14,DMS-ACC,intermediate,DMS,7,0.921259
14,DMS-ACC,intermediate,DMS,8,1.048843
14,DMS-ACC,intermediate,DMS,9,0.772165
14,DMS-ACC,intermediate,DMS,10,0.011754
14,DMS-ACC,intermediate,DMS,11,0.907462
14,DMS-ACC,intermediate,DMS,12,1.26522
14,DMS-ACC,intermediate,DMS,13,1.23915
14,DMS-ACC,intermediate,DMS,14,0.0
14,DMS-ACC,intermediate,DMS,15,0.009131
14,DMS-ACC,intermediate,DMS,16,1.003501
14,DMS-ACC,intermediate,DMS,17,0.0
14,DMS-ACC,intermediate,DMS,18,0.0
14,DMS-ACC,intermediate,DMS,19,0.010262
14,DMS-ACC,intermediate,DMS,20,0.009566
14,DMS-ACC,intermediate,DMS,21,0.0
14,DMS-ACC,intermediate,DMS,22,0.0
14,DMS-ACC,intermediate,DMS,23,0.0
14,DMS-ACC,intermediate,DMS,24,0.644448
14,DMS-ACC,intermediate,DMS,25,1.196139
14,DMS-ACC,intermediate,DMS,26,2.002048
14,DMS-ACC,intermediate,DMS,27,1.209778
14,DMS-ACC,intermediate,DMS,28,1.146098
14,DMS-ACC,intermediate,DMS,29,1.635835
14,DMS-ACC,intermediate,DMS,30,0.095619
14,DMS-ACC,intermediate,ACC,0,1.256703
14,DMS-ACC,intermediate,ACC,1,1.512769
14,DMS-ACC,intermediate,ACC,2,1.23462
14,DMS-ACC,intermediate,ACC,3,4.421807
14,DMS-ACC,intermediate,ACC,4,0.0
14,DMS-ACC,intermediate,ACC,5,0.0
14,DMS-ACC,intermediate,ACC,6,0.930129
14,DMS-ACC,intermediate,ACC,7,0.927161
14,DMS-ACC,intermediate,ACC,8,2.033907
14,DMS-ACC,intermediate,ACC,9,1.210855
14,DMS-ACC,intermediate,ACC,10,1.308398
14,DMS-ACC,intermediate,ACC,11,2.051483
14,DMS-ACC,intermediate,ACC,12,1.411729
14,DMS-ACC,intermediate,ACC,13,1.105758
14,DMS-ACC,intermediate,ACC,14,1.813973
14,DMS-ACC,intermediate,ACC,15,0.965277
14,DMS-ACC,intermediate,ACC,16,3.121833
14,DMS-ACC,intermediate,ACC,17,0.0
14,DMS-ACC,intermediate,ACC,18,2.065994
14,DMS-ACC,intermediate,ACC,19,4.287047
14,DMS-ACC,intermediate,ACC,20,0.0
14,DMS-ACC,intermediate,ACC,21,0.767564
14,DMS-ACC,intermediate,ACC,22,1.330197
14,DMS-ACC,expert,DMS,0,0.0
14,DMS-ACC,expert,DMS,1,1.303328
14,DMS-ACC,expert,DMS,2,1.594374
14,DMS-ACC,expert,DMS,3,1.009624
14,DMS-ACC,expert,DMS,4,0.95821
14,DMS-ACC,expert,DMS,5,1.014437
14,DMS-ACC,expert,DMS,6,0.367757
14,DMS-ACC,expert,DMS,7,0.541854
14,DMS-ACC,expert,DMS,8,1.064505
14,DMS-ACC,expert,DMS,9,1.886946
14,DMS-ACC,expert,DMS,10,0.001736
14,DMS-ACC,expert,DMS,11,1.039046
14,DMS-ACC,expert,DMS,12,1.929279
14,DMS-ACC,expert,DMS,13,1.121708
14,DMS-ACC,expert,DMS,14,0.0
14,DMS-ACC,expert,DMS,15,0.0
14,DMS-ACC,expert,DMS,16,1.894226
14,DMS-ACC,expert,DMS,17,1.065645
14,DMS-ACC,expert,DMS,18,0.005029
14,DMS-ACC,expert,DMS,19,1.023858
14,DMS-ACC,expert,DMS,20,0.021339
14,DMS-ACC,expert,DMS,21,0.0
14,DMS-ACC,expert,DMS,22,0.0
14,DMS-ACC,expert,DMS,23,0.0
14,DMS-ACC,expert,DMS,24,0.810417
14,DMS-ACC,expert,DMS,25,1.059842
14,DMS-ACC,expert,DMS,26,0.889309
14,DMS-ACC,expert,DMS,27,1.454214
14,DMS-ACC,expert,DMS,28,0.982569
14,DMS-ACC,expert,DMS,29,0.003705
14,DMS-ACC,expert,DMS,30,0.004505
14,DMS-ACC,expert,ACC,0,1.444818
14,DMS-ACC,expert,ACC,1,1.537315
14,DMS-ACC,expert,ACC,2,0.825996
14,DMS-ACC,expert,ACC,3,1.356552
14,DMS-ACC,expert,ACC,4,0.0
14,DMS-ACC,expert,ACC,5,0.0
14,DMS-ACC,expert,ACC,6,1.098779
14,DMS-ACC,expert,ACC,7,1.440911
14,DMS-ACC,expert,ACC,8,0.823795
14,DMS-ACC,expert,ACC,9,1.797209
14,DMS-ACC,expert,ACC,10,1.08875
14,DMS-ACC,expert,ACC,11,1.077849
14,DMS-ACC,expert,ACC,12,1.164977
14,DMS-ACC,expert,ACC,13,1.11654
14,DMS-ACC,expert,ACC,14,1.818279
14,DMS-ACC,expert,ACC,15,0.920672
14,DMS-ACC,expert,ACC,16,0.0
14,DMS-ACC,expert,ACC,17,0.0
14,DMS-ACC,expert,ACC,18,1.141015
14,DMS-ACC,expert,ACC,19,2.252295
14,DMS-ACC,expert,ACC,20,0.0
14,DMS-ACC,expert,ACC,21,1.609647
14,DMS-ACC,expert,ACC,22,1.48222
14,DLS-ACC,naive,DLS,0,0.808224
14,DLS-ACC,naive,DLS,1,0.967401
14,DLS-ACC,naive,DLS,2,0.331201
14,DLS-ACC,naive,DLS,3,1.824657
14,DLS-ACC,naive,DLS,4,0.005079
14,DLS-ACC,naive,DLS,5,0.0
14,DLS-ACC,naive,DLS,6,0.913531
14,DLS-ACC,naive,DLS,7,0.759678
14,DLS-ACC,naive,DLS,8,1.133155
14,DLS-ACC,naive,DLS,9,0.001794
14,DLS-ACC,naive,DLS,10,0.836762
14,DLS-ACC,naive,DLS,11,1.27494
14,DLS-ACC,naive,DLS,12,0.90354
14,DLS-ACC,naive,DLS,13,0.001924
14,DLS-ACC,naive,DLS,14,1.494114
14,DLS-ACC,naive,DLS,15,1.124927
14,DLS-ACC,naive,DLS,16,1.467396
14,DLS-ACC,naive,DLS,17,0.979597
14,DLS-ACC,naive,DLS,18,0.962592
14,DLS-ACC,naive,DLS,19,1.020399
14,DLS-ACC,naive,DLS,20,0.644963
14,DLS-ACC,naive,DLS,21,0.926725
14,DLS-ACC,naive,DLS,22,0.483101
14,DLS-ACC,naive,DLS,23,0.718427
14,DLS-ACC,naive,DLS,24,0.690701
14,DLS-ACC,naive,DLS,25,0.021977
14,DLS-ACC,naive,ACC,0,0.0
14,DLS-ACC,naive,ACC,1,0.0
14,DLS-ACC,naive,ACC,2,1.725637
14,DLS-ACC,naive,ACC,3,6.284015
14,DLS-ACC,naive,ACC,4,0.0
14,DLS-ACC,naive,ACC,5,0.884039
14,DLS-ACC,naive,ACC,6,2.72558
14,DLS-ACC,naive,ACC,7,6.267551
14,DLS-ACC,naive,ACC,8,0.0
14,DLS-ACC,naive,ACC,9,0.987736
14,DLS-ACC,naive,ACC,10,2.47213
14,DLS-ACC,naive,ACC,11,3.350617
14,DLS-ACC,naive,ACC,12,2.306418
14,DLS-ACC,naive,ACC,13,1.160235
14,DLS-ACC,naive,ACC,14,2.071672
14,DLS-ACC,naive,ACC,15,1.389774
14,DLS-ACC,naive,ACC,16,0.0
14,DLS-ACC,naive,ACC,17,0.0
14,DLS-ACC,naive,ACC,18,0.0
14,DLS-ACC,naive,ACC,19,2.697534
14,DLS-ACC,naive,ACC,20,0.79126
14,DLS-ACC,naive,ACC,21,0.0
14,DLS-ACC,naive,ACC,22,1.507481
14,DLS-ACC,intermediate,DLS,0,2.031463
14,DLS-ACC,intermediate,DLS,1,1.217428
14,DLS-ACC,intermediate,DLS,2,0.0
14,DLS-ACC,intermediate,DLS,3,1.51372
14,DLS-ACC,intermediate,DLS,4,0.004758
14,DLS-ACC,intermediate,DLS,5,0.0
14,DLS-ACC,intermediate,DLS,6,1.221315
14,DLS-ACC,intermediate,DLS,7,2.706374
14,DLS-ACC,intermediate,DLS,8,0.732465
14,DLS-ACC,intermediate,DLS,9,0.87769
14,DLS-ACC,intermediate,DLS,10,0.700974
14,DLS-ACC,intermediate,DLS,11,0.004871
14,DLS-ACC,intermediate,DLS,12,0.908267
14,DLS-ACC,intermediate,DLS,13,0.002946
14,DLS-ACC,intermediate,DLS,14,2.995421
14,DLS-ACC,intermediate,DLS,15,1.047461
14,DLS-ACC,intermediate,DLS,16,0.996853
14,DLS-ACC,intermediate,DLS,17,0.998507
14,DLS-ACC,intermediate,DLS,18,1.006987
14,DLS-ACC,intermediate,DLS,19,2.964646
14,DLS-ACC,intermediate,DLS,20,1.256075
14,DLS-ACC,intermediate,DLS,21,1.120278
14,DLS-ACC,intermediate,DLS,22,0.702432
14,DLS-ACC,intermediate,DLS,23,2.359591
14,DLS-ACC,intermediate,DLS,24,3.060023
14,DLS-ACC,intermediate,DLS,25,0.000854
14,DLS-ACC,intermediate,ACC,0,1.256703
14,DLS-ACC,intermediate,ACC,1,1.512769
14,DLS-ACC,intermediate,ACC,2,1.23462
14,DLS-ACC,intermediate,ACC,3,4.421807
14,DLS-ACC,intermediate,ACC,4,0.0
14,DLS-ACC,intermediate,ACC,5,0.0
14,DLS-ACC,intermediate,ACC,6,0.930129
14,DLS-ACC,intermediate,ACC,7,0.927161
14,DLS-ACC,intermediate,ACC,8,2.033907
14,DLS-ACC,intermediate,ACC,9,1.210855
14,DLS-ACC,intermediate,ACC,10,1.308398
14,DLS-ACC,intermediate,ACC,11,2.051483
14,DLS-ACC,intermediate,ACC,12,1.411729
14,DLS-ACC,intermediate,ACC,13,1.105758
14,DLS-ACC,intermediate,ACC,14,1.813973
14,DLS-ACC,intermediate,ACC,15,0.965277
14,DLS-ACC,intermediate,ACC,16,3.121833
14,DLS-ACC,intermediate,ACC,17,0.0
14,DLS-ACC,intermediate,ACC,18,2.065994
14,DLS-ACC,intermediate,ACC,19,4.287047
14,DLS-ACC,intermediate,ACC,20,0.0
14,DLS-ACC,intermediate,ACC,21,0.767564
14,DLS-ACC,intermediate,ACC,22,1.330197
14,DLS-ACC,expert,DLS,0,1.006106
14,DLS-ACC,expert,DLS,1,1.198492
14,DLS-ACC,expert,DLS,2,0.509562
14,DLS-ACC,expert,DLS,3,0.754619
14,DLS-ACC,expert,DLS,4,2.79807
14,DLS-ACC,expert,DLS,5,0.0
14,DLS-ACC,expert,DLS,6,1.08847
14,DLS-ACC,expert,DLS,7,0.033119
14,DLS-ACC,expert,DLS,8,0.940585
14,DLS-ACC,expert,DLS,9,0.873536
14,DLS-ACC,expert,DLS,10,1.307019
14,DLS-ACC,expert,DLS,11,0.054234
14,DLS-ACC,expert,DLS,12,2.344976
14,DLS-ACC,expert,DLS,13,0.002559
14,DLS-ACC,expert,DLS,14,1.827099
14,DLS-ACC,expert,DLS,15,0.973114
14,DLS-ACC,expert,DLS,16,0.965274
14,DLS-ACC,expert,DLS,17,1.013234
14,DLS-ACC,expert,DLS,18,1.01258
14,DLS-ACC,expert,DLS,19,2.251811
14,DLS-ACC,expert,DLS,20,2.289665
14,DLS-ACC,expert,DLS,21,0.945633
14,DLS-ACC,expert,DLS,22,0.539493
14,DLS-ACC,expert,DLS,23,0.940158
14,DLS-ACC,expert,DLS,24,0.051353
14,DLS-ACC,expert,DLS,25,0.003243
14,DLS-ACC,expert,ACC,0,1.444818
14,DLS-ACC,expert,ACC,1,1.537315
14,DLS-ACC,expert,ACC,2,0.825996
14,DLS-ACC,expert,ACC,3,1.356552
14,DLS-ACC,expert,ACC,4,0.0
14,DLS-ACC,expert,ACC,5,0.0
14,DLS-ACC,expert,ACC,6,1.098779
14,DLS-ACC,expert,ACC,7,1.440911
14,DLS-ACC,expert,ACC,8,0.823795
14,DLS-ACC,expert,ACC,9,1.797209
14,DLS-ACC,expert,ACC,10,1.08875
14,DLS-ACC,expert,ACC,11,1.077849
14,DLS-ACC,expert,ACC,12,1.164977
14,DLS-ACC,expert,ACC,13,1.11654
14,DLS-ACC,expert,ACC,14,1.818279
14,DLS-ACC,expert,ACC,15,0.920672
14,DLS-ACC,expert,ACC,16,0.0
14,DLS-ACC,expert,ACC,17,0.0
14,DLS-ACC,expert,ACC,18,1.141015
14,DLS-ACC,expert,ACC,19,2.252295
14,DLS-ACC,expert,ACC,20,0.0
14,DLS-ACC,expert,ACC,21,1.609647
14,DLS-ACC,expert,ACC,22,1.48222
