animal,pair,epoch,area,unit,contrib
1,DMS-DLS,naive,DMS,0,0.071875
1,DMS-DLS,naive,DMS,1,0.594901
1,DMS-DLS,naive,DMS,2,0.424909
1,DMS-DLS,naive,DMS,3,0.029711
1,DMS-DLS,naive,DMS,4,0.813138
1,DMS-DLS,naive,DMS,5,0.065132
1,DMS-DLS,naive,DMS,6,0.246047
1,DMS-DLS,naive,DMS,7,0.007673
1,DMS-DLS,naive,DMS,8,0.012544
1,DMS-DLS,naive,DMS,9,0.011522
1,DMS-DLS,naive,DMS,10,0.267229
1,DMS-DLS,naive,DMS,11,0.175169
1,DMS-DLS,naive,DMS,12,0.003208
1,DMS-DLS,naive,DMS,13,0.143496
1,DMS-DLS,naive,DMS,14,0.862364
1,DMS-DLS,naive,DMS,15,0.602181
1,DMS-DLS,naive,DMS,16,0.876377
1,DMS-DLS,naive,DMS,17,0.049731
1,DMS-DLS,naive,DMS,18,0.020916
1,DMS-DLS,naive,DMS,19,0.239822
1,DMS-DLS,naive,DMS,20,0.076431
1,DMS-DLS,naive,DMS,21,0.335478
1,DMS-DLS,naive,DMS,22,0.0
1,DMS-DLS,naive,DMS,23,0.699251
1,DMS-DLS,naive,DMS,24,0.774297
1,DMS-DLS,naive,DMS,25,0.077132
1,DMS-DLS,naive,DMS,26,0.031972
1,DMS-DLS,naive,DMS,27,0.22012
1,DMS-DLS,naive,DMS,28,0.365193
1,DMS-DLS,naive,DMS,29,0.063278
1,DMS-DLS,naive,DMS,30,0.055303
1,DMS-DLS,naive,DMS,31,0.289733
1,DMS-DLS,naive,DMS,32,1.017921
1,DMS-DLS,naive,DMS,33,0.828804
1,DMS-DLS,naive,DMS,34,0.083151
1,DMS-DLS,naive,DMS,35,0.679642
1,DMS-DLS,naive,DMS,36,0.150841
1,DMS-DLS,naive,DMS,37,0.0
1,DMS-DLS,naive,DMS,38,0.62415
1,DMS-DLS,naive,DMS,39,0.73003
1,DMS-DLS,naive,DMS,40,0.934398
1,DMS-DLS,naive,DMS,41,0.946957
1,DMS-DLS,naive,DMS,42,0.135743
1,DMS-DLS,naive,DMS,43,0.864812
1,DMS-DLS,naive,DMS,44,0.575291
1,DMS-DLS,naive,DMS,45,0.187021
1,DMS-DLS,naive,DMS,46,0.828595
1,DMS-DLS,naive,DMS,47,0.04537
1,DMS-DLS,naive,DMS,48,0.303579
1,DMS-DLS,naive,DMS,49,0.652089
1,DMS-DLS,naive,DMS,50,0.551789
1,DMS-DLS,naive,DMS,51,0.105122
1,DMS-DLS,naive,DMS,52,0.135418
1,DMS-DLS,naive,DMS,53,0.957194
1,DMS-DLS,naive,DMS,54,0.921717
1,DMS-DLS,naive,DMS,55,0.096132
1,DMS-DLS,naive,DMS,56,0.838954
1,DMS-DLS,naive,DLS,0,0.0
1,DMS-DLS,naive,DLS,1,0.383899
1,DMS-DLS,naive,DLS,2,0.719248
1,DMS-DLS,naive,DLS,3,1.050935
1,DMS-DLS,naive,DLS,4,1.083494
1,DMS-DLS,naive,DLS,5,0.045995
1,DMS-DLS,naive,DLS,6,0.978485
1,DMS-DLS,naive,DLS,7,0.098023
1,DMS-DLS,naive,DLS,8,0.963807
1,DMS-DLS,naive,DLS,9,1.015706
1,DMS-DLS,naive,DLS,10,0.046985
1,DMS-DLS,naive,DLS,11,0.628026
1,DMS-DLS,naive,DLS,12,0.124074
1,DMS-DLS,naive,DLS,13,0.627605
1,DMS-DLS,naive,DLS,14,0.681353
1,DMS-DLS,naive,DLS,15,1.033502
1,DMS-DLS,naive,DLS,16,0.468995
1,DMS-DLS,naive,DLS,17,0.0
1,DMS-DLS,naive,DLS,18,0.688545
1,DMS-DLS,naive,DLS,19,0.174874
1,DMS-DLS,naive,DLS,20,0.935341
1,DMS-DLS,naive,DLS,21,0.747641
1,DMS-DLS,naive,DLS,22,0.723161
1,DMS-DLS,naive,DLS,23,0.968665
1,DMS-DLS,naive,DLS,24,0.004359
1,DMS-DLS,naive,DLS,25,0.0
1,DMS-DLS,naive,DLS,26,0.969902
1,DMS-DLS,naive,DLS,27,0.179231
1,DMS-DLS,naive,DLS,28,0.0
1,DMS-DLS,naive,DLS,29,0.437686
1,DMS-DLS,naive,DLS,30,0.399265
1,DMS-DLS,naive,DLS,31,0.063739
1,DMS-DLS,naive,DLS,32,0.0
1,DMS-DLS,naive,DLS,33,0.74025
1,DMS-DLS,naive,DLS,34,1.060113
1,DMS-DLS,naive,DLS,35,0.0416
1,DMS-DLS,naive,DLS,36,0.432963
1,DMS-DLS,naive,DLS,37,0.015526
1,DMS-DLS,naive,DLS,38,0.64684
1,DMS-DLS,naive,DLS,39,1.029627
1,DMS-DLS,naive,DLS,40,0.016087
1,DMS-DLS,naive,DLS,41,0.829343
1,DMS-DLS,intermediate,DMS,0,0.17808
1,DMS-DLS,intermediate,DMS,1,0.573405
1,DMS-DLS,intermediate,DMS,2,0.917244
1,DMS-DLS,intermediate,DMS,3,0.06419
1,DMS-DLS,intermediate,DMS,4,0.817106
1,DMS-DLS,intermediate,DMS,5,0.087692
1,DMS-DLS,intermediate,DMS,6,0.991277
1,DMS-DLS,intermediate,DMS,7,0.116028
1,DMS-DLS,intermediate,DMS,8,0.05973
1,DMS-DLS,intermediate,DMS,9,0.737643
1,DMS-DLS,intermediate,DMS,10,0.262923
1,DMS-DLS,intermediate,DMS,11,0.153259
1,DMS-DLS,intermediate,DMS,12,0.099157
1,DMS-DLS,intermediate,DMS,13,0.824622
1,DMS-DLS,intermediate,DMS,14,0.836091
1,DMS-DLS,intermediate,DMS,15,0.719386
1,DMS-DLS,intermediate,DMS,16,0.341423
1,DMS-DLS,intermediate,DMS,17,0.020803
1,DMS-DLS,intermediate,DMS,18,0.413014
1,DMS-DLS,intermediate,DMS,19,0.110132
1,DMS-DLS,intermediate,DMS,20,0.928184
1,DMS-DLS,intermediate,DMS,21,0.021124
1,DMS-DLS,intermediate,DMS,22,0.0
1,DMS-DLS,intermediate,DMS,23,0.791604
1,DMS-DLS,intermediate,DMS,24,0.827929
1,DMS-DLS,intermediate,DMS,25,0.306581
1,DMS-DLS,intermediate,DMS,26,0.04336
1,DMS-DLS,intermediate,DMS,27,0.29627
1,DMS-DLS,intermediate,DMS,28,0.110645
1,DMS-DLS,intermediate,DMS,29,0.721648
1,DMS-DLS,intermediate,DMS,30,0.032636
1,DMS-DLS,intermediate,DMS,31,0.874995
1,DMS-DLS,intermediate,DMS,32,0.059901
1,DMS-DLS,intermediate,DMS,33,0.026425
1,DMS-DLS,intermediate,DMS,34,0.019883
1,DMS-DLS,intermediate,DMS,35,0.040929
1,DMS-DLS,intermediate,DMS,36,0.032541
1,DMS-DLS,intermediate,DMS,37,0.08716
1,DMS-DLS,intermediate,DMS,38,0.656429
1,DMS-DLS,intermediate,DMS,39,0.52033
1,DMS-DLS,intermediate,DMS,40,0.034522
1,DMS-DLS,intermediate,DMS,41,0.868078
1,DMS-DLS,intermediate,DMS,42,0.246032
1,DMS-DLS,intermediate,DMS,43,0.0
1,DMS-DLS,intermediate,DMS,44,0.073943
1,DMS-DLS,intermediate,DMS,45,0.865949
1,DMS-DLS,intermediate,DMS,46,0.901628
1,DMS-DLS,intermediate,DMS,47,0.0
1,DMS-DLS,intermediate,DMS,48,0.095296
1,DMS-DLS,intermediate,DMS,49,0.005252
1,DMS-DLS,intermediate,DMS,50,0.046035
1,DMS-DLS,intermediate,DMS,51,0.17354
1,DMS-DLS,intermediate,DMS,52,0.866384
1,DMS-DLS,intermediate,DMS,53,0.025418
1,DMS-DLS,intermediate,DMS,54,0.898734
1,DMS-DLS,intermediate,DMS,55,0.199136
1,DMS-DLS,intermediate,DMS,56,0.989403
1,DMS-DLS,intermediate,DLS,0,0.060945
1,DMS-DLS,intermediate,DLS,1,0.391129
1,DMS-DLS,intermediate,DLS,2,0.61611
1,DMS-DLS,intermediate,DLS,3,0.567636
1,DMS-DLS,intermediate,DLS,4,0.320242
1,DMS-DLS,intermediate,DLS,5,0.91092
1,DMS-DLS,intermediate,DLS,6,0.013028
1,DMS-DLS,intermediate,DLS,7,0.056365
1,DMS-DLS,intermediate,DLS,8,0.869994
1,DMS-DLS,intermediate,DLS,9,0.765155
1,DMS-DLS,intermediate,DLS,10,0.738868
1,DMS-DLS,intermediate,DLS,11,0.623593
1,DMS-DLS,intermediate,DLS,12,0.041045
1,DMS-DLS,intermediate,DLS,13,0.501666
1,DMS-DLS,intermediate,DLS,14,0.07172
1,DMS-DLS,intermediate,DLS,15,0.908411
1,DMS-DLS,intermediate,DLS,16,0.221698
1,DMS-DLS,intermediate,DLS,17,0.0
1,DMS-DLS,intermediate,DLS,18,0.539104
1,DMS-DLS,intermediate,DLS,19,0.705961
1,DMS-DLS,intermediate,DLS,20,0.759302
1,DMS-DLS,intermediate,DLS,21,0.721493
1,DMS-DLS,intermediate,DLS,22,0.698553
1,DMS-DLS,intermediate,DLS,23,0.906469
1,DMS-DLS,intermediate,DLS,24,0.668334
1,DMS-DLS,intermediate,DLS,25,0.797196
1,DMS-DLS,intermediate,DLS,26,0.893565
1,DMS-DLS,intermediate,DLS,27,0.0
1,DMS-DLS,intermediate,DLS,28,0.038673
1,DMS-DLS,intermediate,DLS,29,0.0
1,DMS-DLS,intermediate,DLS,30,0.071091
1,DMS-DLS,intermediate,DLS,31,0.034092
1,DMS-DLS,intermediate,DLS,32,0.0
1,DMS-DLS,intermediate,DLS,33,0.748463
1,DMS-DLS,intermediate,DLS,34,0.542917
1,DMS-DLS,intermediate,DLS,35,0.543305
1,DMS-DLS,intermediate,DLS,36,0.764983
1,DMS-DLS,intermediate,DLS,37,0.071192
1,DMS-DLS,intermediate,DLS,38,0.751386
1,DMS-DLS,intermediate,DLS,39,0.234491
1,DMS-DLS,intermediate,DLS,40,0.0
1,DMS-DLS,intermediate,DLS,41,0.545975
1,DMS-DLS,expert,DMS,0,0.099769
1,DMS-DLS,expert,DMS,1,0.244059
1,DMS-DLS,expert,DMS,2,0.817247
1,DMS-DLS,expert,DMS,3,0.108521
1,DMS-DLS,expert,DMS,4,0.833861
1,DMS-DLS,expert,DMS,5,0.214828
1,DMS-DLS,expert,DMS,6,0.925563
1,DMS-DLS,expert,DMS,7,0.721044
1,DMS-DLS,expert,DMS,8,0.019747
1,DMS-DLS,expert,DMS,9,0.068213
1,DMS-DLS,expert,DMS,10,0.198695
1,DMS-DLS,expert,DMS,11,0.172516
1,DMS-DLS,expert,DMS,12,0.2412
1,DMS-DLS,expert,DMS,13,0.111113
1,DMS-DLS,expert,DMS,14,0.736663
1,DMS-DLS,expert,DMS,15,0.902087
1,DMS-DLS,expert,DMS,16,0.099702
1,DMS-DLS,expert,DMS,17,0.929816
1,DMS-DLS,expert,DMS,18,0.860982
1,DMS-DLS,expert,DMS,19,0.358941
1,DMS-DLS,expert,DMS,20,0.67406
1,DMS-DLS,expert,DMS,21,0.035261
1,DMS-DLS,expert,DMS,22,0.0
1,DMS-DLS,expert,DMS,23,0.928913
1,DMS-DLS,expert,DMS,24,0.858719
1,DMS-DLS,expert,DMS,25,0.093418
1,DMS-DLS,expert,DMS,26,0.022441
1,DMS-DLS,expert,DMS,27,0.193744
1,DMS-DLS,expert,DMS,28,0.049042
1,DMS-DLS,expert,DMS,29,0.64447
1,DMS-DLS,expert,DMS,30,0.121896
1,DMS-DLS,expert,DMS,31,0.818546
1,DMS-DLS,expert,DMS,32,0.754958
1,DMS-DLS,expert,DMS,33,0.065821
1,DMS-DLS,expert,DMS,34,0.004436
1,DMS-DLS,expert,DMS,35,0.041166
1,DMS-DLS,expert,DMS,36,0.170607
1,DMS-DLS,expert,DMS,37,0.023618
1,DMS-DLS,expert,DMS,38,0.5708
1,DMS-DLS,expert,DMS,39,0.040762
1,DMS-DLS,expert,DMS,40,0.878911
1,DMS-DLS,expert,DMS,41,0.886153
1,DMS-DLS,expert,DMS,42,0.130394
1,DMS-DLS,expert,DMS,43,0.005355
1,DMS-DLS,expert,DMS,44,0.037194
1,DMS-DLS,expert,DMS,45,0.895371
1,DMS-DLS,expert,DMS,46,0.789428
1,DMS-DLS,expert,DMS,47,0.010458
1,DMS-DLS,expert,DMS,48,0.107438
1,DMS-DLS,expert,DMS,49,0.0
1,DMS-DLS,expert,DMS,50,0.059496
1,DMS-DLS,expert,DMS,51,0.055316
1,DMS-DLS,expert,DMS,52,0.880059
1,DMS-DLS,expert,DMS,53,0.083598
1,DMS-DLS,expert,DMS,54,0.095186
1,DMS-DLS,expert,DMS,55,0.118841
1,DMS-DLS,expert,DMS,56,0.960964
1,DMS-DLS,expert,DLS,0,0.030795
1,DMS-DLS,expert,DLS,1,0.347214
1,DMS-DLS,expert,DLS,2,0.591866
1,DMS-DLS,expert,DLS,3,1.087883
1,DMS-DLS,expert,DLS,4,1.043123
1,DMS-DLS,expert,DLS,5,0.960724
1,DMS-DLS,expert,DLS,6,0.082369
1,DMS-DLS,expert,DLS,7,0.95517
1,DMS-DLS,expert,DLS,8,0.998527
1,DMS-DLS,expert,DLS,9,0.934428
1,DMS-DLS,expert,DLS,10,0.891517
1,DMS-DLS,expert,DLS,11,0.024216
1,DMS-DLS,expert,DLS,12,0.029771
1,DMS-DLS,expert,DLS,13,0.932863
1,DMS-DLS,expert,DLS,14,0.030495
1,DMS-DLS,expert,DLS,15,1.060118
1,DMS-DLS,expert,DLS,16,0.852737
1,DMS-DLS,expert,DLS,17,0.0
1,DMS-DLS,expert,DLS,18,0.488543
1,DMS-DLS,expert,DLS,19,0.692139
1,DMS-DLS,expert,DLS,20,0.118316
1,DMS-DLS,expert,DLS,21,0.133255
1,DMS-DLS,expert,DLS,22,0.977774
1,DMS-DLS,expert,DLS,23,0.985876
1,DMS-DLS,expert,DLS,24,0.989778
1,DMS-DLS,expert,DLS,25,0.0
1,DMS-DLS,expert,DLS,26,0.868709
1,DMS-DLS,expert,DLS,27,0.0
1,DMS-DLS,expert,DLS,28,0.440341
1,DMS-DLS,expert,DLS,29,0.47754
1,DMS-DLS,expert,DLS,30,0.451928
1,DMS-DLS,expert,DLS,31,0.0573
1,DMS-DLS,expert,DLS,32,0.0
1,DMS-DLS,expert,DLS,33,0.031034
1,DMS-DLS,expert,DLS,34,0.0
1,DMS-DLS,expert,DLS,35,0.846367
1,DMS-DLS,expert,DLS,36,0.622789
1,DMS-DLS,expert,DLS,37,0.057089
1,DMS-DLS,expert,DLS,38,0.019671
1,DMS-DLS,expert,DLS,39,1.085788
1,DMS-DLS,expert,DLS,40,0.667633
1,DMS-DLS,expert,DLS,41,0.516944
1,DMS-ACC,naive,DMS,0,0.06782
1,DMS-ACC,naive,DMS,1,0.595148
1,DMS-ACC,naive,DMS,2,0.390615
1,DMS-ACC,naive,DMS,3,0.029265
1,DMS-ACC,naive,DMS,4,0.814568
1,DMS-ACC,naive,DMS,5,0.064693
1,DMS-ACC,naive,DMS,6,0.253725
1,DMS-ACC,naive,DMS,7,0.007089
1,DMS-ACC,naive,DMS,8,0.01208
1,DMS-ACC,naive,DMS,9,0.011798
1,DMS-ACC,naive,DMS,10,0.275176
1,DMS-ACC,naive,DMS,11,0.174003
1,DMS-ACC,naive,DMS,12,0.003277
1,DMS-ACC,naive,DMS,13,0.12429
1,DMS-ACC,naive,DMS,14,0.849584
1,DMS-ACC,naive,DMS,15,0.601075
1,DMS-ACC,naive,DMS,16,0.835033
1,DMS-ACC,naive,DMS,17,0.049365
1,DMS-ACC,naive,DMS,18,0.020581
1,DMS-ACC,naive,DMS,19,0.236525
1,DMS-ACC,naive,DMS,20,0.088393
1,DMS-ACC,naive,DMS,21,0.349476
1,DMS-ACC,naive,DMS,22,0.0
1,DMS-ACC,naive,DMS,23,0.699906
1,DMS-ACC,naive,DMS,24,0.77649
1,DMS-ACC,naive,DMS,25,0.068872
1,DMS-ACC,naive,DMS,26,0.031882
1,DMS-ACC,naive,DMS,27,0.215446
1,DMS-ACC,naive,DMS,28,0.378156
1,DMS-ACC,naive,DMS,29,0.063478
1,DMS-ACC,naive,DMS,30,0.054327
1,DMS-ACC,naive,DMS,31,0.298336
1,DMS-ACC,naive,DMS,32,1.018153
1,DMS-ACC,naive,DMS,33,0.829554
1,DMS-ACC,naive,DMS,34,0.085667
1,DMS-ACC,naive,DMS,35,0.679876
1,DMS-ACC,naive,DMS,36,0.152625
1,DMS-ACC,naive,DMS,37,0.0
1,DMS-ACC,naive,DMS,38,0.622553
1,DMS-ACC,naive,DMS,39,0.730317
1,DMS-ACC,naive,DMS,40,0.933689
1,DMS-ACC,naive,DMS,41,0.943917
1,DMS-ACC,naive,DMS,42,0.128457
1,DMS-ACC,naive,DMS,43,0.830547
1,DMS-ACC,naive,DMS,44,0.575703
1,DMS-ACC,naive,DMS,45,0.18434
1,DMS-ACC,naive,DMS,46,0.829356
1,DMS-ACC,naive,DMS,47,0.045913
1,DMS-ACC,naive,DMS,48,0.309252
1,DMS-ACC,naive,DMS,49,0.659761
1,DMS-ACC,naive,DMS,50,0.558347
1,DMS-ACC,naive,DMS,51,0.103278
1,DMS-ACC,naive,DMS,52,0.142374
1,DMS-ACC,naive,DMS,53,0.953959
1,DMS-ACC,naive,DMS,54,0.918095
1,DMS-ACC,naive,DMS,55,0.096843
1,DMS-ACC,naive,DMS,56,0.84021
1,DMS-ACC,naive,ACC,0,1.721179
1,DMS-ACC,naive,ACC,1,0.137622
1,DMS-ACC,naive,ACC,2,0.010324
1,DMS-ACC,naive,ACC,3,1.303304
1,DMS-ACC,naive,ACC,4,1.010542
1,DMS-ACC,naive,ACC,5,1.396192
1,DMS-ACC,naive,ACC,6,0.0
1,DMS-ACC,naive,ACC,7,0.0
1,DMS-ACC,naive,ACC,8,1.322095
1,DMS-ACC,naive,ACC,9,0.015547
1,DMS-ACC,naive,ACC,10,0.940511
1,DMS-ACC,naive,ACC,11,1.057116
1,DMS-ACC,naive,ACC,12,1.754605
1,DMS-ACC,naive,ACC,13,1.748008
1,DMS-ACC,naive,ACC,14,0.0
1,DMS-ACC,naive,ACC,15,1.194301
1,DMS-ACC,naive,ACC,16,0.028963
1,DMS-ACC,naive,ACC,17,1.207825
1,DMS-ACC,naive,ACC,18,1.503588
1,DMS-ACC,naive,ACC,19,1.023047
1,DMS-ACC,naive,ACC,20,0.0
1,DMS-ACC,naive,ACC,21,0.005909
1,DMS-ACC,naive,ACC,22,1.31344
1,DMS-ACC,naive,ACC,23,1.04543
1,DMS-ACC,naive,ACC,24,1.172035
1,DMS-ACC,naive,ACC,25,0.0
1,DMS-ACC,naive,ACC,26,1.135035
1,DMS-ACC,naive,ACC,27,1.399611
1,DMS-ACC,naive,ACC,28,4.3e-05
1,DMS-ACC,naive,ACC,29,0.0
1,DMS-ACC,naive,ACC,30,1.551144
1,DMS-ACC,naive,ACC,31,0.0
1,DMS-ACC,naive,ACC,32,0.927918
1,DMS-ACC,naive,ACC,33,0.185225
1,DMS-ACC,intermediate,DMS,0,0.164554
1,DMS-ACC,intermediate,DMS,1,0.575127
1,DMS-ACC,intermediate,DMS,2,0.919125
1,DMS-ACC,intermediate,DMS,3,0.062352
1,DMS-ACC,intermediate,DMS,4,0.825344
1,DMS-ACC,intermediate,DMS,5,0.087913
1,DMS-ACC,intermediate,DMS,6,0.995236
1,DMS-ACC,intermediate,DMS,7,0.114429
1,DMS-ACC,intermediate,DMS,8,0.060793
1,DMS-ACC,intermediate,DMS,9,0.738306
1,DMS-ACC,intermediate,DMS,10,0.283633
1,DMS-ACC,intermediate,DMS,11,0.151305
1,DMS-ACC,intermediate,DMS,12,0.097546
1,DMS-ACC,intermediate,DMS,13,0.833717
1,DMS-ACC,intermediate,DMS,14,0.837286
1,DMS-ACC,intermediate,DMS,15,0.721005
1,DMS-ACC,intermediate,DMS,16,0.377758
1,DMS-ACC,intermediate,DMS,17,0.022267
1,DMS-ACC,intermediate,DMS,18,0.435439
1,DMS-ACC,intermediate,DMS,19,0.112759
1,DMS-ACC,intermediate,DMS,20,0.9277
1,DMS-ACC,intermediate,DMS,21,0.02079
1,DMS-ACC,intermediate,DMS,22,0.0
1,DMS-ACC,intermediate,DMS,23,0.791615
1,DMS-ACC,intermediate,DMS,24,0.827521
1,DMS-ACC,intermediate,DMS,25,0.299974
1,DMS-ACC,intermediate,DMS,26,0.043826
1,DMS-ACC,intermediate,DMS,27,0.293424
1,DMS-ACC,intermediate,DMS,28,0.116708
1,DMS-ACC,intermediate,DMS,29,0.721446
1,DMS-ACC,intermediate,DMS,30,0.032377
1,DMS-ACC,intermediate,DMS,31,0.850692
1,DMS-ACC,intermediate,DMS,32,0.064951
1,DMS-ACC,intermediate,DMS,33,0.026857
1,DMS-ACC,intermediate,DMS,34,0.019907
1,DMS-ACC,intermediate,DMS,35,0.040851
1,DMS-ACC,intermediate,DMS,36,0.032349
1,DMS-ACC,intermediate,DMS,37,0.088006
1,DMS-ACC,intermediate,DMS,38,0.656301
1,DMS-ACC,intermediate,DMS,39,0.513949
1,DMS-ACC,intermediate,DMS,40,0.036924
1,DMS-ACC,intermediate,DMS,41,0.868754
1,DMS-ACC,intermediate,DMS,42,0.224725
1,DMS-ACC,intermediate,DMS,43,0.0
1,DMS-ACC,intermediate,DMS,44,0.073663
1,DMS-ACC,intermediate,DMS,45,0.86786
1,DMS-ACC,intermediate,DMS,46,0.904414
1,DMS-ACC,intermediate,DMS,47,0.0
1,DMS-ACC,intermediate,DMS,48,0.094603
1,DMS-ACC,intermediate,DMS,49,0.006116
1,DMS-ACC,intermediate,DMS,50,0.046767
1,DMS-ACC,intermediate,DMS,51,0.16504
1,DMS-ACC,intermediate,DMS,52,0.866279
1,DMS-ACC,intermediate,DMS,53,0.026454
1,DMS-ACC,intermediate,DMS,54,0.898974
1,DMS-ACC,intermediate,DMS,55,0.189974
1,DMS-ACC,intermediate,DMS,56,0.983529
1,DMS-ACC,intermediate,ACC,0,1.230717
1,DMS-ACC,intermediate,ACC,1,1.340371
1,DMS-ACC,intermediate,ACC,2,1.411816
1,DMS-ACC,intermediate,ACC,3,1.371746
1,DMS-ACC,intermediate,ACC,4,0.75675
1,DMS-ACC,intermediate,ACC,5,0.016781
1,DMS-ACC,intermediate,ACC,6,1.456962
1,DMS-ACC,intermediate,ACC,7,0.004985
1,DMS-ACC,intermediate,ACC,8,1.132991
1,DMS-ACC,intermediate,ACC,9,0.021635
1,DMS-ACC,intermediate,ACC,10,0.91176
1,DMS-ACC,intermediate,ACC,11,0.948312
1,DMS-ACC,intermediate,ACC,12,0.001147
1,DMS-ACC,intermediate,ACC,13,1.186291
1,DMS-ACC,intermediate,ACC,14,0.018429
1,DMS-ACC,intermediate,ACC,15,0.004195
1,DMS-ACC,intermediate,ACC,16,1.287521
1,DMS-ACC,intermediate,ACC,17,0.973833
1,DMS-ACC,intermediate,ACC,18,0.019761
1,DMS-ACC,intermediate,ACC,19,1.169393
1,DMS-ACC,intermediate,ACC,20,0.011923
1,DMS-ACC,intermediate,ACC,21,0.0
1,DMS-ACC,intermediate,ACC,22,0.007004
1,DMS-ACC,intermediate,ACC,23,0.913333
1,DMS-ACC,intermediate,ACC,24,1.045946
1,DMS-ACC,intermediate,ACC,25,0.0
1,DMS-ACC,intermediate,ACC,26,1.124501
1,DMS-ACC,intermediate,ACC,27,0.055285
1,DMS-ACC,intermediate,ACC,28,0.760969
1,DMS-ACC,intermediate,ACC,29,0.0
1,DMS-ACC,intermediate,ACC,30,1.457832
1,DMS-ACC,intermediate,ACC,31,0.030765
1,DMS-ACC,intermediate,ACC,32,1.230788
1,DMS-ACC,intermediate,ACC,33,1.460539
1,DMS-ACC,expert,DMS,0,0.098368
1,DMS-ACC,expert,DMS,1,0.242658
1,DMS-ACC,expert,DMS,2,0.815809
1,DMS-ACC,expert,DMS,3,0.106212
1,DMS-ACC,expert,DMS,4,0.827954
1,DMS-ACC,expert,DMS,5,0.219389
1,DMS-ACC,expert,DMS,6,0.927529
1,DMS-ACC,expert,DMS,7,0.721172
1,DMS-ACC,expert,DMS,8,0.01978
1,DMS-ACC,expert,DMS,9,0.067393
1,DMS-ACC,expert,DMS,10,0.204569
1,DMS-ACC,expert,DMS,11,0.17355
1,DMS-ACC,expert,DMS,12,0.246795
1,DMS-ACC,expert,DMS,13,0.112884
1,DMS-ACC,expert,DMS,14,0.75376
1,DMS-ACC,expert,DMS,15,0.886446
1,DMS-ACC,expert,DMS,16,0.101517
1,DMS-ACC,expert,DMS,17,0.921784
1,DMS-ACC,expert,DMS,18,0.860581
1,DMS-ACC,expert,DMS,19,0.374338
1,DMS-ACC,expert,DMS,20,0.67096
1,DMS-ACC,expert,DMS,21,0.031344
1,DMS-ACC,expert,DMS,22,0.0
1,DMS-ACC,expert,DMS,23,0.943785
1,DMS-ACC,expert,DMS,24,0.858542
1,DMS-ACC,expert,DMS,25,0.092831
1,DMS-ACC,expert,DMS,26,0.022729
1,DMS-ACC,expert,DMS,27,0.191255
1,DMS-ACC,expert,DMS,28,0.052234
1,DMS-ACC,expert,DMS,29,0.645863
1,DMS-ACC,expert,DMS,30,0.117686
1,DMS-ACC,expert,DMS,31,0.821978
1,DMS-ACC,expert,DMS,32,0.754297
1,DMS-ACC,expert,DMS,33,0.066085
1,DMS-ACC,expert,DMS,34,0.004291
1,DMS-ACC,expert,DMS,35,0.040734
1,DMS-ACC,expert,DMS,36,0.16961
1,DMS-ACC,expert,DMS,37,0.023074
1,DMS-ACC,expert,DMS,38,0.570653
1,DMS-ACC,expert,DMS,39,0.032906
1,DMS-ACC,expert,DMS,40,0.879249
1,DMS-ACC,expert,DMS,41,0.882372
1,DMS-ACC,expert,DMS,42,0.1306
1,DMS-ACC,expert,DMS,43,0.004725
1,DMS-ACC,expert,DMS,44,0.036189
1,DMS-ACC,expert,DMS,45,0.896847
1,DMS-ACC,expert,DMS,46,0.784028
1,DMS-ACC,expert,DMS,47,0.010381
1,DMS-ACC,expert,DMS,48,0.104565
1,DMS-ACC,expert,DMS,49,0.0
1,DMS-ACC,expert,DMS,50,0.060835
1,DMS-ACC,expert,DMS,51,0.056466
1,DMS-ACC,expert,DMS,52,0.878879
1,DMS-ACC,expert,DMS,53,0.082288
1,DMS-ACC,expert,DMS,54,0.10099
1,DMS-ACC,expert,DMS,55,0.116796
1,DMS-ACC,expert,DMS,56,0.960253
1,DMS-ACC,expert,ACC,0,0.997614
1,DMS-ACC,expert,ACC,1,0.082617
1,DMS-ACC,expert,ACC,2,1.150495
1,DMS-ACC,expert,ACC,3,0.827418
1,DMS-ACC,expert,ACC,4,0.768693
1,DMS-ACC,expert,ACC,5,0.827581
1,DMS-ACC,expert,ACC,6,0.0
1,DMS-ACC,expert,ACC,7,0.0
1,DMS-ACC,expert,ACC,8,1.118167
1,DMS-ACC,expert,ACC,9,0.079628
1,DMS-ACC,expert,ACC,10,0.864443
1,DMS-ACC,expert,ACC,11,1.044086
1,DMS-ACC,expert,ACC,12,0.064691
1,DMS-ACC,expert,ACC,13,0.985132
1,DMS-ACC,expert,ACC,14,0.064499
1,DMS-ACC,expert,ACC,15,0.901381
1,DMS-ACC,expert,ACC,16,0.095116
1,DMS-ACC,expert,ACC,17,0.825286
1,DMS-ACC,expert,ACC,18,0.054425
1,DMS-ACC,expert,ACC,19,0.933219
1,DMS-ACC,expert,ACC,20,0.99879
1,DMS-ACC,expert,ACC,21,0.012039
1,DMS-ACC,expert,ACC,22,0.007217
1,DMS-ACC,expert,ACC,23,0.801826
1,DMS-ACC,expert,ACC,24,0.887088
1,DMS-ACC,expert,ACC,25,1.046607
1,DMS-ACC,expert,ACC,26,1.117144
1,DMS-ACC,expert,ACC,27,0.844309
1,DMS-ACC,expert,ACC,28,0.756773
1,DMS-ACC,expert,ACC,29,1.164612
1,DMS-ACC,expert,ACC,30,1.128617
1,DMS-ACC,expert,ACC,31,0.004422
1,DMS-ACC,expert,ACC,32,0.898055
1,DMS-ACC,expert,ACC,33,0.074249
1,DLS-ACC,naive,DLS,0,0.0
1,DLS-ACC,naive,DLS,1,0.382628
1,DLS-ACC,naive,DLS,2,0.72018
1,DLS-ACC,naive,DLS,3,1.052632
1,DLS-ACC,naive,DLS,4,1.086665
1,DLS-ACC,naive,DLS,5,0.046328
1,DLS-ACC,naive,DLS,6,0.988458
1,DLS-ACC,naive,DLS,7,0.099523
1,DLS-ACC,naive,DLS,8,0.965067
1,DLS-ACC,naive,DLS,9,1.040645
1,DLS-ACC,naive,DLS,10,0.050023
1,DLS-ACC,naive,DLS,11,0.627834
1,DLS-ACC,naive,DLS,12,0.125339
1,DLS-ACC,naive,DLS,13,0.592788
1,DLS-ACC,naive,DLS,14,0.682404
1,DLS-ACC,naive,DLS,15,1.037747
1,DLS-ACC,naive,DLS,16,0.478523
1,DLS-ACC,naive,DLS,17,0.0
1,DLS-ACC,naive,DLS,18,0.692158
1,DLS-ACC,naive,DLS,19,0.177424
1,DLS-ACC,naive,DLS,20,0.938804
1,DLS-ACC,naive,DLS,21,0.750499
1,DLS-ACC,naive,DLS,22,0.725594
1,DLS-ACC,naive,DLS,23,0.970138
1,DLS-ACC,naive,DLS,24,0.004648
1,DLS-ACC,naive,DLS,25,0.0
1,DLS-ACC,naive,DLS,26,0.971427
1,DLS-ACC,naive,DLS,27,0.17876
1,DLS-ACC,naive,DLS,28,0.0
1,DLS-ACC,naive,DLS,29,0.439448
1,DLS-ACC,naive,DLS,30,0.400595
1,DLS-ACC,naive,DLS,31,0.065659
1,DLS-ACC,naive,DLS,32,0.0
1,DLS-ACC,naive,DLS,33,0.749895
1,DLS-ACC,naive,DLS,34,1.063405
1,DLS-ACC,naive,DLS,35,0.042179
1,DLS-ACC,naive,DLS,36,0.431769
1,DLS-ACC,naive,DLS,37,0.01618
1,DLS-ACC,naive,DLS,38,0.647447
1,DLS-ACC,naive,DLS,39,1.033586
1,DLS-ACC,naive,DLS,40,0.016673
1,DLS-ACC,naive,DLS,41,0.8296
1,DLS-ACC,naive,ACC,0,1.71162
1,DLS-ACC,naive,ACC,1,0.136995
1,DLS-ACC,naive,ACC,2,0.008634
1,DLS-ACC,naive,ACC,3,1.305494
1,DLS-ACC,naive,ACC,4,1.009284
1,DLS-ACC,naive,ACC,5,1.400212
1,DLS-ACC,naive,ACC,6,0.0
1,DLS-ACC,naive,ACC,7,0.0
1,DLS-ACC,naive,ACC,8,1.326084
1,DLS-ACC,naive,ACC,9,0.015241
1,DLS-ACC,naive,ACC,10,0.994019
1,DLS-ACC,naive,ACC,11,1.060169
1,DLS-ACC,naive,ACC,12,1.740552
1,DLS-ACC,naive,ACC,13,1.748296
1,DLS-ACC,naive,ACC,14,0.0
1,DLS-ACC,naive,ACC,15,1.198038
1,DLS-ACC,naive,ACC,16,0.032093
1,DLS-ACC,naive,ACC,17,1.209236
1,DLS-ACC,naive,ACC,18,1.590117
1,DLS-ACC,naive,ACC,19,1.023382
1,DLS-ACC,naive,ACC,20,0.0
1,DLS-ACC,naive,ACC,21,0.013648
1,DLS-ACC,naive,ACC,22,1.311059
1,DLS-ACC,naive,ACC,23,1.046646
1,DLS-ACC,naive,ACC,24,1.17254
1,DLS-ACC,naive,ACC,25,0.0
1,DLS-ACC,naive,ACC,26,1.141166
1,DLS-ACC,naive,ACC,27,1.403116
1,DLS-ACC,naive,ACC,28,3.6e-05
1,DLS-ACC,naive,ACC,29,0.0
1,DLS-ACC,naive,ACC,30,1.553335
1,DLS-ACC,naive,ACC,31,0.0
1,DLS-ACC,naive,ACC,32,0.929804
1,DLS-ACC,naive,ACC,33,0.424438
1,DLS-ACC,intermediate,DLS,0,0.061539
1,DLS-ACC,intermediate,DLS,1,0.401843
1,DLS-ACC,intermediate,DLS,2,0.617793
1,DLS-ACC,intermediate,DLS,3,0.567376
1,DLS-ACC,intermediate,DLS,4,0.31713
1,DLS-ACC,intermediate,DLS,5,0.913411
1,DLS-ACC,intermediate,DLS,6,0.014404
1,DLS-ACC,intermediate,DLS,7,0.055834
1,DLS-ACC,intermediate,DLS,8,0.880921
1,DLS-ACC,intermediate,DLS,9,0.805377
1,DLS-ACC,intermediate,DLS,10,0.739258
1,DLS-ACC,intermediate,DLS,11,0.624258
1,DLS-ACC,intermediate,DLS,12,0.0395
1,DLS-ACC,intermediate,DLS,13,0.469896
1,DLS-ACC,intermediate,DLS,14,0.076067
1,DLS-ACC,intermediate,DLS,15,0.898432
1,DLS-ACC,intermediate,DLS,16,0.222166
1,DLS-ACC,intermediate,DLS,17,0.0
1,DLS-ACC,intermediate,DLS,18,0.54006
1,DLS-ACC,intermediate,DLS,19,0.70513
1,DLS-ACC,intermediate,DLS,20,0.768856
1,DLS-ACC,intermediate,DLS,21,0.723076
1,DLS-ACC,intermediate,DLS,22,0.705192
1,DLS-ACC,intermediate,DLS,23,0.905708
1,DLS-ACC,intermediate,DLS,24,0.672565
1,DLS-ACC,intermediate,DLS,25,0.80162
1,DLS-ACC,intermediate,DLS,26,0.89467
1,DLS-ACC,intermediate,DLS,27,0.0
1,DLS-ACC,intermediate,DLS,28,0.039135
1,DLS-ACC,intermediate,DLS,29,0.0
1,DLS-ACC,intermediate,DLS,30,0.071564
1,DLS-ACC,intermediate,DLS,31,0.034055
1,DLS-ACC,intermediate,DLS,32,0.0
1,DLS-ACC,intermediate,DLS,33,0.751168
1,DLS-ACC,intermediate,DLS,34,0.544398
1,DLS-ACC,intermediate,DLS,35,0.54601
1,DLS-ACC,intermediate,DLS,36,0.765623
1,DLS-ACC,intermediate,DLS,37,0.06913
1,DLS-ACC,intermediate,DLS,38,0.75182
1,DLS-ACC,intermediate,DLS,39,0.243299
1,DLS-ACC,intermediate,DLS,40,0.0
1,DLS-ACC,intermediate,DLS,41,0.547062
1,DLS-ACC,intermediate,ACC,0,1.230364
1,DLS-ACC,intermediate,ACC,1,1.342365
1,DLS-ACC,intermediate,ACC,2,1.41375
1,DLS-ACC,intermediate,ACC,3,1.375247
1,DLS-ACC,intermediate,ACC,4,0.75735
1,DLS-ACC,intermediate,ACC,5,0.01809
1,DLS-ACC,intermediate,ACC,6,1.462937
1,DLS-ACC,intermediate,ACC,7,0.004777
1,DLS-ACC,intermediate,ACC,8,1.138967
1,DLS-ACC,intermediate,ACC,9,0.024533
1,DLS-ACC,intermediate,ACC,10,0.947024
1,DLS-ACC,intermediate,ACC,11,0.950064
1,DLS-ACC,intermediate,ACC,12,0.0011
1,DLS-ACC,intermediate,ACC,13,1.190286
1,DLS-ACC,intermediate,ACC,14,0.018549
1,DLS-ACC,intermediate,ACC,15,0.02635
1,DLS-ACC,intermediate,ACC,16,1.287781
1,DLS-ACC,intermediate,ACC,17,0.974041
1,DLS-ACC,intermediate,ACC,18,0.01201
1,DLS-ACC,intermediate,ACC,19,1.169766
1,DLS-ACC,intermediate,ACC,20,0.012009
1,DLS-ACC,intermediate,ACC,21,0.0
1,DLS-ACC,intermediate,ACC,22,0.007423
1,DLS-ACC,intermediate,ACC,23,0.915441
1,DLS-ACC,intermediate,ACC,24,1.047934
1,DLS-ACC,intermediate,ACC,25,0.0
1,DLS-ACC,intermediate,ACC,26,1.119793
1,DLS-ACC,intermediate,ACC,27,0.058069
1,DLS-ACC,intermediate,ACC,28,0.763195
1,DLS-ACC,intermediate,ACC,29,0.0
1,DLS-ACC,intermediate,ACC,30,1.45766
1,DLS-ACC,intermediate,ACC,31,0.032805
1,DLS-ACC,intermediate,ACC,32,1.231603
1,DLS-ACC,intermediate,ACC,33,1.460299
1,DLS-ACC,expert,DLS,0,0.032256
1,DLS-ACC,expert,DLS,1,0.353347
1,DLS-ACC,expert,DLS,2,0.592983
1,DLS-ACC,expert,DLS,3,1.089089
1,DLS-ACC,expert,DLS,4,1.044776
1,DLS-ACC,expert,DLS,5,0.977577
1,DLS-ACC,expert,DLS,6,0.084208
1,DLS-ACC,expert,DLS,7,0.962232
1,DLS-ACC,expert,DLS,8,1.000301
1,DLS-ACC,expert,DLS,9,0.939057
1,DLS-ACC,expert,DLS,10,0.891938
1,DLS-ACC,expert,DLS,11,0.023635
1,DLS-ACC,expert,DLS,12,0.029787
1,DLS-ACC,expert,DLS,13,0.940585
1,DLS-ACC,expert,DLS,14,0.035457
1,DLS-ACC,expert,DLS,15,1.06424
1,DLS-ACC,expert,DLS,16,0.855655
1,DLS-ACC,expert,DLS,17,0.0
1,DLS-ACC,expert,DLS,18,0.488244
1,DLS-ACC,expert,DLS,19,0.692311
1,DLS-ACC,expert,DLS,20,0.1217
1,DLS-ACC,expert,DLS,21,0.134195
1,DLS-ACC,expert,DLS,22,0.978933
1,DLS-ACC,expert,DLS,23,0.986387
1,DLS-ACC,expert,DLS,24,0.994166
1,DLS-ACC,expert,DLS,25,0.0
1,DLS-ACC,expert,DLS,26,0.873747
1,DLS-ACC,expert,DLS,27,0.0
1,DLS-ACC,expert,DLS,28,0.44079
1,DLS-ACC,expert,DLS,29,0.484393
1,DLS-ACC,expert,DLS,30,0.456351
1,DLS-ACC,expert,DLS,31,0.057169
1,DLS-ACC,expert,DLS,32,0.0
1,DLS-ACC,expert,DLS,33,0.031868
1,DLS-ACC,expert,DLS,34,0.0
1,DLS-ACC,expert,DLS,35,0.84637
1,DLS-ACC,expert,DLS,36,0.648402
1,DLS-ACC,expert,DLS,37,0.05403
1,DLS-ACC,expert,DLS,38,0.018431
1,DLS-ACC,expert,DLS,39,1.086512
1,DLS-ACC,expert,DLS,40,0.638451
1,DLS-ACC,expert,DLS,41,0.516713
1,DLS-ACC,expert,ACC,0,1.002883
1,DLS-ACC,expert,ACC,1,0.077055
1,DLS-ACC,expert,ACC,2,1.148168
1,DLS-ACC,expert,ACC,3,0.643814
1,DLS-ACC,expert,ACC,4,0.770746
1,DLS-ACC,expert,ACC,5,0.825383
1,DLS-ACC,expert,ACC,6,0.0
1,DLS-ACC,expert,ACC,7,0.0
1,DLS-ACC,expert,ACC,8,1.121267
1,DLS-ACC,expert,ACC,9,0.076831
1,DLS-ACC,expert,ACC,10,0.900014
1,DLS-ACC,expert,ACC,11,1.042866
1,DLS-ACC,expert,ACC,12,0.066161
1,DLS-ACC,expert,ACC,13,0.989773
1,DLS-ACC,expert,ACC,14,0.056917
1,DLS-ACC,expert,ACC,15,0.903142
1,DLS-ACC,expert,ACC,16,0.095814
1,DLS-ACC,expert,ACC,17,0.823957
1,DLS-ACC,expert,ACC,18,0.066081
1,DLS-ACC,expert,ACC,19,0.934023
1,DLS-ACC,expert,ACC,20,0.996806
1,DLS-ACC,expert,ACC,21,0.015625
1,DLS-ACC,expert,ACC,22,0.007093
1,DLS-ACC,expert,ACC,23,0.803143
1,DLS-ACC,expert,ACC,24,0.89124
1,DLS-ACC,expert,ACC,25,1.049964
1,DLS-ACC,expert,ACC,26,1.118984
1,DLS-ACC,expert,ACC,27,0.844569
1,DLS-ACC,expert,ACC,28,0.758223
1,DLS-ACC,expert,ACC,29,1.173178
1,DLS-ACC,expert,ACC,30,1.120109
1,DLS-ACC,expert,ACC,31,0.004705
1,DLS-ACC,expert,ACC,32,1.045746
1,DLS-ACC,expert,ACC,33,0.076496
2,DMS-DLS,naive,DMS,0,0.050394
2,DMS-DLS,naive,DMS,1,0.01418
2,DMS-DLS,naive,DMS,2,0.026427
2,DMS-DLS,naive,DMS,3,0.031843
2,DMS-DLS,naive,DMS,4,0.0
2,DMS-DLS,naive,DMS,5,0.0
2,DMS-DLS,naive,DMS,6,0.963642
2,DMS-DLS,naive,DMS,7,0.71752
2,DMS-DLS,naive,DMS,8,0.08468
2,DMS-DLS,naive,DMS,9,0.018155
2,DMS-DLS,naive,DMS,10,0.936054
2,DMS-DLS,naive,DMS,11,0.00099
2,DMS-DLS,naive,DMS,12,1.086495
2,DMS-DLS,naive,DMS,13,0.0
2,DMS-DLS,naive,DMS,14,0.0
2,DMS-DLS,naive,DMS,15,0.082548
2,DMS-DLS,naive,DMS,16,0.0
2,DMS-DLS,naive,DMS,17,0.041324
2,DMS-DLS,naive,DMS,18,0.011028
2,DMS-DLS,naive,DMS,19,0.0
2,DMS-DLS,naive,DMS,20,0.492485
2,DMS-DLS,naive,DMS,21,0.136224
2,DMS-DLS,naive,DMS,22,0.009162
2,DMS-DLS,naive,DMS,23,0.001649
2,DMS-DLS,naive,DMS,24,0.297075
2,DMS-DLS,naive,DMS,25,0.0
2,DMS-DLS,naive,DMS,26,0.0
2,DMS-DLS,naive,DMS,27,0.852052
2,DMS-DLS,naive,DMS,28,0.550393
2,DMS-DLS,naive,DMS,29,0.923225
2,DMS-DLS,naive,DMS,30,0.846622
2,DMS-DLS,naive,DMS,31,0.0
2,DMS-DLS,naive,DMS,32,0.015128
2,DMS-DLS,naive,DMS,33,0.393934
2,DMS-DLS,naive,DMS,34,0.0
2,DMS-DLS,naive,DMS,35,0.0
2,DMS-DLS,naive,DMS,36,0.122541
2,DMS-DLS,naive,DMS,37,0.025573
2,DMS-DLS,naive,DMS,38,0.043294
2,DMS-DLS,naive,DMS,39,0.029516
2,DMS-DLS,naive,DMS,40,1.062153
2,DMS-DLS,naive,DMS,41,0.0
2,DMS-DLS,naive,DMS,42,0.006604
2,DMS-DLS,naive,DMS,43,0.0
2,DMS-DLS,naive,DMS,44,0.002997
2,DMS-DLS,naive,DMS,45,0.0
2,DMS-DLS,naive,DMS,46,0.005751
2,DMS-DLS,naive,DMS,47,0.027172
2,DMS-DLS,naive,DMS,48,0.011682
2,DMS-DLS,naive,DMS,49,0.040398
2,DMS-DLS,naive,DMS,50,0.676781
2,DMS-DLS,naive,DMS,51,0.858838
2,DMS-DLS,naive,DMS,52,0.805993
2,DMS-DLS,naive,DMS,53,0.0
2,DMS-DLS,naive,DMS,54,0.412984
2,DMS-DLS,naive,DMS,55,0.0
2,DMS-DLS,naive,DMS,56,0.848729
2,DMS-DLS,naive,DMS,57,1.002232
2,DMS-DLS,naive,DMS,58,0.003236
2,DMS-DLS,naive,DMS,59,0.097621
2,DMS-DLS,naive,DMS,60,0.948814
2,DMS-DLS,naive,DMS,61,0.012599
2,DMS-DLS,naive,DMS,62,0.0
2,DMS-DLS,naive,DMS,63,0.090096
2,DMS-DLS,naive,DMS,64,0.0
2,DMS-DLS,naive,DMS,65,0.100363
2,DMS-DLS,naive,DMS,66,0.870062
2,DMS-DLS,naive,DMS,67,0.620078
2,DMS-DLS,naive,DMS,68,0.410495
2,DMS-DLS,naive,DLS,0,1.232133
2,DMS-DLS,naive,DLS,1,0.085713
2,DMS-DLS,naive,DLS,2,0.509034
2,DMS-DLS,naive,DLS,3,1.049289
2,DMS-DLS,naive,DLS,4,0.045547
2,DMS-DLS,naive,DLS,5,1.339949
2,DMS-DLS,naive,DLS,6,0.172313
2,DMS-DLS,naive,DLS,7,0.074211
2,DMS-DLS,naive,DLS,8,0.026678
2,DMS-DLS,naive,DLS,9,0.081988
2,DMS-DLS,naive,DLS,10,0.028078
2,DMS-DLS,naive,DLS,11,1.009921
2,DMS-DLS,naive,DLS,12,0.182825
2,DMS-DLS,naive,DLS,13,0.468458
2,DMS-DLS,naive,DLS,14,0.0
2,DMS-DLS,naive,DLS,15,1.196697
2,DMS-DLS,naive,DLS,16,0.007243
2,DMS-DLS,naive,DLS,17,0.102498
2,DMS-DLS,naive,DLS,18,0.0
2,DMS-DLS,naive,DLS,19,0.0
2,DMS-DLS,naive,DLS,20,1.070278
2,DMS-DLS,naive,DLS,21,0.05236
2,DMS-DLS,naive,DLS,22,0.053426
2,DMS-DLS,naive,DLS,23,0.0
2,DMS-DLS,naive,DLS,24,0.804279
2,DMS-DLS,naive,DLS,25,1.315721
2,DMS-DLS,naive,DLS,26,0.018732
2,DMS-DLS,naive,DLS,27,0.605979
2,DMS-DLS,naive,DLS,28,0.002469
2,DMS-DLS,naive,DLS,29,0.169492
2,DMS-DLS,naive,DLS,30,0.0
2,DMS-DLS,naive,DLS,31,0.750065
2,DMS-DLS,naive,DLS,32,0.045008
2,DMS-DLS,naive,DLS,33,0.177999
2,DMS-DLS,naive,DLS,34,0.0
2,DMS-DLS,naive,DLS,35,0.052158
2,DMS-DLS,naive,DLS,36,0.01987
2,DMS-DLS,naive,DLS,37,0.491948
2,DMS-DLS,naive,DLS,38,0.087765
2,DMS-DLS,naive,DLS,39,0.093838
2,DMS-DLS,naive,DLS,40,0.797765
2,DMS-DLS,naive,DLS,41,0.879269
2,DMS-DLS,naive,DLS,42,0.134949
2,DMS-DLS,naive,DLS,43,1.135742
2,DMS-DLS,naive,DLS,44,0.008728
2,DMS-DLS,naive,DLS,45,0.0
2,DMS-DLS,naive,DLS,46,1.073526
2,DMS-DLS,naive,DLS,47,1.314634
2,DMS-DLS,naive,DLS,48,0.0
2,DMS-DLS,naive,DLS,49,0.243033
2,DMS-DLS,naive,DLS,50,0.548557
2,DMS-DLS,naive,DLS,51,0.025732
2,DMS-DLS,naive,DLS,52,0.12318
2,DMS-DLS,naive,DLS,53,1.037812
2,DMS-DLS,naive,DLS,54,0.538466
2,DMS-DLS,naive,DLS,55,0.062591
2,DMS-DLS,naive,DLS,56,1.198402
2,DMS-DLS,naive,DLS,57,0.044282
2,DMS-DLS,naive,DLS,58,0.074684
2,DMS-DLS,naive,DLS,59,0.009549
2,DMS-DLS,intermediate,DMS,0,0.08472
2,DMS-DLS,intermediate,DMS,1,0.724987
2,DMS-DLS,intermediate,DMS,2,0.779309
2,DMS-DLS,intermediate,DMS,3,0.970016
2,DMS-DLS,intermediate,DMS,4,0.002191
2,DMS-DLS,intermediate,DMS,5,0.0
2,DMS-DLS,intermediate,DMS,6,0.641135
2,DMS-DLS,intermediate,DMS,7,0.005303
2,DMS-DLS,intermediate,DMS,8,0.073345
2,DMS-DLS,intermediate,DMS,9,0.664692
2,DMS-DLS,intermediate,DMS,10,1.054405
2,DMS-DLS,intermediate,DMS,11,0.0
2,DMS-DLS,intermediate,DMS,12,0.926888
2,DMS-DLS,intermediate,DMS,13,0.0
2,DMS-DLS,intermediate,DMS,14,0.0
2,DMS-DLS,intermediate,DMS,15,0.127522
2,DMS-DLS,intermediate,DMS,16,0.0
2,DMS-DLS,intermediate,DMS,17,0.071705
2,DMS-DLS,intermediate,DMS,18,0.008823
2,DMS-DLS,intermediate,DMS,19,0.0
2,DMS-DLS,intermediate,DMS,20,0.545967
2,DMS-DLS,intermediate,DMS,21,0.020159
2,DMS-DLS,intermediate,DMS,22,0.0
2,DMS-DLS,intermediate,DMS,23,0.014103
2,DMS-DLS,intermediate,DMS,24,0.180059
2,DMS-DLS,intermediate,DMS,25,0.0
2,DMS-DLS,intermediate,DMS,26,0.0
2,DMS-DLS,intermediate,DMS,27,0.930304
2,DMS-DLS,intermediate,DMS,28,0.171558
2,DMS-DLS,intermediate,DMS,29,0.968881
2,DMS-DLS,intermediate,DMS,30,0.41289
2,DMS-DLS,intermediate,DMS,31,0.539003
2,DMS-DLS,intermediate,DMS,32,0.97493
2,DMS-DLS,intermediate,DMS,33,0.389884
2,DMS-DLS,intermediate,DMS,34,0.0
2,DMS-DLS,intermediate,DMS,35,0.170523
2,DMS-DLS,intermediate,DMS,36,0.0
2,DMS-DLS,intermediate,DMS,37,0.0
2,DMS-DLS,intermediate,DMS,38,0.143221
2,DMS-DLS,intermediate,DMS,39,0.0
2,DMS-DLS,intermediate,DMS,40,0.961047
2,DMS-DLS,intermediate,DMS,41,0.0
2,DMS-DLS,intermediate,DMS,42,0.0
2,DMS-DLS,intermediate,DMS,43,0.075522
2,DMS-DLS,intermediate,DMS,44,0.004183
2,DMS-DLS,intermediate,DMS,45,0.0
2,DMS-DLS,intermediate,DMS,46,0.00876
2,DMS-DLS,intermediate,DMS,47,0.008131
2,DMS-DLS,intermediate,DMS,48,0.028099
2,DMS-DLS,intermediate,DMS,49,0.033455
2,DMS-DLS,intermediate,DMS,50,0.0
2,DMS-DLS,intermediate,DMS,51,0.91575
2,DMS-DLS,intermediate,DMS,52,1.026488
2,DMS-DLS,intermediate,DMS,53,0.0
2,DMS-DLS,intermediate,DMS,54,0.92136
2,DMS-DLS,intermediate,DMS,55,0.0
2,DMS-DLS,intermediate,DMS,56,0.07343
2,DMS-DLS,intermediate,DMS,57,0.053393
2,DMS-DLS,intermediate,DMS,58,0.02056
2,DMS-DLS,intermediate,DMS,59,0.0
2,DMS-DLS,intermediate,DMS,60,0.259095
2,DMS-DLS,intermediate,DMS,61,0.0
2,DMS-DLS,intermediate,DMS,62,0.738366
2,DMS-DLS,intermediate,DMS,63,0.065613
2,DMS-DLS,intermediate,DMS,64,0.004227
2,DMS-DLS,intermediate,DMS,65,1.007682
2,DMS-DLS,intermediate,DMS,66,0.175848
2,DMS-DLS,intermediate,DMS,67,0.82472
2,DMS-DLS,intermediate,DMS,68,0.663545
2,DMS-DLS,intermediate,DLS,0,0.902095
2,DMS-DLS,intermediate,DLS,1,0.469334
2,DMS-DLS,intermediate,DLS,2,0.772454
2,DMS-DLS,intermediate,DLS,3,0.558321
2,DMS-DLS,intermediate,DLS,4,0.90442
2,DMS-DLS,intermediate,DLS,5,0.824544
2,DMS-DLS,intermediate,DLS,6,0.853208
2,DMS-DLS,intermediate,DLS,7,0.130797
2,DMS-DLS,intermediate,DLS,8,0.549337
2,DMS-DLS,intermediate,DLS,9,0.885302
2,DMS-DLS,intermediate,DLS,10,0.607942
2,DMS-DLS,intermediate,DLS,11,0.773341
2,DMS-DLS,intermediate,DLS,12,0.115766
2,DMS-DLS,intermediate,DLS,13,0.009044
2,DMS-DLS,intermediate,DLS,14,0.069541
2,DMS-DLS,intermediate,DLS,15,0.129297
2,DMS-DLS,intermediate,DLS,16,0.062003
2,DMS-DLS,intermediate,DLS,17,0.374266
2,DMS-DLS,intermediate,DLS,18,0.0
2,DMS-DLS,intermediate,DLS,19,0.755155
2,DMS-DLS,intermediate,DLS,20,0.874982
2,DMS-DLS,intermediate,DLS,21,0.026049
2,DMS-DLS,intermediate,DLS,22,0.737358
2,DMS-DLS,intermediate,DLS,23,0.0
2,DMS-DLS,intermediate,DLS,24,0.905128
2,DMS-DLS,intermediate,DLS,25,0.279821
2,DMS-DLS,intermediate,DLS,26,0.191108
2,DMS-DLS,intermediate,DLS,27,0.019654
2,DMS-DLS,intermediate,DLS,28,0.00161
2,DMS-DLS,intermediate,DLS,29,0.716064
2,DMS-DLS,intermediate,DLS,30,0.0
2,DMS-DLS,intermediate,DLS,31,0.407672
2,DMS-DLS,intermediate,DLS,32,0.606995
2,DMS-DLS,intermediate,DLS,33,0.056136
2,DMS-DLS,intermediate,DLS,34,0.041767
2,DMS-DLS,intermediate,DLS,35,0.151757
2,DMS-DLS,intermediate,DLS,36,0.141843
2,DMS-DLS,intermediate,DLS,37,0.502318
2,DMS-DLS,intermediate,DLS,38,0.677877
2,DMS-DLS,intermediate,DLS,39,0.064902
2,DMS-DLS,intermediate,DLS,40,0.055573
2,DMS-DLS,intermediate,DLS,41,0.83979
2,DMS-DLS,intermediate,DLS,42,0.051825
2,DMS-DLS,intermediate,DLS,43,0.14821
2,DMS-DLS,intermediate,DLS,44,0.568891
2,DMS-DLS,intermediate,DLS,45,0.026545
2,DMS-DLS,intermediate,DLS,46,0.697576
2,DMS-DLS,intermediate,DLS,47,0.791322
2,DMS-DLS,intermediate,DLS,48,0.0
2,DMS-DLS,intermediate,DLS,49,0.200058
2,DMS-DLS,intermediate,DLS,50,0.329408
2,DMS-DLS,intermediate,DLS,51,0.044028
2,DMS-DLS,intermediate,DLS,52,0.032541
2,DMS-DLS,intermediate,DLS,53,0.71001
2,DMS-DLS,intermediate,DLS,54,0.011507
2,DMS-DLS,intermediate,DLS,55,0.041878
2,DMS-DLS,intermediate,DLS,56,0.072255
2,DMS-DLS,intermediate,DLS,57,0.373618
2,DMS-DLS,intermediate,DLS,58,0.20202
2,DMS-DLS,intermediate,DLS,59,0.04473
2,DMS-DLS,expert,DMS,0,0.017324
2,DMS-DLS,expert,DMS,1,0.059843
2,DMS-DLS,expert,DMS,2,0.863972
2,DMS-DLS,expert,DMS,3,0.889134
2,DMS-DLS,expert,DMS,4,0.005657
2,DMS-DLS,expert,DMS,5,0.0
2,DMS-DLS,expert,DMS,6,0.613625
2,DMS-DLS,expert,DMS,7,0.031683
2,DMS-DLS,expert,DMS,8,1.021526
2,DMS-DLS,expert,DMS,9,0.902105
2,DMS-DLS,expert,DMS,10,1.058555
2,DMS-DLS,expert,DMS,11,0.026663
2,DMS-DLS,expert,DMS,12,0.111062
2,DMS-DLS,expert,DMS,13,0.0
2,DMS-DLS,expert,DMS,14,0.0
2,DMS-DLS,expert,DMS,15,0.072572
2,DMS-DLS,expert,DMS,16,0.0
2,DMS-DLS,expert,DMS,17,0.109115
2,DMS-DLS,expert,DMS,18,0.110162
2,DMS-DLS,expert,DMS,19,0.055684
2,DMS-DLS,expert,DMS,20,0.896881
2,DMS-DLS,expert,DMS,21,0.027383
2,DMS-DLS,expert,DMS,22,0.016792
2,DMS-DLS,expert,DMS,23,0.026563
2,DMS-DLS,expert,DMS,24,0.0
2,DMS-DLS,expert,DMS,25,0.0
2,DMS-DLS,expert,DMS,26,0.0
2,DMS-DLS,expert,DMS,27,0.786663
2,DMS-DLS,expert,DMS,28,0.829091
2,DMS-DLS,expert,DMS,29,0.93983
2,DMS-DLS,expert,DMS,30,0.577918
2,DMS-DLS,expert,DMS,31,0.996605
2,DMS-DLS,expert,DMS,32,0.585943
2,DMS-DLS,expert,DMS,33,0.270495
2,DMS-DLS,expert,DMS,34,0.0
2,DMS-DLS,expert,DMS,35,0.027459
2,DMS-DLS,expert,DMS,36,0.040904
2,DMS-DLS,expert,DMS,37,0.02554
2,DMS-DLS,expert,DMS,38,0.365014
2,DMS-DLS,expert,DMS,39,0.407273
2,DMS-DLS,expert,DMS,40,0.624655
2,DMS-DLS,expert,DMS,41,0.0
2,DMS-DLS,expert,DMS,42,0.0
2,DMS-DLS,expert,DMS,43,0.0
2,DMS-DLS,expert,DMS,44,0.025566
2,DMS-DLS,expert,DMS,45,0.0
2,DMS-DLS,expert,DMS,46,0.986443
2,DMS-DLS,expert,DMS,47,0.018402
2,DMS-DLS,expert,DMS,48,0.02351
2,DMS-DLS,expert,DMS,49,0.03474
2,DMS-DLS,expert,DMS,50,0.0
2,DMS-DLS,expert,DMS,51,0.814961
2,DMS-DLS,expert,DMS,52,0.997796
2,DMS-DLS,expert,DMS,53,0.003676
2,DMS-DLS,expert,DMS,54,0.886217
2,DMS-DLS,expert,DMS,55,0.0
2,DMS-DLS,expert,DMS,56,0.822636
2,DMS-DLS,expert,DMS,57,0.071909
2,DMS-DLS,expert,DMS,58,0.06523
2,DMS-DLS,expert,DMS,59,0.073075
2,DMS-DLS,expert,DMS,60,0.320807
2,DMS-DLS,expert,DMS,61,0.117637
2,DMS-DLS,expert,DMS,62,0.023413
2,DMS-DLS,expert,DMS,63,0.031951
2,DMS-DLS,expert,DMS,64,0.042999
2,DMS-DLS,expert,DMS,65,0.023455
2,DMS-DLS,expert,DMS,66,0.140428
2,DMS-DLS,expert,DMS,67,1.068395
2,DMS-DLS,expert,DMS,68,0.771962
2,DMS-DLS,expert,DLS,0,0.947425
2,DMS-DLS,expert,DLS,1,0.017012
2,DMS-DLS,expert,DLS,2,0.042551
2,DMS-DLS,expert,DLS,3,0.694858
2,DMS-DLS,expert,DLS,4,1.023728
2,DMS-DLS,expert,DLS,5,0.898343
2,DMS-DLS,expert,DLS,6,0.946173
2,DMS-DLS,expert,DLS,7,0.258883
2,DMS-DLS,expert,DLS,8,0.0
2,DMS-DLS,expert,DLS,9,0.86737
2,DMS-DLS,expert,DLS,10,0.0
2,DMS-DLS,expert,DLS,11,0.736009
2,DMS-DLS,expert,DLS,12,0.931619
2,DMS-DLS,expert,DLS,13,0.021339
2,DMS-DLS,expert,DLS,14,0.0
2,DMS-DLS,expert,DLS,15,0.140548
2,DMS-DLS,expert,DLS,16,0.018794
2,DMS-DLS,expert,DLS,17,0.356744
2,DMS-DLS,expert,DLS,18,0.0
2,DMS-DLS,expert,DLS,19,0.635218
2,DMS-DLS,expert,DLS,20,0.876531
2,DMS-DLS,expert,DLS,21,0.043999
2,DMS-DLS,expert,DLS,22,0.594963
2,DMS-DLS,expert,DLS,23,0.075767
2,DMS-DLS,expert,DLS,24,0.659193
2,DMS-DLS,expert,DLS,25,0.781914
2,DMS-DLS,expert,DLS,26,0.722871
2,DMS-DLS,expert,DLS,27,0.0
2,DMS-DLS,expert,DLS,28,0.057563
2,DMS-DLS,expert,DLS,29,0.020008
2,DMS-DLS,expert,DLS,30,0.0
2,DMS-DLS,expert,DLS,31,0.502469
2,DMS-DLS,expert,DLS,32,0.523202
2,DMS-DLS,expert,DLS,33,0.096013
2,DMS-DLS,expert,DLS,34,0.050235
2,DMS-DLS,expert,DLS,35,0.0
2,DMS-DLS,expert,DLS,36,0.0
2,DMS-DLS,expert,DLS,37,0.062523
2,DMS-DLS,expert,DLS,38,0.022584
2,DMS-DLS,expert,DLS,39,0.186219
2,DMS-DLS,expert,DLS,40,0.999063
2,DMS-DLS,expert,DLS,41,0.902935
2,DMS-DLS,expert,DLS,42,0.030044
2,DMS-DLS,expert,DLS,43,0.431832
2,DMS-DLS,expert,DLS,44,0.845121
2,DMS-DLS,expert,DLS,45,0.020836
2,DMS-DLS,expert,DLS,46,0.628373
2,DMS-DLS,expert,DLS,47,0.781471
2,DMS-DLS,expert,DLS,48,0.020191
2,DMS-DLS,expert,DLS,49,0.080957
2,DMS-DLS,expert,DLS,50,0.831978
2,DMS-DLS,expert,DLS,51,0.998228
2,DMS-DLS,expert,DLS,52,0.043977
2,DMS-DLS,expert,DLS,53,0.148133
2,DMS-DLS,expert,DLS,54,0.062626
2,DMS-DLS,expert,DLS,55,0.124351
2,DMS-DLS,expert,DLS,56,0.103977
2,DMS-DLS,expert,DLS,57,0.070442
2,DMS-DLS,expert,DLS,58,0.047459
2,DMS-DLS,expert,DLS,59,0.136985
2,DMS-ACC,naive,DMS,0,0.051881
2,DMS-ACC,naive,DMS,1,0.017063
2,DMS-ACC,naive,DMS,2,0.025497
2,DMS-ACC,naive,DMS,3,0.033639
2,DMS-ACC,naive,DMS,4,0.0
2,DMS-ACC,naive,DMS,5,0.0
2,DMS-ACC,naive,DMS,6,0.964203
2,DMS-ACC,naive,DMS,7,0.850634
2,DMS-ACC,naive,DMS,8,0.064638
2,DMS-ACC,naive,DMS,9,0.017413
2,DMS-ACC,naive,DMS,10,0.939024
2,DMS-ACC,naive,DMS,11,0.000982
2,DMS-ACC,naive,DMS,12,1.112966
2,DMS-ACC,naive,DMS,13,0.0
2,DMS-ACC,naive,DMS,14,0.0
2,DMS-ACC,naive,DMS,15,0.105592
2,DMS-ACC,naive,DMS,16,0.0
2,DMS-ACC,naive,DMS,17,0.042423
2,DMS-ACC,naive,DMS,18,0.011521
2,DMS-ACC,naive,DMS,19,0.0
2,DMS-ACC,naive,DMS,20,0.495514
2,DMS-ACC,naive,DMS,21,0.140538
2,DMS-ACC,naive,DMS,22,0.007994
2,DMS-ACC,naive,DMS,23,0.001653
2,DMS-ACC,naive,DMS,24,0.297732
2,DMS-ACC,naive,DMS,25,0.0
2,DMS-ACC,naive,DMS,26,0.0
2,DMS-ACC,naive,DMS,27,0.845196
2,DMS-ACC,naive,DMS,28,0.559525
2,DMS-ACC,naive,DMS,29,0.924491
2,DMS-ACC,naive,DMS,30,0.847161
2,DMS-ACC,naive,DMS,31,0.0
2,DMS-ACC,naive,DMS,32,0.015834
2,DMS-ACC,naive,DMS,33,0.3942
2,DMS-ACC,naive,DMS,34,0.0
2,DMS-ACC,naive,DMS,35,0.0
2,DMS-ACC,naive,DMS,36,0.125885
2,DMS-ACC,naive,DMS,37,0.026121
2,DMS-ACC,naive,DMS,38,0.047178
2,DMS-ACC,naive,DMS,39,0.028619
2,DMS-ACC,naive,DMS,40,1.05929
2,DMS-ACC,naive,DMS,41,0.0
2,DMS-ACC,naive,DMS,42,0.007982
2,DMS-ACC,naive,DMS,43,0.0
2,DMS-ACC,naive,DMS,44,0.002955
2,DMS-ACC,naive,DMS,45,0.0
2,DMS-ACC,naive,DMS,46,0.005849
2,DMS-ACC,naive,DMS,47,0.027
2,DMS-ACC,naive,DMS,48,0.011002
2,DMS-ACC,naive,DMS,49,0.041069
2,DMS-ACC,naive,DMS,50,0.552987
2,DMS-ACC,naive,DMS,51,0.859954
2,DMS-ACC,naive,DMS,52,0.811365
2,DMS-ACC,naive,DMS,53,0.0
2,DMS-ACC,naive,DMS,54,0.412923
2,DMS-ACC,naive,DMS,55,0.0
2,DMS-ACC,naive,DMS,56,0.8485
2,DMS-ACC,naive,DMS,57,0.998977
2,DMS-ACC,naive,DMS,58,0.003121
2,DMS-ACC,naive,DMS,59,0.101924
2,DMS-ACC,naive,DMS,60,0.945753
2,DMS-ACC,naive,DMS,61,0.013352
2,DMS-ACC,naive,DMS,62,0.0
2,DMS-ACC,naive,DMS,63,0.086445
2,DMS-ACC,naive,DMS,64,0.0
2,DMS-ACC,naive,DMS,65,0.093124
2,DMS-ACC,naive,DMS,66,0.869676
2,DMS-ACC,naive,DMS,67,0.621343
2,DMS-ACC,naive,DMS,68,0.410562
2,DMS-ACC,naive,ACC,0,0.875128
2,DMS-ACC,naive,ACC,1,0.011729
2,DMS-ACC,naive,ACC,2,0.843753
2,DMS-ACC,naive,ACC,3,0.713834
2,DMS-ACC,naive,ACC,4,1.014756
2,DMS-ACC,naive,ACC,5,0.038195
2,DMS-ACC,naive,ACC,6,0.0
2,DMS-ACC,naive,ACC,7,0.939784
2,DMS-ACC,naive,ACC,8,0.581046
2,DMS-ACC,naive,ACC,9,0.389033
2,DMS-ACC,naive,ACC,10,0.0
2,DMS-ACC,naive,ACC,11,0.89249
2,DMS-ACC,naive,ACC,12,0.746509
2,DMS-ACC,naive,ACC,13,0.030511
2,DMS-ACC,naive,ACC,14,0.446236
2,DMS-ACC,naive,ACC,15,1.018602
2,DMS-ACC,naive,ACC,16,0.966452
2,DMS-ACC,naive,ACC,17,0.064385
2,DMS-ACC,naive,ACC,18,0.136961
2,DMS-ACC,naive,ACC,19,0.016445
2,DMS-ACC,naive,ACC,20,0.021052
2,DMS-ACC,naive,ACC,21,0.026946
2,DMS-ACC,naive,ACC,22,0.0
2,DMS-ACC,naive,ACC,23,0.0
2,DMS-ACC,naive,ACC,24,0.0
2,DMS-ACC,naive,ACC,25,0.628768
2,DMS-ACC,naive,ACC,26,0.951257
2,DMS-ACC,naive,ACC,27,0.13229
2,DMS-ACC,naive,ACC,28,0.014282
2,DMS-ACC,naive,ACC,29,0.018843
2,DMS-ACC,naive,ACC,30,0.028437
2,DMS-ACC,naive,ACC,31,0.554506
2,DMS-ACC,naive,ACC,32,0.507113
2,DMS-ACC,naive,ACC,33,0.019073
2,DMS-ACC,naive,ACC,34,0.030146
2,DMS-ACC,naive,ACC,35,0.0
2,DMS-ACC,naive,ACC,36,0.0
2,DMS-ACC,naive,ACC,37,0.0
2,DMS-ACC,naive,ACC,38,0.0
2,DMS-ACC,naive,ACC,39,0.0
2,DMS-ACC,naive,ACC,40,0.760462
2,DMS-ACC,naive,ACC,41,0.349393
2,DMS-ACC,naive,ACC,42,0.85582
2,DMS-ACC,naive,ACC,43,0.003167
2,DMS-ACC,naive,ACC,44,0.018758
2,DMS-ACC,naive,ACC,45,0.0
2,DMS-ACC,naive,ACC,46,0.06717
2,DMS-ACC,naive,ACC,47,0.0
2,DMS-ACC,naive,ACC,48,0.0
2,DMS-ACC,naive,ACC,49,0.0
2,DMS-ACC,naive,ACC,50,0.0
2,DMS-ACC,naive,ACC,51,0.0
2,DMS-ACC,naive,ACC,52,0.0
2,DMS-ACC,naive,ACC,53,0.005594
2,DMS-ACC,naive,ACC,54,0.675177
2,DMS-ACC,naive,ACC,55,0.788858
2,DMS-ACC,naive,ACC,56,0.86446
2,DMS-ACC,naive,ACC,57,0.014452
2,DMS-ACC,naive,ACC,58,0.0
2,DMS-ACC,naive,ACC,59,0.0
2,DMS-ACC,naive,ACC,60,0.023397
2,DMS-ACC,naive,ACC,61,0.0
2,DMS-ACC,naive,ACC,62,0.006906
2,DMS-ACC,naive,ACC,63,0.0
2,DMS-ACC,intermediate,DMS,0,0.088563
2,DMS-ACC,intermediate,DMS,1,0.725648
2,DMS-ACC,intermediate,DMS,2,0.783757
2,DMS-ACC,intermediate,DMS,3,0.975173
2,DMS-ACC,intermediate,DMS,4,0.002153
2,DMS-ACC,intermediate,DMS,5,0.0
2,DMS-ACC,intermediate,DMS,6,0.641241
2,DMS-ACC,intermediate,DMS,7,0.004963
2,DMS-ACC,intermediate,DMS,8,0.071795
2,DMS-ACC,intermediate,DMS,9,0.616191
2,DMS-ACC,intermediate,DMS,10,1.052588
2,DMS-ACC,intermediate,DMS,11,0.0
2,DMS-ACC,intermediate,DMS,12,0.936199
2,DMS-ACC,intermediate,DMS,13,0.0
2,DMS-ACC,intermediate,DMS,14,0.0
2,DMS-ACC,intermediate,DMS,15,0.128408
2,DMS-ACC,intermediate,DMS,16,0.0
2,DMS-ACC,intermediate,DMS,17,0.06623
2,DMS-ACC,intermediate,DMS,18,0.008667
2,DMS-ACC,intermediate,DMS,19,0.0
2,DMS-ACC,intermediate,DMS,20,0.549108
2,DMS-ACC,intermediate,DMS,21,0.020264
2,DMS-ACC,intermediate,DMS,22,0.0
2,DMS-ACC,intermediate,DMS,23,0.013385
2,DMS-ACC,intermediate,DMS,24,0.213303
2,DMS-ACC,intermediate,DMS,25,0.0
2,DMS-ACC,intermediate,DMS,26,0.0
2,DMS-ACC,intermediate,DMS,27,0.915754
2,DMS-ACC,intermediate,DMS,28,0.174146
2,DMS-ACC,intermediate,DMS,29,0.971435
2,DMS-ACC,intermediate,DMS,30,0.412227
2,DMS-ACC,intermediate,DMS,31,0.538865
2,DMS-ACC,intermediate,DMS,32,0.984223
2,DMS-ACC,intermediate,DMS,33,0.397266
2,DMS-ACC,intermediate,DMS,34,0.0
2,DMS-ACC,intermediate,DMS,35,0.159974
2,DMS-ACC,intermediate,DMS,36,0.0
2,DMS-ACC,intermediate,DMS,37,0.0
2,DMS-ACC,intermediate,DMS,38,0.164092
2,DMS-ACC,intermediate,DMS,39,0.0
2,DMS-ACC,intermediate,DMS,40,0.97729
2,DMS-ACC,intermediate,DMS,41,0.0
2,DMS-ACC,intermediate,DMS,42,0.0
2,DMS-ACC,intermediate,DMS,43,0.07617
2,DMS-ACC,intermediate,DMS,44,0.004284
2,DMS-ACC,intermediate,DMS,45,0.0
2,DMS-ACC,intermediate,DMS,46,0.00902
2,DMS-ACC,intermediate,DMS,47,0.008702
2,DMS-ACC,intermediate,DMS,48,0.028815
2,DMS-ACC,intermediate,DMS,49,0.03453
2,DMS-ACC,intermediate,DMS,50,0.0
2,DMS-ACC,intermediate,DMS,51,0.915045
2,DMS-ACC,intermediate,DMS,52,1.027611
2,DMS-ACC,intermediate,DMS,53,0.0
2,DMS-ACC,intermediate,DMS,54,0.92468
2,DMS-ACC,intermediate,DMS,55,0.0
2,DMS-ACC,intermediate,DMS,56,0.060531
2,DMS-ACC,intermediate,DMS,57,0.053898
2,DMS-ACC,intermediate,DMS,58,0.021176
2,DMS-ACC,intermediate,DMS,59,0.0
2,DMS-ACC,intermediate,DMS,60,0.252242
2,DMS-ACC,intermediate,DMS,61,0.0
2,DMS-ACC,intermediate,DMS,62,0.740394
2,DMS-ACC,intermediate,DMS,63,0.064927
2,DMS-ACC,intermediate,DMS,64,0.003874
2,DMS-ACC,intermediate,DMS,65,1.008568
2,DMS-ACC,intermediate,DMS,66,0.178745
2,DMS-ACC,intermediate,DMS,67,0.818616
2,DMS-ACC,intermediate,DMS,68,0.662523
2,DMS-ACC,intermediate,ACC,0,1.137004
2,DMS-ACC,intermediate,ACC,1,0.992352
2,DMS-ACC,intermediate,ACC,2,1.097369
2,DMS-ACC,intermediate,ACC,3,0.773943
2,DMS-ACC,intermediate,ACC,4,0.89608
2,DMS-ACC,intermediate,ACC,5,0.084696
2,DMS-ACC,intermediate,ACC,6,1.018626
2,DMS-ACC,intermediate,ACC,7,0.964919
2,DMS-ACC,intermediate,ACC,8,0.148297
2,DMS-ACC,intermediate,ACC,9,0.989318
2,DMS-ACC,intermediate,ACC,10,0.0
2,DMS-ACC,intermediate,ACC,11,0.873548
2,DMS-ACC,intermediate,ACC,12,0.040693
2,DMS-ACC,intermediate,ACC,13,0.147541
2,DMS-ACC,intermediate,ACC,14,0.142283
2,DMS-ACC,intermediate,ACC,15,1.153495
2,DMS-ACC,intermediate,ACC,16,0.116398
2,DMS-ACC,intermediate,ACC,17,1.09447
2,DMS-ACC,intermediate,ACC,18,1.159804
2,DMS-ACC,intermediate,ACC,19,0.066084
2,DMS-ACC,intermediate,ACC,20,0.052029
2,DMS-ACC,intermediate,ACC,21,0.083482
2,DMS-ACC,intermediate,ACC,22,0.0
2,DMS-ACC,intermediate,ACC,23,0.0
2,DMS-ACC,intermediate,ACC,24,0.007564
2,DMS-ACC,intermediate,ACC,25,0.880509
2,DMS-ACC,intermediate,ACC,26,0.031314
2,DMS-ACC,intermediate,ACC,27,1.144621
2,DMS-ACC,intermediate,ACC,28,0.041209
2,DMS-ACC,intermediate,ACC,29,0.0
2,DMS-ACC,intermediate,ACC,30,0.10076
2,DMS-ACC,intermediate,ACC,31,0.853519
2,DMS-ACC,intermediate,ACC,32,0.108218
2,DMS-ACC,intermediate,ACC,33,0.002794
2,DMS-ACC,intermediate,ACC,34,0.218824
2,DMS-ACC,intermediate,ACC,35,0.0
2,DMS-ACC,intermediate,ACC,36,0.0
2,DMS-ACC,intermediate,ACC,37,0.0
2,DMS-ACC,intermediate,ACC,38,0.0
2,DMS-ACC,intermediate,ACC,39,0.0
2,DMS-ACC,intermediate,ACC,40,1.109528
2,DMS-ACC,intermediate,ACC,41,0.090679
2,DMS-ACC,intermediate,ACC,42,0.0
2,DMS-ACC,intermediate,ACC,43,0.009861
2,DMS-ACC,intermediate,ACC,44,0.041377
2,DMS-ACC,intermediate,ACC,45,0.0
2,DMS-ACC,intermediate,ACC,46,1.016053
2,DMS-ACC,intermediate,ACC,47,0.0
2,DMS-ACC,intermediate,ACC,48,0.0
2,DMS-ACC,intermediate,ACC,49,0.044056
2,DMS-ACC,intermediate,ACC,50,0.0
2,DMS-ACC,intermediate,ACC,51,0.0
2,DMS-ACC,intermediate,ACC,52,0.033864
2,DMS-ACC,intermediate,ACC,53,0.023535
2,DMS-ACC,intermediate,ACC,54,0.840059
2,DMS-ACC,intermediate,ACC,55,1.089014
2,DMS-ACC,intermediate,ACC,56,1.070825
2,DMS-ACC,intermediate,ACC,57,0.025663
2,DMS-ACC,intermediate,ACC,58,0.0
2,DMS-ACC,intermediate,ACC,59,0.0
2,DMS-ACC,intermediate,ACC,60,0.078652
2,DMS-ACC,intermediate,ACC,61,0.0
2,DMS-ACC,intermediate,ACC,62,0.024658
2,DMS-ACC,intermediate,ACC,63,0.013647
2,DMS-ACC,expert,DMS,0,0.017024
2,DMS-ACC,expert,DMS,1,0.057501
2,DMS-ACC,expert,DMS,2,0.864511
2,DMS-ACC,expert,DMS,3,0.891512
2,DMS-ACC,expert,DMS,4,0.005843
2,DMS-ACC,expert,DMS,5,0.0
2,DMS-ACC,expert,DMS,6,0.613668
2,DMS-ACC,expert,DMS,7,0.031398
2,DMS-ACC,expert,DMS,8,1.020485
2,DMS-ACC,expert,DMS,9,0.901037
2,DMS-ACC,expert,DMS,10,1.058001
2,DMS-ACC,expert,DMS,11,0.024841
2,DMS-ACC,expert,DMS,12,0.09462
2,DMS-ACC,expert,DMS,13,0.0
2,DMS-ACC,expert,DMS,14,0.0
2,DMS-ACC,expert,DMS,15,0.070014
2,DMS-ACC,expert,DMS,16,0.0
2,DMS-ACC,expert,DMS,17,0.105483
2,DMS-ACC,expert,DMS,18,0.113908
2,DMS-ACC,expert,DMS,19,0.047507
2,DMS-ACC,expert,DMS,20,0.897625
2,DMS-ACC,expert,DMS,21,0.028543
2,DMS-ACC,expert,DMS,22,0.016859
2,DMS-ACC,expert,DMS,23,0.02756
2,DMS-ACC,expert,DMS,24,0.0
2,DMS-ACC,expert,DMS,25,0.0
2,DMS-ACC,expert,DMS,26,0.0
2,DMS-ACC,expert,DMS,27,0.784051
2,DMS-ACC,expert,DMS,28,0.830395
2,DMS-ACC,expert,DMS,29,0.939575
2,DMS-ACC,expert,DMS,30,0.578166
2,DMS-ACC,expert,DMS,31,0.996888
2,DMS-ACC,expert,DMS,32,0.587174
2,DMS-ACC,expert,DMS,33,0.269017
2,DMS-ACC,expert,DMS,34,0.0
2,DMS-ACC,expert,DMS,35,0.027438
2,DMS-ACC,expert,DMS,36,0.039236
2,DMS-ACC,expert,DMS,37,0.024558
2,DMS-ACC,expert,DMS,38,0.347138
2,DMS-ACC,expert,DMS,39,0.421109
2,DMS-ACC,expert,DMS,40,0.621458
2,DMS-ACC,expert,DMS,41,0.0
2,DMS-ACC,expert,DMS,42,0.0
2,DMS-ACC,expert,DMS,43,0.0
2,DMS-ACC,expert,DMS,44,0.024637
2,DMS-ACC,expert,DMS,45,0.0
2,DMS-ACC,expert,DMS,46,0.972973
2,DMS-ACC,expert,DMS,47,0.018704
2,DMS-ACC,expert,DMS,48,0.023674
2,DMS-ACC,expert,DMS,49,0.035332
2,DMS-ACC,expert,DMS,50,0.0
2,DMS-ACC,expert,DMS,51,0.841378
2,DMS-ACC,expert,DMS,52,0.977898
2,DMS-ACC,expert,DMS,53,0.004156
2,DMS-ACC,expert,DMS,54,0.885112
2,DMS-ACC,expert,DMS,55,0.0
2,DMS-ACC,expert,DMS,56,0.821685
2,DMS-ACC,expert,DMS,57,0.071212
2,DMS-ACC,expert,DMS,58,0.065941
2,DMS-ACC,expert,DMS,59,0.088182
2,DMS-ACC,expert,DMS,60,0.317824
2,DMS-ACC,expert,DMS,61,0.119297
2,DMS-ACC,expert,DMS,62,0.021525
2,DMS-ACC,expert,DMS,63,0.030237
2,DMS-ACC,expert,DMS,64,0.041127
2,DMS-ACC,expert,DMS,65,0.021998
2,DMS-ACC,expert,DMS,66,0.141158
2,DMS-ACC,expert,DMS,67,1.061955
2,DMS-ACC,expert,DMS,68,0.780049
2,DMS-ACC,expert,ACC,0,0.448262
2,DMS-ACC,expert,ACC,1,0.925681
2,DMS-ACC,expert,ACC,2,1.104474
2,DMS-ACC,expert,ACC,3,0.884152
2,DMS-ACC,expert,ACC,4,0.924571
2,DMS-ACC,expert,ACC,5,0.157734
2,DMS-ACC,expert,ACC,6,0.0736
2,DMS-ACC,expert,ACC,7,1.12368
2,DMS-ACC,expert,ACC,8,0.28062
2,DMS-ACC,expert,ACC,9,0.876539
2,DMS-ACC,expert,ACC,10,0.0
2,DMS-ACC,expert,ACC,11,0.751188
2,DMS-ACC,expert,ACC,12,0.086522
2,DMS-ACC,expert,ACC,13,0.373369
2,DMS-ACC,expert,ACC,14,1.03932
2,DMS-ACC,expert,ACC,15,1.053672
2,DMS-ACC,expert,ACC,16,0.132901
2,DMS-ACC,expert,ACC,17,1.053615
2,DMS-ACC,expert,ACC,18,1.040903
2,DMS-ACC,expert,ACC,19,0.228571
2,DMS-ACC,expert,ACC,20,0.603094
2,DMS-ACC,expert,ACC,21,0.036588
2,DMS-ACC,expert,ACC,22,0.0
2,DMS-ACC,expert,ACC,23,0.0
2,DMS-ACC,expert,ACC,24,0.0
2,DMS-ACC,expert,ACC,25,0.106913
2,DMS-ACC,expert,ACC,26,0.0408
2,DMS-ACC,expert,ACC,27,1.085182
2,DMS-ACC,expert,ACC,28,0.137187
2,DMS-ACC,expert,ACC,29,0.255925
2,DMS-ACC,expert,ACC,30,1.122411
2,DMS-ACC,expert,ACC,31,0.944968
2,DMS-ACC,expert,ACC,32,1.02656
2,DMS-ACC,expert,ACC,33,0.069172
2,DMS-ACC,expert,ACC,34,0.084552
2,DMS-ACC,expert,ACC,35,0.0
2,DMS-ACC,expert,ACC,36,0.0
2,DMS-ACC,expert,ACC,37,0.0
2,DMS-ACC,expert,ACC,38,0.0
2,DMS-ACC,expert,ACC,39,0.030624
2,DMS-ACC,expert,ACC,40,0.033254
2,DMS-ACC,expert,ACC,41,0.696014
2,DMS-ACC,expert,ACC,42,0.076645
2,DMS-ACC,expert,ACC,43,0.0
2,DMS-ACC,expert,ACC,44,0.041729
2,DMS-ACC,expert,ACC,45,0.0
2,DMS-ACC,expert,ACC,46,1.049459
2,DMS-ACC,expert,ACC,47,0.0
2,DMS-ACC,expert,ACC,48,0.0
2,DMS-ACC,expert,ACC,49,0.152602
2,DMS-ACC,expert,ACC,50,0.0
2,DMS-ACC,expert,ACC,51,0.038141
2,DMS-ACC,expert,ACC,52,0.010384
2,DMS-ACC,expert,ACC,53,0.01715
2,DMS-ACC,expert,ACC,54,0.372501
2,DMS-ACC,expert,ACC,55,0.962003
2,DMS-ACC,expert,ACC,56,1.026552
2,DMS-ACC,expert,ACC,57,0.037315
2,DMS-ACC,expert,ACC,58,0.009277
2,DMS-ACC,expert,ACC,59,0.0
2,DMS-ACC,expert,ACC,60,0.126524
2,DMS-ACC,expert,ACC,61,0.0
2,DMS-ACC,expert,ACC,62,0.0
2,DMS-ACC,expert,ACC,63,1.087091
2,DLS-ACC,naive,DLS,0,1.228122
2,DLS-ACC,naive,DLS,1,0.082366
2,DLS-ACC,naive,DLS,2,0.509743
2,DLS-ACC,naive,DLS,3,1.052735
2,DLS-ACC,naive,DLS,4,0.045404
2,DLS-ACC,naive,DLS,5,1.34111
2,DLS-ACC,naive,DLS,6,0.171841
2,DLS-ACC,naive,DLS,7,0.069948
2,DLS-ACC,naive,DLS,8,0.025287
2,DLS-ACC,naive,DLS,9,0.081861
2,DLS-ACC,naive,DLS,10,0.026614
2,DLS-ACC,naive,DLS,11,1.009183
2,DLS-ACC,naive,DLS,12,0.187287
2,DLS-ACC,naive,DLS,13,0.451463
2,DLS-ACC,naive,DLS,14,0.0
2,DLS-ACC,naive,DLS,15,1.197134
2,DLS-ACC,naive,DLS,16,0.007388
2,DLS-ACC,naive,DLS,17,0.101457
2,DLS-ACC,naive,DLS,18,0.0
2,DLS-ACC,naive,DLS,19,0.0
2,DLS-ACC,naive,DLS,20,1.069692
2,DLS-ACC,naive,DLS,21,0.050324
2,DLS-ACC,naive,DLS,22,0.050978
2,DLS-ACC,naive,DLS,23,0.0
2,DLS-ACC,naive,DLS,24,0.805823
2,DLS-ACC,naive,DLS,25,1.317429
2,DLS-ACC,naive,DLS,26,0.018638
2,DLS-ACC,naive,DLS,27,0.603852
2,DLS-ACC,naive,DLS,28,0.002567
2,DLS-ACC,naive,DLS,29,0.153848
2,DLS-ACC,naive,DLS,30,0.0
2,DLS-ACC,naive,DLS,31,0.750426
2,DLS-ACC,naive,DLS,32,0.044325
2,DLS-ACC,naive,DLS,33,0.177529
2,DLS-ACC,naive,DLS,34,0.0
2,DLS-ACC,naive,DLS,35,0.052265
2,DLS-ACC,naive,DLS,36,0.016464
2,DLS-ACC,naive,DLS,37,0.49662
2,DLS-ACC,naive,DLS,38,0.083351
2,DLS-ACC,naive,DLS,39,0.097321
2,DLS-ACC,naive,DLS,40,0.798167
2,DLS-ACC,naive,DLS,41,0.880736
2,DLS-ACC,naive,DLS,42,0.136778
2,DLS-ACC,naive,DLS,43,1.149084
2,DLS-ACC,naive,DLS,44,0.008265
2,DLS-ACC,naive,DLS,45,0.0
2,DLS-ACC,naive,DLS,46,1.073907
2,DLS-ACC,naive,DLS,47,1.316135
2,DLS-ACC,naive,DLS,48,0.0
2,DLS-ACC,naive,DLS,49,0.248278
2,DLS-ACC,naive,DLS,50,0.548818
2,DLS-ACC,naive,DLS,51,0.02521
2,DLS-ACC,naive,DLS,52,0.131084
2,DLS-ACC,naive,DLS,53,1.046386
2,DLS-ACC,naive,DLS,54,0.539381
2,DLS-ACC,naive,DLS,55,0.062205
2,DLS-ACC,naive,DLS,56,1.198493
2,DLS-ACC,naive,DLS,57,0.042043
2,DLS-ACC,naive,DLS,58,0.074932
2,DLS-ACC,naive,DLS,59,0.010137
2,DLS-ACC,naive,ACC,0,0.875856
2,DLS-ACC,naive,ACC,1,0.012165
2,DLS-ACC,naive,ACC,2,0.843493
2,DLS-ACC,naive,ACC,3,0.714285
2,DLS-ACC,naive,ACC,4,1.014191
2,DLS-ACC,naive,ACC,5,0.041727
2,DLS-ACC,naive,ACC,6,0.0
2,DLS-ACC,naive,ACC,7,0.940205
2,DLS-ACC,naive,ACC,8,0.586625
2,DLS-ACC,naive,ACC,9,0.399996
2,DLS-ACC,naive,ACC,10,0.0
2,DLS-ACC,naive,ACC,11,0.887818
2,DLS-ACC,naive,ACC,12,0.745724
2,DLS-ACC,naive,ACC,13,0.029564
2,DLS-ACC,naive,ACC,14,0.449944
2,DLS-ACC,naive,ACC,15,1.018075
2,DLS-ACC,naive,ACC,16,0.965548
2,DLS-ACC,naive,ACC,17,0.062436
2,DLS-ACC,naive,ACC,18,0.124653
2,DLS-ACC,naive,ACC,19,0.016619
2,DLS-ACC,naive,ACC,20,0.022069
2,DLS-ACC,naive,ACC,21,0.026073
2,DLS-ACC,naive,ACC,22,0.0
2,DLS-ACC,naive,ACC,23,0.0
2,DLS-ACC,naive,ACC,24,0.0
2,DLS-ACC,naive,ACC,25,0.627542
2,DLS-ACC,naive,ACC,26,0.953502
2,DLS-ACC,naive,ACC,27,0.138902
2,DLS-ACC,naive,ACC,28,0.014235
2,DLS-ACC,naive,ACC,29,0.018934
2,DLS-ACC,naive,ACC,30,0.029316
2,DLS-ACC,naive,ACC,31,0.554099
2,DLS-ACC,naive,ACC,32,0.508231
2,DLS-ACC,naive,ACC,33,0.018954
2,DLS-ACC,naive,ACC,34,0.029953
2,DLS-ACC,naive,ACC,35,0.0
2,DLS-ACC,naive,ACC,36,0.0
2,DLS-ACC,naive,ACC,37,0.0
2,DLS-ACC,naive,ACC,38,0.0
2,DLS-ACC,naive,ACC,39,0.0
2,DLS-ACC,naive,ACC,40,0.760838
2,DLS-ACC,naive,ACC,41,0.364669
2,DLS-ACC,naive,ACC,42,0.855908
2,DLS-ACC,naive,ACC,43,0.003114
2,DLS-ACC,naive,ACC,44,0.018457
2,DLS-ACC,naive,ACC,45,0.0
2,DLS-ACC,naive,ACC,46,0.064857
2,DLS-ACC,naive,ACC,47,0.0
2,DLS-ACC,naive,ACC,48,0.0
2,DLS-ACC,naive,ACC,49,0.0
2,DLS-ACC,naive,ACC,50,0.0
2,DLS-ACC,naive,ACC,51,0.0
2,DLS-ACC,naive,ACC,52,0.0
2,DLS-ACC,naive,ACC,53,0.005624
2,DLS-ACC,naive,ACC,54,0.676027
2,DLS-ACC,naive,ACC,55,0.789279
2,DLS-ACC,naive,ACC,56,0.866475
2,DLS-ACC,naive,ACC,57,0.013979
2,DLS-ACC,naive,ACC,58,0.0
2,DLS-ACC,naive,ACC,59,0.0
2,DLS-ACC,naive,ACC,60,0.022488
2,DLS-ACC,naive,ACC,61,0.0
2,DLS-ACC,naive,ACC,62,0.007175
2,DLS-ACC,naive,ACC,63,0.0
2,DLS-ACC,intermediate,DLS,0,0.904643
2,DLS-ACC,intermediate,DLS,1,0.469204
2,DLS-ACC,intermediate,DLS,2,0.77647
2,DLS-ACC,intermediate,DLS,3,0.560959
2,DLS-ACC,intermediate,DLS,4,0.905602
2,DLS-ACC,intermediate,DLS,5,0.810975
2,DLS-ACC,intermediate,DLS,6,0.852663
2,DLS-ACC,intermediate,DLS,7,0.129557
2,DLS-ACC,intermediate,DLS,8,0.548285
2,DLS-ACC,intermediate,DLS,9,0.888097
2,DLS-ACC,intermediate,DLS,10,0.606379
2,DLS-ACC,intermediate,DLS,11,0.772911
2,DLS-ACC,intermediate,DLS,12,0.119066
2,DLS-ACC,intermediate,DLS,13,0.009161
2,DLS-ACC,intermediate,DLS,14,0.071636
2,DLS-ACC,intermediate,DLS,15,0.121871
2,DLS-ACC,intermediate,DLS,16,0.062991
2,DLS-ACC,intermediate,DLS,17,0.377919
2,DLS-ACC,intermediate,DLS,18,0.0
2,DLS-ACC,intermediate,DLS,19,0.756143
2,DLS-ACC,intermediate,DLS,20,0.873948
2,DLS-ACC,intermediate,DLS,21,0.025655
2,DLS-ACC,intermediate,DLS,22,0.745528
2,DLS-ACC,intermediate,DLS,23,0.0
2,DLS-ACC,intermediate,DLS,24,0.905642
2,DLS-ACC,intermediate,DLS,25,0.274484
2,DLS-ACC,intermediate,DLS,26,0.193995
2,DLS-ACC,intermediate,DLS,27,0.019183
2,DLS-ACC,intermediate,DLS,28,0.001761
2,DLS-ACC,intermediate,DLS,29,0.6801
2,DLS-ACC,intermediate,DLS,30,0.0
2,DLS-ACC,intermediate,DLS,31,0.40815
2,DLS-ACC,intermediate,DLS,32,0.605495
2,DLS-ACC,intermediate,DLS,33,0.056334
2,DLS-ACC,intermediate,DLS,34,0.042317
2,DLS-ACC,intermediate,DLS,35,0.155165
2,DLS-ACC,intermediate,DLS,36,0.142336
2,DLS-ACC,intermediate,DLS,37,0.503128
2,DLS-ACC,intermediate,DLS,38,0.72379
2,DLS-ACC,intermediate,DLS,39,0.06562
2,DLS-ACC,intermediate,DLS,40,0.055314
2,DLS-ACC,intermediate,DLS,41,0.843531
2,DLS-ACC,intermediate,DLS,42,0.053314
2,DLS-ACC,intermediate,DLS,43,0.14945
2,DLS-ACC,intermediate,DLS,44,0.565054
2,DLS-ACC,intermediate,DLS,45,0.027117
2,DLS-ACC,intermediate,DLS,46,0.697628
2,DLS-ACC,intermediate,DLS,47,0.792299
2,DLS-ACC,intermediate,DLS,48,0.0
2,DLS-ACC,intermediate,DLS,49,0.195329
2,DLS-ACC,intermediate,DLS,50,0.329737
2,DLS-ACC,intermediate,DLS,51,0.043725
2,DLS-ACC,intermediate,DLS,52,0.032822
2,DLS-ACC,intermediate,DLS,53,0.70771
2,DLS-ACC,intermediate,DLS,54,0.011002
2,DLS-ACC,intermediate,DLS,55,0.041516
2,DLS-ACC,intermediate,DLS,56,0.07434
2,DLS-ACC,intermediate,DLS,57,0.377236
2,DLS-ACC,intermediate,DLS,58,0.209544
2,DLS-ACC,intermediate,DLS,59,0.045027
2,DLS-ACC,intermediate,ACC,0,1.13622
2,DLS-ACC,intermediate,ACC,1,0.991558
2,DLS-ACC,intermediate,ACC,2,1.094402
2,DLS-ACC,intermediate,ACC,3,0.773534
2,DLS-ACC,intermediate,ACC,4,0.892487
2,DLS-ACC,intermediate,ACC,5,0.089417
2,DLS-ACC,intermediate,ACC,6,1.019204
2,DLS-ACC,intermediate,ACC,7,0.962652
2,DLS-ACC,intermediate,ACC,8,0.126754
2,DLS-ACC,intermediate,ACC,9,0.997751
2,DLS-ACC,intermediate,ACC,10,0.0
2,DLS-ACC,intermediate,ACC,11,0.872075
2,DLS-ACC,intermediate,ACC,12,0.03991
2,DLS-ACC,intermediate,ACC,13,0.149227
2,DLS-ACC,intermediate,ACC,14,0.126439
2,DLS-ACC,intermediate,ACC,15,1.15674
2,DLS-ACC,intermediate,ACC,16,0.119375
2,DLS-ACC,intermediate,ACC,17,1.095235
2,DLS-ACC,intermediate,ACC,18,1.171069
2,DLS-ACC,intermediate,ACC,19,0.065744
2,DLS-ACC,intermediate,ACC,20,0.052969
2,DLS-ACC,intermediate,ACC,21,0.081024
2,DLS-ACC,intermediate,ACC,22,0.0
2,DLS-ACC,intermediate,ACC,23,0.0
2,DLS-ACC,intermediate,ACC,24,0.007652
2,DLS-ACC,intermediate,ACC,25,0.882708
2,DLS-ACC,intermediate,ACC,26,0.030904
2,DLS-ACC,intermediate,ACC,27,1.139846
2,DLS-ACC,intermediate,ACC,28,0.040841
2,DLS-ACC,intermediate,ACC,29,0.0
2,DLS-ACC,intermediate,ACC,30,0.101264
2,DLS-ACC,intermediate,ACC,31,0.853912
2,DLS-ACC,intermediate,ACC,32,0.11245
2,DLS-ACC,intermediate,ACC,33,0.003242
2,DLS-ACC,intermediate,ACC,34,0.234081
2,DLS-ACC,intermediate,ACC,35,0.0
2,DLS-ACC,intermediate,ACC,36,0.0
2,DLS-ACC,intermediate,ACC,37,0.0
2,DLS-ACC,intermediate,ACC,38,0.0
2,DLS-ACC,intermediate,ACC,39,0.0
2,DLS-ACC,intermediate,ACC,40,1.107822
2,DLS-ACC,intermediate,ACC,41,0.10803
2,DLS-ACC,intermediate,ACC,42,0.0
2,DLS-ACC,intermediate,ACC,43,0.009929
2,DLS-ACC,intermediate,ACC,44,0.041562
2,DLS-ACC,intermediate,ACC,45,0.0
2,DLS-ACC,intermediate,ACC,46,1.0222
2,DLS-ACC,intermediate,ACC,47,0.0
2,DLS-ACC,intermediate,ACC,48,0.0
2,DLS-ACC,intermediate,ACC,49,0.04614
2,DLS-ACC,intermediate,ACC,50,0.0
2,DLS-ACC,intermediate,ACC,51,0.0
2,DLS-ACC,intermediate,ACC,52,0.033395
2,DLS-ACC,intermediate,ACC,53,0.024373
2,DLS-ACC,intermediate,ACC,54,0.842794
2,DLS-ACC,intermediate,ACC,55,1.087853
2,DLS-ACC,intermediate,ACC,56,1.06932
2,DLS-ACC,intermediate,ACC,57,0.026107
2,DLS-ACC,intermediate,ACC,58,0.0
2,DLS-ACC,intermediate,ACC,59,0.0
2,DLS-ACC,intermediate,ACC,60,0.078588
2,DLS-ACC,intermediate,ACC,61,0.0
2,DLS-ACC,intermediate,ACC,62,0.025101
2,DLS-ACC,intermediate,ACC,63,0.013428
2,DLS-ACC,expert,DLS,0,0.94969
2,DLS-ACC,expert,DLS,1,0.017185
2,DLS-ACC,expert,DLS,2,0.051283
2,DLS-ACC,expert,DLS,3,0.686012
2,DLS-ACC,expert,DLS,4,1.025478
2,DLS-ACC,expert,DLS,5,0.898599
2,DLS-ACC,expert,DLS,6,0.942675
2,DLS-ACC,expert,DLS,7,0.257808
2,DLS-ACC,expert,DLS,8,0.0
2,DLS-ACC,expert,DLS,9,0.868487
2,DLS-ACC,expert,DLS,10,0.0
2,DLS-ACC,expert,DLS,11,0.735051
2,DLS-ACC,expert,DLS,12,0.930465
2,DLS-ACC,expert,DLS,13,0.022878
2,DLS-ACC,expert,DLS,14,0.0
2,DLS-ACC,expert,DLS,15,0.141382
2,DLS-ACC,expert,DLS,16,0.018856
2,DLS-ACC,expert,DLS,17,0.356241
2,DLS-ACC,expert,DLS,18,0.0
2,DLS-ACC,expert,DLS,19,0.635458
2,DLS-ACC,expert,DLS,20,0.899885
2,DLS-ACC,expert,DLS,21,0.049389
2,DLS-ACC,expert,DLS,22,0.600923
2,DLS-ACC,expert,DLS,23,0.077392
2,DLS-ACC,expert,DLS,24,0.661636
2,DLS-ACC,expert,DLS,25,0.780144
2,DLS-ACC,expert,DLS,26,0.744871
2,DLS-ACC,expert,DLS,27,0.0
2,DLS-ACC,expert,DLS,28,0.056564
2,DLS-ACC,expert,DLS,29,0.019754
2,DLS-ACC,expert,DLS,30,0.0
2,DLS-ACC,expert,DLS,31,0.509068
2,DLS-ACC,expert,DLS,32,0.522678
2,DLS-ACC,expert,DLS,33,0.099206
2,DLS-ACC,expert,DLS,34,0.049841
2,DLS-ACC,expert,DLS,35,0.0
2,DLS-ACC,expert,DLS,36,0.0
2,DLS-ACC,expert,DLS,37,0.063465
2,DLS-ACC,expert,DLS,38,0.022214
2,DLS-ACC,expert,DLS,39,0.186403
2,DLS-ACC,expert,DLS,40,0.969236
2,DLS-ACC,expert,DLS,41,0.905445
2,DLS-ACC,expert,DLS,42,0.032697
2,DLS-ACC,expert,DLS,43,0.49744
2,DLS-ACC,expert,DLS,44,0.853126
2,DLS-ACC,expert,DLS,45,0.021039
2,DLS-ACC,expert,DLS,46,0.629061
2,DLS-ACC,expert,DLS,47,0.781367
2,DLS-ACC,expert,DLS,48,0.022102
2,DLS-ACC,expert,DLS,49,0.082753
2,DLS-ACC,expert,DLS,50,0.839475
2,DLS-ACC,expert,DLS,51,0.995875
2,DLS-ACC,expert,DLS,52,0.04317
2,DLS-ACC,expert,DLS,53,0.153767
2,DLS-ACC,expert,DLS,54,0.062555
2,DLS-ACC,expert,DLS,55,0.124105
2,DLS-ACC,expert,DLS,56,0.104773
2,DLS-ACC,expert,DLS,57,0.069782
2,DLS-ACC,expert,DLS,58,0.052475
2,DLS-ACC,expert,DLS,59,0.144132
2,DLS-ACC,expert,ACC,0,0.449913
2,DLS-ACC,expert,ACC,1,0.928469
2,DLS-ACC,expert,ACC,2,1.111034
2,DLS-ACC,expert,ACC,3,0.88266
2,DLS-ACC,expert,ACC,4,0.924654
2,DLS-ACC,expert,ACC,5,0.159813
2,DLS-ACC,expert,ACC,6,0.073572
2,DLS-ACC,expert,ACC,7,1.118694
2,DLS-ACC,expert,ACC,8,0.269288
2,DLS-ACC,expert,ACC,9,0.882891
2,DLS-ACC,expert,ACC,10,0.0
2,DLS-ACC,expert,ACC,11,0.752123
2,DLS-ACC,expert,ACC,12,0.084476
2,DLS-ACC,expert,ACC,13,0.370282
2,DLS-ACC,expert,ACC,14,1.064677
2,DLS-ACC,expert,ACC,15,1.059638
2,DLS-ACC,expert,ACC,16,0.135314
2,DLS-ACC,expert,ACC,17,1.024031
2,DLS-ACC,expert,ACC,18,1.03544
2,DLS-ACC,expert,ACC,19,0.2192
2,DLS-ACC,expert,ACC,20,0.656006
2,DLS-ACC,expert,ACC,21,0.036079
2,DLS-ACC,expert,ACC,22,0.0
2,DLS-ACC,expert,ACC,23,0.0
2,DLS-ACC,expert,ACC,24,0.0
2,DLS-ACC,expert,ACC,25,0.101457
2,DLS-ACC,expert,ACC,26,0.034429
2,DLS-ACC,expert,ACC,27,1.080626
2,DLS-ACC,expert,ACC,28,0.141821
2,DLS-ACC,expert,ACC,29,0.268265
2,DLS-ACC,expert,ACC,30,1.123767
2,DLS-ACC,expert,ACC,31,0.947625
2,DLS-ACC,expert,ACC,32,1.021743
2,DLS-ACC,expert,ACC,33,0.067342
2,DLS-ACC,expert,ACC,34,0.085298
2,DLS-ACC,expert,ACC,35,0.0
2,DLS-ACC,expert,ACC,36,0.0
2,DLS-ACC,expert,ACC,37,0.0
2,DLS-ACC,expert,ACC,38,0.0
2,DLS-ACC,expert,ACC,39,0.030165
2,DLS-ACC,expert,ACC,40,0.036266
2,DLS-ACC,expert,ACC,41,0.696271
2,DLS-ACC,expert,ACC,42,0.074337
2,DLS-ACC,expert,ACC,43,0.0
2,DLS-ACC,expert,ACC,44,0.042941
2,DLS-ACC,expert,ACC,45,0.0
2,DLS-ACC,expert,ACC,46,1.049325
2,DLS-ACC,expert,ACC,47,0.0
2,DLS-ACC,expert,ACC,48,0.0
2,DLS-ACC,expert,ACC,49,0.150903
2,DLS-ACC,expert,ACC,50,0.0
2,DLS-ACC,expert,ACC,51,0.037942
2,DLS-ACC,expert,ACC,52,0.012628
2,DLS-ACC,expert,ACC,53,0.016873
2,DLS-ACC,expert,ACC,54,0.422676
2,DLS-ACC,expert,ACC,55,0.961747
2,DLS-ACC,expert,ACC,56,1.030716
2,DLS-ACC,expert,ACC,57,0.039952
2,DLS-ACC,expert,ACC,58,0.009066
2,DLS-ACC,expert,ACC,59,0.0
2,DLS-ACC,expert,ACC,60,0.132709
2,DLS-ACC,expert,ACC,61,0.0
2,DLS-ACC,expert,ACC,62,0.0
2,DLS-ACC,expert,ACC,63,1.087072
4,DMS-DLS,naive,DMS,0,1.039932
4,DMS-DLS,naive,DMS,1,0.0
4,DMS-DLS,naive,DMS,2,1.348668
4,DMS-DLS,naive,DMS,3,5.453326
4,DMS-DLS,naive,DMS,4,0.450435
4,DMS-DLS,naive,DMS,5,0.0
4,DMS-DLS,naive,DMS,6,1.044382
4,DMS-DLS,naive,DMS,7,1.089985
4,DMS-DLS,naive,DMS,8,0.463368
4,DMS-DLS,naive,DMS,9,0.758923
4,DMS-DLS,naive,DMS,10,1.86753
4,DMS-DLS,naive,DMS,11,1.171892
4,DMS-DLS,naive,DMS,12,1.637728
4,DMS-DLS,naive,DMS,13,1.136197
4,DMS-DLS,naive,DMS,14,1.34715
4,DMS-DLS,naive,DMS,15,0.718299
4,DMS-DLS,naive,DLS,0,0.024865
4,DMS-DLS,naive,DLS,1,0.032339
4,DMS-DLS,naive,DLS,2,0.039753
4,DMS-DLS,naive,DLS,3,0.075487
4,DMS-DLS,naive,DLS,4,0.688844
4,DMS-DLS,naive,DLS,5,0.073499
4,DMS-DLS,naive,DLS,6,0.069031
4,DMS-DLS,naive,DLS,7,0.054976
4,DMS-DLS,naive,DLS,8,0.538166
4,DMS-DLS,naive,DLS,9,0.097584
4,DMS-DLS,naive,DLS,10,0.042715
4,DMS-DLS,naive,DLS,11,0.040896
4,DMS-DLS,naive,DLS,12,0.533927
4,DMS-DLS,naive,DLS,13,0.18693
4,DMS-DLS,naive,DLS,14,0.546757
4,DMS-DLS,naive,DLS,15,0.497639
4,DMS-DLS,naive,DLS,16,0.19121
4,DMS-DLS,naive,DLS,17,0.039723
4,DMS-DLS,naive,DLS,18,0.082183
4,DMS-DLS,naive,DLS,19,0.077273
4,DMS-DLS,naive,DLS,20,0.103757
4,DMS-DLS,naive,DLS,21,0.278918
4,DMS-DLS,naive,DLS,22,0.027173
4,DMS-DLS,naive,DLS,23,0.067531
4,DMS-DLS,naive,DLS,24,0.067232
4,DMS-DLS,naive,DLS,25,0.163179
4,DMS-DLS,naive,DLS,26,0.249036
4,DMS-DLS,naive,DLS,27,0.326772
4,DMS-DLS,naive,DLS,28,0.066198
4,DMS-DLS,naive,DLS,29,0.094893
4,DMS-DLS,naive,DLS,30,0.011898
4,DMS-DLS,naive,DLS,31,0.443413
4,DMS-DLS,naive,DLS,32,0.017503
4,DMS-DLS,naive,DLS,33,0.044838
4,DMS-DLS,naive,DLS,34,0.409361
4,DMS-DLS,naive,DLS,35,0.425668
4,DMS-DLS,naive,DLS,36,0.0
4,DMS-DLS,naive,DLS,37,0.089904
4,DMS-DLS,naive,DLS,38,0.547154
4,DMS-DLS,naive,DLS,39,0.031214
4,DMS-DLS,naive,DLS,40,0.0
4,DMS-DLS,naive,DLS,41,0.026193
4,DMS-DLS,naive,DLS,42,0.602055
4,DMS-DLS,naive,DLS,43,0.0
4,DMS-DLS,naive,DLS,44,0.0
4,DMS-DLS,naive,DLS,45,0.081517
4,DMS-DLS,naive,DLS,46,0.060434
4,DMS-DLS,naive,DLS,47,0.057014
4,DMS-DLS,naive,DLS,48,0.075143
4,DMS-DLS,naive,DLS,49,0.553325
4,DMS-DLS,naive,DLS,50,0.001774
4,DMS-DLS,naive,DLS,51,0.076986
4,DMS-DLS,naive,DLS,52,0.072463
4,DMS-DLS,naive,DLS,53,0.671232
4,DMS-DLS,naive,DLS,54,0.025017
4,DMS-DLS,naive,DLS,55,0.113092
4,DMS-DLS,naive,DLS,56,0.090292
4,DMS-DLS,naive,DLS,57,0.07612
4,DMS-DLS,naive,DLS,58,0.112965
4,DMS-DLS,naive,DLS,59,0.474233
4,DMS-DLS,naive,DLS,60,0.020916
4,DMS-DLS,naive,DLS,61,0.645336
4,DMS-DLS,naive,DLS,62,0.044708
4,DMS-DLS,naive,DLS,63,0.705471
4,DMS-DLS,naive,DLS,64,0.00914
4,DMS-DLS,naive,DLS,65,0.66936
4,DMS-DLS,naive,DLS,66,0.004103
4,DMS-DLS,naive,DLS,67,0.439245
4,DMS-DLS,naive,DLS,68,0.574675
4,DMS-DLS,naive,DLS,69,0.052984
4,DMS-DLS,naive,DLS,70,0.00852
4,DMS-DLS,naive,DLS,71,0.01341
4,DMS-DLS,naive,DLS,72,0.003657
4,DMS-DLS,naive,DLS,73,0.614899
4,DMS-DLS,naive,DLS,74,0.020787
4,DMS-DLS,naive,DLS,75,0.577612
4,DMS-DLS,naive,DLS,76,0.008895
4,DMS-DLS,naive,DLS,77,0.270414
4,DMS-DLS,naive,DLS,78,0.561325
4,DMS-DLS,naive,DLS,79,0.013309
4,DMS-DLS,naive,DLS,80,0.030058
4,DMS-DLS,naive,DLS,81,0.041322
4,DMS-DLS,naive,DLS,82,0.056521
4,DMS-DLS,intermediate,DMS,0,1.0039
4,DMS-DLS,intermediate,DMS,1,1.37909
4,DMS-DLS,intermediate,DMS,2,1.104736
4,DMS-DLS,intermediate,DMS,3,2.700874
4,DMS-DLS,intermediate,DMS,4,2.098615
4,DMS-DLS,intermediate,DMS,5,0.0
4,DMS-DLS,intermediate,DMS,6,0.990279
4,DMS-DLS,intermediate,DMS,7,0.984424
4,DMS-DLS,intermediate,DMS,8,0.0
4,DMS-DLS,intermediate,DMS,9,0.0
4,DMS-DLS,intermediate,DMS,10,0.0
4,DMS-DLS,intermediate,DMS,11,0.0
4,DMS-DLS,intermediate,DMS,12,1.357114
4,DMS-DLS,intermediate,DMS,13,1.172087
4,DMS-DLS,intermediate,DMS,14,2.59764
4,DMS-DLS,intermediate,DMS,15,0.0
4,DMS-DLS,intermediate,DLS,0,0.056159
4,DMS-DLS,intermediate,DLS,1,0.387528
4,DMS-DLS,intermediate,DLS,2,0.499395
4,DMS-DLS,intermediate,DLS,3,0.055665
4,DMS-DLS,intermediate,DLS,4,0.168605
4,DMS-DLS,intermediate,DLS,5,0.096689
4,DMS-DLS,intermediate,DLS,6,0.43384
4,DMS-DLS,intermediate,DLS,7,0.597201
4,DMS-DLS,intermediate,DLS,8,0.132233
4,DMS-DLS,intermediate,DLS,9,0.095162
4,DMS-DLS,intermediate,DLS,10,0.131508
4,DMS-DLS,intermediate,DLS,11,0.385181
4,DMS-DLS,intermediate,DLS,12,0.427074
4,DMS-DLS,intermediate,DLS,13,0.215865
4,DMS-DLS,intermediate,DLS,14,0.125037
4,DMS-DLS,intermediate,DLS,15,0.135782
4,DMS-DLS,intermediate,DLS,16,0.465051
4,DMS-DLS,intermediate,DLS,17,0.214335
4,DMS-DLS,intermediate,DLS,18,0.560032
4,DMS-DLS,intermediate,DLS,19,0.080857
4,DMS-DLS,intermediate,DLS,20,0.336858
4,DMS-DLS,intermediate,DLS,21,0.243622
4,DMS-DLS,intermediate,DLS,22,0.08753
4,DMS-DLS,intermediate,DLS,23,0.084447
4,DMS-DLS,intermediate,DLS,24,0.112994
4,DMS-DLS,intermediate,DLS,25,0.124596
4,DMS-DLS,intermediate,DLS,26,0.156587
4,DMS-DLS,intermediate,DLS,27,0.081608
4,DMS-DLS,intermediate,DLS,28,0.085174
4,DMS-DLS,intermediate,DLS,29,0.370227
4,DMS-DLS,intermediate,DLS,30,0.062836
4,DMS-DLS,intermediate,DLS,31,0.657833
4,DMS-DLS,intermediate,DLS,32,0.027305
4,DMS-DLS,intermediate,DLS,33,0.079179
4,DMS-DLS,intermediate,DLS,34,0.442251
4,DMS-DLS,intermediate,DLS,35,0.13908
4,DMS-DLS,intermediate,DLS,36,0.395766
4,DMS-DLS,intermediate,DLS,37,0.314763
4,DMS-DLS,intermediate,DLS,38,0.163871
4,DMS-DLS,intermediate,DLS,39,0.008074
4,DMS-DLS,intermediate,DLS,40,0.153198
4,DMS-DLS,intermediate,DLS,41,0.295961
4,DMS-DLS,intermediate,DLS,42,0.026151
4,DMS-DLS,intermediate,DLS,43,0.197208
4,DMS-DLS,intermediate,DLS,44,0.247654
4,DMS-DLS,intermediate,DLS,45,0.352471
4,DMS-DLS,intermediate,DLS,46,0.103162
4,DMS-DLS,intermediate,DLS,47,0.076674
4,DMS-DLS,intermediate,DLS,48,0.384094
4,DMS-DLS,intermediate,DLS,49,0.116713
4,DMS-DLS,intermediate,DLS,50,0.247961
4,DMS-DLS,intermediate,DLS,51,0.379283
4,DMS-DLS,intermediate,DLS,52,0.0436
4,DMS-DLS,intermediate,DLS,53,0.054829
4,DMS-DLS,intermediate,DLS,54,0.107438
4,DMS-DLS,intermediate,DLS,55,0.251457
4,DMS-DLS,intermediate,DLS,56,0.211497
4,DMS-DLS,intermediate,DLS,57,0.049731
4,DMS-DLS,intermediate,DLS,58,0.285737
4,DMS-DLS,intermediate,DLS,59,0.042014
4,DMS-DLS,intermediate,DLS,60,0.712484
4,DMS-DLS,intermediate,DLS,61,0.036798
4,DMS-DLS,intermediate,DLS,62,0.240815
4,DMS-DLS,intermediate,DLS,63,0.032257
4,DMS-DLS,intermediate,DLS,64,0.16773
4,DMS-DLS,intermediate,DLS,65,0.141464
4,DMS-DLS,intermediate,DLS,66,0.074012
4,DMS-DLS,intermediate,DLS,67,0.04019
4,DMS-DLS,intermediate,DLS,68,0.106702
4,DMS-DLS,intermediate,DLS,69,0.056173
4,DMS-DLS,intermediate,DLS,70,0.019378
4,DMS-DLS,intermediate,DLS,71,0.161516
4,DMS-DLS,intermediate,DLS,72,0.354144
4,DMS-DLS,intermediate,DLS,73,0.07754
4,DMS-DLS,intermediate,DLS,74,0.275066
4,DMS-DLS,intermediate,DLS,75,0.228845
4,DMS-DLS,intermediate,DLS,76,0.130994
4,DMS-DLS,intermediate,DLS,77,0.225787
4,DMS-DLS,intermediate,DLS,78,0.15787
4,DMS-DLS,intermediate,DLS,79,0.060457
4,DMS-DLS,intermediate,DLS,80,0.19848
4,DMS-DLS,intermediate,DLS,81,0.388589
4,DMS-DLS,intermediate,DLS,82,0.057886
4,DMS-DLS,expert,DMS,0,0.904894
4,DMS-DLS,expert,DMS,1,1.295078
4,DMS-DLS,expert,DMS,2,1.143232
4,DMS-DLS,expert,DMS,3,1.831475
4,DMS-DLS,expert,DMS,4,3.256484
4,DMS-DLS,expert,DMS,5,0.0
4,DMS-DLS,expert,DMS,6,0.984197
4,DMS-DLS,expert,DMS,7,1.133087
4,DMS-DLS,expert,DMS,8,0.0
4,DMS-DLS,expert,DMS,9,2.411558
4,DMS-DLS,expert,DMS,10,1.9318
4,DMS-DLS,expert,DMS,11,0.0
4,DMS-DLS,expert,DMS,12,1.049298
4,DMS-DLS,expert,DMS,13,0.932143
4,DMS-DLS,expert,DMS,14,1.555854
4,DMS-DLS,expert,DMS,15,0.0
4,DMS-DLS,expert,DLS,0,0.123953
4,DMS-DLS,expert,DLS,1,0.377105
4,DMS-DLS,expert,DLS,2,0.478354
4,DMS-DLS,expert,DLS,3,0.368451
4,DMS-DLS,expert,DLS,4,0.254593
4,DMS-DLS,expert,DLS,5,0.149709
4,DMS-DLS,expert,DLS,6,0.064242
4,DMS-DLS,expert,DLS,7,0.188564
4,DMS-DLS,expert,DLS,8,0.203445
4,DMS-DLS,expert,DLS,9,0.282214
4,DMS-DLS,expert,DLS,10,0.22996
4,DMS-DLS,expert,DLS,11,0.536317
4,DMS-DLS,expert,DLS,12,0.183251
4,DMS-DLS,expert,DLS,13,0.262268
4,DMS-DLS,expert,DLS,14,0.077914
4,DMS-DLS,expert,DLS,15,0.124377
4,DMS-DLS,expert,DLS,16,0.211119
4,DMS-DLS,expert,DLS,17,0.459473
4,DMS-DLS,expert,DLS,18,0.055546
4,DMS-DLS,expert,DLS,19,0.268668
4,DMS-DLS,expert,DLS,20,0.032846
4,DMS-DLS,expert,DLS,21,0.225078
4,DMS-DLS,expert,DLS,22,0.28292
4,DMS-DLS,expert,DLS,23,0.2692
4,DMS-DLS,expert,DLS,24,0.253648
4,DMS-DLS,expert,DLS,25,0.646927
4,DMS-DLS,expert,DLS,26,0.07014
4,DMS-DLS,expert,DLS,27,0.125903
4,DMS-DLS,expert,DLS,28,0.249578
4,DMS-DLS,expert,DLS,29,0.559642
4,DMS-DLS,expert,DLS,30,0.590181
4,DMS-DLS,expert,DLS,31,0.164767
4,DMS-DLS,expert,DLS,32,0.231891
4,DMS-DLS,expert,DLS,33,0.052977
4,DMS-DLS,expert,DLS,34,0.36744
4,DMS-DLS,expert,DLS,35,0.223247
4,DMS-DLS,expert,DLS,36,0.25603
4,DMS-DLS,expert,DLS,37,0.143412
4,DMS-DLS,expert,DLS,38,0.041334
4,DMS-DLS,expert,DLS,39,0.711187
4,DMS-DLS,expert,DLS,40,0.0
4,DMS-DLS,expert,DLS,41,0.485895
4,DMS-DLS,expert,DLS,42,0.188825
4,DMS-DLS,expert,DLS,43,0.0
4,DMS-DLS,expert,DLS,44,0.241415
4,DMS-DLS,expert,DLS,45,0.033333
4,DMS-DLS,expert,DLS,46,0.195864
4,DMS-DLS,expert,DLS,47,0.166287
4,DMS-DLS,expert,DLS,48,0.514585
4,DMS-DLS,expert,DLS,49,0.024678
4,DMS-DLS,expert,DLS,50,0.045056
4,DMS-DLS,expert,DLS,51,0.47623
4,DMS-DLS,expert,DLS,52,0.291403
4,DMS-DLS,expert,DLS,53,0.053093
4,DMS-DLS,expert,DLS,54,0.1803
4,DMS-DLS,expert,DLS,55,0.148579
4,DMS-DLS,expert,DLS,56,0.390934
4,DMS-DLS,expert,DLS,57,0.055334
4,DMS-DLS,expert,DLS,58,0.445201
4,DMS-DLS,expert,DLS,59,0.24992
4,DMS-DLS,expert,DLS,60,0.728252
4,DMS-DLS,expert,DLS,61,0.279508
4,DMS-DLS,expert,DLS,62,0.131319
4,DMS-DLS,expert,DLS,63,0.053766
4,DMS-DLS,expert,DLS,64,0.151204
4,DMS-DLS,expert,DLS,65,0.174357
4,DMS-DLS,expert,DLS,66,0.672033
4,DMS-DLS,expert,DLS,67,0.05294
4,DMS-DLS,expert,DLS,68,0.025469
4,DMS-DLS,expert,DLS,69,0.398017
4,DMS-DLS,expert,DLS,70,0.109429
4,DMS-DLS,expert,DLS,71,0.041045
4,DMS-DLS,expert,DLS,72,0.081766
4,DMS-DLS,expert,DLS,73,0.038856
4,DMS-DLS,expert,DLS,74,0.158561
4,DMS-DLS,expert,DLS,75,0.278429
4,DMS-DLS,expert,DLS,76,0.058346
4,DMS-DLS,expert,DLS,77,0.319127
4,DMS-DLS,expert,DLS,78,0.190364
4,DMS-DLS,expert,DLS,79,0.570004
4,DMS-DLS,expert,DLS,80,0.432322
4,DMS-DLS,expert,DLS,81,0.388292
4,DMS-DLS,expert,DLS,82,0.13844
4,DMS-ACC,naive,DMS,0,1.046932
4,DMS-ACC,naive,DMS,1,0.0
4,DMS-ACC,naive,DMS,2,1.349137
4,DMS-ACC,naive,DMS,3,5.371784
4,DMS-ACC,naive,DMS,4,0.450802
4,DMS-ACC,naive,DMS,5,0.0
4,DMS-ACC,naive,DMS,6,1.047185
4,DMS-ACC,naive,DMS,7,1.090181
4,DMS-ACC,naive,DMS,8,0.46408
4,DMS-ACC,naive,DMS,9,0.765611
4,DMS-ACC,naive,DMS,10,1.865122
4,DMS-ACC,naive,DMS,11,1.177858
4,DMS-ACC,naive,DMS,12,1.638579
4,DMS-ACC,naive,DMS,13,1.141717
4,DMS-ACC,naive,DMS,14,1.357816
4,DMS-ACC,naive,DMS,15,0.731536
4,DMS-ACC,naive,ACC,0,0.021694
4,DMS-ACC,naive,ACC,1,0.155343
4,DMS-ACC,naive,ACC,2,0.033558
4,DMS-ACC,naive,ACC,3,0.172103
4,DMS-ACC,naive,ACC,4,0.656492
4,DMS-ACC,naive,ACC,5,0.801659
4,DMS-ACC,naive,ACC,6,0.583082
4,DMS-ACC,naive,ACC,7,0.124636
4,DMS-ACC,naive,ACC,8,0.291587
4,DMS-ACC,naive,ACC,9,0.385105
4,DMS-ACC,naive,ACC,10,0.696083
4,DMS-ACC,naive,ACC,11,0.2285
4,DMS-ACC,naive,ACC,12,0.291313
4,DMS-ACC,naive,ACC,13,0.587166
4,DMS-ACC,naive,ACC,14,0.723424
4,DMS-ACC,naive,ACC,15,0.243547
4,DMS-ACC,naive,ACC,16,0.713654
4,DMS-ACC,naive,ACC,17,0.069165
4,DMS-ACC,naive,ACC,18,0.629553
4,DMS-ACC,naive,ACC,19,0.749513
4,DMS-ACC,naive,ACC,20,0.686215
4,DMS-ACC,naive,ACC,21,0.766882
4,DMS-ACC,naive,ACC,22,0.118872
4,DMS-ACC,naive,ACC,23,0.104362
4,DMS-ACC,naive,ACC,24,0.407207
4,DMS-ACC,naive,ACC,25,0.093439
4,DMS-ACC,naive,ACC,26,0.916989
4,DMS-ACC,naive,ACC,27,0.19293
4,DMS-ACC,naive,ACC,28,0.014505
4,DMS-ACC,naive,ACC,29,0.663983
4,DMS-ACC,naive,ACC,30,0.208214
4,DMS-ACC,naive,ACC,31,0.624585
4,DMS-ACC,naive,ACC,32,0.165618
4,DMS-ACC,naive,ACC,33,0.123462
4,DMS-ACC,naive,ACC,34,0.604389
4,DMS-ACC,naive,ACC,35,0.014266
4,DMS-ACC,naive,ACC,36,0.122323
4,DMS-ACC,naive,ACC,37,0.082013
4,DMS-ACC,naive,ACC,38,0.580673
4,DMS-ACC,naive,ACC,39,0.70257
4,DMS-ACC,naive,ACC,40,0.112442
4,DMS-ACC,naive,ACC,41,0.107314
4,DMS-ACC,naive,ACC,42,0.670432
4,DMS-ACC,naive,ACC,43,0.015845
4,DMS-ACC,naive,ACC,44,0.020472
4,DMS-ACC,naive,ACC,45,0.379315
4,DMS-ACC,naive,ACC,46,0.013148
4,DMS-ACC,naive,ACC,47,0.047331
4,DMS-ACC,naive,ACC,48,0.004047
4,DMS-ACC,naive,ACC,49,0.47095
4,DMS-ACC,naive,ACC,50,0.0
4,DMS-ACC,naive,ACC,51,0.244874
4,DMS-ACC,naive,ACC,52,0.724168
4,DMS-ACC,intermediate,DMS,0,1.005345
4,DMS-ACC,intermediate,DMS,1,1.380277
4,DMS-ACC,intermediate,DMS,2,1.10756
4,DMS-ACC,intermediate,DMS,3,2.699596
4,DMS-ACC,intermediate,DMS,4,2.096589
4,DMS-ACC,intermediate,DMS,5,0.0
4,DMS-ACC,intermediate,DMS,6,0.989717
4,DMS-ACC,intermediate,DMS,7,0.983906
4,DMS-ACC,intermediate,DMS,8,0.0
4,DMS-ACC,intermediate,DMS,9,0.0
4,DMS-ACC,intermediate,DMS,10,0.0
4,DMS-ACC,intermediate,DMS,11,0.0
4,DMS-ACC,intermediate,DMS,12,1.354812
4,DMS-ACC,intermediate,DMS,13,1.163996
4,DMS-ACC,intermediate,DMS,14,2.600593
4,DMS-ACC,intermediate,DMS,15,0.0
4,DMS-ACC,intermediate,ACC,0,0.058299
4,DMS-ACC,intermediate,ACC,1,0.722205
4,DMS-ACC,intermediate,ACC,2,0.789347
4,DMS-ACC,intermediate,ACC,3,0.272188
4,DMS-ACC,intermediate,ACC,4,0.927416
4,DMS-ACC,intermediate,ACC,5,0.264808
4,DMS-ACC,intermediate,ACC,6,0.111186
4,DMS-ACC,intermediate,ACC,7,0.097896
4,DMS-ACC,intermediate,ACC,8,0.425604
4,DMS-ACC,intermediate,ACC,9,0.03274
4,DMS-ACC,intermediate,ACC,10,0.047098
4,DMS-ACC,intermediate,ACC,11,0.528659
4,DMS-ACC,intermediate,ACC,12,0.453556
4,DMS-ACC,intermediate,ACC,13,0.176089
4,DMS-ACC,intermediate,ACC,14,0.256316
4,DMS-ACC,intermediate,ACC,15,0.404806
4,DMS-ACC,intermediate,ACC,16,0.482408
4,DMS-ACC,intermediate,ACC,17,0.735214
4,DMS-ACC,intermediate,ACC,18,0.563746
4,DMS-ACC,intermediate,ACC,19,0.278615
4,DMS-ACC,intermediate,ACC,20,0.60124
4,DMS-ACC,intermediate,ACC,21,0.490195
4,DMS-ACC,intermediate,ACC,22,0.517515
4,DMS-ACC,intermediate,ACC,23,0.244158
4,DMS-ACC,intermediate,ACC,24,0.248195
4,DMS-ACC,intermediate,ACC,25,0.064739
4,DMS-ACC,intermediate,ACC,26,0.018023
4,DMS-ACC,intermediate,ACC,27,0.094904
4,DMS-ACC,intermediate,ACC,28,0.526537
4,DMS-ACC,intermediate,ACC,29,0.33786
4,DMS-ACC,intermediate,ACC,30,0.823174
4,DMS-ACC,intermediate,ACC,31,0.092164
4,DMS-ACC,intermediate,ACC,32,0.33924
4,DMS-ACC,intermediate,ACC,33,0.355505
4,DMS-ACC,intermediate,ACC,34,0.063431
4,DMS-ACC,intermediate,ACC,35,0.030829
4,DMS-ACC,intermediate,ACC,36,0.396058
4,DMS-ACC,intermediate,ACC,37,0.046767
4,DMS-ACC,intermediate,ACC,38,0.039816
4,DMS-ACC,intermediate,ACC,39,0.702466
4,DMS-ACC,intermediate,ACC,40,0.097816
4,DMS-ACC,intermediate,ACC,41,0.667081
4,DMS-ACC,intermediate,ACC,42,0.046039
4,DMS-ACC,intermediate,ACC,43,0.556751
4,DMS-ACC,intermediate,ACC,44,0.238263
4,DMS-ACC,intermediate,ACC,45,0.0
4,DMS-ACC,intermediate,ACC,46,0.082604
4,DMS-ACC,intermediate,ACC,47,0.558122
4,DMS-ACC,intermediate,ACC,48,0.027093
4,DMS-ACC,intermediate,ACC,49,0.421578
4,DMS-ACC,intermediate,ACC,50,0.0
4,DMS-ACC,intermediate,ACC,51,0.50097
4,DMS-ACC,intermediate,ACC,52,0.083133
4,DMS-ACC,expert,DMS,0,0.906417
4,DMS-ACC,expert,DMS,1,1.291937
4,DMS-ACC,expert,DMS,2,1.14251
4,DMS-ACC,expert,DMS,3,1.834838
4,DMS-ACC,expert,DMS,4,3.289927
4,DMS-ACC,expert,DMS,5,0.0
4,DMS-ACC,expert,DMS,6,0.985638
4,DMS-ACC,expert,DMS,7,1.129584
4,DMS-ACC,expert,DMS,8,0.0
4,DMS-ACC,expert,DMS,9,2.408687
4,DMS-ACC,expert,DMS,10,1.943725
4,DMS-ACC,expert,DMS,11,0.0
4,DMS-ACC,expert,DMS,12,1.052721
4,DMS-ACC,expert,DMS,13,0.941932
4,DMS-ACC,expert,DMS,14,1.562231
4,DMS-ACC,expert,DMS,15,0.0
4,DMS-ACC,expert,ACC,0,0.142602
4,DMS-ACC,expert,ACC,1,0.502647
4,DMS-ACC,expert,ACC,2,0.782203
4,DMS-ACC,expert,ACC,3,0.489859
4,DMS-ACC,expert,ACC,4,0.703683
4,DMS-ACC,expert,ACC,5,0.400448
4,DMS-ACC,expert,ACC,6,0.129574
4,DMS-ACC,expert,ACC,7,0.451327
4,DMS-ACC,expert,ACC,8,0.413844
4,DMS-ACC,expert,ACC,9,0.077823
4,DMS-ACC,expert,ACC,10,0.565411
4,DMS-ACC,expert,ACC,11,0.597435
4,DMS-ACC,expert,ACC,12,0.500611
4,DMS-ACC,expert,ACC,13,0.122422
4,DMS-ACC,expert,ACC,14,0.138342
4,DMS-ACC,expert,ACC,15,0.108996
4,DMS-ACC,expert,ACC,16,0.653865
4,DMS-ACC,expert,ACC,17,0.25727
4,DMS-ACC,expert,ACC,18,0.419418
4,DMS-ACC,expert,ACC,19,0.470376
4,DMS-ACC,expert,ACC,20,0.113184
4,DMS-ACC,expert,ACC,21,0.112599
4,DMS-ACC,expert,ACC,22,0.091153
4,DMS-ACC,expert,ACC,23,0.151744
4,DMS-ACC,expert,ACC,24,0.183815
4,DMS-ACC,expert,ACC,25,0.158282
4,DMS-ACC,expert,ACC,26,0.368986
4,DMS-ACC,expert,ACC,27,0.222618
4,DMS-ACC,expert,ACC,28,0.689249
4,DMS-ACC,expert,ACC,29,0.140017
4,DMS-ACC,expert,ACC,30,0.126592
4,DMS-ACC,expert,ACC,31,0.034704
4,DMS-ACC,expert,ACC,32,0.424681
4,DMS-ACC,expert,ACC,33,0.165066
4,DMS-ACC,expert,ACC,34,0.071282
4,DMS-ACC,expert,ACC,35,0.553402
4,DMS-ACC,expert,ACC,36,0.398109
4,DMS-ACC,expert,ACC,37,0.146945
4,DMS-ACC,expert,ACC,38,0.029473
4,DMS-ACC,expert,ACC,39,0.659392
4,DMS-ACC,expert,ACC,40,0.764024
4,DMS-ACC,expert,ACC,41,0.377673
4,DMS-ACC,expert,ACC,42,0.149684
4,DMS-ACC,expert,ACC,43,0.827843
4,DMS-ACC,expert,ACC,44,0.71751
4,DMS-ACC,expert,ACC,45,0.0
4,DMS-ACC,expert,ACC,46,0.346371
4,DMS-ACC,expert,ACC,47,0.679226
4,DMS-ACC,expert,ACC,48,0.397259
4,DMS-ACC,expert,ACC,49,0.326921
4,DMS-ACC,expert,ACC,50,0.192978
4,DMS-ACC,expert,ACC,51,0.187913
4,DMS-ACC,expert,ACC,52,0.096832
4,DLS-ACC,naive,DLS,0,0.027823
4,DLS-ACC,naive,DLS,1,0.035297
4,DLS-ACC,naive,DLS,2,0.042509
4,DLS-ACC,naive,DLS,3,0.081938
4,DLS-ACC,naive,DLS,4,0.770721
4,DLS-ACC,naive,DLS,5,0.081729
4,DLS-ACC,naive,DLS,6,0.078404
4,DLS-ACC,naive,DLS,7,0.106447
4,DLS-ACC,naive,DLS,8,0.719859
4,DLS-ACC,naive,DLS,9,0.099489
4,DLS-ACC,naive,DLS,10,0.047937
4,DLS-ACC,naive,DLS,11,0.047107
4,DLS-ACC,naive,DLS,12,0.737127
4,DLS-ACC,naive,DLS,13,0.19016
4,DLS-ACC,naive,DLS,14,0.629984
4,DLS-ACC,naive,DLS,15,0.677528
4,DLS-ACC,naive,DLS,16,0.200984
4,DLS-ACC,naive,DLS,17,0.050981
4,DLS-ACC,naive,DLS,18,0.096445
4,DLS-ACC,naive,DLS,19,0.081486
4,DLS-ACC,naive,DLS,20,0.125503
4,DLS-ACC,naive,DLS,21,0.28094
4,DLS-ACC,naive,DLS,22,0.051363
4,DLS-ACC,naive,DLS,23,0.069213
4,DLS-ACC,naive,DLS,24,0.074515
4,DLS-ACC,naive,DLS,25,0.171276
4,DLS-ACC,naive,DLS,26,0.254721
4,DLS-ACC,naive,DLS,27,0.312166
4,DLS-ACC,naive,DLS,28,0.074293
4,DLS-ACC,naive,DLS,29,0.107004
4,DLS-ACC,naive,DLS,30,0.013041
4,DLS-ACC,naive,DLS,31,0.496869
4,DLS-ACC,naive,DLS,32,0.018837
4,DLS-ACC,naive,DLS,33,0.051716
4,DLS-ACC,naive,DLS,34,0.425586
4,DLS-ACC,naive,DLS,35,0.432521
4,DLS-ACC,naive,DLS,36,0.0
4,DLS-ACC,naive,DLS,37,0.091094
4,DLS-ACC,naive,DLS,38,0.629774
4,DLS-ACC,naive,DLS,39,0.033846
4,DLS-ACC,naive,DLS,40,0.0
4,DLS-ACC,naive,DLS,41,0.029297
4,DLS-ACC,naive,DLS,42,0.762851
4,DLS-ACC,naive,DLS,43,0.0
4,DLS-ACC,naive,DLS,44,0.0
4,DLS-ACC,naive,DLS,45,0.088143
4,DLS-ACC,naive,DLS,46,0.067758
4,DLS-ACC,naive,DLS,47,0.06188
4,DLS-ACC,naive,DLS,48,0.09286
4,DLS-ACC,naive,DLS,49,0.678378
4,DLS-ACC,naive,DLS,50,0.0022
4,DLS-ACC,naive,DLS,51,0.088631
4,DLS-ACC,naive,DLS,52,0.081393
4,DLS-ACC,naive,DLS,53,0.718959
4,DLS-ACC,naive,DLS,54,0.032431
4,DLS-ACC,naive,DLS,55,0.122263
4,DLS-ACC,naive,DLS,56,0.113571
4,DLS-ACC,naive,DLS,57,0.081516
4,DLS-ACC,naive,DLS,58,0.12659
4,DLS-ACC,naive,DLS,59,0.549424
4,DLS-ACC,naive,DLS,60,0.023402
4,DLS-ACC,naive,DLS,61,0.688385
4,DLS-ACC,naive,DLS,62,0.045429
4,DLS-ACC,naive,DLS,63,0.815593
4,DLS-ACC,naive,DLS,64,0.010522
4,DLS-ACC,naive,DLS,65,0.672589
4,DLS-ACC,naive,DLS,66,0.003458
4,DLS-ACC,naive,DLS,67,0.634517
4,DLS-ACC,naive,DLS,68,0.742598
4,DLS-ACC,naive,DLS,69,0.060072
4,DLS-ACC,naive,DLS,70,0.008527
4,DLS-ACC,naive,DLS,71,0.013888
4,DLS-ACC,naive,DLS,72,0.003656
4,DLS-ACC,naive,DLS,73,0.708972
4,DLS-ACC,naive,DLS,74,0.0234
4,DLS-ACC,naive,DLS,75,0.652722
4,DLS-ACC,naive,DLS,76,0.009756
4,DLS-ACC,naive,DLS,77,0.748431
4,DLS-ACC,naive,DLS,78,0.694703
4,DLS-ACC,naive,DLS,79,0.014404
4,DLS-ACC,naive,DLS,80,0.031379
4,DLS-ACC,naive,DLS,81,0.045222
4,DLS-ACC,naive,DLS,82,0.071
4,DLS-ACC,naive,ACC,0,0.022829
4,DLS-ACC,naive,ACC,1,0.190648
4,DLS-ACC,naive,ACC,2,0.049118
4,DLS-ACC,naive,ACC,3,0.174032
4,DLS-ACC,naive,ACC,4,0.883244
4,DLS-ACC,naive,ACC,5,0.851011
4,DLS-ACC,naive,ACC,6,0.635125
4,DLS-ACC,naive,ACC,7,0.13448
4,DLS-ACC,naive,ACC,8,0.317319
4,DLS-ACC,naive,ACC,9,0.61714
4,DLS-ACC,naive,ACC,10,0.860892
4,DLS-ACC,naive,ACC,11,0.233449
4,DLS-ACC,naive,ACC,12,0.309323
4,DLS-ACC,naive,ACC,13,0.588677
4,DLS-ACC,naive,ACC,14,0.822373
4,DLS-ACC,naive,ACC,15,0.293176
4,DLS-ACC,naive,ACC,16,0.853657
4,DLS-ACC,naive,ACC,17,0.079092
4,DLS-ACC,naive,ACC,18,0.837162
4,DLS-ACC,naive,ACC,19,0.837989
4,DLS-ACC,naive,ACC,20,0.779084
4,DLS-ACC,naive,ACC,21,0.873838
4,DLS-ACC,naive,ACC,22,0.156868
4,DLS-ACC,naive,ACC,23,0.104646
4,DLS-ACC,naive,ACC,24,0.423195
4,DLS-ACC,naive,ACC,25,0.095487
4,DLS-ACC,naive,ACC,26,0.931912
4,DLS-ACC,naive,ACC,27,0.213668
4,DLS-ACC,naive,ACC,28,0.016433
4,DLS-ACC,naive,ACC,29,0.836965
4,DLS-ACC,naive,ACC,30,0.254139
4,DLS-ACC,naive,ACC,31,0.707932
4,DLS-ACC,naive,ACC,32,0.199697
4,DLS-ACC,naive,ACC,33,0.158265
4,DLS-ACC,naive,ACC,34,0.719989
4,DLS-ACC,naive,ACC,35,0.015266
4,DLS-ACC,naive,ACC,36,0.133031
4,DLS-ACC,naive,ACC,37,0.107357
4,DLS-ACC,naive,ACC,38,0.733456
4,DLS-ACC,naive,ACC,39,0.856756
4,DLS-ACC,naive,ACC,40,0.123278
4,DLS-ACC,naive,ACC,41,0.154797
4,DLS-ACC,naive,ACC,42,0.835643
4,DLS-ACC,naive,ACC,43,0.020161
4,DLS-ACC,naive,ACC,44,0.023816
4,DLS-ACC,naive,ACC,45,0.664553
4,DLS-ACC,naive,ACC,46,0.017719
4,DLS-ACC,naive,ACC,47,0.058719
4,DLS-ACC,naive,ACC,48,0.004497
4,DLS-ACC,naive,ACC,49,0.483836
4,DLS-ACC,naive,ACC,50,0.0
4,DLS-ACC,naive,ACC,51,0.294046
4,DLS-ACC,naive,ACC,52,0.82113
4,DLS-ACC,intermediate,DLS,0,0.095854
4,DLS-ACC,intermediate,DLS,1,0.434724
4,DLS-ACC,intermediate,DLS,2,0.544418
4,DLS-ACC,intermediate,DLS,3,0.074841
4,DLS-ACC,intermediate,DLS,4,0.188099
4,DLS-ACC,intermediate,DLS,5,0.120247
4,DLS-ACC,intermediate,DLS,6,0.756478
4,DLS-ACC,intermediate,DLS,7,0.639406
4,DLS-ACC,intermediate,DLS,8,0.162986
4,DLS-ACC,intermediate,DLS,9,0.122351
4,DLS-ACC,intermediate,DLS,10,0.171783
4,DLS-ACC,intermediate,DLS,11,0.496295
4,DLS-ACC,intermediate,DLS,12,0.433823
4,DLS-ACC,intermediate,DLS,13,0.364807
4,DLS-ACC,intermediate,DLS,14,0.141064
4,DLS-ACC,intermediate,DLS,15,0.155288
4,DLS-ACC,intermediate,DLS,16,0.505984
4,DLS-ACC,intermediate,DLS,17,0.237366
4,DLS-ACC,intermediate,DLS,18,0.751565
4,DLS-ACC,intermediate,DLS,19,0.089806
4,DLS-ACC,intermediate,DLS,20,0.595826
4,DLS-ACC,intermediate,DLS,21,0.286373
4,DLS-ACC,intermediate,DLS,22,0.099927
4,DLS-ACC,intermediate,DLS,23,0.093233
4,DLS-ACC,intermediate,DLS,24,0.123132
4,DLS-ACC,intermediate,DLS,25,0.141161
4,DLS-ACC,intermediate,DLS,26,0.177473
4,DLS-ACC,intermediate,DLS,27,0.09976
4,DLS-ACC,intermediate,DLS,28,0.098994
4,DLS-ACC,intermediate,DLS,29,0.423649
4,DLS-ACC,intermediate,DLS,30,0.077214
4,DLS-ACC,intermediate,DLS,31,0.669665
4,DLS-ACC,intermediate,DLS,32,0.04343
4,DLS-ACC,intermediate,DLS,33,0.112455
4,DLS-ACC,intermediate,DLS,34,0.628471
4,DLS-ACC,intermediate,DLS,35,0.171087
4,DLS-ACC,intermediate,DLS,36,0.567035
4,DLS-ACC,intermediate,DLS,37,0.367568
4,DLS-ACC,intermediate,DLS,38,0.219732
4,DLS-ACC,intermediate,DLS,39,0.007436
4,DLS-ACC,intermediate,DLS,40,0.452921
4,DLS-ACC,intermediate,DLS,41,0.76612
4,DLS-ACC,intermediate,DLS,42,0.041926
4,DLS-ACC,intermediate,DLS,43,0.496614
4,DLS-ACC,intermediate,DLS,44,0.730337
4,DLS-ACC,intermediate,DLS,45,0.451982
4,DLS-ACC,intermediate,DLS,46,0.13649
4,DLS-ACC,intermediate,DLS,47,0.104623
4,DLS-ACC,intermediate,DLS,48,0.776079
4,DLS-ACC,intermediate,DLS,49,0.129997
4,DLS-ACC,intermediate,DLS,50,0.246539
4,DLS-ACC,intermediate,DLS,51,0.429601
4,DLS-ACC,intermediate,DLS,52,0.045329
4,DLS-ACC,intermediate,DLS,53,0.060099
4,DLS-ACC,intermediate,DLS,54,0.113594
4,DLS-ACC,intermediate,DLS,55,0.253552
4,DLS-ACC,intermediate,DLS,56,0.284496
4,DLS-ACC,intermediate,DLS,57,0.082263
4,DLS-ACC,intermediate,DLS,58,0.30175
4,DLS-ACC,intermediate,DLS,59,0.051385
4,DLS-ACC,intermediate,DLS,60,0.759405
4,DLS-ACC,intermediate,DLS,61,0.059145
4,DLS-ACC,intermediate,DLS,62,0.260972
4,DLS-ACC,intermediate,DLS,63,0.035279
4,DLS-ACC,intermediate,DLS,64,0.165523
4,DLS-ACC,intermediate,DLS,65,0.144149
4,DLS-ACC,intermediate,DLS,66,0.096375
4,DLS-ACC,intermediate,DLS,67,0.059145
4,DLS-ACC,intermediate,DLS,68,0.111111
4,DLS-ACC,intermediate,DLS,69,0.068306
4,DLS-ACC,intermediate,DLS,70,0.027325
4,DLS-ACC,intermediate,DLS,71,0.253876
4,DLS-ACC,intermediate,DLS,72,0.565198
4,DLS-ACC,intermediate,DLS,73,0.088882
4,DLS-ACC,intermediate,DLS,74,0.282944
4,DLS-ACC,intermediate,DLS,75,0.229177
4,DLS-ACC,intermediate,DLS,76,0.161126
4,DLS-ACC,intermediate,DLS,77,0.248131
4,DLS-ACC,intermediate,DLS,78,0.254507
4,DLS-ACC,intermediate,DLS,79,0.075064
4,DLS-ACC,intermediate,DLS,80,0.228244
4,DLS-ACC,intermediate,DLS,81,0.580699
4,DLS-ACC,intermediate,DLS,82,0.078098
4,DLS-ACC,intermediate,ACC,0,0.120151
4,DLS-ACC,intermediate,ACC,1,0.902934
4,DLS-ACC,intermediate,ACC,2,0.951829
4,DLS-ACC,intermediate,ACC,3,0.51318
4,DLS-ACC,intermediate,ACC,4,0.930852
4,DLS-ACC,intermediate,ACC,5,0.356813
4,DLS-ACC,intermediate,ACC,6,0.186886
4,DLS-ACC,intermediate,ACC,7,0.151708
4,DLS-ACC,intermediate,ACC,8,0.634972
4,DLS-ACC,intermediate,ACC,9,0.06131
4,DLS-ACC,intermediate,ACC,10,0.081197
4,DLS-ACC,intermediate,ACC,11,0.84921
4,DLS-ACC,intermediate,ACC,12,0.5519
4,DLS-ACC,intermediate,ACC,13,0.258869
4,DLS-ACC,intermediate,ACC,14,0.337035
4,DLS-ACC,intermediate,ACC,15,0.521966
4,DLS-ACC,intermediate,ACC,16,0.854812
4,DLS-ACC,intermediate,ACC,17,0.88386
4,DLS-ACC,intermediate,ACC,18,0.906324
4,DLS-ACC,intermediate,ACC,19,0.559325
4,DLS-ACC,intermediate,ACC,20,0.92984
4,DLS-ACC,intermediate,ACC,21,0.898525
4,DLS-ACC,intermediate,ACC,22,0.759758
4,DLS-ACC,intermediate,ACC,23,0.277713
4,DLS-ACC,intermediate,ACC,24,0.406012
4,DLS-ACC,intermediate,ACC,25,0.090318
4,DLS-ACC,intermediate,ACC,26,0.02351
4,DLS-ACC,intermediate,ACC,27,0.12461
4,DLS-ACC,intermediate,ACC,28,0.855766
4,DLS-ACC,intermediate,ACC,29,0.420342
4,DLS-ACC,intermediate,ACC,30,0.805235
4,DLS-ACC,intermediate,ACC,31,0.10238
4,DLS-ACC,intermediate,ACC,32,0.619228
4,DLS-ACC,intermediate,ACC,33,0.449947
4,DLS-ACC,intermediate,ACC,34,0.080402
4,DLS-ACC,intermediate,ACC,35,0.034132
4,DLS-ACC,intermediate,ACC,36,0.713874
4,DLS-ACC,intermediate,ACC,37,0.056631
4,DLS-ACC,intermediate,ACC,38,0.044131
4,DLS-ACC,intermediate,ACC,39,0.90551
4,DLS-ACC,intermediate,ACC,40,0.129327
4,DLS-ACC,intermediate,ACC,41,0.932062
4,DLS-ACC,intermediate,ACC,42,0.064535
4,DLS-ACC,intermediate,ACC,43,0.901082
4,DLS-ACC,intermediate,ACC,44,0.860376
4,DLS-ACC,intermediate,ACC,45,0.0
4,DLS-ACC,intermediate,ACC,46,0.122632
4,DLS-ACC,intermediate,ACC,47,0.759617
4,DLS-ACC,intermediate,ACC,48,0.034431
4,DLS-ACC,intermediate,ACC,49,0.461203
4,DLS-ACC,intermediate,ACC,50,0.0
4,DLS-ACC,intermediate,ACC,51,0.639174
4,DLS-ACC,intermediate,ACC,52,0.152088
4,DLS-ACC,expert,DLS,0,0.156118
4,DLS-ACC,expert,DLS,1,0.451162
4,DLS-ACC,expert,DLS,2,0.566471
4,DLS-ACC,expert,DLS,3,0.381588
4,DLS-ACC,expert,DLS,4,0.263443
4,DLS-ACC,expert,DLS,5,0.166087
4,DLS-ACC,expert,DLS,6,0.063683
4,DLS-ACC,expert,DLS,7,0.202304
4,DLS-ACC,expert,DLS,8,0.219074
4,DLS-ACC,expert,DLS,9,0.285647
4,DLS-ACC,expert,DLS,10,0.25192
4,DLS-ACC,expert,DLS,11,0.683383
4,DLS-ACC,expert,DLS,12,0.209075
4,DLS-ACC,expert,DLS,13,0.339949
4,DLS-ACC,expert,DLS,14,0.081345
4,DLS-ACC,expert,DLS,15,0.149864
4,DLS-ACC,expert,DLS,16,0.268266
4,DLS-ACC,expert,DLS,17,0.485055
4,DLS-ACC,expert,DLS,18,0.077014
4,DLS-ACC,expert,DLS,19,0.271266
4,DLS-ACC,expert,DLS,20,0.042377
4,DLS-ACC,expert,DLS,21,0.265406
4,DLS-ACC,expert,DLS,22,0.311067
4,DLS-ACC,expert,DLS,23,0.269264
4,DLS-ACC,expert,DLS,24,0.258079
4,DLS-ACC,expert,DLS,25,0.682121
4,DLS-ACC,expert,DLS,26,0.084853
4,DLS-ACC,expert,DLS,27,0.150827
4,DLS-ACC,expert,DLS,28,0.264233
4,DLS-ACC,expert,DLS,29,0.638494
4,DLS-ACC,expert,DLS,30,0.681371
4,DLS-ACC,expert,DLS,31,0.201202
4,DLS-ACC,expert,DLS,32,0.622271
4,DLS-ACC,expert,DLS,33,0.057861
4,DLS-ACC,expert,DLS,34,0.45654
4,DLS-ACC,expert,DLS,35,0.272915
4,DLS-ACC,expert,DLS,36,0.709758
4,DLS-ACC,expert,DLS,37,0.150287
4,DLS-ACC,expert,DLS,38,0.046692
4,DLS-ACC,expert,DLS,39,0.725628
4,DLS-ACC,expert,DLS,40,0.0
4,DLS-ACC,expert,DLS,41,0.790537
4,DLS-ACC,expert,DLS,42,0.196984
4,DLS-ACC,expert,DLS,43,0.0
4,DLS-ACC,expert,DLS,44,0.806768
4,DLS-ACC,expert,DLS,45,0.059435
4,DLS-ACC,expert,DLS,46,0.225429
4,DLS-ACC,expert,DLS,47,0.215334
4,DLS-ACC,expert,DLS,48,0.740017
4,DLS-ACC,expert,DLS,49,0.03977
4,DLS-ACC,expert,DLS,50,0.07133
4,DLS-ACC,expert,DLS,51,0.486548
4,DLS-ACC,expert,DLS,52,0.342254
4,DLS-ACC,expert,DLS,53,0.062854
4,DLS-ACC,expert,DLS,54,0.19758
4,DLS-ACC,expert,DLS,55,0.170446
4,DLS-ACC,expert,DLS,56,0.461852
4,DLS-ACC,expert,DLS,57,0.065875
4,DLS-ACC,expert,DLS,58,0.517766
4,DLS-ACC,expert,DLS,59,0.256467
4,DLS-ACC,expert,DLS,60,0.792496
4,DLS-ACC,expert,DLS,61,0.33063
4,DLS-ACC,expert,DLS,62,0.154437
4,DLS-ACC,expert,DLS,63,0.072508
4,DLS-ACC,expert,DLS,64,0.159376
4,DLS-ACC,expert,DLS,65,0.179183
4,DLS-ACC,expert,DLS,66,0.672699
4,DLS-ACC,expert,DLS,67,0.073202
4,DLS-ACC,expert,DLS,68,0.03325
4,DLS-ACC,expert,DLS,69,0.424238
4,DLS-ACC,expert,DLS,70,0.118073
4,DLS-ACC,expert,DLS,71,0.048146
4,DLS-ACC,expert,DLS,72,0.101701
4,DLS-ACC,expert,DLS,73,0.042649
4,DLS-ACC,expert,DLS,74,0.180859
4,DLS-ACC,expert,DLS,75,0.282973
4,DLS-ACC,expert,DLS,76,0.061911
4,DLS-ACC,expert,DLS,77,0.693356
4,DLS-ACC,expert,DLS,78,0.196288
4,DLS-ACC,expert,DLS,79,0.758398
4,DLS-ACC,expert,DLS,80,0.474213
4,DLS-ACC,expert,DLS,81,0.702955
4,DLS-ACC,expert,DLS,82,0.174038
4,DLS-ACC,expert,ACC,0,0.156341
4,DLS-ACC,expert,ACC,1,0.853741
4,DLS-ACC,expert,ACC,2,0.862754
4,DLS-ACC,expert,ACC,3,0.587091
4,DLS-ACC,expert,ACC,4,0.805505
4,DLS-ACC,expert,ACC,5,0.438869
4,DLS-ACC,expert,ACC,6,0.142297
4,DLS-ACC,expert,ACC,7,0.842842
4,DLS-ACC,expert,ACC,8,0.46558
4,DLS-ACC,expert,ACC,9,0.103565
4,DLS-ACC,expert,ACC,10,0.820897
4,DLS-ACC,expert,ACC,11,0.798866
4,DLS-ACC,expert,ACC,12,0.545057
4,DLS-ACC,expert,ACC,13,0.154233
4,DLS-ACC,expert,ACC,14,0.145541
4,DLS-ACC,expert,ACC,15,0.117621
4,DLS-ACC,expert,ACC,16,0.716664
4,DLS-ACC,expert,ACC,17,0.247525
4,DLS-ACC,expert,ACC,18,0.517434
4,DLS-ACC,expert,ACC,19,0.816326
4,DLS-ACC,expert,ACC,20,0.138915
4,DLS-ACC,expert,ACC,21,0.137995
4,DLS-ACC,expert,ACC,22,0.125956
4,DLS-ACC,expert,ACC,23,0.191742
4,DLS-ACC,expert,ACC,24,0.225644
4,DLS-ACC,expert,ACC,25,0.198314
4,DLS-ACC,expert,ACC,26,0.368808
4,DLS-ACC,expert,ACC,27,0.243908
4,DLS-ACC,expert,ACC,28,0.745266
4,DLS-ACC,expert,ACC,29,0.16531
4,DLS-ACC,expert,ACC,30,0.172806
4,DLS-ACC,expert,ACC,31,0.042483
4,DLS-ACC,expert,ACC,32,0.540092
4,DLS-ACC,expert,ACC,33,0.21774
4,DLS-ACC,expert,ACC,34,0.117718
4,DLS-ACC,expert,ACC,35,0.808436
4,DLS-ACC,expert,ACC,36,0.467603
4,DLS-ACC,expert,ACC,37,0.155676
4,DLS-ACC,expert,ACC,38,0.032119
4,DLS-ACC,expert,ACC,39,0.792811
4,DLS-ACC,expert,ACC,40,0.826743
4,DLS-ACC,expert,ACC,41,0.423983
4,DLS-ACC,expert,ACC,42,0.189648
4,DLS-ACC,expert,ACC,43,0.87315
4,DLS-ACC,expert,ACC,44,0.843651
4,DLS-ACC,expert,ACC,45,0.0
4,DLS-ACC,expert,ACC,46,0.779742
4,DLS-ACC,expert,ACC,47,0.806291
4,DLS-ACC,expert,ACC,48,0.50738
4,DLS-ACC,expert,ACC,49,0.334643
4,DLS-ACC,expert,ACC,50,0.882037
4,DLS-ACC,expert,ACC,51,0.248992
4,DLS-ACC,expert,ACC,52,0.16747
5,DMS-DLS,naive,DMS,0,0.644506
5,DMS-DLS,naive,DMS,1,0.053764
5,DMS-DLS,naive,DMS,2,0.690533
5,DMS-DLS,naive,DMS,3,0.068544
5,DMS-DLS,naive,DMS,4,0.619585
5,DMS-DLS,naive,DMS,5,0.60966
5,DMS-DLS,naive,DMS,6,0.05952
5,DMS-DLS,naive,DMS,7,0.622521
5,DMS-DLS,naive,DMS,8,0.244542
5,DMS-DLS,naive,DMS,9,0.798332
5,DMS-DLS,naive,DMS,10,0.0
5,DMS-DLS,naive,DMS,11,0.028721
5,DMS-DLS,naive,DMS,12,0.087542
5,DMS-DLS,naive,DMS,13,0.04567
5,DMS-DLS,naive,DMS,14,0.750328
5,DMS-DLS,naive,DMS,15,0.788302
5,DMS-DLS,naive,DMS,16,0.243805
5,DMS-DLS,naive,DMS,17,0.035011
5,DMS-DLS,naive,DMS,18,0.084856
5,DMS-DLS,naive,DMS,19,0.054139
5,DMS-DLS,naive,DMS,20,0.043741
5,DMS-DLS,naive,DMS,21,0.0
5,DMS-DLS,naive,DMS,22,4e-05
5,DMS-DLS,naive,DMS,23,0.107654
5,DMS-DLS,naive,DMS,24,0.001967
5,DMS-DLS,naive,DMS,25,0.164566
5,DMS-DLS,naive,DMS,26,0.178706
5,DMS-DLS,naive,DMS,27,0.510272
5,DMS-DLS,naive,DMS,28,0.730549
5,DMS-DLS,naive,DMS,29,0.010551
5,DMS-DLS,naive,DMS,30,0.149123
5,DMS-DLS,naive,DMS,31,0.022131
5,DMS-DLS,naive,DMS,32,0.670074
5,DMS-DLS,naive,DMS,33,0.781454
5,DMS-DLS,naive,DMS,34,0.045194
5,DMS-DLS,naive,DMS,35,0.08118
5,DMS-DLS,naive,DMS,36,0.58826
5,DMS-DLS,naive,DMS,37,0.164757
5,DMS-DLS,naive,DMS,38,0.002615
5,DMS-DLS,naive,DMS,39,0.021974
5,DMS-DLS,naive,DMS,40,0.671841
5,DMS-DLS,naive,DMS,41,0.400057
5,DMS-DLS,naive,DMS,42,0.026113
5,DMS-DLS,naive,DMS,43,0.047342
5,DMS-DLS,naive,DMS,44,0.774661
5,DMS-DLS,naive,DMS,45,0.734209
5,DMS-DLS,naive,DMS,46,0.490785
5,DMS-DLS,naive,DMS,47,0.497992
5,DMS-DLS,naive,DMS,48,0.541731
5,DMS-DLS,naive,DMS,49,0.501761
5,DMS-DLS,naive,DMS,50,0.707964
5,DMS-DLS,naive,DMS,51,0.182322
5,DMS-DLS,naive,DMS,52,0.03729
5,DMS-DLS,naive,DMS,53,0.165781
5,DMS-DLS,naive,DMS,54,0.610324
5,DMS-DLS,naive,DLS,0,0.019704
5,DMS-DLS,naive,DLS,1,0.128543
5,DMS-DLS,naive,DLS,2,0.032297
5,DMS-DLS,naive,DLS,3,0.081931
5,DMS-DLS,naive,DLS,4,0.011529
5,DMS-DLS,naive,DLS,5,0.005275
5,DMS-DLS,naive,DLS,6,0.042303
5,DMS-DLS,naive,DLS,7,0.073145
5,DMS-DLS,naive,DLS,8,0.111186
5,DMS-DLS,naive,DLS,9,0.056125
5,DMS-DLS,naive,DLS,10,0.0
5,DMS-DLS,naive,DLS,11,0.008548
5,DMS-DLS,naive,DLS,12,0.113121
5,DMS-DLS,naive,DLS,13,0.161964
5,DMS-DLS,naive,DLS,14,0.101624
5,DMS-DLS,naive,DLS,15,0.0
5,DMS-DLS,naive,DLS,16,0.089529
5,DMS-DLS,naive,DLS,17,0.029524
5,DMS-DLS,naive,DLS,18,0.086055
5,DMS-DLS,naive,DLS,19,0.015924
5,DMS-DLS,naive,DLS,20,0.434131
5,DMS-DLS,naive,DLS,21,0.086249
5,DMS-DLS,naive,DLS,22,0.487357
5,DMS-DLS,naive,DLS,23,0.0
5,DMS-DLS,naive,DLS,24,0.063491
5,DMS-DLS,naive,DLS,25,0.037878
5,DMS-DLS,naive,DLS,26,0.0
5,DMS-DLS,naive,DLS,27,0.030451
5,DMS-DLS,naive,DLS,28,0.380422
5,DMS-DLS,naive,DLS,29,0.404583
5,DMS-DLS,naive,DLS,30,0.062644
5,DMS-DLS,naive,DLS,31,0.021157
5,DMS-DLS,naive,DLS,32,0.033182
5,DMS-DLS,naive,DLS,33,0.072851
5,DMS-DLS,naive,DLS,34,0.055711
5,DMS-DLS,naive,DLS,35,0.038069
5,DMS-DLS,naive,DLS,36,0.065084
5,DMS-DLS,naive,DLS,37,0.050793
5,DMS-DLS,naive,DLS,38,0.030876
5,DMS-DLS,naive,DLS,39,0.007401
5,DMS-DLS,naive,DLS,40,0.0
5,DMS-DLS,naive,DLS,41,0.017939
5,DMS-DLS,naive,DLS,42,0.039605
5,DMS-DLS,naive,DLS,43,0.042374
5,DMS-DLS,naive,DLS,44,0.041733
5,DMS-DLS,naive,DLS,45,0.044506
5,DMS-DLS,naive,DLS,46,0.056343
5,DMS-DLS,naive,DLS,47,0.019886
5,DMS-DLS,naive,DLS,48,0.083537
5,DMS-DLS,naive,DLS,49,0.022937
5,DMS-DLS,naive,DLS,50,0.086375
5,DMS-DLS,naive,DLS,51,0.075716
5,DMS-DLS,naive,DLS,52,0.076776
5,DMS-DLS,naive,DLS,53,0.019098
5,DMS-DLS,naive,DLS,54,0.019505
5,DMS-DLS,naive,DLS,55,0.026538
5,DMS-DLS,naive,DLS,56,0.093432
5,DMS-DLS,naive,DLS,57,0.065857
5,DMS-DLS,naive,DLS,58,0.095666
5,DMS-DLS,naive,DLS,59,0.046829
5,DMS-DLS,naive,DLS,60,0.251949
5,DMS-DLS,naive,DLS,61,0.069777
5,DMS-DLS,naive,DLS,62,0.033088
5,DMS-DLS,naive,DLS,63,0.084175
5,DMS-DLS,naive,DLS,64,0.066375
5,DMS-DLS,naive,DLS,65,0.073035
5,DMS-DLS,naive,DLS,66,0.086287
5,DMS-DLS,naive,DLS,67,0.008727
5,DMS-DLS,naive,DLS,68,0.103196
5,DMS-DLS,naive,DLS,69,0.027743
5,DMS-DLS,naive,DLS,70,0.072058
5,DMS-DLS,naive,DLS,71,0.067361
5,DMS-DLS,naive,DLS,72,0.057605
5,DMS-DLS,naive,DLS,73,0.027427
5,DMS-DLS,naive,DLS,74,0.348022
5,DMS-DLS,naive,DLS,75,0.015216
5,DMS-DLS,naive,DLS,76,0.254304
5,DMS-DLS,naive,DLS,77,0.131018
5,DMS-DLS,naive,DLS,78,0.040012
5,DMS-DLS,naive,DLS,79,0.039974
5,DMS-DLS,naive,DLS,80,0.075398
5,DMS-DLS,naive,DLS,81,0.377752
5,DMS-DLS,naive,DLS,82,0.037779
5,DMS-DLS,naive,DLS,83,0.391215
5,DMS-DLS,naive,DLS,84,0.0
5,DMS-DLS,naive,DLS,85,0.079815
5,DMS-DLS,naive,DLS,86,0.119835
5,DMS-DLS,naive,DLS,87,0.091283
5,DMS-DLS,naive,DLS,88,0.0085
5,DMS-DLS,naive,DLS,89,0.041531
5,DMS-DLS,naive,DLS,90,0.082877
5,DMS-DLS,naive,DLS,91,0.027286
5,DMS-DLS,naive,DLS,92,0.00248
5,DMS-DLS,naive,DLS,93,0.030599
5,DMS-DLS,naive,DLS,94,0.008587
5,DMS-DLS,naive,DLS,95,0.061448
5,DMS-DLS,naive,DLS,96,0.012489
5,DMS-DLS,naive,DLS,97,0.039359
5,DMS-DLS,naive,DLS,98,0.400662
5,DMS-DLS,naive,DLS,99,0.065219
5,DMS-DLS,naive,DLS,100,0.066081
5,DMS-DLS,naive,DLS,101,0.147801
5,DMS-DLS,naive,DLS,102,0.0
5,DMS-DLS,naive,DLS,103,0.141261
5,DMS-DLS,naive,DLS,104,0.03286
5,DMS-DLS,naive,DLS,105,0.019073
5,DMS-DLS,naive,DLS,106,0.024359
5,DMS-DLS,naive,DLS,107,0.047835
5,DMS-DLS,naive,DLS,108,0.031139
5,DMS-DLS,naive,DLS,109,0.030868
5,DMS-DLS,naive,DLS,110,0.024517
5,DMS-DLS,naive,DLS,111,0.557653
5,DMS-DLS,naive,DLS,112,0.007759
5,DMS-DLS,naive,DLS,113,0.04497
5,DMS-DLS,naive,DLS,114,0.002138
5,DMS-DLS,naive,DLS,115,0.0
5,DMS-DLS,naive,DLS,116,0.022782
5,DMS-DLS,naive,DLS,117,0.011423
5,DMS-DLS,naive,DLS,118,0.022055
5,DMS-DLS,naive,DLS,119,0.024975
5,DMS-DLS,naive,DLS,120,0.073998
5,DMS-DLS,naive,DLS,121,0.0
5,DMS-DLS,naive,DLS,122,0.103698
5,DMS-DLS,naive,DLS,123,0.109672
5,DMS-DLS,naive,DLS,124,0.015274
5,DMS-DLS,naive,DLS,125,0.103056
5,DMS-DLS,naive,DLS,126,0.032512
5,DMS-DLS,naive,DLS,127,0.058022
5,DMS-DLS,naive,DLS,128,0.033936
5,DMS-DLS,naive,DLS,129,0.045141
5,DMS-DLS,naive,DLS,130,0.511305
5,DMS-DLS,naive,DLS,131,0.035358
5,DMS-DLS,naive,DLS,132,0.01302
5,DMS-DLS,naive,DLS,133,0.067889
5,DMS-DLS,naive,DLS,134,0.0
5,DMS-DLS,naive,DLS,135,0.018217
5,DMS-DLS,naive,DLS,136,0.012389
5,DMS-DLS,naive,DLS,137,0.0
5,DMS-DLS,naive,DLS,138,0.069555
5,DMS-DLS,naive,DLS,139,0.025092
5,DMS-DLS,naive,DLS,140,0.060519
5,DMS-DLS,naive,DLS,141,0.014762
5,DMS-DLS,naive,DLS,142,0.005725
5,DMS-DLS,naive,DLS,143,0.004055
5,DMS-DLS,naive,DLS,144,0.027914
5,DMS-DLS,naive,DLS,145,0.016553
5,DMS-DLS,naive,DLS,146,0.0
5,DMS-DLS,naive,DLS,147,0.0
5,DMS-DLS,naive,DLS,148,0.011793
5,DMS-DLS,naive,DLS,149,0.016296
5,DMS-DLS,naive,DLS,150,0.0
5,DMS-DLS,naive,DLS,151,0.0
5,DMS-DLS,naive,DLS,152,0.094057
5,DMS-DLS,naive,DLS,153,0.0
5,DMS-DLS,naive,DLS,154,0.038286
5,DMS-DLS,naive,DLS,155,0.058612
5,DMS-DLS,naive,DLS,156,0.039599
5,DMS-DLS,naive,DLS,157,0.039606
5,DMS-DLS,naive,DLS,158,0.024209
5,DMS-DLS,naive,DLS,159,0.075827
5,DMS-DLS,naive,DLS,160,0.032947
5,DMS-DLS,naive,DLS,161,0.063835
5,DMS-DLS,naive,DLS,162,0.003115
5,DMS-DLS,naive,DLS,163,0.004008
5,DMS-DLS,naive,DLS,164,0.011565
5,DMS-DLS,naive,DLS,165,0.006854
5,DMS-DLS,naive,DLS,166,0.026758
5,DMS-DLS,naive,DLS,167,0.025408
5,DMS-DLS,naive,DLS,168,0.001994
5,DMS-DLS,naive,DLS,169,0.007037
5,DMS-DLS,naive,DLS,170,0.486992
5,DMS-DLS,naive,DLS,171,0.555989
5,DMS-DLS,naive,DLS,172,0.068779
5,DMS-DLS,naive,DLS,173,0.309991
5,DMS-DLS,naive,DLS,174,0.318671
5,DMS-DLS,naive,DLS,175,1e-06
5,DMS-DLS,naive,DLS,176,0.0
5,DMS-DLS,naive,DLS,177,0.0
5,DMS-DLS,naive,DLS,178,0.011099
5,DMS-DLS,naive,DLS,179,0.0
5,DMS-DLS,naive,DLS,180,0.044142
5,DMS-DLS,naive,DLS,181,0.100145
5,DMS-DLS,naive,DLS,182,0.012966
5,DMS-DLS,naive,DLS,183,0.004757
5,DMS-DLS,naive,DLS,184,0.001698
5,DMS-DLS,naive,DLS,185,0.508301
5,DMS-DLS,naive,DLS,186,0.017711
5,DMS-DLS,naive,DLS,187,0.043151
5,DMS-DLS,naive,DLS,188,0.085699
5,DMS-DLS,naive,DLS,189,0.020314
5,DMS-DLS,naive,DLS,190,0.037775
5,DMS-DLS,naive,DLS,191,0.053394
5,DMS-DLS,naive,DLS,192,0.04375
5,DMS-DLS,naive,DLS,193,0.567133
5,DMS-DLS,naive,DLS,194,0.058296
5,DMS-DLS,naive,DLS,195,0.037571
5,DMS-DLS,naive,DLS,196,0.011621
5,DMS-DLS,naive,DLS,197,0.273583
5,DMS-DLS,naive,DLS,198,0.520839
5,DMS-DLS,naive,DLS,199,0.276324
5,DMS-DLS,naive,DLS,200,0.532813
5,DMS-DLS,naive,DLS,201,0.384734
5,DMS-DLS,naive,DLS,202,0.022777
5,DMS-DLS,naive,DLS,203,0.544745
5,DMS-DLS,naive,DLS,204,0.014218
5,DMS-DLS,naive,DLS,205,0.004461
5,DMS-DLS,naive,DLS,206,0.345767
5,DMS-DLS,naive,DLS,207,0.347111
5,DMS-DLS,naive,DLS,208,0.02741
5,DMS-DLS,naive,DLS,209,0.032032
5,DMS-DLS,naive,DLS,210,0.065745
5,DMS-DLS,naive,DLS,211,0.517081
5,DMS-DLS,naive,DLS,212,0.222789
5,DMS-DLS,naive,DLS,213,0.033511
5,DMS-DLS,naive,DLS,214,0.035763
5,DMS-DLS,naive,DLS,215,0.046332
5,DMS-DLS,naive,DLS,216,0.026118
5,DMS-DLS,naive,DLS,217,0.102833
5,DMS-DLS,naive,DLS,218,0.028468
5,DMS-DLS,naive,DLS,219,0.020475
5,DMS-DLS,naive,DLS,220,0.031387
5,DMS-DLS,naive,DLS,221,0.119563
5,DMS-DLS,naive,DLS,222,0.030521
5,DMS-DLS,naive,DLS,223,0.416758
5,DMS-DLS,naive,DLS,224,0.024057
5,DMS-DLS,naive,DLS,225,0.097189
5,DMS-DLS,naive,DLS,226,0.025935
5,DMS-DLS,naive,DLS,227,0.002438
5,DMS-DLS,naive,DLS,228,0.014998
5,DMS-DLS,naive,DLS,229,0.148884
5,DMS-DLS,naive,DLS,230,0.120933
5,DMS-DLS,naive,DLS,231,0.015282
5,DMS-DLS,naive,DLS,232,0.034582
5,DMS-DLS,naive,DLS,233,0.047407
5,DMS-DLS,naive,DLS,234,0.009252
5,DMS-DLS,naive,DLS,235,0.025145
5,DMS-DLS,naive,DLS,236,0.009104
5,DMS-DLS,intermediate,DMS,0,0.612316
5,DMS-DLS,intermediate,DMS,1,0.814298
5,DMS-DLS,intermediate,DMS,2,0.786548
5,DMS-DLS,intermediate,DMS,3,0.833763
5,DMS-DLS,intermediate,DMS,4,0.87164
5,DMS-DLS,intermediate,DMS,5,0.113684
5,DMS-DLS,intermediate,DMS,6,0.942641
5,DMS-DLS,intermediate,DMS,7,0.018019
5,DMS-DLS,intermediate,DMS,8,0.429676
5,DMS-DLS,intermediate,DMS,9,0.488894
5,DMS-DLS,intermediate,DMS,10,0.303616
5,DMS-DLS,intermediate,DMS,11,0.081637
5,DMS-DLS,intermediate,DMS,12,0.238279
5,DMS-DLS,intermediate,DMS,13,0.047037
5,DMS-DLS,intermediate,DMS,14,0.162299
5,DMS-DLS,intermediate,DMS,15,0.083081
5,DMS-DLS,intermediate,DMS,16,0.0
5,DMS-DLS,intermediate,DMS,17,0.614573
5,DMS-DLS,intermediate,DMS,18,0.045583
5,DMS-DLS,intermediate,DMS,19,0.807368
5,DMS-DLS,intermediate,DMS,20,0.929968
5,DMS-DLS,intermediate,DMS,21,0.311763
5,DMS-DLS,intermediate,DMS,22,0.230761
5,DMS-DLS,intermediate,DMS,23,0.837576
5,DMS-DLS,intermediate,DMS,24,0.503982
5,DMS-DLS,intermediate,DMS,25,0.796798
5,DMS-DLS,intermediate,DMS,26,0.79042
5,DMS-DLS,intermediate,DMS,27,0.746248
5,DMS-DLS,intermediate,DMS,28,0.0
5,DMS-DLS,intermediate,DMS,29,0.053867
5,DMS-DLS,intermediate,DMS,30,0.11124
5,DMS-DLS,intermediate,DMS,31,0.116937
5,DMS-DLS,intermediate,DMS,32,0.055388
5,DMS-DLS,intermediate,DMS,33,0.05682
5,DMS-DLS,intermediate,DMS,34,0.01008
5,DMS-DLS,intermediate,DMS,35,0.543019
5,DMS-DLS,intermediate,DMS,36,0.873901
5,DMS-DLS,intermediate,DMS,37,0.113285
5,DMS-DLS,intermediate,DMS,38,0.916155
5,DMS-DLS,intermediate,DMS,39,0.239768
5,DMS-DLS,intermediate,DMS,40,0.0
5,DMS-DLS,intermediate,DMS,41,0.858127
5,DMS-DLS,intermediate,DMS,42,0.010339
5,DMS-DLS,intermediate,DMS,43,0.28734
5,DMS-DLS,intermediate,DMS,44,0.142451
5,DMS-DLS,intermediate,DMS,45,0.88632
5,DMS-DLS,intermediate,DMS,46,0.012107
5,DMS-DLS,intermediate,DMS,47,0.359009
5,DMS-DLS,intermediate,DMS,48,0.008781
5,DMS-DLS,intermediate,DMS,49,0.090324
5,DMS-DLS,intermediate,DMS,50,0.02147
5,DMS-DLS,intermediate,DMS,51,0.068645
5,DMS-DLS,intermediate,DMS,52,0.104114
5,DMS-DLS,intermediate,DMS,53,0.568566
5,DMS-DLS,intermediate,DMS,54,0.013532
5,DMS-DLS,intermediate,DLS,0,0.031834
5,DMS-DLS,intermediate,DLS,1,0.132905
5,DMS-DLS,intermediate,DLS,2,0.149131
5,DMS-DLS,intermediate,DLS,3,0.143039
5,DMS-DLS,intermediate,DLS,4,0.628316
5,DMS-DLS,intermediate,DLS,5,0.014847
5,DMS-DLS,intermediate,DLS,6,0.163355
5,DMS-DLS,intermediate,DLS,7,0.121348
5,DMS-DLS,intermediate,DLS,8,0.156976
5,DMS-DLS,intermediate,DLS,9,0.078783
5,DMS-DLS,intermediate,DLS,10,0.006627
5,DMS-DLS,intermediate,DLS,11,0.030462
5,DMS-DLS,intermediate,DLS,12,0.066977
5,DMS-DLS,intermediate,DLS,13,0.214514
5,DMS-DLS,intermediate,DLS,14,0.180846
5,DMS-DLS,intermediate,DLS,15,0.0
5,DMS-DLS,intermediate,DLS,16,0.179086
5,DMS-DLS,intermediate,DLS,17,0.121918
5,DMS-DLS,intermediate,DLS,18,0.19779
5,DMS-DLS,intermediate,DLS,19,0.15621
5,DMS-DLS,intermediate,DLS,20,0.133839
5,DMS-DLS,intermediate,DLS,21,0.111662
5,DMS-DLS,intermediate,DLS,22,0.016865
5,DMS-DLS,intermediate,DLS,23,0.029441
5,DMS-DLS,intermediate,DLS,24,0.254235
5,DMS-DLS,intermediate,DLS,25,0.068942
5,DMS-DLS,intermediate,DLS,26,0.029872
5,DMS-DLS,intermediate,DLS,27,0.286269
5,DMS-DLS,intermediate,DLS,28,0.445539
5,DMS-DLS,intermediate,DLS,29,0.393665
5,DMS-DLS,intermediate,DLS,30,0.267131
5,DMS-DLS,intermediate,DLS,31,0.255496
5,DMS-DLS,intermediate,DLS,32,0.203639
5,DMS-DLS,intermediate,DLS,33,0.089569
5,DMS-DLS,intermediate,DLS,34,0.047209
5,DMS-DLS,intermediate,DLS,35,0.07257
5,DMS-DLS,intermediate,DLS,36,0.160362
5,DMS-DLS,intermediate,DLS,37,0.054122
5,DMS-DLS,intermediate,DLS,38,0.18386
5,DMS-DLS,intermediate,DLS,39,0.072197
5,DMS-DLS,intermediate,DLS,40,0.006888
5,DMS-DLS,intermediate,DLS,41,0.090227
5,DMS-DLS,intermediate,DLS,42,0.018535
5,DMS-DLS,intermediate,DLS,43,0.071946
5,DMS-DLS,intermediate,DLS,44,0.080907
5,DMS-DLS,intermediate,DLS,45,0.062123
5,DMS-DLS,intermediate,DLS,46,0.051713
5,DMS-DLS,intermediate,DLS,47,0.08592
5,DMS-DLS,intermediate,DLS,48,0.072024
5,DMS-DLS,intermediate,DLS,49,0.066868
5,DMS-DLS,intermediate,DLS,50,0.118957
5,DMS-DLS,intermediate,DLS,51,0.064011
5,DMS-DLS,intermediate,DLS,52,0.078836
5,DMS-DLS,intermediate,DLS,53,0.0404
5,DMS-DLS,intermediate,DLS,54,0.122591
5,DMS-DLS,intermediate,DLS,55,0.093199
5,DMS-DLS,intermediate,DLS,56,0.18568
5,DMS-DLS,intermediate,DLS,57,0.033174
5,DMS-DLS,intermediate,DLS,58,0.091847
5,DMS-DLS,intermediate,DLS,59,0.100938
5,DMS-DLS,intermediate,DLS,60,0.088707
5,DMS-DLS,intermediate,DLS,61,0.121968
5,DMS-DLS,intermediate,DLS,62,0.200828
5,DMS-DLS,intermediate,DLS,63,0.101998
5,DMS-DLS,intermediate,DLS,64,0.140418
5,DMS-DLS,intermediate,DLS,65,0.064888
5,DMS-DLS,intermediate,DLS,66,0.104231
5,DMS-DLS,intermediate,DLS,67,0.051521
5,DMS-DLS,intermediate,DLS,68,0.01431
5,DMS-DLS,intermediate,DLS,69,0.659843
5,DMS-DLS,intermediate,DLS,70,0.141415
5,DMS-DLS,intermediate,DLS,71,0.011998
5,DMS-DLS,intermediate,DLS,72,0.054246
5,DMS-DLS,intermediate,DLS,73,0.069475
5,DMS-DLS,intermediate,DLS,74,0.147357
5,DMS-DLS,intermediate,DLS,75,0.096659
5,DMS-DLS,intermediate,DLS,76,0.092755
5,DMS-DLS,intermediate,DLS,77,0.010684
5,DMS-DLS,intermediate,DLS,78,0.106084
5,DMS-DLS,intermediate,DLS,79,0.177639
5,DMS-DLS,intermediate,DLS,80,0.044601
5,DMS-DLS,intermediate,DLS,81,0.00355
5,DMS-DLS,intermediate,DLS,82,0.178245
5,DMS-DLS,intermediate,DLS,83,0.002258
5,DMS-DLS,intermediate,DLS,84,0.312171
5,DMS-DLS,intermediate,DLS,85,0.04305
5,DMS-DLS,intermediate,DLS,86,0.053068
5,DMS-DLS,intermediate,DLS,87,0.038198
5,DMS-DLS,intermediate,DLS,88,0.01806
5,DMS-DLS,intermediate,DLS,89,0.087413
5,DMS-DLS,intermediate,DLS,90,0.018277
5,DMS-DLS,intermediate,DLS,91,0.026526
5,DMS-DLS,intermediate,DLS,92,0.019208
5,DMS-DLS,intermediate,DLS,93,0.081959
5,DMS-DLS,intermediate,DLS,94,0.063112
5,DMS-DLS,intermediate,DLS,95,0.048716
5,DMS-DLS,intermediate,DLS,96,0.221089
5,DMS-DLS,intermediate,DLS,97,0.438657
5,DMS-DLS,intermediate,DLS,98,0.023276
5,DMS-DLS,intermediate,DLS,99,0.45775
5,DMS-DLS,intermediate,DLS,100,0.455439
5,DMS-DLS,intermediate,DLS,101,0.035046
5,DMS-DLS,intermediate,DLS,102,0.459816
5,DMS-DLS,intermediate,DLS,103,0.007913
5,DMS-DLS,intermediate,DLS,104,0.132188
5,DMS-DLS,intermediate,DLS,105,0.088124
5,DMS-DLS,intermediate,DLS,106,0.04599
5,DMS-DLS,intermediate,DLS,107,0.022801
5,DMS-DLS,intermediate,DLS,108,0.054583
5,DMS-DLS,intermediate,DLS,109,0.022804
5,DMS-DLS,intermediate,DLS,110,0.576127
5,DMS-DLS,intermediate,DLS,111,0.015296
5,DMS-DLS,intermediate,DLS,112,0.64777
5,DMS-DLS,intermediate,DLS,113,0.056849
5,DMS-DLS,intermediate,DLS,114,0.027848
5,DMS-DLS,intermediate,DLS,115,0.047799
5,DMS-DLS,intermediate,DLS,116,0.083181
5,DMS-DLS,intermediate,DLS,117,0.008753
5,DMS-DLS,intermediate,DLS,118,0.082519
5,DMS-DLS,intermediate,DLS,119,0.020036
5,DMS-DLS,intermediate,DLS,120,0.040699
5,DMS-DLS,intermediate,DLS,121,0.0
5,DMS-DLS,intermediate,DLS,122,0.179716
5,DMS-DLS,intermediate,DLS,123,0.039345
5,DMS-DLS,intermediate,DLS,124,0.10621
5,DMS-DLS,intermediate,DLS,125,0.190845
5,DMS-DLS,intermediate,DLS,126,0.121246
5,DMS-DLS,intermediate,DLS,127,0.037566
5,DMS-DLS,intermediate,DLS,128,0.026267
5,DMS-DLS,intermediate,DLS,129,0.050559
5,DMS-DLS,intermediate,DLS,130,0.043425
5,DMS-DLS,intermediate,DLS,131,0.22525
5,DMS-DLS,intermediate,DLS,132,0.01839
5,DMS-DLS,intermediate,DLS,133,0.014117
5,DMS-DLS,intermediate,DLS,134,0.006078
5,DMS-DLS,intermediate,DLS,135,0.138726
5,DMS-DLS,intermediate,DLS,136,0.617369
5,DMS-DLS,intermediate,DLS,137,0.041564
5,DMS-DLS,intermediate,DLS,138,0.104579
5,DMS-DLS,intermediate,DLS,139,0.035617
5,DMS-DLS,intermediate,DLS,140,0.195193
5,DMS-DLS,intermediate,DLS,141,0.109401
5,DMS-DLS,intermediate,DLS,142,0.05311
5,DMS-DLS,intermediate,DLS,143,0.065289
5,DMS-DLS,intermediate,DLS,144,0.269366
5,DMS-DLS,intermediate,DLS,145,0.269996
5,DMS-DLS,intermediate,DLS,146,0.453965
5,DMS-DLS,intermediate,DLS,147,0.0
5,DMS-DLS,intermediate,DLS,148,0.058075
5,DMS-DLS,intermediate,DLS,149,0.069374
5,DMS-DLS,intermediate,DLS,150,0.0
5,DMS-DLS,intermediate,DLS,151,0.0
5,DMS-DLS,intermediate,DLS,152,0.101064
5,DMS-DLS,intermediate,DLS,153,0.0
5,DMS-DLS,intermediate,DLS,154,0.027655
5,DMS-DLS,intermediate,DLS,155,0.0
5,DMS-DLS,intermediate,DLS,156,0.175765
5,DMS-DLS,intermediate,DLS,157,0.012829
5,DMS-DLS,intermediate,DLS,158,0.019221
5,DMS-DLS,intermediate,DLS,159,0.018511
5,DMS-DLS,intermediate,DLS,160,0.109479
5,DMS-DLS,intermediate,DLS,161,0.068598
5,DMS-DLS,intermediate,DLS,162,0.051604
5,DMS-DLS,intermediate,DLS,163,0.043039
5,DMS-DLS,intermediate,DLS,164,0.040115
5,DMS-DLS,intermediate,DLS,165,0.059369
5,DMS-DLS,intermediate,DLS,166,0.058084
5,DMS-DLS,intermediate,DLS,167,0.096159
5,DMS-DLS,intermediate,DLS,168,0.00776
5,DMS-DLS,intermediate,DLS,169,0.037409
5,DMS-DLS,intermediate,DLS,170,0.030731
5,DMS-DLS,intermediate,DLS,171,0.0
5,DMS-DLS,intermediate,DLS,172,0.049067
5,DMS-DLS,intermediate,DLS,173,0.302507
5,DMS-DLS,intermediate,DLS,174,0.269148
5,DMS-DLS,intermediate,DLS,175,0.028672
5,DMS-DLS,intermediate,DLS,176,0.323066
5,DMS-DLS,intermediate,DLS,177,0.318176
5,DMS-DLS,intermediate,DLS,178,0.062023
5,DMS-DLS,intermediate,DLS,179,0.064518
5,DMS-DLS,intermediate,DLS,180,0.426098
5,DMS-DLS,intermediate,DLS,181,0.044925
5,DMS-DLS,intermediate,DLS,182,0.013595
5,DMS-DLS,intermediate,DLS,183,0.052555
5,DMS-DLS,intermediate,DLS,184,0.606071
5,DMS-DLS,intermediate,DLS,185,0.089336
5,DMS-DLS,intermediate,DLS,186,0.083225
5,DMS-DLS,intermediate,DLS,187,0.067104
5,DMS-DLS,intermediate,DLS,188,0.243469
5,DMS-DLS,intermediate,DLS,189,0.332648
5,DMS-DLS,intermediate,DLS,190,0.24078
5,DMS-DLS,intermediate,DLS,191,0.10902
5,DMS-DLS,intermediate,DLS,192,0.076824
5,DMS-DLS,intermediate,DLS,193,0.02065
5,DMS-DLS,intermediate,DLS,194,0.021906
5,DMS-DLS,intermediate,DLS,195,0.088541
5,DMS-DLS,intermediate,DLS,196,0.016947
5,DMS-DLS,intermediate,DLS,197,0.249462
5,DMS-DLS,intermediate,DLS,198,0.0
5,DMS-DLS,intermediate,DLS,199,0.214303
5,DMS-DLS,intermediate,DLS,200,0.036804
5,DMS-DLS,intermediate,DLS,201,0.0
5,DMS-DLS,intermediate,DLS,202,0.056337
5,DMS-DLS,intermediate,DLS,203,0.080824
5,DMS-DLS,intermediate,DLS,204,0.223701
5,DMS-DLS,intermediate,DLS,205,0.004124
5,DMS-DLS,intermediate,DLS,206,0.094357
5,DMS-DLS,intermediate,DLS,207,0.264923
5,DMS-DLS,intermediate,DLS,208,0.139058
5,DMS-DLS,intermediate,DLS,209,0.158455
5,DMS-DLS,intermediate,DLS,210,0.023078
5,DMS-DLS,intermediate,DLS,211,0.024944
5,DMS-DLS,intermediate,DLS,212,0.024392
5,DMS-DLS,intermediate,DLS,213,0.057042
5,DMS-DLS,intermediate,DLS,214,0.429494
5,DMS-DLS,intermediate,DLS,215,0.011845
5,DMS-DLS,intermediate,DLS,216,0.029754
5,DMS-DLS,intermediate,DLS,217,0.174314
5,DMS-DLS,intermediate,DLS,218,0.018596
5,DMS-DLS,intermediate,DLS,219,0.024213
5,DMS-DLS,intermediate,DLS,220,0.332057
5,DMS-DLS,intermediate,DLS,221,0.007189
5,DMS-DLS,intermediate,DLS,222,0.136854
5,DMS-DLS,intermediate,DLS,223,0.033286
5,DMS-DLS,intermediate,DLS,224,0.048754
5,DMS-DLS,intermediate,DLS,225,0.132333
5,DMS-DLS,intermediate,DLS,226,0.03259
5,DMS-DLS,intermediate,DLS,227,0.510721
5,DMS-DLS,intermediate,DLS,228,0.313706
5,DMS-DLS,intermediate,DLS,229,0.225702
5,DMS-DLS,intermediate,DLS,230,0.029957
5,DMS-DLS,intermediate,DLS,231,0.034815
5,DMS-DLS,intermediate,DLS,232,0.096829
5,DMS-DLS,intermediate,DLS,233,0.124079
5,DMS-DLS,intermediate,DLS,234,0.252602
5,DMS-DLS,intermediate,DLS,235,0.089721
5,DMS-DLS,intermediate,DLS,236,0.011644
5,DMS-DLS,expert,DMS,0,0.505859
5,DMS-DLS,expert,DMS,1,0.19615
5,DMS-DLS,expert,DMS,2,0.040184
5,DMS-DLS,expert,DMS,3,0.910212
5,DMS-DLS,expert,DMS,4,0.08084
5,DMS-DLS,expert,DMS,5,0.156556
5,DMS-DLS,expert,DMS,6,0.898739
5,DMS-DLS,expert,DMS,7,0.040203
5,DMS-DLS,expert,DMS,8,0.235006
5,DMS-DLS,expert,DMS,9,0.247654
5,DMS-DLS,expert,DMS,10,0.0
5,DMS-DLS,expert,DMS,11,0.885535
5,DMS-DLS,expert,DMS,12,0.747991
5,DMS-DLS,expert,DMS,13,0.900537
5,DMS-DLS,expert,DMS,14,0.950468
5,DMS-DLS,expert,DMS,15,0.569258
5,DMS-DLS,expert,DMS,16,0.011699
5,DMS-DLS,expert,DMS,17,0.048194
5,DMS-DLS,expert,DMS,18,0.158428
5,DMS-DLS,expert,DMS,19,0.913373
5,DMS-DLS,expert,DMS,20,0.959946
5,DMS-DLS,expert,DMS,21,0.0
5,DMS-DLS,expert,DMS,22,0.0
5,DMS-DLS,expert,DMS,23,0.047811
5,DMS-DLS,expert,DMS,24,0.778598
5,DMS-DLS,expert,DMS,25,0.881275
5,DMS-DLS,expert,DMS,26,0.048939
5,DMS-DLS,expert,DMS,27,0.04996
5,DMS-DLS,expert,DMS,28,0.215979
5,DMS-DLS,expert,DMS,29,0.906147
5,DMS-DLS,expert,DMS,30,0.767197
5,DMS-DLS,expert,DMS,31,0.695474
5,DMS-DLS,expert,DMS,32,0.019635
5,DMS-DLS,expert,DMS,33,0.964931
5,DMS-DLS,expert,DMS,34,0.190448
5,DMS-DLS,expert,DMS,35,0.789663
5,DMS-DLS,expert,DMS,36,0.0
5,DMS-DLS,expert,DMS,37,0.0
5,DMS-DLS,expert,DMS,38,0.883391
5,DMS-DLS,expert,DMS,39,0.056775
5,DMS-DLS,expert,DMS,40,0.0
5,DMS-DLS,expert,DMS,41,0.044132
5,DMS-DLS,expert,DMS,42,0.0
5,DMS-DLS,expert,DMS,43,0.0
5,DMS-DLS,expert,DMS,44,0.956576
5,DMS-DLS,expert,DMS,45,0.898672
5,DMS-DLS,expert,DMS,46,0.049677
5,DMS-DLS,expert,DMS,47,0.090105
5,DMS-DLS,expert,DMS,48,0.040254
5,DMS-DLS,expert,DMS,49,0.446434
5,DMS-DLS,expert,DMS,50,0.094606
5,DMS-DLS,expert,DMS,51,1.000397
5,DMS-DLS,expert,DMS,52,0.988915
5,DMS-DLS,expert,DMS,53,0.044312
5,DMS-DLS,expert,DMS,54,0.006863
5,DMS-DLS,expert,DLS,0,0.067388
5,DMS-DLS,expert,DLS,1,0.0616
5,DMS-DLS,expert,DLS,2,0.058858
5,DMS-DLS,expert,DLS,3,0.122885
5,DMS-DLS,expert,DLS,4,0.109648
5,DMS-DLS,expert,DLS,5,0.023575
5,DMS-DLS,expert,DLS,6,0.088121
5,DMS-DLS,expert,DLS,7,0.110544
5,DMS-DLS,expert,DLS,8,0.077914
5,DMS-DLS,expert,DLS,9,0.073213
5,DMS-DLS,expert,DLS,10,0.007066
5,DMS-DLS,expert,DLS,11,0.082936
5,DMS-DLS,expert,DLS,12,0.086165
5,DMS-DLS,expert,DLS,13,0.249857
5,DMS-DLS,expert,DLS,14,0.146619
5,DMS-DLS,expert,DLS,15,0.0
5,DMS-DLS,expert,DLS,16,0.166612
5,DMS-DLS,expert,DLS,17,0.036071
5,DMS-DLS,expert,DLS,18,0.14266
5,DMS-DLS,expert,DLS,19,0.048845
5,DMS-DLS,expert,DLS,20,0.080139
5,DMS-DLS,expert,DLS,21,0.208571
5,DMS-DLS,expert,DLS,22,0.020729
5,DMS-DLS,expert,DLS,23,0.02051
5,DMS-DLS,expert,DLS,24,0.162511
5,DMS-DLS,expert,DLS,25,0.028733
5,DMS-DLS,expert,DLS,26,0.0
5,DMS-DLS,expert,DLS,27,0.138434
5,DMS-DLS,expert,DLS,28,0.03209
5,DMS-DLS,expert,DLS,29,0.110622
5,DMS-DLS,expert,DLS,30,0.203475
5,DMS-DLS,expert,DLS,31,0.427804
5,DMS-DLS,expert,DLS,32,0.142753
5,DMS-DLS,expert,DLS,33,0.121351
5,DMS-DLS,expert,DLS,34,0.035893
5,DMS-DLS,expert,DLS,35,0.10157
5,DMS-DLS,expert,DLS,36,0.131637
5,DMS-DLS,expert,DLS,37,0.046511
5,DMS-DLS,expert,DLS,38,0.098387
5,DMS-DLS,expert,DLS,39,0.192097
5,DMS-DLS,expert,DLS,40,0.228572
5,DMS-DLS,expert,DLS,41,0.036999
5,DMS-DLS,expert,DLS,42,0.007225
5,DMS-DLS,expert,DLS,43,0.118969
5,DMS-DLS,expert,DLS,44,0.127992
5,DMS-DLS,expert,DLS,45,0.042294
5,DMS-DLS,expert,DLS,46,0.067616
5,DMS-DLS,expert,DLS,47,0.606951
5,DMS-DLS,expert,DLS,48,0.039793
5,DMS-DLS,expert,DLS,49,0.088276
5,DMS-DLS,expert,DLS,50,0.139279
5,DMS-DLS,expert,DLS,51,0.082445
5,DMS-DLS,expert,DLS,52,0.076781
5,DMS-DLS,expert,DLS,53,0.068214
5,DMS-DLS,expert,DLS,54,0.122233
5,DMS-DLS,expert,DLS,55,0.102754
5,DMS-DLS,expert,DLS,56,0.180757
5,DMS-DLS,expert,DLS,57,0.075706
5,DMS-DLS,expert,DLS,58,0.093526
5,DMS-DLS,expert,DLS,59,0.144028
5,DMS-DLS,expert,DLS,60,0.072115
5,DMS-DLS,expert,DLS,61,0.139928
5,DMS-DLS,expert,DLS,62,0.141897
5,DMS-DLS,expert,DLS,63,0.115749
5,DMS-DLS,expert,DLS,64,0.146127
5,DMS-DLS,expert,DLS,65,0.057268
5,DMS-DLS,expert,DLS,66,0.071175
5,DMS-DLS,expert,DLS,67,0.025737
5,DMS-DLS,expert,DLS,68,0.072905
5,DMS-DLS,expert,DLS,69,0.010479
5,DMS-DLS,expert,DLS,70,0.125525
5,DMS-DLS,expert,DLS,71,0.103322
5,DMS-DLS,expert,DLS,72,0.104498
5,DMS-DLS,expert,DLS,73,0.127748
5,DMS-DLS,expert,DLS,74,0.025751
5,DMS-DLS,expert,DLS,75,0.059611
5,DMS-DLS,expert,DLS,76,0.039291
5,DMS-DLS,expert,DLS,77,0.018342
5,DMS-DLS,expert,DLS,78,0.153697
5,DMS-DLS,expert,DLS,79,0.142475
5,DMS-DLS,expert,DLS,80,0.073732
5,DMS-DLS,expert,DLS,81,0.007709
5,DMS-DLS,expert,DLS,82,0.654132
5,DMS-DLS,expert,DLS,83,0.005506
5,DMS-DLS,expert,DLS,84,0.082437
5,DMS-DLS,expert,DLS,85,0.062159
5,DMS-DLS,expert,DLS,86,0.040283
5,DMS-DLS,expert,DLS,87,0.054245
5,DMS-DLS,expert,DLS,88,0.04702
5,DMS-DLS,expert,DLS,89,0.106655
5,DMS-DLS,expert,DLS,90,0.030795
5,DMS-DLS,expert,DLS,91,0.055323
5,DMS-DLS,expert,DLS,92,0.026097
5,DMS-DLS,expert,DLS,93,0.059857
5,DMS-DLS,expert,DLS,94,0.3276
5,DMS-DLS,expert,DLS,95,0.071726
5,DMS-DLS,expert,DLS,96,0.460159
5,DMS-DLS,expert,DLS,97,0.116479
5,DMS-DLS,expert,DLS,98,0.016972
5,DMS-DLS,expert,DLS,99,0.462423
5,DMS-DLS,expert,DLS,100,0.463747
5,DMS-DLS,expert,DLS,101,0.119292
5,DMS-DLS,expert,DLS,102,0.114602
5,DMS-DLS,expert,DLS,103,0.06761
5,DMS-DLS,expert,DLS,104,0.133355
5,DMS-DLS,expert,DLS,105,0.607054
5,DMS-DLS,expert,DLS,106,0.042912
5,DMS-DLS,expert,DLS,107,0.239512
5,DMS-DLS,expert,DLS,108,0.04659
5,DMS-DLS,expert,DLS,109,0.183124
5,DMS-DLS,expert,DLS,110,0.285678
5,DMS-DLS,expert,DLS,111,0.526526
5,DMS-DLS,expert,DLS,112,0.304381
5,DMS-DLS,expert,DLS,113,0.073621
5,DMS-DLS,expert,DLS,114,0.104755
5,DMS-DLS,expert,DLS,115,0.019124
5,DMS-DLS,expert,DLS,116,0.129882
5,DMS-DLS,expert,DLS,117,0.043955
5,DMS-DLS,expert,DLS,118,0.033736
5,DMS-DLS,expert,DLS,119,0.014097
5,DMS-DLS,expert,DLS,120,0.5773
5,DMS-DLS,expert,DLS,121,0.0
5,DMS-DLS,expert,DLS,122,0.137198
5,DMS-DLS,expert,DLS,123,0.076527
5,DMS-DLS,expert,DLS,124,0.096663
5,DMS-DLS,expert,DLS,125,0.128644
5,DMS-DLS,expert,DLS,126,0.036911
5,DMS-DLS,expert,DLS,127,0.089816
5,DMS-DLS,expert,DLS,128,0.016854
5,DMS-DLS,expert,DLS,129,0.040245
5,DMS-DLS,expert,DLS,130,0.0
5,DMS-DLS,expert,DLS,131,0.209824
5,DMS-DLS,expert,DLS,132,0.008727
5,DMS-DLS,expert,DLS,133,0.025046
5,DMS-DLS,expert,DLS,134,0.009787
5,DMS-DLS,expert,DLS,135,0.002187
5,DMS-DLS,expert,DLS,136,0.000746
5,DMS-DLS,expert,DLS,137,0.037402
5,DMS-DLS,expert,DLS,138,0.118208
5,DMS-DLS,expert,DLS,139,0.210151
5,DMS-DLS,expert,DLS,140,0.343728
5,DMS-DLS,expert,DLS,141,0.011539
5,DMS-DLS,expert,DLS,142,0.040003
5,DMS-DLS,expert,DLS,143,0.065445
5,DMS-DLS,expert,DLS,144,0.135798
5,DMS-DLS,expert,DLS,145,0.145842
5,DMS-DLS,expert,DLS,146,0.014271
5,DMS-DLS,expert,DLS,147,0.0
5,DMS-DLS,expert,DLS,148,0.354884
5,DMS-DLS,expert,DLS,149,0.651579
5,DMS-DLS,expert,DLS,150,0.0
5,DMS-DLS,expert,DLS,151,0.0
5,DMS-DLS,expert,DLS,152,0.113056
5,DMS-DLS,expert,DLS,153,0.0
5,DMS-DLS,expert,DLS,154,0.023634
5,DMS-DLS,expert,DLS,155,0.022444
5,DMS-DLS,expert,DLS,156,0.070399
5,DMS-DLS,expert,DLS,157,0.032197
5,DMS-DLS,expert,DLS,158,0.069448
5,DMS-DLS,expert,DLS,159,0.036783
5,DMS-DLS,expert,DLS,160,0.077598
5,DMS-DLS,expert,DLS,161,0.012305
5,DMS-DLS,expert,DLS,162,0.646726
5,DMS-DLS,expert,DLS,163,0.049128
5,DMS-DLS,expert,DLS,164,0.018934
5,DMS-DLS,expert,DLS,165,0.106363
5,DMS-DLS,expert,DLS,166,0.453445
5,DMS-DLS,expert,DLS,167,0.059117
5,DMS-DLS,expert,DLS,168,0.648988
5,DMS-DLS,expert,DLS,169,0.092701
5,DMS-DLS,expert,DLS,170,0.083523
5,DMS-DLS,expert,DLS,171,0.011266
5,DMS-DLS,expert,DLS,172,0.058068
5,DMS-DLS,expert,DLS,173,0.0
5,DMS-DLS,expert,DLS,174,0.0
5,DMS-DLS,expert,DLS,175,0.014257
5,DMS-DLS,expert,DLS,176,0.0
5,DMS-DLS,expert,DLS,177,0.000769
5,DMS-DLS,expert,DLS,178,0.069171
5,DMS-DLS,expert,DLS,179,0.054203
5,DMS-DLS,expert,DLS,180,0.06972
5,DMS-DLS,expert,DLS,181,0.129338
5,DMS-DLS,expert,DLS,182,0.012534
5,DMS-DLS,expert,DLS,183,0.075714
5,DMS-DLS,expert,DLS,184,0.639736
5,DMS-DLS,expert,DLS,185,0.067781
5,DMS-DLS,expert,DLS,186,0.088248
5,DMS-DLS,expert,DLS,187,0.0
5,DMS-DLS,expert,DLS,188,0.314765
5,DMS-DLS,expert,DLS,189,0.074321
5,DMS-DLS,expert,DLS,190,0.261647
5,DMS-DLS,expert,DLS,191,0.626968
5,DMS-DLS,expert,DLS,192,0.063023
5,DMS-DLS,expert,DLS,193,0.016723
5,DMS-DLS,expert,DLS,194,0.044293
5,DMS-DLS,expert,DLS,195,0.065777
5,DMS-DLS,expert,DLS,196,0.018492
5,DMS-DLS,expert,DLS,197,0.00929
5,DMS-DLS,expert,DLS,198,0.200051
5,DMS-DLS,expert,DLS,199,0.009383
5,DMS-DLS,expert,DLS,200,0.024948
5,DMS-DLS,expert,DLS,201,0.0
5,DMS-DLS,expert,DLS,202,0.488959
5,DMS-DLS,expert,DLS,203,0.023022
5,DMS-DLS,expert,DLS,204,0.016317
5,DMS-DLS,expert,DLS,205,0.020488
5,DMS-DLS,expert,DLS,206,0.075273
5,DMS-DLS,expert,DLS,207,0.083274
5,DMS-DLS,expert,DLS,208,0.113822
5,DMS-DLS,expert,DLS,209,0.045166
5,DMS-DLS,expert,DLS,210,0.063249
5,DMS-DLS,expert,DLS,211,0.034045
5,DMS-DLS,expert,DLS,212,0.576139
5,DMS-DLS,expert,DLS,213,0.088215
5,DMS-DLS,expert,DLS,214,0.217705
5,DMS-DLS,expert,DLS,215,0.224908
5,DMS-DLS,expert,DLS,216,0.024272
5,DMS-DLS,expert,DLS,217,0.167606
5,DMS-DLS,expert,DLS,218,0.031477
5,DMS-DLS,expert,DLS,219,0.01187
5,DMS-DLS,expert,DLS,220,0.175712
5,DMS-DLS,expert,DLS,221,0.107087
5,DMS-DLS,expert,DLS,222,0.067001
5,DMS-DLS,expert,DLS,223,0.086268
5,DMS-DLS,expert,DLS,224,0.045444
5,DMS-DLS,expert,DLS,225,0.176582
5,DMS-DLS,expert,DLS,226,0.006443
5,DMS-DLS,expert,DLS,227,0.074438
5,DMS-DLS,expert,DLS,228,0.611193
5,DMS-DLS,expert,DLS,229,0.17736
5,DMS-DLS,expert,DLS,230,0.120033
5,DMS-DLS,expert,DLS,231,0.676616
5,DMS-DLS,expert,DLS,232,0.072265
5,DMS-DLS,expert,DLS,233,0.081768
5,DMS-DLS,expert,DLS,234,0.137311
5,DMS-DLS,expert,DLS,235,0.072232
5,DMS-DLS,expert,DLS,236,0.139609
5,DMS-ACC,naive,DMS,0,0.663631
5,DMS-ACC,naive,DMS,1,0.04552
5,DMS-ACC,naive,DMS,2,0.698365
5,DMS-ACC,naive,DMS,3,0.064908
5,DMS-ACC,naive,DMS,4,0.609233
5,DMS-ACC,naive,DMS,5,0.599429
5,DMS-ACC,naive,DMS,6,0.067523
5,DMS-ACC,naive,DMS,7,0.624197
5,DMS-ACC,naive,DMS,8,0.238055
5,DMS-ACC,naive,DMS,9,0.794406
5,DMS-ACC,naive,DMS,10,0.0
5,DMS-ACC,naive,DMS,11,0.030332
5,DMS-ACC,naive,DMS,12,0.076233
5,DMS-ACC,naive,DMS,13,0.046011
5,DMS-ACC,naive,DMS,14,0.760757
5,DMS-ACC,naive,DMS,15,0.789188
5,DMS-ACC,naive,DMS,16,0.265707
5,DMS-ACC,naive,DMS,17,0.035996
5,DMS-ACC,naive,DMS,18,0.092536
5,DMS-ACC,naive,DMS,19,0.042256
5,DMS-ACC,naive,DMS,20,0.046141
5,DMS-ACC,naive,DMS,21,0.0
5,DMS-ACC,naive,DMS,22,3.3e-05
5,DMS-ACC,naive,DMS,23,0.091395
5,DMS-ACC,naive,DMS,24,0.001192
5,DMS-ACC,naive,DMS,25,0.138992
5,DMS-ACC,naive,DMS,26,0.177349
5,DMS-ACC,naive,DMS,27,0.527196
5,DMS-ACC,naive,DMS,28,0.735857
5,DMS-ACC,naive,DMS,29,0.010445
5,DMS-ACC,naive,DMS,30,0.133858
5,DMS-ACC,naive,DMS,31,0.024283
5,DMS-ACC,naive,DMS,32,0.665025
5,DMS-ACC,naive,DMS,33,0.775515
5,DMS-ACC,naive,DMS,34,0.058548
5,DMS-ACC,naive,DMS,35,0.071323
5,DMS-ACC,naive,DMS,36,0.588116
5,DMS-ACC,naive,DMS,37,0.166939
5,DMS-ACC,naive,DMS,38,0.002733
5,DMS-ACC,naive,DMS,39,0.024187
5,DMS-ACC,naive,DMS,40,0.675734
5,DMS-ACC,naive,DMS,41,0.422192
5,DMS-ACC,naive,DMS,42,0.026314
5,DMS-ACC,naive,DMS,43,0.04622
5,DMS-ACC,naive,DMS,44,0.780847
5,DMS-ACC,naive,DMS,45,0.738844
5,DMS-ACC,naive,DMS,46,0.49081
5,DMS-ACC,naive,DMS,47,0.50647
5,DMS-ACC,naive,DMS,48,0.698472
5,DMS-ACC,naive,DMS,49,0.331364
5,DMS-ACC,naive,DMS,50,0.709278
5,DMS-ACC,naive,DMS,51,0.176953
5,DMS-ACC,naive,DMS,52,0.034467
5,DMS-ACC,naive,DMS,53,0.169972
5,DMS-ACC,naive,DMS,54,0.612226
5,DMS-ACC,naive,ACC,0,0.032732
5,DMS-ACC,naive,ACC,1,0.062822
5,DMS-ACC,naive,ACC,2,0.089855
5,DMS-ACC,naive,ACC,3,0.124672
5,DMS-ACC,naive,ACC,4,0.008863
5,DMS-ACC,naive,ACC,5,0.027104
5,DMS-ACC,naive,ACC,6,0.038417
5,DMS-ACC,naive,ACC,7,0.038664
5,DMS-ACC,naive,ACC,8,0.053728
5,DMS-ACC,naive,ACC,9,0.048817
5,DMS-ACC,naive,ACC,10,0.011734
5,DMS-ACC,naive,ACC,11,0.082355
5,DMS-ACC,naive,ACC,12,0.049099
5,DMS-ACC,naive,ACC,13,0.012244
5,DMS-ACC,naive,ACC,14,0.035436
5,DMS-ACC,naive,ACC,15,0.01622
5,DMS-ACC,naive,ACC,16,0.123059
5,DMS-ACC,naive,ACC,17,0.030153
5,DMS-ACC,naive,ACC,18,0.06679
5,DMS-ACC,naive,ACC,19,0.011853
5,DMS-ACC,naive,ACC,20,0.627545
5,DMS-ACC,naive,ACC,21,0.715846
5,DMS-ACC,naive,ACC,22,0.085681
5,DMS-ACC,naive,ACC,23,0.025409
5,DMS-ACC,naive,ACC,24,0.032549
5,DMS-ACC,naive,ACC,25,0.070524
5,DMS-ACC,naive,ACC,26,0.042024
5,DMS-ACC,naive,ACC,27,0.054952
5,DMS-ACC,naive,ACC,28,0.158175
5,DMS-ACC,naive,ACC,29,0.142277
5,DMS-ACC,naive,ACC,30,0.080347
5,DMS-ACC,naive,ACC,31,0.012227
5,DMS-ACC,naive,ACC,32,0.041507
5,DMS-ACC,naive,ACC,33,0.284587
5,DMS-ACC,naive,ACC,34,0.042561
5,DMS-ACC,naive,ACC,35,0.106642
5,DMS-ACC,naive,ACC,36,0.140087
5,DMS-ACC,naive,ACC,37,0.055066
5,DMS-ACC,naive,ACC,38,0.0278
5,DMS-ACC,naive,ACC,39,0.18824
5,DMS-ACC,naive,ACC,40,0.01588
5,DMS-ACC,naive,ACC,41,0.033697
5,DMS-ACC,naive,ACC,42,0.587793
5,DMS-ACC,naive,ACC,43,0.002655
5,DMS-ACC,naive,ACC,44,0.666369
5,DMS-ACC,naive,ACC,45,0.03385
5,DMS-ACC,naive,ACC,46,0.128627
5,DMS-ACC,naive,ACC,47,0.067156
5,DMS-ACC,naive,ACC,48,0.034701
5,DMS-ACC,naive,ACC,49,0.078243
5,DMS-ACC,naive,ACC,50,0.02338
5,DMS-ACC,naive,ACC,51,0.056064
5,DMS-ACC,naive,ACC,52,0.020795
5,DMS-ACC,naive,ACC,53,0.058908
5,DMS-ACC,naive,ACC,54,0.058156
5,DMS-ACC,naive,ACC,55,0.035867
5,DMS-ACC,naive,ACC,56,0.02667
5,DMS-ACC,naive,ACC,57,0.12642
5,DMS-ACC,naive,ACC,58,0.0054
5,DMS-ACC,naive,ACC,59,0.118461
5,DMS-ACC,naive,ACC,60,0.047015
5,DMS-ACC,naive,ACC,61,0.059488
5,DMS-ACC,naive,ACC,62,0.166098
5,DMS-ACC,naive,ACC,63,0.036979
5,DMS-ACC,naive,ACC,64,0.009754
5,DMS-ACC,naive,ACC,65,0.037447
5,DMS-ACC,naive,ACC,66,0.410312
5,DMS-ACC,naive,ACC,67,0.087274
5,DMS-ACC,naive,ACC,68,0.104124
5,DMS-ACC,naive,ACC,69,0.025806
5,DMS-ACC,naive,ACC,70,0.02657
5,DMS-ACC,naive,ACC,71,0.046096
5,DMS-ACC,naive,ACC,72,0.014808
5,DMS-ACC,naive,ACC,73,0.044258
5,DMS-ACC,naive,ACC,74,0.026667
5,DMS-ACC,naive,ACC,75,0.026266
5,DMS-ACC,naive,ACC,76,0.043149
5,DMS-ACC,naive,ACC,77,0.086833
5,DMS-ACC,naive,ACC,78,0.078398
5,DMS-ACC,naive,ACC,79,0.108103
5,DMS-ACC,naive,ACC,80,0.091581
5,DMS-ACC,naive,ACC,81,0.112545
5,DMS-ACC,naive,ACC,82,0.127727
5,DMS-ACC,naive,ACC,83,0.011199
5,DMS-ACC,naive,ACC,84,0.361673
5,DMS-ACC,naive,ACC,85,0.068512
5,DMS-ACC,naive,ACC,86,0.336353
5,DMS-ACC,naive,ACC,87,0.051267
5,DMS-ACC,naive,ACC,88,0.058562
5,DMS-ACC,naive,ACC,89,0.050518
5,DMS-ACC,naive,ACC,90,0.053929
5,DMS-ACC,naive,ACC,91,0.223349
5,DMS-ACC,naive,ACC,92,0.167682
5,DMS-ACC,naive,ACC,93,0.0
5,DMS-ACC,naive,ACC,94,0.0
5,DMS-ACC,naive,ACC,95,0.075806
5,DMS-ACC,naive,ACC,96,0.584758
5,DMS-ACC,naive,ACC,97,0.029613
5,DMS-ACC,naive,ACC,98,0.0
5,DMS-ACC,naive,ACC,99,0.583952
5,DMS-ACC,naive,ACC,100,0.056184
5,DMS-ACC,naive,ACC,101,0.017338
5,DMS-ACC,naive,ACC,102,0.009067
5,DMS-ACC,naive,ACC,103,0.012216
5,DMS-ACC,naive,ACC,104,0.053177
5,DMS-ACC,naive,ACC,105,0.132619
5,DMS-ACC,naive,ACC,106,0.034626
5,DMS-ACC,naive,ACC,107,0.039848
5,DMS-ACC,naive,ACC,108,0.063907
5,DMS-ACC,naive,ACC,109,0.036516
5,DMS-ACC,naive,ACC,110,0.023013
5,DMS-ACC,naive,ACC,111,0.289614
5,DMS-ACC,naive,ACC,112,0.009904
5,DMS-ACC,naive,ACC,113,0.006396
5,DMS-ACC,naive,ACC,114,0.030258
5,DMS-ACC,naive,ACC,115,0.677313
5,DMS-ACC,naive,ACC,116,0.015151
5,DMS-ACC,naive,ACC,117,0.050954
5,DMS-ACC,naive,ACC,118,0.018774
5,DMS-ACC,naive,ACC,119,0.672979
5,DMS-ACC,naive,ACC,120,0.078377
5,DMS-ACC,naive,ACC,121,0.319061
5,DMS-ACC,naive,ACC,122,0.016377
5,DMS-ACC,naive,ACC,123,0.705574
5,DMS-ACC,naive,ACC,124,0.072603
5,DMS-ACC,naive,ACC,125,0.01396
5,DMS-ACC,naive,ACC,126,0.083772
5,DMS-ACC,naive,ACC,127,0.062595
5,DMS-ACC,naive,ACC,128,0.0
5,DMS-ACC,naive,ACC,129,0.026102
5,DMS-ACC,naive,ACC,130,0.28885
5,DMS-ACC,naive,ACC,131,0.053768
5,DMS-ACC,naive,ACC,132,0.102856
5,DMS-ACC,naive,ACC,133,0.025537
5,DMS-ACC,naive,ACC,134,0.186073
5,DMS-ACC,naive,ACC,135,0.046405
5,DMS-ACC,naive,ACC,136,0.111139
5,DMS-ACC,naive,ACC,137,0.270515
5,DMS-ACC,naive,ACC,138,0.042386
5,DMS-ACC,naive,ACC,139,0.017434
5,DMS-ACC,naive,ACC,140,0.047027
5,DMS-ACC,naive,ACC,141,0.05475
5,DMS-ACC,naive,ACC,142,0.047241
5,DMS-ACC,naive,ACC,143,0.088589
5,DMS-ACC,naive,ACC,144,0.000537
5,DMS-ACC,naive,ACC,145,0.070219
5,DMS-ACC,naive,ACC,146,0.03632
5,DMS-ACC,naive,ACC,147,0.041354
5,DMS-ACC,naive,ACC,148,0.582491
5,DMS-ACC,naive,ACC,149,0.0
5,DMS-ACC,naive,ACC,150,0.0
5,DMS-ACC,naive,ACC,151,0.006147
5,DMS-ACC,naive,ACC,152,0.046581
5,DMS-ACC,naive,ACC,153,0.723434
5,DMS-ACC,naive,ACC,154,0.691736
5,DMS-ACC,naive,ACC,155,0.701338
5,DMS-ACC,naive,ACC,156,0.073363
5,DMS-ACC,naive,ACC,157,0.031048
5,DMS-ACC,naive,ACC,158,0.033656
5,DMS-ACC,naive,ACC,159,0.082004
5,DMS-ACC,naive,ACC,160,0.007852
5,DMS-ACC,naive,ACC,161,0.646561
5,DMS-ACC,naive,ACC,162,0.536026
5,DMS-ACC,naive,ACC,163,0.030658
5,DMS-ACC,naive,ACC,164,0.218051
5,DMS-ACC,naive,ACC,165,0.004418
5,DMS-ACC,naive,ACC,166,0.013813
5,DMS-ACC,naive,ACC,167,0.002845
5,DMS-ACC,naive,ACC,168,0.036427
5,DMS-ACC,naive,ACC,169,0.039515
5,DMS-ACC,naive,ACC,170,0.242318
5,DMS-ACC,naive,ACC,171,0.035248
5,DMS-ACC,naive,ACC,172,0.664941
5,DMS-ACC,naive,ACC,173,0.075074
5,DMS-ACC,naive,ACC,174,0.132039
5,DMS-ACC,intermediate,DMS,0,0.621671
5,DMS-ACC,intermediate,DMS,1,0.826775
5,DMS-ACC,intermediate,DMS,2,0.805163
5,DMS-ACC,intermediate,DMS,3,0.878957
5,DMS-ACC,intermediate,DMS,4,0.87681
5,DMS-ACC,intermediate,DMS,5,0.093879
5,DMS-ACC,intermediate,DMS,6,0.961428
5,DMS-ACC,intermediate,DMS,7,0.029038
5,DMS-ACC,intermediate,DMS,8,0.71345
5,DMS-ACC,intermediate,DMS,9,0.66584
5,DMS-ACC,intermediate,DMS,10,0.319047
5,DMS-ACC,intermediate,DMS,11,0.09413
5,DMS-ACC,intermediate,DMS,12,0.185933
5,DMS-ACC,intermediate,DMS,13,0.046866
5,DMS-ACC,intermediate,DMS,14,0.470867
5,DMS-ACC,intermediate,DMS,15,0.081018
5,DMS-ACC,intermediate,DMS,16,0.0
5,DMS-ACC,intermediate,DMS,17,0.612663
5,DMS-ACC,intermediate,DMS,18,0.050554
5,DMS-ACC,intermediate,DMS,19,0.823564
5,DMS-ACC,intermediate,DMS,20,0.963052
5,DMS-ACC,intermediate,DMS,21,0.306137
5,DMS-ACC,intermediate,DMS,22,0.226597
5,DMS-ACC,intermediate,DMS,23,0.831529
5,DMS-ACC,intermediate,DMS,24,0.524214
5,DMS-ACC,intermediate,DMS,25,0.317802
5,DMS-ACC,intermediate,DMS,26,0.79525
5,DMS-ACC,intermediate,DMS,27,0.760776
5,DMS-ACC,intermediate,DMS,28,0.0
5,DMS-ACC,intermediate,DMS,29,0.058379
5,DMS-ACC,intermediate,DMS,30,0.090583
5,DMS-ACC,intermediate,DMS,31,0.140273
5,DMS-ACC,intermediate,DMS,32,0.057259
5,DMS-ACC,intermediate,DMS,33,0.070275
5,DMS-ACC,intermediate,DMS,34,0.011085
5,DMS-ACC,intermediate,DMS,35,0.560145
5,DMS-ACC,intermediate,DMS,36,0.873974
5,DMS-ACC,intermediate,DMS,37,0.111672
5,DMS-ACC,intermediate,DMS,38,0.843329
5,DMS-ACC,intermediate,DMS,39,0.260715
5,DMS-ACC,intermediate,DMS,40,0.0
5,DMS-ACC,intermediate,DMS,41,0.875309
5,DMS-ACC,intermediate,DMS,42,0.003599
5,DMS-ACC,intermediate,DMS,43,0.061966
5,DMS-ACC,intermediate,DMS,44,0.156144
5,DMS-ACC,intermediate,DMS,45,0.904412
5,DMS-ACC,intermediate,DMS,46,0.014784
5,DMS-ACC,intermediate,DMS,47,0.389222
5,DMS-ACC,intermediate,DMS,48,0.00677
5,DMS-ACC,intermediate,DMS,49,0.098158
5,DMS-ACC,intermediate,DMS,50,0.027389
5,DMS-ACC,intermediate,DMS,51,0.081704
5,DMS-ACC,intermediate,DMS,52,0.114022
5,DMS-ACC,intermediate,DMS,53,0.566876
5,DMS-ACC,intermediate,DMS,54,0.014853
5,DMS-ACC,intermediate,ACC,0,0.076351
5,DMS-ACC,intermediate,ACC,1,0.039857
5,DMS-ACC,intermediate,ACC,2,0.086657
5,DMS-ACC,intermediate,ACC,3,0.072298
5,DMS-ACC,intermediate,ACC,4,0.658132
5,DMS-ACC,intermediate,ACC,5,0.086252
5,DMS-ACC,intermediate,ACC,6,0.068074
5,DMS-ACC,intermediate,ACC,7,0.068399
5,DMS-ACC,intermediate,ACC,8,0.081643
5,DMS-ACC,intermediate,ACC,9,0.04173
5,DMS-ACC,intermediate,ACC,10,0.706714
5,DMS-ACC,intermediate,ACC,11,0.076815
5,DMS-ACC,intermediate,ACC,12,0.051838
5,DMS-ACC,intermediate,ACC,13,0.043451
5,DMS-ACC,intermediate,ACC,14,0.050487
5,DMS-ACC,intermediate,ACC,15,0.65544
5,DMS-ACC,intermediate,ACC,16,0.145134
5,DMS-ACC,intermediate,ACC,17,0.089425
5,DMS-ACC,intermediate,ACC,18,0.150455
5,DMS-ACC,intermediate,ACC,19,0.045532
5,DMS-ACC,intermediate,ACC,20,0.035825
5,DMS-ACC,intermediate,ACC,21,0.0
5,DMS-ACC,intermediate,ACC,22,0.027444
5,DMS-ACC,intermediate,ACC,23,0.046362
5,DMS-ACC,intermediate,ACC,24,0.19556
5,DMS-ACC,intermediate,ACC,25,0.139938
5,DMS-ACC,intermediate,ACC,26,0.08297
5,DMS-ACC,intermediate,ACC,27,0.063793
5,DMS-ACC,intermediate,ACC,28,0.242896
5,DMS-ACC,intermediate,ACC,29,0.099118
5,DMS-ACC,intermediate,ACC,30,0.134309
5,DMS-ACC,intermediate,ACC,31,0.080486
5,DMS-ACC,intermediate,ACC,32,0.158665
5,DMS-ACC,intermediate,ACC,33,0.01963
5,DMS-ACC,intermediate,ACC,34,0.05873
5,DMS-ACC,intermediate,ACC,35,0.239119
5,DMS-ACC,intermediate,ACC,36,0.177073
5,DMS-ACC,intermediate,ACC,37,0.019558
5,DMS-ACC,intermediate,ACC,38,0.047186
5,DMS-ACC,intermediate,ACC,39,0.161439
5,DMS-ACC,intermediate,ACC,40,0.729745
5,DMS-ACC,intermediate,ACC,41,0.067709
5,DMS-ACC,intermediate,ACC,42,0.738934
5,DMS-ACC,intermediate,ACC,43,0.750975
5,DMS-ACC,intermediate,ACC,44,0.028876
5,DMS-ACC,intermediate,ACC,45,0.035776
5,DMS-ACC,intermediate,ACC,46,0.091066
5,DMS-ACC,intermediate,ACC,47,0.051436
5,DMS-ACC,intermediate,ACC,48,0.151604
5,DMS-ACC,intermediate,ACC,49,0.0868
5,DMS-ACC,intermediate,ACC,50,0.021382
5,DMS-ACC,intermediate,ACC,51,0.083119
5,DMS-ACC,intermediate,ACC,52,0.059741
5,DMS-ACC,intermediate,ACC,53,0.124045
5,DMS-ACC,intermediate,ACC,54,0.074626
5,DMS-ACC,intermediate,ACC,55,0.065643
5,DMS-ACC,intermediate,ACC,56,0.070542
5,DMS-ACC,intermediate,ACC,57,0.074156
5,DMS-ACC,intermediate,ACC,58,0.43633
5,DMS-ACC,intermediate,ACC,59,0.035884
5,DMS-ACC,intermediate,ACC,60,0.197957
5,DMS-ACC,intermediate,ACC,61,0.218159
5,DMS-ACC,intermediate,ACC,62,0.331399
5,DMS-ACC,intermediate,ACC,63,0.351417
5,DMS-ACC,intermediate,ACC,64,0.074004
5,DMS-ACC,intermediate,ACC,65,0.129628
5,DMS-ACC,intermediate,ACC,66,0.021583
5,DMS-ACC,intermediate,ACC,67,0.718787
5,DMS-ACC,intermediate,ACC,68,0.16431
5,DMS-ACC,intermediate,ACC,69,0.040229
5,DMS-ACC,intermediate,ACC,70,0.06674
5,DMS-ACC,intermediate,ACC,71,0.527593
5,DMS-ACC,intermediate,ACC,72,0.590623
5,DMS-ACC,intermediate,ACC,73,0.106207
5,DMS-ACC,intermediate,ACC,74,0.053752
5,DMS-ACC,intermediate,ACC,75,0.081911
5,DMS-ACC,intermediate,ACC,76,0.276441
5,DMS-ACC,intermediate,ACC,77,0.178106
5,DMS-ACC,intermediate,ACC,78,0.156696
5,DMS-ACC,intermediate,ACC,79,0.225235
5,DMS-ACC,intermediate,ACC,80,0.085068
5,DMS-ACC,intermediate,ACC,81,0.060393
5,DMS-ACC,intermediate,ACC,82,0.060011
5,DMS-ACC,intermediate,ACC,83,0.029214
5,DMS-ACC,intermediate,ACC,84,0.183621
5,DMS-ACC,intermediate,ACC,85,0.098643
5,DMS-ACC,intermediate,ACC,86,0.190921
5,DMS-ACC,intermediate,ACC,87,0.016498
5,DMS-ACC,intermediate,ACC,88,0.018699
5,DMS-ACC,intermediate,ACC,89,0.07038
5,DMS-ACC,intermediate,ACC,90,0.058748
5,DMS-ACC,intermediate,ACC,91,0.023533
5,DMS-ACC,intermediate,ACC,92,0.098305
5,DMS-ACC,intermediate,ACC,93,0.011802
5,DMS-ACC,intermediate,ACC,94,0.0
5,DMS-ACC,intermediate,ACC,95,0.045025
5,DMS-ACC,intermediate,ACC,96,0.695706
5,DMS-ACC,intermediate,ACC,97,0.106985
5,DMS-ACC,intermediate,ACC,98,0.416572
5,DMS-ACC,intermediate,ACC,99,0.007137
5,DMS-ACC,intermediate,ACC,100,0.013777
5,DMS-ACC,intermediate,ACC,101,0.101887
5,DMS-ACC,intermediate,ACC,102,0.681513
5,DMS-ACC,intermediate,ACC,103,0.716758
5,DMS-ACC,intermediate,ACC,104,0.091478
5,DMS-ACC,intermediate,ACC,105,0.018442
5,DMS-ACC,intermediate,ACC,106,0.015873
5,DMS-ACC,intermediate,ACC,107,0.013629
5,DMS-ACC,intermediate,ACC,108,0.032061
5,DMS-ACC,intermediate,ACC,109,0.020499
5,DMS-ACC,intermediate,ACC,110,0.0
5,DMS-ACC,intermediate,ACC,111,0.013952
5,DMS-ACC,intermediate,ACC,112,0.023763
5,DMS-ACC,intermediate,ACC,113,0.248349
5,DMS-ACC,intermediate,ACC,114,0.10111
5,DMS-ACC,intermediate,ACC,115,0.008699
5,DMS-ACC,intermediate,ACC,116,0.563784
5,DMS-ACC,intermediate,ACC,117,0.048405
5,DMS-ACC,intermediate,ACC,118,0.126815
5,DMS-ACC,intermediate,ACC,119,0.513682
5,DMS-ACC,intermediate,ACC,120,0.106689
5,DMS-ACC,intermediate,ACC,121,0.057546
5,DMS-ACC,intermediate,ACC,122,0.023607
5,DMS-ACC,intermediate,ACC,123,0.034952
5,DMS-ACC,intermediate,ACC,124,0.695897
5,DMS-ACC,intermediate,ACC,125,0.465631
5,DMS-ACC,intermediate,ACC,126,0.059994
5,DMS-ACC,intermediate,ACC,127,0.10096
5,DMS-ACC,intermediate,ACC,128,0.0
5,DMS-ACC,intermediate,ACC,129,0.004155
5,DMS-ACC,intermediate,ACC,130,0.733345
5,DMS-ACC,intermediate,ACC,131,0.076429
5,DMS-ACC,intermediate,ACC,132,0.080961
5,DMS-ACC,intermediate,ACC,133,0.031175
5,DMS-ACC,intermediate,ACC,134,0.087313
5,DMS-ACC,intermediate,ACC,135,0.1994
5,DMS-ACC,intermediate,ACC,136,0.104768
5,DMS-ACC,intermediate,ACC,137,0.095256
5,DMS-ACC,intermediate,ACC,138,0.096427
5,DMS-ACC,intermediate,ACC,139,0.052573
5,DMS-ACC,intermediate,ACC,140,0.061697
5,DMS-ACC,intermediate,ACC,141,0.03414
5,DMS-ACC,intermediate,ACC,142,0.028935
5,DMS-ACC,intermediate,ACC,143,0.077363
5,DMS-ACC,intermediate,ACC,144,0.026904
5,DMS-ACC,intermediate,ACC,145,0.084662
5,DMS-ACC,intermediate,ACC,146,0.209037
5,DMS-ACC,intermediate,ACC,147,0.119904
5,DMS-ACC,intermediate,ACC,148,0.206536
5,DMS-ACC,intermediate,ACC,149,0.0
5,DMS-ACC,intermediate,ACC,150,0.0
5,DMS-ACC,intermediate,ACC,151,0.72602
5,DMS-ACC,intermediate,ACC,152,0.045066
5,DMS-ACC,intermediate,ACC,153,0.403226
5,DMS-ACC,intermediate,ACC,154,0.038446
5,DMS-ACC,intermediate,ACC,155,0.068475
5,DMS-ACC,intermediate,ACC,156,0.030793
5,DMS-ACC,intermediate,ACC,157,0.044597
5,DMS-ACC,intermediate,ACC,158,0.147472
5,DMS-ACC,intermediate,ACC,159,0.191722
5,DMS-ACC,intermediate,ACC,160,0.381172
5,DMS-ACC,intermediate,ACC,161,0.031731
5,DMS-ACC,intermediate,ACC,162,0.009792
5,DMS-ACC,intermediate,ACC,163,0.650322
5,DMS-ACC,intermediate,ACC,164,0.031125
5,DMS-ACC,intermediate,ACC,165,0.180219
5,DMS-ACC,intermediate,ACC,166,0.364927
5,DMS-ACC,intermediate,ACC,167,0.095193
5,DMS-ACC,intermediate,ACC,168,0.194124
5,DMS-ACC,intermediate,ACC,169,0.029408
5,DMS-ACC,intermediate,ACC,170,0.141342
5,DMS-ACC,intermediate,ACC,171,0.036874
5,DMS-ACC,intermediate,ACC,172,0.021895
5,DMS-ACC,intermediate,ACC,173,0.284587
5,DMS-ACC,intermediate,ACC,174,0.125783
5,DMS-ACC,expert,DMS,0,0.27932
5,DMS-ACC,expert,DMS,1,0.16154
5,DMS-ACC,expert,DMS,2,0.028938
5,DMS-ACC,expert,DMS,3,0.92808
5,DMS-ACC,expert,DMS,4,0.066817
5,DMS-ACC,expert,DMS,5,0.13061
5,DMS-ACC,expert,DMS,6,0.895742
5,DMS-ACC,expert,DMS,7,0.034687
5,DMS-ACC,expert,DMS,8,0.18474
5,DMS-ACC,expert,DMS,9,0.204953
5,DMS-ACC,expert,DMS,10,0.0
5,DMS-ACC,expert,DMS,11,0.887282
5,DMS-ACC,expert,DMS,12,0.373668
5,DMS-ACC,expert,DMS,13,0.90804
5,DMS-ACC,expert,DMS,14,0.946975
5,DMS-ACC,expert,DMS,15,0.168611
5,DMS-ACC,expert,DMS,16,0.011025
5,DMS-ACC,expert,DMS,17,0.035867
5,DMS-ACC,expert,DMS,18,0.162561
5,DMS-ACC,expert,DMS,19,0.923574
5,DMS-ACC,expert,DMS,20,0.961471
5,DMS-ACC,expert,DMS,21,0.0
5,DMS-ACC,expert,DMS,22,0.0
5,DMS-ACC,expert,DMS,23,0.046349
5,DMS-ACC,expert,DMS,24,0.807451
5,DMS-ACC,expert,DMS,25,0.87977
5,DMS-ACC,expert,DMS,26,0.045733
5,DMS-ACC,expert,DMS,27,0.027684
5,DMS-ACC,expert,DMS,28,0.182137
5,DMS-ACC,expert,DMS,29,0.911046
5,DMS-ACC,expert,DMS,30,0.770011
5,DMS-ACC,expert,DMS,31,0.704277
5,DMS-ACC,expert,DMS,32,0.021321
5,DMS-ACC,expert,DMS,33,0.978297
5,DMS-ACC,expert,DMS,34,0.194358
5,DMS-ACC,expert,DMS,35,0.806533
5,DMS-ACC,expert,DMS,36,0.0
5,DMS-ACC,expert,DMS,37,0.0
5,DMS-ACC,expert,DMS,38,0.887948
5,DMS-ACC,expert,DMS,39,0.075872
5,DMS-ACC,expert,DMS,40,0.0
5,DMS-ACC,expert,DMS,41,0.044934
5,DMS-ACC,expert,DMS,42,0.0
5,DMS-ACC,expert,DMS,43,0.0
5,DMS-ACC,expert,DMS,44,1.021986
5,DMS-ACC,expert,DMS,45,0.903622
5,DMS-ACC,expert,DMS,46,0.045297
5,DMS-ACC,expert,DMS,47,0.081575
5,DMS-ACC,expert,DMS,48,0.042656
5,DMS-ACC,expert,DMS,49,0.996336
5,DMS-ACC,expert,DMS,50,0.261213
5,DMS-ACC,expert,DMS,51,1.023111
5,DMS-ACC,expert,DMS,52,1.036149
5,DMS-ACC,expert,DMS,53,0.032988
5,DMS-ACC,expert,DMS,54,0.004899
5,DMS-ACC,expert,ACC,0,0.046542
5,DMS-ACC,expert,ACC,1,0.048417
5,DMS-ACC,expert,ACC,2,0.072316
5,DMS-ACC,expert,ACC,3,0.102861
5,DMS-ACC,expert,ACC,4,0.091987
5,DMS-ACC,expert,ACC,5,0.06219
5,DMS-ACC,expert,ACC,6,0.022862
5,DMS-ACC,expert,ACC,7,0.044914
5,DMS-ACC,expert,ACC,8,0.058742
5,DMS-ACC,expert,ACC,9,0.035186
5,DMS-ACC,expert,ACC,10,0.167393
5,DMS-ACC,expert,ACC,11,0.036505
5,DMS-ACC,expert,ACC,12,0.05368
5,DMS-ACC,expert,ACC,13,0.062653
5,DMS-ACC,expert,ACC,14,0.050931
5,DMS-ACC,expert,ACC,15,0.040517
5,DMS-ACC,expert,ACC,16,0.187613
5,DMS-ACC,expert,ACC,17,0.065124
5,DMS-ACC,expert,ACC,18,0.095631
5,DMS-ACC,expert,ACC,19,0.054597
5,DMS-ACC,expert,ACC,20,0.049042
5,DMS-ACC,expert,ACC,21,0.006209
5,DMS-ACC,expert,ACC,22,0.053264
5,DMS-ACC,expert,ACC,23,0.044617
5,DMS-ACC,expert,ACC,24,0.032093
5,DMS-ACC,expert,ACC,25,0.064436
5,DMS-ACC,expert,ACC,26,0.068783
5,DMS-ACC,expert,ACC,27,0.077198
5,DMS-ACC,expert,ACC,28,0.114126
5,DMS-ACC,expert,ACC,29,0.028964
5,DMS-ACC,expert,ACC,30,0.059722
5,DMS-ACC,expert,ACC,31,0.094709
5,DMS-ACC,expert,ACC,32,0.160277
5,DMS-ACC,expert,ACC,33,0.018018
5,DMS-ACC,expert,ACC,34,0.039934
5,DMS-ACC,expert,ACC,35,0.104555
5,DMS-ACC,expert,ACC,36,0.0868
5,DMS-ACC,expert,ACC,37,0.023131
5,DMS-ACC,expert,ACC,38,0.638494
5,DMS-ACC,expert,ACC,39,0.107318
5,DMS-ACC,expert,ACC,40,0.018329
5,DMS-ACC,expert,ACC,41,0.063502
5,DMS-ACC,expert,ACC,42,0.029494
5,DMS-ACC,expert,ACC,43,0.113359
5,DMS-ACC,expert,ACC,44,0.101113
5,DMS-ACC,expert,ACC,45,0.079808
5,DMS-ACC,expert,ACC,46,0.050618
5,DMS-ACC,expert,ACC,47,0.047069
5,DMS-ACC,expert,ACC,48,0.072683
5,DMS-ACC,expert,ACC,49,0.039713
5,DMS-ACC,expert,ACC,50,0.123191
5,DMS-ACC,expert,ACC,51,0.101206
5,DMS-ACC,expert,ACC,52,0.096873
5,DMS-ACC,expert,ACC,53,0.075453
5,DMS-ACC,expert,ACC,54,0.080797
5,DMS-ACC,expert,ACC,55,0.052384
5,DMS-ACC,expert,ACC,56,0.066205
5,DMS-ACC,expert,ACC,57,0.049447
5,DMS-ACC,expert,ACC,58,0.669777
5,DMS-ACC,expert,ACC,59,0.047656
5,DMS-ACC,expert,ACC,60,0.076887
5,DMS-ACC,expert,ACC,61,0.129424
5,DMS-ACC,expert,ACC,62,0.096044
5,DMS-ACC,expert,ACC,63,0.169737
5,DMS-ACC,expert,ACC,64,0.099925
5,DMS-ACC,expert,ACC,65,0.074846
5,DMS-ACC,expert,ACC,66,0.028384
5,DMS-ACC,expert,ACC,67,0.065442
5,DMS-ACC,expert,ACC,68,0.212996
5,DMS-ACC,expert,ACC,69,0.044402
5,DMS-ACC,expert,ACC,70,0.261837
5,DMS-ACC,expert,ACC,71,0.554898
5,DMS-ACC,expert,ACC,72,0.208822
5,DMS-ACC,expert,ACC,73,0.061637
5,DMS-ACC,expert,ACC,74,0.070663
5,DMS-ACC,expert,ACC,75,0.34071
5,DMS-ACC,expert,ACC,76,0.072036
5,DMS-ACC,expert,ACC,77,0.184188
5,DMS-ACC,expert,ACC,78,0.655851
5,DMS-ACC,expert,ACC,79,0.050049
5,DMS-ACC,expert,ACC,80,0.059699
5,DMS-ACC,expert,ACC,81,0.055546
5,DMS-ACC,expert,ACC,82,0.041478
5,DMS-ACC,expert,ACC,83,0.563414
5,DMS-ACC,expert,ACC,84,0.431373
5,DMS-ACC,expert,ACC,85,0.110839
5,DMS-ACC,expert,ACC,86,0.470048
5,DMS-ACC,expert,ACC,87,0.165106
5,DMS-ACC,expert,ACC,88,0.541439
5,DMS-ACC,expert,ACC,89,0.590816
5,DMS-ACC,expert,ACC,90,0.014182
5,DMS-ACC,expert,ACC,91,0.113122
5,DMS-ACC,expert,ACC,92,0.106919
5,DMS-ACC,expert,ACC,93,0.075585
5,DMS-ACC,expert,ACC,94,0.075783
5,DMS-ACC,expert,ACC,95,0.241895
5,DMS-ACC,expert,ACC,96,0.0
5,DMS-ACC,expert,ACC,97,0.060662
5,DMS-ACC,expert,ACC,98,0.080359
5,DMS-ACC,expert,ACC,99,0.411674
5,DMS-ACC,expert,ACC,100,0.586628
5,DMS-ACC,expert,ACC,101,0.027703
5,DMS-ACC,expert,ACC,102,0.201585
5,DMS-ACC,expert,ACC,103,0.104487
5,DMS-ACC,expert,ACC,104,0.029945
5,DMS-ACC,expert,ACC,105,0.012293
5,DMS-ACC,expert,ACC,106,0.041204
5,DMS-ACC,expert,ACC,107,0.022761
5,DMS-ACC,expert,ACC,108,0.060343
5,DMS-ACC,expert,ACC,109,0.023516
5,DMS-ACC,expert,ACC,110,0.0
5,DMS-ACC,expert,ACC,111,0.018596
5,DMS-ACC,expert,ACC,112,0.0
5,DMS-ACC,expert,ACC,113,0.348517
5,DMS-ACC,expert,ACC,114,0.026085
5,DMS-ACC,expert,ACC,115,0.009584
5,DMS-ACC,expert,ACC,116,0.055985
5,DMS-ACC,expert,ACC,117,0.02052
5,DMS-ACC,expert,ACC,118,0.046634
5,DMS-ACC,expert,ACC,119,0.637035
5,DMS-ACC,expert,ACC,120,0.061267
5,DMS-ACC,expert,ACC,121,0.631187
5,DMS-ACC,expert,ACC,122,0.679671
5,DMS-ACC,expert,ACC,123,0.666093
5,DMS-ACC,expert,ACC,124,0.031729
5,DMS-ACC,expert,ACC,125,0.035258
5,DMS-ACC,expert,ACC,126,0.083691
5,DMS-ACC,expert,ACC,127,0.151104
5,DMS-ACC,expert,ACC,128,0.0
5,DMS-ACC,expert,ACC,129,0.004886
5,DMS-ACC,expert,ACC,130,0.090561
5,DMS-ACC,expert,ACC,131,0.035159
5,DMS-ACC,expert,ACC,132,0.051155
5,DMS-ACC,expert,ACC,133,0.027828
5,DMS-ACC,expert,ACC,134,0.063226
5,DMS-ACC,expert,ACC,135,0.18322
5,DMS-ACC,expert,ACC,136,0.118341
5,DMS-ACC,expert,ACC,137,0.22299
5,DMS-ACC,expert,ACC,138,0.112348
5,DMS-ACC,expert,ACC,139,0.610396
5,DMS-ACC,expert,ACC,140,0.077891
5,DMS-ACC,expert,ACC,141,0.159262
5,DMS-ACC,expert,ACC,142,0.144516
5,DMS-ACC,expert,ACC,143,0.08635
5,DMS-ACC,expert,ACC,144,0.004109
5,DMS-ACC,expert,ACC,145,0.618819
5,DMS-ACC,expert,ACC,146,0.041134
5,DMS-ACC,expert,ACC,147,0.08401
5,DMS-ACC,expert,ACC,148,0.029401
5,DMS-ACC,expert,ACC,149,0.039063
5,DMS-ACC,expert,ACC,150,0.193733
5,DMS-ACC,expert,ACC,151,0.014472
5,DMS-ACC,expert,ACC,152,0.090387
5,DMS-ACC,expert,ACC,153,0.012112
5,DMS-ACC,expert,ACC,154,0.065793
5,DMS-ACC,expert,ACC,155,0.022171
5,DMS-ACC,expert,ACC,156,0.025098
5,DMS-ACC,expert,ACC,157,0.065688
5,DMS-ACC,expert,ACC,158,0.608071
5,DMS-ACC,expert,ACC,159,0.106226
5,DMS-ACC,expert,ACC,160,0.108129
5,DMS-ACC,expert,ACC,161,0.04843
5,DMS-ACC,expert,ACC,162,0.118285
5,DMS-ACC,expert,ACC,163,0.038511
5,DMS-ACC,expert,ACC,164,0.010372
5,DMS-ACC,expert,ACC,165,0.607247
5,DMS-ACC,expert,ACC,166,0.680625
5,DMS-ACC,expert,ACC,167,0.093244
5,DMS-ACC,expert,ACC,168,0.017433
5,DMS-ACC,expert,ACC,169,0.031912
5,DMS-ACC,expert,ACC,170,0.16133
5,DMS-ACC,expert,ACC,171,0.105422
5,DMS-ACC,expert,ACC,172,0.033338
5,DMS-ACC,expert,ACC,173,0.60902
5,DMS-ACC,expert,ACC,174,0.03992
5,DLS-ACC,naive,DLS,0,0.019084
5,DLS-ACC,naive,DLS,1,0.128556
5,DLS-ACC,naive,DLS,2,0.035953
5,DLS-ACC,naive,DLS,3,0.080147
5,DLS-ACC,naive,DLS,4,0.011342
5,DLS-ACC,naive,DLS,5,0.005379
5,DLS-ACC,naive,DLS,6,0.043628
5,DLS-ACC,naive,DLS,7,0.071238
5,DLS-ACC,naive,DLS,8,0.111974
5,DLS-ACC,naive,DLS,9,0.053493
5,DLS-ACC,naive,DLS,10,0.0
5,DLS-ACC,naive,DLS,11,0.008836
5,DLS-ACC,naive,DLS,12,0.113814
5,DLS-ACC,naive,DLS,13,0.164055
5,DLS-ACC,naive,DLS,14,0.097788
5,DLS-ACC,naive,DLS,15,0.0
5,DLS-ACC,naive,DLS,16,0.0895
5,DLS-ACC,naive,DLS,17,0.032959
5,DLS-ACC,naive,DLS,18,0.083677
5,DLS-ACC,naive,DLS,19,0.015266
5,DLS-ACC,naive,DLS,20,0.426695
5,DLS-ACC,naive,DLS,21,0.086102
5,DLS-ACC,naive,DLS,22,0.481401
5,DLS-ACC,naive,DLS,23,0.0
5,DLS-ACC,naive,DLS,24,0.063448
5,DLS-ACC,naive,DLS,25,0.038121
5,DLS-ACC,naive,DLS,26,0.0
5,DLS-ACC,naive,DLS,27,0.029627
5,DLS-ACC,naive,DLS,28,0.376977
5,DLS-ACC,naive,DLS,29,0.401222
5,DLS-ACC,naive,DLS,30,0.067137
5,DLS-ACC,naive,DLS,31,0.022853
5,DLS-ACC,naive,DLS,32,0.032283
5,DLS-ACC,naive,DLS,33,0.073196
5,DLS-ACC,naive,DLS,34,0.05374
5,DLS-ACC,naive,DLS,35,0.037298
5,DLS-ACC,naive,DLS,36,0.064195
5,DLS-ACC,naive,DLS,37,0.052345
5,DLS-ACC,naive,DLS,38,0.031553
5,DLS-ACC,naive,DLS,39,0.007164
5,DLS-ACC,naive,DLS,40,0.0
5,DLS-ACC,naive,DLS,41,0.017568
5,DLS-ACC,naive,DLS,42,0.038964
5,DLS-ACC,naive,DLS,43,0.039196
5,DLS-ACC,naive,DLS,44,0.041292
5,DLS-ACC,naive,DLS,45,0.044519
5,DLS-ACC,naive,DLS,46,0.059002
5,DLS-ACC,naive,DLS,47,0.019724
5,DLS-ACC,naive,DLS,48,0.079633
5,DLS-ACC,naive,DLS,49,0.021416
5,DLS-ACC,naive,DLS,50,0.082076
5,DLS-ACC,naive,DLS,51,0.073003
5,DLS-ACC,naive,DLS,52,0.078387
5,DLS-ACC,naive,DLS,53,0.018372
5,DLS-ACC,naive,DLS,54,0.019599
5,DLS-ACC,naive,DLS,55,0.026009
5,DLS-ACC,naive,DLS,56,0.093486
5,DLS-ACC,naive,DLS,57,0.063978
5,DLS-ACC,naive,DLS,58,0.096344
5,DLS-ACC,naive,DLS,59,0.04631
5,DLS-ACC,naive,DLS,60,0.256375
5,DLS-ACC,naive,DLS,61,0.071417
5,DLS-ACC,naive,DLS,62,0.033684
5,DLS-ACC,naive,DLS,63,0.079448
5,DLS-ACC,naive,DLS,64,0.069457
5,DLS-ACC,naive,DLS,65,0.071011
5,DLS-ACC,naive,DLS,66,0.087413
5,DLS-ACC,naive,DLS,67,0.008842
5,DLS-ACC,naive,DLS,68,0.105639
5,DLS-ACC,naive,DLS,69,0.025692
5,DLS-ACC,naive,DLS,70,0.073478
5,DLS-ACC,naive,DLS,71,0.065242
5,DLS-ACC,naive,DLS,72,0.055402
5,DLS-ACC,naive,DLS,73,0.027382
5,DLS-ACC,naive,DLS,74,0.347313
5,DLS-ACC,naive,DLS,75,0.016148
5,DLS-ACC,naive,DLS,76,0.279428
5,DLS-ACC,naive,DLS,77,0.125918
5,DLS-ACC,naive,DLS,78,0.040539
5,DLS-ACC,naive,DLS,79,0.040325
5,DLS-ACC,naive,DLS,80,0.063658
5,DLS-ACC,naive,DLS,81,0.36707
5,DLS-ACC,naive,DLS,82,0.038567
5,DLS-ACC,naive,DLS,83,0.391906
5,DLS-ACC,naive,DLS,84,0.0
5,DLS-ACC,naive,DLS,85,0.077476
5,DLS-ACC,naive,DLS,86,0.118891
5,DLS-ACC,naive,DLS,87,0.086239
5,DLS-ACC,naive,DLS,88,0.008807
5,DLS-ACC,naive,DLS,89,0.039502
5,DLS-ACC,naive,DLS,90,0.088129
5,DLS-ACC,naive,DLS,91,0.025887
5,DLS-ACC,naive,DLS,92,0.002558
5,DLS-ACC,naive,DLS,93,0.029345
5,DLS-ACC,naive,DLS,94,0.008347
5,DLS-ACC,naive,DLS,95,0.061616
5,DLS-ACC,naive,DLS,96,0.011766
5,DLS-ACC,naive,DLS,97,0.038537
5,DLS-ACC,naive,DLS,98,0.39769
5,DLS-ACC,naive,DLS,99,0.064189
5,DLS-ACC,naive,DLS,100,0.064864
5,DLS-ACC,naive,DLS,101,0.138526
5,DLS-ACC,naive,DLS,102,0.0
5,DLS-ACC,naive,DLS,103,0.123583
5,DLS-ACC,naive,DLS,104,0.037079
5,DLS-ACC,naive,DLS,105,0.016915
5,DLS-ACC,naive,DLS,106,0.024727
5,DLS-ACC,naive,DLS,107,0.044443
5,DLS-ACC,naive,DLS,108,0.030448
5,DLS-ACC,naive,DLS,109,0.032612
5,DLS-ACC,naive,DLS,110,0.022283
5,DLS-ACC,naive,DLS,111,0.553098
5,DLS-ACC,naive,DLS,112,0.006729
5,DLS-ACC,naive,DLS,113,0.045369
5,DLS-ACC,naive,DLS,114,0.002024
5,DLS-ACC,naive,DLS,115,0.0
5,DLS-ACC,naive,DLS,116,0.023309
5,DLS-ACC,naive,DLS,117,0.011193
5,DLS-ACC,naive,DLS,118,0.022135
5,DLS-ACC,naive,DLS,119,0.026622
5,DLS-ACC,naive,DLS,120,0.066767
5,DLS-ACC,naive,DLS,121,0.0
5,DLS-ACC,naive,DLS,122,0.10455
5,DLS-ACC,naive,DLS,123,0.107603
5,DLS-ACC,naive,DLS,124,0.014346
5,DLS-ACC,naive,DLS,125,0.102093
5,DLS-ACC,naive,DLS,126,0.0303
5,DLS-ACC,naive,DLS,127,0.055387
5,DLS-ACC,naive,DLS,128,0.03351
5,DLS-ACC,naive,DLS,129,0.044494
5,DLS-ACC,naive,DLS,130,0.500583
5,DLS-ACC,naive,DLS,131,0.036934
5,DLS-ACC,naive,DLS,132,0.013013
5,DLS-ACC,naive,DLS,133,0.066904
5,DLS-ACC,naive,DLS,134,0.0
5,DLS-ACC,naive,DLS,135,0.018185
5,DLS-ACC,naive,DLS,136,0.013085
5,DLS-ACC,naive,DLS,137,0.0
5,DLS-ACC,naive,DLS,138,0.067616
5,DLS-ACC,naive,DLS,139,0.022545
5,DLS-ACC,naive,DLS,140,0.056559
5,DLS-ACC,naive,DLS,141,0.014125
5,DLS-ACC,naive,DLS,142,0.005569
5,DLS-ACC,naive,DLS,143,0.003906
5,DLS-ACC,naive,DLS,144,0.027137
5,DLS-ACC,naive,DLS,145,0.017599
5,DLS-ACC,naive,DLS,146,0.0
5,DLS-ACC,naive,DLS,147,0.0
5,DLS-ACC,naive,DLS,148,0.0124
5,DLS-ACC,naive,DLS,149,0.016312
5,DLS-ACC,naive,DLS,150,0.0
5,DLS-ACC,naive,DLS,151,0.0
5,DLS-ACC,naive,DLS,152,0.089168
5,DLS-ACC,naive,DLS,153,0.0
5,DLS-ACC,naive,DLS,154,0.035425
5,DLS-ACC,naive,DLS,155,0.059692
5,DLS-ACC,naive,DLS,156,0.038943
5,DLS-ACC,naive,DLS,157,0.04085
5,DLS-ACC,naive,DLS,158,0.023398
5,DLS-ACC,naive,DLS,159,0.071168
5,DLS-ACC,naive,DLS,160,0.033862
5,DLS-ACC,naive,DLS,161,0.065186
5,DLS-ACC,naive,DLS,162,0.003216
5,DLS-ACC,naive,DLS,163,0.003675
5,DLS-ACC,naive,DLS,164,0.011736
5,DLS-ACC,naive,DLS,165,0.00705
5,DLS-ACC,naive,DLS,166,0.028157
5,DLS-ACC,naive,DLS,167,0.023447
5,DLS-ACC,naive,DLS,168,0.001478
5,DLS-ACC,naive,DLS,169,0.006493
5,DLS-ACC,naive,DLS,170,0.48022
5,DLS-ACC,naive,DLS,171,0.561567
5,DLS-ACC,naive,DLS,172,0.074054
5,DLS-ACC,naive,DLS,173,0.313868
5,DLS-ACC,naive,DLS,174,0.323267
5,DLS-ACC,naive,DLS,175,1e-06
5,DLS-ACC,naive,DLS,176,0.0
5,DLS-ACC,naive,DLS,177,0.0
5,DLS-ACC,naive,DLS,178,0.011623
5,DLS-ACC,naive,DLS,179,0.0
5,DLS-ACC,naive,DLS,180,0.044445
5,DLS-ACC,naive,DLS,181,0.108138
5,DLS-ACC,naive,DLS,182,0.011982
5,DLS-ACC,naive,DLS,183,0.004687
5,DLS-ACC,naive,DLS,184,0.001373
5,DLS-ACC,naive,DLS,185,0.501184
5,DLS-ACC,naive,DLS,186,0.016763
5,DLS-ACC,naive,DLS,187,0.043728
5,DLS-ACC,naive,DLS,188,0.089623
5,DLS-ACC,naive,DLS,189,0.020681
5,DLS-ACC,naive,DLS,190,0.037171
5,DLS-ACC,naive,DLS,191,0.0518
5,DLS-ACC,naive,DLS,192,0.043187
5,DLS-ACC,naive,DLS,193,0.559648
5,DLS-ACC,naive,DLS,194,0.054725
5,DLS-ACC,naive,DLS,195,0.04161
5,DLS-ACC,naive,DLS,196,0.01227
5,DLS-ACC,naive,DLS,197,0.271326
5,DLS-ACC,naive,DLS,198,0.527318
5,DLS-ACC,naive,DLS,199,0.274044
5,DLS-ACC,naive,DLS,200,0.529108
5,DLS-ACC,naive,DLS,201,0.380311
5,DLS-ACC,naive,DLS,202,0.023039
5,DLS-ACC,naive,DLS,203,0.539606
5,DLS-ACC,naive,DLS,204,0.014604
5,DLS-ACC,naive,DLS,205,0.0044
5,DLS-ACC,naive,DLS,206,0.337134
5,DLS-ACC,naive,DLS,207,0.341782
5,DLS-ACC,naive,DLS,208,0.026653
5,DLS-ACC,naive,DLS,209,0.03144
5,DLS-ACC,naive,DLS,210,0.061415
5,DLS-ACC,naive,DLS,211,0.517134
5,DLS-ACC,naive,DLS,212,0.202745
5,DLS-ACC,naive,DLS,213,0.033921
5,DLS-ACC,naive,DLS,214,0.030028
5,DLS-ACC,naive,DLS,215,0.047346
5,DLS-ACC,naive,DLS,216,0.027754
5,DLS-ACC,naive,DLS,217,0.10161
5,DLS-ACC,naive,DLS,218,0.028339
5,DLS-ACC,naive,DLS,219,0.020238
5,DLS-ACC,naive,DLS,220,0.030883
5,DLS-ACC,naive,DLS,221,0.11969
5,DLS-ACC,naive,DLS,222,0.030036
5,DLS-ACC,naive,DLS,223,0.406716
5,DLS-ACC,naive,DLS,224,0.024251
5,DLS-ACC,naive,DLS,225,0.098243
5,DLS-ACC,naive,DLS,226,0.024377
5,DLS-ACC,naive,DLS,227,0.002493
5,DLS-ACC,naive,DLS,228,0.014116
5,DLS-ACC,naive,DLS,229,0.144513
5,DLS-ACC,naive,DLS,230,0.117602
5,DLS-ACC,naive,DLS,231,0.014666
5,DLS-ACC,naive,DLS,232,0.032225
5,DLS-ACC,naive,DLS,233,0.048117
5,DLS-ACC,naive,DLS,234,0.009558
5,DLS-ACC,naive,DLS,235,0.02335
5,DLS-ACC,naive,DLS,236,0.008876
5,DLS-ACC,naive,ACC,0,0.039304
5,DLS-ACC,naive,ACC,1,0.072547
5,DLS-ACC,naive,ACC,2,0.08948
5,DLS-ACC,naive,ACC,3,0.12716
5,DLS-ACC,naive,ACC,4,0.009465
5,DLS-ACC,naive,ACC,5,0.02843
5,DLS-ACC,naive,ACC,6,0.04273
5,DLS-ACC,naive,ACC,7,0.037782
5,DLS-ACC,naive,ACC,8,0.054101
5,DLS-ACC,naive,ACC,9,0.053537
5,DLS-ACC,naive,ACC,10,0.011468
5,DLS-ACC,naive,ACC,11,0.083515
5,DLS-ACC,naive,ACC,12,0.047163
5,DLS-ACC,naive,ACC,13,0.012953
5,DLS-ACC,naive,ACC,14,0.033302
5,DLS-ACC,naive,ACC,15,0.018953
5,DLS-ACC,naive,ACC,16,0.124638
5,DLS-ACC,naive,ACC,17,0.030721
5,DLS-ACC,naive,ACC,18,0.068278
5,DLS-ACC,naive,ACC,19,0.016266
5,DLS-ACC,naive,ACC,20,0.620804
5,DLS-ACC,naive,ACC,21,0.708814
5,DLS-ACC,naive,ACC,22,0.069425
5,DLS-ACC,naive,ACC,23,0.026092
5,DLS-ACC,naive,ACC,24,0.043562
5,DLS-ACC,naive,ACC,25,0.081767
5,DLS-ACC,naive,ACC,26,0.040109
5,DLS-ACC,naive,ACC,27,0.054587
5,DLS-ACC,naive,ACC,28,0.185774
5,DLS-ACC,naive,ACC,29,0.143324
5,DLS-ACC,naive,ACC,30,0.076582
5,DLS-ACC,naive,ACC,31,0.012097
5,DLS-ACC,naive,ACC,32,0.05269
5,DLS-ACC,naive,ACC,33,0.283646
5,DLS-ACC,naive,ACC,34,0.047671
5,DLS-ACC,naive,ACC,35,0.119682
5,DLS-ACC,naive,ACC,36,0.131497
5,DLS-ACC,naive,ACC,37,0.056039
5,DLS-ACC,naive,ACC,38,0.028782
5,DLS-ACC,naive,ACC,39,0.198312
5,DLS-ACC,naive,ACC,40,0.015348
5,DLS-ACC,naive,ACC,41,0.032206
5,DLS-ACC,naive,ACC,42,0.583325
5,DLS-ACC,naive,ACC,43,0.002408
5,DLS-ACC,naive,ACC,44,0.65905
5,DLS-ACC,naive,ACC,45,0.03161
5,DLS-ACC,naive,ACC,46,0.136978
5,DLS-ACC,naive,ACC,47,0.070788
5,DLS-ACC,naive,ACC,48,0.032205
5,DLS-ACC,naive,ACC,49,0.08532
5,DLS-ACC,naive,ACC,50,0.031378
5,DLS-ACC,naive,ACC,51,0.052907
5,DLS-ACC,naive,ACC,52,0.021515
5,DLS-ACC,naive,ACC,53,0.073671
5,DLS-ACC,naive,ACC,54,0.060187
5,DLS-ACC,naive,ACC,55,0.040191
5,DLS-ACC,naive,ACC,56,0.027193
5,DLS-ACC,naive,ACC,57,0.123927
5,DLS-ACC,naive,ACC,58,0.004906
5,DLS-ACC,naive,ACC,59,0.124156
5,DLS-ACC,naive,ACC,60,0.046832
5,DLS-ACC,naive,ACC,61,0.0585
5,DLS-ACC,naive,ACC,62,0.153512
5,DLS-ACC,naive,ACC,63,0.039591
5,DLS-ACC,naive,ACC,64,0.008571
5,DLS-ACC,naive,ACC,65,0.046662
5,DLS-ACC,naive,ACC,66,0.412104
5,DLS-ACC,naive,ACC,67,0.079163
5,DLS-ACC,naive,ACC,68,0.096395
5,DLS-ACC,naive,ACC,69,0.026284
5,DLS-ACC,naive,ACC,70,0.025947
5,DLS-ACC,naive,ACC,71,0.044071
5,DLS-ACC,naive,ACC,72,0.015229
5,DLS-ACC,naive,ACC,73,0.046696
5,DLS-ACC,naive,ACC,74,0.025796
5,DLS-ACC,naive,ACC,75,0.030166
5,DLS-ACC,naive,ACC,76,0.044614
5,DLS-ACC,naive,ACC,77,0.092572
5,DLS-ACC,naive,ACC,78,0.075507
5,DLS-ACC,naive,ACC,79,0.120608
5,DLS-ACC,naive,ACC,80,0.083038
5,DLS-ACC,naive,ACC,81,0.121627
5,DLS-ACC,naive,ACC,82,0.109595
5,DLS-ACC,naive,ACC,83,0.010354
5,DLS-ACC,naive,ACC,84,0.359661
5,DLS-ACC,naive,ACC,85,0.067484
5,DLS-ACC,naive,ACC,86,0.333814
5,DLS-ACC,naive,ACC,87,0.053488
5,DLS-ACC,naive,ACC,88,0.061543
5,DLS-ACC,naive,ACC,89,0.052135
5,DLS-ACC,naive,ACC,90,0.054271
5,DLS-ACC,naive,ACC,91,0.211213
5,DLS-ACC,naive,ACC,92,0.153949
5,DLS-ACC,naive,ACC,93,0.0
5,DLS-ACC,naive,ACC,94,0.0
5,DLS-ACC,naive,ACC,95,0.072827
5,DLS-ACC,naive,ACC,96,0.582635
5,DLS-ACC,naive,ACC,97,0.033011
5,DLS-ACC,naive,ACC,98,0.0
5,DLS-ACC,naive,ACC,99,0.612273
5,DLS-ACC,naive,ACC,100,0.047916
5,DLS-ACC,naive,ACC,101,0.016314
5,DLS-ACC,naive,ACC,102,0.008849
5,DLS-ACC,naive,ACC,103,0.012815
5,DLS-ACC,naive,ACC,104,0.054909
5,DLS-ACC,naive,ACC,105,0.115229
5,DLS-ACC,naive,ACC,106,0.036168
5,DLS-ACC,naive,ACC,107,0.04207
5,DLS-ACC,naive,ACC,108,0.077075
5,DLS-ACC,naive,ACC,109,0.037451
5,DLS-ACC,naive,ACC,110,0.021637
5,DLS-ACC,naive,ACC,111,0.288618
5,DLS-ACC,naive,ACC,112,0.011657
5,DLS-ACC,naive,ACC,113,0.006138
5,DLS-ACC,naive,ACC,114,0.030047
5,DLS-ACC,naive,ACC,115,0.672551
5,DLS-ACC,naive,ACC,116,0.014381
5,DLS-ACC,naive,ACC,117,0.048651
5,DLS-ACC,naive,ACC,118,0.018691
5,DLS-ACC,naive,ACC,119,0.664883
5,DLS-ACC,naive,ACC,120,0.085872
5,DLS-ACC,naive,ACC,121,0.249249
5,DLS-ACC,naive,ACC,122,0.017016
5,DLS-ACC,naive,ACC,123,0.693007
5,DLS-ACC,naive,ACC,124,0.085381
5,DLS-ACC,naive,ACC,125,0.019599
5,DLS-ACC,naive,ACC,126,0.069017
5,DLS-ACC,naive,ACC,127,0.063723
5,DLS-ACC,naive,ACC,128,0.0
5,DLS-ACC,naive,ACC,129,0.023423
5,DLS-ACC,naive,ACC,130,0.265144
5,DLS-ACC,naive,ACC,131,0.061634
5,DLS-ACC,naive,ACC,132,0.114399
5,DLS-ACC,naive,ACC,133,0.027408
5,DLS-ACC,naive,ACC,134,0.164225
5,DLS-ACC,naive,ACC,135,0.046762
5,DLS-ACC,naive,ACC,136,0.096068
5,DLS-ACC,naive,ACC,137,0.270613
5,DLS-ACC,naive,ACC,138,0.045831
5,DLS-ACC,naive,ACC,139,0.017271
5,DLS-ACC,naive,ACC,140,0.047677
5,DLS-ACC,naive,ACC,141,0.055379
5,DLS-ACC,naive,ACC,142,0.050493
5,DLS-ACC,naive,ACC,143,0.091219
5,DLS-ACC,naive,ACC,144,0.000499
5,DLS-ACC,naive,ACC,145,0.06544
5,DLS-ACC,naive,ACC,146,0.034273
5,DLS-ACC,naive,ACC,147,0.0381
5,DLS-ACC,naive,ACC,148,0.577177
5,DLS-ACC,naive,ACC,149,0.0
5,DLS-ACC,naive,ACC,150,0.0
5,DLS-ACC,naive,ACC,151,0.005589
5,DLS-ACC,naive,ACC,152,0.047873
5,DLS-ACC,naive,ACC,153,0.709367
5,DLS-ACC,naive,ACC,154,0.679505
5,DLS-ACC,naive,ACC,155,0.695982
5,DLS-ACC,naive,ACC,156,0.070761
5,DLS-ACC,naive,ACC,157,0.031173
5,DLS-ACC,naive,ACC,158,0.036817
5,DLS-ACC,naive,ACC,159,0.075796
5,DLS-ACC,naive,ACC,160,0.006224
5,DLS-ACC,naive,ACC,161,0.638082
5,DLS-ACC,naive,ACC,162,0.532285
5,DLS-ACC,naive,ACC,163,0.033923
5,DLS-ACC,naive,ACC,164,0.207309
5,DLS-ACC,naive,ACC,165,0.004415
5,DLS-ACC,naive,ACC,166,0.012553
5,DLS-ACC,naive,ACC,167,0.002926
5,DLS-ACC,naive,ACC,168,0.036119
5,DLS-ACC,naive,ACC,169,0.046355
5,DLS-ACC,naive,ACC,170,0.256568
5,DLS-ACC,naive,ACC,171,0.040573
5,DLS-ACC,naive,ACC,172,0.661397
5,DLS-ACC,naive,ACC,173,0.07586
5,DLS-ACC,naive,ACC,174,0.158598
5,DLS-ACC,intermediate,DLS,0,0.037825
5,DLS-ACC,intermediate,DLS,1,0.131056
5,DLS-ACC,intermediate,DLS,2,0.148013
5,DLS-ACC,intermediate,DLS,3,0.145362
5,DLS-ACC,intermediate,DLS,4,0.623207
5,DLS-ACC,intermediate,DLS,5,0.013532
5,DLS-ACC,intermediate,DLS,6,0.168784
5,DLS-ACC,intermediate,DLS,7,0.121748
5,DLS-ACC,intermediate,DLS,8,0.154948
5,DLS-ACC,intermediate,DLS,9,0.081278
5,DLS-ACC,intermediate,DLS,10,0.006296
5,DLS-ACC,intermediate,DLS,11,0.031484
5,DLS-ACC,intermediate,DLS,12,0.062413
5,DLS-ACC,intermediate,DLS,13,0.216701
5,DLS-ACC,intermediate,DLS,14,0.171185
5,DLS-ACC,intermediate,DLS,15,0.0
5,DLS-ACC,intermediate,DLS,16,0.183504
5,DLS-ACC,intermediate,DLS,17,0.122664
5,DLS-ACC,intermediate,DLS,18,0.208235
5,DLS-ACC,intermediate,DLS,19,0.154172
5,DLS-ACC,intermediate,DLS,20,0.135323
5,DLS-ACC,intermediate,DLS,21,0.107956
5,DLS-ACC,intermediate,DLS,22,0.016532
5,DLS-ACC,intermediate,DLS,23,0.027299
5,DLS-ACC,intermediate,DLS,24,0.256498
5,DLS-ACC,intermediate,DLS,25,0.069277
5,DLS-ACC,intermediate,DLS,26,0.031848
5,DLS-ACC,intermediate,DLS,27,0.287744
5,DLS-ACC,intermediate,DLS,28,0.444142
5,DLS-ACC,intermediate,DLS,29,0.391104
5,DLS-ACC,intermediate,DLS,30,0.28744
5,DLS-ACC,intermediate,DLS,31,0.224463
5,DLS-ACC,intermediate,DLS,32,0.188804
5,DLS-ACC,intermediate,DLS,33,0.088918
5,DLS-ACC,intermediate,DLS,34,0.043619
5,DLS-ACC,intermediate,DLS,35,0.065739
5,DLS-ACC,intermediate,DLS,36,0.163182
5,DLS-ACC,intermediate,DLS,37,0.05659
5,DLS-ACC,intermediate,DLS,38,0.200959
5,DLS-ACC,intermediate,DLS,39,0.063581
5,DLS-ACC,intermediate,DLS,40,0.006837
5,DLS-ACC,intermediate,DLS,41,0.10335
5,DLS-ACC,intermediate,DLS,42,0.019363
5,DLS-ACC,intermediate,DLS,43,0.077372
5,DLS-ACC,intermediate,DLS,44,0.086772
5,DLS-ACC,intermediate,DLS,45,0.060851
5,DLS-ACC,intermediate,DLS,46,0.053325
5,DLS-ACC,intermediate,DLS,47,0.07142
5,DLS-ACC,intermediate,DLS,48,0.07157
5,DLS-ACC,intermediate,DLS,49,0.056657
5,DLS-ACC,intermediate,DLS,50,0.11905
5,DLS-ACC,intermediate,DLS,51,0.059202
5,DLS-ACC,intermediate,DLS,52,0.082104
5,DLS-ACC,intermediate,DLS,53,0.043902
5,DLS-ACC,intermediate,DLS,54,0.115454
5,DLS-ACC,intermediate,DLS,55,0.093308
5,DLS-ACC,intermediate,DLS,56,0.196504
5,DLS-ACC,intermediate,DLS,57,0.03942
5,DLS-ACC,intermediate,DLS,58,0.102171
5,DLS-ACC,intermediate,DLS,59,0.102381
5,DLS-ACC,intermediate,DLS,60,0.090477
5,DLS-ACC,intermediate,DLS,61,0.118421
5,DLS-ACC,intermediate,DLS,62,0.218248
5,DLS-ACC,intermediate,DLS,63,0.090526
5,DLS-ACC,intermediate,DLS,64,0.14726
5,DLS-ACC,intermediate,DLS,65,0.079369
5,DLS-ACC,intermediate,DLS,66,0.118944
5,DLS-ACC,intermediate,DLS,67,0.045467
5,DLS-ACC,intermediate,DLS,68,0.014935
5,DLS-ACC,intermediate,DLS,69,0.654691
5,DLS-ACC,intermediate,DLS,70,0.159837
5,DLS-ACC,intermediate,DLS,71,0.013458
5,DLS-ACC,intermediate,DLS,72,0.061014
5,DLS-ACC,intermediate,DLS,73,0.069464
5,DLS-ACC,intermediate,DLS,74,0.146684
5,DLS-ACC,intermediate,DLS,75,0.096138
5,DLS-ACC,intermediate,DLS,76,0.091372
5,DLS-ACC,intermediate,DLS,77,0.014771
5,DLS-ACC,intermediate,DLS,78,0.093552
5,DLS-ACC,intermediate,DLS,79,0.188374
5,DLS-ACC,intermediate,DLS,80,0.045101
5,DLS-ACC,intermediate,DLS,81,0.004219
5,DLS-ACC,intermediate,DLS,82,0.197868
5,DLS-ACC,intermediate,DLS,83,0.002723
5,DLS-ACC,intermediate,DLS,84,0.294639
5,DLS-ACC,intermediate,DLS,85,0.043156
5,DLS-ACC,intermediate,DLS,86,0.054713
5,DLS-ACC,intermediate,DLS,87,0.037809
5,DLS-ACC,intermediate,DLS,88,0.018002
5,DLS-ACC,intermediate,DLS,89,0.086866
5,DLS-ACC,intermediate,DLS,90,0.022036
5,DLS-ACC,intermediate,DLS,91,0.035023
5,DLS-ACC,intermediate,DLS,92,0.020584
5,DLS-ACC,intermediate,DLS,93,0.079744
5,DLS-ACC,intermediate,DLS,94,0.090018
5,DLS-ACC,intermediate,DLS,95,0.068363
5,DLS-ACC,intermediate,DLS,96,0.192807
5,DLS-ACC,intermediate,DLS,97,0.379889
5,DLS-ACC,intermediate,DLS,98,0.012134
5,DLS-ACC,intermediate,DLS,99,0.463741
5,DLS-ACC,intermediate,DLS,100,0.461428
5,DLS-ACC,intermediate,DLS,101,0.030162
5,DLS-ACC,intermediate,DLS,102,0.463267
5,DLS-ACC,intermediate,DLS,103,0.007797
5,DLS-ACC,intermediate,DLS,104,0.141055
5,DLS-ACC,intermediate,DLS,105,0.071997
5,DLS-ACC,intermediate,DLS,106,0.050093
5,DLS-ACC,intermediate,DLS,107,0.019202
5,DLS-ACC,intermediate,DLS,108,0.054191
5,DLS-ACC,intermediate,DLS,109,0.021246
5,DLS-ACC,intermediate,DLS,110,0.579022
5,DLS-ACC,intermediate,DLS,111,0.017945
5,DLS-ACC,intermediate,DLS,112,0.629296
5,DLS-ACC,intermediate,DLS,113,0.055309
5,DLS-ACC,intermediate,DLS,114,0.026875
5,DLS-ACC,intermediate,DLS,115,0.045081
5,DLS-ACC,intermediate,DLS,116,0.074509
5,DLS-ACC,intermediate,DLS,117,0.009374
5,DLS-ACC,intermediate,DLS,118,0.085426
5,DLS-ACC,intermediate,DLS,119,0.020629
5,DLS-ACC,intermediate,DLS,120,0.03974
5,DLS-ACC,intermediate,DLS,121,0.0
5,DLS-ACC,intermediate,DLS,122,0.185102
5,DLS-ACC,intermediate,DLS,123,0.042158
5,DLS-ACC,intermediate,DLS,124,0.111182
5,DLS-ACC,intermediate,DLS,125,0.198261
5,DLS-ACC,intermediate,DLS,126,0.116764
5,DLS-ACC,intermediate,DLS,127,0.038247
5,DLS-ACC,intermediate,DLS,128,0.029879
5,DLS-ACC,intermediate,DLS,129,0.052433
5,DLS-ACC,intermediate,DLS,130,0.03926
5,DLS-ACC,intermediate,DLS,131,0.222038
5,DLS-ACC,intermediate,DLS,132,0.017301
5,DLS-ACC,intermediate,DLS,133,0.011894
5,DLS-ACC,intermediate,DLS,134,0.00747
5,DLS-ACC,intermediate,DLS,135,0.134701
5,DLS-ACC,intermediate,DLS,136,0.615494
5,DLS-ACC,intermediate,DLS,137,0.038902
5,DLS-ACC,intermediate,DLS,138,0.098819
5,DLS-ACC,intermediate,DLS,139,0.03633
5,DLS-ACC,intermediate,DLS,140,0.18849
5,DLS-ACC,intermediate,DLS,141,0.115815
5,DLS-ACC,intermediate,DLS,142,0.056577
5,DLS-ACC,intermediate,DLS,143,0.064105
5,DLS-ACC,intermediate,DLS,144,0.271335
5,DLS-ACC,intermediate,DLS,145,0.269129
5,DLS-ACC,intermediate,DLS,146,0.449121
5,DLS-ACC,intermediate,DLS,147,0.0
5,DLS-ACC,intermediate,DLS,148,0.056921
5,DLS-ACC,intermediate,DLS,149,0.066516
5,DLS-ACC,intermediate,DLS,150,0.0
5,DLS-ACC,intermediate,DLS,151,0.0
5,DLS-ACC,intermediate,DLS,152,0.099083
5,DLS-ACC,intermediate,DLS,153,0.0
5,DLS-ACC,intermediate,DLS,154,0.026982
5,DLS-ACC,intermediate,DLS,155,0.0
5,DLS-ACC,intermediate,DLS,156,0.169498
5,DLS-ACC,intermediate,DLS,157,0.012047
5,DLS-ACC,intermediate,DLS,158,0.018917
5,DLS-ACC,intermediate,DLS,159,0.01795
5,DLS-ACC,intermediate,DLS,160,0.123176
5,DLS-ACC,intermediate,DLS,161,0.068551
5,DLS-ACC,intermediate,DLS,162,0.049639
5,DLS-ACC,intermediate,DLS,163,0.046613
5,DLS-ACC,intermediate,DLS,164,0.039803
5,DLS-ACC,intermediate,DLS,165,0.056535
5,DLS-ACC,intermediate,DLS,166,0.055051
5,DLS-ACC,intermediate,DLS,167,0.100004
5,DLS-ACC,intermediate,DLS,168,0.008686
5,DLS-ACC,intermediate,DLS,169,0.046538
5,DLS-ACC,intermediate,DLS,170,0.033589
5,DLS-ACC,intermediate,DLS,171,0.0
5,DLS-ACC,intermediate,DLS,172,0.056521
5,DLS-ACC,intermediate,DLS,173,0.285395
5,DLS-ACC,intermediate,DLS,174,0.253923
5,DLS-ACC,intermediate,DLS,175,0.029365
5,DLS-ACC,intermediate,DLS,176,0.419317
5,DLS-ACC,intermediate,DLS,177,0.437587
5,DLS-ACC,intermediate,DLS,178,0.054416
5,DLS-ACC,intermediate,DLS,179,0.053868
5,DLS-ACC,intermediate,DLS,180,0.445445
5,DLS-ACC,intermediate,DLS,181,0.045086
5,DLS-ACC,intermediate,DLS,182,0.01394
5,DLS-ACC,intermediate,DLS,183,0.050356
5,DLS-ACC,intermediate,DLS,184,0.614733
5,DLS-ACC,intermediate,DLS,185,0.093418
5,DLS-ACC,intermediate,DLS,186,0.080417
5,DLS-ACC,intermediate,DLS,187,0.065662
5,DLS-ACC,intermediate,DLS,188,0.262337
5,DLS-ACC,intermediate,DLS,189,0.327752
5,DLS-ACC,intermediate,DLS,190,0.242906
5,DLS-ACC,intermediate,DLS,191,0.113751
5,DLS-ACC,intermediate,DLS,192,0.074611
5,DLS-ACC,intermediate,DLS,193,0.02197
5,DLS-ACC,intermediate,DLS,194,0.020756
5,DLS-ACC,intermediate,DLS,195,0.095005
5,DLS-ACC,intermediate,DLS,196,0.016647
5,DLS-ACC,intermediate,DLS,197,0.248879
5,DLS-ACC,intermediate,DLS,198,0.0
5,DLS-ACC,intermediate,DLS,199,0.213325
5,DLS-ACC,intermediate,DLS,200,0.038043
5,DLS-ACC,intermediate,DLS,201,0.0
5,DLS-ACC,intermediate,DLS,202,0.052156
5,DLS-ACC,intermediate,DLS,203,0.082257
5,DLS-ACC,intermediate,DLS,204,0.236738
5,DLS-ACC,intermediate,DLS,205,0.003004
5,DLS-ACC,intermediate,DLS,206,0.092453
5,DLS-ACC,intermediate,DLS,207,0.267581
5,DLS-ACC,intermediate,DLS,208,0.138921
5,DLS-ACC,intermediate,DLS,209,0.149415
5,DLS-ACC,intermediate,DLS,210,0.016196
5,DLS-ACC,intermediate,DLS,211,0.024217
5,DLS-ACC,intermediate,DLS,212,0.025268
5,DLS-ACC,intermediate,DLS,213,0.058082
5,DLS-ACC,intermediate,DLS,214,0.429656
5,DLS-ACC,intermediate,DLS,215,0.012069
5,DLS-ACC,intermediate,DLS,216,0.031851
5,DLS-ACC,intermediate,DLS,217,0.178792
5,DLS-ACC,intermediate,DLS,218,0.022238
5,DLS-ACC,intermediate,DLS,219,0.022782
5,DLS-ACC,intermediate,DLS,220,0.325684
5,DLS-ACC,intermediate,DLS,221,0.006357
5,DLS-ACC,intermediate,DLS,222,0.137079
5,DLS-ACC,intermediate,DLS,223,0.03556
5,DLS-ACC,intermediate,DLS,224,0.05216
5,DLS-ACC,intermediate,DLS,225,0.133214
5,DLS-ACC,intermediate,DLS,226,0.033823
5,DLS-ACC,intermediate,DLS,227,0.517237
5,DLS-ACC,intermediate,DLS,228,0.220028
5,DLS-ACC,intermediate,DLS,229,0.21966
5,DLS-ACC,intermediate,DLS,230,0.031619
5,DLS-ACC,intermediate,DLS,231,0.03445
5,DLS-ACC,intermediate,DLS,232,0.096824
5,DLS-ACC,intermediate,DLS,233,0.118211
5,DLS-ACC,intermediate,DLS,234,0.253904
5,DLS-ACC,intermediate,DLS,235,0.093579
5,DLS-ACC,intermediate,DLS,236,0.010585
5,DLS-ACC,intermediate,ACC,0,0.073085
5,DLS-ACC,intermediate,ACC,1,0.042458
5,DLS-ACC,intermediate,ACC,2,0.085434
5,DLS-ACC,intermediate,ACC,3,0.068215
5,DLS-ACC,intermediate,ACC,4,0.641235
5,DLS-ACC,intermediate,ACC,5,0.083812
5,DLS-ACC,intermediate,ACC,6,0.069186
5,DLS-ACC,intermediate,ACC,7,0.073791
5,DLS-ACC,intermediate,ACC,8,0.080646
5,DLS-ACC,intermediate,ACC,9,0.04615
5,DLS-ACC,intermediate,ACC,10,0.700628
5,DLS-ACC,intermediate,ACC,11,0.084407
5,DLS-ACC,intermediate,ACC,12,0.051248
5,DLS-ACC,intermediate,ACC,13,0.045013
5,DLS-ACC,intermediate,ACC,14,0.048701
5,DLS-ACC,intermediate,ACC,15,0.639886
5,DLS-ACC,intermediate,ACC,16,0.15092
5,DLS-ACC,intermediate,ACC,17,0.073016
5,DLS-ACC,intermediate,ACC,18,0.137414
5,DLS-ACC,intermediate,ACC,19,0.048366
5,DLS-ACC,intermediate,ACC,20,0.035688
5,DLS-ACC,intermediate,ACC,21,0.0
5,DLS-ACC,intermediate,ACC,22,0.026723
5,DLS-ACC,intermediate,ACC,23,0.044706
5,DLS-ACC,intermediate,ACC,24,0.263941
5,DLS-ACC,intermediate,ACC,25,0.13042
5,DLS-ACC,intermediate,ACC,26,0.068426
5,DLS-ACC,intermediate,ACC,27,0.059394
5,DLS-ACC,intermediate,ACC,28,0.245233
5,DLS-ACC,intermediate,ACC,29,0.093784
5,DLS-ACC,intermediate,ACC,30,0.128917
5,DLS-ACC,intermediate,ACC,31,0.070012
5,DLS-ACC,intermediate,ACC,32,0.176767
5,DLS-ACC,intermediate,ACC,33,0.019281
5,DLS-ACC,intermediate,ACC,34,0.061767
5,DLS-ACC,intermediate,ACC,35,0.220465
5,DLS-ACC,intermediate,ACC,36,0.18317
5,DLS-ACC,intermediate,ACC,37,0.020525
5,DLS-ACC,intermediate,ACC,38,0.046637
5,DLS-ACC,intermediate,ACC,39,0.177847
5,DLS-ACC,intermediate,ACC,40,0.711345
5,DLS-ACC,intermediate,ACC,41,0.05918
5,DLS-ACC,intermediate,ACC,42,0.725693
5,DLS-ACC,intermediate,ACC,43,0.737767
5,DLS-ACC,intermediate,ACC,44,0.030721
5,DLS-ACC,intermediate,ACC,45,0.03982
5,DLS-ACC,intermediate,ACC,46,0.08922
5,DLS-ACC,intermediate,ACC,47,0.056031
5,DLS-ACC,intermediate,ACC,48,0.156201
5,DLS-ACC,intermediate,ACC,49,0.090004
5,DLS-ACC,intermediate,ACC,50,0.022723
5,DLS-ACC,intermediate,ACC,51,0.08646
5,DLS-ACC,intermediate,ACC,52,0.057011
5,DLS-ACC,intermediate,ACC,53,0.161949
5,DLS-ACC,intermediate,ACC,54,0.087815
5,DLS-ACC,intermediate,ACC,55,0.067154
5,DLS-ACC,intermediate,ACC,56,0.08193
5,DLS-ACC,intermediate,ACC,57,0.070578
5,DLS-ACC,intermediate,ACC,58,0.427943
5,DLS-ACC,intermediate,ACC,59,0.034615
5,DLS-ACC,intermediate,ACC,60,0.198913
5,DLS-ACC,intermediate,ACC,61,0.203715
5,DLS-ACC,intermediate,ACC,62,0.316253
5,DLS-ACC,intermediate,ACC,63,0.348737
5,DLS-ACC,intermediate,ACC,64,0.066969
5,DLS-ACC,intermediate,ACC,65,0.13332
5,DLS-ACC,intermediate,ACC,66,0.021055
5,DLS-ACC,intermediate,ACC,67,0.715891
5,DLS-ACC,intermediate,ACC,68,0.167388
5,DLS-ACC,intermediate,ACC,69,0.039998
5,DLS-ACC,intermediate,ACC,70,0.067079
5,DLS-ACC,intermediate,ACC,71,0.492938
5,DLS-ACC,intermediate,ACC,72,0.565823
5,DLS-ACC,intermediate,ACC,73,0.105643
5,DLS-ACC,intermediate,ACC,74,0.049721
5,DLS-ACC,intermediate,ACC,75,0.080409
5,DLS-ACC,intermediate,ACC,76,0.260427
5,DLS-ACC,intermediate,ACC,77,0.185609
5,DLS-ACC,intermediate,ACC,78,0.181336
5,DLS-ACC,intermediate,ACC,79,0.242555
5,DLS-ACC,intermediate,ACC,80,0.081867
5,DLS-ACC,intermediate,ACC,81,0.063046
5,DLS-ACC,intermediate,ACC,82,0.061271
5,DLS-ACC,intermediate,ACC,83,0.029943
5,DLS-ACC,intermediate,ACC,84,0.152609
5,DLS-ACC,intermediate,ACC,85,0.096698
5,DLS-ACC,intermediate,ACC,86,0.158676
5,DLS-ACC,intermediate,ACC,87,0.014696
5,DLS-ACC,intermediate,ACC,88,0.017459
5,DLS-ACC,intermediate,ACC,89,0.072885
5,DLS-ACC,intermediate,ACC,90,0.053743
5,DLS-ACC,intermediate,ACC,91,0.021354
5,DLS-ACC,intermediate,ACC,92,0.098246
5,DLS-ACC,intermediate,ACC,93,0.012511
5,DLS-ACC,intermediate,ACC,94,0.0
5,DLS-ACC,intermediate,ACC,95,0.047822
5,DLS-ACC,intermediate,ACC,96,0.694646
5,DLS-ACC,intermediate,ACC,97,0.109621
5,DLS-ACC,intermediate,ACC,98,0.412484
5,DLS-ACC,intermediate,ACC,99,0.006687
5,DLS-ACC,intermediate,ACC,100,0.016017
5,DLS-ACC,intermediate,ACC,101,0.129823
5,DLS-ACC,intermediate,ACC,102,0.671833
5,DLS-ACC,intermediate,ACC,103,0.709006
5,DLS-ACC,intermediate,ACC,104,0.092393
5,DLS-ACC,intermediate,ACC,105,0.019071
5,DLS-ACC,intermediate,ACC,106,0.01585
5,DLS-ACC,intermediate,ACC,107,0.014774
5,DLS-ACC,intermediate,ACC,108,0.032896
5,DLS-ACC,intermediate,ACC,109,0.019098
5,DLS-ACC,intermediate,ACC,110,0.0
5,DLS-ACC,intermediate,ACC,111,0.014448
5,DLS-ACC,intermediate,ACC,112,0.026861
5,DLS-ACC,intermediate,ACC,113,0.261172
5,DLS-ACC,intermediate,ACC,114,0.095422
5,DLS-ACC,intermediate,ACC,115,0.009128
5,DLS-ACC,intermediate,ACC,116,0.558465
5,DLS-ACC,intermediate,ACC,117,0.044585
5,DLS-ACC,intermediate,ACC,118,0.11806
5,DLS-ACC,intermediate,ACC,119,0.565557
5,DLS-ACC,intermediate,ACC,120,0.12043
5,DLS-ACC,intermediate,ACC,121,0.057471
5,DLS-ACC,intermediate,ACC,122,0.022748
5,DLS-ACC,intermediate,ACC,123,0.035768
5,DLS-ACC,intermediate,ACC,124,0.678004
5,DLS-ACC,intermediate,ACC,125,0.440865
5,DLS-ACC,intermediate,ACC,126,0.06248
5,DLS-ACC,intermediate,ACC,127,0.102256
5,DLS-ACC,intermediate,ACC,128,0.0
5,DLS-ACC,intermediate,ACC,129,0.003983
5,DLS-ACC,intermediate,ACC,130,0.726604
5,DLS-ACC,intermediate,ACC,131,0.075052
5,DLS-ACC,intermediate,ACC,132,0.079494
5,DLS-ACC,intermediate,ACC,133,0.030621
5,DLS-ACC,intermediate,ACC,134,0.086477
5,DLS-ACC,intermediate,ACC,135,0.193544
5,DLS-ACC,intermediate,ACC,136,0.11228
5,DLS-ACC,intermediate,ACC,137,0.099734
5,DLS-ACC,intermediate,ACC,138,0.091968
5,DLS-ACC,intermediate,ACC,139,0.053328
5,DLS-ACC,intermediate,ACC,140,0.059368
5,DLS-ACC,intermediate,ACC,141,0.034099
5,DLS-ACC,intermediate,ACC,142,0.028474
5,DLS-ACC,intermediate,ACC,143,0.076061
5,DLS-ACC,intermediate,ACC,144,0.026948
5,DLS-ACC,intermediate,ACC,145,0.084789
5,DLS-ACC,intermediate,ACC,146,0.195495
5,DLS-ACC,intermediate,ACC,147,0.128728
5,DLS-ACC,intermediate,ACC,148,0.172568
5,DLS-ACC,intermediate,ACC,149,0.0
5,DLS-ACC,intermediate,ACC,150,0.0
5,DLS-ACC,intermediate,ACC,151,0.714341
5,DLS-ACC,intermediate,ACC,152,0.046042
5,DLS-ACC,intermediate,ACC,153,0.30539
5,DLS-ACC,intermediate,ACC,154,0.039251
5,DLS-ACC,intermediate,ACC,155,0.061858
5,DLS-ACC,intermediate,ACC,156,0.02819
5,DLS-ACC,intermediate,ACC,157,0.04511
5,DLS-ACC,intermediate,ACC,158,0.138124
5,DLS-ACC,intermediate,ACC,159,0.187523
5,DLS-ACC,intermediate,ACC,160,0.377156
5,DLS-ACC,intermediate,ACC,161,0.031393
5,DLS-ACC,intermediate,ACC,162,0.008165
5,DLS-ACC,intermediate,ACC,163,0.665904
5,DLS-ACC,intermediate,ACC,164,0.034519
5,DLS-ACC,intermediate,ACC,165,0.184875
5,DLS-ACC,intermediate,ACC,166,0.269131
5,DLS-ACC,intermediate,ACC,167,0.1045
5,DLS-ACC,intermediate,ACC,168,0.158196
5,DLS-ACC,intermediate,ACC,169,0.030928
5,DLS-ACC,intermediate,ACC,170,0.145859
5,DLS-ACC,intermediate,ACC,171,0.034689
5,DLS-ACC,intermediate,ACC,172,0.021989
5,DLS-ACC,intermediate,ACC,173,0.262221
5,DLS-ACC,intermediate,ACC,174,0.150823
5,DLS-ACC,expert,DLS,0,0.063284
5,DLS-ACC,expert,DLS,1,0.051158
5,DLS-ACC,expert,DLS,2,0.06225
5,DLS-ACC,expert,DLS,3,0.12621
5,DLS-ACC,expert,DLS,4,0.103752
5,DLS-ACC,expert,DLS,5,0.023292
5,DLS-ACC,expert,DLS,6,0.096386
5,DLS-ACC,expert,DLS,7,0.110378
5,DLS-ACC,expert,DLS,8,0.079661
5,DLS-ACC,expert,DLS,9,0.073228
5,DLS-ACC,expert,DLS,10,0.007258
5,DLS-ACC,expert,DLS,11,0.07811
5,DLS-ACC,expert,DLS,12,0.084709
5,DLS-ACC,expert,DLS,13,0.257333
5,DLS-ACC,expert,DLS,14,0.149978
5,DLS-ACC,expert,DLS,15,0.0
5,DLS-ACC,expert,DLS,16,0.173077
5,DLS-ACC,expert,DLS,17,0.04456
5,DLS-ACC,expert,DLS,18,0.135158
5,DLS-ACC,expert,DLS,19,0.046571
5,DLS-ACC,expert,DLS,20,0.087376
5,DLS-ACC,expert,DLS,21,0.205059
5,DLS-ACC,expert,DLS,22,0.020676
5,DLS-ACC,expert,DLS,23,0.023927
5,DLS-ACC,expert,DLS,24,0.153371
5,DLS-ACC,expert,DLS,25,0.028702
5,DLS-ACC,expert,DLS,26,0.0
5,DLS-ACC,expert,DLS,27,0.143902
5,DLS-ACC,expert,DLS,28,0.032041
5,DLS-ACC,expert,DLS,29,0.109305
5,DLS-ACC,expert,DLS,30,0.206919
5,DLS-ACC,expert,DLS,31,0.425642
5,DLS-ACC,expert,DLS,32,0.139541
5,DLS-ACC,expert,DLS,33,0.124016
5,DLS-ACC,expert,DLS,34,0.037494
5,DLS-ACC,expert,DLS,35,0.104878
5,DLS-ACC,expert,DLS,36,0.122764
5,DLS-ACC,expert,DLS,37,0.046001
5,DLS-ACC,expert,DLS,38,0.100158
5,DLS-ACC,expert,DLS,39,0.194072
5,DLS-ACC,expert,DLS,40,0.201032
5,DLS-ACC,expert,DLS,41,0.04156
5,DLS-ACC,expert,DLS,42,0.007438
5,DLS-ACC,expert,DLS,43,0.114955
5,DLS-ACC,expert,DLS,44,0.119125
5,DLS-ACC,expert,DLS,45,0.038783
5,DLS-ACC,expert,DLS,46,0.06542
5,DLS-ACC,expert,DLS,47,0.590759
5,DLS-ACC,expert,DLS,48,0.03256
5,DLS-ACC,expert,DLS,49,0.077109
5,DLS-ACC,expert,DLS,50,0.136216
5,DLS-ACC,expert,DLS,51,0.088715
5,DLS-ACC,expert,DLS,52,0.073899
5,DLS-ACC,expert,DLS,53,0.066646
5,DLS-ACC,expert,DLS,54,0.11953
5,DLS-ACC,expert,DLS,55,0.114616
5,DLS-ACC,expert,DLS,56,0.192088
5,DLS-ACC,expert,DLS,57,0.072886
5,DLS-ACC,expert,DLS,58,0.100106
5,DLS-ACC,expert,DLS,59,0.13384
5,DLS-ACC,expert,DLS,60,0.073997
5,DLS-ACC,expert,DLS,61,0.134929
5,DLS-ACC,expert,DLS,62,0.168713
5,DLS-ACC,expert,DLS,63,0.113942
5,DLS-ACC,expert,DLS,64,0.157361
5,DLS-ACC,expert,DLS,65,0.050577
5,DLS-ACC,expert,DLS,66,0.072918
5,DLS-ACC,expert,DLS,67,0.024038
5,DLS-ACC,expert,DLS,68,0.053372
5,DLS-ACC,expert,DLS,69,0.010062
5,DLS-ACC,expert,DLS,70,0.125363
5,DLS-ACC,expert,DLS,71,0.100719
5,DLS-ACC,expert,DLS,72,0.119995
5,DLS-ACC,expert,DLS,73,0.124664
5,DLS-ACC,expert,DLS,74,0.029441
5,DLS-ACC,expert,DLS,75,0.061127
5,DLS-ACC,expert,DLS,76,0.03768
5,DLS-ACC,expert,DLS,77,0.017655
5,DLS-ACC,expert,DLS,78,0.155472
5,DLS-ACC,expert,DLS,79,0.153817
5,DLS-ACC,expert,DLS,80,0.064825
5,DLS-ACC,expert,DLS,81,0.007633
5,DLS-ACC,expert,DLS,82,0.650156
5,DLS-ACC,expert,DLS,83,0.005489
5,DLS-ACC,expert,DLS,84,0.080358
5,DLS-ACC,expert,DLS,85,0.066462
5,DLS-ACC,expert,DLS,86,0.041648
5,DLS-ACC,expert,DLS,87,0.052162
5,DLS-ACC,expert,DLS,88,0.044541
5,DLS-ACC,expert,DLS,89,0.099909
5,DLS-ACC,expert,DLS,90,0.035598
5,DLS-ACC,expert,DLS,91,0.059387
5,DLS-ACC,expert,DLS,92,0.027534
5,DLS-ACC,expert,DLS,93,0.060416
5,DLS-ACC,expert,DLS,94,0.540419
5,DLS-ACC,expert,DLS,95,0.083758
5,DLS-ACC,expert,DLS,96,0.449663
5,DLS-ACC,expert,DLS,97,0.096126
5,DLS-ACC,expert,DLS,98,0.01452
5,DLS-ACC,expert,DLS,99,0.461967
5,DLS-ACC,expert,DLS,100,0.463837
5,DLS-ACC,expert,DLS,101,0.119743
5,DLS-ACC,expert,DLS,102,0.125087
5,DLS-ACC,expert,DLS,103,0.065456
5,DLS-ACC,expert,DLS,104,0.138822
5,DLS-ACC,expert,DLS,105,0.607128
5,DLS-ACC,expert,DLS,106,0.04417
5,DLS-ACC,expert,DLS,107,0.215638
5,DLS-ACC,expert,DLS,108,0.056762
5,DLS-ACC,expert,DLS,109,0.171678
5,DLS-ACC,expert,DLS,110,0.270973
5,DLS-ACC,expert,DLS,111,0.497533
5,DLS-ACC,expert,DLS,112,0.251519
5,DLS-ACC,expert,DLS,113,0.078927
5,DLS-ACC,expert,DLS,114,0.097425
5,DLS-ACC,expert,DLS,115,0.019369
5,DLS-ACC,expert,DLS,116,0.143544
5,DLS-ACC,expert,DLS,117,0.041572
5,DLS-ACC,expert,DLS,118,0.033535
5,DLS-ACC,expert,DLS,119,0.012283
5,DLS-ACC,expert,DLS,120,0.574691
5,DLS-ACC,expert,DLS,121,0.0
5,DLS-ACC,expert,DLS,122,0.136151
5,DLS-ACC,expert,DLS,123,0.091745
5,DLS-ACC,expert,DLS,124,0.099338
5,DLS-ACC,expert,DLS,125,0.139593
5,DLS-ACC,expert,DLS,126,0.038259
5,DLS-ACC,expert,DLS,127,0.087987
5,DLS-ACC,expert,DLS,128,0.017573
5,DLS-ACC,expert,DLS,129,0.041182
5,DLS-ACC,expert,DLS,130,0.0
5,DLS-ACC,expert,DLS,131,0.226119
5,DLS-ACC,expert,DLS,132,0.008945
5,DLS-ACC,expert,DLS,133,0.028131
5,DLS-ACC,expert,DLS,134,0.010212
5,DLS-ACC,expert,DLS,135,0.002397
5,DLS-ACC,expert,DLS,136,0.000667
5,DLS-ACC,expert,DLS,137,0.041864
5,DLS-ACC,expert,DLS,138,0.117959
5,DLS-ACC,expert,DLS,139,0.20886
5,DLS-ACC,expert,DLS,140,0.342956
5,DLS-ACC,expert,DLS,141,0.011354
5,DLS-ACC,expert,DLS,142,0.042596
5,DLS-ACC,expert,DLS,143,0.064896
5,DLS-ACC,expert,DLS,144,0.14165
5,DLS-ACC,expert,DLS,145,0.149896
5,DLS-ACC,expert,DLS,146,0.018419
5,DLS-ACC,expert,DLS,147,0.0
5,DLS-ACC,expert,DLS,148,0.352958
5,DLS-ACC,expert,DLS,149,0.645299
5,DLS-ACC,expert,DLS,150,0.0
5,DLS-ACC,expert,DLS,151,0.0
5,DLS-ACC,expert,DLS,152,0.118008
5,DLS-ACC,expert,DLS,153,0.0
5,DLS-ACC,expert,DLS,154,0.027334
5,DLS-ACC,expert,DLS,155,0.023344
5,DLS-ACC,expert,DLS,156,0.077381
5,DLS-ACC,expert,DLS,157,0.031288
5,DLS-ACC,expert,DLS,158,0.070138
5,DLS-ACC,expert,DLS,159,0.034367
5,DLS-ACC,expert,DLS,160,0.07661
5,DLS-ACC,expert,DLS,161,0.012566
5,DLS-ACC,expert,DLS,162,0.658774
5,DLS-ACC,expert,DLS,163,0.050496
5,DLS-ACC,expert,DLS,164,0.018757
5,DLS-ACC,expert,DLS,165,0.103662
5,DLS-ACC,expert,DLS,166,0.542805
5,DLS-ACC,expert,DLS,167,0.057326
5,DLS-ACC,expert,DLS,168,0.237149
5,DLS-ACC,expert,DLS,169,0.094803
5,DLS-ACC,expert,DLS,170,0.090157
5,DLS-ACC,expert,DLS,171,0.013799
5,DLS-ACC,expert,DLS,172,0.055466
5,DLS-ACC,expert,DLS,173,0.0
5,DLS-ACC,expert,DLS,174,0.0
5,DLS-ACC,expert,DLS,175,0.012823
5,DLS-ACC,expert,DLS,176,0.0
5,DLS-ACC,expert,DLS,177,0.000736
5,DLS-ACC,expert,DLS,178,0.064604
5,DLS-ACC,expert,DLS,179,0.05252
5,DLS-ACC,expert,DLS,180,0.070059
5,DLS-ACC,expert,DLS,181,0.136225
5,DLS-ACC,expert,DLS,182,0.013257
5,DLS-ACC,expert,DLS,183,0.084732
5,DLS-ACC,expert,DLS,184,0.676857
5,DLS-ACC,expert,DLS,185,0.069966
5,DLS-ACC,expert,DLS,186,0.087735
5,DLS-ACC,expert,DLS,187,0.0
5,DLS-ACC,expert,DLS,188,0.313974
5,DLS-ACC,expert,DLS,189,0.072714
5,DLS-ACC,expert,DLS,190,0.238962
5,DLS-ACC,expert,DLS,191,0.61594
5,DLS-ACC,expert,DLS,192,0.064985
5,DLS-ACC,expert,DLS,193,0.015948
5,DLS-ACC,expert,DLS,194,0.043006
5,DLS-ACC,expert,DLS,195,0.074549
5,DLS-ACC,expert,DLS,196,0.0205
5,DLS-ACC,expert,DLS,197,0.010734
5,DLS-ACC,expert,DLS,198,0.177654
5,DLS-ACC,expert,DLS,199,0.010842
5,DLS-ACC,expert,DLS,200,0.025134
5,DLS-ACC,expert,DLS,201,0.0
5,DLS-ACC,expert,DLS,202,0.486133
5,DLS-ACC,expert,DLS,203,0.025633
5,DLS-ACC,expert,DLS,204,0.01624
5,DLS-ACC,expert,DLS,205,0.024026
5,DLS-ACC,expert,DLS,206,0.071218
5,DLS-ACC,expert,DLS,207,0.082957
5,DLS-ACC,expert,DLS,208,0.118829
5,DLS-ACC,expert,DLS,209,0.051392
5,DLS-ACC,expert,DLS,210,0.066665
5,DLS-ACC,expert,DLS,211,0.031656
5,DLS-ACC,expert,DLS,212,0.568182
5,DLS-ACC,expert,DLS,213,0.08877
5,DLS-ACC,expert,DLS,214,0.223583
5,DLS-ACC,expert,DLS,215,0.237836
5,DLS-ACC,expert,DLS,216,0.024436
5,DLS-ACC,expert,DLS,217,0.167257
5,DLS-ACC,expert,DLS,218,0.028541
5,DLS-ACC,expert,DLS,219,0.012536
5,DLS-ACC,expert,DLS,220,0.166289
5,DLS-ACC,expert,DLS,221,0.107179
5,DLS-ACC,expert,DLS,222,0.068647
5,DLS-ACC,expert,DLS,223,0.08417
5,DLS-ACC,expert,DLS,224,0.044043
5,DLS-ACC,expert,DLS,225,0.173302
5,DLS-ACC,expert,DLS,226,0.0068
5,DLS-ACC,expert,DLS,227,0.064714
5,DLS-ACC,expert,DLS,228,0.604746
5,DLS-ACC,expert,DLS,229,0.183754
5,DLS-ACC,expert,DLS,230,0.118583
5,DLS-ACC,expert,DLS,231,0.6465
5,DLS-ACC,expert,DLS,232,0.068718
5,DLS-ACC,expert,DLS,233,0.083969
5,DLS-ACC,expert,DLS,234,0.168479
5,DLS-ACC,expert,DLS,235,0.065705
5,DLS-ACC,expert,DLS,236,0.138272
5,DLS-ACC,expert,ACC,0,0.045345
5,DLS-ACC,expert,ACC,1,0.049422
5,DLS-ACC,expert,ACC,2,0.077262
5,DLS-ACC,expert,ACC,3,0.109685
5,DLS-ACC,expert,ACC,4,0.093024
5,DLS-ACC,expert,ACC,5,0.06087
5,DLS-ACC,expert,ACC,6,0.031102
5,DLS-ACC,expert,ACC,7,0.045342
5,DLS-ACC,expert,ACC,8,0.057528
5,DLS-ACC,expert,ACC,9,0.038449
5,DLS-ACC,expert,ACC,10,0.136022
5,DLS-ACC,expert,ACC,11,0.03928
5,DLS-ACC,expert,ACC,12,0.049745
5,DLS-ACC,expert,ACC,13,0.063692
5,DLS-ACC,expert,ACC,14,0.042831
5,DLS-ACC,expert,ACC,15,0.040692
5,DLS-ACC,expert,ACC,16,0.191323
5,DLS-ACC,expert,ACC,17,0.06358
5,DLS-ACC,expert,ACC,18,0.094301
5,DLS-ACC,expert,ACC,19,0.055974
5,DLS-ACC,expert,ACC,20,0.048207
5,DLS-ACC,expert,ACC,21,0.005979
5,DLS-ACC,expert,ACC,22,0.052376
5,DLS-ACC,expert,ACC,23,0.042285
5,DLS-ACC,expert,ACC,24,0.036337
5,DLS-ACC,expert,ACC,25,0.076939
5,DLS-ACC,expert,ACC,26,0.060037
5,DLS-ACC,expert,ACC,27,0.064492
5,DLS-ACC,expert,ACC,28,0.142858
5,DLS-ACC,expert,ACC,29,0.030333
5,DLS-ACC,expert,ACC,30,0.055699
5,DLS-ACC,expert,ACC,31,0.093891
5,DLS-ACC,expert,ACC,32,0.181751
5,DLS-ACC,expert,ACC,33,0.012865
5,DLS-ACC,expert,ACC,34,0.034931
5,DLS-ACC,expert,ACC,35,0.116045
5,DLS-ACC,expert,ACC,36,0.086399
5,DLS-ACC,expert,ACC,37,0.023061
5,DLS-ACC,expert,ACC,38,0.629515
5,DLS-ACC,expert,ACC,39,0.111994
5,DLS-ACC,expert,ACC,40,0.01806
5,DLS-ACC,expert,ACC,41,0.066281
5,DLS-ACC,expert,ACC,42,0.031965
5,DLS-ACC,expert,ACC,43,0.107698
5,DLS-ACC,expert,ACC,44,0.092824
5,DLS-ACC,expert,ACC,45,0.106738
5,DLS-ACC,expert,ACC,46,0.047479
5,DLS-ACC,expert,ACC,47,0.05217
5,DLS-ACC,expert,ACC,48,0.078485
5,DLS-ACC,expert,ACC,49,0.038338
5,DLS-ACC,expert,ACC,50,0.106026
5,DLS-ACC,expert,ACC,51,0.099397
5,DLS-ACC,expert,ACC,52,0.08718
5,DLS-ACC,expert,ACC,53,0.104483
5,DLS-ACC,expert,ACC,54,0.075321
5,DLS-ACC,expert,ACC,55,0.053416
5,DLS-ACC,expert,ACC,56,0.074729
5,DLS-ACC,expert,ACC,57,0.05205
5,DLS-ACC,expert,ACC,58,0.656873
5,DLS-ACC,expert,ACC,59,0.049776
5,DLS-ACC,expert,ACC,60,0.083114
5,DLS-ACC,expert,ACC,61,0.130461
5,DLS-ACC,expert,ACC,62,0.09166
5,DLS-ACC,expert,ACC,63,0.15598
5,DLS-ACC,expert,ACC,64,0.106015
5,DLS-ACC,expert,ACC,65,0.071448
5,DLS-ACC,expert,ACC,66,0.028576
5,DLS-ACC,expert,ACC,67,0.062567
5,DLS-ACC,expert,ACC,68,0.197081
5,DLS-ACC,expert,ACC,69,0.048679
5,DLS-ACC,expert,ACC,70,0.234444
5,DLS-ACC,expert,ACC,71,0.539956
5,DLS-ACC,expert,ACC,72,0.210585
5,DLS-ACC,expert,ACC,73,0.059972
5,DLS-ACC,expert,ACC,74,0.078599
5,DLS-ACC,expert,ACC,75,0.328509
5,DLS-ACC,expert,ACC,76,0.071955
5,DLS-ACC,expert,ACC,77,0.189105
5,DLS-ACC,expert,ACC,78,0.639621
5,DLS-ACC,expert,ACC,79,0.053338
5,DLS-ACC,expert,ACC,80,0.061307
5,DLS-ACC,expert,ACC,81,0.049577
5,DLS-ACC,expert,ACC,82,0.042574
5,DLS-ACC,expert,ACC,83,0.629232
5,DLS-ACC,expert,ACC,84,0.426362
5,DLS-ACC,expert,ACC,85,0.1065
5,DLS-ACC,expert,ACC,86,0.464879
5,DLS-ACC,expert,ACC,87,0.146547
5,DLS-ACC,expert,ACC,88,0.534317
5,DLS-ACC,expert,ACC,89,0.581951
5,DLS-ACC,expert,ACC,90,0.012269
5,DLS-ACC,expert,ACC,91,0.105939
5,DLS-ACC,expert,ACC,92,0.100929
5,DLS-ACC,expert,ACC,93,0.070482
5,DLS-ACC,expert,ACC,94,0.070184
5,DLS-ACC,expert,ACC,95,0.250158
5,DLS-ACC,expert,ACC,96,0.0
5,DLS-ACC,expert,ACC,97,0.077923
5,DLS-ACC,expert,ACC,98,0.08729
5,DLS-ACC,expert,ACC,99,0.315846
5,DLS-ACC,expert,ACC,100,0.57776
5,DLS-ACC,expert,ACC,101,0.026056
5,DLS-ACC,expert,ACC,102,0.139557
5,DLS-ACC,expert,ACC,103,0.099318
5,DLS-ACC,expert,ACC,104,0.036303
5,DLS-ACC,expert,ACC,105,0.013882
5,DLS-ACC,expert,ACC,106,0.041841
5,DLS-ACC,expert,ACC,107,0.025655
5,DLS-ACC,expert,ACC,108,0.057606
5,DLS-ACC,expert,ACC,109,0.024764
5,DLS-ACC,expert,ACC,110,0.0
5,DLS-ACC,expert,ACC,111,0.013277
5,DLS-ACC,expert,ACC,112,0.0
5,DLS-ACC,expert,ACC,113,0.345108
5,DLS-ACC,expert,ACC,114,0.026724
5,DLS-ACC,expert,ACC,115,0.009084
5,DLS-ACC,expert,ACC,116,0.052278
5,DLS-ACC,expert,ACC,117,0.022214
5,DLS-ACC,expert,ACC,118,0.044013
5,DLS-ACC,expert,ACC,119,0.622729
5,DLS-ACC,expert,ACC,120,0.071497
5,DLS-ACC,expert,ACC,121,0.615055
5,DLS-ACC,expert,ACC,122,0.672458
5,DLS-ACC,expert,ACC,123,0.637759
5,DLS-ACC,expert,ACC,124,0.035071
5,DLS-ACC,expert,ACC,125,0.033017
5,DLS-ACC,expert,ACC,126,0.081032
5,DLS-ACC,expert,ACC,127,0.15023
5,DLS-ACC,expert,ACC,128,0.0
5,DLS-ACC,expert,ACC,129,0.003751
5,DLS-ACC,expert,ACC,130,0.09676
5,DLS-ACC,expert,ACC,131,0.033614
5,DLS-ACC,expert,ACC,132,0.054881
5,DLS-ACC,expert,ACC,133,0.027421
5,DLS-ACC,expert,ACC,134,0.062759
5,DLS-ACC,expert,ACC,135,0.192452
5,DLS-ACC,expert,ACC,136,0.112376
5,DLS-ACC,expert,ACC,137,0.220555
5,DLS-ACC,expert,ACC,138,0.113369
5,DLS-ACC,expert,ACC,139,0.589431
5,DLS-ACC,expert,ACC,140,0.073989
5,DLS-ACC,expert,ACC,141,0.154064
5,DLS-ACC,expert,ACC,142,0.145079
5,DLS-ACC,expert,ACC,143,0.093509
5,DLS-ACC,expert,ACC,144,0.003819
5,DLS-ACC,expert,ACC,145,0.607935
5,DLS-ACC,expert,ACC,146,0.047094
5,DLS-ACC,expert,ACC,147,0.074436
5,DLS-ACC,expert,ACC,148,0.027666
5,DLS-ACC,expert,ACC,149,0.036076
5,DLS-ACC,expert,ACC,150,0.17963
5,DLS-ACC,expert,ACC,151,0.012836
5,DLS-ACC,expert,ACC,152,0.078509
5,DLS-ACC,expert,ACC,153,0.010459
5,DLS-ACC,expert,ACC,154,0.064316
5,DLS-ACC,expert,ACC,155,0.0207
5,DLS-ACC,expert,ACC,156,0.024072
5,DLS-ACC,expert,ACC,157,0.07238
5,DLS-ACC,expert,ACC,158,0.597718
5,DLS-ACC,expert,ACC,159,0.104311
5,DLS-ACC,expert,ACC,160,0.117299
5,DLS-ACC,expert,ACC,161,0.043476
5,DLS-ACC,expert,ACC,162,0.117175
5,DLS-ACC,expert,ACC,163,0.040201
5,DLS-ACC,expert,ACC,164,0.009795
5,DLS-ACC,expert,ACC,165,0.601742
5,DLS-ACC,expert,ACC,166,0.671782
5,DLS-ACC,expert,ACC,167,0.094459
5,DLS-ACC,expert,ACC,168,0.016661
5,DLS-ACC,expert,ACC,169,0.03659
5,DLS-ACC,expert,ACC,170,0.167334
5,DLS-ACC,expert,ACC,171,0.101336
5,DLS-ACC,expert,ACC,172,0.034499
5,DLS-ACC,expert,ACC,173,0.58608
5,DLS-ACC,expert,ACC,174,0.039453
6,DMS-ACC,naive,DMS,0,0.948185
6,DMS-ACC,naive,DMS,1,0.532412
6,DMS-ACC,naive,DMS,2,0.593354
6,DMS-ACC,naive,DMS,3,0.924155
6,DMS-ACC,naive,DMS,4,0.54736
6,DMS-ACC,naive,ACC,0,0.852747
6,DMS-ACC,naive,ACC,1,0.82513
6,DMS-ACC,naive,ACC,2,1.312968
6,DMS-ACC,naive,ACC,3,5.334661
6,DMS-ACC,naive,ACC,4,2.493878
6,DMS-ACC,intermediate,DMS,0,1.042169
6,DMS-ACC,intermediate,DMS,1,0.0
6,DMS-ACC,intermediate,DMS,2,1.35905
6,DMS-ACC,intermediate,DMS,3,1.008529
6,DMS-ACC,intermediate,DMS,4,2.121769
6,DMS-ACC,intermediate,ACC,0,0.855662
6,DMS-ACC,intermediate,ACC,1,1.002106
6,DMS-ACC,intermediate,ACC,2,0.804822
6,DMS-ACC,intermediate,ACC,3,0.864824
6,DMS-ACC,intermediate,ACC,4,0.68976
6,DMS-ACC,expert,DMS,0,1.164997
6,DMS-ACC,expert,DMS,1,0.0
6,DMS-ACC,expert,DMS,2,1.478327
6,DMS-ACC,expert,DMS,3,0.875917
6,DMS-ACC,expert,DMS,4,1.372741
6,DMS-ACC,expert,ACC,0,0.658066
6,DMS-ACC,expert,ACC,1,0.980041
6,DMS-ACC,expert,ACC,2,0.800795
6,DMS-ACC,expert,ACC,3,0.822988
6,DMS-ACC,expert,ACC,4,2.662937
7,DMS-ACC,naive,DMS,0,1.183178
7,DMS-ACC,naive,DMS,1,0.856459
7,DMS-ACC,naive,DMS,2,0.667856
7,DMS-ACC,naive,DMS,3,0.804885
7,DMS-ACC,naive,DMS,4,0.819281
7,DMS-ACC,naive,DMS,5,1.108561
7,DMS-ACC,naive,DMS,6,1.291084
7,DMS-ACC,naive,DMS,7,1.706508
7,DMS-ACC,naive,DMS,8,7.100042
7,DMS-ACC,naive,DMS,9,2.08563
7,DMS-ACC,naive,DMS,10,1.391331
7,DMS-ACC,naive,DMS,11,0.834476
7,DMS-ACC,naive,DMS,12,1.038971
7,DMS-ACC,naive,ACC,0,0.643638
7,DMS-ACC,naive,ACC,1,0.417963
7,DMS-ACC,naive,ACC,2,0.63511
7,DMS-ACC,naive,ACC,3,0.006329
7,DMS-ACC,naive,ACC,4,0.609933
7,DMS-ACC,naive,ACC,5,0.053613
7,DMS-ACC,naive,ACC,6,0.39962
7,DMS-ACC,naive,ACC,7,0.363932
7,DMS-ACC,naive,ACC,8,0.148937
7,DMS-ACC,naive,ACC,9,0.707075
7,DMS-ACC,naive,ACC,10,0.240425
7,DMS-ACC,naive,ACC,11,0.53035
7,DMS-ACC,naive,ACC,12,0.404837
7,DMS-ACC,naive,ACC,13,0.049187
7,DMS-ACC,naive,ACC,14,0.036404
7,DMS-ACC,naive,ACC,15,0.058209
7,DMS-ACC,naive,ACC,16,0.312399
7,DMS-ACC,naive,ACC,17,0.505439
7,DMS-ACC,naive,ACC,18,0.078549
7,DMS-ACC,naive,ACC,19,0.076077
7,DMS-ACC,naive,ACC,20,0.028424
7,DMS-ACC,naive,ACC,21,0.230153
7,DMS-ACC,naive,ACC,22,0.349313
7,DMS-ACC,naive,ACC,23,0.175959
7,DMS-ACC,naive,ACC,24,0.30189
7,DMS-ACC,naive,ACC,25,0.51648
7,DMS-ACC,naive,ACC,26,0.066415
7,DMS-ACC,naive,ACC,27,0.010184
7,DMS-ACC,naive,ACC,28,0.084314
7,DMS-ACC,naive,ACC,29,0.050199
7,DMS-ACC,naive,ACC,30,0.602809
7,DMS-ACC,naive,ACC,31,0.002578
7,DMS-ACC,naive,ACC,32,0.060266
7,DMS-ACC,naive,ACC,33,0.00238
7,DMS-ACC,naive,ACC,34,0.041795
7,DMS-ACC,naive,ACC,35,0.012764
7,DMS-ACC,naive,ACC,36,0.718073
7,DMS-ACC,naive,ACC,37,0.049811
7,DMS-ACC,naive,ACC,38,0.008835
7,DMS-ACC,naive,ACC,39,0.053713
7,DMS-ACC,naive,ACC,40,0.104528
7,DMS-ACC,naive,ACC,41,0.517885
7,DMS-ACC,naive,ACC,42,0.041924
7,DMS-ACC,naive,ACC,43,0.037962
7,DMS-ACC,naive,ACC,44,0.002405
7,DMS-ACC,naive,ACC,45,0.006447
7,DMS-ACC,naive,ACC,46,0.696394
7,DMS-ACC,naive,ACC,47,0.004484
7,DMS-ACC,naive,ACC,48,0.050783
7,DMS-ACC,naive,ACC,49,0.62761
7,DMS-ACC,naive,ACC,50,0.020905
7,DMS-ACC,naive,ACC,51,0.002559
7,DMS-ACC,naive,ACC,52,0.621686
7,DMS-ACC,naive,ACC,53,0.588099
7,DMS-ACC,naive,ACC,54,0.156371
7,DMS-ACC,naive,ACC,55,0.730794
7,DMS-ACC,naive,ACC,56,0.00204
7,DMS-ACC,naive,ACC,57,0.483505
7,DMS-ACC,naive,ACC,58,0.489176
7,DMS-ACC,naive,ACC,59,0.002389
7,DMS-ACC,naive,ACC,60,0.41158
7,DMS-ACC,naive,ACC,61,0.011395
7,DMS-ACC,intermediate,DMS,0,1.346496
7,DMS-ACC,intermediate,DMS,1,0.91284
7,DMS-ACC,intermediate,DMS,2,0.81799
7,DMS-ACC,intermediate,DMS,3,0.968344
7,DMS-ACC,intermediate,DMS,4,1.369334
7,DMS-ACC,intermediate,DMS,5,1.208355
7,DMS-ACC,intermediate,DMS,6,1.330887
7,DMS-ACC,intermediate,DMS,7,1.797569
7,DMS-ACC,intermediate,DMS,8,1.668899
7,DMS-ACC,intermediate,DMS,9,1.536926
7,DMS-ACC,intermediate,DMS,10,1.668072
7,DMS-ACC,intermediate,DMS,11,0.900954
7,DMS-ACC,intermediate,DMS,12,1.061387
7,DMS-ACC,intermediate,ACC,0,0.715946
7,DMS-ACC,intermediate,ACC,1,0.170231
7,DMS-ACC,intermediate,ACC,2,0.468128
7,DMS-ACC,intermediate,ACC,3,0.038173
7,DMS-ACC,intermediate,ACC,4,0.20757
7,DMS-ACC,intermediate,ACC,5,0.139166
7,DMS-ACC,intermediate,ACC,6,0.115676
7,DMS-ACC,intermediate,ACC,7,0.358031
7,DMS-ACC,intermediate,ACC,8,0.558096
7,DMS-ACC,intermediate,ACC,9,0.122772
7,DMS-ACC,intermediate,ACC,10,0.710889
7,DMS-ACC,intermediate,ACC,11,0.136619
7,DMS-ACC,intermediate,ACC,12,0.30489
7,DMS-ACC,intermediate,ACC,13,0.589706
7,DMS-ACC,intermediate,ACC,14,0.144812
7,DMS-ACC,intermediate,ACC,15,0.3703
7,DMS-ACC,intermediate,ACC,16,0.241475
7,DMS-ACC,intermediate,ACC,17,0.230234
7,DMS-ACC,intermediate,ACC,18,0.418878
7,DMS-ACC,intermediate,ACC,19,0.794504
7,DMS-ACC,intermediate,ACC,20,0.032801
7,DMS-ACC,intermediate,ACC,21,0.334759
7,DMS-ACC,intermediate,ACC,22,0.09005
7,DMS-ACC,intermediate,ACC,23,0.205371
7,DMS-ACC,intermediate,ACC,24,0.24604
7,DMS-ACC,intermediate,ACC,25,0.070814
7,DMS-ACC,intermediate,ACC,26,0.204504
7,DMS-ACC,intermediate,ACC,27,0.113735
7,DMS-ACC,intermediate,ACC,28,0.056083
7,DMS-ACC,intermediate,ACC,29,0.692319
7,DMS-ACC,intermediate,ACC,30,0.766758
7,DMS-ACC,intermediate,ACC,31,0.098527
7,DMS-ACC,intermediate,ACC,32,0.64724
7,DMS-ACC,intermediate,ACC,33,0.737959
7,DMS-ACC,intermediate,ACC,34,0.667597
7,DMS-ACC,intermediate,ACC,35,0.122053
7,DMS-ACC,intermediate,ACC,36,0.646986
7,DMS-ACC,intermediate,ACC,37,0.124371
7,DMS-ACC,intermediate,ACC,38,0.017049
7,DMS-ACC,intermediate,ACC,39,0.635659
7,DMS-ACC,intermediate,ACC,40,0.215546
7,DMS-ACC,intermediate,ACC,41,0.640345
7,DMS-ACC,intermediate,ACC,42,0.04766
7,DMS-ACC,intermediate,ACC,43,0.124493
7,DMS-ACC,intermediate,ACC,44,0.007523
7,DMS-ACC,intermediate,ACC,45,0.677085
7,DMS-ACC,intermediate,ACC,46,0.635861
7,DMS-ACC,intermediate,ACC,47,0.029182
7,DMS-ACC,intermediate,ACC,48,0.0208
7,DMS-ACC,intermediate,ACC,49,0.22445
7,DMS-ACC,intermediate,ACC,50,0.017731
7,DMS-ACC,intermediate,ACC,51,0.713164
7,DMS-ACC,intermediate,ACC,52,0.10525
7,DMS-ACC,intermediate,ACC,53,0.304548
7,DMS-ACC,intermediate,ACC,54,0.660142
7,DMS-ACC,intermediate,ACC,55,0.127638
7,DMS-ACC,intermediate,ACC,56,0.495489
7,DMS-ACC,intermediate,ACC,57,0.443898
7,DMS-ACC,intermediate,ACC,58,0.257097
7,DMS-ACC,intermediate,ACC,59,0.047424
7,DMS-ACC,intermediate,ACC,60,0.389809
7,DMS-ACC,intermediate,ACC,61,0.019095
7,DMS-ACC,expert,DMS,0,0.76689
7,DMS-ACC,expert,DMS,1,1.186163
7,DMS-ACC,expert,DMS,2,1.075012
7,DMS-ACC,expert,DMS,3,0.93886
7,DMS-ACC,expert,DMS,4,0.763163
7,DMS-ACC,expert,DMS,5,1.378641
7,DMS-ACC,expert,DMS,6,1.221826
7,DMS-ACC,expert,DMS,7,0.875883
7,DMS-ACC,expert,DMS,8,0.75828
7,DMS-ACC,expert,DMS,9,1.042201
7,DMS-ACC,expert,DMS,10,1.765653
7,DMS-ACC,expert,DMS,11,0.945901
7,DMS-ACC,expert,DMS,12,1.069877
7,DMS-ACC,expert,ACC,0,0.183607
7,DMS-ACC,expert,ACC,1,0.121554
7,DMS-ACC,expert,ACC,2,0.040543
7,DMS-ACC,expert,ACC,3,0.01243
7,DMS-ACC,expert,ACC,4,0.256119
7,DMS-ACC,expert,ACC,5,0.686471
7,DMS-ACC,expert,ACC,6,0.089303
7,DMS-ACC,expert,ACC,7,0.328874
7,DMS-ACC,expert,ACC,8,0.496229
7,DMS-ACC,expert,ACC,9,0.126957
7,DMS-ACC,expert,ACC,10,0.207282
7,DMS-ACC,expert,ACC,11,0.275394
7,DMS-ACC,expert,ACC,12,0.313484
7,DMS-ACC,expert,ACC,13,0.664215
7,DMS-ACC,expert,ACC,14,0.137486
7,DMS-ACC,expert,ACC,15,0.636389
7,DMS-ACC,expert,ACC,16,0.33557
7,DMS-ACC,expert,ACC,17,0.449127
7,DMS-ACC,expert,ACC,18,0.568547
7,DMS-ACC,expert,ACC,19,0.345917
7,DMS-ACC,expert,ACC,20,0.149276
7,DMS-ACC,expert,ACC,21,0.347063
7,DMS-ACC,expert,ACC,22,0.120731
7,DMS-ACC,expert,ACC,23,0.190837
7,DMS-ACC,expert,ACC,24,0.154719
7,DMS-ACC,expert,ACC,25,0.201123
7,DMS-ACC,expert,ACC,26,0.701424
7,DMS-ACC,expert,ACC,27,0.027825
7,DMS-ACC,expert,ACC,28,0.457535
7,DMS-ACC,expert,ACC,29,0.729128
7,DMS-ACC,expert,ACC,30,0.010793
7,DMS-ACC,expert,ACC,31,0.658807
7,DMS-ACC,expert,ACC,32,0.547569
7,DMS-ACC,expert,ACC,33,0.531112
7,DMS-ACC,expert,ACC,34,0.507941
7,DMS-ACC,expert,ACC,35,0.630166
7,DMS-ACC,expert,ACC,36,0.13467
7,DMS-ACC,expert,ACC,37,0.033766
7,DMS-ACC,expert,ACC,38,0.682707
7,DMS-ACC,expert,ACC,39,0.636827
7,DMS-ACC,expert,ACC,40,0.739826
7,DMS-ACC,expert,ACC,41,0.033287
7,DMS-ACC,expert,ACC,42,0.057559
7,DMS-ACC,expert,ACC,43,0.242276
7,DMS-ACC,expert,ACC,44,0.01751
7,DMS-ACC,expert,ACC,45,0.653103
7,DMS-ACC,expert,ACC,46,0.008594
7,DMS-ACC,expert,ACC,47,0.464291
7,DMS-ACC,expert,ACC,48,0.072613
7,DMS-ACC,expert,ACC,49,0.04244
7,DMS-ACC,expert,ACC,50,0.012568
7,DMS-ACC,expert,ACC,51,0.544994
7,DMS-ACC,expert,ACC,52,0.177555
7,DMS-ACC,expert,ACC,53,0.206845
7,DMS-ACC,expert,ACC,54,0.544253
7,DMS-ACC,expert,ACC,55,0.087991
7,DMS-ACC,expert,ACC,56,0.470483
7,DMS-ACC,expert,ACC,57,0.099805
7,DMS-ACC,expert,ACC,58,0.061277
7,DMS-ACC,expert,ACC,59,0.65371
7,DMS-ACC,expert,ACC,60,0.02493
7,DMS-ACC,expert,ACC,61,0.026679
9,DMS-ACC,naive,DMS,0,1.316271
9,DMS-ACC,naive,DMS,1,1.315447
9,DMS-ACC,naive,DMS,2,1.349406
9,DMS-ACC,naive,DMS,3,0.004783
9,DMS-ACC,naive,DMS,4,0.011746
9,DMS-ACC,naive,DMS,5,0.043079
9,DMS-ACC,naive,DMS,6,0.49762
9,DMS-ACC,naive,DMS,7,0.819018
9,DMS-ACC,naive,DMS,8,1.116314
9,DMS-ACC,naive,DMS,9,1.02747
9,DMS-ACC,naive,DMS,10,0.611511
9,DMS-ACC,naive,DMS,11,1.261253
9,DMS-ACC,naive,DMS,12,0.527443
9,DMS-ACC,naive,DMS,13,1.013221
9,DMS-ACC,naive,DMS,14,0.658425
9,DMS-ACC,naive,DMS,15,1.04203
9,DMS-ACC,naive,DMS,16,0.015119
9,DMS-ACC,naive,DMS,17,0.858268
9,DMS-ACC,naive,DMS,18,0.873177
9,DMS-ACC,naive,DMS,19,1.035128
9,DMS-ACC,naive,DMS,20,0.176853
9,DMS-ACC,naive,DMS,21,0.944474
9,DMS-ACC,naive,DMS,22,0.931614
9,DMS-ACC,naive,DMS,23,0.008376
9,DMS-ACC,naive,DMS,24,0.308198
9,DMS-ACC,naive,DMS,25,0.0
9,DMS-ACC,naive,DMS,26,0.739548
9,DMS-ACC,naive,DMS,27,0.661757
9,DMS-ACC,naive,ACC,0,0.750806
9,DMS-ACC,naive,ACC,1,0.810376
9,DMS-ACC,naive,ACC,2,0.019044
9,DMS-ACC,naive,ACC,3,0.663179
9,DMS-ACC,naive,ACC,4,0.834668
9,DMS-ACC,naive,ACC,5,0.038635
9,DMS-ACC,naive,ACC,6,0.838186
9,DMS-ACC,naive,ACC,7,0.728119
9,DMS-ACC,naive,ACC,8,0.536281
9,DMS-ACC,naive,ACC,9,0.037788
9,DMS-ACC,naive,ACC,10,0.57512
9,DMS-ACC,naive,ACC,11,0.587527
9,DMS-ACC,naive,ACC,12,0.024679
9,DMS-ACC,naive,ACC,13,0.431531
9,DMS-ACC,naive,ACC,14,0.507861
9,DMS-ACC,naive,ACC,15,0.067895
9,DMS-ACC,naive,ACC,16,0.618497
9,DMS-ACC,naive,ACC,17,0.337517
9,DMS-ACC,naive,ACC,18,0.769493
9,DMS-ACC,naive,ACC,19,0.517343
9,DMS-ACC,naive,ACC,20,0.237775
9,DMS-ACC,naive,ACC,21,0.795107
9,DMS-ACC,naive,ACC,22,0.215057
9,DMS-ACC,naive,ACC,23,0.445415
9,DMS-ACC,naive,ACC,24,0.862121
9,DMS-ACC,naive,ACC,25,0.043583
9,DMS-ACC,naive,ACC,26,0.019925
9,DMS-ACC,naive,ACC,27,0.897739
9,DMS-ACC,naive,ACC,28,0.09157
9,DMS-ACC,naive,ACC,29,0.030106
9,DMS-ACC,naive,ACC,30,0.603451
9,DMS-ACC,naive,ACC,31,0.72423
9,DMS-ACC,naive,ACC,32,0.446582
9,DMS-ACC,naive,ACC,33,0.147419
9,DMS-ACC,intermediate,DMS,0,1.388261
9,DMS-ACC,intermediate,DMS,1,0.002516
9,DMS-ACC,intermediate,DMS,2,0.02852
9,DMS-ACC,intermediate,DMS,3,1.251764
9,DMS-ACC,intermediate,DMS,4,0.673764
9,DMS-ACC,intermediate,DMS,5,1.069501
9,DMS-ACC,intermediate,DMS,6,0.042412
9,DMS-ACC,intermediate,DMS,7,0.96434
9,DMS-ACC,intermediate,DMS,8,1.175582
9,DMS-ACC,intermediate,DMS,9,0.034801
9,DMS-ACC,intermediate,DMS,10,0.063021
9,DMS-ACC,intermediate,DMS,11,0.010509
9,DMS-ACC,intermediate,DMS,12,0.779153
9,DMS-ACC,intermediate,DMS,13,1.180684
9,DMS-ACC,intermediate,DMS,14,0.733191
9,DMS-ACC,intermediate,DMS,15,0.941416
9,DMS-ACC,intermediate,DMS,16,0.788272
9,DMS-ACC,intermediate,DMS,17,0.624296
9,DMS-ACC,intermediate,DMS,18,0.978658
9,DMS-ACC,intermediate,DMS,19,1.070628
9,DMS-ACC,intermediate,DMS,20,0.485433
9,DMS-ACC,intermediate,DMS,21,1.436687
9,DMS-ACC,intermediate,DMS,22,0.94646
9,DMS-ACC,intermediate,DMS,23,1.004524
9,DMS-ACC,intermediate,DMS,24,0.733713
9,DMS-ACC,intermediate,DMS,25,1.279019
9,DMS-ACC,intermediate,DMS,26,1.183432
9,DMS-ACC,intermediate,DMS,27,0.941094
9,DMS-ACC,intermediate,ACC,0,0.975074
9,DMS-ACC,intermediate,ACC,1,0.762146
9,DMS-ACC,intermediate,ACC,2,0.025901
9,DMS-ACC,intermediate,ACC,3,0.982482
9,DMS-ACC,intermediate,ACC,4,0.992126
9,DMS-ACC,intermediate,ACC,5,0.537887
9,DMS-ACC,intermediate,ACC,6,0.727001
9,DMS-ACC,intermediate,ACC,7,0.937043
9,DMS-ACC,intermediate,ACC,8,0.837633
9,DMS-ACC,intermediate,ACC,9,0.269988
9,DMS-ACC,intermediate,ACC,10,0.725489
9,DMS-ACC,intermediate,ACC,11,0.825395
9,DMS-ACC,intermediate,ACC,12,0.103584
9,DMS-ACC,intermediate,ACC,13,0.243457
9,DMS-ACC,intermediate,ACC,14,0.890935
9,DMS-ACC,intermediate,ACC,15,0.944325
9,DMS-ACC,intermediate,ACC,16,0.957254
9,DMS-ACC,intermediate,ACC,17,0.033459
9,DMS-ACC,intermediate,ACC,18,0.033635
9,DMS-ACC,intermediate,ACC,19,0.168299
9,DMS-ACC,intermediate,ACC,20,0.959509
9,DMS-ACC,intermediate,ACC,21,0.191029
9,DMS-ACC,intermediate,ACC,22,0.581952
9,DMS-ACC,intermediate,ACC,23,0.033315
9,DMS-ACC,intermediate,ACC,24,0.895095
9,DMS-ACC,intermediate,ACC,25,0.031294
9,DMS-ACC,intermediate,ACC,26,0.013417
9,DMS-ACC,intermediate,ACC,27,0.96333
9,DMS-ACC,intermediate,ACC,28,0.797598
9,DMS-ACC,intermediate,ACC,29,0.066252
9,DMS-ACC,intermediate,ACC,30,0.847882
9,DMS-ACC,intermediate,ACC,31,0.833622
9,DMS-ACC,intermediate,ACC,32,0.956749
9,DMS-ACC,intermediate,ACC,33,0.942331
9,DMS-ACC,expert,DMS,0,0.021507
9,DMS-ACC,expert,DMS,1,0.860315
9,DMS-ACC,expert,DMS,2,0.05934
9,DMS-ACC,expert,DMS,3,0.948307
9,DMS-ACC,expert,DMS,4,0.625878
9,DMS-ACC,expert,DMS,5,1.348792
9,DMS-ACC,expert,DMS,6,1.178517
9,DMS-ACC,expert,DMS,7,1.035724
9,DMS-ACC,expert,DMS,8,1.204851
9,DMS-ACC,expert,DMS,9,0.045864
9,DMS-ACC,expert,DMS,10,1.214727
9,DMS-ACC,expert,DMS,11,0.263291
9,DMS-ACC,expert,DMS,12,1.24857
9,DMS-ACC,expert,DMS,13,1.120524
9,DMS-ACC,expert,DMS,14,0.99884
9,DMS-ACC,expert,DMS,15,0.960311
9,DMS-ACC,expert,DMS,16,1.305192
9,DMS-ACC,expert,DMS,17,0.0
9,DMS-ACC,expert,DMS,18,1.005222
9,DMS-ACC,expert,DMS,19,1.050477
9,DMS-ACC,expert,DMS,20,1.470746
9,DMS-ACC,expert,DMS,21,0.041855
9,DMS-ACC,expert,DMS,22,1.052519
9,DMS-ACC,expert,DMS,23,0.00499
9,DMS-ACC,expert,DMS,24,0.793491
9,DMS-ACC,expert,DMS,25,1.222439
9,DMS-ACC,expert,DMS,26,0.946041
9,DMS-ACC,expert,DMS,27,1.244223
9,DMS-ACC,expert,ACC,0,0.332526
9,DMS-ACC,expert,ACC,1,0.918788
9,DMS-ACC,expert,ACC,2,0.004211
9,DMS-ACC,expert,ACC,3,1.046965
9,DMS-ACC,expert,ACC,4,1.006688
9,DMS-ACC,expert,ACC,5,0.976663
9,DMS-ACC,expert,ACC,6,0.686715
9,DMS-ACC,expert,ACC,7,1.021435
9,DMS-ACC,expert,ACC,8,0.089838
9,DMS-ACC,expert,ACC,9,0.307322
9,DMS-ACC,expert,ACC,10,0.14532
9,DMS-ACC,expert,ACC,11,0.954785
9,DMS-ACC,expert,ACC,12,0.406707
9,DMS-ACC,expert,ACC,13,1.073765
9,DMS-ACC,expert,ACC,14,0.140134
9,DMS-ACC,expert,ACC,15,1.03075
9,DMS-ACC,expert,ACC,16,0.331616
9,DMS-ACC,expert,ACC,17,0.030749
9,DMS-ACC,expert,ACC,18,0.01167
9,DMS-ACC,expert,ACC,19,0.057451
9,DMS-ACC,expert,ACC,20,1.026885
9,DMS-ACC,expert,ACC,21,0.826049
9,DMS-ACC,expert,ACC,22,0.99263
9,DMS-ACC,expert,ACC,23,0.818647
9,DMS-ACC,expert,ACC,24,0.951357
9,DMS-ACC,expert,ACC,25,0.019087
9,DMS-ACC,expert,ACC,26,0.063369
9,DMS-ACC,expert,ACC,27,1.004877
9,DMS-ACC,expert,ACC,28,0.852372
9,DMS-ACC,expert,ACC,29,0.227303
9,DMS-ACC,expert,ACC,30,0.816345
9,DMS-ACC,expert,ACC,31,0.81687
9,DMS-ACC,expert,ACC,32,0.91381
9,DMS-ACC,expert,ACC,33,0.98017
9,V1-DMS,naive,V1,0,1.030176
9,V1-DMS,naive,V1,1,0.972159
9,V1-DMS,naive,V1,2,0.134625
9,V1-DMS,naive,V1,3,0.561359
9,V1-DMS,naive,V1,4,0.827672
9,V1-DMS,naive,V1,5,0.517558
9,V1-DMS,naive,V1,6,0.996398
9,V1-DMS,naive,V1,7,0.485826
9,V1-DMS,naive,V1,8,0.64885
9,V1-DMS,naive,V1,9,0.436349
9,V1-DMS,naive,V1,10,0.527829
9,V1-DMS,naive,V1,11,0.531706
9,V1-DMS,naive,V1,12,0.594731
9,V1-DMS,naive,V1,13,0.824596
9,V1-DMS,naive,V1,14,0.767845
9,V1-DMS,naive,V1,15,0.106176
9,V1-DMS,naive,V1,16,0.485079
9,V1-DMS,naive,V1,17,0.238557
9,V1-DMS,naive,V1,18,0.599059
9,V1-DMS,naive,V1,19,0.957698
9,V1-DMS,naive,V1,20,1.004452
9,V1-DMS,naive,V1,21,0.712479
9,V1-DMS,naive,V1,22,0.592869
9,V1-DMS,naive,V1,23,0.481203
9,V1-DMS,naive,DMS,0,1.310034
9,V1-DMS,naive,DMS,1,1.318857
9,V1-DMS,naive,DMS,2,1.347503
9,V1-DMS,naive,DMS,3,0.005123
9,V1-DMS,naive,DMS,4,0.012337
9,V1-DMS,naive,DMS,5,0.042261
9,V1-DMS,naive,DMS,6,0.499702
9,V1-DMS,naive,DMS,7,0.820263
9,V1-DMS,naive,DMS,8,1.118253
9,V1-DMS,naive,DMS,9,1.03098
9,V1-DMS,naive,DMS,10,0.611722
9,V1-DMS,naive,DMS,11,1.26265
9,V1-DMS,naive,DMS,12,0.528412
9,V1-DMS,naive,DMS,13,1.015117
9,V1-DMS,naive,DMS,14,0.662122
9,V1-DMS,naive,DMS,15,1.045135
9,V1-DMS,naive,DMS,16,0.015018
9,V1-DMS,naive,DMS,17,0.858818
9,V1-DMS,naive,DMS,18,0.873604
9,V1-DMS,naive,DMS,19,1.036246
9,V1-DMS,naive,DMS,20,0.178654
9,V1-DMS,naive,DMS,21,0.945806
9,V1-DMS,naive,DMS,22,0.932191
9,V1-DMS,naive,DMS,23,0.007723
9,V1-DMS,naive,DMS,24,0.331729
9,V1-DMS,naive,DMS,25,0.0
9,V1-DMS,naive,DMS,26,0.740285
9,V1-DMS,naive,DMS,27,0.66364
9,V1-DMS,intermediate,V1,0,0.979608
9,V1-DMS,intermediate,V1,1,0.974773
9,V1-DMS,intermediate,V1,2,0.027514
9,V1-DMS,intermediate,V1,3,0.928177
9,V1-DMS,intermediate,V1,4,0.872161
9,V1-DMS,intermediate,V1,5,0.759315
9,V1-DMS,intermediate,V1,6,0.987901
9,V1-DMS,intermediate,V1,7,0.869781
9,V1-DMS,intermediate,V1,8,0.766914
9,V1-DMS,intermediate,V1,9,0.006528
9,V1-DMS,intermediate,V1,10,0.881066
9,V1-DMS,intermediate,V1,11,0.749467
9,V1-DMS,intermediate,V1,12,0.995558
9,V1-DMS,intermediate,V1,13,1.049502
9,V1-DMS,intermediate,V1,14,0.832121
9,V1-DMS,intermediate,V1,15,0.180799
9,V1-DMS,intermediate,V1,16,0.933144
9,V1-DMS,intermediate,V1,17,0.92504
9,V1-DMS,intermediate,V1,18,0.885978
9,V1-DMS,intermediate,V1,19,1.058755
9,V1-DMS,intermediate,V1,20,0.151372
9,V1-DMS,intermediate,V1,21,0.449457
9,V1-DMS,intermediate,V1,22,0.96548
9,V1-DMS,intermediate,V1,23,1.039905
9,V1-DMS,intermediate,DMS,0,1.389649
9,V1-DMS,intermediate,DMS,1,0.002788
9,V1-DMS,intermediate,DMS,2,0.029327
9,V1-DMS,intermediate,DMS,3,1.254176
9,V1-DMS,intermediate,DMS,4,0.674731
9,V1-DMS,intermediate,DMS,5,1.070354
9,V1-DMS,intermediate,DMS,6,0.04234
9,V1-DMS,intermediate,DMS,7,0.965297
9,V1-DMS,intermediate,DMS,8,1.176665
9,V1-DMS,intermediate,DMS,9,0.03846
9,V1-DMS,intermediate,DMS,10,0.064721
9,V1-DMS,intermediate,DMS,11,0.01058
9,V1-DMS,intermediate,DMS,12,0.77953
9,V1-DMS,intermediate,DMS,13,1.181566
9,V1-DMS,intermediate,DMS,14,0.737422
9,V1-DMS,intermediate,DMS,15,0.942641
9,V1-DMS,intermediate,DMS,16,0.783434
9,V1-DMS,intermediate,DMS,17,0.62093
9,V1-DMS,intermediate,DMS,18,0.979506
9,V1-DMS,intermediate,DMS,19,1.072651
9,V1-DMS,intermediate,DMS,20,0.48502
9,V1-DMS,intermediate,DMS,21,1.438302
9,V1-DMS,intermediate,DMS,22,0.947654
9,V1-DMS,intermediate,DMS,23,1.005974
9,V1-DMS,intermediate,DMS,24,0.733776
9,V1-DMS,intermediate,DMS,25,1.280639
9,V1-DMS,intermediate,DMS,26,1.185068
9,V1-DMS,intermediate,DMS,27,0.943992
9,V1-DMS,expert,V1,0,0.989415
9,V1-DMS,expert,V1,1,0.962049
9,V1-DMS,expert,V1,2,0.052194
9,V1-DMS,expert,V1,3,0.977798
9,V1-DMS,expert,V1,4,0.936284
9,V1-DMS,expert,V1,5,1.048091
9,V1-DMS,expert,V1,6,1.01983
9,V1-DMS,expert,V1,7,1.058321
9,V1-DMS,expert,V1,8,1.094039
9,V1-DMS,expert,V1,9,0.007003
9,V1-DMS,expert,V1,10,0.975258
9,V1-DMS,expert,V1,11,0.030957
9,V1-DMS,expert,V1,12,0.995358
9,V1-DMS,expert,V1,13,1.095579
9,V1-DMS,expert,V1,14,0.93471
9,V1-DMS,expert,V1,15,1.149635
9,V1-DMS,expert,V1,16,0.901193
9,V1-DMS,expert,V1,17,0.936177
9,V1-DMS,expert,V1,18,1.056322
9,V1-DMS,expert,V1,19,1.04528
9,V1-DMS,expert,V1,20,0.140141
9,V1-DMS,expert,V1,21,0.873447
9,V1-DMS,expert,V1,22,1.056293
9,V1-DMS,expert,V1,23,1.03767
9,V1-DMS,expert,DMS,0,0.023107
9,V1-DMS,expert,DMS,1,0.099772
9,V1-DMS,expert,DMS,2,0.066751
9,V1-DMS,expert,DMS,3,0.949396
9,V1-DMS,expert,DMS,4,0.627591
9,V1-DMS,expert,DMS,5,1.350579
9,V1-DMS,expert,DMS,6,1.180954
9,V1-DMS,expert,DMS,7,1.03349
9,V1-DMS,expert,DMS,8,1.206472
9,V1-DMS,expert,DMS,9,0.047746
9,V1-DMS,expert,DMS,10,1.214781
9,V1-DMS,expert,DMS,11,0.294886
9,V1-DMS,expert,DMS,12,1.390568
9,V1-DMS,expert,DMS,13,1.122046
9,V1-DMS,expert,DMS,14,0.998324
9,V1-DMS,expert,DMS,15,0.964947
9,V1-DMS,expert,DMS,16,1.310703
9,V1-DMS,expert,DMS,17,0.0
9,V1-DMS,expert,DMS,18,1.005701
9,V1-DMS,expert,DMS,19,1.050524
9,V1-DMS,expert,DMS,20,1.481964
9,V1-DMS,expert,DMS,21,0.044182
9,V1-DMS,expert,DMS,22,1.052836
9,V1-DMS,expert,DMS,23,0.004585
9,V1-DMS,expert,DMS,24,0.794284
9,V1-DMS,expert,DMS,25,1.210446
9,V1-DMS,expert,DMS,26,0.946525
9,V1-DMS,expert,DMS,27,1.358696
9,V1-ACC,naive,V1,0,1.025297
9,V1-ACC,naive,V1,1,0.969472
9,V1-ACC,naive,V1,2,0.126028
9,V1-ACC,naive,V1,3,0.560968
9,V1-ACC,naive,V1,4,0.827186
9,V1-ACC,naive,V1,5,0.517516
9,V1-ACC,naive,V1,6,0.994852
9,V1-ACC,naive,V1,7,0.484692
9,V1-ACC,naive,V1,8,0.647817
9,V1-ACC,naive,V1,9,0.435861
9,V1-ACC,naive,V1,10,0.528371
9,V1-ACC,naive,V1,11,0.530838
9,V1-ACC,naive,V1,12,0.594131
9,V1-ACC,naive,V1,13,0.822151
9,V1-ACC,naive,V1,14,0.767396
9,V1-ACC,naive,V1,15,0.115501
9,V1-ACC,naive,V1,16,0.48742
9,V1-ACC,naive,V1,17,0.247131
9,V1-ACC,naive,V1,18,0.598975
9,V1-ACC,naive,V1,19,0.95473
9,V1-ACC,naive,V1,20,0.999748
9,V1-ACC,naive,V1,21,0.709804
9,V1-ACC,naive,V1,22,0.592294
9,V1-ACC,naive,V1,23,0.488616
9,V1-ACC,naive,ACC,0,0.752696
9,V1-ACC,naive,ACC,1,0.808313
9,V1-ACC,naive,ACC,2,0.019953
9,V1-ACC,naive,ACC,3,0.663433
9,V1-ACC,naive,ACC,4,0.834269
9,V1-ACC,naive,ACC,5,0.040291
9,V1-ACC,naive,ACC,6,0.837768
9,V1-ACC,naive,ACC,7,0.727996
9,V1-ACC,naive,ACC,8,0.536665
9,V1-ACC,naive,ACC,9,0.041851
9,V1-ACC,naive,ACC,10,0.575989
9,V1-ACC,naive,ACC,11,0.585632
9,V1-ACC,naive,ACC,12,0.02727
9,V1-ACC,naive,ACC,13,0.431763
9,V1-ACC,naive,ACC,14,0.507085
9,V1-ACC,naive,ACC,15,0.06947
9,V1-ACC,naive,ACC,16,0.619597
9,V1-ACC,naive,ACC,17,0.448762
9,V1-ACC,naive,ACC,18,0.76745
9,V1-ACC,naive,ACC,19,0.519174
9,V1-ACC,naive,ACC,20,0.248881
9,V1-ACC,naive,ACC,21,0.798748
9,V1-ACC,naive,ACC,22,0.212662
9,V1-ACC,naive,ACC,23,0.445918
9,V1-ACC,naive,ACC,24,0.866221
9,V1-ACC,naive,ACC,25,0.045134
9,V1-ACC,naive,ACC,26,0.019521
9,V1-ACC,naive,ACC,27,0.785595
9,V1-ACC,naive,ACC,28,0.107028
9,V1-ACC,naive,ACC,29,0.029444
9,V1-ACC,naive,ACC,30,0.604385
9,V1-ACC,naive,ACC,31,0.722693
9,V1-ACC,naive,ACC,32,0.542035
9,V1-ACC,naive,ACC,33,0.141326
9,V1-ACC,intermediate,V1,0,0.977061
9,V1-ACC,intermediate,V1,1,0.973699
9,V1-ACC,intermediate,V1,2,0.027499
9,V1-ACC,intermediate,V1,3,0.92463
9,V1-ACC,intermediate,V1,4,0.871857
9,V1-ACC,intermediate,V1,5,0.759092
9,V1-ACC,intermediate,V1,6,0.986545
9,V1-ACC,intermediate,V1,7,0.867437
9,V1-ACC,intermediate,V1,8,0.765877
9,V1-ACC,intermediate,V1,9,0.007123
9,V1-ACC,intermediate,V1,10,0.880272
9,V1-ACC,intermediate,V1,11,0.75493
9,V1-ACC,intermediate,V1,12,0.994702
9,V1-ACC,intermediate,V1,13,1.048021
9,V1-ACC,intermediate,V1,14,0.831748
9,V1-ACC,intermediate,V1,15,0.171397
9,V1-ACC,intermediate,V1,16,0.933093
9,V1-ACC,intermediate,V1,17,0.924692
9,V1-ACC,intermediate,V1,18,0.885437
9,V1-ACC,intermediate,V1,19,1.056875
9,V1-ACC,intermediate,V1,20,0.150988
9,V1-ACC,intermediate,V1,21,0.452242
9,V1-ACC,intermediate,V1,22,0.964767
9,V1-ACC,intermediate,V1,23,1.039905
9,V1-ACC,intermediate,ACC,0,0.976058
9,V1-ACC,intermediate,ACC,1,0.770527
9,V1-ACC,intermediate,ACC,2,0.026146
9,V1-ACC,intermediate,ACC,3,0.986874
9,V1-ACC,intermediate,ACC,4,1.009024
9,V1-ACC,intermediate,ACC,5,0.473287
9,V1-ACC,intermediate,ACC,6,0.726003
9,V1-ACC,intermediate,ACC,7,0.939581
9,V1-ACC,intermediate,ACC,8,0.837093
9,V1-ACC,intermediate,ACC,9,0.267056
9,V1-ACC,intermediate,ACC,10,0.727994
9,V1-ACC,intermediate,ACC,11,0.826106
9,V1-ACC,intermediate,ACC,12,0.105234
9,V1-ACC,intermediate,ACC,13,0.254914
9,V1-ACC,intermediate,ACC,14,0.894144
9,V1-ACC,intermediate,ACC,15,0.946171
9,V1-ACC,intermediate,ACC,16,0.958364
9,V1-ACC,intermediate,ACC,17,0.030236
9,V1-ACC,intermediate,ACC,18,0.034573
9,V1-ACC,intermediate,ACC,19,0.172474
9,V1-ACC,intermediate,ACC,20,0.961548
9,V1-ACC,intermediate,ACC,21,0.193992
9,V1-ACC,intermediate,ACC,22,0.582856
9,V1-ACC,intermediate,ACC,23,0.032389
9,V1-ACC,intermediate,ACC,24,0.898392
9,V1-ACC,intermediate,ACC,25,0.031606
9,V1-ACC,intermediate,ACC,26,0.014227
9,V1-ACC,intermediate,ACC,27,0.961872
9,V1-ACC,intermediate,ACC,28,0.79764
9,V1-ACC,intermediate,ACC,29,0.067602
9,V1-ACC,intermediate,ACC,30,0.84738
9,V1-ACC,intermediate,ACC,31,0.834404
9,V1-ACC,intermediate,ACC,32,0.953485
9,V1-ACC,intermediate,ACC,33,0.943197
9,V1-ACC,expert,V1,0,0.987974
9,V1-ACC,expert,V1,1,0.961516
9,V1-ACC,expert,V1,2,0.052467
9,V1-ACC,expert,V1,3,0.968234
9,V1-ACC,expert,V1,4,0.935527
9,V1-ACC,expert,V1,5,1.049018
9,V1-ACC,expert,V1,6,1.019452
9,V1-ACC,expert,V1,7,1.062343
9,V1-ACC,expert,V1,8,1.093554
9,V1-ACC,expert,V1,9,0.006478
9,V1-ACC,expert,V1,10,0.973415
9,V1-ACC,expert,V1,11,0.030241
9,V1-ACC,expert,V1,12,0.99371
9,V1-ACC,expert,V1,13,1.09304
9,V1-ACC,expert,V1,14,0.934467
9,V1-ACC,expert,V1,15,1.14737
9,V1-ACC,expert,V1,16,0.88974
9,V1-ACC,expert,V1,17,0.935758
9,V1-ACC,expert,V1,18,1.055258
9,V1-ACC,expert,V1,19,1.044161
9,V1-ACC,expert,V1,20,0.145632
9,V1-ACC,expert,V1,21,0.896637
9,V1-ACC,expert,V1,22,1.072507
9,V1-ACC,expert,V1,23,1.035432
9,V1-ACC,expert,ACC,0,0.331824
9,V1-ACC,expert,ACC,1,0.91988
9,V1-ACC,expert,ACC,2,0.00393
9,V1-ACC,expert,ACC,3,1.046969
9,V1-ACC,expert,ACC,4,1.00892
9,V1-ACC,expert,ACC,5,0.977017
9,V1-ACC,expert,ACC,6,0.686522
9,V1-ACC,expert,ACC,7,1.020466
9,V1-ACC,expert,ACC,8,0.093593
9,V1-ACC,expert,ACC,9,0.311611
9,V1-ACC,expert,ACC,10,0.143087
9,V1-ACC,expert,ACC,11,0.955302
9,V1-ACC,expert,ACC,12,0.403319
9,V1-ACC,expert,ACC,13,1.074833
9,V1-ACC,expert,ACC,14,0.147329
9,V1-ACC,expert,ACC,15,1.02682
9,V1-ACC,expert,ACC,16,0.328756
9,V1-ACC,expert,ACC,17,0.030988
9,V1-ACC,expert,ACC,18,0.011695
9,V1-ACC,expert,ACC,19,0.054351
9,V1-ACC,expert,ACC,20,1.028317
9,V1-ACC,expert,ACC,21,0.826213
9,V1-ACC,expert,ACC,22,0.992236
9,V1-ACC,expert,ACC,23,0.819412
9,V1-ACC,expert,ACC,24,0.952081
9,V1-ACC,expert,ACC,25,0.018816
9,V1-ACC,expert,ACC,26,0.063924
9,V1-ACC,expert,ACC,27,1.005221
9,V1-ACC,expert,ACC,28,0.851804
9,V1-ACC,expert,ACC,29,0.236404
9,V1-ACC,expert,ACC,30,0.817758
9,V1-ACC,expert,ACC,31,0.8165
9,V1-ACC,expert,ACC,32,0.912838
9,V1-ACC,expert,ACC,33,0.978777
10,DMS-DLS,naive,DMS,0,1.024815
10,DMS-DLS,naive,DMS,1,0.829434
10,DMS-DLS,naive,DMS,2,1.282259
10,DMS-DLS,naive,DMS,3,1.021119
10,DMS-DLS,naive,DMS,4,1.787942
10,DMS-DLS,naive,DMS,5,1.026519
10,DMS-DLS,naive,DMS,6,7.314381
10,DMS-DLS,naive,DMS,7,7.328545
10,DMS-DLS,naive,DMS,8,1.247586
10,DMS-DLS,naive,DMS,9,1.088732
10,DMS-DLS,naive,DMS,10,1.394829
10,DMS-DLS,naive,DMS,11,1.343288
10,DMS-DLS,naive,DMS,12,1.243465
10,DMS-DLS,naive,DMS,13,1.203345
10,DMS-DLS,naive,DMS,14,1.139917
10,DMS-DLS,naive,DMS,15,1.081125
10,DMS-DLS,naive,DMS,16,1.729762
10,DMS-DLS,naive,DMS,17,1.18121
10,DMS-DLS,naive,DMS,18,1.808087
10,DMS-DLS,naive,DMS,19,0.586401
10,DMS-DLS,naive,DLS,0,0.977291
10,DMS-DLS,naive,DLS,1,0.890332
10,DMS-DLS,naive,DLS,2,1.206543
10,DMS-DLS,naive,DLS,3,1.467332
10,DMS-DLS,naive,DLS,4,0.56534
10,DMS-DLS,naive,DLS,5,1.068303
10,DMS-DLS,naive,DLS,6,1.206778
10,DMS-DLS,naive,DLS,7,1.204178
10,DMS-DLS,naive,DLS,8,1.463992
10,DMS-DLS,naive,DLS,9,0.581629
10,DMS-DLS,naive,DLS,10,0.987474
10,DMS-DLS,naive,DLS,11,0.733092
10,DMS-DLS,naive,DLS,12,0.610631
10,DMS-DLS,naive,DLS,13,1.286687
10,DMS-DLS,naive,DLS,14,0.637116
10,DMS-DLS,naive,DLS,15,1.059743
10,DMS-DLS,naive,DLS,16,1.109136
10,DMS-DLS,naive,DLS,17,0.790308
10,DMS-DLS,naive,DLS,18,0.916101
10,DMS-DLS,naive,DLS,19,0.85789
10,DMS-DLS,intermediate,DMS,0,1.001597
10,DMS-DLS,intermediate,DMS,1,1.262922
10,DMS-DLS,intermediate,DMS,2,1.056728
10,DMS-DLS,intermediate,DMS,3,1.018688
10,DMS-DLS,intermediate,DMS,4,1.243681
10,DMS-DLS,intermediate,DMS,5,1.020341
10,DMS-DLS,intermediate,DMS,6,7.020616
10,DMS-DLS,intermediate,DMS,7,7.001221
10,DMS-DLS,intermediate,DMS,8,1.26532
10,DMS-DLS,intermediate,DMS,9,1.198721
10,DMS-DLS,intermediate,DMS,10,0.849604
10,DMS-DLS,intermediate,DMS,11,1.16766
10,DMS-DLS,intermediate,DMS,12,0.946054
10,DMS-DLS,intermediate,DMS,13,0.899996
10,DMS-DLS,intermediate,DMS,14,1.208461
10,DMS-DLS,intermediate,DMS,15,0.9268
10,DMS-DLS,intermediate,DMS,16,1.010816
10,DMS-DLS,intermediate,DMS,17,1.229196
10,DMS-DLS,intermediate,DMS,18,0.800263
10,DMS-DLS,intermediate,DMS,19,0.0
10,DMS-DLS,intermediate,DLS,0,1.037593
10,DMS-DLS,intermediate,DLS,1,1.170067
10,DMS-DLS,intermediate,DLS,2,0.958424
10,DMS-DLS,intermediate,DLS,3,0.927021
10,DMS-DLS,intermediate,DLS,4,1.295362
10,DMS-DLS,intermediate,DLS,5,0.996317
10,DMS-DLS,intermediate,DLS,6,0.962849
10,DMS-DLS,intermediate,DLS,7,0.900087
10,DMS-DLS,intermediate,DLS,8,1.519876
10,DMS-DLS,intermediate,DLS,9,0.744212
10,DMS-DLS,intermediate,DLS,10,1.003024
10,DMS-DLS,intermediate,DLS,11,1.271344
10,DMS-DLS,intermediate,DLS,12,1.862519
10,DMS-DLS,intermediate,DLS,13,0.783126
10,DMS-DLS,intermediate,DLS,14,1.626579
10,DMS-DLS,intermediate,DLS,15,1.000122
10,DMS-DLS,intermediate,DLS,16,0.885261
10,DMS-DLS,intermediate,DLS,17,0.580079
10,DMS-DLS,intermediate,DLS,18,1.297611
10,DMS-DLS,intermediate,DLS,19,1.134072
10,DMS-DLS,expert,DMS,0,1.014567
10,DMS-DLS,expert,DMS,1,1.298536
10,DMS-DLS,expert,DMS,2,1.32079
10,DMS-DLS,expert,DMS,3,1.002947
10,DMS-DLS,expert,DMS,4,1.42401
10,DMS-DLS,expert,DMS,5,0.868214
10,DMS-DLS,expert,DMS,6,7.966616
10,DMS-DLS,expert,DMS,7,7.809547
10,DMS-DLS,expert,DMS,8,1.747559
10,DMS-DLS,expert,DMS,9,1.266543
10,DMS-DLS,expert,DMS,10,0.928354
10,DMS-DLS,expert,DMS,11,1.383107
10,DMS-DLS,expert,DMS,12,0.985513
10,DMS-DLS,expert,DMS,13,1.119321
10,DMS-DLS,expert,DMS,14,1.066416
10,DMS-DLS,expert,DMS,15,1.11085
10,DMS-DLS,expert,DMS,16,1.071364
10,DMS-DLS,expert,DMS,17,1.593345
10,DMS-DLS,expert,DMS,18,0.731024
10,DMS-DLS,expert,DMS,19,1.011904
10,DMS-DLS,expert,DLS,0,1.034688
10,DMS-DLS,expert,DLS,1,1.603604
10,DMS-DLS,expert,DLS,2,1.113841
10,DMS-DLS,expert,DLS,3,1.235837
10,DMS-DLS,expert,DLS,4,0.0
10,DMS-DLS,expert,DLS,5,1.317794
10,DMS-DLS,expert,DLS,6,1.079023
10,DMS-DLS,expert,DLS,7,1.106116
10,DMS-DLS,expert,DLS,8,1.54386
10,DMS-DLS,expert,DLS,9,1.303752
10,DMS-DLS,expert,DLS,10,1.042233
10,DMS-DLS,expert,DLS,11,0.559227
10,DMS-DLS,expert,DLS,12,3.419267
10,DMS-DLS,expert,DLS,13,0.974886
10,DMS-DLS,expert,DLS,14,1.920921
10,DMS-DLS,expert,DLS,15,1.028138
10,DMS-DLS,expert,DLS,16,1.116815
10,DMS-DLS,expert,DLS,17,2.923169
10,DMS-DLS,expert,DLS,18,1.514905
10,DMS-DLS,expert,DLS,19,1.425453
10,DMS-ACC,naive,DMS,0,0.867958
10,DMS-ACC,naive,DMS,1,0.560045
10,DMS-ACC,naive,DMS,2,1.038375
10,DMS-ACC,naive,DMS,3,0.96934
10,DMS-ACC,naive,DMS,4,1.553742
10,DMS-ACC,naive,DMS,5,0.944332
10,DMS-ACC,naive,DMS,6,3.842505
10,DMS-ACC,naive,DMS,7,3.314746
10,DMS-ACC,naive,DMS,8,0.66736
10,DMS-ACC,naive,DMS,9,0.929708
10,DMS-ACC,naive,DMS,10,1.094587
10,DMS-ACC,naive,DMS,11,1.277929
10,DMS-ACC,naive,DMS,12,1.202113
10,DMS-ACC,naive,DMS,13,0.954114
10,DMS-ACC,naive,DMS,14,1.024785
10,DMS-ACC,naive,DMS,15,0.904328
10,DMS-ACC,naive,DMS,16,1.352887
10,DMS-ACC,naive,DMS,17,0.978936
10,DMS-ACC,naive,DMS,18,1.519102
10,DMS-ACC,naive,DMS,19,0.524617
10,DMS-ACC,naive,ACC,0,0.904089
10,DMS-ACC,naive,ACC,1,2.410457
10,DMS-ACC,naive,ACC,2,0.946258
10,DMS-ACC,naive,ACC,3,1.396202
10,DMS-ACC,naive,ACC,4,1.363852
10,DMS-ACC,naive,ACC,5,0.980326
10,DMS-ACC,naive,ACC,6,0.988535
10,DMS-ACC,naive,ACC,7,1.097679
10,DMS-ACC,naive,ACC,8,0.438229
10,DMS-ACC,naive,ACC,9,1.411356
10,DMS-ACC,naive,ACC,10,2.701441
10,DMS-ACC,naive,ACC,11,0.678202
10,DMS-ACC,naive,ACC,12,0.0
10,DMS-ACC,naive,ACC,13,0.998802
10,DMS-ACC,naive,ACC,14,0.0
10,DMS-ACC,naive,ACC,15,1.018034
10,DMS-ACC,intermediate,DMS,0,0.97602
10,DMS-ACC,intermediate,DMS,1,1.052873
10,DMS-ACC,intermediate,DMS,2,1.023344
10,DMS-ACC,intermediate,DMS,3,0.749519
10,DMS-ACC,intermediate,DMS,4,1.093447
10,DMS-ACC,intermediate,DMS,5,0.938788
10,DMS-ACC,intermediate,DMS,6,5.474906
10,DMS-ACC,intermediate,DMS,7,5.349182
10,DMS-ACC,intermediate,DMS,8,1.035764
10,DMS-ACC,intermediate,DMS,9,1.217318
10,DMS-ACC,intermediate,DMS,10,0.768604
10,DMS-ACC,intermediate,DMS,11,1.093668
10,DMS-ACC,intermediate,DMS,12,0.922582
10,DMS-ACC,intermediate,DMS,13,0.873536
10,DMS-ACC,intermediate,DMS,14,1.020052
10,DMS-ACC,intermediate,DMS,15,0.700403
10,DMS-ACC,intermediate,DMS,16,0.923
10,DMS-ACC,intermediate,DMS,17,0.710961
10,DMS-ACC,intermediate,DMS,18,0.743553
10,DMS-ACC,intermediate,DMS,19,0.0
10,DMS-ACC,intermediate,ACC,0,1.126014
10,DMS-ACC,intermediate,ACC,1,0.862549
10,DMS-ACC,intermediate,ACC,2,1.091193
10,DMS-ACC,intermediate,ACC,3,1.015726
10,DMS-ACC,intermediate,ACC,4,0.884759
10,DMS-ACC,intermediate,ACC,5,1.041095
10,DMS-ACC,intermediate,ACC,6,1.051844
10,DMS-ACC,intermediate,ACC,7,1.021551
10,DMS-ACC,intermediate,ACC,8,1.390879
10,DMS-ACC,intermediate,ACC,9,1.054018
10,DMS-ACC,intermediate,ACC,10,0.902373
10,DMS-ACC,intermediate,ACC,11,2.86187
10,DMS-ACC,intermediate,ACC,12,0.0
10,DMS-ACC,intermediate,ACC,13,0.989069
10,DMS-ACC,intermediate,ACC,14,0.601994
10,DMS-ACC,intermediate,ACC,15,0.93387
10,DMS-ACC,expert,DMS,0,0.626028
10,DMS-ACC,expert,DMS,1,1.038899
10,DMS-ACC,expert,DMS,2,1.297143
10,DMS-ACC,expert,DMS,3,0.615422
10,DMS-ACC,expert,DMS,4,1.391057
10,DMS-ACC,expert,DMS,5,0.908168
10,DMS-ACC,expert,DMS,6,7.595127
10,DMS-ACC,expert,DMS,7,7.471364
10,DMS-ACC,expert,DMS,8,1.687972
10,DMS-ACC,expert,DMS,9,1.21671
10,DMS-ACC,expert,DMS,10,0.833304
10,DMS-ACC,expert,DMS,11,1.297049
10,DMS-ACC,expert,DMS,12,0.856837
10,DMS-ACC,expert,DMS,13,1.053051
10,DMS-ACC,expert,DMS,14,0.828737
10,DMS-ACC,expert,DMS,15,1.018834
10,DMS-ACC,expert,DMS,16,0.964212
10,DMS-ACC,expert,DMS,17,1.595692
10,DMS-ACC,expert,DMS,18,0.680714
10,DMS-ACC,expert,DMS,19,0.768415
10,DMS-ACC,expert,ACC,0,1.040762
10,DMS-ACC,expert,ACC,1,0.833343
10,DMS-ACC,expert,ACC,2,1.198256
10,DMS-ACC,expert,ACC,3,0.971771
10,DMS-ACC,expert,ACC,4,0.906183
10,DMS-ACC,expert,ACC,5,1.599878
10,DMS-ACC,expert,ACC,6,1.031128
10,DMS-ACC,expert,ACC,7,1.085557
10,DMS-ACC,expert,ACC,8,1.58726
10,DMS-ACC,expert,ACC,9,0.778803
10,DMS-ACC,expert,ACC,10,1.034496
10,DMS-ACC,expert,ACC,11,5.070093
10,DMS-ACC,expert,ACC,12,0.389842
10,DMS-ACC,expert,ACC,13,1.002207
10,DMS-ACC,expert,ACC,14,0.0
10,DMS-ACC,expert,ACC,15,0.809483
10,DLS-ACC,naive,DLS,0,0.964067
10,DLS-ACC,naive,DLS,1,0.776405
10,DLS-ACC,naive,DLS,2,1.061244
10,DLS-ACC,naive,DLS,3,1.351312
10,DLS-ACC,naive,DLS,4,0.430882
10,DLS-ACC,naive,DLS,5,0.765726
10,DLS-ACC,naive,DLS,6,1.142783
10,DLS-ACC,naive,DLS,7,1.055905
10,DLS-ACC,naive,DLS,8,1.293974
10,DLS-ACC,naive,DLS,9,0.464946
10,DLS-ACC,naive,DLS,10,0.748015
10,DLS-ACC,naive,DLS,11,0.35846
10,DLS-ACC,naive,DLS,12,0.490708
10,DLS-ACC,naive,DLS,13,0.611612
10,DLS-ACC,naive,DLS,14,0.560626
10,DLS-ACC,naive,DLS,15,1.021491
10,DLS-ACC,naive,DLS,16,0.946296
10,DLS-ACC,naive,DLS,17,0.533009
10,DLS-ACC,naive,DLS,18,0.968013
10,DLS-ACC,naive,DLS,19,0.840273
10,DLS-ACC,naive,ACC,0,0.909227
10,DLS-ACC,naive,ACC,1,2.419038
10,DLS-ACC,naive,ACC,2,0.961043
10,DLS-ACC,naive,ACC,3,1.396924
10,DLS-ACC,naive,ACC,4,1.362165
10,DLS-ACC,naive,ACC,5,0.981262
10,DLS-ACC,naive,ACC,6,0.989934
10,DLS-ACC,naive,ACC,7,1.099044
10,DLS-ACC,naive,ACC,8,0.436652
10,DLS-ACC,naive,ACC,9,1.412082
10,DLS-ACC,naive,ACC,10,2.70322
10,DLS-ACC,naive,ACC,11,0.67799
10,DLS-ACC,naive,ACC,12,0.0
10,DLS-ACC,naive,ACC,13,1.000481
10,DLS-ACC,naive,ACC,14,0.0
10,DLS-ACC,naive,ACC,15,1.017297
10,DLS-ACC,intermediate,DLS,0,0.67217
10,DLS-ACC,intermediate,DLS,1,1.186369
10,DLS-ACC,intermediate,DLS,2,0.949732
10,DLS-ACC,intermediate,DLS,3,0.942954
10,DLS-ACC,intermediate,DLS,4,0.853788
10,DLS-ACC,intermediate,DLS,5,0.928613
10,DLS-ACC,intermediate,DLS,6,0.927366
10,DLS-ACC,intermediate,DLS,7,0.891969
10,DLS-ACC,intermediate,DLS,8,1.445778
10,DLS-ACC,intermediate,DLS,9,0.621385
10,DLS-ACC,intermediate,DLS,10,0.97325
10,DLS-ACC,intermediate,DLS,11,1.062609
10,DLS-ACC,intermediate,DLS,12,1.746872
10,DLS-ACC,intermediate,DLS,13,0.775219
10,DLS-ACC,intermediate,DLS,14,1.223489
10,DLS-ACC,intermediate,DLS,15,0.82248
10,DLS-ACC,intermediate,DLS,16,0.693368
10,DLS-ACC,intermediate,DLS,17,0.323753
10,DLS-ACC,intermediate,DLS,18,1.378326
10,DLS-ACC,intermediate,DLS,19,1.105644
10,DLS-ACC,intermediate,ACC,0,1.127932
10,DLS-ACC,intermediate,ACC,1,0.868196
10,DLS-ACC,intermediate,ACC,2,1.103265
10,DLS-ACC,intermediate,ACC,3,1.017982
10,DLS-ACC,intermediate,ACC,4,0.886019
10,DLS-ACC,intermediate,ACC,5,1.04066
10,DLS-ACC,intermediate,ACC,6,1.053871
10,DLS-ACC,intermediate,ACC,7,1.02024
10,DLS-ACC,intermediate,ACC,8,1.391589
10,DLS-ACC,intermediate,ACC,9,1.054382
10,DLS-ACC,intermediate,ACC,10,0.905106
10,DLS-ACC,intermediate,ACC,11,2.857462
10,DLS-ACC,intermediate,ACC,12,0.0
10,DLS-ACC,intermediate,ACC,13,0.990244
10,DLS-ACC,intermediate,ACC,14,0.602302
10,DLS-ACC,intermediate,ACC,15,0.934755
10,DLS-ACC,expert,DLS,0,0.960455
10,DLS-ACC,expert,DLS,1,1.346155
10,DLS-ACC,expert,DLS,2,0.947668
10,DLS-ACC,expert,DLS,3,1.105268
10,DLS-ACC,expert,DLS,4,0.0
10,DLS-ACC,expert,DLS,5,1.206842
10,DLS-ACC,expert,DLS,6,1.002083
10,DLS-ACC,expert,DLS,7,0.940104
10,DLS-ACC,expert,DLS,8,1.521463
10,DLS-ACC,expert,DLS,9,1.261284
10,DLS-ACC,expert,DLS,10,0.962452
10,DLS-ACC,expert,DLS,11,0.487417
10,DLS-ACC,expert,DLS,12,2.295411
10,DLS-ACC,expert,DLS,13,0.927048
10,DLS-ACC,expert,DLS,14,1.603365
10,DLS-ACC,expert,DLS,15,0.96115
10,DLS-ACC,expert,DLS,16,0.882121
10,DLS-ACC,expert,DLS,17,2.734108
10,DLS-ACC,expert,DLS,18,1.4435
10,DLS-ACC,expert,DLS,19,1.366099
10,DLS-ACC,expert,ACC,0,1.032753
10,DLS-ACC,expert,ACC,1,0.836969
10,DLS-ACC,expert,ACC,2,1.212345
10,DLS-ACC,expert,ACC,3,0.971242
10,DLS-ACC,expert,ACC,4,0.906497
10,DLS-ACC,expert,ACC,5,1.599921
10,DLS-ACC,expert,ACC,6,1.035276
10,DLS-ACC,expert,ACC,7,1.088987
10,DLS-ACC,expert,ACC,8,1.582484
10,DLS-ACC,expert,ACC,9,0.777914
10,DLS-ACC,expert,ACC,10,1.034142
10,DLS-ACC,expert,ACC,11,5.068613
10,DLS-ACC,expert,ACC,12,0.388746
10,DLS-ACC,expert,ACC,13,1.003758
10,DLS-ACC,expert,ACC,14,0.0
10,DLS-ACC,expert,ACC,15,0.809636
10,V1-DMS,naive,V1,0,0.906926
10,V1-DMS,naive,V1,1,0.888507
10,V1-DMS,naive,V1,2,0.836555
10,V1-DMS,naive,V1,3,0.874017
10,V1-DMS,naive,V1,4,0.941959
10,V1-DMS,naive,V1,5,0.893079
10,V1-DMS,naive,V1,6,0.849938
10,V1-DMS,naive,DMS,0,0.618405
10,V1-DMS,naive,DMS,1,0.453732
10,V1-DMS,naive,DMS,2,0.812629
10,V1-DMS,naive,DMS,3,0.616758
10,V1-DMS,naive,DMS,4,1.130748
10,V1-DMS,naive,DMS,5,0.58305
10,V1-DMS,naive,DMS,6,3.644522
10,V1-DMS,naive,DMS,7,3.546856
10,V1-DMS,naive,DMS,8,0.842308
10,V1-DMS,naive,DMS,9,0.809008
10,V1-DMS,naive,DMS,10,0.623162
10,V1-DMS,naive,DMS,11,0.709255
10,V1-DMS,naive,DMS,12,0.864963
10,V1-DMS,naive,DMS,13,0.804555
10,V1-DMS,naive,DMS,14,0.807586
10,V1-DMS,naive,DMS,15,0.632256
10,V1-DMS,naive,DMS,16,1.05594
10,V1-DMS,naive,DMS,17,0.626533
10,V1-DMS,naive,DMS,18,1.029525
10,V1-DMS,naive,DMS,19,0.328717
10,V1-DMS,intermediate,V1,0,0.94519
10,V1-DMS,intermediate,V1,1,0.95928
10,V1-DMS,intermediate,V1,2,1.299841
10,V1-DMS,intermediate,V1,3,1.184238
10,V1-DMS,intermediate,V1,4,1.341586
10,V1-DMS,intermediate,V1,5,1.029519
10,V1-DMS,intermediate,V1,6,1.089622
10,V1-DMS,intermediate,DMS,0,0.433175
10,V1-DMS,intermediate,DMS,1,0.768607
10,V1-DMS,intermediate,DMS,2,0.760248
10,V1-DMS,intermediate,DMS,3,0.254101
10,V1-DMS,intermediate,DMS,4,0.80481
10,V1-DMS,intermediate,DMS,5,0.717102
10,V1-DMS,intermediate,DMS,6,4.604875
10,V1-DMS,intermediate,DMS,7,4.523139
10,V1-DMS,intermediate,DMS,8,0.623631
10,V1-DMS,intermediate,DMS,9,0.585725
10,V1-DMS,intermediate,DMS,10,0.529884
10,V1-DMS,intermediate,DMS,11,0.910165
10,V1-DMS,intermediate,DMS,12,0.696895
10,V1-DMS,intermediate,DMS,13,0.605886
10,V1-DMS,intermediate,DMS,14,0.371921
10,V1-DMS,intermediate,DMS,15,0.397935
10,V1-DMS,intermediate,DMS,16,0.721242
10,V1-DMS,intermediate,DMS,17,0.917721
10,V1-DMS,intermediate,DMS,18,0.359683
10,V1-DMS,intermediate,DMS,19,0.0
10,V1-DMS,expert,V1,0,0.97137
10,V1-DMS,expert,V1,1,1.033342
10,V1-DMS,expert,V1,2,1.570869
10,V1-DMS,expert,V1,3,1.076478
10,V1-DMS,expert,V1,4,1.59
10,V1-DMS,expert,V1,5,1.089041
10,V1-DMS,expert,V1,6,1.18131
10,V1-DMS,expert,DMS,0,0.765406
10,V1-DMS,expert,DMS,1,0.713981
10,V1-DMS,expert,DMS,2,0.658777
10,V1-DMS,expert,DMS,3,0.603127
10,V1-DMS,expert,DMS,4,0.903599
10,V1-DMS,expert,DMS,5,0.481473
10,V1-DMS,expert,DMS,6,1.581171
10,V1-DMS,expert,DMS,7,1.480336
10,V1-DMS,expert,DMS,8,0.744503
10,V1-DMS,expert,DMS,9,0.682122
10,V1-DMS,expert,DMS,10,0.466475
10,V1-DMS,expert,DMS,11,1.045211
10,V1-DMS,expert,DMS,12,0.872971
10,V1-DMS,expert,DMS,13,0.91166
10,V1-DMS,expert,DMS,14,0.388517
10,V1-DMS,expert,DMS,15,0.930281
10,V1-DMS,expert,DMS,16,0.597242
10,V1-DMS,expert,DMS,17,0.888582
10,V1-DMS,expert,DMS,18,0.383399
10,V1-DMS,expert,DMS,19,0.372615
10,V1-DLS,naive,V1,0,0.907126
10,V1-DLS,naive,V1,1,0.88874
10,V1-DLS,naive,V1,2,0.83613
10,V1-DLS,naive,V1,3,0.87459
10,V1-DLS,naive,V1,4,0.941543
10,V1-DLS,naive,V1,5,0.893291
10,V1-DLS,naive,V1,6,0.850795
10,V1-DLS,naive,DLS,0,0.775135
10,V1-DLS,naive,DLS,1,0.51295
10,V1-DLS,naive,DLS,2,0.47902
10,V1-DLS,naive,DLS,3,0.974005
10,V1-DLS,naive,DLS,4,0.319376
10,V1-DLS,naive,DLS,5,0.625147
10,V1-DLS,naive,DLS,6,0.780917
10,V1-DLS,naive,DLS,7,0.656086
10,V1-DLS,naive,DLS,8,0.897225
10,V1-DLS,naive,DLS,9,0.417437
10,V1-DLS,naive,DLS,10,0.479558
10,V1-DLS,naive,DLS,11,0.374754
10,V1-DLS,naive,DLS,12,0.357995
10,V1-DLS,naive,DLS,13,0.635107
10,V1-DLS,naive,DLS,14,0.270592
10,V1-DLS,naive,DLS,15,0.618272
10,V1-DLS,naive,DLS,16,0.796497
10,V1-DLS,naive,DLS,17,0.414394
10,V1-DLS,naive,DLS,18,0.701988
10,V1-DLS,naive,DLS,19,0.521409
10,V1-DLS,intermediate,V1,0,0.944359
10,V1-DLS,intermediate,V1,1,0.959049
10,V1-DLS,intermediate,V1,2,1.299619
10,V1-DLS,intermediate,V1,3,1.184576
10,V1-DLS,intermediate,V1,4,1.339491
10,V1-DLS,intermediate,V1,5,1.029086
10,V1-DLS,intermediate,V1,6,1.089281
10,V1-DLS,intermediate,DLS,0,0.692248
10,V1-DLS,intermediate,DLS,1,0.75885
10,V1-DLS,intermediate,DLS,2,0.24823
10,V1-DLS,intermediate,DLS,3,0.485617
10,V1-DLS,intermediate,DLS,4,0.285591
10,V1-DLS,intermediate,DLS,5,0.445817
10,V1-DLS,intermediate,DLS,6,0.623841
10,V1-DLS,intermediate,DLS,7,0.531386
10,V1-DLS,intermediate,DLS,8,1.055782
10,V1-DLS,intermediate,DLS,9,0.478477
10,V1-DLS,intermediate,DLS,10,0.418946
10,V1-DLS,intermediate,DLS,11,1.085275
10,V1-DLS,intermediate,DLS,12,0.83042
10,V1-DLS,intermediate,DLS,13,0.406495
10,V1-DLS,intermediate,DLS,14,1.030759
10,V1-DLS,intermediate,DLS,15,0.520065
10,V1-DLS,intermediate,DLS,16,0.56975
10,V1-DLS,intermediate,DLS,17,0.61125
10,V1-DLS,intermediate,DLS,18,0.782059
10,V1-DLS,intermediate,DLS,19,0.878326
10,V1-DLS,expert,V1,0,0.970913
10,V1-DLS,expert,V1,1,1.033367
10,V1-DLS,expert,V1,2,1.570121
10,V1-DLS,expert,V1,3,1.078185
10,V1-DLS,expert,V1,4,1.591572
10,V1-DLS,expert,V1,5,1.089793
10,V1-DLS,expert,V1,6,1.181024
10,V1-DLS,expert,DLS,0,0.656546
10,V1-DLS,expert,DLS,1,0.750781
10,V1-DLS,expert,DLS,2,0.780514
10,V1-DLS,expert,DLS,3,0.721957
10,V1-DLS,expert,DLS,4,0.0
10,V1-DLS,expert,DLS,5,0.656064
10,V1-DLS,expert,DLS,6,0.83721
10,V1-DLS,expert,DLS,7,0.760768
10,V1-DLS,expert,DLS,8,0.968552
10,V1-DLS,expert,DLS,9,0.881492
10,V1-DLS,expert,DLS,10,0.662537
10,V1-DLS,expert,DLS,11,0.248497
10,V1-DLS,expert,DLS,12,2.84611
10,V1-DLS,expert,DLS,13,0.307573
10,V1-DLS,expert,DLS,14,1.038395
10,V1-DLS,expert,DLS,15,0.769299
10,V1-DLS,expert,DLS,16,0.536727
10,V1-DLS,expert,DLS,17,0.693269
10,V1-DLS,expert,DLS,18,1.128923
10,V1-DLS,expert,DLS,19,0.921684
10,V1-ACC,naive,V1,0,0.907461
10,V1-ACC,naive,V1,1,0.889063
10,V1-ACC,naive,V1,2,0.837044
10,V1-ACC,naive,V1,3,0.874723
10,V1-ACC,naive,V1,4,0.943176
10,V1-ACC,naive,V1,5,0.89391
10,V1-ACC,naive,V1,6,0.85026
10,V1-ACC,naive,ACC,0,0.736983
10,V1-ACC,naive,ACC,1,2.214583
10,V1-ACC,naive,ACC,2,0.790574
10,V1-ACC,naive,ACC,3,1.038547
10,V1-ACC,naive,ACC,4,1.067111
10,V1-ACC,naive,ACC,5,0.430017
10,V1-ACC,naive,ACC,6,0.575903
10,V1-ACC,naive,ACC,7,0.75906
10,V1-ACC,naive,ACC,8,0.381865
10,V1-ACC,naive,ACC,9,0.988677
10,V1-ACC,naive,ACC,10,1.845614
10,V1-ACC,naive,ACC,11,0.486931
10,V1-ACC,naive,ACC,12,0.0
10,V1-ACC,naive,ACC,13,0.416658
10,V1-ACC,naive,ACC,14,0.0
10,V1-ACC,naive,ACC,15,0.526641
10,V1-ACC,intermediate,V1,0,0.946033
10,V1-ACC,intermediate,V1,1,0.959725
10,V1-ACC,intermediate,V1,2,1.299652
10,V1-ACC,intermediate,V1,3,1.186515
10,V1-ACC,intermediate,V1,4,1.345656
10,V1-ACC,intermediate,V1,5,1.030216
10,V1-ACC,intermediate,V1,6,1.088288
10,V1-ACC,intermediate,ACC,0,0.731086
10,V1-ACC,intermediate,ACC,1,0.521893
10,V1-ACC,intermediate,ACC,2,0.950694
10,V1-ACC,intermediate,ACC,3,0.576766
10,V1-ACC,intermediate,ACC,4,0.764287
10,V1-ACC,intermediate,ACC,5,0.771194
10,V1-ACC,intermediate,ACC,6,0.631119
10,V1-ACC,intermediate,ACC,7,0.689382
10,V1-ACC,intermediate,ACC,8,1.053179
10,V1-ACC,intermediate,ACC,9,0.695089
10,V1-ACC,intermediate,ACC,10,0.635121
10,V1-ACC,intermediate,ACC,11,1.643243
10,V1-ACC,intermediate,ACC,12,0.0
10,V1-ACC,intermediate,ACC,13,0.840392
10,V1-ACC,intermediate,ACC,14,0.155099
10,V1-ACC,intermediate,ACC,15,0.674257
10,V1-ACC,expert,V1,0,0.971149
10,V1-ACC,expert,V1,1,1.033237
10,V1-ACC,expert,V1,2,1.57262
10,V1-ACC,expert,V1,3,1.077378
10,V1-ACC,expert,V1,4,1.591106
10,V1-ACC,expert,V1,5,1.090059
10,V1-ACC,expert,V1,6,1.181922
10,V1-ACC,expert,ACC,0,0.835922
10,V1-ACC,expert,ACC,1,0.626459
10,V1-ACC,expert,ACC,2,0.696143
10,V1-ACC,expert,ACC,3,0.694667
10,V1-ACC,expert,ACC,4,0.689916
10,V1-ACC,expert,ACC,5,1.231085
10,V1-ACC,expert,ACC,6,0.473619
10,V1-ACC,expert,ACC,7,0.868656
10,V1-ACC,expert,ACC,8,0.977053
10,V1-ACC,expert,ACC,9,0.452146
10,V1-ACC,expert,ACC,10,0.744762
10,V1-ACC,expert,ACC,11,3.252158
10,V1-ACC,expert,ACC,12,0.308552
10,V1-ACC,expert,ACC,13,0.505226
10,V1-ACC,expert,ACC,14,0.0
10,V1-ACC,expert,ACC,15,0.581962
11,DMS-DLS,naive,DMS,0,0.471036
11,DMS-DLS,naive,DMS,1,0.445927
11,DMS-DLS,naive,DMS,2,0.13764
11,DMS-DLS,naive,DMS,3,0.483734
11,DMS-DLS,naive,DMS,4,0.389744
11,DMS-DLS,naive,DMS,5,1.337787
11,DMS-DLS,naive,DMS,6,0.121693
11,DMS-DLS,naive,DMS,7,0.23152
11,DMS-DLS,naive,DMS,8,0.426378
11,DMS-DLS,naive,DMS,9,0.24125
11,DMS-DLS,naive,DMS,10,0.238478
11,DMS-DLS,naive,DMS,11,0.347487
11,DMS-DLS,naive,DMS,12,0.58085
11,DMS-DLS,naive,DMS,13,0.275414
11,DMS-DLS,naive,DMS,14,0.145246
11,DMS-DLS,naive,DMS,15,0.104623
11,DMS-DLS,naive,DMS,16,0.364858
11,DMS-DLS,naive,DMS,17,0.651876
11,DMS-DLS,naive,DMS,18,1.613056
11,DMS-DLS,naive,DMS,19,0.303432
11,DMS-DLS,naive,DLS,0,1.613287
11,DMS-DLS,naive,DLS,1,0.909033
11,DMS-DLS,naive,DLS,2,3.092827
11,DMS-DLS,naive,DLS,3,0.680333
11,DMS-DLS,naive,DLS,4,0.81528
11,DMS-DLS,intermediate,DMS,0,0.303353
11,DMS-DLS,intermediate,DMS,1,0.123592
11,DMS-DLS,intermediate,DMS,2,0.375382
11,DMS-DLS,intermediate,DMS,3,0.460964
11,DMS-DLS,intermediate,DMS,4,0.25452
11,DMS-DLS,intermediate,DMS,5,0.292129
11,DMS-DLS,intermediate,DMS,6,0.213597
11,DMS-DLS,intermediate,DMS,7,1.778269
11,DMS-DLS,intermediate,DMS,8,0.344461
11,DMS-DLS,intermediate,DMS,9,0.32933
11,DMS-DLS,intermediate,DMS,10,0.914333
11,DMS-DLS,intermediate,DMS,11,0.676902
11,DMS-DLS,intermediate,DMS,12,0.698816
11,DMS-DLS,intermediate,DMS,13,0.268024
11,DMS-DLS,intermediate,DMS,14,4.358927
11,DMS-DLS,intermediate,DMS,15,0.224721
11,DMS-DLS,intermediate,DMS,16,1.684667
11,DMS-DLS,intermediate,DMS,17,1.01582
11,DMS-DLS,intermediate,DMS,18,0.282963
11,DMS-DLS,intermediate,DMS,19,0.195029
11,DMS-DLS,intermediate,DLS,0,1.11494
11,DMS-DLS,intermediate,DLS,1,0.945507
11,DMS-DLS,intermediate,DLS,2,6.328519
11,DMS-DLS,intermediate,DLS,3,1.168711
11,DMS-DLS,intermediate,DLS,4,0.0
11,DMS-DLS,expert,DMS,0,0.651702
11,DMS-DLS,expert,DMS,1,0.27851
11,DMS-DLS,expert,DMS,2,0.727297
11,DMS-DLS,expert,DMS,3,0.35794
11,DMS-DLS,expert,DMS,4,0.519794
11,DMS-DLS,expert,DMS,5,0.327463
11,DMS-DLS,expert,DMS,6,1.53566
11,DMS-DLS,expert,DMS,7,0.198177
11,DMS-DLS,expert,DMS,8,0.871445
11,DMS-DLS,expert,DMS,9,0.362409
11,DMS-DLS,expert,DMS,10,0.583016
11,DMS-DLS,expert,DMS,11,0.240438
11,DMS-DLS,expert,DMS,12,0.642094
11,DMS-DLS,expert,DMS,13,0.574389
11,DMS-DLS,expert,DMS,14,2.204322
11,DMS-DLS,expert,DMS,15,0.500107
11,DMS-DLS,expert,DMS,16,0.76544
11,DMS-DLS,expert,DMS,17,1.30436
11,DMS-DLS,expert,DMS,18,0.827569
11,DMS-DLS,expert,DMS,19,0.70006
11,DMS-DLS,expert,DLS,0,0.781291
11,DMS-DLS,expert,DLS,1,0.713764
11,DMS-DLS,expert,DLS,2,5.113876
11,DMS-DLS,expert,DLS,3,1.565518
11,DMS-DLS,expert,DLS,4,1.353181
11,DMS-ACC,naive,DMS,0,1.015784
11,DMS-ACC,naive,DMS,1,1.280917
11,DMS-ACC,naive,DMS,2,0.383196
11,DMS-ACC,naive,DMS,3,0.848989
11,DMS-ACC,naive,DMS,4,1.131263
11,DMS-ACC,naive,DMS,5,1.569523
11,DMS-ACC,naive,DMS,6,0.500483
11,DMS-ACC,naive,DMS,7,0.607038
11,DMS-ACC,naive,DMS,8,2.23065
11,DMS-ACC,naive,DMS,9,0.985332
11,DMS-ACC,naive,DMS,10,1.492257
11,DMS-ACC,naive,DMS,11,1.783026
11,DMS-ACC,naive,DMS,12,0.670185
11,DMS-ACC,naive,DMS,13,1.52197
11,DMS-ACC,naive,DMS,14,0.559676
11,DMS-ACC,naive,DMS,15,0.393306
11,DMS-ACC,naive,DMS,16,0.496475
11,DMS-ACC,naive,DMS,17,0.839178
11,DMS-ACC,naive,DMS,18,1.855911
11,DMS-ACC,naive,DMS,19,0.548407
11,DMS-ACC,naive,ACC,0,0.01455
11,DMS-ACC,naive,ACC,1,0.014065
11,DMS-ACC,naive,ACC,2,0.07947
11,DMS-ACC,naive,ACC,3,0.927692
11,DMS-ACC,naive,ACC,4,0.073932
11,DMS-ACC,naive,ACC,5,0.01906
11,DMS-ACC,naive,ACC,6,0.805495
11,DMS-ACC,naive,ACC,7,0.640692
11,DMS-ACC,naive,ACC,8,0.031948
11,DMS-ACC,naive,ACC,9,0.902559
11,DMS-ACC,naive,ACC,10,0.030028
11,DMS-ACC,naive,ACC,11,0.045207
11,DMS-ACC,naive,ACC,12,0.099251
11,DMS-ACC,naive,ACC,13,0.176058
11,DMS-ACC,naive,ACC,14,0.030204
11,DMS-ACC,naive,ACC,15,0.585161
11,DMS-ACC,naive,ACC,16,0.030212
11,DMS-ACC,naive,ACC,17,0.02606
11,DMS-ACC,naive,ACC,18,0.429454
11,DMS-ACC,naive,ACC,19,0.838708
11,DMS-ACC,naive,ACC,20,0.330649
11,DMS-ACC,naive,ACC,21,0.011388
11,DMS-ACC,naive,ACC,22,0.048031
11,DMS-ACC,naive,ACC,23,0.453304
11,DMS-ACC,naive,ACC,24,0.772078
11,DMS-ACC,naive,ACC,25,0.149417
11,DMS-ACC,naive,ACC,26,0.095469
11,DMS-ACC,naive,ACC,27,0.73112
11,DMS-ACC,naive,ACC,28,0.062474
11,DMS-ACC,naive,ACC,29,0.663965
11,DMS-ACC,naive,ACC,30,0.037652
11,DMS-ACC,naive,ACC,31,0.041297
11,DMS-ACC,naive,ACC,32,0.076253
11,DMS-ACC,naive,ACC,33,0.059202
11,DMS-ACC,naive,ACC,34,0.032437
11,DMS-ACC,naive,ACC,35,0.036177
11,DMS-ACC,naive,ACC,36,0.058302
11,DMS-ACC,naive,ACC,37,0.082991
11,DMS-ACC,naive,ACC,38,0.145813
11,DMS-ACC,naive,ACC,39,0.028604
11,DMS-ACC,naive,ACC,40,0.877866
11,DMS-ACC,naive,ACC,41,0.009883
11,DMS-ACC,naive,ACC,42,0.793946
11,DMS-ACC,naive,ACC,43,0.007305
11,DMS-ACC,naive,ACC,44,0.422318
11,DMS-ACC,naive,ACC,45,0.0
11,DMS-ACC,naive,ACC,46,0.020683
11,DMS-ACC,naive,ACC,47,0.134538
11,DMS-ACC,naive,ACC,48,0.907019
11,DMS-ACC,naive,ACC,49,0.161227
11,DMS-ACC,naive,ACC,50,0.078659
11,DMS-ACC,naive,ACC,51,0.791148
11,DMS-ACC,naive,ACC,52,0.018172
11,DMS-ACC,naive,ACC,53,0.118265
11,DMS-ACC,naive,ACC,54,0.020275
11,DMS-ACC,naive,ACC,55,0.922088
11,DMS-ACC,naive,ACC,56,0.043206
11,DMS-ACC,naive,ACC,57,0.43058
11,DMS-ACC,naive,ACC,58,0.078419
11,DMS-ACC,naive,ACC,59,0.646252
11,DMS-ACC,naive,ACC,60,0.585861
11,DMS-ACC,naive,ACC,61,0.015926
11,DMS-ACC,naive,ACC,62,0.839871
11,DMS-ACC,naive,ACC,63,0.023669
11,DMS-ACC,naive,ACC,64,0.709988
11,DMS-ACC,naive,ACC,65,0.01072
11,DMS-ACC,naive,ACC,66,0.025415
11,DMS-ACC,intermediate,DMS,0,1.020584
11,DMS-ACC,intermediate,DMS,1,0.63994
11,DMS-ACC,intermediate,DMS,2,1.18878
11,DMS-ACC,intermediate,DMS,3,0.929329
11,DMS-ACC,intermediate,DMS,4,1.026984
11,DMS-ACC,intermediate,DMS,5,0.570219
11,DMS-ACC,intermediate,DMS,6,2.214978
11,DMS-ACC,intermediate,DMS,7,2.332878
11,DMS-ACC,intermediate,DMS,8,1.330271
11,DMS-ACC,intermediate,DMS,9,1.157109
11,DMS-ACC,intermediate,DMS,10,1.668797
11,DMS-ACC,intermediate,DMS,11,2.4904
11,DMS-ACC,intermediate,DMS,12,1.071296
11,DMS-ACC,intermediate,DMS,13,0.573779
11,DMS-ACC,intermediate,DMS,14,8.517201
11,DMS-ACC,intermediate,DMS,15,3.363406
11,DMS-ACC,intermediate,DMS,16,1.769163
11,DMS-ACC,intermediate,DMS,17,2.673386
11,DMS-ACC,intermediate,DMS,18,1.854821
11,DMS-ACC,intermediate,DMS,19,0.758943
11,DMS-ACC,intermediate,ACC,0,0.537731
11,DMS-ACC,intermediate,ACC,1,0.461182
11,DMS-ACC,intermediate,ACC,2,0.1067
11,DMS-ACC,intermediate,ACC,3,0.310735
11,DMS-ACC,intermediate,ACC,4,0.121612
11,DMS-ACC,intermediate,ACC,5,0.194834
11,DMS-ACC,intermediate,ACC,6,0.202457
11,DMS-ACC,intermediate,ACC,7,0.044454
11,DMS-ACC,intermediate,ACC,8,0.864446
11,DMS-ACC,intermediate,ACC,9,0.594133
11,DMS-ACC,intermediate,ACC,10,0.08068
11,DMS-ACC,intermediate,ACC,11,0.92455
11,DMS-ACC,intermediate,ACC,12,0.024108
11,DMS-ACC,intermediate,ACC,13,0.064252
11,DMS-ACC,intermediate,ACC,14,0.055437
11,DMS-ACC,intermediate,ACC,15,0.092095
11,DMS-ACC,intermediate,ACC,16,0.574095
11,DMS-ACC,intermediate,ACC,17,0.03996
11,DMS-ACC,intermediate,ACC,18,0.017313
11,DMS-ACC,intermediate,ACC,19,0.170365
11,DMS-ACC,intermediate,ACC,20,0.16782
11,DMS-ACC,intermediate,ACC,21,0.788449
11,DMS-ACC,intermediate,ACC,22,0.903701
11,DMS-ACC,intermediate,ACC,23,0.052025
11,DMS-ACC,intermediate,ACC,24,0.004478
11,DMS-ACC,intermediate,ACC,25,0.850531
11,DMS-ACC,intermediate,ACC,26,0.166612
11,DMS-ACC,intermediate,ACC,27,0.060654
11,DMS-ACC,intermediate,ACC,28,0.129114
11,DMS-ACC,intermediate,ACC,29,0.04478
11,DMS-ACC,intermediate,ACC,30,0.100565
11,DMS-ACC,intermediate,ACC,31,0.143202
11,DMS-ACC,intermediate,ACC,32,0.516616
11,DMS-ACC,intermediate,ACC,33,0.845783
11,DMS-ACC,intermediate,ACC,34,0.026894
11,DMS-ACC,intermediate,ACC,35,0.109382
11,DMS-ACC,intermediate,ACC,36,0.699517
11,DMS-ACC,intermediate,ACC,37,0.05943
11,DMS-ACC,intermediate,ACC,38,0.937773
11,DMS-ACC,intermediate,ACC,39,0.09652
11,DMS-ACC,intermediate,ACC,40,0.109915
11,DMS-ACC,intermediate,ACC,41,0.596691
11,DMS-ACC,intermediate,ACC,42,0.818809
11,DMS-ACC,intermediate,ACC,43,0.061072
11,DMS-ACC,intermediate,ACC,44,0.001307
11,DMS-ACC,intermediate,ACC,45,0.0
11,DMS-ACC,intermediate,ACC,46,0.396022
11,DMS-ACC,intermediate,ACC,47,0.847892
11,DMS-ACC,intermediate,ACC,48,0.096355
11,DMS-ACC,intermediate,ACC,49,0.023911
11,DMS-ACC,intermediate,ACC,50,0.084157
11,DMS-ACC,intermediate,ACC,51,0.021184
11,DMS-ACC,intermediate,ACC,52,0.061623
11,DMS-ACC,intermediate,ACC,53,0.691937
11,DMS-ACC,intermediate,ACC,54,0.538402
11,DMS-ACC,intermediate,ACC,55,0.339183
11,DMS-ACC,intermediate,ACC,56,0.058504
11,DMS-ACC,intermediate,ACC,57,0.0
11,DMS-ACC,intermediate,ACC,58,0.039726
11,DMS-ACC,intermediate,ACC,59,0.023847
11,DMS-ACC,intermediate,ACC,60,0.042199
11,DMS-ACC,intermediate,ACC,61,0.926214
11,DMS-ACC,intermediate,ACC,62,0.769298
11,DMS-ACC,intermediate,ACC,63,0.009217
11,DMS-ACC,intermediate,ACC,64,0.75967
11,DMS-ACC,intermediate,ACC,65,0.085853
11,DMS-ACC,intermediate,ACC,66,0.128836
11,DMS-ACC,expert,DMS,0,1.013887
11,DMS-ACC,expert,DMS,1,0.646955
11,DMS-ACC,expert,DMS,2,1.085496
11,DMS-ACC,expert,DMS,3,1.058849
11,DMS-ACC,expert,DMS,4,1.006104
11,DMS-ACC,expert,DMS,5,1.033132
11,DMS-ACC,expert,DMS,6,1.955846
11,DMS-ACC,expert,DMS,7,2.42085
11,DMS-ACC,expert,DMS,8,1.488284
11,DMS-ACC,expert,DMS,9,0.672476
11,DMS-ACC,expert,DMS,10,1.956508
11,DMS-ACC,expert,DMS,11,0.792717
11,DMS-ACC,expert,DMS,12,1.255122
11,DMS-ACC,expert,DMS,13,0.719254
11,DMS-ACC,expert,DMS,14,3.558316
11,DMS-ACC,expert,DMS,15,3.288008
11,DMS-ACC,expert,DMS,16,2.930217
11,DMS-ACC,expert,DMS,17,1.794694
11,DMS-ACC,expert,DMS,18,2.092661
11,DMS-ACC,expert,DMS,19,1.65796
11,DMS-ACC,expert,ACC,0,0.63709
11,DMS-ACC,expert,ACC,1,0.555785
11,DMS-ACC,expert,ACC,2,0.137044
11,DMS-ACC,expert,ACC,3,0.064733
11,DMS-ACC,expert,ACC,4,0.132432
11,DMS-ACC,expert,ACC,5,0.895769
11,DMS-ACC,expert,ACC,6,0.092313
11,DMS-ACC,expert,ACC,7,0.043649
11,DMS-ACC,expert,ACC,8,0.077691
11,DMS-ACC,expert,ACC,9,0.708417
11,DMS-ACC,expert,ACC,10,0.049327
11,DMS-ACC,expert,ACC,11,0.794205
11,DMS-ACC,expert,ACC,12,0.069785
11,DMS-ACC,expert,ACC,13,0.099971
11,DMS-ACC,expert,ACC,14,0.08097
11,DMS-ACC,expert,ACC,15,0.084938
11,DMS-ACC,expert,ACC,16,0.111891
11,DMS-ACC,expert,ACC,17,0.098337
11,DMS-ACC,expert,ACC,18,0.03208
11,DMS-ACC,expert,ACC,19,0.144868
11,DMS-ACC,expert,ACC,20,0.036129
11,DMS-ACC,expert,ACC,21,0.853346
11,DMS-ACC,expert,ACC,22,0.104144
11,DMS-ACC,expert,ACC,23,0.053699
11,DMS-ACC,expert,ACC,24,0.004585
11,DMS-ACC,expert,ACC,25,0.195822
11,DMS-ACC,expert,ACC,26,0.050492
11,DMS-ACC,expert,ACC,27,0.157419
11,DMS-ACC,expert,ACC,28,0.043643
11,DMS-ACC,expert,ACC,29,0.051707
11,DMS-ACC,expert,ACC,30,0.053008
11,DMS-ACC,expert,ACC,31,0.239048
11,DMS-ACC,expert,ACC,32,0.591235
11,DMS-ACC,expert,ACC,33,0.835272
11,DMS-ACC,expert,ACC,34,0.058649
11,DMS-ACC,expert,ACC,35,0.096855
11,DMS-ACC,expert,ACC,36,0.670054
11,DMS-ACC,expert,ACC,37,0.784468
11,DMS-ACC,expert,ACC,38,0.123125
11,DMS-ACC,expert,ACC,39,0.294196
11,DMS-ACC,expert,ACC,40,0.112986
11,DMS-ACC,expert,ACC,41,0.081059
11,DMS-ACC,expert,ACC,42,0.065763
11,DMS-ACC,expert,ACC,43,0.843728
11,DMS-ACC,expert,ACC,44,0.797372
11,DMS-ACC,expert,ACC,45,0.55378
11,DMS-ACC,expert,ACC,46,0.1151
11,DMS-ACC,expert,ACC,47,0.168009
11,DMS-ACC,expert,ACC,48,0.034038
11,DMS-ACC,expert,ACC,49,0.02166
11,DMS-ACC,expert,ACC,50,0.065536
11,DMS-ACC,expert,ACC,51,0.025961
11,DMS-ACC,expert,ACC,52,0.04627
11,DMS-ACC,expert,ACC,53,0.879057
11,DMS-ACC,expert,ACC,54,0.764103
11,DMS-ACC,expert,ACC,55,0.073271
11,DMS-ACC,expert,ACC,56,0.041218
11,DMS-ACC,expert,ACC,57,0.232057
11,DMS-ACC,expert,ACC,58,0.032177
11,DMS-ACC,expert,ACC,59,0.68117
11,DMS-ACC,expert,ACC,60,0.017291
11,DMS-ACC,expert,ACC,61,0.922621
11,DMS-ACC,expert,ACC,62,0.849814
11,DMS-ACC,expert,ACC,63,0.055212
11,DMS-ACC,expert,ACC,64,0.720904
11,DMS-ACC,expert,ACC,65,0.880016
11,DMS-ACC,expert,ACC,66,0.90724
11,DLS-ACC,naive,DLS,0,1.608451
11,DLS-ACC,naive,DLS,1,0.898446
11,DLS-ACC,naive,DLS,2,3.090993
11,DLS-ACC,naive,DLS,3,0.678801
11,DLS-ACC,naive,DLS,4,0.809244
11,DLS-ACC,naive,ACC,0,0.003922
11,DLS-ACC,naive,ACC,1,0.005466
11,DLS-ACC,naive,ACC,2,0.030202
11,DLS-ACC,naive,ACC,3,0.259512
11,DLS-ACC,naive,ACC,4,0.055475
11,DLS-ACC,naive,ACC,5,0.009972
11,DLS-ACC,naive,ACC,6,0.372234
11,DLS-ACC,naive,ACC,7,0.34619
11,DLS-ACC,naive,ACC,8,0.016359
11,DLS-ACC,naive,ACC,9,0.447314
11,DLS-ACC,naive,ACC,10,0.01116
11,DLS-ACC,naive,ACC,11,0.022758
11,DLS-ACC,naive,ACC,12,0.061723
11,DLS-ACC,naive,ACC,13,0.143209
11,DLS-ACC,naive,ACC,14,0.00768
11,DLS-ACC,naive,ACC,15,0.192486
11,DLS-ACC,naive,ACC,16,0.010048
11,DLS-ACC,naive,ACC,17,0.008705
11,DLS-ACC,naive,ACC,18,0.266648
11,DLS-ACC,naive,ACC,19,0.298431
11,DLS-ACC,naive,ACC,20,0.198055
11,DLS-ACC,naive,ACC,21,0.007837
11,DLS-ACC,naive,ACC,22,0.014769
11,DLS-ACC,naive,ACC,23,0.421325
11,DLS-ACC,naive,ACC,24,0.6446
11,DLS-ACC,naive,ACC,25,0.070713
11,DLS-ACC,naive,ACC,26,0.050011
11,DLS-ACC,naive,ACC,27,0.373683
11,DLS-ACC,naive,ACC,28,0.022061
11,DLS-ACC,naive,ACC,29,0.145766
11,DLS-ACC,naive,ACC,30,0.024723
11,DLS-ACC,naive,ACC,31,0.029879
11,DLS-ACC,naive,ACC,32,0.037948
11,DLS-ACC,naive,ACC,33,0.034556
11,DLS-ACC,naive,ACC,34,0.019703
11,DLS-ACC,naive,ACC,35,0.026549
11,DLS-ACC,naive,ACC,36,0.018171
11,DLS-ACC,naive,ACC,37,0.046695
11,DLS-ACC,naive,ACC,38,0.051295
11,DLS-ACC,naive,ACC,39,0.015625
11,DLS-ACC,naive,ACC,40,0.14261
11,DLS-ACC,naive,ACC,41,0.003807
11,DLS-ACC,naive,ACC,42,0.509992
11,DLS-ACC,naive,ACC,43,0.004313
11,DLS-ACC,naive,ACC,44,0.152394
11,DLS-ACC,naive,ACC,45,0.0
11,DLS-ACC,naive,ACC,46,0.007502
11,DLS-ACC,naive,ACC,47,0.090706
11,DLS-ACC,naive,ACC,48,0.30611
11,DLS-ACC,naive,ACC,49,0.087553
11,DLS-ACC,naive,ACC,50,0.031897
11,DLS-ACC,naive,ACC,51,0.37829
11,DLS-ACC,naive,ACC,52,0.015057
11,DLS-ACC,naive,ACC,53,0.073636
11,DLS-ACC,naive,ACC,54,0.012095
11,DLS-ACC,naive,ACC,55,0.55688
11,DLS-ACC,naive,ACC,56,0.029164
11,DLS-ACC,naive,ACC,57,0.132145
11,DLS-ACC,naive,ACC,58,0.028734
11,DLS-ACC,naive,ACC,59,0.193243
11,DLS-ACC,naive,ACC,60,0.138206
11,DLS-ACC,naive,ACC,61,0.003871
11,DLS-ACC,naive,ACC,62,0.551331
11,DLS-ACC,naive,ACC,63,0.012744
11,DLS-ACC,naive,ACC,64,0.446315
11,DLS-ACC,naive,ACC,65,0.003683
11,DLS-ACC,naive,ACC,66,0.009562
11,DLS-ACC,intermediate,DLS,0,1.108268
11,DLS-ACC,intermediate,DLS,1,0.944508
11,DLS-ACC,intermediate,DLS,2,6.421408
11,DLS-ACC,intermediate,DLS,3,1.165912
11,DLS-ACC,intermediate,DLS,4,0.0
11,DLS-ACC,intermediate,ACC,0,0.328162
11,DLS-ACC,intermediate,ACC,1,0.218385
11,DLS-ACC,intermediate,ACC,2,0.03525
11,DLS-ACC,intermediate,ACC,3,0.124757
11,DLS-ACC,intermediate,ACC,4,0.039921
11,DLS-ACC,intermediate,ACC,5,0.072304
11,DLS-ACC,intermediate,ACC,6,0.036432
11,DLS-ACC,intermediate,ACC,7,0.018405
11,DLS-ACC,intermediate,ACC,8,0.197534
11,DLS-ACC,intermediate,ACC,9,0.556461
11,DLS-ACC,intermediate,ACC,10,0.028644
11,DLS-ACC,intermediate,ACC,11,0.569066
11,DLS-ACC,intermediate,ACC,12,0.003209
11,DLS-ACC,intermediate,ACC,13,0.017225
11,DLS-ACC,intermediate,ACC,14,0.015265
11,DLS-ACC,intermediate,ACC,15,0.043842
11,DLS-ACC,intermediate,ACC,16,0.167736
11,DLS-ACC,intermediate,ACC,17,0.007584
11,DLS-ACC,intermediate,ACC,18,0.005024
11,DLS-ACC,intermediate,ACC,19,0.047811
11,DLS-ACC,intermediate,ACC,20,0.022981
11,DLS-ACC,intermediate,ACC,21,0.154641
11,DLS-ACC,intermediate,ACC,22,0.158503
11,DLS-ACC,intermediate,ACC,23,0.022269
11,DLS-ACC,intermediate,ACC,24,0.001094
11,DLS-ACC,intermediate,ACC,25,0.548494
11,DLS-ACC,intermediate,ACC,26,0.033671
11,DLS-ACC,intermediate,ACC,27,0.018001
11,DLS-ACC,intermediate,ACC,28,0.042339
11,DLS-ACC,intermediate,ACC,29,0.011151
11,DLS-ACC,intermediate,ACC,30,0.040696
11,DLS-ACC,intermediate,ACC,31,0.093255
11,DLS-ACC,intermediate,ACC,32,0.113719
11,DLS-ACC,intermediate,ACC,33,0.235998
11,DLS-ACC,intermediate,ACC,34,0.008792
11,DLS-ACC,intermediate,ACC,35,0.03375
11,DLS-ACC,intermediate,ACC,36,0.271648
11,DLS-ACC,intermediate,ACC,37,0.015312
11,DLS-ACC,intermediate,ACC,38,0.433503
11,DLS-ACC,intermediate,ACC,39,0.054826
11,DLS-ACC,intermediate,ACC,40,0.033983
11,DLS-ACC,intermediate,ACC,41,0.366731
11,DLS-ACC,intermediate,ACC,42,0.178962
11,DLS-ACC,intermediate,ACC,43,0.016552
11,DLS-ACC,intermediate,ACC,44,0.000215
11,DLS-ACC,intermediate,ACC,45,0.0
11,DLS-ACC,intermediate,ACC,46,0.115172
11,DLS-ACC,intermediate,ACC,47,0.189096
11,DLS-ACC,intermediate,ACC,48,0.044462
11,DLS-ACC,intermediate,ACC,49,0.010875
11,DLS-ACC,intermediate,ACC,50,0.023108
11,DLS-ACC,intermediate,ACC,51,0.00225
11,DLS-ACC,intermediate,ACC,52,0.033688
11,DLS-ACC,intermediate,ACC,53,0.356097
11,DLS-ACC,intermediate,ACC,54,0.229615
11,DLS-ACC,intermediate,ACC,55,0.082614
11,DLS-ACC,intermediate,ACC,56,0.022765
11,DLS-ACC,intermediate,ACC,57,0.0
11,DLS-ACC,intermediate,ACC,58,0.008647
11,DLS-ACC,intermediate,ACC,59,0.003267
11,DLS-ACC,intermediate,ACC,60,0.010502
11,DLS-ACC,intermediate,ACC,61,0.192809
11,DLS-ACC,intermediate,ACC,62,0.083943
11,DLS-ACC,intermediate,ACC,63,0.001494
11,DLS-ACC,intermediate,ACC,64,0.199233
11,DLS-ACC,intermediate,ACC,65,0.056212
11,DLS-ACC,intermediate,ACC,66,0.041205
11,DLS-ACC,expert,DLS,0,0.778804
11,DLS-ACC,expert,DLS,1,0.709194
11,DLS-ACC,expert,DLS,2,5.108819
11,DLS-ACC,expert,DLS,3,1.544066
11,DLS-ACC,expert,DLS,4,1.351318
11,DLS-ACC,expert,ACC,0,0.20373
11,DLS-ACC,expert,ACC,1,0.191432
11,DLS-ACC,expert,ACC,2,0.044455
11,DLS-ACC,expert,ACC,3,0.043426
11,DLS-ACC,expert,ACC,4,0.115847
11,DLS-ACC,expert,ACC,5,0.612519
11,DLS-ACC,expert,ACC,6,0.027285
11,DLS-ACC,expert,ACC,7,0.011288
11,DLS-ACC,expert,ACC,8,0.023522
11,DLS-ACC,expert,ACC,9,0.361136
11,DLS-ACC,expert,ACC,10,0.024482
11,DLS-ACC,expert,ACC,11,0.442391
11,DLS-ACC,expert,ACC,12,0.024506
11,DLS-ACC,expert,ACC,13,0.032593
11,DLS-ACC,expert,ACC,14,0.043961
11,DLS-ACC,expert,ACC,15,0.053531
11,DLS-ACC,expert,ACC,16,0.041994
11,DLS-ACC,expert,ACC,17,0.034638
11,DLS-ACC,expert,ACC,18,0.019767
11,DLS-ACC,expert,ACC,19,0.079863
11,DLS-ACC,expert,ACC,20,0.024704
11,DLS-ACC,expert,ACC,21,0.233885
11,DLS-ACC,expert,ACC,22,0.050052
11,DLS-ACC,expert,ACC,23,0.032065
11,DLS-ACC,expert,ACC,24,0.002384
11,DLS-ACC,expert,ACC,25,0.062784
11,DLS-ACC,expert,ACC,26,0.027713
11,DLS-ACC,expert,ACC,27,0.036961
11,DLS-ACC,expert,ACC,28,0.019373
11,DLS-ACC,expert,ACC,29,0.033511
11,DLS-ACC,expert,ACC,30,0.028898
11,DLS-ACC,expert,ACC,31,0.114583
11,DLS-ACC,expert,ACC,32,0.293211
11,DLS-ACC,expert,ACC,33,0.419281
11,DLS-ACC,expert,ACC,34,0.026303
11,DLS-ACC,expert,ACC,35,0.045193
11,DLS-ACC,expert,ACC,36,0.39565
11,DLS-ACC,expert,ACC,37,0.676749
11,DLS-ACC,expert,ACC,38,0.093358
11,DLS-ACC,expert,ACC,39,0.105024
11,DLS-ACC,expert,ACC,40,0.070635
11,DLS-ACC,expert,ACC,41,0.039426
11,DLS-ACC,expert,ACC,42,0.039204
11,DLS-ACC,expert,ACC,43,0.098553
11,DLS-ACC,expert,ACC,44,0.337917
11,DLS-ACC,expert,ACC,45,0.27418
11,DLS-ACC,expert,ACC,46,0.069554
11,DLS-ACC,expert,ACC,47,0.035955
11,DLS-ACC,expert,ACC,48,0.023898
11,DLS-ACC,expert,ACC,49,0.013849
11,DLS-ACC,expert,ACC,50,0.021757
11,DLS-ACC,expert,ACC,51,0.021354
11,DLS-ACC,expert,ACC,52,0.025729
11,DLS-ACC,expert,ACC,53,0.591594
11,DLS-ACC,expert,ACC,54,0.337746
11,DLS-ACC,expert,ACC,55,0.053144
11,DLS-ACC,expert,ACC,56,0.027281
11,DLS-ACC,expert,ACC,57,0.156158
11,DLS-ACC,expert,ACC,58,0.016871
11,DLS-ACC,expert,ACC,59,0.290313
11,DLS-ACC,expert,ACC,60,0.007672
11,DLS-ACC,expert,ACC,61,0.278543
11,DLS-ACC,expert,ACC,62,0.191786
11,DLS-ACC,expert,ACC,63,0.023593
11,DLS-ACC,expert,ACC,64,0.275701
11,DLS-ACC,expert,ACC,65,0.691723
11,DLS-ACC,expert,ACC,66,0.559895
11,V1-DMS,naive,V1,0,0.018358
11,V1-DMS,naive,V1,1,0.773828
11,V1-DMS,naive,V1,2,1.0445
11,V1-DMS,naive,V1,3,0.121715
11,V1-DMS,naive,V1,4,0.943026
11,V1-DMS,naive,V1,5,0.078811
11,V1-DMS,naive,V1,6,0.112613
11,V1-DMS,naive,V1,7,1.004207
11,V1-DMS,naive,V1,8,0.128543
11,V1-DMS,naive,V1,9,0.048666
11,V1-DMS,naive,V1,10,0.996371
11,V1-DMS,naive,V1,11,0.679365
11,V1-DMS,naive,V1,12,0.381407
11,V1-DMS,naive,V1,13,0.096547
11,V1-DMS,naive,V1,14,0.679177
11,V1-DMS,naive,V1,15,0.051419
11,V1-DMS,naive,V1,16,0.932741
11,V1-DMS,naive,V1,17,0.050615
11,V1-DMS,naive,V1,18,0.770265
11,V1-DMS,naive,V1,19,0.026181
11,V1-DMS,naive,V1,20,0.36158
11,V1-DMS,naive,V1,21,0.089365
11,V1-DMS,naive,V1,22,0.027515
11,V1-DMS,naive,V1,23,0.065416
11,V1-DMS,naive,V1,24,0.059224
11,V1-DMS,naive,V1,25,0.946207
11,V1-DMS,naive,V1,26,0.004566
11,V1-DMS,naive,V1,27,0.055302
11,V1-DMS,naive,V1,28,0.020447
11,V1-DMS,naive,V1,29,0.010774
11,V1-DMS,naive,V1,30,0.037735
11,V1-DMS,naive,V1,31,0.095678
11,V1-DMS,naive,V1,32,0.014689
11,V1-DMS,naive,V1,33,0.016028
11,V1-DMS,naive,V1,34,0.536171
11,V1-DMS,naive,V1,35,0.587757
11,V1-DMS,naive,V1,36,0.086347
11,V1-DMS,naive,V1,37,0.626848
11,V1-DMS,naive,V1,38,0.168174
11,V1-DMS,naive,V1,39,0.0
11,V1-DMS,naive,V1,40,1.038041
11,V1-DMS,naive,V1,41,0.291913
11,V1-DMS,naive,V1,42,0.022301
11,V1-DMS,naive,V1,43,0.068119
11,V1-DMS,naive,V1,44,0.112856
11,V1-DMS,naive,V1,45,0.040613
11,V1-DMS,naive,V1,46,0.078514
11,V1-DMS,naive,V1,47,0.018452
11,V1-DMS,naive,V1,48,0.013278
11,V1-DMS,naive,V1,49,0.022668
11,V1-DMS,naive,V1,50,0.059871
11,V1-DMS,naive,V1,51,0.002849
11,V1-DMS,naive,V1,52,0.020105
11,V1-DMS,naive,V1,53,0.89092
11,V1-DMS,naive,V1,54,0.727536
11,V1-DMS,naive,V1,55,0.027563
11,V1-DMS,naive,V1,56,0.037933
11,V1-DMS,naive,V1,57,0.825492
11,V1-DMS,naive,V1,58,1.025959
11,V1-DMS,naive,V1,59,0.022982
11,V1-DMS,naive,V1,60,0.011462
11,V1-DMS,naive,V1,61,0.016451
11,V1-DMS,naive,V1,62,0.106876
11,V1-DMS,naive,V1,63,0.061317
11,V1-DMS,naive,V1,64,0.020173
11,V1-DMS,naive,V1,65,0.097597
11,V1-DMS,naive,V1,66,1.034414
11,V1-DMS,naive,DMS,0,1.016398
11,V1-DMS,naive,DMS,1,1.280736
11,V1-DMS,naive,DMS,2,0.384114
11,V1-DMS,naive,DMS,3,0.848395
11,V1-DMS,naive,DMS,4,1.131582
11,V1-DMS,naive,DMS,5,1.630754
11,V1-DMS,naive,DMS,6,0.498955
11,V1-DMS,naive,DMS,7,0.607718
11,V1-DMS,naive,DMS,8,2.230258
11,V1-DMS,naive,DMS,9,0.982746
11,V1-DMS,naive,DMS,10,1.496666
11,V1-DMS,naive,DMS,11,1.81577
11,V1-DMS,naive,DMS,12,0.671675
11,V1-DMS,naive,DMS,13,1.515826
11,V1-DMS,naive,DMS,14,0.555751
11,V1-DMS,naive,DMS,15,0.391971
11,V1-DMS,naive,DMS,16,0.49582
11,V1-DMS,naive,DMS,17,0.840845
11,V1-DMS,naive,DMS,18,1.892963
11,V1-DMS,naive,DMS,19,0.549109
11,V1-DMS,intermediate,V1,0,0.858871
11,V1-DMS,intermediate,V1,1,0.927206
11,V1-DMS,intermediate,V1,2,0.462473
11,V1-DMS,intermediate,V1,3,0.634516
11,V1-DMS,intermediate,V1,4,0.908265
11,V1-DMS,intermediate,V1,5,0.832551
11,V1-DMS,intermediate,V1,6,0.626248
11,V1-DMS,intermediate,V1,7,0.420635
11,V1-DMS,intermediate,V1,8,0.292564
11,V1-DMS,intermediate,V1,9,0.33982
11,V1-DMS,intermediate,V1,10,0.929345
11,V1-DMS,intermediate,V1,11,0.077827
11,V1-DMS,intermediate,V1,12,0.016324
11,V1-DMS,intermediate,V1,13,0.2784
11,V1-DMS,intermediate,V1,14,0.184362
11,V1-DMS,intermediate,V1,15,0.21995
11,V1-DMS,intermediate,V1,16,0.098479
11,V1-DMS,intermediate,V1,17,0.093341
11,V1-DMS,intermediate,V1,18,0.132778
11,V1-DMS,intermediate,V1,19,0.871781
11,V1-DMS,intermediate,V1,20,0.917507
11,V1-DMS,intermediate,V1,21,0.197681
11,V1-DMS,intermediate,V1,22,0.07363
11,V1-DMS,intermediate,V1,23,0.925707
11,V1-DMS,intermediate,V1,24,0.109476
11,V1-DMS,intermediate,V1,25,0.283173
11,V1-DMS,intermediate,V1,26,0.320665
11,V1-DMS,intermediate,V1,27,0.949085
11,V1-DMS,intermediate,V1,28,0.876815
11,V1-DMS,intermediate,V1,29,0.036336
11,V1-DMS,intermediate,V1,30,0.90139
11,V1-DMS,intermediate,V1,31,0.982928
11,V1-DMS,intermediate,V1,32,0.036407
11,V1-DMS,intermediate,V1,33,0.167723
11,V1-DMS,intermediate,V1,34,0.921391
11,V1-DMS,intermediate,V1,35,0.021503
11,V1-DMS,intermediate,V1,36,0.0
11,V1-DMS,intermediate,V1,37,0.733079
11,V1-DMS,intermediate,V1,38,0.01687
11,V1-DMS,intermediate,V1,39,0.070304
11,V1-DMS,intermediate,V1,40,0.929429
11,V1-DMS,intermediate,V1,41,0.142718
11,V1-DMS,intermediate,V1,42,0.176186
11,V1-DMS,intermediate,V1,43,0.028481
11,V1-DMS,intermediate,V1,44,0.122185
11,V1-DMS,intermediate,V1,45,0.192194
11,V1-DMS,intermediate,V1,46,0.220261
11,V1-DMS,intermediate,V1,47,0.093463
11,V1-DMS,intermediate,V1,48,0.351348
11,V1-DMS,intermediate,V1,49,0.027772
11,V1-DMS,intermediate,V1,50,0.330362
11,V1-DMS,intermediate,V1,51,0.033215
11,V1-DMS,intermediate,V1,52,0.835439
11,V1-DMS,intermediate,V1,53,0.144482
11,V1-DMS,intermediate,V1,54,0.139178
11,V1-DMS,intermediate,V1,55,0.234774
11,V1-DMS,intermediate,V1,56,0.02652
11,V1-DMS,intermediate,V1,57,0.947639
11,V1-DMS,intermediate,V1,58,0.951633
11,V1-DMS,intermediate,V1,59,0.921008
11,V1-DMS,intermediate,V1,60,0.034957
11,V1-DMS,intermediate,V1,61,0.083351
11,V1-DMS,intermediate,V1,62,0.532039
11,V1-DMS,intermediate,V1,63,0.525408
11,V1-DMS,intermediate,V1,64,0.125712
11,V1-DMS,intermediate,V1,65,0.127276
11,V1-DMS,intermediate,V1,66,0.088153
11,V1-DMS,intermediate,DMS,0,1.021509
11,V1-DMS,intermediate,DMS,1,0.634859
11,V1-DMS,intermediate,DMS,2,1.251805
11,V1-DMS,intermediate,DMS,3,0.929858
11,V1-DMS,intermediate,DMS,4,1.028644
11,V1-DMS,intermediate,DMS,5,0.572814
11,V1-DMS,intermediate,DMS,6,2.210119
11,V1-DMS,intermediate,DMS,7,2.324768
11,V1-DMS,intermediate,DMS,8,1.331108
11,V1-DMS,intermediate,DMS,9,1.16083
11,V1-DMS,intermediate,DMS,10,1.66797
11,V1-DMS,intermediate,DMS,11,2.413749
11,V1-DMS,intermediate,DMS,12,1.070375
11,V1-DMS,intermediate,DMS,13,0.575048
11,V1-DMS,intermediate,DMS,14,8.432058
11,V1-DMS,intermediate,DMS,15,3.383541
11,V1-DMS,intermediate,DMS,16,1.753565
11,V1-DMS,intermediate,DMS,17,2.687306
11,V1-DMS,intermediate,DMS,18,1.863935
11,V1-DMS,intermediate,DMS,19,0.757118
11,V1-DMS,expert,V1,0,0.732579
11,V1-DMS,expert,V1,1,0.298636
11,V1-DMS,expert,V1,2,0.187685
11,V1-DMS,expert,V1,3,0.412039
11,V1-DMS,expert,V1,4,0.954877
11,V1-DMS,expert,V1,5,0.860008
11,V1-DMS,expert,V1,6,0.545623
11,V1-DMS,expert,V1,7,0.482058
11,V1-DMS,expert,V1,8,0.943579
11,V1-DMS,expert,V1,9,0.190852
11,V1-DMS,expert,V1,10,0.132968
11,V1-DMS,expert,V1,11,0.071791
11,V1-DMS,expert,V1,12,0.022454
11,V1-DMS,expert,V1,13,0.275637
11,V1-DMS,expert,V1,14,0.092732
11,V1-DMS,expert,V1,15,0.762383
11,V1-DMS,expert,V1,16,0.090286
11,V1-DMS,expert,V1,17,0.156127
11,V1-DMS,expert,V1,18,0.100215
11,V1-DMS,expert,V1,19,0.651598
11,V1-DMS,expert,V1,20,0.140095
11,V1-DMS,expert,V1,21,0.183133
11,V1-DMS,expert,V1,22,0.164912
11,V1-DMS,expert,V1,23,0.92604
11,V1-DMS,expert,V1,24,0.090233
11,V1-DMS,expert,V1,25,0.211134
11,V1-DMS,expert,V1,26,0.985674
11,V1-DMS,expert,V1,27,0.944483
11,V1-DMS,expert,V1,28,0.870164
11,V1-DMS,expert,V1,29,0.033781
11,V1-DMS,expert,V1,30,0.968979
11,V1-DMS,expert,V1,31,0.977106
11,V1-DMS,expert,V1,32,0.026085
11,V1-DMS,expert,V1,33,0.291193
11,V1-DMS,expert,V1,34,0.217922
11,V1-DMS,expert,V1,35,0.084853
11,V1-DMS,expert,V1,36,1e-06
11,V1-DMS,expert,V1,37,0.086588
11,V1-DMS,expert,V1,38,0.012985
11,V1-DMS,expert,V1,39,0.096542
11,V1-DMS,expert,V1,40,0.950882
11,V1-DMS,expert,V1,41,0.94692
11,V1-DMS,expert,V1,42,0.111333
11,V1-DMS,expert,V1,43,0.026769
11,V1-DMS,expert,V1,44,0.62472
11,V1-DMS,expert,V1,45,0.155037
11,V1-DMS,expert,V1,46,0.319471
11,V1-DMS,expert,V1,47,0.864804
11,V1-DMS,expert,V1,48,0.388832
11,V1-DMS,expert,V1,49,0.871199
11,V1-DMS,expert,V1,50,0.83788
11,V1-DMS,expert,V1,51,0.737278
11,V1-DMS,expert,V1,52,0.866978
11,V1-DMS,expert,V1,53,0.114708
11,V1-DMS,expert,V1,54,0.081203
11,V1-DMS,expert,V1,55,0.02404
11,V1-DMS,expert,V1,56,0.011948
11,V1-DMS,expert,V1,57,0.056942
11,V1-DMS,expert,V1,58,0.903459
11,V1-DMS,expert,V1,59,0.042171
11,V1-DMS,expert,V1,60,0.031486
11,V1-DMS,expert,V1,61,0.043545
11,V1-DMS,expert,V1,62,0.375531
11,V1-DMS,expert,V1,63,0.404536
11,V1-DMS,expert,V1,64,0.052263
11,V1-DMS,expert,V1,65,0.819831
11,V1-DMS,expert,V1,66,0.123352
11,V1-DMS,expert,DMS,0,1.014223
11,V1-DMS,expert,DMS,1,0.647318
11,V1-DMS,expert,DMS,2,1.163816
11,V1-DMS,expert,DMS,3,1.058411
11,V1-DMS,expert,DMS,4,1.007372
11,V1-DMS,expert,DMS,5,1.033035
11,V1-DMS,expert,DMS,6,1.952243
11,V1-DMS,expert,DMS,7,2.429068
11,V1-DMS,expert,DMS,8,1.485969
11,V1-DMS,expert,DMS,9,0.682847
11,V1-DMS,expert,DMS,10,1.893951
11,V1-DMS,expert,DMS,11,0.812678
11,V1-DMS,expert,DMS,12,1.257009
11,V1-DMS,expert,DMS,13,0.720419
11,V1-DMS,expert,DMS,14,3.55606
11,V1-DMS,expert,DMS,15,3.284497
11,V1-DMS,expert,DMS,16,2.953581
11,V1-DMS,expert,DMS,17,1.822322
11,V1-DMS,expert,DMS,18,2.100131
11,V1-DMS,expert,DMS,19,1.663508
11,V1-DLS,naive,V1,0,0.012001
11,V1-DLS,naive,V1,1,0.400906
11,V1-DLS,naive,V1,2,0.701371
11,V1-DLS,naive,V1,3,0.064174
11,V1-DLS,naive,V1,4,0.498076
11,V1-DLS,naive,V1,5,0.028142
11,V1-DLS,naive,V1,6,0.059039
11,V1-DLS,naive,V1,7,0.541404
11,V1-DLS,naive,V1,8,0.077551
11,V1-DLS,naive,V1,9,0.015685
11,V1-DLS,naive,V1,10,0.458102
11,V1-DLS,naive,V1,11,0.191608
11,V1-DLS,naive,V1,12,0.153433
11,V1-DLS,naive,V1,13,0.052331
11,V1-DLS,naive,V1,14,0.243606
11,V1-DLS,naive,V1,15,0.024452
11,V1-DLS,naive,V1,16,0.263485
11,V1-DLS,naive,V1,17,0.026243
11,V1-DLS,naive,V1,18,0.342048
11,V1-DLS,naive,V1,19,0.009247
11,V1-DLS,naive,V1,20,0.055956
11,V1-DLS,naive,V1,21,0.034162
11,V1-DLS,naive,V1,22,0.017818
11,V1-DLS,naive,V1,23,0.025749
11,V1-DLS,naive,V1,24,0.032067
11,V1-DLS,naive,V1,25,0.523607
11,V1-DLS,naive,V1,26,0.001451
11,V1-DLS,naive,V1,27,0.031254
11,V1-DLS,naive,V1,28,0.010455
11,V1-DLS,naive,V1,29,0.006185
11,V1-DLS,naive,V1,30,0.018168
11,V1-DLS,naive,V1,31,0.067798
11,V1-DLS,naive,V1,32,0.003887
11,V1-DLS,naive,V1,33,0.012916
11,V1-DLS,naive,V1,34,0.477522
11,V1-DLS,naive,V1,35,0.139402
11,V1-DLS,naive,V1,36,0.07015
11,V1-DLS,naive,V1,37,0.225408
11,V1-DLS,naive,V1,38,0.084894
11,V1-DLS,naive,V1,39,0.0
11,V1-DLS,naive,V1,40,0.214859
11,V1-DLS,naive,V1,41,0.157116
11,V1-DLS,naive,V1,42,0.010519
11,V1-DLS,naive,V1,43,0.03045
11,V1-DLS,naive,V1,44,0.067914
11,V1-DLS,naive,V1,45,0.020943
11,V1-DLS,naive,V1,46,0.052461
11,V1-DLS,naive,V1,47,0.00926
11,V1-DLS,naive,V1,48,0.004735
11,V1-DLS,naive,V1,49,0.010692
11,V1-DLS,naive,V1,50,0.027572
11,V1-DLS,naive,V1,51,0.001302
11,V1-DLS,naive,V1,52,0.010417
11,V1-DLS,naive,V1,53,0.547324
11,V1-DLS,naive,V1,54,0.121586
11,V1-DLS,naive,V1,55,0.006929
11,V1-DLS,naive,V1,56,0.016509
11,V1-DLS,naive,V1,57,0.744471
11,V1-DLS,naive,V1,58,0.136888
11,V1-DLS,naive,V1,59,0.005735
11,V1-DLS,naive,V1,60,0.003318
11,V1-DLS,naive,V1,61,0.009356
11,V1-DLS,naive,V1,62,0.025308
11,V1-DLS,naive,V1,63,0.043367
11,V1-DLS,naive,V1,64,0.009998
11,V1-DLS,naive,V1,65,0.05747
11,V1-DLS,naive,V1,66,0.598954
11,V1-DLS,naive,DLS,0,1.607042
11,V1-DLS,naive,DLS,1,0.909031
11,V1-DLS,naive,DLS,2,3.085346
11,V1-DLS,naive,DLS,3,0.679878
11,V1-DLS,naive,DLS,4,0.829694
11,V1-DLS,intermediate,V1,0,0.378684
11,V1-DLS,intermediate,V1,1,0.397111
11,V1-DLS,intermediate,V1,2,0.235977
11,V1-DLS,intermediate,V1,3,0.359658
11,V1-DLS,intermediate,V1,4,0.263145
11,V1-DLS,intermediate,V1,5,0.294804
11,V1-DLS,intermediate,V1,6,0.207401
11,V1-DLS,intermediate,V1,7,0.188602
11,V1-DLS,intermediate,V1,8,0.089232
11,V1-DLS,intermediate,V1,9,0.127976
11,V1-DLS,intermediate,V1,10,0.692195
11,V1-DLS,intermediate,V1,11,0.017881
11,V1-DLS,intermediate,V1,12,0.003589
11,V1-DLS,intermediate,V1,13,0.092961
11,V1-DLS,intermediate,V1,14,0.109171
11,V1-DLS,intermediate,V1,15,0.176366
11,V1-DLS,intermediate,V1,16,0.033707
11,V1-DLS,intermediate,V1,17,0.030593
11,V1-DLS,intermediate,V1,18,0.057863
11,V1-DLS,intermediate,V1,19,0.21984
11,V1-DLS,intermediate,V1,20,0.368761
11,V1-DLS,intermediate,V1,21,0.096287
11,V1-DLS,intermediate,V1,22,0.023139
11,V1-DLS,intermediate,V1,23,0.306505
11,V1-DLS,intermediate,V1,24,0.057511
11,V1-DLS,intermediate,V1,25,0.139237
11,V1-DLS,intermediate,V1,26,0.022693
11,V1-DLS,intermediate,V1,27,0.288839
11,V1-DLS,intermediate,V1,28,0.237506
11,V1-DLS,intermediate,V1,29,0.019349
11,V1-DLS,intermediate,V1,30,0.346754
11,V1-DLS,intermediate,V1,31,0.362105
11,V1-DLS,intermediate,V1,32,0.016965
11,V1-DLS,intermediate,V1,33,0.081213
11,V1-DLS,intermediate,V1,34,0.27626
11,V1-DLS,intermediate,V1,35,0.010189
11,V1-DLS,intermediate,V1,36,0.0
11,V1-DLS,intermediate,V1,37,0.470053
11,V1-DLS,intermediate,V1,38,0.007723
11,V1-DLS,intermediate,V1,39,0.042891
11,V1-DLS,intermediate,V1,40,0.305112
11,V1-DLS,intermediate,V1,41,0.053049
11,V1-DLS,intermediate,V1,42,0.08963
11,V1-DLS,intermediate,V1,43,0.008571
11,V1-DLS,intermediate,V1,44,0.037529
11,V1-DLS,intermediate,V1,45,0.103575
11,V1-DLS,intermediate,V1,46,0.100656
11,V1-DLS,intermediate,V1,47,0.017811
11,V1-DLS,intermediate,V1,48,0.150055
11,V1-DLS,intermediate,V1,49,0.005758
11,V1-DLS,intermediate,V1,50,0.121934
11,V1-DLS,intermediate,V1,51,0.01668
11,V1-DLS,intermediate,V1,52,0.339433
11,V1-DLS,intermediate,V1,53,0.072854
11,V1-DLS,intermediate,V1,54,0.063485
11,V1-DLS,intermediate,V1,55,0.069417
11,V1-DLS,intermediate,V1,56,0.008483
11,V1-DLS,intermediate,V1,57,0.41479
11,V1-DLS,intermediate,V1,58,0.771585
11,V1-DLS,intermediate,V1,59,0.33269
11,V1-DLS,intermediate,V1,60,0.016036
11,V1-DLS,intermediate,V1,61,0.032842
11,V1-DLS,intermediate,V1,62,0.343251
11,V1-DLS,intermediate,V1,63,0.349678
11,V1-DLS,intermediate,V1,64,0.058514
11,V1-DLS,intermediate,V1,65,0.03874
11,V1-DLS,intermediate,V1,66,0.029331
11,V1-DLS,intermediate,DLS,0,1.112443
11,V1-DLS,intermediate,DLS,1,0.940253
11,V1-DLS,intermediate,DLS,2,6.419137
11,V1-DLS,intermediate,DLS,3,1.165838
11,V1-DLS,intermediate,DLS,4,0.0
11,V1-DLS,expert,V1,0,0.205177
11,V1-DLS,expert,V1,1,0.158881
11,V1-DLS,expert,V1,2,0.066991
11,V1-DLS,expert,V1,3,0.319593
11,V1-DLS,expert,V1,4,0.592992
11,V1-DLS,expert,V1,5,0.597021
11,V1-DLS,expert,V1,6,0.371765
11,V1-DLS,expert,V1,7,0.228492
11,V1-DLS,expert,V1,8,0.445829
11,V1-DLS,expert,V1,9,0.101979
11,V1-DLS,expert,V1,10,0.064889
11,V1-DLS,expert,V1,11,0.039403
11,V1-DLS,expert,V1,12,0.013237
11,V1-DLS,expert,V1,13,0.12136
11,V1-DLS,expert,V1,14,0.061028
11,V1-DLS,expert,V1,15,0.414367
11,V1-DLS,expert,V1,16,0.038512
11,V1-DLS,expert,V1,17,0.02832
11,V1-DLS,expert,V1,18,0.057625
11,V1-DLS,expert,V1,19,0.494133
11,V1-DLS,expert,V1,20,0.108413
11,V1-DLS,expert,V1,21,0.151299
11,V1-DLS,expert,V1,22,0.105449
11,V1-DLS,expert,V1,23,0.531727
11,V1-DLS,expert,V1,24,0.031586
11,V1-DLS,expert,V1,25,0.067283
11,V1-DLS,expert,V1,26,0.296446
11,V1-DLS,expert,V1,27,0.478989
11,V1-DLS,expert,V1,28,0.220434
11,V1-DLS,expert,V1,29,0.026752
11,V1-DLS,expert,V1,30,0.55447
11,V1-DLS,expert,V1,31,0.380204
11,V1-DLS,expert,V1,32,0.011916
11,V1-DLS,expert,V1,33,0.149567
11,V1-DLS,expert,V1,34,0.067838
11,V1-DLS,expert,V1,35,0.019381
11,V1-DLS,expert,V1,36,0.0
11,V1-DLS,expert,V1,37,0.034442
11,V1-DLS,expert,V1,38,0.00495
11,V1-DLS,expert,V1,39,0.045983
11,V1-DLS,expert,V1,40,0.453517
11,V1-DLS,expert,V1,41,0.482122
11,V1-DLS,expert,V1,42,0.045055
11,V1-DLS,expert,V1,43,0.016304
11,V1-DLS,expert,V1,44,0.376064
11,V1-DLS,expert,V1,45,0.080561
11,V1-DLS,expert,V1,46,0.167809
11,V1-DLS,expert,V1,47,0.326063
11,V1-DLS,expert,V1,48,0.172061
11,V1-DLS,expert,V1,49,0.432369
11,V1-DLS,expert,V1,50,0.612409
11,V1-DLS,expert,V1,51,0.233583
11,V1-DLS,expert,V1,52,0.332284
11,V1-DLS,expert,V1,53,0.068801
11,V1-DLS,expert,V1,54,0.030057
11,V1-DLS,expert,V1,55,0.013443
11,V1-DLS,expert,V1,56,0.004442
11,V1-DLS,expert,V1,57,0.028969
11,V1-DLS,expert,V1,58,0.255263
11,V1-DLS,expert,V1,59,0.020937
11,V1-DLS,expert,V1,60,0.02187
11,V1-DLS,expert,V1,61,0.021379
11,V1-DLS,expert,V1,62,0.19371
11,V1-DLS,expert,V1,63,0.231705
11,V1-DLS,expert,V1,64,0.029122
11,V1-DLS,expert,V1,65,0.34548
11,V1-DLS,expert,V1,66,0.083293
11,V1-DLS,expert,DLS,0,0.778585
11,V1-DLS,expert,DLS,1,0.707092
11,V1-DLS,expert,DLS,2,5.100648
11,V1-DLS,expert,DLS,3,1.566954
11,V1-DLS,expert,DLS,4,1.355482
11,V1-ACC,naive,V1,0,0.019685
11,V1-ACC,naive,V1,1,0.771869
11,V1-ACC,naive,V1,2,1.038677
11,V1-ACC,naive,V1,3,0.123059
11,V1-ACC,naive,V1,4,0.941201
11,V1-ACC,naive,V1,5,0.073818
11,V1-ACC,naive,V1,6,0.11327
11,V1-ACC,naive,V1,7,1.000453
11,V1-ACC,naive,V1,8,0.12618
11,V1-ACC,naive,V1,9,0.047051
11,V1-ACC,naive,V1,10,0.993505
11,V1-ACC,naive,V1,11,0.677169
11,V1-ACC,naive,V1,12,0.380516
11,V1-ACC,naive,V1,13,0.090275
11,V1-ACC,naive,V1,14,0.678206
11,V1-ACC,naive,V1,15,0.049815
11,V1-ACC,naive,V1,16,0.930465
11,V1-ACC,naive,V1,17,0.049945
11,V1-ACC,naive,V1,18,0.768774
11,V1-ACC,naive,V1,19,0.025141
11,V1-ACC,naive,V1,20,0.372807
11,V1-ACC,naive,V1,21,0.089867
11,V1-ACC,naive,V1,22,0.028065
11,V1-ACC,naive,V1,23,0.064628
11,V1-ACC,naive,V1,24,0.058942
11,V1-ACC,naive,V1,25,0.941558
11,V1-ACC,naive,V1,26,0.004463
11,V1-ACC,naive,V1,27,0.057411
11,V1-ACC,naive,V1,28,0.020759
11,V1-ACC,naive,V1,29,0.011505
11,V1-ACC,naive,V1,30,0.031537
11,V1-ACC,naive,V1,31,0.093802
11,V1-ACC,naive,V1,32,0.014481
11,V1-ACC,naive,V1,33,0.016319
11,V1-ACC,naive,V1,34,0.535875
11,V1-ACC,naive,V1,35,0.588074
11,V1-ACC,naive,V1,36,0.08493
11,V1-ACC,naive,V1,37,0.62496
11,V1-ACC,naive,V1,38,0.172655
11,V1-ACC,naive,V1,39,0.0
11,V1-ACC,naive,V1,40,1.041698
11,V1-ACC,naive,V1,41,0.237745
11,V1-ACC,naive,V1,42,0.022819
11,V1-ACC,naive,V1,43,0.067256
11,V1-ACC,naive,V1,44,0.108443
11,V1-ACC,naive,V1,45,0.040663
11,V1-ACC,naive,V1,46,0.079485
11,V1-ACC,naive,V1,47,0.018158
11,V1-ACC,naive,V1,48,0.013275
11,V1-ACC,naive,V1,49,0.022755
11,V1-ACC,naive,V1,50,0.059217
11,V1-ACC,naive,V1,51,0.002728
11,V1-ACC,naive,V1,52,0.020447
11,V1-ACC,naive,V1,53,0.886986
11,V1-ACC,naive,V1,54,0.724734
11,V1-ACC,naive,V1,55,0.0264
11,V1-ACC,naive,V1,56,0.037964
11,V1-ACC,naive,V1,57,0.824035
11,V1-ACC,naive,V1,58,1.014362
11,V1-ACC,naive,V1,59,0.022608
11,V1-ACC,naive,V1,60,0.011779
11,V1-ACC,naive,V1,61,0.016665
11,V1-ACC,naive,V1,62,0.112995
11,V1-ACC,naive,V1,63,0.059396
11,V1-ACC,naive,V1,64,0.017711
11,V1-ACC,naive,V1,65,0.096588
11,V1-ACC,naive,V1,66,1.052679
11,V1-ACC,naive,ACC,0,0.013972
11,V1-ACC,naive,ACC,1,0.013806
11,V1-ACC,naive,ACC,2,0.068581
11,V1-ACC,naive,ACC,3,0.924358
11,V1-ACC,naive,ACC,4,0.091331
11,V1-ACC,naive,ACC,5,0.0181
11,V1-ACC,naive,ACC,6,0.803007
11,V1-ACC,naive,ACC,7,0.639459
11,V1-ACC,naive,ACC,8,0.032034
11,V1-ACC,naive,ACC,9,0.910239
11,V1-ACC,naive,ACC,10,0.023493
11,V1-ACC,naive,ACC,11,0.046665
11,V1-ACC,naive,ACC,12,0.101365
11,V1-ACC,naive,ACC,13,0.209094
11,V1-ACC,naive,ACC,14,0.03012
11,V1-ACC,naive,ACC,15,0.584892
11,V1-ACC,naive,ACC,16,0.029109
11,V1-ACC,naive,ACC,17,0.026155
11,V1-ACC,naive,ACC,18,0.427777
11,V1-ACC,naive,ACC,19,0.837135
11,V1-ACC,naive,ACC,20,0.198914
11,V1-ACC,naive,ACC,21,0.010349
11,V1-ACC,naive,ACC,22,0.047528
11,V1-ACC,naive,ACC,23,0.92369
11,V1-ACC,naive,ACC,24,0.780861
11,V1-ACC,naive,ACC,25,0.168441
11,V1-ACC,naive,ACC,26,0.078878
11,V1-ACC,naive,ACC,27,0.730553
11,V1-ACC,naive,ACC,28,0.089443
11,V1-ACC,naive,ACC,29,0.662734
11,V1-ACC,naive,ACC,30,0.044771
11,V1-ACC,naive,ACC,31,0.02949
11,V1-ACC,naive,ACC,32,0.038399
11,V1-ACC,naive,ACC,33,0.048694
11,V1-ACC,naive,ACC,34,0.033808
11,V1-ACC,naive,ACC,35,0.025428
11,V1-ACC,naive,ACC,36,0.060537
11,V1-ACC,naive,ACC,37,0.085479
11,V1-ACC,naive,ACC,38,0.177098
11,V1-ACC,naive,ACC,39,0.029708
11,V1-ACC,naive,ACC,40,0.876125
11,V1-ACC,naive,ACC,41,0.009416
11,V1-ACC,naive,ACC,42,0.79653
11,V1-ACC,naive,ACC,43,0.007236
11,V1-ACC,naive,ACC,44,0.42292
11,V1-ACC,naive,ACC,45,0.0
11,V1-ACC,naive,ACC,46,0.019874
11,V1-ACC,naive,ACC,47,0.069478
11,V1-ACC,naive,ACC,48,0.91399
11,V1-ACC,naive,ACC,49,0.043399
11,V1-ACC,naive,ACC,50,0.084039
11,V1-ACC,naive,ACC,51,0.788216
11,V1-ACC,naive,ACC,52,0.019033
11,V1-ACC,naive,ACC,53,0.120266
11,V1-ACC,naive,ACC,54,0.020447
11,V1-ACC,naive,ACC,55,0.921756
11,V1-ACC,naive,ACC,56,0.038948
11,V1-ACC,naive,ACC,57,0.429808
11,V1-ACC,naive,ACC,58,0.08198
11,V1-ACC,naive,ACC,59,0.644502
11,V1-ACC,naive,ACC,60,0.584566
11,V1-ACC,naive,ACC,61,0.016365
11,V1-ACC,naive,ACC,62,0.297412
11,V1-ACC,naive,ACC,63,0.021958
11,V1-ACC,naive,ACC,64,0.70639
11,V1-ACC,naive,ACC,65,0.010312
11,V1-ACC,naive,ACC,66,0.024099
11,V1-ACC,intermediate,V1,0,0.852349
11,V1-ACC,intermediate,V1,1,0.92458
11,V1-ACC,intermediate,V1,2,0.426443
11,V1-ACC,intermediate,V1,3,0.645177
11,V1-ACC,intermediate,V1,4,0.907667
11,V1-ACC,intermediate,V1,5,0.827599
11,V1-ACC,intermediate,V1,6,0.629001
11,V1-ACC,intermediate,V1,7,0.438457
11,V1-ACC,intermediate,V1,8,0.289989
11,V1-ACC,intermediate,V1,9,0.353163
11,V1-ACC,intermediate,V1,10,0.923788
11,V1-ACC,intermediate,V1,11,0.079428
11,V1-ACC,intermediate,V1,12,0.016691
11,V1-ACC,intermediate,V1,13,0.268007
11,V1-ACC,intermediate,V1,14,0.184714
11,V1-ACC,intermediate,V1,15,0.225217
11,V1-ACC,intermediate,V1,16,0.095727
11,V1-ACC,intermediate,V1,17,0.091151
11,V1-ACC,intermediate,V1,18,0.13621
11,V1-ACC,intermediate,V1,19,0.874886
11,V1-ACC,intermediate,V1,20,0.921209
11,V1-ACC,intermediate,V1,21,0.195509
11,V1-ACC,intermediate,V1,22,0.074088
11,V1-ACC,intermediate,V1,23,0.923751
11,V1-ACC,intermediate,V1,24,0.111218
11,V1-ACC,intermediate,V1,25,0.274642
11,V1-ACC,intermediate,V1,26,0.330111
11,V1-ACC,intermediate,V1,27,0.946929
11,V1-ACC,intermediate,V1,28,0.873933
11,V1-ACC,intermediate,V1,29,0.037905
11,V1-ACC,intermediate,V1,30,0.891592
11,V1-ACC,intermediate,V1,31,0.978985
11,V1-ACC,intermediate,V1,32,0.036021
11,V1-ACC,intermediate,V1,33,0.171671
11,V1-ACC,intermediate,V1,34,0.913603
11,V1-ACC,intermediate,V1,35,0.021086
11,V1-ACC,intermediate,V1,36,0.0
11,V1-ACC,intermediate,V1,37,0.729739
11,V1-ACC,intermediate,V1,38,0.016318
11,V1-ACC,intermediate,V1,39,0.07123
11,V1-ACC,intermediate,V1,40,0.932635
11,V1-ACC,intermediate,V1,41,0.140636
11,V1-ACC,intermediate,V1,42,0.169417
11,V1-ACC,intermediate,V1,43,0.02953
11,V1-ACC,intermediate,V1,44,0.134348
11,V1-ACC,intermediate,V1,45,0.208229
11,V1-ACC,intermediate,V1,46,0.222218
11,V1-ACC,intermediate,V1,47,0.094753
11,V1-ACC,intermediate,V1,48,0.352438
11,V1-ACC,intermediate,V1,49,0.029596
11,V1-ACC,intermediate,V1,50,0.318639
11,V1-ACC,intermediate,V1,51,0.03234
11,V1-ACC,intermediate,V1,52,0.830292
11,V1-ACC,intermediate,V1,53,0.166084
11,V1-ACC,intermediate,V1,54,0.154691
11,V1-ACC,intermediate,V1,55,0.232996
11,V1-ACC,intermediate,V1,56,0.025235
11,V1-ACC,intermediate,V1,57,0.942924
11,V1-ACC,intermediate,V1,58,0.949145
11,V1-ACC,intermediate,V1,59,0.91927
11,V1-ACC,intermediate,V1,60,0.035402
11,V1-ACC,intermediate,V1,61,0.086288
11,V1-ACC,intermediate,V1,62,0.537116
11,V1-ACC,intermediate,V1,63,0.515119
11,V1-ACC,intermediate,V1,64,0.124888
11,V1-ACC,intermediate,V1,65,0.121862
11,V1-ACC,intermediate,V1,66,0.089183
11,V1-ACC,intermediate,ACC,0,0.526444
11,V1-ACC,intermediate,ACC,1,0.4598
11,V1-ACC,intermediate,ACC,2,0.099879
11,V1-ACC,intermediate,ACC,3,0.350297
11,V1-ACC,intermediate,ACC,4,0.119813
11,V1-ACC,intermediate,ACC,5,0.205683
11,V1-ACC,intermediate,ACC,6,0.180691
11,V1-ACC,intermediate,ACC,7,0.042786
11,V1-ACC,intermediate,ACC,8,0.858804
11,V1-ACC,intermediate,ACC,9,0.591606
11,V1-ACC,intermediate,ACC,10,0.085403
11,V1-ACC,intermediate,ACC,11,0.900668
11,V1-ACC,intermediate,ACC,12,0.024089
11,V1-ACC,intermediate,ACC,13,0.065814
11,V1-ACC,intermediate,ACC,14,0.055371
11,V1-ACC,intermediate,ACC,15,0.098485
11,V1-ACC,intermediate,ACC,16,0.655405
11,V1-ACC,intermediate,ACC,17,0.042582
11,V1-ACC,intermediate,ACC,18,0.016329
11,V1-ACC,intermediate,ACC,19,0.175062
11,V1-ACC,intermediate,ACC,20,0.160101
11,V1-ACC,intermediate,ACC,21,0.786881
11,V1-ACC,intermediate,ACC,22,0.894835
11,V1-ACC,intermediate,ACC,23,0.052815
11,V1-ACC,intermediate,ACC,24,0.00449
11,V1-ACC,intermediate,ACC,25,0.84884
11,V1-ACC,intermediate,ACC,26,0.162915
11,V1-ACC,intermediate,ACC,27,0.058507
11,V1-ACC,intermediate,ACC,28,0.128389
11,V1-ACC,intermediate,ACC,29,0.044447
11,V1-ACC,intermediate,ACC,30,0.100104
11,V1-ACC,intermediate,ACC,31,0.14431
11,V1-ACC,intermediate,ACC,32,0.498915
11,V1-ACC,intermediate,ACC,33,0.815396
11,V1-ACC,intermediate,ACC,34,0.027524
11,V1-ACC,intermediate,ACC,35,0.111504
11,V1-ACC,intermediate,ACC,36,0.69701
11,V1-ACC,intermediate,ACC,37,0.056518
11,V1-ACC,intermediate,ACC,38,0.932235
11,V1-ACC,intermediate,ACC,39,0.095555
11,V1-ACC,intermediate,ACC,40,0.112587
11,V1-ACC,intermediate,ACC,41,0.595371
11,V1-ACC,intermediate,ACC,42,0.814302
11,V1-ACC,intermediate,ACC,43,0.063917
11,V1-ACC,intermediate,ACC,44,0.001236
11,V1-ACC,intermediate,ACC,45,0.0
11,V1-ACC,intermediate,ACC,46,0.386047
11,V1-ACC,intermediate,ACC,47,0.846064
11,V1-ACC,intermediate,ACC,48,0.101059
11,V1-ACC,intermediate,ACC,49,0.023489
11,V1-ACC,intermediate,ACC,50,0.082368
11,V1-ACC,intermediate,ACC,51,0.020546
11,V1-ACC,intermediate,ACC,52,0.065338
11,V1-ACC,intermediate,ACC,53,0.68978
11,V1-ACC,intermediate,ACC,54,0.536781
11,V1-ACC,intermediate,ACC,55,0.355345
11,V1-ACC,intermediate,ACC,56,0.059833
11,V1-ACC,intermediate,ACC,57,0.0
11,V1-ACC,intermediate,ACC,58,0.039644
11,V1-ACC,intermediate,ACC,59,0.024434
11,V1-ACC,intermediate,ACC,60,0.041787
11,V1-ACC,intermediate,ACC,61,0.924795
11,V1-ACC,intermediate,ACC,62,0.762944
11,V1-ACC,intermediate,ACC,63,0.008795
11,V1-ACC,intermediate,ACC,64,0.756972
11,V1-ACC,intermediate,ACC,65,0.080596
11,V1-ACC,intermediate,ACC,66,0.125663
11,V1-ACC,expert,V1,0,0.725033
11,V1-ACC,expert,V1,1,0.311599
11,V1-ACC,expert,V1,2,0.186821
11,V1-ACC,expert,V1,3,0.419046
11,V1-ACC,expert,V1,4,0.948511
11,V1-ACC,expert,V1,5,0.869102
11,V1-ACC,expert,V1,6,0.540352
11,V1-ACC,expert,V1,7,0.468223
11,V1-ACC,expert,V1,8,0.939464
11,V1-ACC,expert,V1,9,0.18602
11,V1-ACC,expert,V1,10,0.155501
11,V1-ACC,expert,V1,11,0.071185
11,V1-ACC,expert,V1,12,0.022387
11,V1-ACC,expert,V1,13,0.284147
11,V1-ACC,expert,V1,14,0.094454
11,V1-ACC,expert,V1,15,0.766141
11,V1-ACC,expert,V1,16,0.091402
11,V1-ACC,expert,V1,17,0.156826
11,V1-ACC,expert,V1,18,0.098812
11,V1-ACC,expert,V1,19,0.589851
11,V1-ACC,expert,V1,20,0.143662
11,V1-ACC,expert,V1,21,0.18179
11,V1-ACC,expert,V1,22,0.169022
11,V1-ACC,expert,V1,23,0.922698
11,V1-ACC,expert,V1,24,0.095544
11,V1-ACC,expert,V1,25,0.214575
11,V1-ACC,expert,V1,26,0.924686
11,V1-ACC,expert,V1,27,0.934031
11,V1-ACC,expert,V1,28,0.861429
11,V1-ACC,expert,V1,29,0.032738
11,V1-ACC,expert,V1,30,0.966994
11,V1-ACC,expert,V1,31,0.983284
11,V1-ACC,expert,V1,32,0.025713
11,V1-ACC,expert,V1,33,0.294623
11,V1-ACC,expert,V1,34,0.22047
11,V1-ACC,expert,V1,35,0.084908
11,V1-ACC,expert,V1,36,1e-06
11,V1-ACC,expert,V1,37,0.083821
11,V1-ACC,expert,V1,38,0.013128
11,V1-ACC,expert,V1,39,0.096429
11,V1-ACC,expert,V1,40,0.941726
11,V1-ACC,expert,V1,41,0.947361
11,V1-ACC,expert,V1,42,0.108286
11,V1-ACC,expert,V1,43,0.02623
11,V1-ACC,expert,V1,44,0.811463
11,V1-ACC,expert,V1,45,0.149528
11,V1-ACC,expert,V1,46,0.341878
11,V1-ACC,expert,V1,47,0.86378
11,V1-ACC,expert,V1,48,0.402153
11,V1-ACC,expert,V1,49,0.862978
11,V1-ACC,expert,V1,50,0.796685
11,V1-ACC,expert,V1,51,0.628366
11,V1-ACC,expert,V1,52,0.864575
11,V1-ACC,expert,V1,53,0.115183
11,V1-ACC,expert,V1,54,0.083994
11,V1-ACC,expert,V1,55,0.024938
11,V1-ACC,expert,V1,56,0.011679
11,V1-ACC,expert,V1,57,0.05172
11,V1-ACC,expert,V1,58,0.903218
11,V1-ACC,expert,V1,59,0.041662
11,V1-ACC,expert,V1,60,0.031338
11,V1-ACC,expert,V1,61,0.046898
11,V1-ACC,expert,V1,62,0.391402
11,V1-ACC,expert,V1,63,0.399648
11,V1-ACC,expert,V1,64,0.050311
11,V1-ACC,expert,V1,65,0.851848
11,V1-ACC,expert,V1,66,0.124804
11,V1-ACC,expert,ACC,0,0.623562
11,V1-ACC,expert,ACC,1,0.554932
11,V1-ACC,expert,ACC,2,0.136077
11,V1-ACC,expert,ACC,3,0.063539
11,V1-ACC,expert,ACC,4,0.142052
11,V1-ACC,expert,ACC,5,0.900373
11,V1-ACC,expert,ACC,6,0.091956
11,V1-ACC,expert,ACC,7,0.04215
11,V1-ACC,expert,ACC,8,0.082589
11,V1-ACC,expert,ACC,9,0.705112
11,V1-ACC,expert,ACC,10,0.048544
11,V1-ACC,expert,ACC,11,0.803542
11,V1-ACC,expert,ACC,12,0.069473
11,V1-ACC,expert,ACC,13,0.103322
11,V1-ACC,expert,ACC,14,0.085293
11,V1-ACC,expert,ACC,15,0.087682
11,V1-ACC,expert,ACC,16,0.111432
11,V1-ACC,expert,ACC,17,0.098397
11,V1-ACC,expert,ACC,18,0.031872
11,V1-ACC,expert,ACC,19,0.151404
11,V1-ACC,expert,ACC,20,0.042669
11,V1-ACC,expert,ACC,21,0.851265
11,V1-ACC,expert,ACC,22,0.111932
11,V1-ACC,expert,ACC,23,0.051668
11,V1-ACC,expert,ACC,24,0.004332
11,V1-ACC,expert,ACC,25,0.19704
11,V1-ACC,expert,ACC,26,0.048228
11,V1-ACC,expert,ACC,27,0.160821
11,V1-ACC,expert,ACC,28,0.04454
11,V1-ACC,expert,ACC,29,0.052683
11,V1-ACC,expert,ACC,30,0.055831
11,V1-ACC,expert,ACC,31,0.242644
11,V1-ACC,expert,ACC,32,0.55486
11,V1-ACC,expert,ACC,33,0.833364
11,V1-ACC,expert,ACC,34,0.058544
11,V1-ACC,expert,ACC,35,0.096633
11,V1-ACC,expert,ACC,36,0.668481
11,V1-ACC,expert,ACC,37,0.785157
11,V1-ACC,expert,ACC,38,0.118675
11,V1-ACC,expert,ACC,39,0.30457
11,V1-ACC,expert,ACC,40,0.117417
11,V1-ACC,expert,ACC,41,0.08566
11,V1-ACC,expert,ACC,42,0.060638
11,V1-ACC,expert,ACC,43,0.844779
11,V1-ACC,expert,ACC,44,0.796534
11,V1-ACC,expert,ACC,45,0.551279
11,V1-ACC,expert,ACC,46,0.110746
11,V1-ACC,expert,ACC,47,0.165827
11,V1-ACC,expert,ACC,48,0.031571
11,V1-ACC,expert,ACC,49,0.020809
11,V1-ACC,expert,ACC,50,0.067013
11,V1-ACC,expert,ACC,51,0.023881
11,V1-ACC,expert,ACC,52,0.051281
11,V1-ACC,expert,ACC,53,0.871221
11,V1-ACC,expert,ACC,54,0.762377
11,V1-ACC,expert,ACC,55,0.067587
11,V1-ACC,expert,ACC,56,0.040425
11,V1-ACC,expert,ACC,57,0.223929
11,V1-ACC,expert,ACC,58,0.031663
11,V1-ACC,expert,ACC,59,0.706418
11,V1-ACC,expert,ACC,60,0.016718
11,V1-ACC,expert,ACC,61,0.914661
11,V1-ACC,expert,ACC,62,0.84959
11,V1-ACC,expert,ACC,63,0.05276
11,V1-ACC,expert,ACC,64,0.724871
11,V1-ACC,expert,ACC,65,0.890881
11,V1-ACC,expert,ACC,66,0.904236
11,CA1-DMS,naive,CA1,0,0.03327
11,CA1-DMS,naive,CA1,1,1.376109
11,CA1-DMS,naive,CA1,2,0.134207
11,CA1-DMS,naive,CA1,3,1.537364
11,CA1-DMS,naive,CA1,4,0.036222
11,CA1-DMS,naive,CA1,5,1.651679
11,CA1-DMS,naive,CA1,6,1.205798
11,CA1-DMS,naive,CA1,7,0.170227
11,CA1-DMS,naive,CA1,8,0.066464
11,CA1-DMS,naive,CA1,9,1.45414
11,CA1-DMS,naive,CA1,10,1.48161
11,CA1-DMS,naive,CA1,11,0.037663
11,CA1-DMS,naive,CA1,12,1.057376
11,CA1-DMS,naive,CA1,13,0.073808
11,CA1-DMS,naive,CA1,14,0.927183
11,CA1-DMS,naive,CA1,15,1.176956
11,CA1-DMS,naive,CA1,16,0.0
11,CA1-DMS,naive,CA1,17,0.592721
11,CA1-DMS,naive,CA1,18,1.163366
11,CA1-DMS,naive,CA1,19,1.140635
11,CA1-DMS,naive,CA1,20,1.513315
11,CA1-DMS,naive,CA1,21,0.930553
11,CA1-DMS,naive,CA1,22,1.390118
11,CA1-DMS,naive,CA1,23,1.080903
11,CA1-DMS,naive,CA1,24,1.277001
11,CA1-DMS,naive,CA1,25,0.556581
11,CA1-DMS,naive,CA1,26,0.415406
11,CA1-DMS,naive,CA1,27,0.841869
11,CA1-DMS,naive,DMS,0,1.017873
11,CA1-DMS,naive,DMS,1,1.283252
11,CA1-DMS,naive,DMS,2,0.385837
11,CA1-DMS,naive,DMS,3,0.850011
11,CA1-DMS,naive,DMS,4,1.133312
11,CA1-DMS,naive,DMS,5,1.634441
11,CA1-DMS,naive,DMS,6,0.501538
11,CA1-DMS,naive,DMS,7,0.608884
11,CA1-DMS,naive,DMS,8,2.222997
11,CA1-DMS,naive,DMS,9,0.988371
11,CA1-DMS,naive,DMS,10,1.50754
11,CA1-DMS,naive,DMS,11,1.818881
11,CA1-DMS,naive,DMS,12,0.675784
11,CA1-DMS,naive,DMS,13,1.5234
11,CA1-DMS,naive,DMS,14,0.561649
11,CA1-DMS,naive,DMS,15,0.394289
11,CA1-DMS,naive,DMS,16,0.499318
11,CA1-DMS,naive,DMS,17,0.844957
11,CA1-DMS,naive,DMS,18,1.894853
11,CA1-DMS,naive,DMS,19,0.551035
11,CA1-DMS,intermediate,CA1,0,0.817184
11,CA1-DMS,intermediate,CA1,1,1.189516
11,CA1-DMS,intermediate,CA1,2,0.733322
11,CA1-DMS,intermediate,CA1,3,0.9284
11,CA1-DMS,intermediate,CA1,4,0.331575
11,CA1-DMS,intermediate,CA1,5,0.65748
11,CA1-DMS,intermediate,CA1,6,1.006467
11,CA1-DMS,intermediate,CA1,7,0.010513
11,CA1-DMS,intermediate,CA1,8,0.032396
11,CA1-DMS,intermediate,CA1,9,0.992773
11,CA1-DMS,intermediate,CA1,10,1.030947
11,CA1-DMS,intermediate,CA1,11,1.179923
11,CA1-DMS,intermediate,CA1,12,1.011184
11,CA1-DMS,intermediate,CA1,13,0.694585
11,CA1-DMS,intermediate,CA1,14,0.92547
11,CA1-DMS,intermediate,CA1,15,0.156894
11,CA1-DMS,intermediate,CA1,16,0.036203
11,CA1-DMS,intermediate,CA1,17,0.179969
11,CA1-DMS,intermediate,CA1,18,0.762401
11,CA1-DMS,intermediate,CA1,19,1.126113
11,CA1-DMS,intermediate,CA1,20,0.731861
11,CA1-DMS,intermediate,CA1,21,1.249725
11,CA1-DMS,intermediate,CA1,22,0.949835
11,CA1-DMS,intermediate,CA1,23,0.94047
11,CA1-DMS,intermediate,CA1,24,0.319931
11,CA1-DMS,intermediate,CA1,25,1.156505
11,CA1-DMS,intermediate,CA1,26,0.057477
11,CA1-DMS,intermediate,CA1,27,1.233093
11,CA1-DMS,intermediate,DMS,0,1.021742
11,CA1-DMS,intermediate,DMS,1,0.641434
11,CA1-DMS,intermediate,DMS,2,1.255093
11,CA1-DMS,intermediate,DMS,3,0.931467
11,CA1-DMS,intermediate,DMS,4,1.030028
11,CA1-DMS,intermediate,DMS,5,0.572265
11,CA1-DMS,intermediate,DMS,6,2.215422
11,CA1-DMS,intermediate,DMS,7,2.336654
11,CA1-DMS,intermediate,DMS,8,1.330847
11,CA1-DMS,intermediate,DMS,9,1.161823
11,CA1-DMS,intermediate,DMS,10,1.667914
11,CA1-DMS,intermediate,DMS,11,2.491481
11,CA1-DMS,intermediate,DMS,12,1.071429
11,CA1-DMS,intermediate,DMS,13,0.576347
11,CA1-DMS,intermediate,DMS,14,8.523201
11,CA1-DMS,intermediate,DMS,15,3.386628
11,CA1-DMS,intermediate,DMS,16,1.771966
11,CA1-DMS,intermediate,DMS,17,2.666373
11,CA1-DMS,intermediate,DMS,18,1.871921
11,CA1-DMS,intermediate,DMS,19,0.760077
11,CA1-DMS,expert,CA1,0,0.739255
11,CA1-DMS,expert,CA1,1,0.486945
11,CA1-DMS,expert,CA1,2,0.761672
11,CA1-DMS,expert,CA1,3,0.907177
11,CA1-DMS,expert,CA1,4,0.966611
11,CA1-DMS,expert,CA1,5,0.744715
11,CA1-DMS,expert,CA1,6,0.980905
11,CA1-DMS,expert,CA1,7,0.922013
11,CA1-DMS,expert,CA1,8,0.037519
11,CA1-DMS,expert,CA1,9,0.995821
11,CA1-DMS,expert,CA1,10,1.007754
11,CA1-DMS,expert,CA1,11,1.048438
11,CA1-DMS,expert,CA1,12,1.036329
11,CA1-DMS,expert,CA1,13,0.78502
11,CA1-DMS,expert,CA1,14,1.095577
11,CA1-DMS,expert,CA1,15,0.918721
11,CA1-DMS,expert,CA1,16,0.040063
11,CA1-DMS,expert,CA1,17,0.083252
11,CA1-DMS,expert,CA1,18,0.96921
11,CA1-DMS,expert,CA1,19,0.817962
11,CA1-DMS,expert,CA1,20,0.702932
11,CA1-DMS,expert,CA1,21,0.08186
11,CA1-DMS,expert,CA1,22,1.005515
11,CA1-DMS,expert,CA1,23,1.014326
11,CA1-DMS,expert,CA1,24,1.034357
11,CA1-DMS,expert,CA1,25,0.278761
11,CA1-DMS,expert,CA1,26,0.049127
11,CA1-DMS,expert,CA1,27,0.199661
11,CA1-DMS,expert,DMS,0,1.016695
11,CA1-DMS,expert,DMS,1,0.651224
11,CA1-DMS,expert,DMS,2,1.165499
11,CA1-DMS,expert,DMS,3,1.060231
11,CA1-DMS,expert,DMS,4,1.010355
11,CA1-DMS,expert,DMS,5,1.034596
11,CA1-DMS,expert,DMS,6,1.956958
11,CA1-DMS,expert,DMS,7,2.432888
11,CA1-DMS,expert,DMS,8,1.491252
11,CA1-DMS,expert,DMS,9,0.685528
11,CA1-DMS,expert,DMS,10,1.95808
11,CA1-DMS,expert,DMS,11,0.814743
11,CA1-DMS,expert,DMS,12,1.259507
11,CA1-DMS,expert,DMS,13,0.722466
11,CA1-DMS,expert,DMS,14,3.606896
11,CA1-DMS,expert,DMS,15,3.291437
11,CA1-DMS,expert,DMS,16,2.95214
11,CA1-DMS,expert,DMS,17,1.822677
11,CA1-DMS,expert,DMS,18,2.099736
11,CA1-DMS,expert,DMS,19,1.666388
11,CA1-DLS,naive,CA1,0,0.024734
11,CA1-DLS,naive,CA1,1,0.589225
11,CA1-DLS,naive,CA1,2,0.075898
11,CA1-DLS,naive,CA1,3,0.456324
11,CA1-DLS,naive,CA1,4,0.022735
11,CA1-DLS,naive,CA1,5,0.692428
11,CA1-DLS,naive,CA1,6,0.695424
11,CA1-DLS,naive,CA1,7,0.11917
11,CA1-DLS,naive,CA1,8,0.023287
11,CA1-DLS,naive,CA1,9,0.925408
11,CA1-DLS,naive,CA1,10,0.366911
11,CA1-DLS,naive,CA1,11,0.012808
11,CA1-DLS,naive,CA1,12,0.540867
11,CA1-DLS,naive,CA1,13,0.050668
11,CA1-DLS,naive,CA1,14,0.372777
11,CA1-DLS,naive,CA1,15,0.460732
11,CA1-DLS,naive,CA1,16,0.0
11,CA1-DLS,naive,CA1,17,0.276888
11,CA1-DLS,naive,CA1,18,0.725245
11,CA1-DLS,naive,CA1,19,0.481117
11,CA1-DLS,naive,CA1,20,0.586633
11,CA1-DLS,naive,CA1,21,0.463037
11,CA1-DLS,naive,CA1,22,0.961184
11,CA1-DLS,naive,CA1,23,0.469594
11,CA1-DLS,naive,CA1,24,0.870615
11,CA1-DLS,naive,CA1,25,0.227177
11,CA1-DLS,naive,CA1,26,0.304115
11,CA1-DLS,naive,CA1,27,0.30677
11,CA1-DLS,naive,DLS,0,1.61333
11,CA1-DLS,naive,DLS,1,0.909373
11,CA1-DLS,naive,DLS,2,3.092619
11,CA1-DLS,naive,DLS,3,0.680337
11,CA1-DLS,naive,DLS,4,0.831063
11,CA1-DLS,intermediate,CA1,0,0.187779
11,CA1-DLS,intermediate,CA1,1,0.618187
11,CA1-DLS,intermediate,CA1,2,0.659851
11,CA1-DLS,intermediate,CA1,3,0.216896
11,CA1-DLS,intermediate,CA1,4,0.236807
11,CA1-DLS,intermediate,CA1,5,0.236165
11,CA1-DLS,intermediate,CA1,6,0.20463
11,CA1-DLS,intermediate,CA1,7,0.006414
11,CA1-DLS,intermediate,CA1,8,0.022726
11,CA1-DLS,intermediate,CA1,9,0.427861
11,CA1-DLS,intermediate,CA1,10,0.992477
11,CA1-DLS,intermediate,CA1,11,0.38874
11,CA1-DLS,intermediate,CA1,12,0.451394
11,CA1-DLS,intermediate,CA1,13,0.055322
11,CA1-DLS,intermediate,CA1,14,0.275926
11,CA1-DLS,intermediate,CA1,15,0.046884
11,CA1-DLS,intermediate,CA1,16,0.0052
11,CA1-DLS,intermediate,CA1,17,0.062504
11,CA1-DLS,intermediate,CA1,18,0.23777
11,CA1-DLS,intermediate,CA1,19,0.503488
11,CA1-DLS,intermediate,CA1,20,0.312594
11,CA1-DLS,intermediate,CA1,21,0.196374
11,CA1-DLS,intermediate,CA1,22,0.364135
11,CA1-DLS,intermediate,CA1,23,0.561227
11,CA1-DLS,intermediate,CA1,24,0.080421
11,CA1-DLS,intermediate,CA1,25,0.282242
11,CA1-DLS,intermediate,CA1,26,0.030069
11,CA1-DLS,intermediate,CA1,27,0.199086
11,CA1-DLS,intermediate,DLS,0,1.115237
11,CA1-DLS,intermediate,DLS,1,0.941238
11,CA1-DLS,intermediate,DLS,2,6.445139
11,CA1-DLS,intermediate,DLS,3,1.165752
11,CA1-DLS,intermediate,DLS,4,0.0
11,CA1-DLS,expert,CA1,0,0.401949
11,CA1-DLS,expert,CA1,1,0.250635
11,CA1-DLS,expert,CA1,2,0.254991
11,CA1-DLS,expert,CA1,3,0.485535
11,CA1-DLS,expert,CA1,4,0.44519
11,CA1-DLS,expert,CA1,5,0.422806
11,CA1-DLS,expert,CA1,6,0.617104
11,CA1-DLS,expert,CA1,7,0.13655
11,CA1-DLS,expert,CA1,8,0.014741
11,CA1-DLS,expert,CA1,9,0.517939
11,CA1-DLS,expert,CA1,10,0.744989
11,CA1-DLS,expert,CA1,11,0.406196
11,CA1-DLS,expert,CA1,12,0.386915
11,CA1-DLS,expert,CA1,13,0.127971
11,CA1-DLS,expert,CA1,14,0.187562
11,CA1-DLS,expert,CA1,15,0.347907
11,CA1-DLS,expert,CA1,16,0.019791
11,CA1-DLS,expert,CA1,17,0.028652
11,CA1-DLS,expert,CA1,18,0.581856
11,CA1-DLS,expert,CA1,19,0.21412
11,CA1-DLS,expert,CA1,20,0.522493
11,CA1-DLS,expert,CA1,21,0.04614
11,CA1-DLS,expert,CA1,22,0.515555
11,CA1-DLS,expert,CA1,23,0.570164
11,CA1-DLS,expert,CA1,24,0.514386
11,CA1-DLS,expert,CA1,25,0.148789
11,CA1-DLS,expert,CA1,26,0.010584
11,CA1-DLS,expert,CA1,27,0.074571
11,CA1-DLS,expert,DLS,0,0.780588
11,CA1-DLS,expert,DLS,1,0.697309
11,CA1-DLS,expert,DLS,2,5.111604
11,CA1-DLS,expert,DLS,3,1.567358
11,CA1-DLS,expert,DLS,4,1.356248
11,CA1-ACC,naive,CA1,0,0.035524
11,CA1-ACC,naive,CA1,1,1.371946
11,CA1-ACC,naive,CA1,2,0.12755
11,CA1-ACC,naive,CA1,3,1.535059
11,CA1-ACC,naive,CA1,4,0.036381
11,CA1-ACC,naive,CA1,5,1.646818
11,CA1-ACC,naive,CA1,6,1.202763
11,CA1-ACC,naive,CA1,7,0.171444
11,CA1-ACC,naive,CA1,8,0.066271
11,CA1-ACC,naive,CA1,9,1.44979
11,CA1-ACC,naive,CA1,10,1.477059
11,CA1-ACC,naive,CA1,11,0.037613
11,CA1-ACC,naive,CA1,12,1.052441
11,CA1-ACC,naive,CA1,13,0.069308
11,CA1-ACC,naive,CA1,14,0.924331
11,CA1-ACC,naive,CA1,15,1.172679
11,CA1-ACC,naive,CA1,16,0.0
11,CA1-ACC,naive,CA1,17,0.59095
11,CA1-ACC,naive,CA1,18,1.16019
11,CA1-ACC,naive,CA1,19,1.133862
11,CA1-ACC,naive,CA1,20,1.510998
11,CA1-ACC,naive,CA1,21,0.928856
11,CA1-ACC,naive,CA1,22,1.385892
11,CA1-ACC,naive,CA1,23,1.079445
11,CA1-ACC,naive,CA1,24,1.266289
11,CA1-ACC,naive,CA1,25,0.55479
11,CA1-ACC,naive,CA1,26,0.413969
11,CA1-ACC,naive,CA1,27,0.840143
11,CA1-ACC,naive,ACC,0,0.014168
11,CA1-ACC,naive,ACC,1,0.012931
11,CA1-ACC,naive,ACC,2,0.076259
11,CA1-ACC,naive,ACC,3,0.926412
11,CA1-ACC,naive,ACC,4,0.085584
11,CA1-ACC,naive,ACC,5,0.018592
11,CA1-ACC,naive,ACC,6,0.803213
11,CA1-ACC,naive,ACC,7,0.639219
11,CA1-ACC,naive,ACC,8,0.032658
11,CA1-ACC,naive,ACC,9,0.911993
11,CA1-ACC,naive,ACC,10,0.023048
11,CA1-ACC,naive,ACC,11,0.045293
11,CA1-ACC,naive,ACC,12,0.099539
11,CA1-ACC,naive,ACC,13,0.216517
11,CA1-ACC,naive,ACC,14,0.030369
11,CA1-ACC,naive,ACC,15,0.586547
11,CA1-ACC,naive,ACC,16,0.029213
11,CA1-ACC,naive,ACC,17,0.025722
11,CA1-ACC,naive,ACC,18,0.42884
11,CA1-ACC,naive,ACC,19,0.837691
11,CA1-ACC,naive,ACC,20,0.208764
11,CA1-ACC,naive,ACC,21,0.010347
11,CA1-ACC,naive,ACC,22,0.046243
11,CA1-ACC,naive,ACC,23,0.908371
11,CA1-ACC,naive,ACC,24,0.782696
11,CA1-ACC,naive,ACC,25,0.168163
11,CA1-ACC,naive,ACC,26,0.080606
11,CA1-ACC,naive,ACC,27,0.731685
11,CA1-ACC,naive,ACC,28,0.086737
11,CA1-ACC,naive,ACC,29,0.66455
11,CA1-ACC,naive,ACC,30,0.045269
11,CA1-ACC,naive,ACC,31,0.028999
11,CA1-ACC,naive,ACC,32,0.03859
11,CA1-ACC,naive,ACC,33,0.048683
11,CA1-ACC,naive,ACC,34,0.034447
11,CA1-ACC,naive,ACC,35,0.026753
11,CA1-ACC,naive,ACC,36,0.062387
11,CA1-ACC,naive,ACC,37,0.094364
11,CA1-ACC,naive,ACC,38,0.16299
11,CA1-ACC,naive,ACC,39,0.028056
11,CA1-ACC,naive,ACC,40,0.877852
11,CA1-ACC,naive,ACC,41,0.009459
11,CA1-ACC,naive,ACC,42,0.798726
11,CA1-ACC,naive,ACC,43,0.006918
11,CA1-ACC,naive,ACC,44,0.423601
11,CA1-ACC,naive,ACC,45,0.0
11,CA1-ACC,naive,ACC,46,0.018889
11,CA1-ACC,naive,ACC,47,0.074315
11,CA1-ACC,naive,ACC,48,0.910557
11,CA1-ACC,naive,ACC,49,0.054495
11,CA1-ACC,naive,ACC,50,0.082706
11,CA1-ACC,naive,ACC,51,0.791123
11,CA1-ACC,naive,ACC,52,0.018492
11,CA1-ACC,naive,ACC,53,0.124599
11,CA1-ACC,naive,ACC,54,0.020508
11,CA1-ACC,naive,ACC,55,0.924587
11,CA1-ACC,naive,ACC,56,0.040008
11,CA1-ACC,naive,ACC,57,0.430552
11,CA1-ACC,naive,ACC,58,0.07793
11,CA1-ACC,naive,ACC,59,0.647312
11,CA1-ACC,naive,ACC,60,0.585409
11,CA1-ACC,naive,ACC,61,0.016614
11,CA1-ACC,naive,ACC,62,0.353888
11,CA1-ACC,naive,ACC,63,0.022922
11,CA1-ACC,naive,ACC,64,0.710362
11,CA1-ACC,naive,ACC,65,0.01073
11,CA1-ACC,naive,ACC,66,0.024019
11,CA1-ACC,intermediate,CA1,0,0.813754
11,CA1-ACC,intermediate,CA1,1,1.186412
11,CA1-ACC,intermediate,CA1,2,0.73127
11,CA1-ACC,intermediate,CA1,3,0.926402
11,CA1-ACC,intermediate,CA1,4,0.331991
11,CA1-ACC,intermediate,CA1,5,0.655997
11,CA1-ACC,intermediate,CA1,6,1.00398
11,CA1-ACC,intermediate,CA1,7,0.010154
11,CA1-ACC,intermediate,CA1,8,0.03247
11,CA1-ACC,intermediate,CA1,9,0.9875
11,CA1-ACC,intermediate,CA1,10,1.02918
11,CA1-ACC,intermediate,CA1,11,1.177189
11,CA1-ACC,intermediate,CA1,12,1.00619
11,CA1-ACC,intermediate,CA1,13,0.692769
11,CA1-ACC,intermediate,CA1,14,0.923378
11,CA1-ACC,intermediate,CA1,15,0.14438
11,CA1-ACC,intermediate,CA1,16,0.035377
11,CA1-ACC,intermediate,CA1,17,0.211199
11,CA1-ACC,intermediate,CA1,18,0.758795
11,CA1-ACC,intermediate,CA1,19,1.123785
11,CA1-ACC,intermediate,CA1,20,0.728714
11,CA1-ACC,intermediate,CA1,21,1.246319
11,CA1-ACC,intermediate,CA1,22,0.947633
11,CA1-ACC,intermediate,CA1,23,0.937415
11,CA1-ACC,intermediate,CA1,24,0.317786
11,CA1-ACC,intermediate,CA1,25,1.154743
11,CA1-ACC,intermediate,CA1,26,0.057063
11,CA1-ACC,intermediate,CA1,27,1.224568
11,CA1-ACC,intermediate,ACC,0,0.538578
11,CA1-ACC,intermediate,ACC,1,0.461198
11,CA1-ACC,intermediate,ACC,2,0.102611
11,CA1-ACC,intermediate,ACC,3,0.298453
11,CA1-ACC,intermediate,ACC,4,0.117946
11,CA1-ACC,intermediate,ACC,5,0.193275
11,CA1-ACC,intermediate,ACC,6,0.207495
11,CA1-ACC,intermediate,ACC,7,0.042714
11,CA1-ACC,intermediate,ACC,8,0.859336
11,CA1-ACC,intermediate,ACC,9,0.594094
11,CA1-ACC,intermediate,ACC,10,0.080458
11,CA1-ACC,intermediate,ACC,11,0.925367
11,CA1-ACC,intermediate,ACC,12,0.024168
11,CA1-ACC,intermediate,ACC,13,0.063317
11,CA1-ACC,intermediate,ACC,14,0.0556
11,CA1-ACC,intermediate,ACC,15,0.090167
11,CA1-ACC,intermediate,ACC,16,0.526418
11,CA1-ACC,intermediate,ACC,17,0.0386
11,CA1-ACC,intermediate,ACC,18,0.017155
11,CA1-ACC,intermediate,ACC,19,0.168524
11,CA1-ACC,intermediate,ACC,20,0.175809
11,CA1-ACC,intermediate,ACC,21,0.788511
11,CA1-ACC,intermediate,ACC,22,0.908004
11,CA1-ACC,intermediate,ACC,23,0.051219
11,CA1-ACC,intermediate,ACC,24,0.004389
11,CA1-ACC,intermediate,ACC,25,0.850495
11,CA1-ACC,intermediate,ACC,26,0.161699
11,CA1-ACC,intermediate,ACC,27,0.059797
11,CA1-ACC,intermediate,ACC,28,0.130992
11,CA1-ACC,intermediate,ACC,29,0.044778
11,CA1-ACC,intermediate,ACC,30,0.099685
11,CA1-ACC,intermediate,ACC,31,0.140821
11,CA1-ACC,intermediate,ACC,32,0.53256
11,CA1-ACC,intermediate,ACC,33,0.861463
11,CA1-ACC,intermediate,ACC,34,0.026377
11,CA1-ACC,intermediate,ACC,35,0.110472
11,CA1-ACC,intermediate,ACC,36,0.698504
11,CA1-ACC,intermediate,ACC,37,0.061541
11,CA1-ACC,intermediate,ACC,38,0.934871
11,CA1-ACC,intermediate,ACC,39,0.099523
11,CA1-ACC,intermediate,ACC,40,0.113998
11,CA1-ACC,intermediate,ACC,41,0.597137
11,CA1-ACC,intermediate,ACC,42,0.817547
11,CA1-ACC,intermediate,ACC,43,0.060568
11,CA1-ACC,intermediate,ACC,44,0.001417
11,CA1-ACC,intermediate,ACC,45,0.0
11,CA1-ACC,intermediate,ACC,46,0.385806
11,CA1-ACC,intermediate,ACC,47,0.847757
11,CA1-ACC,intermediate,ACC,48,0.096576
11,CA1-ACC,intermediate,ACC,49,0.02419
11,CA1-ACC,intermediate,ACC,50,0.083873
11,CA1-ACC,intermediate,ACC,51,0.020933
11,CA1-ACC,intermediate,ACC,52,0.056772
11,CA1-ACC,intermediate,ACC,53,0.692339
11,CA1-ACC,intermediate,ACC,54,0.538229
11,CA1-ACC,intermediate,ACC,55,0.355105
11,CA1-ACC,intermediate,ACC,56,0.057559
11,CA1-ACC,intermediate,ACC,57,0.0
11,CA1-ACC,intermediate,ACC,58,0.040801
11,CA1-ACC,intermediate,ACC,59,0.023545
11,CA1-ACC,intermediate,ACC,60,0.042076
11,CA1-ACC,intermediate,ACC,61,0.927043
11,CA1-ACC,intermediate,ACC,62,0.778621
11,CA1-ACC,intermediate,ACC,63,0.009153
11,CA1-ACC,intermediate,ACC,64,0.758588
11,CA1-ACC,intermediate,ACC,65,0.082041
11,CA1-ACC,intermediate,ACC,66,0.131258
11,CA1-ACC,expert,CA1,0,0.737061
11,CA1-ACC,expert,CA1,1,0.42374
11,CA1-ACC,expert,CA1,2,0.758598
11,CA1-ACC,expert,CA1,3,0.906052
11,CA1-ACC,expert,CA1,4,0.963116
11,CA1-ACC,expert,CA1,5,0.742278
11,CA1-ACC,expert,CA1,6,0.975863
11,CA1-ACC,expert,CA1,7,0.919641
11,CA1-ACC,expert,CA1,8,0.037648
11,CA1-ACC,expert,CA1,9,0.989768
11,CA1-ACC,expert,CA1,10,1.001114
11,CA1-ACC,expert,CA1,11,1.044986
11,CA1-ACC,expert,CA1,12,1.029253
11,CA1-ACC,expert,CA1,13,0.784214
11,CA1-ACC,expert,CA1,14,1.090339
11,CA1-ACC,expert,CA1,15,0.915431
11,CA1-ACC,expert,CA1,16,0.040508
11,CA1-ACC,expert,CA1,17,0.082592
11,CA1-ACC,expert,CA1,18,0.966016
11,CA1-ACC,expert,CA1,19,0.811657
11,CA1-ACC,expert,CA1,20,0.701894
11,CA1-ACC,expert,CA1,21,0.077679
11,CA1-ACC,expert,CA1,22,0.998274
11,CA1-ACC,expert,CA1,23,1.012112
11,CA1-ACC,expert,CA1,24,1.060154
11,CA1-ACC,expert,CA1,25,0.295024
11,CA1-ACC,expert,CA1,26,0.048268
11,CA1-ACC,expert,CA1,27,0.201011
11,CA1-ACC,expert,ACC,0,0.635897
11,CA1-ACC,expert,ACC,1,0.55569
11,CA1-ACC,expert,ACC,2,0.130945
11,CA1-ACC,expert,ACC,3,0.065568
11,CA1-ACC,expert,ACC,4,0.130182
11,CA1-ACC,expert,ACC,5,0.90545
11,CA1-ACC,expert,ACC,6,0.093991
11,CA1-ACC,expert,ACC,7,0.042939
11,CA1-ACC,expert,ACC,8,0.076299
11,CA1-ACC,expert,ACC,9,0.70573
11,CA1-ACC,expert,ACC,10,0.048774
11,CA1-ACC,expert,ACC,11,0.811054
11,CA1-ACC,expert,ACC,12,0.070377
11,CA1-ACC,expert,ACC,13,0.099816
11,CA1-ACC,expert,ACC,14,0.081779
11,CA1-ACC,expert,ACC,15,0.08452
11,CA1-ACC,expert,ACC,16,0.110308
11,CA1-ACC,expert,ACC,17,0.099291
11,CA1-ACC,expert,ACC,18,0.032447
11,CA1-ACC,expert,ACC,19,0.143577
11,CA1-ACC,expert,ACC,20,0.039819
11,CA1-ACC,expert,ACC,21,0.853011
11,CA1-ACC,expert,ACC,22,0.106396
11,CA1-ACC,expert,ACC,23,0.049323
11,CA1-ACC,expert,ACC,24,0.004533
11,CA1-ACC,expert,ACC,25,0.196405
11,CA1-ACC,expert,ACC,26,0.050746
11,CA1-ACC,expert,ACC,27,0.167036
11,CA1-ACC,expert,ACC,28,0.043319
11,CA1-ACC,expert,ACC,29,0.051779
11,CA1-ACC,expert,ACC,30,0.05388
11,CA1-ACC,expert,ACC,31,0.23443
11,CA1-ACC,expert,ACC,32,0.558857
11,CA1-ACC,expert,ACC,33,0.83504
11,CA1-ACC,expert,ACC,34,0.058355
11,CA1-ACC,expert,ACC,35,0.095312
11,CA1-ACC,expert,ACC,36,0.670282
11,CA1-ACC,expert,ACC,37,0.786894
11,CA1-ACC,expert,ACC,38,0.123011
11,CA1-ACC,expert,ACC,39,0.264393
11,CA1-ACC,expert,ACC,40,0.116093
11,CA1-ACC,expert,ACC,41,0.081817
11,CA1-ACC,expert,ACC,42,0.060886
11,CA1-ACC,expert,ACC,43,0.846572
11,CA1-ACC,expert,ACC,44,0.800467
11,CA1-ACC,expert,ACC,45,0.550892
11,CA1-ACC,expert,ACC,46,0.109121
11,CA1-ACC,expert,ACC,47,0.169857
11,CA1-ACC,expert,ACC,48,0.032925
11,CA1-ACC,expert,ACC,49,0.022521
11,CA1-ACC,expert,ACC,50,0.068292
11,CA1-ACC,expert,ACC,51,0.023851
11,CA1-ACC,expert,ACC,52,0.045971
11,CA1-ACC,expert,ACC,53,0.878745
11,CA1-ACC,expert,ACC,54,0.763794
11,CA1-ACC,expert,ACC,55,0.068582
11,CA1-ACC,expert,ACC,56,0.041062
11,CA1-ACC,expert,ACC,57,0.21811
11,CA1-ACC,expert,ACC,58,0.031548
11,CA1-ACC,expert,ACC,59,0.709159
11,CA1-ACC,expert,ACC,60,0.017563
11,CA1-ACC,expert,ACC,61,0.926033
11,CA1-ACC,expert,ACC,62,0.850086
11,CA1-ACC,expert,ACC,63,0.051387
11,CA1-ACC,expert,ACC,64,0.727822
11,CA1-ACC,expert,ACC,65,0.89443
11,CA1-ACC,expert,ACC,66,0.909602
11,CA1-V1,naive,CA1,0,0.03403
11,CA1-V1,naive,CA1,1,1.371516
11,CA1-V1,naive,CA1,2,0.133639
11,CA1-V1,naive,CA1,3,1.531387
11,CA1-V1,naive,CA1,4,0.032839
11,CA1-V1,naive,CA1,5,1.646927
11,CA1-V1,naive,CA1,6,1.201807
11,CA1-V1,naive,CA1,7,0.169977
11,CA1-V1,naive,CA1,8,0.065384
11,CA1-V1,naive,CA1,9,1.44988
11,CA1-V1,naive,CA1,10,1.477479
11,CA1-V1,naive,CA1,11,0.037971
11,CA1-V1,naive,CA1,12,1.053968
11,CA1-V1,naive,CA1,13,0.069656
11,CA1-V1,naive,CA1,14,0.925127
11,CA1-V1,naive,CA1,15,1.175195
11,CA1-V1,naive,CA1,16,0.0
11,CA1-V1,naive,CA1,17,0.591111
11,CA1-V1,naive,CA1,18,1.159371
11,CA1-V1,naive,CA1,19,1.13065
11,CA1-V1,naive,CA1,20,1.510801
11,CA1-V1,naive,CA1,21,0.927658
11,CA1-V1,naive,CA1,22,1.381084
11,CA1-V1,naive,CA1,23,1.076861
11,CA1-V1,naive,CA1,24,1.268521
11,CA1-V1,naive,CA1,25,0.555196
11,CA1-V1,naive,CA1,26,0.414637
11,CA1-V1,naive,CA1,27,0.839838
11,CA1-V1,naive,V1,0,0.019206
11,CA1-V1,naive,V1,1,0.773254
11,CA1-V1,naive,V1,2,1.042146
11,CA1-V1,naive,V1,3,0.121569
11,CA1-V1,naive,V1,4,0.942911
11,CA1-V1,naive,V1,5,0.073852
11,CA1-V1,naive,V1,6,0.112323
11,CA1-V1,naive,V1,7,1.005162
11,CA1-V1,naive,V1,8,0.129317
11,CA1-V1,naive,V1,9,0.04799
11,CA1-V1,naive,V1,10,0.996404
11,CA1-V1,naive,V1,11,0.678646
11,CA1-V1,naive,V1,12,0.381579
11,CA1-V1,naive,V1,13,0.094327
11,CA1-V1,naive,V1,14,0.679822
11,CA1-V1,naive,V1,15,0.055277
11,CA1-V1,naive,V1,16,0.932139
11,CA1-V1,naive,V1,17,0.051731
11,CA1-V1,naive,V1,18,0.770335
11,CA1-V1,naive,V1,19,0.028266
11,CA1-V1,naive,V1,20,0.397129
11,CA1-V1,naive,V1,21,0.093642
11,CA1-V1,naive,V1,22,0.026579
11,CA1-V1,naive,V1,23,0.062303
11,CA1-V1,naive,V1,24,0.060602
11,CA1-V1,naive,V1,25,0.941352
11,CA1-V1,naive,V1,26,0.004505
11,CA1-V1,naive,V1,27,0.058696
11,CA1-V1,naive,V1,28,0.020728
11,CA1-V1,naive,V1,29,0.010561
11,CA1-V1,naive,V1,30,0.035407
11,CA1-V1,naive,V1,31,0.094964
11,CA1-V1,naive,V1,32,0.01444
11,CA1-V1,naive,V1,33,0.015857
11,CA1-V1,naive,V1,34,0.536009
11,CA1-V1,naive,V1,35,0.58824
11,CA1-V1,naive,V1,36,0.085625
11,CA1-V1,naive,V1,37,0.626954
11,CA1-V1,naive,V1,38,0.167962
11,CA1-V1,naive,V1,39,0.0
11,CA1-V1,naive,V1,40,1.041718
11,CA1-V1,naive,V1,41,0.330436
11,CA1-V1,naive,V1,42,0.024298
11,CA1-V1,naive,V1,43,0.06977
11,CA1-V1,naive,V1,44,0.10818
11,CA1-V1,naive,V1,45,0.039966
11,CA1-V1,naive,V1,46,0.078898
11,CA1-V1,naive,V1,47,0.017958
11,CA1-V1,naive,V1,48,0.013497
11,CA1-V1,naive,V1,49,0.022948
11,CA1-V1,naive,V1,50,0.062534
11,CA1-V1,naive,V1,51,0.002915
11,CA1-V1,naive,V1,52,0.021164
11,CA1-V1,naive,V1,53,0.892467
11,CA1-V1,naive,V1,54,0.727433
11,CA1-V1,naive,V1,55,0.026463
11,CA1-V1,naive,V1,56,0.037723
11,CA1-V1,naive,V1,57,0.825008
11,CA1-V1,naive,V1,58,1.014375
11,CA1-V1,naive,V1,59,0.023
11,CA1-V1,naive,V1,60,0.011822
11,CA1-V1,naive,V1,61,0.01666
11,CA1-V1,naive,V1,62,0.112045
11,CA1-V1,naive,V1,63,0.058947
11,CA1-V1,naive,V1,64,0.017973
11,CA1-V1,naive,V1,65,0.097319
11,CA1-V1,naive,V1,66,1.026191
11,CA1-V1,intermediate,CA1,0,0.814626
11,CA1-V1,intermediate,CA1,1,1.186098
11,CA1-V1,intermediate,CA1,2,0.73063
11,CA1-V1,intermediate,CA1,3,0.926086
11,CA1-V1,intermediate,CA1,4,0.335599
11,CA1-V1,intermediate,CA1,5,0.656139
11,CA1-V1,intermediate,CA1,6,1.00345
11,CA1-V1,intermediate,CA1,7,0.010041
11,CA1-V1,intermediate,CA1,8,0.035692
11,CA1-V1,intermediate,CA1,9,0.989356
11,CA1-V1,intermediate,CA1,10,0.988141
11,CA1-V1,intermediate,CA1,11,1.176976
11,CA1-V1,intermediate,CA1,12,1.008564
11,CA1-V1,intermediate,CA1,13,0.691411
11,CA1-V1,intermediate,CA1,14,0.925248
11,CA1-V1,intermediate,CA1,15,0.163016
11,CA1-V1,intermediate,CA1,16,0.03618
11,CA1-V1,intermediate,CA1,17,0.167911
11,CA1-V1,intermediate,CA1,18,0.758968
11,CA1-V1,intermediate,CA1,19,1.123986
11,CA1-V1,intermediate,CA1,20,0.729768
11,CA1-V1,intermediate,CA1,21,1.244767
11,CA1-V1,intermediate,CA1,22,0.945695
11,CA1-V1,intermediate,CA1,23,0.938065
11,CA1-V1,intermediate,CA1,24,0.32198
11,CA1-V1,intermediate,CA1,25,1.151062
11,CA1-V1,intermediate,CA1,26,0.053841
11,CA1-V1,intermediate,CA1,27,1.232975
11,CA1-V1,intermediate,V1,0,0.860378
11,CA1-V1,intermediate,V1,1,0.929996
11,CA1-V1,intermediate,V1,2,0.424692
11,CA1-V1,intermediate,V1,3,0.638347
11,CA1-V1,intermediate,V1,4,0.908362
11,CA1-V1,intermediate,V1,5,0.828077
11,CA1-V1,intermediate,V1,6,0.627163
11,CA1-V1,intermediate,V1,7,0.419661
11,CA1-V1,intermediate,V1,8,0.297043
11,CA1-V1,intermediate,V1,9,0.345572
11,CA1-V1,intermediate,V1,10,0.929268
11,CA1-V1,intermediate,V1,11,0.077369
11,CA1-V1,intermediate,V1,12,0.017468
11,CA1-V1,intermediate,V1,13,0.277595
11,CA1-V1,intermediate,V1,14,0.190941
11,CA1-V1,intermediate,V1,15,0.22817
11,CA1-V1,intermediate,V1,16,0.098053
11,CA1-V1,intermediate,V1,17,0.092874
11,CA1-V1,intermediate,V1,18,0.131147
11,CA1-V1,intermediate,V1,19,0.878938
11,CA1-V1,intermediate,V1,20,0.922986
11,CA1-V1,intermediate,V1,21,0.196852
11,CA1-V1,intermediate,V1,22,0.07418
11,CA1-V1,intermediate,V1,23,0.932943
11,CA1-V1,intermediate,V1,24,0.110532
11,CA1-V1,intermediate,V1,25,0.284165
11,CA1-V1,intermediate,V1,26,0.321544
11,CA1-V1,intermediate,V1,27,0.945593
11,CA1-V1,intermediate,V1,28,0.876407
11,CA1-V1,intermediate,V1,29,0.035755
11,CA1-V1,intermediate,V1,30,0.896759
11,CA1-V1,intermediate,V1,31,0.979739
11,CA1-V1,intermediate,V1,32,0.035963
11,CA1-V1,intermediate,V1,33,0.162986
11,CA1-V1,intermediate,V1,34,0.918922
11,CA1-V1,intermediate,V1,35,0.020987
11,CA1-V1,intermediate,V1,36,0.0
11,CA1-V1,intermediate,V1,37,0.732119
11,CA1-V1,intermediate,V1,38,0.016958
11,CA1-V1,intermediate,V1,39,0.066232
11,CA1-V1,intermediate,V1,40,0.934331
11,CA1-V1,intermediate,V1,41,0.166137
11,CA1-V1,intermediate,V1,42,0.17174
11,CA1-V1,intermediate,V1,43,0.029227
11,CA1-V1,intermediate,V1,44,0.132478
11,CA1-V1,intermediate,V1,45,0.220182
11,CA1-V1,intermediate,V1,46,0.218766
11,CA1-V1,intermediate,V1,47,0.093341
11,CA1-V1,intermediate,V1,48,0.353747
11,CA1-V1,intermediate,V1,49,0.028244
11,CA1-V1,intermediate,V1,50,0.321107
11,CA1-V1,intermediate,V1,51,0.041076
11,CA1-V1,intermediate,V1,52,0.834491
11,CA1-V1,intermediate,V1,53,0.142695
11,CA1-V1,intermediate,V1,54,0.141266
11,CA1-V1,intermediate,V1,55,0.235029
11,CA1-V1,intermediate,V1,56,0.026546
11,CA1-V1,intermediate,V1,57,0.936049
11,CA1-V1,intermediate,V1,58,0.944281
11,CA1-V1,intermediate,V1,59,0.910289
11,CA1-V1,intermediate,V1,60,0.03605
11,CA1-V1,intermediate,V1,61,0.08606
11,CA1-V1,intermediate,V1,62,0.550131
11,CA1-V1,intermediate,V1,63,0.529118
11,CA1-V1,intermediate,V1,64,0.116307
11,CA1-V1,intermediate,V1,65,0.126032
11,CA1-V1,intermediate,V1,66,0.086499
11,CA1-V1,expert,CA1,0,0.738057
11,CA1-V1,expert,CA1,1,0.487769
11,CA1-V1,expert,CA1,2,0.759964
11,CA1-V1,expert,CA1,3,0.904944
11,CA1-V1,expert,CA1,4,0.950499
11,CA1-V1,expert,CA1,5,0.74247
11,CA1-V1,expert,CA1,6,0.976412
11,CA1-V1,expert,CA1,7,0.917566
11,CA1-V1,expert,CA1,8,0.03455
11,CA1-V1,expert,CA1,9,0.992076
11,CA1-V1,expert,CA1,10,0.955759
11,CA1-V1,expert,CA1,11,1.044541
11,CA1-V1,expert,CA1,12,1.031009
11,CA1-V1,expert,CA1,13,0.784417
11,CA1-V1,expert,CA1,14,1.092537
11,CA1-V1,expert,CA1,15,0.911909
11,CA1-V1,expert,CA1,16,0.039858
11,CA1-V1,expert,CA1,17,0.084932
11,CA1-V1,expert,CA1,18,0.965336
11,CA1-V1,expert,CA1,19,0.807557
11,CA1-V1,expert,CA1,20,0.701125
11,CA1-V1,expert,CA1,21,0.079018
11,CA1-V1,expert,CA1,22,0.998114
11,CA1-V1,expert,CA1,23,1.012021
11,CA1-V1,expert,CA1,24,1.033087
11,CA1-V1,expert,CA1,25,0.293292
11,CA1-V1,expert,CA1,26,0.047235
11,CA1-V1,expert,CA1,27,0.168719
11,CA1-V1,expert,V1,0,0.731309
11,CA1-V1,expert,V1,1,0.302175
11,CA1-V1,expert,V1,2,0.187492
11,CA1-V1,expert,V1,3,0.412899
11,CA1-V1,expert,V1,4,0.953
11,CA1-V1,expert,V1,5,0.850058
11,CA1-V1,expert,V1,6,0.537897
11,CA1-V1,expert,V1,7,0.487888
11,CA1-V1,expert,V1,8,0.941365
11,CA1-V1,expert,V1,9,0.187734
11,CA1-V1,expert,V1,10,0.134166
11,CA1-V1,expert,V1,11,0.073482
11,CA1-V1,expert,V1,12,0.023176
11,CA1-V1,expert,V1,13,0.275941
11,CA1-V1,expert,V1,14,0.092576
11,CA1-V1,expert,V1,15,0.817618
11,CA1-V1,expert,V1,16,0.095865
11,CA1-V1,expert,V1,17,0.157566
11,CA1-V1,expert,V1,18,0.096658
11,CA1-V1,expert,V1,19,0.637742
11,CA1-V1,expert,V1,20,0.140728
11,CA1-V1,expert,V1,21,0.184154
11,CA1-V1,expert,V1,22,0.166183
11,CA1-V1,expert,V1,23,0.92492
11,CA1-V1,expert,V1,24,0.091366
11,CA1-V1,expert,V1,25,0.212551
11,CA1-V1,expert,V1,26,0.979317
11,CA1-V1,expert,V1,27,0.942249
11,CA1-V1,expert,V1,28,0.870823
11,CA1-V1,expert,V1,29,0.032986
11,CA1-V1,expert,V1,30,0.970535
11,CA1-V1,expert,V1,31,0.977655
11,CA1-V1,expert,V1,32,0.026793
11,CA1-V1,expert,V1,33,0.296953
11,CA1-V1,expert,V1,34,0.219915
11,CA1-V1,expert,V1,35,0.095846
11,CA1-V1,expert,V1,36,1e-06
11,CA1-V1,expert,V1,37,0.08488
11,CA1-V1,expert,V1,38,0.013041
11,CA1-V1,expert,V1,39,0.106712
11,CA1-V1,expert,V1,40,0.945795
11,CA1-V1,expert,V1,41,0.944028
11,CA1-V1,expert,V1,42,0.112485
11,CA1-V1,expert,V1,43,0.026493
11,CA1-V1,expert,V1,44,0.608517
11,CA1-V1,expert,V1,45,0.145301
11,CA1-V1,expert,V1,46,0.313722
11,CA1-V1,expert,V1,47,0.865048
11,CA1-V1,expert,V1,48,0.388868
11,CA1-V1,expert,V1,49,0.8539
11,CA1-V1,expert,V1,50,0.816214
11,CA1-V1,expert,V1,51,0.710809
11,CA1-V1,expert,V1,52,0.864871
11,CA1-V1,expert,V1,53,0.116609
11,CA1-V1,expert,V1,54,0.081465
11,CA1-V1,expert,V1,55,0.025127
11,CA1-V1,expert,V1,56,0.011818
11,CA1-V1,expert,V1,57,0.050039
11,CA1-V1,expert,V1,58,0.903177
11,CA1-V1,expert,V1,59,0.042483
11,CA1-V1,expert,V1,60,0.032513
11,CA1-V1,expert,V1,61,0.043122
11,CA1-V1,expert,V1,62,0.372546
11,CA1-V1,expert,V1,63,0.40117
11,CA1-V1,expert,V1,64,0.043874
11,CA1-V1,expert,V1,65,0.83793
11,CA1-V1,expert,V1,66,0.121675
11,DG-DMS,naive,DG,0,0.534619
11,DG-DMS,naive,DG,1,1.160556
11,DG-DMS,naive,DG,2,4.16428
11,DG-DMS,naive,DG,3,0.893967
11,DG-DMS,naive,DG,4,1.109086
11,DG-DMS,naive,DG,5,1.073553
11,DG-DMS,naive,DMS,0,0.460287
11,DG-DMS,naive,DMS,1,0.64488
11,DG-DMS,naive,DMS,2,0.322072
11,DG-DMS,naive,DMS,3,0.533984
11,DG-DMS,naive,DMS,4,0.622599
11,DG-DMS,naive,DMS,5,1.200708
11,DG-DMS,naive,DMS,6,0.185571
11,DG-DMS,naive,DMS,7,0.484947
11,DG-DMS,naive,DMS,8,1.447221
11,DG-DMS,naive,DMS,9,0.331392
11,DG-DMS,naive,DMS,10,0.214963
11,DG-DMS,naive,DMS,11,0.253373
11,DG-DMS,naive,DMS,12,0.535621
11,DG-DMS,naive,DMS,13,0.423591
11,DG-DMS,naive,DMS,14,0.257199
11,DG-DMS,naive,DMS,15,0.234749
11,DG-DMS,naive,DMS,16,0.103305
11,DG-DMS,naive,DMS,17,0.238026
11,DG-DMS,naive,DMS,18,1.476787
11,DG-DMS,naive,DMS,19,0.243821
11,DG-DMS,intermediate,DG,0,1.174916
11,DG-DMS,intermediate,DG,1,1.063877
11,DG-DMS,intermediate,DG,2,1.059387
11,DG-DMS,intermediate,DG,3,1.195654
11,DG-DMS,intermediate,DG,4,1.476918
11,DG-DMS,intermediate,DG,5,1.015226
11,DG-DMS,intermediate,DMS,0,0.355142
11,DG-DMS,intermediate,DMS,1,0.278011
11,DG-DMS,intermediate,DMS,2,0.681203
11,DG-DMS,intermediate,DMS,3,0.398051
11,DG-DMS,intermediate,DMS,4,0.400327
11,DG-DMS,intermediate,DMS,5,0.32289
11,DG-DMS,intermediate,DMS,6,0.142288
11,DG-DMS,intermediate,DMS,7,1.659563
11,DG-DMS,intermediate,DMS,8,0.805478
11,DG-DMS,intermediate,DMS,9,0.679705
11,DG-DMS,intermediate,DMS,10,0.777756
11,DG-DMS,intermediate,DMS,11,1.710847
11,DG-DMS,intermediate,DMS,12,0.906853
11,DG-DMS,intermediate,DMS,13,0.346467
11,DG-DMS,intermediate,DMS,14,2.289214
11,DG-DMS,intermediate,DMS,15,3.302094
11,DG-DMS,intermediate,DMS,16,0.691666
11,DG-DMS,intermediate,DMS,17,0.378683
11,DG-DMS,intermediate,DMS,18,0.942644
11,DG-DMS,intermediate,DMS,19,0.357206
11,DG-DMS,expert,DG,0,1.507975
11,DG-DMS,expert,DG,1,1.056316
11,DG-DMS,expert,DG,2,1.048993
11,DG-DMS,expert,DG,3,1.290147
11,DG-DMS,expert,DG,4,1.644484
11,DG-DMS,expert,DG,5,1.087887
11,DG-DMS,expert,DMS,0,0.727833
11,DG-DMS,expert,DMS,1,0.477437
11,DG-DMS,expert,DMS,2,0.725183
11,DG-DMS,expert,DMS,3,0.67624
11,DG-DMS,expert,DMS,4,0.560226
11,DG-DMS,expert,DMS,5,0.747076
11,DG-DMS,expert,DMS,6,0.949917
11,DG-DMS,expert,DMS,7,0.764844
11,DG-DMS,expert,DMS,8,1.236367
11,DG-DMS,expert,DMS,9,0.385128
11,DG-DMS,expert,DMS,10,0.600909
11,DG-DMS,expert,DMS,11,0.141091
11,DG-DMS,expert,DMS,12,1.125319
11,DG-DMS,expert,DMS,13,0.544091
11,DG-DMS,expert,DMS,14,1.05216
11,DG-DMS,expert,DMS,15,0.967075
11,DG-DMS,expert,DMS,16,0.579331
11,DG-DMS,expert,DMS,17,0.565385
11,DG-DMS,expert,DMS,18,0.71301
11,DG-DMS,expert,DMS,19,0.525405
11,DG-DLS,naive,DG,0,0.517081
11,DG-DLS,naive,DG,1,1.152484
11,DG-DLS,naive,DG,2,3.829132
11,DG-DLS,naive,DG,3,0.782446
11,DG-DLS,naive,DG,4,0.699082
11,DG-DLS,naive,DG,5,1.073005
11,DG-DLS,naive,DLS,0,1.614036
11,DG-DLS,naive,DLS,1,0.910501
11,DG-DLS,naive,DLS,2,3.093817
11,DG-DLS,naive,DLS,3,0.681542
11,DG-DLS,naive,DLS,4,0.831432
11,DG-DLS,intermediate,DG,0,0.818081
11,DG-DLS,intermediate,DG,1,0.789113
11,DG-DLS,intermediate,DG,2,0.992774
11,DG-DLS,intermediate,DG,3,1.098759
11,DG-DLS,intermediate,DG,4,0.737634
11,DG-DLS,intermediate,DG,5,1.005209
11,DG-DLS,intermediate,DLS,0,1.117056
11,DG-DLS,intermediate,DLS,1,0.947652
11,DG-DLS,intermediate,DLS,2,6.44971
11,DG-DLS,intermediate,DLS,3,1.169042
11,DG-DLS,intermediate,DLS,4,0.0
11,DG-DLS,expert,DG,0,1.462533
11,DG-DLS,expert,DG,1,1.057017
11,DG-DLS,expert,DG,2,1.048125
11,DG-DLS,expert,DG,3,1.253007
11,DG-DLS,expert,DG,4,0.652143
11,DG-DLS,expert,DG,5,1.004011
11,DG-DLS,expert,DLS,0,0.781761
11,DG-DLS,expert,DLS,1,0.700608
11,DG-DLS,expert,DLS,2,5.114801
11,DG-DLS,expert,DLS,3,1.569158
11,DG-DLS,expert,DLS,4,1.35762
11,DG-ACC,naive,DG,0,0.534237
11,DG-ACC,naive,DG,1,1.158975
11,DG-ACC,naive,DG,2,4.150923
11,DG-ACC,naive,DG,3,0.890864
11,DG-ACC,naive,DG,4,1.107525
11,DG-ACC,naive,DG,5,1.070192
11,DG-ACC,naive,ACC,0,0.006095
11,DG-ACC,naive,ACC,1,0.006831
11,DG-ACC,naive,ACC,2,0.028189
11,DG-ACC,naive,ACC,3,0.317733
11,DG-ACC,naive,ACC,4,0.031796
11,DG-ACC,naive,ACC,5,0.008325
11,DG-ACC,naive,ACC,6,0.597652
11,DG-ACC,naive,ACC,7,0.377074
11,DG-ACC,naive,ACC,8,0.014358
11,DG-ACC,naive,ACC,9,0.623587
11,DG-ACC,naive,ACC,10,0.016898
11,DG-ACC,naive,ACC,11,0.018118
11,DG-ACC,naive,ACC,12,0.05726
11,DG-ACC,naive,ACC,13,0.067408
11,DG-ACC,naive,ACC,14,0.011191
11,DG-ACC,naive,ACC,15,0.207359
11,DG-ACC,naive,ACC,16,0.014683
11,DG-ACC,naive,ACC,17,0.014808
11,DG-ACC,naive,ACC,18,0.189771
11,DG-ACC,naive,ACC,19,0.569388
11,DG-ACC,naive,ACC,20,0.093269
11,DG-ACC,naive,ACC,21,0.005715
11,DG-ACC,naive,ACC,22,0.023535
11,DG-ACC,naive,ACC,23,0.385098
11,DG-ACC,naive,ACC,24,0.267596
11,DG-ACC,naive,ACC,25,0.073347
11,DG-ACC,naive,ACC,26,0.036698
11,DG-ACC,naive,ACC,27,0.561035
11,DG-ACC,naive,ACC,28,0.044966
11,DG-ACC,naive,ACC,29,0.241232
11,DG-ACC,naive,ACC,30,0.025418
11,DG-ACC,naive,ACC,31,0.010254
11,DG-ACC,naive,ACC,32,0.028816
11,DG-ACC,naive,ACC,33,0.023461
11,DG-ACC,naive,ACC,34,0.01817
11,DG-ACC,naive,ACC,35,0.011914
11,DG-ACC,naive,ACC,36,0.030777
11,DG-ACC,naive,ACC,37,0.046807
11,DG-ACC,naive,ACC,38,0.112694
11,DG-ACC,naive,ACC,39,0.015106
11,DG-ACC,naive,ACC,40,0.393428
11,DG-ACC,naive,ACC,41,0.004242
11,DG-ACC,naive,ACC,42,0.168055
11,DG-ACC,naive,ACC,43,0.00269
11,DG-ACC,naive,ACC,44,0.173972
11,DG-ACC,naive,ACC,45,0.0
11,DG-ACC,naive,ACC,46,0.007825
11,DG-ACC,naive,ACC,47,0.025047
11,DG-ACC,naive,ACC,48,0.351756
11,DG-ACC,naive,ACC,49,0.01742
11,DG-ACC,naive,ACC,50,0.061739
11,DG-ACC,naive,ACC,51,0.725787
11,DG-ACC,naive,ACC,52,0.007789
11,DG-ACC,naive,ACC,53,0.038998
11,DG-ACC,naive,ACC,54,0.016493
11,DG-ACC,naive,ACC,55,0.358813
11,DG-ACC,naive,ACC,56,0.015039
11,DG-ACC,naive,ACC,57,0.31334
11,DG-ACC,naive,ACC,58,0.032208
11,DG-ACC,naive,ACC,59,0.256364
11,DG-ACC,naive,ACC,60,0.368769
11,DG-ACC,naive,ACC,61,0.012809
11,DG-ACC,naive,ACC,62,0.104837
11,DG-ACC,naive,ACC,63,0.012442
11,DG-ACC,naive,ACC,64,0.356572
11,DG-ACC,naive,ACC,65,0.003394
11,DG-ACC,naive,ACC,66,0.01179
11,DG-ACC,intermediate,DG,0,1.183517
11,DG-ACC,intermediate,DG,1,1.057528
11,DG-ACC,intermediate,DG,2,1.055847
11,DG-ACC,intermediate,DG,3,1.194463
11,DG-ACC,intermediate,DG,4,1.473041
11,DG-ACC,intermediate,DG,5,1.020937
11,DG-ACC,intermediate,ACC,0,0.293556
11,DG-ACC,intermediate,ACC,1,0.303388
11,DG-ACC,intermediate,ACC,2,0.05671
11,DG-ACC,intermediate,ACC,3,0.16092
11,DG-ACC,intermediate,ACC,4,0.071018
11,DG-ACC,intermediate,ACC,5,0.117244
11,DG-ACC,intermediate,ACC,6,0.093184
11,DG-ACC,intermediate,ACC,7,0.015276
11,DG-ACC,intermediate,ACC,8,0.376641
11,DG-ACC,intermediate,ACC,9,0.503531
11,DG-ACC,intermediate,ACC,10,0.058912
11,DG-ACC,intermediate,ACC,11,0.535877
11,DG-ACC,intermediate,ACC,12,0.012236
11,DG-ACC,intermediate,ACC,13,0.028904
11,DG-ACC,intermediate,ACC,14,0.023722
11,DG-ACC,intermediate,ACC,15,0.056741
11,DG-ACC,intermediate,ACC,16,0.388361
11,DG-ACC,intermediate,ACC,17,0.02525
11,DG-ACC,intermediate,ACC,18,0.009766
11,DG-ACC,intermediate,ACC,19,0.060513
11,DG-ACC,intermediate,ACC,20,0.075827
11,DG-ACC,intermediate,ACC,21,0.313827
11,DG-ACC,intermediate,ACC,22,0.336556
11,DG-ACC,intermediate,ACC,23,0.035602
11,DG-ACC,intermediate,ACC,24,0.001827
11,DG-ACC,intermediate,ACC,25,0.400604
11,DG-ACC,intermediate,ACC,26,0.092183
11,DG-ACC,intermediate,ACC,27,0.023575
11,DG-ACC,intermediate,ACC,28,0.056861
11,DG-ACC,intermediate,ACC,29,0.027588
11,DG-ACC,intermediate,ACC,30,0.054179
11,DG-ACC,intermediate,ACC,31,0.054882
11,DG-ACC,intermediate,ACC,32,0.280895
11,DG-ACC,intermediate,ACC,33,0.532593
11,DG-ACC,intermediate,ACC,34,0.012324
11,DG-ACC,intermediate,ACC,35,0.047105
11,DG-ACC,intermediate,ACC,36,0.421353
11,DG-ACC,intermediate,ACC,37,0.025559
11,DG-ACC,intermediate,ACC,38,0.319011
11,DG-ACC,intermediate,ACC,39,0.04941
11,DG-ACC,intermediate,ACC,40,0.073053
11,DG-ACC,intermediate,ACC,41,0.342912
11,DG-ACC,intermediate,ACC,42,0.298369
11,DG-ACC,intermediate,ACC,43,0.02851
11,DG-ACC,intermediate,ACC,44,0.000392
11,DG-ACC,intermediate,ACC,45,0.0
11,DG-ACC,intermediate,ACC,46,0.220055
11,DG-ACC,intermediate,ACC,47,0.442479
11,DG-ACC,intermediate,ACC,48,0.038787
11,DG-ACC,intermediate,ACC,49,0.010932
11,DG-ACC,intermediate,ACC,50,0.029219
11,DG-ACC,intermediate,ACC,51,0.012167
11,DG-ACC,intermediate,ACC,52,0.03855
11,DG-ACC,intermediate,ACC,53,0.29302
11,DG-ACC,intermediate,ACC,54,0.354421
11,DG-ACC,intermediate,ACC,55,0.179033
11,DG-ACC,intermediate,ACC,56,0.035635
11,DG-ACC,intermediate,ACC,57,0.0
11,DG-ACC,intermediate,ACC,58,0.016719
11,DG-ACC,intermediate,ACC,59,0.00945
11,DG-ACC,intermediate,ACC,60,0.022915
11,DG-ACC,intermediate,ACC,61,0.591781
11,DG-ACC,intermediate,ACC,62,0.349841
11,DG-ACC,intermediate,ACC,63,0.003017
11,DG-ACC,intermediate,ACC,64,0.367023
11,DG-ACC,intermediate,ACC,65,0.058835
11,DG-ACC,intermediate,ACC,66,0.063309
11,DG-ACC,expert,DG,0,1.499538
11,DG-ACC,expert,DG,1,1.049492
11,DG-ACC,expert,DG,2,1.046215
11,DG-ACC,expert,DG,3,1.284881
11,DG-ACC,expert,DG,4,1.629905
11,DG-ACC,expert,DG,5,1.079572
11,DG-ACC,expert,ACC,0,0.352145
11,DG-ACC,expert,ACC,1,0.250813
11,DG-ACC,expert,ACC,2,0.105595
11,DG-ACC,expert,ACC,3,0.032009
11,DG-ACC,expert,ACC,4,0.089668
11,DG-ACC,expert,ACC,5,0.178194
11,DG-ACC,expert,ACC,6,0.051228
11,DG-ACC,expert,ACC,7,0.023885
11,DG-ACC,expert,ACC,8,0.036127
11,DG-ACC,expert,ACC,9,0.366348
11,DG-ACC,expert,ACC,10,0.01829
11,DG-ACC,expert,ACC,11,0.445739
11,DG-ACC,expert,ACC,12,0.051599
11,DG-ACC,expert,ACC,13,0.04892
11,DG-ACC,expert,ACC,14,0.033614
11,DG-ACC,expert,ACC,15,0.051696
11,DG-ACC,expert,ACC,16,0.024385
11,DG-ACC,expert,ACC,17,0.063685
11,DG-ACC,expert,ACC,18,0.021032
11,DG-ACC,expert,ACC,19,0.083003
11,DG-ACC,expert,ACC,20,0.025074
11,DG-ACC,expert,ACC,21,0.288319
11,DG-ACC,expert,ACC,22,0.06982
11,DG-ACC,expert,ACC,23,0.03442
11,DG-ACC,expert,ACC,24,0.002146
11,DG-ACC,expert,ACC,25,0.113593
11,DG-ACC,expert,ACC,26,0.037435
11,DG-ACC,expert,ACC,27,0.095078
11,DG-ACC,expert,ACC,28,0.024734
11,DG-ACC,expert,ACC,29,0.036035
11,DG-ACC,expert,ACC,30,0.031138
11,DG-ACC,expert,ACC,31,0.105662
11,DG-ACC,expert,ACC,32,0.201185
11,DG-ACC,expert,ACC,33,0.458575
11,DG-ACC,expert,ACC,34,0.031342
11,DG-ACC,expert,ACC,35,0.04538
11,DG-ACC,expert,ACC,36,0.459694
11,DG-ACC,expert,ACC,37,0.21139
11,DG-ACC,expert,ACC,38,0.082122
11,DG-ACC,expert,ACC,39,0.163906
11,DG-ACC,expert,ACC,40,0.052556
11,DG-ACC,expert,ACC,41,0.06234
11,DG-ACC,expert,ACC,42,0.040548
11,DG-ACC,expert,ACC,43,0.258714
11,DG-ACC,expert,ACC,44,0.252736
11,DG-ACC,expert,ACC,45,0.508176
11,DG-ACC,expert,ACC,46,0.072681
11,DG-ACC,expert,ACC,47,0.105917
11,DG-ACC,expert,ACC,48,0.018134
11,DG-ACC,expert,ACC,49,0.015684
11,DG-ACC,expert,ACC,50,0.038001
11,DG-ACC,expert,ACC,51,0.004657
11,DG-ACC,expert,ACC,52,0.032385
11,DG-ACC,expert,ACC,53,0.628208
11,DG-ACC,expert,ACC,54,0.557461
11,DG-ACC,expert,ACC,55,0.025785
11,DG-ACC,expert,ACC,56,0.014055
11,DG-ACC,expert,ACC,57,0.177072
11,DG-ACC,expert,ACC,58,0.019275
11,DG-ACC,expert,ACC,59,0.235707
11,DG-ACC,expert,ACC,60,0.00586
11,DG-ACC,expert,ACC,61,0.629753
11,DG-ACC,expert,ACC,62,0.605863
11,DG-ACC,expert,ACC,63,0.020715
11,DG-ACC,expert,ACC,64,0.248114
11,DG-ACC,expert,ACC,65,0.293188
11,DG-ACC,expert,ACC,66,0.666791
11,DG-V1,naive,DG,0,0.532682
11,DG-V1,naive,DG,1,1.158155
11,DG-V1,naive,DG,2,4.155956
11,DG-V1,naive,DG,3,0.890133
11,DG-V1,naive,DG,4,1.103369
11,DG-V1,naive,DG,5,1.062393
11,DG-V1,naive,V1,0,0.012999
11,DG-V1,naive,V1,1,0.372359
11,DG-V1,naive,V1,2,0.585992
11,DG-V1,naive,V1,3,0.053743
11,DG-V1,naive,V1,4,0.367998
11,DG-V1,naive,V1,5,0.042888
11,DG-V1,naive,V1,6,0.057466
11,DG-V1,naive,V1,7,0.608735
11,DG-V1,naive,V1,8,0.058051
11,DG-V1,naive,V1,9,0.021387
11,DG-V1,naive,V1,10,0.607426
11,DG-V1,naive,V1,11,0.301761
11,DG-V1,naive,V1,12,0.170739
11,DG-V1,naive,V1,13,0.032846
11,DG-V1,naive,V1,14,0.287441
11,DG-V1,naive,V1,15,0.013965
11,DG-V1,naive,V1,16,0.895423
11,DG-V1,naive,V1,17,0.027317
11,DG-V1,naive,V1,18,0.216672
11,DG-V1,naive,V1,19,0.016567
11,DG-V1,naive,V1,20,0.263306
11,DG-V1,naive,V1,21,0.047696
11,DG-V1,naive,V1,22,0.014628
11,DG-V1,naive,V1,23,0.026718
11,DG-V1,naive,V1,24,0.03088
11,DG-V1,naive,V1,25,0.439162
11,DG-V1,naive,V1,26,0.00282
11,DG-V1,naive,V1,27,0.02637
11,DG-V1,naive,V1,28,0.010706
11,DG-V1,naive,V1,29,0.00648
11,DG-V1,naive,V1,30,0.015539
11,DG-V1,naive,V1,31,0.055823
11,DG-V1,naive,V1,32,0.009732
11,DG-V1,naive,V1,33,0.003656
11,DG-V1,naive,V1,34,0.436255
11,DG-V1,naive,V1,35,0.150099
11,DG-V1,naive,V1,36,0.028605
11,DG-V1,naive,V1,37,0.180891
11,DG-V1,naive,V1,38,0.084976
11,DG-V1,naive,V1,39,0.0
11,DG-V1,naive,V1,40,0.449653
11,DG-V1,naive,V1,41,0.170778
11,DG-V1,naive,V1,42,0.0157
11,DG-V1,naive,V1,43,0.054358
11,DG-V1,naive,V1,44,0.059465
11,DG-V1,naive,V1,45,0.013169
11,DG-V1,naive,V1,46,0.060766
11,DG-V1,naive,V1,47,0.008048
11,DG-V1,naive,V1,48,0.008233
11,DG-V1,naive,V1,49,0.014048
11,DG-V1,naive,V1,50,0.037296
11,DG-V1,naive,V1,51,0.002239
11,DG-V1,naive,V1,52,0.017075
11,DG-V1,naive,V1,53,0.465269
11,DG-V1,naive,V1,54,0.321115
11,DG-V1,naive,V1,55,0.008668
11,DG-V1,naive,V1,56,0.022978
11,DG-V1,naive,V1,57,0.183034
11,DG-V1,naive,V1,58,0.946132
11,DG-V1,naive,V1,59,0.023594
11,DG-V1,naive,V1,60,0.005398
11,DG-V1,naive,V1,61,0.008606
11,DG-V1,naive,V1,62,0.073182
11,DG-V1,naive,V1,63,0.026516
11,DG-V1,naive,V1,64,0.01149
11,DG-V1,naive,V1,65,0.071299
11,DG-V1,naive,V1,66,0.524435
11,DG-V1,intermediate,DG,0,1.184604
11,DG-V1,intermediate,DG,1,1.058744
11,DG-V1,intermediate,DG,2,1.056746
11,DG-V1,intermediate,DG,3,1.188789
11,DG-V1,intermediate,DG,4,1.470246
11,DG-V1,intermediate,DG,5,1.007766
11,DG-V1,intermediate,V1,0,0.394585
11,DG-V1,intermediate,V1,1,0.510285
11,DG-V1,intermediate,V1,2,0.371393
11,DG-V1,intermediate,V1,3,0.243313
11,DG-V1,intermediate,V1,4,0.312464
11,DG-V1,intermediate,V1,5,0.354445
11,DG-V1,intermediate,V1,6,0.358591
11,DG-V1,intermediate,V1,7,0.320683
11,DG-V1,intermediate,V1,8,0.165478
11,DG-V1,intermediate,V1,9,0.194224
11,DG-V1,intermediate,V1,10,0.54502
11,DG-V1,intermediate,V1,11,0.049443
11,DG-V1,intermediate,V1,12,0.006209
11,DG-V1,intermediate,V1,13,0.157909
11,DG-V1,intermediate,V1,14,0.14133
11,DG-V1,intermediate,V1,15,0.14736
11,DG-V1,intermediate,V1,16,0.030989
11,DG-V1,intermediate,V1,17,0.034025
11,DG-V1,intermediate,V1,18,0.094598
11,DG-V1,intermediate,V1,19,0.284433
11,DG-V1,intermediate,V1,20,0.580864
11,DG-V1,intermediate,V1,21,0.057869
11,DG-V1,intermediate,V1,22,0.026463
11,DG-V1,intermediate,V1,23,0.581549
11,DG-V1,intermediate,V1,24,0.07488
11,DG-V1,intermediate,V1,25,0.103889
11,DG-V1,intermediate,V1,26,0.146284
11,DG-V1,intermediate,V1,27,0.30249
11,DG-V1,intermediate,V1,28,0.559109
11,DG-V1,intermediate,V1,29,0.018353
11,DG-V1,intermediate,V1,30,0.619506
11,DG-V1,intermediate,V1,31,0.542297
11,DG-V1,intermediate,V1,32,0.017504
11,DG-V1,intermediate,V1,33,0.041739
11,DG-V1,intermediate,V1,34,0.649232
11,DG-V1,intermediate,V1,35,0.010823
11,DG-V1,intermediate,V1,36,0.0
11,DG-V1,intermediate,V1,37,0.359535
11,DG-V1,intermediate,V1,38,0.008061
11,DG-V1,intermediate,V1,39,0.058564
11,DG-V1,intermediate,V1,40,0.440344
11,DG-V1,intermediate,V1,41,0.090347
11,DG-V1,intermediate,V1,42,0.16061
11,DG-V1,intermediate,V1,43,0.016962
11,DG-V1,intermediate,V1,44,0.066275
11,DG-V1,intermediate,V1,45,0.160681
11,DG-V1,intermediate,V1,46,0.138217
11,DG-V1,intermediate,V1,47,0.035554
11,DG-V1,intermediate,V1,48,0.262851
11,DG-V1,intermediate,V1,49,0.015403
11,DG-V1,intermediate,V1,50,0.078082
11,DG-V1,intermediate,V1,51,0.013636
11,DG-V1,intermediate,V1,52,0.188006
11,DG-V1,intermediate,V1,53,0.108761
11,DG-V1,intermediate,V1,54,0.073368
11,DG-V1,intermediate,V1,55,0.091157
11,DG-V1,intermediate,V1,56,0.012388
11,DG-V1,intermediate,V1,57,0.637556
11,DG-V1,intermediate,V1,58,0.57424
11,DG-V1,intermediate,V1,59,0.513296
11,DG-V1,intermediate,V1,60,0.021865
11,DG-V1,intermediate,V1,61,0.03098
11,DG-V1,intermediate,V1,62,0.344746
11,DG-V1,intermediate,V1,63,0.354131
11,DG-V1,intermediate,V1,64,0.080252
11,DG-V1,intermediate,V1,65,0.059515
11,DG-V1,intermediate,V1,66,0.049104
11,DG-V1,expert,DG,0,1.500198
11,DG-V1,expert,DG,1,1.051398
11,DG-V1,expert,DG,2,1.044834
11,DG-V1,expert,DG,3,1.260177
11,DG-V1,expert,DG,4,1.635239
11,DG-V1,expert,DG,5,1.079063
11,DG-V1,expert,V1,0,0.359696
11,DG-V1,expert,V1,1,0.16286
11,DG-V1,expert,V1,2,0.046864
11,DG-V1,expert,V1,3,0.27081
11,DG-V1,expert,V1,4,0.650634
11,DG-V1,expert,V1,5,0.535181
11,DG-V1,expert,V1,6,0.298727
11,DG-V1,expert,V1,7,0.251128
11,DG-V1,expert,V1,8,0.38172
11,DG-V1,expert,V1,9,0.060127
11,DG-V1,expert,V1,10,0.070375
11,DG-V1,expert,V1,11,0.032441
11,DG-V1,expert,V1,12,0.016927
11,DG-V1,expert,V1,13,0.163266
11,DG-V1,expert,V1,14,0.049491
11,DG-V1,expert,V1,15,0.551562
11,DG-V1,expert,V1,16,0.053579
11,DG-V1,expert,V1,17,0.058116
11,DG-V1,expert,V1,18,0.077681
11,DG-V1,expert,V1,19,0.208839
11,DG-V1,expert,V1,20,0.07787
11,DG-V1,expert,V1,21,0.111249
11,DG-V1,expert,V1,22,0.111269
11,DG-V1,expert,V1,23,0.555653
11,DG-V1,expert,V1,24,0.025915
11,DG-V1,expert,V1,25,0.12816
11,DG-V1,expert,V1,26,0.557987
11,DG-V1,expert,V1,27,0.518569
11,DG-V1,expert,V1,28,0.296234
11,DG-V1,expert,V1,29,0.017695
11,DG-V1,expert,V1,30,0.26932
11,DG-V1,expert,V1,31,0.379732
11,DG-V1,expert,V1,32,0.011793
11,DG-V1,expert,V1,33,0.080216
11,DG-V1,expert,V1,34,0.139389
11,DG-V1,expert,V1,35,0.036672
11,DG-V1,expert,V1,36,0.0
11,DG-V1,expert,V1,37,0.048562
11,DG-V1,expert,V1,38,0.007545
11,DG-V1,expert,V1,39,0.061911
11,DG-V1,expert,V1,40,0.510566
11,DG-V1,expert,V1,41,0.421586
11,DG-V1,expert,V1,42,0.034255
11,DG-V1,expert,V1,43,0.012373
11,DG-V1,expert,V1,44,0.239337
11,DG-V1,expert,V1,45,0.070174
11,DG-V1,expert,V1,46,0.188917
11,DG-V1,expert,V1,47,0.478349
11,DG-V1,expert,V1,48,0.207513
11,DG-V1,expert,V1,49,0.529519
11,DG-V1,expert,V1,50,0.30429
11,DG-V1,expert,V1,51,0.33675
11,DG-V1,expert,V1,52,0.664555
11,DG-V1,expert,V1,53,0.051344
11,DG-V1,expert,V1,54,0.047313
11,DG-V1,expert,V1,55,0.014897
11,DG-V1,expert,V1,56,0.005807
11,DG-V1,expert,V1,57,0.029082
11,DG-V1,expert,V1,58,0.713614
11,DG-V1,expert,V1,59,0.01703
11,DG-V1,expert,V1,60,0.012161
11,DG-V1,expert,V1,61,0.021461
11,DG-V1,expert,V1,62,0.159885
11,DG-V1,expert,V1,63,0.209975
11,DG-V1,expert,V1,64,0.013926
11,DG-V1,expert,V1,65,0.395478
11,DG-V1,expert,V1,66,0.059312
11,DG-CA1,naive,DG,0,0.534357
11,DG-CA1,naive,DG,1,1.15046
11,DG-CA1,naive,DG,2,4.163895
11,DG-CA1,naive,DG,3,0.886981
11,DG-CA1,naive,DG,4,1.110812
11,DG-CA1,naive,DG,5,1.063349
11,DG-CA1,naive,CA1,0,0.026145
11,DG-CA1,naive,CA1,1,0.460208
11,DG-CA1,naive,CA1,2,0.077142
11,DG-CA1,naive,CA1,3,0.891659
11,DG-CA1,naive,CA1,4,0.018072
11,DG-CA1,naive,CA1,5,0.857877
11,DG-CA1,naive,CA1,6,1.051824
11,DG-CA1,naive,CA1,7,0.092225
11,DG-CA1,naive,CA1,8,0.038915
11,DG-CA1,naive,CA1,9,0.76634
11,DG-CA1,naive,CA1,10,1.404194
11,DG-CA1,naive,CA1,11,0.018926
11,DG-CA1,naive,CA1,12,0.814484
11,DG-CA1,naive,CA1,13,0.0465
11,DG-CA1,naive,CA1,14,0.251482
11,DG-CA1,naive,CA1,15,0.185544
11,DG-CA1,naive,CA1,16,0.0
11,DG-CA1,naive,CA1,17,0.213468
11,DG-CA1,naive,CA1,18,0.555669
11,DG-CA1,naive,CA1,19,0.539004
11,DG-CA1,naive,CA1,20,0.683215
11,DG-CA1,naive,CA1,21,0.557032
11,DG-CA1,naive,CA1,22,0.730696
11,DG-CA1,naive,CA1,23,0.474856
11,DG-CA1,naive,CA1,24,0.600984
11,DG-CA1,naive,CA1,25,0.269429
11,DG-CA1,naive,CA1,26,0.146991
11,DG-CA1,naive,CA1,27,0.42096
11,DG-CA1,intermediate,DG,0,1.186345
11,DG-CA1,intermediate,DG,1,1.043903
11,DG-CA1,intermediate,DG,2,1.057603
11,DG-CA1,intermediate,DG,3,1.119321
11,DG-CA1,intermediate,DG,4,1.472517
11,DG-CA1,intermediate,DG,5,1.009028
11,DG-CA1,intermediate,CA1,0,0.353494
11,DG-CA1,intermediate,CA1,1,0.722068
11,DG-CA1,intermediate,CA1,2,0.435881
11,DG-CA1,intermediate,CA1,3,0.391206
11,DG-CA1,intermediate,CA1,4,0.275334
11,DG-CA1,intermediate,CA1,5,0.261499
11,DG-CA1,intermediate,CA1,6,0.609946
11,DG-CA1,intermediate,CA1,7,0.004383
11,DG-CA1,intermediate,CA1,8,0.02541
11,DG-CA1,intermediate,CA1,9,0.541889
11,DG-CA1,intermediate,CA1,10,0.926459
11,DG-CA1,intermediate,CA1,11,0.462549
11,DG-CA1,intermediate,CA1,12,0.756683
11,DG-CA1,intermediate,CA1,13,0.340451
11,DG-CA1,intermediate,CA1,14,0.167755
11,DG-CA1,intermediate,CA1,15,0.059785
11,DG-CA1,intermediate,CA1,16,0.020517
11,DG-CA1,intermediate,CA1,17,0.121631
11,DG-CA1,intermediate,CA1,18,0.605636
11,DG-CA1,intermediate,CA1,19,0.580375
11,DG-CA1,intermediate,CA1,20,0.170621
11,DG-CA1,intermediate,CA1,21,0.368037
11,DG-CA1,intermediate,CA1,22,0.525546
11,DG-CA1,intermediate,CA1,23,0.281873
11,DG-CA1,intermediate,CA1,24,0.218885
11,DG-CA1,intermediate,CA1,25,0.629449
11,DG-CA1,intermediate,CA1,26,0.031946
11,DG-CA1,intermediate,CA1,27,0.544383
11,DG-CA1,expert,DG,0,1.503451
11,DG-CA1,expert,DG,1,1.035186
11,DG-CA1,expert,DG,2,1.048928
11,DG-CA1,expert,DG,3,1.272809
11,DG-CA1,expert,DG,4,1.634658
11,DG-CA1,expert,DG,5,1.046855
11,DG-CA1,expert,CA1,0,0.40873
11,DG-CA1,expert,CA1,1,0.194283
11,DG-CA1,expert,CA1,2,0.266764
11,DG-CA1,expert,CA1,3,0.693519
11,DG-CA1,expert,CA1,4,0.561387
11,DG-CA1,expert,CA1,5,0.366618
11,DG-CA1,expert,CA1,6,0.531383
11,DG-CA1,expert,CA1,7,0.432527
11,DG-CA1,expert,CA1,8,0.027044
11,DG-CA1,expert,CA1,9,0.408444
11,DG-CA1,expert,CA1,10,0.809738
11,DG-CA1,expert,CA1,11,0.258736
11,DG-CA1,expert,CA1,12,0.459193
11,DG-CA1,expert,CA1,13,0.603078
11,DG-CA1,expert,CA1,14,0.255672
11,DG-CA1,expert,CA1,15,0.318194
11,DG-CA1,expert,CA1,16,0.018553
11,DG-CA1,expert,CA1,17,0.052678
11,DG-CA1,expert,CA1,18,0.697982
11,DG-CA1,expert,CA1,19,0.587884
11,DG-CA1,expert,CA1,20,0.264535
11,DG-CA1,expert,CA1,21,0.039525
11,DG-CA1,expert,CA1,22,0.437766
11,DG-CA1,expert,CA1,23,0.277045
11,DG-CA1,expert,CA1,24,0.456491
11,DG-CA1,expert,CA1,25,0.138585
11,DG-CA1,expert,CA1,26,0.036014
11,DG-CA1,expert,CA1,27,0.142548
13,DMS-DLS,naive,DMS,0,11.037658
13,DMS-DLS,naive,DMS,1,1.885914
13,DMS-DLS,naive,DMS,2,3.402324
13,DMS-DLS,naive,DMS,3,2.969158
13,DMS-DLS,naive,DMS,4,7.651868
13,DMS-DLS,naive,DMS,5,1.801495
13,DMS-DLS,naive,DMS,6,2.133878
13,DMS-DLS,naive,DMS,7,0.0
13,DMS-DLS,naive,DLS,0,9.523402
13,DMS-DLS,naive,DLS,1,9.099486
13,DMS-DLS,naive,DLS,2,5.518766
13,DMS-DLS,naive,DLS,3,11.950141
13,DMS-DLS,naive,DLS,4,20.281875
13,DMS-DLS,naive,DLS,5,0.994979
13,DMS-DLS,intermediate,DMS,0,4.92839
13,DMS-DLS,intermediate,DMS,1,1.442664
13,DMS-DLS,intermediate,DMS,2,3.668803
13,DMS-DLS,intermediate,DMS,3,1.533254
13,DMS-DLS,intermediate,DMS,4,4.059053
13,DMS-DLS,intermediate,DMS,5,1.186061
13,DMS-DLS,intermediate,DMS,6,8.59459
13,DMS-DLS,intermediate,DMS,7,0.0
13,DMS-DLS,intermediate,DLS,0,0.7553
13,DMS-DLS,intermediate,DLS,1,5.962019
13,DMS-DLS,intermediate,DLS,2,1.43833
13,DMS-DLS,intermediate,DLS,3,1.574555
13,DMS-DLS,intermediate,DLS,4,0.0
13,DMS-DLS,intermediate,DLS,5,0.733579
13,DMS-DLS,expert,DMS,0,5.295763
13,DMS-DLS,expert,DMS,1,1.417272
13,DMS-DLS,expert,DMS,2,3.108371
13,DMS-DLS,expert,DMS,3,0.957943
13,DMS-DLS,expert,DMS,4,3.90053
13,DMS-DLS,expert,DMS,5,0.847812
13,DMS-DLS,expert,DMS,6,4.672987
13,DMS-DLS,expert,DMS,7,0.0
13,DMS-DLS,expert,DLS,0,0.574406
13,DMS-DLS,expert,DLS,1,5.917357
13,DMS-DLS,expert,DLS,2,0.887261
13,DMS-DLS,expert,DLS,3,0.808564
13,DMS-DLS,expert,DLS,4,17.239139
13,DMS-DLS,expert,DLS,5,0.620165
13,DMS-ACC,naive,DMS,0,11.036035
13,DMS-ACC,naive,DMS,1,1.888351
13,DMS-ACC,naive,DMS,2,10.643646
13,DMS-ACC,naive,DMS,3,2.969463
13,DMS-ACC,naive,DMS,4,7.750481
13,DMS-ACC,naive,DMS,5,1.803831
13,DMS-ACC,naive,DMS,6,2.213771
13,DMS-ACC,naive,DMS,7,0.0
13,DMS-ACC,naive,ACC,0,1.912274
13,DMS-ACC,naive,ACC,1,6.463211
13,DMS-ACC,naive,ACC,2,1.12354
13,DMS-ACC,naive,ACC,3,2.260976
13,DMS-ACC,naive,ACC,4,6.170177
13,DMS-ACC,naive,ACC,5,0.987117
13,DMS-ACC,naive,ACC,6,2.807356
13,DMS-ACC,intermediate,DMS,0,9.718328
13,DMS-ACC,intermediate,DMS,1,1.54845
13,DMS-ACC,intermediate,DMS,2,10.487108
13,DMS-ACC,intermediate,DMS,3,1.580061
13,DMS-ACC,intermediate,DMS,4,4.073985
13,DMS-ACC,intermediate,DMS,5,1.2219
13,DMS-ACC,intermediate,DMS,6,9.232913
13,DMS-ACC,intermediate,DMS,7,0.0
13,DMS-ACC,intermediate,ACC,0,1.580892
13,DMS-ACC,intermediate,ACC,1,3.998761
13,DMS-ACC,intermediate,ACC,2,0.790185
13,DMS-ACC,intermediate,ACC,3,2.381321
13,DMS-ACC,intermediate,ACC,4,4.408841
13,DMS-ACC,intermediate,ACC,5,0.689654
13,DMS-ACC,intermediate,ACC,6,1.9253
13,DMS-ACC,expert,DMS,0,6.15528
13,DMS-ACC,expert,DMS,1,1.418715
13,DMS-ACC,expert,DMS,2,3.540337
13,DMS-ACC,expert,DMS,3,0.969565
13,DMS-ACC,expert,DMS,4,4.430062
13,DMS-ACC,expert,DMS,5,0.862811
13,DMS-ACC,expert,DMS,6,5.2973
13,DMS-ACC,expert,DMS,7,0.0
13,DMS-ACC,expert,ACC,0,1.497932
13,DMS-ACC,expert,ACC,1,2.383967
13,DMS-ACC,expert,ACC,2,0.945946
13,DMS-ACC,expert,ACC,3,1.538529
13,DMS-ACC,expert,ACC,4,3.242494
13,DMS-ACC,expert,ACC,5,0.674386
13,DMS-ACC,expert,ACC,6,1.73808
13,DLS-ACC,naive,DLS,0,9.524293
13,DLS-ACC,naive,DLS,1,9.099338
13,DLS-ACC,naive,DLS,2,5.518624
13,DLS-ACC,naive,DLS,3,11.953385
13,DLS-ACC,naive,DLS,4,20.281851
13,DLS-ACC,naive,DLS,5,0.992156
13,DLS-ACC,naive,ACC,0,1.907021
13,DLS-ACC,naive,ACC,1,6.46093
13,DLS-ACC,naive,ACC,2,1.117271
13,DLS-ACC,naive,ACC,3,2.251078
13,DLS-ACC,naive,ACC,4,1.158462
13,DLS-ACC,naive,ACC,5,0.983931
13,DLS-ACC,naive,ACC,6,2.807221
13,DLS-ACC,intermediate,DLS,0,0.755693
13,DLS-ACC,intermediate,DLS,1,5.96233
13,DLS-ACC,intermediate,DLS,2,1.441497
13,DLS-ACC,intermediate,DLS,3,1.574652
13,DLS-ACC,intermediate,DLS,4,0.0
13,DLS-ACC,intermediate,DLS,5,0.732488
13,DLS-ACC,intermediate,ACC,0,1.53351
13,DLS-ACC,intermediate,ACC,1,2.42761
13,DLS-ACC,intermediate,ACC,2,0.602918
13,DLS-ACC,intermediate,ACC,3,2.133812
13,DLS-ACC,intermediate,ACC,4,2.654462
13,DLS-ACC,intermediate,ACC,5,0.687589
13,DLS-ACC,intermediate,ACC,6,1.864399
13,DLS-ACC,expert,DLS,0,0.574376
13,DLS-ACC,expert,DLS,1,5.917228
13,DLS-ACC,expert,DLS,2,0.887451
13,DLS-ACC,expert,DLS,3,0.808532
13,DLS-ACC,expert,DLS,4,17.239199
13,DLS-ACC,expert,DLS,5,0.619581
13,DLS-ACC,expert,ACC,0,1.312315
13,DLS-ACC,expert,ACC,1,2.346144
13,DLS-ACC,expert,ACC,2,0.939036
13,DLS-ACC,expert,ACC,3,1.037636
13,DLS-ACC,expert,ACC,4,3.238387
13,DLS-ACC,expert,ACC,5,0.660509
13,DLS-ACC,expert,ACC,6,1.612755
13,V1-DMS,naive,V1,0,0.109411
13,V1-DMS,naive,V1,1,0.36644
13,V1-DMS,naive,V1,2,0.002292
13,V1-DMS,naive,V1,3,0.731653
13,V1-DMS,naive,V1,4,0.008636
13,V1-DMS,naive,V1,5,0.018247
13,V1-DMS,naive,V1,6,0.0
13,V1-DMS,naive,V1,7,0.131419
13,V1-DMS,naive,V1,8,0.0668
13,V1-DMS,naive,V1,9,0.315456
13,V1-DMS,naive,V1,10,0.610377
13,V1-DMS,naive,V1,11,0.078054
13,V1-DMS,naive,V1,12,0.027143
13,V1-DMS,naive,V1,13,0.028552
13,V1-DMS,naive,V1,14,0.219296
13,V1-DMS,naive,V1,15,0.001491
13,V1-DMS,naive,V1,16,0.059457
13,V1-DMS,naive,V1,17,0.023793
13,V1-DMS,naive,V1,18,0.025856
13,V1-DMS,naive,V1,19,0.384115
13,V1-DMS,naive,V1,20,0.017514
13,V1-DMS,naive,V1,21,0.703914
13,V1-DMS,naive,V1,22,0.81221
13,V1-DMS,naive,V1,23,0.066357
13,V1-DMS,naive,V1,24,0.226534
13,V1-DMS,naive,V1,25,0.01104
13,V1-DMS,naive,V1,26,0.283341
13,V1-DMS,naive,V1,27,0.068072
13,V1-DMS,naive,V1,28,0.488214
13,V1-DMS,naive,V1,29,0.806824
13,V1-DMS,naive,V1,30,0.059595
13,V1-DMS,naive,V1,31,0.49539
13,V1-DMS,naive,V1,32,0.013408
13,V1-DMS,naive,V1,33,0.479112
13,V1-DMS,naive,V1,34,0.003464
13,V1-DMS,naive,V1,35,0.02679
13,V1-DMS,naive,V1,36,0.232781
13,V1-DMS,naive,V1,37,0.193532
13,V1-DMS,naive,V1,38,0.593399
13,V1-DMS,naive,V1,39,0.459585
13,V1-DMS,naive,V1,40,0.016864
13,V1-DMS,naive,V1,41,0.36019
13,V1-DMS,naive,V1,42,0.263591
13,V1-DMS,naive,V1,43,0.417908
13,V1-DMS,naive,V1,44,0.0
13,V1-DMS,naive,V1,45,0.004151
13,V1-DMS,naive,V1,46,0.004701
13,V1-DMS,naive,V1,47,0.013334
13,V1-DMS,naive,V1,48,0.242941
13,V1-DMS,naive,V1,49,0.347564
13,V1-DMS,naive,V1,50,0.484379
13,V1-DMS,naive,V1,51,0.015451
13,V1-DMS,naive,V1,52,0.102031
13,V1-DMS,naive,V1,53,0.50528
13,V1-DMS,naive,V1,54,0.557474
13,V1-DMS,naive,V1,55,0.0
13,V1-DMS,naive,V1,56,0.004427
13,V1-DMS,naive,V1,57,0.379663
13,V1-DMS,naive,V1,58,0.168463
13,V1-DMS,naive,V1,59,0.012671
13,V1-DMS,naive,V1,60,0.080585
13,V1-DMS,naive,V1,61,0.029202
13,V1-DMS,naive,V1,62,0.011351
13,V1-DMS,naive,V1,63,0.081994
13,V1-DMS,naive,DMS,0,10.998259
13,V1-DMS,naive,DMS,1,1.885671
13,V1-DMS,naive,DMS,2,10.641529
13,V1-DMS,naive,DMS,3,2.963732
13,V1-DMS,naive,DMS,4,7.742374
13,V1-DMS,naive,DMS,5,1.798983
13,V1-DMS,naive,DMS,6,2.204076
13,V1-DMS,naive,DMS,7,0.0
13,V1-DMS,intermediate,V1,0,0.140943
13,V1-DMS,intermediate,V1,1,0.663721
13,V1-DMS,intermediate,V1,2,0.030357
13,V1-DMS,intermediate,V1,3,0.665515
13,V1-DMS,intermediate,V1,4,0.004853
13,V1-DMS,intermediate,V1,5,0.052005
13,V1-DMS,intermediate,V1,6,0.0
13,V1-DMS,intermediate,V1,7,0.046049
13,V1-DMS,intermediate,V1,8,0.007535
13,V1-DMS,intermediate,V1,9,0.571236
13,V1-DMS,intermediate,V1,10,0.054679
13,V1-DMS,intermediate,V1,11,0.021067
13,V1-DMS,intermediate,V1,12,0.016079
13,V1-DMS,intermediate,V1,13,0.020067
13,V1-DMS,intermediate,V1,14,0.078833
13,V1-DMS,intermediate,V1,15,0.008322
13,V1-DMS,intermediate,V1,16,0.041329
13,V1-DMS,intermediate,V1,17,0.417639
13,V1-DMS,intermediate,V1,18,0.010265
13,V1-DMS,intermediate,V1,19,0.662334
13,V1-DMS,intermediate,V1,20,0.017167
13,V1-DMS,intermediate,V1,21,0.162512
13,V1-DMS,intermediate,V1,22,0.590822
13,V1-DMS,intermediate,V1,23,0.019298
13,V1-DMS,intermediate,V1,24,0.058929
13,V1-DMS,intermediate,V1,25,0.114719
13,V1-DMS,intermediate,V1,26,0.175311
13,V1-DMS,intermediate,V1,27,0.179491
13,V1-DMS,intermediate,V1,28,0.393723
13,V1-DMS,intermediate,V1,29,0.355005
13,V1-DMS,intermediate,V1,30,0.143066
13,V1-DMS,intermediate,V1,31,0.595354
13,V1-DMS,intermediate,V1,32,0.035113
13,V1-DMS,intermediate,V1,33,0.15208
13,V1-DMS,intermediate,V1,34,0.717055
13,V1-DMS,intermediate,V1,35,0.244569
13,V1-DMS,intermediate,V1,36,0.230844
13,V1-DMS,intermediate,V1,37,0.309637
13,V1-DMS,intermediate,V1,38,0.749093
13,V1-DMS,intermediate,V1,39,0.631815
13,V1-DMS,intermediate,V1,40,0.014372
13,V1-DMS,intermediate,V1,41,0.193014
13,V1-DMS,intermediate,V1,42,0.068691
13,V1-DMS,intermediate,V1,43,0.379323
13,V1-DMS,intermediate,V1,44,0.001565
13,V1-DMS,intermediate,V1,45,0.011501
13,V1-DMS,intermediate,V1,46,0.007143
13,V1-DMS,intermediate,V1,47,0.006256
13,V1-DMS,intermediate,V1,48,0.36674
13,V1-DMS,intermediate,V1,49,0.014665
13,V1-DMS,intermediate,V1,50,0.79714
13,V1-DMS,intermediate,V1,51,0.089161
13,V1-DMS,intermediate,V1,52,0.122738
13,V1-DMS,intermediate,V1,53,0.310461
13,V1-DMS,intermediate,V1,54,0.441757
13,V1-DMS,intermediate,V1,55,0.001758
13,V1-DMS,intermediate,V1,56,0.004002
13,V1-DMS,intermediate,V1,57,0.398217
13,V1-DMS,intermediate,V1,58,0.227746
13,V1-DMS,intermediate,V1,59,0.029276
13,V1-DMS,intermediate,V1,60,0.030534
13,V1-DMS,intermediate,V1,61,0.021059
13,V1-DMS,intermediate,V1,62,0.071078
13,V1-DMS,intermediate,V1,63,0.01692
13,V1-DMS,intermediate,DMS,0,9.704808
13,V1-DMS,intermediate,DMS,1,1.545053
13,V1-DMS,intermediate,DMS,2,10.48262
13,V1-DMS,intermediate,DMS,3,1.57595
13,V1-DMS,intermediate,DMS,4,4.070154
13,V1-DMS,intermediate,DMS,5,1.218076
13,V1-DMS,intermediate,DMS,6,9.218149
13,V1-DMS,intermediate,DMS,7,0.0
13,V1-DMS,expert,V1,0,0.062283
13,V1-DMS,expert,V1,1,0.275135
13,V1-DMS,expert,V1,2,0.601742
13,V1-DMS,expert,V1,3,0.59294
13,V1-DMS,expert,V1,4,0.00509
13,V1-DMS,expert,V1,5,0.115147
13,V1-DMS,expert,V1,6,0.016798
13,V1-DMS,expert,V1,7,0.613562
13,V1-DMS,expert,V1,8,0.004618
13,V1-DMS,expert,V1,9,0.208051
13,V1-DMS,expert,V1,10,0.107771
13,V1-DMS,expert,V1,11,0.017125
13,V1-DMS,expert,V1,12,0.253168
13,V1-DMS,expert,V1,13,0.074536
13,V1-DMS,expert,V1,14,0.117061
13,V1-DMS,expert,V1,15,0.017506
13,V1-DMS,expert,V1,16,0.060669
13,V1-DMS,expert,V1,17,0.535563
13,V1-DMS,expert,V1,18,0.019346
13,V1-DMS,expert,V1,19,0.461792
13,V1-DMS,expert,V1,20,0.024114
13,V1-DMS,expert,V1,21,0.077759
13,V1-DMS,expert,V1,22,0.049274
13,V1-DMS,expert,V1,23,0.037177
13,V1-DMS,expert,V1,24,0.029483
13,V1-DMS,expert,V1,25,0.174074
13,V1-DMS,expert,V1,26,0.427509
13,V1-DMS,expert,V1,27,0.338759
13,V1-DMS,expert,V1,28,0.353228
13,V1-DMS,expert,V1,29,0.563972
13,V1-DMS,expert,V1,30,0.112585
13,V1-DMS,expert,V1,31,0.723718
13,V1-DMS,expert,V1,32,0.017877
13,V1-DMS,expert,V1,33,0.025477
13,V1-DMS,expert,V1,34,0.237493
13,V1-DMS,expert,V1,35,0.041495
13,V1-DMS,expert,V1,36,0.190947
13,V1-DMS,expert,V1,37,0.488918
13,V1-DMS,expert,V1,38,0.358874
13,V1-DMS,expert,V1,39,0.375255
13,V1-DMS,expert,V1,40,0.00714
13,V1-DMS,expert,V1,41,0.013707
13,V1-DMS,expert,V1,42,0.027553
13,V1-DMS,expert,V1,43,0.289505
13,V1-DMS,expert,V1,44,0.009248
13,V1-DMS,expert,V1,45,0.023054
13,V1-DMS,expert,V1,46,0.014278
13,V1-DMS,expert,V1,47,0.012709
13,V1-DMS,expert,V1,48,0.148722
13,V1-DMS,expert,V1,49,0.366395
13,V1-DMS,expert,V1,50,0.485057
13,V1-DMS,expert,V1,51,0.093156
13,V1-DMS,expert,V1,52,0.364598
13,V1-DMS,expert,V1,53,0.097852
13,V1-DMS,expert,V1,54,0.792942
13,V1-DMS,expert,V1,55,0.011782
13,V1-DMS,expert,V1,56,0.011017
13,V1-DMS,expert,V1,57,0.536956
13,V1-DMS,expert,V1,58,0.232854
13,V1-DMS,expert,V1,59,0.018324
13,V1-DMS,expert,V1,60,0.548255
13,V1-DMS,expert,V1,61,0.048678
13,V1-DMS,expert,V1,62,0.029918
13,V1-DMS,expert,V1,63,0.133659
13,V1-DMS,expert,DMS,0,6.118647
13,V1-DMS,expert,DMS,1,1.416333
13,V1-DMS,expert,DMS,2,3.535777
13,V1-DMS,expert,DMS,3,0.96723
13,V1-DMS,expert,DMS,4,4.416427
13,V1-DMS,expert,DMS,5,0.861044
13,V1-DMS,expert,DMS,6,5.290527
13,V1-DMS,expert,DMS,7,0.0
13,V1-DLS,naive,V1,0,0.060844
13,V1-DLS,naive,V1,1,0.369148
13,V1-DLS,naive,V1,2,0.002464
13,V1-DLS,naive,V1,3,0.579901
13,V1-DLS,naive,V1,4,0.003433
13,V1-DLS,naive,V1,5,0.025219
13,V1-DLS,naive,V1,6,0.0
13,V1-DLS,naive,V1,7,0.082648
13,V1-DLS,naive,V1,8,0.06765
13,V1-DLS,naive,V1,9,0.25367
13,V1-DLS,naive,V1,10,0.402472
13,V1-DLS,naive,V1,11,0.086622
13,V1-DLS,naive,V1,12,0.020818
13,V1-DLS,naive,V1,13,0.029241
13,V1-DLS,naive,V1,14,0.182653
13,V1-DLS,naive,V1,15,0.002219
13,V1-DLS,naive,V1,16,0.059519
13,V1-DLS,naive,V1,17,0.018728
13,V1-DLS,naive,V1,18,0.040645
13,V1-DLS,naive,V1,19,0.692849
13,V1-DLS,naive,V1,20,0.012283
13,V1-DLS,naive,V1,21,0.215819
13,V1-DLS,naive,V1,22,0.403105
13,V1-DLS,naive,V1,23,0.040812
13,V1-DLS,naive,V1,24,0.185517
13,V1-DLS,naive,V1,25,0.017875
13,V1-DLS,naive,V1,26,0.24406
13,V1-DLS,naive,V1,27,0.056898
13,V1-DLS,naive,V1,28,0.738035
13,V1-DLS,naive,V1,29,0.275789
13,V1-DLS,naive,V1,30,0.113177
13,V1-DLS,naive,V1,31,0.458488
13,V1-DLS,naive,V1,32,0.012755
13,V1-DLS,naive,V1,33,0.26684
13,V1-DLS,naive,V1,34,0.00374
13,V1-DLS,naive,V1,35,0.034743
13,V1-DLS,naive,V1,36,0.532639
13,V1-DLS,naive,V1,37,0.170208
13,V1-DLS,naive,V1,38,0.359301
13,V1-DLS,naive,V1,39,0.388361
13,V1-DLS,naive,V1,40,0.023396
13,V1-DLS,naive,V1,41,0.411937
13,V1-DLS,naive,V1,42,0.186507
13,V1-DLS,naive,V1,43,0.313353
13,V1-DLS,naive,V1,44,0.0
13,V1-DLS,naive,V1,45,0.00314
13,V1-DLS,naive,V1,46,0.003517
13,V1-DLS,naive,V1,47,0.004999
13,V1-DLS,naive,V1,48,0.179448
13,V1-DLS,naive,V1,49,0.465422
13,V1-DLS,naive,V1,50,0.453381
13,V1-DLS,naive,V1,51,0.014727
13,V1-DLS,naive,V1,52,0.114227
13,V1-DLS,naive,V1,53,0.524593
13,V1-DLS,naive,V1,54,0.7649
13,V1-DLS,naive,V1,55,0.0
13,V1-DLS,naive,V1,56,0.008031
13,V1-DLS,naive,V1,57,0.45483
13,V1-DLS,naive,V1,58,0.283426
13,V1-DLS,naive,V1,59,0.019315
13,V1-DLS,naive,V1,60,0.044264
13,V1-DLS,naive,V1,61,0.025861
13,V1-DLS,naive,V1,62,0.005397
13,V1-DLS,naive,V1,63,0.043586
13,V1-DLS,naive,DLS,0,9.515688
13,V1-DLS,naive,DLS,1,9.09142
13,V1-DLS,naive,DLS,2,5.499014
13,V1-DLS,naive,DLS,3,11.928806
13,V1-DLS,naive,DLS,4,20.263069
13,V1-DLS,naive,DLS,5,0.99288
13,V1-DLS,intermediate,V1,0,0.199292
13,V1-DLS,intermediate,V1,1,0.181061
13,V1-DLS,intermediate,V1,2,0.026705
13,V1-DLS,intermediate,V1,3,0.470969
13,V1-DLS,intermediate,V1,4,0.003712
13,V1-DLS,intermediate,V1,5,0.036358
13,V1-DLS,intermediate,V1,6,0.0
13,V1-DLS,intermediate,V1,7,0.047424
13,V1-DLS,intermediate,V1,8,0.004946
13,V1-DLS,intermediate,V1,9,0.299626
13,V1-DLS,intermediate,V1,10,0.045357
13,V1-DLS,intermediate,V1,11,0.011465
13,V1-DLS,intermediate,V1,12,0.016657
13,V1-DLS,intermediate,V1,13,0.01379
13,V1-DLS,intermediate,V1,14,0.075631
13,V1-DLS,intermediate,V1,15,0.00394
13,V1-DLS,intermediate,V1,16,0.027595
13,V1-DLS,intermediate,V1,17,0.514935
13,V1-DLS,intermediate,V1,18,0.012699
13,V1-DLS,intermediate,V1,19,0.373025
13,V1-DLS,intermediate,V1,20,0.015967
13,V1-DLS,intermediate,V1,21,0.119849
13,V1-DLS,intermediate,V1,22,0.405648
13,V1-DLS,intermediate,V1,23,0.011571
13,V1-DLS,intermediate,V1,24,0.039366
13,V1-DLS,intermediate,V1,25,0.057212
13,V1-DLS,intermediate,V1,26,0.095095
13,V1-DLS,intermediate,V1,27,0.121504
13,V1-DLS,intermediate,V1,28,0.561179
13,V1-DLS,intermediate,V1,29,0.591395
13,V1-DLS,intermediate,V1,30,0.088651
13,V1-DLS,intermediate,V1,31,0.369134
13,V1-DLS,intermediate,V1,32,0.043815
13,V1-DLS,intermediate,V1,33,0.127615
13,V1-DLS,intermediate,V1,34,0.738654
13,V1-DLS,intermediate,V1,35,0.395064
13,V1-DLS,intermediate,V1,36,0.143705
13,V1-DLS,intermediate,V1,37,0.467782
13,V1-DLS,intermediate,V1,38,0.252257
13,V1-DLS,intermediate,V1,39,0.313976
13,V1-DLS,intermediate,V1,40,0.011123
13,V1-DLS,intermediate,V1,41,0.260093
13,V1-DLS,intermediate,V1,42,0.037428
13,V1-DLS,intermediate,V1,43,0.353343
13,V1-DLS,intermediate,V1,44,0.001469
13,V1-DLS,intermediate,V1,45,0.012404
13,V1-DLS,intermediate,V1,46,0.002953
13,V1-DLS,intermediate,V1,47,0.005152
13,V1-DLS,intermediate,V1,48,0.411626
13,V1-DLS,intermediate,V1,49,0.017437
13,V1-DLS,intermediate,V1,50,0.554747
13,V1-DLS,intermediate,V1,51,0.054729
13,V1-DLS,intermediate,V1,52,0.0855
13,V1-DLS,intermediate,V1,53,0.187103
13,V1-DLS,intermediate,V1,54,0.436829
13,V1-DLS,intermediate,V1,55,0.002335
13,V1-DLS,intermediate,V1,56,0.003567
13,V1-DLS,intermediate,V1,57,0.576288
13,V1-DLS,intermediate,V1,58,0.154159
13,V1-DLS,intermediate,V1,59,0.026693
13,V1-DLS,intermediate,V1,60,0.041834
13,V1-DLS,intermediate,V1,61,0.028756
13,V1-DLS,intermediate,V1,62,0.033951
13,V1-DLS,intermediate,V1,63,0.042233
13,V1-DLS,intermediate,DLS,0,0.752737
13,V1-DLS,intermediate,DLS,1,5.950987
13,V1-DLS,intermediate,DLS,2,1.434428
13,V1-DLS,intermediate,DLS,3,1.572234
13,V1-DLS,intermediate,DLS,4,0.0
13,V1-DLS,intermediate,DLS,5,0.732106
13,V1-DLS,expert,V1,0,0.051066
13,V1-DLS,expert,V1,1,0.692686
13,V1-DLS,expert,V1,2,0.232389
13,V1-DLS,expert,V1,3,0.727679
13,V1-DLS,expert,V1,4,0.004041
13,V1-DLS,expert,V1,5,0.088583
13,V1-DLS,expert,V1,6,0.01343
13,V1-DLS,expert,V1,7,0.513802
13,V1-DLS,expert,V1,8,0.002211
13,V1-DLS,expert,V1,9,0.248184
13,V1-DLS,expert,V1,10,0.169499
13,V1-DLS,expert,V1,11,0.012231
13,V1-DLS,expert,V1,12,0.17403
13,V1-DLS,expert,V1,13,0.057223
13,V1-DLS,expert,V1,14,0.122451
13,V1-DLS,expert,V1,15,0.009848
13,V1-DLS,expert,V1,16,0.050244
13,V1-DLS,expert,V1,17,0.165579
13,V1-DLS,expert,V1,18,0.026662
13,V1-DLS,expert,V1,19,0.514978
13,V1-DLS,expert,V1,20,0.045012
13,V1-DLS,expert,V1,21,0.075093
13,V1-DLS,expert,V1,22,0.038794
13,V1-DLS,expert,V1,23,0.039567
13,V1-DLS,expert,V1,24,0.028526
13,V1-DLS,expert,V1,25,0.144432
13,V1-DLS,expert,V1,26,0.560145
13,V1-DLS,expert,V1,27,0.424994
13,V1-DLS,expert,V1,28,0.467882
13,V1-DLS,expert,V1,29,0.49009
13,V1-DLS,expert,V1,30,0.122606
13,V1-DLS,expert,V1,31,0.248795
13,V1-DLS,expert,V1,32,0.014488
13,V1-DLS,expert,V1,33,0.039843
13,V1-DLS,expert,V1,34,0.216272
13,V1-DLS,expert,V1,35,0.052766
13,V1-DLS,expert,V1,36,0.233509
13,V1-DLS,expert,V1,37,0.481491
13,V1-DLS,expert,V1,38,0.539032
13,V1-DLS,expert,V1,39,0.391346
13,V1-DLS,expert,V1,40,0.017799
13,V1-DLS,expert,V1,41,0.011536
13,V1-DLS,expert,V1,42,0.02875
13,V1-DLS,expert,V1,43,0.317229
13,V1-DLS,expert,V1,44,0.018489
13,V1-DLS,expert,V1,45,0.041436
13,V1-DLS,expert,V1,46,0.01462
13,V1-DLS,expert,V1,47,0.005018
13,V1-DLS,expert,V1,48,0.114744
13,V1-DLS,expert,V1,49,0.524014
13,V1-DLS,expert,V1,50,0.338042
13,V1-DLS,expert,V1,51,0.100201
13,V1-DLS,expert,V1,52,0.582671
13,V1-DLS,expert,V1,53,0.159125
13,V1-DLS,expert,V1,54,0.264775
13,V1-DLS,expert,V1,55,0.005827
13,V1-DLS,expert,V1,56,0.011953
13,V1-DLS,expert,V1,57,0.580748
13,V1-DLS,expert,V1,58,0.282465
13,V1-DLS,expert,V1,59,0.019439
13,V1-DLS,expert,V1,60,0.321965
13,V1-DLS,expert,V1,61,0.047712
13,V1-DLS,expert,V1,62,0.025447
13,V1-DLS,expert,V1,63,0.163451
13,V1-DLS,expert,DLS,0,0.572864
13,V1-DLS,expert,DLS,1,5.910011
13,V1-DLS,expert,DLS,2,0.883208
13,V1-DLS,expert,DLS,3,0.80726
13,V1-DLS,expert,DLS,4,17.236998
13,V1-DLS,expert,DLS,5,0.61884
13,V1-ACC,naive,V1,0,0.143796
13,V1-ACC,naive,V1,1,0.391726
13,V1-ACC,naive,V1,2,0.003498
13,V1-ACC,naive,V1,3,0.571066
13,V1-ACC,naive,V1,4,0.010299
13,V1-ACC,naive,V1,5,0.021931
13,V1-ACC,naive,V1,6,0.0
13,V1-ACC,naive,V1,7,0.100234
13,V1-ACC,naive,V1,8,0.044504
13,V1-ACC,naive,V1,9,0.344534
13,V1-ACC,naive,V1,10,0.368561
13,V1-ACC,naive,V1,11,0.10301
13,V1-ACC,naive,V1,12,0.041447
13,V1-ACC,naive,V1,13,0.047611
13,V1-ACC,naive,V1,14,0.254301
13,V1-ACC,naive,V1,15,0.003669
13,V1-ACC,naive,V1,16,0.050365
13,V1-ACC,naive,V1,17,0.037916
13,V1-ACC,naive,V1,18,0.030153
13,V1-ACC,naive,V1,19,0.456824
13,V1-ACC,naive,V1,20,0.022455
13,V1-ACC,naive,V1,21,0.865478
13,V1-ACC,naive,V1,22,0.66851
13,V1-ACC,naive,V1,23,0.046399
13,V1-ACC,naive,V1,24,0.331175
13,V1-ACC,naive,V1,25,0.013398
13,V1-ACC,naive,V1,26,0.310135
13,V1-ACC,naive,V1,27,0.052633
13,V1-ACC,naive,V1,28,0.454404
13,V1-ACC,naive,V1,29,0.645061
13,V1-ACC,naive,V1,30,0.105404
13,V1-ACC,naive,V1,31,0.410947
13,V1-ACC,naive,V1,32,0.014056
13,V1-ACC,naive,V1,33,0.56867
13,V1-ACC,naive,V1,34,0.003057
13,V1-ACC,naive,V1,35,0.033565
13,V1-ACC,naive,V1,36,0.64016
13,V1-ACC,naive,V1,37,0.200997
13,V1-ACC,naive,V1,38,0.632298
13,V1-ACC,naive,V1,39,0.542431
13,V1-ACC,naive,V1,40,0.014975
13,V1-ACC,naive,V1,41,0.404136
13,V1-ACC,naive,V1,42,0.250087
13,V1-ACC,naive,V1,43,0.332924
13,V1-ACC,naive,V1,44,0.0
13,V1-ACC,naive,V1,45,0.003819
13,V1-ACC,naive,V1,46,0.005689
13,V1-ACC,naive,V1,47,0.013357
13,V1-ACC,naive,V1,48,0.282174
13,V1-ACC,naive,V1,49,0.520406
13,V1-ACC,naive,V1,50,0.557971
13,V1-ACC,naive,V1,51,0.014341
13,V1-ACC,naive,V1,52,0.072507
13,V1-ACC,naive,V1,53,0.387291
13,V1-ACC,naive,V1,54,0.397432
13,V1-ACC,naive,V1,55,0.0
13,V1-ACC,naive,V1,56,0.004376
13,V1-ACC,naive,V1,57,0.460204
13,V1-ACC,naive,V1,58,0.26877
13,V1-ACC,naive,V1,59,0.023161
13,V1-ACC,naive,V1,60,0.108454
13,V1-ACC,naive,V1,61,0.01953
13,V1-ACC,naive,V1,62,0.010295
13,V1-ACC,naive,V1,63,0.054793
13,V1-ACC,naive,ACC,0,1.907627
13,V1-ACC,naive,ACC,1,6.431923
13,V1-ACC,naive,ACC,2,1.122126
13,V1-ACC,naive,ACC,3,2.253281
13,V1-ACC,naive,ACC,4,6.168259
13,V1-ACC,naive,ACC,5,0.984826
13,V1-ACC,naive,ACC,6,2.801284
13,V1-ACC,intermediate,V1,0,0.184687
13,V1-ACC,intermediate,V1,1,0.353371
13,V1-ACC,intermediate,V1,2,0.030641
13,V1-ACC,intermediate,V1,3,0.711665
13,V1-ACC,intermediate,V1,4,0.007068
13,V1-ACC,intermediate,V1,5,0.053506
13,V1-ACC,intermediate,V1,6,0.0
13,V1-ACC,intermediate,V1,7,0.084442
13,V1-ACC,intermediate,V1,8,0.008631
13,V1-ACC,intermediate,V1,9,0.681218
13,V1-ACC,intermediate,V1,10,0.074919
13,V1-ACC,intermediate,V1,11,0.024361
13,V1-ACC,intermediate,V1,12,0.030205
13,V1-ACC,intermediate,V1,13,0.01485
13,V1-ACC,intermediate,V1,14,0.15477
13,V1-ACC,intermediate,V1,15,0.010309
13,V1-ACC,intermediate,V1,16,0.049874
13,V1-ACC,intermediate,V1,17,0.3104
13,V1-ACC,intermediate,V1,18,0.015397
13,V1-ACC,intermediate,V1,19,0.739739
13,V1-ACC,intermediate,V1,20,0.024037
13,V1-ACC,intermediate,V1,21,0.196484
13,V1-ACC,intermediate,V1,22,0.555783
13,V1-ACC,intermediate,V1,23,0.024868
13,V1-ACC,intermediate,V1,24,0.072565
13,V1-ACC,intermediate,V1,25,0.097479
13,V1-ACC,intermediate,V1,26,0.227121
13,V1-ACC,intermediate,V1,27,0.185339
13,V1-ACC,intermediate,V1,28,0.620641
13,V1-ACC,intermediate,V1,29,0.328854
13,V1-ACC,intermediate,V1,30,0.163123
13,V1-ACC,intermediate,V1,31,0.584496
13,V1-ACC,intermediate,V1,32,0.038574
13,V1-ACC,intermediate,V1,33,0.180817
13,V1-ACC,intermediate,V1,34,0.669765
13,V1-ACC,intermediate,V1,35,0.356691
13,V1-ACC,intermediate,V1,36,0.247286
13,V1-ACC,intermediate,V1,37,0.305704
13,V1-ACC,intermediate,V1,38,0.346375
13,V1-ACC,intermediate,V1,39,0.678006
13,V1-ACC,intermediate,V1,40,0.01917
13,V1-ACC,intermediate,V1,41,0.228232
13,V1-ACC,intermediate,V1,42,0.08793
13,V1-ACC,intermediate,V1,43,0.316205
13,V1-ACC,intermediate,V1,44,0.001896
13,V1-ACC,intermediate,V1,45,0.014417
13,V1-ACC,intermediate,V1,46,0.005126
13,V1-ACC,intermediate,V1,47,0.005123
13,V1-ACC,intermediate,V1,48,0.706719
13,V1-ACC,intermediate,V1,49,0.012032
13,V1-ACC,intermediate,V1,50,0.537577
13,V1-ACC,intermediate,V1,51,0.100561
13,V1-ACC,intermediate,V1,52,0.137897
13,V1-ACC,intermediate,V1,53,0.291167
13,V1-ACC,intermediate,V1,54,0.543313
13,V1-ACC,intermediate,V1,55,0.004246
13,V1-ACC,intermediate,V1,56,0.006109
13,V1-ACC,intermediate,V1,57,0.633462
13,V1-ACC,intermediate,V1,58,0.267766
13,V1-ACC,intermediate,V1,59,0.035767
13,V1-ACC,intermediate,V1,60,0.044841
13,V1-ACC,intermediate,V1,61,0.022452
13,V1-ACC,intermediate,V1,62,0.078735
13,V1-ACC,intermediate,V1,63,0.059769
13,V1-ACC,intermediate,ACC,0,1.577835
13,V1-ACC,intermediate,ACC,1,3.987833
13,V1-ACC,intermediate,ACC,2,0.788819
13,V1-ACC,intermediate,ACC,3,2.378552
13,V1-ACC,intermediate,ACC,4,4.404427
13,V1-ACC,intermediate,ACC,5,0.68836
13,V1-ACC,intermediate,ACC,6,1.921503
13,V1-ACC,expert,V1,0,0.06593
13,V1-ACC,expert,V1,1,0.779423
13,V1-ACC,expert,V1,2,0.565159
13,V1-ACC,expert,V1,3,0.485424
13,V1-ACC,expert,V1,4,0.005486
13,V1-ACC,expert,V1,5,0.092692
13,V1-ACC,expert,V1,6,0.013459
13,V1-ACC,expert,V1,7,0.692003
13,V1-ACC,expert,V1,8,0.009799
13,V1-ACC,expert,V1,9,0.243179
13,V1-ACC,expert,V1,10,0.201668
13,V1-ACC,expert,V1,11,0.014793
13,V1-ACC,expert,V1,12,0.193179
13,V1-ACC,expert,V1,13,0.094541
13,V1-ACC,expert,V1,14,0.130053
13,V1-ACC,expert,V1,15,0.009911
13,V1-ACC,expert,V1,16,0.057955
13,V1-ACC,expert,V1,17,0.312817
13,V1-ACC,expert,V1,18,0.020444
13,V1-ACC,expert,V1,19,0.469407
13,V1-ACC,expert,V1,20,0.04689
13,V1-ACC,expert,V1,21,0.077047
13,V1-ACC,expert,V1,22,0.042301
13,V1-ACC,expert,V1,23,0.02148
13,V1-ACC,expert,V1,24,0.031383
13,V1-ACC,expert,V1,25,0.127073
13,V1-ACC,expert,V1,26,0.550446
13,V1-ACC,expert,V1,27,0.349572
13,V1-ACC,expert,V1,28,0.432408
13,V1-ACC,expert,V1,29,0.571495
13,V1-ACC,expert,V1,30,0.099754
13,V1-ACC,expert,V1,31,0.601468
13,V1-ACC,expert,V1,32,0.015199
13,V1-ACC,expert,V1,33,0.033965
13,V1-ACC,expert,V1,34,0.206698
13,V1-ACC,expert,V1,35,0.057182
13,V1-ACC,expert,V1,36,0.180315
13,V1-ACC,expert,V1,37,0.554554
13,V1-ACC,expert,V1,38,0.216352
13,V1-ACC,expert,V1,39,0.528107
13,V1-ACC,expert,V1,40,0.026892
13,V1-ACC,expert,V1,41,0.013929
13,V1-ACC,expert,V1,42,0.034695
13,V1-ACC,expert,V1,43,0.447792
13,V1-ACC,expert,V1,44,0.016917
13,V1-ACC,expert,V1,45,0.035388
13,V1-ACC,expert,V1,46,0.013255
13,V1-ACC,expert,V1,47,0.008631
13,V1-ACC,expert,V1,48,0.16346
13,V1-ACC,expert,V1,49,0.53247
13,V1-ACC,expert,V1,50,0.543601
13,V1-ACC,expert,V1,51,0.101476
13,V1-ACC,expert,V1,52,0.445268
13,V1-ACC,expert,V1,53,0.135741
13,V1-ACC,expert,V1,54,0.473817
13,V1-ACC,expert,V1,55,0.008539
13,V1-ACC,expert,V1,56,0.013027
13,V1-ACC,expert,V1,57,0.358591
13,V1-ACC,expert,V1,58,0.228732
13,V1-ACC,expert,V1,59,0.021117
13,V1-ACC,expert,V1,60,0.562059
13,V1-ACC,expert,V1,61,0.057922
13,V1-ACC,expert,V1,62,0.027962
13,V1-ACC,expert,V1,63,0.18172
13,V1-ACC,expert,ACC,0,1.495168
13,V1-ACC,expert,ACC,1,2.376408
13,V1-ACC,expert,ACC,2,0.944807
13,V1-ACC,expert,ACC,3,1.535014
13,V1-ACC,expert,ACC,4,3.233704
13,V1-ACC,expert,ACC,5,0.673118
13,V1-ACC,expert,ACC,6,1.735377
13,CA1-DMS,naive,CA1,0,0.406052
13,CA1-DMS,naive,CA1,1,0.0
13,CA1-DMS,naive,CA1,2,0.682161
13,CA1-DMS,naive,CA1,3,0.728698
13,CA1-DMS,naive,CA1,4,0.581859
13,CA1-DMS,naive,CA1,5,0.904346
13,CA1-DMS,naive,CA1,6,0.890038
13,CA1-DMS,naive,CA1,7,0.282933
13,CA1-DMS,naive,CA1,8,0.623946
13,CA1-DMS,naive,CA1,9,0.326898
13,CA1-DMS,naive,CA1,10,0.72569
13,CA1-DMS,naive,CA1,11,1.07594
13,CA1-DMS,naive,CA1,12,0.004688
13,CA1-DMS,naive,CA1,13,0.529571
13,CA1-DMS,naive,CA1,14,0.602652
13,CA1-DMS,naive,CA1,15,0.440315
13,CA1-DMS,naive,CA1,16,0.049843
13,CA1-DMS,naive,CA1,17,0.274052
13,CA1-DMS,naive,CA1,18,0.996346
13,CA1-DMS,naive,CA1,19,0.664872
13,CA1-DMS,naive,CA1,20,0.246345
13,CA1-DMS,naive,CA1,21,0.003237
13,CA1-DMS,naive,CA1,22,0.544884
13,CA1-DMS,naive,CA1,23,0.292491
13,CA1-DMS,naive,DMS,0,11.036299
13,CA1-DMS,naive,DMS,1,1.887655
13,CA1-DMS,naive,DMS,2,10.638031
13,CA1-DMS,naive,DMS,3,2.968254
13,CA1-DMS,naive,DMS,4,7.746234
13,CA1-DMS,naive,DMS,5,1.800919
13,CA1-DMS,naive,DMS,6,2.213466
13,CA1-DMS,naive,DMS,7,0.0
13,CA1-DMS,intermediate,CA1,0,0.22819
13,CA1-DMS,intermediate,CA1,1,0.0
13,CA1-DMS,intermediate,CA1,2,0.751472
13,CA1-DMS,intermediate,CA1,3,0.704269
13,CA1-DMS,intermediate,CA1,4,0.590234
13,CA1-DMS,intermediate,CA1,5,0.471491
13,CA1-DMS,intermediate,CA1,6,0.586693
13,CA1-DMS,intermediate,CA1,7,0.476456
13,CA1-DMS,intermediate,CA1,8,0.760608
13,CA1-DMS,intermediate,CA1,9,0.231614
13,CA1-DMS,intermediate,CA1,10,0.569312
13,CA1-DMS,intermediate,CA1,11,0.659064
13,CA1-DMS,intermediate,CA1,12,0.621074
13,CA1-DMS,intermediate,CA1,13,0.54976
13,CA1-DMS,intermediate,CA1,14,0.488777
13,CA1-DMS,intermediate,CA1,15,0.297671
13,CA1-DMS,intermediate,CA1,16,0.005058
13,CA1-DMS,intermediate,CA1,17,0.0
13,CA1-DMS,intermediate,CA1,18,0.062368
13,CA1-DMS,intermediate,CA1,19,0.804998
13,CA1-DMS,intermediate,CA1,20,0.133271
13,CA1-DMS,intermediate,CA1,21,0.236237
13,CA1-DMS,intermediate,CA1,22,0.627637
13,CA1-DMS,intermediate,CA1,23,0.47161
13,CA1-DMS,intermediate,DMS,0,9.717406
13,CA1-DMS,intermediate,DMS,1,1.54743
13,CA1-DMS,intermediate,DMS,2,10.465041
13,CA1-DMS,intermediate,DMS,3,1.579869
13,CA1-DMS,intermediate,DMS,4,4.072052
13,CA1-DMS,intermediate,DMS,5,1.218276
13,CA1-DMS,intermediate,DMS,6,9.226383
13,CA1-DMS,intermediate,DMS,7,0.0
13,CA1-DMS,expert,CA1,0,0.240115
13,CA1-DMS,expert,CA1,1,0.01116
13,CA1-DMS,expert,CA1,2,0.741702
13,CA1-DMS,expert,CA1,3,0.400038
13,CA1-DMS,expert,CA1,4,0.791669
13,CA1-DMS,expert,CA1,5,0.877269
13,CA1-DMS,expert,CA1,6,0.013625
13,CA1-DMS,expert,CA1,7,0.79448
13,CA1-DMS,expert,CA1,8,0.497987
13,CA1-DMS,expert,CA1,9,0.448825
13,CA1-DMS,expert,CA1,10,0.386571
13,CA1-DMS,expert,CA1,11,0.564031
13,CA1-DMS,expert,CA1,12,0.200907
13,CA1-DMS,expert,CA1,13,0.448051
13,CA1-DMS,expert,CA1,14,0.723037
13,CA1-DMS,expert,CA1,15,0.579541
13,CA1-DMS,expert,CA1,16,0.188823
13,CA1-DMS,expert,CA1,17,0.1964
13,CA1-DMS,expert,CA1,18,0.026348
13,CA1-DMS,expert,CA1,19,0.585483
13,CA1-DMS,expert,CA1,20,0.367089
13,CA1-DMS,expert,CA1,21,0.337316
13,CA1-DMS,expert,CA1,22,0.349027
13,CA1-DMS,expert,CA1,23,0.307522
13,CA1-DMS,expert,DMS,0,6.151862
13,CA1-DMS,expert,DMS,1,1.417994
13,CA1-DMS,expert,DMS,2,3.540176
13,CA1-DMS,expert,DMS,3,0.968551
13,CA1-DMS,expert,DMS,4,4.42884
13,CA1-DMS,expert,DMS,5,0.860146
13,CA1-DMS,expert,DMS,6,5.296863
13,CA1-DMS,expert,DMS,7,0.0
13,CA1-DLS,naive,CA1,0,0.226419
13,CA1-DLS,naive,CA1,1,0.0
13,CA1-DLS,naive,CA1,2,0.51626
13,CA1-DLS,naive,CA1,3,0.644191
13,CA1-DLS,naive,CA1,4,0.881258
13,CA1-DLS,naive,CA1,5,0.791834
13,CA1-DLS,naive,CA1,6,0.472007
13,CA1-DLS,naive,CA1,7,0.698103
13,CA1-DLS,naive,CA1,8,0.601026
13,CA1-DLS,naive,CA1,9,0.344984
13,CA1-DLS,naive,CA1,10,0.559713
13,CA1-DLS,naive,CA1,11,0.523581
13,CA1-DLS,naive,CA1,12,0.003517
13,CA1-DLS,naive,CA1,13,0.546794
13,CA1-DLS,naive,CA1,14,0.392703
13,CA1-DLS,naive,CA1,15,0.386774
13,CA1-DLS,naive,CA1,16,0.030504
13,CA1-DLS,naive,CA1,17,0.336081
13,CA1-DLS,naive,CA1,18,0.638824
13,CA1-DLS,naive,CA1,19,0.758406
13,CA1-DLS,naive,CA1,20,0.611433
13,CA1-DLS,naive,CA1,21,0.003932
13,CA1-DLS,naive,CA1,22,0.360759
13,CA1-DLS,naive,CA1,23,0.09384
13,CA1-DLS,naive,DLS,0,9.520769
13,CA1-DLS,naive,DLS,1,9.094803
13,CA1-DLS,naive,DLS,2,5.517127
13,CA1-DLS,naive,DLS,3,11.95096
13,CA1-DLS,naive,DLS,4,20.279234
13,CA1-DLS,naive,DLS,5,0.994445
13,CA1-DLS,intermediate,CA1,0,0.188635
13,CA1-DLS,intermediate,CA1,1,0.0
13,CA1-DLS,intermediate,CA1,2,0.499916
13,CA1-DLS,intermediate,CA1,3,0.624703
13,CA1-DLS,intermediate,CA1,4,0.42173
13,CA1-DLS,intermediate,CA1,5,0.544607
13,CA1-DLS,intermediate,CA1,6,0.394397
13,CA1-DLS,intermediate,CA1,7,0.476271
13,CA1-DLS,intermediate,CA1,8,0.482077
13,CA1-DLS,intermediate,CA1,9,0.404026
13,CA1-DLS,intermediate,CA1,10,0.273064
13,CA1-DLS,intermediate,CA1,11,0.890603
13,CA1-DLS,intermediate,CA1,12,0.504492
13,CA1-DLS,intermediate,CA1,13,0.610268
13,CA1-DLS,intermediate,CA1,14,0.458831
13,CA1-DLS,intermediate,CA1,15,0.285795
13,CA1-DLS,intermediate,CA1,16,0.002192
13,CA1-DLS,intermediate,CA1,17,0.0
13,CA1-DLS,intermediate,CA1,18,0.044358
13,CA1-DLS,intermediate,CA1,19,0.710552
13,CA1-DLS,intermediate,CA1,20,0.300675
13,CA1-DLS,intermediate,CA1,21,0.166825
13,CA1-DLS,intermediate,CA1,22,0.356987
13,CA1-DLS,intermediate,CA1,23,0.324227
13,CA1-DLS,intermediate,DLS,0,0.755037
13,CA1-DLS,intermediate,DLS,1,5.959384
13,CA1-DLS,intermediate,DLS,2,1.438868
13,CA1-DLS,intermediate,DLS,3,1.573711
13,CA1-DLS,intermediate,DLS,4,0.0
13,CA1-DLS,intermediate,DLS,5,0.733329
13,CA1-DLS,expert,CA1,0,0.234435
13,CA1-DLS,expert,CA1,1,0.010631
13,CA1-DLS,expert,CA1,2,0.718853
13,CA1-DLS,expert,CA1,3,0.486485
13,CA1-DLS,expert,CA1,4,0.669017
13,CA1-DLS,expert,CA1,5,0.4378
13,CA1-DLS,expert,CA1,6,0.011571
13,CA1-DLS,expert,CA1,7,0.7488
13,CA1-DLS,expert,CA1,8,0.523143
13,CA1-DLS,expert,CA1,9,0.253951
13,CA1-DLS,expert,CA1,10,0.23043
13,CA1-DLS,expert,CA1,11,0.20962
13,CA1-DLS,expert,CA1,12,0.234175
13,CA1-DLS,expert,CA1,13,0.587127
13,CA1-DLS,expert,CA1,14,0.416062
13,CA1-DLS,expert,CA1,15,0.373804
13,CA1-DLS,expert,CA1,16,0.16075
13,CA1-DLS,expert,CA1,17,0.240904
13,CA1-DLS,expert,CA1,18,0.039238
13,CA1-DLS,expert,CA1,19,0.48399
13,CA1-DLS,expert,CA1,20,0.413366
13,CA1-DLS,expert,CA1,21,0.169316
13,CA1-DLS,expert,CA1,22,0.802335
13,CA1-DLS,expert,CA1,23,0.532659
13,CA1-DLS,expert,DLS,0,0.573845
13,CA1-DLS,expert,DLS,1,5.914714
13,CA1-DLS,expert,DLS,2,0.886414
13,CA1-DLS,expert,DLS,3,0.806938
13,CA1-DLS,expert,DLS,4,17.219421
13,CA1-DLS,expert,DLS,5,0.619763
13,CA1-ACC,naive,CA1,0,0.218198
13,CA1-ACC,naive,CA1,1,0.0
13,CA1-ACC,naive,CA1,2,0.605444
13,CA1-ACC,naive,CA1,3,0.69946
13,CA1-ACC,naive,CA1,4,0.42435
13,CA1-ACC,naive,CA1,5,0.710996
13,CA1-ACC,naive,CA1,6,0.970885
13,CA1-ACC,naive,CA1,7,0.784771
13,CA1-ACC,naive,CA1,8,0.538432
13,CA1-ACC,naive,CA1,9,0.416442
13,CA1-ACC,naive,CA1,10,0.766262
13,CA1-ACC,naive,CA1,11,1.237511
13,CA1-ACC,naive,CA1,12,0.007179
13,CA1-ACC,naive,CA1,13,0.889695
13,CA1-ACC,naive,CA1,14,0.49399
13,CA1-ACC,naive,CA1,15,0.407389
13,CA1-ACC,naive,CA1,16,0.064046
13,CA1-ACC,naive,CA1,17,0.335421
13,CA1-ACC,naive,CA1,18,1.339851
13,CA1-ACC,naive,CA1,19,0.423811
13,CA1-ACC,naive,CA1,20,0.510261
13,CA1-ACC,naive,CA1,21,0.007295
13,CA1-ACC,naive,CA1,22,0.381496
13,CA1-ACC,naive,CA1,23,0.106442
13,CA1-ACC,naive,ACC,0,1.911357
13,CA1-ACC,naive,ACC,1,6.456092
13,CA1-ACC,naive,ACC,2,1.12322
13,CA1-ACC,naive,ACC,3,2.257101
13,CA1-ACC,naive,ACC,4,6.169099
13,CA1-ACC,naive,ACC,5,0.986475
13,CA1-ACC,naive,ACC,6,2.805657
13,CA1-ACC,intermediate,CA1,0,0.546429
13,CA1-ACC,intermediate,CA1,1,0.0
13,CA1-ACC,intermediate,CA1,2,0.620323
13,CA1-ACC,intermediate,CA1,3,0.601696
13,CA1-ACC,intermediate,CA1,4,0.556294
13,CA1-ACC,intermediate,CA1,5,0.688472
13,CA1-ACC,intermediate,CA1,6,0.811995
13,CA1-ACC,intermediate,CA1,7,0.808733
13,CA1-ACC,intermediate,CA1,8,0.628577
13,CA1-ACC,intermediate,CA1,9,0.458767
13,CA1-ACC,intermediate,CA1,10,0.428334
13,CA1-ACC,intermediate,CA1,11,0.962887
13,CA1-ACC,intermediate,CA1,12,0.316846
13,CA1-ACC,intermediate,CA1,13,0.508185
13,CA1-ACC,intermediate,CA1,14,0.610553
13,CA1-ACC,intermediate,CA1,15,0.488623
13,CA1-ACC,intermediate,CA1,16,0.004013
13,CA1-ACC,intermediate,CA1,17,0.0
13,CA1-ACC,intermediate,CA1,18,0.073782
13,CA1-ACC,intermediate,CA1,19,0.409419
13,CA1-ACC,intermediate,CA1,20,0.21894
13,CA1-ACC,intermediate,CA1,21,0.284439
13,CA1-ACC,intermediate,CA1,22,0.394521
13,CA1-ACC,intermediate,CA1,23,0.3922
13,CA1-ACC,intermediate,ACC,0,1.580262
13,CA1-ACC,intermediate,ACC,1,3.996967
13,CA1-ACC,intermediate,ACC,2,0.789835
13,CA1-ACC,intermediate,ACC,3,2.377582
13,CA1-ACC,intermediate,ACC,4,4.408099
13,CA1-ACC,intermediate,ACC,5,0.689118
13,CA1-ACC,intermediate,ACC,6,1.924882
13,CA1-ACC,expert,CA1,0,0.310629
13,CA1-ACC,expert,CA1,1,0.012472
13,CA1-ACC,expert,CA1,2,0.606177
13,CA1-ACC,expert,CA1,3,0.572336
13,CA1-ACC,expert,CA1,4,0.484287
13,CA1-ACC,expert,CA1,5,0.661208
13,CA1-ACC,expert,CA1,6,0.011161
13,CA1-ACC,expert,CA1,7,0.798949
13,CA1-ACC,expert,CA1,8,0.703747
13,CA1-ACC,expert,CA1,9,0.438543
13,CA1-ACC,expert,CA1,10,0.647158
13,CA1-ACC,expert,CA1,11,0.744634
13,CA1-ACC,expert,CA1,12,0.194616
13,CA1-ACC,expert,CA1,13,0.538008
13,CA1-ACC,expert,CA1,14,0.413031
13,CA1-ACC,expert,CA1,15,0.532162
13,CA1-ACC,expert,CA1,16,0.227903
13,CA1-ACC,expert,CA1,17,0.256023
13,CA1-ACC,expert,CA1,18,0.0379
13,CA1-ACC,expert,CA1,19,0.636376
13,CA1-ACC,expert,CA1,20,0.469924
13,CA1-ACC,expert,CA1,21,0.308481
13,CA1-ACC,expert,CA1,22,0.429449
13,CA1-ACC,expert,CA1,23,0.313065
13,CA1-ACC,expert,ACC,0,1.497673
13,CA1-ACC,expert,ACC,1,2.38231
13,CA1-ACC,expert,ACC,2,0.945751
13,CA1-ACC,expert,ACC,3,1.534676
13,CA1-ACC,expert,ACC,4,3.240078
13,CA1-ACC,expert,ACC,5,0.674279
13,CA1-ACC,expert,ACC,6,1.737511
13,CA1-V1,naive,CA1,0,0.717113
13,CA1-V1,naive,CA1,1,0.0
13,CA1-V1,naive,CA1,2,0.80839
13,CA1-V1,naive,CA1,3,1.007638
13,CA1-V1,naive,CA1,4,1.071928
13,CA1-V1,naive,CA1,5,1.0803
13,CA1-V1,naive,CA1,6,2.059256
13,CA1-V1,naive,CA1,7,0.938581
13,CA1-V1,naive,CA1,8,0.824943
13,CA1-V1,naive,CA1,9,1.133999
13,CA1-V1,naive,CA1,10,0.98032
13,CA1-V1,naive,CA1,11,1.705845
13,CA1-V1,naive,CA1,12,0.009004
13,CA1-V1,naive,CA1,13,1.314596
13,CA1-V1,naive,CA1,14,0.809012
13,CA1-V1,naive,CA1,15,0.819623
13,CA1-V1,naive,CA1,16,0.109523
13,CA1-V1,naive,CA1,17,1.539883
13,CA1-V1,naive,CA1,18,2.214732
13,CA1-V1,naive,CA1,19,1.043606
13,CA1-V1,naive,CA1,20,0.838575
13,CA1-V1,naive,CA1,21,0.012649
13,CA1-V1,naive,CA1,22,0.704438
13,CA1-V1,naive,CA1,23,0.707268
13,CA1-V1,naive,V1,0,0.204766
13,CA1-V1,naive,V1,1,1.024857
13,CA1-V1,naive,V1,2,0.005594
13,CA1-V1,naive,V1,3,0.990205
13,CA1-V1,naive,V1,4,0.013053
13,CA1-V1,naive,V1,5,0.033839
13,CA1-V1,naive,V1,6,0.0
13,CA1-V1,naive,V1,7,0.209263
13,CA1-V1,naive,V1,8,0.092114
13,CA1-V1,naive,V1,9,0.5304
13,CA1-V1,naive,V1,10,1.01812
13,CA1-V1,naive,V1,11,0.145823
13,CA1-V1,naive,V1,12,0.061242
13,CA1-V1,naive,V1,13,0.068445
13,CA1-V1,naive,V1,14,0.45195
13,CA1-V1,naive,V1,15,0.005304
13,CA1-V1,naive,V1,16,0.084533
13,CA1-V1,naive,V1,17,0.043053
13,CA1-V1,naive,V1,18,0.048042
13,CA1-V1,naive,V1,19,0.988886
13,CA1-V1,naive,V1,20,0.028198
13,CA1-V1,naive,V1,21,1.07844
13,CA1-V1,naive,V1,22,1.081921
13,CA1-V1,naive,V1,23,0.085857
13,CA1-V1,naive,V1,24,0.389972
13,CA1-V1,naive,V1,25,0.024981
13,CA1-V1,naive,V1,26,0.577247
13,CA1-V1,naive,V1,27,0.106942
13,CA1-V1,naive,V1,28,0.94705
13,CA1-V1,naive,V1,29,0.962198
13,CA1-V1,naive,V1,30,0.146157
13,CA1-V1,naive,V1,31,0.752179
13,CA1-V1,naive,V1,32,0.020475
13,CA1-V1,naive,V1,33,0.911134
13,CA1-V1,naive,V1,34,0.005376
13,CA1-V1,naive,V1,35,0.053977
13,CA1-V1,naive,V1,36,0.911712
13,CA1-V1,naive,V1,37,0.347203
13,CA1-V1,naive,V1,38,1.013303
13,CA1-V1,naive,V1,39,1.006254
13,CA1-V1,naive,V1,40,0.032951
13,CA1-V1,naive,V1,41,0.567262
13,CA1-V1,naive,V1,42,0.453038
13,CA1-V1,naive,V1,43,0.625089
13,CA1-V1,naive,V1,44,0.0
13,CA1-V1,naive,V1,45,0.005723
13,CA1-V1,naive,V1,46,0.007882
13,CA1-V1,naive,V1,47,0.017733
13,CA1-V1,naive,V1,48,0.410668
13,CA1-V1,naive,V1,49,0.719495
13,CA1-V1,naive,V1,50,0.910202
13,CA1-V1,naive,V1,51,0.024788
13,CA1-V1,naive,V1,52,0.161887
13,CA1-V1,naive,V1,53,0.873424
13,CA1-V1,naive,V1,54,0.932295
13,CA1-V1,naive,V1,55,0.0
13,CA1-V1,naive,V1,56,0.009535
13,CA1-V1,naive,V1,57,0.620378
13,CA1-V1,naive,V1,58,0.330656
13,CA1-V1,naive,V1,59,0.033538
13,CA1-V1,naive,V1,60,0.149444
13,CA1-V1,naive,V1,61,0.041768
13,CA1-V1,naive,V1,62,0.017025
13,CA1-V1,naive,V1,63,0.084624
13,CA1-V1,intermediate,CA1,0,0.816656
13,CA1-V1,intermediate,CA1,1,0.0
13,CA1-V1,intermediate,CA1,2,0.839149
13,CA1-V1,intermediate,CA1,3,1.112839
13,CA1-V1,intermediate,CA1,4,1.103105
13,CA1-V1,intermediate,CA1,5,1.073021
13,CA1-V1,intermediate,CA1,6,2.028164
13,CA1-V1,intermediate,CA1,7,0.969764
13,CA1-V1,intermediate,CA1,8,1.054884
13,CA1-V1,intermediate,CA1,9,0.825754
13,CA1-V1,intermediate,CA1,10,0.855851
13,CA1-V1,intermediate,CA1,11,1.33512
13,CA1-V1,intermediate,CA1,12,0.748481
13,CA1-V1,intermediate,CA1,13,1.038033
13,CA1-V1,intermediate,CA1,14,0.821898
13,CA1-V1,intermediate,CA1,15,0.836543
13,CA1-V1,intermediate,CA1,16,0.007202
13,CA1-V1,intermediate,CA1,17,0.0
13,CA1-V1,intermediate,CA1,18,0.164103
13,CA1-V1,intermediate,CA1,19,1.101227
13,CA1-V1,intermediate,CA1,20,0.559836
13,CA1-V1,intermediate,CA1,21,0.52611
13,CA1-V1,intermediate,CA1,22,0.700955
13,CA1-V1,intermediate,CA1,23,0.800021
13,CA1-V1,intermediate,V1,0,0.536783
13,CA1-V1,intermediate,V1,1,0.932491
13,CA1-V1,intermediate,V1,2,0.048766
13,CA1-V1,intermediate,V1,3,0.851788
13,CA1-V1,intermediate,V1,4,0.009033
13,CA1-V1,intermediate,V1,5,0.083811
13,CA1-V1,intermediate,V1,6,0.0
13,CA1-V1,intermediate,V1,7,0.115426
13,CA1-V1,intermediate,V1,8,0.009876
13,CA1-V1,intermediate,V1,9,0.933743
13,CA1-V1,intermediate,V1,10,0.098383
13,CA1-V1,intermediate,V1,11,0.030707
13,CA1-V1,intermediate,V1,12,0.039146
13,CA1-V1,intermediate,V1,13,0.035476
13,CA1-V1,intermediate,V1,14,0.201975
13,CA1-V1,intermediate,V1,15,0.013246
13,CA1-V1,intermediate,V1,16,0.063139
13,CA1-V1,intermediate,V1,17,0.828653
13,CA1-V1,intermediate,V1,18,0.02154
13,CA1-V1,intermediate,V1,19,0.822688
13,CA1-V1,intermediate,V1,20,0.034717
13,CA1-V1,intermediate,V1,21,0.259111
13,CA1-V1,intermediate,V1,22,1.032
13,CA1-V1,intermediate,V1,23,0.041182
13,CA1-V1,intermediate,V1,24,0.104108
13,CA1-V1,intermediate,V1,25,0.14861
13,CA1-V1,intermediate,V1,26,0.306508
13,CA1-V1,intermediate,V1,27,0.236759
13,CA1-V1,intermediate,V1,28,0.920273
13,CA1-V1,intermediate,V1,29,0.918142
13,CA1-V1,intermediate,V1,30,0.18691
13,CA1-V1,intermediate,V1,31,0.844852
13,CA1-V1,intermediate,V1,32,0.071854
13,CA1-V1,intermediate,V1,33,0.271719
13,CA1-V1,intermediate,V1,34,0.814255
13,CA1-V1,intermediate,V1,35,1.018651
13,CA1-V1,intermediate,V1,36,0.279562
13,CA1-V1,intermediate,V1,37,0.883217
13,CA1-V1,intermediate,V1,38,0.89685
13,CA1-V1,intermediate,V1,39,0.966835
13,CA1-V1,intermediate,V1,40,0.025391
13,CA1-V1,intermediate,V1,41,0.759996
13,CA1-V1,intermediate,V1,42,0.109764
13,CA1-V1,intermediate,V1,43,0.772996
13,CA1-V1,intermediate,V1,44,0.00318
13,CA1-V1,intermediate,V1,45,0.018356
13,CA1-V1,intermediate,V1,46,0.011041
13,CA1-V1,intermediate,V1,47,0.008633
13,CA1-V1,intermediate,V1,48,1.001929
13,CA1-V1,intermediate,V1,49,0.038339
13,CA1-V1,intermediate,V1,50,0.923067
13,CA1-V1,intermediate,V1,51,0.129653
13,CA1-V1,intermediate,V1,52,0.198445
13,CA1-V1,intermediate,V1,53,0.39357
13,CA1-V1,intermediate,V1,54,1.011436
13,CA1-V1,intermediate,V1,55,0.005294
13,CA1-V1,intermediate,V1,56,0.007775
13,CA1-V1,intermediate,V1,57,1.00268
13,CA1-V1,intermediate,V1,58,0.318641
13,CA1-V1,intermediate,V1,59,0.04342
13,CA1-V1,intermediate,V1,60,0.065042
13,CA1-V1,intermediate,V1,61,0.044407
13,CA1-V1,intermediate,V1,62,0.097881
13,CA1-V1,intermediate,V1,63,0.095183
13,CA1-V1,expert,CA1,0,0.976143
13,CA1-V1,expert,CA1,1,0.022913
13,CA1-V1,expert,CA1,2,0.866163
13,CA1-V1,expert,CA1,3,1.124933
13,CA1-V1,expert,CA1,4,1.089676
13,CA1-V1,expert,CA1,5,1.031493
13,CA1-V1,expert,CA1,6,0.024677
13,CA1-V1,expert,CA1,7,0.929771
13,CA1-V1,expert,CA1,8,1.043145
13,CA1-V1,expert,CA1,9,1.00674
13,CA1-V1,expert,CA1,10,0.88131
13,CA1-V1,expert,CA1,11,1.001804
13,CA1-V1,expert,CA1,12,0.409362
13,CA1-V1,expert,CA1,13,0.769713
13,CA1-V1,expert,CA1,14,0.894417
13,CA1-V1,expert,CA1,15,0.902461
13,CA1-V1,expert,CA1,16,0.739311
13,CA1-V1,expert,CA1,17,1.255743
13,CA1-V1,expert,CA1,18,0.068338
13,CA1-V1,expert,CA1,19,1.054187
13,CA1-V1,expert,CA1,20,0.698853
13,CA1-V1,expert,CA1,21,0.571626
13,CA1-V1,expert,CA1,22,0.842862
13,CA1-V1,expert,CA1,23,0.852917
13,CA1-V1,expert,V1,0,0.094915
13,CA1-V1,expert,V1,1,1.026731
13,CA1-V1,expert,V1,2,0.888193
13,CA1-V1,expert,V1,3,0.849422
13,CA1-V1,expert,V1,4,0.007623
13,CA1-V1,expert,V1,5,0.134223
13,CA1-V1,expert,V1,6,0.027173
13,CA1-V1,expert,V1,7,0.876827
13,CA1-V1,expert,V1,8,0.012533
13,CA1-V1,expert,V1,9,0.329949
13,CA1-V1,expert,V1,10,0.290758
13,CA1-V1,expert,V1,11,0.024426
13,CA1-V1,expert,V1,12,0.342663
13,CA1-V1,expert,V1,13,0.10983
13,CA1-V1,expert,V1,14,0.181227
13,CA1-V1,expert,V1,15,0.021235
13,CA1-V1,expert,V1,16,0.079885
13,CA1-V1,expert,V1,17,0.7364
13,CA1-V1,expert,V1,18,0.030832
13,CA1-V1,expert,V1,19,0.654183
13,CA1-V1,expert,V1,20,0.056139
13,CA1-V1,expert,V1,21,0.106371
13,CA1-V1,expert,V1,22,0.071289
13,CA1-V1,expert,V1,23,0.075869
13,CA1-V1,expert,V1,24,0.059828
13,CA1-V1,expert,V1,25,0.219651
13,CA1-V1,expert,V1,26,0.720652
13,CA1-V1,expert,V1,27,0.586929
13,CA1-V1,expert,V1,28,0.88529
13,CA1-V1,expert,V1,29,0.993657
13,CA1-V1,expert,V1,30,0.146486
13,CA1-V1,expert,V1,31,0.931841
13,CA1-V1,expert,V1,32,0.024165
13,CA1-V1,expert,V1,33,0.049603
13,CA1-V1,expert,V1,34,0.441992
13,CA1-V1,expert,V1,35,0.084157
13,CA1-V1,expert,V1,36,0.281916
13,CA1-V1,expert,V1,37,0.956652
13,CA1-V1,expert,V1,38,0.849168
13,CA1-V1,expert,V1,39,0.905668
13,CA1-V1,expert,V1,40,0.03632
13,CA1-V1,expert,V1,41,0.024752
13,CA1-V1,expert,V1,42,0.050586
13,CA1-V1,expert,V1,43,0.712977
13,CA1-V1,expert,V1,44,0.021812
13,CA1-V1,expert,V1,45,0.045922
13,CA1-V1,expert,V1,46,0.024797
13,CA1-V1,expert,V1,47,0.014527
13,CA1-V1,expert,V1,48,0.188929
13,CA1-V1,expert,V1,49,1.035324
13,CA1-V1,expert,V1,50,0.918779
13,CA1-V1,expert,V1,51,0.123428
13,CA1-V1,expert,V1,52,0.694238
13,CA1-V1,expert,V1,53,0.184224
13,CA1-V1,expert,V1,54,0.884951
13,CA1-V1,expert,V1,55,0.016686
13,CA1-V1,expert,V1,56,0.015913
13,CA1-V1,expert,V1,57,0.892686
13,CA1-V1,expert,V1,58,0.310173
13,CA1-V1,expert,V1,59,0.030215
13,CA1-V1,expert,V1,60,0.976366
13,CA1-V1,expert,V1,61,0.069642
13,CA1-V1,expert,V1,62,0.041273
13,CA1-V1,expert,V1,63,0.225699
14,DMS-DLS,naive,DMS,0,0.815775
14,DMS-DLS,naive,DMS,1,0.262851
14,DMS-DLS,naive,DMS,2,0.66158
14,DMS-DLS,naive,DMS,3,0.128239
14,DMS-DLS,naive,DMS,4,0.729935
14,DMS-DLS,naive,DMS,5,1.009637
14,DMS-DLS,naive,DMS,6,1.655472
14,DMS-DLS,naive,DMS,7,0.849816
14,DMS-DLS,naive,DMS,8,0.674553
14,DMS-DLS,naive,DMS,9,0.833624
14,DMS-DLS,naive,DMS,10,0.018549
14,DMS-DLS,naive,DMS,11,1.108637
14,DMS-DLS,naive,DMS,12,0.689366
14,DMS-DLS,naive,DMS,13,0.012389
14,DMS-DLS,naive,DMS,14,0.0
14,DMS-DLS,naive,DMS,15,0.0
14,DMS-DLS,naive,DMS,16,0.505993
14,DMS-DLS,naive,DMS,17,0.001107
14,DMS-DLS,naive,DMS,18,0.01504
14,DMS-DLS,naive,DMS,19,1.301674
14,DMS-DLS,naive,DMS,20,0.919994
14,DMS-DLS,naive,DMS,21,0.478842
14,DMS-DLS,naive,DMS,22,0.033637
14,DMS-DLS,naive,DMS,23,0.909068
14,DMS-DLS,naive,DMS,24,0.786082
14,DMS-DLS,naive,DMS,25,1.372924
14,DMS-DLS,naive,DMS,26,0.442523
14,DMS-DLS,naive,DMS,27,0.031876
14,DMS-DLS,naive,DMS,28,1.139493
14,DMS-DLS,naive,DMS,29,0.897108
14,DMS-DLS,naive,DMS,30,0.110357
14,DMS-DLS,naive,DLS,0,1.14619
14,DMS-DLS,naive,DLS,1,0.968583
14,DMS-DLS,naive,DLS,2,0.799192
14,DMS-DLS,naive,DLS,3,1.827286
14,DMS-DLS,naive,DLS,4,0.00602
14,DMS-DLS,naive,DLS,5,0.0
14,DMS-DLS,naive,DLS,6,0.960484
14,DMS-DLS,naive,DLS,7,0.885238
14,DMS-DLS,naive,DLS,8,1.139403
14,DMS-DLS,naive,DLS,9,0.002006
14,DMS-DLS,naive,DLS,10,0.840311
14,DMS-DLS,naive,DLS,11,1.864155
14,DMS-DLS,naive,DLS,12,0.906923
14,DMS-DLS,naive,DLS,13,0.001946
14,DMS-DLS,naive,DLS,14,2.136684
14,DMS-DLS,naive,DLS,15,1.126587
14,DMS-DLS,naive,DLS,16,1.470514
14,DMS-DLS,naive,DLS,17,1.033098
14,DMS-DLS,naive,DLS,18,0.972222
14,DMS-DLS,naive,DLS,19,1.032852
14,DMS-DLS,naive,DLS,20,1.608548
14,DMS-DLS,naive,DLS,21,1.061295
14,DMS-DLS,naive,DLS,22,1.303305
14,DMS-DLS,naive,DLS,23,1.379218
14,DMS-DLS,naive,DLS,24,0.699874
14,DMS-DLS,naive,DLS,25,0.024865
14,DMS-DLS,intermediate,DMS,0,0.656539
14,DMS-DLS,intermediate,DMS,1,1.991364
14,DMS-DLS,intermediate,DMS,2,1.418743
14,DMS-DLS,intermediate,DMS,3,1.560955
14,DMS-DLS,intermediate,DMS,4,0.982115
14,DMS-DLS,intermediate,DMS,5,1.006258
14,DMS-DLS,intermediate,DMS,6,1.866508
14,DMS-DLS,intermediate,DMS,7,0.923789
14,DMS-DLS,intermediate,DMS,8,1.049873
14,DMS-DLS,intermediate,DMS,9,0.773633
14,DMS-DLS,intermediate,DMS,10,0.012107
14,DMS-DLS,intermediate,DMS,11,0.908776
14,DMS-DLS,intermediate,DMS,12,1.267241
14,DMS-DLS,intermediate,DMS,13,1.240309
14,DMS-DLS,intermediate,DMS,14,0.0
14,DMS-DLS,intermediate,DMS,15,0.009987
14,DMS-DLS,intermediate,DMS,16,1.034933
14,DMS-DLS,intermediate,DMS,17,0.0
14,DMS-DLS,intermediate,DMS,18,0.0
14,DMS-DLS,intermediate,DMS,19,0.014146
14,DMS-DLS,intermediate,DMS,20,0.009511
14,DMS-DLS,intermediate,DMS,21,0.0
14,DMS-DLS,intermediate,DMS,22,0.0
14,DMS-DLS,intermediate,DMS,23,0.0
14,DMS-DLS,intermediate,DMS,24,0.646362
14,DMS-DLS,intermediate,DMS,25,1.197837
14,DMS-DLS,intermediate,DMS,26,2.010645
14,DMS-DLS,intermediate,DMS,27,3.278347
14,DMS-DLS,intermediate,DMS,28,1.153249
14,DMS-DLS,intermediate,DMS,29,1.644261
14,DMS-DLS,intermediate,DMS,30,0.096828
14,DMS-DLS,intermediate,DLS,0,2.037756
14,DMS-DLS,intermediate,DLS,1,1.218032
14,DMS-DLS,intermediate,DLS,2,0.0
14,DMS-DLS,intermediate,DLS,3,1.51451
14,DMS-DLS,intermediate,DLS,4,0.006188
14,DMS-DLS,intermediate,DLS,5,0.0
14,DMS-DLS,intermediate,DLS,6,1.221521
14,DMS-DLS,intermediate,DLS,7,2.70667
14,DMS-DLS,intermediate,DLS,8,0.733873
14,DMS-DLS,intermediate,DLS,9,0.878723
14,DMS-DLS,intermediate,DLS,10,0.701489
14,DMS-DLS,intermediate,DLS,11,0.004726
14,DMS-DLS,intermediate,DLS,12,0.90913
14,DMS-DLS,intermediate,DLS,13,0.002971
14,DMS-DLS,intermediate,DLS,14,2.997258
14,DMS-DLS,intermediate,DLS,15,1.048039
14,DMS-DLS,intermediate,DLS,16,0.998424
14,DMS-DLS,intermediate,DLS,17,0.999355
14,DMS-DLS,intermediate,DLS,18,1.007958
14,DMS-DLS,intermediate,DLS,19,2.967089
14,DMS-DLS,intermediate,DLS,20,1.259053
14,DMS-DLS,intermediate,DLS,21,1.12794
14,DMS-DLS,intermediate,DLS,22,1.074835
14,DMS-DLS,intermediate,DLS,23,3.058969
14,DMS-DLS,intermediate,DLS,24,3.060496
14,DMS-DLS,intermediate,DLS,25,0.000866
14,DMS-DLS,expert,DMS,0,0.0
14,DMS-DLS,expert,DMS,1,1.314931
14,DMS-DLS,expert,DMS,2,1.606064
14,DMS-DLS,expert,DMS,3,1.015793
14,DMS-DLS,expert,DMS,4,0.95879
14,DMS-DLS,expert,DMS,5,1.015316
14,DMS-DLS,expert,DMS,6,0.368645
14,DMS-DLS,expert,DMS,7,0.543369
14,DMS-DLS,expert,DMS,8,1.067671
14,DMS-DLS,expert,DMS,9,1.890805
14,DMS-DLS,expert,DMS,10,0.001759
14,DMS-DLS,expert,DMS,11,1.040836
14,DMS-DLS,expert,DMS,12,1.929789
14,DMS-DLS,expert,DMS,13,1.122109
14,DMS-DLS,expert,DMS,14,0.0
14,DMS-DLS,expert,DMS,15,0.0
14,DMS-DLS,expert,DMS,16,1.980443
14,DMS-DLS,expert,DMS,17,1.765567
14,DMS-DLS,expert,DMS,18,0.01189
14,DMS-DLS,expert,DMS,19,1.026324
14,DMS-DLS,expert,DMS,20,0.020291
14,DMS-DLS,expert,DMS,21,0.0
14,DMS-DLS,expert,DMS,22,0.0
14,DMS-DLS,expert,DMS,23,0.0
14,DMS-DLS,expert,DMS,24,0.81136
14,DMS-DLS,expert,DMS,25,1.061011
14,DMS-DLS,expert,DMS,26,1.932885
14,DMS-DLS,expert,DMS,27,2.102493
14,DMS-DLS,expert,DMS,28,1.006576
14,DMS-DLS,expert,DMS,29,0.00386
14,DMS-DLS,expert,DMS,30,0.00457
14,DMS-DLS,expert,DLS,0,1.006465
14,DMS-DLS,expert,DLS,1,1.201232
14,DMS-DLS,expert,DLS,2,1.038365
14,DMS-DLS,expert,DLS,3,0.755557
14,DMS-DLS,expert,DLS,4,2.813291
14,DMS-DLS,expert,DLS,5,0.0
14,DMS-DLS,expert,DLS,6,1.092391
14,DMS-DLS,expert,DLS,7,0.0316
14,DMS-DLS,expert,DLS,8,0.941909
14,DMS-DLS,expert,DLS,9,0.874433
14,DMS-DLS,expert,DLS,10,1.307228
14,DMS-DLS,expert,DLS,11,0.056559
14,DMS-DLS,expert,DLS,12,2.347691
14,DMS-DLS,expert,DLS,13,0.002627
14,DMS-DLS,expert,DLS,14,2.678987
14,DMS-DLS,expert,DLS,15,0.975052
14,DMS-DLS,expert,DLS,16,0.966112
14,DMS-DLS,expert,DLS,17,1.014551
14,DMS-DLS,expert,DLS,18,1.014252
14,DMS-DLS,expert,DLS,19,3.336424
14,DMS-DLS,expert,DLS,20,2.421572
14,DMS-DLS,expert,DLS,21,0.946049
14,DMS-DLS,expert,DLS,22,0.539742
14,DMS-DLS,expert,DLS,23,0.959116
14,DMS-DLS,expert,DLS,24,0.057891
14,DMS-DLS,expert,DLS,25,0.003279
14,DMS-ACC,naive,DMS,0,0.306535
14,DMS-ACC,naive,DMS,1,0.21045
14,DMS-ACC,naive,DMS,2,0.556054
14,DMS-ACC,naive,DMS,3,0.101518
14,DMS-ACC,naive,DMS,4,0.684871
14,DMS-ACC,naive,DMS,5,0.873251
14,DMS-ACC,naive,DMS,6,1.612813
14,DMS-ACC,naive,DMS,7,0.830899
14,DMS-ACC,naive,DMS,8,0.673601
14,DMS-ACC,naive,DMS,9,0.773099
14,DMS-ACC,naive,DMS,10,0.016639
14,DMS-ACC,naive,DMS,11,1.06545
14,DMS-ACC,naive,DMS,12,0.684826
14,DMS-ACC,naive,DMS,13,0.011141
14,DMS-ACC,naive,DMS,14,0.0
14,DMS-ACC,naive,DMS,15,0.0
14,DMS-ACC,naive,DMS,16,0.491227
14,DMS-ACC,naive,DMS,17,0.001061
14,DMS-ACC,naive,DMS,18,0.01343
14,DMS-ACC,naive,DMS,19,0.637146
14,DMS-ACC,naive,DMS,20,0.876162
14,DMS-ACC,naive,DMS,21,0.347759
14,DMS-ACC,naive,DMS,22,0.026473
14,DMS-ACC,naive,DMS,23,0.494195
14,DMS-ACC,naive,DMS,24,0.64594
14,DMS-ACC,naive,DMS,25,1.231158
14,DMS-ACC,naive,DMS,26,0.441991
14,DMS-ACC,naive,DMS,27,0.043948
14,DMS-ACC,naive,DMS,28,1.113257
14,DMS-ACC,naive,DMS,29,0.601682
14,DMS-ACC,naive,DMS,30,0.101176
14,DMS-ACC,naive,ACC,0,0.0
14,DMS-ACC,naive,ACC,1,0.0
14,DMS-ACC,naive,ACC,2,1.731581
14,DMS-ACC,naive,ACC,3,6.290024
14,DMS-ACC,naive,ACC,4,0.0
14,DMS-ACC,naive,ACC,5,0.884625
14,DMS-ACC,naive,ACC,6,2.726304
14,DMS-ACC,naive,ACC,7,6.269342
14,DMS-ACC,naive,ACC,8,0.0
14,DMS-ACC,naive,ACC,9,0.988008
14,DMS-ACC,naive,ACC,10,2.475222
14,DMS-ACC,naive,ACC,11,3.352412
14,DMS-ACC,naive,ACC,12,2.31161
14,DMS-ACC,naive,ACC,13,1.161307
14,DMS-ACC,naive,ACC,14,2.07239
14,DMS-ACC,naive,ACC,15,1.394799
14,DMS-ACC,naive,ACC,16,0.0
14,DMS-ACC,naive,ACC,17,0.0
14,DMS-ACC,naive,ACC,18,0.0
14,DMS-ACC,naive,ACC,19,2.702998
14,DMS-ACC,naive,ACC,20,0.791856
14,DMS-ACC,naive,ACC,21,0.0
14,DMS-ACC,naive,ACC,22,1.508491
14,DMS-ACC,intermediate,DMS,0,0.558593
14,DMS-ACC,intermediate,DMS,1,1.833611
14,DMS-ACC,intermediate,DMS,2,1.371441
14,DMS-ACC,intermediate,DMS,3,1.561734
14,DMS-ACC,intermediate,DMS,4,0.952636
14,DMS-ACC,intermediate,DMS,5,1.006125
14,DMS-ACC,intermediate,DMS,6,1.867719
14,DMS-ACC,intermediate,DMS,7,0.913315
14,DMS-ACC,intermediate,DMS,8,1.051058
14,DMS-ACC,intermediate,DMS,9,0.698046
14,DMS-ACC,intermediate,DMS,10,0.011541
14,DMS-ACC,intermediate,DMS,11,0.881972
14,DMS-ACC,intermediate,DMS,12,1.250315
14,DMS-ACC,intermediate,DMS,13,1.234291
14,DMS-ACC,intermediate,DMS,14,0.0
14,DMS-ACC,intermediate,DMS,15,0.009548
14,DMS-ACC,intermediate,DMS,16,1.032472
14,DMS-ACC,intermediate,DMS,17,0.0
14,DMS-ACC,intermediate,DMS,18,0.0
14,DMS-ACC,intermediate,DMS,19,0.0159
14,DMS-ACC,intermediate,DMS,20,0.009194
14,DMS-ACC,intermediate,DMS,21,0.0
14,DMS-ACC,intermediate,DMS,22,0.0
14,DMS-ACC,intermediate,DMS,23,0.0
14,DMS-ACC,intermediate,DMS,24,0.648856
14,DMS-ACC,intermediate,DMS,25,1.168174
14,DMS-ACC,intermediate,DMS,26,2.00477
14,DMS-ACC,intermediate,DMS,27,3.219144
14,DMS-ACC,intermediate,DMS,28,1.144769
14,DMS-ACC,intermediate,DMS,29,1.632202
14,DMS-ACC,intermediate,DMS,30,0.095621
14,DMS-ACC,intermediate,ACC,0,1.256781
14,DMS-ACC,intermediate,ACC,1,1.512965
14,DMS-ACC,intermediate,ACC,2,1.236225
14,DMS-ACC,intermediate,ACC,3,4.42403
14,DMS-ACC,intermediate,ACC,4,0.0
14,DMS-ACC,intermediate,ACC,5,0.0
14,DMS-ACC,intermediate,ACC,6,0.930319
14,DMS-ACC,intermediate,ACC,7,0.928597
14,DMS-ACC,intermediate,ACC,8,2.03445
14,DMS-ACC,intermediate,ACC,9,1.223076
14,DMS-ACC,intermediate,ACC,10,1.309377
14,DMS-ACC,intermediate,ACC,11,2.053019
14,DMS-ACC,intermediate,ACC,12,1.412667
14,DMS-ACC,intermediate,ACC,13,1.108997
14,DMS-ACC,intermediate,ACC,14,1.816059
14,DMS-ACC,intermediate,ACC,15,0.966848
14,DMS-ACC,intermediate,ACC,16,3.122776
14,DMS-ACC,intermediate,ACC,17,0.0
14,DMS-ACC,intermediate,ACC,18,2.06668
14,DMS-ACC,intermediate,ACC,19,4.28744
14,DMS-ACC,intermediate,ACC,20,0.0
14,DMS-ACC,intermediate,ACC,21,0.76791
14,DMS-ACC,intermediate,ACC,22,1.330665
14,DMS-ACC,expert,DMS,0,0.0
14,DMS-ACC,expert,DMS,1,1.250844
14,DMS-ACC,expert,DMS,2,1.598496
14,DMS-ACC,expert,DMS,3,1.01149
14,DMS-ACC,expert,DMS,4,0.959217
14,DMS-ACC,expert,DMS,5,1.016043
14,DMS-ACC,expert,DMS,6,0.368614
14,DMS-ACC,expert,DMS,7,0.543509
14,DMS-ACC,expert,DMS,8,1.06826
14,DMS-ACC,expert,DMS,9,1.440387
14,DMS-ACC,expert,DMS,10,0.001865
14,DMS-ACC,expert,DMS,11,0.865208
14,DMS-ACC,expert,DMS,12,1.928292
14,DMS-ACC,expert,DMS,13,0.997019
14,DMS-ACC,expert,DMS,14,0.0
14,DMS-ACC,expert,DMS,15,0.0
14,DMS-ACC,expert,DMS,16,1.584895
14,DMS-ACC,expert,DMS,17,1.350203
14,DMS-ACC,expert,DMS,18,0.011343
14,DMS-ACC,expert,DMS,19,1.01441
14,DMS-ACC,expert,DMS,20,0.024194
14,DMS-ACC,expert,DMS,21,0.0
14,DMS-ACC,expert,DMS,22,0.0
14,DMS-ACC,expert,DMS,23,0.0
14,DMS-ACC,expert,DMS,24,0.816432
14,DMS-ACC,expert,DMS,25,1.058768
14,DMS-ACC,expert,DMS,26,1.918063
14,DMS-ACC,expert,DMS,27,2.003059
14,DMS-ACC,expert,DMS,28,0.986114
14,DMS-ACC,expert,DMS,29,0.003581
14,DMS-ACC,expert,DMS,30,0.00449
14,DMS-ACC,expert,ACC,0,1.445237
14,DMS-ACC,expert,ACC,1,1.541084
14,DMS-ACC,expert,ACC,2,0.827381
14,DMS-ACC,expert,ACC,3,1.359098
14,DMS-ACC,expert,ACC,4,0.0
14,DMS-ACC,expert,ACC,5,0.0
14,DMS-ACC,expert,ACC,6,1.09892
14,DMS-ACC,expert,ACC,7,1.443133
14,DMS-ACC,expert,ACC,8,0.824076
14,DMS-ACC,expert,ACC,9,1.7991
14,DMS-ACC,expert,ACC,10,1.090029
14,DMS-ACC,expert,ACC,11,1.078709
14,DMS-ACC,expert,ACC,12,1.167587
14,DMS-ACC,expert,ACC,13,1.119071
14,DMS-ACC,expert,ACC,14,1.819032
14,DMS-ACC,expert,ACC,15,0.921254
14,DMS-ACC,expert,ACC,16,0.0
14,DMS-ACC,expert,ACC,17,0.0
14,DMS-ACC,expert,ACC,18,1.144209
14,DMS-ACC,expert,ACC,19,2.253511
14,DMS-ACC,expert,ACC,20,0.0
14,DMS-ACC,expert,ACC,21,1.611391
14,DMS-ACC,expert,ACC,22,1.485188
14,DLS-ACC,naive,DLS,0,0.619506
14,DLS-ACC,naive,DLS,1,0.967892
14,DLS-ACC,naive,DLS,2,0.612257
14,DLS-ACC,naive,DLS,3,1.812784
14,DLS-ACC,naive,DLS,4,0.00534
14,DLS-ACC,naive,DLS,5,0.0
14,DLS-ACC,naive,DLS,6,0.907888
14,DLS-ACC,naive,DLS,7,0.713586
14,DLS-ACC,naive,DLS,8,1.133962
14,DLS-ACC,naive,DLS,9,0.001832
14,DLS-ACC,naive,DLS,10,0.838907
14,DLS-ACC,naive,DLS,11,1.505902
14,DLS-ACC,naive,DLS,12,0.902214
14,DLS-ACC,naive,DLS,13,0.001951
14,DLS-ACC,naive,DLS,14,1.145136
14,DLS-ACC,naive,DLS,15,1.122541
14,DLS-ACC,naive,DLS,16,1.468633
14,DLS-ACC,naive,DLS,17,0.975148
14,DLS-ACC,naive,DLS,18,0.95421
14,DLS-ACC,naive,DLS,19,1.024442
14,DLS-ACC,naive,DLS,20,0.4631
14,DLS-ACC,naive,DLS,21,0.896001
14,DLS-ACC,naive,DLS,22,0.63472
14,DLS-ACC,naive,DLS,23,0.704499
14,DLS-ACC,naive,DLS,24,0.687612
14,DLS-ACC,naive,DLS,25,0.020824
14,DLS-ACC,naive,ACC,0,0.0
14,DLS-ACC,naive,ACC,1,0.0
14,DLS-ACC,naive,ACC,2,1.914435
14,DLS-ACC,naive,ACC,3,6.362452
14,DLS-ACC,naive,ACC,4,0.0
14,DLS-ACC,naive,ACC,5,0.885178
14,DLS-ACC,naive,ACC,6,2.740437
14,DLS-ACC,naive,ACC,7,6.267799
14,DLS-ACC,naive,ACC,8,0.0
14,DLS-ACC,naive,ACC,9,0.988936
14,DLS-ACC,naive,ACC,10,2.476753
14,DLS-ACC,naive,ACC,11,3.352525
14,DLS-ACC,naive,ACC,12,2.311412
14,DLS-ACC,naive,ACC,13,1.161784
14,DLS-ACC,naive,ACC,14,2.089227
14,DLS-ACC,naive,ACC,15,1.393248
14,DLS-ACC,naive,ACC,16,0.0
14,DLS-ACC,naive,ACC,17,0.0
14,DLS-ACC,naive,ACC,18,0.0
14,DLS-ACC,naive,ACC,19,2.697686
14,DLS-ACC,naive,ACC,20,0.791313
14,DLS-ACC,naive,ACC,21,0.0
14,DLS-ACC,naive,ACC,22,1.51529
14,DLS-ACC,intermediate,DLS,0,2.033641
14,DLS-ACC,intermediate,DLS,1,1.219163
14,DLS-ACC,intermediate,DLS,2,0.0
14,DLS-ACC,intermediate,DLS,3,1.505392
14,DLS-ACC,intermediate,DLS,4,0.004381
14,DLS-ACC,intermediate,DLS,5,0.0
14,DLS-ACC,intermediate,DLS,6,1.223048
14,DLS-ACC,intermediate,DLS,7,2.442581
14,DLS-ACC,intermediate,DLS,8,0.734952
14,DLS-ACC,intermediate,DLS,9,0.879653
14,DLS-ACC,intermediate,DLS,10,0.701991
14,DLS-ACC,intermediate,DLS,11,0.004488
14,DLS-ACC,intermediate,DLS,12,0.911162
14,DLS-ACC,intermediate,DLS,13,0.003335
14,DLS-ACC,intermediate,DLS,14,3.007715
14,DLS-ACC,intermediate,DLS,15,1.050487
14,DLS-ACC,intermediate,DLS,16,0.999809
14,DLS-ACC,intermediate,DLS,17,1.000066
14,DLS-ACC,intermediate,DLS,18,1.008347
14,DLS-ACC,intermediate,DLS,19,2.975702
14,DLS-ACC,intermediate,DLS,20,1.258268
14,DLS-ACC,intermediate,DLS,21,1.121652
14,DLS-ACC,intermediate,DLS,22,0.899904
14,DLS-ACC,intermediate,DLS,23,2.25544
14,DLS-ACC,intermediate,DLS,24,3.06323
14,DLS-ACC,intermediate,DLS,25,0.000805
14,DLS-ACC,intermediate,ACC,0,1.256739
14,DLS-ACC,intermediate,ACC,1,1.515166
14,DLS-ACC,intermediate,ACC,2,1.241401
14,DLS-ACC,intermediate,ACC,3,4.422485
14,DLS-ACC,intermediate,ACC,4,0.0
14,DLS-ACC,intermediate,ACC,5,0.0
14,DLS-ACC,intermediate,ACC,6,0.935232
14,DLS-ACC,intermediate,ACC,7,0.931152
14,DLS-ACC,intermediate,ACC,8,2.034069
14,DLS-ACC,intermediate,ACC,9,1.211638
14,DLS-ACC,intermediate,ACC,10,1.310589
14,DLS-ACC,intermediate,ACC,11,2.054647
14,DLS-ACC,intermediate,ACC,12,1.413738
14,DLS-ACC,intermediate,ACC,13,1.107858
14,DLS-ACC,intermediate,ACC,14,1.823829
14,DLS-ACC,intermediate,ACC,15,0.967156
14,DLS-ACC,intermediate,ACC,16,3.121969
14,DLS-ACC,intermediate,ACC,17,0.0
14,DLS-ACC,intermediate,ACC,18,2.069865
14,DLS-ACC,intermediate,ACC,19,4.287215
14,DLS-ACC,intermediate,ACC,20,0.0
14,DLS-ACC,intermediate,ACC,21,0.767782
14,DLS-ACC,intermediate,ACC,22,1.331312
14,DLS-ACC,expert,DLS,0,1.002177
14,DLS-ACC,expert,DLS,1,1.193716
14,DLS-ACC,expert,DLS,2,0.759749
14,DLS-ACC,expert,DLS,3,0.757065
14,DLS-ACC,expert,DLS,4,2.802979
14,DLS-ACC,expert,DLS,5,0.0
14,DLS-ACC,expert,DLS,6,1.08904
14,DLS-ACC,expert,DLS,7,0.031595
14,DLS-ACC,expert,DLS,8,0.943896
14,DLS-ACC,expert,DLS,9,0.87453
14,DLS-ACC,expert,DLS,10,1.286892
14,DLS-ACC,expert,DLS,11,0.051002
14,DLS-ACC,expert,DLS,12,2.347915
14,DLS-ACC,expert,DLS,13,0.00246
14,DLS-ACC,expert,DLS,14,1.846913
14,DLS-ACC,expert,DLS,15,0.97308
14,DLS-ACC,expert,DLS,16,0.966661
14,DLS-ACC,expert,DLS,17,1.00986
14,DLS-ACC,expert,DLS,18,1.013248
14,DLS-ACC,expert,DLS,19,2.912163
14,DLS-ACC,expert,DLS,20,1.779886
14,DLS-ACC,expert,DLS,21,0.951469
14,DLS-ACC,expert,DLS,22,0.528469
14,DLS-ACC,expert,DLS,23,0.871041
14,DLS-ACC,expert,DLS,24,0.041027
14,DLS-ACC,expert,DLS,25,0.00326
14,DLS-ACC,expert,ACC,0,1.453867
14,DLS-ACC,expert,ACC,1,1.539618
14,DLS-ACC,expert,ACC,2,0.841413
14,DLS-ACC,expert,ACC,3,1.357273
14,DLS-ACC,expert,ACC,4,0.0
14,DLS-ACC,expert,ACC,5,0.0
14,DLS-ACC,expert,ACC,6,1.101046
14,DLS-ACC,expert,ACC,7,1.441414
14,DLS-ACC,expert,ACC,8,0.823965
14,DLS-ACC,expert,ACC,9,1.804636
14,DLS-ACC,expert,ACC,10,1.090942
14,DLS-ACC,expert,ACC,11,1.080106
14,DLS-ACC,expert,ACC,12,1.166993
14,DLS-ACC,expert,ACC,13,1.119603
14,DLS-ACC,expert,ACC,14,1.820711
14,DLS-ACC,expert,ACC,15,0.922597
14,DLS-ACC,expert,ACC,16,0.0
14,DLS-ACC,expert,ACC,17,0.0
14,DLS-ACC,expert,ACC,18,1.143264
14,DLS-ACC,expert,ACC,19,2.253783
14,DLS-ACC,expert,ACC,20,0.0
14,DLS-ACC,expert,ACC,21,1.610999
14,DLS-ACC,expert,ACC,22,1.483015
