animal,pair,epoch,area,unit,contrib
1,DMS-DLS,naive,DMS,0,0.20575
1,DMS-DLS,naive,DMS,1,0.562665
1,DMS-DLS,naive,DMS,2,0.951648
1,DMS-DLS,naive,DMS,3,0.03495
1,DMS-DLS,naive,DMS,4,0.80992
1,DMS-DLS,naive,DMS,5,0.099257
1,DMS-DLS,naive,DMS,6,0.352865
1,DMS-DLS,naive,DMS,7,0.015028
1,DMS-DLS,naive,DMS,8,0.016375
1,DMS-DLS,naive,DMS,9,0.022586
1,DMS-DLS,naive,DMS,10,0.300593
1,DMS-DLS,naive,DMS,11,0.193934
1,DMS-DLS,naive,DMS,12,0.007827
1,DMS-DLS,naive,DMS,13,0.135094
1,DMS-DLS,naive,DMS,14,0.823058
1,DMS-DLS,naive,DMS,15,0.613006
1,DMS-DLS,naive,DMS,16,0.511552
1,DMS-DLS,naive,DMS,17,0.091705
1,DMS-DLS,naive,DMS,18,0.036696
1,DMS-DLS,naive,DMS,19,0.301818
1,DMS-DLS,naive,DMS,20,0.085496
1,DMS-DLS,naive,DMS,21,0.280087
1,DMS-DLS,naive,DMS,22,0.0
1,DMS-DLS,naive,DMS,23,0.675086
1,DMS-DLS,naive,DMS,24,0.795863
1,DMS-DLS,naive,DMS,25,0.08486
1,DMS-DLS,naive,DMS,26,0.051915
1,DMS-DLS,naive,DMS,27,0.292927
1,DMS-DLS,naive,DMS,28,0.516101
1,DMS-DLS,naive,DMS,29,0.12817
1,DMS-DLS,naive,DMS,30,0.076463
1,DMS-DLS,naive,DMS,31,0.343215
1,DMS-DLS,naive,DMS,32,1.015273
1,DMS-DLS,naive,DMS,33,0.746109
1,DMS-DLS,naive,DMS,34,0.68072
1,DMS-DLS,naive,DMS,35,0.224103
1,DMS-DLS,naive,DMS,36,0.0
1,DMS-DLS,naive,DMS,37,0.693818
1,DMS-DLS,naive,DMS,38,0.720681
1,DMS-DLS,naive,DMS,39,0.968142
1,DMS-DLS,naive,DMS,40,0.897826
1,DMS-DLS,naive,DMS,41,0.162526
1,DMS-DLS,naive,DMS,42,0.609741
1,DMS-DLS,naive,DMS,43,0.577892
1,DMS-DLS,naive,DMS,44,0.246574
1,DMS-DLS,naive,DMS,45,0.86184
1,DMS-DLS,naive,DMS,46,0.067669
1,DMS-DLS,naive,DMS,47,0.720956
1,DMS-DLS,naive,DMS,48,0.619131
1,DMS-DLS,naive,DMS,49,0.503266
1,DMS-DLS,naive,DMS,50,0.131378
1,DMS-DLS,naive,DMS,51,0.204138
1,DMS-DLS,naive,DMS,52,0.941474
1,DMS-DLS,naive,DMS,53,0.88193
1,DMS-DLS,naive,DMS,54,0.112522
1,DMS-DLS,naive,DMS,55,0.791946
1,DMS-DLS,naive,DLS,0,0.0
1,DMS-DLS,naive,DLS,1,0.571291
1,DMS-DLS,naive,DLS,2,0.75888
1,DMS-DLS,naive,DLS,3,1.049843
1,DMS-DLS,naive,DLS,4,0.152055
1,DMS-DLS,naive,DLS,5,1.071458
1,DMS-DLS,naive,DLS,6,0.152565
1,DMS-DLS,naive,DLS,7,0.973409
1,DMS-DLS,naive,DLS,8,1.463458
1,DMS-DLS,naive,DLS,9,0.584231
1,DMS-DLS,naive,DLS,10,0.187851
1,DMS-DLS,naive,DLS,11,0.6551
1,DMS-DLS,naive,DLS,12,1.295021
1,DMS-DLS,naive,DLS,13,0.0
1,DMS-DLS,naive,DLS,14,0.82004
1,DMS-DLS,naive,DLS,15,0.368243
1,DMS-DLS,naive,DLS,16,0.973386
1,DMS-DLS,naive,DLS,17,0.782784
1,DMS-DLS,naive,DLS,18,0.719221
1,DMS-DLS,naive,DLS,19,0.998692
1,DMS-DLS,naive,DLS,20,0.007051
1,DMS-DLS,naive,DLS,21,0.0
1,DMS-DLS,naive,DLS,22,0.955833
1,DMS-DLS,naive,DLS,23,0.751505
1,DMS-DLS,naive,DLS,24,0.0
1,DMS-DLS,naive,DLS,25,0.818885
1,DMS-DLS,naive,DLS,26,0.669482
1,DMS-DLS,naive,DLS,27,0.122709
1,DMS-DLS,naive,DLS,28,0.0
1,DMS-DLS,naive,DLS,29,0.766679
1,DMS-DLS,naive,DLS,30,1.034341
1,DMS-DLS,naive,DLS,31,0.160714
1,DMS-DLS,naive,DLS,32,0.901996
1,DMS-DLS,naive,DLS,33,0.016554
1,DMS-DLS,naive,DLS,34,0.685889
1,DMS-DLS,naive,DLS,35,1.103171
1,DMS-DLS,naive,DLS,36,0.016417
1,DMS-DLS,naive,DLS,37,0.845175
1,DMS-DLS,intermediate,DMS,0,0.20588
1,DMS-DLS,intermediate,DMS,1,0.553848
1,DMS-DLS,intermediate,DMS,2,0.94469
1,DMS-DLS,intermediate,DMS,3,0.088483
1,DMS-DLS,intermediate,DMS,4,0.784911
1,DMS-DLS,intermediate,DMS,5,0.11337
1,DMS-DLS,intermediate,DMS,6,0.83006
1,DMS-DLS,intermediate,DMS,7,0.066037
1,DMS-DLS,intermediate,DMS,8,0.08267
1,DMS-DLS,intermediate,DMS,9,0.73475
1,DMS-DLS,intermediate,DMS,10,0.297619
1,DMS-DLS,intermediate,DMS,11,0.233782
1,DMS-DLS,intermediate,DMS,12,0.130008
1,DMS-DLS,intermediate,DMS,13,0.407289
1,DMS-DLS,intermediate,DMS,14,0.828279
1,DMS-DLS,intermediate,DMS,15,0.733412
1,DMS-DLS,intermediate,DMS,16,0.891512
1,DMS-DLS,intermediate,DMS,17,0.036752
1,DMS-DLS,intermediate,DMS,18,0.502377
1,DMS-DLS,intermediate,DMS,19,0.207571
1,DMS-DLS,intermediate,DMS,20,0.91446
1,DMS-DLS,intermediate,DMS,21,0.039067
1,DMS-DLS,intermediate,DMS,22,0.0
1,DMS-DLS,intermediate,DMS,23,0.803981
1,DMS-DLS,intermediate,DMS,24,0.84156
1,DMS-DLS,intermediate,DMS,25,0.457704
1,DMS-DLS,intermediate,DMS,26,0.059029
1,DMS-DLS,intermediate,DMS,27,0.379905
1,DMS-DLS,intermediate,DMS,28,0.127556
1,DMS-DLS,intermediate,DMS,29,0.723243
1,DMS-DLS,intermediate,DMS,30,0.038672
1,DMS-DLS,intermediate,DMS,31,0.671374
1,DMS-DLS,intermediate,DMS,32,0.071704
1,DMS-DLS,intermediate,DMS,33,0.044917
1,DMS-DLS,intermediate,DMS,34,0.056125
1,DMS-DLS,intermediate,DMS,35,0.044056
1,DMS-DLS,intermediate,DMS,36,0.138771
1,DMS-DLS,intermediate,DMS,37,0.687281
1,DMS-DLS,intermediate,DMS,38,0.442887
1,DMS-DLS,intermediate,DMS,39,0.137588
1,DMS-DLS,intermediate,DMS,40,0.848654
1,DMS-DLS,intermediate,DMS,41,0.435992
1,DMS-DLS,intermediate,DMS,42,0.0
1,DMS-DLS,intermediate,DMS,43,0.135712
1,DMS-DLS,intermediate,DMS,44,0.878314
1,DMS-DLS,intermediate,DMS,45,0.907084
1,DMS-DLS,intermediate,DMS,46,0.0
1,DMS-DLS,intermediate,DMS,47,0.167733
1,DMS-DLS,intermediate,DMS,48,0.024477
1,DMS-DLS,intermediate,DMS,49,0.068835
1,DMS-DLS,intermediate,DMS,50,0.3411
1,DMS-DLS,intermediate,DMS,51,0.899391
1,DMS-DLS,intermediate,DMS,52,0.06909
1,DMS-DLS,intermediate,DMS,53,0.864814
1,DMS-DLS,intermediate,DMS,54,0.177477
1,DMS-DLS,intermediate,DMS,55,0.93763
1,DMS-DLS,intermediate,DLS,0,0.375994
1,DMS-DLS,intermediate,DLS,1,0.608137
1,DMS-DLS,intermediate,DLS,2,0.583324
1,DMS-DLS,intermediate,DLS,3,0.998817
1,DMS-DLS,intermediate,DLS,4,0.929309
1,DMS-DLS,intermediate,DLS,5,0.034418
1,DMS-DLS,intermediate,DLS,6,0.087598
1,DMS-DLS,intermediate,DLS,7,0.970258
1,DMS-DLS,intermediate,DLS,8,0.831876
1,DMS-DLS,intermediate,DLS,9,0.666459
1,DMS-DLS,intermediate,DLS,10,0.088685
1,DMS-DLS,intermediate,DLS,11,1.008163
1,DMS-DLS,intermediate,DLS,12,0.233329
1,DMS-DLS,intermediate,DLS,13,0.0
1,DMS-DLS,intermediate,DLS,14,0.515989
1,DMS-DLS,intermediate,DLS,15,0.736849
1,DMS-DLS,intermediate,DLS,16,0.761814
1,DMS-DLS,intermediate,DLS,17,0.765761
1,DMS-DLS,intermediate,DLS,18,0.707748
1,DMS-DLS,intermediate,DLS,19,0.992253
1,DMS-DLS,intermediate,DLS,20,0.641554
1,DMS-DLS,intermediate,DLS,21,0.807661
1,DMS-DLS,intermediate,DLS,22,0.940987
1,DMS-DLS,intermediate,DLS,23,0.0
1,DMS-DLS,intermediate,DLS,24,0.038801
1,DMS-DLS,intermediate,DLS,25,0.0
1,DMS-DLS,intermediate,DLS,26,0.083791
1,DMS-DLS,intermediate,DLS,27,0.062495
1,DMS-DLS,intermediate,DLS,28,0.0
1,DMS-DLS,intermediate,DLS,29,0.753578
1,DMS-DLS,intermediate,DLS,30,0.549264
1,DMS-DLS,intermediate,DLS,31,0.500934
1,DMS-DLS,intermediate,DLS,32,0.461044
1,DMS-DLS,intermediate,DLS,33,0.451977
1,DMS-DLS,intermediate,DLS,34,0.790701
1,DMS-DLS,intermediate,DLS,35,0.234666
1,DMS-DLS,intermediate,DLS,36,0.0
1,DMS-DLS,intermediate,DLS,37,0.560446
1,DMS-DLS,expert,DMS,0,0.190892
1,DMS-DLS,expert,DMS,1,0.262421
1,DMS-DLS,expert,DMS,2,0.822554
1,DMS-DLS,expert,DMS,3,0.178752
1,DMS-DLS,expert,DMS,4,0.717456
1,DMS-DLS,expert,DMS,5,0.265448
1,DMS-DLS,expert,DMS,6,0.511342
1,DMS-DLS,expert,DMS,7,0.731984
1,DMS-DLS,expert,DMS,8,0.064997
1,DMS-DLS,expert,DMS,9,0.106689
1,DMS-DLS,expert,DMS,10,0.210965
1,DMS-DLS,expert,DMS,11,0.202938
1,DMS-DLS,expert,DMS,12,0.508896
1,DMS-DLS,expert,DMS,13,0.170166
1,DMS-DLS,expert,DMS,14,0.783317
1,DMS-DLS,expert,DMS,15,0.768031
1,DMS-DLS,expert,DMS,16,0.158666
1,DMS-DLS,expert,DMS,17,0.89998
1,DMS-DLS,expert,DMS,18,0.762704
1,DMS-DLS,expert,DMS,19,0.656228
1,DMS-DLS,expert,DMS,20,0.660784
1,DMS-DLS,expert,DMS,21,0.047776
1,DMS-DLS,expert,DMS,22,0.0
1,DMS-DLS,expert,DMS,23,0.85226
1,DMS-DLS,expert,DMS,24,0.840429
1,DMS-DLS,expert,DMS,25,0.118817
1,DMS-DLS,expert,DMS,26,0.02483
1,DMS-DLS,expert,DMS,27,0.231869
1,DMS-DLS,expert,DMS,28,0.067259
1,DMS-DLS,expert,DMS,29,0.644302
1,DMS-DLS,expert,DMS,30,0.210498
1,DMS-DLS,expert,DMS,31,0.758404
1,DMS-DLS,expert,DMS,32,0.731447
1,DMS-DLS,expert,DMS,33,0.009372
1,DMS-DLS,expert,DMS,34,0.078735
1,DMS-DLS,expert,DMS,35,0.201484
1,DMS-DLS,expert,DMS,36,0.036902
1,DMS-DLS,expert,DMS,37,0.596019
1,DMS-DLS,expert,DMS,38,1.004907
1,DMS-DLS,expert,DMS,39,0.841974
1,DMS-DLS,expert,DMS,40,0.863674
1,DMS-DLS,expert,DMS,41,0.169396
1,DMS-DLS,expert,DMS,42,0.007961
1,DMS-DLS,expert,DMS,43,0.044298
1,DMS-DLS,expert,DMS,44,0.847375
1,DMS-DLS,expert,DMS,45,0.716671
1,DMS-DLS,expert,DMS,46,0.026771
1,DMS-DLS,expert,DMS,47,0.231386
1,DMS-DLS,expert,DMS,48,0.0
1,DMS-DLS,expert,DMS,49,0.07915
1,DMS-DLS,expert,DMS,50,0.077054
1,DMS-DLS,expert,DMS,51,0.880417
1,DMS-DLS,expert,DMS,52,0.102746
1,DMS-DLS,expert,DMS,53,0.229921
1,DMS-DLS,expert,DMS,54,0.16758
1,DMS-DLS,expert,DMS,55,0.867189
1,DMS-DLS,expert,DLS,0,0.043245
1,DMS-DLS,expert,DLS,1,0.692608
1,DMS-DLS,expert,DLS,2,0.60833
1,DMS-DLS,expert,DLS,3,1.064289
1,DMS-DLS,expert,DLS,4,0.917276
1,DMS-DLS,expert,DLS,5,0.108904
1,DMS-DLS,expert,DLS,6,1.063359
1,DMS-DLS,expert,DLS,7,1.00418
1,DMS-DLS,expert,DLS,8,0.81571
1,DMS-DLS,expert,DLS,9,0.025126
1,DMS-DLS,expert,DLS,10,0.134416
1,DMS-DLS,expert,DLS,11,1.302822
1,DMS-DLS,expert,DLS,12,0.900941
1,DMS-DLS,expert,DLS,13,0.0
1,DMS-DLS,expert,DLS,14,0.465444
1,DMS-DLS,expert,DLS,15,0.723076
1,DMS-DLS,expert,DLS,16,0.364789
1,DMS-DLS,expert,DLS,17,0.154519
1,DMS-DLS,expert,DLS,18,1.000457
1,DMS-DLS,expert,DLS,19,1.000178
1,DMS-DLS,expert,DLS,20,0.938939
1,DMS-DLS,expert,DLS,21,0.0
1,DMS-DLS,expert,DLS,22,0.866965
1,DMS-DLS,expert,DLS,23,0.0
1,DMS-DLS,expert,DLS,24,1.311022
1,DMS-DLS,expert,DLS,25,0.579251
1,DMS-DLS,expert,DLS,26,0.433489
1,DMS-DLS,expert,DLS,27,0.163281
1,DMS-DLS,expert,DLS,28,0.0
1,DMS-DLS,expert,DLS,29,0.034985
1,DMS-DLS,expert,DLS,30,0.0
1,DMS-DLS,expert,DLS,31,0.996566
1,DMS-DLS,expert,DLS,32,0.367813
1,DMS-DLS,expert,DLS,33,1.260087
1,DMS-DLS,expert,DLS,34,0.034321
1,DMS-DLS,expert,DLS,35,1.047218
1,DMS-DLS,expert,DLS,36,0.872151
1,DMS-DLS,expert,DLS,37,1.069547
1,DMS-ACC,naive,DMS,0,0.20575
1,DMS-ACC,naive,DMS,1,0.562665
1,DMS-ACC,naive,DMS,2,0.951648
1,DMS-ACC,naive,DMS,3,0.03495
1,DMS-ACC,naive,DMS,4,0.80992
1,DMS-ACC,naive,DMS,5,0.099257
1,DMS-ACC,naive,DMS,6,0.352865
1,DMS-ACC,naive,DMS,7,0.015028
1,DMS-ACC,naive,DMS,8,0.016375
1,DMS-ACC,naive,DMS,9,0.022586
1,DMS-ACC,naive,DMS,10,0.300593
1,DMS-ACC,naive,DMS,11,0.193934
1,DMS-ACC,naive,DMS,12,0.007827
1,DMS-ACC,naive,DMS,13,0.135094
1,DMS-ACC,naive,DMS,14,0.823058
1,DMS-ACC,naive,DMS,15,0.613006
1,DMS-ACC,naive,DMS,16,0.511552
1,DMS-ACC,naive,DMS,17,0.091705
1,DMS-ACC,naive,DMS,18,0.036696
1,DMS-ACC,naive,DMS,19,0.301818
1,DMS-ACC,naive,DMS,20,0.085496
1,DMS-ACC,naive,DMS,21,0.280087
1,DMS-ACC,naive,DMS,22,0.0
1,DMS-ACC,naive,DMS,23,0.675086
1,DMS-ACC,naive,DMS,24,0.795863
1,DMS-ACC,naive,DMS,25,0.08486
1,DMS-ACC,naive,DMS,26,0.051915
1,DMS-ACC,naive,DMS,27,0.292927
1,DMS-ACC,naive,DMS,28,0.516101
1,DMS-ACC,naive,DMS,29,0.12817
1,DMS-ACC,naive,DMS,30,0.076463
1,DMS-ACC,naive,DMS,31,0.343215
1,DMS-ACC,naive,DMS,32,1.015273
1,DMS-ACC,naive,DMS,33,0.746109
1,DMS-ACC,naive,DMS,34,0.68072
1,DMS-ACC,naive,DMS,35,0.224103
1,DMS-ACC,naive,DMS,36,0.0
1,DMS-ACC,naive,DMS,37,0.693818
1,DMS-ACC,naive,DMS,38,0.720681
1,DMS-ACC,naive,DMS,39,0.968142
1,DMS-ACC,naive,DMS,40,0.897826
1,DMS-ACC,naive,DMS,41,0.162526
1,DMS-ACC,naive,DMS,42,0.609741
1,DMS-ACC,naive,DMS,43,0.577892
1,DMS-ACC,naive,DMS,44,0.246574
1,DMS-ACC,naive,DMS,45,0.86184
1,DMS-ACC,naive,DMS,46,0.067669
1,DMS-ACC,naive,DMS,47,0.720956
1,DMS-ACC,naive,DMS,48,0.619131
1,DMS-ACC,naive,DMS,49,0.503266
1,DMS-ACC,naive,DMS,50,0.131378
1,DMS-ACC,naive,DMS,51,0.204138
1,DMS-ACC,naive,DMS,52,0.941474
1,DMS-ACC,naive,DMS,53,0.88193
1,DMS-ACC,naive,DMS,54,0.112522
1,DMS-ACC,naive,DMS,55,0.791946
1,DMS-ACC,naive,ACC,0,1.679145
1,DMS-ACC,naive,ACC,1,0.103348
1,DMS-ACC,naive,ACC,2,0.012831
1,DMS-ACC,naive,ACC,3,1.28714
1,DMS-ACC,naive,ACC,4,1.004736
1,DMS-ACC,naive,ACC,5,0.703964
1,DMS-ACC,naive,ACC,6,0.0
1,DMS-ACC,naive,ACC,7,0.0
1,DMS-ACC,naive,ACC,8,1.293763
1,DMS-ACC,naive,ACC,9,0.025905
1,DMS-ACC,naive,ACC,10,0.945775
1,DMS-ACC,naive,ACC,11,1.063441
1,DMS-ACC,naive,ACC,12,1.738171
1,DMS-ACC,naive,ACC,13,1.772959
1,DMS-ACC,naive,ACC,14,0.0
1,DMS-ACC,naive,ACC,15,0.923777
1,DMS-ACC,naive,ACC,16,0.06882
1,DMS-ACC,naive,ACC,17,1.252183
1,DMS-ACC,naive,ACC,18,1.551609
1,DMS-ACC,naive,ACC,19,1.035712
1,DMS-ACC,naive,ACC,20,0.0
1,DMS-ACC,naive,ACC,21,0.040542
1,DMS-ACC,naive,ACC,22,1.221689
1,DMS-ACC,naive,ACC,23,1.037645
1,DMS-ACC,naive,ACC,24,1.17712
1,DMS-ACC,naive,ACC,25,0.0
1,DMS-ACC,naive,ACC,26,1.126693
1,DMS-ACC,naive,ACC,27,1.445297
1,DMS-ACC,naive,ACC,28,0.413678
1,DMS-ACC,naive,ACC,29,0.0
1,DMS-ACC,naive,ACC,30,1.598742
1,DMS-ACC,naive,ACC,31,0.0
1,DMS-ACC,naive,ACC,32,0.897884
1,DMS-ACC,naive,ACC,33,1.681773
1,DMS-ACC,intermediate,DMS,0,0.20588
1,DMS-ACC,intermediate,DMS,1,0.553848
1,DMS-ACC,intermediate,DMS,2,0.94469
1,DMS-ACC,intermediate,DMS,3,0.088483
1,DMS-ACC,intermediate,DMS,4,0.784911
1,DMS-ACC,intermediate,DMS,5,0.11337
1,DMS-ACC,intermediate,DMS,6,0.83006
1,DMS-ACC,intermediate,DMS,7,0.066037
1,DMS-ACC,intermediate,DMS,8,0.08267
1,DMS-ACC,intermediate,DMS,9,0.73475
1,DMS-ACC,intermediate,DMS,10,0.297619
1,DMS-ACC,intermediate,DMS,11,0.233782
1,DMS-ACC,intermediate,DMS,12,0.130008
1,DMS-ACC,intermediate,DMS,13,0.407289
1,DMS-ACC,intermediate,DMS,14,0.828279
1,DMS-ACC,intermediate,DMS,15,0.733412
1,DMS-ACC,intermediate,DMS,16,0.891512
1,DMS-ACC,intermediate,DMS,17,0.036752
1,DMS-ACC,intermediate,DMS,18,0.502377
1,DMS-ACC,intermediate,DMS,19,0.207571
1,DMS-ACC,intermediate,DMS,20,0.91446
1,DMS-ACC,intermediate,DMS,21,0.039067
1,DMS-ACC,intermediate,DMS,22,0.0
1,DMS-ACC,intermediate,DMS,23,0.803981
1,DMS-ACC,intermediate,DMS,24,0.84156
1,DMS-ACC,intermediate,DMS,25,0.457704
1,DMS-ACC,intermediate,DMS,26,0.059029
1,DMS-ACC,intermediate,DMS,27,0.379905
1,DMS-ACC,intermediate,DMS,28,0.127556
1,DMS-ACC,intermediate,DMS,29,0.723243
1,DMS-ACC,intermediate,DMS,30,0.038672
1,DMS-ACC,intermediate,DMS,31,0.671374
1,DMS-ACC,intermediate,DMS,32,0.071704
1,DMS-ACC,intermediate,DMS,33,0.044917
1,DMS-ACC,intermediate,DMS,34,0.056125
1,DMS-ACC,intermediate,DMS,35,0.044056
1,DMS-ACC,intermediate,DMS,36,0.138771
1,DMS-ACC,intermediate,DMS,37,0.687281
1,DMS-ACC,intermediate,DMS,38,0.442887
1,DMS-ACC,intermediate,DMS,39,0.137588
1,DMS-ACC,intermediate,DMS,40,0.848654
1,DMS-ACC,intermediate,DMS,41,0.435992
1,DMS-ACC,intermediate,DMS,42,0.0
1,DMS-ACC,intermediate,DMS,43,0.135712
1,DMS-ACC,intermediate,DMS,44,0.878314
1,DMS-ACC,intermediate,DMS,45,0.907084
1,DMS-ACC,intermediate,DMS,46,0.0
1,DMS-ACC,intermediate,DMS,47,0.167733
1,DMS-ACC,intermediate,DMS,48,0.024477
1,DMS-ACC,intermediate,DMS,49,0.068835
1,DMS-ACC,intermediate,DMS,50,0.3411
1,DMS-ACC,intermediate,DMS,51,0.899391
1,DMS-ACC,intermediate,DMS,52,0.06909
1,DMS-ACC,intermediate,DMS,53,0.864814
1,DMS-ACC,intermediate,DMS,54,0.177477
1,DMS-ACC,intermediate,DMS,55,0.93763
1,DMS-ACC,intermediate,ACC,0,1.249428
1,DMS-ACC,intermediate,ACC,1,1.4548
1,DMS-ACC,intermediate,ACC,2,1.328253
1,DMS-ACC,intermediate,ACC,3,1.334975
1,DMS-ACC,intermediate,ACC,4,0.753468
1,DMS-ACC,intermediate,ACC,5,0.823234
1,DMS-ACC,intermediate,ACC,6,1.475735
1,DMS-ACC,intermediate,ACC,7,0.008108
1,DMS-ACC,intermediate,ACC,8,1.130221
1,DMS-ACC,intermediate,ACC,9,0.033161
1,DMS-ACC,intermediate,ACC,10,0.920082
1,DMS-ACC,intermediate,ACC,11,0.944854
1,DMS-ACC,intermediate,ACC,12,0.002208
1,DMS-ACC,intermediate,ACC,13,1.150147
1,DMS-ACC,intermediate,ACC,14,0.016
1,DMS-ACC,intermediate,ACC,15,0.164154
1,DMS-ACC,intermediate,ACC,16,1.306318
1,DMS-ACC,intermediate,ACC,17,0.912278
1,DMS-ACC,intermediate,ACC,18,0.051765
1,DMS-ACC,intermediate,ACC,19,1.148828
1,DMS-ACC,intermediate,ACC,20,0.024286
1,DMS-ACC,intermediate,ACC,21,0.0
1,DMS-ACC,intermediate,ACC,22,0.01143
1,DMS-ACC,intermediate,ACC,23,0.914899
1,DMS-ACC,intermediate,ACC,24,1.046658
1,DMS-ACC,intermediate,ACC,25,0.0
1,DMS-ACC,intermediate,ACC,26,1.064468
1,DMS-ACC,intermediate,ACC,27,1.246184
1,DMS-ACC,intermediate,ACC,28,0.75213
1,DMS-ACC,intermediate,ACC,29,0.0
1,DMS-ACC,intermediate,ACC,30,1.31894
1,DMS-ACC,intermediate,ACC,31,0.055603
1,DMS-ACC,intermediate,ACC,32,1.32753
1,DMS-ACC,intermediate,ACC,33,0.434299
1,DMS-ACC,expert,DMS,0,0.190892
1,DMS-ACC,expert,DMS,1,0.262421
1,DMS-ACC,expert,DMS,2,0.822554
1,DMS-ACC,expert,DMS,3,0.178752
1,DMS-ACC,expert,DMS,4,0.717456
1,DMS-ACC,expert,DMS,5,0.265448
1,DMS-ACC,expert,DMS,6,0.511342
1,DMS-ACC,expert,DMS,7,0.731984
1,DMS-ACC,expert,DMS,8,0.064997
1,DMS-ACC,expert,DMS,9,0.106689
1,DMS-ACC,expert,DMS,10,0.210965
1,DMS-ACC,expert,DMS,11,0.202938
1,DMS-ACC,expert,DMS,12,0.508896
1,DMS-ACC,expert,DMS,13,0.170166
1,DMS-ACC,expert,DMS,14,0.783317
1,DMS-ACC,expert,DMS,15,0.768031
1,DMS-ACC,expert,DMS,16,0.158666
1,DMS-ACC,expert,DMS,17,0.89998
1,DMS-ACC,expert,DMS,18,0.762704
1,DMS-ACC,expert,DMS,19,0.656228
1,DMS-ACC,expert,DMS,20,0.660784
1,DMS-ACC,expert,DMS,21,0.047776
1,DMS-ACC,expert,DMS,22,0.0
1,DMS-ACC,expert,DMS,23,0.85226
1,DMS-ACC,expert,DMS,24,0.840429
1,DMS-ACC,expert,DMS,25,0.118817
1,DMS-ACC,expert,DMS,26,0.02483
1,DMS-ACC,expert,DMS,27,0.231869
1,DMS-ACC,expert,DMS,28,0.067259
1,DMS-ACC,expert,DMS,29,0.644302
1,DMS-ACC,expert,DMS,30,0.210498
1,DMS-ACC,expert,DMS,31,0.758404
1,DMS-ACC,expert,DMS,32,0.731447
1,DMS-ACC,expert,DMS,33,0.009372
1,DMS-ACC,expert,DMS,34,0.078735
1,DMS-ACC,expert,DMS,35,0.201484
1,DMS-ACC,expert,DMS,36,0.036902
1,DMS-ACC,expert,DMS,37,0.596019
1,DMS-ACC,expert,DMS,38,1.004907
1,DMS-ACC,expert,DMS,39,0.841974
1,DMS-ACC,expert,DMS,40,0.863674
1,DMS-ACC,expert,DMS,41,0.169396
1,DMS-ACC,expert,DMS,42,0.007961
1,DMS-ACC,expert,DMS,43,0.044298
1,DMS-ACC,expert,DMS,44,0.847375
1,DMS-ACC,expert,DMS,45,0.716671
1,DMS-ACC,expert,DMS,46,0.026771
1,DMS-ACC,expert,DMS,47,0.231386
1,DMS-ACC,expert,DMS,48,0.0
1,DMS-ACC,expert,DMS,49,0.07915
1,DMS-ACC,expert,DMS,50,0.077054
1,DMS-ACC,expert,DMS,51,0.880417
1,DMS-ACC,expert,DMS,52,0.102746
1,DMS-ACC,expert,DMS,53,0.229921
1,DMS-ACC,expert,DMS,54,0.16758
1,DMS-ACC,expert,DMS,55,0.867189
1,DMS-ACC,expert,ACC,0,0.935844
1,DMS-ACC,expert,ACC,1,0.573737
1,DMS-ACC,expert,ACC,2,1.130847
1,DMS-ACC,expert,ACC,3,1.093116
1,DMS-ACC,expert,ACC,4,0.761549
1,DMS-ACC,expert,ACC,5,0.584816
1,DMS-ACC,expert,ACC,6,0.0
1,DMS-ACC,expert,ACC,7,0.0
1,DMS-ACC,expert,ACC,8,1.101665
1,DMS-ACC,expert,ACC,9,0.078848
1,DMS-ACC,expert,ACC,10,0.849222
1,DMS-ACC,expert,ACC,11,1.038642
1,DMS-ACC,expert,ACC,12,0.119878
1,DMS-ACC,expert,ACC,13,0.941692
1,DMS-ACC,expert,ACC,14,0.031229
1,DMS-ACC,expert,ACC,15,0.877651
1,DMS-ACC,expert,ACC,16,0.126627
1,DMS-ACC,expert,ACC,17,0.781084
1,DMS-ACC,expert,ACC,18,0.341243
1,DMS-ACC,expert,ACC,19,0.990521
1,DMS-ACC,expert,ACC,20,0.997848
1,DMS-ACC,expert,ACC,21,0.045725
1,DMS-ACC,expert,ACC,22,0.004524
1,DMS-ACC,expert,ACC,23,0.792027
1,DMS-ACC,expert,ACC,24,0.865024
1,DMS-ACC,expert,ACC,25,1.000433
1,DMS-ACC,expert,ACC,26,1.10176
1,DMS-ACC,expert,ACC,27,1.003215
1,DMS-ACC,expert,ACC,28,0.785078
1,DMS-ACC,expert,ACC,29,1.065519
1,DMS-ACC,expert,ACC,30,1.187846
1,DMS-ACC,expert,ACC,31,0.303755
1,DMS-ACC,expert,ACC,32,0.061834
1,DMS-ACC,expert,ACC,33,0.121442
1,DLS-ACC,naive,DLS,0,0.0
1,DLS-ACC,naive,DLS,1,0.571291
1,DLS-ACC,naive,DLS,2,0.75888
1,DLS-ACC,naive,DLS,3,1.049843
1,DLS-ACC,naive,DLS,4,0.152055
1,DLS-ACC,naive,DLS,5,1.071458
1,DLS-ACC,naive,DLS,6,0.152565
1,DLS-ACC,naive,DLS,7,0.973409
1,DLS-ACC,naive,DLS,8,1.463458
1,DLS-ACC,naive,DLS,9,0.584231
1,DLS-ACC,naive,DLS,10,0.187851
1,DLS-ACC,naive,DLS,11,0.6551
1,DLS-ACC,naive,DLS,12,1.295021
1,DLS-ACC,naive,DLS,13,0.0
1,DLS-ACC,naive,DLS,14,0.82004
1,DLS-ACC,naive,DLS,15,0.368243
1,DLS-ACC,naive,DLS,16,0.973386
1,DLS-ACC,naive,DLS,17,0.782784
1,DLS-ACC,naive,DLS,18,0.719221
1,DLS-ACC,naive,DLS,19,0.998692
1,DLS-ACC,naive,DLS,20,0.007051
1,DLS-ACC,naive,DLS,21,0.0
1,DLS-ACC,naive,DLS,22,0.955833
1,DLS-ACC,naive,DLS,23,0.751505
1,DLS-ACC,naive,DLS,24,0.0
1,DLS-ACC,naive,DLS,25,0.818885
1,DLS-ACC,naive,DLS,26,0.669482
1,DLS-ACC,naive,DLS,27,0.122709
1,DLS-ACC,naive,DLS,28,0.0
1,DLS-ACC,naive,DLS,29,0.766679
1,DLS-ACC,naive,DLS,30,1.034341
1,DLS-ACC,naive,DLS,31,0.160714
1,DLS-ACC,naive,DLS,32,0.901996
1,DLS-ACC,naive,DLS,33,0.016554
1,DLS-ACC,naive,DLS,34,0.685889
1,DLS-ACC,naive,DLS,35,1.103171
1,DLS-ACC,naive,DLS,36,0.016417
1,DLS-ACC,naive,DLS,37,0.845175
1,DLS-ACC,naive,ACC,0,1.679145
1,DLS-ACC,naive,ACC,1,0.103348
1,DLS-ACC,naive,ACC,2,0.012831
1,DLS-ACC,naive,ACC,3,1.28714
1,DLS-ACC,naive,ACC,4,1.004736
1,DLS-ACC,naive,ACC,5,0.703964
1,DLS-ACC,naive,ACC,6,0.0
1,DLS-ACC,naive,ACC,7,0.0
1,DLS-ACC,naive,ACC,8,1.293763
1,DLS-ACC,naive,ACC,9,0.025905
1,DLS-ACC,naive,ACC,10,0.945775
1,DLS-ACC,naive,ACC,11,1.063441
1,DLS-ACC,naive,ACC,12,1.738171
1,DLS-ACC,naive,ACC,13,1.772959
1,DLS-ACC,naive,ACC,14,0.0
1,DLS-ACC,naive,ACC,15,0.923777
1,DLS-ACC,naive,ACC,16,0.06882
1,DLS-ACC,naive,ACC,17,1.252183
1,DLS-ACC,naive,ACC,18,1.551609
1,DLS-ACC,naive,ACC,19,1.035712
1,DLS-ACC,naive,ACC,20,0.0
1,DLS-ACC,naive,ACC,21,0.040542
1,DLS-ACC,naive,ACC,22,1.221689
1,DLS-ACC,naive,ACC,23,1.037645
1,DLS-ACC,naive,ACC,24,1.17712
1,DLS-ACC,naive,ACC,25,0.0
1,DLS-ACC,naive,ACC,26,1.126693
1,DLS-ACC,naive,ACC,27,1.445297
1,DLS-ACC,naive,ACC,28,0.413678
1,DLS-ACC,naive,ACC,29,0.0
1,DLS-ACC,naive,ACC,30,1.598742
1,DLS-ACC,naive,ACC,31,0.0
1,DLS-ACC,naive,ACC,32,0.897884
1,DLS-ACC,naive,ACC,33,1.681773
1,DLS-ACC,intermediate,DLS,0,0.375994
1,DLS-ACC,intermediate,DLS,1,0.608137
1,DLS-ACC,intermediate,DLS,2,0.583324
1,DLS-ACC,intermediate,DLS,3,0.998817
1,DLS-ACC,intermediate,DLS,4,0.929309
1,DLS-ACC,intermediate,DLS,5,0.034418
1,DLS-ACC,intermediate,DLS,6,0.087598
1,DLS-ACC,intermediate,DLS,7,0.970258
1,DLS-ACC,intermediate,DLS,8,0.831876
1,DLS-ACC,intermediate,DLS,9,0.666459
1,DLS-ACC,intermediate,DLS,10,0.088685
1,DLS-ACC,intermediate,DLS,11,1.008163
1,DLS-ACC,intermediate,DLS,12,0.233329
1,DLS-ACC,intermediate,DLS,13,0.0
1,DLS-ACC,intermediate,DLS,14,0.515989
1,DLS-ACC,intermediate,DLS,15,0.736849
1,DLS-ACC,intermediate,DLS,16,0.761814
1,DLS-ACC,intermediate,DLS,17,0.765761
1,DLS-ACC,intermediate,DLS,18,0.707748
1,DLS-ACC,intermediate,DLS,19,0.992253
1,DLS-ACC,intermediate,DLS,20,0.641554
1,DLS-ACC,intermediate,DLS,21,0.807661
1,DLS-ACC,intermediate,DLS,22,0.940987
1,DLS-ACC,intermediate,DLS,23,0.0
1,DLS-ACC,intermediate,DLS,24,0.038801
1,DLS-ACC,intermediate,DLS,25,0.0
1,DLS-ACC,intermediate,DLS,26,0.083791
1,DLS-ACC,intermediate,DLS,27,0.062495
1,DLS-ACC,intermediate,DLS,28,0.0
1,DLS-ACC,intermediate,DLS,29,0.753578
1,DLS-ACC,intermediate,DLS,30,0.549264
1,DLS-ACC,intermediate,DLS,31,0.500934
1,DLS-ACC,intermediate,DLS,32,0.461044
1,DLS-ACC,intermediate,DLS,33,0.451977
1,DLS-ACC,intermediate,DLS,34,0.790701
1,DLS-ACC,intermediate,DLS,35,0.234666
1,DLS-ACC,intermediate,DLS,36,0.0
1,DLS-ACC,intermediate,DLS,37,0.560446
1,DLS-ACC,intermediate,ACC,0,1.249428
1,DLS-ACC,intermediate,ACC,1,1.4548
1,DLS-ACC,intermediate,ACC,2,1.328253
1,DLS-ACC,intermediate,ACC,3,1.334975
1,DLS-ACC,intermediate,ACC,4,0.753468
1,DLS-ACC,intermediate,ACC,5,0.823234
1,DLS-ACC,intermediate,ACC,6,1.475735
1,DLS-ACC,intermediate,ACC,7,0.008108
1,DLS-ACC,intermediate,ACC,8,1.130221
1,DLS-ACC,intermediate,ACC,9,0.033161
1,DLS-ACC,intermediate,ACC,10,0.920082
1,DLS-ACC,intermediate,ACC,11,0.944854
1,DLS-ACC,intermediate,ACC,12,0.002208
1,DLS-ACC,intermediate,ACC,13,1.150147
1,DLS-ACC,intermediate,ACC,14,0.016
1,DLS-ACC,intermediate,ACC,15,0.164154
1,DLS-ACC,intermediate,ACC,16,1.306318
1,DLS-ACC,intermediate,ACC,17,0.912278
1,DLS-ACC,intermediate,ACC,18,0.051765
1,DLS-ACC,intermediate,ACC,19,1.148828
1,DLS-ACC,intermediate,ACC,20,0.024286
1,DLS-ACC,intermediate,ACC,21,0.0
1,DLS-ACC,intermediate,ACC,22,0.01143
1,DLS-ACC,intermediate,ACC,23,0.914899
1,DLS-ACC,intermediate,ACC,24,1.046658
1,DLS-ACC,intermediate,ACC,25,0.0
1,DLS-ACC,intermediate,ACC,26,1.064468
1,DLS-ACC,intermediate,ACC,27,1.246184
1,DLS-ACC,intermediate,ACC,28,0.75213
1,DLS-ACC,intermediate,ACC,29,0.0
1,DLS-ACC,intermediate,ACC,30,1.31894
1,DLS-ACC,intermediate,ACC,31,0.055603
1,DLS-ACC,intermediate,ACC,32,1.32753
1,DLS-ACC,intermediate,ACC,33,0.434299
1,DLS-ACC,expert,DLS,0,0.043245
1,DLS-ACC,expert,DLS,1,0.692608
1,DLS-ACC,expert,DLS,2,0.60833
1,DLS-ACC,expert,DLS,3,1.064289
1,DLS-ACC,expert,DLS,4,0.917276
1,DLS-ACC,expert,DLS,5,0.108904
1,DLS-ACC,expert,DLS,6,1.063359
1,DLS-ACC,expert,DLS,7,1.00418
1,DLS-ACC,expert,DLS,8,0.81571
1,DLS-ACC,expert,DLS,9,0.025126
1,DLS-ACC,expert,DLS,10,0.134416
1,DLS-ACC,expert,DLS,11,1.302822
1,DLS-ACC,expert,DLS,12,0.900941
1,DLS-ACC,expert,DLS,13,0.0
1,DLS-ACC,expert,DLS,14,0.465444
1,DLS-ACC,expert,DLS,15,0.723076
1,DLS-ACC,expert,DLS,16,0.364789
1,DLS-ACC,expert,DLS,17,0.154519
1,DLS-ACC,expert,DLS,18,1.000457
1,DLS-ACC,expert,DLS,19,1.000178
1,DLS-ACC,expert,DLS,20,0.938939
1,DLS-ACC,expert,DLS,21,0.0
1,DLS-ACC,expert,DLS,22,0.866965
1,DLS-ACC,expert,DLS,23,0.0
1,DLS-ACC,expert,DLS,24,1.311022
1,DLS-ACC,expert,DLS,25,0.579251
1,DLS-ACC,expert,DLS,26,0.433489
1,DLS-ACC,expert,DLS,27,0.163281
1,DLS-ACC,expert,DLS,28,0.0
1,DLS-ACC,expert,DLS,29,0.034985
1,DLS-ACC,expert,DLS,30,0.0
1,DLS-ACC,expert,DLS,31,0.996566
1,DLS-ACC,expert,DLS,32,0.367813
1,DLS-ACC,expert,DLS,33,1.260087
1,DLS-ACC,expert,DLS,34,0.034321
1,DLS-ACC,expert,DLS,35,1.047218
1,DLS-ACC,expert,DLS,36,0.872151
1,DLS-ACC,expert,DLS,37,1.069547
1,DLS-ACC,expert,ACC,0,0.935844
1,DLS-ACC,expert,ACC,1,0.573737
1,DLS-ACC,expert,ACC,2,1.130847
1,DLS-ACC,expert,ACC,3,1.093116
1,DLS-ACC,expert,ACC,4,0.761549
1,DLS-ACC,expert,ACC,5,0.584816
1,DLS-ACC,expert,ACC,6,0.0
1,DLS-ACC,expert,ACC,7,0.0
1,DLS-ACC,expert,ACC,8,1.101665
1,DLS-ACC,expert,ACC,9,0.078848
1,DLS-ACC,expert,ACC,10,0.849222
1,DLS-ACC,expert,ACC,11,1.038642
1,DLS-ACC,expert,ACC,12,0.119878
1,DLS-ACC,expert,ACC,13,0.941692
1,DLS-ACC,expert,ACC,14,0.031229
1,DLS-ACC,expert,ACC,15,0.877651
1,DLS-ACC,expert,ACC,16,0.126627
1,DLS-ACC,expert,ACC,17,0.781084
1,DLS-ACC,expert,ACC,18,0.341243
1,DLS-ACC,expert,ACC,19,0.990521
1,DLS-ACC,expert,ACC,20,0.997848
1,DLS-ACC,expert,ACC,21,0.045725
1,DLS-ACC,expert,ACC,22,0.004524
1,DLS-ACC,expert,ACC,23,0.792027
1,DLS-ACC,expert,ACC,24,0.865024
1,DLS-ACC,expert,ACC,25,1.000433
1,DLS-ACC,expert,ACC,26,1.10176
1,DLS-ACC,expert,ACC,27,1.003215
1,DLS-ACC,expert,ACC,28,0.785078
1,DLS-ACC,expert,ACC,29,1.065519
1,DLS-ACC,expert,ACC,30,1.187846
1,DLS-ACC,expert,ACC,31,0.303755
1,DLS-ACC,expert,ACC,32,0.061834
1,DLS-ACC,expert,ACC,33,0.121442
2,DMS-DLS,naive,DMS,0,0.095669
2,DMS-DLS,naive,DMS,1,0.057154
2,DMS-DLS,naive,DMS,2,0.044107
2,DMS-DLS,naive,DMS,3,0.073611
2,DMS-DLS,naive,DMS,4,0.0
2,DMS-DLS,naive,DMS,5,0.932996
2,DMS-DLS,naive,DMS,6,0.899064
2,DMS-DLS,naive,DMS,7,0.082298
2,DMS-DLS,naive,DMS,8,0.042318
2,DMS-DLS,naive,DMS,9,0.000633
2,DMS-DLS,naive,DMS,10,1.049365
2,DMS-DLS,naive,DMS,11,0.0
2,DMS-DLS,naive,DMS,12,0.0
2,DMS-DLS,naive,DMS,13,0.074953
2,DMS-DLS,naive,DMS,14,0.0
2,DMS-DLS,naive,DMS,15,0.073138
2,DMS-DLS,naive,DMS,16,0.034127
2,DMS-DLS,naive,DMS,17,0.0
2,DMS-DLS,naive,DMS,18,0.482947
2,DMS-DLS,naive,DMS,19,0.296905
2,DMS-DLS,naive,DMS,20,0.024413
2,DMS-DLS,naive,DMS,21,0.006117
2,DMS-DLS,naive,DMS,22,0.786073
2,DMS-DLS,naive,DMS,23,0.0
2,DMS-DLS,naive,DMS,24,0.0
2,DMS-DLS,naive,DMS,25,0.742668
2,DMS-DLS,naive,DMS,26,0.524115
2,DMS-DLS,naive,DMS,27,0.933677
2,DMS-DLS,naive,DMS,28,0.0
2,DMS-DLS,naive,DMS,29,0.024939
2,DMS-DLS,naive,DMS,30,0.38744
2,DMS-DLS,naive,DMS,31,0.0
2,DMS-DLS,naive,DMS,32,0.0
2,DMS-DLS,naive,DMS,33,0.859
2,DMS-DLS,naive,DMS,34,0.179182
2,DMS-DLS,naive,DMS,35,0.074292
2,DMS-DLS,naive,DMS,36,0.035102
2,DMS-DLS,naive,DMS,37,0.973096
2,DMS-DLS,naive,DMS,38,0.0
2,DMS-DLS,naive,DMS,39,0.008266
2,DMS-DLS,naive,DMS,40,0.0
2,DMS-DLS,naive,DMS,41,0.002967
2,DMS-DLS,naive,DMS,42,0.0
2,DMS-DLS,naive,DMS,43,0.030742
2,DMS-DLS,naive,DMS,44,0.027316
2,DMS-DLS,naive,DMS,45,0.051543
2,DMS-DLS,naive,DMS,46,0.851415
2,DMS-DLS,naive,DMS,47,0.835942
2,DMS-DLS,naive,DMS,48,0.812382
2,DMS-DLS,naive,DMS,49,0.0
2,DMS-DLS,naive,DMS,50,0.403545
2,DMS-DLS,naive,DMS,51,0.0
2,DMS-DLS,naive,DMS,52,0.87598
2,DMS-DLS,naive,DMS,53,0.994375
2,DMS-DLS,naive,DMS,54,0.004748
2,DMS-DLS,naive,DMS,55,0.11103
2,DMS-DLS,naive,DMS,56,0.908241
2,DMS-DLS,naive,DMS,57,0.083851
2,DMS-DLS,naive,DMS,58,0.0
2,DMS-DLS,naive,DMS,59,0.921321
2,DMS-DLS,naive,DMS,60,0.0
2,DMS-DLS,naive,DMS,61,0.082394
2,DMS-DLS,naive,DMS,62,0.882798
2,DMS-DLS,naive,DMS,63,0.628788
2,DMS-DLS,naive,DMS,64,0.414886
2,DMS-DLS,naive,DLS,0,1.276826
2,DMS-DLS,naive,DLS,1,0.216931
2,DMS-DLS,naive,DLS,2,0.507636
2,DMS-DLS,naive,DLS,3,0.066556
2,DMS-DLS,naive,DLS,4,1.336694
2,DMS-DLS,naive,DLS,5,0.1348
2,DMS-DLS,naive,DLS,6,0.139797
2,DMS-DLS,naive,DLS,7,0.042264
2,DMS-DLS,naive,DLS,8,0.127143
2,DMS-DLS,naive,DLS,9,0.04382
2,DMS-DLS,naive,DLS,10,1.075833
2,DMS-DLS,naive,DLS,11,0.934134
2,DMS-DLS,naive,DLS,12,0.910032
2,DMS-DLS,naive,DLS,13,0.0
2,DMS-DLS,naive,DLS,14,1.241482
2,DMS-DLS,naive,DLS,15,0.011234
2,DMS-DLS,naive,DLS,16,0.184826
2,DMS-DLS,naive,DLS,17,0.0
2,DMS-DLS,naive,DLS,18,0.0
2,DMS-DLS,naive,DLS,19,1.09001
2,DMS-DLS,naive,DLS,20,0.08396
2,DMS-DLS,naive,DLS,21,0.088128
2,DMS-DLS,naive,DLS,22,0.0
2,DMS-DLS,naive,DLS,23,0.805157
2,DMS-DLS,naive,DLS,24,1.362844
2,DMS-DLS,naive,DLS,25,0.028691
2,DMS-DLS,naive,DLS,26,0.560182
2,DMS-DLS,naive,DLS,27,0.003495
2,DMS-DLS,naive,DLS,28,0.350889
2,DMS-DLS,naive,DLS,29,0.0
2,DMS-DLS,naive,DLS,30,0.704882
2,DMS-DLS,naive,DLS,31,0.082496
2,DMS-DLS,naive,DLS,32,0.219722
2,DMS-DLS,naive,DLS,33,0.0
2,DMS-DLS,naive,DLS,34,0.077464
2,DMS-DLS,naive,DLS,35,0.138417
2,DMS-DLS,naive,DLS,36,0.48695
2,DMS-DLS,naive,DLS,37,0.38888
2,DMS-DLS,naive,DLS,38,0.16803
2,DMS-DLS,naive,DLS,39,0.862078
2,DMS-DLS,naive,DLS,40,0.904605
2,DMS-DLS,naive,DLS,41,0.26945
2,DMS-DLS,naive,DLS,42,1.099777
2,DMS-DLS,naive,DLS,43,0.022478
2,DMS-DLS,naive,DLS,44,0.0
2,DMS-DLS,naive,DLS,45,1.033392
2,DMS-DLS,naive,DLS,46,1.331464
2,DMS-DLS,naive,DLS,47,0.0
2,DMS-DLS,naive,DLS,48,0.676235
2,DMS-DLS,naive,DLS,49,0.519931
2,DMS-DLS,naive,DLS,50,0.03333
2,DMS-DLS,naive,DLS,51,0.152129
2,DMS-DLS,naive,DLS,52,0.961408
2,DMS-DLS,naive,DLS,53,0.553497
2,DMS-DLS,naive,DLS,54,0.127403
2,DMS-DLS,naive,DLS,55,1.188594
2,DMS-DLS,naive,DLS,56,0.086979
2,DMS-DLS,naive,DLS,57,0.172397
2,DMS-DLS,naive,DLS,58,0.103022
2,DMS-DLS,intermediate,DMS,0,0.121724
2,DMS-DLS,intermediate,DMS,1,0.726651
2,DMS-DLS,intermediate,DMS,2,0.770572
2,DMS-DLS,intermediate,DMS,3,0.969706
2,DMS-DLS,intermediate,DMS,4,0.0
2,DMS-DLS,intermediate,DMS,5,0.639731
2,DMS-DLS,intermediate,DMS,6,0.007901
2,DMS-DLS,intermediate,DMS,7,0.101967
2,DMS-DLS,intermediate,DMS,8,1.098487
2,DMS-DLS,intermediate,DMS,9,0.0
2,DMS-DLS,intermediate,DMS,10,0.958021
2,DMS-DLS,intermediate,DMS,11,0.0
2,DMS-DLS,intermediate,DMS,12,0.0
2,DMS-DLS,intermediate,DMS,13,0.311774
2,DMS-DLS,intermediate,DMS,14,0.0
2,DMS-DLS,intermediate,DMS,15,0.163794
2,DMS-DLS,intermediate,DMS,16,0.043376
2,DMS-DLS,intermediate,DMS,17,0.0
2,DMS-DLS,intermediate,DMS,18,0.527794
2,DMS-DLS,intermediate,DMS,19,0.030424
2,DMS-DLS,intermediate,DMS,20,0.0
2,DMS-DLS,intermediate,DMS,21,0.065607
2,DMS-DLS,intermediate,DMS,22,0.243988
2,DMS-DLS,intermediate,DMS,23,0.0
2,DMS-DLS,intermediate,DMS,24,0.0
2,DMS-DLS,intermediate,DMS,25,0.845405
2,DMS-DLS,intermediate,DMS,26,0.11393
2,DMS-DLS,intermediate,DMS,27,0.406257
2,DMS-DLS,intermediate,DMS,28,0.565971
2,DMS-DLS,intermediate,DMS,29,0.962359
2,DMS-DLS,intermediate,DMS,30,0.423581
2,DMS-DLS,intermediate,DMS,31,0.0
2,DMS-DLS,intermediate,DMS,32,1.122212
2,DMS-DLS,intermediate,DMS,33,0.0
2,DMS-DLS,intermediate,DMS,34,0.0
2,DMS-DLS,intermediate,DMS,35,0.178972
2,DMS-DLS,intermediate,DMS,36,0.0
2,DMS-DLS,intermediate,DMS,37,1.151411
2,DMS-DLS,intermediate,DMS,38,0.0
2,DMS-DLS,intermediate,DMS,39,0.0
2,DMS-DLS,intermediate,DMS,40,0.183797
2,DMS-DLS,intermediate,DMS,41,0.00441
2,DMS-DLS,intermediate,DMS,42,0.0
2,DMS-DLS,intermediate,DMS,43,0.015505
2,DMS-DLS,intermediate,DMS,44,0.012612
2,DMS-DLS,intermediate,DMS,45,0.063427
2,DMS-DLS,intermediate,DMS,46,0.0
2,DMS-DLS,intermediate,DMS,47,0.95022
2,DMS-DLS,intermediate,DMS,48,1.004949
2,DMS-DLS,intermediate,DMS,49,0.0
2,DMS-DLS,intermediate,DMS,50,0.908313
2,DMS-DLS,intermediate,DMS,51,0.0
2,DMS-DLS,intermediate,DMS,52,0.288066
2,DMS-DLS,intermediate,DMS,53,0.061028
2,DMS-DLS,intermediate,DMS,54,0.042758
2,DMS-DLS,intermediate,DMS,55,0.0
2,DMS-DLS,intermediate,DMS,56,0.274362
2,DMS-DLS,intermediate,DMS,57,0.0
2,DMS-DLS,intermediate,DMS,58,0.730008
2,DMS-DLS,intermediate,DMS,59,0.120005
2,DMS-DLS,intermediate,DMS,60,0.02297
2,DMS-DLS,intermediate,DMS,61,0.993999
2,DMS-DLS,intermediate,DMS,62,0.206334
2,DMS-DLS,intermediate,DMS,63,0.793654
2,DMS-DLS,intermediate,DMS,64,0.697633
2,DMS-DLS,intermediate,DLS,0,0.886987
2,DMS-DLS,intermediate,DLS,1,0.408678
2,DMS-DLS,intermediate,DLS,2,0.789073
2,DMS-DLS,intermediate,DLS,3,0.852741
2,DMS-DLS,intermediate,DLS,4,0.951657
2,DMS-DLS,intermediate,DLS,5,0.843983
2,DMS-DLS,intermediate,DLS,6,0.214591
2,DMS-DLS,intermediate,DLS,7,0.511283
2,DMS-DLS,intermediate,DLS,8,0.890675
2,DMS-DLS,intermediate,DLS,9,0.574483
2,DMS-DLS,intermediate,DLS,10,0.768923
2,DMS-DLS,intermediate,DLS,11,0.203072
2,DMS-DLS,intermediate,DLS,12,0.015478
2,DMS-DLS,intermediate,DLS,13,0.1141
2,DMS-DLS,intermediate,DLS,14,0.20644
2,DMS-DLS,intermediate,DLS,15,0.076804
2,DMS-DLS,intermediate,DLS,16,0.381282
2,DMS-DLS,intermediate,DLS,17,0.0
2,DMS-DLS,intermediate,DLS,18,0.77311
2,DMS-DLS,intermediate,DLS,19,0.899773
2,DMS-DLS,intermediate,DLS,20,0.038081
2,DMS-DLS,intermediate,DLS,21,0.807339
2,DMS-DLS,intermediate,DLS,22,0.0
2,DMS-DLS,intermediate,DLS,23,0.912577
2,DMS-DLS,intermediate,DLS,24,0.696073
2,DMS-DLS,intermediate,DLS,25,0.168837
2,DMS-DLS,intermediate,DLS,26,0.012278
2,DMS-DLS,intermediate,DLS,27,0.003246
2,DMS-DLS,intermediate,DLS,28,0.691045
2,DMS-DLS,intermediate,DLS,29,0.0
2,DMS-DLS,intermediate,DLS,30,0.403864
2,DMS-DLS,intermediate,DLS,31,0.582308
2,DMS-DLS,intermediate,DLS,32,0.064016
2,DMS-DLS,intermediate,DLS,33,0.080615
2,DMS-DLS,intermediate,DLS,34,0.22372
2,DMS-DLS,intermediate,DLS,35,0.241143
2,DMS-DLS,intermediate,DLS,36,0.485165
2,DMS-DLS,intermediate,DLS,37,0.431934
2,DMS-DLS,intermediate,DLS,38,0.09319
2,DMS-DLS,intermediate,DLS,39,0.051992
2,DMS-DLS,intermediate,DLS,40,0.835187
2,DMS-DLS,intermediate,DLS,41,0.064456
2,DMS-DLS,intermediate,DLS,42,0.209659
2,DMS-DLS,intermediate,DLS,43,0.376751
2,DMS-DLS,intermediate,DLS,44,0.028862
2,DMS-DLS,intermediate,DLS,45,0.679121
2,DMS-DLS,intermediate,DLS,46,0.798053
2,DMS-DLS,intermediate,DLS,47,0.0
2,DMS-DLS,intermediate,DLS,48,0.225874
2,DMS-DLS,intermediate,DLS,49,0.328643
2,DMS-DLS,intermediate,DLS,50,0.07498
2,DMS-DLS,intermediate,DLS,51,0.075417
2,DMS-DLS,intermediate,DLS,52,0.671215
2,DMS-DLS,intermediate,DLS,53,0.014209
2,DMS-DLS,intermediate,DLS,54,0.055871
2,DMS-DLS,intermediate,DLS,55,0.091176
2,DMS-DLS,intermediate,DLS,56,0.465489
2,DMS-DLS,intermediate,DLS,57,0.431015
2,DMS-DLS,intermediate,DLS,58,0.063289
2,DMS-DLS,expert,DMS,0,0.035541
2,DMS-DLS,expert,DMS,1,0.088947
2,DMS-DLS,expert,DMS,2,0.843363
2,DMS-DLS,expert,DMS,3,0.895422
2,DMS-DLS,expert,DMS,4,0.0
2,DMS-DLS,expert,DMS,5,0.591359
2,DMS-DLS,expert,DMS,6,0.049347
2,DMS-DLS,expert,DMS,7,1.022924
2,DMS-DLS,expert,DMS,8,1.056227
2,DMS-DLS,expert,DMS,9,0.042999
2,DMS-DLS,expert,DMS,10,0.296266
2,DMS-DLS,expert,DMS,11,0.0
2,DMS-DLS,expert,DMS,12,0.0
2,DMS-DLS,expert,DMS,13,0.134583
2,DMS-DLS,expert,DMS,14,0.0
2,DMS-DLS,expert,DMS,15,0.206357
2,DMS-DLS,expert,DMS,16,0.21455
2,DMS-DLS,expert,DMS,17,0.124053
2,DMS-DLS,expert,DMS,18,0.902595
2,DMS-DLS,expert,DMS,19,0.043319
2,DMS-DLS,expert,DMS,20,0.039897
2,DMS-DLS,expert,DMS,21,0.039051
2,DMS-DLS,expert,DMS,22,0.0
2,DMS-DLS,expert,DMS,23,0.0
2,DMS-DLS,expert,DMS,24,0.0
2,DMS-DLS,expert,DMS,25,0.776347
2,DMS-DLS,expert,DMS,26,0.900054
2,DMS-DLS,expert,DMS,27,0.591933
2,DMS-DLS,expert,DMS,28,1.053123
2,DMS-DLS,expert,DMS,29,0.630799
2,DMS-DLS,expert,DMS,30,0.264265
2,DMS-DLS,expert,DMS,31,0.0
2,DMS-DLS,expert,DMS,32,0.057956
2,DMS-DLS,expert,DMS,33,0.08638
2,DMS-DLS,expert,DMS,34,0.010683
2,DMS-DLS,expert,DMS,35,0.535276
2,DMS-DLS,expert,DMS,36,1.027814
2,DMS-DLS,expert,DMS,37,0.632251
2,DMS-DLS,expert,DMS,38,0.0
2,DMS-DLS,expert,DMS,39,0.0
2,DMS-DLS,expert,DMS,40,0.0
2,DMS-DLS,expert,DMS,41,0.044604
2,DMS-DLS,expert,DMS,42,0.0
2,DMS-DLS,expert,DMS,43,1.127429
2,DMS-DLS,expert,DMS,44,0.020184
2,DMS-DLS,expert,DMS,45,0.094893
2,DMS-DLS,expert,DMS,46,0.0
2,DMS-DLS,expert,DMS,47,1.082854
2,DMS-DLS,expert,DMS,48,0.948963
2,DMS-DLS,expert,DMS,49,0.005459
2,DMS-DLS,expert,DMS,50,0.940507
2,DMS-DLS,expert,DMS,51,0.0
2,DMS-DLS,expert,DMS,52,0.819992
2,DMS-DLS,expert,DMS,53,0.125621
2,DMS-DLS,expert,DMS,54,0.079908
2,DMS-DLS,expert,DMS,55,0.173147
2,DMS-DLS,expert,DMS,56,0.386274
2,DMS-DLS,expert,DMS,57,0.254582
2,DMS-DLS,expert,DMS,58,0.056071
2,DMS-DLS,expert,DMS,59,0.068396
2,DMS-DLS,expert,DMS,60,0.052679
2,DMS-DLS,expert,DMS,61,0.053773
2,DMS-DLS,expert,DMS,62,0.180773
2,DMS-DLS,expert,DMS,63,1.053009
2,DMS-DLS,expert,DMS,64,0.771447
2,DMS-DLS,expert,DLS,0,0.951049
2,DMS-DLS,expert,DLS,1,0.040477
2,DMS-DLS,expert,DLS,2,0.129235
2,DMS-DLS,expert,DLS,3,0.895482
2,DMS-DLS,expert,DLS,4,0.89463
2,DMS-DLS,expert,DLS,5,0.925726
2,DMS-DLS,expert,DLS,6,0.751713
2,DMS-DLS,expert,DLS,7,0.0
2,DMS-DLS,expert,DLS,8,0.856006
2,DMS-DLS,expert,DLS,9,0.0
2,DMS-DLS,expert,DLS,10,0.731703
2,DMS-DLS,expert,DLS,11,0.927585
2,DMS-DLS,expert,DLS,12,0.023847
2,DMS-DLS,expert,DLS,13,0.0
2,DMS-DLS,expert,DLS,14,0.196573
2,DMS-DLS,expert,DLS,15,0.015382
2,DMS-DLS,expert,DLS,16,0.377737
2,DMS-DLS,expert,DLS,17,0.0
2,DMS-DLS,expert,DLS,18,0.643087
2,DMS-DLS,expert,DLS,19,0.884207
2,DMS-DLS,expert,DLS,20,0.060942
2,DMS-DLS,expert,DLS,21,0.159696
2,DMS-DLS,expert,DLS,22,0.055994
2,DMS-DLS,expert,DLS,23,0.665694
2,DMS-DLS,expert,DLS,24,0.759318
2,DMS-DLS,expert,DLS,25,0.716589
2,DMS-DLS,expert,DLS,26,0.0
2,DMS-DLS,expert,DLS,27,0.052629
2,DMS-DLS,expert,DLS,28,0.040831
2,DMS-DLS,expert,DLS,29,0.0
2,DMS-DLS,expert,DLS,30,0.489219
2,DMS-DLS,expert,DLS,31,0.539796
2,DMS-DLS,expert,DLS,32,0.607358
2,DMS-DLS,expert,DLS,33,0.040353
2,DMS-DLS,expert,DLS,34,0.0
2,DMS-DLS,expert,DLS,35,0.0
2,DMS-DLS,expert,DLS,36,0.110736
2,DMS-DLS,expert,DLS,37,0.040409
2,DMS-DLS,expert,DLS,38,0.361289
2,DMS-DLS,expert,DLS,39,0.968528
2,DMS-DLS,expert,DLS,40,0.864033
2,DMS-DLS,expert,DLS,41,0.084712
2,DMS-DLS,expert,DLS,42,0.850729
2,DMS-DLS,expert,DLS,43,0.237788
2,DMS-DLS,expert,DLS,44,0.055883
2,DMS-DLS,expert,DLS,45,0.628783
2,DMS-DLS,expert,DLS,46,0.773094
2,DMS-DLS,expert,DLS,47,0.076813
2,DMS-DLS,expert,DLS,48,0.58045
2,DMS-DLS,expert,DLS,49,0.754584
2,DMS-DLS,expert,DLS,50,0.978156
2,DMS-DLS,expert,DLS,51,0.060878
2,DMS-DLS,expert,DLS,52,0.307362
2,DMS-DLS,expert,DLS,53,0.085222
2,DMS-DLS,expert,DLS,54,0.313374
2,DMS-DLS,expert,DLS,55,0.180631
2,DMS-DLS,expert,DLS,56,0.128782
2,DMS-DLS,expert,DLS,57,0.093265
2,DMS-DLS,expert,DLS,58,0.359972
2,DMS-ACC,naive,DMS,0,0.095669
2,DMS-ACC,naive,DMS,1,0.057154
2,DMS-ACC,naive,DMS,2,0.044107
2,DMS-ACC,naive,DMS,3,0.073611
2,DMS-ACC,naive,DMS,4,0.0
2,DMS-ACC,naive,DMS,5,0.932996
2,DMS-ACC,naive,DMS,6,0.899064
2,DMS-ACC,naive,DMS,7,0.082298
2,DMS-ACC,naive,DMS,8,0.042318
2,DMS-ACC,naive,DMS,9,0.000633
2,DMS-ACC,naive,DMS,10,1.049365
2,DMS-ACC,naive,DMS,11,0.0
2,DMS-ACC,naive,DMS,12,0.0
2,DMS-ACC,naive,DMS,13,0.074953
2,DMS-ACC,naive,DMS,14,0.0
2,DMS-ACC,naive,DMS,15,0.073138
2,DMS-ACC,naive,DMS,16,0.034127
2,DMS-ACC,naive,DMS,17,0.0
2,DMS-ACC,naive,DMS,18,0.482947
2,DMS-ACC,naive,DMS,19,0.296905
2,DMS-ACC,naive,DMS,20,0.024413
2,DMS-ACC,naive,DMS,21,0.006117
2,DMS-ACC,naive,DMS,22,0.786073
2,DMS-ACC,naive,DMS,23,0.0
2,DMS-ACC,naive,DMS,24,0.0
2,DMS-ACC,naive,DMS,25,0.742668
2,DMS-ACC,naive,DMS,26,0.524115
2,DMS-ACC,naive,DMS,27,0.933677
2,DMS-ACC,naive,DMS,28,0.0
2,DMS-ACC,naive,DMS,29,0.024939
2,DMS-ACC,naive,DMS,30,0.38744
2,DMS-ACC,naive,DMS,31,0.0
2,DMS-ACC,naive,DMS,32,0.0
2,DMS-ACC,naive,DMS,33,0.859
2,DMS-ACC,naive,DMS,34,0.179182
2,DMS-ACC,naive,DMS,35,0.074292
2,DMS-ACC,naive,DMS,36,0.035102
2,DMS-ACC,naive,DMS,37,0.973096
2,DMS-ACC,naive,DMS,38,0.0
2,DMS-ACC,naive,DMS,39,0.008266
2,DMS-ACC,naive,DMS,40,0.0
2,DMS-ACC,naive,DMS,41,0.002967
2,DMS-ACC,naive,DMS,42,0.0
2,DMS-ACC,naive,DMS,43,0.030742
2,DMS-ACC,naive,DMS,44,0.027316
2,DMS-ACC,naive,DMS,45,0.051543
2,DMS-ACC,naive,DMS,46,0.851415
2,DMS-ACC,naive,DMS,47,0.835942
2,DMS-ACC,naive,DMS,48,0.812382
2,DMS-ACC,naive,DMS,49,0.0
2,DMS-ACC,naive,DMS,50,0.403545
2,DMS-ACC,naive,DMS,51,0.0
2,DMS-ACC,naive,DMS,52,0.87598
2,DMS-ACC,naive,DMS,53,0.994375
2,DMS-ACC,naive,DMS,54,0.004748
2,DMS-ACC,naive,DMS,55,0.11103
2,DMS-ACC,naive,DMS,56,0.908241
2,DMS-ACC,naive,DMS,57,0.083851
2,DMS-ACC,naive,DMS,58,0.0
2,DMS-ACC,naive,DMS,59,0.921321
2,DMS-ACC,naive,DMS,60,0.0
2,DMS-ACC,naive,DMS,61,0.082394
2,DMS-ACC,naive,DMS,62,0.882798
2,DMS-ACC,naive,DMS,63,0.628788
2,DMS-ACC,naive,DMS,64,0.414886
2,DMS-ACC,naive,ACC,0,0.034161
2,DMS-ACC,naive,ACC,1,0.85112
2,DMS-ACC,naive,ACC,2,0.717393
2,DMS-ACC,naive,ACC,3,1.018836
2,DMS-ACC,naive,ACC,4,1.453332
2,DMS-ACC,naive,ACC,5,0.0
2,DMS-ACC,naive,ACC,6,0.957671
2,DMS-ACC,naive,ACC,7,0.868068
2,DMS-ACC,naive,ACC,8,1.110346
2,DMS-ACC,naive,ACC,9,0.0
2,DMS-ACC,naive,ACC,10,0.863268
2,DMS-ACC,naive,ACC,11,0.733183
2,DMS-ACC,naive,ACC,12,0.441204
2,DMS-ACC,naive,ACC,13,0.370129
2,DMS-ACC,naive,ACC,14,0.013469
2,DMS-ACC,naive,ACC,15,0.0
2,DMS-ACC,naive,ACC,16,0.0
2,DMS-ACC,naive,ACC,17,0.0
2,DMS-ACC,naive,ACC,18,0.648598
2,DMS-ACC,naive,ACC,19,0.91901
2,DMS-ACC,naive,ACC,20,0.046496
2,DMS-ACC,naive,ACC,21,0.103816
2,DMS-ACC,naive,ACC,22,0.10063
2,DMS-ACC,naive,ACC,23,0.566764
2,DMS-ACC,naive,ACC,24,0.513129
2,DMS-ACC,naive,ACC,25,0.028169
2,DMS-ACC,naive,ACC,26,0.048448
2,DMS-ACC,naive,ACC,27,0.0
2,DMS-ACC,naive,ACC,28,0.0
2,DMS-ACC,naive,ACC,29,0.0
2,DMS-ACC,naive,ACC,30,0.0
2,DMS-ACC,naive,ACC,31,0.0
2,DMS-ACC,naive,ACC,32,0.759133
2,DMS-ACC,naive,ACC,33,1.208334
2,DMS-ACC,naive,ACC,34,1.167797
2,DMS-ACC,naive,ACC,35,0.007172
2,DMS-ACC,naive,ACC,36,0.037467
2,DMS-ACC,naive,ACC,37,0.0
2,DMS-ACC,naive,ACC,38,1.378895
2,DMS-ACC,naive,ACC,39,0.0
2,DMS-ACC,naive,ACC,40,0.0
2,DMS-ACC,naive,ACC,41,0.0
2,DMS-ACC,naive,ACC,42,0.0
2,DMS-ACC,naive,ACC,43,0.0
2,DMS-ACC,naive,ACC,44,0.0
2,DMS-ACC,naive,ACC,45,0.679352
2,DMS-ACC,naive,ACC,46,0.792578
2,DMS-ACC,naive,ACC,47,0.230246
2,DMS-ACC,naive,ACC,48,0.0
2,DMS-ACC,naive,ACC,49,0.0
2,DMS-ACC,naive,ACC,50,0.162425
2,DMS-ACC,naive,ACC,51,0.0
2,DMS-ACC,naive,ACC,52,0.111852
2,DMS-ACC,naive,ACC,53,0.0
2,DMS-ACC,intermediate,DMS,0,0.121724
2,DMS-ACC,intermediate,DMS,1,0.726651
2,DMS-ACC,intermediate,DMS,2,0.770572
2,DMS-ACC,intermediate,DMS,3,0.969706
2,DMS-ACC,intermediate,DMS,4,0.0
2,DMS-ACC,intermediate,DMS,5,0.639731
2,DMS-ACC,intermediate,DMS,6,0.007901
2,DMS-ACC,intermediate,DMS,7,0.101967
2,DMS-ACC,intermediate,DMS,8,1.098487
2,DMS-ACC,intermediate,DMS,9,0.0
2,DMS-ACC,intermediate,DMS,10,0.958021
2,DMS-ACC,intermediate,DMS,11,0.0
2,DMS-ACC,intermediate,DMS,12,0.0
2,DMS-ACC,intermediate,DMS,13,0.311774
2,DMS-ACC,intermediate,DMS,14,0.0
2,DMS-ACC,intermediate,DMS,15,0.163794
2,DMS-ACC,intermediate,DMS,16,0.043376
2,DMS-ACC,intermediate,DMS,17,0.0
2,DMS-ACC,intermediate,DMS,18,0.527794
2,DMS-ACC,intermediate,DMS,19,0.030424
2,DMS-ACC,intermediate,DMS,20,0.0
2,DMS-ACC,intermediate,DMS,21,0.065607
2,DMS-ACC,intermediate,DMS,22,0.243988
2,DMS-ACC,intermediate,DMS,23,0.0
2,DMS-ACC,intermediate,DMS,24,0.0
2,DMS-ACC,intermediate,DMS,25,0.845405
2,DMS-ACC,intermediate,DMS,26,0.11393
2,DMS-ACC,intermediate,DMS,27,0.406257
2,DMS-ACC,intermediate,DMS,28,0.565971
2,DMS-ACC,intermediate,DMS,29,0.962359
2,DMS-ACC,intermediate,DMS,30,0.423581
2,DMS-ACC,intermediate,DMS,31,0.0
2,DMS-ACC,intermediate,DMS,32,1.122212
2,DMS-ACC,intermediate,DMS,33,0.0
2,DMS-ACC,intermediate,DMS,34,0.0
2,DMS-ACC,intermediate,DMS,35,0.178972
2,DMS-ACC,intermediate,DMS,36,0.0
2,DMS-ACC,intermediate,DMS,37,1.151411
2,DMS-ACC,intermediate,DMS,38,0.0
2,DMS-ACC,intermediate,DMS,39,0.0
2,DMS-ACC,intermediate,DMS,40,0.183797
2,DMS-ACC,intermediate,DMS,41,0.00441
2,DMS-ACC,intermediate,DMS,42,0.0
2,DMS-ACC,intermediate,DMS,43,0.015505
2,DMS-ACC,intermediate,DMS,44,0.012612
2,DMS-ACC,intermediate,DMS,45,0.063427
2,DMS-ACC,intermediate,DMS,46,0.0
2,DMS-ACC,intermediate,DMS,47,0.95022
2,DMS-ACC,intermediate,DMS,48,1.004949
2,DMS-ACC,intermediate,DMS,49,0.0
2,DMS-ACC,intermediate,DMS,50,0.908313
2,DMS-ACC,intermediate,DMS,51,0.0
2,DMS-ACC,intermediate,DMS,52,0.288066
2,DMS-ACC,intermediate,DMS,53,0.061028
2,DMS-ACC,intermediate,DMS,54,0.042758
2,DMS-ACC,intermediate,DMS,55,0.0
2,DMS-ACC,intermediate,DMS,56,0.274362
2,DMS-ACC,intermediate,DMS,57,0.0
2,DMS-ACC,intermediate,DMS,58,0.730008
2,DMS-ACC,intermediate,DMS,59,0.120005
2,DMS-ACC,intermediate,DMS,60,0.02297
2,DMS-ACC,intermediate,DMS,61,0.993999
2,DMS-ACC,intermediate,DMS,62,0.206334
2,DMS-ACC,intermediate,DMS,63,0.793654
2,DMS-ACC,intermediate,DMS,64,0.697633
2,DMS-ACC,intermediate,ACC,0,1.002078
2,DMS-ACC,intermediate,ACC,1,1.082443
2,DMS-ACC,intermediate,ACC,2,0.765466
2,DMS-ACC,intermediate,ACC,3,0.905012
2,DMS-ACC,intermediate,ACC,4,1.42153
2,DMS-ACC,intermediate,ACC,5,1.156252
2,DMS-ACC,intermediate,ACC,6,0.952322
2,DMS-ACC,intermediate,ACC,7,0.167665
2,DMS-ACC,intermediate,ACC,8,1.023008
2,DMS-ACC,intermediate,ACC,9,0.0
2,DMS-ACC,intermediate,ACC,10,0.857308
2,DMS-ACC,intermediate,ACC,11,0.065753
2,DMS-ACC,intermediate,ACC,12,1.300166
2,DMS-ACC,intermediate,ACC,13,1.066276
2,DMS-ACC,intermediate,ACC,14,0.053342
2,DMS-ACC,intermediate,ACC,15,0.0
2,DMS-ACC,intermediate,ACC,16,0.0
2,DMS-ACC,intermediate,ACC,17,0.012565
2,DMS-ACC,intermediate,ACC,18,0.883238
2,DMS-ACC,intermediate,ACC,19,0.071728
2,DMS-ACC,intermediate,ACC,20,0.080262
2,DMS-ACC,intermediate,ACC,21,0.0
2,DMS-ACC,intermediate,ACC,22,0.210299
2,DMS-ACC,intermediate,ACC,23,0.800673
2,DMS-ACC,intermediate,ACC,24,1.41563
2,DMS-ACC,intermediate,ACC,25,0.054406
2,DMS-ACC,intermediate,ACC,26,1.315996
2,DMS-ACC,intermediate,ACC,27,0.0
2,DMS-ACC,intermediate,ACC,28,0.0
2,DMS-ACC,intermediate,ACC,29,0.0
2,DMS-ACC,intermediate,ACC,30,0.0
2,DMS-ACC,intermediate,ACC,31,0.0
2,DMS-ACC,intermediate,ACC,32,1.105339
2,DMS-ACC,intermediate,ACC,33,1.419497
2,DMS-ACC,intermediate,ACC,34,0.0
2,DMS-ACC,intermediate,ACC,35,0.009111
2,DMS-ACC,intermediate,ACC,36,0.047317
2,DMS-ACC,intermediate,ACC,37,0.0
2,DMS-ACC,intermediate,ACC,38,0.974072
2,DMS-ACC,intermediate,ACC,39,0.0
2,DMS-ACC,intermediate,ACC,40,0.0
2,DMS-ACC,intermediate,ACC,41,0.109073
2,DMS-ACC,intermediate,ACC,42,0.0
2,DMS-ACC,intermediate,ACC,43,0.0
2,DMS-ACC,intermediate,ACC,44,0.027693
2,DMS-ACC,intermediate,ACC,45,0.856443
2,DMS-ACC,intermediate,ACC,46,1.085997
2,DMS-ACC,intermediate,ACC,47,0.052367
2,DMS-ACC,intermediate,ACC,48,0.0
2,DMS-ACC,intermediate,ACC,49,0.0
2,DMS-ACC,intermediate,ACC,50,0.452623
2,DMS-ACC,intermediate,ACC,51,0.0
2,DMS-ACC,intermediate,ACC,52,0.018079
2,DMS-ACC,intermediate,ACC,53,0.004955
2,DMS-ACC,expert,DMS,0,0.035541
2,DMS-ACC,expert,DMS,1,0.088947
2,DMS-ACC,expert,DMS,2,0.843363
2,DMS-ACC,expert,DMS,3,0.895422
2,DMS-ACC,expert,DMS,4,0.0
2,DMS-ACC,expert,DMS,5,0.591359
2,DMS-ACC,expert,DMS,6,0.049347
2,DMS-ACC,expert,DMS,7,1.022924
2,DMS-ACC,expert,DMS,8,1.056227
2,DMS-ACC,expert,DMS,9,0.042999
2,DMS-ACC,expert,DMS,10,0.296266
2,DMS-ACC,expert,DMS,11,0.0
2,DMS-ACC,expert,DMS,12,0.0
2,DMS-ACC,expert,DMS,13,0.134583
2,DMS-ACC,expert,DMS,14,0.0
2,DMS-ACC,expert,DMS,15,0.206357
2,DMS-ACC,expert,DMS,16,0.21455
2,DMS-ACC,expert,DMS,17,0.124053
2,DMS-ACC,expert,DMS,18,0.902595
2,DMS-ACC,expert,DMS,19,0.043319
2,DMS-ACC,expert,DMS,20,0.039897
2,DMS-ACC,expert,DMS,21,0.039051
2,DMS-ACC,expert,DMS,22,0.0
2,DMS-ACC,expert,DMS,23,0.0
2,DMS-ACC,expert,DMS,24,0.0
2,DMS-ACC,expert,DMS,25,0.776347
2,DMS-ACC,expert,DMS,26,0.900054
2,DMS-ACC,expert,DMS,27,0.591933
2,DMS-ACC,expert,DMS,28,1.053123
2,DMS-ACC,expert,DMS,29,0.630799
2,DMS-ACC,expert,DMS,30,0.264265
2,DMS-ACC,expert,DMS,31,0.0
2,DMS-ACC,expert,DMS,32,0.057956
2,DMS-ACC,expert,DMS,33,0.08638
2,DMS-ACC,expert,DMS,34,0.010683
2,DMS-ACC,expert,DMS,35,0.535276
2,DMS-ACC,expert,DMS,36,1.027814
2,DMS-ACC,expert,DMS,37,0.632251
2,DMS-ACC,expert,DMS,38,0.0
2,DMS-ACC,expert,DMS,39,0.0
2,DMS-ACC,expert,DMS,40,0.0
2,DMS-ACC,expert,DMS,41,0.044604
2,DMS-ACC,expert,DMS,42,0.0
2,DMS-ACC,expert,DMS,43,1.127429
2,DMS-ACC,expert,DMS,44,0.020184
2,DMS-ACC,expert,DMS,45,0.094893
2,DMS-ACC,expert,DMS,46,0.0
2,DMS-ACC,expert,DMS,47,1.082854
2,DMS-ACC,expert,DMS,48,0.948963
2,DMS-ACC,expert,DMS,49,0.005459
2,DMS-ACC,expert,DMS,50,0.940507
2,DMS-ACC,expert,DMS,51,0.0
2,DMS-ACC,expert,DMS,52,0.819992
2,DMS-ACC,expert,DMS,53,0.125621
2,DMS-ACC,expert,DMS,54,0.079908
2,DMS-ACC,expert,DMS,55,0.173147
2,DMS-ACC,expert,DMS,56,0.386274
2,DMS-ACC,expert,DMS,57,0.254582
2,DMS-ACC,expert,DMS,58,0.056071
2,DMS-ACC,expert,DMS,59,0.068396
2,DMS-ACC,expert,DMS,60,0.052679
2,DMS-ACC,expert,DMS,61,0.053773
2,DMS-ACC,expert,DMS,62,0.180773
2,DMS-ACC,expert,DMS,63,1.053009
2,DMS-ACC,expert,DMS,64,0.771447
2,DMS-ACC,expert,ACC,0,0.941496
2,DMS-ACC,expert,ACC,1,1.123115
2,DMS-ACC,expert,ACC,2,0.875815
2,DMS-ACC,expert,ACC,3,0.89088
2,DMS-ACC,expert,ACC,4,0.659801
2,DMS-ACC,expert,ACC,5,0.077952
2,DMS-ACC,expert,ACC,6,1.13283
2,DMS-ACC,expert,ACC,7,1.092197
2,DMS-ACC,expert,ACC,8,0.890936
2,DMS-ACC,expert,ACC,9,0.0
2,DMS-ACC,expert,ACC,10,0.751245
2,DMS-ACC,expert,ACC,11,0.144429
2,DMS-ACC,expert,ACC,12,1.063467
2,DMS-ACC,expert,ACC,13,1.167461
2,DMS-ACC,expert,ACC,14,1.188835
2,DMS-ACC,expert,ACC,15,0.0
2,DMS-ACC,expert,ACC,16,0.0
2,DMS-ACC,expert,ACC,17,0.0
2,DMS-ACC,expert,ACC,18,0.151633
2,DMS-ACC,expert,ACC,19,0.069117
2,DMS-ACC,expert,ACC,20,0.151687
2,DMS-ACC,expert,ACC,21,0.584176
2,DMS-ACC,expert,ACC,22,1.108723
2,DMS-ACC,expert,ACC,23,0.981365
2,DMS-ACC,expert,ACC,24,1.103789
2,DMS-ACC,expert,ACC,25,0.040032
2,DMS-ACC,expert,ACC,26,0.133719
2,DMS-ACC,expert,ACC,27,0.0
2,DMS-ACC,expert,ACC,28,0.0
2,DMS-ACC,expert,ACC,29,0.0
2,DMS-ACC,expert,ACC,30,0.0
2,DMS-ACC,expert,ACC,31,0.046387
2,DMS-ACC,expert,ACC,32,0.045044
2,DMS-ACC,expert,ACC,33,0.689739
2,DMS-ACC,expert,ACC,34,1.30206
2,DMS-ACC,expert,ACC,35,0.0
2,DMS-ACC,expert,ACC,36,0.118973
2,DMS-ACC,expert,ACC,37,0.0
2,DMS-ACC,expert,ACC,38,1.019275
2,DMS-ACC,expert,ACC,39,0.0
2,DMS-ACC,expert,ACC,40,0.0
2,DMS-ACC,expert,ACC,41,0.179427
2,DMS-ACC,expert,ACC,42,0.0
2,DMS-ACC,expert,ACC,43,0.034176
2,DMS-ACC,expert,ACC,44,0.019225
2,DMS-ACC,expert,ACC,45,1.241407
2,DMS-ACC,expert,ACC,46,0.969655
2,DMS-ACC,expert,ACC,47,0.063432
2,DMS-ACC,expert,ACC,48,0.008772
2,DMS-ACC,expert,ACC,49,0.0
2,DMS-ACC,expert,ACC,50,0.236792
2,DMS-ACC,expert,ACC,51,0.0
2,DMS-ACC,expert,ACC,52,0.0
2,DMS-ACC,expert,ACC,53,1.156064
2,DLS-ACC,naive,DLS,0,1.276826
2,DLS-ACC,naive,DLS,1,0.216931
2,DLS-ACC,naive,DLS,2,0.507636
2,DLS-ACC,naive,DLS,3,0.066556
2,DLS-ACC,naive,DLS,4,1.336694
2,DLS-ACC,naive,DLS,5,0.1348
2,DLS-ACC,naive,DLS,6,0.139797
2,DLS-ACC,naive,DLS,7,0.042264
2,DLS-ACC,naive,DLS,8,0.127143
2,DLS-ACC,naive,DLS,9,0.04382
2,DLS-ACC,naive,DLS,10,1.075833
2,DLS-ACC,naive,DLS,11,0.934134
2,DLS-ACC,naive,DLS,12,0.910032
2,DLS-ACC,naive,DLS,13,0.0
2,DLS-ACC,naive,DLS,14,1.241482
2,DLS-ACC,naive,DLS,15,0.011234
2,DLS-ACC,naive,DLS,16,0.184826
2,DLS-ACC,naive,DLS,17,0.0
2,DLS-ACC,naive,DLS,18,0.0
2,DLS-ACC,naive,DLS,19,1.09001
2,DLS-ACC,naive,DLS,20,0.08396
2,DLS-ACC,naive,DLS,21,0.088128
2,DLS-ACC,naive,DLS,22,0.0
2,DLS-ACC,naive,DLS,23,0.805157
2,DLS-ACC,naive,DLS,24,1.362844
2,DLS-ACC,naive,DLS,25,0.028691
2,DLS-ACC,naive,DLS,26,0.560182
2,DLS-ACC,naive,DLS,27,0.003495
2,DLS-ACC,naive,DLS,28,0.350889
2,DLS-ACC,naive,DLS,29,0.0
2,DLS-ACC,naive,DLS,30,0.704882
2,DLS-ACC,naive,DLS,31,0.082496
2,DLS-ACC,naive,DLS,32,0.219722
2,DLS-ACC,naive,DLS,33,0.0
2,DLS-ACC,naive,DLS,34,0.077464
2,DLS-ACC,naive,DLS,35,0.138417
2,DLS-ACC,naive,DLS,36,0.48695
2,DLS-ACC,naive,DLS,37,0.38888
2,DLS-ACC,naive,DLS,38,0.16803
2,DLS-ACC,naive,DLS,39,0.862078
2,DLS-ACC,naive,DLS,40,0.904605
2,DLS-ACC,naive,DLS,41,0.26945
2,DLS-ACC,naive,DLS,42,1.099777
2,DLS-ACC,naive,DLS,43,0.022478
2,DLS-ACC,naive,DLS,44,0.0
2,DLS-ACC,naive,DLS,45,1.033392
2,DLS-ACC,naive,DLS,46,1.331464
2,DLS-ACC,naive,DLS,47,0.0
2,DLS-ACC,naive,DLS,48,0.676235
2,DLS-ACC,naive,DLS,49,0.519931
2,DLS-ACC,naive,DLS,50,0.03333
2,DLS-ACC,naive,DLS,51,0.152129
2,DLS-ACC,naive,DLS,52,0.961408
2,DLS-ACC,naive,DLS,53,0.553497
2,DLS-ACC,naive,DLS,54,0.127403
2,DLS-ACC,naive,DLS,55,1.188594
2,DLS-ACC,naive,DLS,56,0.086979
2,DLS-ACC,naive,DLS,57,0.172397
2,DLS-ACC,naive,DLS,58,0.103022
2,DLS-ACC,naive,ACC,0,0.034161
2,DLS-ACC,naive,ACC,1,0.85112
2,DLS-ACC,naive,ACC,2,0.717393
2,DLS-ACC,naive,ACC,3,1.018836
2,DLS-ACC,naive,ACC,4,1.453332
2,DLS-ACC,naive,ACC,5,0.0
2,DLS-ACC,naive,ACC,6,0.957671
2,DLS-ACC,naive,ACC,7,0.868068
2,DLS-ACC,naive,ACC,8,1.110346
2,DLS-ACC,naive,ACC,9,0.0
2,DLS-ACC,naive,ACC,10,0.863268
2,DLS-ACC,naive,ACC,11,0.733183
2,DLS-ACC,naive,ACC,12,0.441204
2,DLS-ACC,naive,ACC,13,0.370129
2,DLS-ACC,naive,ACC,14,0.013469
2,DLS-ACC,naive,ACC,15,0.0
2,DLS-ACC,naive,ACC,16,0.0
2,DLS-ACC,naive,ACC,17,0.0
2,DLS-ACC,naive,ACC,18,0.648598
2,DLS-ACC,naive,ACC,19,0.91901
2,DLS-ACC,naive,ACC,20,0.046496
2,DLS-ACC,naive,ACC,21,0.103816
2,DLS-ACC,naive,ACC,22,0.10063
2,DLS-ACC,naive,ACC,23,0.566764
2,DLS-ACC,naive,ACC,24,0.513129
2,DLS-ACC,naive,ACC,25,0.028169
2,DLS-ACC,naive,ACC,26,0.048448
2,DLS-ACC,naive,ACC,27,0.0
2,DLS-ACC,naive,ACC,28,0.0
2,DLS-ACC,naive,ACC,29,0.0
2,DLS-ACC,naive,ACC,30,0.0
2,DLS-ACC,naive,ACC,31,0.0
2,DLS-ACC,naive,ACC,32,0.759133
2,DLS-ACC,naive,ACC,33,1.208334
2,DLS-ACC,naive,ACC,34,1.167797
2,DLS-ACC,naive,ACC,35,0.007172
2,DLS-ACC,naive,ACC,36,0.037467
2,DLS-ACC,naive,ACC,37,0.0
2,DLS-ACC,naive,ACC,38,1.378895
2,DLS-ACC,naive,ACC,39,0.0
2,DLS-ACC,naive,ACC,40,0.0
2,DLS-ACC,naive,ACC,41,0.0
2,DLS-ACC,naive,ACC,42,0.0
2,DLS-ACC,naive,ACC,43,0.0
2,DLS-ACC,naive,ACC,44,0.0
2,DLS-ACC,naive,ACC,45,0.679352
2,DLS-ACC,naive,ACC,46,0.792578
2,DLS-ACC,naive,ACC,47,0.230246
2,DLS-ACC,naive,ACC,48,0.0
2,DLS-ACC,naive,ACC,49,0.0
2,DLS-ACC,naive,ACC,50,0.162425
2,DLS-ACC,naive,ACC,51,0.0
2,DLS-ACC,naive,ACC,52,0.111852
2,DLS-ACC,naive,ACC,53,0.0
2,DLS-ACC,intermediate,DLS,0,0.886987
2,DLS-ACC,intermediate,DLS,1,0.408678
2,DLS-ACC,intermediate,DLS,2,0.789073
2,DLS-ACC,intermediate,DLS,3,0.852741
2,DLS-ACC,intermediate,DLS,4,0.951657
2,DLS-ACC,intermediate,DLS,5,0.843983
2,DLS-ACC,intermediate,DLS,6,0.214591
2,DLS-ACC,intermediate,DLS,7,0.511283
2,DLS-ACC,intermediate,DLS,8,0.890675
2,DLS-ACC,intermediate,DLS,9,0.574483
2,DLS-ACC,intermediate,DLS,10,0.768923
2,DLS-ACC,intermediate,DLS,11,0.203072
2,DLS-ACC,intermediate,DLS,12,0.015478
2,DLS-ACC,intermediate,DLS,13,0.1141
2,DLS-ACC,intermediate,DLS,14,0.20644
2,DLS-ACC,intermediate,DLS,15,0.076804
2,DLS-ACC,intermediate,DLS,16,0.381282
2,DLS-ACC,intermediate,DLS,17,0.0
2,DLS-ACC,intermediate,DLS,18,0.77311
2,DLS-ACC,intermediate,DLS,19,0.899773
2,DLS-ACC,intermediate,DLS,20,0.038081
2,DLS-ACC,intermediate,DLS,21,0.807339
2,DLS-ACC,intermediate,DLS,22,0.0
2,DLS-ACC,intermediate,DLS,23,0.912577
2,DLS-ACC,intermediate,DLS,24,0.696073
2,DLS-ACC,intermediate,DLS,25,0.168837
2,DLS-ACC,intermediate,DLS,26,0.012278
2,DLS-ACC,intermediate,DLS,27,0.003246
2,DLS-ACC,intermediate,DLS,28,0.691045
2,DLS-ACC,intermediate,DLS,29,0.0
2,DLS-ACC,intermediate,DLS,30,0.403864
2,DLS-ACC,intermediate,DLS,31,0.582308
2,DLS-ACC,intermediate,DLS,32,0.064016
2,DLS-ACC,intermediate,DLS,33,0.080615
2,DLS-ACC,intermediate,DLS,34,0.22372
2,DLS-ACC,intermediate,DLS,35,0.241143
2,DLS-ACC,intermediate,DLS,36,0.485165
2,DLS-ACC,intermediate,DLS,37,0.431934
2,DLS-ACC,intermediate,DLS,38,0.09319
2,DLS-ACC,intermediate,DLS,39,0.051992
2,DLS-ACC,intermediate,DLS,40,0.835187
2,DLS-ACC,intermediate,DLS,41,0.064456
2,DLS-ACC,intermediate,DLS,42,0.209659
2,DLS-ACC,intermediate,DLS,43,0.376751
2,DLS-ACC,intermediate,DLS,44,0.028862
2,DLS-ACC,intermediate,DLS,45,0.679121
2,DLS-ACC,intermediate,DLS,46,0.798053
2,DLS-ACC,intermediate,DLS,47,0.0
2,DLS-ACC,intermediate,DLS,48,0.225874
2,DLS-ACC,intermediate,DLS,49,0.328643
2,DLS-ACC,intermediate,DLS,50,0.07498
2,DLS-ACC,intermediate,DLS,51,0.075417
2,DLS-ACC,intermediate,DLS,52,0.671215
2,DLS-ACC,intermediate,DLS,53,0.014209
2,DLS-ACC,intermediate,DLS,54,0.055871
2,DLS-ACC,intermediate,DLS,55,0.091176
2,DLS-ACC,intermediate,DLS,56,0.465489
2,DLS-ACC,intermediate,DLS,57,0.431015
2,DLS-ACC,intermediate,DLS,58,0.063289
2,DLS-ACC,intermediate,ACC,0,1.002078
2,DLS-ACC,intermediate,ACC,1,1.082443
2,DLS-ACC,intermediate,ACC,2,0.765466
2,DLS-ACC,intermediate,ACC,3,0.905012
2,DLS-ACC,intermediate,ACC,4,1.42153
2,DLS-ACC,intermediate,ACC,5,1.156252
2,DLS-ACC,intermediate,ACC,6,0.952322
2,DLS-ACC,intermediate,ACC,7,0.167665
2,DLS-ACC,intermediate,ACC,8,1.023008
2,DLS-ACC,intermediate,ACC,9,0.0
2,DLS-ACC,intermediate,ACC,10,0.857308
2,DLS-ACC,intermediate,ACC,11,0.065753
2,DLS-ACC,intermediate,ACC,12,1.300166
2,DLS-ACC,intermediate,ACC,13,1.066276
2,DLS-ACC,intermediate,ACC,14,0.053342
2,DLS-ACC,intermediate,ACC,15,0.0
2,DLS-ACC,intermediate,ACC,16,0.0
2,DLS-ACC,intermediate,ACC,17,0.012565
2,DLS-ACC,intermediate,ACC,18,0.883238
2,DLS-ACC,intermediate,ACC,19,0.071728
2,DLS-ACC,intermediate,ACC,20,0.080262
2,DLS-ACC,intermediate,ACC,21,0.0
2,DLS-ACC,intermediate,ACC,22,0.210299
2,DLS-ACC,intermediate,ACC,23,0.800673
2,DLS-ACC,intermediate,ACC,24,1.41563
2,DLS-ACC,intermediate,ACC,25,0.054406
2,DLS-ACC,intermediate,ACC,26,1.315996
2,DLS-ACC,intermediate,ACC,27,0.0
2,DLS-ACC,intermediate,ACC,28,0.0
2,DLS-ACC,intermediate,ACC,29,0.0
2,DLS-ACC,intermediate,ACC,30,0.0
2,DLS-ACC,intermediate,ACC,31,0.0
2,DLS-ACC,intermediate,ACC,32,1.105339
2,DLS-ACC,intermediate,ACC,33,1.419497
2,DLS-ACC,intermediate,ACC,34,0.0
2,DLS-ACC,intermediate,ACC,35,0.009111
2,DLS-ACC,intermediate,ACC,36,0.047317
2,DLS-ACC,intermediate,ACC,37,0.0
2,DLS-ACC,intermediate,ACC,38,0.974072
2,DLS-ACC,intermediate,ACC,39,0.0
2,DLS-ACC,intermediate,ACC,40,0.0
2,DLS-ACC,intermediate,ACC,41,0.109073
2,DLS-ACC,intermediate,ACC,42,0.0
2,DLS-ACC,intermediate,ACC,43,0.0
2,DLS-ACC,intermediate,ACC,44,0.027693
2,DLS-ACC,intermediate,ACC,45,0.856443
2,DLS-ACC,intermediate,ACC,46,1.085997
2,DLS-ACC,intermediate,ACC,47,0.052367
2,DLS-ACC,intermediate,ACC,48,0.0
2,DLS-ACC,intermediate,ACC,49,0.0
2,DLS-ACC,intermediate,ACC,50,0.452623
2,DLS-ACC,intermediate,ACC,51,0.0
2,DLS-ACC,intermediate,ACC,52,0.018079
2,DLS-ACC,intermediate,ACC,53,0.004955
2,DLS-ACC,expert,DLS,0,0.951049
2,DLS-ACC,expert,DLS,1,0.040477
2,DLS-ACC,expert,DLS,2,0.129235
2,DLS-ACC,expert,DLS,3,0.895482
2,DLS-ACC,expert,DLS,4,0.89463
2,DLS-ACC,expert,DLS,5,0.925726
2,DLS-ACC,expert,DLS,6,0.751713
2,DLS-ACC,expert,DLS,7,0.0
2,DLS-ACC,expert,DLS,8,0.856006
2,DLS-ACC,expert,DLS,9,0.0
2,DLS-ACC,expert,DLS,10,0.731703
2,DLS-ACC,expert,DLS,11,0.927585
2,DLS-ACC,expert,DLS,12,0.023847
2,DLS-ACC,expert,DLS,13,0.0
2,DLS-ACC,expert,DLS,14,0.196573
2,DLS-ACC,expert,DLS,15,0.015382
2,DLS-ACC,expert,DLS,16,0.377737
2,DLS-ACC,expert,DLS,17,0.0
2,DLS-ACC,expert,DLS,18,0.643087
2,DLS-ACC,expert,DLS,19,0.884207
2,DLS-ACC,expert,DLS,20,0.060942
2,DLS-ACC,expert,DLS,21,0.159696
2,DLS-ACC,expert,DLS,22,0.055994
2,DLS-ACC,expert,DLS,23,0.665694
2,DLS-ACC,expert,DLS,24,0.759318
2,DLS-ACC,expert,DLS,25,0.716589
2,DLS-ACC,expert,DLS,26,0.0
2,DLS-ACC,expert,DLS,27,0.052629
2,DLS-ACC,expert,DLS,28,0.040831
2,DLS-ACC,expert,DLS,29,0.0
2,DLS-ACC,expert,DLS,30,0.489219
2,DLS-ACC,expert,DLS,31,0.539796
2,DLS-ACC,expert,DLS,32,0.607358
2,DLS-ACC,expert,DLS,33,0.040353
2,DLS-ACC,expert,DLS,34,0.0
2,DLS-ACC,expert,DLS,35,0.0
2,DLS-ACC,expert,DLS,36,0.110736
2,DLS-ACC,expert,DLS,37,0.040409
2,DLS-ACC,expert,DLS,38,0.361289
2,DLS-ACC,expert,DLS,39,0.968528
2,DLS-ACC,expert,DLS,40,0.864033
2,DLS-ACC,expert,DLS,41,0.084712
2,DLS-ACC,expert,DLS,42,0.850729
2,DLS-ACC,expert,DLS,43,0.237788
2,DLS-ACC,expert,DLS,44,0.055883
2,DLS-ACC,expert,DLS,45,0.628783
2,DLS-ACC,expert,DLS,46,0.773094
2,DLS-ACC,expert,DLS,47,0.076813
2,DLS-ACC,expert,DLS,48,0.58045
2,DLS-ACC,expert,DLS,49,0.754584
2,DLS-ACC,expert,DLS,50,0.978156
2,DLS-ACC,expert,DLS,51,0.060878
2,DLS-ACC,expert,DLS,52,0.307362
2,DLS-ACC,expert,DLS,53,0.085222
2,DLS-ACC,expert,DLS,54,0.313374
2,DLS-ACC,expert,DLS,55,0.180631
2,DLS-ACC,expert,DLS,56,0.128782
2,DLS-ACC,expert,DLS,57,0.093265
2,DLS-ACC,expert,DLS,58,0.359972
2,DLS-ACC,expert,ACC,0,0.941496
2,DLS-ACC,expert,ACC,1,1.123115
2,DLS-ACC,expert,ACC,2,0.875815
2,DLS-ACC,expert,ACC,3,0.89088
2,DLS-ACC,expert,ACC,4,0.659801
2,DLS-ACC,expert,ACC,5,0.077952
2,DLS-ACC,expert,ACC,6,1.13283
2,DLS-ACC,expert,ACC,7,1.092197
2,DLS-ACC,expert,ACC,8,0.890936
2,DLS-ACC,expert,ACC,9,0.0
2,DLS-ACC,expert,ACC,10,0.751245
2,DLS-ACC,expert,ACC,11,0.144429
2,DLS-ACC,expert,ACC,12,1.063467
2,DLS-ACC,expert,ACC,13,1.167461
2,DLS-ACC,expert,ACC,14,1.188835
2,DLS-ACC,expert,ACC,15,0.0
2,DLS-ACC,expert,ACC,16,0.0
2,DLS-ACC,expert,ACC,17,0.0
2,DLS-ACC,expert,ACC,18,0.151633
2,DLS-ACC,expert,ACC,19,0.069117
2,DLS-ACC,expert,ACC,20,0.151687
2,DLS-ACC,expert,ACC,21,0.584176
2,DLS-ACC,expert,ACC,22,1.108723
2,DLS-ACC,expert,ACC,23,0.981365
2,DLS-ACC,expert,ACC,24,1.103789
2,DLS-ACC,expert,ACC,25,0.040032
2,DLS-ACC,expert,ACC,26,0.133719
2,DLS-ACC,expert,ACC,27,0.0
2,DLS-ACC,expert,ACC,28,0.0
2,DLS-ACC,expert,ACC,29,0.0
2,DLS-ACC,expert,ACC,30,0.0
2,DLS-ACC,expert,ACC,31,0.046387
2,DLS-ACC,expert,ACC,32,0.045044
2,DLS-ACC,expert,ACC,33,0.689739
2,DLS-ACC,expert,ACC,34,1.30206
2,DLS-ACC,expert,ACC,35,0.0
2,DLS-ACC,expert,ACC,36,0.118973
2,DLS-ACC,expert,ACC,37,0.0
2,DLS-ACC,expert,ACC,38,1.019275
2,DLS-ACC,expert,ACC,39,0.0
2,DLS-ACC,expert,ACC,40,0.0
2,DLS-ACC,expert,ACC,41,0.179427
2,DLS-ACC,expert,ACC,42,0.0
2,DLS-ACC,expert,ACC,43,0.034176
2,DLS-ACC,expert,ACC,44,0.019225
2,DLS-ACC,expert,ACC,45,1.241407
2,DLS-ACC,expert,ACC,46,0.969655
2,DLS-ACC,expert,ACC,47,0.063432
2,DLS-ACC,expert,ACC,48,0.008772
2,DLS-ACC,expert,ACC,49,0.0
2,DLS-ACC,expert,ACC,50,0.236792
2,DLS-ACC,expert,ACC,51,0.0
2,DLS-ACC,expert,ACC,52,0.0
2,DLS-ACC,expert,ACC,53,1.156064
4,DMS-DLS,naive,DMS,0,1.0525
4,DMS-DLS,naive,DMS,1,0.0
4,DMS-DLS,naive,DMS,2,1.345053
4,DMS-DLS,naive,DMS,3,5.444971
4,DMS-DLS,naive,DMS,4,0.454238
4,DMS-DLS,naive,DMS,5,0.0
4,DMS-DLS,naive,DMS,6,1.042948
4,DMS-DLS,naive,DMS,7,1.079386
4,DMS-DLS,naive,DMS,8,0.517547
4,DMS-DLS,naive,DMS,9,0.775194
4,DMS-DLS,naive,DMS,10,2.05637
4,DMS-DLS,naive,DMS,11,1.04786
4,DMS-DLS,naive,DMS,12,1.598313
4,DMS-DLS,naive,DMS,13,1.137425
4,DMS-DLS,naive,DMS,14,1.416624
4,DMS-DLS,naive,DMS,15,0.753338
4,DMS-DLS,naive,DLS,0,0.056131
4,DMS-DLS,naive,DLS,1,0.039617
4,DMS-DLS,naive,DLS,2,0.104202
4,DMS-DLS,naive,DLS,3,0.174518
4,DMS-DLS,naive,DLS,4,0.600974
4,DMS-DLS,naive,DLS,5,0.411658
4,DMS-DLS,naive,DLS,6,0.107473
4,DMS-DLS,naive,DLS,7,0.111145
4,DMS-DLS,naive,DLS,8,0.5329
4,DMS-DLS,naive,DLS,9,0.095802
4,DMS-DLS,naive,DLS,10,0.061231
4,DMS-DLS,naive,DLS,11,0.066025
4,DMS-DLS,naive,DLS,12,0.561066
4,DMS-DLS,naive,DLS,13,0.186828
4,DMS-DLS,naive,DLS,14,0.497599
4,DMS-DLS,naive,DLS,15,0.510622
4,DMS-DLS,naive,DLS,16,0.216725
4,DMS-DLS,naive,DLS,17,0.132936
4,DMS-DLS,naive,DLS,18,0.361824
4,DMS-DLS,naive,DLS,19,0.14017
4,DMS-DLS,naive,DLS,20,0.042319
4,DMS-DLS,naive,DLS,21,0.3011
4,DMS-DLS,naive,DLS,22,0.373295
4,DMS-DLS,naive,DLS,23,0.181361
4,DMS-DLS,naive,DLS,24,0.621419
4,DMS-DLS,naive,DLS,25,0.395247
4,DMS-DLS,naive,DLS,26,0.105475
4,DMS-DLS,naive,DLS,27,0.020105
4,DMS-DLS,naive,DLS,28,0.415503
4,DMS-DLS,naive,DLS,29,0.035296
4,DMS-DLS,naive,DLS,30,0.070275
4,DMS-DLS,naive,DLS,31,0.315683
4,DMS-DLS,naive,DLS,32,0.388558
4,DMS-DLS,naive,DLS,33,0.0
4,DMS-DLS,naive,DLS,34,0.103992
4,DMS-DLS,naive,DLS,35,0.503663
4,DMS-DLS,naive,DLS,36,0.062006
4,DMS-DLS,naive,DLS,37,0.0
4,DMS-DLS,naive,DLS,38,0.045041
4,DMS-DLS,naive,DLS,39,0.687548
4,DMS-DLS,naive,DLS,40,0.0
4,DMS-DLS,naive,DLS,41,0.0
4,DMS-DLS,naive,DLS,42,0.129388
4,DMS-DLS,naive,DLS,43,0.06678
4,DMS-DLS,naive,DLS,44,0.08693
4,DMS-DLS,naive,DLS,45,0.061038
4,DMS-DLS,naive,DLS,46,0.003573
4,DMS-DLS,naive,DLS,47,0.111855
4,DMS-DLS,naive,DLS,48,0.671676
4,DMS-DLS,naive,DLS,49,0.067685
4,DMS-DLS,naive,DLS,50,0.196064
4,DMS-DLS,naive,DLS,51,0.126845
4,DMS-DLS,naive,DLS,52,0.09022
4,DMS-DLS,naive,DLS,53,0.148396
4,DMS-DLS,naive,DLS,54,0.470922
4,DMS-DLS,naive,DLS,55,0.053728
4,DMS-DLS,naive,DLS,56,0.621282
4,DMS-DLS,naive,DLS,57,0.11723
4,DMS-DLS,naive,DLS,58,0.450549
4,DMS-DLS,naive,DLS,59,0.6481
4,DMS-DLS,naive,DLS,60,0.014069
4,DMS-DLS,naive,DLS,61,0.390096
4,DMS-DLS,naive,DLS,62,0.682078
4,DMS-DLS,naive,DLS,63,0.086042
4,DMS-DLS,naive,DLS,64,0.041585
4,DMS-DLS,naive,DLS,65,0.020286
4,DMS-DLS,naive,DLS,66,0.005288
4,DMS-DLS,naive,DLS,67,0.636609
4,DMS-DLS,naive,DLS,68,0.531811
4,DMS-DLS,naive,DLS,69,0.018549
4,DMS-DLS,naive,DLS,70,0.537521
4,DMS-DLS,naive,DLS,71,0.377639
4,DMS-DLS,naive,DLS,72,0.018081
4,DMS-DLS,naive,DLS,73,0.044332
4,DMS-DLS,naive,DLS,74,0.065956
4,DMS-DLS,naive,DLS,75,0.061483
4,DMS-DLS,intermediate,DMS,0,0.992887
4,DMS-DLS,intermediate,DMS,1,1.425121
4,DMS-DLS,intermediate,DMS,2,1.282336
4,DMS-DLS,intermediate,DMS,3,2.868945
4,DMS-DLS,intermediate,DMS,4,2.351057
4,DMS-DLS,intermediate,DMS,5,0.0
4,DMS-DLS,intermediate,DMS,6,0.995148
4,DMS-DLS,intermediate,DMS,7,1.047177
4,DMS-DLS,intermediate,DMS,8,0.0
4,DMS-DLS,intermediate,DMS,9,0.0
4,DMS-DLS,intermediate,DMS,10,0.0
4,DMS-DLS,intermediate,DMS,11,0.0
4,DMS-DLS,intermediate,DMS,12,1.361305
4,DMS-DLS,intermediate,DMS,13,1.163543
4,DMS-DLS,intermediate,DMS,14,2.849047
4,DMS-DLS,intermediate,DMS,15,0.0
4,DMS-DLS,intermediate,DLS,0,0.109397
4,DMS-DLS,intermediate,DLS,1,0.392014
4,DMS-DLS,intermediate,DLS,2,0.379207
4,DMS-DLS,intermediate,DLS,3,0.057226
4,DMS-DLS,intermediate,DLS,4,0.205449
4,DMS-DLS,intermediate,DLS,5,0.111341
4,DMS-DLS,intermediate,DLS,6,0.33097
4,DMS-DLS,intermediate,DLS,7,0.423053
4,DMS-DLS,intermediate,DLS,8,0.149828
4,DMS-DLS,intermediate,DLS,9,0.111424
4,DMS-DLS,intermediate,DLS,10,0.110566
4,DMS-DLS,intermediate,DLS,11,0.439935
4,DMS-DLS,intermediate,DLS,12,0.385551
4,DMS-DLS,intermediate,DLS,13,0.159039
4,DMS-DLS,intermediate,DLS,14,0.143933
4,DMS-DLS,intermediate,DLS,15,0.16946
4,DMS-DLS,intermediate,DLS,16,0.303316
4,DMS-DLS,intermediate,DLS,17,0.467917
4,DMS-DLS,intermediate,DLS,18,0.105382
4,DMS-DLS,intermediate,DLS,19,0.394288
4,DMS-DLS,intermediate,DLS,20,0.117436
4,DMS-DLS,intermediate,DLS,21,0.12616
4,DMS-DLS,intermediate,DLS,22,0.121573
4,DMS-DLS,intermediate,DLS,23,0.10665
4,DMS-DLS,intermediate,DLS,24,0.095517
4,DMS-DLS,intermediate,DLS,25,0.070178
4,DMS-DLS,intermediate,DLS,26,0.302951
4,DMS-DLS,intermediate,DLS,27,0.056624
4,DMS-DLS,intermediate,DLS,28,0.618109
4,DMS-DLS,intermediate,DLS,29,0.038361
4,DMS-DLS,intermediate,DLS,30,0.174057
4,DMS-DLS,intermediate,DLS,31,0.344587
4,DMS-DLS,intermediate,DLS,32,0.133826
4,DMS-DLS,intermediate,DLS,33,0.181265
4,DMS-DLS,intermediate,DLS,34,0.226579
4,DMS-DLS,intermediate,DLS,35,0.139274
4,DMS-DLS,intermediate,DLS,36,0.010373
4,DMS-DLS,intermediate,DLS,37,0.429716
4,DMS-DLS,intermediate,DLS,38,0.553345
4,DMS-DLS,intermediate,DLS,39,0.038244
4,DMS-DLS,intermediate,DLS,40,0.201027
4,DMS-DLS,intermediate,DLS,41,0.356205
4,DMS-DLS,intermediate,DLS,42,0.222262
4,DMS-DLS,intermediate,DLS,43,0.092617
4,DMS-DLS,intermediate,DLS,44,0.122497
4,DMS-DLS,intermediate,DLS,45,0.478022
4,DMS-DLS,intermediate,DLS,46,0.190975
4,DMS-DLS,intermediate,DLS,47,0.369135
4,DMS-DLS,intermediate,DLS,48,0.075739
4,DMS-DLS,intermediate,DLS,49,0.117634
4,DMS-DLS,intermediate,DLS,50,0.205259
4,DMS-DLS,intermediate,DLS,51,0.171586
4,DMS-DLS,intermediate,DLS,52,0.060714
4,DMS-DLS,intermediate,DLS,53,0.320268
4,DMS-DLS,intermediate,DLS,54,0.037832
4,DMS-DLS,intermediate,DLS,55,0.648405
4,DMS-DLS,intermediate,DLS,56,0.071787
4,DMS-DLS,intermediate,DLS,57,0.217262
4,DMS-DLS,intermediate,DLS,58,0.044535
4,DMS-DLS,intermediate,DLS,59,0.148626
4,DMS-DLS,intermediate,DLS,60,0.081588
4,DMS-DLS,intermediate,DLS,61,0.041223
4,DMS-DLS,intermediate,DLS,62,0.110679
4,DMS-DLS,intermediate,DLS,63,0.096774
4,DMS-DLS,intermediate,DLS,64,0.031644
4,DMS-DLS,intermediate,DLS,65,0.262664
4,DMS-DLS,intermediate,DLS,66,0.275874
4,DMS-DLS,intermediate,DLS,67,0.053537
4,DMS-DLS,intermediate,DLS,68,0.206476
4,DMS-DLS,intermediate,DLS,69,0.161157
4,DMS-DLS,intermediate,DLS,70,0.310866
4,DMS-DLS,intermediate,DLS,71,0.153648
4,DMS-DLS,intermediate,DLS,72,0.068669
4,DMS-DLS,intermediate,DLS,73,0.269706
4,DMS-DLS,intermediate,DLS,74,0.321167
4,DMS-DLS,intermediate,DLS,75,0.079661
4,DMS-DLS,expert,DMS,0,0.913634
4,DMS-DLS,expert,DMS,1,1.220913
4,DMS-DLS,expert,DMS,2,1.138989
4,DMS-DLS,expert,DMS,3,1.824588
4,DMS-DLS,expert,DMS,4,3.807203
4,DMS-DLS,expert,DMS,5,0.0
4,DMS-DLS,expert,DMS,6,0.989843
4,DMS-DLS,expert,DMS,7,1.21497
4,DMS-DLS,expert,DMS,8,0.0
4,DMS-DLS,expert,DMS,9,2.646908
4,DMS-DLS,expert,DMS,10,1.972447
4,DMS-DLS,expert,DMS,11,0.0
4,DMS-DLS,expert,DMS,12,1.032266
4,DMS-DLS,expert,DMS,13,0.94123
4,DMS-DLS,expert,DMS,14,1.617011
4,DMS-DLS,expert,DMS,15,0.0
4,DMS-DLS,expert,DLS,0,0.182209
4,DMS-DLS,expert,DLS,1,0.342745
4,DMS-DLS,expert,DLS,2,0.39416
4,DMS-DLS,expert,DLS,3,0.543968
4,DMS-DLS,expert,DLS,4,0.30502
4,DMS-DLS,expert,DLS,5,0.219585
4,DMS-DLS,expert,DLS,6,0.074279
4,DMS-DLS,expert,DLS,7,0.220482
4,DMS-DLS,expert,DLS,8,0.216921
4,DMS-DLS,expert,DLS,9,0.244401
4,DMS-DLS,expert,DLS,10,0.269951
4,DMS-DLS,expert,DLS,11,0.368101
4,DMS-DLS,expert,DLS,12,0.222147
4,DMS-DLS,expert,DLS,13,0.245106
4,DMS-DLS,expert,DLS,14,0.095302
4,DMS-DLS,expert,DLS,15,0.166441
4,DMS-DLS,expert,DLS,16,0.211404
4,DMS-DLS,expert,DLS,17,0.08022
4,DMS-DLS,expert,DLS,18,0.39069
4,DMS-DLS,expert,DLS,19,0.039493
4,DMS-DLS,expert,DLS,20,0.207722
4,DMS-DLS,expert,DLS,21,0.376818
4,DMS-DLS,expert,DLS,22,0.341308
4,DMS-DLS,expert,DLS,23,0.446941
4,DMS-DLS,expert,DLS,24,0.167286
4,DMS-DLS,expert,DLS,25,0.38286
4,DMS-DLS,expert,DLS,26,0.369509
4,DMS-DLS,expert,DLS,27,0.351485
4,DMS-DLS,expert,DLS,28,0.155724
4,DMS-DLS,expert,DLS,29,0.387235
4,DMS-DLS,expert,DLS,30,0.055899
4,DMS-DLS,expert,DLS,31,0.363038
4,DMS-DLS,expert,DLS,32,0.189777
4,DMS-DLS,expert,DLS,33,0.34338
4,DMS-DLS,expert,DLS,34,0.20346
4,DMS-DLS,expert,DLS,35,0.021848
4,DMS-DLS,expert,DLS,36,0.508759
4,DMS-DLS,expert,DLS,37,0.0
4,DMS-DLS,expert,DLS,38,0.43828
4,DMS-DLS,expert,DLS,39,0.177469
4,DMS-DLS,expert,DLS,40,0.0
4,DMS-DLS,expert,DLS,41,0.650974
4,DMS-DLS,expert,DLS,42,0.048033
4,DMS-DLS,expert,DLS,43,0.155081
4,DMS-DLS,expert,DLS,44,0.210036
4,DMS-DLS,expert,DLS,45,0.434191
4,DMS-DLS,expert,DLS,46,0.077593
4,DMS-DLS,expert,DLS,47,0.430177
4,DMS-DLS,expert,DLS,48,0.080641
4,DMS-DLS,expert,DLS,49,0.278511
4,DMS-DLS,expert,DLS,50,0.20209
4,DMS-DLS,expert,DLS,51,0.349533
4,DMS-DLS,expert,DLS,52,0.096208
4,DMS-DLS,expert,DLS,53,0.457773
4,DMS-DLS,expert,DLS,54,0.194865
4,DMS-DLS,expert,DLS,55,0.725627
4,DMS-DLS,expert,DLS,56,0.285843
4,DMS-DLS,expert,DLS,57,0.155359
4,DMS-DLS,expert,DLS,58,0.07397
4,DMS-DLS,expert,DLS,59,0.201049
4,DMS-DLS,expert,DLS,60,0.516835
4,DMS-DLS,expert,DLS,61,0.082697
4,DMS-DLS,expert,DLS,62,0.031544
4,DMS-DLS,expert,DLS,63,0.348049
4,DMS-DLS,expert,DLS,64,0.062364
4,DMS-DLS,expert,DLS,65,0.053213
4,DMS-DLS,expert,DLS,66,0.142522
4,DMS-DLS,expert,DLS,67,0.060046
4,DMS-DLS,expert,DLS,68,0.319964
4,DMS-DLS,expert,DLS,69,0.065569
4,DMS-DLS,expert,DLS,70,0.405838
4,DMS-DLS,expert,DLS,71,0.293297
4,DMS-DLS,expert,DLS,72,0.46449
4,DMS-DLS,expert,DLS,73,0.451753
4,DMS-DLS,expert,DLS,74,0.482405
4,DMS-DLS,expert,DLS,75,0.143412
4,DMS-ACC,naive,DMS,0,1.0525
4,DMS-ACC,naive,DMS,1,0.0
4,DMS-ACC,naive,DMS,2,1.345053
4,DMS-ACC,naive,DMS,3,5.444971
4,DMS-ACC,naive,DMS,4,0.454238
4,DMS-ACC,naive,DMS,5,0.0
4,DMS-ACC,naive,DMS,6,1.042948
4,DMS-ACC,naive,DMS,7,1.079386
4,DMS-ACC,naive,DMS,8,0.517547
4,DMS-ACC,naive,DMS,9,0.775194
4,DMS-ACC,naive,DMS,10,2.05637
4,DMS-ACC,naive,DMS,11,1.04786
4,DMS-ACC,naive,DMS,12,1.598313
4,DMS-ACC,naive,DMS,13,1.137425
4,DMS-ACC,naive,DMS,14,1.416624
4,DMS-ACC,naive,DMS,15,0.753338
4,DMS-ACC,naive,ACC,0,0.027279
4,DMS-ACC,naive,ACC,1,0.34103
4,DMS-ACC,naive,ACC,2,0.090659
4,DMS-ACC,naive,ACC,3,0.206912
4,DMS-ACC,naive,ACC,4,0.513893
4,DMS-ACC,naive,ACC,5,0.768005
4,DMS-ACC,naive,ACC,6,0.616017
4,DMS-ACC,naive,ACC,7,0.174937
4,DMS-ACC,naive,ACC,8,0.498745
4,DMS-ACC,naive,ACC,9,0.766205
4,DMS-ACC,naive,ACC,10,0.32728
4,DMS-ACC,naive,ACC,11,0.329136
4,DMS-ACC,naive,ACC,12,0.620002
4,DMS-ACC,naive,ACC,13,0.506694
4,DMS-ACC,naive,ACC,14,0.429373
4,DMS-ACC,naive,ACC,15,0.15996
4,DMS-ACC,naive,ACC,16,0.72763
4,DMS-ACC,naive,ACC,17,0.787819
4,DMS-ACC,naive,ACC,18,0.792681
4,DMS-ACC,naive,ACC,19,0.777374
4,DMS-ACC,naive,ACC,20,0.175991
4,DMS-ACC,naive,ACC,21,0.145253
4,DMS-ACC,naive,ACC,22,0.37411
4,DMS-ACC,naive,ACC,23,0.114161
4,DMS-ACC,naive,ACC,24,0.916465
4,DMS-ACC,naive,ACC,25,0.44963
4,DMS-ACC,naive,ACC,26,0.016013
4,DMS-ACC,naive,ACC,27,0.713681
4,DMS-ACC,naive,ACC,28,0.183184
4,DMS-ACC,naive,ACC,29,0.594216
4,DMS-ACC,naive,ACC,30,0.242626
4,DMS-ACC,naive,ACC,31,0.140881
4,DMS-ACC,naive,ACC,32,0.471566
4,DMS-ACC,naive,ACC,33,0.014273
4,DMS-ACC,naive,ACC,34,0.270468
4,DMS-ACC,naive,ACC,35,0.249941
4,DMS-ACC,naive,ACC,36,0.701275
4,DMS-ACC,naive,ACC,37,0.607433
4,DMS-ACC,naive,ACC,38,0.099453
4,DMS-ACC,naive,ACC,39,0.198719
4,DMS-ACC,naive,ACC,40,0.298368
4,DMS-ACC,naive,ACC,41,0.048652
4,DMS-ACC,naive,ACC,42,0.026636
4,DMS-ACC,naive,ACC,43,0.499895
4,DMS-ACC,naive,ACC,44,0.020998
4,DMS-ACC,naive,ACC,45,0.059944
4,DMS-ACC,naive,ACC,46,0.008345
4,DMS-ACC,naive,ACC,47,0.518561
4,DMS-ACC,naive,ACC,48,0.0
4,DMS-ACC,naive,ACC,49,0.365234
4,DMS-ACC,naive,ACC,50,0.630793
4,DMS-ACC,intermediate,DMS,0,0.992887
4,DMS-ACC,intermediate,DMS,1,1.425121
4,DMS-ACC,intermediate,DMS,2,1.282336
4,DMS-ACC,intermediate,DMS,3,2.868945
4,DMS-ACC,intermediate,DMS,4,2.351057
4,DMS-ACC,intermediate,DMS,5,0.0
4,DMS-ACC,intermediate,DMS,6,0.995148
4,DMS-ACC,intermediate,DMS,7,1.047177
4,DMS-ACC,intermediate,DMS,8,0.0
4,DMS-ACC,intermediate,DMS,9,0.0
4,DMS-ACC,intermediate,DMS,10,0.0
4,DMS-ACC,intermediate,DMS,11,0.0
4,DMS-ACC,intermediate,DMS,12,1.361305
4,DMS-ACC,intermediate,DMS,13,1.163543
4,DMS-ACC,intermediate,DMS,14,2.849047
4,DMS-ACC,intermediate,DMS,15,0.0
4,DMS-ACC,intermediate,ACC,0,0.207021
4,DMS-ACC,intermediate,ACC,1,0.585772
4,DMS-ACC,intermediate,ACC,2,0.612849
4,DMS-ACC,intermediate,ACC,3,0.395356
4,DMS-ACC,intermediate,ACC,4,0.789941
4,DMS-ACC,intermediate,ACC,5,0.388982
4,DMS-ACC,intermediate,ACC,6,0.253177
4,DMS-ACC,intermediate,ACC,7,0.174925
4,DMS-ACC,intermediate,ACC,8,0.07332
4,DMS-ACC,intermediate,ACC,9,0.116894
4,DMS-ACC,intermediate,ACC,10,0.618161
4,DMS-ACC,intermediate,ACC,11,0.476761
4,DMS-ACC,intermediate,ACC,12,0.249902
4,DMS-ACC,intermediate,ACC,13,0.4538
4,DMS-ACC,intermediate,ACC,14,0.484723
4,DMS-ACC,intermediate,ACC,15,0.597406
4,DMS-ACC,intermediate,ACC,16,0.477305
4,DMS-ACC,intermediate,ACC,17,0.235294
4,DMS-ACC,intermediate,ACC,18,0.632563
4,DMS-ACC,intermediate,ACC,19,0.6971
4,DMS-ACC,intermediate,ACC,20,0.531304
4,DMS-ACC,intermediate,ACC,21,0.309402
4,DMS-ACC,intermediate,ACC,22,0.280878
4,DMS-ACC,intermediate,ACC,23,0.096269
4,DMS-ACC,intermediate,ACC,24,0.081427
4,DMS-ACC,intermediate,ACC,25,0.150714
4,DMS-ACC,intermediate,ACC,26,0.657026
4,DMS-ACC,intermediate,ACC,27,0.396384
4,DMS-ACC,intermediate,ACC,28,0.614976
4,DMS-ACC,intermediate,ACC,29,0.131987
4,DMS-ACC,intermediate,ACC,30,0.423472
4,DMS-ACC,intermediate,ACC,31,0.310201
4,DMS-ACC,intermediate,ACC,32,0.094191
4,DMS-ACC,intermediate,ACC,33,0.036439
4,DMS-ACC,intermediate,ACC,34,0.537435
4,DMS-ACC,intermediate,ACC,35,0.090852
4,DMS-ACC,intermediate,ACC,36,0.044493
4,DMS-ACC,intermediate,ACC,37,0.530788
4,DMS-ACC,intermediate,ACC,38,0.143824
4,DMS-ACC,intermediate,ACC,39,0.506007
4,DMS-ACC,intermediate,ACC,40,0.067534
4,DMS-ACC,intermediate,ACC,41,0.739504
4,DMS-ACC,intermediate,ACC,42,0.57332
4,DMS-ACC,intermediate,ACC,43,0.0
4,DMS-ACC,intermediate,ACC,44,0.164399
4,DMS-ACC,intermediate,ACC,45,0.411639
4,DMS-ACC,intermediate,ACC,46,0.027234
4,DMS-ACC,intermediate,ACC,47,0.552021
4,DMS-ACC,intermediate,ACC,48,0.0
4,DMS-ACC,intermediate,ACC,49,0.370864
4,DMS-ACC,intermediate,ACC,50,0.166356
4,DMS-ACC,expert,DMS,0,0.913634
4,DMS-ACC,expert,DMS,1,1.220913
4,DMS-ACC,expert,DMS,2,1.138989
4,DMS-ACC,expert,DMS,3,1.824588
4,DMS-ACC,expert,DMS,4,3.807203
4,DMS-ACC,expert,DMS,5,0.0
4,DMS-ACC,expert,DMS,6,0.989843
4,DMS-ACC,expert,DMS,7,1.21497
4,DMS-ACC,expert,DMS,8,0.0
4,DMS-ACC,expert,DMS,9,2.646908
4,DMS-ACC,expert,DMS,10,1.972447
4,DMS-ACC,expert,DMS,11,0.0
4,DMS-ACC,expert,DMS,12,1.032266
4,DMS-ACC,expert,DMS,13,0.94123
4,DMS-ACC,expert,DMS,14,1.617011
4,DMS-ACC,expert,DMS,15,0.0
4,DMS-ACC,expert,ACC,0,0.170086
4,DMS-ACC,expert,ACC,1,0.541299
4,DMS-ACC,expert,ACC,2,0.649949
4,DMS-ACC,expert,ACC,3,0.410454
4,DMS-ACC,expert,ACC,4,0.65484
4,DMS-ACC,expert,ACC,5,0.524434
4,DMS-ACC,expert,ACC,6,0.122082
4,DMS-ACC,expert,ACC,7,0.564508
4,DMS-ACC,expert,ACC,8,0.110162
4,DMS-ACC,expert,ACC,9,0.343287
4,DMS-ACC,expert,ACC,10,0.529032
4,DMS-ACC,expert,ACC,11,0.374049
4,DMS-ACC,expert,ACC,12,0.170776
4,DMS-ACC,expert,ACC,13,0.146626
4,DMS-ACC,expert,ACC,14,0.514228
4,DMS-ACC,expert,ACC,15,0.202527
4,DMS-ACC,expert,ACC,16,0.466848
4,DMS-ACC,expert,ACC,17,0.574901
4,DMS-ACC,expert,ACC,18,0.172434
4,DMS-ACC,expert,ACC,19,0.129092
4,DMS-ACC,expert,ACC,20,0.178169
4,DMS-ACC,expert,ACC,21,0.221201
4,DMS-ACC,expert,ACC,22,0.304235
4,DMS-ACC,expert,ACC,23,0.195499
4,DMS-ACC,expert,ACC,24,0.796203
4,DMS-ACC,expert,ACC,25,0.283377
4,DMS-ACC,expert,ACC,26,0.591203
4,DMS-ACC,expert,ACC,27,0.185956
4,DMS-ACC,expert,ACC,28,0.308664
4,DMS-ACC,expert,ACC,29,0.035832
4,DMS-ACC,expert,ACC,30,0.381148
4,DMS-ACC,expert,ACC,31,0.209191
4,DMS-ACC,expert,ACC,32,0.20552
4,DMS-ACC,expert,ACC,33,0.665766
4,DMS-ACC,expert,ACC,34,0.373353
4,DMS-ACC,expert,ACC,35,0.153686
4,DMS-ACC,expert,ACC,36,0.033346
4,DMS-ACC,expert,ACC,37,0.54955
4,DMS-ACC,expert,ACC,38,0.608218
4,DMS-ACC,expert,ACC,39,0.222856
4,DMS-ACC,expert,ACC,40,0.111927
4,DMS-ACC,expert,ACC,41,0.672356
4,DMS-ACC,expert,ACC,42,0.653652
4,DMS-ACC,expert,ACC,43,0.0
4,DMS-ACC,expert,ACC,44,0.627446
4,DMS-ACC,expert,ACC,45,0.582344
4,DMS-ACC,expert,ACC,46,0.34981
4,DMS-ACC,expert,ACC,47,0.288609
4,DMS-ACC,expert,ACC,48,0.337112
4,DMS-ACC,expert,ACC,49,0.263833
4,DMS-ACC,expert,ACC,50,0.189246
4,DLS-ACC,naive,DLS,0,0.059008
4,DLS-ACC,naive,DLS,1,0.044509
4,DLS-ACC,naive,DLS,2,0.112754
4,DLS-ACC,naive,DLS,3,0.218402
4,DLS-ACC,naive,DLS,4,0.769621
4,DLS-ACC,naive,DLS,5,0.424339
4,DLS-ACC,naive,DLS,6,0.119671
4,DLS-ACC,naive,DLS,7,0.15823
4,DLS-ACC,naive,DLS,8,0.705613
4,DLS-ACC,naive,DLS,9,0.099618
4,DLS-ACC,naive,DLS,10,0.064553
4,DLS-ACC,naive,DLS,11,0.073769
4,DLS-ACC,naive,DLS,12,0.766388
4,DLS-ACC,naive,DLS,13,0.195226
4,DLS-ACC,naive,DLS,14,0.629889
4,DLS-ACC,naive,DLS,15,0.681819
4,DLS-ACC,naive,DLS,16,0.236521
4,DLS-ACC,naive,DLS,17,0.145138
4,DLS-ACC,naive,DLS,18,0.376586
4,DLS-ACC,naive,DLS,19,0.220625
4,DLS-ACC,naive,DLS,20,0.049829
4,DLS-ACC,naive,DLS,21,0.306998
4,DLS-ACC,naive,DLS,22,0.376187
4,DLS-ACC,naive,DLS,23,0.219979
4,DLS-ACC,naive,DLS,24,0.659672
4,DLS-ACC,naive,DLS,25,0.406124
4,DLS-ACC,naive,DLS,26,0.136092
4,DLS-ACC,naive,DLS,27,0.024712
4,DLS-ACC,naive,DLS,28,0.489379
4,DLS-ACC,naive,DLS,29,0.039943
4,DLS-ACC,naive,DLS,30,0.082
4,DLS-ACC,naive,DLS,31,0.352242
4,DLS-ACC,naive,DLS,32,0.441623
4,DLS-ACC,naive,DLS,33,0.0
4,DLS-ACC,naive,DLS,34,0.109842
4,DLS-ACC,naive,DLS,35,0.580344
4,DLS-ACC,naive,DLS,36,0.071679
4,DLS-ACC,naive,DLS,37,0.0
4,DLS-ACC,naive,DLS,38,0.051225
4,DLS-ACC,naive,DLS,39,0.754925
4,DLS-ACC,naive,DLS,40,0.0
4,DLS-ACC,naive,DLS,41,0.0
4,DLS-ACC,naive,DLS,42,0.143691
4,DLS-ACC,naive,DLS,43,0.067447
4,DLS-ACC,naive,DLS,44,0.10288
4,DLS-ACC,naive,DLS,45,0.126604
4,DLS-ACC,naive,DLS,46,0.005829
4,DLS-ACC,naive,DLS,47,0.127424
4,DLS-ACC,naive,DLS,48,0.713233
4,DLS-ACC,naive,DLS,49,0.070532
4,DLS-ACC,naive,DLS,50,0.217256
4,DLS-ACC,naive,DLS,51,0.16681
4,DLS-ACC,naive,DLS,52,0.11404
4,DLS-ACC,naive,DLS,53,0.166112
4,DLS-ACC,naive,DLS,54,0.554444
4,DLS-ACC,naive,DLS,55,0.056331
4,DLS-ACC,naive,DLS,56,0.673525
4,DLS-ACC,naive,DLS,57,0.120566
4,DLS-ACC,naive,DLS,58,0.841761
4,DLS-ACC,naive,DLS,59,0.678333
4,DLS-ACC,naive,DLS,60,0.015267
4,DLS-ACC,naive,DLS,61,0.638534
4,DLS-ACC,naive,DLS,62,0.754147
4,DLS-ACC,naive,DLS,63,0.11915
4,DLS-ACC,naive,DLS,64,0.04608
4,DLS-ACC,naive,DLS,65,0.021717
4,DLS-ACC,naive,DLS,66,0.005764
4,DLS-ACC,naive,DLS,67,0.724037
4,DLS-ACC,naive,DLS,68,0.623129
4,DLS-ACC,naive,DLS,69,0.022881
4,DLS-ACC,naive,DLS,70,0.665722
4,DLS-ACC,naive,DLS,71,0.662195
4,DLS-ACC,naive,DLS,72,0.023903
4,DLS-ACC,naive,DLS,73,0.049887
4,DLS-ACC,naive,DLS,74,0.079623
4,DLS-ACC,naive,DLS,75,0.094951
4,DLS-ACC,naive,ACC,0,0.030267
4,DLS-ACC,naive,ACC,1,0.381358
4,DLS-ACC,naive,ACC,2,0.102586
4,DLS-ACC,naive,ACC,3,0.244503
4,DLS-ACC,naive,ACC,4,0.616462
4,DLS-ACC,naive,ACC,5,0.76862
4,DLS-ACC,naive,ACC,6,0.699035
4,DLS-ACC,naive,ACC,7,0.22638
4,DLS-ACC,naive,ACC,8,0.627423
4,DLS-ACC,naive,ACC,9,0.851396
4,DLS-ACC,naive,ACC,10,0.368307
4,DLS-ACC,naive,ACC,11,0.368505
4,DLS-ACC,naive,ACC,12,0.746872
4,DLS-ACC,naive,ACC,13,0.547495
4,DLS-ACC,naive,ACC,14,0.797408
4,DLS-ACC,naive,ACC,15,0.170958
4,DLS-ACC,naive,ACC,16,0.844617
4,DLS-ACC,naive,ACC,17,0.818897
4,DLS-ACC,naive,ACC,18,0.852653
4,DLS-ACC,naive,ACC,19,0.861311
4,DLS-ACC,naive,ACC,20,0.197026
4,DLS-ACC,naive,ACC,21,0.149387
4,DLS-ACC,naive,ACC,22,0.468557
4,DLS-ACC,naive,ACC,23,0.117524
4,DLS-ACC,naive,ACC,24,0.929589
4,DLS-ACC,naive,ACC,25,0.453252
4,DLS-ACC,naive,ACC,26,0.024541
4,DLS-ACC,naive,ACC,27,0.79674
4,DLS-ACC,naive,ACC,28,0.202118
4,DLS-ACC,naive,ACC,29,0.705583
4,DLS-ACC,naive,ACC,30,0.292993
4,DLS-ACC,naive,ACC,31,0.19145
4,DLS-ACC,naive,ACC,32,0.737748
4,DLS-ACC,naive,ACC,33,0.01696
4,DLS-ACC,naive,ACC,34,0.293051
4,DLS-ACC,naive,ACC,35,0.255829
4,DLS-ACC,naive,ACC,36,0.739213
4,DLS-ACC,naive,ACC,37,0.727892
4,DLS-ACC,naive,ACC,38,0.131716
4,DLS-ACC,naive,ACC,39,0.245931
4,DLS-ACC,naive,ACC,40,0.784879
4,DLS-ACC,naive,ACC,41,0.057991
4,DLS-ACC,naive,ACC,42,0.030204
4,DLS-ACC,naive,ACC,43,0.755846
4,DLS-ACC,naive,ACC,44,0.022216
4,DLS-ACC,naive,ACC,45,0.07122
4,DLS-ACC,naive,ACC,46,0.008842
4,DLS-ACC,naive,ACC,47,0.527587
4,DLS-ACC,naive,ACC,48,0.0
4,DLS-ACC,naive,ACC,49,0.389646
4,DLS-ACC,naive,ACC,50,0.793913
4,DLS-ACC,intermediate,DLS,0,0.151044
4,DLS-ACC,intermediate,DLS,1,0.468824
4,DLS-ACC,intermediate,DLS,2,0.487596
4,DLS-ACC,intermediate,DLS,3,0.085085
4,DLS-ACC,intermediate,DLS,4,0.236722
4,DLS-ACC,intermediate,DLS,5,0.133568
4,DLS-ACC,intermediate,DLS,6,0.706258
4,DLS-ACC,intermediate,DLS,7,0.604618
4,DLS-ACC,intermediate,DLS,8,0.201822
4,DLS-ACC,intermediate,DLS,9,0.132133
4,DLS-ACC,intermediate,DLS,10,0.172617
4,DLS-ACC,intermediate,DLS,11,0.547127
4,DLS-ACC,intermediate,DLS,12,0.40226
4,DLS-ACC,intermediate,DLS,13,0.283567
4,DLS-ACC,intermediate,DLS,14,0.151592
4,DLS-ACC,intermediate,DLS,15,0.185625
4,DLS-ACC,intermediate,DLS,16,0.356292
4,DLS-ACC,intermediate,DLS,17,0.70332
4,DLS-ACC,intermediate,DLS,18,0.126966
4,DLS-ACC,intermediate,DLS,19,0.558231
4,DLS-ACC,intermediate,DLS,20,0.138354
4,DLS-ACC,intermediate,DLS,21,0.145755
4,DLS-ACC,intermediate,DLS,22,0.148093
4,DLS-ACC,intermediate,DLS,23,0.191658
4,DLS-ACC,intermediate,DLS,24,0.115139
4,DLS-ACC,intermediate,DLS,25,0.091241
4,DLS-ACC,intermediate,DLS,26,0.411243
4,DLS-ACC,intermediate,DLS,27,0.082021
4,DLS-ACC,intermediate,DLS,28,0.628385
4,DLS-ACC,intermediate,DLS,29,0.054004
4,DLS-ACC,intermediate,DLS,30,0.246195
4,DLS-ACC,intermediate,DLS,31,0.517178
4,DLS-ACC,intermediate,DLS,32,0.158703
4,DLS-ACC,intermediate,DLS,33,0.54955
4,DLS-ACC,intermediate,DLS,34,0.324237
4,DLS-ACC,intermediate,DLS,35,0.201319
4,DLS-ACC,intermediate,DLS,36,0.010734
4,DLS-ACC,intermediate,DLS,37,0.436446
4,DLS-ACC,intermediate,DLS,38,0.778784
4,DLS-ACC,intermediate,DLS,39,0.048978
4,DLS-ACC,intermediate,DLS,40,0.564465
4,DLS-ACC,intermediate,DLS,41,0.699935
4,DLS-ACC,intermediate,DLS,42,0.360513
4,DLS-ACC,intermediate,DLS,43,0.118246
4,DLS-ACC,intermediate,DLS,44,0.164902
4,DLS-ACC,intermediate,DLS,45,0.771012
4,DLS-ACC,intermediate,DLS,46,0.235541
4,DLS-ACC,intermediate,DLS,47,0.42047
4,DLS-ACC,intermediate,DLS,48,0.086241
4,DLS-ACC,intermediate,DLS,49,0.138505
4,DLS-ACC,intermediate,DLS,50,0.327467
4,DLS-ACC,intermediate,DLS,51,0.28745
4,DLS-ACC,intermediate,DLS,52,0.084078
4,DLS-ACC,intermediate,DLS,53,0.354734
4,DLS-ACC,intermediate,DLS,54,0.053092
4,DLS-ACC,intermediate,DLS,55,0.692136
4,DLS-ACC,intermediate,DLS,56,0.089447
4,DLS-ACC,intermediate,DLS,57,0.25875
4,DLS-ACC,intermediate,DLS,58,0.049524
4,DLS-ACC,intermediate,DLS,59,0.165554
4,DLS-ACC,intermediate,DLS,60,0.112754
4,DLS-ACC,intermediate,DLS,61,0.059555
4,DLS-ACC,intermediate,DLS,62,0.155799
4,DLS-ACC,intermediate,DLS,63,0.147811
4,DLS-ACC,intermediate,DLS,64,0.053729
4,DLS-ACC,intermediate,DLS,65,0.346839
4,DLS-ACC,intermediate,DLS,66,0.561155
4,DLS-ACC,intermediate,DLS,67,0.093882
4,DLS-ACC,intermediate,DLS,68,0.255552
4,DLS-ACC,intermediate,DLS,69,0.227906
4,DLS-ACC,intermediate,DLS,70,0.369418
4,DLS-ACC,intermediate,DLS,71,0.252638
4,DLS-ACC,intermediate,DLS,72,0.093329
4,DLS-ACC,intermediate,DLS,73,0.313739
4,DLS-ACC,intermediate,DLS,74,0.600794
4,DLS-ACC,intermediate,DLS,75,0.09566
4,DLS-ACC,intermediate,ACC,0,0.24751
4,DLS-ACC,intermediate,ACC,1,0.877355
4,DLS-ACC,intermediate,ACC,2,0.873172
4,DLS-ACC,intermediate,ACC,3,0.523226
4,DLS-ACC,intermediate,ACC,4,0.932958
4,DLS-ACC,intermediate,ACC,5,0.48153
4,DLS-ACC,intermediate,ACC,6,0.393122
4,DLS-ACC,intermediate,ACC,7,0.217462
4,DLS-ACC,intermediate,ACC,8,0.116973
4,DLS-ACC,intermediate,ACC,9,0.146267
4,DLS-ACC,intermediate,ACC,10,0.818697
4,DLS-ACC,intermediate,ACC,11,0.612432
4,DLS-ACC,intermediate,ACC,12,0.443358
4,DLS-ACC,intermediate,ACC,13,0.586593
4,DLS-ACC,intermediate,ACC,14,0.840594
4,DLS-ACC,intermediate,ACC,15,0.856502
4,DLS-ACC,intermediate,ACC,16,0.859376
4,DLS-ACC,intermediate,ACC,17,0.33948
4,DLS-ACC,intermediate,ACC,18,0.908295
4,DLS-ACC,intermediate,ACC,19,0.871782
4,DLS-ACC,intermediate,ACC,20,0.883715
4,DLS-ACC,intermediate,ACC,21,0.517078
4,DLS-ACC,intermediate,ACC,22,0.42946
4,DLS-ACC,intermediate,ACC,23,0.151382
4,DLS-ACC,intermediate,ACC,24,0.089854
4,DLS-ACC,intermediate,ACC,25,0.170431
4,DLS-ACC,intermediate,ACC,26,0.788249
4,DLS-ACC,intermediate,ACC,27,0.589904
4,DLS-ACC,intermediate,ACC,28,0.880404
4,DLS-ACC,intermediate,ACC,29,0.151358
4,DLS-ACC,intermediate,ACC,30,0.54323
4,DLS-ACC,intermediate,ACC,31,0.391035
4,DLS-ACC,intermediate,ACC,32,0.152619
4,DLS-ACC,intermediate,ACC,33,0.044468
4,DLS-ACC,intermediate,ACC,34,0.690194
4,DLS-ACC,intermediate,ACC,35,0.105238
4,DLS-ACC,intermediate,ACC,36,0.067368
4,DLS-ACC,intermediate,ACC,37,0.907018
4,DLS-ACC,intermediate,ACC,38,0.180084
4,DLS-ACC,intermediate,ACC,39,0.916096
4,DLS-ACC,intermediate,ACC,40,0.110196
4,DLS-ACC,intermediate,ACC,41,0.900189
4,DLS-ACC,intermediate,ACC,42,0.873449
4,DLS-ACC,intermediate,ACC,43,0.0
4,DLS-ACC,intermediate,ACC,44,0.219932
4,DLS-ACC,intermediate,ACC,45,0.723755
4,DLS-ACC,intermediate,ACC,46,0.035718
4,DLS-ACC,intermediate,ACC,47,0.578918
4,DLS-ACC,intermediate,ACC,48,0.0
4,DLS-ACC,intermediate,ACC,49,0.513188
4,DLS-ACC,intermediate,ACC,50,0.240262
4,DLS-ACC,expert,DLS,0,0.230618
4,DLS-ACC,expert,DLS,1,0.442963
4,DLS-ACC,expert,DLS,2,0.517264
4,DLS-ACC,expert,DLS,3,0.797726
4,DLS-ACC,expert,DLS,4,0.314472
4,DLS-ACC,expert,DLS,5,0.228068
4,DLS-ACC,expert,DLS,6,0.085958
4,DLS-ACC,expert,DLS,7,0.241793
4,DLS-ACC,expert,DLS,8,0.242795
4,DLS-ACC,expert,DLS,9,0.253844
4,DLS-ACC,expert,DLS,10,0.280946
4,DLS-ACC,expert,DLS,11,0.585
4,DLS-ACC,expert,DLS,12,0.238923
4,DLS-ACC,expert,DLS,13,0.27154
4,DLS-ACC,expert,DLS,14,0.11128
4,DLS-ACC,expert,DLS,15,0.195456
4,DLS-ACC,expert,DLS,16,0.225775
4,DLS-ACC,expert,DLS,17,0.10548
4,DLS-ACC,expert,DLS,18,0.406673
4,DLS-ACC,expert,DLS,19,0.060909
4,DLS-ACC,expert,DLS,20,0.24785
4,DLS-ACC,expert,DLS,21,0.38143
4,DLS-ACC,expert,DLS,22,0.354241
4,DLS-ACC,expert,DLS,23,0.61921
4,DLS-ACC,expert,DLS,24,0.178403
4,DLS-ACC,expert,DLS,25,0.390596
4,DLS-ACC,expert,DLS,26,0.473676
4,DLS-ACC,expert,DLS,27,0.407134
4,DLS-ACC,expert,DLS,28,0.213859
4,DLS-ACC,expert,DLS,29,0.642515
4,DLS-ACC,expert,DLS,30,0.066173
4,DLS-ACC,expert,DLS,31,0.433396
4,DLS-ACC,expert,DLS,32,0.238617
4,DLS-ACC,expert,DLS,33,0.702943
4,DLS-ACC,expert,DLS,34,0.207368
4,DLS-ACC,expert,DLS,35,0.033665
4,DLS-ACC,expert,DLS,36,0.629149
4,DLS-ACC,expert,DLS,37,0.0
4,DLS-ACC,expert,DLS,38,0.780005
4,DLS-ACC,expert,DLS,39,0.188582
4,DLS-ACC,expert,DLS,40,0.0
4,DLS-ACC,expert,DLS,41,0.786871
4,DLS-ACC,expert,DLS,42,0.075303
4,DLS-ACC,expert,DLS,43,0.170946
4,DLS-ACC,expert,DLS,44,0.252123
4,DLS-ACC,expert,DLS,45,0.704857
4,DLS-ACC,expert,DLS,46,0.095709
4,DLS-ACC,expert,DLS,47,0.443743
4,DLS-ACC,expert,DLS,48,0.084843
4,DLS-ACC,expert,DLS,49,0.301736
4,DLS-ACC,expert,DLS,50,0.236818
4,DLS-ACC,expert,DLS,51,0.41641
4,DLS-ACC,expert,DLS,52,0.109733
4,DLS-ACC,expert,DLS,53,0.530727
4,DLS-ACC,expert,DLS,54,0.286879
4,DLS-ACC,expert,DLS,55,0.786541
4,DLS-ACC,expert,DLS,56,0.379919
4,DLS-ACC,expert,DLS,57,0.196537
4,DLS-ACC,expert,DLS,58,0.091204
4,DLS-ACC,expert,DLS,59,0.207074
4,DLS-ACC,expert,DLS,60,0.531153
4,DLS-ACC,expert,DLS,61,0.100201
4,DLS-ACC,expert,DLS,62,0.044096
4,DLS-ACC,expert,DLS,63,0.371361
4,DLS-ACC,expert,DLS,64,0.071139
4,DLS-ACC,expert,DLS,65,0.054688
4,DLS-ACC,expert,DLS,66,0.159327
4,DLS-ACC,expert,DLS,67,0.066251
4,DLS-ACC,expert,DLS,68,0.338799
4,DLS-ACC,expert,DLS,69,0.069555
4,DLS-ACC,expert,DLS,70,0.652645
4,DLS-ACC,expert,DLS,71,0.316886
4,DLS-ACC,expert,DLS,72,0.714707
4,DLS-ACC,expert,DLS,73,0.490051
4,DLS-ACC,expert,DLS,74,0.664511
4,DLS-ACC,expert,DLS,75,0.218822
4,DLS-ACC,expert,ACC,0,0.20413
4,DLS-ACC,expert,ACC,1,0.766526
4,DLS-ACC,expert,ACC,2,0.761583
4,DLS-ACC,expert,ACC,3,0.51812
4,DLS-ACC,expert,ACC,4,0.74162
4,DLS-ACC,expert,ACC,5,0.614494
4,DLS-ACC,expert,ACC,6,0.215262
4,DLS-ACC,expert,ACC,7,0.775861
4,DLS-ACC,expert,ACC,8,0.130369
4,DLS-ACC,expert,ACC,9,0.73398
4,DLS-ACC,expert,ACC,10,0.748472
4,DLS-ACC,expert,ACC,11,0.56179
4,DLS-ACC,expert,ACC,12,0.210623
4,DLS-ACC,expert,ACC,13,0.177631
4,DLS-ACC,expert,ACC,14,0.660612
4,DLS-ACC,expert,ACC,15,0.263843
4,DLS-ACC,expert,ACC,16,0.536024
4,DLS-ACC,expert,ACC,17,0.762641
4,DLS-ACC,expert,ACC,18,0.186506
4,DLS-ACC,expert,ACC,19,0.200484
4,DLS-ACC,expert,ACC,20,0.228928
4,DLS-ACC,expert,ACC,21,0.275687
4,DLS-ACC,expert,ACC,22,0.338156
4,DLS-ACC,expert,ACC,23,0.253584
4,DLS-ACC,expert,ACC,24,0.804026
4,DLS-ACC,expert,ACC,25,0.303643
4,DLS-ACC,expert,ACC,26,0.673391
4,DLS-ACC,expert,ACC,27,0.263355
4,DLS-ACC,expert,ACC,28,0.387924
4,DLS-ACC,expert,ACC,29,0.052262
4,DLS-ACC,expert,ACC,30,0.52867
4,DLS-ACC,expert,ACC,31,0.325235
4,DLS-ACC,expert,ACC,32,0.220587
4,DLS-ACC,expert,ACC,33,0.764391
4,DLS-ACC,expert,ACC,34,0.438541
4,DLS-ACC,expert,ACC,35,0.181254
4,DLS-ACC,expert,ACC,36,0.042587
4,DLS-ACC,expert,ACC,37,0.676974
4,DLS-ACC,expert,ACC,38,0.818538
4,DLS-ACC,expert,ACC,39,0.286255
4,DLS-ACC,expert,ACC,40,0.178917
4,DLS-ACC,expert,ACC,41,0.819492
4,DLS-ACC,expert,ACC,42,0.820733
4,DLS-ACC,expert,ACC,43,0.0
4,DLS-ACC,expert,ACC,44,0.766973
4,DLS-ACC,expert,ACC,45,0.713045
4,DLS-ACC,expert,ACC,46,0.48867
4,DLS-ACC,expert,ACC,47,0.352617
4,DLS-ACC,expert,ACC,48,0.858421
4,DLS-ACC,expert,ACC,49,0.365939
4,DLS-ACC,expert,ACC,50,0.24895
5,DMS-DLS,naive,DMS,0,0.540542
5,DMS-DLS,naive,DMS,1,0.098084
5,DMS-DLS,naive,DMS,2,0.683253
5,DMS-DLS,naive,DMS,3,0.087827
5,DMS-DLS,naive,DMS,4,0.586605
5,DMS-DLS,naive,DMS,5,0.51697
5,DMS-DLS,naive,DMS,6,0.115364
5,DMS-DLS,naive,DMS,7,0.633276
5,DMS-DLS,naive,DMS,8,0.307199
5,DMS-DLS,naive,DMS,9,0.791022
5,DMS-DLS,naive,DMS,10,0.0
5,DMS-DLS,naive,DMS,11,0.035948
5,DMS-DLS,naive,DMS,12,0.121845
5,DMS-DLS,naive,DMS,13,0.058554
5,DMS-DLS,naive,DMS,14,0.72052
5,DMS-DLS,naive,DMS,15,0.75937
5,DMS-DLS,naive,DMS,16,0.187565
5,DMS-DLS,naive,DMS,17,0.048237
5,DMS-DLS,naive,DMS,18,0.116858
5,DMS-DLS,naive,DMS,19,0.103592
5,DMS-DLS,naive,DMS,20,0.070355
5,DMS-DLS,naive,DMS,21,0.0
5,DMS-DLS,naive,DMS,22,0.003257
5,DMS-DLS,naive,DMS,23,0.106114
5,DMS-DLS,naive,DMS,24,0.002198
5,DMS-DLS,naive,DMS,25,0.202315
5,DMS-DLS,naive,DMS,26,0.301704
5,DMS-DLS,naive,DMS,27,0.538726
5,DMS-DLS,naive,DMS,28,0.744373
5,DMS-DLS,naive,DMS,29,0.019424
5,DMS-DLS,naive,DMS,30,0.247784
5,DMS-DLS,naive,DMS,31,0.041298
5,DMS-DLS,naive,DMS,32,0.647497
5,DMS-DLS,naive,DMS,33,0.772311
5,DMS-DLS,naive,DMS,34,0.087809
5,DMS-DLS,naive,DMS,35,0.175793
5,DMS-DLS,naive,DMS,36,0.620623
5,DMS-DLS,naive,DMS,37,0.28092
5,DMS-DLS,naive,DMS,38,0.006255
5,DMS-DLS,naive,DMS,39,0.037132
5,DMS-DLS,naive,DMS,40,0.653327
5,DMS-DLS,naive,DMS,41,0.461215
5,DMS-DLS,naive,DMS,42,0.044995
5,DMS-DLS,naive,DMS,43,0.094377
5,DMS-DLS,naive,DMS,44,0.760943
5,DMS-DLS,naive,DMS,45,0.746135
5,DMS-DLS,naive,DMS,46,0.496763
5,DMS-DLS,naive,DMS,47,0.49453
5,DMS-DLS,naive,DMS,48,0.192566
5,DMS-DLS,naive,DMS,49,0.565255
5,DMS-DLS,naive,DMS,50,0.701301
5,DMS-DLS,naive,DMS,51,0.381717
5,DMS-DLS,naive,DMS,52,0.059596
5,DMS-DLS,naive,DMS,53,0.147238
5,DMS-DLS,naive,DMS,54,0.613804
5,DMS-DLS,naive,DLS,0,0.039023
5,DMS-DLS,naive,DLS,1,0.139571
5,DMS-DLS,naive,DLS,2,0.044458
5,DMS-DLS,naive,DLS,3,0.091579
5,DMS-DLS,naive,DLS,4,0.026827
5,DMS-DLS,naive,DLS,5,0.009633
5,DMS-DLS,naive,DLS,6,0.057013
5,DMS-DLS,naive,DLS,7,0.146015
5,DMS-DLS,naive,DLS,8,0.074766
5,DMS-DLS,naive,DLS,9,0.0
5,DMS-DLS,naive,DLS,10,0.011346
5,DMS-DLS,naive,DLS,11,0.164879
5,DMS-DLS,naive,DLS,12,0.164735
5,DMS-DLS,naive,DLS,13,0.096204
5,DMS-DLS,naive,DLS,14,0.0
5,DMS-DLS,naive,DLS,15,0.102724
5,DMS-DLS,naive,DLS,16,0.053054
5,DMS-DLS,naive,DLS,17,0.11838
5,DMS-DLS,naive,DLS,18,0.023902
5,DMS-DLS,naive,DLS,19,0.315159
5,DMS-DLS,naive,DLS,20,0.473161
5,DMS-DLS,naive,DLS,21,0.0
5,DMS-DLS,naive,DLS,22,0.068002
5,DMS-DLS,naive,DLS,23,0.050806
5,DMS-DLS,naive,DLS,24,0.0
5,DMS-DLS,naive,DLS,25,0.056718
5,DMS-DLS,naive,DLS,26,0.371199
5,DMS-DLS,naive,DLS,27,0.390046
5,DMS-DLS,naive,DLS,28,0.076185
5,DMS-DLS,naive,DLS,29,0.046725
5,DMS-DLS,naive,DLS,30,0.038976
5,DMS-DLS,naive,DLS,31,0.071574
5,DMS-DLS,naive,DLS,32,0.054609
5,DMS-DLS,naive,DLS,33,0.057944
5,DMS-DLS,naive,DLS,34,0.074564
5,DMS-DLS,naive,DLS,35,0.039457
5,DMS-DLS,naive,DLS,36,0.007625
5,DMS-DLS,naive,DLS,37,0.0
5,DMS-DLS,naive,DLS,38,0.047909
5,DMS-DLS,naive,DLS,39,0.097021
5,DMS-DLS,naive,DLS,40,0.049987
5,DMS-DLS,naive,DLS,41,0.062854
5,DMS-DLS,naive,DLS,42,0.055125
5,DMS-DLS,naive,DLS,43,0.075295
5,DMS-DLS,naive,DLS,44,0.028525
5,DMS-DLS,naive,DLS,45,0.121462
5,DMS-DLS,naive,DLS,46,0.038261
5,DMS-DLS,naive,DLS,47,0.095491
5,DMS-DLS,naive,DLS,48,0.099534
5,DMS-DLS,naive,DLS,49,0.026264
5,DMS-DLS,naive,DLS,50,0.023853
5,DMS-DLS,naive,DLS,51,0.032276
5,DMS-DLS,naive,DLS,52,0.107978
5,DMS-DLS,naive,DLS,53,0.067817
5,DMS-DLS,naive,DLS,54,0.132981
5,DMS-DLS,naive,DLS,55,0.067361
5,DMS-DLS,naive,DLS,56,0.280275
5,DMS-DLS,naive,DLS,57,0.101897
5,DMS-DLS,naive,DLS,58,0.044546
5,DMS-DLS,naive,DLS,59,0.08749
5,DMS-DLS,naive,DLS,60,0.071898
5,DMS-DLS,naive,DLS,61,0.116087
5,DMS-DLS,naive,DLS,62,0.014394
5,DMS-DLS,naive,DLS,63,0.140044
5,DMS-DLS,naive,DLS,64,0.036172
5,DMS-DLS,naive,DLS,65,0.085695
5,DMS-DLS,naive,DLS,66,0.10469
5,DMS-DLS,naive,DLS,67,0.084179
5,DMS-DLS,naive,DLS,68,0.043012
5,DMS-DLS,naive,DLS,69,0.324436
5,DMS-DLS,naive,DLS,70,0.02631
5,DMS-DLS,naive,DLS,71,0.39142
5,DMS-DLS,naive,DLS,72,0.183731
5,DMS-DLS,naive,DLS,73,0.074876
5,DMS-DLS,naive,DLS,74,0.045473
5,DMS-DLS,naive,DLS,75,0.129205
5,DMS-DLS,naive,DLS,76,0.30193
5,DMS-DLS,naive,DLS,77,0.014951
5,DMS-DLS,naive,DLS,78,0.373872
5,DMS-DLS,naive,DLS,79,0.0
5,DMS-DLS,naive,DLS,80,0.013188
5,DMS-DLS,naive,DLS,81,0.062845
5,DMS-DLS,naive,DLS,82,0.14671
5,DMS-DLS,naive,DLS,83,0.046274
5,DMS-DLS,naive,DLS,84,0.00441
5,DMS-DLS,naive,DLS,85,0.048278
5,DMS-DLS,naive,DLS,86,0.076484
5,DMS-DLS,naive,DLS,87,0.022385
5,DMS-DLS,naive,DLS,88,0.042386
5,DMS-DLS,naive,DLS,89,0.402382
5,DMS-DLS,naive,DLS,90,0.099253
5,DMS-DLS,naive,DLS,91,0.10285
5,DMS-DLS,naive,DLS,92,0.142002
5,DMS-DLS,naive,DLS,93,0.0
5,DMS-DLS,naive,DLS,94,0.117698
5,DMS-DLS,naive,DLS,95,0.061123
5,DMS-DLS,naive,DLS,96,0.022458
5,DMS-DLS,naive,DLS,97,0.034515
5,DMS-DLS,naive,DLS,98,0.058181
5,DMS-DLS,naive,DLS,99,0.048285
5,DMS-DLS,naive,DLS,100,0.062809
5,DMS-DLS,naive,DLS,101,0.029639
5,DMS-DLS,naive,DLS,102,0.511998
5,DMS-DLS,naive,DLS,103,0.011371
5,DMS-DLS,naive,DLS,104,0.066023
5,DMS-DLS,naive,DLS,105,0.00353
5,DMS-DLS,naive,DLS,106,0.0
5,DMS-DLS,naive,DLS,107,0.02173
5,DMS-DLS,naive,DLS,108,0.041754
5,DMS-DLS,naive,DLS,109,0.075248
5,DMS-DLS,naive,DLS,110,0.083041
5,DMS-DLS,naive,DLS,111,0.0
5,DMS-DLS,naive,DLS,112,0.110897
5,DMS-DLS,naive,DLS,113,0.125341
5,DMS-DLS,naive,DLS,114,0.02524
5,DMS-DLS,naive,DLS,115,0.120412
5,DMS-DLS,naive,DLS,116,0.039188
5,DMS-DLS,naive,DLS,117,0.082556
5,DMS-DLS,naive,DLS,118,0.058895
5,DMS-DLS,naive,DLS,119,0.055118
5,DMS-DLS,naive,DLS,120,0.513963
5,DMS-DLS,naive,DLS,121,0.056055
5,DMS-DLS,naive,DLS,122,0.007275
5,DMS-DLS,naive,DLS,123,0.106625
5,DMS-DLS,naive,DLS,124,0.0
5,DMS-DLS,naive,DLS,125,0.041532
5,DMS-DLS,naive,DLS,126,0.020262
5,DMS-DLS,naive,DLS,127,0.0
5,DMS-DLS,naive,DLS,128,0.135706
5,DMS-DLS,naive,DLS,129,0.047702
5,DMS-DLS,naive,DLS,130,0.074919
5,DMS-DLS,naive,DLS,131,0.069966
5,DMS-DLS,naive,DLS,132,0.012817
5,DMS-DLS,naive,DLS,133,0.018852
5,DMS-DLS,naive,DLS,134,0.050443
5,DMS-DLS,naive,DLS,135,0.054038
5,DMS-DLS,naive,DLS,136,0.0
5,DMS-DLS,naive,DLS,137,0.0
5,DMS-DLS,naive,DLS,138,0.073296
5,DMS-DLS,naive,DLS,139,0.021736
5,DMS-DLS,naive,DLS,140,0.0
5,DMS-DLS,naive,DLS,141,0.0
5,DMS-DLS,naive,DLS,142,0.0
5,DMS-DLS,naive,DLS,143,0.066043
5,DMS-DLS,naive,DLS,144,0.061643
5,DMS-DLS,naive,DLS,145,0.043734
5,DMS-DLS,naive,DLS,146,0.066663
5,DMS-DLS,naive,DLS,147,0.034849
5,DMS-DLS,naive,DLS,148,0.112511
5,DMS-DLS,naive,DLS,149,0.039971
5,DMS-DLS,naive,DLS,150,0.082154
5,DMS-DLS,naive,DLS,151,0.005289
5,DMS-DLS,naive,DLS,152,0.00858
5,DMS-DLS,naive,DLS,153,0.013921
5,DMS-DLS,naive,DLS,154,0.01065
5,DMS-DLS,naive,DLS,155,0.036443
5,DMS-DLS,naive,DLS,156,0.047379
5,DMS-DLS,naive,DLS,157,0.002564
5,DMS-DLS,naive,DLS,158,0.011722
5,DMS-DLS,naive,DLS,159,0.464722
5,DMS-DLS,naive,DLS,160,0.303229
5,DMS-DLS,naive,DLS,161,0.176886
5,DMS-DLS,naive,DLS,162,0.245672
5,DMS-DLS,naive,DLS,163,0.231721
5,DMS-DLS,naive,DLS,164,0.0
5,DMS-DLS,naive,DLS,165,0.0
5,DMS-DLS,naive,DLS,166,0.0
5,DMS-DLS,naive,DLS,167,0.018529
5,DMS-DLS,naive,DLS,168,0.0
5,DMS-DLS,naive,DLS,169,0.015746
5,DMS-DLS,naive,DLS,170,0.179893
5,DMS-DLS,naive,DLS,171,0.024849
5,DMS-DLS,naive,DLS,172,0.006818
5,DMS-DLS,naive,DLS,173,0.008675
5,DMS-DLS,naive,DLS,174,0.40265
5,DMS-DLS,naive,DLS,175,0.037264
5,DMS-DLS,naive,DLS,176,0.06049
5,DMS-DLS,naive,DLS,177,0.106791
5,DMS-DLS,naive,DLS,178,0.02551
5,DMS-DLS,naive,DLS,179,0.080068
5,DMS-DLS,naive,DLS,180,0.005295
5,DMS-DLS,naive,DLS,181,0.058534
5,DMS-DLS,naive,DLS,182,0.50928
5,DMS-DLS,naive,DLS,183,0.127572
5,DMS-DLS,naive,DLS,184,0.050666
5,DMS-DLS,naive,DLS,185,0.017834
5,DMS-DLS,naive,DLS,186,0.25024
5,DMS-DLS,naive,DLS,187,0.425327
5,DMS-DLS,naive,DLS,188,0.2528
5,DMS-DLS,naive,DLS,189,0.492901
5,DMS-DLS,naive,DLS,190,0.345924
5,DMS-DLS,naive,DLS,191,0.03237
5,DMS-DLS,naive,DLS,192,0.49384
5,DMS-DLS,naive,DLS,193,0.017073
5,DMS-DLS,naive,DLS,194,0.013314
5,DMS-DLS,naive,DLS,195,0.284663
5,DMS-DLS,naive,DLS,196,0.379404
5,DMS-DLS,naive,DLS,197,0.039759
5,DMS-DLS,naive,DLS,198,0.0506
5,DMS-DLS,naive,DLS,199,0.10797
5,DMS-DLS,naive,DLS,200,0.476998
5,DMS-DLS,naive,DLS,201,0.365744
5,DMS-DLS,naive,DLS,202,0.054583
5,DMS-DLS,naive,DLS,203,0.05492
5,DMS-DLS,naive,DLS,204,0.062696
5,DMS-DLS,naive,DLS,205,0.038523
5,DMS-DLS,naive,DLS,206,0.107281
5,DMS-DLS,naive,DLS,207,0.031866
5,DMS-DLS,naive,DLS,208,0.024414
5,DMS-DLS,naive,DLS,209,0.039852
5,DMS-DLS,naive,DLS,210,0.214634
5,DMS-DLS,naive,DLS,211,0.060044
5,DMS-DLS,naive,DLS,212,0.323213
5,DMS-DLS,naive,DLS,213,0.033142
5,DMS-DLS,naive,DLS,214,0.106466
5,DMS-DLS,naive,DLS,215,0.042056
5,DMS-DLS,naive,DLS,216,0.008786
5,DMS-DLS,naive,DLS,217,0.017366
5,DMS-DLS,naive,DLS,218,0.149925
5,DMS-DLS,naive,DLS,219,0.14332
5,DMS-DLS,naive,DLS,220,0.019916
5,DMS-DLS,naive,DLS,221,0.066749
5,DMS-DLS,naive,DLS,222,0.081773
5,DMS-DLS,naive,DLS,223,0.014498
5,DMS-DLS,naive,DLS,224,0.030421
5,DMS-DLS,naive,DLS,225,0.015237
5,DMS-DLS,intermediate,DMS,0,0.600969
5,DMS-DLS,intermediate,DMS,1,0.859686
5,DMS-DLS,intermediate,DMS,2,0.848137
5,DMS-DLS,intermediate,DMS,3,0.79446
5,DMS-DLS,intermediate,DMS,4,0.87645
5,DMS-DLS,intermediate,DMS,5,0.144526
5,DMS-DLS,intermediate,DMS,6,0.90945
5,DMS-DLS,intermediate,DMS,7,0.065021
5,DMS-DLS,intermediate,DMS,8,0.669926
5,DMS-DLS,intermediate,DMS,9,0.389162
5,DMS-DLS,intermediate,DMS,10,0.301986
5,DMS-DLS,intermediate,DMS,11,0.149233
5,DMS-DLS,intermediate,DMS,12,0.387007
5,DMS-DLS,intermediate,DMS,13,0.103863
5,DMS-DLS,intermediate,DMS,14,0.536172
5,DMS-DLS,intermediate,DMS,15,0.173188
5,DMS-DLS,intermediate,DMS,16,0.0
5,DMS-DLS,intermediate,DMS,17,0.634123
5,DMS-DLS,intermediate,DMS,18,0.070675
5,DMS-DLS,intermediate,DMS,19,0.785317
5,DMS-DLS,intermediate,DMS,20,0.945435
5,DMS-DLS,intermediate,DMS,21,0.354237
5,DMS-DLS,intermediate,DMS,22,0.232765
5,DMS-DLS,intermediate,DMS,23,0.786492
5,DMS-DLS,intermediate,DMS,24,0.500164
5,DMS-DLS,intermediate,DMS,25,0.56438
5,DMS-DLS,intermediate,DMS,26,0.781214
5,DMS-DLS,intermediate,DMS,27,0.789646
5,DMS-DLS,intermediate,DMS,28,0.0
5,DMS-DLS,intermediate,DMS,29,0.105515
5,DMS-DLS,intermediate,DMS,30,0.160641
5,DMS-DLS,intermediate,DMS,31,0.209979
5,DMS-DLS,intermediate,DMS,32,0.173556
5,DMS-DLS,intermediate,DMS,33,0.094943
5,DMS-DLS,intermediate,DMS,34,0.009859
5,DMS-DLS,intermediate,DMS,35,0.409641
5,DMS-DLS,intermediate,DMS,36,0.814164
5,DMS-DLS,intermediate,DMS,37,0.226209
5,DMS-DLS,intermediate,DMS,38,0.924724
5,DMS-DLS,intermediate,DMS,39,0.179572
5,DMS-DLS,intermediate,DMS,40,0.0
5,DMS-DLS,intermediate,DMS,41,0.24984
5,DMS-DLS,intermediate,DMS,42,0.0
5,DMS-DLS,intermediate,DMS,43,0.716345
5,DMS-DLS,intermediate,DMS,44,0.287011
5,DMS-DLS,intermediate,DMS,45,0.891854
5,DMS-DLS,intermediate,DMS,46,0.014075
5,DMS-DLS,intermediate,DMS,47,0.326596
5,DMS-DLS,intermediate,DMS,48,0.025575
5,DMS-DLS,intermediate,DMS,49,0.170264
5,DMS-DLS,intermediate,DMS,50,0.048187
5,DMS-DLS,intermediate,DMS,51,0.308802
5,DMS-DLS,intermediate,DMS,52,0.162262
5,DMS-DLS,intermediate,DMS,53,0.585301
5,DMS-DLS,intermediate,DMS,54,0.028887
5,DMS-DLS,intermediate,DLS,0,0.060516
5,DMS-DLS,intermediate,DLS,1,0.137776
5,DMS-DLS,intermediate,DLS,2,0.170805
5,DMS-DLS,intermediate,DLS,3,0.166542
5,DMS-DLS,intermediate,DLS,4,0.549267
5,DMS-DLS,intermediate,DLS,5,0.016717
5,DMS-DLS,intermediate,DLS,6,0.187628
5,DMS-DLS,intermediate,DLS,7,0.117911
5,DMS-DLS,intermediate,DLS,8,0.072573
5,DMS-DLS,intermediate,DLS,9,0.006312
5,DMS-DLS,intermediate,DLS,10,0.042035
5,DMS-DLS,intermediate,DLS,11,0.08181
5,DMS-DLS,intermediate,DLS,12,0.209959
5,DMS-DLS,intermediate,DLS,13,0.160941
5,DMS-DLS,intermediate,DLS,14,0.0
5,DMS-DLS,intermediate,DLS,15,0.154453
5,DMS-DLS,intermediate,DLS,16,0.12777
5,DMS-DLS,intermediate,DLS,17,0.190321
5,DMS-DLS,intermediate,DLS,18,0.179279
5,DMS-DLS,intermediate,DLS,19,0.109812
5,DMS-DLS,intermediate,DLS,20,0.050367
5,DMS-DLS,intermediate,DLS,21,0.02379
5,DMS-DLS,intermediate,DLS,22,0.227869
5,DMS-DLS,intermediate,DLS,23,0.074113
5,DMS-DLS,intermediate,DLS,24,0.037938
5,DMS-DLS,intermediate,DLS,25,0.259549
5,DMS-DLS,intermediate,DLS,26,0.411868
5,DMS-DLS,intermediate,DLS,27,0.342617
5,DMS-DLS,intermediate,DLS,28,0.215588
5,DMS-DLS,intermediate,DLS,29,0.074827
5,DMS-DLS,intermediate,DLS,30,0.213547
5,DMS-DLS,intermediate,DLS,31,0.057811
5,DMS-DLS,intermediate,DLS,32,0.068292
5,DMS-DLS,intermediate,DLS,33,0.190771
5,DMS-DLS,intermediate,DLS,34,0.065793
5,DMS-DLS,intermediate,DLS,35,0.211812
5,DMS-DLS,intermediate,DLS,36,0.088333
5,DMS-DLS,intermediate,DLS,37,0.047356
5,DMS-DLS,intermediate,DLS,38,0.155957
5,DMS-DLS,intermediate,DLS,39,0.021396
5,DMS-DLS,intermediate,DLS,40,0.102738
5,DMS-DLS,intermediate,DLS,41,0.138265
5,DMS-DLS,intermediate,DLS,42,0.081456
5,DMS-DLS,intermediate,DLS,43,0.065748
5,DMS-DLS,intermediate,DLS,44,0.091428
5,DMS-DLS,intermediate,DLS,45,0.099777
5,DMS-DLS,intermediate,DLS,46,0.105596
5,DMS-DLS,intermediate,DLS,47,0.115395
5,DMS-DLS,intermediate,DLS,48,0.097665
5,DMS-DLS,intermediate,DLS,49,0.062221
5,DMS-DLS,intermediate,DLS,50,0.165761
5,DMS-DLS,intermediate,DLS,51,0.118034
5,DMS-DLS,intermediate,DLS,52,0.187398
5,DMS-DLS,intermediate,DLS,53,0.03828
5,DMS-DLS,intermediate,DLS,54,0.173631
5,DMS-DLS,intermediate,DLS,55,0.149285
5,DMS-DLS,intermediate,DLS,56,0.085957
5,DMS-DLS,intermediate,DLS,57,0.153268
5,DMS-DLS,intermediate,DLS,58,0.196769
5,DMS-DLS,intermediate,DLS,59,0.150647
5,DMS-DLS,intermediate,DLS,60,0.120736
5,DMS-DLS,intermediate,DLS,61,0.19972
5,DMS-DLS,intermediate,DLS,62,0.051661
5,DMS-DLS,intermediate,DLS,63,0.017087
5,DMS-DLS,intermediate,DLS,64,0.570835
5,DMS-DLS,intermediate,DLS,65,0.184725
5,DMS-DLS,intermediate,DLS,66,0.022127
5,DMS-DLS,intermediate,DLS,67,0.100987
5,DMS-DLS,intermediate,DLS,68,0.097613
5,DMS-DLS,intermediate,DLS,69,0.172473
5,DMS-DLS,intermediate,DLS,70,0.086134
5,DMS-DLS,intermediate,DLS,71,0.107332
5,DMS-DLS,intermediate,DLS,72,0.024531
5,DMS-DLS,intermediate,DLS,73,0.136751
5,DMS-DLS,intermediate,DLS,74,0.175315
5,DMS-DLS,intermediate,DLS,75,0.081351
5,DMS-DLS,intermediate,DLS,76,0.005356
5,DMS-DLS,intermediate,DLS,77,0.558082
5,DMS-DLS,intermediate,DLS,78,0.003514
5,DMS-DLS,intermediate,DLS,79,0.281859
5,DMS-DLS,intermediate,DLS,80,0.021219
5,DMS-DLS,intermediate,DLS,81,0.120275
5,DMS-DLS,intermediate,DLS,82,0.035
5,DMS-DLS,intermediate,DLS,83,0.056962
5,DMS-DLS,intermediate,DLS,84,0.035329
5,DMS-DLS,intermediate,DLS,85,0.106506
5,DMS-DLS,intermediate,DLS,86,0.046037
5,DMS-DLS,intermediate,DLS,87,0.210514
5,DMS-DLS,intermediate,DLS,88,0.277449
5,DMS-DLS,intermediate,DLS,89,0.030591
5,DMS-DLS,intermediate,DLS,90,0.379342
5,DMS-DLS,intermediate,DLS,91,0.377543
5,DMS-DLS,intermediate,DLS,92,0.046799
5,DMS-DLS,intermediate,DLS,93,0.458816
5,DMS-DLS,intermediate,DLS,94,0.014301
5,DMS-DLS,intermediate,DLS,95,0.149059
5,DMS-DLS,intermediate,DLS,96,0.098033
5,DMS-DLS,intermediate,DLS,97,0.056678
5,DMS-DLS,intermediate,DLS,98,0.03127
5,DMS-DLS,intermediate,DLS,99,0.076476
5,DMS-DLS,intermediate,DLS,100,0.035127
5,DMS-DLS,intermediate,DLS,101,0.546838
5,DMS-DLS,intermediate,DLS,102,0.03486
5,DMS-DLS,intermediate,DLS,103,0.594728
5,DMS-DLS,intermediate,DLS,104,0.077869
5,DMS-DLS,intermediate,DLS,105,0.048508
5,DMS-DLS,intermediate,DLS,106,0.046132
5,DMS-DLS,intermediate,DLS,107,0.008855
5,DMS-DLS,intermediate,DLS,108,0.077528
5,DMS-DLS,intermediate,DLS,109,0.034296
5,DMS-DLS,intermediate,DLS,110,0.032421
5,DMS-DLS,intermediate,DLS,111,0.0
5,DMS-DLS,intermediate,DLS,112,0.201082
5,DMS-DLS,intermediate,DLS,113,0.047278
5,DMS-DLS,intermediate,DLS,114,0.165206
5,DMS-DLS,intermediate,DLS,115,0.197366
5,DMS-DLS,intermediate,DLS,116,0.172474
5,DMS-DLS,intermediate,DLS,117,0.051314
5,DMS-DLS,intermediate,DLS,118,0.027638
5,DMS-DLS,intermediate,DLS,119,0.052033
5,DMS-DLS,intermediate,DLS,120,0.030581
5,DMS-DLS,intermediate,DLS,121,0.229172
5,DMS-DLS,intermediate,DLS,122,0.047004
5,DMS-DLS,intermediate,DLS,123,0.027874
5,DMS-DLS,intermediate,DLS,124,0.008075
5,DMS-DLS,intermediate,DLS,125,0.154705
5,DMS-DLS,intermediate,DLS,126,0.276981
5,DMS-DLS,intermediate,DLS,127,0.028927
5,DMS-DLS,intermediate,DLS,128,0.043913
5,DMS-DLS,intermediate,DLS,129,0.043433
5,DMS-DLS,intermediate,DLS,130,0.214624
5,DMS-DLS,intermediate,DLS,131,0.22212
5,DMS-DLS,intermediate,DLS,132,0.064044
5,DMS-DLS,intermediate,DLS,133,0.061189
5,DMS-DLS,intermediate,DLS,134,0.25169
5,DMS-DLS,intermediate,DLS,135,0.222914
5,DMS-DLS,intermediate,DLS,136,0.362644
5,DMS-DLS,intermediate,DLS,137,0.0
5,DMS-DLS,intermediate,DLS,138,0.084148
5,DMS-DLS,intermediate,DLS,139,0.086901
5,DMS-DLS,intermediate,DLS,140,0.0
5,DMS-DLS,intermediate,DLS,141,0.0
5,DMS-DLS,intermediate,DLS,142,0.0
5,DMS-DLS,intermediate,DLS,143,0.029437
5,DMS-DLS,intermediate,DLS,144,0.0
5,DMS-DLS,intermediate,DLS,145,0.14609
5,DMS-DLS,intermediate,DLS,146,0.026069
5,DMS-DLS,intermediate,DLS,147,0.03656
5,DMS-DLS,intermediate,DLS,148,0.02315
5,DMS-DLS,intermediate,DLS,149,0.155938
5,DMS-DLS,intermediate,DLS,150,0.073666
5,DMS-DLS,intermediate,DLS,151,0.046612
5,DMS-DLS,intermediate,DLS,152,0.05785
5,DMS-DLS,intermediate,DLS,153,0.08699
5,DMS-DLS,intermediate,DLS,154,0.071129
5,DMS-DLS,intermediate,DLS,155,0.078878
5,DMS-DLS,intermediate,DLS,156,0.111679
5,DMS-DLS,intermediate,DLS,157,0.017447
5,DMS-DLS,intermediate,DLS,158,0.063518
5,DMS-DLS,intermediate,DLS,159,0.038636
5,DMS-DLS,intermediate,DLS,160,0.0
5,DMS-DLS,intermediate,DLS,161,0.104302
5,DMS-DLS,intermediate,DLS,162,0.303253
5,DMS-DLS,intermediate,DLS,163,0.286248
5,DMS-DLS,intermediate,DLS,164,0.050305
5,DMS-DLS,intermediate,DLS,165,0.131516
5,DMS-DLS,intermediate,DLS,166,0.119897
5,DMS-DLS,intermediate,DLS,167,0.073411
5,DMS-DLS,intermediate,DLS,168,0.088841
5,DMS-DLS,intermediate,DLS,169,0.445728
5,DMS-DLS,intermediate,DLS,170,0.073221
5,DMS-DLS,intermediate,DLS,171,0.020401
5,DMS-DLS,intermediate,DLS,172,0.072323
5,DMS-DLS,intermediate,DLS,173,0.415627
5,DMS-DLS,intermediate,DLS,174,0.093788
5,DMS-DLS,intermediate,DLS,175,0.083412
5,DMS-DLS,intermediate,DLS,176,0.08128
5,DMS-DLS,intermediate,DLS,177,0.171823
5,DMS-DLS,intermediate,DLS,178,0.335101
5,DMS-DLS,intermediate,DLS,179,0.2178
5,DMS-DLS,intermediate,DLS,180,0.132296
5,DMS-DLS,intermediate,DLS,181,0.077272
5,DMS-DLS,intermediate,DLS,182,0.036679
5,DMS-DLS,intermediate,DLS,183,0.015556
5,DMS-DLS,intermediate,DLS,184,0.183305
5,DMS-DLS,intermediate,DLS,185,0.019512
5,DMS-DLS,intermediate,DLS,186,0.344139
5,DMS-DLS,intermediate,DLS,187,0.0
5,DMS-DLS,intermediate,DLS,188,0.262437
5,DMS-DLS,intermediate,DLS,189,0.119329
5,DMS-DLS,intermediate,DLS,190,0.0
5,DMS-DLS,intermediate,DLS,191,0.072471
5,DMS-DLS,intermediate,DLS,192,0.101648
5,DMS-DLS,intermediate,DLS,193,0.221867
5,DMS-DLS,intermediate,DLS,194,0.005357
5,DMS-DLS,intermediate,DLS,195,0.095274
5,DMS-DLS,intermediate,DLS,196,0.327288
5,DMS-DLS,intermediate,DLS,197,0.110811
5,DMS-DLS,intermediate,DLS,198,0.173464
5,DMS-DLS,intermediate,DLS,199,0.036631
5,DMS-DLS,intermediate,DLS,200,0.050169
5,DMS-DLS,intermediate,DLS,201,0.030118
5,DMS-DLS,intermediate,DLS,202,0.09666
5,DMS-DLS,intermediate,DLS,203,0.416262
5,DMS-DLS,intermediate,DLS,204,0.025239
5,DMS-DLS,intermediate,DLS,205,0.039584
5,DMS-DLS,intermediate,DLS,206,0.190977
5,DMS-DLS,intermediate,DLS,207,0.031328
5,DMS-DLS,intermediate,DLS,208,0.056391
5,DMS-DLS,intermediate,DLS,209,0.351173
5,DMS-DLS,intermediate,DLS,210,0.005772
5,DMS-DLS,intermediate,DLS,211,0.096484
5,DMS-DLS,intermediate,DLS,212,0.043647
5,DMS-DLS,intermediate,DLS,213,0.077416
5,DMS-DLS,intermediate,DLS,214,0.128921
5,DMS-DLS,intermediate,DLS,215,0.03605
5,DMS-DLS,intermediate,DLS,216,0.520627
5,DMS-DLS,intermediate,DLS,217,0.492352
5,DMS-DLS,intermediate,DLS,218,0.15049
5,DMS-DLS,intermediate,DLS,219,0.031518
5,DMS-DLS,intermediate,DLS,220,0.04373
5,DMS-DLS,intermediate,DLS,221,0.12248
5,DMS-DLS,intermediate,DLS,222,0.144407
5,DMS-DLS,intermediate,DLS,223,0.255523
5,DMS-DLS,intermediate,DLS,224,0.115252
5,DMS-DLS,intermediate,DLS,225,0.018717
5,DMS-DLS,expert,DMS,0,0.420471
5,DMS-DLS,expert,DMS,1,0.226922
5,DMS-DLS,expert,DMS,2,0.040764
5,DMS-DLS,expert,DMS,3,0.660106
5,DMS-DLS,expert,DMS,4,0.115872
5,DMS-DLS,expert,DMS,5,0.201243
5,DMS-DLS,expert,DMS,6,0.880299
5,DMS-DLS,expert,DMS,7,0.037416
5,DMS-DLS,expert,DMS,8,0.231688
5,DMS-DLS,expert,DMS,9,0.263284
5,DMS-DLS,expert,DMS,10,0.0
5,DMS-DLS,expert,DMS,11,0.845729
5,DMS-DLS,expert,DMS,12,0.723941
5,DMS-DLS,expert,DMS,13,0.795481
5,DMS-DLS,expert,DMS,14,0.912384
5,DMS-DLS,expert,DMS,15,0.404358
5,DMS-DLS,expert,DMS,16,0.028795
5,DMS-DLS,expert,DMS,17,0.038612
5,DMS-DLS,expert,DMS,18,0.260299
5,DMS-DLS,expert,DMS,19,0.880142
5,DMS-DLS,expert,DMS,20,0.938871
5,DMS-DLS,expert,DMS,21,0.0
5,DMS-DLS,expert,DMS,22,0.0
5,DMS-DLS,expert,DMS,23,0.109756
5,DMS-DLS,expert,DMS,24,0.835555
5,DMS-DLS,expert,DMS,25,0.79961
5,DMS-DLS,expert,DMS,26,0.048977
5,DMS-DLS,expert,DMS,27,0.0617
5,DMS-DLS,expert,DMS,28,0.62068
5,DMS-DLS,expert,DMS,29,0.888694
5,DMS-DLS,expert,DMS,30,0.723839
5,DMS-DLS,expert,DMS,31,0.690415
5,DMS-DLS,expert,DMS,32,0.035613
5,DMS-DLS,expert,DMS,33,0.973335
5,DMS-DLS,expert,DMS,34,0.224477
5,DMS-DLS,expert,DMS,35,0.780828
5,DMS-DLS,expert,DMS,36,0.0
5,DMS-DLS,expert,DMS,37,0.0
5,DMS-DLS,expert,DMS,38,0.875266
5,DMS-DLS,expert,DMS,39,0.138383
5,DMS-DLS,expert,DMS,40,0.0
5,DMS-DLS,expert,DMS,41,0.040966
5,DMS-DLS,expert,DMS,42,0.0
5,DMS-DLS,expert,DMS,43,0.0
5,DMS-DLS,expert,DMS,44,0.637763
5,DMS-DLS,expert,DMS,45,0.867977
5,DMS-DLS,expert,DMS,46,0.07135
5,DMS-DLS,expert,DMS,47,0.281261
5,DMS-DLS,expert,DMS,48,0.101079
5,DMS-DLS,expert,DMS,49,0.93536
5,DMS-DLS,expert,DMS,50,0.36279
5,DMS-DLS,expert,DMS,51,0.918107
5,DMS-DLS,expert,DMS,52,0.947431
5,DMS-DLS,expert,DMS,53,0.035356
5,DMS-DLS,expert,DMS,54,0.008627
5,DMS-DLS,expert,DLS,0,0.073632
5,DMS-DLS,expert,DLS,1,0.08618
5,DMS-DLS,expert,DLS,2,0.07744
5,DMS-DLS,expert,DLS,3,0.138503
5,DMS-DLS,expert,DLS,4,0.129165
5,DMS-DLS,expert,DLS,5,0.025516
5,DMS-DLS,expert,DLS,6,0.127819
5,DMS-DLS,expert,DLS,7,0.100761
5,DMS-DLS,expert,DLS,8,0.105043
5,DMS-DLS,expert,DLS,9,0.008655
5,DMS-DLS,expert,DLS,10,0.116263
5,DMS-DLS,expert,DLS,11,0.12003
5,DMS-DLS,expert,DLS,12,0.222824
5,DMS-DLS,expert,DLS,13,0.162772
5,DMS-DLS,expert,DLS,14,0.0
5,DMS-DLS,expert,DLS,15,0.18823
5,DMS-DLS,expert,DLS,16,0.05016
5,DMS-DLS,expert,DLS,17,0.157785
5,DMS-DLS,expert,DLS,18,0.080213
5,DMS-DLS,expert,DLS,19,0.097945
5,DMS-DLS,expert,DLS,20,0.038809
5,DMS-DLS,expert,DLS,21,0.185756
5,DMS-DLS,expert,DLS,22,0.190797
5,DMS-DLS,expert,DLS,23,0.031335
5,DMS-DLS,expert,DLS,24,0.0
5,DMS-DLS,expert,DLS,25,0.226922
5,DMS-DLS,expert,DLS,26,0.025779
5,DMS-DLS,expert,DLS,27,0.082494
5,DMS-DLS,expert,DLS,28,0.228243
5,DMS-DLS,expert,DLS,29,0.356047
5,DMS-DLS,expert,DLS,30,0.156203
5,DMS-DLS,expert,DLS,31,0.033075
5,DMS-DLS,expert,DLS,32,0.1028
5,DMS-DLS,expert,DLS,33,0.16229
5,DMS-DLS,expert,DLS,34,0.05534
5,DMS-DLS,expert,DLS,35,0.150406
5,DMS-DLS,expert,DLS,36,0.304268
5,DMS-DLS,expert,DLS,37,0.285584
5,DMS-DLS,expert,DLS,38,0.050515
5,DMS-DLS,expert,DLS,39,0.01309
5,DMS-DLS,expert,DLS,40,0.128862
5,DMS-DLS,expert,DLS,41,0.142486
5,DMS-DLS,expert,DLS,42,0.080269
5,DMS-DLS,expert,DLS,43,0.075043
5,DMS-DLS,expert,DLS,44,0.553735
5,DMS-DLS,expert,DLS,45,0.058985
5,DMS-DLS,expert,DLS,46,0.127288
5,DMS-DLS,expert,DLS,47,0.154416
5,DMS-DLS,expert,DLS,48,0.08414
5,DMS-DLS,expert,DLS,49,0.101885
5,DMS-DLS,expert,DLS,50,0.134959
5,DMS-DLS,expert,DLS,51,0.137737
5,DMS-DLS,expert,DLS,52,0.189403
5,DMS-DLS,expert,DLS,53,0.073748
5,DMS-DLS,expert,DLS,54,0.125824
5,DMS-DLS,expert,DLS,55,0.16389
5,DMS-DLS,expert,DLS,56,0.083767
5,DMS-DLS,expert,DLS,57,0.138525
5,DMS-DLS,expert,DLS,58,0.180014
5,DMS-DLS,expert,DLS,59,0.163108
5,DMS-DLS,expert,DLS,60,0.091887
5,DMS-DLS,expert,DLS,61,0.095648
5,DMS-DLS,expert,DLS,62,0.041039
5,DMS-DLS,expert,DLS,63,0.076944
5,DMS-DLS,expert,DLS,64,0.017173
5,DMS-DLS,expert,DLS,65,0.154412
5,DMS-DLS,expert,DLS,66,0.188478
5,DMS-DLS,expert,DLS,67,0.149427
5,DMS-DLS,expert,DLS,68,0.145421
5,DMS-DLS,expert,DLS,69,0.022326
5,DMS-DLS,expert,DLS,70,0.06912
5,DMS-DLS,expert,DLS,71,0.028215
5,DMS-DLS,expert,DLS,72,0.060574
5,DMS-DLS,expert,DLS,73,0.139492
5,DMS-DLS,expert,DLS,74,0.128871
5,DMS-DLS,expert,DLS,75,0.061732
5,DMS-DLS,expert,DLS,76,0.019766
5,DMS-DLS,expert,DLS,77,0.613401
5,DMS-DLS,expert,DLS,78,0.013086
5,DMS-DLS,expert,DLS,79,0.133863
5,DMS-DLS,expert,DLS,80,0.055925
5,DMS-DLS,expert,DLS,81,0.133477
5,DMS-DLS,expert,DLS,82,0.042413
5,DMS-DLS,expert,DLS,83,0.093486
5,DMS-DLS,expert,DLS,84,0.023945
5,DMS-DLS,expert,DLS,85,0.086247
5,DMS-DLS,expert,DLS,86,0.080022
5,DMS-DLS,expert,DLS,87,0.393613
5,DMS-DLS,expert,DLS,88,0.134641
5,DMS-DLS,expert,DLS,89,0.02827
5,DMS-DLS,expert,DLS,90,0.379854
5,DMS-DLS,expert,DLS,91,0.38012
5,DMS-DLS,expert,DLS,92,0.126149
5,DMS-DLS,expert,DLS,93,0.125659
5,DMS-DLS,expert,DLS,94,0.098616
5,DMS-DLS,expert,DLS,95,0.13663
5,DMS-DLS,expert,DLS,96,0.553337
5,DMS-DLS,expert,DLS,97,0.057071
5,DMS-DLS,expert,DLS,98,0.216497
5,DMS-DLS,expert,DLS,99,0.089939
5,DMS-DLS,expert,DLS,100,0.152248
5,DMS-DLS,expert,DLS,101,0.189254
5,DMS-DLS,expert,DLS,102,0.409772
5,DMS-DLS,expert,DLS,103,0.259677
5,DMS-DLS,expert,DLS,104,0.086264
5,DMS-DLS,expert,DLS,105,0.209048
5,DMS-DLS,expert,DLS,106,0.049701
5,DMS-DLS,expert,DLS,107,0.054401
5,DMS-DLS,expert,DLS,108,0.045988
5,DMS-DLS,expert,DLS,109,0.013911
5,DMS-DLS,expert,DLS,110,0.519793
5,DMS-DLS,expert,DLS,111,0.0
5,DMS-DLS,expert,DLS,112,0.137071
5,DMS-DLS,expert,DLS,113,0.125438
5,DMS-DLS,expert,DLS,114,0.135086
5,DMS-DLS,expert,DLS,115,0.165138
5,DMS-DLS,expert,DLS,116,0.037277
5,DMS-DLS,expert,DLS,117,0.134412
5,DMS-DLS,expert,DLS,118,0.028962
5,DMS-DLS,expert,DLS,119,0.060156
5,DMS-DLS,expert,DLS,120,0.0
5,DMS-DLS,expert,DLS,121,0.196288
5,DMS-DLS,expert,DLS,122,0.007316
5,DMS-DLS,expert,DLS,123,0.025775
5,DMS-DLS,expert,DLS,124,0.015803
5,DMS-DLS,expert,DLS,125,0.002375
5,DMS-DLS,expert,DLS,126,0.000218
5,DMS-DLS,expert,DLS,127,0.278398
5,DMS-DLS,expert,DLS,128,0.095785
5,DMS-DLS,expert,DLS,129,0.466048
5,DMS-DLS,expert,DLS,130,0.324155
5,DMS-DLS,expert,DLS,131,0.012414
5,DMS-DLS,expert,DLS,132,0.038908
5,DMS-DLS,expert,DLS,133,0.112686
5,DMS-DLS,expert,DLS,134,0.22415
5,DMS-DLS,expert,DLS,135,0.212744
5,DMS-DLS,expert,DLS,136,0.018201
5,DMS-DLS,expert,DLS,137,0.0
5,DMS-DLS,expert,DLS,138,0.262433
5,DMS-DLS,expert,DLS,139,0.591135
5,DMS-DLS,expert,DLS,140,0.0
5,DMS-DLS,expert,DLS,141,0.0
5,DMS-DLS,expert,DLS,142,0.0
5,DMS-DLS,expert,DLS,143,0.027935
5,DMS-DLS,expert,DLS,144,0.030036
5,DMS-DLS,expert,DLS,145,0.103454
5,DMS-DLS,expert,DLS,146,0.024482
5,DMS-DLS,expert,DLS,147,0.085894
5,DMS-DLS,expert,DLS,148,0.043087
5,DMS-DLS,expert,DLS,149,0.089862
5,DMS-DLS,expert,DLS,150,0.017731
5,DMS-DLS,expert,DLS,151,0.589186
5,DMS-DLS,expert,DLS,152,0.061056
5,DMS-DLS,expert,DLS,153,0.021851
5,DMS-DLS,expert,DLS,154,0.107384
5,DMS-DLS,expert,DLS,155,0.395637
5,DMS-DLS,expert,DLS,156,0.069294
5,DMS-DLS,expert,DLS,157,0.078308
5,DMS-DLS,expert,DLS,158,0.112452
5,DMS-DLS,expert,DLS,159,0.093954
5,DMS-DLS,expert,DLS,160,0.040491
5,DMS-DLS,expert,DLS,161,0.094513
5,DMS-DLS,expert,DLS,162,0.0
5,DMS-DLS,expert,DLS,163,0.0
5,DMS-DLS,expert,DLS,164,0.049608
5,DMS-DLS,expert,DLS,165,0.0
5,DMS-DLS,expert,DLS,166,0.0
5,DMS-DLS,expert,DLS,167,0.089693
5,DMS-DLS,expert,DLS,168,0.035194
5,DMS-DLS,expert,DLS,169,0.067361
5,DMS-DLS,expert,DLS,170,0.148206
5,DMS-DLS,expert,DLS,171,0.018064
5,DMS-DLS,expert,DLS,172,0.097081
5,DMS-DLS,expert,DLS,173,0.627404
5,DMS-DLS,expert,DLS,174,0.071012
5,DMS-DLS,expert,DLS,175,0.012021
5,DMS-DLS,expert,DLS,176,0.0
5,DMS-DLS,expert,DLS,177,0.217625
5,DMS-DLS,expert,DLS,178,0.114615
5,DMS-DLS,expert,DLS,179,0.198518
5,DMS-DLS,expert,DLS,180,0.62031
5,DMS-DLS,expert,DLS,181,0.077402
5,DMS-DLS,expert,DLS,182,0.027729
5,DMS-DLS,expert,DLS,183,0.055784
5,DMS-DLS,expert,DLS,184,0.087497
5,DMS-DLS,expert,DLS,185,0.024058
5,DMS-DLS,expert,DLS,186,0.0
5,DMS-DLS,expert,DLS,187,0.174245
5,DMS-DLS,expert,DLS,188,0.0
5,DMS-DLS,expert,DLS,189,0.0
5,DMS-DLS,expert,DLS,190,0.0
5,DMS-DLS,expert,DLS,191,0.527022
5,DMS-DLS,expert,DLS,192,0.033177
5,DMS-DLS,expert,DLS,193,0.020654
5,DMS-DLS,expert,DLS,194,0.036113
5,DMS-DLS,expert,DLS,195,0.098524
5,DMS-DLS,expert,DLS,196,0.091368
5,DMS-DLS,expert,DLS,197,0.134415
5,DMS-DLS,expert,DLS,198,0.09455
5,DMS-DLS,expert,DLS,199,0.103486
5,DMS-DLS,expert,DLS,200,0.046257
5,DMS-DLS,expert,DLS,201,0.5481
5,DMS-DLS,expert,DLS,202,0.106497
5,DMS-DLS,expert,DLS,203,0.223961
5,DMS-DLS,expert,DLS,204,0.18883
5,DMS-DLS,expert,DLS,205,0.028056
5,DMS-DLS,expert,DLS,206,0.16052
5,DMS-DLS,expert,DLS,207,0.031478
5,DMS-DLS,expert,DLS,208,0.071911
5,DMS-DLS,expert,DLS,209,0.238478
5,DMS-DLS,expert,DLS,210,0.083806
5,DMS-DLS,expert,DLS,211,0.087023
5,DMS-DLS,expert,DLS,212,0.086059
5,DMS-DLS,expert,DLS,213,0.058693
5,DMS-DLS,expert,DLS,214,0.17399
5,DMS-DLS,expert,DLS,215,0.011309
5,DMS-DLS,expert,DLS,216,0.130116
5,DMS-DLS,expert,DLS,217,0.476514
5,DMS-DLS,expert,DLS,218,0.194992
5,DMS-DLS,expert,DLS,219,0.129731
5,DMS-DLS,expert,DLS,220,0.632851
5,DMS-DLS,expert,DLS,221,0.140526
5,DMS-DLS,expert,DLS,222,0.028179
5,DMS-DLS,expert,DLS,223,0.158191
5,DMS-DLS,expert,DLS,224,0.078947
5,DMS-DLS,expert,DLS,225,0.160073
5,DMS-ACC,naive,DMS,0,0.540542
5,DMS-ACC,naive,DMS,1,0.098084
5,DMS-ACC,naive,DMS,2,0.683253
5,DMS-ACC,naive,DMS,3,0.087827
5,DMS-ACC,naive,DMS,4,0.586605
5,DMS-ACC,naive,DMS,5,0.51697
5,DMS-ACC,naive,DMS,6,0.115364
5,DMS-ACC,naive,DMS,7,0.633276
5,DMS-ACC,naive,DMS,8,0.307199
5,DMS-ACC,naive,DMS,9,0.791022
5,DMS-ACC,naive,DMS,10,0.0
5,DMS-ACC,naive,DMS,11,0.035948
5,DMS-ACC,naive,DMS,12,0.121845
5,DMS-ACC,naive,DMS,13,0.058554
5,DMS-ACC,naive,DMS,14,0.72052
5,DMS-ACC,naive,DMS,15,0.75937
5,DMS-ACC,naive,DMS,16,0.187565
5,DMS-ACC,naive,DMS,17,0.048237
5,DMS-ACC,naive,DMS,18,0.116858
5,DMS-ACC,naive,DMS,19,0.103592
5,DMS-ACC,naive,DMS,20,0.070355
5,DMS-ACC,naive,DMS,21,0.0
5,DMS-ACC,naive,DMS,22,0.003257
5,DMS-ACC,naive,DMS,23,0.106114
5,DMS-ACC,naive,DMS,24,0.002198
5,DMS-ACC,naive,DMS,25,0.202315
5,DMS-ACC,naive,DMS,26,0.301704
5,DMS-ACC,naive,DMS,27,0.538726
5,DMS-ACC,naive,DMS,28,0.744373
5,DMS-ACC,naive,DMS,29,0.019424
5,DMS-ACC,naive,DMS,30,0.247784
5,DMS-ACC,naive,DMS,31,0.041298
5,DMS-ACC,naive,DMS,32,0.647497
5,DMS-ACC,naive,DMS,33,0.772311
5,DMS-ACC,naive,DMS,34,0.087809
5,DMS-ACC,naive,DMS,35,0.175793
5,DMS-ACC,naive,DMS,36,0.620623
5,DMS-ACC,naive,DMS,37,0.28092
5,DMS-ACC,naive,DMS,38,0.006255
5,DMS-ACC,naive,DMS,39,0.037132
5,DMS-ACC,naive,DMS,40,0.653327
5,DMS-ACC,naive,DMS,41,0.461215
5,DMS-ACC,naive,DMS,42,0.044995
5,DMS-ACC,naive,DMS,43,0.094377
5,DMS-ACC,naive,DMS,44,0.760943
5,DMS-ACC,naive,DMS,45,0.746135
5,DMS-ACC,naive,DMS,46,0.496763
5,DMS-ACC,naive,DMS,47,0.49453
5,DMS-ACC,naive,DMS,48,0.192566
5,DMS-ACC,naive,DMS,49,0.565255
5,DMS-ACC,naive,DMS,50,0.701301
5,DMS-ACC,naive,DMS,51,0.381717
5,DMS-ACC,naive,DMS,52,0.059596
5,DMS-ACC,naive,DMS,53,0.147238
5,DMS-ACC,naive,DMS,54,0.613804
5,DMS-ACC,naive,ACC,0,0.129674
5,DMS-ACC,naive,ACC,1,0.12276
5,DMS-ACC,naive,ACC,2,0.1537
5,DMS-ACC,naive,ACC,3,0.143777
5,DMS-ACC,naive,ACC,4,0.01876
5,DMS-ACC,naive,ACC,5,0.043808
5,DMS-ACC,naive,ACC,6,0.077409
5,DMS-ACC,naive,ACC,7,0.0567
5,DMS-ACC,naive,ACC,8,0.110707
5,DMS-ACC,naive,ACC,9,0.155071
5,DMS-ACC,naive,ACC,10,0.039387
5,DMS-ACC,naive,ACC,11,0.116895
5,DMS-ACC,naive,ACC,12,0.074952
5,DMS-ACC,naive,ACC,13,0.028806
5,DMS-ACC,naive,ACC,14,0.032575
5,DMS-ACC,naive,ACC,15,0.029331
5,DMS-ACC,naive,ACC,16,0.059295
5,DMS-ACC,naive,ACC,17,0.102427
5,DMS-ACC,naive,ACC,18,0.057702
5,DMS-ACC,naive,ACC,19,0.654333
5,DMS-ACC,naive,ACC,20,0.335774
5,DMS-ACC,naive,ACC,21,0.048967
5,DMS-ACC,naive,ACC,22,0.109564
5,DMS-ACC,naive,ACC,23,0.112019
5,DMS-ACC,naive,ACC,24,0.380231
5,DMS-ACC,naive,ACC,25,0.148996
5,DMS-ACC,naive,ACC,26,0.030819
5,DMS-ACC,naive,ACC,27,0.080493
5,DMS-ACC,naive,ACC,28,0.287073
5,DMS-ACC,naive,ACC,29,0.1132
5,DMS-ACC,naive,ACC,30,0.066696
5,DMS-ACC,naive,ACC,31,0.041791
5,DMS-ACC,naive,ACC,32,0.320943
5,DMS-ACC,naive,ACC,33,0.026099
5,DMS-ACC,naive,ACC,34,0.071821
5,DMS-ACC,naive,ACC,35,0.584762
5,DMS-ACC,naive,ACC,36,0.005157
5,DMS-ACC,naive,ACC,37,0.62577
5,DMS-ACC,naive,ACC,38,0.048196
5,DMS-ACC,naive,ACC,39,0.159524
5,DMS-ACC,naive,ACC,40,0.061725
5,DMS-ACC,naive,ACC,41,0.132392
5,DMS-ACC,naive,ACC,42,0.057839
5,DMS-ACC,naive,ACC,43,0.103273
5,DMS-ACC,naive,ACC,44,0.049217
5,DMS-ACC,naive,ACC,45,0.115216
5,DMS-ACC,naive,ACC,46,0.075613
5,DMS-ACC,naive,ACC,47,0.067721
5,DMS-ACC,naive,ACC,48,0.289442
5,DMS-ACC,naive,ACC,49,0.007988
5,DMS-ACC,naive,ACC,50,0.126421
5,DMS-ACC,naive,ACC,51,0.146142
5,DMS-ACC,naive,ACC,52,0.111194
5,DMS-ACC,naive,ACC,53,0.192854
5,DMS-ACC,naive,ACC,54,0.066736
5,DMS-ACC,naive,ACC,55,0.020146
5,DMS-ACC,naive,ACC,56,0.121032
5,DMS-ACC,naive,ACC,57,0.409663
5,DMS-ACC,naive,ACC,58,0.15855
5,DMS-ACC,naive,ACC,59,0.058447
5,DMS-ACC,naive,ACC,60,0.040586
5,DMS-ACC,naive,ACC,61,0.061656
5,DMS-ACC,naive,ACC,62,0.022241
5,DMS-ACC,naive,ACC,63,0.073148
5,DMS-ACC,naive,ACC,64,0.037473
5,DMS-ACC,naive,ACC,65,0.057702
5,DMS-ACC,naive,ACC,66,0.081788
5,DMS-ACC,naive,ACC,67,0.141146
5,DMS-ACC,naive,ACC,68,0.153094
5,DMS-ACC,naive,ACC,69,0.106331
5,DMS-ACC,naive,ACC,70,0.197737
5,DMS-ACC,naive,ACC,71,0.155372
5,DMS-ACC,naive,ACC,72,0.024717
5,DMS-ACC,naive,ACC,73,0.351504
5,DMS-ACC,naive,ACC,74,0.112792
5,DMS-ACC,naive,ACC,75,0.328516
5,DMS-ACC,naive,ACC,76,0.067373
5,DMS-ACC,naive,ACC,77,0.087336
5,DMS-ACC,naive,ACC,78,0.078265
5,DMS-ACC,naive,ACC,79,0.066936
5,DMS-ACC,naive,ACC,80,0.184437
5,DMS-ACC,naive,ACC,81,0.189835
5,DMS-ACC,naive,ACC,82,0.0
5,DMS-ACC,naive,ACC,83,1e-06
5,DMS-ACC,naive,ACC,84,0.11989
5,DMS-ACC,naive,ACC,85,0.588423
5,DMS-ACC,naive,ACC,86,0.0
5,DMS-ACC,naive,ACC,87,0.60367
5,DMS-ACC,naive,ACC,88,0.086663
5,DMS-ACC,naive,ACC,89,0.03798
5,DMS-ACC,naive,ACC,90,0.01397
5,DMS-ACC,naive,ACC,91,0.016322
5,DMS-ACC,naive,ACC,92,0.06822
5,DMS-ACC,naive,ACC,93,0.150273
5,DMS-ACC,naive,ACC,94,0.083062
5,DMS-ACC,naive,ACC,95,0.07164
5,DMS-ACC,naive,ACC,96,0.091087
5,DMS-ACC,naive,ACC,97,0.0913
5,DMS-ACC,naive,ACC,98,0.055671
5,DMS-ACC,naive,ACC,99,0.293777
5,DMS-ACC,naive,ACC,100,0.017287
5,DMS-ACC,naive,ACC,101,0.014155
5,DMS-ACC,naive,ACC,102,0.071123
5,DMS-ACC,naive,ACC,103,0.671986
5,DMS-ACC,naive,ACC,104,0.028756
5,DMS-ACC,naive,ACC,105,0.099827
5,DMS-ACC,naive,ACC,106,0.039796
5,DMS-ACC,naive,ACC,107,0.642892
5,DMS-ACC,naive,ACC,108,0.15969
5,DMS-ACC,naive,ACC,109,0.38896
5,DMS-ACC,naive,ACC,110,0.032077
5,DMS-ACC,naive,ACC,111,0.658818
5,DMS-ACC,naive,ACC,112,0.154678
5,DMS-ACC,naive,ACC,113,0.027908
5,DMS-ACC,naive,ACC,114,0.195142
5,DMS-ACC,naive,ACC,115,0.109198
5,DMS-ACC,naive,ACC,116,0.0
5,DMS-ACC,naive,ACC,117,0.044543
5,DMS-ACC,naive,ACC,118,0.396884
5,DMS-ACC,naive,ACC,119,0.128272
5,DMS-ACC,naive,ACC,120,0.350469
5,DMS-ACC,naive,ACC,121,0.045913
5,DMS-ACC,naive,ACC,122,0.283665
5,DMS-ACC,naive,ACC,123,0.11548
5,DMS-ACC,naive,ACC,124,0.14179
5,DMS-ACC,naive,ACC,125,0.079336
5,DMS-ACC,naive,ACC,126,0.045353
5,DMS-ACC,naive,ACC,127,0.050606
5,DMS-ACC,naive,ACC,128,0.085988
5,DMS-ACC,naive,ACC,129,0.078488
5,DMS-ACC,naive,ACC,130,0.218157
5,DMS-ACC,naive,ACC,131,0.001299
5,DMS-ACC,naive,ACC,132,0.234357
5,DMS-ACC,naive,ACC,133,0.042369
5,DMS-ACC,naive,ACC,134,0.0
5,DMS-ACC,naive,ACC,135,0.0
5,DMS-ACC,naive,ACC,136,0.012627
5,DMS-ACC,naive,ACC,137,0.66762
5,DMS-ACC,naive,ACC,138,0.649067
5,DMS-ACC,naive,ACC,139,0.67162
5,DMS-ACC,naive,ACC,140,0.086248
5,DMS-ACC,naive,ACC,141,0.114554
5,DMS-ACC,naive,ACC,142,0.055211
5,DMS-ACC,naive,ACC,143,0.164305
5,DMS-ACC,naive,ACC,144,0.005603
5,DMS-ACC,naive,ACC,145,0.628693
5,DMS-ACC,naive,ACC,146,0.535012
5,DMS-ACC,naive,ACC,147,0.04632
5,DMS-ACC,naive,ACC,148,0.429351
5,DMS-ACC,naive,ACC,149,0.004046
5,DMS-ACC,naive,ACC,150,0.020211
5,DMS-ACC,naive,ACC,151,0.00882
5,DMS-ACC,naive,ACC,152,0.066437
5,DMS-ACC,naive,ACC,153,0.062933
5,DMS-ACC,naive,ACC,154,0.061145
5,DMS-ACC,naive,ACC,155,0.613693
5,DMS-ACC,naive,ACC,156,0.141451
5,DMS-ACC,naive,ACC,157,0.279439
5,DMS-ACC,intermediate,DMS,0,0.600969
5,DMS-ACC,intermediate,DMS,1,0.859686
5,DMS-ACC,intermediate,DMS,2,0.848137
5,DMS-ACC,intermediate,DMS,3,0.79446
5,DMS-ACC,intermediate,DMS,4,0.87645
5,DMS-ACC,intermediate,DMS,5,0.144526
5,DMS-ACC,intermediate,DMS,6,0.90945
5,DMS-ACC,intermediate,DMS,7,0.065021
5,DMS-ACC,intermediate,DMS,8,0.669926
5,DMS-ACC,intermediate,DMS,9,0.389162
5,DMS-ACC,intermediate,DMS,10,0.301986
5,DMS-ACC,intermediate,DMS,11,0.149233
5,DMS-ACC,intermediate,DMS,12,0.387007
5,DMS-ACC,intermediate,DMS,13,0.103863
5,DMS-ACC,intermediate,DMS,14,0.536172
5,DMS-ACC,intermediate,DMS,15,0.173188
5,DMS-ACC,intermediate,DMS,16,0.0
5,DMS-ACC,intermediate,DMS,17,0.634123
5,DMS-ACC,intermediate,DMS,18,0.070675
5,DMS-ACC,intermediate,DMS,19,0.785317
5,DMS-ACC,intermediate,DMS,20,0.945435
5,DMS-ACC,intermediate,DMS,21,0.354237
5,DMS-ACC,intermediate,DMS,22,0.232765
5,DMS-ACC,intermediate,DMS,23,0.786492
5,DMS-ACC,intermediate,DMS,24,0.500164
5,DMS-ACC,intermediate,DMS,25,0.56438
5,DMS-ACC,intermediate,DMS,26,0.781214
5,DMS-ACC,intermediate,DMS,27,0.789646
5,DMS-ACC,intermediate,DMS,28,0.0
5,DMS-ACC,intermediate,DMS,29,0.105515
5,DMS-ACC,intermediate,DMS,30,0.160641
5,DMS-ACC,intermediate,DMS,31,0.209979
5,DMS-ACC,intermediate,DMS,32,0.173556
5,DMS-ACC,intermediate,DMS,33,0.094943
5,DMS-ACC,intermediate,DMS,34,0.009859
5,DMS-ACC,intermediate,DMS,35,0.409641
5,DMS-ACC,intermediate,DMS,36,0.814164
5,DMS-ACC,intermediate,DMS,37,0.226209
5,DMS-ACC,intermediate,DMS,38,0.924724
5,DMS-ACC,intermediate,DMS,39,0.179572
5,DMS-ACC,intermediate,DMS,40,0.0
5,DMS-ACC,intermediate,DMS,41,0.24984
5,DMS-ACC,intermediate,DMS,42,0.0
5,DMS-ACC,intermediate,DMS,43,0.716345
5,DMS-ACC,intermediate,DMS,44,0.287011
5,DMS-ACC,intermediate,DMS,45,0.891854
5,DMS-ACC,intermediate,DMS,46,0.014075
5,DMS-ACC,intermediate,DMS,47,0.326596
5,DMS-ACC,intermediate,DMS,48,0.025575
5,DMS-ACC,intermediate,DMS,49,0.170264
5,DMS-ACC,intermediate,DMS,50,0.048187
5,DMS-ACC,intermediate,DMS,51,0.308802
5,DMS-ACC,intermediate,DMS,52,0.162262
5,DMS-ACC,intermediate,DMS,53,0.585301
5,DMS-ACC,intermediate,DMS,54,0.028887
5,DMS-ACC,intermediate,ACC,0,0.174624
5,DMS-ACC,intermediate,ACC,1,0.065234
5,DMS-ACC,intermediate,ACC,2,0.14841
5,DMS-ACC,intermediate,ACC,3,0.089321
5,DMS-ACC,intermediate,ACC,4,0.514725
5,DMS-ACC,intermediate,ACC,5,0.087542
5,DMS-ACC,intermediate,ACC,6,0.070074
5,DMS-ACC,intermediate,ACC,7,0.103263
5,DMS-ACC,intermediate,ACC,8,0.100518
5,DMS-ACC,intermediate,ACC,9,0.181911
5,DMS-ACC,intermediate,ACC,10,0.663831
5,DMS-ACC,intermediate,ACC,11,0.118129
5,DMS-ACC,intermediate,ACC,12,0.100971
5,DMS-ACC,intermediate,ACC,13,0.065334
5,DMS-ACC,intermediate,ACC,14,0.062285
5,DMS-ACC,intermediate,ACC,15,0.620445
5,DMS-ACC,intermediate,ACC,16,0.178613
5,DMS-ACC,intermediate,ACC,17,0.190352
5,DMS-ACC,intermediate,ACC,18,0.065511
5,DMS-ACC,intermediate,ACC,19,0.0
5,DMS-ACC,intermediate,ACC,20,0.04381
5,DMS-ACC,intermediate,ACC,21,0.078604
5,DMS-ACC,intermediate,ACC,22,0.535075
5,DMS-ACC,intermediate,ACC,23,0.113284
5,DMS-ACC,intermediate,ACC,24,0.15773
5,DMS-ACC,intermediate,ACC,25,0.158112
5,DMS-ACC,intermediate,ACC,26,0.160924
5,DMS-ACC,intermediate,ACC,27,0.211591
5,DMS-ACC,intermediate,ACC,28,0.02709
5,DMS-ACC,intermediate,ACC,29,0.16597
5,DMS-ACC,intermediate,ACC,30,0.027541
5,DMS-ACC,intermediate,ACC,31,0.044228
5,DMS-ACC,intermediate,ACC,32,0.243988
5,DMS-ACC,intermediate,ACC,33,0.679345
5,DMS-ACC,intermediate,ACC,34,0.095234
5,DMS-ACC,intermediate,ACC,35,0.672534
5,DMS-ACC,intermediate,ACC,36,0.625981
5,DMS-ACC,intermediate,ACC,37,0.047994
5,DMS-ACC,intermediate,ACC,38,0.062811
5,DMS-ACC,intermediate,ACC,39,0.087164
5,DMS-ACC,intermediate,ACC,40,0.178139
5,DMS-ACC,intermediate,ACC,41,0.187273
5,DMS-ACC,intermediate,ACC,42,0.031051
5,DMS-ACC,intermediate,ACC,43,0.172047
5,DMS-ACC,intermediate,ACC,44,0.08747
5,DMS-ACC,intermediate,ACC,45,0.152696
5,DMS-ACC,intermediate,ACC,46,0.115232
5,DMS-ACC,intermediate,ACC,47,0.130604
5,DMS-ACC,intermediate,ACC,48,0.110418
5,DMS-ACC,intermediate,ACC,49,0.266706
5,DMS-ACC,intermediate,ACC,50,0.051035
5,DMS-ACC,intermediate,ACC,51,0.254214
5,DMS-ACC,intermediate,ACC,52,0.230964
5,DMS-ACC,intermediate,ACC,53,0.337438
5,DMS-ACC,intermediate,ACC,54,0.396517
5,DMS-ACC,intermediate,ACC,55,0.129723
5,DMS-ACC,intermediate,ACC,56,0.201334
5,DMS-ACC,intermediate,ACC,57,0.028064
5,DMS-ACC,intermediate,ACC,58,0.698271
5,DMS-ACC,intermediate,ACC,59,0.058781
5,DMS-ACC,intermediate,ACC,60,0.109615
5,DMS-ACC,intermediate,ACC,61,0.425175
5,DMS-ACC,intermediate,ACC,62,0.39238
5,DMS-ACC,intermediate,ACC,63,0.115088
5,DMS-ACC,intermediate,ACC,64,0.09982
5,DMS-ACC,intermediate,ACC,65,0.104628
5,DMS-ACC,intermediate,ACC,66,0.279356
5,DMS-ACC,intermediate,ACC,67,0.231496
5,DMS-ACC,intermediate,ACC,68,0.3339
5,DMS-ACC,intermediate,ACC,69,0.130872
5,DMS-ACC,intermediate,ACC,70,0.116248
5,DMS-ACC,intermediate,ACC,71,0.070727
5,DMS-ACC,intermediate,ACC,72,0.062323
5,DMS-ACC,intermediate,ACC,73,0.119536
5,DMS-ACC,intermediate,ACC,74,0.116507
5,DMS-ACC,intermediate,ACC,75,0.126322
5,DMS-ACC,intermediate,ACC,76,0.025733
5,DMS-ACC,intermediate,ACC,77,0.031911
5,DMS-ACC,intermediate,ACC,78,0.105762
5,DMS-ACC,intermediate,ACC,79,0.056964
5,DMS-ACC,intermediate,ACC,80,0.029999
5,DMS-ACC,intermediate,ACC,81,0.111328
5,DMS-ACC,intermediate,ACC,82,0.017136
5,DMS-ACC,intermediate,ACC,83,0.0
5,DMS-ACC,intermediate,ACC,84,0.087045
5,DMS-ACC,intermediate,ACC,85,0.501183
5,DMS-ACC,intermediate,ACC,86,0.38547
5,DMS-ACC,intermediate,ACC,87,0.008686
5,DMS-ACC,intermediate,ACC,88,0.038967
5,DMS-ACC,intermediate,ACC,89,0.093968
5,DMS-ACC,intermediate,ACC,90,0.632006
5,DMS-ACC,intermediate,ACC,91,0.670184
5,DMS-ACC,intermediate,ACC,92,0.137576
5,DMS-ACC,intermediate,ACC,93,0.019265
5,DMS-ACC,intermediate,ACC,94,0.028022
5,DMS-ACC,intermediate,ACC,95,0.020846
5,DMS-ACC,intermediate,ACC,96,0.04401
5,DMS-ACC,intermediate,ACC,97,0.030127
5,DMS-ACC,intermediate,ACC,98,0.0
5,DMS-ACC,intermediate,ACC,99,0.015153
5,DMS-ACC,intermediate,ACC,100,0.058238
5,DMS-ACC,intermediate,ACC,101,0.272982
5,DMS-ACC,intermediate,ACC,102,0.120246
5,DMS-ACC,intermediate,ACC,103,0.015709
5,DMS-ACC,intermediate,ACC,104,0.571584
5,DMS-ACC,intermediate,ACC,105,0.049076
5,DMS-ACC,intermediate,ACC,106,0.105814
5,DMS-ACC,intermediate,ACC,107,0.520159
5,DMS-ACC,intermediate,ACC,108,0.187932
5,DMS-ACC,intermediate,ACC,109,0.096583
5,DMS-ACC,intermediate,ACC,110,0.033836
5,DMS-ACC,intermediate,ACC,111,0.08261
5,DMS-ACC,intermediate,ACC,112,0.572168
5,DMS-ACC,intermediate,ACC,113,0.56163
5,DMS-ACC,intermediate,ACC,114,0.090028
5,DMS-ACC,intermediate,ACC,115,0.108022
5,DMS-ACC,intermediate,ACC,116,0.0
5,DMS-ACC,intermediate,ACC,117,0.007586
5,DMS-ACC,intermediate,ACC,118,0.5948
5,DMS-ACC,intermediate,ACC,119,0.114958
5,DMS-ACC,intermediate,ACC,120,0.140241
5,DMS-ACC,intermediate,ACC,121,0.051479
5,DMS-ACC,intermediate,ACC,122,0.093981
5,DMS-ACC,intermediate,ACC,123,0.176821
5,DMS-ACC,intermediate,ACC,124,0.123425
5,DMS-ACC,intermediate,ACC,125,0.121324
5,DMS-ACC,intermediate,ACC,126,0.068588
5,DMS-ACC,intermediate,ACC,127,0.084604
5,DMS-ACC,intermediate,ACC,128,0.0519
5,DMS-ACC,intermediate,ACC,129,0.048956
5,DMS-ACC,intermediate,ACC,130,0.083872
5,DMS-ACC,intermediate,ACC,131,0.01366
5,DMS-ACC,intermediate,ACC,132,0.08819
5,DMS-ACC,intermediate,ACC,133,0.356901
5,DMS-ACC,intermediate,ACC,134,0.0
5,DMS-ACC,intermediate,ACC,135,0.0
5,DMS-ACC,intermediate,ACC,136,0.667227
5,DMS-ACC,intermediate,ACC,137,0.195543
5,DMS-ACC,intermediate,ACC,138,0.050241
5,DMS-ACC,intermediate,ACC,139,0.123813
5,DMS-ACC,intermediate,ACC,140,0.040066
5,DMS-ACC,intermediate,ACC,141,0.053122
5,DMS-ACC,intermediate,ACC,142,0.190168
5,DMS-ACC,intermediate,ACC,143,0.226357
5,DMS-ACC,intermediate,ACC,144,0.36399
5,DMS-ACC,intermediate,ACC,145,0.052524
5,DMS-ACC,intermediate,ACC,146,0.013555
5,DMS-ACC,intermediate,ACC,147,0.600007
5,DMS-ACC,intermediate,ACC,148,0.060776
5,DMS-ACC,intermediate,ACC,149,0.195904
5,DMS-ACC,intermediate,ACC,150,0.356351
5,DMS-ACC,intermediate,ACC,151,0.18416
5,DMS-ACC,intermediate,ACC,152,0.173532
5,DMS-ACC,intermediate,ACC,153,0.048903
5,DMS-ACC,intermediate,ACC,154,0.035195
5,DMS-ACC,intermediate,ACC,155,0.021353
5,DMS-ACC,intermediate,ACC,156,0.566337
5,DMS-ACC,intermediate,ACC,157,0.209789
5,DMS-ACC,expert,DMS,0,0.420471
5,DMS-ACC,expert,DMS,1,0.226922
5,DMS-ACC,expert,DMS,2,0.040764
5,DMS-ACC,expert,DMS,3,0.660106
5,DMS-ACC,expert,DMS,4,0.115872
5,DMS-ACC,expert,DMS,5,0.201243
5,DMS-ACC,expert,DMS,6,0.880299
5,DMS-ACC,expert,DMS,7,0.037416
5,DMS-ACC,expert,DMS,8,0.231688
5,DMS-ACC,expert,DMS,9,0.263284
5,DMS-ACC,expert,DMS,10,0.0
5,DMS-ACC,expert,DMS,11,0.845729
5,DMS-ACC,expert,DMS,12,0.723941
5,DMS-ACC,expert,DMS,13,0.795481
5,DMS-ACC,expert,DMS,14,0.912384
5,DMS-ACC,expert,DMS,15,0.404358
5,DMS-ACC,expert,DMS,16,0.028795
5,DMS-ACC,expert,DMS,17,0.038612
5,DMS-ACC,expert,DMS,18,0.260299
5,DMS-ACC,expert,DMS,19,0.880142
5,DMS-ACC,expert,DMS,20,0.938871
5,DMS-ACC,expert,DMS,21,0.0
5,DMS-ACC,expert,DMS,22,0.0
5,DMS-ACC,expert,DMS,23,0.109756
5,DMS-ACC,expert,DMS,24,0.835555
5,DMS-ACC,expert,DMS,25,0.79961
5,DMS-ACC,expert,DMS,26,0.048977
5,DMS-ACC,expert,DMS,27,0.0617
5,DMS-ACC,expert,DMS,28,0.62068
5,DMS-ACC,expert,DMS,29,0.888694
5,DMS-ACC,expert,DMS,30,0.723839
5,DMS-ACC,expert,DMS,31,0.690415
5,DMS-ACC,expert,DMS,32,0.035613
5,DMS-ACC,expert,DMS,33,0.973335
5,DMS-ACC,expert,DMS,34,0.224477
5,DMS-ACC,expert,DMS,35,0.780828
5,DMS-ACC,expert,DMS,36,0.0
5,DMS-ACC,expert,DMS,37,0.0
5,DMS-ACC,expert,DMS,38,0.875266
5,DMS-ACC,expert,DMS,39,0.138383
5,DMS-ACC,expert,DMS,40,0.0
5,DMS-ACC,expert,DMS,41,0.040966
5,DMS-ACC,expert,DMS,42,0.0
5,DMS-ACC,expert,DMS,43,0.0
5,DMS-ACC,expert,DMS,44,0.637763
5,DMS-ACC,expert,DMS,45,0.867977
5,DMS-ACC,expert,DMS,46,0.07135
5,DMS-ACC,expert,DMS,47,0.281261
5,DMS-ACC,expert,DMS,48,0.101079
5,DMS-ACC,expert,DMS,49,0.93536
5,DMS-ACC,expert,DMS,50,0.36279
5,DMS-ACC,expert,DMS,51,0.918107
5,DMS-ACC,expert,DMS,52,0.947431
5,DMS-ACC,expert,DMS,53,0.035356
5,DMS-ACC,expert,DMS,54,0.008627
5,DMS-ACC,expert,ACC,0,0.085259
5,DMS-ACC,expert,ACC,1,0.091624
5,DMS-ACC,expert,ACC,2,0.117676
5,DMS-ACC,expert,ACC,3,0.153466
5,DMS-ACC,expert,ACC,4,0.133826
5,DMS-ACC,expert,ACC,5,0.082337
5,DMS-ACC,expert,ACC,6,0.073766
5,DMS-ACC,expert,ACC,7,0.075369
5,DMS-ACC,expert,ACC,8,0.131597
5,DMS-ACC,expert,ACC,9,0.065508
5,DMS-ACC,expert,ACC,10,0.211265
5,DMS-ACC,expert,ACC,11,0.095289
5,DMS-ACC,expert,ACC,12,0.074613
5,DMS-ACC,expert,ACC,13,0.102355
5,DMS-ACC,expert,ACC,14,0.053481
5,DMS-ACC,expert,ACC,15,0.064746
5,DMS-ACC,expert,ACC,16,0.089973
5,DMS-ACC,expert,ACC,17,0.123719
5,DMS-ACC,expert,ACC,18,0.076344
5,DMS-ACC,expert,ACC,19,0.008265
5,DMS-ACC,expert,ACC,20,0.095671
5,DMS-ACC,expert,ACC,21,0.080266
5,DMS-ACC,expert,ACC,22,0.077272
5,DMS-ACC,expert,ACC,23,0.110687
5,DMS-ACC,expert,ACC,24,0.045018
5,DMS-ACC,expert,ACC,25,0.109326
5,DMS-ACC,expert,ACC,26,0.134952
5,DMS-ACC,expert,ACC,27,0.24837
5,DMS-ACC,expert,ACC,28,0.023046
5,DMS-ACC,expert,ACC,29,0.121321
5,DMS-ACC,expert,ACC,30,0.060682
5,DMS-ACC,expert,ACC,31,0.583226
5,DMS-ACC,expert,ACC,32,0.182114
5,DMS-ACC,expert,ACC,33,0.036727
5,DMS-ACC,expert,ACC,34,0.092014
5,DMS-ACC,expert,ACC,35,0.121947
5,DMS-ACC,expert,ACC,36,0.095606
5,DMS-ACC,expert,ACC,37,0.116629
5,DMS-ACC,expert,ACC,38,0.161931
5,DMS-ACC,expert,ACC,39,0.077567
5,DMS-ACC,expert,ACC,40,0.114655
5,DMS-ACC,expert,ACC,41,0.060028
5,DMS-ACC,expert,ACC,42,0.306882
5,DMS-ACC,expert,ACC,43,0.162792
5,DMS-ACC,expert,ACC,44,0.08729
5,DMS-ACC,expert,ACC,45,0.168896
5,DMS-ACC,expert,ACC,46,0.077398
5,DMS-ACC,expert,ACC,47,0.107662
5,DMS-ACC,expert,ACC,48,0.083568
5,DMS-ACC,expert,ACC,49,0.531539
5,DMS-ACC,expert,ACC,50,0.111843
5,DMS-ACC,expert,ACC,51,0.118222
5,DMS-ACC,expert,ACC,52,0.167823
5,DMS-ACC,expert,ACC,53,0.134957
5,DMS-ACC,expert,ACC,54,0.196659
5,DMS-ACC,expert,ACC,55,0.104211
5,DMS-ACC,expert,ACC,56,0.11029
5,DMS-ACC,expert,ACC,57,0.035798
5,DMS-ACC,expert,ACC,58,0.13588
5,DMS-ACC,expert,ACC,59,0.081941
5,DMS-ACC,expert,ACC,60,0.354061
5,DMS-ACC,expert,ACC,61,0.396808
5,DMS-ACC,expert,ACC,62,0.268165
5,DMS-ACC,expert,ACC,63,0.070689
5,DMS-ACC,expert,ACC,64,0.086778
5,DMS-ACC,expert,ACC,65,0.365406
5,DMS-ACC,expert,ACC,66,0.124325
5,DMS-ACC,expert,ACC,67,0.263477
5,DMS-ACC,expert,ACC,68,0.100201
5,DMS-ACC,expert,ACC,69,0.102689
5,DMS-ACC,expert,ACC,70,0.093179
5,DMS-ACC,expert,ACC,71,0.057555
5,DMS-ACC,expert,ACC,72,0.551704
5,DMS-ACC,expert,ACC,73,0.418658
5,DMS-ACC,expert,ACC,74,0.09617
5,DMS-ACC,expert,ACC,75,0.463777
5,DMS-ACC,expert,ACC,76,0.161593
5,DMS-ACC,expert,ACC,77,0.511609
5,DMS-ACC,expert,ACC,78,0.518738
5,DMS-ACC,expert,ACC,79,0.02784
5,DMS-ACC,expert,ACC,80,0.155677
5,DMS-ACC,expert,ACC,81,0.195829
5,DMS-ACC,expert,ACC,82,0.061189
5,DMS-ACC,expert,ACC,83,0.060887
5,DMS-ACC,expert,ACC,84,0.415466
5,DMS-ACC,expert,ACC,85,0.0
5,DMS-ACC,expert,ACC,86,0.119099
5,DMS-ACC,expert,ACC,87,0.329689
5,DMS-ACC,expert,ACC,88,0.557134
5,DMS-ACC,expert,ACC,89,0.037929
5,DMS-ACC,expert,ACC,90,0.270031
5,DMS-ACC,expert,ACC,91,0.087203
5,DMS-ACC,expert,ACC,92,0.054022
5,DMS-ACC,expert,ACC,93,0.030068
5,DMS-ACC,expert,ACC,94,0.062916
5,DMS-ACC,expert,ACC,95,0.042012
5,DMS-ACC,expert,ACC,96,0.088668
5,DMS-ACC,expert,ACC,97,0.037478
5,DMS-ACC,expert,ACC,98,0.0
5,DMS-ACC,expert,ACC,99,0.023758
5,DMS-ACC,expert,ACC,100,0.0
5,DMS-ACC,expert,ACC,101,0.368306
5,DMS-ACC,expert,ACC,102,0.05213
5,DMS-ACC,expert,ACC,103,0.009828
5,DMS-ACC,expert,ACC,104,0.09914
5,DMS-ACC,expert,ACC,105,0.03624
5,DMS-ACC,expert,ACC,106,0.067929
5,DMS-ACC,expert,ACC,107,0.554539
5,DMS-ACC,expert,ACC,108,0.143097
5,DMS-ACC,expert,ACC,109,0.588435
5,DMS-ACC,expert,ACC,110,0.603173
5,DMS-ACC,expert,ACC,111,0.649255
5,DMS-ACC,expert,ACC,112,0.055397
5,DMS-ACC,expert,ACC,113,0.053631
5,DMS-ACC,expert,ACC,114,0.134274
5,DMS-ACC,expert,ACC,115,0.217767
5,DMS-ACC,expert,ACC,116,0.0
5,DMS-ACC,expert,ACC,117,0.013065
5,DMS-ACC,expert,ACC,118,0.158539
5,DMS-ACC,expert,ACC,119,0.0644
5,DMS-ACC,expert,ACC,120,0.087477
5,DMS-ACC,expert,ACC,121,0.049935
5,DMS-ACC,expert,ACC,122,0.069719
5,DMS-ACC,expert,ACC,123,0.304863
5,DMS-ACC,expert,ACC,124,0.144814
5,DMS-ACC,expert,ACC,125,0.15179
5,DMS-ACC,expert,ACC,126,0.566548
5,DMS-ACC,expert,ACC,127,0.104312
5,DMS-ACC,expert,ACC,128,0.193434
5,DMS-ACC,expert,ACC,129,0.252705
5,DMS-ACC,expert,ACC,130,0.142817
5,DMS-ACC,expert,ACC,131,0.007435
5,DMS-ACC,expert,ACC,132,0.569672
5,DMS-ACC,expert,ACC,133,0.120426
5,DMS-ACC,expert,ACC,134,0.029105
5,DMS-ACC,expert,ACC,135,0.122917
5,DMS-ACC,expert,ACC,136,0.025803
5,DMS-ACC,expert,ACC,137,0.030845
5,DMS-ACC,expert,ACC,138,0.08308
5,DMS-ACC,expert,ACC,139,0.030089
5,DMS-ACC,expert,ACC,140,0.039061
5,DMS-ACC,expert,ACC,141,0.075507
5,DMS-ACC,expert,ACC,142,0.521132
5,DMS-ACC,expert,ACC,143,0.126239
5,DMS-ACC,expert,ACC,144,0.159492
5,DMS-ACC,expert,ACC,145,0.061189
5,DMS-ACC,expert,ACC,146,0.176487
5,DMS-ACC,expert,ACC,147,0.07116
5,DMS-ACC,expert,ACC,148,0.015906
5,DMS-ACC,expert,ACC,149,0.560761
5,DMS-ACC,expert,ACC,150,0.625001
5,DMS-ACC,expert,ACC,151,0.124112
5,DMS-ACC,expert,ACC,152,0.021385
5,DMS-ACC,expert,ACC,153,0.051673
5,DMS-ACC,expert,ACC,154,0.099939
5,DMS-ACC,expert,ACC,155,0.046954
5,DMS-ACC,expert,ACC,156,0.574435
5,DMS-ACC,expert,ACC,157,0.083282
5,DLS-ACC,naive,DLS,0,0.039023
5,DLS-ACC,naive,DLS,1,0.139571
5,DLS-ACC,naive,DLS,2,0.044458
5,DLS-ACC,naive,DLS,3,0.091579
5,DLS-ACC,naive,DLS,4,0.026827
5,DLS-ACC,naive,DLS,5,0.009633
5,DLS-ACC,naive,DLS,6,0.057013
5,DLS-ACC,naive,DLS,7,0.146015
5,DLS-ACC,naive,DLS,8,0.074766
5,DLS-ACC,naive,DLS,9,0.0
5,DLS-ACC,naive,DLS,10,0.011346
5,DLS-ACC,naive,DLS,11,0.164879
5,DLS-ACC,naive,DLS,12,0.164735
5,DLS-ACC,naive,DLS,13,0.096204
5,DLS-ACC,naive,DLS,14,0.0
5,DLS-ACC,naive,DLS,15,0.102724
5,DLS-ACC,naive,DLS,16,0.053054
5,DLS-ACC,naive,DLS,17,0.11838
5,DLS-ACC,naive,DLS,18,0.023902
5,DLS-ACC,naive,DLS,19,0.315159
5,DLS-ACC,naive,DLS,20,0.473161
5,DLS-ACC,naive,DLS,21,0.0
5,DLS-ACC,naive,DLS,22,0.068002
5,DLS-ACC,naive,DLS,23,0.050806
5,DLS-ACC,naive,DLS,24,0.0
5,DLS-ACC,naive,DLS,25,0.056718
5,DLS-ACC,naive,DLS,26,0.371199
5,DLS-ACC,naive,DLS,27,0.390046
5,DLS-ACC,naive,DLS,28,0.076185
5,DLS-ACC,naive,DLS,29,0.046725
5,DLS-ACC,naive,DLS,30,0.038976
5,DLS-ACC,naive,DLS,31,0.071574
5,DLS-ACC,naive,DLS,32,0.054609
5,DLS-ACC,naive,DLS,33,0.057944
5,DLS-ACC,naive,DLS,34,0.074564
5,DLS-ACC,naive,DLS,35,0.039457
5,DLS-ACC,naive,DLS,36,0.007625
5,DLS-ACC,naive,DLS,37,0.0
5,DLS-ACC,naive,DLS,38,0.047909
5,DLS-ACC,naive,DLS,39,0.097021
5,DLS-ACC,naive,DLS,40,0.049987
5,DLS-ACC,naive,DLS,41,0.062854
5,DLS-ACC,naive,DLS,42,0.055125
5,DLS-ACC,naive,DLS,43,0.075295
5,DLS-ACC,naive,DLS,44,0.028525
5,DLS-ACC,naive,DLS,45,0.121462
5,DLS-ACC,naive,DLS,46,0.038261
5,DLS-ACC,naive,DLS,47,0.095491
5,DLS-ACC,naive,DLS,48,0.099534
5,DLS-ACC,naive,DLS,49,0.026264
5,DLS-ACC,naive,DLS,50,0.023853
5,DLS-ACC,naive,DLS,51,0.032276
5,DLS-ACC,naive,DLS,52,0.107978
5,DLS-ACC,naive,DLS,53,0.067817
5,DLS-ACC,naive,DLS,54,0.132981
5,DLS-ACC,naive,DLS,55,0.067361
5,DLS-ACC,naive,DLS,56,0.280275
5,DLS-ACC,naive,DLS,57,0.101897
5,DLS-ACC,naive,DLS,58,0.044546
5,DLS-ACC,naive,DLS,59,0.08749
5,DLS-ACC,naive,DLS,60,0.071898
5,DLS-ACC,naive,DLS,61,0.116087
5,DLS-ACC,naive,DLS,62,0.014394
5,DLS-ACC,naive,DLS,63,0.140044
5,DLS-ACC,naive,DLS,64,0.036172
5,DLS-ACC,naive,DLS,65,0.085695
5,DLS-ACC,naive,DLS,66,0.10469
5,DLS-ACC,naive,DLS,67,0.084179
5,DLS-ACC,naive,DLS,68,0.043012
5,DLS-ACC,naive,DLS,69,0.324436
5,DLS-ACC,naive,DLS,70,0.02631
5,DLS-ACC,naive,DLS,71,0.39142
5,DLS-ACC,naive,DLS,72,0.183731
5,DLS-ACC,naive,DLS,73,0.074876
5,DLS-ACC,naive,DLS,74,0.045473
5,DLS-ACC,naive,DLS,75,0.129205
5,DLS-ACC,naive,DLS,76,0.30193
5,DLS-ACC,naive,DLS,77,0.014951
5,DLS-ACC,naive,DLS,78,0.373872
5,DLS-ACC,naive,DLS,79,0.0
5,DLS-ACC,naive,DLS,80,0.013188
5,DLS-ACC,naive,DLS,81,0.062845
5,DLS-ACC,naive,DLS,82,0.14671
5,DLS-ACC,naive,DLS,83,0.046274
5,DLS-ACC,naive,DLS,84,0.00441
5,DLS-ACC,naive,DLS,85,0.048278
5,DLS-ACC,naive,DLS,86,0.076484
5,DLS-ACC,naive,DLS,87,0.022385
5,DLS-ACC,naive,DLS,88,0.042386
5,DLS-ACC,naive,DLS,89,0.402382
5,DLS-ACC,naive,DLS,90,0.099253
5,DLS-ACC,naive,DLS,91,0.10285
5,DLS-ACC,naive,DLS,92,0.142002
5,DLS-ACC,naive,DLS,93,0.0
5,DLS-ACC,naive,DLS,94,0.117698
5,DLS-ACC,naive,DLS,95,0.061123
5,DLS-ACC,naive,DLS,96,0.022458
5,DLS-ACC,naive,DLS,97,0.034515
5,DLS-ACC,naive,DLS,98,0.058181
5,DLS-ACC,naive,DLS,99,0.048285
5,DLS-ACC,naive,DLS,100,0.062809
5,DLS-ACC,naive,DLS,101,0.029639
5,DLS-ACC,naive,DLS,102,0.511998
5,DLS-ACC,naive,DLS,103,0.011371
5,DLS-ACC,naive,DLS,104,0.066023
5,DLS-ACC,naive,DLS,105,0.00353
5,DLS-ACC,naive,DLS,106,0.0
5,DLS-ACC,naive,DLS,107,0.02173
5,DLS-ACC,naive,DLS,108,0.041754
5,DLS-ACC,naive,DLS,109,0.075248
5,DLS-ACC,naive,DLS,110,0.083041
5,DLS-ACC,naive,DLS,111,0.0
5,DLS-ACC,naive,DLS,112,0.110897
5,DLS-ACC,naive,DLS,113,0.125341
5,DLS-ACC,naive,DLS,114,0.02524
5,DLS-ACC,naive,DLS,115,0.120412
5,DLS-ACC,naive,DLS,116,0.039188
5,DLS-ACC,naive,DLS,117,0.082556
5,DLS-ACC,naive,DLS,118,0.058895
5,DLS-ACC,naive,DLS,119,0.055118
5,DLS-ACC,naive,DLS,120,0.513963
5,DLS-ACC,naive,DLS,121,0.056055
5,DLS-ACC,naive,DLS,122,0.007275
5,DLS-ACC,naive,DLS,123,0.106625
5,DLS-ACC,naive,DLS,124,0.0
5,DLS-ACC,naive,DLS,125,0.041532
5,DLS-ACC,naive,DLS,126,0.020262
5,DLS-ACC,naive,DLS,127,0.0
5,DLS-ACC,naive,DLS,128,0.135706
5,DLS-ACC,naive,DLS,129,0.047702
5,DLS-ACC,naive,DLS,130,0.074919
5,DLS-ACC,naive,DLS,131,0.069966
5,DLS-ACC,naive,DLS,132,0.012817
5,DLS-ACC,naive,DLS,133,0.018852
5,DLS-ACC,naive,DLS,134,0.050443
5,DLS-ACC,naive,DLS,135,0.054038
5,DLS-ACC,naive,DLS,136,0.0
5,DLS-ACC,naive,DLS,137,0.0
5,DLS-ACC,naive,DLS,138,0.073296
5,DLS-ACC,naive,DLS,139,0.021736
5,DLS-ACC,naive,DLS,140,0.0
5,DLS-ACC,naive,DLS,141,0.0
5,DLS-ACC,naive,DLS,142,0.0
5,DLS-ACC,naive,DLS,143,0.066043
5,DLS-ACC,naive,DLS,144,0.061643
5,DLS-ACC,naive,DLS,145,0.043734
5,DLS-ACC,naive,DLS,146,0.066663
5,DLS-ACC,naive,DLS,147,0.034849
5,DLS-ACC,naive,DLS,148,0.112511
5,DLS-ACC,naive,DLS,149,0.039971
5,DLS-ACC,naive,DLS,150,0.082154
5,DLS-ACC,naive,DLS,151,0.005289
5,DLS-ACC,naive,DLS,152,0.00858
5,DLS-ACC,naive,DLS,153,0.013921
5,DLS-ACC,naive,DLS,154,0.01065
5,DLS-ACC,naive,DLS,155,0.036443
5,DLS-ACC,naive,DLS,156,0.047379
5,DLS-ACC,naive,DLS,157,0.002564
5,DLS-ACC,naive,DLS,158,0.011722
5,DLS-ACC,naive,DLS,159,0.464722
5,DLS-ACC,naive,DLS,160,0.303229
5,DLS-ACC,naive,DLS,161,0.176886
5,DLS-ACC,naive,DLS,162,0.245672
5,DLS-ACC,naive,DLS,163,0.231721
5,DLS-ACC,naive,DLS,164,0.0
5,DLS-ACC,naive,DLS,165,0.0
5,DLS-ACC,naive,DLS,166,0.0
5,DLS-ACC,naive,DLS,167,0.018529
5,DLS-ACC,naive,DLS,168,0.0
5,DLS-ACC,naive,DLS,169,0.015746
5,DLS-ACC,naive,DLS,170,0.179893
5,DLS-ACC,naive,DLS,171,0.024849
5,DLS-ACC,naive,DLS,172,0.006818
5,DLS-ACC,naive,DLS,173,0.008675
5,DLS-ACC,naive,DLS,174,0.40265
5,DLS-ACC,naive,DLS,175,0.037264
5,DLS-ACC,naive,DLS,176,0.06049
5,DLS-ACC,naive,DLS,177,0.106791
5,DLS-ACC,naive,DLS,178,0.02551
5,DLS-ACC,naive,DLS,179,0.080068
5,DLS-ACC,naive,DLS,180,0.005295
5,DLS-ACC,naive,DLS,181,0.058534
5,DLS-ACC,naive,DLS,182,0.50928
5,DLS-ACC,naive,DLS,183,0.127572
5,DLS-ACC,naive,DLS,184,0.050666
5,DLS-ACC,naive,DLS,185,0.017834
5,DLS-ACC,naive,DLS,186,0.25024
5,DLS-ACC,naive,DLS,187,0.425327
5,DLS-ACC,naive,DLS,188,0.2528
5,DLS-ACC,naive,DLS,189,0.492901
5,DLS-ACC,naive,DLS,190,0.345924
5,DLS-ACC,naive,DLS,191,0.03237
5,DLS-ACC,naive,DLS,192,0.49384
5,DLS-ACC,naive,DLS,193,0.017073
5,DLS-ACC,naive,DLS,194,0.013314
5,DLS-ACC,naive,DLS,195,0.284663
5,DLS-ACC,naive,DLS,196,0.379404
5,DLS-ACC,naive,DLS,197,0.039759
5,DLS-ACC,naive,DLS,198,0.0506
5,DLS-ACC,naive,DLS,199,0.10797
5,DLS-ACC,naive,DLS,200,0.476998
5,DLS-ACC,naive,DLS,201,0.365744
5,DLS-ACC,naive,DLS,202,0.054583
5,DLS-ACC,naive,DLS,203,0.05492
5,DLS-ACC,naive,DLS,204,0.062696
5,DLS-ACC,naive,DLS,205,0.038523
5,DLS-ACC,naive,DLS,206,0.107281
5,DLS-ACC,naive,DLS,207,0.031866
5,DLS-ACC,naive,DLS,208,0.024414
5,DLS-ACC,naive,DLS,209,0.039852
5,DLS-ACC,naive,DLS,210,0.214634
5,DLS-ACC,naive,DLS,211,0.060044
5,DLS-ACC,naive,DLS,212,0.323213
5,DLS-ACC,naive,DLS,213,0.033142
5,DLS-ACC,naive,DLS,214,0.106466
5,DLS-ACC,naive,DLS,215,0.042056
5,DLS-ACC,naive,DLS,216,0.008786
5,DLS-ACC,naive,DLS,217,0.017366
5,DLS-ACC,naive,DLS,218,0.149925
5,DLS-ACC,naive,DLS,219,0.14332
5,DLS-ACC,naive,DLS,220,0.019916
5,DLS-ACC,naive,DLS,221,0.066749
5,DLS-ACC,naive,DLS,222,0.081773
5,DLS-ACC,naive,DLS,223,0.014498
5,DLS-ACC,naive,DLS,224,0.030421
5,DLS-ACC,naive,DLS,225,0.015237
5,DLS-ACC,naive,ACC,0,0.129674
5,DLS-ACC,naive,ACC,1,0.12276
5,DLS-ACC,naive,ACC,2,0.1537
5,DLS-ACC,naive,ACC,3,0.143777
5,DLS-ACC,naive,ACC,4,0.01876
5,DLS-ACC,naive,ACC,5,0.043808
5,DLS-ACC,naive,ACC,6,0.077409
5,DLS-ACC,naive,ACC,7,0.0567
5,DLS-ACC,naive,ACC,8,0.110707
5,DLS-ACC,naive,ACC,9,0.155071
5,DLS-ACC,naive,ACC,10,0.039387
5,DLS-ACC,naive,ACC,11,0.116895
5,DLS-ACC,naive,ACC,12,0.074952
5,DLS-ACC,naive,ACC,13,0.028806
5,DLS-ACC,naive,ACC,14,0.032575
5,DLS-ACC,naive,ACC,15,0.029331
5,DLS-ACC,naive,ACC,16,0.059295
5,DLS-ACC,naive,ACC,17,0.102427
5,DLS-ACC,naive,ACC,18,0.057702
5,DLS-ACC,naive,ACC,19,0.654333
5,DLS-ACC,naive,ACC,20,0.335774
5,DLS-ACC,naive,ACC,21,0.048967
5,DLS-ACC,naive,ACC,22,0.109564
5,DLS-ACC,naive,ACC,23,0.112019
5,DLS-ACC,naive,ACC,24,0.380231
5,DLS-ACC,naive,ACC,25,0.148996
5,DLS-ACC,naive,ACC,26,0.030819
5,DLS-ACC,naive,ACC,27,0.080493
5,DLS-ACC,naive,ACC,28,0.287073
5,DLS-ACC,naive,ACC,29,0.1132
5,DLS-ACC,naive,ACC,30,0.066696
5,DLS-ACC,naive,ACC,31,0.041791
5,DLS-ACC,naive,ACC,32,0.320943
5,DLS-ACC,naive,ACC,33,0.026099
5,DLS-ACC,naive,ACC,34,0.071821
5,DLS-ACC,naive,ACC,35,0.584762
5,DLS-ACC,naive,ACC,36,0.005157
5,DLS-ACC,naive,ACC,37,0.62577
5,DLS-ACC,naive,ACC,38,0.048196
5,DLS-ACC,naive,ACC,39,0.159524
5,DLS-ACC,naive,ACC,40,0.061725
5,DLS-ACC,naive,ACC,41,0.132392
5,DLS-ACC,naive,ACC,42,0.057839
5,DLS-ACC,naive,ACC,43,0.103273
5,DLS-ACC,naive,ACC,44,0.049217
5,DLS-ACC,naive,ACC,45,0.115216
5,DLS-ACC,naive,ACC,46,0.075613
5,DLS-ACC,naive,ACC,47,0.067721
5,DLS-ACC,naive,ACC,48,0.289442
5,DLS-ACC,naive,ACC,49,0.007988
5,DLS-ACC,naive,ACC,50,0.126421
5,DLS-ACC,naive,ACC,51,0.146142
5,DLS-ACC,naive,ACC,52,0.111194
5,DLS-ACC,naive,ACC,53,0.192854
5,DLS-ACC,naive,ACC,54,0.066736
5,DLS-ACC,naive,ACC,55,0.020146
5,DLS-ACC,naive,ACC,56,0.121032
5,DLS-ACC,naive,ACC,57,0.409663
5,DLS-ACC,naive,ACC,58,0.15855
5,DLS-ACC,naive,ACC,59,0.058447
5,DLS-ACC,naive,ACC,60,0.040586
5,DLS-ACC,naive,ACC,61,0.061656
5,DLS-ACC,naive,ACC,62,0.022241
5,DLS-ACC,naive,ACC,63,0.073148
5,DLS-ACC,naive,ACC,64,0.037473
5,DLS-ACC,naive,ACC,65,0.057702
5,DLS-ACC,naive,ACC,66,0.081788
5,DLS-ACC,naive,ACC,67,0.141146
5,DLS-ACC,naive,ACC,68,0.153094
5,DLS-ACC,naive,ACC,69,0.106331
5,DLS-ACC,naive,ACC,70,0.197737
5,DLS-ACC,naive,ACC,71,0.155372
5,DLS-ACC,naive,ACC,72,0.024717
5,DLS-ACC,naive,ACC,73,0.351504
5,DLS-ACC,naive,ACC,74,0.112792
5,DLS-ACC,naive,ACC,75,0.328516
5,DLS-ACC,naive,ACC,76,0.067373
5,DLS-ACC,naive,ACC,77,0.087336
5,DLS-ACC,naive,ACC,78,0.078265
5,DLS-ACC,naive,ACC,79,0.066936
5,DLS-ACC,naive,ACC,80,0.184437
5,DLS-ACC,naive,ACC,81,0.189835
5,DLS-ACC,naive,ACC,82,0.0
5,DLS-ACC,naive,ACC,83,1e-06
5,DLS-ACC,naive,ACC,84,0.11989
5,DLS-ACC,naive,ACC,85,0.588423
5,DLS-ACC,naive,ACC,86,0.0
5,DLS-ACC,naive,ACC,87,0.60367
5,DLS-ACC,naive,ACC,88,0.086663
5,DLS-ACC,naive,ACC,89,0.03798
5,DLS-ACC,naive,ACC,90,0.01397
5,DLS-ACC,naive,ACC,91,0.016322
5,DLS-ACC,naive,ACC,92,0.06822
5,DLS-ACC,naive,ACC,93,0.150273
5,DLS-ACC,naive,ACC,94,0.083062
5,DLS-ACC,naive,ACC,95,0.07164
5,DLS-ACC,naive,ACC,96,0.091087
5,DLS-ACC,naive,ACC,97,0.0913
5,DLS-ACC,naive,ACC,98,0.055671
5,DLS-ACC,naive,ACC,99,0.293777
5,DLS-ACC,naive,ACC,100,0.017287
5,DLS-ACC,naive,ACC,101,0.014155
5,DLS-ACC,naive,ACC,102,0.071123
5,DLS-ACC,naive,ACC,103,0.671986
5,DLS-ACC,naive,ACC,104,0.028756
5,DLS-ACC,naive,ACC,105,0.099827
5,DLS-ACC,naive,ACC,106,0.039796
5,DLS-ACC,naive,ACC,107,0.642892
5,DLS-ACC,naive,ACC,108,0.15969
5,DLS-ACC,naive,ACC,109,0.38896
5,DLS-ACC,naive,ACC,110,0.032077
5,DLS-ACC,naive,ACC,111,0.658818
5,DLS-ACC,naive,ACC,112,0.154678
5,DLS-ACC,naive,ACC,113,0.027908
5,DLS-ACC,naive,ACC,114,0.195142
5,DLS-ACC,naive,ACC,115,0.109198
5,DLS-ACC,naive,ACC,116,0.0
5,DLS-ACC,naive,ACC,117,0.044543
5,DLS-ACC,naive,ACC,118,0.396884
5,DLS-ACC,naive,ACC,119,0.128272
5,DLS-ACC,naive,ACC,120,0.350469
5,DLS-ACC,naive,ACC,121,0.045913
5,DLS-ACC,naive,ACC,122,0.283665
5,DLS-ACC,naive,ACC,123,0.11548
5,DLS-ACC,naive,ACC,124,0.14179
5,DLS-ACC,naive,ACC,125,0.079336
5,DLS-ACC,naive,ACC,126,0.045353
5,DLS-ACC,naive,ACC,127,0.050606
5,DLS-ACC,naive,ACC,128,0.085988
5,DLS-ACC,naive,ACC,129,0.078488
5,DLS-ACC,naive,ACC,130,0.218157
5,DLS-ACC,naive,ACC,131,0.001299
5,DLS-ACC,naive,ACC,132,0.234357
5,DLS-ACC,naive,ACC,133,0.042369
5,DLS-ACC,naive,ACC,134,0.0
5,DLS-ACC,naive,ACC,135,0.0
5,DLS-ACC,naive,ACC,136,0.012627
5,DLS-ACC,naive,ACC,137,0.66762
5,DLS-ACC,naive,ACC,138,0.649067
5,DLS-ACC,naive,ACC,139,0.67162
5,DLS-ACC,naive,ACC,140,0.086248
5,DLS-ACC,naive,ACC,141,0.114554
5,DLS-ACC,naive,ACC,142,0.055211
5,DLS-ACC,naive,ACC,143,0.164305
5,DLS-ACC,naive,ACC,144,0.005603
5,DLS-ACC,naive,ACC,145,0.628693
5,DLS-ACC,naive,ACC,146,0.535012
5,DLS-ACC,naive,ACC,147,0.04632
5,DLS-ACC,naive,ACC,148,0.429351
5,DLS-ACC,naive,ACC,149,0.004046
5,DLS-ACC,naive,ACC,150,0.020211
5,DLS-ACC,naive,ACC,151,0.00882
5,DLS-ACC,naive,ACC,152,0.066437
5,DLS-ACC,naive,ACC,153,0.062933
5,DLS-ACC,naive,ACC,154,0.061145
5,DLS-ACC,naive,ACC,155,0.613693
5,DLS-ACC,naive,ACC,156,0.141451
5,DLS-ACC,naive,ACC,157,0.279439
5,DLS-ACC,intermediate,DLS,0,0.060516
5,DLS-ACC,intermediate,DLS,1,0.137776
5,DLS-ACC,intermediate,DLS,2,0.170805
5,DLS-ACC,intermediate,DLS,3,0.166542
5,DLS-ACC,intermediate,DLS,4,0.549267
5,DLS-ACC,intermediate,DLS,5,0.016717
5,DLS-ACC,intermediate,DLS,6,0.187628
5,DLS-ACC,intermediate,DLS,7,0.117911
5,DLS-ACC,intermediate,DLS,8,0.072573
5,DLS-ACC,intermediate,DLS,9,0.006312
5,DLS-ACC,intermediate,DLS,10,0.042035
5,DLS-ACC,intermediate,DLS,11,0.08181
5,DLS-ACC,intermediate,DLS,12,0.209959
5,DLS-ACC,intermediate,DLS,13,0.160941
5,DLS-ACC,intermediate,DLS,14,0.0
5,DLS-ACC,intermediate,DLS,15,0.154453
5,DLS-ACC,intermediate,DLS,16,0.12777
5,DLS-ACC,intermediate,DLS,17,0.190321
5,DLS-ACC,intermediate,DLS,18,0.179279
5,DLS-ACC,intermediate,DLS,19,0.109812
5,DLS-ACC,intermediate,DLS,20,0.050367
5,DLS-ACC,intermediate,DLS,21,0.02379
5,DLS-ACC,intermediate,DLS,22,0.227869
5,DLS-ACC,intermediate,DLS,23,0.074113
5,DLS-ACC,intermediate,DLS,24,0.037938
5,DLS-ACC,intermediate,DLS,25,0.259549
5,DLS-ACC,intermediate,DLS,26,0.411868
5,DLS-ACC,intermediate,DLS,27,0.342617
5,DLS-ACC,intermediate,DLS,28,0.215588
5,DLS-ACC,intermediate,DLS,29,0.074827
5,DLS-ACC,intermediate,DLS,30,0.213547
5,DLS-ACC,intermediate,DLS,31,0.057811
5,DLS-ACC,intermediate,DLS,32,0.068292
5,DLS-ACC,intermediate,DLS,33,0.190771
5,DLS-ACC,intermediate,DLS,34,0.065793
5,DLS-ACC,intermediate,DLS,35,0.211812
5,DLS-ACC,intermediate,DLS,36,0.088333
5,DLS-ACC,intermediate,DLS,37,0.047356
5,DLS-ACC,intermediate,DLS,38,0.155957
5,DLS-ACC,intermediate,DLS,39,0.021396
5,DLS-ACC,intermediate,DLS,40,0.102738
5,DLS-ACC,intermediate,DLS,41,0.138265
5,DLS-ACC,intermediate,DLS,42,0.081456
5,DLS-ACC,intermediate,DLS,43,0.065748
5,DLS-ACC,intermediate,DLS,44,0.091428
5,DLS-ACC,intermediate,DLS,45,0.099777
5,DLS-ACC,intermediate,DLS,46,0.105596
5,DLS-ACC,intermediate,DLS,47,0.115395
5,DLS-ACC,intermediate,DLS,48,0.097665
5,DLS-ACC,intermediate,DLS,49,0.062221
5,DLS-ACC,intermediate,DLS,50,0.165761
5,DLS-ACC,intermediate,DLS,51,0.118034
5,DLS-ACC,intermediate,DLS,52,0.187398
5,DLS-ACC,intermediate,DLS,53,0.03828
5,DLS-ACC,intermediate,DLS,54,0.173631
5,DLS-ACC,intermediate,DLS,55,0.149285
5,DLS-ACC,intermediate,DLS,56,0.085957
5,DLS-ACC,intermediate,DLS,57,0.153268
5,DLS-ACC,intermediate,DLS,58,0.196769
5,DLS-ACC,intermediate,DLS,59,0.150647
5,DLS-ACC,intermediate,DLS,60,0.120736
5,DLS-ACC,intermediate,DLS,61,0.19972
5,DLS-ACC,intermediate,DLS,62,0.051661
5,DLS-ACC,intermediate,DLS,63,0.017087
5,DLS-ACC,intermediate,DLS,64,0.570835
5,DLS-ACC,intermediate,DLS,65,0.184725
5,DLS-ACC,intermediate,DLS,66,0.022127
5,DLS-ACC,intermediate,DLS,67,0.100987
5,DLS-ACC,intermediate,DLS,68,0.097613
5,DLS-ACC,intermediate,DLS,69,0.172473
5,DLS-ACC,intermediate,DLS,70,0.086134
5,DLS-ACC,intermediate,DLS,71,0.107332
5,DLS-ACC,intermediate,DLS,72,0.024531
5,DLS-ACC,intermediate,DLS,73,0.136751
5,DLS-ACC,intermediate,DLS,74,0.175315
5,DLS-ACC,intermediate,DLS,75,0.081351
5,DLS-ACC,intermediate,DLS,76,0.005356
5,DLS-ACC,intermediate,DLS,77,0.558082
5,DLS-ACC,intermediate,DLS,78,0.003514
5,DLS-ACC,intermediate,DLS,79,0.281859
5,DLS-ACC,intermediate,DLS,80,0.021219
5,DLS-ACC,intermediate,DLS,81,0.120275
5,DLS-ACC,intermediate,DLS,82,0.035
5,DLS-ACC,intermediate,DLS,83,0.056962
5,DLS-ACC,intermediate,DLS,84,0.035329
5,DLS-ACC,intermediate,DLS,85,0.106506
5,DLS-ACC,intermediate,DLS,86,0.046037
5,DLS-ACC,intermediate,DLS,87,0.210514
5,DLS-ACC,intermediate,DLS,88,0.277449
5,DLS-ACC,intermediate,DLS,89,0.030591
5,DLS-ACC,intermediate,DLS,90,0.379342
5,DLS-ACC,intermediate,DLS,91,0.377543
5,DLS-ACC,intermediate,DLS,92,0.046799
5,DLS-ACC,intermediate,DLS,93,0.458816
5,DLS-ACC,intermediate,DLS,94,0.014301
5,DLS-ACC,intermediate,DLS,95,0.149059
5,DLS-ACC,intermediate,DLS,96,0.098033
5,DLS-ACC,intermediate,DLS,97,0.056678
5,DLS-ACC,intermediate,DLS,98,0.03127
5,DLS-ACC,intermediate,DLS,99,0.076476
5,DLS-ACC,intermediate,DLS,100,0.035127
5,DLS-ACC,intermediate,DLS,101,0.546838
5,DLS-ACC,intermediate,DLS,102,0.03486
5,DLS-ACC,intermediate,DLS,103,0.594728
5,DLS-ACC,intermediate,DLS,104,0.077869
5,DLS-ACC,intermediate,DLS,105,0.048508
5,DLS-ACC,intermediate,DLS,106,0.046132
5,DLS-ACC,intermediate,DLS,107,0.008855
5,DLS-ACC,intermediate,DLS,108,0.077528
5,DLS-ACC,intermediate,DLS,109,0.034296
5,DLS-ACC,intermediate,DLS,110,0.032421
5,DLS-ACC,intermediate,DLS,111,0.0
5,DLS-ACC,intermediate,DLS,112,0.201082
5,DLS-ACC,intermediate,DLS,113,0.047278
5,DLS-ACC,intermediate,DLS,114,0.165206
5,DLS-ACC,intermediate,DLS,115,0.197366
5,DLS-ACC,intermediate,DLS,116,0.172474
5,DLS-ACC,intermediate,DLS,117,0.051314
5,DLS-ACC,intermediate,DLS,118,0.027638
5,DLS-ACC,intermediate,DLS,119,0.052033
5,DLS-ACC,intermediate,DLS,120,0.030581
5,DLS-ACC,intermediate,DLS,121,0.229172
5,DLS-ACC,intermediate,DLS,122,0.047004
5,DLS-ACC,intermediate,DLS,123,0.027874
5,DLS-ACC,intermediate,DLS,124,0.008075
5,DLS-ACC,intermediate,DLS,125,0.154705
5,DLS-ACC,intermediate,DLS,126,0.276981
5,DLS-ACC,intermediate,DLS,127,0.028927
5,DLS-ACC,intermediate,DLS,128,0.043913
5,DLS-ACC,intermediate,DLS,129,0.043433
5,DLS-ACC,intermediate,DLS,130,0.214624
5,DLS-ACC,intermediate,DLS,131,0.22212
5,DLS-ACC,intermediate,DLS,132,0.064044
5,DLS-ACC,intermediate,DLS,133,0.061189
5,DLS-ACC,intermediate,DLS,134,0.25169
5,DLS-ACC,intermediate,DLS,135,0.222914
5,DLS-ACC,intermediate,DLS,136,0.362644
5,DLS-ACC,intermediate,DLS,137,0.0
5,DLS-ACC,intermediate,DLS,138,0.084148
5,DLS-ACC,intermediate,DLS,139,0.086901
5,DLS-ACC,intermediate,DLS,140,0.0
5,DLS-ACC,intermediate,DLS,141,0.0
5,DLS-ACC,intermediate,DLS,142,0.0
5,DLS-ACC,intermediate,DLS,143,0.029437
5,DLS-ACC,intermediate,DLS,144,0.0
5,DLS-ACC,intermediate,DLS,145,0.14609
5,DLS-ACC,intermediate,DLS,146,0.026069
5,DLS-ACC,intermediate,DLS,147,0.03656
5,DLS-ACC,intermediate,DLS,148,0.02315
5,DLS-ACC,intermediate,DLS,149,0.155938
5,DLS-ACC,intermediate,DLS,150,0.073666
5,DLS-ACC,intermediate,DLS,151,0.046612
5,DLS-ACC,intermediate,DLS,152,0.05785
5,DLS-ACC,intermediate,DLS,153,0.08699
5,DLS-ACC,intermediate,DLS,154,0.071129
5,DLS-ACC,intermediate,DLS,155,0.078878
5,DLS-ACC,intermediate,DLS,156,0.111679
5,DLS-ACC,intermediate,DLS,157,0.017447
5,DLS-ACC,intermediate,DLS,158,0.063518
5,DLS-ACC,intermediate,DLS,159,0.038636
5,DLS-ACC,intermediate,DLS,160,0.0
5,DLS-ACC,intermediate,DLS,161,0.104302
5,DLS-ACC,intermediate,DLS,162,0.303253
5,DLS-ACC,intermediate,DLS,163,0.286248
5,DLS-ACC,intermediate,DLS,164,0.050305
5,DLS-ACC,intermediate,DLS,165,0.131516
5,DLS-ACC,intermediate,DLS,166,0.119897
5,DLS-ACC,intermediate,DLS,167,0.073411
5,DLS-ACC,intermediate,DLS,168,0.088841
5,DLS-ACC,intermediate,DLS,169,0.445728
5,DLS-ACC,intermediate,DLS,170,0.073221
5,DLS-ACC,intermediate,DLS,171,0.020401
5,DLS-ACC,intermediate,DLS,172,0.072323
5,DLS-ACC,intermediate,DLS,173,0.415627
5,DLS-ACC,intermediate,DLS,174,0.093788
5,DLS-ACC,intermediate,DLS,175,0.083412
5,DLS-ACC,intermediate,DLS,176,0.08128
5,DLS-ACC,intermediate,DLS,177,0.171823
5,DLS-ACC,intermediate,DLS,178,0.335101
5,DLS-ACC,intermediate,DLS,179,0.2178
5,DLS-ACC,intermediate,DLS,180,0.132296
5,DLS-ACC,intermediate,DLS,181,0.077272
5,DLS-ACC,intermediate,DLS,182,0.036679
5,DLS-ACC,intermediate,DLS,183,0.015556
5,DLS-ACC,intermediate,DLS,184,0.183305
5,DLS-ACC,intermediate,DLS,185,0.019512
5,DLS-ACC,intermediate,DLS,186,0.344139
5,DLS-ACC,intermediate,DLS,187,0.0
5,DLS-ACC,intermediate,DLS,188,0.262437
5,DLS-ACC,intermediate,DLS,189,0.119329
5,DLS-ACC,intermediate,DLS,190,0.0
5,DLS-ACC,intermediate,DLS,191,0.072471
5,DLS-ACC,intermediate,DLS,192,0.101648
5,DLS-ACC,intermediate,DLS,193,0.221867
5,DLS-ACC,intermediate,DLS,194,0.005357
5,DLS-ACC,intermediate,DLS,195,0.095274
5,DLS-ACC,intermediate,DLS,196,0.327288
5,DLS-ACC,intermediate,DLS,197,0.110811
5,DLS-ACC,intermediate,DLS,198,0.173464
5,DLS-ACC,intermediate,DLS,199,0.036631
5,DLS-ACC,intermediate,DLS,200,0.050169
5,DLS-ACC,intermediate,DLS,201,0.030118
5,DLS-ACC,intermediate,DLS,202,0.09666
5,DLS-ACC,intermediate,DLS,203,0.416262
5,DLS-ACC,intermediate,DLS,204,0.025239
5,DLS-ACC,intermediate,DLS,205,0.039584
5,DLS-ACC,intermediate,DLS,206,0.190977
5,DLS-ACC,intermediate,DLS,207,0.031328
5,DLS-ACC,intermediate,DLS,208,0.056391
5,DLS-ACC,intermediate,DLS,209,0.351173
5,DLS-ACC,intermediate,DLS,210,0.005772
5,DLS-ACC,intermediate,DLS,211,0.096484
5,DLS-ACC,intermediate,DLS,212,0.043647
5,DLS-ACC,intermediate,DLS,213,0.077416
5,DLS-ACC,intermediate,DLS,214,0.128921
5,DLS-ACC,intermediate,DLS,215,0.03605
5,DLS-ACC,intermediate,DLS,216,0.520627
5,DLS-ACC,intermediate,DLS,217,0.492352
5,DLS-ACC,intermediate,DLS,218,0.15049
5,DLS-ACC,intermediate,DLS,219,0.031518
5,DLS-ACC,intermediate,DLS,220,0.04373
5,DLS-ACC,intermediate,DLS,221,0.12248
5,DLS-ACC,intermediate,DLS,222,0.144407
5,DLS-ACC,intermediate,DLS,223,0.255523
5,DLS-ACC,intermediate,DLS,224,0.115252
5,DLS-ACC,intermediate,DLS,225,0.018717
5,DLS-ACC,intermediate,ACC,0,0.174624
5,DLS-ACC,intermediate,ACC,1,0.065234
5,DLS-ACC,intermediate,ACC,2,0.14841
5,DLS-ACC,intermediate,ACC,3,0.089321
5,DLS-ACC,intermediate,ACC,4,0.514725
5,DLS-ACC,intermediate,ACC,5,0.087542
5,DLS-ACC,intermediate,ACC,6,0.070074
5,DLS-ACC,intermediate,ACC,7,0.103263
5,DLS-ACC,intermediate,ACC,8,0.100518
5,DLS-ACC,intermediate,ACC,9,0.181911
5,DLS-ACC,intermediate,ACC,10,0.663831
5,DLS-ACC,intermediate,ACC,11,0.118129
5,DLS-ACC,intermediate,ACC,12,0.100971
5,DLS-ACC,intermediate,ACC,13,0.065334
5,DLS-ACC,intermediate,ACC,14,0.062285
5,DLS-ACC,intermediate,ACC,15,0.620445
5,DLS-ACC,intermediate,ACC,16,0.178613
5,DLS-ACC,intermediate,ACC,17,0.190352
5,DLS-ACC,intermediate,ACC,18,0.065511
5,DLS-ACC,intermediate,ACC,19,0.0
5,DLS-ACC,intermediate,ACC,20,0.04381
5,DLS-ACC,intermediate,ACC,21,0.078604
5,DLS-ACC,intermediate,ACC,22,0.535075
5,DLS-ACC,intermediate,ACC,23,0.113284
5,DLS-ACC,intermediate,ACC,24,0.15773
5,DLS-ACC,intermediate,ACC,25,0.158112
5,DLS-ACC,intermediate,ACC,26,0.160924
5,DLS-ACC,intermediate,ACC,27,0.211591
5,DLS-ACC,intermediate,ACC,28,0.02709
5,DLS-ACC,intermediate,ACC,29,0.16597
5,DLS-ACC,intermediate,ACC,30,0.027541
5,DLS-ACC,intermediate,ACC,31,0.044228
5,DLS-ACC,intermediate,ACC,32,0.243988
5,DLS-ACC,intermediate,ACC,33,0.679345
5,DLS-ACC,intermediate,ACC,34,0.095234
5,DLS-ACC,intermediate,ACC,35,0.672534
5,DLS-ACC,intermediate,ACC,36,0.625981
5,DLS-ACC,intermediate,ACC,37,0.047994
5,DLS-ACC,intermediate,ACC,38,0.062811
5,DLS-ACC,intermediate,ACC,39,0.087164
5,DLS-ACC,intermediate,ACC,40,0.178139
5,DLS-ACC,intermediate,ACC,41,0.187273
5,DLS-ACC,intermediate,ACC,42,0.031051
5,DLS-ACC,intermediate,ACC,43,0.172047
5,DLS-ACC,intermediate,ACC,44,0.08747
5,DLS-ACC,intermediate,ACC,45,0.152696
5,DLS-ACC,intermediate,ACC,46,0.115232
5,DLS-ACC,intermediate,ACC,47,0.130604
5,DLS-ACC,intermediate,ACC,48,0.110418
5,DLS-ACC,intermediate,ACC,49,0.266706
5,DLS-ACC,intermediate,ACC,50,0.051035
5,DLS-ACC,intermediate,ACC,51,0.254214
5,DLS-ACC,intermediate,ACC,52,0.230964
5,DLS-ACC,intermediate,ACC,53,0.337438
5,DLS-ACC,intermediate,ACC,54,0.396517
5,DLS-ACC,intermediate,ACC,55,0.129723
5,DLS-ACC,intermediate,ACC,56,0.201334
5,DLS-ACC,intermediate,ACC,57,0.028064
5,DLS-ACC,intermediate,ACC,58,0.698271
5,DLS-ACC,intermediate,ACC,59,0.058781
5,DLS-ACC,intermediate,ACC,60,0.109615
5,DLS-ACC,intermediate,ACC,61,0.425175
5,DLS-ACC,intermediate,ACC,62,0.39238
5,DLS-ACC,intermediate,ACC,63,0.115088
5,DLS-ACC,intermediate,ACC,64,0.09982
5,DLS-ACC,intermediate,ACC,65,0.104628
5,DLS-ACC,intermediate,ACC,66,0.279356
5,DLS-ACC,intermediate,ACC,67,0.231496
5,DLS-ACC,intermediate,ACC,68,0.3339
5,DLS-ACC,intermediate,ACC,69,0.130872
5,DLS-ACC,intermediate,ACC,70,0.116248
5,DLS-ACC,intermediate,ACC,71,0.070727
5,DLS-ACC,intermediate,ACC,72,0.062323
5,DLS-ACC,intermediate,ACC,73,0.119536
5,DLS-ACC,intermediate,ACC,74,0.116507
5,DLS-ACC,intermediate,ACC,75,0.126322
5,DLS-ACC,intermediate,ACC,76,0.025733
5,DLS-ACC,intermediate,ACC,77,0.031911
5,DLS-ACC,intermediate,ACC,78,0.105762
5,DLS-ACC,intermediate,ACC,79,0.056964
5,DLS-ACC,intermediate,ACC,80,0.029999
5,DLS-ACC,intermediate,ACC,81,0.111328
5,DLS-ACC,intermediate,ACC,82,0.017136
5,DLS-ACC,intermediate,ACC,83,0.0
5,DLS-ACC,intermediate,ACC,84,0.087045
5,DLS-ACC,intermediate,ACC,85,0.501183
5,DLS-ACC,intermediate,ACC,86,0.38547
5,DLS-ACC,intermediate,ACC,87,0.008686
5,DLS-ACC,intermediate,ACC,88,0.038967
5,DLS-ACC,intermediate,ACC,89,0.093968
5,DLS-ACC,intermediate,ACC,90,0.632006
5,DLS-ACC,intermediate,ACC,91,0.670184
5,DLS-ACC,intermediate,ACC,92,0.137576
5,DLS-ACC,intermediate,ACC,93,0.019265
5,DLS-ACC,intermediate,ACC,94,0.028022
5,DLS-ACC,intermediate,ACC,95,0.020846
5,DLS-ACC,intermediate,ACC,96,0.04401
5,DLS-ACC,intermediate,ACC,97,0.030127
5,DLS-ACC,intermediate,ACC,98,0.0
5,DLS-ACC,intermediate,ACC,99,0.015153
5,DLS-ACC,intermediate,ACC,100,0.058238
5,DLS-ACC,intermediate,ACC,101,0.272982
5,DLS-ACC,intermediate,ACC,102,0.120246
5,DLS-ACC,intermediate,ACC,103,0.015709
5,DLS-ACC,intermediate,ACC,104,0.571584
5,DLS-ACC,intermediate,ACC,105,0.049076
5,DLS-ACC,intermediate,ACC,106,0.105814
5,DLS-ACC,intermediate,ACC,107,0.520159
5,DLS-ACC,intermediate,ACC,108,0.187932
5,DLS-ACC,intermediate,ACC,109,0.096583
5,DLS-ACC,intermediate,ACC,110,0.033836
5,DLS-ACC,intermediate,ACC,111,0.08261
5,DLS-ACC,intermediate,ACC,112,0.572168
5,DLS-ACC,intermediate,ACC,113,0.56163
5,DLS-ACC,intermediate,ACC,114,0.090028
5,DLS-ACC,intermediate,ACC,115,0.108022
5,DLS-ACC,intermediate,ACC,116,0.0
5,DLS-ACC,intermediate,ACC,117,0.007586
5,DLS-ACC,intermediate,ACC,118,0.5948
5,DLS-ACC,intermediate,ACC,119,0.114958
5,DLS-ACC,intermediate,ACC,120,0.140241
5,DLS-ACC,intermediate,ACC,121,0.051479
5,DLS-ACC,intermediate,ACC,122,0.093981
5,DLS-ACC,intermediate,ACC,123,0.176821
5,DLS-ACC,intermediate,ACC,124,0.123425
5,DLS-ACC,intermediate,ACC,125,0.121324
5,DLS-ACC,intermediate,ACC,126,0.068588
5,DLS-ACC,intermediate,ACC,127,0.084604
5,DLS-ACC,intermediate,ACC,128,0.0519
5,DLS-ACC,intermediate,ACC,129,0.048956
5,DLS-ACC,intermediate,ACC,130,0.083872
5,DLS-ACC,intermediate,ACC,131,0.01366
5,DLS-ACC,intermediate,ACC,132,0.08819
5,DLS-ACC,intermediate,ACC,133,0.356901
5,DLS-ACC,intermediate,ACC,134,0.0
5,DLS-ACC,intermediate,ACC,135,0.0
5,DLS-ACC,intermediate,ACC,136,0.667227
5,DLS-ACC,intermediate,ACC,137,0.195543
5,DLS-ACC,intermediate,ACC,138,0.050241
5,DLS-ACC,intermediate,ACC,139,0.123813
5,DLS-ACC,intermediate,ACC,140,0.040066
5,DLS-ACC,intermediate,ACC,141,0.053122
5,DLS-ACC,intermediate,ACC,142,0.190168
5,DLS-ACC,intermediate,ACC,143,0.226357
5,DLS-ACC,intermediate,ACC,144,0.36399
5,DLS-ACC,intermediate,ACC,145,0.052524
5,DLS-ACC,intermediate,ACC,146,0.013555
5,DLS-ACC,intermediate,ACC,147,0.600007
5,DLS-ACC,intermediate,ACC,148,0.060776
5,DLS-ACC,intermediate,ACC,149,0.195904
5,DLS-ACC,intermediate,ACC,150,0.356351
5,DLS-ACC,intermediate,ACC,151,0.18416
5,DLS-ACC,intermediate,ACC,152,0.173532
5,DLS-ACC,intermediate,ACC,153,0.048903
5,DLS-ACC,intermediate,ACC,154,0.035195
5,DLS-ACC,intermediate,ACC,155,0.021353
5,DLS-ACC,intermediate,ACC,156,0.566337
5,DLS-ACC,intermediate,ACC,157,0.209789
5,DLS-ACC,expert,DLS,0,0.073632
5,DLS-ACC,expert,DLS,1,0.08618
5,DLS-ACC,expert,DLS,2,0.07744
5,DLS-ACC,expert,DLS,3,0.138503
5,DLS-ACC,expert,DLS,4,0.129165
5,DLS-ACC,expert,DLS,5,0.025516
5,DLS-ACC,expert,DLS,6,0.127819
5,DLS-ACC,expert,DLS,7,0.100761
5,DLS-ACC,expert,DLS,8,0.105043
5,DLS-ACC,expert,DLS,9,0.008655
5,DLS-ACC,expert,DLS,10,0.116263
5,DLS-ACC,expert,DLS,11,0.12003
5,DLS-ACC,expert,DLS,12,0.222824
5,DLS-ACC,expert,DLS,13,0.162772
5,DLS-ACC,expert,DLS,14,0.0
5,DLS-ACC,expert,DLS,15,0.18823
5,DLS-ACC,expert,DLS,16,0.05016
5,DLS-ACC,expert,DLS,17,0.157785
5,DLS-ACC,expert,DLS,18,0.080213
5,DLS-ACC,expert,DLS,19,0.097945
5,DLS-ACC,expert,DLS,20,0.038809
5,DLS-ACC,expert,DLS,21,0.185756
5,DLS-ACC,expert,DLS,22,0.190797
5,DLS-ACC,expert,DLS,23,0.031335
5,DLS-ACC,expert,DLS,24,0.0
5,DLS-ACC,expert,DLS,25,0.226922
5,DLS-ACC,expert,DLS,26,0.025779
5,DLS-ACC,expert,DLS,27,0.082494
5,DLS-ACC,expert,DLS,28,0.228243
5,DLS-ACC,expert,DLS,29,0.356047
5,DLS-ACC,expert,DLS,30,0.156203
5,DLS-ACC,expert,DLS,31,0.033075
5,DLS-ACC,expert,DLS,32,0.1028
5,DLS-ACC,expert,DLS,33,0.16229
5,DLS-ACC,expert,DLS,34,0.05534
5,DLS-ACC,expert,DLS,35,0.150406
5,DLS-ACC,expert,DLS,36,0.304268
5,DLS-ACC,expert,DLS,37,0.285584
5,DLS-ACC,expert,DLS,38,0.050515
5,DLS-ACC,expert,DLS,39,0.01309
5,DLS-ACC,expert,DLS,40,0.128862
5,DLS-ACC,expert,DLS,41,0.142486
5,DLS-ACC,expert,DLS,42,0.080269
5,DLS-ACC,expert,DLS,43,0.075043
5,DLS-ACC,expert,DLS,44,0.553735
5,DLS-ACC,expert,DLS,45,0.058985
5,DLS-ACC,expert,DLS,46,0.127288
5,DLS-ACC,expert,DLS,47,0.154416
5,DLS-ACC,expert,DLS,48,0.08414
5,DLS-ACC,expert,DLS,49,0.101885
5,DLS-ACC,expert,DLS,50,0.134959
5,DLS-ACC,expert,DLS,51,0.137737
5,DLS-ACC,expert,DLS,52,0.189403
5,DLS-ACC,expert,DLS,53,0.073748
5,DLS-ACC,expert,DLS,54,0.125824
5,DLS-ACC,expert,DLS,55,0.16389
5,DLS-ACC,expert,DLS,56,0.083767
5,DLS-ACC,expert,DLS,57,0.138525
5,DLS-ACC,expert,DLS,58,0.180014
5,DLS-ACC,expert,DLS,59,0.163108
5,DLS-ACC,expert,DLS,60,0.091887
5,DLS-ACC,expert,DLS,61,0.095648
5,DLS-ACC,expert,DLS,62,0.041039
5,DLS-ACC,expert,DLS,63,0.076944
5,DLS-ACC,expert,DLS,64,0.017173
5,DLS-ACC,expert,DLS,65,0.154412
5,DLS-ACC,expert,DLS,66,0.188478
5,DLS-ACC,expert,DLS,67,0.149427
5,DLS-ACC,expert,DLS,68,0.145421
5,DLS-ACC,expert,DLS,69,0.022326
5,DLS-ACC,expert,DLS,70,0.06912
5,DLS-ACC,expert,DLS,71,0.028215
5,DLS-ACC,expert,DLS,72,0.060574
5,DLS-ACC,expert,DLS,73,0.139492
5,DLS-ACC,expert,DLS,74,0.128871
5,DLS-ACC,expert,DLS,75,0.061732
5,DLS-ACC,expert,DLS,76,0.019766
5,DLS-ACC,expert,DLS,77,0.613401
5,DLS-ACC,expert,DLS,78,0.013086
5,DLS-ACC,expert,DLS,79,0.133863
5,DLS-ACC,expert,DLS,80,0.055925
5,DLS-ACC,expert,DLS,81,0.133477
5,DLS-ACC,expert,DLS,82,0.042413
5,DLS-ACC,expert,DLS,83,0.093486
5,DLS-ACC,expert,DLS,84,0.023945
5,DLS-ACC,expert,DLS,85,0.086247
5,DLS-ACC,expert,DLS,86,0.080022
5,DLS-ACC,expert,DLS,87,0.393613
5,DLS-ACC,expert,DLS,88,0.134641
5,DLS-ACC,expert,DLS,89,0.02827
5,DLS-ACC,expert,DLS,90,0.379854
5,DLS-ACC,expert,DLS,91,0.38012
5,DLS-ACC,expert,DLS,92,0.126149
5,DLS-ACC,expert,DLS,93,0.125659
5,DLS-ACC,expert,DLS,94,0.098616
5,DLS-ACC,expert,DLS,95,0.13663
5,DLS-ACC,expert,DLS,96,0.553337
5,DLS-ACC,expert,DLS,97,0.057071
5,DLS-ACC,expert,DLS,98,0.216497
5,DLS-ACC,expert,DLS,99,0.089939
5,DLS-ACC,expert,DLS,100,0.152248
5,DLS-ACC,expert,DLS,101,0.189254
5,DLS-ACC,expert,DLS,102,0.409772
5,DLS-ACC,expert,DLS,103,0.259677
5,DLS-ACC,expert,DLS,104,0.086264
5,DLS-ACC,expert,DLS,105,0.209048
5,DLS-ACC,expert,DLS,106,0.049701
5,DLS-ACC,expert,DLS,107,0.054401
5,DLS-ACC,expert,DLS,108,0.045988
5,DLS-ACC,expert,DLS,109,0.013911
5,DLS-ACC,expert,DLS,110,0.519793
5,DLS-ACC,expert,DLS,111,0.0
5,DLS-ACC,expert,DLS,112,0.137071
5,DLS-ACC,expert,DLS,113,0.125438
5,DLS-ACC,expert,DLS,114,0.135086
5,DLS-ACC,expert,DLS,115,0.165138
5,DLS-ACC,expert,DLS,116,0.037277
5,DLS-ACC,expert,DLS,117,0.134412
5,DLS-ACC,expert,DLS,118,0.028962
5,DLS-ACC,expert,DLS,119,0.060156
5,DLS-ACC,expert,DLS,120,0.0
5,DLS-ACC,expert,DLS,121,0.196288
5,DLS-ACC,expert,DLS,122,0.007316
5,DLS-ACC,expert,DLS,123,0.025775
5,DLS-ACC,expert,DLS,124,0.015803
5,DLS-ACC,expert,DLS,125,0.002375
5,DLS-ACC,expert,DLS,126,0.000218
5,DLS-ACC,expert,DLS,127,0.278398
5,DLS-ACC,expert,DLS,128,0.095785
5,DLS-ACC,expert,DLS,129,0.466048
5,DLS-ACC,expert,DLS,130,0.324155
5,DLS-ACC,expert,DLS,131,0.012414
5,DLS-ACC,expert,DLS,132,0.038908
5,DLS-ACC,expert,DLS,133,0.112686
5,DLS-ACC,expert,DLS,134,0.22415
5,DLS-ACC,expert,DLS,135,0.212744
5,DLS-ACC,expert,DLS,136,0.018201
5,DLS-ACC,expert,DLS,137,0.0
5,DLS-ACC,expert,DLS,138,0.262433
5,DLS-ACC,expert,DLS,139,0.591135
5,DLS-ACC,expert,DLS,140,0.0
5,DLS-ACC,expert,DLS,141,0.0
5,DLS-ACC,expert,DLS,142,0.0
5,DLS-ACC,expert,DLS,143,0.027935
5,DLS-ACC,expert,DLS,144,0.030036
5,DLS-ACC,expert,DLS,145,0.103454
5,DLS-ACC,expert,DLS,146,0.024482
5,DLS-ACC,expert,DLS,147,0.085894
5,DLS-ACC,expert,DLS,148,0.043087
5,DLS-ACC,expert,DLS,149,0.089862
5,DLS-ACC,expert,DLS,150,0.017731
5,DLS-ACC,expert,DLS,151,0.589186
5,DLS-ACC,expert,DLS,152,0.061056
5,DLS-ACC,expert,DLS,153,0.021851
5,DLS-ACC,expert,DLS,154,0.107384
5,DLS-ACC,expert,DLS,155,0.395637
5,DLS-ACC,expert,DLS,156,0.069294
5,DLS-ACC,expert,DLS,157,0.078308
5,DLS-ACC,expert,DLS,158,0.112452
5,DLS-ACC,expert,DLS,159,0.093954
5,DLS-ACC,expert,DLS,160,0.040491
5,DLS-ACC,expert,DLS,161,0.094513
5,DLS-ACC,expert,DLS,162,0.0
5,DLS-ACC,expert,DLS,163,0.0
5,DLS-ACC,expert,DLS,164,0.049608
5,DLS-ACC,expert,DLS,165,0.0
5,DLS-ACC,expert,DLS,166,0.0
5,DLS-ACC,expert,DLS,167,0.089693
5,DLS-ACC,expert,DLS,168,0.035194
5,DLS-ACC,expert,DLS,169,0.067361
5,DLS-ACC,expert,DLS,170,0.148206
5,DLS-ACC,expert,DLS,171,0.018064
5,DLS-ACC,expert,DLS,172,0.097081
5,DLS-ACC,expert,DLS,173,0.627404
5,DLS-ACC,expert,DLS,174,0.071012
5,DLS-ACC,expert,DLS,175,0.012021
5,DLS-ACC,expert,DLS,176,0.0
5,DLS-ACC,expert,DLS,177,0.217625
5,DLS-ACC,expert,DLS,178,0.114615
5,DLS-ACC,expert,DLS,179,0.198518
5,DLS-ACC,expert,DLS,180,0.62031
5,DLS-ACC,expert,DLS,181,0.077402
5,DLS-ACC,expert,DLS,182,0.027729
5,DLS-ACC,expert,DLS,183,0.055784
5,DLS-ACC,expert,DLS,184,0.087497
5,DLS-ACC,expert,DLS,185,0.024058
5,DLS-ACC,expert,DLS,186,0.0
5,DLS-ACC,expert,DLS,187,0.174245
5,DLS-ACC,expert,DLS,188,0.0
5,DLS-ACC,expert,DLS,189,0.0
5,DLS-ACC,expert,DLS,190,0.0
5,DLS-ACC,expert,DLS,191,0.527022
5,DLS-ACC,expert,DLS,192,0.033177
5,DLS-ACC,expert,DLS,193,0.020654
5,DLS-ACC,expert,DLS,194,0.036113
5,DLS-ACC,expert,DLS,195,0.098524
5,DLS-ACC,expert,DLS,196,0.091368
5,DLS-ACC,expert,DLS,197,0.134415
5,DLS-ACC,expert,DLS,198,0.09455
5,DLS-ACC,expert,DLS,199,0.103486
5,DLS-ACC,expert,DLS,200,0.046257
5,DLS-ACC,expert,DLS,201,0.5481
5,DLS-ACC,expert,DLS,202,0.106497
5,DLS-ACC,expert,DLS,203,0.223961
5,DLS-ACC,expert,DLS,204,0.18883
5,DLS-ACC,expert,DLS,205,0.028056
5,DLS-ACC,expert,DLS,206,0.16052
5,DLS-ACC,expert,DLS,207,0.031478
5,DLS-ACC,expert,DLS,208,0.071911
5,DLS-ACC,expert,DLS,209,0.238478
5,DLS-ACC,expert,DLS,210,0.083806
5,DLS-ACC,expert,DLS,211,0.087023
5,DLS-ACC,expert,DLS,212,0.086059
5,DLS-ACC,expert,DLS,213,0.058693
5,DLS-ACC,expert,DLS,214,0.17399
5,DLS-ACC,expert,DLS,215,0.011309
5,DLS-ACC,expert,DLS,216,0.130116
5,DLS-ACC,expert,DLS,217,0.476514
5,DLS-ACC,expert,DLS,218,0.194992
5,DLS-ACC,expert,DLS,219,0.129731
5,DLS-ACC,expert,DLS,220,0.632851
5,DLS-ACC,expert,DLS,221,0.140526
5,DLS-ACC,expert,DLS,222,0.028179
5,DLS-ACC,expert,DLS,223,0.158191
5,DLS-ACC,expert,DLS,224,0.078947
5,DLS-ACC,expert,DLS,225,0.160073
5,DLS-ACC,expert,ACC,0,0.085259
5,DLS-ACC,expert,ACC,1,0.091624
5,DLS-ACC,expert,ACC,2,0.117676
5,DLS-ACC,expert,ACC,3,0.153466
5,DLS-ACC,expert,ACC,4,0.133826
5,DLS-ACC,expert,ACC,5,0.082337
5,DLS-ACC,expert,ACC,6,0.073766
5,DLS-ACC,expert,ACC,7,0.075369
5,DLS-ACC,expert,ACC,8,0.131597
5,DLS-ACC,expert,ACC,9,0.065508
5,DLS-ACC,expert,ACC,10,0.211265
5,DLS-ACC,expert,ACC,11,0.095289
5,DLS-ACC,expert,ACC,12,0.074613
5,DLS-ACC,expert,ACC,13,0.102355
5,DLS-ACC,expert,ACC,14,0.053481
5,DLS-ACC,expert,ACC,15,0.064746
5,DLS-ACC,expert,ACC,16,0.089973
5,DLS-ACC,expert,ACC,17,0.123719
5,DLS-ACC,expert,ACC,18,0.076344
5,DLS-ACC,expert,ACC,19,0.008265
5,DLS-ACC,expert,ACC,20,0.095671
5,DLS-ACC,expert,ACC,21,0.080266
5,DLS-ACC,expert,ACC,22,0.077272
5,DLS-ACC,expert,ACC,23,0.110687
5,DLS-ACC,expert,ACC,24,0.045018
5,DLS-ACC,expert,ACC,25,0.109326
5,DLS-ACC,expert,ACC,26,0.134952
5,DLS-ACC,expert,ACC,27,0.24837
5,DLS-ACC,expert,ACC,28,0.023046
5,DLS-ACC,expert,ACC,29,0.121321
5,DLS-ACC,expert,ACC,30,0.060682
5,DLS-ACC,expert,ACC,31,0.583226
5,DLS-ACC,expert,ACC,32,0.182114
5,DLS-ACC,expert,ACC,33,0.036727
5,DLS-ACC,expert,ACC,34,0.092014
5,DLS-ACC,expert,ACC,35,0.121947
5,DLS-ACC,expert,ACC,36,0.095606
5,DLS-ACC,expert,ACC,37,0.116629
5,DLS-ACC,expert,ACC,38,0.161931
5,DLS-ACC,expert,ACC,39,0.077567
5,DLS-ACC,expert,ACC,40,0.114655
5,DLS-ACC,expert,ACC,41,0.060028
5,DLS-ACC,expert,ACC,42,0.306882
5,DLS-ACC,expert,ACC,43,0.162792
5,DLS-ACC,expert,ACC,44,0.08729
5,DLS-ACC,expert,ACC,45,0.168896
5,DLS-ACC,expert,ACC,46,0.077398
5,DLS-ACC,expert,ACC,47,0.107662
5,DLS-ACC,expert,ACC,48,0.083568
5,DLS-ACC,expert,ACC,49,0.531539
5,DLS-ACC,expert,ACC,50,0.111843
5,DLS-ACC,expert,ACC,51,0.118222
5,DLS-ACC,expert,ACC,52,0.167823
5,DLS-ACC,expert,ACC,53,0.134957
5,DLS-ACC,expert,ACC,54,0.196659
5,DLS-ACC,expert,ACC,55,0.104211
5,DLS-ACC,expert,ACC,56,0.11029
5,DLS-ACC,expert,ACC,57,0.035798
5,DLS-ACC,expert,ACC,58,0.13588
5,DLS-ACC,expert,ACC,59,0.081941
5,DLS-ACC,expert,ACC,60,0.354061
5,DLS-ACC,expert,ACC,61,0.396808
5,DLS-ACC,expert,ACC,62,0.268165
5,DLS-ACC,expert,ACC,63,0.070689
5,DLS-ACC,expert,ACC,64,0.086778
5,DLS-ACC,expert,ACC,65,0.365406
5,DLS-ACC,expert,ACC,66,0.124325
5,DLS-ACC,expert,ACC,67,0.263477
5,DLS-ACC,expert,ACC,68,0.100201
5,DLS-ACC,expert,ACC,69,0.102689
5,DLS-ACC,expert,ACC,70,0.093179
5,DLS-ACC,expert,ACC,71,0.057555
5,DLS-ACC,expert,ACC,72,0.551704
5,DLS-ACC,expert,ACC,73,0.418658
5,DLS-ACC,expert,ACC,74,0.09617
5,DLS-ACC,expert,ACC,75,0.463777
5,DLS-ACC,expert,ACC,76,0.161593
5,DLS-ACC,expert,ACC,77,0.511609
5,DLS-ACC,expert,ACC,78,0.518738
5,DLS-ACC,expert,ACC,79,0.02784
5,DLS-ACC,expert,ACC,80,0.155677
5,DLS-ACC,expert,ACC,81,0.195829
5,DLS-ACC,expert,ACC,82,0.061189
5,DLS-ACC,expert,ACC,83,0.060887
5,DLS-ACC,expert,ACC,84,0.415466
5,DLS-ACC,expert,ACC,85,0.0
5,DLS-ACC,expert,ACC,86,0.119099
5,DLS-ACC,expert,ACC,87,0.329689
5,DLS-ACC,expert,ACC,88,0.557134
5,DLS-ACC,expert,ACC,89,0.037929
5,DLS-ACC,expert,ACC,90,0.270031
5,DLS-ACC,expert,ACC,91,0.087203
5,DLS-ACC,expert,ACC,92,0.054022
5,DLS-ACC,expert,ACC,93,0.030068
5,DLS-ACC,expert,ACC,94,0.062916
5,DLS-ACC,expert,ACC,95,0.042012
5,DLS-ACC,expert,ACC,96,0.088668
5,DLS-ACC,expert,ACC,97,0.037478
5,DLS-ACC,expert,ACC,98,0.0
5,DLS-ACC,expert,ACC,99,0.023758
5,DLS-ACC,expert,ACC,100,0.0
5,DLS-ACC,expert,ACC,101,0.368306
5,DLS-ACC,expert,ACC,102,0.05213
5,DLS-ACC,expert,ACC,103,0.009828
5,DLS-ACC,expert,ACC,104,0.09914
5,DLS-ACC,expert,ACC,105,0.03624
5,DLS-ACC,expert,ACC,106,0.067929
5,DLS-ACC,expert,ACC,107,0.554539
5,DLS-ACC,expert,ACC,108,0.143097
5,DLS-ACC,expert,ACC,109,0.588435
5,DLS-ACC,expert,ACC,110,0.603173
5,DLS-ACC,expert,ACC,111,0.649255
5,DLS-ACC,expert,ACC,112,0.055397
5,DLS-ACC,expert,ACC,113,0.053631
5,DLS-ACC,expert,ACC,114,0.134274
5,DLS-ACC,expert,ACC,115,0.217767
5,DLS-ACC,expert,ACC,116,0.0
5,DLS-ACC,expert,ACC,117,0.013065
5,DLS-ACC,expert,ACC,118,0.158539
5,DLS-ACC,expert,ACC,119,0.0644
5,DLS-ACC,expert,ACC,120,0.087477
5,DLS-ACC,expert,ACC,121,0.049935
5,DLS-ACC,expert,ACC,122,0.069719
5,DLS-ACC,expert,ACC,123,0.304863
5,DLS-ACC,expert,ACC,124,0.144814
5,DLS-ACC,expert,ACC,125,0.15179
5,DLS-ACC,expert,ACC,126,0.566548
5,DLS-ACC,expert,ACC,127,0.104312
5,DLS-ACC,expert,ACC,128,0.193434
5,DLS-ACC,expert,ACC,129,0.252705
5,DLS-ACC,expert,ACC,130,0.142817
5,DLS-ACC,expert,ACC,131,0.007435
5,DLS-ACC,expert,ACC,132,0.569672
5,DLS-ACC,expert,ACC,133,0.120426
5,DLS-ACC,expert,ACC,134,0.029105
5,DLS-ACC,expert,ACC,135,0.122917
5,DLS-ACC,expert,ACC,136,0.025803
5,DLS-ACC,expert,ACC,137,0.030845
5,DLS-ACC,expert,ACC,138,0.08308
5,DLS-ACC,expert,ACC,139,0.030089
5,DLS-ACC,expert,ACC,140,0.039061
5,DLS-ACC,expert,ACC,141,0.075507
5,DLS-ACC,expert,ACC,142,0.521132
5,DLS-ACC,expert,ACC,143,0.126239
5,DLS-ACC,expert,ACC,144,0.159492
5,DLS-ACC,expert,ACC,145,0.061189
5,DLS-ACC,expert,ACC,146,0.176487
5,DLS-ACC,expert,ACC,147,0.07116
5,DLS-ACC,expert,ACC,148,0.015906
5,DLS-ACC,expert,ACC,149,0.560761
5,DLS-ACC,expert,ACC,150,0.625001
5,DLS-ACC,expert,ACC,151,0.124112
5,DLS-ACC,expert,ACC,152,0.021385
5,DLS-ACC,expert,ACC,153,0.051673
5,DLS-ACC,expert,ACC,154,0.099939
5,DLS-ACC,expert,ACC,155,0.046954
5,DLS-ACC,expert,ACC,156,0.574435
5,DLS-ACC,expert,ACC,157,0.083282
7,DMS-ACC,naive,DMS,0,1.166261
7,DMS-ACC,naive,DMS,1,0.863355
7,DMS-ACC,naive,DMS,2,0.655209
7,DMS-ACC,naive,DMS,3,0.787915
7,DMS-ACC,naive,DMS,4,0.822775
7,DMS-ACC,naive,DMS,5,1.095303
7,DMS-ACC,naive,DMS,6,1.304667
7,DMS-ACC,naive,DMS,7,1.638889
7,DMS-ACC,naive,DMS,8,8.132881
7,DMS-ACC,naive,DMS,9,2.053425
7,DMS-ACC,naive,DMS,10,1.358554
7,DMS-ACC,naive,DMS,11,0.794209
7,DMS-ACC,naive,DMS,12,1.079279
7,DMS-ACC,naive,ACC,0,0.467489
7,DMS-ACC,naive,ACC,1,0.535672
7,DMS-ACC,naive,ACC,2,0.007542
7,DMS-ACC,naive,ACC,3,0.593545
7,DMS-ACC,naive,ACC,4,0.076239
7,DMS-ACC,naive,ACC,5,0.387648
7,DMS-ACC,naive,ACC,6,0.360649
7,DMS-ACC,naive,ACC,7,0.627695
7,DMS-ACC,naive,ACC,8,0.48018
7,DMS-ACC,naive,ACC,9,0.574631
7,DMS-ACC,naive,ACC,10,0.107663
7,DMS-ACC,naive,ACC,11,0.038554
7,DMS-ACC,naive,ACC,12,0.194538
7,DMS-ACC,naive,ACC,13,0.557108
7,DMS-ACC,naive,ACC,14,0.243466
7,DMS-ACC,naive,ACC,15,0.123231
7,DMS-ACC,naive,ACC,16,0.047369
7,DMS-ACC,naive,ACC,17,0.428763
7,DMS-ACC,naive,ACC,18,0.535746
7,DMS-ACC,naive,ACC,19,0.247005
7,DMS-ACC,naive,ACC,20,0.494225
7,DMS-ACC,naive,ACC,21,0.134773
7,DMS-ACC,naive,ACC,22,0.022536
7,DMS-ACC,naive,ACC,23,0.176534
7,DMS-ACC,naive,ACC,24,0.120646
7,DMS-ACC,naive,ACC,25,0.579915
7,DMS-ACC,naive,ACC,26,0.004619
7,DMS-ACC,naive,ACC,27,0.076975
7,DMS-ACC,naive,ACC,28,0.005667
7,DMS-ACC,naive,ACC,29,0.126122
7,DMS-ACC,naive,ACC,30,0.016936
7,DMS-ACC,naive,ACC,31,0.619145
7,DMS-ACC,naive,ACC,32,0.102708
7,DMS-ACC,naive,ACC,33,0.018019
7,DMS-ACC,naive,ACC,34,0.08262
7,DMS-ACC,naive,ACC,35,0.123819
7,DMS-ACC,naive,ACC,36,0.51819
7,DMS-ACC,naive,ACC,37,0.045001
7,DMS-ACC,naive,ACC,38,0.072956
7,DMS-ACC,naive,ACC,39,0.003676
7,DMS-ACC,naive,ACC,40,0.011487
7,DMS-ACC,naive,ACC,41,0.648529
7,DMS-ACC,naive,ACC,42,0.006261
7,DMS-ACC,naive,ACC,43,0.072589
7,DMS-ACC,naive,ACC,44,0.71284
7,DMS-ACC,naive,ACC,45,0.031523
7,DMS-ACC,naive,ACC,46,0.005197
7,DMS-ACC,naive,ACC,47,0.637442
7,DMS-ACC,naive,ACC,48,0.632773
7,DMS-ACC,naive,ACC,49,0.212627
7,DMS-ACC,naive,ACC,50,0.661858
7,DMS-ACC,naive,ACC,51,0.664973
7,DMS-ACC,naive,ACC,52,0.603577
7,DMS-ACC,naive,ACC,53,0.006974
7,DMS-ACC,naive,ACC,54,0.578461
7,DMS-ACC,naive,ACC,55,0.017106
7,DMS-ACC,intermediate,DMS,0,1.350728
7,DMS-ACC,intermediate,DMS,1,0.909575
7,DMS-ACC,intermediate,DMS,2,0.833064
7,DMS-ACC,intermediate,DMS,3,0.987016
7,DMS-ACC,intermediate,DMS,4,1.358319
7,DMS-ACC,intermediate,DMS,5,1.235893
7,DMS-ACC,intermediate,DMS,6,1.326732
7,DMS-ACC,intermediate,DMS,7,1.911243
7,DMS-ACC,intermediate,DMS,8,1.527194
7,DMS-ACC,intermediate,DMS,9,1.556308
7,DMS-ACC,intermediate,DMS,10,1.829047
7,DMS-ACC,intermediate,DMS,11,0.884901
7,DMS-ACC,intermediate,DMS,12,1.025947
7,DMS-ACC,intermediate,ACC,0,0.344588
7,DMS-ACC,intermediate,ACC,1,0.289914
7,DMS-ACC,intermediate,ACC,2,0.034051
7,DMS-ACC,intermediate,ACC,3,0.588126
7,DMS-ACC,intermediate,ACC,4,0.254968
7,DMS-ACC,intermediate,ACC,5,0.152048
7,DMS-ACC,intermediate,ACC,6,0.564377
7,DMS-ACC,intermediate,ACC,7,0.159414
7,DMS-ACC,intermediate,ACC,8,0.535168
7,DMS-ACC,intermediate,ACC,9,0.284913
7,DMS-ACC,intermediate,ACC,10,0.446846
7,DMS-ACC,intermediate,ACC,11,0.229092
7,DMS-ACC,intermediate,ACC,12,0.444213
7,DMS-ACC,intermediate,ACC,13,0.376805
7,DMS-ACC,intermediate,ACC,14,0.512417
7,DMS-ACC,intermediate,ACC,15,0.718455
7,DMS-ACC,intermediate,ACC,16,0.044345
7,DMS-ACC,intermediate,ACC,17,0.391053
7,DMS-ACC,intermediate,ACC,18,0.184753
7,DMS-ACC,intermediate,ACC,19,0.438732
7,DMS-ACC,intermediate,ACC,20,0.133118
7,DMS-ACC,intermediate,ACC,21,0.424635
7,DMS-ACC,intermediate,ACC,22,0.105059
7,DMS-ACC,intermediate,ACC,23,0.143125
7,DMS-ACC,intermediate,ACC,24,0.652424
7,DMS-ACC,intermediate,ACC,25,0.669281
7,DMS-ACC,intermediate,ACC,26,0.140884
7,DMS-ACC,intermediate,ACC,27,0.661431
7,DMS-ACC,intermediate,ACC,28,0.759205
7,DMS-ACC,intermediate,ACC,29,0.567642
7,DMS-ACC,intermediate,ACC,30,0.236008
7,DMS-ACC,intermediate,ACC,31,0.695152
7,DMS-ACC,intermediate,ACC,32,0.210307
7,DMS-ACC,intermediate,ACC,33,0.022947
7,DMS-ACC,intermediate,ACC,34,0.673097
7,DMS-ACC,intermediate,ACC,35,0.350884
7,DMS-ACC,intermediate,ACC,36,0.565055
7,DMS-ACC,intermediate,ACC,37,0.083586
7,DMS-ACC,intermediate,ACC,38,0.184256
7,DMS-ACC,intermediate,ACC,39,0.011221
7,DMS-ACC,intermediate,ACC,40,0.64299
7,DMS-ACC,intermediate,ACC,41,0.574238
7,DMS-ACC,intermediate,ACC,42,0.057656
7,DMS-ACC,intermediate,ACC,43,0.03604
7,DMS-ACC,intermediate,ACC,44,0.161144
7,DMS-ACC,intermediate,ACC,45,0.038878
7,DMS-ACC,intermediate,ACC,46,0.75171
7,DMS-ACC,intermediate,ACC,47,0.277976
7,DMS-ACC,intermediate,ACC,48,0.368091
7,DMS-ACC,intermediate,ACC,49,0.713809
7,DMS-ACC,intermediate,ACC,50,0.238553
7,DMS-ACC,intermediate,ACC,51,0.634403
7,DMS-ACC,intermediate,ACC,52,0.404633
7,DMS-ACC,intermediate,ACC,53,0.102493
7,DMS-ACC,intermediate,ACC,54,0.616063
7,DMS-ACC,intermediate,ACC,55,0.050325
7,DMS-ACC,expert,DMS,0,0.782647
7,DMS-ACC,expert,DMS,1,1.23447
7,DMS-ACC,expert,DMS,2,1.111556
7,DMS-ACC,expert,DMS,3,0.940674
7,DMS-ACC,expert,DMS,4,0.745004
7,DMS-ACC,expert,DMS,5,1.40244
7,DMS-ACC,expert,DMS,6,1.297571
7,DMS-ACC,expert,DMS,7,0.876724
7,DMS-ACC,expert,DMS,8,0.751576
7,DMS-ACC,expert,DMS,9,1.034521
7,DMS-ACC,expert,DMS,10,1.683857
7,DMS-ACC,expert,DMS,11,0.952059
7,DMS-ACC,expert,DMS,12,1.092112
7,DMS-ACC,expert,ACC,0,0.203628
7,DMS-ACC,expert,ACC,1,0.069366
7,DMS-ACC,expert,ACC,2,0.015694
7,DMS-ACC,expert,ACC,3,0.428783
7,DMS-ACC,expert,ACC,4,0.633673
7,DMS-ACC,expert,ACC,5,0.171798
7,DMS-ACC,expert,ACC,6,0.525078
7,DMS-ACC,expert,ACC,7,0.146261
7,DMS-ACC,expert,ACC,8,0.382402
7,DMS-ACC,expert,ACC,9,0.373876
7,DMS-ACC,expert,ACC,10,0.634388
7,DMS-ACC,expert,ACC,11,0.21164
7,DMS-ACC,expert,ACC,12,0.710114
7,DMS-ACC,expert,ACC,13,0.441196
7,DMS-ACC,expert,ACC,14,0.52489
7,DMS-ACC,expert,ACC,15,0.631554
7,DMS-ACC,expert,ACC,16,0.202021
7,DMS-ACC,expert,ACC,17,0.380837
7,DMS-ACC,expert,ACC,18,0.157227
7,DMS-ACC,expert,ACC,19,0.31727
7,DMS-ACC,expert,ACC,20,0.321951
7,DMS-ACC,expert,ACC,21,0.535739
7,DMS-ACC,expert,ACC,22,0.048229
7,DMS-ACC,expert,ACC,23,0.419957
7,DMS-ACC,expert,ACC,24,0.677632
7,DMS-ACC,expert,ACC,25,0.014106
7,DMS-ACC,expert,ACC,26,0.684687
7,DMS-ACC,expert,ACC,27,0.523041
7,DMS-ACC,expert,ACC,28,0.603521
7,DMS-ACC,expert,ACC,29,0.702388
7,DMS-ACC,expert,ACC,30,0.562316
7,DMS-ACC,expert,ACC,31,0.192802
7,DMS-ACC,expert,ACC,32,0.055498
7,DMS-ACC,expert,ACC,33,0.570571
7,DMS-ACC,expert,ACC,34,0.485708
7,DMS-ACC,expert,ACC,35,0.697228
7,DMS-ACC,expert,ACC,36,0.068429
7,DMS-ACC,expert,ACC,37,0.122798
7,DMS-ACC,expert,ACC,38,0.339363
7,DMS-ACC,expert,ACC,39,0.032614
7,DMS-ACC,expert,ACC,40,0.647258
7,DMS-ACC,expert,ACC,41,0.012335
7,DMS-ACC,expert,ACC,42,0.631372
7,DMS-ACC,expert,ACC,43,0.140322
7,DMS-ACC,expert,ACC,44,0.062176
7,DMS-ACC,expert,ACC,45,0.021232
7,DMS-ACC,expert,ACC,46,0.485502
7,DMS-ACC,expert,ACC,47,0.464197
7,DMS-ACC,expert,ACC,48,0.206741
7,DMS-ACC,expert,ACC,49,0.572325
7,DMS-ACC,expert,ACC,50,0.128524
7,DMS-ACC,expert,ACC,51,0.131569
7,DMS-ACC,expert,ACC,52,0.113087
7,DMS-ACC,expert,ACC,53,0.629642
7,DMS-ACC,expert,ACC,54,0.039947
7,DMS-ACC,expert,ACC,55,0.053675
9,DMS-ACC,naive,DMS,0,1.343361
9,DMS-ACC,naive,DMS,1,1.278435
9,DMS-ACC,naive,DMS,2,1.351642
9,DMS-ACC,naive,DMS,3,0.006878
9,DMS-ACC,naive,DMS,4,0.041319
9,DMS-ACC,naive,DMS,5,0.138456
9,DMS-ACC,naive,DMS,6,0.493957
9,DMS-ACC,naive,DMS,7,0.840692
9,DMS-ACC,naive,DMS,8,1.130846
9,DMS-ACC,naive,DMS,9,1.093819
9,DMS-ACC,naive,DMS,10,0.604353
9,DMS-ACC,naive,DMS,11,1.555103
9,DMS-ACC,naive,DMS,12,0.56116
9,DMS-ACC,naive,DMS,13,1.035428
9,DMS-ACC,naive,DMS,14,0.639798
9,DMS-ACC,naive,DMS,15,0.014986
9,DMS-ACC,naive,DMS,16,0.828253
9,DMS-ACC,naive,DMS,17,1.060559
9,DMS-ACC,naive,DMS,18,1.384789
9,DMS-ACC,naive,DMS,19,1.026146
9,DMS-ACC,naive,DMS,20,0.923225
9,DMS-ACC,naive,DMS,21,0.016478
9,DMS-ACC,naive,DMS,22,1.495544
9,DMS-ACC,naive,DMS,23,0.0
9,DMS-ACC,naive,DMS,24,0.740938
9,DMS-ACC,naive,DMS,25,0.667737
9,DMS-ACC,naive,ACC,0,0.748417
9,DMS-ACC,naive,ACC,1,0.826703
9,DMS-ACC,naive,ACC,2,0.690005
9,DMS-ACC,naive,ACC,3,0.788419
9,DMS-ACC,naive,ACC,4,0.062827
9,DMS-ACC,naive,ACC,5,0.722516
9,DMS-ACC,naive,ACC,6,0.533024
9,DMS-ACC,naive,ACC,7,0.097004
9,DMS-ACC,naive,ACC,8,0.57453
9,DMS-ACC,naive,ACC,9,0.023132
9,DMS-ACC,naive,ACC,10,0.435702
9,DMS-ACC,naive,ACC,11,0.511484
9,DMS-ACC,naive,ACC,12,0.612469
9,DMS-ACC,naive,ACC,13,0.513985
9,DMS-ACC,naive,ACC,14,1.023427
9,DMS-ACC,naive,ACC,15,0.790616
9,DMS-ACC,naive,ACC,16,0.318119
9,DMS-ACC,naive,ACC,17,0.468437
9,DMS-ACC,naive,ACC,18,0.86382
9,DMS-ACC,naive,ACC,19,0.127385
9,DMS-ACC,naive,ACC,20,0.036867
9,DMS-ACC,naive,ACC,21,0.925795
9,DMS-ACC,naive,ACC,22,1.051016
9,DMS-ACC,naive,ACC,23,0.050132
9,DMS-ACC,naive,ACC,24,0.587559
9,DMS-ACC,naive,ACC,25,0.753028
9,DMS-ACC,naive,ACC,26,0.925842
9,DMS-ACC,intermediate,DMS,0,1.316144
9,DMS-ACC,intermediate,DMS,1,0.004361
9,DMS-ACC,intermediate,DMS,2,0.034567
9,DMS-ACC,intermediate,DMS,3,1.205365
9,DMS-ACC,intermediate,DMS,4,0.674133
9,DMS-ACC,intermediate,DMS,5,1.034185
9,DMS-ACC,intermediate,DMS,6,0.136153
9,DMS-ACC,intermediate,DMS,7,0.942326
9,DMS-ACC,intermediate,DMS,8,1.199251
9,DMS-ACC,intermediate,DMS,9,1.716042
9,DMS-ACC,intermediate,DMS,10,0.501911
9,DMS-ACC,intermediate,DMS,11,0.038911
9,DMS-ACC,intermediate,DMS,12,1.374199
9,DMS-ACC,intermediate,DMS,13,1.223748
9,DMS-ACC,intermediate,DMS,14,0.766605
9,DMS-ACC,intermediate,DMS,15,0.801037
9,DMS-ACC,intermediate,DMS,16,0.56157
9,DMS-ACC,intermediate,DMS,17,1.070776
9,DMS-ACC,intermediate,DMS,18,0.318046
9,DMS-ACC,intermediate,DMS,19,1.533336
9,DMS-ACC,intermediate,DMS,20,0.940003
9,DMS-ACC,intermediate,DMS,21,0.953493
9,DMS-ACC,intermediate,DMS,22,0.735726
9,DMS-ACC,intermediate,DMS,23,1.199183
9,DMS-ACC,intermediate,DMS,24,1.182907
9,DMS-ACC,intermediate,DMS,25,1.328879
9,DMS-ACC,intermediate,ACC,0,0.985304
9,DMS-ACC,intermediate,ACC,1,0.987428
9,DMS-ACC,intermediate,ACC,2,0.996155
9,DMS-ACC,intermediate,ACC,3,0.975643
9,DMS-ACC,intermediate,ACC,4,1.064939
9,DMS-ACC,intermediate,ACC,5,0.981495
9,DMS-ACC,intermediate,ACC,6,0.817291
9,DMS-ACC,intermediate,ACC,7,0.758467
9,DMS-ACC,intermediate,ACC,8,0.731162
9,DMS-ACC,intermediate,ACC,9,0.274868
9,DMS-ACC,intermediate,ACC,10,1.07845
9,DMS-ACC,intermediate,ACC,11,0.929287
9,DMS-ACC,intermediate,ACC,12,0.952576
9,DMS-ACC,intermediate,ACC,13,0.947693
9,DMS-ACC,intermediate,ACC,14,0.953514
9,DMS-ACC,intermediate,ACC,15,0.437633
9,DMS-ACC,intermediate,ACC,16,1.037834
9,DMS-ACC,intermediate,ACC,17,0.084931
9,DMS-ACC,intermediate,ACC,18,0.928832
9,DMS-ACC,intermediate,ACC,19,0.042227
9,DMS-ACC,intermediate,ACC,20,0.03949
9,DMS-ACC,intermediate,ACC,21,0.939885
9,DMS-ACC,intermediate,ACC,22,0.796899
9,DMS-ACC,intermediate,ACC,23,0.152135
9,DMS-ACC,intermediate,ACC,24,0.848393
9,DMS-ACC,intermediate,ACC,25,0.847587
9,DMS-ACC,intermediate,ACC,26,0.948774
9,DMS-ACC,expert,DMS,0,0.05874
9,DMS-ACC,expert,DMS,1,1.677318
9,DMS-ACC,expert,DMS,2,0.290202
9,DMS-ACC,expert,DMS,3,0.979674
9,DMS-ACC,expert,DMS,4,0.650851
9,DMS-ACC,expert,DMS,5,1.395859
9,DMS-ACC,expert,DMS,6,1.187899
9,DMS-ACC,expert,DMS,7,1.030159
9,DMS-ACC,expert,DMS,8,1.218497
9,DMS-ACC,expert,DMS,9,0.063521
9,DMS-ACC,expert,DMS,10,1.207079
9,DMS-ACC,expert,DMS,11,1.5696
9,DMS-ACC,expert,DMS,12,1.463171
9,DMS-ACC,expert,DMS,13,1.133349
9,DMS-ACC,expert,DMS,14,1.012466
9,DMS-ACC,expert,DMS,15,1.326451
9,DMS-ACC,expert,DMS,16,0.0
9,DMS-ACC,expert,DMS,17,1.064167
9,DMS-ACC,expert,DMS,18,1.506182
9,DMS-ACC,expert,DMS,19,0.454937
9,DMS-ACC,expert,DMS,20,1.058879
9,DMS-ACC,expert,DMS,21,0.015082
9,DMS-ACC,expert,DMS,22,0.795839
9,DMS-ACC,expert,DMS,23,1.277076
9,DMS-ACC,expert,DMS,24,0.949879
9,DMS-ACC,expert,DMS,25,1.357802
9,DMS-ACC,expert,ACC,0,0.946371
9,DMS-ACC,expert,ACC,1,0.947998
9,DMS-ACC,expert,ACC,2,1.041471
9,DMS-ACC,expert,ACC,3,0.985312
9,DMS-ACC,expert,ACC,4,0.980361
9,DMS-ACC,expert,ACC,5,1.086903
9,DMS-ACC,expert,ACC,6,0.103536
9,DMS-ACC,expert,ACC,7,0.450644
9,DMS-ACC,expert,ACC,8,1.087739
9,DMS-ACC,expert,ACC,9,0.816302
9,DMS-ACC,expert,ACC,10,1.086536
9,DMS-ACC,expert,ACC,11,0.350153
9,DMS-ACC,expert,ACC,12,1.09451
9,DMS-ACC,expert,ACC,13,0.124128
9,DMS-ACC,expert,ACC,14,1.045044
9,DMS-ACC,expert,ACC,15,0.839393
9,DMS-ACC,expert,ACC,16,1.00374
9,DMS-ACC,expert,ACC,17,0.820254
9,DMS-ACC,expert,ACC,18,0.969693
9,DMS-ACC,expert,ACC,19,0.038548
9,DMS-ACC,expert,ACC,20,0.12838
9,DMS-ACC,expert,ACC,21,0.988656
9,DMS-ACC,expert,ACC,22,0.867889
9,DMS-ACC,expert,ACC,23,1.099344
9,DMS-ACC,expert,ACC,24,0.805286
9,DMS-ACC,expert,ACC,25,0.836598
9,DMS-ACC,expert,ACC,26,0.920517
9,V1-DMS,naive,V1,0,0.986005
9,V1-DMS,naive,V1,1,0.287381
9,V1-DMS,naive,V1,2,0.571609
9,V1-DMS,naive,V1,3,0.844638
9,V1-DMS,naive,V1,4,0.522089
9,V1-DMS,naive,V1,5,0.998103
9,V1-DMS,naive,V1,6,0.496875
9,V1-DMS,naive,V1,7,0.424135
9,V1-DMS,naive,V1,8,0.551226
9,V1-DMS,naive,V1,9,0.525907
9,V1-DMS,naive,V1,10,0.634701
9,V1-DMS,naive,V1,11,0.831119
9,V1-DMS,naive,V1,12,0.783881
9,V1-DMS,naive,V1,13,0.486886
9,V1-DMS,naive,V1,14,1.106399
9,V1-DMS,naive,V1,15,0.599445
9,V1-DMS,naive,V1,16,1.063432
9,V1-DMS,naive,V1,17,1.004698
9,V1-DMS,naive,V1,18,0.758689
9,V1-DMS,naive,V1,19,0.574728
9,V1-DMS,naive,V1,20,1.119762
9,V1-DMS,naive,DMS,0,1.343361
9,V1-DMS,naive,DMS,1,1.278435
9,V1-DMS,naive,DMS,2,1.351642
9,V1-DMS,naive,DMS,3,0.006878
9,V1-DMS,naive,DMS,4,0.041319
9,V1-DMS,naive,DMS,5,0.138456
9,V1-DMS,naive,DMS,6,0.493957
9,V1-DMS,naive,DMS,7,0.840692
9,V1-DMS,naive,DMS,8,1.130846
9,V1-DMS,naive,DMS,9,1.093819
9,V1-DMS,naive,DMS,10,0.604353
9,V1-DMS,naive,DMS,11,1.555103
9,V1-DMS,naive,DMS,12,0.56116
9,V1-DMS,naive,DMS,13,1.035428
9,V1-DMS,naive,DMS,14,0.639798
9,V1-DMS,naive,DMS,15,0.014986
9,V1-DMS,naive,DMS,16,0.828253
9,V1-DMS,naive,DMS,17,1.060559
9,V1-DMS,naive,DMS,18,1.384789
9,V1-DMS,naive,DMS,19,1.026146
9,V1-DMS,naive,DMS,20,0.923225
9,V1-DMS,naive,DMS,21,0.016478
9,V1-DMS,naive,DMS,22,1.495544
9,V1-DMS,naive,DMS,23,0.0
9,V1-DMS,naive,DMS,24,0.740938
9,V1-DMS,naive,DMS,25,0.667737
9,V1-DMS,intermediate,V1,0,0.966563
9,V1-DMS,intermediate,V1,1,1.834223
9,V1-DMS,intermediate,V1,2,0.891848
9,V1-DMS,intermediate,V1,3,0.857446
9,V1-DMS,intermediate,V1,4,0.759071
9,V1-DMS,intermediate,V1,5,0.991334
9,V1-DMS,intermediate,V1,6,0.898389
9,V1-DMS,intermediate,V1,7,0.007651
9,V1-DMS,intermediate,V1,8,0.858339
9,V1-DMS,intermediate,V1,9,0.784875
9,V1-DMS,intermediate,V1,10,0.89839
9,V1-DMS,intermediate,V1,11,1.042338
9,V1-DMS,intermediate,V1,12,0.842726
9,V1-DMS,intermediate,V1,13,0.998705
9,V1-DMS,intermediate,V1,14,0.930332
9,V1-DMS,intermediate,V1,15,0.877859
9,V1-DMS,intermediate,V1,16,1.076275
9,V1-DMS,intermediate,V1,17,1.282418
9,V1-DMS,intermediate,V1,18,0.476936
9,V1-DMS,intermediate,V1,19,0.994543
9,V1-DMS,intermediate,V1,20,1.056283
9,V1-DMS,intermediate,DMS,0,1.316144
9,V1-DMS,intermediate,DMS,1,0.004361
9,V1-DMS,intermediate,DMS,2,0.034567
9,V1-DMS,intermediate,DMS,3,1.205365
9,V1-DMS,intermediate,DMS,4,0.674133
9,V1-DMS,intermediate,DMS,5,1.034185
9,V1-DMS,intermediate,DMS,6,0.136153
9,V1-DMS,intermediate,DMS,7,0.942326
9,V1-DMS,intermediate,DMS,8,1.199251
9,V1-DMS,intermediate,DMS,9,1.716042
9,V1-DMS,intermediate,DMS,10,0.501911
9,V1-DMS,intermediate,DMS,11,0.038911
9,V1-DMS,intermediate,DMS,12,1.374199
9,V1-DMS,intermediate,DMS,13,1.223748
9,V1-DMS,intermediate,DMS,14,0.766605
9,V1-DMS,intermediate,DMS,15,0.801037
9,V1-DMS,intermediate,DMS,16,0.56157
9,V1-DMS,intermediate,DMS,17,1.070776
9,V1-DMS,intermediate,DMS,18,0.318046
9,V1-DMS,intermediate,DMS,19,1.533336
9,V1-DMS,intermediate,DMS,20,0.940003
9,V1-DMS,intermediate,DMS,21,0.953493
9,V1-DMS,intermediate,DMS,22,0.735726
9,V1-DMS,intermediate,DMS,23,1.199183
9,V1-DMS,intermediate,DMS,24,1.182907
9,V1-DMS,intermediate,DMS,25,1.328879
9,V1-DMS,expert,V1,0,0.964867
9,V1-DMS,expert,V1,1,1.790316
9,V1-DMS,expert,V1,2,0.980336
9,V1-DMS,expert,V1,3,0.950859
9,V1-DMS,expert,V1,4,1.035506
9,V1-DMS,expert,V1,5,1.022621
9,V1-DMS,expert,V1,6,1.07258
9,V1-DMS,expert,V1,7,0.009623
9,V1-DMS,expert,V1,8,0.941609
9,V1-DMS,expert,V1,9,1.678923
9,V1-DMS,expert,V1,10,1.058187
9,V1-DMS,expert,V1,11,1.10448
9,V1-DMS,expert,V1,12,0.951187
9,V1-DMS,expert,V1,13,0.888326
9,V1-DMS,expert,V1,14,0.961429
9,V1-DMS,expert,V1,15,1.061886
9,V1-DMS,expert,V1,16,1.056208
9,V1-DMS,expert,V1,17,1.289127
9,V1-DMS,expert,V1,18,0.857236
9,V1-DMS,expert,V1,19,1.055854
9,V1-DMS,expert,V1,20,1.05524
9,V1-DMS,expert,DMS,0,0.05874
9,V1-DMS,expert,DMS,1,1.677318
9,V1-DMS,expert,DMS,2,0.290202
9,V1-DMS,expert,DMS,3,0.979674
9,V1-DMS,expert,DMS,4,0.650851
9,V1-DMS,expert,DMS,5,1.395859
9,V1-DMS,expert,DMS,6,1.187899
9,V1-DMS,expert,DMS,7,1.030159
9,V1-DMS,expert,DMS,8,1.218497
9,V1-DMS,expert,DMS,9,0.063521
9,V1-DMS,expert,DMS,10,1.207079
9,V1-DMS,expert,DMS,11,1.5696
9,V1-DMS,expert,DMS,12,1.463171
9,V1-DMS,expert,DMS,13,1.133349
9,V1-DMS,expert,DMS,14,1.012466
9,V1-DMS,expert,DMS,15,1.326451
9,V1-DMS,expert,DMS,16,0.0
9,V1-DMS,expert,DMS,17,1.064167
9,V1-DMS,expert,DMS,18,1.506182
9,V1-DMS,expert,DMS,19,0.454937
9,V1-DMS,expert,DMS,20,1.058879
9,V1-DMS,expert,DMS,21,0.015082
9,V1-DMS,expert,DMS,22,0.795839
9,V1-DMS,expert,DMS,23,1.277076
9,V1-DMS,expert,DMS,24,0.949879
9,V1-DMS,expert,DMS,25,1.357802
9,V1-ACC,naive,V1,0,0.986005
9,V1-ACC,naive,V1,1,0.287381
9,V1-ACC,naive,V1,2,0.571609
9,V1-ACC,naive,V1,3,0.844638
9,V1-ACC,naive,V1,4,0.522089
9,V1-ACC,naive,V1,5,0.998103
9,V1-ACC,naive,V1,6,0.496875
9,V1-ACC,naive,V1,7,0.424135
9,V1-ACC,naive,V1,8,0.551226
9,V1-ACC,naive,V1,9,0.525907
9,V1-ACC,naive,V1,10,0.634701
9,V1-ACC,naive,V1,11,0.831119
9,V1-ACC,naive,V1,12,0.783881
9,V1-ACC,naive,V1,13,0.486886
9,V1-ACC,naive,V1,14,1.106399
9,V1-ACC,naive,V1,15,0.599445
9,V1-ACC,naive,V1,16,1.063432
9,V1-ACC,naive,V1,17,1.004698
9,V1-ACC,naive,V1,18,0.758689
9,V1-ACC,naive,V1,19,0.574728
9,V1-ACC,naive,V1,20,1.119762
9,V1-ACC,naive,ACC,0,0.748417
9,V1-ACC,naive,ACC,1,0.826703
9,V1-ACC,naive,ACC,2,0.690005
9,V1-ACC,naive,ACC,3,0.788419
9,V1-ACC,naive,ACC,4,0.062827
9,V1-ACC,naive,ACC,5,0.722516
9,V1-ACC,naive,ACC,6,0.533024
9,V1-ACC,naive,ACC,7,0.097004
9,V1-ACC,naive,ACC,8,0.57453
9,V1-ACC,naive,ACC,9,0.023132
9,V1-ACC,naive,ACC,10,0.435702
9,V1-ACC,naive,ACC,11,0.511484
9,V1-ACC,naive,ACC,12,0.612469
9,V1-ACC,naive,ACC,13,0.513985
9,V1-ACC,naive,ACC,14,1.023427
9,V1-ACC,naive,ACC,15,0.790616
9,V1-ACC,naive,ACC,16,0.318119
9,V1-ACC,naive,ACC,17,0.468437
9,V1-ACC,naive,ACC,18,0.86382
9,V1-ACC,naive,ACC,19,0.127385
9,V1-ACC,naive,ACC,20,0.036867
9,V1-ACC,naive,ACC,21,0.925795
9,V1-ACC,naive,ACC,22,1.051016
9,V1-ACC,naive,ACC,23,0.050132
9,V1-ACC,naive,ACC,24,0.587559
9,V1-ACC,naive,ACC,25,0.753028
9,V1-ACC,naive,ACC,26,0.925842
9,V1-ACC,intermediate,V1,0,0.966563
9,V1-ACC,intermediate,V1,1,1.834223
9,V1-ACC,intermediate,V1,2,0.891848
9,V1-ACC,intermediate,V1,3,0.857446
9,V1-ACC,intermediate,V1,4,0.759071
9,V1-ACC,intermediate,V1,5,0.991334
9,V1-ACC,intermediate,V1,6,0.898389
9,V1-ACC,intermediate,V1,7,0.007651
9,V1-ACC,intermediate,V1,8,0.858339
9,V1-ACC,intermediate,V1,9,0.784875
9,V1-ACC,intermediate,V1,10,0.89839
9,V1-ACC,intermediate,V1,11,1.042338
9,V1-ACC,intermediate,V1,12,0.842726
9,V1-ACC,intermediate,V1,13,0.998705
9,V1-ACC,intermediate,V1,14,0.930332
9,V1-ACC,intermediate,V1,15,0.877859
9,V1-ACC,intermediate,V1,16,1.076275
9,V1-ACC,intermediate,V1,17,1.282418
9,V1-ACC,intermediate,V1,18,0.476936
9,V1-ACC,intermediate,V1,19,0.994543
9,V1-ACC,intermediate,V1,20,1.056283
9,V1-ACC,intermediate,ACC,0,0.985304
9,V1-ACC,intermediate,ACC,1,0.987428
9,V1-ACC,intermediate,ACC,2,0.996155
9,V1-ACC,intermediate,ACC,3,0.975643
9,V1-ACC,intermediate,ACC,4,1.064939
9,V1-ACC,intermediate,ACC,5,0.981495
9,V1-ACC,intermediate,ACC,6,0.817291
9,V1-ACC,intermediate,ACC,7,0.758467
9,V1-ACC,intermediate,ACC,8,0.731162
9,V1-ACC,intermediate,ACC,9,0.274868
9,V1-ACC,intermediate,ACC,10,1.07845
9,V1-ACC,intermediate,ACC,11,0.929287
9,V1-ACC,intermediate,ACC,12,0.952576
9,V1-ACC,intermediate,ACC,13,0.947693
9,V1-ACC,intermediate,ACC,14,0.953514
9,V1-ACC,intermediate,ACC,15,0.437633
9,V1-ACC,intermediate,ACC,16,1.037834
9,V1-ACC,intermediate,ACC,17,0.084931
9,V1-ACC,intermediate,ACC,18,0.928832
9,V1-ACC,intermediate,ACC,19,0.042227
9,V1-ACC,intermediate,ACC,20,0.03949
9,V1-ACC,intermediate,ACC,21,0.939885
9,V1-ACC,intermediate,ACC,22,0.796899
9,V1-ACC,intermediate,ACC,23,0.152135
9,V1-ACC,intermediate,ACC,24,0.848393
9,V1-ACC,intermediate,ACC,25,0.847587
9,V1-ACC,intermediate,ACC,26,0.948774
9,V1-ACC,expert,V1,0,0.964867
9,V1-ACC,expert,V1,1,1.790316
9,V1-ACC,expert,V1,2,0.980336
9,V1-ACC,expert,V1,3,0.950859
9,V1-ACC,expert,V1,4,1.035506
9,V1-ACC,expert,V1,5,1.022621
9,V1-ACC,expert,V1,6,1.07258
9,V1-ACC,expert,V1,7,0.009623
9,V1-ACC,expert,V1,8,0.941609
9,V1-ACC,expert,V1,9,1.678923
9,V1-ACC,expert,V1,10,1.058187
9,V1-ACC,expert,V1,11,1.10448
9,V1-ACC,expert,V1,12,0.951187
9,V1-ACC,expert,V1,13,0.888326
9,V1-ACC,expert,V1,14,0.961429
9,V1-ACC,expert,V1,15,1.061886
9,V1-ACC,expert,V1,16,1.056208
9,V1-ACC,expert,V1,17,1.289127
9,V1-ACC,expert,V1,18,0.857236
9,V1-ACC,expert,V1,19,1.055854
9,V1-ACC,expert,V1,20,1.05524
9,V1-ACC,expert,ACC,0,0.946371
9,V1-ACC,expert,ACC,1,0.947998
9,V1-ACC,expert,ACC,2,1.041471
9,V1-ACC,expert,ACC,3,0.985312
9,V1-ACC,expert,ACC,4,0.980361
9,V1-ACC,expert,ACC,5,1.086903
9,V1-ACC,expert,ACC,6,0.103536
9,V1-ACC,expert,ACC,7,0.450644
9,V1-ACC,expert,ACC,8,1.087739
9,V1-ACC,expert,ACC,9,0.816302
9,V1-ACC,expert,ACC,10,1.086536
9,V1-ACC,expert,ACC,11,0.350153
9,V1-ACC,expert,ACC,12,1.09451
9,V1-ACC,expert,ACC,13,0.124128
9,V1-ACC,expert,ACC,14,1.045044
9,V1-ACC,expert,ACC,15,0.839393
9,V1-ACC,expert,ACC,16,1.00374
9,V1-ACC,expert,ACC,17,0.820254
9,V1-ACC,expert,ACC,18,0.969693
9,V1-ACC,expert,ACC,19,0.038548
9,V1-ACC,expert,ACC,20,0.12838
9,V1-ACC,expert,ACC,21,0.988656
9,V1-ACC,expert,ACC,22,0.867889
9,V1-ACC,expert,ACC,23,1.099344
9,V1-ACC,expert,ACC,24,0.805286
9,V1-ACC,expert,ACC,25,0.836598
9,V1-ACC,expert,ACC,26,0.920517
10,DMS-DLS,naive,DMS,0,1.010142
10,DMS-DLS,naive,DMS,1,0.843727
10,DMS-DLS,naive,DMS,2,1.278063
10,DMS-DLS,naive,DMS,3,0.902169
10,DMS-DLS,naive,DMS,4,2.001622
10,DMS-DLS,naive,DMS,5,0.971945
10,DMS-DLS,naive,DMS,6,7.830555
10,DMS-DLS,naive,DMS,7,7.856373
10,DMS-DLS,naive,DMS,8,1.285737
10,DMS-DLS,naive,DMS,9,1.181915
10,DMS-DLS,naive,DMS,10,1.375599
10,DMS-DLS,naive,DMS,11,1.500998
10,DMS-DLS,naive,DMS,12,1.241737
10,DMS-DLS,naive,DMS,13,1.245519
10,DMS-DLS,naive,DMS,14,0.87653
10,DMS-DLS,naive,DMS,15,0.985985
10,DMS-DLS,naive,DMS,16,1.785913
10,DMS-DLS,naive,DMS,17,1.163271
10,DMS-DLS,naive,DMS,18,0.678703
10,DMS-DLS,naive,DLS,0,0.984548
10,DMS-DLS,naive,DLS,1,0.914388
10,DMS-DLS,naive,DLS,2,1.526355
10,DMS-DLS,naive,DLS,3,0.578412
10,DMS-DLS,naive,DLS,4,1.083247
10,DMS-DLS,naive,DLS,5,1.230013
10,DMS-DLS,naive,DLS,6,0.564487
10,DMS-DLS,naive,DLS,7,0.99855
10,DMS-DLS,naive,DLS,8,0.773026
10,DMS-DLS,naive,DLS,9,0.626035
10,DMS-DLS,naive,DLS,10,1.299082
10,DMS-DLS,naive,DLS,11,0.644377
10,DMS-DLS,naive,DLS,12,1.024498
10,DMS-DLS,naive,DLS,13,1.104116
10,DMS-DLS,naive,DLS,14,0.733079
10,DMS-DLS,naive,DLS,15,0.974715
10,DMS-DLS,naive,DLS,16,0.874699
10,DMS-DLS,intermediate,DMS,0,1.001232
10,DMS-DLS,intermediate,DMS,1,1.354144
10,DMS-DLS,intermediate,DMS,2,1.154698
10,DMS-DLS,intermediate,DMS,3,0.884188
10,DMS-DLS,intermediate,DMS,4,1.479213
10,DMS-DLS,intermediate,DMS,5,0.965375
10,DMS-DLS,intermediate,DMS,6,8.95391
10,DMS-DLS,intermediate,DMS,7,8.956119
10,DMS-DLS,intermediate,DMS,8,1.366238
10,DMS-DLS,intermediate,DMS,9,1.360586
10,DMS-DLS,intermediate,DMS,10,0.824129
10,DMS-DLS,intermediate,DMS,11,1.50864
10,DMS-DLS,intermediate,DMS,12,0.938979
10,DMS-DLS,intermediate,DMS,13,0.941888
10,DMS-DLS,intermediate,DMS,14,1.275169
10,DMS-DLS,intermediate,DMS,15,0.854336
10,DMS-DLS,intermediate,DMS,16,1.106272
10,DMS-DLS,intermediate,DMS,17,1.367609
10,DMS-DLS,intermediate,DMS,18,0.0
10,DMS-DLS,intermediate,DLS,0,1.134936
10,DMS-DLS,intermediate,DLS,1,1.242769
10,DMS-DLS,intermediate,DLS,2,0.960468
10,DMS-DLS,intermediate,DLS,3,1.440101
10,DMS-DLS,intermediate,DLS,4,1.161746
10,DMS-DLS,intermediate,DLS,5,0.91701
10,DMS-DLS,intermediate,DLS,6,0.760539
10,DMS-DLS,intermediate,DLS,7,1.029734
10,DMS-DLS,intermediate,DLS,8,1.45816
10,DMS-DLS,intermediate,DLS,9,2.010182
10,DMS-DLS,intermediate,DLS,10,0.746071
10,DMS-DLS,intermediate,DLS,11,1.778632
10,DMS-DLS,intermediate,DLS,12,1.016886
10,DMS-DLS,intermediate,DLS,13,0.938277
10,DMS-DLS,intermediate,DLS,14,0.742014
10,DMS-DLS,intermediate,DLS,15,1.275661
10,DMS-DLS,intermediate,DLS,16,1.142541
10,DMS-DLS,expert,DMS,0,1.021063
10,DMS-DLS,expert,DMS,1,1.187104
10,DMS-DLS,expert,DMS,2,1.463732
10,DMS-DLS,expert,DMS,3,0.8303
10,DMS-DLS,expert,DMS,4,1.553897
10,DMS-DLS,expert,DMS,5,0.97551
10,DMS-DLS,expert,DMS,6,10.029846
10,DMS-DLS,expert,DMS,7,9.95819
10,DMS-DLS,expert,DMS,8,1.937585
10,DMS-DLS,expert,DMS,9,1.381438
10,DMS-DLS,expert,DMS,10,0.982117
10,DMS-DLS,expert,DMS,11,1.486595
10,DMS-DLS,expert,DMS,12,1.025755
10,DMS-DLS,expert,DMS,13,1.141156
10,DMS-DLS,expert,DMS,14,1.053121
10,DMS-DLS,expert,DMS,15,0.975926
10,DMS-DLS,expert,DMS,16,1.049045
10,DMS-DLS,expert,DMS,17,1.329253
10,DMS-DLS,expert,DMS,18,0.700796
10,DMS-DLS,expert,DLS,0,0.999906
10,DMS-DLS,expert,DLS,1,1.661737
10,DMS-DLS,expert,DLS,2,1.255334
10,DMS-DLS,expert,DLS,3,0.0
10,DMS-DLS,expert,DLS,4,1.334325
10,DMS-DLS,expert,DLS,5,1.125704
10,DMS-DLS,expert,DLS,6,1.435482
10,DMS-DLS,expert,DLS,7,1.043735
10,DMS-DLS,expert,DLS,8,0.525425
10,DMS-DLS,expert,DLS,9,3.280767
10,DMS-DLS,expert,DLS,10,1.01704
10,DMS-DLS,expert,DLS,11,1.934629
10,DMS-DLS,expert,DLS,12,1.040354
10,DMS-DLS,expert,DLS,13,1.130853
10,DMS-DLS,expert,DLS,14,2.776537
10,DMS-DLS,expert,DLS,15,1.665586
10,DMS-DLS,expert,DLS,16,1.443162
10,DMS-ACC,naive,DMS,0,0.81137
10,DMS-ACC,naive,DMS,1,0.076228
10,DMS-ACC,naive,DMS,2,0.589572
10,DMS-ACC,naive,DMS,3,0.747655
10,DMS-ACC,naive,DMS,4,0.368495
10,DMS-ACC,naive,DMS,5,0.771332
10,DMS-ACC,naive,DMS,6,2.313395
10,DMS-ACC,naive,DMS,7,1.771957
10,DMS-ACC,naive,DMS,8,0.310932
10,DMS-ACC,naive,DMS,9,0.50221
10,DMS-ACC,naive,DMS,10,0.28137
10,DMS-ACC,naive,DMS,11,0.367149
10,DMS-ACC,naive,DMS,12,0.701946
10,DMS-ACC,naive,DMS,13,0.679492
10,DMS-ACC,naive,DMS,14,0.258616
10,DMS-ACC,naive,DMS,15,0.311803
10,DMS-ACC,naive,DMS,16,0.44829
10,DMS-ACC,naive,DMS,17,0.312373
10,DMS-ACC,naive,DMS,18,0.030665
10,DMS-ACC,naive,ACC,0,0.42403
10,DMS-ACC,naive,ACC,1,1.397497
10,DMS-ACC,naive,ACC,2,0.0
10,DMS-ACC,naive,ACC,3,0.993909
10,DMS-ACC,naive,ACC,4,0.0
10,DMS-ACC,naive,ACC,5,0.993167
10,DMS-ACC,intermediate,DMS,0,0.758103
10,DMS-ACC,intermediate,DMS,1,0.389
10,DMS-ACC,intermediate,DMS,2,0.425243
10,DMS-ACC,intermediate,DMS,3,0.666047
10,DMS-ACC,intermediate,DMS,4,0.587439
10,DMS-ACC,intermediate,DMS,5,0.881608
10,DMS-ACC,intermediate,DMS,6,3.230221
10,DMS-ACC,intermediate,DMS,7,3.230053
10,DMS-ACC,intermediate,DMS,8,0.571141
10,DMS-ACC,intermediate,DMS,9,0.342149
10,DMS-ACC,intermediate,DMS,10,0.425724
10,DMS-ACC,intermediate,DMS,11,0.458408
10,DMS-ACC,intermediate,DMS,12,0.438985
10,DMS-ACC,intermediate,DMS,13,0.652208
10,DMS-ACC,intermediate,DMS,14,0.689663
10,DMS-ACC,intermediate,DMS,15,0.456881
10,DMS-ACC,intermediate,DMS,16,0.368464
10,DMS-ACC,intermediate,DMS,17,0.69128
10,DMS-ACC,intermediate,DMS,18,0.0
10,DMS-ACC,intermediate,ACC,0,1.541758
10,DMS-ACC,intermediate,ACC,1,1.073341
10,DMS-ACC,intermediate,ACC,2,0.0
10,DMS-ACC,intermediate,ACC,3,0.993528
10,DMS-ACC,intermediate,ACC,4,0.568583
10,DMS-ACC,intermediate,ACC,5,0.933112
10,DMS-ACC,expert,DMS,0,0.206728
10,DMS-ACC,expert,DMS,1,0.120704
10,DMS-ACC,expert,DMS,2,0.89988
10,DMS-ACC,expert,DMS,3,0.313365
10,DMS-ACC,expert,DMS,4,0.867239
10,DMS-ACC,expert,DMS,5,0.562144
10,DMS-ACC,expert,DMS,6,3.718995
10,DMS-ACC,expert,DMS,7,3.369334
10,DMS-ACC,expert,DMS,8,0.507088
10,DMS-ACC,expert,DMS,9,0.595561
10,DMS-ACC,expert,DMS,10,0.270955
10,DMS-ACC,expert,DMS,11,0.57266
10,DMS-ACC,expert,DMS,12,0.865387
10,DMS-ACC,expert,DMS,13,1.07458
10,DMS-ACC,expert,DMS,14,0.506322
10,DMS-ACC,expert,DMS,15,0.732254
10,DMS-ACC,expert,DMS,16,0.658034
10,DMS-ACC,expert,DMS,17,0.436118
10,DMS-ACC,expert,DMS,18,0.131341
10,DMS-ACC,expert,ACC,0,1.787699
10,DMS-ACC,expert,ACC,1,0.742874
10,DMS-ACC,expert,ACC,2,0.386336
10,DMS-ACC,expert,ACC,3,1.006922
10,DMS-ACC,expert,ACC,4,0.0
10,DMS-ACC,expert,ACC,5,0.81878
10,DLS-ACC,naive,DLS,0,0.842107
10,DLS-ACC,naive,DLS,1,0.454147
10,DLS-ACC,naive,DLS,2,1.189421
10,DLS-ACC,naive,DLS,3,0.100088
10,DLS-ACC,naive,DLS,4,0.571665
10,DLS-ACC,naive,DLS,5,0.531205
10,DLS-ACC,naive,DLS,6,0.121309
10,DLS-ACC,naive,DLS,7,0.434622
10,DLS-ACC,naive,DLS,8,0.360586
10,DLS-ACC,naive,DLS,9,0.186381
10,DLS-ACC,naive,DLS,10,0.127836
10,DLS-ACC,naive,DLS,11,0.293923
10,DLS-ACC,naive,DLS,12,0.747011
10,DLS-ACC,naive,DLS,13,0.385809
10,DLS-ACC,naive,DLS,14,0.158672
10,DLS-ACC,naive,DLS,15,0.20966
10,DLS-ACC,naive,DLS,16,0.191211
10,DLS-ACC,naive,ACC,0,0.42403
10,DLS-ACC,naive,ACC,1,1.397497
10,DLS-ACC,naive,ACC,2,0.0
10,DLS-ACC,naive,ACC,3,0.993909
10,DLS-ACC,naive,ACC,4,0.0
10,DLS-ACC,naive,ACC,5,0.993167
10,DLS-ACC,intermediate,DLS,0,0.934815
10,DLS-ACC,intermediate,DLS,1,0.807983
10,DLS-ACC,intermediate,DLS,2,0.886545
10,DLS-ACC,intermediate,DLS,3,0.166737
10,DLS-ACC,intermediate,DLS,4,0.475642
10,DLS-ACC,intermediate,DLS,5,0.427358
10,DLS-ACC,intermediate,DLS,6,0.205718
10,DLS-ACC,intermediate,DLS,7,0.605686
10,DLS-ACC,intermediate,DLS,8,0.595127
10,DLS-ACC,intermediate,DLS,9,0.589619
10,DLS-ACC,intermediate,DLS,10,0.194621
10,DLS-ACC,intermediate,DLS,11,0.655455
10,DLS-ACC,intermediate,DLS,12,0.39986
10,DLS-ACC,intermediate,DLS,13,0.628232
10,DLS-ACC,intermediate,DLS,14,0.230952
10,DLS-ACC,intermediate,DLS,15,0.803794
10,DLS-ACC,intermediate,DLS,16,0.922032
10,DLS-ACC,intermediate,ACC,0,1.541758
10,DLS-ACC,intermediate,ACC,1,1.073341
10,DLS-ACC,intermediate,ACC,2,0.0
10,DLS-ACC,intermediate,ACC,3,0.993528
10,DLS-ACC,intermediate,ACC,4,0.568583
10,DLS-ACC,intermediate,ACC,5,0.933112
10,DLS-ACC,expert,DLS,0,0.92366
10,DLS-ACC,expert,DLS,1,0.900935
10,DLS-ACC,expert,DLS,2,0.558398
10,DLS-ACC,expert,DLS,3,0.0
10,DLS-ACC,expert,DLS,4,0.995886
10,DLS-ACC,expert,DLS,5,0.862461
10,DLS-ACC,expert,DLS,6,0.326028
10,DLS-ACC,expert,DLS,7,0.206201
10,DLS-ACC,expert,DLS,8,0.130296
10,DLS-ACC,expert,DLS,9,0.542705
10,DLS-ACC,expert,DLS,10,0.156243
10,DLS-ACC,expert,DLS,11,0.254199
10,DLS-ACC,expert,DLS,12,0.433764
10,DLS-ACC,expert,DLS,13,0.737374
10,DLS-ACC,expert,DLS,14,1.362024
10,DLS-ACC,expert,DLS,15,1.005202
10,DLS-ACC,expert,DLS,16,1.06331
10,DLS-ACC,expert,ACC,0,1.787699
10,DLS-ACC,expert,ACC,1,0.742874
10,DLS-ACC,expert,ACC,2,0.386336
10,DLS-ACC,expert,ACC,3,1.006922
10,DLS-ACC,expert,ACC,4,0.0
10,DLS-ACC,expert,ACC,5,0.81878
10,V1-DMS,naive,V1,0,0.873573
10,V1-DMS,naive,V1,1,0.881391
10,V1-DMS,naive,V1,2,0.852254
10,V1-DMS,naive,V1,3,0.947472
10,V1-DMS,naive,V1,4,0.895658
10,V1-DMS,naive,V1,5,0.852505
10,V1-DMS,naive,DMS,0,0.682035
10,V1-DMS,naive,DMS,1,0.289673
10,V1-DMS,naive,DMS,2,0.848248
10,V1-DMS,naive,DMS,3,0.502791
10,V1-DMS,naive,DMS,4,1.271266
10,V1-DMS,naive,DMS,5,0.499913
10,V1-DMS,naive,DMS,6,3.134512
10,V1-DMS,naive,DMS,7,3.058738
10,V1-DMS,naive,DMS,8,0.727981
10,V1-DMS,naive,DMS,9,1.01707
10,V1-DMS,naive,DMS,10,0.770354
10,V1-DMS,naive,DMS,11,1.095474
10,V1-DMS,naive,DMS,12,0.71295
10,V1-DMS,naive,DMS,13,0.732165
10,V1-DMS,naive,DMS,14,0.852771
10,V1-DMS,naive,DMS,15,0.346182
10,V1-DMS,naive,DMS,16,0.959055
10,V1-DMS,naive,DMS,17,0.821903
10,V1-DMS,naive,DMS,18,0.272144
10,V1-DMS,intermediate,V1,0,0.9544
10,V1-DMS,intermediate,V1,1,0.956992
10,V1-DMS,intermediate,V1,2,1.195014
10,V1-DMS,intermediate,V1,3,1.325558
10,V1-DMS,intermediate,V1,4,1.043482
10,V1-DMS,intermediate,V1,5,1.078406
10,V1-DMS,intermediate,DMS,0,0.572031
10,V1-DMS,intermediate,DMS,1,0.645577
10,V1-DMS,intermediate,DMS,2,0.663034
10,V1-DMS,intermediate,DMS,3,0.452163
10,V1-DMS,intermediate,DMS,4,1.070257
10,V1-DMS,intermediate,DMS,5,0.640319
10,V1-DMS,intermediate,DMS,6,2.44657
10,V1-DMS,intermediate,DMS,7,1.918502
10,V1-DMS,intermediate,DMS,8,0.667984
10,V1-DMS,intermediate,DMS,9,0.655542
10,V1-DMS,intermediate,DMS,10,0.553091
10,V1-DMS,intermediate,DMS,11,0.994094
10,V1-DMS,intermediate,DMS,12,0.6695
10,V1-DMS,intermediate,DMS,13,0.62112
10,V1-DMS,intermediate,DMS,14,0.309503
10,V1-DMS,intermediate,DMS,15,0.420212
10,V1-DMS,intermediate,DMS,16,0.644271
10,V1-DMS,intermediate,DMS,17,0.637584
10,V1-DMS,intermediate,DMS,18,0.0
10,V1-DMS,expert,V1,0,1.01392
10,V1-DMS,expert,V1,1,1.052854
10,V1-DMS,expert,V1,2,1.094749
10,V1-DMS,expert,V1,3,1.568087
10,V1-DMS,expert,V1,4,1.09269
10,V1-DMS,expert,V1,5,1.189338
10,V1-DMS,expert,DMS,0,0.752087
10,V1-DMS,expert,DMS,1,0.558228
10,V1-DMS,expert,DMS,2,1.138077
10,V1-DMS,expert,DMS,3,0.446998
10,V1-DMS,expert,DMS,4,1.184654
10,V1-DMS,expert,DMS,5,0.318979
10,V1-DMS,expert,DMS,6,2.79794
10,V1-DMS,expert,DMS,7,2.340095
10,V1-DMS,expert,DMS,8,0.486063
10,V1-DMS,expert,DMS,9,0.620599
10,V1-DMS,expert,DMS,10,0.601299
10,V1-DMS,expert,DMS,11,0.611777
10,V1-DMS,expert,DMS,12,0.890248
10,V1-DMS,expert,DMS,13,0.765047
10,V1-DMS,expert,DMS,14,0.509835
10,V1-DMS,expert,DMS,15,0.431868
10,V1-DMS,expert,DMS,16,0.846722
10,V1-DMS,expert,DMS,17,0.739807
10,V1-DMS,expert,DMS,18,0.227936
10,V1-DLS,naive,V1,0,0.873573
10,V1-DLS,naive,V1,1,0.881391
10,V1-DLS,naive,V1,2,0.852254
10,V1-DLS,naive,V1,3,0.947472
10,V1-DLS,naive,V1,4,0.895658
10,V1-DLS,naive,V1,5,0.852505
10,V1-DLS,naive,DLS,0,0.727538
10,V1-DLS,naive,DLS,1,0.596925
10,V1-DLS,naive,DLS,2,1.084591
10,V1-DLS,naive,DLS,3,0.202078
10,V1-DLS,naive,DLS,4,0.601425
10,V1-DLS,naive,DLS,5,0.670774
10,V1-DLS,naive,DLS,6,0.351889
10,V1-DLS,naive,DLS,7,0.455361
10,V1-DLS,naive,DLS,8,0.395763
10,V1-DLS,naive,DLS,9,0.292556
10,V1-DLS,naive,DLS,10,0.473215
10,V1-DLS,naive,DLS,11,0.235491
10,V1-DLS,naive,DLS,12,0.680232
10,V1-DLS,naive,DLS,13,0.863284
10,V1-DLS,naive,DLS,14,0.468918
10,V1-DLS,naive,DLS,15,0.802674
10,V1-DLS,naive,DLS,16,0.39478
10,V1-DLS,intermediate,V1,0,0.9544
10,V1-DLS,intermediate,V1,1,0.956992
10,V1-DLS,intermediate,V1,2,1.195014
10,V1-DLS,intermediate,V1,3,1.325558
10,V1-DLS,intermediate,V1,4,1.043482
10,V1-DLS,intermediate,V1,5,1.078406
10,V1-DLS,intermediate,DLS,0,0.723697
10,V1-DLS,intermediate,DLS,1,0.922635
10,V1-DLS,intermediate,DLS,2,0.644077
10,V1-DLS,intermediate,DLS,3,0.220981
10,V1-DLS,intermediate,DLS,4,0.382422
10,V1-DLS,intermediate,DLS,5,0.636504
10,V1-DLS,intermediate,DLS,6,0.486334
10,V1-DLS,intermediate,DLS,7,0.43043
10,V1-DLS,intermediate,DLS,8,1.14497
10,V1-DLS,intermediate,DLS,9,1.071244
10,V1-DLS,intermediate,DLS,10,0.305899
10,V1-DLS,intermediate,DLS,11,1.179523
10,V1-DLS,intermediate,DLS,12,0.448149
10,V1-DLS,intermediate,DLS,13,0.641463
10,V1-DLS,intermediate,DLS,14,0.325736
10,V1-DLS,intermediate,DLS,15,0.948538
10,V1-DLS,intermediate,DLS,16,0.600965
10,V1-DLS,expert,V1,0,1.01392
10,V1-DLS,expert,V1,1,1.052854
10,V1-DLS,expert,V1,2,1.094749
10,V1-DLS,expert,V1,3,1.568087
10,V1-DLS,expert,V1,4,1.09269
10,V1-DLS,expert,V1,5,1.189338
10,V1-DLS,expert,DLS,0,0.508856
10,V1-DLS,expert,DLS,1,0.623846
10,V1-DLS,expert,DLS,2,0.801699
10,V1-DLS,expert,DLS,3,0.0
10,V1-DLS,expert,DLS,4,0.377351
10,V1-DLS,expert,DLS,5,0.886619
10,V1-DLS,expert,DLS,6,0.541587
10,V1-DLS,expert,DLS,7,0.639355
10,V1-DLS,expert,DLS,8,0.275931
10,V1-DLS,expert,DLS,9,1.445307
10,V1-DLS,expert,DLS,10,0.854037
10,V1-DLS,expert,DLS,11,1.031756
10,V1-DLS,expert,DLS,12,0.909186
10,V1-DLS,expert,DLS,13,0.761669
10,V1-DLS,expert,DLS,14,0.561386
10,V1-DLS,expert,DLS,15,1.314304
10,V1-DLS,expert,DLS,16,0.691141
10,V1-ACC,naive,V1,0,0.383121
10,V1-ACC,naive,V1,1,0.730066
10,V1-ACC,naive,V1,2,0.838316
10,V1-ACC,naive,V1,3,0.798303
10,V1-ACC,naive,V1,4,0.715614
10,V1-ACC,naive,V1,5,0.744051
10,V1-ACC,naive,ACC,0,0.42403
10,V1-ACC,naive,ACC,1,1.397497
10,V1-ACC,naive,ACC,2,0.0
10,V1-ACC,naive,ACC,3,0.993909
10,V1-ACC,naive,ACC,4,0.0
10,V1-ACC,naive,ACC,5,0.993167
10,V1-ACC,intermediate,V1,0,0.822941
10,V1-ACC,intermediate,V1,1,0.775319
10,V1-ACC,intermediate,V1,2,1.161299
10,V1-ACC,intermediate,V1,3,1.32546
10,V1-ACC,intermediate,V1,4,0.856123
10,V1-ACC,intermediate,V1,5,1.061196
10,V1-ACC,intermediate,ACC,0,1.541758
10,V1-ACC,intermediate,ACC,1,1.073341
10,V1-ACC,intermediate,ACC,2,0.0
10,V1-ACC,intermediate,ACC,3,0.993528
10,V1-ACC,intermediate,ACC,4,0.568583
10,V1-ACC,intermediate,ACC,5,0.933112
10,V1-ACC,expert,V1,0,0.986133
10,V1-ACC,expert,V1,1,0.823251
10,V1-ACC,expert,V1,2,1.060226
10,V1-ACC,expert,V1,3,1.115464
10,V1-ACC,expert,V1,4,1.08286
10,V1-ACC,expert,V1,5,1.182495
10,V1-ACC,expert,ACC,0,1.787699
10,V1-ACC,expert,ACC,1,0.742874
10,V1-ACC,expert,ACC,2,0.386336
10,V1-ACC,expert,ACC,3,1.006922
10,V1-ACC,expert,ACC,4,0.0
10,V1-ACC,expert,ACC,5,0.81878
11,DMS-DLS,naive,DMS,0,0.315699
11,DMS-DLS,naive,DMS,1,0.593192
11,DMS-DLS,naive,DMS,2,0.12361
11,DMS-DLS,naive,DMS,3,0.564123
11,DMS-DLS,naive,DMS,4,0.367129
11,DMS-DLS,naive,DMS,5,1.235825
11,DMS-DLS,naive,DMS,6,0.224405
11,DMS-DLS,naive,DMS,7,0.271278
11,DMS-DLS,naive,DMS,8,0.857292
11,DMS-DLS,naive,DMS,9,0.317484
11,DMS-DLS,naive,DMS,10,0.146618
11,DMS-DLS,naive,DMS,11,0.918132
11,DMS-DLS,naive,DMS,12,0.544722
11,DMS-DLS,naive,DMS,13,0.237897
11,DMS-DLS,naive,DMS,14,0.138184
11,DMS-DLS,naive,DMS,15,0.201121
11,DMS-DLS,naive,DMS,16,0.326574
11,DMS-DLS,naive,DMS,17,0.471217
11,DMS-DLS,naive,DMS,18,1.36705
11,DMS-DLS,naive,DMS,19,0.334211
11,DMS-DLS,naive,DLS,0,1.622367
11,DMS-DLS,naive,DLS,1,0.933653
11,DMS-DLS,naive,DLS,2,3.395499
11,DMS-DLS,naive,DLS,3,0.711878
11,DMS-DLS,naive,DLS,4,0.689357
11,DMS-DLS,intermediate,DMS,0,0.387444
11,DMS-DLS,intermediate,DMS,1,0.176631
11,DMS-DLS,intermediate,DMS,2,0.479977
11,DMS-DLS,intermediate,DMS,3,0.518912
11,DMS-DLS,intermediate,DMS,4,0.671793
11,DMS-DLS,intermediate,DMS,5,0.333033
11,DMS-DLS,intermediate,DMS,6,0.151415
11,DMS-DLS,intermediate,DMS,7,1.221045
11,DMS-DLS,intermediate,DMS,8,0.428805
11,DMS-DLS,intermediate,DMS,9,0.345391
11,DMS-DLS,intermediate,DMS,10,0.570512
11,DMS-DLS,intermediate,DMS,11,0.754995
11,DMS-DLS,intermediate,DMS,12,0.416281
11,DMS-DLS,intermediate,DMS,13,0.153775
11,DMS-DLS,intermediate,DMS,14,4.557212
11,DMS-DLS,intermediate,DMS,15,0.178828
11,DMS-DLS,intermediate,DMS,16,1.395685
11,DMS-DLS,intermediate,DMS,17,1.270572
11,DMS-DLS,intermediate,DMS,18,1.149307
11,DMS-DLS,intermediate,DMS,19,0.207048
11,DMS-DLS,intermediate,DLS,0,1.104241
11,DMS-DLS,intermediate,DLS,1,0.899358
11,DMS-DLS,intermediate,DLS,2,6.440821
11,DMS-DLS,intermediate,DLS,3,1.238515
11,DMS-DLS,intermediate,DLS,4,0.0
11,DMS-DLS,expert,DMS,0,0.570812
11,DMS-DLS,expert,DMS,1,0.230749
11,DMS-DLS,expert,DMS,2,0.738469
11,DMS-DLS,expert,DMS,3,0.569535
11,DMS-DLS,expert,DMS,4,0.445075
11,DMS-DLS,expert,DMS,5,0.315412
11,DMS-DLS,expert,DMS,6,1.362211
11,DMS-DLS,expert,DMS,7,0.157351
11,DMS-DLS,expert,DMS,8,0.875656
11,DMS-DLS,expert,DMS,9,0.476121
11,DMS-DLS,expert,DMS,10,0.125083
11,DMS-DLS,expert,DMS,11,0.112853
11,DMS-DLS,expert,DMS,12,1.109886
11,DMS-DLS,expert,DMS,13,0.316125
11,DMS-DLS,expert,DMS,14,0.373258
11,DMS-DLS,expert,DMS,15,0.454065
11,DMS-DLS,expert,DMS,16,0.541368
11,DMS-DLS,expert,DMS,17,1.060963
11,DMS-DLS,expert,DMS,18,2.258691
11,DMS-DLS,expert,DMS,19,0.75435
11,DMS-DLS,expert,DLS,0,0.794257
11,DMS-DLS,expert,DLS,1,0.590911
11,DMS-DLS,expert,DLS,2,5.807813
11,DMS-DLS,expert,DLS,3,1.750067
11,DMS-DLS,expert,DLS,4,1.492882
11,DMS-ACC,naive,DMS,0,1.024206
11,DMS-ACC,naive,DMS,1,1.428193
11,DMS-ACC,naive,DMS,2,0.414765
11,DMS-ACC,naive,DMS,3,0.865347
11,DMS-ACC,naive,DMS,4,1.139134
11,DMS-ACC,naive,DMS,5,1.4333
11,DMS-ACC,naive,DMS,6,0.484306
11,DMS-ACC,naive,DMS,7,0.669189
11,DMS-ACC,naive,DMS,8,2.598829
11,DMS-ACC,naive,DMS,9,1.02081
11,DMS-ACC,naive,DMS,10,1.752722
11,DMS-ACC,naive,DMS,11,2.372842
11,DMS-ACC,naive,DMS,12,0.715295
11,DMS-ACC,naive,DMS,13,1.395789
11,DMS-ACC,naive,DMS,14,0.541845
11,DMS-ACC,naive,DMS,15,0.392365
11,DMS-ACC,naive,DMS,16,0.484246
11,DMS-ACC,naive,DMS,17,0.874266
11,DMS-ACC,naive,DMS,18,2.05358
11,DMS-ACC,naive,DMS,19,0.604184
11,DMS-ACC,naive,ACC,0,0.018247
11,DMS-ACC,naive,ACC,1,0.205922
11,DMS-ACC,naive,ACC,2,0.875445
11,DMS-ACC,naive,ACC,3,0.146043
11,DMS-ACC,naive,ACC,4,0.036799
11,DMS-ACC,naive,ACC,5,0.784678
11,DMS-ACC,naive,ACC,6,0.645186
11,DMS-ACC,naive,ACC,7,0.064242
11,DMS-ACC,naive,ACC,8,0.890406
11,DMS-ACC,naive,ACC,9,0.107778
11,DMS-ACC,naive,ACC,10,0.108437
11,DMS-ACC,naive,ACC,11,0.106065
11,DMS-ACC,naive,ACC,12,0.274845
11,DMS-ACC,naive,ACC,13,0.03663
11,DMS-ACC,naive,ACC,14,0.580837
11,DMS-ACC,naive,ACC,15,0.430764
11,DMS-ACC,naive,ACC,16,0.792096
11,DMS-ACC,naive,ACC,17,0.37212
11,DMS-ACC,naive,ACC,18,0.02928
11,DMS-ACC,naive,ACC,19,0.06907
11,DMS-ACC,naive,ACC,20,0.884026
11,DMS-ACC,naive,ACC,21,0.224552
11,DMS-ACC,naive,ACC,22,0.208116
11,DMS-ACC,naive,ACC,23,0.722795
11,DMS-ACC,naive,ACC,24,0.783079
11,DMS-ACC,naive,ACC,25,0.676706
11,DMS-ACC,naive,ACC,26,0.059897
11,DMS-ACC,naive,ACC,27,0.070681
11,DMS-ACC,naive,ACC,28,0.111253
11,DMS-ACC,naive,ACC,29,0.079398
11,DMS-ACC,naive,ACC,30,0.033804
11,DMS-ACC,naive,ACC,31,0.036344
11,DMS-ACC,naive,ACC,32,0.0902
11,DMS-ACC,naive,ACC,33,0.588202
11,DMS-ACC,naive,ACC,34,0.930873
11,DMS-ACC,naive,ACC,35,0.047143
11,DMS-ACC,naive,ACC,36,0.868713
11,DMS-ACC,naive,ACC,37,0.021166
11,DMS-ACC,naive,ACC,38,0.01917
11,DMS-ACC,naive,ACC,39,0.427627
11,DMS-ACC,naive,ACC,40,0.0
11,DMS-ACC,naive,ACC,41,0.12511
11,DMS-ACC,naive,ACC,42,0.91347
11,DMS-ACC,naive,ACC,43,0.180326
11,DMS-ACC,naive,ACC,44,0.195088
11,DMS-ACC,naive,ACC,45,0.763369
11,DMS-ACC,naive,ACC,46,0.029536
11,DMS-ACC,naive,ACC,47,0.152534
11,DMS-ACC,naive,ACC,48,0.040066
11,DMS-ACC,naive,ACC,49,0.225037
11,DMS-ACC,naive,ACC,50,0.107377
11,DMS-ACC,naive,ACC,51,0.392264
11,DMS-ACC,naive,ACC,52,0.22131
11,DMS-ACC,naive,ACC,53,0.634331
11,DMS-ACC,naive,ACC,54,0.593735
11,DMS-ACC,naive,ACC,55,0.019731
11,DMS-ACC,naive,ACC,56,0.809195
11,DMS-ACC,naive,ACC,57,0.060069
11,DMS-ACC,naive,ACC,58,0.70918
11,DMS-ACC,naive,ACC,59,0.019319
11,DMS-ACC,naive,ACC,60,0.047603
11,DMS-ACC,intermediate,DMS,0,1.013701
11,DMS-ACC,intermediate,DMS,1,0.61311
11,DMS-ACC,intermediate,DMS,2,1.203032
11,DMS-ACC,intermediate,DMS,3,0.91882
11,DMS-ACC,intermediate,DMS,4,1.039262
11,DMS-ACC,intermediate,DMS,5,0.593587
11,DMS-ACC,intermediate,DMS,6,2.200612
11,DMS-ACC,intermediate,DMS,7,1.936499
11,DMS-ACC,intermediate,DMS,8,1.38693
11,DMS-ACC,intermediate,DMS,9,1.232206
11,DMS-ACC,intermediate,DMS,10,1.45924
11,DMS-ACC,intermediate,DMS,11,2.846801
11,DMS-ACC,intermediate,DMS,12,1.094919
11,DMS-ACC,intermediate,DMS,13,0.587801
11,DMS-ACC,intermediate,DMS,14,7.778718
11,DMS-ACC,intermediate,DMS,15,3.788864
11,DMS-ACC,intermediate,DMS,16,1.9607
11,DMS-ACC,intermediate,DMS,17,2.710187
11,DMS-ACC,intermediate,DMS,18,2.101026
11,DMS-ACC,intermediate,DMS,19,0.746505
11,DMS-ACC,intermediate,ACC,0,0.484274
11,DMS-ACC,intermediate,ACC,1,0.196146
11,DMS-ACC,intermediate,ACC,2,0.947081
11,DMS-ACC,intermediate,ACC,3,0.390382
11,DMS-ACC,intermediate,ACC,4,0.479584
11,DMS-ACC,intermediate,ACC,5,0.42614
11,DMS-ACC,intermediate,ACC,6,0.082129
11,DMS-ACC,intermediate,ACC,7,0.827982
11,DMS-ACC,intermediate,ACC,8,0.602989
11,DMS-ACC,intermediate,ACC,9,0.123365
11,DMS-ACC,intermediate,ACC,10,0.797658
11,DMS-ACC,intermediate,ACC,11,0.026397
11,DMS-ACC,intermediate,ACC,12,0.131786
11,DMS-ACC,intermediate,ACC,13,0.114812
11,DMS-ACC,intermediate,ACC,14,0.146546
11,DMS-ACC,intermediate,ACC,15,0.015658
11,DMS-ACC,intermediate,ACC,16,0.198315
11,DMS-ACC,intermediate,ACC,17,0.291452
11,DMS-ACC,intermediate,ACC,18,0.810609
11,DMS-ACC,intermediate,ACC,19,0.774943
11,DMS-ACC,intermediate,ACC,20,0.100066
11,DMS-ACC,intermediate,ACC,21,0.827154
11,DMS-ACC,intermediate,ACC,22,0.365384
11,DMS-ACC,intermediate,ACC,23,0.17673
11,DMS-ACC,intermediate,ACC,24,0.363932
11,DMS-ACC,intermediate,ACC,25,0.053825
11,DMS-ACC,intermediate,ACC,26,0.235121
11,DMS-ACC,intermediate,ACC,27,0.236133
11,DMS-ACC,intermediate,ACC,28,0.754015
11,DMS-ACC,intermediate,ACC,29,0.916984
11,DMS-ACC,intermediate,ACC,30,0.052037
11,DMS-ACC,intermediate,ACC,31,0.18271
11,DMS-ACC,intermediate,ACC,32,0.695798
11,DMS-ACC,intermediate,ACC,33,0.120095
11,DMS-ACC,intermediate,ACC,34,0.915491
11,DMS-ACC,intermediate,ACC,35,0.950868
11,DMS-ACC,intermediate,ACC,36,0.16818
11,DMS-ACC,intermediate,ACC,37,0.602887
11,DMS-ACC,intermediate,ACC,38,0.135172
11,DMS-ACC,intermediate,ACC,39,0.003904
11,DMS-ACC,intermediate,ACC,40,0.0
11,DMS-ACC,intermediate,ACC,41,0.856864
11,DMS-ACC,intermediate,ACC,42,0.321075
11,DMS-ACC,intermediate,ACC,43,0.045208
11,DMS-ACC,intermediate,ACC,44,0.169216
11,DMS-ACC,intermediate,ACC,45,0.050347
11,DMS-ACC,intermediate,ACC,46,0.161442
11,DMS-ACC,intermediate,ACC,47,0.709693
11,DMS-ACC,intermediate,ACC,48,0.560087
11,DMS-ACC,intermediate,ACC,49,0.299664
11,DMS-ACC,intermediate,ACC,50,0.06268
11,DMS-ACC,intermediate,ACC,51,0.0
11,DMS-ACC,intermediate,ACC,52,0.099568
11,DMS-ACC,intermediate,ACC,53,0.048912
11,DMS-ACC,intermediate,ACC,54,0.037042
11,DMS-ACC,intermediate,ACC,55,0.914948
11,DMS-ACC,intermediate,ACC,56,0.509401
11,DMS-ACC,intermediate,ACC,57,0.007146
11,DMS-ACC,intermediate,ACC,58,0.766024
11,DMS-ACC,intermediate,ACC,59,0.210398
11,DMS-ACC,intermediate,ACC,60,0.308562
11,DMS-ACC,expert,DMS,0,1.014434
11,DMS-ACC,expert,DMS,1,0.648511
11,DMS-ACC,expert,DMS,2,1.147871
11,DMS-ACC,expert,DMS,3,1.048881
11,DMS-ACC,expert,DMS,4,1.005224
11,DMS-ACC,expert,DMS,5,1.128936
11,DMS-ACC,expert,DMS,6,1.937744
11,DMS-ACC,expert,DMS,7,2.032522
11,DMS-ACC,expert,DMS,8,1.529596
11,DMS-ACC,expert,DMS,9,0.663491
11,DMS-ACC,expert,DMS,10,1.503161
11,DMS-ACC,expert,DMS,11,0.972911
11,DMS-ACC,expert,DMS,12,1.442995
11,DMS-ACC,expert,DMS,13,0.74288
11,DMS-ACC,expert,DMS,14,3.662132
11,DMS-ACC,expert,DMS,15,3.123386
11,DMS-ACC,expert,DMS,16,3.540315
11,DMS-ACC,expert,DMS,17,1.837636
11,DMS-ACC,expert,DMS,18,2.444317
11,DMS-ACC,expert,DMS,19,1.781191
11,DMS-ACC,expert,ACC,0,0.554884
11,DMS-ACC,expert,ACC,1,0.259107
11,DMS-ACC,expert,ACC,2,0.083445
11,DMS-ACC,expert,ACC,3,0.354705
11,DMS-ACC,expert,ACC,4,0.897427
11,DMS-ACC,expert,ACC,5,0.183957
11,DMS-ACC,expert,ACC,6,0.061632
11,DMS-ACC,expert,ACC,7,0.109118
11,DMS-ACC,expert,ACC,8,0.707124
11,DMS-ACC,expert,ACC,9,0.060548
11,DMS-ACC,expert,ACC,10,0.791022
11,DMS-ACC,expert,ACC,11,0.141304
11,DMS-ACC,expert,ACC,12,0.245805
11,DMS-ACC,expert,ACC,13,0.151135
11,DMS-ACC,expert,ACC,14,0.140889
11,DMS-ACC,expert,ACC,15,0.07606
11,DMS-ACC,expert,ACC,16,0.240416
11,DMS-ACC,expert,ACC,17,0.117536
11,DMS-ACC,expert,ACC,18,0.850152
11,DMS-ACC,expert,ACC,19,0.189884
11,DMS-ACC,expert,ACC,20,0.10581
11,DMS-ACC,expert,ACC,21,0.286673
11,DMS-ACC,expert,ACC,22,0.135819
11,DMS-ACC,expert,ACC,23,0.248358
11,DMS-ACC,expert,ACC,24,0.091676
11,DMS-ACC,expert,ACC,25,0.067035
11,DMS-ACC,expert,ACC,26,0.080533
11,DMS-ACC,expert,ACC,27,0.34759
11,DMS-ACC,expert,ACC,28,0.799114
11,DMS-ACC,expert,ACC,29,0.788382
11,DMS-ACC,expert,ACC,30,0.083664
11,DMS-ACC,expert,ACC,31,0.147914
11,DMS-ACC,expert,ACC,32,0.682864
11,DMS-ACC,expert,ACC,33,0.815524
11,DMS-ACC,expert,ACC,34,0.133866
11,DMS-ACC,expert,ACC,35,0.97904
11,DMS-ACC,expert,ACC,36,0.16065
11,DMS-ACC,expert,ACC,37,0.145481
11,DMS-ACC,expert,ACC,38,0.612803
11,DMS-ACC,expert,ACC,39,0.804386
11,DMS-ACC,expert,ACC,40,0.545469
11,DMS-ACC,expert,ACC,41,0.41423
11,DMS-ACC,expert,ACC,42,0.057924
11,DMS-ACC,expert,ACC,43,0.031772
11,DMS-ACC,expert,ACC,44,0.275054
11,DMS-ACC,expert,ACC,45,0.050683
11,DMS-ACC,expert,ACC,46,0.116109
11,DMS-ACC,expert,ACC,47,0.800386
11,DMS-ACC,expert,ACC,48,0.776033
11,DMS-ACC,expert,ACC,49,0.068944
11,DMS-ACC,expert,ACC,50,0.070869
11,DMS-ACC,expert,ACC,51,0.179494
11,DMS-ACC,expert,ACC,52,0.065125
11,DMS-ACC,expert,ACC,53,0.687745
11,DMS-ACC,expert,ACC,54,0.042502
11,DMS-ACC,expert,ACC,55,0.766682
11,DMS-ACC,expert,ACC,56,0.859733
11,DMS-ACC,expert,ACC,57,0.076707
11,DMS-ACC,expert,ACC,58,0.710402
11,DMS-ACC,expert,ACC,59,0.744204
11,DMS-ACC,expert,ACC,60,0.849681
11,DLS-ACC,naive,DLS,0,1.622367
11,DLS-ACC,naive,DLS,1,0.933653
11,DLS-ACC,naive,DLS,2,3.395499
11,DLS-ACC,naive,DLS,3,0.711878
11,DLS-ACC,naive,DLS,4,0.689357
11,DLS-ACC,naive,ACC,0,0.011746
11,DLS-ACC,naive,ACC,1,0.113054
11,DLS-ACC,naive,ACC,2,0.242482
11,DLS-ACC,naive,ACC,3,0.068814
11,DLS-ACC,naive,ACC,4,0.025069
11,DLS-ACC,naive,ACC,5,0.551715
11,DLS-ACC,naive,ACC,6,0.247749
11,DLS-ACC,naive,ACC,7,0.01355
11,DLS-ACC,naive,ACC,8,0.383764
11,DLS-ACC,naive,ACC,9,0.044962
11,DLS-ACC,naive,ACC,10,0.060734
11,DLS-ACC,naive,ACC,11,0.090437
11,DLS-ACC,naive,ACC,12,0.151709
11,DLS-ACC,naive,ACC,13,0.020716
11,DLS-ACC,naive,ACC,14,0.287837
11,DLS-ACC,naive,ACC,15,0.288293
11,DLS-ACC,naive,ACC,16,0.39523
11,DLS-ACC,naive,ACC,17,0.186752
11,DLS-ACC,naive,ACC,18,0.02168
11,DLS-ACC,naive,ACC,19,0.030012
11,DLS-ACC,naive,ACC,20,0.484055
11,DLS-ACC,naive,ACC,21,0.129736
11,DLS-ACC,naive,ACC,22,0.096585
11,DLS-ACC,naive,ACC,23,0.313845
11,DLS-ACC,naive,ACC,24,0.361692
11,DLS-ACC,naive,ACC,25,0.329205
11,DLS-ACC,naive,ACC,26,0.024445
11,DLS-ACC,naive,ACC,27,0.057947
11,DLS-ACC,naive,ACC,28,0.058127
11,DLS-ACC,naive,ACC,29,0.059684
11,DLS-ACC,naive,ACC,30,0.019269
11,DLS-ACC,naive,ACC,31,0.024858
11,DLS-ACC,naive,ACC,32,0.05155
11,DLS-ACC,naive,ACC,33,0.224809
11,DLS-ACC,naive,ACC,34,0.571318
11,DLS-ACC,naive,ACC,35,0.024674
11,DLS-ACC,naive,ACC,36,0.206282
11,DLS-ACC,naive,ACC,37,0.012466
11,DLS-ACC,naive,ACC,38,0.012098
11,DLS-ACC,naive,ACC,39,0.095559
11,DLS-ACC,naive,ACC,40,0.0
11,DLS-ACC,naive,ACC,41,0.106267
11,DLS-ACC,naive,ACC,42,0.376353
11,DLS-ACC,naive,ACC,43,0.149908
11,DLS-ACC,naive,ACC,44,0.057314
11,DLS-ACC,naive,ACC,45,0.258824
11,DLS-ACC,naive,ACC,46,0.015024
11,DLS-ACC,naive,ACC,47,0.040367
11,DLS-ACC,naive,ACC,48,0.018009
11,DLS-ACC,naive,ACC,49,0.104867
11,DLS-ACC,naive,ACC,50,0.070264
11,DLS-ACC,naive,ACC,51,0.136328
11,DLS-ACC,naive,ACC,52,0.088268
11,DLS-ACC,naive,ACC,53,0.174862
11,DLS-ACC,naive,ACC,54,0.339755
11,DLS-ACC,naive,ACC,55,0.007773
11,DLS-ACC,naive,ACC,56,0.639811
11,DLS-ACC,naive,ACC,57,0.0229
11,DLS-ACC,naive,ACC,58,0.293909
11,DLS-ACC,naive,ACC,59,0.007139
11,DLS-ACC,naive,ACC,60,0.013964
11,DLS-ACC,intermediate,DLS,0,1.104241
11,DLS-ACC,intermediate,DLS,1,0.899358
11,DLS-ACC,intermediate,DLS,2,6.440821
11,DLS-ACC,intermediate,DLS,3,1.238515
11,DLS-ACC,intermediate,DLS,4,0.0
11,DLS-ACC,intermediate,ACC,0,0.222786
11,DLS-ACC,intermediate,ACC,1,0.056179
11,DLS-ACC,intermediate,ACC,2,0.450114
11,DLS-ACC,intermediate,ACC,3,0.167162
11,DLS-ACC,intermediate,ACC,4,0.274008
11,DLS-ACC,intermediate,ACC,5,0.147426
11,DLS-ACC,intermediate,ACC,6,0.031402
11,DLS-ACC,intermediate,ACC,7,0.222031
11,DLS-ACC,intermediate,ACC,8,0.545158
11,DLS-ACC,intermediate,ACC,9,0.061787
11,DLS-ACC,intermediate,ACC,10,0.497051
11,DLS-ACC,intermediate,ACC,11,0.011976
11,DLS-ACC,intermediate,ACC,12,0.052541
11,DLS-ACC,intermediate,ACC,13,0.057811
11,DLS-ACC,intermediate,ACC,14,0.091653
11,DLS-ACC,intermediate,ACC,15,0.008651
11,DLS-ACC,intermediate,ACC,16,0.036082
11,DLS-ACC,intermediate,ACC,17,0.029584
11,DLS-ACC,intermediate,ACC,18,0.313902
11,DLS-ACC,intermediate,ACC,19,0.219779
11,DLS-ACC,intermediate,ACC,20,0.054569
11,DLS-ACC,intermediate,ACC,21,0.449727
11,DLS-ACC,intermediate,ACC,22,0.131997
11,DLS-ACC,intermediate,ACC,23,0.073962
11,DLS-ACC,intermediate,ACC,24,0.111117
11,DLS-ACC,intermediate,ACC,25,0.016867
11,DLS-ACC,intermediate,ACC,26,0.125742
11,DLS-ACC,intermediate,ACC,27,0.113381
11,DLS-ACC,intermediate,ACC,28,0.258153
11,DLS-ACC,intermediate,ACC,29,0.279592
11,DLS-ACC,intermediate,ACC,30,0.011263
11,DLS-ACC,intermediate,ACC,31,0.063336
11,DLS-ACC,intermediate,ACC,32,0.142357
11,DLS-ACC,intermediate,ACC,33,0.01673
11,DLS-ACC,intermediate,ACC,34,0.43365
11,DLS-ACC,intermediate,ACC,35,0.128275
11,DLS-ACC,intermediate,ACC,36,0.119669
11,DLS-ACC,intermediate,ACC,37,0.351342
11,DLS-ACC,intermediate,ACC,38,0.017356
11,DLS-ACC,intermediate,ACC,39,0.0005
11,DLS-ACC,intermediate,ACC,40,0.0
11,DLS-ACC,intermediate,ACC,41,0.143604
11,DLS-ACC,intermediate,ACC,42,0.186523
11,DLS-ACC,intermediate,ACC,43,0.025353
11,DLS-ACC,intermediate,ACC,44,0.07314
11,DLS-ACC,intermediate,ACC,45,0.02427
11,DLS-ACC,intermediate,ACC,46,0.095362
11,DLS-ACC,intermediate,ACC,47,0.393815
11,DLS-ACC,intermediate,ACC,48,0.22455
11,DLS-ACC,intermediate,ACC,49,0.058796
11,DLS-ACC,intermediate,ACC,50,0.019649
11,DLS-ACC,intermediate,ACC,51,0.0
11,DLS-ACC,intermediate,ACC,52,0.036665
11,DLS-ACC,intermediate,ACC,53,0.00949
11,DLS-ACC,intermediate,ACC,54,0.008596
11,DLS-ACC,intermediate,ACC,55,0.285325
11,DLS-ACC,intermediate,ACC,56,0.189048
11,DLS-ACC,intermediate,ACC,57,0.001944
11,DLS-ACC,intermediate,ACC,58,0.303798
11,DLS-ACC,intermediate,ACC,59,0.051518
11,DLS-ACC,intermediate,ACC,60,0.035387
11,DLS-ACC,expert,DLS,0,0.794257
11,DLS-ACC,expert,DLS,1,0.590911
11,DLS-ACC,expert,DLS,2,5.807813
11,DLS-ACC,expert,DLS,3,1.750067
11,DLS-ACC,expert,DLS,4,1.492882
11,DLS-ACC,expert,ACC,0,0.167839
11,DLS-ACC,expert,ACC,1,0.130439
11,DLS-ACC,expert,ACC,2,0.042133
11,DLS-ACC,expert,ACC,3,0.164779
11,DLS-ACC,expert,ACC,4,0.353945
11,DLS-ACC,expert,ACC,5,0.085464
11,DLS-ACC,expert,ACC,6,0.020489
11,DLS-ACC,expert,ACC,7,0.049963
11,DLS-ACC,expert,ACC,8,0.517185
11,DLS-ACC,expert,ACC,9,0.036378
11,DLS-ACC,expert,ACC,10,0.423089
11,DLS-ACC,expert,ACC,11,0.084164
11,DLS-ACC,expert,ACC,12,0.118737
11,DLS-ACC,expert,ACC,13,0.067139
11,DLS-ACC,expert,ACC,14,0.077901
11,DLS-ACC,expert,ACC,15,0.032354
11,DLS-ACC,expert,ACC,16,0.14482
11,DLS-ACC,expert,ACC,17,0.052807
11,DLS-ACC,expert,ACC,18,0.380779
11,DLS-ACC,expert,ACC,19,0.118797
11,DLS-ACC,expert,ACC,20,0.080309
11,DLS-ACC,expert,ACC,21,0.110004
11,DLS-ACC,expert,ACC,22,0.04791
11,DLS-ACC,expert,ACC,23,0.072569
11,DLS-ACC,expert,ACC,24,0.027345
11,DLS-ACC,expert,ACC,25,0.029289
11,DLS-ACC,expert,ACC,26,0.041338
11,DLS-ACC,expert,ACC,27,0.197159
11,DLS-ACC,expert,ACC,28,0.160862
11,DLS-ACC,expert,ACC,29,0.445135
11,DLS-ACC,expert,ACC,30,0.034224
11,DLS-ACC,expert,ACC,31,0.088767
11,DLS-ACC,expert,ACC,32,0.392934
11,DLS-ACC,expert,ACC,33,0.590453
11,DLS-ACC,expert,ACC,34,0.086298
11,DLS-ACC,expert,ACC,35,0.238804
11,DLS-ACC,expert,ACC,36,0.079301
11,DLS-ACC,expert,ACC,37,0.063101
11,DLS-ACC,expert,ACC,38,0.164117
11,DLS-ACC,expert,ACC,39,0.452863
11,DLS-ACC,expert,ACC,40,0.144542
11,DLS-ACC,expert,ACC,41,0.211928
11,DLS-ACC,expert,ACC,42,0.036793
11,DLS-ACC,expert,ACC,43,0.014369
11,DLS-ACC,expert,ACC,44,0.166159
11,DLS-ACC,expert,ACC,45,0.038933
11,DLS-ACC,expert,ACC,46,0.074503
11,DLS-ACC,expert,ACC,47,0.549613
11,DLS-ACC,expert,ACC,48,0.359704
11,DLS-ACC,expert,ACC,49,0.027568
11,DLS-ACC,expert,ACC,50,0.049339
11,DLS-ACC,expert,ACC,51,0.118065
11,DLS-ACC,expert,ACC,52,0.024807
11,DLS-ACC,expert,ACC,53,0.396255
11,DLS-ACC,expert,ACC,54,0.019038
11,DLS-ACC,expert,ACC,55,0.341806
11,DLS-ACC,expert,ACC,56,0.312898
11,DLS-ACC,expert,ACC,57,0.022659
11,DLS-ACC,expert,ACC,58,0.397436
11,DLS-ACC,expert,ACC,59,0.247958
11,DLS-ACC,expert,ACC,60,0.506033
11,V1-DMS,naive,V1,0,0.036787
11,V1-DMS,naive,V1,1,0.748761
11,V1-DMS,naive,V1,2,1.05129
11,V1-DMS,naive,V1,3,0.215851
11,V1-DMS,naive,V1,4,0.942706
11,V1-DMS,naive,V1,5,0.118846
11,V1-DMS,naive,V1,6,0.40132
11,V1-DMS,naive,V1,7,1.044665
11,V1-DMS,naive,V1,8,0.664534
11,V1-DMS,naive,V1,9,0.391043
11,V1-DMS,naive,V1,10,0.710356
11,V1-DMS,naive,V1,11,0.922172
11,V1-DMS,naive,V1,12,0.159354
11,V1-DMS,naive,V1,13,0.773027
11,V1-DMS,naive,V1,14,0.099349
11,V1-DMS,naive,V1,15,1.044012
11,V1-DMS,naive,V1,16,0.166518
11,V1-DMS,naive,V1,17,0.06264
11,V1-DMS,naive,V1,18,0.100741
11,V1-DMS,naive,V1,19,0.920559
11,V1-DMS,naive,V1,20,0.008742
11,V1-DMS,naive,V1,21,0.108239
11,V1-DMS,naive,V1,22,0.021501
11,V1-DMS,naive,V1,23,0.011209
11,V1-DMS,naive,V1,24,0.083168
11,V1-DMS,naive,V1,25,0.237222
11,V1-DMS,naive,V1,26,0.022362
11,V1-DMS,naive,V1,27,0.02186
11,V1-DMS,naive,V1,28,0.53036
11,V1-DMS,naive,V1,29,0.596883
11,V1-DMS,naive,V1,30,0.610006
11,V1-DMS,naive,V1,31,0.189999
11,V1-DMS,naive,V1,32,0.993477
11,V1-DMS,naive,V1,33,1.042864
11,V1-DMS,naive,V1,34,0.126489
11,V1-DMS,naive,V1,35,0.985533
11,V1-DMS,naive,V1,36,0.187166
11,V1-DMS,naive,V1,37,0.030071
11,V1-DMS,naive,V1,38,0.041106
11,V1-DMS,naive,V1,39,0.139374
11,V1-DMS,naive,V1,40,0.009471
11,V1-DMS,naive,V1,41,0.078189
11,V1-DMS,naive,V1,42,0.902013
11,V1-DMS,naive,V1,43,0.062061
11,V1-DMS,naive,V1,44,0.104835
11,V1-DMS,naive,V1,45,0.867646
11,V1-DMS,naive,V1,46,1.025927
11,V1-DMS,naive,V1,47,0.024002
11,V1-DMS,naive,V1,48,0.016501
11,V1-DMS,naive,V1,49,0.008859
11,V1-DMS,naive,V1,50,0.179557
11,V1-DMS,naive,V1,51,0.062375
11,V1-DMS,naive,V1,52,0.108388
11,V1-DMS,naive,V1,53,0.456651
11,V1-DMS,naive,DMS,0,1.024206
11,V1-DMS,naive,DMS,1,1.428193
11,V1-DMS,naive,DMS,2,0.414765
11,V1-DMS,naive,DMS,3,0.865347
11,V1-DMS,naive,DMS,4,1.139134
11,V1-DMS,naive,DMS,5,1.4333
11,V1-DMS,naive,DMS,6,0.484306
11,V1-DMS,naive,DMS,7,0.669189
11,V1-DMS,naive,DMS,8,2.598829
11,V1-DMS,naive,DMS,9,1.02081
11,V1-DMS,naive,DMS,10,1.752722
11,V1-DMS,naive,DMS,11,2.372842
11,V1-DMS,naive,DMS,12,0.715295
11,V1-DMS,naive,DMS,13,1.395789
11,V1-DMS,naive,DMS,14,0.541845
11,V1-DMS,naive,DMS,15,0.392365
11,V1-DMS,naive,DMS,16,0.484246
11,V1-DMS,naive,DMS,17,0.874266
11,V1-DMS,naive,DMS,18,2.05358
11,V1-DMS,naive,DMS,19,0.604184
11,V1-DMS,intermediate,V1,0,0.848238
11,V1-DMS,intermediate,V1,1,0.655216
11,V1-DMS,intermediate,V1,2,0.809464
11,V1-DMS,intermediate,V1,3,0.88337
11,V1-DMS,intermediate,V1,4,0.891768
11,V1-DMS,intermediate,V1,5,0.743656
11,V1-DMS,intermediate,V1,6,0.570468
11,V1-DMS,intermediate,V1,7,0.952497
11,V1-DMS,intermediate,V1,8,0.135676
11,V1-DMS,intermediate,V1,9,0.040403
11,V1-DMS,intermediate,V1,10,0.295849
11,V1-DMS,intermediate,V1,11,0.127069
11,V1-DMS,intermediate,V1,12,0.2559
11,V1-DMS,intermediate,V1,13,0.226239
11,V1-DMS,intermediate,V1,14,0.747546
11,V1-DMS,intermediate,V1,15,0.876007
11,V1-DMS,intermediate,V1,16,0.279009
11,V1-DMS,intermediate,V1,17,0.132502
11,V1-DMS,intermediate,V1,18,0.857929
11,V1-DMS,intermediate,V1,19,0.38291
11,V1-DMS,intermediate,V1,20,0.613997
11,V1-DMS,intermediate,V1,21,0.971564
11,V1-DMS,intermediate,V1,22,0.881565
11,V1-DMS,intermediate,V1,23,0.049427
11,V1-DMS,intermediate,V1,24,0.936037
11,V1-DMS,intermediate,V1,25,0.980382
11,V1-DMS,intermediate,V1,26,0.048944
11,V1-DMS,intermediate,V1,27,0.558784
11,V1-DMS,intermediate,V1,28,0.865739
11,V1-DMS,intermediate,V1,29,0.0568
11,V1-DMS,intermediate,V1,30,0.734245
11,V1-DMS,intermediate,V1,31,0.026636
11,V1-DMS,intermediate,V1,32,0.934794
11,V1-DMS,intermediate,V1,33,0.381673
11,V1-DMS,intermediate,V1,34,0.051624
11,V1-DMS,intermediate,V1,35,0.25612
11,V1-DMS,intermediate,V1,36,0.845846
11,V1-DMS,intermediate,V1,37,0.121681
11,V1-DMS,intermediate,V1,38,0.050044
11,V1-DMS,intermediate,V1,39,0.424311
11,V1-DMS,intermediate,V1,40,0.040614
11,V1-DMS,intermediate,V1,41,0.820638
11,V1-DMS,intermediate,V1,42,0.339933
11,V1-DMS,intermediate,V1,43,0.378006
11,V1-DMS,intermediate,V1,44,0.05047
11,V1-DMS,intermediate,V1,45,0.708216
11,V1-DMS,intermediate,V1,46,0.728808
11,V1-DMS,intermediate,V1,47,0.883415
11,V1-DMS,intermediate,V1,48,0.048324
11,V1-DMS,intermediate,V1,49,0.181317
11,V1-DMS,intermediate,V1,50,0.802633
11,V1-DMS,intermediate,V1,51,0.187107
11,V1-DMS,intermediate,V1,52,0.322
11,V1-DMS,intermediate,V1,53,0.110927
11,V1-DMS,intermediate,DMS,0,1.013701
11,V1-DMS,intermediate,DMS,1,0.61311
11,V1-DMS,intermediate,DMS,2,1.203032
11,V1-DMS,intermediate,DMS,3,0.91882
11,V1-DMS,intermediate,DMS,4,1.039262
11,V1-DMS,intermediate,DMS,5,0.593587
11,V1-DMS,intermediate,DMS,6,2.200612
11,V1-DMS,intermediate,DMS,7,1.936499
11,V1-DMS,intermediate,DMS,8,1.38693
11,V1-DMS,intermediate,DMS,9,1.232206
11,V1-DMS,intermediate,DMS,10,1.45924
11,V1-DMS,intermediate,DMS,11,2.846801
11,V1-DMS,intermediate,DMS,12,1.094919
11,V1-DMS,intermediate,DMS,13,0.587801
11,V1-DMS,intermediate,DMS,14,7.778718
11,V1-DMS,intermediate,DMS,15,3.788864
11,V1-DMS,intermediate,DMS,16,1.9607
11,V1-DMS,intermediate,DMS,17,2.710187
11,V1-DMS,intermediate,DMS,18,2.101026
11,V1-DMS,intermediate,DMS,19,0.746505
11,V1-DMS,expert,V1,0,0.725129
11,V1-DMS,expert,V1,1,0.332263
11,V1-DMS,expert,V1,2,0.221148
11,V1-DMS,expert,V1,3,0.66395
11,V1-DMS,expert,V1,4,0.954853
11,V1-DMS,expert,V1,5,0.759384
11,V1-DMS,expert,V1,6,0.933675
11,V1-DMS,expert,V1,7,0.256317
11,V1-DMS,expert,V1,8,0.087683
11,V1-DMS,expert,V1,9,0.040773
11,V1-DMS,expert,V1,10,0.113447
11,V1-DMS,expert,V1,11,0.12552
11,V1-DMS,expert,V1,12,0.259607
11,V1-DMS,expert,V1,13,0.166639
11,V1-DMS,expert,V1,14,0.599069
11,V1-DMS,expert,V1,15,0.218082
11,V1-DMS,expert,V1,16,0.284143
11,V1-DMS,expert,V1,17,0.267931
11,V1-DMS,expert,V1,18,0.912902
11,V1-DMS,expert,V1,19,0.279914
11,V1-DMS,expert,V1,20,1.000888
11,V1-DMS,expert,V1,21,0.982874
11,V1-DMS,expert,V1,22,0.861923
11,V1-DMS,expert,V1,23,0.036803
11,V1-DMS,expert,V1,24,0.984214
11,V1-DMS,expert,V1,25,0.997447
11,V1-DMS,expert,V1,26,0.03038
11,V1-DMS,expert,V1,27,0.351681
11,V1-DMS,expert,V1,28,0.265703
11,V1-DMS,expert,V1,29,0.115771
11,V1-DMS,expert,V1,30,0.072558
11,V1-DMS,expert,V1,31,0.017049
11,V1-DMS,expert,V1,32,0.954081
11,V1-DMS,expert,V1,33,0.945572
11,V1-DMS,expert,V1,34,0.02651
11,V1-DMS,expert,V1,35,1.009728
11,V1-DMS,expert,V1,36,0.536697
11,V1-DMS,expert,V1,37,0.859118
11,V1-DMS,expert,V1,38,0.831716
11,V1-DMS,expert,V1,39,0.919533
11,V1-DMS,expert,V1,40,0.541724
11,V1-DMS,expert,V1,41,0.864634
11,V1-DMS,expert,V1,42,0.200981
11,V1-DMS,expert,V1,43,0.032699
11,V1-DMS,expert,V1,44,0.013443
11,V1-DMS,expert,V1,45,0.078449
11,V1-DMS,expert,V1,46,0.928889
11,V1-DMS,expert,V1,47,0.067567
11,V1-DMS,expert,V1,48,0.066297
11,V1-DMS,expert,V1,49,0.085311
11,V1-DMS,expert,V1,50,0.554265
11,V1-DMS,expert,V1,51,0.062548
11,V1-DMS,expert,V1,52,0.951566
11,V1-DMS,expert,V1,53,0.16099
11,V1-DMS,expert,DMS,0,1.014434
11,V1-DMS,expert,DMS,1,0.648511
11,V1-DMS,expert,DMS,2,1.147871
11,V1-DMS,expert,DMS,3,1.048881
11,V1-DMS,expert,DMS,4,1.005224
11,V1-DMS,expert,DMS,5,1.128936
11,V1-DMS,expert,DMS,6,1.937744
11,V1-DMS,expert,DMS,7,2.032522
11,V1-DMS,expert,DMS,8,1.529596
11,V1-DMS,expert,DMS,9,0.663491
11,V1-DMS,expert,DMS,10,1.503161
11,V1-DMS,expert,DMS,11,0.972911
11,V1-DMS,expert,DMS,12,1.442995
11,V1-DMS,expert,DMS,13,0.74288
11,V1-DMS,expert,DMS,14,3.662132
11,V1-DMS,expert,DMS,15,3.123386
11,V1-DMS,expert,DMS,16,3.540315
11,V1-DMS,expert,DMS,17,1.837636
11,V1-DMS,expert,DMS,18,2.444317
11,V1-DMS,expert,DMS,19,1.781191
11,V1-DLS,naive,V1,0,0.009301
11,V1-DLS,naive,V1,1,0.350563
11,V1-DLS,naive,V1,2,0.689363
11,V1-DLS,naive,V1,3,0.067945
11,V1-DLS,naive,V1,4,0.22601
11,V1-DLS,naive,V1,5,0.037669
11,V1-DLS,naive,V1,6,0.135849
11,V1-DLS,naive,V1,7,0.465043
11,V1-DLS,naive,V1,8,0.351057
11,V1-DLS,naive,V1,9,0.227358
11,V1-DLS,naive,V1,10,0.232782
11,V1-DLS,naive,V1,11,0.436867
11,V1-DLS,naive,V1,12,0.103241
11,V1-DLS,naive,V1,13,0.25803
11,V1-DLS,naive,V1,14,0.042598
11,V1-DLS,naive,V1,15,0.379404
11,V1-DLS,naive,V1,16,0.090267
11,V1-DLS,naive,V1,17,0.028649
11,V1-DLS,naive,V1,18,0.03777
11,V1-DLS,naive,V1,19,0.407651
11,V1-DLS,naive,V1,20,0.002091
11,V1-DLS,naive,V1,21,0.065175
11,V1-DLS,naive,V1,22,0.011289
11,V1-DLS,naive,V1,23,0.003791
11,V1-DLS,naive,V1,24,0.040667
11,V1-DLS,naive,V1,25,0.083597
11,V1-DLS,naive,V1,26,0.011297
11,V1-DLS,naive,V1,27,0.012833
11,V1-DLS,naive,V1,28,0.474025
11,V1-DLS,naive,V1,29,0.247513
11,V1-DLS,naive,V1,30,0.233728
11,V1-DLS,naive,V1,31,0.061822
11,V1-DLS,naive,V1,32,0.387594
11,V1-DLS,naive,V1,33,0.233308
11,V1-DLS,naive,V1,34,0.053211
11,V1-DLS,naive,V1,35,0.371797
11,V1-DLS,naive,V1,36,0.066777
11,V1-DLS,naive,V1,37,0.010605
11,V1-DLS,naive,V1,38,0.014568
11,V1-DLS,naive,V1,39,0.083405
11,V1-DLS,naive,V1,40,0.001775
11,V1-DLS,naive,V1,41,0.037539
11,V1-DLS,naive,V1,42,0.53622
11,V1-DLS,naive,V1,43,0.038452
11,V1-DLS,naive,V1,44,0.008098
11,V1-DLS,naive,V1,45,0.765029
11,V1-DLS,naive,V1,46,0.26281
11,V1-DLS,naive,V1,47,0.007889
11,V1-DLS,naive,V1,48,0.007469
11,V1-DLS,naive,V1,49,0.003349
11,V1-DLS,naive,V1,50,0.072686
11,V1-DLS,naive,V1,51,0.028602
11,V1-DLS,naive,V1,52,0.059809
11,V1-DLS,naive,V1,53,0.097837
11,V1-DLS,naive,DLS,0,1.622367
11,V1-DLS,naive,DLS,1,0.933653
11,V1-DLS,naive,DLS,2,3.395499
11,V1-DLS,naive,DLS,3,0.711878
11,V1-DLS,naive,DLS,4,0.689357
11,V1-DLS,intermediate,V1,0,0.357242
11,V1-DLS,intermediate,V1,1,0.262645
11,V1-DLS,intermediate,V1,2,0.295337
11,V1-DLS,intermediate,V1,3,0.281947
11,V1-DLS,intermediate,V1,4,0.403822
11,V1-DLS,intermediate,V1,5,0.301919
11,V1-DLS,intermediate,V1,6,0.18888
11,V1-DLS,intermediate,V1,7,0.730809
11,V1-DLS,intermediate,V1,8,0.061374
11,V1-DLS,intermediate,V1,9,0.019155
11,V1-DLS,intermediate,V1,10,0.177877
11,V1-DLS,intermediate,V1,11,0.031634
11,V1-DLS,intermediate,V1,12,0.097548
11,V1-DLS,intermediate,V1,13,0.059578
11,V1-DLS,intermediate,V1,14,0.202954
11,V1-DLS,intermediate,V1,15,0.586064
11,V1-DLS,intermediate,V1,16,0.120094
11,V1-DLS,intermediate,V1,17,0.049172
11,V1-DLS,intermediate,V1,18,0.20508
11,V1-DLS,intermediate,V1,19,0.176642
11,V1-DLS,intermediate,V1,20,0.124022
11,V1-DLS,intermediate,V1,21,0.127098
11,V1-DLS,intermediate,V1,22,0.285904
11,V1-DLS,intermediate,V1,23,0.025217
11,V1-DLS,intermediate,V1,24,0.244569
11,V1-DLS,intermediate,V1,25,0.096984
11,V1-DLS,intermediate,V1,26,0.025645
11,V1-DLS,intermediate,V1,27,0.20537
11,V1-DLS,intermediate,V1,28,0.306178
11,V1-DLS,intermediate,V1,29,0.045057
11,V1-DLS,intermediate,V1,30,0.521201
11,V1-DLS,intermediate,V1,31,0.009915
11,V1-DLS,intermediate,V1,32,0.247448
11,V1-DLS,intermediate,V1,33,0.140385
11,V1-DLS,intermediate,V1,34,0.012561
11,V1-DLS,intermediate,V1,35,0.125956
11,V1-DLS,intermediate,V1,36,0.36898
11,V1-DLS,intermediate,V1,37,0.027598
11,V1-DLS,intermediate,V1,38,0.004596
11,V1-DLS,intermediate,V1,39,0.150933
11,V1-DLS,intermediate,V1,40,0.021904
11,V1-DLS,intermediate,V1,41,0.418475
11,V1-DLS,intermediate,V1,42,0.183901
11,V1-DLS,intermediate,V1,43,0.131113
11,V1-DLS,intermediate,V1,44,0.031262
11,V1-DLS,intermediate,V1,45,0.551107
11,V1-DLS,intermediate,V1,46,0.546359
11,V1-DLS,intermediate,V1,47,0.242205
11,V1-DLS,intermediate,V1,48,0.021932
11,V1-DLS,intermediate,V1,49,0.069092
11,V1-DLS,intermediate,V1,50,0.297635
11,V1-DLS,intermediate,V1,51,0.079837
11,V1-DLS,intermediate,V1,52,0.104578
11,V1-DLS,intermediate,V1,53,0.05766
11,V1-DLS,intermediate,DLS,0,1.104241
11,V1-DLS,intermediate,DLS,1,0.899358
11,V1-DLS,intermediate,DLS,2,6.440821
11,V1-DLS,intermediate,DLS,3,1.238515
11,V1-DLS,intermediate,DLS,4,0.0
11,V1-DLS,expert,V1,0,0.315448
11,V1-DLS,expert,V1,1,0.219465
11,V1-DLS,expert,V1,2,0.041842
11,V1-DLS,expert,V1,3,0.465763
11,V1-DLS,expert,V1,4,0.476022
11,V1-DLS,expert,V1,5,0.65926
11,V1-DLS,expert,V1,6,0.356007
11,V1-DLS,expert,V1,7,0.099916
11,V1-DLS,expert,V1,8,0.049306
11,V1-DLS,expert,V1,9,0.017944
11,V1-DLS,expert,V1,10,0.063249
11,V1-DLS,expert,V1,11,0.065779
11,V1-DLS,expert,V1,12,0.140311
11,V1-DLS,expert,V1,13,0.063157
11,V1-DLS,expert,V1,14,0.444077
11,V1-DLS,expert,V1,15,0.126358
11,V1-DLS,expert,V1,16,0.207711
11,V1-DLS,expert,V1,17,0.164236
11,V1-DLS,expert,V1,18,0.559062
11,V1-DLS,expert,V1,19,0.095017
11,V1-DLS,expert,V1,20,0.446728
11,V1-DLS,expert,V1,21,0.529894
11,V1-DLS,expert,V1,22,0.411529
11,V1-DLS,expert,V1,23,0.02212
11,V1-DLS,expert,V1,24,0.255312
11,V1-DLS,expert,V1,25,0.64977
11,V1-DLS,expert,V1,26,0.013603
11,V1-DLS,expert,V1,27,0.103753
11,V1-DLS,expert,V1,28,0.063426
11,V1-DLS,expert,V1,29,0.047135
11,V1-DLS,expert,V1,30,0.037044
11,V1-DLS,expert,V1,31,0.008467
11,V1-DLS,expert,V1,32,0.493188
11,V1-DLS,expert,V1,33,0.182177
11,V1-DLS,expert,V1,34,0.006982
11,V1-DLS,expert,V1,35,0.267649
11,V1-DLS,expert,V1,36,0.292731
11,V1-DLS,expert,V1,37,0.394539
11,V1-DLS,expert,V1,38,0.085042
11,V1-DLS,expert,V1,39,0.704649
11,V1-DLS,expert,V1,40,0.128703
11,V1-DLS,expert,V1,41,0.34776
11,V1-DLS,expert,V1,42,0.089795
11,V1-DLS,expert,V1,43,0.014008
11,V1-DLS,expert,V1,44,0.007839
11,V1-DLS,expert,V1,45,0.043389
11,V1-DLS,expert,V1,46,0.289315
11,V1-DLS,expert,V1,47,0.020778
11,V1-DLS,expert,V1,48,0.043359
11,V1-DLS,expert,V1,49,0.036757
11,V1-DLS,expert,V1,50,0.38494
11,V1-DLS,expert,V1,51,0.038602
11,V1-DLS,expert,V1,52,0.391237
11,V1-DLS,expert,V1,53,0.099543
11,V1-DLS,expert,DLS,0,0.794257
11,V1-DLS,expert,DLS,1,0.590911
11,V1-DLS,expert,DLS,2,5.807813
11,V1-DLS,expert,DLS,3,1.750067
11,V1-DLS,expert,DLS,4,1.492882
11,V1-ACC,naive,V1,0,0.036787
11,V1-ACC,naive,V1,1,0.748761
11,V1-ACC,naive,V1,2,1.05129
11,V1-ACC,naive,V1,3,0.215851
11,V1-ACC,naive,V1,4,0.942706
11,V1-ACC,naive,V1,5,0.118846
11,V1-ACC,naive,V1,6,0.40132
11,V1-ACC,naive,V1,7,1.044665
11,V1-ACC,naive,V1,8,0.664534
11,V1-ACC,naive,V1,9,0.391043
11,V1-ACC,naive,V1,10,0.710356
11,V1-ACC,naive,V1,11,0.922172
11,V1-ACC,naive,V1,12,0.159354
11,V1-ACC,naive,V1,13,0.773027
11,V1-ACC,naive,V1,14,0.099349
11,V1-ACC,naive,V1,15,1.044012
11,V1-ACC,naive,V1,16,0.166518
11,V1-ACC,naive,V1,17,0.06264
11,V1-ACC,naive,V1,18,0.100741
11,V1-ACC,naive,V1,19,0.920559
11,V1-ACC,naive,V1,20,0.008742
11,V1-ACC,naive,V1,21,0.108239
11,V1-ACC,naive,V1,22,0.021501
11,V1-ACC,naive,V1,23,0.011209
11,V1-ACC,naive,V1,24,0.083168
11,V1-ACC,naive,V1,25,0.237222
11,V1-ACC,naive,V1,26,0.022362
11,V1-ACC,naive,V1,27,0.02186
11,V1-ACC,naive,V1,28,0.53036
11,V1-ACC,naive,V1,29,0.596883
11,V1-ACC,naive,V1,30,0.610006
11,V1-ACC,naive,V1,31,0.189999
11,V1-ACC,naive,V1,32,0.993477
11,V1-ACC,naive,V1,33,1.042864
11,V1-ACC,naive,V1,34,0.126489
11,V1-ACC,naive,V1,35,0.985533
11,V1-ACC,naive,V1,36,0.187166
11,V1-ACC,naive,V1,37,0.030071
11,V1-ACC,naive,V1,38,0.041106
11,V1-ACC,naive,V1,39,0.139374
11,V1-ACC,naive,V1,40,0.009471
11,V1-ACC,naive,V1,41,0.078189
11,V1-ACC,naive,V1,42,0.902013
11,V1-ACC,naive,V1,43,0.062061
11,V1-ACC,naive,V1,44,0.104835
11,V1-ACC,naive,V1,45,0.867646
11,V1-ACC,naive,V1,46,1.025927
11,V1-ACC,naive,V1,47,0.024002
11,V1-ACC,naive,V1,48,0.016501
11,V1-ACC,naive,V1,49,0.008859
11,V1-ACC,naive,V1,50,0.179557
11,V1-ACC,naive,V1,51,0.062375
11,V1-ACC,naive,V1,52,0.108388
11,V1-ACC,naive,V1,53,0.456651
11,V1-ACC,naive,ACC,0,0.018247
11,V1-ACC,naive,ACC,1,0.205922
11,V1-ACC,naive,ACC,2,0.875445
11,V1-ACC,naive,ACC,3,0.146043
11,V1-ACC,naive,ACC,4,0.036799
11,V1-ACC,naive,ACC,5,0.784678
11,V1-ACC,naive,ACC,6,0.645186
11,V1-ACC,naive,ACC,7,0.064242
11,V1-ACC,naive,ACC,8,0.890406
11,V1-ACC,naive,ACC,9,0.107778
11,V1-ACC,naive,ACC,10,0.108437
11,V1-ACC,naive,ACC,11,0.106065
11,V1-ACC,naive,ACC,12,0.274845
11,V1-ACC,naive,ACC,13,0.03663
11,V1-ACC,naive,ACC,14,0.580837
11,V1-ACC,naive,ACC,15,0.430764
11,V1-ACC,naive,ACC,16,0.792096
11,V1-ACC,naive,ACC,17,0.37212
11,V1-ACC,naive,ACC,18,0.02928
11,V1-ACC,naive,ACC,19,0.06907
11,V1-ACC,naive,ACC,20,0.884026
11,V1-ACC,naive,ACC,21,0.224552
11,V1-ACC,naive,ACC,22,0.208116
11,V1-ACC,naive,ACC,23,0.722795
11,V1-ACC,naive,ACC,24,0.783079
11,V1-ACC,naive,ACC,25,0.676706
11,V1-ACC,naive,ACC,26,0.059897
11,V1-ACC,naive,ACC,27,0.070681
11,V1-ACC,naive,ACC,28,0.111253
11,V1-ACC,naive,ACC,29,0.079398
11,V1-ACC,naive,ACC,30,0.033804
11,V1-ACC,naive,ACC,31,0.036344
11,V1-ACC,naive,ACC,32,0.0902
11,V1-ACC,naive,ACC,33,0.588202
11,V1-ACC,naive,ACC,34,0.930873
11,V1-ACC,naive,ACC,35,0.047143
11,V1-ACC,naive,ACC,36,0.868713
11,V1-ACC,naive,ACC,37,0.021166
11,V1-ACC,naive,ACC,38,0.01917
11,V1-ACC,naive,ACC,39,0.427627
11,V1-ACC,naive,ACC,40,0.0
11,V1-ACC,naive,ACC,41,0.12511
11,V1-ACC,naive,ACC,42,0.91347
11,V1-ACC,naive,ACC,43,0.180326
11,V1-ACC,naive,ACC,44,0.195088
11,V1-ACC,naive,ACC,45,0.763369
11,V1-ACC,naive,ACC,46,0.029536
11,V1-ACC,naive,ACC,47,0.152534
11,V1-ACC,naive,ACC,48,0.040066
11,V1-ACC,naive,ACC,49,0.225037
11,V1-ACC,naive,ACC,50,0.107377
11,V1-ACC,naive,ACC,51,0.392264
11,V1-ACC,naive,ACC,52,0.22131
11,V1-ACC,naive,ACC,53,0.634331
11,V1-ACC,naive,ACC,54,0.593735
11,V1-ACC,naive,ACC,55,0.019731
11,V1-ACC,naive,ACC,56,0.809195
11,V1-ACC,naive,ACC,57,0.060069
11,V1-ACC,naive,ACC,58,0.70918
11,V1-ACC,naive,ACC,59,0.019319
11,V1-ACC,naive,ACC,60,0.047603
11,V1-ACC,intermediate,V1,0,0.848238
11,V1-ACC,intermediate,V1,1,0.655216
11,V1-ACC,intermediate,V1,2,0.809464
11,V1-ACC,intermediate,V1,3,0.88337
11,V1-ACC,intermediate,V1,4,0.891768
11,V1-ACC,intermediate,V1,5,0.743656
11,V1-ACC,intermediate,V1,6,0.570468
11,V1-ACC,intermediate,V1,7,0.952497
11,V1-ACC,intermediate,V1,8,0.135676
11,V1-ACC,intermediate,V1,9,0.040403
11,V1-ACC,intermediate,V1,10,0.295849
11,V1-ACC,intermediate,V1,11,0.127069
11,V1-ACC,intermediate,V1,12,0.2559
11,V1-ACC,intermediate,V1,13,0.226239
11,V1-ACC,intermediate,V1,14,0.747546
11,V1-ACC,intermediate,V1,15,0.876007
11,V1-ACC,intermediate,V1,16,0.279009
11,V1-ACC,intermediate,V1,17,0.132502
11,V1-ACC,intermediate,V1,18,0.857929
11,V1-ACC,intermediate,V1,19,0.38291
11,V1-ACC,intermediate,V1,20,0.613997
11,V1-ACC,intermediate,V1,21,0.971564
11,V1-ACC,intermediate,V1,22,0.881565
11,V1-ACC,intermediate,V1,23,0.049427
11,V1-ACC,intermediate,V1,24,0.936037
11,V1-ACC,intermediate,V1,25,0.980382
11,V1-ACC,intermediate,V1,26,0.048944
11,V1-ACC,intermediate,V1,27,0.558784
11,V1-ACC,intermediate,V1,28,0.865739
11,V1-ACC,intermediate,V1,29,0.0568
11,V1-ACC,intermediate,V1,30,0.734245
11,V1-ACC,intermediate,V1,31,0.026636
11,V1-ACC,intermediate,V1,32,0.934794
11,V1-ACC,intermediate,V1,33,0.381673
11,V1-ACC,intermediate,V1,34,0.051624
11,V1-ACC,intermediate,V1,35,0.25612
11,V1-ACC,intermediate,V1,36,0.845846
11,V1-ACC,intermediate,V1,37,0.121681
11,V1-ACC,intermediate,V1,38,0.050044
11,V1-ACC,intermediate,V1,39,0.424311
11,V1-ACC,intermediate,V1,40,0.040614
11,V1-ACC,intermediate,V1,41,0.820638
11,V1-ACC,intermediate,V1,42,0.339933
11,V1-ACC,intermediate,V1,43,0.378006
11,V1-ACC,intermediate,V1,44,0.05047
11,V1-ACC,intermediate,V1,45,0.708216
11,V1-ACC,intermediate,V1,46,0.728808
11,V1-ACC,intermediate,V1,47,0.883415
11,V1-ACC,intermediate,V1,48,0.048324
11,V1-ACC,intermediate,V1,49,0.181317
11,V1-ACC,intermediate,V1,50,0.802633
11,V1-ACC,intermediate,V1,51,0.187107
11,V1-ACC,intermediate,V1,52,0.322
11,V1-ACC,intermediate,V1,53,0.110927
11,V1-ACC,intermediate,ACC,0,0.484274
11,V1-ACC,intermediate,ACC,1,0.196146
11,V1-ACC,intermediate,ACC,2,0.947081
11,V1-ACC,intermediate,ACC,3,0.390382
11,V1-ACC,intermediate,ACC,4,0.479584
11,V1-ACC,intermediate,ACC,5,0.42614
11,V1-ACC,intermediate,ACC,6,0.082129
11,V1-ACC,intermediate,ACC,7,0.827982
11,V1-ACC,intermediate,ACC,8,0.602989
11,V1-ACC,intermediate,ACC,9,0.123365
11,V1-ACC,intermediate,ACC,10,0.797658
11,V1-ACC,intermediate,ACC,11,0.026397
11,V1-ACC,intermediate,ACC,12,0.131786
11,V1-ACC,intermediate,ACC,13,0.114812
11,V1-ACC,intermediate,ACC,14,0.146546
11,V1-ACC,intermediate,ACC,15,0.015658
11,V1-ACC,intermediate,ACC,16,0.198315
11,V1-ACC,intermediate,ACC,17,0.291452
11,V1-ACC,intermediate,ACC,18,0.810609
11,V1-ACC,intermediate,ACC,19,0.774943
11,V1-ACC,intermediate,ACC,20,0.100066
11,V1-ACC,intermediate,ACC,21,0.827154
11,V1-ACC,intermediate,ACC,22,0.365384
11,V1-ACC,intermediate,ACC,23,0.17673
11,V1-ACC,intermediate,ACC,24,0.363932
11,V1-ACC,intermediate,ACC,25,0.053825
11,V1-ACC,intermediate,ACC,26,0.235121
11,V1-ACC,intermediate,ACC,27,0.236133
11,V1-ACC,intermediate,ACC,28,0.754015
11,V1-ACC,intermediate,ACC,29,0.916984
11,V1-ACC,intermediate,ACC,30,0.052037
11,V1-ACC,intermediate,ACC,31,0.18271
11,V1-ACC,intermediate,ACC,32,0.695798
11,V1-ACC,intermediate,ACC,33,0.120095
11,V1-ACC,intermediate,ACC,34,0.915491
11,V1-ACC,intermediate,ACC,35,0.950868
11,V1-ACC,intermediate,ACC,36,0.16818
11,V1-ACC,intermediate,ACC,37,0.602887
11,V1-ACC,intermediate,ACC,38,0.135172
11,V1-ACC,intermediate,ACC,39,0.003904
11,V1-ACC,intermediate,ACC,40,0.0
11,V1-ACC,intermediate,ACC,41,0.856864
11,V1-ACC,intermediate,ACC,42,0.321075
11,V1-ACC,intermediate,ACC,43,0.045208
11,V1-ACC,intermediate,ACC,44,0.169216
11,V1-ACC,intermediate,ACC,45,0.050347
11,V1-ACC,intermediate,ACC,46,0.161442
11,V1-ACC,intermediate,ACC,47,0.709693
11,V1-ACC,intermediate,ACC,48,0.560087
11,V1-ACC,intermediate,ACC,49,0.299664
11,V1-ACC,intermediate,ACC,50,0.06268
11,V1-ACC,intermediate,ACC,51,0.0
11,V1-ACC,intermediate,ACC,52,0.099568
11,V1-ACC,intermediate,ACC,53,0.048912
11,V1-ACC,intermediate,ACC,54,0.037042
11,V1-ACC,intermediate,ACC,55,0.914948
11,V1-ACC,intermediate,ACC,56,0.509401
11,V1-ACC,intermediate,ACC,57,0.007146
11,V1-ACC,intermediate,ACC,58,0.766024
11,V1-ACC,intermediate,ACC,59,0.210398
11,V1-ACC,intermediate,ACC,60,0.308562
11,V1-ACC,expert,V1,0,0.725129
11,V1-ACC,expert,V1,1,0.332263
11,V1-ACC,expert,V1,2,0.221148
11,V1-ACC,expert,V1,3,0.66395
11,V1-ACC,expert,V1,4,0.954853
11,V1-ACC,expert,V1,5,0.759384
11,V1-ACC,expert,V1,6,0.933675
11,V1-ACC,expert,V1,7,0.256317
11,V1-ACC,expert,V1,8,0.087683
11,V1-ACC,expert,V1,9,0.040773
11,V1-ACC,expert,V1,10,0.113447
11,V1-ACC,expert,V1,11,0.12552
11,V1-ACC,expert,V1,12,0.259607
11,V1-ACC,expert,V1,13,0.166639
11,V1-ACC,expert,V1,14,0.599069
11,V1-ACC,expert,V1,15,0.218082
11,V1-ACC,expert,V1,16,0.284143
11,V1-ACC,expert,V1,17,0.267931
11,V1-ACC,expert,V1,18,0.912902
11,V1-ACC,expert,V1,19,0.279914
11,V1-ACC,expert,V1,20,1.000888
11,V1-ACC,expert,V1,21,0.982874
11,V1-ACC,expert,V1,22,0.861923
11,V1-ACC,expert,V1,23,0.036803
11,V1-ACC,expert,V1,24,0.984214
11,V1-ACC,expert,V1,25,0.997447
11,V1-ACC,expert,V1,26,0.03038
11,V1-ACC,expert,V1,27,0.351681
11,V1-ACC,expert,V1,28,0.265703
11,V1-ACC,expert,V1,29,0.115771
11,V1-ACC,expert,V1,30,0.072558
11,V1-ACC,expert,V1,31,0.017049
11,V1-ACC,expert,V1,32,0.954081
11,V1-ACC,expert,V1,33,0.945572
11,V1-ACC,expert,V1,34,0.02651
11,V1-ACC,expert,V1,35,1.009728
11,V1-ACC,expert,V1,36,0.536697
11,V1-ACC,expert,V1,37,0.859118
11,V1-ACC,expert,V1,38,0.831716
11,V1-ACC,expert,V1,39,0.919533
11,V1-ACC,expert,V1,40,0.541724
11,V1-ACC,expert,V1,41,0.864634
11,V1-ACC,expert,V1,42,0.200981
11,V1-ACC,expert,V1,43,0.032699
11,V1-ACC,expert,V1,44,0.013443
11,V1-ACC,expert,V1,45,0.078449
11,V1-ACC,expert,V1,46,0.928889
11,V1-ACC,expert,V1,47,0.067567
11,V1-ACC,expert,V1,48,0.066297
11,V1-ACC,expert,V1,49,0.085311
11,V1-ACC,expert,V1,50,0.554265
11,V1-ACC,expert,V1,51,0.062548
11,V1-ACC,expert,V1,52,0.951566
11,V1-ACC,expert,V1,53,0.16099
11,V1-ACC,expert,ACC,0,0.554884
11,V1-ACC,expert,ACC,1,0.259107
11,V1-ACC,expert,ACC,2,0.083445
11,V1-ACC,expert,ACC,3,0.354705
11,V1-ACC,expert,ACC,4,0.897427
11,V1-ACC,expert,ACC,5,0.183957
11,V1-ACC,expert,ACC,6,0.061632
11,V1-ACC,expert,ACC,7,0.109118
11,V1-ACC,expert,ACC,8,0.707124
11,V1-ACC,expert,ACC,9,0.060548
11,V1-ACC,expert,ACC,10,0.791022
11,V1-ACC,expert,ACC,11,0.141304
11,V1-ACC,expert,ACC,12,0.245805
11,V1-ACC,expert,ACC,13,0.151135
11,V1-ACC,expert,ACC,14,0.140889
11,V1-ACC,expert,ACC,15,0.07606
11,V1-ACC,expert,ACC,16,0.240416
11,V1-ACC,expert,ACC,17,0.117536
11,V1-ACC,expert,ACC,18,0.850152
11,V1-ACC,expert,ACC,19,0.189884
11,V1-ACC,expert,ACC,20,0.10581
11,V1-ACC,expert,ACC,21,0.286673
11,V1-ACC,expert,ACC,22,0.135819
11,V1-ACC,expert,ACC,23,0.248358
11,V1-ACC,expert,ACC,24,0.091676
11,V1-ACC,expert,ACC,25,0.067035
11,V1-ACC,expert,ACC,26,0.080533
11,V1-ACC,expert,ACC,27,0.34759
11,V1-ACC,expert,ACC,28,0.799114
11,V1-ACC,expert,ACC,29,0.788382
11,V1-ACC,expert,ACC,30,0.083664
11,V1-ACC,expert,ACC,31,0.147914
11,V1-ACC,expert,ACC,32,0.682864
11,V1-ACC,expert,ACC,33,0.815524
11,V1-ACC,expert,ACC,34,0.133866
11,V1-ACC,expert,ACC,35,0.97904
11,V1-ACC,expert,ACC,36,0.16065
11,V1-ACC,expert,ACC,37,0.145481
11,V1-ACC,expert,ACC,38,0.612803
11,V1-ACC,expert,ACC,39,0.804386
11,V1-ACC,expert,ACC,40,0.545469
11,V1-ACC,expert,ACC,41,0.41423
11,V1-ACC,expert,ACC,42,0.057924
11,V1-ACC,expert,ACC,43,0.031772
11,V1-ACC,expert,ACC,44,0.275054
11,V1-ACC,expert,ACC,45,0.050683
11,V1-ACC,expert,ACC,46,0.116109
11,V1-ACC,expert,ACC,47,0.800386
11,V1-ACC,expert,ACC,48,0.776033
11,V1-ACC,expert,ACC,49,0.068944
11,V1-ACC,expert,ACC,50,0.070869
11,V1-ACC,expert,ACC,51,0.179494
11,V1-ACC,expert,ACC,52,0.065125
11,V1-ACC,expert,ACC,53,0.687745
11,V1-ACC,expert,ACC,54,0.042502
11,V1-ACC,expert,ACC,55,0.766682
11,V1-ACC,expert,ACC,56,0.859733
11,V1-ACC,expert,ACC,57,0.076707
11,V1-ACC,expert,ACC,58,0.710402
11,V1-ACC,expert,ACC,59,0.744204
11,V1-ACC,expert,ACC,60,0.849681
11,CA1-DMS,naive,CA1,0,2.717045
11,CA1-DMS,naive,CA1,1,1.3706
11,CA1-DMS,naive,CA1,2,1.899563
11,CA1-DMS,naive,CA1,3,1.653762
11,CA1-DMS,naive,CA1,4,2.173849
11,CA1-DMS,naive,CA1,5,0.100062
11,CA1-DMS,naive,CA1,6,3.890181
11,CA1-DMS,naive,CA1,7,0.981157
11,CA1-DMS,naive,CA1,8,1.935692
11,CA1-DMS,naive,CA1,9,0.922267
11,CA1-DMS,naive,CA1,10,1.156332
11,CA1-DMS,naive,CA1,11,0.0
11,CA1-DMS,naive,CA1,12,0.628571
11,CA1-DMS,naive,CA1,13,1.181862
11,CA1-DMS,naive,CA1,14,1.120459
11,CA1-DMS,naive,CA1,15,1.551403
11,CA1-DMS,naive,CA1,16,0.968172
11,CA1-DMS,naive,CA1,17,1.084453
11,CA1-DMS,naive,CA1,18,1.231468
11,CA1-DMS,naive,CA1,19,0.553454
11,CA1-DMS,naive,CA1,20,0.420393
11,CA1-DMS,naive,CA1,21,0.820491
11,CA1-DMS,naive,DMS,0,1.024206
11,CA1-DMS,naive,DMS,1,1.428193
11,CA1-DMS,naive,DMS,2,0.414765
11,CA1-DMS,naive,DMS,3,0.865347
11,CA1-DMS,naive,DMS,4,1.139134
11,CA1-DMS,naive,DMS,5,1.4333
11,CA1-DMS,naive,DMS,6,0.484306
11,CA1-DMS,naive,DMS,7,0.669189
11,CA1-DMS,naive,DMS,8,2.598829
11,CA1-DMS,naive,DMS,9,1.02081
11,CA1-DMS,naive,DMS,10,1.752722
11,CA1-DMS,naive,DMS,11,2.372842
11,CA1-DMS,naive,DMS,12,0.715295
11,CA1-DMS,naive,DMS,13,1.395789
11,CA1-DMS,naive,DMS,14,0.541845
11,CA1-DMS,naive,DMS,15,0.392365
11,CA1-DMS,naive,DMS,16,0.484246
11,CA1-DMS,naive,DMS,17,0.874266
11,CA1-DMS,naive,DMS,18,2.05358
11,CA1-DMS,naive,DMS,19,0.604184
11,CA1-DMS,intermediate,CA1,0,0.829748
11,CA1-DMS,intermediate,CA1,1,1.210773
11,CA1-DMS,intermediate,CA1,2,0.730797
11,CA1-DMS,intermediate,CA1,3,0.673817
11,CA1-DMS,intermediate,CA1,4,0.011782
11,CA1-DMS,intermediate,CA1,5,0.032056
11,CA1-DMS,intermediate,CA1,6,1.181428
11,CA1-DMS,intermediate,CA1,7,1.027674
11,CA1-DMS,intermediate,CA1,8,0.680425
11,CA1-DMS,intermediate,CA1,9,0.942513
11,CA1-DMS,intermediate,CA1,10,1.39621
11,CA1-DMS,intermediate,CA1,11,2.151556
11,CA1-DMS,intermediate,CA1,12,1.376812
11,CA1-DMS,intermediate,CA1,13,0.769713
11,CA1-DMS,intermediate,CA1,14,1.213676
11,CA1-DMS,intermediate,CA1,15,0.744596
11,CA1-DMS,intermediate,CA1,16,1.286769
11,CA1-DMS,intermediate,CA1,17,0.922046
11,CA1-DMS,intermediate,CA1,18,1.338181
11,CA1-DMS,intermediate,CA1,19,1.242543
11,CA1-DMS,intermediate,CA1,20,2.190159
11,CA1-DMS,intermediate,CA1,21,1.253359
11,CA1-DMS,intermediate,DMS,0,1.013701
11,CA1-DMS,intermediate,DMS,1,0.61311
11,CA1-DMS,intermediate,DMS,2,1.203032
11,CA1-DMS,intermediate,DMS,3,0.91882
11,CA1-DMS,intermediate,DMS,4,1.039262
11,CA1-DMS,intermediate,DMS,5,0.593587
11,CA1-DMS,intermediate,DMS,6,2.200612
11,CA1-DMS,intermediate,DMS,7,1.936499
11,CA1-DMS,intermediate,DMS,8,1.38693
11,CA1-DMS,intermediate,DMS,9,1.232206
11,CA1-DMS,intermediate,DMS,10,1.45924
11,CA1-DMS,intermediate,DMS,11,2.846801
11,CA1-DMS,intermediate,DMS,12,1.094919
11,CA1-DMS,intermediate,DMS,13,0.587801
11,CA1-DMS,intermediate,DMS,14,7.778718
11,CA1-DMS,intermediate,DMS,15,3.788864
11,CA1-DMS,intermediate,DMS,16,1.9607
11,CA1-DMS,intermediate,DMS,17,2.710187
11,CA1-DMS,intermediate,DMS,18,2.101026
11,CA1-DMS,intermediate,DMS,19,0.746505
11,CA1-DMS,expert,CA1,0,0.760466
11,CA1-DMS,expert,CA1,1,1.160282
11,CA1-DMS,expert,CA1,2,0.769118
11,CA1-DMS,expert,CA1,3,0.75086
11,CA1-DMS,expert,CA1,4,0.866478
11,CA1-DMS,expert,CA1,5,1.839837
11,CA1-DMS,expert,CA1,6,1.05235
11,CA1-DMS,expert,CA1,7,1.047028
11,CA1-DMS,expert,CA1,8,0.792365
11,CA1-DMS,expert,CA1,9,1.061335
11,CA1-DMS,expert,CA1,10,0.925544
11,CA1-DMS,expert,CA1,11,0.048971
11,CA1-DMS,expert,CA1,12,1.40129
11,CA1-DMS,expert,CA1,13,0.936847
11,CA1-DMS,expert,CA1,14,0.823126
11,CA1-DMS,expert,CA1,15,0.725551
11,CA1-DMS,expert,CA1,16,1.437455
11,CA1-DMS,expert,CA1,17,1.041311
11,CA1-DMS,expert,CA1,18,1.141211
11,CA1-DMS,expert,CA1,19,1.29085
11,CA1-DMS,expert,CA1,20,1.221758
11,CA1-DMS,expert,CA1,21,1.384916
11,CA1-DMS,expert,DMS,0,1.014434
11,CA1-DMS,expert,DMS,1,0.648511
11,CA1-DMS,expert,DMS,2,1.147871
11,CA1-DMS,expert,DMS,3,1.048881
11,CA1-DMS,expert,DMS,4,1.005224
11,CA1-DMS,expert,DMS,5,1.128936
11,CA1-DMS,expert,DMS,6,1.937744
11,CA1-DMS,expert,DMS,7,2.032522
11,CA1-DMS,expert,DMS,8,1.529596
11,CA1-DMS,expert,DMS,9,0.663491
11,CA1-DMS,expert,DMS,10,1.503161
11,CA1-DMS,expert,DMS,11,0.972911
11,CA1-DMS,expert,DMS,12,1.442995
11,CA1-DMS,expert,DMS,13,0.74288
11,CA1-DMS,expert,DMS,14,3.662132
11,CA1-DMS,expert,DMS,15,3.123386
11,CA1-DMS,expert,DMS,16,3.540315
11,CA1-DMS,expert,DMS,17,1.837636
11,CA1-DMS,expert,DMS,18,2.444317
11,CA1-DMS,expert,DMS,19,1.781191
11,CA1-DLS,naive,CA1,0,1.12444
11,CA1-DLS,naive,CA1,1,0.519821
11,CA1-DLS,naive,CA1,2,0.604749
11,CA1-DLS,naive,CA1,3,0.691236
11,CA1-DLS,naive,CA1,4,0.42523
11,CA1-DLS,naive,CA1,5,0.052193
11,CA1-DLS,naive,CA1,6,1.322117
11,CA1-DLS,naive,CA1,7,0.585912
11,CA1-DLS,naive,CA1,8,0.295052
11,CA1-DLS,naive,CA1,9,0.504233
11,CA1-DLS,naive,CA1,10,0.492576
11,CA1-DLS,naive,CA1,11,0.0
11,CA1-DLS,naive,CA1,12,0.235564
11,CA1-DLS,naive,CA1,13,0.812444
11,CA1-DLS,naive,CA1,14,0.698471
11,CA1-DLS,naive,CA1,15,0.924393
11,CA1-DLS,naive,CA1,16,0.532735
11,CA1-DLS,naive,CA1,17,0.612693
11,CA1-DLS,naive,CA1,18,0.745464
11,CA1-DLS,naive,CA1,19,0.311556
11,CA1-DLS,naive,CA1,20,0.326762
11,CA1-DLS,naive,CA1,21,0.378492
11,CA1-DLS,naive,DLS,0,1.622367
11,CA1-DLS,naive,DLS,1,0.933653
11,CA1-DLS,naive,DLS,2,3.395499
11,CA1-DLS,naive,DLS,3,0.711878
11,CA1-DLS,naive,DLS,4,0.689357
11,CA1-DLS,intermediate,CA1,0,0.324564
11,CA1-DLS,intermediate,CA1,1,0.567739
11,CA1-DLS,intermediate,CA1,2,0.684827
11,CA1-DLS,intermediate,CA1,3,0.262376
11,CA1-DLS,intermediate,CA1,4,0.010219
11,CA1-DLS,intermediate,CA1,5,0.011552
11,CA1-DLS,intermediate,CA1,6,0.337771
11,CA1-DLS,intermediate,CA1,7,0.538932
11,CA1-DLS,intermediate,CA1,8,0.156201
11,CA1-DLS,intermediate,CA1,9,0.290537
11,CA1-DLS,intermediate,CA1,10,0.622684
11,CA1-DLS,intermediate,CA1,11,0.409759
11,CA1-DLS,intermediate,CA1,12,0.731315
11,CA1-DLS,intermediate,CA1,13,0.13471
11,CA1-DLS,intermediate,CA1,14,0.181376
11,CA1-DLS,intermediate,CA1,15,0.339214
11,CA1-DLS,intermediate,CA1,16,0.500502
11,CA1-DLS,intermediate,CA1,17,0.71941
11,CA1-DLS,intermediate,CA1,18,0.082616
11,CA1-DLS,intermediate,CA1,19,0.443997
11,CA1-DLS,intermediate,CA1,20,0.107494
11,CA1-DLS,intermediate,CA1,21,0.795194
11,CA1-DLS,intermediate,DLS,0,1.104241
11,CA1-DLS,intermediate,DLS,1,0.899358
11,CA1-DLS,intermediate,DLS,2,6.440821
11,CA1-DLS,intermediate,DLS,3,1.238515
11,CA1-DLS,intermediate,DLS,4,0.0
11,CA1-DLS,expert,CA1,0,0.281387
11,CA1-DLS,expert,CA1,1,1.002216
11,CA1-DLS,expert,CA1,2,0.231178
11,CA1-DLS,expert,CA1,3,0.475243
11,CA1-DLS,expert,CA1,4,0.538538
11,CA1-DLS,expert,CA1,5,0.641158
11,CA1-DLS,expert,CA1,6,0.396478
11,CA1-DLS,expert,CA1,7,0.561808
11,CA1-DLS,expert,CA1,8,0.142344
11,CA1-DLS,expert,CA1,9,0.345135
11,CA1-DLS,expert,CA1,10,0.322907
11,CA1-DLS,expert,CA1,11,0.027498
11,CA1-DLS,expert,CA1,12,1.129031
11,CA1-DLS,expert,CA1,13,0.292004
11,CA1-DLS,expert,CA1,14,0.232648
11,CA1-DLS,expert,CA1,15,0.540943
11,CA1-DLS,expert,CA1,16,0.296093
11,CA1-DLS,expert,CA1,17,0.457157
11,CA1-DLS,expert,CA1,18,0.724724
11,CA1-DLS,expert,CA1,19,0.699889
11,CA1-DLS,expert,CA1,20,0.418117
11,CA1-DLS,expert,CA1,21,0.48001
11,CA1-DLS,expert,DLS,0,0.794257
11,CA1-DLS,expert,DLS,1,0.590911
11,CA1-DLS,expert,DLS,2,5.807813
11,CA1-DLS,expert,DLS,3,1.750067
11,CA1-DLS,expert,DLS,4,1.492882
11,CA1-ACC,naive,CA1,0,2.717045
11,CA1-ACC,naive,CA1,1,1.3706
11,CA1-ACC,naive,CA1,2,1.899563
11,CA1-ACC,naive,CA1,3,1.653762
11,CA1-ACC,naive,CA1,4,2.173849
11,CA1-ACC,naive,CA1,5,0.100062
11,CA1-ACC,naive,CA1,6,3.890181
11,CA1-ACC,naive,CA1,7,0.981157
11,CA1-ACC,naive,CA1,8,1.935692
11,CA1-ACC,naive,CA1,9,0.922267
11,CA1-ACC,naive,CA1,10,1.156332
11,CA1-ACC,naive,CA1,11,0.0
11,CA1-ACC,naive,CA1,12,0.628571
11,CA1-ACC,naive,CA1,13,1.181862
11,CA1-ACC,naive,CA1,14,1.120459
11,CA1-ACC,naive,CA1,15,1.551403
11,CA1-ACC,naive,CA1,16,0.968172
11,CA1-ACC,naive,CA1,17,1.084453
11,CA1-ACC,naive,CA1,18,1.231468
11,CA1-ACC,naive,CA1,19,0.553454
11,CA1-ACC,naive,CA1,20,0.420393
11,CA1-ACC,naive,CA1,21,0.820491
11,CA1-ACC,naive,ACC,0,0.018247
11,CA1-ACC,naive,ACC,1,0.205922
11,CA1-ACC,naive,ACC,2,0.875445
11,CA1-ACC,naive,ACC,3,0.146043
11,CA1-ACC,naive,ACC,4,0.036799
11,CA1-ACC,naive,ACC,5,0.784678
11,CA1-ACC,naive,ACC,6,0.645186
11,CA1-ACC,naive,ACC,7,0.064242
11,CA1-ACC,naive,ACC,8,0.890406
11,CA1-ACC,naive,ACC,9,0.107778
11,CA1-ACC,naive,ACC,10,0.108437
11,CA1-ACC,naive,ACC,11,0.106065
11,CA1-ACC,naive,ACC,12,0.274845
11,CA1-ACC,naive,ACC,13,0.03663
11,CA1-ACC,naive,ACC,14,0.580837
11,CA1-ACC,naive,ACC,15,0.430764
11,CA1-ACC,naive,ACC,16,0.792096
11,CA1-ACC,naive,ACC,17,0.37212
11,CA1-ACC,naive,ACC,18,0.02928
11,CA1-ACC,naive,ACC,19,0.06907
11,CA1-ACC,naive,ACC,20,0.884026
11,CA1-ACC,naive,ACC,21,0.224552
11,CA1-ACC,naive,ACC,22,0.208116
11,CA1-ACC,naive,ACC,23,0.722795
11,CA1-ACC,naive,ACC,24,0.783079
11,CA1-ACC,naive,ACC,25,0.676706
11,CA1-ACC,naive,ACC,26,0.059897
11,CA1-ACC,naive,ACC,27,0.070681
11,CA1-ACC,naive,ACC,28,0.111253
11,CA1-ACC,naive,ACC,29,0.079398
11,CA1-ACC,naive,ACC,30,0.033804
11,CA1-ACC,naive,ACC,31,0.036344
11,CA1-ACC,naive,ACC,32,0.0902
11,CA1-ACC,naive,ACC,33,0.588202
11,CA1-ACC,naive,ACC,34,0.930873
11,CA1-ACC,naive,ACC,35,0.047143
11,CA1-ACC,naive,ACC,36,0.868713
11,CA1-ACC,naive,ACC,37,0.021166
11,CA1-ACC,naive,ACC,38,0.01917
11,CA1-ACC,naive,ACC,39,0.427627
11,CA1-ACC,naive,ACC,40,0.0
11,CA1-ACC,naive,ACC,41,0.12511
11,CA1-ACC,naive,ACC,42,0.91347
11,CA1-ACC,naive,ACC,43,0.180326
11,CA1-ACC,naive,ACC,44,0.195088
11,CA1-ACC,naive,ACC,45,0.763369
11,CA1-ACC,naive,ACC,46,0.029536
11,CA1-ACC,naive,ACC,47,0.152534
11,CA1-ACC,naive,ACC,48,0.040066
11,CA1-ACC,naive,ACC,49,0.225037
11,CA1-ACC,naive,ACC,50,0.107377
11,CA1-ACC,naive,ACC,51,0.392264
11,CA1-ACC,naive,ACC,52,0.22131
11,CA1-ACC,naive,ACC,53,0.634331
11,CA1-ACC,naive,ACC,54,0.593735
11,CA1-ACC,naive,ACC,55,0.019731
11,CA1-ACC,naive,ACC,56,0.809195
11,CA1-ACC,naive,ACC,57,0.060069
11,CA1-ACC,naive,ACC,58,0.70918
11,CA1-ACC,naive,ACC,59,0.019319
11,CA1-ACC,naive,ACC,60,0.047603
11,CA1-ACC,intermediate,CA1,0,0.829748
11,CA1-ACC,intermediate,CA1,1,1.210773
11,CA1-ACC,intermediate,CA1,2,0.730797
11,CA1-ACC,intermediate,CA1,3,0.673817
11,CA1-ACC,intermediate,CA1,4,0.011782
11,CA1-ACC,intermediate,CA1,5,0.032056
11,CA1-ACC,intermediate,CA1,6,1.181428
11,CA1-ACC,intermediate,CA1,7,1.027674
11,CA1-ACC,intermediate,CA1,8,0.680425
11,CA1-ACC,intermediate,CA1,9,0.942513
11,CA1-ACC,intermediate,CA1,10,1.39621
11,CA1-ACC,intermediate,CA1,11,2.151556
11,CA1-ACC,intermediate,CA1,12,1.376812
11,CA1-ACC,intermediate,CA1,13,0.769713
11,CA1-ACC,intermediate,CA1,14,1.213676
11,CA1-ACC,intermediate,CA1,15,0.744596
11,CA1-ACC,intermediate,CA1,16,1.286769
11,CA1-ACC,intermediate,CA1,17,0.922046
11,CA1-ACC,intermediate,CA1,18,1.338181
11,CA1-ACC,intermediate,CA1,19,1.242543
11,CA1-ACC,intermediate,CA1,20,2.190159
11,CA1-ACC,intermediate,CA1,21,1.253359
11,CA1-ACC,intermediate,ACC,0,0.484274
11,CA1-ACC,intermediate,ACC,1,0.196146
11,CA1-ACC,intermediate,ACC,2,0.947081
11,CA1-ACC,intermediate,ACC,3,0.390382
11,CA1-ACC,intermediate,ACC,4,0.479584
11,CA1-ACC,intermediate,ACC,5,0.42614
11,CA1-ACC,intermediate,ACC,6,0.082129
11,CA1-ACC,intermediate,ACC,7,0.827982
11,CA1-ACC,intermediate,ACC,8,0.602989
11,CA1-ACC,intermediate,ACC,9,0.123365
11,CA1-ACC,intermediate,ACC,10,0.797658
11,CA1-ACC,intermediate,ACC,11,0.026397
11,CA1-ACC,intermediate,ACC,12,0.131786
11,CA1-ACC,intermediate,ACC,13,0.114812
11,CA1-ACC,intermediate,ACC,14,0.146546
11,CA1-ACC,intermediate,ACC,15,0.015658
11,CA1-ACC,intermediate,ACC,16,0.198315
11,CA1-ACC,intermediate,ACC,17,0.291452
11,CA1-ACC,intermediate,ACC,18,0.810609
11,CA1-ACC,intermediate,ACC,19,0.774943
11,CA1-ACC,intermediate,ACC,20,0.100066
11,CA1-ACC,intermediate,ACC,21,0.827154
11,CA1-ACC,intermediate,ACC,22,0.365384
11,CA1-ACC,intermediate,ACC,23,0.17673
11,CA1-ACC,intermediate,ACC,24,0.363932
11,CA1-ACC,intermediate,ACC,25,0.053825
11,CA1-ACC,intermediate,ACC,26,0.235121
11,CA1-ACC,intermediate,ACC,27,0.236133
11,CA1-ACC,intermediate,ACC,28,0.754015
11,CA1-ACC,intermediate,ACC,29,0.916984
11,CA1-ACC,intermediate,ACC,30,0.052037
11,CA1-ACC,intermediate,ACC,31,0.18271
11,CA1-ACC,intermediate,ACC,32,0.695798
11,CA1-ACC,intermediate,ACC,33,0.120095
11,CA1-ACC,intermediate,ACC,34,0.915491
11,CA1-ACC,intermediate,ACC,35,0.950868
11,CA1-ACC,intermediate,ACC,36,0.16818
11,CA1-ACC,intermediate,ACC,37,0.602887
11,CA1-ACC,intermediate,ACC,38,0.135172
11,CA1-ACC,intermediate,ACC,39,0.003904
11,CA1-ACC,intermediate,ACC,40,0.0
11,CA1-ACC,intermediate,ACC,41,0.856864
11,CA1-ACC,intermediate,ACC,42,0.321075
11,CA1-ACC,intermediate,ACC,43,0.045208
11,CA1-ACC,intermediate,ACC,44,0.169216
11,CA1-ACC,intermediate,ACC,45,0.050347
11,CA1-ACC,intermediate,ACC,46,0.161442
11,CA1-ACC,intermediate,ACC,47,0.709693
11,CA1-ACC,intermediate,ACC,48,0.560087
11,CA1-ACC,intermediate,ACC,49,0.299664
11,CA1-ACC,intermediate,ACC,50,0.06268
11,CA1-ACC,intermediate,ACC,51,0.0
11,CA1-ACC,intermediate,ACC,52,0.099568
11,CA1-ACC,intermediate,ACC,53,0.048912
11,CA1-ACC,intermediate,ACC,54,0.037042
11,CA1-ACC,intermediate,ACC,55,0.914948
11,CA1-ACC,intermediate,ACC,56,0.509401
11,CA1-ACC,intermediate,ACC,57,0.007146
11,CA1-ACC,intermediate,ACC,58,0.766024
11,CA1-ACC,intermediate,ACC,59,0.210398
11,CA1-ACC,intermediate,ACC,60,0.308562
11,CA1-ACC,expert,CA1,0,0.760466
11,CA1-ACC,expert,CA1,1,1.160282
11,CA1-ACC,expert,CA1,2,0.769118
11,CA1-ACC,expert,CA1,3,0.75086
11,CA1-ACC,expert,CA1,4,0.866478
11,CA1-ACC,expert,CA1,5,1.839837
11,CA1-ACC,expert,CA1,6,1.05235
11,CA1-ACC,expert,CA1,7,1.047028
11,CA1-ACC,expert,CA1,8,0.792365
11,CA1-ACC,expert,CA1,9,1.061335
11,CA1-ACC,expert,CA1,10,0.925544
11,CA1-ACC,expert,CA1,11,0.048971
11,CA1-ACC,expert,CA1,12,1.40129
11,CA1-ACC,expert,CA1,13,0.936847
11,CA1-ACC,expert,CA1,14,0.823126
11,CA1-ACC,expert,CA1,15,0.725551
11,CA1-ACC,expert,CA1,16,1.437455
11,CA1-ACC,expert,CA1,17,1.041311
11,CA1-ACC,expert,CA1,18,1.141211
11,CA1-ACC,expert,CA1,19,1.29085
11,CA1-ACC,expert,CA1,20,1.221758
11,CA1-ACC,expert,CA1,21,1.384916
11,CA1-ACC,expert,ACC,0,0.554884
11,CA1-ACC,expert,ACC,1,0.259107
11,CA1-ACC,expert,ACC,2,0.083445
11,CA1-ACC,expert,ACC,3,0.354705
11,CA1-ACC,expert,ACC,4,0.897427
11,CA1-ACC,expert,ACC,5,0.183957
11,CA1-ACC,expert,ACC,6,0.061632
11,CA1-ACC,expert,ACC,7,0.109118
11,CA1-ACC,expert,ACC,8,0.707124
11,CA1-ACC,expert,ACC,9,0.060548
11,CA1-ACC,expert,ACC,10,0.791022
11,CA1-ACC,expert,ACC,11,0.141304
11,CA1-ACC,expert,ACC,12,0.245805
11,CA1-ACC,expert,ACC,13,0.151135
11,CA1-ACC,expert,ACC,14,0.140889
11,CA1-ACC,expert,ACC,15,0.07606
11,CA1-ACC,expert,ACC,16,0.240416
11,CA1-ACC,expert,ACC,17,0.117536
11,CA1-ACC,expert,ACC,18,0.850152
11,CA1-ACC,expert,ACC,19,0.189884
11,CA1-ACC,expert,ACC,20,0.10581
11,CA1-ACC,expert,ACC,21,0.286673
11,CA1-ACC,expert,ACC,22,0.135819
11,CA1-ACC,expert,ACC,23,0.248358
11,CA1-ACC,expert,ACC,24,0.091676
11,CA1-ACC,expert,ACC,25,0.067035
11,CA1-ACC,expert,ACC,26,0.080533
11,CA1-ACC,expert,ACC,27,0.34759
11,CA1-ACC,expert,ACC,28,0.799114
11,CA1-ACC,expert,ACC,29,0.788382
11,CA1-ACC,expert,ACC,30,0.083664
11,CA1-ACC,expert,ACC,31,0.147914
11,CA1-ACC,expert,ACC,32,0.682864
11,CA1-ACC,expert,ACC,33,0.815524
11,CA1-ACC,expert,ACC,34,0.133866
11,CA1-ACC,expert,ACC,35,0.97904
11,CA1-ACC,expert,ACC,36,0.16065
11,CA1-ACC,expert,ACC,37,0.145481
11,CA1-ACC,expert,ACC,38,0.612803
11,CA1-ACC,expert,ACC,39,0.804386
11,CA1-ACC,expert,ACC,40,0.545469
11,CA1-ACC,expert,ACC,41,0.41423
11,CA1-ACC,expert,ACC,42,0.057924
11,CA1-ACC,expert,ACC,43,0.031772
11,CA1-ACC,expert,ACC,44,0.275054
11,CA1-ACC,expert,ACC,45,0.050683
11,CA1-ACC,expert,ACC,46,0.116109
11,CA1-ACC,expert,ACC,47,0.800386
11,CA1-ACC,expert,ACC,48,0.776033
11,CA1-ACC,expert,ACC,49,0.068944
11,CA1-ACC,expert,ACC,50,0.070869
11,CA1-ACC,expert,ACC,51,0.179494
11,CA1-ACC,expert,ACC,52,0.065125
11,CA1-ACC,expert,ACC,53,0.687745
11,CA1-ACC,expert,ACC,54,0.042502
11,CA1-ACC,expert,ACC,55,0.766682
11,CA1-ACC,expert,ACC,56,0.859733
11,CA1-ACC,expert,ACC,57,0.076707
11,CA1-ACC,expert,ACC,58,0.710402
11,CA1-ACC,expert,ACC,59,0.744204
11,CA1-ACC,expert,ACC,60,0.849681
11,CA1-V1,naive,CA1,0,2.717045
11,CA1-V1,naive,CA1,1,1.3706
11,CA1-V1,naive,CA1,2,1.899563
11,CA1-V1,naive,CA1,3,1.653762
11,CA1-V1,naive,CA1,4,2.173849
11,CA1-V1,naive,CA1,5,0.100062
11,CA1-V1,naive,CA1,6,3.890181
11,CA1-V1,naive,CA1,7,0.981157
11,CA1-V1,naive,CA1,8,1.935692
11,CA1-V1,naive,CA1,9,0.922267
11,CA1-V1,naive,CA1,10,1.156332
11,CA1-V1,naive,CA1,11,0.0
11,CA1-V1,naive,CA1,12,0.628571
11,CA1-V1,naive,CA1,13,1.181862
11,CA1-V1,naive,CA1,14,1.120459
11,CA1-V1,naive,CA1,15,1.551403
11,CA1-V1,naive,CA1,16,0.968172
11,CA1-V1,naive,CA1,17,1.084453
11,CA1-V1,naive,CA1,18,1.231468
11,CA1-V1,naive,CA1,19,0.553454
11,CA1-V1,naive,CA1,20,0.420393
11,CA1-V1,naive,CA1,21,0.820491
11,CA1-V1,naive,V1,0,0.036787
11,CA1-V1,naive,V1,1,0.748761
11,CA1-V1,naive,V1,2,1.05129
11,CA1-V1,naive,V1,3,0.215851
11,CA1-V1,naive,V1,4,0.942706
11,CA1-V1,naive,V1,5,0.118846
11,CA1-V1,naive,V1,6,0.40132
11,CA1-V1,naive,V1,7,1.044665
11,CA1-V1,naive,V1,8,0.664534
11,CA1-V1,naive,V1,9,0.391043
11,CA1-V1,naive,V1,10,0.710356
11,CA1-V1,naive,V1,11,0.922172
11,CA1-V1,naive,V1,12,0.159354
11,CA1-V1,naive,V1,13,0.773027
11,CA1-V1,naive,V1,14,0.099349
11,CA1-V1,naive,V1,15,1.044012
11,CA1-V1,naive,V1,16,0.166518
11,CA1-V1,naive,V1,17,0.06264
11,CA1-V1,naive,V1,18,0.100741
11,CA1-V1,naive,V1,19,0.920559
11,CA1-V1,naive,V1,20,0.008742
11,CA1-V1,naive,V1,21,0.108239
11,CA1-V1,naive,V1,22,0.021501
11,CA1-V1,naive,V1,23,0.011209
11,CA1-V1,naive,V1,24,0.083168
11,CA1-V1,naive,V1,25,0.237222
11,CA1-V1,naive,V1,26,0.022362
11,CA1-V1,naive,V1,27,0.02186
11,CA1-V1,naive,V1,28,0.53036
11,CA1-V1,naive,V1,29,0.596883
11,CA1-V1,naive,V1,30,0.610006
11,CA1-V1,naive,V1,31,0.189999
11,CA1-V1,naive,V1,32,0.993477
11,CA1-V1,naive,V1,33,1.042864
11,CA1-V1,naive,V1,34,0.126489
11,CA1-V1,naive,V1,35,0.985533
11,CA1-V1,naive,V1,36,0.187166
11,CA1-V1,naive,V1,37,0.030071
11,CA1-V1,naive,V1,38,0.041106
11,CA1-V1,naive,V1,39,0.139374
11,CA1-V1,naive,V1,40,0.009471
11,CA1-V1,naive,V1,41,0.078189
11,CA1-V1,naive,V1,42,0.902013
11,CA1-V1,naive,V1,43,0.062061
11,CA1-V1,naive,V1,44,0.104835
11,CA1-V1,naive,V1,45,0.867646
11,CA1-V1,naive,V1,46,1.025927
11,CA1-V1,naive,V1,47,0.024002
11,CA1-V1,naive,V1,48,0.016501
11,CA1-V1,naive,V1,49,0.008859
11,CA1-V1,naive,V1,50,0.179557
11,CA1-V1,naive,V1,51,0.062375
11,CA1-V1,naive,V1,52,0.108388
11,CA1-V1,naive,V1,53,0.456651
11,CA1-V1,intermediate,CA1,0,0.829748
11,CA1-V1,intermediate,CA1,1,1.210773
11,CA1-V1,intermediate,CA1,2,0.730797
11,CA1-V1,intermediate,CA1,3,0.673817
11,CA1-V1,intermediate,CA1,4,0.011782
11,CA1-V1,intermediate,CA1,5,0.032056
11,CA1-V1,intermediate,CA1,6,1.181428
11,CA1-V1,intermediate,CA1,7,1.027674
11,CA1-V1,intermediate,CA1,8,0.680425
11,CA1-V1,intermediate,CA1,9,0.942513
11,CA1-V1,intermediate,CA1,10,1.39621
11,CA1-V1,intermediate,CA1,11,2.151556
11,CA1-V1,intermediate,CA1,12,1.376812
11,CA1-V1,intermediate,CA1,13,0.769713
11,CA1-V1,intermediate,CA1,14,1.213676
11,CA1-V1,intermediate,CA1,15,0.744596
11,CA1-V1,intermediate,CA1,16,1.286769
11,CA1-V1,intermediate,CA1,17,0.922046
11,CA1-V1,intermediate,CA1,18,1.338181
11,CA1-V1,intermediate,CA1,19,1.242543
11,CA1-V1,intermediate,CA1,20,2.190159
11,CA1-V1,intermediate,CA1,21,1.253359
11,CA1-V1,intermediate,V1,0,0.848238
11,CA1-V1,intermediate,V1,1,0.655216
11,CA1-V1,intermediate,V1,2,0.809464
11,CA1-V1,intermediate,V1,3,0.88337
11,CA1-V1,intermediate,V1,4,0.891768
11,CA1-V1,intermediate,V1,5,0.743656
11,CA1-V1,intermediate,V1,6,0.570468
11,CA1-V1,intermediate,V1,7,0.952497
11,CA1-V1,intermediate,V1,8,0.135676
11,CA1-V1,intermediate,V1,9,0.040403
11,CA1-V1,intermediate,V1,10,0.295849
11,CA1-V1,intermediate,V1,11,0.127069
11,CA1-V1,intermediate,V1,12,0.2559
11,CA1-V1,intermediate,V1,13,0.226239
11,CA1-V1,intermediate,V1,14,0.747546
11,CA1-V1,intermediate,V1,15,0.876007
11,CA1-V1,intermediate,V1,16,0.279009
11,CA1-V1,intermediate,V1,17,0.132502
11,CA1-V1,intermediate,V1,18,0.857929
11,CA1-V1,intermediate,V1,19,0.38291
11,CA1-V1,intermediate,V1,20,0.613997
11,CA1-V1,intermediate,V1,21,0.971564
11,CA1-V1,intermediate,V1,22,0.881565
11,CA1-V1,intermediate,V1,23,0.049427
11,CA1-V1,intermediate,V1,24,0.936037
11,CA1-V1,intermediate,V1,25,0.980382
11,CA1-V1,intermediate,V1,26,0.048944
11,CA1-V1,intermediate,V1,27,0.558784
11,CA1-V1,intermediate,V1,28,0.865739
11,CA1-V1,intermediate,V1,29,0.0568
11,CA1-V1,intermediate,V1,30,0.734245
11,CA1-V1,intermediate,V1,31,0.026636
11,CA1-V1,intermediate,V1,32,0.934794
11,CA1-V1,intermediate,V1,33,0.381673
11,CA1-V1,intermediate,V1,34,0.051624
11,CA1-V1,intermediate,V1,35,0.25612
11,CA1-V1,intermediate,V1,36,0.845846
11,CA1-V1,intermediate,V1,37,0.121681
11,CA1-V1,intermediate,V1,38,0.050044
11,CA1-V1,intermediate,V1,39,0.424311
11,CA1-V1,intermediate,V1,40,0.040614
11,CA1-V1,intermediate,V1,41,0.820638
11,CA1-V1,intermediate,V1,42,0.339933
11,CA1-V1,intermediate,V1,43,0.378006
11,CA1-V1,intermediate,V1,44,0.05047
11,CA1-V1,intermediate,V1,45,0.708216
11,CA1-V1,intermediate,V1,46,0.728808
11,CA1-V1,intermediate,V1,47,0.883415
11,CA1-V1,intermediate,V1,48,0.048324
11,CA1-V1,intermediate,V1,49,0.181317
11,CA1-V1,intermediate,V1,50,0.802633
11,CA1-V1,intermediate,V1,51,0.187107
11,CA1-V1,intermediate,V1,52,0.322
11,CA1-V1,intermediate,V1,53,0.110927
11,CA1-V1,expert,CA1,0,0.760466
11,CA1-V1,expert,CA1,1,1.160282
11,CA1-V1,expert,CA1,2,0.769118
11,CA1-V1,expert,CA1,3,0.75086
11,CA1-V1,expert,CA1,4,0.866478
11,CA1-V1,expert,CA1,5,1.839837
11,CA1-V1,expert,CA1,6,1.05235
11,CA1-V1,expert,CA1,7,1.047028
11,CA1-V1,expert,CA1,8,0.792365
11,CA1-V1,expert,CA1,9,1.061335
11,CA1-V1,expert,CA1,10,0.925544
11,CA1-V1,expert,CA1,11,0.048971
11,CA1-V1,expert,CA1,12,1.40129
11,CA1-V1,expert,CA1,13,0.936847
11,CA1-V1,expert,CA1,14,0.823126
11,CA1-V1,expert,CA1,15,0.725551
11,CA1-V1,expert,CA1,16,1.437455
11,CA1-V1,expert,CA1,17,1.041311
11,CA1-V1,expert,CA1,18,1.141211
11,CA1-V1,expert,CA1,19,1.29085
11,CA1-V1,expert,CA1,20,1.221758
11,CA1-V1,expert,CA1,21,1.384916
11,CA1-V1,expert,V1,0,0.725129
11,CA1-V1,expert,V1,1,0.332263
11,CA1-V1,expert,V1,2,0.221148
11,CA1-V1,expert,V1,3,0.66395
11,CA1-V1,expert,V1,4,0.954853
11,CA1-V1,expert,V1,5,0.759384
11,CA1-V1,expert,V1,6,0.933675
11,CA1-V1,expert,V1,7,0.256317
11,CA1-V1,expert,V1,8,0.087683
11,CA1-V1,expert,V1,9,0.040773
11,CA1-V1,expert,V1,10,0.113447
11,CA1-V1,expert,V1,11,0.12552
11,CA1-V1,expert,V1,12,0.259607
11,CA1-V1,expert,V1,13,0.166639
11,CA1-V1,expert,V1,14,0.599069
11,CA1-V1,expert,V1,15,0.218082
11,CA1-V1,expert,V1,16,0.284143
11,CA1-V1,expert,V1,17,0.267931
11,CA1-V1,expert,V1,18,0.912902
11,CA1-V1,expert,V1,19,0.279914
11,CA1-V1,expert,V1,20,1.000888
11,CA1-V1,expert,V1,21,0.982874
11,CA1-V1,expert,V1,22,0.861923
11,CA1-V1,expert,V1,23,0.036803
11,CA1-V1,expert,V1,24,0.984214
11,CA1-V1,expert,V1,25,0.997447
11,CA1-V1,expert,V1,26,0.03038
11,CA1-V1,expert,V1,27,0.351681
11,CA1-V1,expert,V1,28,0.265703
11,CA1-V1,expert,V1,29,0.115771
11,CA1-V1,expert,V1,30,0.072558
11,CA1-V1,expert,V1,31,0.017049
11,CA1-V1,expert,V1,32,0.954081
11,CA1-V1,expert,V1,33,0.945572
11,CA1-V1,expert,V1,34,0.02651
11,CA1-V1,expert,V1,35,1.009728
11,CA1-V1,expert,V1,36,0.536697
11,CA1-V1,expert,V1,37,0.859118
11,CA1-V1,expert,V1,38,0.831716
11,CA1-V1,expert,V1,39,0.919533
11,CA1-V1,expert,V1,40,0.541724
11,CA1-V1,expert,V1,41,0.864634
11,CA1-V1,expert,V1,42,0.200981
11,CA1-V1,expert,V1,43,0.032699
11,CA1-V1,expert,V1,44,0.013443
11,CA1-V1,expert,V1,45,0.078449
11,CA1-V1,expert,V1,46,0.928889
11,CA1-V1,expert,V1,47,0.067567
11,CA1-V1,expert,V1,48,0.066297
11,CA1-V1,expert,V1,49,0.085311
11,CA1-V1,expert,V1,50,0.554265
11,CA1-V1,expert,V1,51,0.062548
11,CA1-V1,expert,V1,52,0.951566
11,CA1-V1,expert,V1,53,0.16099
13,CA1-V1,naive,CA1,0,0.719811
13,CA1-V1,naive,CA1,1,0.0
13,CA1-V1,naive,CA1,2,1.087193
13,CA1-V1,naive,CA1,3,2.256997
13,CA1-V1,naive,CA1,4,0.976278
13,CA1-V1,naive,CA1,5,0.806893
13,CA1-V1,naive,CA1,6,1.24818
13,CA1-V1,naive,CA1,7,1.007262
13,CA1-V1,naive,CA1,8,1.791419
13,CA1-V1,naive,CA1,9,8.213055
13,CA1-V1,naive,CA1,10,1.390286
13,CA1-V1,naive,CA1,11,0.874055
13,CA1-V1,naive,CA1,12,0.887188
13,CA1-V1,naive,CA1,13,3.42327
13,CA1-V1,naive,CA1,14,1.3755
13,CA1-V1,naive,CA1,15,2.204674
13,CA1-V1,naive,CA1,16,1.030738
13,CA1-V1,naive,CA1,17,0.838072
13,CA1-V1,naive,CA1,18,5.249846
13,CA1-V1,naive,CA1,19,0.710734
13,CA1-V1,naive,CA1,20,0.656633
13,CA1-V1,naive,V1,0,0.378944
13,CA1-V1,naive,V1,1,1.025578
13,CA1-V1,naive,V1,2,0.007841
13,CA1-V1,naive,V1,3,0.011771
13,CA1-V1,naive,V1,4,0.067644
13,CA1-V1,naive,V1,5,0.0
13,CA1-V1,naive,V1,6,0.295556
13,CA1-V1,naive,V1,7,0.135679
13,CA1-V1,naive,V1,8,0.74258
13,CA1-V1,naive,V1,9,0.985566
13,CA1-V1,naive,V1,10,1.114343
13,CA1-V1,naive,V1,11,0.132098
13,CA1-V1,naive,V1,12,0.129409
13,CA1-V1,naive,V1,13,0.510436
13,CA1-V1,naive,V1,14,0.010957
13,CA1-V1,naive,V1,15,0.045457
13,CA1-V1,naive,V1,16,0.061439
13,CA1-V1,naive,V1,17,0.968055
13,CA1-V1,naive,V1,18,0.032225
13,CA1-V1,naive,V1,19,1.027689
13,CA1-V1,naive,V1,20,0.086815
13,CA1-V1,naive,V1,21,0.456325
13,CA1-V1,naive,V1,22,0.048969
13,CA1-V1,naive,V1,23,0.556365
13,CA1-V1,naive,V1,24,0.339038
13,CA1-V1,naive,V1,25,0.94668
13,CA1-V1,naive,V1,26,0.937031
13,CA1-V1,naive,V1,27,0.210704
13,CA1-V1,naive,V1,28,0.770333
13,CA1-V1,naive,V1,29,0.024387
13,CA1-V1,naive,V1,30,0.903012
13,CA1-V1,naive,V1,31,0.011416
13,CA1-V1,naive,V1,32,0.094269
13,CA1-V1,naive,V1,33,0.999962
13,CA1-V1,naive,V1,34,0.933558
13,CA1-V1,naive,V1,35,0.991946
13,CA1-V1,naive,V1,36,1.01349
13,CA1-V1,naive,V1,37,0.050943
13,CA1-V1,naive,V1,38,0.570775
13,CA1-V1,naive,V1,39,0.569364
13,CA1-V1,naive,V1,40,0.653363
13,CA1-V1,naive,V1,41,0.0
13,CA1-V1,naive,V1,42,0.007923
13,CA1-V1,naive,V1,43,0.140216
13,CA1-V1,naive,V1,44,0.635636
13,CA1-V1,naive,V1,45,0.70577
13,CA1-V1,naive,V1,46,0.931777
13,CA1-V1,naive,V1,47,0.560293
13,CA1-V1,naive,V1,48,0.909912
13,CA1-V1,naive,V1,49,0.0
13,CA1-V1,naive,V1,50,0.011857
13,CA1-V1,naive,V1,51,0.866293
13,CA1-V1,naive,V1,52,0.039112
13,CA1-V1,naive,V1,53,0.259387
13,CA1-V1,naive,V1,54,0.100918
13,CA1-V1,naive,V1,55,0.025649
13,CA1-V1,naive,V1,56,0.093583
13,CA1-V1,intermediate,CA1,0,0.883284
13,CA1-V1,intermediate,CA1,1,0.0
13,CA1-V1,intermediate,CA1,2,1.101112
13,CA1-V1,intermediate,CA1,3,2.13582
13,CA1-V1,intermediate,CA1,4,1.026067
13,CA1-V1,intermediate,CA1,5,1.03236
13,CA1-V1,intermediate,CA1,6,0.923144
13,CA1-V1,intermediate,CA1,7,0.921519
13,CA1-V1,intermediate,CA1,8,1.392711
13,CA1-V1,intermediate,CA1,9,0.764107
13,CA1-V1,intermediate,CA1,10,1.080995
13,CA1-V1,intermediate,CA1,11,0.885235
13,CA1-V1,intermediate,CA1,12,0.906411
13,CA1-V1,intermediate,CA1,13,3.622639
13,CA1-V1,intermediate,CA1,14,0.0
13,CA1-V1,intermediate,CA1,15,2.370478
13,CA1-V1,intermediate,CA1,16,1.085109
13,CA1-V1,intermediate,CA1,17,0.558794
13,CA1-V1,intermediate,CA1,18,0.570569
13,CA1-V1,intermediate,CA1,19,0.700635
13,CA1-V1,intermediate,CA1,20,0.788913
13,CA1-V1,intermediate,V1,0,0.448199
13,CA1-V1,intermediate,V1,1,0.838092
13,CA1-V1,intermediate,V1,2,0.084487
13,CA1-V1,intermediate,V1,3,0.008991
13,CA1-V1,intermediate,V1,4,0.164508
13,CA1-V1,intermediate,V1,5,0.0
13,CA1-V1,intermediate,V1,6,0.136927
13,CA1-V1,intermediate,V1,7,0.015771
13,CA1-V1,intermediate,V1,8,0.848883
13,CA1-V1,intermediate,V1,9,0.179495
13,CA1-V1,intermediate,V1,10,0.055237
13,CA1-V1,intermediate,V1,11,0.040737
13,CA1-V1,intermediate,V1,12,0.054829
13,CA1-V1,intermediate,V1,13,0.243652
13,CA1-V1,intermediate,V1,14,0.016087
13,CA1-V1,intermediate,V1,15,0.825018
13,CA1-V1,intermediate,V1,16,0.03263
13,CA1-V1,intermediate,V1,17,0.750966
13,CA1-V1,intermediate,V1,18,0.046039
13,CA1-V1,intermediate,V1,19,0.974592
13,CA1-V1,intermediate,V1,20,0.077824
13,CA1-V1,intermediate,V1,21,0.277897
13,CA1-V1,intermediate,V1,22,0.242123
13,CA1-V1,intermediate,V1,23,0.450826
13,CA1-V1,intermediate,V1,24,0.565529
13,CA1-V1,intermediate,V1,25,0.884377
13,CA1-V1,intermediate,V1,26,0.933817
13,CA1-V1,intermediate,V1,27,0.269446
13,CA1-V1,intermediate,V1,28,0.857634
13,CA1-V1,intermediate,V1,29,0.131465
13,CA1-V1,intermediate,V1,30,0.710447
13,CA1-V1,intermediate,V1,31,0.804434
13,CA1-V1,intermediate,V1,32,1.004572
13,CA1-V1,intermediate,V1,33,0.505613
13,CA1-V1,intermediate,V1,34,0.868624
13,CA1-V1,intermediate,V1,35,0.870711
13,CA1-V1,intermediate,V1,36,0.970604
13,CA1-V1,intermediate,V1,37,0.026398
13,CA1-V1,intermediate,V1,38,0.716807
13,CA1-V1,intermediate,V1,39,0.155145
13,CA1-V1,intermediate,V1,40,0.751021
13,CA1-V1,intermediate,V1,41,0.003891
13,CA1-V1,intermediate,V1,42,0.018835
13,CA1-V1,intermediate,V1,43,0.0121
13,CA1-V1,intermediate,V1,44,0.96015
13,CA1-V1,intermediate,V1,45,0.056806
13,CA1-V1,intermediate,V1,46,0.917588
13,CA1-V1,intermediate,V1,47,0.334676
13,CA1-V1,intermediate,V1,48,0.982936
13,CA1-V1,intermediate,V1,49,0.012546
13,CA1-V1,intermediate,V1,50,0.008674
13,CA1-V1,intermediate,V1,51,0.847567
13,CA1-V1,intermediate,V1,52,0.050073
13,CA1-V1,intermediate,V1,53,0.128785
13,CA1-V1,intermediate,V1,54,0.074308
13,CA1-V1,intermediate,V1,55,0.605648
13,CA1-V1,intermediate,V1,56,0.10687
13,CA1-V1,expert,CA1,0,1.49623
13,CA1-V1,expert,CA1,1,0.016141
13,CA1-V1,expert,CA1,2,1.056522
13,CA1-V1,expert,CA1,3,3.018775
13,CA1-V1,expert,CA1,4,0.986142
13,CA1-V1,expert,CA1,5,1.040139
13,CA1-V1,expert,CA1,6,1.052316
13,CA1-V1,expert,CA1,7,0.950094
13,CA1-V1,expert,CA1,8,1.018292
13,CA1-V1,expert,CA1,9,0.416293
13,CA1-V1,expert,CA1,10,0.788877
13,CA1-V1,expert,CA1,11,0.953282
13,CA1-V1,expert,CA1,12,0.963313
13,CA1-V1,expert,CA1,13,1.491683
13,CA1-V1,expert,CA1,14,1.481077
13,CA1-V1,expert,CA1,15,2.081823
13,CA1-V1,expert,CA1,16,1.060879
13,CA1-V1,expert,CA1,17,0.698975
13,CA1-V1,expert,CA1,18,0.579322
13,CA1-V1,expert,CA1,19,0.852972
13,CA1-V1,expert,CA1,20,0.886179
13,CA1-V1,expert,V1,0,0.154324
13,CA1-V1,expert,V1,1,1.040692
13,CA1-V1,expert,V1,2,0.903691
13,CA1-V1,expert,V1,3,0.01557
13,CA1-V1,expert,V1,4,0.178424
13,CA1-V1,expert,V1,5,0.047446
13,CA1-V1,expert,V1,6,0.931587
13,CA1-V1,expert,V1,7,0.019956
13,CA1-V1,expert,V1,8,0.333249
13,CA1-V1,expert,V1,9,0.480538
13,CA1-V1,expert,V1,10,0.029654
13,CA1-V1,expert,V1,11,0.739226
13,CA1-V1,expert,V1,12,0.18142
13,CA1-V1,expert,V1,13,0.240407
13,CA1-V1,expert,V1,14,0.04042
13,CA1-V1,expert,V1,15,0.742988
13,CA1-V1,expert,V1,16,0.033233
13,CA1-V1,expert,V1,17,0.505282
13,CA1-V1,expert,V1,18,0.1008
13,CA1-V1,expert,V1,19,0.185752
13,CA1-V1,expert,V1,20,0.187601
13,CA1-V1,expert,V1,21,0.09268
13,CA1-V1,expert,V1,22,0.523578
13,CA1-V1,expert,V1,23,0.758412
13,CA1-V1,expert,V1,24,0.701609
13,CA1-V1,expert,V1,25,0.893251
13,CA1-V1,expert,V1,26,0.959482
13,CA1-V1,expert,V1,27,0.151922
13,CA1-V1,expert,V1,28,0.956173
13,CA1-V1,expert,V1,29,0.047312
13,CA1-V1,expert,V1,30,0.058341
13,CA1-V1,expert,V1,31,0.465629
13,CA1-V1,expert,V1,32,0.13488
13,CA1-V1,expert,V1,33,0.248055
13,CA1-V1,expert,V1,34,0.937761
13,CA1-V1,expert,V1,35,0.852395
13,CA1-V1,expert,V1,36,0.920793
13,CA1-V1,expert,V1,37,0.060167
13,CA1-V1,expert,V1,38,0.080408
13,CA1-V1,expert,V1,39,0.051659
13,CA1-V1,expert,V1,40,0.74955
13,CA1-V1,expert,V1,41,0.027869
13,CA1-V1,expert,V1,42,0.031596
13,CA1-V1,expert,V1,43,0.01833
13,CA1-V1,expert,V1,44,0.213716
13,CA1-V1,expert,V1,45,1.016623
13,CA1-V1,expert,V1,46,0.877257
13,CA1-V1,expert,V1,47,0.812939
13,CA1-V1,expert,V1,48,0.880086
13,CA1-V1,expert,V1,49,0.02526
13,CA1-V1,expert,V1,50,0.018858
13,CA1-V1,expert,V1,51,0.907126
13,CA1-V1,expert,V1,52,0.046783
13,CA1-V1,expert,V1,53,0.973943
13,CA1-V1,expert,V1,54,0.12416
13,CA1-V1,expert,V1,55,0.035368
13,CA1-V1,expert,V1,56,0.401517
14,DMS-DLS,naive,DMS,0,0.705757
14,DMS-DLS,naive,DMS,1,1.526665
14,DMS-DLS,naive,DMS,2,0.640154
14,DMS-DLS,naive,DMS,3,0.977151
14,DMS-DLS,naive,DMS,4,0.632225
14,DMS-DLS,naive,DMS,5,0.829156
14,DMS-DLS,naive,DMS,6,0.101384
14,DMS-DLS,naive,DMS,7,0.799788
14,DMS-DLS,naive,DMS,8,0.643737
14,DMS-DLS,naive,DMS,9,0.950472
14,DMS-DLS,naive,DMS,10,0.427624
14,DMS-DLS,naive,DMS,11,0.012177
14,DMS-DLS,naive,DMS,12,0.0
14,DMS-DLS,naive,DMS,13,0.0
14,DMS-DLS,naive,DMS,14,0.495343
14,DMS-DLS,naive,DMS,15,0.001813
14,DMS-DLS,naive,DMS,16,0.012781
14,DMS-DLS,naive,DMS,17,0.706453
14,DMS-DLS,naive,DMS,18,0.456608
14,DMS-DLS,naive,DMS,19,0.373893
14,DMS-DLS,naive,DMS,20,0.126546
14,DMS-DLS,naive,DMS,21,0.769598
14,DMS-DLS,naive,DMS,22,0.742884
14,DMS-DLS,naive,DMS,23,1.345087
14,DMS-DLS,naive,DMS,24,0.379204
14,DMS-DLS,naive,DMS,25,0.107699
14,DMS-DLS,naive,DMS,26,0.754827
14,DMS-DLS,naive,DMS,27,0.683231
14,DMS-DLS,naive,DMS,28,0.10758
14,DMS-DLS,naive,DLS,0,3.206193
14,DMS-DLS,naive,DLS,1,0.983847
14,DMS-DLS,naive,DLS,2,0.831581
14,DMS-DLS,naive,DLS,3,1.864875
14,DMS-DLS,naive,DLS,4,0.991164
14,DMS-DLS,naive,DLS,5,0.946343
14,DMS-DLS,naive,DLS,6,2.504031
14,DMS-DLS,naive,DLS,7,1.118487
14,DMS-DLS,naive,DLS,8,1.033345
14,DMS-DLS,naive,DLS,9,0.991329
14,DMS-DLS,naive,DLS,10,1.024611
14,DMS-DLS,naive,DLS,11,0.97232
14,DMS-DLS,naive,DLS,12,1.350994
14,DMS-DLS,intermediate,DMS,0,0.722205
14,DMS-DLS,intermediate,DMS,1,1.194026
14,DMS-DLS,intermediate,DMS,2,1.266317
14,DMS-DLS,intermediate,DMS,3,1.217029
14,DMS-DLS,intermediate,DMS,4,1.050389
14,DMS-DLS,intermediate,DMS,5,0.984752
14,DMS-DLS,intermediate,DMS,6,1.779278
14,DMS-DLS,intermediate,DMS,7,0.664781
14,DMS-DLS,intermediate,DMS,8,0.730925
14,DMS-DLS,intermediate,DMS,9,0.62062
14,DMS-DLS,intermediate,DMS,10,0.886194
14,DMS-DLS,intermediate,DMS,11,0.967385
14,DMS-DLS,intermediate,DMS,12,0.0
14,DMS-DLS,intermediate,DMS,13,0.071634
14,DMS-DLS,intermediate,DMS,14,0.732974
14,DMS-DLS,intermediate,DMS,15,0.0
14,DMS-DLS,intermediate,DMS,16,0.0
14,DMS-DLS,intermediate,DMS,17,1.537445
14,DMS-DLS,intermediate,DMS,18,0.013665
14,DMS-DLS,intermediate,DMS,19,0.0
14,DMS-DLS,intermediate,DMS,20,0.0
14,DMS-DLS,intermediate,DMS,21,0.0
14,DMS-DLS,intermediate,DMS,22,0.549899
14,DMS-DLS,intermediate,DMS,23,0.964828
14,DMS-DLS,intermediate,DMS,24,2.01245
14,DMS-DLS,intermediate,DMS,25,2.12447
14,DMS-DLS,intermediate,DMS,26,0.718128
14,DMS-DLS,intermediate,DMS,27,1.271597
14,DMS-DLS,intermediate,DMS,28,0.113364
14,DMS-DLS,intermediate,DLS,0,1.98886
14,DMS-DLS,intermediate,DLS,1,1.239265
14,DMS-DLS,intermediate,DLS,2,0.0
14,DMS-DLS,intermediate,DLS,3,1.599863
14,DMS-DLS,intermediate,DLS,4,1.236184
14,DMS-DLS,intermediate,DLS,5,0.920507
14,DMS-DLS,intermediate,DLS,6,2.949236
14,DMS-DLS,intermediate,DLS,7,1.048811
14,DMS-DLS,intermediate,DLS,8,1.001133
14,DMS-DLS,intermediate,DLS,9,1.004582
14,DMS-DLS,intermediate,DLS,10,2.922687
14,DMS-DLS,intermediate,DLS,11,1.120808
14,DMS-DLS,intermediate,DLS,12,1.14777
14,DMS-DLS,expert,DMS,0,0.0
14,DMS-DLS,expert,DMS,1,0.885469
14,DMS-DLS,expert,DMS,2,1.519178
14,DMS-DLS,expert,DMS,3,0.884307
14,DMS-DLS,expert,DMS,4,0.911408
14,DMS-DLS,expert,DMS,5,0.645805
14,DMS-DLS,expert,DMS,6,0.285506
14,DMS-DLS,expert,DMS,7,0.394464
14,DMS-DLS,expert,DMS,8,0.94123
14,DMS-DLS,expert,DMS,9,0.838656
14,DMS-DLS,expert,DMS,10,1.645118
14,DMS-DLS,expert,DMS,11,0.814596
14,DMS-DLS,expert,DMS,12,0.0
14,DMS-DLS,expert,DMS,13,0.0
14,DMS-DLS,expert,DMS,14,1.323636
14,DMS-DLS,expert,DMS,15,1.596862
14,DMS-DLS,expert,DMS,16,0.07141
14,DMS-DLS,expert,DMS,17,0.910978
14,DMS-DLS,expert,DMS,18,1.220229
14,DMS-DLS,expert,DMS,19,0.0
14,DMS-DLS,expert,DMS,20,0.0
14,DMS-DLS,expert,DMS,21,0.0
14,DMS-DLS,expert,DMS,22,0.821554
14,DMS-DLS,expert,DMS,23,0.861375
14,DMS-DLS,expert,DMS,24,1.922558
14,DMS-DLS,expert,DMS,25,1.820872
14,DMS-DLS,expert,DMS,26,0.614433
14,DMS-DLS,expert,DMS,27,0.006597
14,DMS-DLS,expert,DMS,28,0.009068
14,DMS-DLS,expert,DLS,0,1.002131
14,DMS-DLS,expert,DLS,1,1.13565
14,DMS-DLS,expert,DLS,2,1.273467
14,DMS-DLS,expert,DLS,3,0.745326
14,DMS-DLS,expert,DLS,4,1.07367
14,DMS-DLS,expert,DLS,5,2.615617
14,DMS-DLS,expert,DLS,6,2.659005
14,DMS-DLS,expert,DLS,7,0.988133
14,DMS-DLS,expert,DLS,8,1.00923
14,DMS-DLS,expert,DLS,9,0.975798
14,DMS-DLS,expert,DLS,10,3.324636
14,DMS-DLS,expert,DLS,11,0.979542
14,DMS-DLS,expert,DLS,12,0.52749
14,DMS-ACC,naive,DMS,0,0.89516
14,DMS-ACC,naive,DMS,1,1.578376
14,DMS-ACC,naive,DMS,2,0.562988
14,DMS-ACC,naive,DMS,3,1.147701
14,DMS-ACC,naive,DMS,4,0.75465
14,DMS-ACC,naive,DMS,5,0.839234
14,DMS-ACC,naive,DMS,6,0.12634
14,DMS-ACC,naive,DMS,7,0.867734
14,DMS-ACC,naive,DMS,8,0.710682
14,DMS-ACC,naive,DMS,9,1.052672
14,DMS-ACC,naive,DMS,10,0.643282
14,DMS-ACC,naive,DMS,11,0.010397
14,DMS-ACC,naive,DMS,12,0.0
14,DMS-ACC,naive,DMS,13,0.0
14,DMS-ACC,naive,DMS,14,0.381924
14,DMS-ACC,naive,DMS,15,0.001757
14,DMS-ACC,naive,DMS,16,0.013993
14,DMS-ACC,naive,DMS,17,0.61364
14,DMS-ACC,naive,DMS,18,0.743038
14,DMS-ACC,naive,DMS,19,0.220162
14,DMS-ACC,naive,DMS,20,0.13382
14,DMS-ACC,naive,DMS,21,0.1682
14,DMS-ACC,naive,DMS,22,0.785236
14,DMS-ACC,naive,DMS,23,0.792954
14,DMS-ACC,naive,DMS,24,0.389035
14,DMS-ACC,naive,DMS,25,0.120318
14,DMS-ACC,naive,DMS,26,1.121445
14,DMS-ACC,naive,DMS,27,0.438036
14,DMS-ACC,naive,DMS,28,0.157108
14,DMS-ACC,naive,ACC,0,0.0
14,DMS-ACC,naive,ACC,1,0.0
14,DMS-ACC,naive,ACC,2,49.955292
14,DMS-ACC,naive,ACC,3,187.706548
14,DMS-ACC,naive,ACC,4,0.0
14,DMS-ACC,naive,ACC,5,0.870355
14,DMS-ACC,naive,ACC,6,2.336223
14,DMS-ACC,naive,ACC,7,7.568015
14,DMS-ACC,naive,ACC,8,0.0
14,DMS-ACC,naive,ACC,9,2.583079
14,DMS-ACC,naive,ACC,10,3.919282
14,DMS-ACC,naive,ACC,11,1.118692
14,DMS-ACC,naive,ACC,12,1.990153
14,DMS-ACC,naive,ACC,13,1.370414
14,DMS-ACC,naive,ACC,14,0.0
14,DMS-ACC,naive,ACC,15,0.0
14,DMS-ACC,naive,ACC,16,0.0
14,DMS-ACC,naive,ACC,17,2.706186
14,DMS-ACC,naive,ACC,18,0.795397
14,DMS-ACC,naive,ACC,19,0.0
14,DMS-ACC,naive,ACC,20,1.609409
14,DMS-ACC,intermediate,DMS,0,0.479755
14,DMS-ACC,intermediate,DMS,1,1.980635
14,DMS-ACC,intermediate,DMS,2,1.452505
14,DMS-ACC,intermediate,DMS,3,1.447935
14,DMS-ACC,intermediate,DMS,4,1.062514
14,DMS-ACC,intermediate,DMS,5,1.016291
14,DMS-ACC,intermediate,DMS,6,2.085088
14,DMS-ACC,intermediate,DMS,7,0.950716
14,DMS-ACC,intermediate,DMS,8,1.070757
14,DMS-ACC,intermediate,DMS,9,0.984743
14,DMS-ACC,intermediate,DMS,10,1.234814
14,DMS-ACC,intermediate,DMS,11,1.067342
14,DMS-ACC,intermediate,DMS,12,0.0
14,DMS-ACC,intermediate,DMS,13,0.077522
14,DMS-ACC,intermediate,DMS,14,1.019432
14,DMS-ACC,intermediate,DMS,15,0.0
14,DMS-ACC,intermediate,DMS,16,0.0
14,DMS-ACC,intermediate,DMS,17,0.905994
14,DMS-ACC,intermediate,DMS,18,0.017577
14,DMS-ACC,intermediate,DMS,19,0.0
14,DMS-ACC,intermediate,DMS,20,0.0
14,DMS-ACC,intermediate,DMS,21,0.0
14,DMS-ACC,intermediate,DMS,22,0.657868
14,DMS-ACC,intermediate,DMS,23,1.204564
14,DMS-ACC,intermediate,DMS,24,2.063344
14,DMS-ACC,intermediate,DMS,25,2.221577
14,DMS-ACC,intermediate,DMS,26,1.164004
14,DMS-ACC,intermediate,DMS,27,1.747673
14,DMS-ACC,intermediate,DMS,28,0.168418
14,DMS-ACC,intermediate,ACC,0,1.768111
14,DMS-ACC,intermediate,ACC,1,1.503883
14,DMS-ACC,intermediate,ACC,2,1.115405
14,DMS-ACC,intermediate,ACC,3,4.257107
14,DMS-ACC,intermediate,ACC,4,0.0
14,DMS-ACC,intermediate,ACC,5,0.0
14,DMS-ACC,intermediate,ACC,6,0.950255
14,DMS-ACC,intermediate,ACC,7,0.967311
14,DMS-ACC,intermediate,ACC,8,1.894354
14,DMS-ACC,intermediate,ACC,9,1.358557
14,DMS-ACC,intermediate,ACC,10,2.311558
14,DMS-ACC,intermediate,ACC,11,1.121708
14,DMS-ACC,intermediate,ACC,12,1.664541
14,DMS-ACC,intermediate,ACC,13,0.976433
14,DMS-ACC,intermediate,ACC,14,2.584838
14,DMS-ACC,intermediate,ACC,15,0.0
14,DMS-ACC,intermediate,ACC,16,2.018191
14,DMS-ACC,intermediate,ACC,17,6.517434
14,DMS-ACC,intermediate,ACC,18,0.0
14,DMS-ACC,intermediate,ACC,19,0.814607
14,DMS-ACC,intermediate,ACC,20,1.293281
14,DMS-ACC,expert,DMS,0,0.0
14,DMS-ACC,expert,DMS,1,1.369052
14,DMS-ACC,expert,DMS,2,1.633671
14,DMS-ACC,expert,DMS,3,1.008477
14,DMS-ACC,expert,DMS,4,1.051234
14,DMS-ACC,expert,DMS,5,1.003488
14,DMS-ACC,expert,DMS,6,0.352562
14,DMS-ACC,expert,DMS,7,0.529866
14,DMS-ACC,expert,DMS,8,1.075843
14,DMS-ACC,expert,DMS,9,1.071539
14,DMS-ACC,expert,DMS,10,1.866815
14,DMS-ACC,expert,DMS,11,0.679525
14,DMS-ACC,expert,DMS,12,0.0
14,DMS-ACC,expert,DMS,13,0.0
14,DMS-ACC,expert,DMS,14,1.137267
14,DMS-ACC,expert,DMS,15,1.120734
14,DMS-ACC,expert,DMS,16,0.02597
14,DMS-ACC,expert,DMS,17,0.797491
14,DMS-ACC,expert,DMS,18,2.367711
14,DMS-ACC,expert,DMS,19,0.0
14,DMS-ACC,expert,DMS,20,0.0
14,DMS-ACC,expert,DMS,21,0.0
14,DMS-ACC,expert,DMS,22,0.811898
14,DMS-ACC,expert,DMS,23,1.100462
14,DMS-ACC,expert,DMS,24,0.799145
14,DMS-ACC,expert,DMS,25,1.289301
14,DMS-ACC,expert,DMS,26,1.013812
14,DMS-ACC,expert,DMS,27,0.007846
14,DMS-ACC,expert,DMS,28,0.012808
14,DMS-ACC,expert,ACC,0,1.188628
14,DMS-ACC,expert,ACC,1,1.786173
14,DMS-ACC,expert,ACC,2,1.052805
14,DMS-ACC,expert,ACC,3,1.401238
14,DMS-ACC,expert,ACC,4,0.0
14,DMS-ACC,expert,ACC,5,0.0
14,DMS-ACC,expert,ACC,6,0.983632
14,DMS-ACC,expert,ACC,7,1.508916
14,DMS-ACC,expert,ACC,8,0.846113
14,DMS-ACC,expert,ACC,9,1.121105
14,DMS-ACC,expert,ACC,10,1.085772
14,DMS-ACC,expert,ACC,11,1.135929
14,DMS-ACC,expert,ACC,12,1.772766
14,DMS-ACC,expert,ACC,13,0.896546
14,DMS-ACC,expert,ACC,14,0.0
14,DMS-ACC,expert,ACC,15,0.0
14,DMS-ACC,expert,ACC,16,1.310022
14,DMS-ACC,expert,ACC,17,2.20306
14,DMS-ACC,expert,ACC,18,0.0
14,DMS-ACC,expert,ACC,19,2.048411
14,DMS-ACC,expert,ACC,20,1.520812
14,DLS-ACC,naive,DLS,0,3.206193
14,DLS-ACC,naive,DLS,1,0.983847
14,DLS-ACC,naive,DLS,2,0.831581
14,DLS-ACC,naive,DLS,3,1.864875
14,DLS-ACC,naive,DLS,4,0.991164
14,DLS-ACC,naive,DLS,5,0.946343
14,DLS-ACC,naive,DLS,6,2.504031
14,DLS-ACC,naive,DLS,7,1.118487
14,DLS-ACC,naive,DLS,8,1.033345
14,DLS-ACC,naive,DLS,9,0.991329
14,DLS-ACC,naive,DLS,10,1.024611
14,DLS-ACC,naive,DLS,11,0.97232
14,DLS-ACC,naive,DLS,12,1.350994
14,DLS-ACC,naive,ACC,0,0.0
14,DLS-ACC,naive,ACC,1,0.0
14,DLS-ACC,naive,ACC,2,49.955292
14,DLS-ACC,naive,ACC,3,187.706548
14,DLS-ACC,naive,ACC,4,0.0
14,DLS-ACC,naive,ACC,5,0.870355
14,DLS-ACC,naive,ACC,6,2.336223
14,DLS-ACC,naive,ACC,7,7.568015
14,DLS-ACC,naive,ACC,8,0.0
14,DLS-ACC,naive,ACC,9,2.583079
14,DLS-ACC,naive,ACC,10,3.919282
14,DLS-ACC,naive,ACC,11,1.118692
14,DLS-ACC,naive,ACC,12,1.990153
14,DLS-ACC,naive,ACC,13,1.370414
14,DLS-ACC,naive,ACC,14,0.0
14,DLS-ACC,naive,ACC,15,0.0
14,DLS-ACC,naive,ACC,16,0.0
14,DLS-ACC,naive,ACC,17,2.706186
14,DLS-ACC,naive,ACC,18,0.795397
14,DLS-ACC,naive,ACC,19,0.0
14,DLS-ACC,naive,ACC,20,1.609409
14,DLS-ACC,intermediate,DLS,0,1.98886
14,DLS-ACC,intermediate,DLS,1,1.239265
14,DLS-ACC,intermediate,DLS,2,0.0
14,DLS-ACC,intermediate,DLS,3,1.599863
14,DLS-ACC,intermediate,DLS,4,1.236184
14,DLS-ACC,intermediate,DLS,5,0.920507
14,DLS-ACC,intermediate,DLS,6,2.949236
14,DLS-ACC,intermediate,DLS,7,1.048811
14,DLS-ACC,intermediate,DLS,8,1.001133
14,DLS-ACC,intermediate,DLS,9,1.004582
14,DLS-ACC,intermediate,DLS,10,2.922687
14,DLS-ACC,intermediate,DLS,11,1.120808
14,DLS-ACC,intermediate,DLS,12,1.14777
14,DLS-ACC,intermediate,ACC,0,1.397977
14,DLS-ACC,intermediate,ACC,1,0.664458
14,DLS-ACC,intermediate,ACC,2,0.573453
14,DLS-ACC,intermediate,ACC,3,2.197973
14,DLS-ACC,intermediate,ACC,4,0.0
14,DLS-ACC,intermediate,ACC,5,0.0
14,DLS-ACC,intermediate,ACC,6,0.928916
14,DLS-ACC,intermediate,ACC,7,0.96731
14,DLS-ACC,intermediate,ACC,8,1.455254
14,DLS-ACC,intermediate,ACC,9,1.358556
14,DLS-ACC,intermediate,ACC,10,2.31045
14,DLS-ACC,intermediate,ACC,11,1.121706
14,DLS-ACC,intermediate,ACC,12,1.498443
14,DLS-ACC,intermediate,ACC,13,0.976433
14,DLS-ACC,intermediate,ACC,14,1.464746
14,DLS-ACC,intermediate,ACC,15,0.0
14,DLS-ACC,intermediate,ACC,16,2.016722
14,DLS-ACC,intermediate,ACC,17,4.363374
14,DLS-ACC,intermediate,ACC,18,0.0
14,DLS-ACC,intermediate,ACC,19,0.557967
14,DLS-ACC,intermediate,ACC,20,1.280538
14,DLS-ACC,expert,DLS,0,1.002131
14,DLS-ACC,expert,DLS,1,1.13565
14,DLS-ACC,expert,DLS,2,1.273467
14,DLS-ACC,expert,DLS,3,0.745326
14,DLS-ACC,expert,DLS,4,1.07367
14,DLS-ACC,expert,DLS,5,2.615617
14,DLS-ACC,expert,DLS,6,2.659005
14,DLS-ACC,expert,DLS,7,0.988133
14,DLS-ACC,expert,DLS,8,1.00923
14,DLS-ACC,expert,DLS,9,0.975798
14,DLS-ACC,expert,DLS,10,3.324636
14,DLS-ACC,expert,DLS,11,0.979542
14,DLS-ACC,expert,DLS,12,0.52749
14,DLS-ACC,expert,ACC,0,0.519021
14,DLS-ACC,expert,ACC,1,0.325012
14,DLS-ACC,expert,ACC,2,0.659819
14,DLS-ACC,expert,ACC,3,1.401238
14,DLS-ACC,expert,ACC,4,0.0
14,DLS-ACC,expert,ACC,5,0.0
14,DLS-ACC,expert,ACC,6,0.614548
14,DLS-ACC,expert,ACC,7,1.500767
14,DLS-ACC,expert,ACC,8,0.731018
14,DLS-ACC,expert,ACC,9,1.121105
14,DLS-ACC,expert,ACC,10,1.08568
14,DLS-ACC,expert,ACC,11,1.135922
14,DLS-ACC,expert,ACC,12,1.652673
14,DLS-ACC,expert,ACC,13,0.896546
14,DLS-ACC,expert,ACC,14,0.0
14,DLS-ACC,expert,ACC,15,0.0
14,DLS-ACC,expert,ACC,16,1.24573
14,DLS-ACC,expert,ACC,17,2.189362
14,DLS-ACC,expert,ACC,18,0.0
14,DLS-ACC,expert,ACC,19,2.043473
14,DLS-ACC,expert,ACC,20,1.478612
