animal,pair,epoch,area,unit,contrib
1,DMS-DLS,naive,DMS,0,0.206097
1,DMS-DLS,naive,DMS,1,0.562757
1,DMS-DLS,naive,DMS,2,0.846166
1,DMS-DLS,naive,DMS,3,0.031411
1,DMS-DLS,naive,DMS,4,0.782972
1,DMS-DLS,naive,DMS,5,0.09893
1,DMS-DLS,naive,DMS,6,0.302523
1,DMS-DLS,naive,DMS,7,0.015049
1,DMS-DLS,naive,DMS,8,0.016188
1,DMS-DLS,naive,DMS,9,0.01987
1,DMS-DLS,naive,DMS,10,0.29416
1,DMS-DLS,naive,DMS,11,0.191637
1,DMS-DLS,naive,DMS,12,0.00776
1,DMS-DLS,naive,DMS,13,0.137206
1,DMS-DLS,naive,DMS,14,0.81617
1,DMS-DLS,naive,DMS,15,0.612439
1,DMS-DLS,naive,DMS,16,0.516962
1,DMS-DLS,naive,DMS,17,0.091044
1,DMS-DLS,naive,DMS,18,0.036826
1,DMS-DLS,naive,DMS,19,0.29722
1,DMS-DLS,naive,DMS,20,0.084646
1,DMS-DLS,naive,DMS,21,0.235814
1,DMS-DLS,naive,DMS,22,0.0
1,DMS-DLS,naive,DMS,23,0.675093
1,DMS-DLS,naive,DMS,24,0.795723
1,DMS-DLS,naive,DMS,25,0.08419
1,DMS-DLS,naive,DMS,26,0.051964
1,DMS-DLS,naive,DMS,27,0.292739
1,DMS-DLS,naive,DMS,28,0.491235
1,DMS-DLS,naive,DMS,29,0.1243
1,DMS-DLS,naive,DMS,30,0.076362
1,DMS-DLS,naive,DMS,31,0.338625
1,DMS-DLS,naive,DMS,32,0.997959
1,DMS-DLS,naive,DMS,33,0.842786
1,DMS-DLS,naive,DMS,34,0.444756
1,DMS-DLS,naive,DMS,35,0.681597
1,DMS-DLS,naive,DMS,36,0.180393
1,DMS-DLS,naive,DMS,37,0.0
1,DMS-DLS,naive,DMS,38,0.692222
1,DMS-DLS,naive,DMS,39,0.720325
1,DMS-DLS,naive,DMS,40,0.962326
1,DMS-DLS,naive,DMS,41,0.886849
1,DMS-DLS,naive,DMS,42,0.134184
1,DMS-DLS,naive,DMS,43,0.608638
1,DMS-DLS,naive,DMS,44,0.578257
1,DMS-DLS,naive,DMS,45,0.241811
1,DMS-DLS,naive,DMS,46,0.860695
1,DMS-DLS,naive,DMS,47,0.066186
1,DMS-DLS,naive,DMS,48,0.41577
1,DMS-DLS,naive,DMS,49,0.619009
1,DMS-DLS,naive,DMS,50,0.503229
1,DMS-DLS,naive,DMS,51,0.128967
1,DMS-DLS,naive,DMS,52,0.207726
1,DMS-DLS,naive,DMS,53,0.921665
1,DMS-DLS,naive,DMS,54,0.881499
1,DMS-DLS,naive,DMS,55,0.114577
1,DMS-DLS,naive,DMS,56,0.792194
1,DMS-DLS,naive,DLS,0,0.0
1,DMS-DLS,naive,DLS,1,0.458977
1,DMS-DLS,naive,DLS,2,0.752644
1,DMS-DLS,naive,DLS,3,1.049321
1,DMS-DLS,naive,DLS,4,1.1007
1,DMS-DLS,naive,DLS,5,0.064097
1,DMS-DLS,naive,DLS,6,1.012071
1,DMS-DLS,naive,DLS,7,0.141731
1,DMS-DLS,naive,DLS,8,0.969318
1,DMS-DLS,naive,DLS,9,0.967261
1,DMS-DLS,naive,DLS,10,0.080174
1,DMS-DLS,naive,DLS,11,0.583187
1,DMS-DLS,naive,DLS,12,0.178365
1,DMS-DLS,naive,DLS,13,0.626829
1,DMS-DLS,naive,DLS,14,0.654074
1,DMS-DLS,naive,DLS,15,1.022507
1,DMS-DLS,naive,DLS,16,0.855852
1,DMS-DLS,naive,DLS,17,0.0
1,DMS-DLS,naive,DLS,18,0.368597
1,DMS-DLS,naive,DLS,19,0.154108
1,DMS-DLS,naive,DLS,20,0.920288
1,DMS-DLS,naive,DLS,21,0.416567
1,DMS-DLS,naive,DLS,22,0.718537
1,DMS-DLS,naive,DLS,23,0.996878
1,DMS-DLS,naive,DLS,24,0.012294
1,DMS-DLS,naive,DLS,25,0.0
1,DMS-DLS,naive,DLS,26,0.949682
1,DMS-DLS,naive,DLS,27,0.365194
1,DMS-DLS,naive,DLS,28,0.0
1,DMS-DLS,naive,DLS,29,0.397744
1,DMS-DLS,naive,DLS,30,0.324978
1,DMS-DLS,naive,DLS,31,0.111281
1,DMS-DLS,naive,DLS,32,0.0
1,DMS-DLS,naive,DLS,33,0.759899
1,DMS-DLS,naive,DLS,34,0.808459
1,DMS-DLS,naive,DLS,35,0.128381
1,DMS-DLS,naive,DLS,36,0.849447
1,DMS-DLS,naive,DLS,37,0.020642
1,DMS-DLS,naive,DLS,38,0.678424
1,DMS-DLS,naive,DLS,39,1.08574
1,DMS-DLS,naive,DLS,40,0.02276
1,DMS-DLS,naive,DLS,41,0.843397
1,DMS-DLS,intermediate,DMS,0,0.205863
1,DMS-DLS,intermediate,DMS,1,0.553761
1,DMS-DLS,intermediate,DMS,2,0.944614
1,DMS-DLS,intermediate,DMS,3,0.088548
1,DMS-DLS,intermediate,DMS,4,0.783964
1,DMS-DLS,intermediate,DMS,5,0.113371
1,DMS-DLS,intermediate,DMS,6,0.830133
1,DMS-DLS,intermediate,DMS,7,0.065672
1,DMS-DLS,intermediate,DMS,8,0.082507
1,DMS-DLS,intermediate,DMS,9,0.734733
1,DMS-DLS,intermediate,DMS,10,0.29758
1,DMS-DLS,intermediate,DMS,11,0.233864
1,DMS-DLS,intermediate,DMS,12,0.129545
1,DMS-DLS,intermediate,DMS,13,0.407075
1,DMS-DLS,intermediate,DMS,14,0.828271
1,DMS-DLS,intermediate,DMS,15,0.73335
1,DMS-DLS,intermediate,DMS,16,0.891621
1,DMS-DLS,intermediate,DMS,17,0.03675
1,DMS-DLS,intermediate,DMS,18,0.502878
1,DMS-DLS,intermediate,DMS,19,0.207527
1,DMS-DLS,intermediate,DMS,20,0.914342
1,DMS-DLS,intermediate,DMS,21,0.039067
1,DMS-DLS,intermediate,DMS,22,0.0
1,DMS-DLS,intermediate,DMS,23,0.803982
1,DMS-DLS,intermediate,DMS,24,0.841609
1,DMS-DLS,intermediate,DMS,25,0.457647
1,DMS-DLS,intermediate,DMS,26,0.058997
1,DMS-DLS,intermediate,DMS,27,0.380498
1,DMS-DLS,intermediate,DMS,28,0.127612
1,DMS-DLS,intermediate,DMS,29,0.723244
1,DMS-DLS,intermediate,DMS,30,0.038654
1,DMS-DLS,intermediate,DMS,31,0.671329
1,DMS-DLS,intermediate,DMS,32,0.071751
1,DMS-DLS,intermediate,DMS,33,0.045027
1,DMS-DLS,intermediate,DMS,34,0.044894
1,DMS-DLS,intermediate,DMS,35,0.056216
1,DMS-DLS,intermediate,DMS,36,0.043971
1,DMS-DLS,intermediate,DMS,37,0.13794
1,DMS-DLS,intermediate,DMS,38,0.687147
1,DMS-DLS,intermediate,DMS,39,0.442874
1,DMS-DLS,intermediate,DMS,40,0.136432
1,DMS-DLS,intermediate,DMS,41,0.848532
1,DMS-DLS,intermediate,DMS,42,0.436027
1,DMS-DLS,intermediate,DMS,43,0.0
1,DMS-DLS,intermediate,DMS,44,0.136012
1,DMS-DLS,intermediate,DMS,45,0.87828
1,DMS-DLS,intermediate,DMS,46,0.906959
1,DMS-DLS,intermediate,DMS,47,0.0
1,DMS-DLS,intermediate,DMS,48,0.170331
1,DMS-DLS,intermediate,DMS,49,0.024456
1,DMS-DLS,intermediate,DMS,50,0.068801
1,DMS-DLS,intermediate,DMS,51,0.341159
1,DMS-DLS,intermediate,DMS,52,0.898872
1,DMS-DLS,intermediate,DMS,53,0.069092
1,DMS-DLS,intermediate,DMS,54,0.864806
1,DMS-DLS,intermediate,DMS,55,0.177481
1,DMS-DLS,intermediate,DMS,56,0.936932
1,DMS-DLS,intermediate,DLS,0,0.255741
1,DMS-DLS,intermediate,DLS,1,0.494458
1,DMS-DLS,intermediate,DLS,2,0.584799
1,DMS-DLS,intermediate,DLS,3,0.98404
1,DMS-DLS,intermediate,DLS,4,0.43026
1,DMS-DLS,intermediate,DLS,5,0.922168
1,DMS-DLS,intermediate,DLS,6,0.035715
1,DMS-DLS,intermediate,DLS,7,0.083329
1,DMS-DLS,intermediate,DLS,8,0.932442
1,DMS-DLS,intermediate,DLS,9,0.752051
1,DMS-DLS,intermediate,DLS,10,0.830334
1,DMS-DLS,intermediate,DLS,11,0.665407
1,DMS-DLS,intermediate,DLS,12,0.079905
1,DMS-DLS,intermediate,DLS,13,0.647956
1,DMS-DLS,intermediate,DLS,14,0.215914
1,DMS-DLS,intermediate,DLS,15,0.932711
1,DMS-DLS,intermediate,DLS,16,0.231578
1,DMS-DLS,intermediate,DLS,17,0.0
1,DMS-DLS,intermediate,DLS,18,0.479465
1,DMS-DLS,intermediate,DLS,19,0.651516
1,DMS-DLS,intermediate,DLS,20,0.750058
1,DMS-DLS,intermediate,DLS,21,0.571932
1,DMS-DLS,intermediate,DLS,22,0.707085
1,DMS-DLS,intermediate,DLS,23,0.883899
1,DMS-DLS,intermediate,DLS,24,0.628917
1,DMS-DLS,intermediate,DLS,25,0.674641
1,DMS-DLS,intermediate,DLS,26,0.908357
1,DMS-DLS,intermediate,DLS,27,0.0
1,DMS-DLS,intermediate,DLS,28,0.045426
1,DMS-DLS,intermediate,DLS,29,0.0
1,DMS-DLS,intermediate,DLS,30,0.08594
1,DMS-DLS,intermediate,DLS,31,0.059272
1,DMS-DLS,intermediate,DLS,32,0.0
1,DMS-DLS,intermediate,DLS,33,0.749434
1,DMS-DLS,intermediate,DLS,34,0.548036
1,DMS-DLS,intermediate,DLS,35,0.384262
1,DMS-DLS,intermediate,DLS,36,0.439119
1,DMS-DLS,intermediate,DLS,37,0.187066
1,DMS-DLS,intermediate,DLS,38,0.767201
1,DMS-DLS,intermediate,DLS,39,0.235581
1,DMS-DLS,intermediate,DLS,40,0.0
1,DMS-DLS,intermediate,DLS,41,0.559568
1,DMS-DLS,expert,DMS,0,0.190663
1,DMS-DLS,expert,DMS,1,0.26176
1,DMS-DLS,expert,DMS,2,0.822174
1,DMS-DLS,expert,DMS,3,0.179926
1,DMS-DLS,expert,DMS,4,0.717001
1,DMS-DLS,expert,DMS,5,0.262322
1,DMS-DLS,expert,DMS,6,0.496638
1,DMS-DLS,expert,DMS,7,0.731903
1,DMS-DLS,expert,DMS,8,0.065125
1,DMS-DLS,expert,DMS,9,0.107081
1,DMS-DLS,expert,DMS,10,0.21004
1,DMS-DLS,expert,DMS,11,0.202877
1,DMS-DLS,expert,DMS,12,0.512652
1,DMS-DLS,expert,DMS,13,0.170164
1,DMS-DLS,expert,DMS,14,0.78793
1,DMS-DLS,expert,DMS,15,0.767806
1,DMS-DLS,expert,DMS,16,0.158547
1,DMS-DLS,expert,DMS,17,0.899268
1,DMS-DLS,expert,DMS,18,0.760683
1,DMS-DLS,expert,DMS,19,0.653592
1,DMS-DLS,expert,DMS,20,0.660694
1,DMS-DLS,expert,DMS,21,0.048346
1,DMS-DLS,expert,DMS,22,0.0
1,DMS-DLS,expert,DMS,23,0.850797
1,DMS-DLS,expert,DMS,24,0.840192
1,DMS-DLS,expert,DMS,25,0.119324
1,DMS-DLS,expert,DMS,26,0.025055
1,DMS-DLS,expert,DMS,27,0.231655
1,DMS-DLS,expert,DMS,28,0.06703
1,DMS-DLS,expert,DMS,29,0.644047
1,DMS-DLS,expert,DMS,30,0.211887
1,DMS-DLS,expert,DMS,31,0.759036
1,DMS-DLS,expert,DMS,32,0.731088
1,DMS-DLS,expert,DMS,33,0.089778
1,DMS-DLS,expert,DMS,34,0.009391
1,DMS-DLS,expert,DMS,35,0.078675
1,DMS-DLS,expert,DMS,36,0.200956
1,DMS-DLS,expert,DMS,37,0.037744
1,DMS-DLS,expert,DMS,38,0.595983
1,DMS-DLS,expert,DMS,39,1.00481
1,DMS-DLS,expert,DMS,40,0.841933
1,DMS-DLS,expert,DMS,41,0.862408
1,DMS-DLS,expert,DMS,42,0.171287
1,DMS-DLS,expert,DMS,43,0.008184
1,DMS-DLS,expert,DMS,44,0.044335
1,DMS-DLS,expert,DMS,45,0.846017
1,DMS-DLS,expert,DMS,46,0.718409
1,DMS-DLS,expert,DMS,47,0.026724
1,DMS-DLS,expert,DMS,48,0.237362
1,DMS-DLS,expert,DMS,49,0.0
1,DMS-DLS,expert,DMS,50,0.079022
1,DMS-DLS,expert,DMS,51,0.07641
1,DMS-DLS,expert,DMS,52,0.880503
1,DMS-DLS,expert,DMS,53,0.102401
1,DMS-DLS,expert,DMS,54,0.229689
1,DMS-DLS,expert,DMS,55,0.167989
1,DMS-DLS,expert,DMS,56,0.869178
1,DMS-DLS,expert,DLS,0,0.059762
1,DMS-DLS,expert,DLS,1,0.510458
1,DMS-DLS,expert,DLS,2,0.608696
1,DMS-DLS,expert,DLS,3,1.06066
1,DMS-DLS,expert,DLS,4,1.040325
1,DMS-DLS,expert,DLS,5,0.91837
1,DMS-DLS,expert,DLS,6,0.119446
1,DMS-DLS,expert,DLS,7,1.012845
1,DMS-DLS,expert,DLS,8,0.999494
1,DMS-DLS,expert,DLS,9,0.942512
1,DMS-DLS,expert,DLS,10,0.816104
1,DMS-DLS,expert,DLS,11,0.049825
1,DMS-DLS,expert,DLS,12,0.135661
1,DMS-DLS,expert,DLS,13,0.948194
1,DMS-DLS,expert,DLS,14,0.075541
1,DMS-DLS,expert,DLS,15,1.075459
1,DMS-DLS,expert,DLS,16,0.901478
1,DMS-DLS,expert,DLS,17,0.0
1,DMS-DLS,expert,DLS,18,0.460557
1,DMS-DLS,expert,DLS,19,0.719649
1,DMS-DLS,expert,DLS,20,0.336173
1,DMS-DLS,expert,DLS,21,0.140681
1,DMS-DLS,expert,DLS,22,0.996571
1,DMS-DLS,expert,DLS,23,0.996538
1,DMS-DLS,expert,DLS,24,0.941596
1,DMS-DLS,expert,DLS,25,0.0
1,DMS-DLS,expert,DLS,26,0.862524
1,DMS-DLS,expert,DLS,27,0.0
1,DMS-DLS,expert,DLS,28,0.294392
1,DMS-DLS,expert,DLS,29,0.511562
1,DMS-DLS,expert,DLS,30,0.431623
1,DMS-DLS,expert,DLS,31,0.127108
1,DMS-DLS,expert,DLS,32,0.0
1,DMS-DLS,expert,DLS,33,0.03478
1,DMS-DLS,expert,DLS,34,0.0
1,DMS-DLS,expert,DLS,35,0.866524
1,DMS-DLS,expert,DLS,36,0.285067
1,DMS-DLS,expert,DLS,37,0.127074
1,DMS-DLS,expert,DLS,38,0.036812
1,DMS-DLS,expert,DLS,39,1.045999
1,DMS-DLS,expert,DLS,40,0.400257
1,DMS-DLS,expert,DLS,41,0.949195
1,DMS-ACC,naive,DMS,0,0.206097
1,DMS-ACC,naive,DMS,1,0.562757
1,DMS-ACC,naive,DMS,2,0.846166
1,DMS-ACC,naive,DMS,3,0.031411
1,DMS-ACC,naive,DMS,4,0.782972
1,DMS-ACC,naive,DMS,5,0.09893
1,DMS-ACC,naive,DMS,6,0.302523
1,DMS-ACC,naive,DMS,7,0.015049
1,DMS-ACC,naive,DMS,8,0.016188
1,DMS-ACC,naive,DMS,9,0.01987
1,DMS-ACC,naive,DMS,10,0.29416
1,DMS-ACC,naive,DMS,11,0.191637
1,DMS-ACC,naive,DMS,12,0.00776
1,DMS-ACC,naive,DMS,13,0.137206
1,DMS-ACC,naive,DMS,14,0.81617
1,DMS-ACC,naive,DMS,15,0.612439
1,DMS-ACC,naive,DMS,16,0.516962
1,DMS-ACC,naive,DMS,17,0.091044
1,DMS-ACC,naive,DMS,18,0.036826
1,DMS-ACC,naive,DMS,19,0.29722
1,DMS-ACC,naive,DMS,20,0.084646
1,DMS-ACC,naive,DMS,21,0.235814
1,DMS-ACC,naive,DMS,22,0.0
1,DMS-ACC,naive,DMS,23,0.675093
1,DMS-ACC,naive,DMS,24,0.795723
1,DMS-ACC,naive,DMS,25,0.08419
1,DMS-ACC,naive,DMS,26,0.051964
1,DMS-ACC,naive,DMS,27,0.292739
1,DMS-ACC,naive,DMS,28,0.491235
1,DMS-ACC,naive,DMS,29,0.1243
1,DMS-ACC,naive,DMS,30,0.076362
1,DMS-ACC,naive,DMS,31,0.338625
1,DMS-ACC,naive,DMS,32,0.997959
1,DMS-ACC,naive,DMS,33,0.842786
1,DMS-ACC,naive,DMS,34,0.444756
1,DMS-ACC,naive,DMS,35,0.681597
1,DMS-ACC,naive,DMS,36,0.180393
1,DMS-ACC,naive,DMS,37,0.0
1,DMS-ACC,naive,DMS,38,0.692222
1,DMS-ACC,naive,DMS,39,0.720325
1,DMS-ACC,naive,DMS,40,0.962326
1,DMS-ACC,naive,DMS,41,0.886849
1,DMS-ACC,naive,DMS,42,0.134184
1,DMS-ACC,naive,DMS,43,0.608638
1,DMS-ACC,naive,DMS,44,0.578257
1,DMS-ACC,naive,DMS,45,0.241811
1,DMS-ACC,naive,DMS,46,0.860695
1,DMS-ACC,naive,DMS,47,0.066186
1,DMS-ACC,naive,DMS,48,0.41577
1,DMS-ACC,naive,DMS,49,0.619009
1,DMS-ACC,naive,DMS,50,0.503229
1,DMS-ACC,naive,DMS,51,0.128967
1,DMS-ACC,naive,DMS,52,0.207726
1,DMS-ACC,naive,DMS,53,0.921665
1,DMS-ACC,naive,DMS,54,0.881499
1,DMS-ACC,naive,DMS,55,0.114577
1,DMS-ACC,naive,DMS,56,0.792194
1,DMS-ACC,naive,ACC,0,1.679145
1,DMS-ACC,naive,ACC,1,0.103348
1,DMS-ACC,naive,ACC,2,0.012831
1,DMS-ACC,naive,ACC,3,1.28714
1,DMS-ACC,naive,ACC,4,1.004736
1,DMS-ACC,naive,ACC,5,0.703964
1,DMS-ACC,naive,ACC,6,0.0
1,DMS-ACC,naive,ACC,7,0.0
1,DMS-ACC,naive,ACC,8,1.293763
1,DMS-ACC,naive,ACC,9,0.025905
1,DMS-ACC,naive,ACC,10,0.945775
1,DMS-ACC,naive,ACC,11,1.063441
1,DMS-ACC,naive,ACC,12,1.738171
1,DMS-ACC,naive,ACC,13,1.772959
1,DMS-ACC,naive,ACC,14,0.0
1,DMS-ACC,naive,ACC,15,0.923777
1,DMS-ACC,naive,ACC,16,0.06882
1,DMS-ACC,naive,ACC,17,1.252183
1,DMS-ACC,naive,ACC,18,1.551609
1,DMS-ACC,naive,ACC,19,1.035712
1,DMS-ACC,naive,ACC,20,0.0
1,DMS-ACC,naive,ACC,21,0.040542
1,DMS-ACC,naive,ACC,22,1.221689
1,DMS-ACC,naive,ACC,23,1.037645
1,DMS-ACC,naive,ACC,24,1.17712
1,DMS-ACC,naive,ACC,25,0.0
1,DMS-ACC,naive,ACC,26,1.126693
1,DMS-ACC,naive,ACC,27,1.445297
1,DMS-ACC,naive,ACC,28,0.413678
1,DMS-ACC,naive,ACC,29,0.0
1,DMS-ACC,naive,ACC,30,1.598742
1,DMS-ACC,naive,ACC,31,0.0
1,DMS-ACC,naive,ACC,32,0.897884
1,DMS-ACC,naive,ACC,33,1.681773
1,DMS-ACC,intermediate,DMS,0,0.205863
1,DMS-ACC,intermediate,DMS,1,0.553761
1,DMS-ACC,intermediate,DMS,2,0.944614
1,DMS-ACC,intermediate,DMS,3,0.088548
1,DMS-ACC,intermediate,DMS,4,0.783964
1,DMS-ACC,intermediate,DMS,5,0.113371
1,DMS-ACC,intermediate,DMS,6,0.830133
1,DMS-ACC,intermediate,DMS,7,0.065672
1,DMS-ACC,intermediate,DMS,8,0.082507
1,DMS-ACC,intermediate,DMS,9,0.734733
1,DMS-ACC,intermediate,DMS,10,0.29758
1,DMS-ACC,intermediate,DMS,11,0.233864
1,DMS-ACC,intermediate,DMS,12,0.129545
1,DMS-ACC,intermediate,DMS,13,0.407075
1,DMS-ACC,intermediate,DMS,14,0.828271
1,DMS-ACC,intermediate,DMS,15,0.73335
1,DMS-ACC,intermediate,DMS,16,0.891621
1,DMS-ACC,intermediate,DMS,17,0.03675
1,DMS-ACC,intermediate,DMS,18,0.502878
1,DMS-ACC,intermediate,DMS,19,0.207527
1,DMS-ACC,intermediate,DMS,20,0.914342
1,DMS-ACC,intermediate,DMS,21,0.039067
1,DMS-ACC,intermediate,DMS,22,0.0
1,DMS-ACC,intermediate,DMS,23,0.803982
1,DMS-ACC,intermediate,DMS,24,0.841609
1,DMS-ACC,intermediate,DMS,25,0.457647
1,DMS-ACC,intermediate,DMS,26,0.058997
1,DMS-ACC,intermediate,DMS,27,0.380498
1,DMS-ACC,intermediate,DMS,28,0.127612
1,DMS-ACC,intermediate,DMS,29,0.723244
1,DMS-ACC,intermediate,DMS,30,0.038654
1,DMS-ACC,intermediate,DMS,31,0.671329
1,DMS-ACC,intermediate,DMS,32,0.071751
1,DMS-ACC,intermediate,DMS,33,0.045027
1,DMS-ACC,intermediate,DMS,34,0.044894
1,DMS-ACC,intermediate,DMS,35,0.056216
1,DMS-ACC,intermediate,DMS,36,0.043971
1,DMS-ACC,intermediate,DMS,37,0.13794
1,DMS-ACC,intermediate,DMS,38,0.687147
1,DMS-ACC,intermediate,DMS,39,0.442874
1,DMS-ACC,intermediate,DMS,40,0.136432
1,DMS-ACC,intermediate,DMS,41,0.848532
1,DMS-ACC,intermediate,DMS,42,0.436027
1,DMS-ACC,intermediate,DMS,43,0.0
1,DMS-ACC,intermediate,DMS,44,0.136012
1,DMS-ACC,intermediate,DMS,45,0.87828
1,DMS-ACC,intermediate,DMS,46,0.906959
1,DMS-ACC,intermediate,DMS,47,0.0
1,DMS-ACC,intermediate,DMS,48,0.170331
1,DMS-ACC,intermediate,DMS,49,0.024456
1,DMS-ACC,intermediate,DMS,50,0.068801
1,DMS-ACC,intermediate,DMS,51,0.341159
1,DMS-ACC,intermediate,DMS,52,0.898872
1,DMS-ACC,intermediate,DMS,53,0.069092
1,DMS-ACC,intermediate,DMS,54,0.864806
1,DMS-ACC,intermediate,DMS,55,0.177481
1,DMS-ACC,intermediate,DMS,56,0.936932
1,DMS-ACC,intermediate,ACC,0,1.249428
1,DMS-ACC,intermediate,ACC,1,1.4548
1,DMS-ACC,intermediate,ACC,2,1.328253
1,DMS-ACC,intermediate,ACC,3,1.334975
1,DMS-ACC,intermediate,ACC,4,0.753468
1,DMS-ACC,intermediate,ACC,5,0.823234
1,DMS-ACC,intermediate,ACC,6,1.475735
1,DMS-ACC,intermediate,ACC,7,0.008108
1,DMS-ACC,intermediate,ACC,8,1.130221
1,DMS-ACC,intermediate,ACC,9,0.033161
1,DMS-ACC,intermediate,ACC,10,0.920082
1,DMS-ACC,intermediate,ACC,11,0.944854
1,DMS-ACC,intermediate,ACC,12,0.002208
1,DMS-ACC,intermediate,ACC,13,1.150147
1,DMS-ACC,intermediate,ACC,14,0.016
1,DMS-ACC,intermediate,ACC,15,0.164154
1,DMS-ACC,intermediate,ACC,16,1.306318
1,DMS-ACC,intermediate,ACC,17,0.912278
1,DMS-ACC,intermediate,ACC,18,0.051765
1,DMS-ACC,intermediate,ACC,19,1.148828
1,DMS-ACC,intermediate,ACC,20,0.024286
1,DMS-ACC,intermediate,ACC,21,0.0
1,DMS-ACC,intermediate,ACC,22,0.01143
1,DMS-ACC,intermediate,ACC,23,0.914899
1,DMS-ACC,intermediate,ACC,24,1.046658
1,DMS-ACC,intermediate,ACC,25,0.0
1,DMS-ACC,intermediate,ACC,26,1.064468
1,DMS-ACC,intermediate,ACC,27,1.246184
1,DMS-ACC,intermediate,ACC,28,0.75213
1,DMS-ACC,intermediate,ACC,29,0.0
1,DMS-ACC,intermediate,ACC,30,1.31894
1,DMS-ACC,intermediate,ACC,31,0.055603
1,DMS-ACC,intermediate,ACC,32,1.32753
1,DMS-ACC,intermediate,ACC,33,0.434299
1,DMS-ACC,expert,DMS,0,0.190663
1,DMS-ACC,expert,DMS,1,0.26176
1,DMS-ACC,expert,DMS,2,0.822174
1,DMS-ACC,expert,DMS,3,0.179926
1,DMS-ACC,expert,DMS,4,0.717001
1,DMS-ACC,expert,DMS,5,0.262322
1,DMS-ACC,expert,DMS,6,0.496638
1,DMS-ACC,expert,DMS,7,0.731903
1,DMS-ACC,expert,DMS,8,0.065125
1,DMS-ACC,expert,DMS,9,0.107081
1,DMS-ACC,expert,DMS,10,0.21004
1,DMS-ACC,expert,DMS,11,0.202877
1,DMS-ACC,expert,DMS,12,0.512652
1,DMS-ACC,expert,DMS,13,0.170164
1,DMS-ACC,expert,DMS,14,0.78793
1,DMS-ACC,expert,DMS,15,0.767806
1,DMS-ACC,expert,DMS,16,0.158547
1,DMS-ACC,expert,DMS,17,0.899268
1,DMS-ACC,expert,DMS,18,0.760683
1,DMS-ACC,expert,DMS,19,0.653592
1,DMS-ACC,expert,DMS,20,0.660694
1,DMS-ACC,expert,DMS,21,0.048346
1,DMS-ACC,expert,DMS,22,0.0
1,DMS-ACC,expert,DMS,23,0.850797
1,DMS-ACC,expert,DMS,24,0.840192
1,DMS-ACC,expert,DMS,25,0.119324
1,DMS-ACC,expert,DMS,26,0.025055
1,DMS-ACC,expert,DMS,27,0.231655
1,DMS-ACC,expert,DMS,28,0.06703
1,DMS-ACC,expert,DMS,29,0.644047
1,DMS-ACC,expert,DMS,30,0.211887
1,DMS-ACC,expert,DMS,31,0.759036
1,DMS-ACC,expert,DMS,32,0.731088
1,DMS-ACC,expert,DMS,33,0.089778
1,DMS-ACC,expert,DMS,34,0.009391
1,DMS-ACC,expert,DMS,35,0.078675
1,DMS-ACC,expert,DMS,36,0.200956
1,DMS-ACC,expert,DMS,37,0.037744
1,DMS-ACC,expert,DMS,38,0.595983
1,DMS-ACC,expert,DMS,39,1.00481
1,DMS-ACC,expert,DMS,40,0.841933
1,DMS-ACC,expert,DMS,41,0.862408
1,DMS-ACC,expert,DMS,42,0.171287
1,DMS-ACC,expert,DMS,43,0.008184
1,DMS-ACC,expert,DMS,44,0.044335
1,DMS-ACC,expert,DMS,45,0.846017
1,DMS-ACC,expert,DMS,46,0.718409
1,DMS-ACC,expert,DMS,47,0.026724
1,DMS-ACC,expert,DMS,48,0.237362
1,DMS-ACC,expert,DMS,49,0.0
1,DMS-ACC,expert,DMS,50,0.079022
1,DMS-ACC,expert,DMS,51,0.07641
1,DMS-ACC,expert,DMS,52,0.880503
1,DMS-ACC,expert,DMS,53,0.102401
1,DMS-ACC,expert,DMS,54,0.229689
1,DMS-ACC,expert,DMS,55,0.167989
1,DMS-ACC,expert,DMS,56,0.869178
1,DMS-ACC,expert,ACC,0,0.935844
1,DMS-ACC,expert,ACC,1,0.573737
1,DMS-ACC,expert,ACC,2,1.130847
1,DMS-ACC,expert,ACC,3,1.093116
1,DMS-ACC,expert,ACC,4,0.761549
1,DMS-ACC,expert,ACC,5,0.584816
1,DMS-ACC,expert,ACC,6,0.0
1,DMS-ACC,expert,ACC,7,0.0
1,DMS-ACC,expert,ACC,8,1.101665
1,DMS-ACC,expert,ACC,9,0.078848
1,DMS-ACC,expert,ACC,10,0.849222
1,DMS-ACC,expert,ACC,11,1.038642
1,DMS-ACC,expert,ACC,12,0.119878
1,DMS-ACC,expert,ACC,13,0.941692
1,DMS-ACC,expert,ACC,14,0.031229
1,DMS-ACC,expert,ACC,15,0.877651
1,DMS-ACC,expert,ACC,16,0.126627
1,DMS-ACC,expert,ACC,17,0.781084
1,DMS-ACC,expert,ACC,18,0.341243
1,DMS-ACC,expert,ACC,19,0.990521
1,DMS-ACC,expert,ACC,20,0.997848
1,DMS-ACC,expert,ACC,21,0.045725
1,DMS-ACC,expert,ACC,22,0.004524
1,DMS-ACC,expert,ACC,23,0.792027
1,DMS-ACC,expert,ACC,24,0.865024
1,DMS-ACC,expert,ACC,25,1.000433
1,DMS-ACC,expert,ACC,26,1.10176
1,DMS-ACC,expert,ACC,27,1.003215
1,DMS-ACC,expert,ACC,28,0.785078
1,DMS-ACC,expert,ACC,29,1.065519
1,DMS-ACC,expert,ACC,30,1.187846
1,DMS-ACC,expert,ACC,31,0.303755
1,DMS-ACC,expert,ACC,32,0.061834
1,DMS-ACC,expert,ACC,33,0.121442
1,DLS-ACC,naive,DLS,0,0.0
1,DLS-ACC,naive,DLS,1,0.458977
1,DLS-ACC,naive,DLS,2,0.752644
1,DLS-ACC,naive,DLS,3,1.049321
1,DLS-ACC,naive,DLS,4,1.1007
1,DLS-ACC,naive,DLS,5,0.064097
1,DLS-ACC,naive,DLS,6,1.012071
1,DLS-ACC,naive,DLS,7,0.141731
1,DLS-ACC,naive,DLS,8,0.969318
1,DLS-ACC,naive,DLS,9,0.967261
1,DLS-ACC,naive,DLS,10,0.080174
1,DLS-ACC,naive,DLS,11,0.583187
1,DLS-ACC,naive,DLS,12,0.178365
1,DLS-ACC,naive,DLS,13,0.626829
1,DLS-ACC,naive,DLS,14,0.654074
1,DLS-ACC,naive,DLS,15,1.022507
1,DLS-ACC,naive,DLS,16,0.855852
1,DLS-ACC,naive,DLS,17,0.0
1,DLS-ACC,naive,DLS,18,0.368597
1,DLS-ACC,naive,DLS,19,0.154108
1,DLS-ACC,naive,DLS,20,0.920288
1,DLS-ACC,naive,DLS,21,0.416567
1,DLS-ACC,naive,DLS,22,0.718537
1,DLS-ACC,naive,DLS,23,0.996878
1,DLS-ACC,naive,DLS,24,0.012294
1,DLS-ACC,naive,DLS,25,0.0
1,DLS-ACC,naive,DLS,26,0.949682
1,DLS-ACC,naive,DLS,27,0.365194
1,DLS-ACC,naive,DLS,28,0.0
1,DLS-ACC,naive,DLS,29,0.397744
1,DLS-ACC,naive,DLS,30,0.324978
1,DLS-ACC,naive,DLS,31,0.111281
1,DLS-ACC,naive,DLS,32,0.0
1,DLS-ACC,naive,DLS,33,0.759899
1,DLS-ACC,naive,DLS,34,0.808459
1,DLS-ACC,naive,DLS,35,0.128381
1,DLS-ACC,naive,DLS,36,0.849447
1,DLS-ACC,naive,DLS,37,0.020642
1,DLS-ACC,naive,DLS,38,0.678424
1,DLS-ACC,naive,DLS,39,1.08574
1,DLS-ACC,naive,DLS,40,0.02276
1,DLS-ACC,naive,DLS,41,0.843397
1,DLS-ACC,naive,ACC,0,1.679145
1,DLS-ACC,naive,ACC,1,0.103348
1,DLS-ACC,naive,ACC,2,0.012831
1,DLS-ACC,naive,ACC,3,1.28714
1,DLS-ACC,naive,ACC,4,1.004736
1,DLS-ACC,naive,ACC,5,0.703964
1,DLS-ACC,naive,ACC,6,0.0
1,DLS-ACC,naive,ACC,7,0.0
1,DLS-ACC,naive,ACC,8,1.293763
1,DLS-ACC,naive,ACC,9,0.025905
1,DLS-ACC,naive,ACC,10,0.945775
1,DLS-ACC,naive,ACC,11,1.063441
1,DLS-ACC,naive,ACC,12,1.738171
1,DLS-ACC,naive,ACC,13,1.772959
1,DLS-ACC,naive,ACC,14,0.0
1,DLS-ACC,naive,ACC,15,0.923777
1,DLS-ACC,naive,ACC,16,0.06882
1,DLS-ACC,naive,ACC,17,1.252183
1,DLS-ACC,naive,ACC,18,1.551609
1,DLS-ACC,naive,ACC,19,1.035712
1,DLS-ACC,naive,ACC,20,0.0
1,DLS-ACC,naive,ACC,21,0.040542
1,DLS-ACC,naive,ACC,22,1.221689
1,DLS-ACC,naive,ACC,23,1.037645
1,DLS-ACC,naive,ACC,24,1.17712
1,DLS-ACC,naive,ACC,25,0.0
1,DLS-ACC,naive,ACC,26,1.126693
1,DLS-ACC,naive,ACC,27,1.445297
1,DLS-ACC,naive,ACC,28,0.413678
1,DLS-ACC,naive,ACC,29,0.0
1,DLS-ACC,naive,ACC,30,1.598742
1,DLS-ACC,naive,ACC,31,0.0
1,DLS-ACC,naive,ACC,32,0.897884
1,DLS-ACC,naive,ACC,33,1.681773
1,DLS-ACC,intermediate,DLS,0,0.255741
1,DLS-ACC,intermediate,DLS,1,0.494458
1,DLS-ACC,intermediate,DLS,2,0.584799
1,DLS-ACC,intermediate,DLS,3,0.98404
1,DLS-ACC,intermediate,DLS,4,0.43026
1,DLS-ACC,intermediate,DLS,5,0.922168
1,DLS-ACC,intermediate,DLS,6,0.035715
1,DLS-ACC,intermediate,DLS,7,0.083329
1,DLS-ACC,intermediate,DLS,8,0.932442
1,DLS-ACC,intermediate,DLS,9,0.752051
1,DLS-ACC,intermediate,DLS,10,0.830334
1,DLS-ACC,intermediate,DLS,11,0.665407
1,DLS-ACC,intermediate,DLS,12,0.079905
1,DLS-ACC,intermediate,DLS,13,0.647956
1,DLS-ACC,intermediate,DLS,14,0.215914
1,DLS-ACC,intermediate,DLS,15,0.932711
1,DLS-ACC,intermediate,DLS,16,0.231578
1,DLS-ACC,intermediate,DLS,17,0.0
1,DLS-ACC,intermediate,DLS,18,0.479465
1,DLS-ACC,intermediate,DLS,19,0.651516
1,DLS-ACC,intermediate,DLS,20,0.750058
1,DLS-ACC,intermediate,DLS,21,0.571932
1,DLS-ACC,intermediate,DLS,22,0.707085
1,DLS-ACC,intermediate,DLS,23,0.883899
1,DLS-ACC,intermediate,DLS,24,0.628917
1,DLS-ACC,intermediate,DLS,25,0.674641
1,DLS-ACC,intermediate,DLS,26,0.908357
1,DLS-ACC,intermediate,DLS,27,0.0
1,DLS-ACC,intermediate,DLS,28,0.045426
1,DLS-ACC,intermediate,DLS,29,0.0
1,DLS-ACC,intermediate,DLS,30,0.08594
1,DLS-ACC,intermediate,DLS,31,0.059272
1,DLS-ACC,intermediate,DLS,32,0.0
1,DLS-ACC,intermediate,DLS,33,0.749434
1,DLS-ACC,intermediate,DLS,34,0.548036
1,DLS-ACC,intermediate,DLS,35,0.384262
1,DLS-ACC,intermediate,DLS,36,0.439119
1,DLS-ACC,intermediate,DLS,37,0.187066
1,DLS-ACC,intermediate,DLS,38,0.767201
1,DLS-ACC,intermediate,DLS,39,0.235581
1,DLS-ACC,intermediate,DLS,40,0.0
1,DLS-ACC,intermediate,DLS,41,0.559568
1,DLS-ACC,intermediate,ACC,0,1.249428
1,DLS-ACC,intermediate,ACC,1,1.4548
1,DLS-ACC,intermediate,ACC,2,1.328253
1,DLS-ACC,intermediate,ACC,3,1.334975
1,DLS-ACC,intermediate,ACC,4,0.753468
1,DLS-ACC,intermediate,ACC,5,0.823234
1,DLS-ACC,intermediate,ACC,6,1.475735
1,DLS-ACC,intermediate,ACC,7,0.008108
1,DLS-ACC,intermediate,ACC,8,1.130221
1,DLS-ACC,intermediate,ACC,9,0.033161
1,DLS-ACC,intermediate,ACC,10,0.920082
1,DLS-ACC,intermediate,ACC,11,0.944854
1,DLS-ACC,intermediate,ACC,12,0.002208
1,DLS-ACC,intermediate,ACC,13,1.150147
1,DLS-ACC,intermediate,ACC,14,0.016
1,DLS-ACC,intermediate,ACC,15,0.164154
1,DLS-ACC,intermediate,ACC,16,1.306318
1,DLS-ACC,intermediate,ACC,17,0.912278
1,DLS-ACC,intermediate,ACC,18,0.051765
1,DLS-ACC,intermediate,ACC,19,1.148828
1,DLS-ACC,intermediate,ACC,20,0.024286
1,DLS-ACC,intermediate,ACC,21,0.0
1,DLS-ACC,intermediate,ACC,22,0.01143
1,DLS-ACC,intermediate,ACC,23,0.914899
1,DLS-ACC,intermediate,ACC,24,1.046658
1,DLS-ACC,intermediate,ACC,25,0.0
1,DLS-ACC,intermediate,ACC,26,1.064468
1,DLS-ACC,intermediate,ACC,27,1.246184
1,DLS-ACC,intermediate,ACC,28,0.75213
1,DLS-ACC,intermediate,ACC,29,0.0
1,DLS-ACC,intermediate,ACC,30,1.31894
1,DLS-ACC,intermediate,ACC,31,0.055603
1,DLS-ACC,intermediate,ACC,32,1.32753
1,DLS-ACC,intermediate,ACC,33,0.434299
1,DLS-ACC,expert,DLS,0,0.059762
1,DLS-ACC,expert,DLS,1,0.510458
1,DLS-ACC,expert,DLS,2,0.608696
1,DLS-ACC,expert,DLS,3,1.06066
1,DLS-ACC,expert,DLS,4,1.040325
1,DLS-ACC,expert,DLS,5,0.91837
1,DLS-ACC,expert,DLS,6,0.119446
1,DLS-ACC,expert,DLS,7,1.012845
1,DLS-ACC,expert,DLS,8,0.999494
1,DLS-ACC,expert,DLS,9,0.942512
1,DLS-ACC,expert,DLS,10,0.816104
1,DLS-ACC,expert,DLS,11,0.049825
1,DLS-ACC,expert,DLS,12,0.135661
1,DLS-ACC,expert,DLS,13,0.948194
1,DLS-ACC,expert,DLS,14,0.075541
1,DLS-ACC,expert,DLS,15,1.075459
1,DLS-ACC,expert,DLS,16,0.901478
1,DLS-ACC,expert,DLS,17,0.0
1,DLS-ACC,expert,DLS,18,0.460557
1,DLS-ACC,expert,DLS,19,0.719649
1,DLS-ACC,expert,DLS,20,0.336173
1,DLS-ACC,expert,DLS,21,0.140681
1,DLS-ACC,expert,DLS,22,0.996571
1,DLS-ACC,expert,DLS,23,0.996538
1,DLS-ACC,expert,DLS,24,0.941596
1,DLS-ACC,expert,DLS,25,0.0
1,DLS-ACC,expert,DLS,26,0.862524
1,DLS-ACC,expert,DLS,27,0.0
1,DLS-ACC,expert,DLS,28,0.294392
1,DLS-ACC,expert,DLS,29,0.511562
1,DLS-ACC,expert,DLS,30,0.431623
1,DLS-ACC,expert,DLS,31,0.127108
1,DLS-ACC,expert,DLS,32,0.0
1,DLS-ACC,expert,DLS,33,0.03478
1,DLS-ACC,expert,DLS,34,0.0
1,DLS-ACC,expert,DLS,35,0.866524
1,DLS-ACC,expert,DLS,36,0.285067
1,DLS-ACC,expert,DLS,37,0.127074
1,DLS-ACC,expert,DLS,38,0.036812
1,DLS-ACC,expert,DLS,39,1.045999
1,DLS-ACC,expert,DLS,40,0.400257
1,DLS-ACC,expert,DLS,41,0.949195
1,DLS-ACC,expert,ACC,0,0.935844
1,DLS-ACC,expert,ACC,1,0.573737
1,DLS-ACC,expert,ACC,2,1.130847
1,DLS-ACC,expert,ACC,3,1.093116
1,DLS-ACC,expert,ACC,4,0.761549
1,DLS-ACC,expert,ACC,5,0.584816
1,DLS-ACC,expert,ACC,6,0.0
1,DLS-ACC,expert,ACC,7,0.0
1,DLS-ACC,expert,ACC,8,1.101665
1,DLS-ACC,expert,ACC,9,0.078848
1,DLS-ACC,expert,ACC,10,0.849222
1,DLS-ACC,expert,ACC,11,1.038642
1,DLS-ACC,expert,ACC,12,0.119878
1,DLS-ACC,expert,ACC,13,0.941692
1,DLS-ACC,expert,ACC,14,0.031229
1,DLS-ACC,expert,ACC,15,0.877651
1,DLS-ACC,expert,ACC,16,0.126627
1,DLS-ACC,expert,ACC,17,0.781084
1,DLS-ACC,expert,ACC,18,0.341243
1,DLS-ACC,expert,ACC,19,0.990521
1,DLS-ACC,expert,ACC,20,0.997848
1,DLS-ACC,expert,ACC,21,0.045725
1,DLS-ACC,expert,ACC,22,0.004524
1,DLS-ACC,expert,ACC,23,0.792027
1,DLS-ACC,expert,ACC,24,0.865024
1,DLS-ACC,expert,ACC,25,1.000433
1,DLS-ACC,expert,ACC,26,1.10176
1,DLS-ACC,expert,ACC,27,1.003215
1,DLS-ACC,expert,ACC,28,0.785078
1,DLS-ACC,expert,ACC,29,1.065519
1,DLS-ACC,expert,ACC,30,1.187846
1,DLS-ACC,expert,ACC,31,0.303755
1,DLS-ACC,expert,ACC,32,0.061834
1,DLS-ACC,expert,ACC,33,0.121442
2,DMS-DLS,naive,DMS,0,0.081835
2,DMS-DLS,naive,DMS,1,0.035063
2,DMS-DLS,naive,DMS,2,0.04106
2,DMS-DLS,naive,DMS,3,0.074094
2,DMS-DLS,naive,DMS,4,0.0
2,DMS-DLS,naive,DMS,5,0.0
2,DMS-DLS,naive,DMS,6,0.932084
2,DMS-DLS,naive,DMS,7,0.878763
2,DMS-DLS,naive,DMS,8,0.082425
2,DMS-DLS,naive,DMS,9,0.0329
2,DMS-DLS,naive,DMS,10,0.951011
2,DMS-DLS,naive,DMS,11,0.00071
2,DMS-DLS,naive,DMS,12,1.047168
2,DMS-DLS,naive,DMS,13,0.0
2,DMS-DLS,naive,DMS,14,0.0
2,DMS-DLS,naive,DMS,15,0.078623
2,DMS-DLS,naive,DMS,16,0.0
2,DMS-DLS,naive,DMS,17,0.078392
2,DMS-DLS,naive,DMS,18,0.020545
2,DMS-DLS,naive,DMS,19,0.0
2,DMS-DLS,naive,DMS,20,0.482909
2,DMS-DLS,naive,DMS,21,0.192323
2,DMS-DLS,naive,DMS,22,0.020969
2,DMS-DLS,naive,DMS,23,0.005968
2,DMS-DLS,naive,DMS,24,0.442058
2,DMS-DLS,naive,DMS,25,0.0
2,DMS-DLS,naive,DMS,26,0.0
2,DMS-DLS,naive,DMS,27,0.679241
2,DMS-DLS,naive,DMS,28,0.523756
2,DMS-DLS,naive,DMS,29,0.935778
2,DMS-DLS,naive,DMS,30,0.932866
2,DMS-DLS,naive,DMS,31,0.0
2,DMS-DLS,naive,DMS,32,0.029876
2,DMS-DLS,naive,DMS,33,0.387428
2,DMS-DLS,naive,DMS,34,0.0
2,DMS-DLS,naive,DMS,35,0.0
2,DMS-DLS,naive,DMS,36,0.272419
2,DMS-DLS,naive,DMS,37,0.054251
2,DMS-DLS,naive,DMS,38,0.063971
2,DMS-DLS,naive,DMS,39,0.033275
2,DMS-DLS,naive,DMS,40,0.968619
2,DMS-DLS,naive,DMS,41,0.0
2,DMS-DLS,naive,DMS,42,0.010653
2,DMS-DLS,naive,DMS,43,0.0
2,DMS-DLS,naive,DMS,44,0.003315
2,DMS-DLS,naive,DMS,45,0.0
2,DMS-DLS,naive,DMS,46,0.022439
2,DMS-DLS,naive,DMS,47,0.028125
2,DMS-DLS,naive,DMS,48,0.019216
2,DMS-DLS,naive,DMS,49,0.049999
2,DMS-DLS,naive,DMS,50,0.559374
2,DMS-DLS,naive,DMS,51,0.834951
2,DMS-DLS,naive,DMS,52,0.809777
2,DMS-DLS,naive,DMS,53,0.0
2,DMS-DLS,naive,DMS,54,0.402909
2,DMS-DLS,naive,DMS,55,0.0
2,DMS-DLS,naive,DMS,56,0.875986
2,DMS-DLS,naive,DMS,57,0.975108
2,DMS-DLS,naive,DMS,58,0.005277
2,DMS-DLS,naive,DMS,59,0.099464
2,DMS-DLS,naive,DMS,60,0.871069
2,DMS-DLS,naive,DMS,61,0.083032
2,DMS-DLS,naive,DMS,62,0.0
2,DMS-DLS,naive,DMS,63,0.128209
2,DMS-DLS,naive,DMS,64,0.0
2,DMS-DLS,naive,DMS,65,0.084108
2,DMS-DLS,naive,DMS,66,0.872695
2,DMS-DLS,naive,DMS,67,0.629295
2,DMS-DLS,naive,DMS,68,0.414841
2,DMS-DLS,naive,DLS,0,1.275862
2,DMS-DLS,naive,DLS,1,0.218797
2,DMS-DLS,naive,DLS,2,0.507668
2,DMS-DLS,naive,DLS,3,1.059707
2,DMS-DLS,naive,DLS,4,0.068469
2,DMS-DLS,naive,DLS,5,1.344192
2,DMS-DLS,naive,DLS,6,0.126371
2,DMS-DLS,naive,DLS,7,0.138237
2,DMS-DLS,naive,DLS,8,0.044044
2,DMS-DLS,naive,DLS,9,0.121888
2,DMS-DLS,naive,DLS,10,0.045666
2,DMS-DLS,naive,DLS,11,1.07569
2,DMS-DLS,naive,DLS,12,0.829262
2,DMS-DLS,naive,DLS,13,0.922287
2,DMS-DLS,naive,DLS,14,0.0
2,DMS-DLS,naive,DLS,15,1.242453
2,DMS-DLS,naive,DLS,16,0.010931
2,DMS-DLS,naive,DLS,17,0.1838
2,DMS-DLS,naive,DLS,18,0.0
2,DMS-DLS,naive,DLS,19,0.0
2,DMS-DLS,naive,DLS,20,1.089786
2,DMS-DLS,naive,DLS,21,0.081501
2,DMS-DLS,naive,DLS,22,0.08834
2,DMS-DLS,naive,DLS,23,0.0
2,DMS-DLS,naive,DLS,24,0.807387
2,DMS-DLS,naive,DLS,25,0.582099
2,DMS-DLS,naive,DLS,26,0.034984
2,DMS-DLS,naive,DLS,27,0.560044
2,DMS-DLS,naive,DLS,28,0.004294
2,DMS-DLS,naive,DLS,29,0.350475
2,DMS-DLS,naive,DLS,30,0.0
2,DMS-DLS,naive,DLS,31,0.704929
2,DMS-DLS,naive,DLS,32,0.08277
2,DMS-DLS,naive,DLS,33,0.187087
2,DMS-DLS,naive,DLS,34,0.0
2,DMS-DLS,naive,DLS,35,0.077614
2,DMS-DLS,naive,DLS,36,0.134534
2,DMS-DLS,naive,DLS,37,0.486941
2,DMS-DLS,naive,DLS,38,0.349328
2,DMS-DLS,naive,DLS,39,0.123066
2,DMS-DLS,naive,DLS,40,0.859378
2,DMS-DLS,naive,DLS,41,0.898335
2,DMS-DLS,naive,DLS,42,0.241379
2,DMS-DLS,naive,DLS,43,1.099759
2,DMS-DLS,naive,DLS,44,0.022664
2,DMS-DLS,naive,DLS,45,0.0
2,DMS-DLS,naive,DLS,46,1.038012
2,DMS-DLS,naive,DLS,47,1.323325
2,DMS-DLS,naive,DLS,48,0.0
2,DMS-DLS,naive,DLS,49,0.607926
2,DMS-DLS,naive,DLS,50,0.519966
2,DMS-DLS,naive,DLS,51,0.033249
2,DMS-DLS,naive,DLS,52,0.146059
2,DMS-DLS,naive,DLS,53,0.918797
2,DMS-DLS,naive,DLS,54,0.553697
2,DMS-DLS,naive,DLS,55,0.128589
2,DMS-DLS,naive,DLS,56,1.16952
2,DMS-DLS,naive,DLS,57,0.083884
2,DMS-DLS,naive,DLS,58,0.171671
2,DMS-DLS,naive,DLS,59,0.094946
2,DMS-DLS,intermediate,DMS,0,0.119136
2,DMS-DLS,intermediate,DMS,1,0.726027
2,DMS-DLS,intermediate,DMS,2,0.769229
2,DMS-DLS,intermediate,DMS,3,0.954179
2,DMS-DLS,intermediate,DMS,4,0.004362
2,DMS-DLS,intermediate,DMS,5,0.0
2,DMS-DLS,intermediate,DMS,6,0.639558
2,DMS-DLS,intermediate,DMS,7,0.014722
2,DMS-DLS,intermediate,DMS,8,0.083213
2,DMS-DLS,intermediate,DMS,9,1.087745
2,DMS-DLS,intermediate,DMS,10,1.052475
2,DMS-DLS,intermediate,DMS,11,0.0
2,DMS-DLS,intermediate,DMS,12,0.955791
2,DMS-DLS,intermediate,DMS,13,0.0
2,DMS-DLS,intermediate,DMS,14,0.0
2,DMS-DLS,intermediate,DMS,15,0.11006
2,DMS-DLS,intermediate,DMS,16,0.0
2,DMS-DLS,intermediate,DMS,17,0.132975
2,DMS-DLS,intermediate,DMS,18,0.01498
2,DMS-DLS,intermediate,DMS,19,0.0
2,DMS-DLS,intermediate,DMS,20,0.527886
2,DMS-DLS,intermediate,DMS,21,0.034583
2,DMS-DLS,intermediate,DMS,22,0.0
2,DMS-DLS,intermediate,DMS,23,0.024395
2,DMS-DLS,intermediate,DMS,24,0.224909
2,DMS-DLS,intermediate,DMS,25,0.0
2,DMS-DLS,intermediate,DMS,26,0.0
2,DMS-DLS,intermediate,DMS,27,0.823335
2,DMS-DLS,intermediate,DMS,28,0.109434
2,DMS-DLS,intermediate,DMS,29,0.970814
2,DMS-DLS,intermediate,DMS,30,0.405924
2,DMS-DLS,intermediate,DMS,31,0.56616
2,DMS-DLS,intermediate,DMS,32,0.960546
2,DMS-DLS,intermediate,DMS,33,0.423977
2,DMS-DLS,intermediate,DMS,34,0.0
2,DMS-DLS,intermediate,DMS,35,0.257149
2,DMS-DLS,intermediate,DMS,36,0.0
2,DMS-DLS,intermediate,DMS,37,0.0
2,DMS-DLS,intermediate,DMS,38,0.16907
2,DMS-DLS,intermediate,DMS,39,0.0
2,DMS-DLS,intermediate,DMS,40,0.21623
2,DMS-DLS,intermediate,DMS,41,0.0
2,DMS-DLS,intermediate,DMS,42,0.0
2,DMS-DLS,intermediate,DMS,43,0.149198
2,DMS-DLS,intermediate,DMS,44,0.009171
2,DMS-DLS,intermediate,DMS,45,0.0
2,DMS-DLS,intermediate,DMS,46,0.015613
2,DMS-DLS,intermediate,DMS,47,0.012857
2,DMS-DLS,intermediate,DMS,48,0.043791
2,DMS-DLS,intermediate,DMS,49,0.046813
2,DMS-DLS,intermediate,DMS,50,0.0
2,DMS-DLS,intermediate,DMS,51,0.950347
2,DMS-DLS,intermediate,DMS,52,0.991034
2,DMS-DLS,intermediate,DMS,53,0.0
2,DMS-DLS,intermediate,DMS,54,0.907233
2,DMS-DLS,intermediate,DMS,55,0.0
2,DMS-DLS,intermediate,DMS,56,0.149249
2,DMS-DLS,intermediate,DMS,57,0.078726
2,DMS-DLS,intermediate,DMS,58,0.045159
2,DMS-DLS,intermediate,DMS,59,0.0
2,DMS-DLS,intermediate,DMS,60,0.255046
2,DMS-DLS,intermediate,DMS,61,0.0
2,DMS-DLS,intermediate,DMS,62,0.730437
2,DMS-DLS,intermediate,DMS,63,0.117409
2,DMS-DLS,intermediate,DMS,64,0.010913
2,DMS-DLS,intermediate,DMS,65,0.993728
2,DMS-DLS,intermediate,DMS,66,0.199898
2,DMS-DLS,intermediate,DMS,67,0.794539
2,DMS-DLS,intermediate,DMS,68,0.694303
2,DMS-DLS,intermediate,DLS,0,0.886678
2,DMS-DLS,intermediate,DLS,1,0.424846
2,DMS-DLS,intermediate,DLS,2,0.788173
2,DMS-DLS,intermediate,DLS,3,0.503965
2,DMS-DLS,intermediate,DLS,4,0.851775
2,DMS-DLS,intermediate,DLS,5,0.855011
2,DMS-DLS,intermediate,DLS,6,0.842654
2,DMS-DLS,intermediate,DLS,7,0.212067
2,DMS-DLS,intermediate,DLS,8,0.508317
2,DMS-DLS,intermediate,DLS,9,0.890493
2,DMS-DLS,intermediate,DLS,10,0.570437
2,DMS-DLS,intermediate,DLS,11,0.763446
2,DMS-DLS,intermediate,DLS,12,0.1777
2,DMS-DLS,intermediate,DLS,13,0.015412
2,DMS-DLS,intermediate,DLS,14,0.115522
2,DMS-DLS,intermediate,DLS,15,0.18276
2,DMS-DLS,intermediate,DLS,16,0.083054
2,DMS-DLS,intermediate,DLS,17,0.418463
2,DMS-DLS,intermediate,DLS,18,0.0
2,DMS-DLS,intermediate,DLS,19,0.773155
2,DMS-DLS,intermediate,DLS,20,0.875594
2,DMS-DLS,intermediate,DLS,21,0.038603
2,DMS-DLS,intermediate,DLS,22,0.819298
2,DMS-DLS,intermediate,DLS,23,0.0
2,DMS-DLS,intermediate,DLS,24,0.891421
2,DMS-DLS,intermediate,DLS,25,0.60957
2,DMS-DLS,intermediate,DLS,26,0.191009
2,DMS-DLS,intermediate,DLS,27,0.015417
2,DMS-DLS,intermediate,DLS,28,0.002778
2,DMS-DLS,intermediate,DLS,29,0.636967
2,DMS-DLS,intermediate,DLS,30,0.0
2,DMS-DLS,intermediate,DLS,31,0.403667
2,DMS-DLS,intermediate,DLS,32,0.586577
2,DMS-DLS,intermediate,DLS,33,0.063119
2,DMS-DLS,intermediate,DLS,34,0.079034
2,DMS-DLS,intermediate,DLS,35,0.239154
2,DMS-DLS,intermediate,DLS,36,0.248716
2,DMS-DLS,intermediate,DLS,37,0.493554
2,DMS-DLS,intermediate,DLS,38,0.508992
2,DMS-DLS,intermediate,DLS,39,0.092188
2,DMS-DLS,intermediate,DLS,40,0.049676
2,DMS-DLS,intermediate,DLS,41,0.830201
2,DMS-DLS,intermediate,DLS,42,0.064762
2,DMS-DLS,intermediate,DLS,43,0.204444
2,DMS-DLS,intermediate,DLS,44,0.385414
2,DMS-DLS,intermediate,DLS,45,0.028784
2,DMS-DLS,intermediate,DLS,46,0.679408
2,DMS-DLS,intermediate,DLS,47,0.798447
2,DMS-DLS,intermediate,DLS,48,0.0
2,DMS-DLS,intermediate,DLS,49,0.226142
2,DMS-DLS,intermediate,DLS,50,0.328583
2,DMS-DLS,intermediate,DLS,51,0.07518
2,DMS-DLS,intermediate,DLS,52,0.077136
2,DMS-DLS,intermediate,DLS,53,0.652331
2,DMS-DLS,intermediate,DLS,54,0.01364
2,DMS-DLS,intermediate,DLS,55,0.05585
2,DMS-DLS,intermediate,DLS,56,0.09472
2,DMS-DLS,intermediate,DLS,57,0.472514
2,DMS-DLS,intermediate,DLS,58,0.417296
2,DMS-DLS,intermediate,DLS,59,0.060164
2,DMS-DLS,expert,DMS,0,0.029415
2,DMS-DLS,expert,DMS,1,0.093135
2,DMS-DLS,expert,DMS,2,0.8439
2,DMS-DLS,expert,DMS,3,0.878377
2,DMS-DLS,expert,DMS,4,0.008933
2,DMS-DLS,expert,DMS,5,0.0
2,DMS-DLS,expert,DMS,6,0.593073
2,DMS-DLS,expert,DMS,7,0.04938
2,DMS-DLS,expert,DMS,8,1.000923
2,DMS-DLS,expert,DMS,9,0.896497
2,DMS-DLS,expert,DMS,10,1.063129
2,DMS-DLS,expert,DMS,11,0.037581
2,DMS-DLS,expert,DMS,12,0.28145
2,DMS-DLS,expert,DMS,13,0.0
2,DMS-DLS,expert,DMS,14,0.0
2,DMS-DLS,expert,DMS,15,0.138348
2,DMS-DLS,expert,DMS,16,0.0
2,DMS-DLS,expert,DMS,17,0.15875
2,DMS-DLS,expert,DMS,18,0.202746
2,DMS-DLS,expert,DMS,19,0.116791
2,DMS-DLS,expert,DMS,20,0.907359
2,DMS-DLS,expert,DMS,21,0.046822
2,DMS-DLS,expert,DMS,22,0.037641
2,DMS-DLS,expert,DMS,23,0.035888
2,DMS-DLS,expert,DMS,24,0.0
2,DMS-DLS,expert,DMS,25,0.0
2,DMS-DLS,expert,DMS,26,0.0
2,DMS-DLS,expert,DMS,27,0.699476
2,DMS-DLS,expert,DMS,28,0.898565
2,DMS-DLS,expert,DMS,29,0.936767
2,DMS-DLS,expert,DMS,30,0.591803
2,DMS-DLS,expert,DMS,31,1.052974
2,DMS-DLS,expert,DMS,32,0.625902
2,DMS-DLS,expert,DMS,33,0.258984
2,DMS-DLS,expert,DMS,34,0.0
2,DMS-DLS,expert,DMS,35,0.056361
2,DMS-DLS,expert,DMS,36,0.074751
2,DMS-DLS,expert,DMS,37,0.045824
2,DMS-DLS,expert,DMS,38,0.459161
2,DMS-DLS,expert,DMS,39,0.884767
2,DMS-DLS,expert,DMS,40,0.62819
2,DMS-DLS,expert,DMS,41,0.0
2,DMS-DLS,expert,DMS,42,0.0
2,DMS-DLS,expert,DMS,43,0.0
2,DMS-DLS,expert,DMS,44,0.032024
2,DMS-DLS,expert,DMS,45,0.0
2,DMS-DLS,expert,DMS,46,0.684241
2,DMS-DLS,expert,DMS,47,0.021158
2,DMS-DLS,expert,DMS,48,0.048627
2,DMS-DLS,expert,DMS,49,0.082656
2,DMS-DLS,expert,DMS,50,0.0
2,DMS-DLS,expert,DMS,51,0.730152
2,DMS-DLS,expert,DMS,52,0.911126
2,DMS-DLS,expert,DMS,53,0.006595
2,DMS-DLS,expert,DMS,54,0.932673
2,DMS-DLS,expert,DMS,55,0.0
2,DMS-DLS,expert,DMS,56,0.818866
2,DMS-DLS,expert,DMS,57,0.113832
2,DMS-DLS,expert,DMS,58,0.091114
2,DMS-DLS,expert,DMS,59,0.143429
2,DMS-DLS,expert,DMS,60,0.379913
2,DMS-DLS,expert,DMS,61,0.179241
2,DMS-DLS,expert,DMS,62,0.05667
2,DMS-DLS,expert,DMS,63,0.062794
2,DMS-DLS,expert,DMS,64,0.046249
2,DMS-DLS,expert,DMS,65,0.052407
2,DMS-DLS,expert,DMS,66,0.180162
2,DMS-DLS,expert,DMS,67,0.984162
2,DMS-DLS,expert,DMS,68,0.768265
2,DMS-DLS,expert,DLS,0,0.951621
2,DMS-DLS,expert,DLS,1,0.037863
2,DMS-DLS,expert,DLS,2,0.139967
2,DMS-DLS,expert,DLS,3,0.643186
2,DMS-DLS,expert,DLS,4,0.89939
2,DMS-DLS,expert,DLS,5,0.895526
2,DMS-DLS,expert,DLS,6,0.926963
2,DMS-DLS,expert,DLS,7,0.722975
2,DMS-DLS,expert,DLS,8,0.0
2,DMS-DLS,expert,DLS,9,0.859905
2,DMS-DLS,expert,DLS,10,0.0
2,DMS-DLS,expert,DLS,11,0.73618
2,DMS-DLS,expert,DLS,12,0.919327
2,DMS-DLS,expert,DLS,13,0.025838
2,DMS-DLS,expert,DLS,14,0.0
2,DMS-DLS,expert,DLS,15,0.199485
2,DMS-DLS,expert,DLS,16,0.015282
2,DMS-DLS,expert,DLS,17,0.376573
2,DMS-DLS,expert,DLS,18,0.0
2,DMS-DLS,expert,DLS,19,0.644938
2,DMS-DLS,expert,DLS,20,0.882197
2,DMS-DLS,expert,DLS,21,0.072998
2,DMS-DLS,expert,DLS,22,0.099379
2,DMS-DLS,expert,DLS,23,0.055783
2,DMS-DLS,expert,DLS,24,0.665648
2,DMS-DLS,expert,DLS,25,0.76398
2,DMS-DLS,expert,DLS,26,0.656902
2,DMS-DLS,expert,DLS,27,0.0
2,DMS-DLS,expert,DLS,28,0.051149
2,DMS-DLS,expert,DLS,29,0.043561
2,DMS-DLS,expert,DLS,30,0.0
2,DMS-DLS,expert,DLS,31,0.48973
2,DMS-DLS,expert,DLS,32,0.540289
2,DMS-DLS,expert,DLS,33,0.383557
2,DMS-DLS,expert,DLS,34,0.037178
2,DMS-DLS,expert,DLS,35,0.0
2,DMS-DLS,expert,DLS,36,0.0
2,DMS-DLS,expert,DLS,37,0.098261
2,DMS-DLS,expert,DLS,38,0.038244
2,DMS-DLS,expert,DLS,39,0.331133
2,DMS-DLS,expert,DLS,40,0.966359
2,DMS-DLS,expert,DLS,41,0.852191
2,DMS-DLS,expert,DLS,42,0.092402
2,DMS-DLS,expert,DLS,43,0.852805
2,DMS-DLS,expert,DLS,44,0.146295
2,DMS-DLS,expert,DLS,45,0.056033
2,DMS-DLS,expert,DLS,46,0.631521
2,DMS-DLS,expert,DLS,47,0.773518
2,DMS-DLS,expert,DLS,48,0.078461
2,DMS-DLS,expert,DLS,49,0.376402
2,DMS-DLS,expert,DLS,50,0.760811
2,DMS-DLS,expert,DLS,51,0.973338
2,DMS-DLS,expert,DLS,52,0.059348
2,DMS-DLS,expert,DLS,53,0.29386
2,DMS-DLS,expert,DLS,54,0.088495
2,DMS-DLS,expert,DLS,55,0.316241
2,DMS-DLS,expert,DLS,56,0.187223
2,DMS-DLS,expert,DLS,57,0.120654
2,DMS-DLS,expert,DLS,58,0.106132
2,DMS-DLS,expert,DLS,59,0.413441
2,DMS-ACC,naive,DMS,0,0.081835
2,DMS-ACC,naive,DMS,1,0.035063
2,DMS-ACC,naive,DMS,2,0.04106
2,DMS-ACC,naive,DMS,3,0.074094
2,DMS-ACC,naive,DMS,4,0.0
2,DMS-ACC,naive,DMS,5,0.0
2,DMS-ACC,naive,DMS,6,0.932084
2,DMS-ACC,naive,DMS,7,0.878763
2,DMS-ACC,naive,DMS,8,0.082425
2,DMS-ACC,naive,DMS,9,0.0329
2,DMS-ACC,naive,DMS,10,0.951011
2,DMS-ACC,naive,DMS,11,0.00071
2,DMS-ACC,naive,DMS,12,1.047168
2,DMS-ACC,naive,DMS,13,0.0
2,DMS-ACC,naive,DMS,14,0.0
2,DMS-ACC,naive,DMS,15,0.078623
2,DMS-ACC,naive,DMS,16,0.0
2,DMS-ACC,naive,DMS,17,0.078392
2,DMS-ACC,naive,DMS,18,0.020545
2,DMS-ACC,naive,DMS,19,0.0
2,DMS-ACC,naive,DMS,20,0.482909
2,DMS-ACC,naive,DMS,21,0.192323
2,DMS-ACC,naive,DMS,22,0.020969
2,DMS-ACC,naive,DMS,23,0.005968
2,DMS-ACC,naive,DMS,24,0.442058
2,DMS-ACC,naive,DMS,25,0.0
2,DMS-ACC,naive,DMS,26,0.0
2,DMS-ACC,naive,DMS,27,0.679241
2,DMS-ACC,naive,DMS,28,0.523756
2,DMS-ACC,naive,DMS,29,0.935778
2,DMS-ACC,naive,DMS,30,0.932866
2,DMS-ACC,naive,DMS,31,0.0
2,DMS-ACC,naive,DMS,32,0.029876
2,DMS-ACC,naive,DMS,33,0.387428
2,DMS-ACC,naive,DMS,34,0.0
2,DMS-ACC,naive,DMS,35,0.0
2,DMS-ACC,naive,DMS,36,0.272419
2,DMS-ACC,naive,DMS,37,0.054251
2,DMS-ACC,naive,DMS,38,0.063971
2,DMS-ACC,naive,DMS,39,0.033275
2,DMS-ACC,naive,DMS,40,0.968619
2,DMS-ACC,naive,DMS,41,0.0
2,DMS-ACC,naive,DMS,42,0.010653
2,DMS-ACC,naive,DMS,43,0.0
2,DMS-ACC,naive,DMS,44,0.003315
2,DMS-ACC,naive,DMS,45,0.0
2,DMS-ACC,naive,DMS,46,0.022439
2,DMS-ACC,naive,DMS,47,0.028125
2,DMS-ACC,naive,DMS,48,0.019216
2,DMS-ACC,naive,DMS,49,0.049999
2,DMS-ACC,naive,DMS,50,0.559374
2,DMS-ACC,naive,DMS,51,0.834951
2,DMS-ACC,naive,DMS,52,0.809777
2,DMS-ACC,naive,DMS,53,0.0
2,DMS-ACC,naive,DMS,54,0.402909
2,DMS-ACC,naive,DMS,55,0.0
2,DMS-ACC,naive,DMS,56,0.875986
2,DMS-ACC,naive,DMS,57,0.975108
2,DMS-ACC,naive,DMS,58,0.005277
2,DMS-ACC,naive,DMS,59,0.099464
2,DMS-ACC,naive,DMS,60,0.871069
2,DMS-ACC,naive,DMS,61,0.083032
2,DMS-ACC,naive,DMS,62,0.0
2,DMS-ACC,naive,DMS,63,0.128209
2,DMS-ACC,naive,DMS,64,0.0
2,DMS-ACC,naive,DMS,65,0.084108
2,DMS-ACC,naive,DMS,66,0.872695
2,DMS-ACC,naive,DMS,67,0.629295
2,DMS-ACC,naive,DMS,68,0.414841
2,DMS-ACC,naive,ACC,0,0.890752
2,DMS-ACC,naive,ACC,1,0.023831
2,DMS-ACC,naive,ACC,2,0.850333
2,DMS-ACC,naive,ACC,3,0.716906
2,DMS-ACC,naive,ACC,4,1.005191
2,DMS-ACC,naive,ACC,5,0.064161
2,DMS-ACC,naive,ACC,6,0.0
2,DMS-ACC,naive,ACC,7,0.950633
2,DMS-ACC,naive,ACC,8,0.569525
2,DMS-ACC,naive,ACC,9,0.36165
2,DMS-ACC,naive,ACC,10,0.0
2,DMS-ACC,naive,ACC,11,0.85756
2,DMS-ACC,naive,ACC,12,0.733003
2,DMS-ACC,naive,ACC,13,0.04169
2,DMS-ACC,naive,ACC,14,0.442238
2,DMS-ACC,naive,ACC,15,1.017165
2,DMS-ACC,naive,ACC,16,0.988896
2,DMS-ACC,naive,ACC,17,0.100955
2,DMS-ACC,naive,ACC,18,0.195026
2,DMS-ACC,naive,ACC,19,0.031416
2,DMS-ACC,naive,ACC,20,0.046702
2,DMS-ACC,naive,ACC,21,0.030216
2,DMS-ACC,naive,ACC,22,0.0
2,DMS-ACC,naive,ACC,23,0.0
2,DMS-ACC,naive,ACC,24,0.0
2,DMS-ACC,naive,ACC,25,0.645575
2,DMS-ACC,naive,ACC,26,0.91668
2,DMS-ACC,naive,ACC,27,0.163229
2,DMS-ACC,naive,ACC,28,0.023353
2,DMS-ACC,naive,ACC,29,0.024487
2,DMS-ACC,naive,ACC,30,0.044367
2,DMS-ACC,naive,ACC,31,0.567173
2,DMS-ACC,naive,ACC,32,0.511605
2,DMS-ACC,naive,ACC,33,0.028133
2,DMS-ACC,naive,ACC,34,0.052393
2,DMS-ACC,naive,ACC,35,0.0
2,DMS-ACC,naive,ACC,36,0.0
2,DMS-ACC,naive,ACC,37,0.0
2,DMS-ACC,naive,ACC,38,0.0
2,DMS-ACC,naive,ACC,39,0.0
2,DMS-ACC,naive,ACC,40,0.759122
2,DMS-ACC,naive,ACC,41,0.13755
2,DMS-ACC,naive,ACC,42,1.164538
2,DMS-ACC,naive,ACC,43,0.013019
2,DMS-ACC,naive,ACC,44,0.029382
2,DMS-ACC,naive,ACC,45,0.0
2,DMS-ACC,naive,ACC,46,0.084458
2,DMS-ACC,naive,ACC,47,0.0
2,DMS-ACC,naive,ACC,48,0.0
2,DMS-ACC,naive,ACC,49,0.0
2,DMS-ACC,naive,ACC,50,0.0
2,DMS-ACC,naive,ACC,51,0.0
2,DMS-ACC,naive,ACC,52,0.0
2,DMS-ACC,naive,ACC,53,0.012714
2,DMS-ACC,naive,ACC,54,0.676687
2,DMS-ACC,naive,ACC,55,0.789698
2,DMS-ACC,naive,ACC,56,0.896235
2,DMS-ACC,naive,ACC,57,0.038623
2,DMS-ACC,naive,ACC,58,0.0
2,DMS-ACC,naive,ACC,59,0.0
2,DMS-ACC,naive,ACC,60,0.037705
2,DMS-ACC,naive,ACC,61,0.0
2,DMS-ACC,naive,ACC,62,0.030587
2,DMS-ACC,naive,ACC,63,0.0
2,DMS-ACC,intermediate,DMS,0,0.119136
2,DMS-ACC,intermediate,DMS,1,0.726027
2,DMS-ACC,intermediate,DMS,2,0.769229
2,DMS-ACC,intermediate,DMS,3,0.954179
2,DMS-ACC,intermediate,DMS,4,0.004362
2,DMS-ACC,intermediate,DMS,5,0.0
2,DMS-ACC,intermediate,DMS,6,0.639558
2,DMS-ACC,intermediate,DMS,7,0.014722
2,DMS-ACC,intermediate,DMS,8,0.083213
2,DMS-ACC,intermediate,DMS,9,1.087745
2,DMS-ACC,intermediate,DMS,10,1.052475
2,DMS-ACC,intermediate,DMS,11,0.0
2,DMS-ACC,intermediate,DMS,12,0.955791
2,DMS-ACC,intermediate,DMS,13,0.0
2,DMS-ACC,intermediate,DMS,14,0.0
2,DMS-ACC,intermediate,DMS,15,0.11006
2,DMS-ACC,intermediate,DMS,16,0.0
2,DMS-ACC,intermediate,DMS,17,0.132975
2,DMS-ACC,intermediate,DMS,18,0.01498
2,DMS-ACC,intermediate,DMS,19,0.0
2,DMS-ACC,intermediate,DMS,20,0.527886
2,DMS-ACC,intermediate,DMS,21,0.034583
2,DMS-ACC,intermediate,DMS,22,0.0
2,DMS-ACC,intermediate,DMS,23,0.024395
2,DMS-ACC,intermediate,DMS,24,0.224909
2,DMS-ACC,intermediate,DMS,25,0.0
2,DMS-ACC,intermediate,DMS,26,0.0
2,DMS-ACC,intermediate,DMS,27,0.823335
2,DMS-ACC,intermediate,DMS,28,0.109434
2,DMS-ACC,intermediate,DMS,29,0.970814
2,DMS-ACC,intermediate,DMS,30,0.405924
2,DMS-ACC,intermediate,DMS,31,0.56616
2,DMS-ACC,intermediate,DMS,32,0.960546
2,DMS-ACC,intermediate,DMS,33,0.423977
2,DMS-ACC,intermediate,DMS,34,0.0
2,DMS-ACC,intermediate,DMS,35,0.257149
2,DMS-ACC,intermediate,DMS,36,0.0
2,DMS-ACC,intermediate,DMS,37,0.0
2,DMS-ACC,intermediate,DMS,38,0.16907
2,DMS-ACC,intermediate,DMS,39,0.0
2,DMS-ACC,intermediate,DMS,40,0.21623
2,DMS-ACC,intermediate,DMS,41,0.0
2,DMS-ACC,intermediate,DMS,42,0.0
2,DMS-ACC,intermediate,DMS,43,0.149198
2,DMS-ACC,intermediate,DMS,44,0.009171
2,DMS-ACC,intermediate,DMS,45,0.0
2,DMS-ACC,intermediate,DMS,46,0.015613
2,DMS-ACC,intermediate,DMS,47,0.012857
2,DMS-ACC,intermediate,DMS,48,0.043791
2,DMS-ACC,intermediate,DMS,49,0.046813
2,DMS-ACC,intermediate,DMS,50,0.0
2,DMS-ACC,intermediate,DMS,51,0.950347
2,DMS-ACC,intermediate,DMS,52,0.991034
2,DMS-ACC,intermediate,DMS,53,0.0
2,DMS-ACC,intermediate,DMS,54,0.907233
2,DMS-ACC,intermediate,DMS,55,0.0
2,DMS-ACC,intermediate,DMS,56,0.149249
2,DMS-ACC,intermediate,DMS,57,0.078726
2,DMS-ACC,intermediate,DMS,58,0.045159
2,DMS-ACC,intermediate,DMS,59,0.0
2,DMS-ACC,intermediate,DMS,60,0.255046
2,DMS-ACC,intermediate,DMS,61,0.0
2,DMS-ACC,intermediate,DMS,62,0.730437
2,DMS-ACC,intermediate,DMS,63,0.117409
2,DMS-ACC,intermediate,DMS,64,0.010913
2,DMS-ACC,intermediate,DMS,65,0.993728
2,DMS-ACC,intermediate,DMS,66,0.199898
2,DMS-ACC,intermediate,DMS,67,0.794539
2,DMS-ACC,intermediate,DMS,68,0.694303
2,DMS-ACC,intermediate,ACC,0,1.16038
2,DMS-ACC,intermediate,ACC,1,0.998336
2,DMS-ACC,intermediate,ACC,2,1.079897
2,DMS-ACC,intermediate,ACC,3,0.767321
2,DMS-ACC,intermediate,ACC,4,0.903528
2,DMS-ACC,intermediate,ACC,5,0.174522
2,DMS-ACC,intermediate,ACC,6,1.103164
2,DMS-ACC,intermediate,ACC,7,0.948248
2,DMS-ACC,intermediate,ACC,8,0.170025
2,DMS-ACC,intermediate,ACC,9,1.019518
2,DMS-ACC,intermediate,ACC,10,0.0
2,DMS-ACC,intermediate,ACC,11,0.855029
2,DMS-ACC,intermediate,ACC,12,0.06654
2,DMS-ACC,intermediate,ACC,13,0.185332
2,DMS-ACC,intermediate,ACC,14,0.361687
2,DMS-ACC,intermediate,ACC,15,1.113816
2,DMS-ACC,intermediate,ACC,16,0.159833
2,DMS-ACC,intermediate,ACC,17,1.063641
2,DMS-ACC,intermediate,ACC,18,0.991934
2,DMS-ACC,intermediate,ACC,19,0.08863
2,DMS-ACC,intermediate,ACC,20,0.060932
2,DMS-ACC,intermediate,ACC,21,0.133341
2,DMS-ACC,intermediate,ACC,22,0.0
2,DMS-ACC,intermediate,ACC,23,0.0
2,DMS-ACC,intermediate,ACC,24,0.013792
2,DMS-ACC,intermediate,ACC,25,0.885227
2,DMS-ACC,intermediate,ACC,26,0.053292
2,DMS-ACC,intermediate,ACC,27,1.133772
2,DMS-ACC,intermediate,ACC,28,0.091075
2,DMS-ACC,intermediate,ACC,29,0.0
2,DMS-ACC,intermediate,ACC,30,0.097174
2,DMS-ACC,intermediate,ACC,31,0.80013
2,DMS-ACC,intermediate,ACC,32,0.267199
2,DMS-ACC,intermediate,ACC,33,0.013324
2,DMS-ACC,intermediate,ACC,34,0.527255
2,DMS-ACC,intermediate,ACC,35,0.0
2,DMS-ACC,intermediate,ACC,36,0.0
2,DMS-ACC,intermediate,ACC,37,0.0
2,DMS-ACC,intermediate,ACC,38,0.0
2,DMS-ACC,intermediate,ACC,39,0.0
2,DMS-ACC,intermediate,ACC,40,1.10504
2,DMS-ACC,intermediate,ACC,41,0.137055
2,DMS-ACC,intermediate,ACC,42,0.0
2,DMS-ACC,intermediate,ACC,43,0.035701
2,DMS-ACC,intermediate,ACC,44,0.049318
2,DMS-ACC,intermediate,ACC,45,0.0
2,DMS-ACC,intermediate,ACC,46,0.967924
2,DMS-ACC,intermediate,ACC,47,0.0
2,DMS-ACC,intermediate,ACC,48,0.0
2,DMS-ACC,intermediate,ACC,49,0.095836
2,DMS-ACC,intermediate,ACC,50,0.0
2,DMS-ACC,intermediate,ACC,51,0.0
2,DMS-ACC,intermediate,ACC,52,0.068059
2,DMS-ACC,intermediate,ACC,53,0.036463
2,DMS-ACC,intermediate,ACC,54,0.8563
2,DMS-ACC,intermediate,ACC,55,1.082572
2,DMS-ACC,intermediate,ACC,56,1.056213
2,DMS-ACC,intermediate,ACC,57,0.055111
2,DMS-ACC,intermediate,ACC,58,0.0
2,DMS-ACC,intermediate,ACC,59,0.0
2,DMS-ACC,intermediate,ACC,60,0.080271
2,DMS-ACC,intermediate,ACC,61,0.0
2,DMS-ACC,intermediate,ACC,62,0.038656
2,DMS-ACC,intermediate,ACC,63,0.016355
2,DMS-ACC,expert,DMS,0,0.029415
2,DMS-ACC,expert,DMS,1,0.093135
2,DMS-ACC,expert,DMS,2,0.8439
2,DMS-ACC,expert,DMS,3,0.878377
2,DMS-ACC,expert,DMS,4,0.008933
2,DMS-ACC,expert,DMS,5,0.0
2,DMS-ACC,expert,DMS,6,0.593073
2,DMS-ACC,expert,DMS,7,0.04938
2,DMS-ACC,expert,DMS,8,1.000923
2,DMS-ACC,expert,DMS,9,0.896497
2,DMS-ACC,expert,DMS,10,1.063129
2,DMS-ACC,expert,DMS,11,0.037581
2,DMS-ACC,expert,DMS,12,0.28145
2,DMS-ACC,expert,DMS,13,0.0
2,DMS-ACC,expert,DMS,14,0.0
2,DMS-ACC,expert,DMS,15,0.138348
2,DMS-ACC,expert,DMS,16,0.0
2,DMS-ACC,expert,DMS,17,0.15875
2,DMS-ACC,expert,DMS,18,0.202746
2,DMS-ACC,expert,DMS,19,0.116791
2,DMS-ACC,expert,DMS,20,0.907359
2,DMS-ACC,expert,DMS,21,0.046822
2,DMS-ACC,expert,DMS,22,0.037641
2,DMS-ACC,expert,DMS,23,0.035888
2,DMS-ACC,expert,DMS,24,0.0
2,DMS-ACC,expert,DMS,25,0.0
2,DMS-ACC,expert,DMS,26,0.0
2,DMS-ACC,expert,DMS,27,0.699476
2,DMS-ACC,expert,DMS,28,0.898565
2,DMS-ACC,expert,DMS,29,0.936767
2,DMS-ACC,expert,DMS,30,0.591803
2,DMS-ACC,expert,DMS,31,1.052974
2,DMS-ACC,expert,DMS,32,0.625902
2,DMS-ACC,expert,DMS,33,0.258984
2,DMS-ACC,expert,DMS,34,0.0
2,DMS-ACC,expert,DMS,35,0.056361
2,DMS-ACC,expert,DMS,36,0.074751
2,DMS-ACC,expert,DMS,37,0.045824
2,DMS-ACC,expert,DMS,38,0.459161
2,DMS-ACC,expert,DMS,39,0.884767
2,DMS-ACC,expert,DMS,40,0.62819
2,DMS-ACC,expert,DMS,41,0.0
2,DMS-ACC,expert,DMS,42,0.0
2,DMS-ACC,expert,DMS,43,0.0
2,DMS-ACC,expert,DMS,44,0.032024
2,DMS-ACC,expert,DMS,45,0.0
2,DMS-ACC,expert,DMS,46,0.684241
2,DMS-ACC,expert,DMS,47,0.021158
2,DMS-ACC,expert,DMS,48,0.048627
2,DMS-ACC,expert,DMS,49,0.082656
2,DMS-ACC,expert,DMS,50,0.0
2,DMS-ACC,expert,DMS,51,0.730152
2,DMS-ACC,expert,DMS,52,0.911126
2,DMS-ACC,expert,DMS,53,0.006595
2,DMS-ACC,expert,DMS,54,0.932673
2,DMS-ACC,expert,DMS,55,0.0
2,DMS-ACC,expert,DMS,56,0.818866
2,DMS-ACC,expert,DMS,57,0.113832
2,DMS-ACC,expert,DMS,58,0.091114
2,DMS-ACC,expert,DMS,59,0.143429
2,DMS-ACC,expert,DMS,60,0.379913
2,DMS-ACC,expert,DMS,61,0.179241
2,DMS-ACC,expert,DMS,62,0.05667
2,DMS-ACC,expert,DMS,63,0.062794
2,DMS-ACC,expert,DMS,64,0.046249
2,DMS-ACC,expert,DMS,65,0.052407
2,DMS-ACC,expert,DMS,66,0.180162
2,DMS-ACC,expert,DMS,67,0.984162
2,DMS-ACC,expert,DMS,68,0.768265
2,DMS-ACC,expert,ACC,0,0.686649
2,DMS-ACC,expert,ACC,1,0.940159
2,DMS-ACC,expert,ACC,2,1.100379
2,DMS-ACC,expert,ACC,3,0.875428
2,DMS-ACC,expert,ACC,4,0.889254
2,DMS-ACC,expert,ACC,5,0.336094
2,DMS-ACC,expert,ACC,6,0.068035
2,DMS-ACC,expert,ACC,7,1.071283
2,DMS-ACC,expert,ACC,8,0.45536
2,DMS-ACC,expert,ACC,9,0.820886
2,DMS-ACC,expert,ACC,10,0.0
2,DMS-ACC,expert,ACC,11,0.753651
2,DMS-ACC,expert,ACC,12,0.101794
2,DMS-ACC,expert,ACC,13,0.444994
2,DMS-ACC,expert,ACC,14,1.056702
2,DMS-ACC,expert,ACC,15,1.017231
2,DMS-ACC,expert,ACC,16,0.196561
2,DMS-ACC,expert,ACC,17,1.00062
2,DMS-ACC,expert,ACC,18,0.977922
2,DMS-ACC,expert,ACC,19,0.310869
2,DMS-ACC,expert,ACC,20,0.765633
2,DMS-ACC,expert,ACC,21,0.051014
2,DMS-ACC,expert,ACC,22,0.0
2,DMS-ACC,expert,ACC,23,0.0
2,DMS-ACC,expert,ACC,24,0.0
2,DMS-ACC,expert,ACC,25,0.153185
2,DMS-ACC,expert,ACC,26,0.060338
2,DMS-ACC,expert,ACC,27,1.007671
2,DMS-ACC,expert,ACC,28,0.110164
2,DMS-ACC,expert,ACC,29,0.279176
2,DMS-ACC,expert,ACC,30,1.06995
2,DMS-ACC,expert,ACC,31,0.979822
2,DMS-ACC,expert,ACC,32,0.986428
2,DMS-ACC,expert,ACC,33,0.135765
2,DMS-ACC,expert,ACC,34,0.141062
2,DMS-ACC,expert,ACC,35,0.0
2,DMS-ACC,expert,ACC,36,0.0
2,DMS-ACC,expert,ACC,37,0.0
2,DMS-ACC,expert,ACC,38,0.0
2,DMS-ACC,expert,ACC,39,0.062638
2,DMS-ACC,expert,ACC,40,0.05283
2,DMS-ACC,expert,ACC,41,0.688479
2,DMS-ACC,expert,ACC,42,0.143558
2,DMS-ACC,expert,ACC,43,0.0
2,DMS-ACC,expert,ACC,44,0.093459
2,DMS-ACC,expert,ACC,45,0.0
2,DMS-ACC,expert,ACC,46,1.008988
2,DMS-ACC,expert,ACC,47,0.0
2,DMS-ACC,expert,ACC,48,0.0
2,DMS-ACC,expert,ACC,49,0.230181
2,DMS-ACC,expert,ACC,50,0.0
2,DMS-ACC,expert,ACC,51,0.032703
2,DMS-ACC,expert,ACC,52,0.022026
2,DMS-ACC,expert,ACC,53,0.023316
2,DMS-ACC,expert,ACC,54,0.332469
2,DMS-ACC,expert,ACC,55,0.96302
2,DMS-ACC,expert,ACC,56,0.938535
2,DMS-ACC,expert,ACC,57,0.066378
2,DMS-ACC,expert,ACC,58,0.01089
2,DMS-ACC,expert,ACC,59,0.0
2,DMS-ACC,expert,ACC,60,0.247268
2,DMS-ACC,expert,ACC,61,0.0
2,DMS-ACC,expert,ACC,62,0.0
2,DMS-ACC,expert,ACC,63,1.112862
2,DLS-ACC,naive,DLS,0,1.275862
2,DLS-ACC,naive,DLS,1,0.218797
2,DLS-ACC,naive,DLS,2,0.507668
2,DLS-ACC,naive,DLS,3,1.059707
2,DLS-ACC,naive,DLS,4,0.068469
2,DLS-ACC,naive,DLS,5,1.344192
2,DLS-ACC,naive,DLS,6,0.126371
2,DLS-ACC,naive,DLS,7,0.138237
2,DLS-ACC,naive,DLS,8,0.044044
2,DLS-ACC,naive,DLS,9,0.121888
2,DLS-ACC,naive,DLS,10,0.045666
2,DLS-ACC,naive,DLS,11,1.07569
2,DLS-ACC,naive,DLS,12,0.829262
2,DLS-ACC,naive,DLS,13,0.922287
2,DLS-ACC,naive,DLS,14,0.0
2,DLS-ACC,naive,DLS,15,1.242453
2,DLS-ACC,naive,DLS,16,0.010931
2,DLS-ACC,naive,DLS,17,0.1838
2,DLS-ACC,naive,DLS,18,0.0
2,DLS-ACC,naive,DLS,19,0.0
2,DLS-ACC,naive,DLS,20,1.089786
2,DLS-ACC,naive,DLS,21,0.081501
2,DLS-ACC,naive,DLS,22,0.08834
2,DLS-ACC,naive,DLS,23,0.0
2,DLS-ACC,naive,DLS,24,0.807387
2,DLS-ACC,naive,DLS,25,0.582099
2,DLS-ACC,naive,DLS,26,0.034984
2,DLS-ACC,naive,DLS,27,0.560044
2,DLS-ACC,naive,DLS,28,0.004294
2,DLS-ACC,naive,DLS,29,0.350475
2,DLS-ACC,naive,DLS,30,0.0
2,DLS-ACC,naive,DLS,31,0.704929
2,DLS-ACC,naive,DLS,32,0.08277
2,DLS-ACC,naive,DLS,33,0.187087
2,DLS-ACC,naive,DLS,34,0.0
2,DLS-ACC,naive,DLS,35,0.077614
2,DLS-ACC,naive,DLS,36,0.134534
2,DLS-ACC,naive,DLS,37,0.486941
2,DLS-ACC,naive,DLS,38,0.349328
2,DLS-ACC,naive,DLS,39,0.123066
2,DLS-ACC,naive,DLS,40,0.859378
2,DLS-ACC,naive,DLS,41,0.898335
2,DLS-ACC,naive,DLS,42,0.241379
2,DLS-ACC,naive,DLS,43,1.099759
2,DLS-ACC,naive,DLS,44,0.022664
2,DLS-ACC,naive,DLS,45,0.0
2,DLS-ACC,naive,DLS,46,1.038012
2,DLS-ACC,naive,DLS,47,1.323325
2,DLS-ACC,naive,DLS,48,0.0
2,DLS-ACC,naive,DLS,49,0.607926
2,DLS-ACC,naive,DLS,50,0.519966
2,DLS-ACC,naive,DLS,51,0.033249
2,DLS-ACC,naive,DLS,52,0.146059
2,DLS-ACC,naive,DLS,53,0.918797
2,DLS-ACC,naive,DLS,54,0.553697
2,DLS-ACC,naive,DLS,55,0.128589
2,DLS-ACC,naive,DLS,56,1.16952
2,DLS-ACC,naive,DLS,57,0.083884
2,DLS-ACC,naive,DLS,58,0.171671
2,DLS-ACC,naive,DLS,59,0.094946
2,DLS-ACC,naive,ACC,0,0.890752
2,DLS-ACC,naive,ACC,1,0.023831
2,DLS-ACC,naive,ACC,2,0.850333
2,DLS-ACC,naive,ACC,3,0.716906
2,DLS-ACC,naive,ACC,4,1.005191
2,DLS-ACC,naive,ACC,5,0.064161
2,DLS-ACC,naive,ACC,6,0.0
2,DLS-ACC,naive,ACC,7,0.950633
2,DLS-ACC,naive,ACC,8,0.569525
2,DLS-ACC,naive,ACC,9,0.36165
2,DLS-ACC,naive,ACC,10,0.0
2,DLS-ACC,naive,ACC,11,0.85756
2,DLS-ACC,naive,ACC,12,0.733003
2,DLS-ACC,naive,ACC,13,0.04169
2,DLS-ACC,naive,ACC,14,0.442238
2,DLS-ACC,naive,ACC,15,1.017165
2,DLS-ACC,naive,ACC,16,0.988896
2,DLS-ACC,naive,ACC,17,0.100955
2,DLS-ACC,naive,ACC,18,0.195026
2,DLS-ACC,naive,ACC,19,0.031416
2,DLS-ACC,naive,ACC,20,0.046702
2,DLS-ACC,naive,ACC,21,0.030216
2,DLS-ACC,naive,ACC,22,0.0
2,DLS-ACC,naive,ACC,23,0.0
2,DLS-ACC,naive,ACC,24,0.0
2,DLS-ACC,naive,ACC,25,0.645575
2,DLS-ACC,naive,ACC,26,0.91668
2,DLS-ACC,naive,ACC,27,0.163229
2,DLS-ACC,naive,ACC,28,0.023353
2,DLS-ACC,naive,ACC,29,0.024487
2,DLS-ACC,naive,ACC,30,0.044367
2,DLS-ACC,naive,ACC,31,0.567173
2,DLS-ACC,naive,ACC,32,0.511605
2,DLS-ACC,naive,ACC,33,0.028133
2,DLS-ACC,naive,ACC,34,0.052393
2,DLS-ACC,naive,ACC,35,0.0
2,DLS-ACC,naive,ACC,36,0.0
2,DLS-ACC,naive,ACC,37,0.0
2,DLS-ACC,naive,ACC,38,0.0
2,DLS-ACC,naive,ACC,39,0.0
2,DLS-ACC,naive,ACC,40,0.759122
2,DLS-ACC,naive,ACC,41,0.13755
2,DLS-ACC,naive,ACC,42,1.164538
2,DLS-ACC,naive,ACC,43,0.013019
2,DLS-ACC,naive,ACC,44,0.029382
2,DLS-ACC,naive,ACC,45,0.0
2,DLS-ACC,naive,ACC,46,0.084458
2,DLS-ACC,naive,ACC,47,0.0
2,DLS-ACC,naive,ACC,48,0.0
2,DLS-ACC,naive,ACC,49,0.0
2,DLS-ACC,naive,ACC,50,0.0
2,DLS-ACC,naive,ACC,51,0.0
2,DLS-ACC,naive,ACC,52,0.0
2,DLS-ACC,naive,ACC,53,0.012714
2,DLS-ACC,naive,ACC,54,0.676687
2,DLS-ACC,naive,ACC,55,0.789698
2,DLS-ACC,naive,ACC,56,0.896235
2,DLS-ACC,naive,ACC,57,0.038623
2,DLS-ACC,naive,ACC,58,0.0
2,DLS-ACC,naive,ACC,59,0.0
2,DLS-ACC,naive,ACC,60,0.037705
2,DLS-ACC,naive,ACC,61,0.0
2,DLS-ACC,naive,ACC,62,0.030587
2,DLS-ACC,naive,ACC,63,0.0
2,DLS-ACC,intermediate,DLS,0,0.886678
2,DLS-ACC,intermediate,DLS,1,0.424846
2,DLS-ACC,intermediate,DLS,2,0.788173
2,DLS-ACC,intermediate,DLS,3,0.503965
2,DLS-ACC,intermediate,DLS,4,0.851775
2,DLS-ACC,intermediate,DLS,5,0.855011
2,DLS-ACC,intermediate,DLS,6,0.842654
2,DLS-ACC,intermediate,DLS,7,0.212067
2,DLS-ACC,intermediate,DLS,8,0.508317
2,DLS-ACC,intermediate,DLS,9,0.890493
2,DLS-ACC,intermediate,DLS,10,0.570437
2,DLS-ACC,intermediate,DLS,11,0.763446
2,DLS-ACC,intermediate,DLS,12,0.1777
2,DLS-ACC,intermediate,DLS,13,0.015412
2,DLS-ACC,intermediate,DLS,14,0.115522
2,DLS-ACC,intermediate,DLS,15,0.18276
2,DLS-ACC,intermediate,DLS,16,0.083054
2,DLS-ACC,intermediate,DLS,17,0.418463
2,DLS-ACC,intermediate,DLS,18,0.0
2,DLS-ACC,intermediate,DLS,19,0.773155
2,DLS-ACC,intermediate,DLS,20,0.875594
2,DLS-ACC,intermediate,DLS,21,0.038603
2,DLS-ACC,intermediate,DLS,22,0.819298
2,DLS-ACC,intermediate,DLS,23,0.0
2,DLS-ACC,intermediate,DLS,24,0.891421
2,DLS-ACC,intermediate,DLS,25,0.60957
2,DLS-ACC,intermediate,DLS,26,0.191009
2,DLS-ACC,intermediate,DLS,27,0.015417
2,DLS-ACC,intermediate,DLS,28,0.002778
2,DLS-ACC,intermediate,DLS,29,0.636967
2,DLS-ACC,intermediate,DLS,30,0.0
2,DLS-ACC,intermediate,DLS,31,0.403667
2,DLS-ACC,intermediate,DLS,32,0.586577
2,DLS-ACC,intermediate,DLS,33,0.063119
2,DLS-ACC,intermediate,DLS,34,0.079034
2,DLS-ACC,intermediate,DLS,35,0.239154
2,DLS-ACC,intermediate,DLS,36,0.248716
2,DLS-ACC,intermediate,DLS,37,0.493554
2,DLS-ACC,intermediate,DLS,38,0.508992
2,DLS-ACC,intermediate,DLS,39,0.092188
2,DLS-ACC,intermediate,DLS,40,0.049676
2,DLS-ACC,intermediate,DLS,41,0.830201
2,DLS-ACC,intermediate,DLS,42,0.064762
2,DLS-ACC,intermediate,DLS,43,0.204444
2,DLS-ACC,intermediate,DLS,44,0.385414
2,DLS-ACC,intermediate,DLS,45,0.028784
2,DLS-ACC,intermediate,DLS,46,0.679408
2,DLS-ACC,intermediate,DLS,47,0.798447
2,DLS-ACC,intermediate,DLS,48,0.0
2,DLS-ACC,intermediate,DLS,49,0.226142
2,DLS-ACC,intermediate,DLS,50,0.328583
2,DLS-ACC,intermediate,DLS,51,0.07518
2,DLS-ACC,intermediate,DLS,52,0.077136
2,DLS-ACC,intermediate,DLS,53,0.652331
2,DLS-ACC,intermediate,DLS,54,0.01364
2,DLS-ACC,intermediate,DLS,55,0.05585
2,DLS-ACC,intermediate,DLS,56,0.09472
2,DLS-ACC,intermediate,DLS,57,0.472514
2,DLS-ACC,intermediate,DLS,58,0.417296
2,DLS-ACC,intermediate,DLS,59,0.060164
2,DLS-ACC,intermediate,ACC,0,1.16038
2,DLS-ACC,intermediate,ACC,1,0.998336
2,DLS-ACC,intermediate,ACC,2,1.079897
2,DLS-ACC,intermediate,ACC,3,0.767321
2,DLS-ACC,intermediate,ACC,4,0.903528
2,DLS-ACC,intermediate,ACC,5,0.174522
2,DLS-ACC,intermediate,ACC,6,1.103164
2,DLS-ACC,intermediate,ACC,7,0.948248
2,DLS-ACC,intermediate,ACC,8,0.170025
2,DLS-ACC,intermediate,ACC,9,1.019518
2,DLS-ACC,intermediate,ACC,10,0.0
2,DLS-ACC,intermediate,ACC,11,0.855029
2,DLS-ACC,intermediate,ACC,12,0.06654
2,DLS-ACC,intermediate,ACC,13,0.185332
2,DLS-ACC,intermediate,ACC,14,0.361687
2,DLS-ACC,intermediate,ACC,15,1.113816
2,DLS-ACC,intermediate,ACC,16,0.159833
2,DLS-ACC,intermediate,ACC,17,1.063641
2,DLS-ACC,intermediate,ACC,18,0.991934
2,DLS-ACC,intermediate,ACC,19,0.08863
2,DLS-ACC,intermediate,ACC,20,0.060932
2,DLS-ACC,intermediate,ACC,21,0.133341
2,DLS-ACC,intermediate,ACC,22,0.0
2,DLS-ACC,intermediate,ACC,23,0.0
2,DLS-ACC,intermediate,ACC,24,0.013792
2,DLS-ACC,intermediate,ACC,25,0.885227
2,DLS-ACC,intermediate,ACC,26,0.053292
2,DLS-ACC,intermediate,ACC,27,1.133772
2,DLS-ACC,intermediate,ACC,28,0.091075
2,DLS-ACC,intermediate,ACC,29,0.0
2,DLS-ACC,intermediate,ACC,30,0.097174
2,DLS-ACC,intermediate,ACC,31,0.80013
2,DLS-ACC,intermediate,ACC,32,0.267199
2,DLS-ACC,intermediate,ACC,33,0.013324
2,DLS-ACC,intermediate,ACC,34,0.527255
2,DLS-ACC,intermediate,ACC,35,0.0
2,DLS-ACC,intermediate,ACC,36,0.0
2,DLS-ACC,intermediate,ACC,37,0.0
2,DLS-ACC,intermediate,ACC,38,0.0
2,DLS-ACC,intermediate,ACC,39,0.0
2,DLS-ACC,intermediate,ACC,40,1.10504
2,DLS-ACC,intermediate,ACC,41,0.137055
2,DLS-ACC,intermediate,ACC,42,0.0
2,DLS-ACC,intermediate,ACC,43,0.035701
2,DLS-ACC,intermediate,ACC,44,0.049318
2,DLS-ACC,intermediate,ACC,45,0.0
2,DLS-ACC,intermediate,ACC,46,0.967924
2,DLS-ACC,intermediate,ACC,47,0.0
2,DLS-ACC,intermediate,ACC,48,0.0
2,DLS-ACC,intermediate,ACC,49,0.095836
2,DLS-ACC,intermediate,ACC,50,0.0
2,DLS-ACC,intermediate,ACC,51,0.0
2,DLS-ACC,intermediate,ACC,52,0.068059
2,DLS-ACC,intermediate,ACC,53,0.036463
2,DLS-ACC,intermediate,ACC,54,0.8563
2,DLS-ACC,intermediate,ACC,55,1.082572
2,DLS-ACC,intermediate,ACC,56,1.056213
2,DLS-ACC,intermediate,ACC,57,0.055111
2,DLS-ACC,intermediate,ACC,58,0.0
2,DLS-ACC,intermediate,ACC,59,0.0
2,DLS-ACC,intermediate,ACC,60,0.080271
2,DLS-ACC,intermediate,ACC,61,0.0
2,DLS-ACC,intermediate,ACC,62,0.038656
2,DLS-ACC,intermediate,ACC,63,0.016355
2,DLS-ACC,expert,DLS,0,0.951621
2,DLS-ACC,expert,DLS,1,0.037863
2,DLS-ACC,expert,DLS,2,0.139967
2,DLS-ACC,expert,DLS,3,0.643186
2,DLS-ACC,expert,DLS,4,0.89939
2,DLS-ACC,expert,DLS,5,0.895526
2,DLS-ACC,expert,DLS,6,0.926963
2,DLS-ACC,expert,DLS,7,0.722975
2,DLS-ACC,expert,DLS,8,0.0
2,DLS-ACC,expert,DLS,9,0.859905
2,DLS-ACC,expert,DLS,10,0.0
2,DLS-ACC,expert,DLS,11,0.73618
2,DLS-ACC,expert,DLS,12,0.919327
2,DLS-ACC,expert,DLS,13,0.025838
2,DLS-ACC,expert,DLS,14,0.0
2,DLS-ACC,expert,DLS,15,0.199485
2,DLS-ACC,expert,DLS,16,0.015282
2,DLS-ACC,expert,DLS,17,0.376573
2,DLS-ACC,expert,DLS,18,0.0
2,DLS-ACC,expert,DLS,19,0.644938
2,DLS-ACC,expert,DLS,20,0.882197
2,DLS-ACC,expert,DLS,21,0.072998
2,DLS-ACC,expert,DLS,22,0.099379
2,DLS-ACC,expert,DLS,23,0.055783
2,DLS-ACC,expert,DLS,24,0.665648
2,DLS-ACC,expert,DLS,25,0.76398
2,DLS-ACC,expert,DLS,26,0.656902
2,DLS-ACC,expert,DLS,27,0.0
2,DLS-ACC,expert,DLS,28,0.051149
2,DLS-ACC,expert,DLS,29,0.043561
2,DLS-ACC,expert,DLS,30,0.0
2,DLS-ACC,expert,DLS,31,0.48973
2,DLS-ACC,expert,DLS,32,0.540289
2,DLS-ACC,expert,DLS,33,0.383557
2,DLS-ACC,expert,DLS,34,0.037178
2,DLS-ACC,expert,DLS,35,0.0
2,DLS-ACC,expert,DLS,36,0.0
2,DLS-ACC,expert,DLS,37,0.098261
2,DLS-ACC,expert,DLS,38,0.038244
2,DLS-ACC,expert,DLS,39,0.331133
2,DLS-ACC,expert,DLS,40,0.966359
2,DLS-ACC,expert,DLS,41,0.852191
2,DLS-ACC,expert,DLS,42,0.092402
2,DLS-ACC,expert,DLS,43,0.852805
2,DLS-ACC,expert,DLS,44,0.146295
2,DLS-ACC,expert,DLS,45,0.056033
2,DLS-ACC,expert,DLS,46,0.631521
2,DLS-ACC,expert,DLS,47,0.773518
2,DLS-ACC,expert,DLS,48,0.078461
2,DLS-ACC,expert,DLS,49,0.376402
2,DLS-ACC,expert,DLS,50,0.760811
2,DLS-ACC,expert,DLS,51,0.973338
2,DLS-ACC,expert,DLS,52,0.059348
2,DLS-ACC,expert,DLS,53,0.29386
2,DLS-ACC,expert,DLS,54,0.088495
2,DLS-ACC,expert,DLS,55,0.316241
2,DLS-ACC,expert,DLS,56,0.187223
2,DLS-ACC,expert,DLS,57,0.120654
2,DLS-ACC,expert,DLS,58,0.106132
2,DLS-ACC,expert,DLS,59,0.413441
2,DLS-ACC,expert,ACC,0,0.686649
2,DLS-ACC,expert,ACC,1,0.940159
2,DLS-ACC,expert,ACC,2,1.100379
2,DLS-ACC,expert,ACC,3,0.875428
2,DLS-ACC,expert,ACC,4,0.889254
2,DLS-ACC,expert,ACC,5,0.336094
2,DLS-ACC,expert,ACC,6,0.068035
2,DLS-ACC,expert,ACC,7,1.071283
2,DLS-ACC,expert,ACC,8,0.45536
2,DLS-ACC,expert,ACC,9,0.820886
2,DLS-ACC,expert,ACC,10,0.0
2,DLS-ACC,expert,ACC,11,0.753651
2,DLS-ACC,expert,ACC,12,0.101794
2,DLS-ACC,expert,ACC,13,0.444994
2,DLS-ACC,expert,ACC,14,1.056702
2,DLS-ACC,expert,ACC,15,1.017231
2,DLS-ACC,expert,ACC,16,0.196561
2,DLS-ACC,expert,ACC,17,1.00062
2,DLS-ACC,expert,ACC,18,0.977922
2,DLS-ACC,expert,ACC,19,0.310869
2,DLS-ACC,expert,ACC,20,0.765633
2,DLS-ACC,expert,ACC,21,0.051014
2,DLS-ACC,expert,ACC,22,0.0
2,DLS-ACC,expert,ACC,23,0.0
2,DLS-ACC,expert,ACC,24,0.0
2,DLS-ACC,expert,ACC,25,0.153185
2,DLS-ACC,expert,ACC,26,0.060338
2,DLS-ACC,expert,ACC,27,1.007671
2,DLS-ACC,expert,ACC,28,0.110164
2,DLS-ACC,expert,ACC,29,0.279176
2,DLS-ACC,expert,ACC,30,1.06995
2,DLS-ACC,expert,ACC,31,0.979822
2,DLS-ACC,expert,ACC,32,0.986428
2,DLS-ACC,expert,ACC,33,0.135765
2,DLS-ACC,expert,ACC,34,0.141062
2,DLS-ACC,expert,ACC,35,0.0
2,DLS-ACC,expert,ACC,36,0.0
2,DLS-ACC,expert,ACC,37,0.0
2,DLS-ACC,expert,ACC,38,0.0
2,DLS-ACC,expert,ACC,39,0.062638
2,DLS-ACC,expert,ACC,40,0.05283
2,DLS-ACC,expert,ACC,41,0.688479
2,DLS-ACC,expert,ACC,42,0.143558
2,DLS-ACC,expert,ACC,43,0.0
2,DLS-ACC,expert,ACC,44,0.093459
2,DLS-ACC,expert,ACC,45,0.0
2,DLS-ACC,expert,ACC,46,1.008988
2,DLS-ACC,expert,ACC,47,0.0
2,DLS-ACC,expert,ACC,48,0.0
2,DLS-ACC,expert,ACC,49,0.230181
2,DLS-ACC,expert,ACC,50,0.0
2,DLS-ACC,expert,ACC,51,0.032703
2,DLS-ACC,expert,ACC,52,0.022026
2,DLS-ACC,expert,ACC,53,0.023316
2,DLS-ACC,expert,ACC,54,0.332469
2,DLS-ACC,expert,ACC,55,0.96302
2,DLS-ACC,expert,ACC,56,0.938535
2,DLS-ACC,expert,ACC,57,0.066378
2,DLS-ACC,expert,ACC,58,0.01089
2,DLS-ACC,expert,ACC,59,0.0
2,DLS-ACC,expert,ACC,60,0.247268
2,DLS-ACC,expert,ACC,61,0.0
2,DLS-ACC,expert,ACC,62,0.0
2,DLS-ACC,expert,ACC,63,1.112862
4,DMS-DLS,naive,DMS,0,1.0525
4,DMS-DLS,naive,DMS,1,0.0
4,DMS-DLS,naive,DMS,2,1.345053
4,DMS-DLS,naive,DMS,3,5.444971
4,DMS-DLS,naive,DMS,4,0.454238
4,DMS-DLS,naive,DMS,5,0.0
4,DMS-DLS,naive,DMS,6,1.042948
4,DMS-DLS,naive,DMS,7,1.079386
4,DMS-DLS,naive,DMS,8,0.517547
4,DMS-DLS,naive,DMS,9,0.775194
4,DMS-DLS,naive,DMS,10,2.05637
4,DMS-DLS,naive,DMS,11,1.04786
4,DMS-DLS,naive,DMS,12,1.598313
4,DMS-DLS,naive,DMS,13,1.137425
4,DMS-DLS,naive,DMS,14,1.416624
4,DMS-DLS,naive,DMS,15,0.753338
4,DMS-DLS,naive,DLS,0,0.041865
4,DMS-DLS,naive,DLS,1,0.046146
4,DMS-DLS,naive,DLS,2,0.076382
4,DMS-DLS,naive,DLS,3,0.155758
4,DMS-DLS,naive,DLS,4,0.676004
4,DMS-DLS,naive,DLS,5,0.228261
4,DMS-DLS,naive,DLS,6,0.103472
4,DMS-DLS,naive,DLS,7,0.089981
4,DMS-DLS,naive,DLS,8,0.50117
4,DMS-DLS,naive,DLS,9,0.099638
4,DMS-DLS,naive,DLS,10,0.061035
4,DMS-DLS,naive,DLS,11,0.053674
4,DMS-DLS,naive,DLS,12,0.507845
4,DMS-DLS,naive,DLS,13,0.187711
4,DMS-DLS,naive,DLS,14,0.481521
4,DMS-DLS,naive,DLS,15,0.518045
4,DMS-DLS,naive,DLS,16,0.219832
4,DMS-DLS,naive,DLS,17,0.095019
4,DMS-DLS,naive,DLS,18,0.124747
4,DMS-DLS,naive,DLS,19,0.250004
4,DMS-DLS,naive,DLS,20,0.124926
4,DMS-DLS,naive,DLS,21,0.476489
4,DMS-DLS,naive,DLS,22,0.043086
4,DMS-DLS,naive,DLS,23,0.259072
4,DMS-DLS,naive,DLS,24,0.270106
4,DMS-DLS,naive,DLS,25,0.18283
4,DMS-DLS,naive,DLS,26,0.368219
4,DMS-DLS,naive,DLS,27,0.391267
4,DMS-DLS,naive,DLS,28,0.28976
4,DMS-DLS,naive,DLS,29,0.105991
4,DMS-DLS,naive,DLS,30,0.022692
4,DMS-DLS,naive,DLS,31,0.40554
4,DMS-DLS,naive,DLS,32,0.037119
4,DMS-DLS,naive,DLS,33,0.075438
4,DMS-DLS,naive,DLS,34,0.323496
4,DMS-DLS,naive,DLS,35,0.398807
4,DMS-DLS,naive,DLS,36,0.0
4,DMS-DLS,naive,DLS,37,0.106635
4,DMS-DLS,naive,DLS,38,0.454341
4,DMS-DLS,naive,DLS,39,0.060544
4,DMS-DLS,naive,DLS,40,0.0
4,DMS-DLS,naive,DLS,41,0.044145
4,DMS-DLS,naive,DLS,42,0.692871
4,DMS-DLS,naive,DLS,43,0.0
4,DMS-DLS,naive,DLS,44,0.0
4,DMS-DLS,naive,DLS,45,0.127238
4,DMS-DLS,naive,DLS,46,0.069416
4,DMS-DLS,naive,DLS,47,0.089648
4,DMS-DLS,naive,DLS,48,0.058958
4,DMS-DLS,naive,DLS,49,0.584076
4,DMS-DLS,naive,DLS,50,0.004599
4,DMS-DLS,naive,DLS,51,0.097347
4,DMS-DLS,naive,DLS,52,0.115671
4,DMS-DLS,naive,DLS,53,0.649486
4,DMS-DLS,naive,DLS,54,0.060204
4,DMS-DLS,naive,DLS,55,0.143191
4,DMS-DLS,naive,DLS,56,0.122757
4,DMS-DLS,naive,DLS,57,0.077494
4,DMS-DLS,naive,DLS,58,0.16422
4,DMS-DLS,naive,DLS,59,0.451017
4,DMS-DLS,naive,DLS,60,0.030524
4,DMS-DLS,naive,DLS,61,0.620774
4,DMS-DLS,naive,DLS,62,0.090199
4,DMS-DLS,naive,DLS,63,0.498972
4,DMS-DLS,naive,DLS,64,0.015368
4,DMS-DLS,naive,DLS,65,0.617492
4,DMS-DLS,naive,DLS,66,0.00988
4,DMS-DLS,naive,DLS,67,0.420431
4,DMS-DLS,naive,DLS,68,0.585394
4,DMS-DLS,naive,DLS,69,0.071495
4,DMS-DLS,naive,DLS,70,0.023877
4,DMS-DLS,naive,DLS,71,0.019284
4,DMS-DLS,naive,DLS,72,0.005529
4,DMS-DLS,naive,DLS,73,0.637194
4,DMS-DLS,naive,DLS,74,0.033744
4,DMS-DLS,naive,DLS,75,0.534503
4,DMS-DLS,naive,DLS,76,0.0165
4,DMS-DLS,naive,DLS,77,0.297766
4,DMS-DLS,naive,DLS,78,0.376408
4,DMS-DLS,naive,DLS,79,0.02184
4,DMS-DLS,naive,DLS,80,0.040602
4,DMS-DLS,naive,DLS,81,0.069599
4,DMS-DLS,naive,DLS,82,0.057432
4,DMS-DLS,intermediate,DMS,0,0.992887
4,DMS-DLS,intermediate,DMS,1,1.425121
4,DMS-DLS,intermediate,DMS,2,1.282336
4,DMS-DLS,intermediate,DMS,3,2.868945
4,DMS-DLS,intermediate,DMS,4,2.351057
4,DMS-DLS,intermediate,DMS,5,0.0
4,DMS-DLS,intermediate,DMS,6,0.995148
4,DMS-DLS,intermediate,DMS,7,1.047177
4,DMS-DLS,intermediate,DMS,8,0.0
4,DMS-DLS,intermediate,DMS,9,0.0
4,DMS-DLS,intermediate,DMS,10,0.0
4,DMS-DLS,intermediate,DMS,11,0.0
4,DMS-DLS,intermediate,DMS,12,1.361305
4,DMS-DLS,intermediate,DMS,13,1.163543
4,DMS-DLS,intermediate,DMS,14,2.849047
4,DMS-DLS,intermediate,DMS,15,0.0
4,DMS-DLS,intermediate,DLS,0,0.113387
4,DMS-DLS,intermediate,DLS,1,0.386392
4,DMS-DLS,intermediate,DLS,2,0.362936
4,DMS-DLS,intermediate,DLS,3,0.049328
4,DMS-DLS,intermediate,DLS,4,0.19394
4,DMS-DLS,intermediate,DLS,5,0.10318
4,DMS-DLS,intermediate,DLS,6,0.399472
4,DMS-DLS,intermediate,DLS,7,0.404915
4,DMS-DLS,intermediate,DLS,8,0.147754
4,DMS-DLS,intermediate,DLS,9,0.106117
4,DMS-DLS,intermediate,DLS,10,0.121885
4,DMS-DLS,intermediate,DLS,11,0.364333
4,DMS-DLS,intermediate,DLS,12,0.292428
4,DMS-DLS,intermediate,DLS,13,0.152026
4,DMS-DLS,intermediate,DLS,14,0.144237
4,DMS-DLS,intermediate,DLS,15,0.145493
4,DMS-DLS,intermediate,DLS,16,0.291522
4,DMS-DLS,intermediate,DLS,17,0.21007
4,DMS-DLS,intermediate,DLS,18,0.495691
4,DMS-DLS,intermediate,DLS,19,0.134934
4,DMS-DLS,intermediate,DLS,20,0.381686
4,DMS-DLS,intermediate,DLS,21,0.194528
4,DMS-DLS,intermediate,DLS,22,0.094945
4,DMS-DLS,intermediate,DLS,23,0.149716
4,DMS-DLS,intermediate,DLS,24,0.117267
4,DMS-DLS,intermediate,DLS,25,0.123174
4,DMS-DLS,intermediate,DLS,26,0.114688
4,DMS-DLS,intermediate,DLS,27,0.083067
4,DMS-DLS,intermediate,DLS,28,0.089247
4,DMS-DLS,intermediate,DLS,29,0.327743
4,DMS-DLS,intermediate,DLS,30,0.055519
4,DMS-DLS,intermediate,DLS,31,0.576717
4,DMS-DLS,intermediate,DLS,32,0.034038
4,DMS-DLS,intermediate,DLS,33,0.164781
4,DMS-DLS,intermediate,DLS,34,0.356389
4,DMS-DLS,intermediate,DLS,35,0.134946
4,DMS-DLS,intermediate,DLS,36,0.186826
4,DMS-DLS,intermediate,DLS,37,0.178333
4,DMS-DLS,intermediate,DLS,38,0.127785
4,DMS-DLS,intermediate,DLS,39,0.007267
4,DMS-DLS,intermediate,DLS,40,0.429873
4,DMS-DLS,intermediate,DLS,41,0.382891
4,DMS-DLS,intermediate,DLS,42,0.041284
4,DMS-DLS,intermediate,DLS,43,0.251761
4,DMS-DLS,intermediate,DLS,44,0.357904
4,DMS-DLS,intermediate,DLS,45,0.218244
4,DMS-DLS,intermediate,DLS,46,0.090682
4,DMS-DLS,intermediate,DLS,47,0.122298
4,DMS-DLS,intermediate,DLS,48,0.491801
4,DMS-DLS,intermediate,DLS,49,0.119226
4,DMS-DLS,intermediate,DLS,50,0.182748
4,DMS-DLS,intermediate,DLS,51,0.340142
4,DMS-DLS,intermediate,DLS,52,0.054095
4,DMS-DLS,intermediate,DLS,53,0.068306
4,DMS-DLS,intermediate,DLS,54,0.114784
4,DMS-DLS,intermediate,DLS,55,0.211526
4,DMS-DLS,intermediate,DLS,56,0.168251
4,DMS-DLS,intermediate,DLS,57,0.054312
4,DMS-DLS,intermediate,DLS,58,0.275723
4,DMS-DLS,intermediate,DLS,59,0.034124
4,DMS-DLS,intermediate,DLS,60,0.651127
4,DMS-DLS,intermediate,DLS,61,0.066816
4,DMS-DLS,intermediate,DLS,62,0.195996
4,DMS-DLS,intermediate,DLS,63,0.038925
4,DMS-DLS,intermediate,DLS,64,0.187967
4,DMS-DLS,intermediate,DLS,65,0.139269
4,DMS-DLS,intermediate,DLS,66,0.061784
4,DMS-DLS,intermediate,DLS,67,0.038411
4,DMS-DLS,intermediate,DLS,68,0.109527
4,DMS-DLS,intermediate,DLS,69,0.108916
4,DMS-DLS,intermediate,DLS,70,0.029417
4,DMS-DLS,intermediate,DLS,71,0.245992
4,DMS-DLS,intermediate,DLS,72,0.320093
4,DMS-DLS,intermediate,DLS,73,0.0522
4,DMS-DLS,intermediate,DLS,74,0.223552
4,DMS-DLS,intermediate,DLS,75,0.198143
4,DMS-DLS,intermediate,DLS,76,0.118129
4,DMS-DLS,intermediate,DLS,77,0.324538
4,DMS-DLS,intermediate,DLS,78,0.140509
4,DMS-DLS,intermediate,DLS,79,0.073088
4,DMS-DLS,intermediate,DLS,80,0.237218
4,DMS-DLS,intermediate,DLS,81,0.308814
4,DMS-DLS,intermediate,DLS,82,0.077118
4,DMS-DLS,expert,DMS,0,0.913634
4,DMS-DLS,expert,DMS,1,1.220913
4,DMS-DLS,expert,DMS,2,1.138989
4,DMS-DLS,expert,DMS,3,1.824588
4,DMS-DLS,expert,DMS,4,3.807203
4,DMS-DLS,expert,DMS,5,0.0
4,DMS-DLS,expert,DMS,6,0.989843
4,DMS-DLS,expert,DMS,7,1.21497
4,DMS-DLS,expert,DMS,8,0.0
4,DMS-DLS,expert,DMS,9,2.646908
4,DMS-DLS,expert,DMS,10,1.972447
4,DMS-DLS,expert,DMS,11,0.0
4,DMS-DLS,expert,DMS,12,1.032266
4,DMS-DLS,expert,DMS,13,0.94123
4,DMS-DLS,expert,DMS,14,1.617011
4,DMS-DLS,expert,DMS,15,0.0
4,DMS-DLS,expert,DLS,0,0.176041
4,DMS-DLS,expert,DLS,1,0.336095
4,DMS-DLS,expert,DLS,2,0.334142
4,DMS-DLS,expert,DLS,3,0.556086
4,DMS-DLS,expert,DLS,4,0.283844
4,DMS-DLS,expert,DLS,5,0.176635
4,DMS-DLS,expert,DLS,6,0.077435
4,DMS-DLS,expert,DLS,7,0.159731
4,DMS-DLS,expert,DLS,8,0.209373
4,DMS-DLS,expert,DLS,9,0.247424
4,DMS-DLS,expert,DLS,10,0.267057
4,DMS-DLS,expert,DLS,11,0.308534
4,DMS-DLS,expert,DLS,12,0.232438
4,DMS-DLS,expert,DLS,13,0.259856
4,DMS-DLS,expert,DLS,14,0.103725
4,DMS-DLS,expert,DLS,15,0.16387
4,DMS-DLS,expert,DLS,16,0.211064
4,DMS-DLS,expert,DLS,17,0.341729
4,DMS-DLS,expert,DLS,18,0.075182
4,DMS-DLS,expert,DLS,19,0.333384
4,DMS-DLS,expert,DLS,20,0.0367
4,DMS-DLS,expert,DLS,21,0.209755
4,DMS-DLS,expert,DLS,22,0.23151
4,DMS-DLS,expert,DLS,23,0.292393
4,DMS-DLS,expert,DLS,24,0.263485
4,DMS-DLS,expert,DLS,25,0.53112
4,DMS-DLS,expert,DLS,26,0.080882
4,DMS-DLS,expert,DLS,27,0.161891
4,DMS-DLS,expert,DLS,28,0.308292
4,DMS-DLS,expert,DLS,29,0.313906
4,DMS-DLS,expert,DLS,30,0.377473
4,DMS-DLS,expert,DLS,31,0.14779
4,DMS-DLS,expert,DLS,32,0.416768
4,DMS-DLS,expert,DLS,33,0.047234
4,DMS-DLS,expert,DLS,34,0.375514
4,DMS-DLS,expert,DLS,35,0.205437
4,DMS-DLS,expert,DLS,36,0.288558
4,DMS-DLS,expert,DLS,37,0.202491
4,DMS-DLS,expert,DLS,38,0.018228
4,DMS-DLS,expert,DLS,39,0.534775
4,DMS-DLS,expert,DLS,40,0.0
4,DMS-DLS,expert,DLS,41,0.477558
4,DMS-DLS,expert,DLS,42,0.165875
4,DMS-DLS,expert,DLS,43,0.0
4,DMS-DLS,expert,DLS,44,0.536022
4,DMS-DLS,expert,DLS,45,0.050675
4,DMS-DLS,expert,DLS,46,0.156013
4,DMS-DLS,expert,DLS,47,0.215738
4,DMS-DLS,expert,DLS,48,0.392037
4,DMS-DLS,expert,DLS,49,0.0475
4,DMS-DLS,expert,DLS,50,0.065313
4,DMS-DLS,expert,DLS,51,0.391627
4,DMS-DLS,expert,DLS,52,0.396531
4,DMS-DLS,expert,DLS,53,0.085224
4,DMS-DLS,expert,DLS,54,0.269935
4,DMS-DLS,expert,DLS,55,0.163808
4,DMS-DLS,expert,DLS,56,0.334071
4,DMS-DLS,expert,DLS,57,0.096296
4,DMS-DLS,expert,DLS,58,0.4395
4,DMS-DLS,expert,DLS,59,0.211631
4,DMS-DLS,expert,DLS,60,0.646965
4,DMS-DLS,expert,DLS,61,0.294893
4,DMS-DLS,expert,DLS,62,0.12312
4,DMS-DLS,expert,DLS,63,0.077279
4,DMS-DLS,expert,DLS,64,0.172387
4,DMS-DLS,expert,DLS,65,0.188379
4,DMS-DLS,expert,DLS,66,0.503945
4,DMS-DLS,expert,DLS,67,0.087168
4,DMS-DLS,expert,DLS,68,0.034458
4,DMS-DLS,expert,DLS,69,0.361405
4,DMS-DLS,expert,DLS,70,0.059956
4,DMS-DLS,expert,DLS,71,0.048558
4,DMS-DLS,expert,DLS,72,0.139753
4,DMS-DLS,expert,DLS,73,0.056521
4,DMS-DLS,expert,DLS,74,0.20089
4,DMS-DLS,expert,DLS,75,0.29962
4,DMS-DLS,expert,DLS,76,0.065215
4,DMS-DLS,expert,DLS,77,0.422394
4,DMS-DLS,expert,DLS,78,0.282977
4,DMS-DLS,expert,DLS,79,0.503448
4,DMS-DLS,expert,DLS,80,0.398373
4,DMS-DLS,expert,DLS,81,0.436377
4,DMS-DLS,expert,DLS,82,0.147862
4,DMS-ACC,naive,DMS,0,1.0525
4,DMS-ACC,naive,DMS,1,0.0
4,DMS-ACC,naive,DMS,2,1.345053
4,DMS-ACC,naive,DMS,3,5.444971
4,DMS-ACC,naive,DMS,4,0.454238
4,DMS-ACC,naive,DMS,5,0.0
4,DMS-ACC,naive,DMS,6,1.042948
4,DMS-ACC,naive,DMS,7,1.079386
4,DMS-ACC,naive,DMS,8,0.517547
4,DMS-ACC,naive,DMS,9,0.775194
4,DMS-ACC,naive,DMS,10,2.05637
4,DMS-ACC,naive,DMS,11,1.04786
4,DMS-ACC,naive,DMS,12,1.598313
4,DMS-ACC,naive,DMS,13,1.137425
4,DMS-ACC,naive,DMS,14,1.416624
4,DMS-ACC,naive,DMS,15,0.753338
4,DMS-ACC,naive,ACC,0,0.028099
4,DMS-ACC,naive,ACC,1,0.323946
4,DMS-ACC,naive,ACC,2,0.096197
4,DMS-ACC,naive,ACC,3,0.220397
4,DMS-ACC,naive,ACC,4,0.474147
4,DMS-ACC,naive,ACC,5,0.741441
4,DMS-ACC,naive,ACC,6,0.593259
4,DMS-ACC,naive,ACC,7,0.16872
4,DMS-ACC,naive,ACC,8,0.316001
4,DMS-ACC,naive,ACC,9,0.506562
4,DMS-ACC,naive,ACC,10,0.741667
4,DMS-ACC,naive,ACC,11,0.337073
4,DMS-ACC,naive,ACC,12,0.328771
4,DMS-ACC,naive,ACC,13,0.435693
4,DMS-ACC,naive,ACC,14,0.478749
4,DMS-ACC,naive,ACC,15,0.504985
4,DMS-ACC,naive,ACC,16,0.45712
4,DMS-ACC,naive,ACC,17,0.147966
4,DMS-ACC,naive,ACC,18,0.732724
4,DMS-ACC,naive,ACC,19,0.777728
4,DMS-ACC,naive,ACC,20,0.785789
4,DMS-ACC,naive,ACC,21,0.753211
4,DMS-ACC,naive,ACC,22,0.174858
4,DMS-ACC,naive,ACC,23,0.144097
4,DMS-ACC,naive,ACC,24,0.335031
4,DMS-ACC,naive,ACC,25,0.102841
4,DMS-ACC,naive,ACC,26,0.913561
4,DMS-ACC,naive,ACC,27,0.429342
4,DMS-ACC,naive,ACC,28,0.017003
4,DMS-ACC,naive,ACC,29,0.732933
4,DMS-ACC,naive,ACC,30,0.168708
4,DMS-ACC,naive,ACC,31,0.603854
4,DMS-ACC,naive,ACC,32,0.256702
4,DMS-ACC,naive,ACC,33,0.144942
4,DMS-ACC,naive,ACC,34,0.478837
4,DMS-ACC,naive,ACC,35,0.014442
4,DMS-ACC,naive,ACC,36,0.272982
4,DMS-ACC,naive,ACC,37,0.249905
4,DMS-ACC,naive,ACC,38,0.662771
4,DMS-ACC,naive,ACC,39,0.624257
4,DMS-ACC,naive,ACC,40,0.109573
4,DMS-ACC,naive,ACC,41,0.199925
4,DMS-ACC,naive,ACC,42,0.309008
4,DMS-ACC,naive,ACC,43,0.044849
4,DMS-ACC,naive,ACC,44,0.026189
4,DMS-ACC,naive,ACC,45,0.504374
4,DMS-ACC,naive,ACC,46,0.019956
4,DMS-ACC,naive,ACC,47,0.063011
4,DMS-ACC,naive,ACC,48,0.009442
4,DMS-ACC,naive,ACC,49,0.470519
4,DMS-ACC,naive,ACC,50,0.0
4,DMS-ACC,naive,ACC,51,0.358125
4,DMS-ACC,naive,ACC,52,0.6463
4,DMS-ACC,intermediate,DMS,0,0.992887
4,DMS-ACC,intermediate,DMS,1,1.425121
4,DMS-ACC,intermediate,DMS,2,1.282336
4,DMS-ACC,intermediate,DMS,3,2.868945
4,DMS-ACC,intermediate,DMS,4,2.351057
4,DMS-ACC,intermediate,DMS,5,0.0
4,DMS-ACC,intermediate,DMS,6,0.995148
4,DMS-ACC,intermediate,DMS,7,1.047177
4,DMS-ACC,intermediate,DMS,8,0.0
4,DMS-ACC,intermediate,DMS,9,0.0
4,DMS-ACC,intermediate,DMS,10,0.0
4,DMS-ACC,intermediate,DMS,11,0.0
4,DMS-ACC,intermediate,DMS,12,1.361305
4,DMS-ACC,intermediate,DMS,13,1.163543
4,DMS-ACC,intermediate,DMS,14,2.849047
4,DMS-ACC,intermediate,DMS,15,0.0
4,DMS-ACC,intermediate,ACC,0,0.204806
4,DMS-ACC,intermediate,ACC,1,0.647237
4,DMS-ACC,intermediate,ACC,2,0.628873
4,DMS-ACC,intermediate,ACC,3,0.357034
4,DMS-ACC,intermediate,ACC,4,0.815354
4,DMS-ACC,intermediate,ACC,5,0.378486
4,DMS-ACC,intermediate,ACC,6,0.29132
4,DMS-ACC,intermediate,ACC,7,0.164448
4,DMS-ACC,intermediate,ACC,8,0.445505
4,DMS-ACC,intermediate,ACC,9,0.067401
4,DMS-ACC,intermediate,ACC,10,0.104739
4,DMS-ACC,intermediate,ACC,11,0.626096
4,DMS-ACC,intermediate,ACC,12,0.445154
4,DMS-ACC,intermediate,ACC,13,0.306162
4,DMS-ACC,intermediate,ACC,14,0.203783
4,DMS-ACC,intermediate,ACC,15,0.435015
4,DMS-ACC,intermediate,ACC,16,0.515719
4,DMS-ACC,intermediate,ACC,17,0.633545
4,DMS-ACC,intermediate,ACC,18,0.476091
4,DMS-ACC,intermediate,ACC,19,0.176774
4,DMS-ACC,intermediate,ACC,20,0.527803
4,DMS-ACC,intermediate,ACC,21,0.65558
4,DMS-ACC,intermediate,ACC,22,0.392637
4,DMS-ACC,intermediate,ACC,23,0.288265
4,DMS-ACC,intermediate,ACC,24,0.235006
4,DMS-ACC,intermediate,ACC,25,0.084078
4,DMS-ACC,intermediate,ACC,26,0.066925
4,DMS-ACC,intermediate,ACC,27,0.151041
4,DMS-ACC,intermediate,ACC,28,0.620381
4,DMS-ACC,intermediate,ACC,29,0.347631
4,DMS-ACC,intermediate,ACC,30,0.625183
4,DMS-ACC,intermediate,ACC,31,0.134292
4,DMS-ACC,intermediate,ACC,32,0.388038
4,DMS-ACC,intermediate,ACC,33,0.322051
4,DMS-ACC,intermediate,ACC,34,0.082944
4,DMS-ACC,intermediate,ACC,35,0.035803
4,DMS-ACC,intermediate,ACC,36,0.521365
4,DMS-ACC,intermediate,ACC,37,0.094487
4,DMS-ACC,intermediate,ACC,38,0.044566
4,DMS-ACC,intermediate,ACC,39,0.494831
4,DMS-ACC,intermediate,ACC,40,0.144573
4,DMS-ACC,intermediate,ACC,41,0.566508
4,DMS-ACC,intermediate,ACC,42,0.060061
4,DMS-ACC,intermediate,ACC,43,0.731732
4,DMS-ACC,intermediate,ACC,44,0.579013
4,DMS-ACC,intermediate,ACC,45,0.0
4,DMS-ACC,intermediate,ACC,46,0.14813
4,DMS-ACC,intermediate,ACC,47,0.415669
4,DMS-ACC,intermediate,ACC,48,0.026584
4,DMS-ACC,intermediate,ACC,49,0.453207
4,DMS-ACC,intermediate,ACC,50,0.0
4,DMS-ACC,intermediate,ACC,51,0.348865
4,DMS-ACC,intermediate,ACC,52,0.157321
4,DMS-ACC,expert,DMS,0,0.913634
4,DMS-ACC,expert,DMS,1,1.220913
4,DMS-ACC,expert,DMS,2,1.138989
4,DMS-ACC,expert,DMS,3,1.824588
4,DMS-ACC,expert,DMS,4,3.807203
4,DMS-ACC,expert,DMS,5,0.0
4,DMS-ACC,expert,DMS,6,0.989843
4,DMS-ACC,expert,DMS,7,1.21497
4,DMS-ACC,expert,DMS,8,0.0
4,DMS-ACC,expert,DMS,9,2.646908
4,DMS-ACC,expert,DMS,10,1.972447
4,DMS-ACC,expert,DMS,11,0.0
4,DMS-ACC,expert,DMS,12,1.032266
4,DMS-ACC,expert,DMS,13,0.94123
4,DMS-ACC,expert,DMS,14,1.617011
4,DMS-ACC,expert,DMS,15,0.0
4,DMS-ACC,expert,ACC,0,0.170175
4,DMS-ACC,expert,ACC,1,0.567878
4,DMS-ACC,expert,ACC,2,0.668918
4,DMS-ACC,expert,ACC,3,0.401685
4,DMS-ACC,expert,ACC,4,0.644044
4,DMS-ACC,expert,ACC,5,0.495732
4,DMS-ACC,expert,ACC,6,0.119776
4,DMS-ACC,expert,ACC,7,0.570747
4,DMS-ACC,expert,ACC,8,0.378414
4,DMS-ACC,expert,ACC,9,0.114292
4,DMS-ACC,expert,ACC,10,0.335233
4,DMS-ACC,expert,ACC,11,0.544361
4,DMS-ACC,expert,ACC,12,0.377564
4,DMS-ACC,expert,ACC,13,0.14859
4,DMS-ACC,expert,ACC,14,0.164058
4,DMS-ACC,expert,ACC,15,0.142339
4,DMS-ACC,expert,ACC,16,0.466049
4,DMS-ACC,expert,ACC,17,0.252
4,DMS-ACC,expert,ACC,18,0.4803
4,DMS-ACC,expert,ACC,19,0.538641
4,DMS-ACC,expert,ACC,20,0.176796
4,DMS-ACC,expert,ACC,21,0.134097
4,DMS-ACC,expert,ACC,22,0.172123
4,DMS-ACC,expert,ACC,23,0.202566
4,DMS-ACC,expert,ACC,24,0.293576
4,DMS-ACC,expert,ACC,25,0.195739
4,DMS-ACC,expert,ACC,26,0.768715
4,DMS-ACC,expert,ACC,27,0.277278
4,DMS-ACC,expert,ACC,28,0.557693
4,DMS-ACC,expert,ACC,29,0.196135
4,DMS-ACC,expert,ACC,30,0.281711
4,DMS-ACC,expert,ACC,31,0.034192
4,DMS-ACC,expert,ACC,32,0.364908
4,DMS-ACC,expert,ACC,33,0.229436
4,DMS-ACC,expert,ACC,34,0.194713
4,DMS-ACC,expert,ACC,35,0.661547
4,DMS-ACC,expert,ACC,36,0.36054
4,DMS-ACC,expert,ACC,37,0.15039
4,DMS-ACC,expert,ACC,38,0.03354
4,DMS-ACC,expert,ACC,39,0.529462
4,DMS-ACC,expert,ACC,40,0.614675
4,DMS-ACC,expert,ACC,41,0.223743
4,DMS-ACC,expert,ACC,42,0.135655
4,DMS-ACC,expert,ACC,43,0.650747
4,DMS-ACC,expert,ACC,44,0.660794
4,DMS-ACC,expert,ACC,45,0.0
4,DMS-ACC,expert,ACC,46,0.628293
4,DMS-ACC,expert,ACC,47,0.572015
4,DMS-ACC,expert,ACC,48,0.336071
4,DMS-ACC,expert,ACC,49,0.254852
4,DMS-ACC,expert,ACC,50,0.330424
4,DMS-ACC,expert,ACC,51,0.266635
4,DMS-ACC,expert,ACC,52,0.181984
4,DLS-ACC,naive,DLS,0,0.049136
4,DLS-ACC,naive,DLS,1,0.053759
4,DLS-ACC,naive,DLS,2,0.085377
4,DLS-ACC,naive,DLS,3,0.164334
4,DLS-ACC,naive,DLS,4,0.769894
4,DLS-ACC,naive,DLS,5,0.235995
4,DLS-ACC,naive,DLS,6,0.118398
4,DLS-ACC,naive,DLS,7,0.140394
4,DLS-ACC,naive,DLS,8,0.675331
4,DLS-ACC,naive,DLS,9,0.101742
4,DLS-ACC,naive,DLS,10,0.064892
4,DLS-ACC,naive,DLS,11,0.057807
4,DLS-ACC,naive,DLS,12,0.751563
4,DLS-ACC,naive,DLS,13,0.191725
4,DLS-ACC,naive,DLS,14,0.628836
4,DLS-ACC,naive,DLS,15,0.678411
4,DLS-ACC,naive,DLS,16,0.232497
4,DLS-ACC,naive,DLS,17,0.112405
4,DLS-ACC,naive,DLS,18,0.142245
4,DLS-ACC,naive,DLS,19,0.259509
4,DLS-ACC,naive,DLS,20,0.204783
4,DLS-ACC,naive,DLS,21,0.482704
4,DLS-ACC,naive,DLS,22,0.049744
4,DLS-ACC,naive,DLS,23,0.262986
4,DLS-ACC,naive,DLS,24,0.273024
4,DLS-ACC,naive,DLS,25,0.215739
4,DLS-ACC,naive,DLS,26,0.379619
4,DLS-ACC,naive,DLS,27,0.433663
4,DLS-ACC,naive,DLS,28,0.292797
4,DLS-ACC,naive,DLS,29,0.128244
4,DLS-ACC,naive,DLS,30,0.02607
4,DLS-ACC,naive,DLS,31,0.485006
4,DLS-ACC,naive,DLS,32,0.041993
4,DLS-ACC,naive,DLS,33,0.083299
4,DLS-ACC,naive,DLS,34,0.345266
4,DLS-ACC,naive,DLS,35,0.441116
4,DLS-ACC,naive,DLS,36,0.0
4,DLS-ACC,naive,DLS,37,0.109893
4,DLS-ACC,naive,DLS,38,0.580076
4,DLS-ACC,naive,DLS,39,0.069836
4,DLS-ACC,naive,DLS,40,0.0
4,DLS-ACC,naive,DLS,41,0.056085
4,DLS-ACC,naive,DLS,42,0.745028
4,DLS-ACC,naive,DLS,43,0.0
4,DLS-ACC,naive,DLS,44,0.0
4,DLS-ACC,naive,DLS,45,0.141982
4,DLS-ACC,naive,DLS,46,0.069924
4,DLS-ACC,naive,DLS,47,0.099549
4,DLS-ACC,naive,DLS,48,0.125955
4,DLS-ACC,naive,DLS,49,0.685107
4,DLS-ACC,naive,DLS,50,0.005705
4,DLS-ACC,naive,DLS,51,0.114717
4,DLS-ACC,naive,DLS,52,0.141003
4,DLS-ACC,naive,DLS,53,0.708749
4,DLS-ACC,naive,DLS,54,0.062073
4,DLS-ACC,naive,DLS,55,0.170886
4,DLS-ACC,naive,DLS,56,0.161732
4,DLS-ACC,naive,DLS,57,0.104653
4,DLS-ACC,naive,DLS,58,0.179477
4,DLS-ACC,naive,DLS,59,0.554312
4,DLS-ACC,naive,DLS,60,0.037505
4,DLS-ACC,naive,DLS,61,0.673321
4,DLS-ACC,naive,DLS,62,0.093251
4,DLS-ACC,naive,DLS,63,0.803822
4,DLS-ACC,naive,DLS,64,0.017749
4,DLS-ACC,naive,DLS,65,0.679484
4,DLS-ACC,naive,DLS,66,0.011827
4,DLS-ACC,naive,DLS,67,0.638442
4,DLS-ACC,naive,DLS,68,0.727367
4,DLS-ACC,naive,DLS,69,0.108587
4,DLS-ACC,naive,DLS,70,0.030081
4,DLS-ACC,naive,DLS,71,0.021204
4,DLS-ACC,naive,DLS,72,0.006445
4,DLS-ACC,naive,DLS,73,0.695377
4,DLS-ACC,naive,DLS,74,0.040414
4,DLS-ACC,naive,DLS,75,0.620349
4,DLS-ACC,naive,DLS,76,0.021569
4,DLS-ACC,naive,DLS,77,0.334961
4,DLS-ACC,naive,DLS,78,0.660414
4,DLS-ACC,naive,DLS,79,0.024883
4,DLS-ACC,naive,DLS,80,0.048741
4,DLS-ACC,naive,DLS,81,0.079917
4,DLS-ACC,naive,DLS,82,0.08995
4,DLS-ACC,naive,ACC,0,0.030163
4,DLS-ACC,naive,ACC,1,0.365843
4,DLS-ACC,naive,ACC,2,0.101847
4,DLS-ACC,naive,ACC,3,0.254554
4,DLS-ACC,naive,ACC,4,0.597381
4,DLS-ACC,naive,ACC,5,0.74238
4,DLS-ACC,naive,ACC,6,0.625642
4,DLS-ACC,naive,ACC,7,0.205599
4,DLS-ACC,naive,ACC,8,0.333497
4,DLS-ACC,naive,ACC,9,0.627566
4,DLS-ACC,naive,ACC,10,0.851795
4,DLS-ACC,naive,ACC,11,0.353243
4,DLS-ACC,naive,ACC,12,0.364373
4,DLS-ACC,naive,ACC,13,0.46339
4,DLS-ACC,naive,ACC,14,0.720467
4,DLS-ACC,naive,ACC,15,0.532612
4,DLS-ACC,naive,ACC,16,0.796984
4,DLS-ACC,naive,ACC,17,0.165046
4,DLS-ACC,naive,ACC,18,0.831841
4,DLS-ACC,naive,ACC,19,0.818706
4,DLS-ACC,naive,ACC,20,0.830244
4,DLS-ACC,naive,ACC,21,0.861151
4,DLS-ACC,naive,ACC,22,0.19502
4,DLS-ACC,naive,ACC,23,0.148422
4,DLS-ACC,naive,ACC,24,0.430852
4,DLS-ACC,naive,ACC,25,0.113699
4,DLS-ACC,naive,ACC,26,0.926105
4,DLS-ACC,naive,ACC,27,0.440904
4,DLS-ACC,naive,ACC,28,0.024164
4,DLS-ACC,naive,ACC,29,0.791292
4,DLS-ACC,naive,ACC,30,0.196716
4,DLS-ACC,naive,ACC,31,0.705673
4,DLS-ACC,naive,ACC,32,0.2769
4,DLS-ACC,naive,ACC,33,0.187552
4,DLS-ACC,naive,ACC,34,0.736981
4,DLS-ACC,naive,ACC,35,0.01719
4,DLS-ACC,naive,ACC,36,0.304452
4,DLS-ACC,naive,ACC,37,0.256726
4,DLS-ACC,naive,ACC,38,0.739016
4,DLS-ACC,naive,ACC,39,0.729893
4,DLS-ACC,naive,ACC,40,0.130746
4,DLS-ACC,naive,ACC,41,0.24266
4,DLS-ACC,naive,ACC,42,0.784586
4,DLS-ACC,naive,ACC,43,0.057038
4,DLS-ACC,naive,ACC,44,0.030714
4,DLS-ACC,naive,ACC,45,0.747853
4,DLS-ACC,naive,ACC,46,0.021294
4,DLS-ACC,naive,ACC,47,0.072995
4,DLS-ACC,naive,ACC,48,0.009841
4,DLS-ACC,naive,ACC,49,0.476329
4,DLS-ACC,naive,ACC,50,0.0
4,DLS-ACC,naive,ACC,51,0.384055
4,DLS-ACC,naive,ACC,52,0.791234
4,DLS-ACC,intermediate,DLS,0,0.15317
4,DLS-ACC,intermediate,DLS,1,0.4549
4,DLS-ACC,intermediate,DLS,2,0.475096
4,DLS-ACC,intermediate,DLS,3,0.078465
4,DLS-ACC,intermediate,DLS,4,0.213135
4,DLS-ACC,intermediate,DLS,5,0.127302
4,DLS-ACC,intermediate,DLS,6,0.702432
4,DLS-ACC,intermediate,DLS,7,0.592429
4,DLS-ACC,intermediate,DLS,8,0.195794
4,DLS-ACC,intermediate,DLS,9,0.130794
4,DLS-ACC,intermediate,DLS,10,0.187848
4,DLS-ACC,intermediate,DLS,11,0.535753
4,DLS-ACC,intermediate,DLS,12,0.38685
4,DLS-ACC,intermediate,DLS,13,0.279335
4,DLS-ACC,intermediate,DLS,14,0.159107
4,DLS-ACC,intermediate,DLS,15,0.166324
4,DLS-ACC,intermediate,DLS,16,0.347354
4,DLS-ACC,intermediate,DLS,17,0.255754
4,DLS-ACC,intermediate,DLS,18,0.609593
4,DLS-ACC,intermediate,DLS,19,0.147908
4,DLS-ACC,intermediate,DLS,20,0.558989
4,DLS-ACC,intermediate,DLS,21,0.31437
4,DLS-ACC,intermediate,DLS,22,0.133238
4,DLS-ACC,intermediate,DLS,23,0.202504
4,DLS-ACC,intermediate,DLS,24,0.181973
4,DLS-ACC,intermediate,DLS,25,0.178966
4,DLS-ACC,intermediate,DLS,26,0.169323
4,DLS-ACC,intermediate,DLS,27,0.109034
4,DLS-ACC,intermediate,DLS,28,0.121121
4,DLS-ACC,intermediate,DLS,29,0.392414
4,DLS-ACC,intermediate,DLS,30,0.082394
4,DLS-ACC,intermediate,DLS,31,0.621428
4,DLS-ACC,intermediate,DLS,32,0.073191
4,DLS-ACC,intermediate,DLS,33,0.215315
4,DLS-ACC,intermediate,DLS,34,0.512213
4,DLS-ACC,intermediate,DLS,35,0.158138
4,DLS-ACC,intermediate,DLS,36,0.546068
4,DLS-ACC,intermediate,DLS,37,0.322328
4,DLS-ACC,intermediate,DLS,38,0.202773
4,DLS-ACC,intermediate,DLS,39,0.008704
4,DLS-ACC,intermediate,DLS,40,0.436525
4,DLS-ACC,intermediate,DLS,41,0.720031
4,DLS-ACC,intermediate,DLS,42,0.048032
4,DLS-ACC,intermediate,DLS,43,0.563505
4,DLS-ACC,intermediate,DLS,44,0.690638
4,DLS-ACC,intermediate,DLS,45,0.359906
4,DLS-ACC,intermediate,DLS,46,0.119608
4,DLS-ACC,intermediate,DLS,47,0.163583
4,DLS-ACC,intermediate,DLS,48,0.751893
4,DLS-ACC,intermediate,DLS,49,0.162162
4,DLS-ACC,intermediate,DLS,50,0.217715
4,DLS-ACC,intermediate,DLS,51,0.365416
4,DLS-ACC,intermediate,DLS,52,0.058535
4,DLS-ACC,intermediate,DLS,53,0.081482
4,DLS-ACC,intermediate,DLS,54,0.133612
4,DLS-ACC,intermediate,DLS,55,0.320463
4,DLS-ACC,intermediate,DLS,56,0.28278
4,DLS-ACC,intermediate,DLS,57,0.078792
4,DLS-ACC,intermediate,DLS,58,0.302899
4,DLS-ACC,intermediate,DLS,59,0.048309
4,DLS-ACC,intermediate,DLS,60,0.698065
4,DLS-ACC,intermediate,DLS,61,0.088678
4,DLS-ACC,intermediate,DLS,62,0.242429
4,DLS-ACC,intermediate,DLS,63,0.040899
4,DLS-ACC,intermediate,DLS,64,0.200622
4,DLS-ACC,intermediate,DLS,65,0.147378
4,DLS-ACC,intermediate,DLS,66,0.11398
4,DLS-ACC,intermediate,DLS,67,0.064244
4,DLS-ACC,intermediate,DLS,68,0.14307
4,DLS-ACC,intermediate,DLS,69,0.149949
4,DLS-ACC,intermediate,DLS,70,0.055931
4,DLS-ACC,intermediate,DLS,71,0.346306
4,DLS-ACC,intermediate,DLS,72,0.562856
4,DLS-ACC,intermediate,DLS,73,0.090779
4,DLS-ACC,intermediate,DLS,74,0.247597
4,DLS-ACC,intermediate,DLS,75,0.234504
4,DLS-ACC,intermediate,DLS,76,0.223352
4,DLS-ACC,intermediate,DLS,77,0.37016
4,DLS-ACC,intermediate,DLS,78,0.258924
4,DLS-ACC,intermediate,DLS,79,0.090868
4,DLS-ACC,intermediate,DLS,80,0.30523
4,DLS-ACC,intermediate,DLS,81,0.600619
4,DLS-ACC,intermediate,DLS,82,0.092192
4,DLS-ACC,intermediate,ACC,0,0.234505
4,DLS-ACC,intermediate,ACC,1,0.867877
4,DLS-ACC,intermediate,ACC,2,0.869944
4,DLS-ACC,intermediate,ACC,3,0.513584
4,DLS-ACC,intermediate,ACC,4,0.930737
4,DLS-ACC,intermediate,ACC,5,0.484422
4,DLS-ACC,intermediate,ACC,6,0.382107
4,DLS-ACC,intermediate,ACC,7,0.206095
4,DLS-ACC,intermediate,ACC,8,0.507328
4,DLS-ACC,intermediate,ACC,9,0.112421
4,DLS-ACC,intermediate,ACC,10,0.13255
4,DLS-ACC,intermediate,ACC,11,0.814099
4,DLS-ACC,intermediate,ACC,12,0.615386
4,DLS-ACC,intermediate,ACC,13,0.520971
4,DLS-ACC,intermediate,ACC,14,0.403026
4,DLS-ACC,intermediate,ACC,15,0.557369
4,DLS-ACC,intermediate,ACC,16,0.814616
4,DLS-ACC,intermediate,ACC,17,0.850014
4,DLS-ACC,intermediate,ACC,18,0.856922
4,DLS-ACC,intermediate,ACC,19,0.328268
4,DLS-ACC,intermediate,ACC,20,0.898993
4,DLS-ACC,intermediate,ACC,21,0.85582
4,DLS-ACC,intermediate,ACC,22,0.872548
4,DLS-ACC,intermediate,ACC,23,0.503898
4,DLS-ACC,intermediate,ACC,24,0.397012
4,DLS-ACC,intermediate,ACC,25,0.149335
4,DLS-ACC,intermediate,ACC,26,0.079204
4,DLS-ACC,intermediate,ACC,27,0.174864
4,DLS-ACC,intermediate,ACC,28,0.765469
4,DLS-ACC,intermediate,ACC,29,0.560319
4,DLS-ACC,intermediate,ACC,30,0.83847
4,DLS-ACC,intermediate,ACC,31,0.146252
4,DLS-ACC,intermediate,ACC,32,0.500104
4,DLS-ACC,intermediate,ACC,33,0.420676
4,DLS-ACC,intermediate,ACC,34,0.153299
4,DLS-ACC,intermediate,ACC,35,0.044132
4,DLS-ACC,intermediate,ACC,36,0.681207
4,DLS-ACC,intermediate,ACC,37,0.108629
4,DLS-ACC,intermediate,ACC,38,0.065466
4,DLS-ACC,intermediate,ACC,39,0.897472
4,DLS-ACC,intermediate,ACC,40,0.182587
4,DLS-ACC,intermediate,ACC,41,0.876933
4,DLS-ACC,intermediate,ACC,42,0.108001
4,DLS-ACC,intermediate,ACC,43,0.886452
4,DLS-ACC,intermediate,ACC,44,0.871659
4,DLS-ACC,intermediate,ACC,45,0.0
4,DLS-ACC,intermediate,ACC,46,0.202465
4,DLS-ACC,intermediate,ACC,47,0.721509
4,DLS-ACC,intermediate,ACC,48,0.035645
4,DLS-ACC,intermediate,ACC,49,0.484428
4,DLS-ACC,intermediate,ACC,50,0.0
4,DLS-ACC,intermediate,ACC,51,0.501749
4,DLS-ACC,intermediate,ACC,52,0.24698
4,DLS-ACC,expert,DLS,0,0.229192
4,DLS-ACC,expert,DLS,1,0.430563
4,DLS-ACC,expert,DLS,2,0.493257
4,DLS-ACC,expert,DLS,3,0.762123
4,DLS-ACC,expert,DLS,4,0.293478
4,DLS-ACC,expert,DLS,5,0.204287
4,DLS-ACC,expert,DLS,6,0.084888
4,DLS-ACC,expert,DLS,7,0.20105
4,DLS-ACC,expert,DLS,8,0.239275
4,DLS-ACC,expert,DLS,9,0.25561
4,DLS-ACC,expert,DLS,10,0.280157
4,DLS-ACC,expert,DLS,11,0.576913
4,DLS-ACC,expert,DLS,12,0.246369
4,DLS-ACC,expert,DLS,13,0.279428
4,DLS-ACC,expert,DLS,14,0.115342
4,DLS-ACC,expert,DLS,15,0.191826
4,DLS-ACC,expert,DLS,16,0.227811
4,DLS-ACC,expert,DLS,17,0.363167
4,DLS-ACC,expert,DLS,18,0.101393
4,DLS-ACC,expert,DLS,19,0.341511
4,DLS-ACC,expert,DLS,20,0.060252
4,DLS-ACC,expert,DLS,21,0.259088
4,DLS-ACC,expert,DLS,22,0.259704
4,DLS-ACC,expert,DLS,23,0.298598
4,DLS-ACC,expert,DLS,24,0.276723
4,DLS-ACC,expert,DLS,25,0.612247
4,DLS-ACC,expert,DLS,26,0.084802
4,DLS-ACC,expert,DLS,27,0.17688
4,DLS-ACC,expert,DLS,28,0.318793
4,DLS-ACC,expert,DLS,29,0.459231
4,DLS-ACC,expert,DLS,30,0.417531
4,DLS-ACC,expert,DLS,31,0.202489
4,DLS-ACC,expert,DLS,32,0.642106
4,DLS-ACC,expert,DLS,33,0.06243
4,DLS-ACC,expert,DLS,34,0.426919
4,DLS-ACC,expert,DLS,35,0.241102
4,DLS-ACC,expert,DLS,36,0.703094
4,DLS-ACC,expert,DLS,37,0.207804
4,DLS-ACC,expert,DLS,38,0.03271
4,DLS-ACC,expert,DLS,39,0.6207
4,DLS-ACC,expert,DLS,40,0.0
4,DLS-ACC,expert,DLS,41,0.773717
4,DLS-ACC,expert,DLS,42,0.180049
4,DLS-ACC,expert,DLS,43,0.0
4,DLS-ACC,expert,DLS,44,0.783613
4,DLS-ACC,expert,DLS,45,0.076273
4,DLS-ACC,expert,DLS,46,0.169273
4,DLS-ACC,expert,DLS,47,0.249255
4,DLS-ACC,expert,DLS,48,0.700641
4,DLS-ACC,expert,DLS,49,0.062696
4,DLS-ACC,expert,DLS,50,0.08695
4,DLS-ACC,expert,DLS,51,0.402327
4,DLS-ACC,expert,DLS,52,0.438246
4,DLS-ACC,expert,DLS,53,0.092497
4,DLS-ACC,expert,DLS,54,0.296453
4,DLS-ACC,expert,DLS,55,0.199568
4,DLS-ACC,expert,DLS,56,0.384737
4,DLS-ACC,expert,DLS,57,0.109077
4,DLS-ACC,expert,DLS,58,0.498755
4,DLS-ACC,expert,DLS,59,0.283559
4,DLS-ACC,expert,DLS,60,0.761465
4,DLS-ACC,expert,DLS,61,0.352508
4,DLS-ACC,expert,DLS,62,0.171162
4,DLS-ACC,expert,DLS,63,0.08859
4,DLS-ACC,expert,DLS,64,0.179177
4,DLS-ACC,expert,DLS,65,0.191101
4,DLS-ACC,expert,DLS,66,0.514219
4,DLS-ACC,expert,DLS,67,0.097809
4,DLS-ACC,expert,DLS,68,0.048402
4,DLS-ACC,expert,DLS,69,0.387299
4,DLS-ACC,expert,DLS,70,0.069722
4,DLS-ACC,expert,DLS,71,0.050901
4,DLS-ACC,expert,DLS,72,0.157034
4,DLS-ACC,expert,DLS,73,0.065403
4,DLS-ACC,expert,DLS,74,0.243892
4,DLS-ACC,expert,DLS,75,0.321945
4,DLS-ACC,expert,DLS,76,0.069377
4,DLS-ACC,expert,DLS,77,0.649963
4,DLS-ACC,expert,DLS,78,0.304534
4,DLS-ACC,expert,DLS,79,0.713115
4,DLS-ACC,expert,DLS,80,0.444919
4,DLS-ACC,expert,DLS,81,0.662433
4,DLS-ACC,expert,DLS,82,0.211893
4,DLS-ACC,expert,ACC,0,0.201565
4,DLS-ACC,expert,ACC,1,0.755252
4,DLS-ACC,expert,ACC,2,0.758344
4,DLS-ACC,expert,ACC,3,0.50839
4,DLS-ACC,expert,ACC,4,0.738143
4,DLS-ACC,expert,ACC,5,0.581017
4,DLS-ACC,expert,ACC,6,0.208766
4,DLS-ACC,expert,ACC,7,0.781655
4,DLS-ACC,expert,ACC,8,0.445384
4,DLS-ACC,expert,ACC,9,0.12992
4,DLS-ACC,expert,ACC,10,0.734013
4,DLS-ACC,expert,ACC,11,0.740173
4,DLS-ACC,expert,ACC,12,0.542973
4,DLS-ACC,expert,ACC,13,0.193278
4,DLS-ACC,expert,ACC,14,0.208002
4,DLS-ACC,expert,ACC,15,0.175118
4,DLS-ACC,expert,ACC,16,0.612241
4,DLS-ACC,expert,ACC,17,0.306283
4,DLS-ACC,expert,ACC,18,0.545588
4,DLS-ACC,expert,ACC,19,0.738972
4,DLS-ACC,expert,ACC,20,0.192027
4,DLS-ACC,expert,ACC,21,0.199766
4,DLS-ACC,expert,ACC,22,0.22513
4,DLS-ACC,expert,ACC,23,0.256147
4,DLS-ACC,expert,ACC,24,0.326748
4,DLS-ACC,expert,ACC,25,0.251875
4,DLS-ACC,expert,ACC,26,0.775814
4,DLS-ACC,expert,ACC,27,0.296105
4,DLS-ACC,expert,ACC,28,0.677586
4,DLS-ACC,expert,ACC,29,0.272421
4,DLS-ACC,expert,ACC,30,0.365732
4,DLS-ACC,expert,ACC,31,0.052398
4,DLS-ACC,expert,ACC,32,0.49997
4,DLS-ACC,expert,ACC,33,0.322688
4,DLS-ACC,expert,ACC,34,0.209173
4,DLS-ACC,expert,ACC,35,0.764263
4,DLS-ACC,expert,ACC,36,0.428936
4,DLS-ACC,expert,ACC,37,0.176823
4,DLS-ACC,expert,ACC,38,0.042163
4,DLS-ACC,expert,ACC,39,0.658523
4,DLS-ACC,expert,ACC,40,0.810636
4,DLS-ACC,expert,ACC,41,0.282315
4,DLS-ACC,expert,ACC,42,0.194416
4,DLS-ACC,expert,ACC,43,0.818735
4,DLS-ACC,expert,ACC,44,0.821696
4,DLS-ACC,expert,ACC,45,0.0
4,DLS-ACC,expert,ACC,46,0.764278
4,DLS-ACC,expert,ACC,47,0.714941
4,DLS-ACC,expert,ACC,48,0.488642
4,DLS-ACC,expert,ACC,49,0.308459
4,DLS-ACC,expert,ACC,50,0.85922
4,DLS-ACC,expert,ACC,51,0.361636
4,DLS-ACC,expert,ACC,52,0.242917
5,DMS-DLS,naive,DMS,0,0.540542
5,DMS-DLS,naive,DMS,1,0.098084
5,DMS-DLS,naive,DMS,2,0.683253
5,DMS-DLS,naive,DMS,3,0.087827
5,DMS-DLS,naive,DMS,4,0.586605
5,DMS-DLS,naive,DMS,5,0.51697
5,DMS-DLS,naive,DMS,6,0.115364
5,DMS-DLS,naive,DMS,7,0.633276
5,DMS-DLS,naive,DMS,8,0.307199
5,DMS-DLS,naive,DMS,9,0.791022
5,DMS-DLS,naive,DMS,10,0.0
5,DMS-DLS,naive,DMS,11,0.035948
5,DMS-DLS,naive,DMS,12,0.121845
5,DMS-DLS,naive,DMS,13,0.058554
5,DMS-DLS,naive,DMS,14,0.72052
5,DMS-DLS,naive,DMS,15,0.75937
5,DMS-DLS,naive,DMS,16,0.187565
5,DMS-DLS,naive,DMS,17,0.048237
5,DMS-DLS,naive,DMS,18,0.116858
5,DMS-DLS,naive,DMS,19,0.103592
5,DMS-DLS,naive,DMS,20,0.070355
5,DMS-DLS,naive,DMS,21,0.0
5,DMS-DLS,naive,DMS,22,0.003257
5,DMS-DLS,naive,DMS,23,0.106114
5,DMS-DLS,naive,DMS,24,0.002198
5,DMS-DLS,naive,DMS,25,0.202315
5,DMS-DLS,naive,DMS,26,0.301704
5,DMS-DLS,naive,DMS,27,0.538726
5,DMS-DLS,naive,DMS,28,0.744373
5,DMS-DLS,naive,DMS,29,0.019424
5,DMS-DLS,naive,DMS,30,0.247784
5,DMS-DLS,naive,DMS,31,0.041298
5,DMS-DLS,naive,DMS,32,0.647497
5,DMS-DLS,naive,DMS,33,0.772311
5,DMS-DLS,naive,DMS,34,0.087809
5,DMS-DLS,naive,DMS,35,0.175793
5,DMS-DLS,naive,DMS,36,0.620623
5,DMS-DLS,naive,DMS,37,0.28092
5,DMS-DLS,naive,DMS,38,0.006255
5,DMS-DLS,naive,DMS,39,0.037132
5,DMS-DLS,naive,DMS,40,0.653327
5,DMS-DLS,naive,DMS,41,0.461215
5,DMS-DLS,naive,DMS,42,0.044995
5,DMS-DLS,naive,DMS,43,0.094377
5,DMS-DLS,naive,DMS,44,0.760943
5,DMS-DLS,naive,DMS,45,0.746135
5,DMS-DLS,naive,DMS,46,0.496763
5,DMS-DLS,naive,DMS,47,0.49453
5,DMS-DLS,naive,DMS,48,0.192566
5,DMS-DLS,naive,DMS,49,0.565255
5,DMS-DLS,naive,DMS,50,0.701301
5,DMS-DLS,naive,DMS,51,0.381717
5,DMS-DLS,naive,DMS,52,0.059596
5,DMS-DLS,naive,DMS,53,0.147238
5,DMS-DLS,naive,DMS,54,0.613804
5,DMS-DLS,naive,DLS,0,0.025163
5,DMS-DLS,naive,DLS,1,0.135984
5,DMS-DLS,naive,DLS,2,0.046537
5,DMS-DLS,naive,DLS,3,0.092412
5,DMS-DLS,naive,DLS,4,0.02725
5,DMS-DLS,naive,DLS,5,0.009552
5,DMS-DLS,naive,DLS,6,0.056152
5,DMS-DLS,naive,DLS,7,0.089429
5,DMS-DLS,naive,DLS,8,0.144821
5,DMS-DLS,naive,DLS,9,0.076897
5,DMS-DLS,naive,DLS,10,0.0
5,DMS-DLS,naive,DLS,11,0.01442
5,DMS-DLS,naive,DLS,12,0.154101
5,DMS-DLS,naive,DLS,13,0.16878
5,DMS-DLS,naive,DLS,14,0.099668
5,DMS-DLS,naive,DLS,15,0.0
5,DMS-DLS,naive,DLS,16,0.090456
5,DMS-DLS,naive,DLS,17,0.051391
5,DMS-DLS,naive,DLS,18,0.110789
5,DMS-DLS,naive,DLS,19,0.023207
5,DMS-DLS,naive,DLS,20,0.304883
5,DMS-DLS,naive,DLS,21,0.08784
5,DMS-DLS,naive,DLS,22,0.472134
5,DMS-DLS,naive,DLS,23,0.0
5,DMS-DLS,naive,DLS,24,0.067027
5,DMS-DLS,naive,DLS,25,0.048981
5,DMS-DLS,naive,DLS,26,0.0
5,DMS-DLS,naive,DLS,27,0.053151
5,DMS-DLS,naive,DLS,28,0.368687
5,DMS-DLS,naive,DLS,29,0.387854
5,DMS-DLS,naive,DLS,30,0.073901
5,DMS-DLS,naive,DLS,31,0.037393
5,DMS-DLS,naive,DLS,32,0.040878
5,DMS-DLS,naive,DLS,33,0.081161
5,DMS-DLS,naive,DLS,34,0.063386
5,DMS-DLS,naive,DLS,35,0.047935
5,DMS-DLS,naive,DLS,36,0.076846
5,DMS-DLS,naive,DLS,37,0.074591
5,DMS-DLS,naive,DLS,38,0.038749
5,DMS-DLS,naive,DLS,39,0.00835
5,DMS-DLS,naive,DLS,40,0.0
5,DMS-DLS,naive,DLS,41,0.052709
5,DMS-DLS,naive,DLS,42,0.092968
5,DMS-DLS,naive,DLS,43,0.07154
5,DMS-DLS,naive,DLS,44,0.061287
5,DMS-DLS,naive,DLS,45,0.070225
5,DMS-DLS,naive,DLS,46,0.071988
5,DMS-DLS,naive,DLS,47,0.028146
5,DMS-DLS,naive,DLS,48,0.115214
5,DMS-DLS,naive,DLS,49,0.039073
5,DMS-DLS,naive,DLS,50,0.116085
5,DMS-DLS,naive,DLS,51,0.088398
5,DMS-DLS,naive,DLS,52,0.101301
5,DMS-DLS,naive,DLS,53,0.025402
5,DMS-DLS,naive,DLS,54,0.024683
5,DMS-DLS,naive,DLS,55,0.039144
5,DMS-DLS,naive,DLS,56,0.109995
5,DMS-DLS,naive,DLS,57,0.07052
5,DMS-DLS,naive,DLS,58,0.133676
5,DMS-DLS,naive,DLS,59,0.067456
5,DMS-DLS,naive,DLS,60,0.305725
5,DMS-DLS,naive,DLS,61,0.112001
5,DMS-DLS,naive,DLS,62,0.044275
5,DMS-DLS,naive,DLS,63,0.097011
5,DMS-DLS,naive,DLS,64,0.084441
5,DMS-DLS,naive,DLS,65,0.076575
5,DMS-DLS,naive,DLS,66,0.11437
5,DMS-DLS,naive,DLS,67,0.014699
5,DMS-DLS,naive,DLS,68,0.225095
5,DMS-DLS,naive,DLS,69,0.033686
5,DMS-DLS,naive,DLS,70,0.084403
5,DMS-DLS,naive,DLS,71,0.10282
5,DMS-DLS,naive,DLS,72,0.104693
5,DMS-DLS,naive,DLS,73,0.042253
5,DMS-DLS,naive,DLS,74,0.324129
5,DMS-DLS,naive,DLS,75,0.025913
5,DMS-DLS,naive,DLS,76,0.371565
5,DMS-DLS,naive,DLS,77,0.146024
5,DMS-DLS,naive,DLS,78,0.069313
5,DMS-DLS,naive,DLS,79,0.043224
5,DMS-DLS,naive,DLS,80,0.152222
5,DMS-DLS,naive,DLS,81,0.287922
5,DMS-DLS,naive,DLS,82,0.014169
5,DMS-DLS,naive,DLS,83,0.360122
5,DMS-DLS,naive,DLS,84,0.0
5,DMS-DLS,naive,DLS,85,0.120476
5,DMS-DLS,naive,DLS,86,0.181259
5,DMS-DLS,naive,DLS,87,0.120079
5,DMS-DLS,naive,DLS,88,0.013508
5,DMS-DLS,naive,DLS,89,0.062183
5,DMS-DLS,naive,DLS,90,0.116447
5,DMS-DLS,naive,DLS,91,0.053136
5,DMS-DLS,naive,DLS,92,0.004633
5,DMS-DLS,naive,DLS,93,0.048729
5,DMS-DLS,naive,DLS,94,0.018788
5,DMS-DLS,naive,DLS,95,0.068617
5,DMS-DLS,naive,DLS,96,0.02129
5,DMS-DLS,naive,DLS,97,0.04421
5,DMS-DLS,naive,DLS,98,0.402137
5,DMS-DLS,naive,DLS,99,0.099375
5,DMS-DLS,naive,DLS,100,0.102308
5,DMS-DLS,naive,DLS,101,0.141453
5,DMS-DLS,naive,DLS,102,0.0
5,DMS-DLS,naive,DLS,103,0.163808
5,DMS-DLS,naive,DLS,104,0.058868
5,DMS-DLS,naive,DLS,105,0.023763
5,DMS-DLS,naive,DLS,106,0.035267
5,DMS-DLS,naive,DLS,107,0.063092
5,DMS-DLS,naive,DLS,108,0.04928
5,DMS-DLS,naive,DLS,109,0.063393
5,DMS-DLS,naive,DLS,110,0.027459
5,DMS-DLS,naive,DLS,111,0.505603
5,DMS-DLS,naive,DLS,112,0.010119
5,DMS-DLS,naive,DLS,113,0.067164
5,DMS-DLS,naive,DLS,114,0.003491
5,DMS-DLS,naive,DLS,115,0.0
5,DMS-DLS,naive,DLS,116,0.05128
5,DMS-DLS,naive,DLS,117,0.019316
5,DMS-DLS,naive,DLS,118,0.045281
5,DMS-DLS,naive,DLS,119,0.045404
5,DMS-DLS,naive,DLS,120,0.071657
5,DMS-DLS,naive,DLS,121,0.0
5,DMS-DLS,naive,DLS,122,0.110968
5,DMS-DLS,naive,DLS,123,0.119444
5,DMS-DLS,naive,DLS,124,0.026921
5,DMS-DLS,naive,DLS,125,0.116024
5,DMS-DLS,naive,DLS,126,0.034917
5,DMS-DLS,naive,DLS,127,0.07623
5,DMS-DLS,naive,DLS,128,0.057563
5,DMS-DLS,naive,DLS,129,0.053845
5,DMS-DLS,naive,DLS,130,0.506074
5,DMS-DLS,naive,DLS,131,0.055487
5,DMS-DLS,naive,DLS,132,0.006858
5,DMS-DLS,naive,DLS,133,0.071209
5,DMS-DLS,naive,DLS,134,0.0
5,DMS-DLS,naive,DLS,135,0.04153
5,DMS-DLS,naive,DLS,136,0.01881
5,DMS-DLS,naive,DLS,137,0.0
5,DMS-DLS,naive,DLS,138,0.102882
5,DMS-DLS,naive,DLS,139,0.027158
5,DMS-DLS,naive,DLS,140,0.072076
5,DMS-DLS,naive,DLS,141,0.066925
5,DMS-DLS,naive,DLS,142,0.014164
5,DMS-DLS,naive,DLS,143,0.015109
5,DMS-DLS,naive,DLS,144,0.047271
5,DMS-DLS,naive,DLS,145,0.047185
5,DMS-DLS,naive,DLS,146,0.0
5,DMS-DLS,naive,DLS,147,0.0
5,DMS-DLS,naive,DLS,148,0.072287
5,DMS-DLS,naive,DLS,149,0.022843
5,DMS-DLS,naive,DLS,150,0.0
5,DMS-DLS,naive,DLS,151,0.0
5,DMS-DLS,naive,DLS,152,0.103954
5,DMS-DLS,naive,DLS,153,0.0
5,DMS-DLS,naive,DLS,154,0.067068
5,DMS-DLS,naive,DLS,155,0.061879
5,DMS-DLS,naive,DLS,156,0.057995
5,DMS-DLS,naive,DLS,157,0.066162
5,DMS-DLS,naive,DLS,158,0.043676
5,DMS-DLS,naive,DLS,159,0.14049
5,DMS-DLS,naive,DLS,160,0.039806
5,DMS-DLS,naive,DLS,161,0.080781
5,DMS-DLS,naive,DLS,162,0.005252
5,DMS-DLS,naive,DLS,163,0.008
5,DMS-DLS,naive,DLS,164,0.014562
5,DMS-DLS,naive,DLS,165,0.007442
5,DMS-DLS,naive,DLS,166,0.035283
5,DMS-DLS,naive,DLS,167,0.045473
5,DMS-DLS,naive,DLS,168,0.003043
5,DMS-DLS,naive,DLS,169,0.011355
5,DMS-DLS,naive,DLS,170,0.465339
5,DMS-DLS,naive,DLS,171,0.31251
5,DMS-DLS,naive,DLS,172,0.16536
5,DMS-DLS,naive,DLS,173,0.244752
5,DMS-DLS,naive,DLS,174,0.230856
5,DMS-DLS,naive,DLS,175,0.0
5,DMS-DLS,naive,DLS,176,0.0
5,DMS-DLS,naive,DLS,177,0.0
5,DMS-DLS,naive,DLS,178,0.018406
5,DMS-DLS,naive,DLS,179,0.0
5,DMS-DLS,naive,DLS,180,0.01545
5,DMS-DLS,naive,DLS,181,0.174011
5,DMS-DLS,naive,DLS,182,0.020888
5,DMS-DLS,naive,DLS,183,0.006046
5,DMS-DLS,naive,DLS,184,0.008794
5,DMS-DLS,naive,DLS,185,0.373867
5,DMS-DLS,naive,DLS,186,0.024138
5,DMS-DLS,naive,DLS,187,0.039699
5,DMS-DLS,naive,DLS,188,0.10631
5,DMS-DLS,naive,DLS,189,0.025335
5,DMS-DLS,naive,DLS,190,0.064613
5,DMS-DLS,naive,DLS,191,0.005794
5,DMS-DLS,naive,DLS,192,0.065864
5,DMS-DLS,naive,DLS,193,0.502944
5,DMS-DLS,naive,DLS,194,0.120701
5,DMS-DLS,naive,DLS,195,0.046185
5,DMS-DLS,naive,DLS,196,0.019785
5,DMS-DLS,naive,DLS,197,0.252007
5,DMS-DLS,naive,DLS,198,0.416394
5,DMS-DLS,naive,DLS,199,0.254584
5,DMS-DLS,naive,DLS,200,0.491991
5,DMS-DLS,naive,DLS,201,0.346272
5,DMS-DLS,naive,DLS,202,0.031211
5,DMS-DLS,naive,DLS,203,0.496327
5,DMS-DLS,naive,DLS,204,0.016387
5,DMS-DLS,naive,DLS,205,0.012562
5,DMS-DLS,naive,DLS,206,0.305633
5,DMS-DLS,naive,DLS,207,0.372046
5,DMS-DLS,naive,DLS,208,0.040438
5,DMS-DLS,naive,DLS,209,0.0499
5,DMS-DLS,naive,DLS,210,0.102727
5,DMS-DLS,naive,DLS,211,0.463637
5,DMS-DLS,naive,DLS,212,0.213863
5,DMS-DLS,naive,DLS,213,0.053101
5,DMS-DLS,naive,DLS,214,0.055434
5,DMS-DLS,naive,DLS,215,0.064925
5,DMS-DLS,naive,DLS,216,0.033729
5,DMS-DLS,naive,DLS,217,0.111264
5,DMS-DLS,naive,DLS,218,0.033466
5,DMS-DLS,naive,DLS,219,0.025225
5,DMS-DLS,naive,DLS,220,0.039486
5,DMS-DLS,naive,DLS,221,0.187326
5,DMS-DLS,naive,DLS,222,0.045665
5,DMS-DLS,naive,DLS,223,0.325135
5,DMS-DLS,naive,DLS,224,0.03459
5,DMS-DLS,naive,DLS,225,0.10342
5,DMS-DLS,naive,DLS,226,0.061305
5,DMS-DLS,naive,DLS,227,0.008662
5,DMS-DLS,naive,DLS,228,0.018609
5,DMS-DLS,naive,DLS,229,0.151667
5,DMS-DLS,naive,DLS,230,0.139717
5,DMS-DLS,naive,DLS,231,0.020212
5,DMS-DLS,naive,DLS,232,0.057628
5,DMS-DLS,naive,DLS,233,0.070337
5,DMS-DLS,naive,DLS,234,0.014162
5,DMS-DLS,naive,DLS,235,0.035733
5,DMS-DLS,naive,DLS,236,0.015296
5,DMS-DLS,intermediate,DMS,0,0.600969
5,DMS-DLS,intermediate,DMS,1,0.859686
5,DMS-DLS,intermediate,DMS,2,0.848137
5,DMS-DLS,intermediate,DMS,3,0.79446
5,DMS-DLS,intermediate,DMS,4,0.87645
5,DMS-DLS,intermediate,DMS,5,0.144526
5,DMS-DLS,intermediate,DMS,6,0.90945
5,DMS-DLS,intermediate,DMS,7,0.065021
5,DMS-DLS,intermediate,DMS,8,0.669926
5,DMS-DLS,intermediate,DMS,9,0.389162
5,DMS-DLS,intermediate,DMS,10,0.301986
5,DMS-DLS,intermediate,DMS,11,0.149233
5,DMS-DLS,intermediate,DMS,12,0.387007
5,DMS-DLS,intermediate,DMS,13,0.103863
5,DMS-DLS,intermediate,DMS,14,0.536172
5,DMS-DLS,intermediate,DMS,15,0.173188
5,DMS-DLS,intermediate,DMS,16,0.0
5,DMS-DLS,intermediate,DMS,17,0.634123
5,DMS-DLS,intermediate,DMS,18,0.070675
5,DMS-DLS,intermediate,DMS,19,0.785317
5,DMS-DLS,intermediate,DMS,20,0.945435
5,DMS-DLS,intermediate,DMS,21,0.354237
5,DMS-DLS,intermediate,DMS,22,0.232765
5,DMS-DLS,intermediate,DMS,23,0.786492
5,DMS-DLS,intermediate,DMS,24,0.500164
5,DMS-DLS,intermediate,DMS,25,0.56438
5,DMS-DLS,intermediate,DMS,26,0.781214
5,DMS-DLS,intermediate,DMS,27,0.789646
5,DMS-DLS,intermediate,DMS,28,0.0
5,DMS-DLS,intermediate,DMS,29,0.105515
5,DMS-DLS,intermediate,DMS,30,0.160641
5,DMS-DLS,intermediate,DMS,31,0.209979
5,DMS-DLS,intermediate,DMS,32,0.173556
5,DMS-DLS,intermediate,DMS,33,0.094943
5,DMS-DLS,intermediate,DMS,34,0.009859
5,DMS-DLS,intermediate,DMS,35,0.409641
5,DMS-DLS,intermediate,DMS,36,0.814164
5,DMS-DLS,intermediate,DMS,37,0.226209
5,DMS-DLS,intermediate,DMS,38,0.924724
5,DMS-DLS,intermediate,DMS,39,0.179572
5,DMS-DLS,intermediate,DMS,40,0.0
5,DMS-DLS,intermediate,DMS,41,0.24984
5,DMS-DLS,intermediate,DMS,42,0.0
5,DMS-DLS,intermediate,DMS,43,0.716345
5,DMS-DLS,intermediate,DMS,44,0.287011
5,DMS-DLS,intermediate,DMS,45,0.891854
5,DMS-DLS,intermediate,DMS,46,0.014075
5,DMS-DLS,intermediate,DMS,47,0.326596
5,DMS-DLS,intermediate,DMS,48,0.025575
5,DMS-DLS,intermediate,DMS,49,0.170264
5,DMS-DLS,intermediate,DMS,50,0.048187
5,DMS-DLS,intermediate,DMS,51,0.308802
5,DMS-DLS,intermediate,DMS,52,0.162262
5,DMS-DLS,intermediate,DMS,53,0.585301
5,DMS-DLS,intermediate,DMS,54,0.028887
5,DMS-DLS,intermediate,DLS,0,0.060336
5,DMS-DLS,intermediate,DLS,1,0.132941
5,DMS-DLS,intermediate,DLS,2,0.161222
5,DMS-DLS,intermediate,DLS,3,0.162356
5,DMS-DLS,intermediate,DLS,4,0.55054
5,DMS-DLS,intermediate,DLS,5,0.01784
5,DMS-DLS,intermediate,DLS,6,0.18522
5,DMS-DLS,intermediate,DLS,7,0.143829
5,DMS-DLS,intermediate,DLS,8,0.115197
5,DMS-DLS,intermediate,DLS,9,0.069554
5,DMS-DLS,intermediate,DLS,10,0.006132
5,DMS-DLS,intermediate,DLS,11,0.042875
5,DMS-DLS,intermediate,DLS,12,0.083602
5,DMS-DLS,intermediate,DLS,13,0.202493
5,DMS-DLS,intermediate,DLS,14,0.154308
5,DMS-DLS,intermediate,DLS,15,0.0
5,DMS-DLS,intermediate,DLS,16,0.149958
5,DMS-DLS,intermediate,DLS,17,0.126594
5,DMS-DLS,intermediate,DLS,18,0.187777
5,DMS-DLS,intermediate,DLS,19,0.177411
5,DMS-DLS,intermediate,DLS,20,0.107399
5,DMS-DLS,intermediate,DLS,21,0.110493
5,DMS-DLS,intermediate,DLS,22,0.04963
5,DMS-DLS,intermediate,DLS,23,0.02633
5,DMS-DLS,intermediate,DLS,24,0.223244
5,DMS-DLS,intermediate,DLS,25,0.074064
5,DMS-DLS,intermediate,DLS,26,0.038009
5,DMS-DLS,intermediate,DLS,27,0.259194
5,DMS-DLS,intermediate,DLS,28,0.40997
5,DMS-DLS,intermediate,DLS,29,0.338273
5,DMS-DLS,intermediate,DLS,30,0.213712
5,DMS-DLS,intermediate,DLS,31,0.071285
5,DMS-DLS,intermediate,DLS,32,0.211314
5,DMS-DLS,intermediate,DLS,33,0.093112
5,DMS-DLS,intermediate,DLS,34,0.059557
5,DMS-DLS,intermediate,DLS,35,0.065565
5,DMS-DLS,intermediate,DLS,36,0.18698
5,DMS-DLS,intermediate,DLS,37,0.065846
5,DMS-DLS,intermediate,DLS,38,0.211439
5,DMS-DLS,intermediate,DLS,39,0.088793
5,DMS-DLS,intermediate,DLS,40,0.046651
5,DMS-DLS,intermediate,DLS,41,0.15869
5,DMS-DLS,intermediate,DLS,42,0.02149
5,DMS-DLS,intermediate,DLS,43,0.103456
5,DMS-DLS,intermediate,DLS,44,0.137547
5,DMS-DLS,intermediate,DLS,45,0.085741
5,DMS-DLS,intermediate,DLS,46,0.064949
5,DMS-DLS,intermediate,DLS,47,0.100314
5,DMS-DLS,intermediate,DLS,48,0.096128
5,DMS-DLS,intermediate,DLS,49,0.103845
5,DMS-DLS,intermediate,DLS,50,0.109326
5,DMS-DLS,intermediate,DLS,51,0.083243
5,DMS-DLS,intermediate,DLS,52,0.094667
5,DMS-DLS,intermediate,DLS,53,0.058238
5,DMS-DLS,intermediate,DLS,54,0.166992
5,DMS-DLS,intermediate,DLS,55,0.116908
5,DMS-DLS,intermediate,DLS,56,0.180856
5,DMS-DLS,intermediate,DLS,57,0.035989
5,DMS-DLS,intermediate,DLS,58,0.172472
5,DMS-DLS,intermediate,DLS,59,0.151911
5,DMS-DLS,intermediate,DLS,60,0.085932
5,DMS-DLS,intermediate,DLS,61,0.148557
5,DMS-DLS,intermediate,DLS,62,0.194061
5,DMS-DLS,intermediate,DLS,63,0.10434
5,DMS-DLS,intermediate,DLS,64,0.139314
5,DMS-DLS,intermediate,DLS,65,0.11993
5,DMS-DLS,intermediate,DLS,66,0.196725
5,DMS-DLS,intermediate,DLS,67,0.051345
5,DMS-DLS,intermediate,DLS,68,0.016907
5,DMS-DLS,intermediate,DLS,69,0.550565
5,DMS-DLS,intermediate,DLS,70,0.184642
5,DMS-DLS,intermediate,DLS,71,0.021197
5,DMS-DLS,intermediate,DLS,72,0.108291
5,DMS-DLS,intermediate,DLS,73,0.097905
5,DMS-DLS,intermediate,DLS,74,0.172553
5,DMS-DLS,intermediate,DLS,75,0.085058
5,DMS-DLS,intermediate,DLS,76,0.105775
5,DMS-DLS,intermediate,DLS,77,0.02464
5,DMS-DLS,intermediate,DLS,78,0.133701
5,DMS-DLS,intermediate,DLS,79,0.171393
5,DMS-DLS,intermediate,DLS,80,0.080383
5,DMS-DLS,intermediate,DLS,81,0.005303
5,DMS-DLS,intermediate,DLS,82,0.551211
5,DMS-DLS,intermediate,DLS,83,0.00348
5,DMS-DLS,intermediate,DLS,84,0.283697
5,DMS-DLS,intermediate,DLS,85,0.054151
5,DMS-DLS,intermediate,DLS,86,0.065472
5,DMS-DLS,intermediate,DLS,87,0.041519
5,DMS-DLS,intermediate,DLS,88,0.020467
5,DMS-DLS,intermediate,DLS,89,0.11969
5,DMS-DLS,intermediate,DLS,90,0.035099
5,DMS-DLS,intermediate,DLS,91,0.061644
5,DMS-DLS,intermediate,DLS,92,0.03517
5,DMS-DLS,intermediate,DLS,93,0.104688
5,DMS-DLS,intermediate,DLS,94,0.120429
5,DMS-DLS,intermediate,DLS,95,0.045742
5,DMS-DLS,intermediate,DLS,96,0.205787
5,DMS-DLS,intermediate,DLS,97,0.27312
5,DMS-DLS,intermediate,DLS,98,0.030021
5,DMS-DLS,intermediate,DLS,99,0.371004
5,DMS-DLS,intermediate,DLS,100,0.369242
5,DMS-DLS,intermediate,DLS,101,0.045915
5,DMS-DLS,intermediate,DLS,102,0.457879
5,DMS-DLS,intermediate,DLS,103,0.014225
5,DMS-DLS,intermediate,DLS,104,0.147169
5,DMS-DLS,intermediate,DLS,105,0.097702
5,DMS-DLS,intermediate,DLS,106,0.058838
5,DMS-DLS,intermediate,DLS,107,0.031438
5,DMS-DLS,intermediate,DLS,108,0.077109
5,DMS-DLS,intermediate,DLS,109,0.034641
5,DMS-DLS,intermediate,DLS,110,0.546112
5,DMS-DLS,intermediate,DLS,111,0.034237
5,DMS-DLS,intermediate,DLS,112,0.593084
5,DMS-DLS,intermediate,DLS,113,0.078875
5,DMS-DLS,intermediate,DLS,114,0.047812
5,DMS-DLS,intermediate,DLS,115,0.045913
5,DMS-DLS,intermediate,DLS,116,0.08978
5,DMS-DLS,intermediate,DLS,117,0.009134
5,DMS-DLS,intermediate,DLS,118,0.078145
5,DMS-DLS,intermediate,DLS,119,0.034101
5,DMS-DLS,intermediate,DLS,120,0.032501
5,DMS-DLS,intermediate,DLS,121,0.0
5,DMS-DLS,intermediate,DLS,122,0.198241
5,DMS-DLS,intermediate,DLS,123,0.048177
5,DMS-DLS,intermediate,DLS,124,0.16717
5,DMS-DLS,intermediate,DLS,125,0.188675
5,DMS-DLS,intermediate,DLS,126,0.168468
5,DMS-DLS,intermediate,DLS,127,0.050319
5,DMS-DLS,intermediate,DLS,128,0.026884
5,DMS-DLS,intermediate,DLS,129,0.051357
5,DMS-DLS,intermediate,DLS,130,0.031167
5,DMS-DLS,intermediate,DLS,131,0.225538
5,DMS-DLS,intermediate,DLS,132,0.046285
5,DMS-DLS,intermediate,DLS,133,0.02855
5,DMS-DLS,intermediate,DLS,134,0.008257
5,DMS-DLS,intermediate,DLS,135,0.149764
5,DMS-DLS,intermediate,DLS,136,0.270087
5,DMS-DLS,intermediate,DLS,137,0.032181
5,DMS-DLS,intermediate,DLS,138,0.043106
5,DMS-DLS,intermediate,DLS,139,0.044979
5,DMS-DLS,intermediate,DLS,140,0.209976
5,DMS-DLS,intermediate,DLS,141,0.221595
5,DMS-DLS,intermediate,DLS,142,0.063899
5,DMS-DLS,intermediate,DLS,143,0.059931
5,DMS-DLS,intermediate,DLS,144,0.251574
5,DMS-DLS,intermediate,DLS,145,0.22231
5,DMS-DLS,intermediate,DLS,146,0.360986
5,DMS-DLS,intermediate,DLS,147,0.0
5,DMS-DLS,intermediate,DLS,148,0.081748
5,DMS-DLS,intermediate,DLS,149,0.088934
5,DMS-DLS,intermediate,DLS,150,0.0
5,DMS-DLS,intermediate,DLS,151,0.0
5,DMS-DLS,intermediate,DLS,152,0.098464
5,DMS-DLS,intermediate,DLS,153,0.0
5,DMS-DLS,intermediate,DLS,154,0.029923
5,DMS-DLS,intermediate,DLS,155,0.0
5,DMS-DLS,intermediate,DLS,156,0.143834
5,DMS-DLS,intermediate,DLS,157,0.02577
5,DMS-DLS,intermediate,DLS,158,0.036771
5,DMS-DLS,intermediate,DLS,159,0.022135
5,DMS-DLS,intermediate,DLS,160,0.154535
5,DMS-DLS,intermediate,DLS,161,0.071279
5,DMS-DLS,intermediate,DLS,162,0.046346
5,DMS-DLS,intermediate,DLS,163,0.055724
5,DMS-DLS,intermediate,DLS,164,0.085495
5,DMS-DLS,intermediate,DLS,165,0.072176
5,DMS-DLS,intermediate,DLS,166,0.078039
5,DMS-DLS,intermediate,DLS,167,0.113941
5,DMS-DLS,intermediate,DLS,168,0.01674
5,DMS-DLS,intermediate,DLS,169,0.064674
5,DMS-DLS,intermediate,DLS,170,0.038187
5,DMS-DLS,intermediate,DLS,171,0.0
5,DMS-DLS,intermediate,DLS,172,0.100701
5,DMS-DLS,intermediate,DLS,173,0.302159
5,DMS-DLS,intermediate,DLS,174,0.285215
5,DMS-DLS,intermediate,DLS,175,0.051038
5,DMS-DLS,intermediate,DLS,176,0.127336
5,DMS-DLS,intermediate,DLS,177,0.116475
5,DMS-DLS,intermediate,DLS,178,0.07131
5,DMS-DLS,intermediate,DLS,179,0.088771
5,DMS-DLS,intermediate,DLS,180,0.444461
5,DMS-DLS,intermediate,DLS,181,0.072913
5,DMS-DLS,intermediate,DLS,182,0.020192
5,DMS-DLS,intermediate,DLS,183,0.072275
5,DMS-DLS,intermediate,DLS,184,0.400627
5,DMS-DLS,intermediate,DLS,185,0.092206
5,DMS-DLS,intermediate,DLS,186,0.082381
5,DMS-DLS,intermediate,DLS,187,0.081184
5,DMS-DLS,intermediate,DLS,188,0.16377
5,DMS-DLS,intermediate,DLS,189,0.327946
5,DMS-DLS,intermediate,DLS,190,0.217291
5,DMS-DLS,intermediate,DLS,191,0.130048
5,DMS-DLS,intermediate,DLS,192,0.076696
5,DMS-DLS,intermediate,DLS,193,0.034425
5,DMS-DLS,intermediate,DLS,194,0.015023
5,DMS-DLS,intermediate,DLS,195,0.181121
5,DMS-DLS,intermediate,DLS,196,0.019416
5,DMS-DLS,intermediate,DLS,197,0.343969
5,DMS-DLS,intermediate,DLS,198,0.0
5,DMS-DLS,intermediate,DLS,199,0.262559
5,DMS-DLS,intermediate,DLS,200,0.114977
5,DMS-DLS,intermediate,DLS,201,0.0
5,DMS-DLS,intermediate,DLS,202,0.071079
5,DMS-DLS,intermediate,DLS,203,0.103128
5,DMS-DLS,intermediate,DLS,204,0.207582
5,DMS-DLS,intermediate,DLS,205,0.00603
5,DMS-DLS,intermediate,DLS,206,0.098345
5,DMS-DLS,intermediate,DLS,207,0.324665
5,DMS-DLS,intermediate,DLS,208,0.110967
5,DMS-DLS,intermediate,DLS,209,0.174906
5,DMS-DLS,intermediate,DLS,210,0.038096
5,DMS-DLS,intermediate,DLS,211,0.049766
5,DMS-DLS,intermediate,DLS,212,0.030071
5,DMS-DLS,intermediate,DLS,213,0.099238
5,DMS-DLS,intermediate,DLS,214,0.411708
5,DMS-DLS,intermediate,DLS,215,0.025382
5,DMS-DLS,intermediate,DLS,216,0.03802
5,DMS-DLS,intermediate,DLS,217,0.184392
5,DMS-DLS,intermediate,DLS,218,0.031903
5,DMS-DLS,intermediate,DLS,219,0.055325
5,DMS-DLS,intermediate,DLS,220,0.349253
5,DMS-DLS,intermediate,DLS,221,0.005643
5,DMS-DLS,intermediate,DLS,222,0.095469
5,DMS-DLS,intermediate,DLS,223,0.046065
5,DMS-DLS,intermediate,DLS,224,0.075996
5,DMS-DLS,intermediate,DLS,225,0.132044
5,DMS-DLS,intermediate,DLS,226,0.036097
5,DMS-DLS,intermediate,DLS,227,0.51971
5,DMS-DLS,intermediate,DLS,228,0.471895
5,DMS-DLS,intermediate,DLS,229,0.149899
5,DMS-DLS,intermediate,DLS,230,0.032854
5,DMS-DLS,intermediate,DLS,231,0.04462
5,DMS-DLS,intermediate,DLS,232,0.123211
5,DMS-DLS,intermediate,DLS,233,0.139445
5,DMS-DLS,intermediate,DLS,234,0.255591
5,DMS-DLS,intermediate,DLS,235,0.111725
5,DMS-DLS,intermediate,DLS,236,0.018701
5,DMS-DLS,expert,DMS,0,0.420471
5,DMS-DLS,expert,DMS,1,0.226922
5,DMS-DLS,expert,DMS,2,0.040764
5,DMS-DLS,expert,DMS,3,0.660106
5,DMS-DLS,expert,DMS,4,0.115872
5,DMS-DLS,expert,DMS,5,0.201243
5,DMS-DLS,expert,DMS,6,0.880299
5,DMS-DLS,expert,DMS,7,0.037416
5,DMS-DLS,expert,DMS,8,0.231688
5,DMS-DLS,expert,DMS,9,0.263284
5,DMS-DLS,expert,DMS,10,0.0
5,DMS-DLS,expert,DMS,11,0.845729
5,DMS-DLS,expert,DMS,12,0.723941
5,DMS-DLS,expert,DMS,13,0.795481
5,DMS-DLS,expert,DMS,14,0.912384
5,DMS-DLS,expert,DMS,15,0.404358
5,DMS-DLS,expert,DMS,16,0.028795
5,DMS-DLS,expert,DMS,17,0.038612
5,DMS-DLS,expert,DMS,18,0.260299
5,DMS-DLS,expert,DMS,19,0.880142
5,DMS-DLS,expert,DMS,20,0.938871
5,DMS-DLS,expert,DMS,21,0.0
5,DMS-DLS,expert,DMS,22,0.0
5,DMS-DLS,expert,DMS,23,0.109756
5,DMS-DLS,expert,DMS,24,0.835555
5,DMS-DLS,expert,DMS,25,0.79961
5,DMS-DLS,expert,DMS,26,0.048977
5,DMS-DLS,expert,DMS,27,0.0617
5,DMS-DLS,expert,DMS,28,0.62068
5,DMS-DLS,expert,DMS,29,0.888694
5,DMS-DLS,expert,DMS,30,0.723839
5,DMS-DLS,expert,DMS,31,0.690415
5,DMS-DLS,expert,DMS,32,0.035613
5,DMS-DLS,expert,DMS,33,0.973335
5,DMS-DLS,expert,DMS,34,0.224477
5,DMS-DLS,expert,DMS,35,0.780828
5,DMS-DLS,expert,DMS,36,0.0
5,DMS-DLS,expert,DMS,37,0.0
5,DMS-DLS,expert,DMS,38,0.875266
5,DMS-DLS,expert,DMS,39,0.138383
5,DMS-DLS,expert,DMS,40,0.0
5,DMS-DLS,expert,DMS,41,0.040966
5,DMS-DLS,expert,DMS,42,0.0
5,DMS-DLS,expert,DMS,43,0.0
5,DMS-DLS,expert,DMS,44,0.637763
5,DMS-DLS,expert,DMS,45,0.867977
5,DMS-DLS,expert,DMS,46,0.07135
5,DMS-DLS,expert,DMS,47,0.281261
5,DMS-DLS,expert,DMS,48,0.101079
5,DMS-DLS,expert,DMS,49,0.93536
5,DMS-DLS,expert,DMS,50,0.36279
5,DMS-DLS,expert,DMS,51,0.918107
5,DMS-DLS,expert,DMS,52,0.947431
5,DMS-DLS,expert,DMS,53,0.035356
5,DMS-DLS,expert,DMS,54,0.008627
5,DMS-DLS,expert,DLS,0,0.078047
5,DMS-DLS,expert,DLS,1,0.092726
5,DMS-DLS,expert,DLS,2,0.073018
5,DMS-DLS,expert,DLS,3,0.123942
5,DMS-DLS,expert,DLS,4,0.117936
5,DMS-DLS,expert,DLS,5,0.02365
5,DMS-DLS,expert,DLS,6,0.129122
5,DMS-DLS,expert,DLS,7,0.144882
5,DMS-DLS,expert,DLS,8,0.093247
5,DMS-DLS,expert,DLS,9,0.097438
5,DMS-DLS,expert,DLS,10,0.008574
5,DMS-DLS,expert,DLS,11,0.110834
5,DMS-DLS,expert,DLS,12,0.110974
5,DMS-DLS,expert,DLS,13,0.212668
5,DMS-DLS,expert,DLS,14,0.146528
5,DMS-DLS,expert,DLS,15,0.0
5,DMS-DLS,expert,DLS,16,0.173902
5,DMS-DLS,expert,DLS,17,0.045535
5,DMS-DLS,expert,DLS,18,0.155402
5,DMS-DLS,expert,DLS,19,0.079319
5,DMS-DLS,expert,DLS,20,0.098978
5,DMS-DLS,expert,DLS,21,0.16995
5,DMS-DLS,expert,DLS,22,0.039188
5,DMS-DLS,expert,DLS,23,0.184061
5,DMS-DLS,expert,DLS,24,0.170083
5,DMS-DLS,expert,DLS,25,0.030088
5,DMS-DLS,expert,DLS,26,0.0
5,DMS-DLS,expert,DLS,27,0.219145
5,DMS-DLS,expert,DLS,28,0.022475
5,DMS-DLS,expert,DLS,29,0.081616
5,DMS-DLS,expert,DLS,30,0.226291
5,DMS-DLS,expert,DLS,31,0.354876
5,DMS-DLS,expert,DLS,32,0.137996
5,DMS-DLS,expert,DLS,33,0.128772
5,DMS-DLS,expert,DLS,34,0.032148
5,DMS-DLS,expert,DLS,35,0.091796
5,DMS-DLS,expert,DLS,36,0.156267
5,DMS-DLS,expert,DLS,37,0.053698
5,DMS-DLS,expert,DLS,38,0.148563
5,DMS-DLS,expert,DLS,39,0.305869
5,DMS-DLS,expert,DLS,40,0.266823
5,DMS-DLS,expert,DLS,41,0.052647
5,DMS-DLS,expert,DLS,42,0.010659
5,DMS-DLS,expert,DLS,43,0.122663
5,DMS-DLS,expert,DLS,44,0.135898
5,DMS-DLS,expert,DLS,45,0.075072
5,DMS-DLS,expert,DLS,46,0.070808
5,DMS-DLS,expert,DLS,47,0.556638
5,DMS-DLS,expert,DLS,48,0.055388
5,DMS-DLS,expert,DLS,49,0.124664
5,DMS-DLS,expert,DLS,50,0.139377
5,DMS-DLS,expert,DLS,51,0.107978
5,DMS-DLS,expert,DLS,52,0.07812
5,DMS-DLS,expert,DLS,53,0.09946
5,DMS-DLS,expert,DLS,54,0.136625
5,DMS-DLS,expert,DLS,55,0.138109
5,DMS-DLS,expert,DLS,56,0.171014
5,DMS-DLS,expert,DLS,57,0.078372
5,DMS-DLS,expert,DLS,58,0.116885
5,DMS-DLS,expert,DLS,59,0.158206
5,DMS-DLS,expert,DLS,60,0.079488
5,DMS-DLS,expert,DLS,61,0.141778
5,DMS-DLS,expert,DLS,62,0.176374
5,DMS-DLS,expert,DLS,63,0.126538
5,DMS-DLS,expert,DLS,64,0.147287
5,DMS-DLS,expert,DLS,65,0.079461
5,DMS-DLS,expert,DLS,66,0.088326
5,DMS-DLS,expert,DLS,67,0.034424
5,DMS-DLS,expert,DLS,68,0.082198
5,DMS-DLS,expert,DLS,69,0.022198
5,DMS-DLS,expert,DLS,70,0.145394
5,DMS-DLS,expert,DLS,71,0.193454
5,DMS-DLS,expert,DLS,72,0.150482
5,DMS-DLS,expert,DLS,73,0.140741
5,DMS-DLS,expert,DLS,74,0.02236
5,DMS-DLS,expert,DLS,75,0.067496
5,DMS-DLS,expert,DLS,76,0.027169
5,DMS-DLS,expert,DLS,77,0.058088
5,DMS-DLS,expert,DLS,78,0.129881
5,DMS-DLS,expert,DLS,79,0.12665
5,DMS-DLS,expert,DLS,80,0.068901
5,DMS-DLS,expert,DLS,81,0.018451
5,DMS-DLS,expert,DLS,82,0.608713
5,DMS-DLS,expert,DLS,83,0.012164
5,DMS-DLS,expert,DLS,84,0.131195
5,DMS-DLS,expert,DLS,85,0.091517
5,DMS-DLS,expert,DLS,86,0.058737
5,DMS-DLS,expert,DLS,87,0.075701
5,DMS-DLS,expert,DLS,88,0.056925
5,DMS-DLS,expert,DLS,89,0.132607
5,DMS-DLS,expert,DLS,90,0.042312
5,DMS-DLS,expert,DLS,91,0.100605
5,DMS-DLS,expert,DLS,92,0.027122
5,DMS-DLS,expert,DLS,93,0.083677
5,DMS-DLS,expert,DLS,94,0.366902
5,DMS-DLS,expert,DLS,95,0.076811
5,DMS-DLS,expert,DLS,96,0.362812
5,DMS-DLS,expert,DLS,97,0.133858
5,DMS-DLS,expert,DLS,98,0.028619
5,DMS-DLS,expert,DLS,99,0.368885
5,DMS-DLS,expert,DLS,100,0.36929
5,DMS-DLS,expert,DLS,101,0.136066
5,DMS-DLS,expert,DLS,102,0.121925
5,DMS-DLS,expert,DLS,103,0.109628
5,DMS-DLS,expert,DLS,104,0.141291
5,DMS-DLS,expert,DLS,105,0.547077
5,DMS-DLS,expert,DLS,106,0.058105
5,DMS-DLS,expert,DLS,107,0.217038
5,DMS-DLS,expert,DLS,108,0.09326
5,DMS-DLS,expert,DLS,109,0.145712
5,DMS-DLS,expert,DLS,110,0.201196
5,DMS-DLS,expert,DLS,111,0.36928
5,DMS-DLS,expert,DLS,112,0.248483
5,DMS-DLS,expert,DLS,113,0.084869
5,DMS-DLS,expert,DLS,114,0.205649
5,DMS-DLS,expert,DLS,115,0.049633
5,DMS-DLS,expert,DLS,116,0.140141
5,DMS-DLS,expert,DLS,117,0.058613
5,DMS-DLS,expert,DLS,118,0.043209
5,DMS-DLS,expert,DLS,119,0.013085
5,DMS-DLS,expert,DLS,120,0.514584
5,DMS-DLS,expert,DLS,121,0.0
5,DMS-DLS,expert,DLS,122,0.123461
5,DMS-DLS,expert,DLS,123,0.12126
5,DMS-DLS,expert,DLS,124,0.133797
5,DMS-DLS,expert,DLS,125,0.146262
5,DMS-DLS,expert,DLS,126,0.037849
5,DMS-DLS,expert,DLS,127,0.136024
5,DMS-DLS,expert,DLS,128,0.026836
5,DMS-DLS,expert,DLS,129,0.061421
5,DMS-DLS,expert,DLS,130,0.0
5,DMS-DLS,expert,DLS,131,0.196962
5,DMS-DLS,expert,DLS,132,0.006815
5,DMS-DLS,expert,DLS,133,0.025013
5,DMS-DLS,expert,DLS,134,0.017414
5,DMS-DLS,expert,DLS,135,0.003468
5,DMS-DLS,expert,DLS,136,0.000212
5,DMS-DLS,expert,DLS,137,0.275636
5,DMS-DLS,expert,DLS,138,0.095441
5,DMS-DLS,expert,DLS,139,0.462927
5,DMS-DLS,expert,DLS,140,0.323204
5,DMS-DLS,expert,DLS,141,0.012785
5,DMS-DLS,expert,DLS,142,0.040084
5,DMS-DLS,expert,DLS,143,0.112193
5,DMS-DLS,expert,DLS,144,0.216711
5,DMS-DLS,expert,DLS,145,0.205245
5,DMS-DLS,expert,DLS,146,0.021232
5,DMS-DLS,expert,DLS,147,0.0
5,DMS-DLS,expert,DLS,148,0.255025
5,DMS-DLS,expert,DLS,149,0.584746
5,DMS-DLS,expert,DLS,150,0.0
5,DMS-DLS,expert,DLS,151,0.0
5,DMS-DLS,expert,DLS,152,0.113903
5,DMS-DLS,expert,DLS,153,0.0
5,DMS-DLS,expert,DLS,154,0.027278
5,DMS-DLS,expert,DLS,155,0.032292
5,DMS-DLS,expert,DLS,156,0.096631
5,DMS-DLS,expert,DLS,157,0.020057
5,DMS-DLS,expert,DLS,158,0.075358
5,DMS-DLS,expert,DLS,159,0.041981
5,DMS-DLS,expert,DLS,160,0.083516
5,DMS-DLS,expert,DLS,161,0.016438
5,DMS-DLS,expert,DLS,162,0.575276
5,DMS-DLS,expert,DLS,163,0.062586
5,DMS-DLS,expert,DLS,164,0.021399
5,DMS-DLS,expert,DLS,165,0.102934
5,DMS-DLS,expert,DLS,166,0.382951
5,DMS-DLS,expert,DLS,167,0.074936
5,DMS-DLS,expert,DLS,168,0.069413
5,DMS-DLS,expert,DLS,169,0.114729
5,DMS-DLS,expert,DLS,170,0.097409
5,DMS-DLS,expert,DLS,171,0.040389
5,DMS-DLS,expert,DLS,172,0.091882
5,DMS-DLS,expert,DLS,173,0.0
5,DMS-DLS,expert,DLS,174,0.0
5,DMS-DLS,expert,DLS,175,0.048242
5,DMS-DLS,expert,DLS,176,0.0
5,DMS-DLS,expert,DLS,177,0.0
5,DMS-DLS,expert,DLS,178,0.091735
5,DMS-DLS,expert,DLS,179,0.034968
5,DMS-DLS,expert,DLS,180,0.066631
5,DMS-DLS,expert,DLS,181,0.141797
5,DMS-DLS,expert,DLS,182,0.017923
5,DMS-DLS,expert,DLS,183,0.090952
5,DMS-DLS,expert,DLS,184,0.590585
5,DMS-DLS,expert,DLS,185,0.068933
5,DMS-DLS,expert,DLS,186,0.011529
5,DMS-DLS,expert,DLS,187,0.0
5,DMS-DLS,expert,DLS,188,0.203665
5,DMS-DLS,expert,DLS,189,0.097808
5,DMS-DLS,expert,DLS,190,0.176947
5,DMS-DLS,expert,DLS,191,0.60246
5,DMS-DLS,expert,DLS,192,0.0679
5,DMS-DLS,expert,DLS,193,0.024418
5,DMS-DLS,expert,DLS,194,0.055227
5,DMS-DLS,expert,DLS,195,0.085622
5,DMS-DLS,expert,DLS,196,0.027648
5,DMS-DLS,expert,DLS,197,0.0
5,DMS-DLS,expert,DLS,198,0.174124
5,DMS-DLS,expert,DLS,199,0.0
5,DMS-DLS,expert,DLS,200,0.0
5,DMS-DLS,expert,DLS,201,0.0
5,DMS-DLS,expert,DLS,202,0.526692
5,DMS-DLS,expert,DLS,203,0.032257
5,DMS-DLS,expert,DLS,204,0.020018
5,DMS-DLS,expert,DLS,205,0.041149
5,DMS-DLS,expert,DLS,206,0.091393
5,DMS-DLS,expert,DLS,207,0.089058
5,DMS-DLS,expert,DLS,208,0.130612
5,DMS-DLS,expert,DLS,209,0.088569
5,DMS-DLS,expert,DLS,210,0.099416
5,DMS-DLS,expert,DLS,211,0.044852
5,DMS-DLS,expert,DLS,212,0.547405
5,DMS-DLS,expert,DLS,213,0.102902
5,DMS-DLS,expert,DLS,214,0.226436
5,DMS-DLS,expert,DLS,215,0.181041
5,DMS-DLS,expert,DLS,216,0.026948
5,DMS-DLS,expert,DLS,217,0.154625
5,DMS-DLS,expert,DLS,218,0.029869
5,DMS-DLS,expert,DLS,219,0.071576
5,DMS-DLS,expert,DLS,220,0.21686
5,DMS-DLS,expert,DLS,221,0.080155
5,DMS-DLS,expert,DLS,222,0.082856
5,DMS-DLS,expert,DLS,223,0.077062
5,DMS-DLS,expert,DLS,224,0.051832
5,DMS-DLS,expert,DLS,225,0.16241
5,DMS-DLS,expert,DLS,226,0.012559
5,DMS-DLS,expert,DLS,227,0.127523
5,DMS-DLS,expert,DLS,228,0.469991
5,DMS-DLS,expert,DLS,229,0.170053
5,DMS-DLS,expert,DLS,230,0.127354
5,DMS-DLS,expert,DLS,231,0.60329
5,DMS-DLS,expert,DLS,232,0.141946
5,DMS-DLS,expert,DLS,233,0.025184
5,DMS-DLS,expert,DLS,234,0.172542
5,DMS-DLS,expert,DLS,235,0.088422
5,DMS-DLS,expert,DLS,236,0.159626
5,DMS-ACC,naive,DMS,0,0.540542
5,DMS-ACC,naive,DMS,1,0.098084
5,DMS-ACC,naive,DMS,2,0.683253
5,DMS-ACC,naive,DMS,3,0.087827
5,DMS-ACC,naive,DMS,4,0.586605
5,DMS-ACC,naive,DMS,5,0.51697
5,DMS-ACC,naive,DMS,6,0.115364
5,DMS-ACC,naive,DMS,7,0.633276
5,DMS-ACC,naive,DMS,8,0.307199
5,DMS-ACC,naive,DMS,9,0.791022
5,DMS-ACC,naive,DMS,10,0.0
5,DMS-ACC,naive,DMS,11,0.035948
5,DMS-ACC,naive,DMS,12,0.121845
5,DMS-ACC,naive,DMS,13,0.058554
5,DMS-ACC,naive,DMS,14,0.72052
5,DMS-ACC,naive,DMS,15,0.75937
5,DMS-ACC,naive,DMS,16,0.187565
5,DMS-ACC,naive,DMS,17,0.048237
5,DMS-ACC,naive,DMS,18,0.116858
5,DMS-ACC,naive,DMS,19,0.103592
5,DMS-ACC,naive,DMS,20,0.070355
5,DMS-ACC,naive,DMS,21,0.0
5,DMS-ACC,naive,DMS,22,0.003257
5,DMS-ACC,naive,DMS,23,0.106114
5,DMS-ACC,naive,DMS,24,0.002198
5,DMS-ACC,naive,DMS,25,0.202315
5,DMS-ACC,naive,DMS,26,0.301704
5,DMS-ACC,naive,DMS,27,0.538726
5,DMS-ACC,naive,DMS,28,0.744373
5,DMS-ACC,naive,DMS,29,0.019424
5,DMS-ACC,naive,DMS,30,0.247784
5,DMS-ACC,naive,DMS,31,0.041298
5,DMS-ACC,naive,DMS,32,0.647497
5,DMS-ACC,naive,DMS,33,0.772311
5,DMS-ACC,naive,DMS,34,0.087809
5,DMS-ACC,naive,DMS,35,0.175793
5,DMS-ACC,naive,DMS,36,0.620623
5,DMS-ACC,naive,DMS,37,0.28092
5,DMS-ACC,naive,DMS,38,0.006255
5,DMS-ACC,naive,DMS,39,0.037132
5,DMS-ACC,naive,DMS,40,0.653327
5,DMS-ACC,naive,DMS,41,0.461215
5,DMS-ACC,naive,DMS,42,0.044995
5,DMS-ACC,naive,DMS,43,0.094377
5,DMS-ACC,naive,DMS,44,0.760943
5,DMS-ACC,naive,DMS,45,0.746135
5,DMS-ACC,naive,DMS,46,0.496763
5,DMS-ACC,naive,DMS,47,0.49453
5,DMS-ACC,naive,DMS,48,0.192566
5,DMS-ACC,naive,DMS,49,0.565255
5,DMS-ACC,naive,DMS,50,0.701301
5,DMS-ACC,naive,DMS,51,0.381717
5,DMS-ACC,naive,DMS,52,0.059596
5,DMS-ACC,naive,DMS,53,0.147238
5,DMS-ACC,naive,DMS,54,0.613804
5,DMS-ACC,naive,ACC,0,0.131881
5,DMS-ACC,naive,ACC,1,0.104025
5,DMS-ACC,naive,ACC,2,0.136418
5,DMS-ACC,naive,ACC,3,0.104753
5,DMS-ACC,naive,ACC,4,0.017021
5,DMS-ACC,naive,ACC,5,0.041734
5,DMS-ACC,naive,ACC,6,0.075186
5,DMS-ACC,naive,ACC,7,0.067077
5,DMS-ACC,naive,ACC,8,0.099318
5,DMS-ACC,naive,ACC,9,0.162745
5,DMS-ACC,naive,ACC,10,0.036868
5,DMS-ACC,naive,ACC,11,0.106711
5,DMS-ACC,naive,ACC,12,0.060182
5,DMS-ACC,naive,ACC,13,0.026442
5,DMS-ACC,naive,ACC,14,0.027715
5,DMS-ACC,naive,ACC,15,0.029039
5,DMS-ACC,naive,ACC,16,0.123189
5,DMS-ACC,naive,ACC,17,0.058471
5,DMS-ACC,naive,ACC,18,0.09931
5,DMS-ACC,naive,ACC,19,0.052815
5,DMS-ACC,naive,ACC,20,0.603293
5,DMS-ACC,naive,ACC,21,0.651803
5,DMS-ACC,naive,ACC,22,0.254857
5,DMS-ACC,naive,ACC,23,0.051589
5,DMS-ACC,naive,ACC,24,0.106823
5,DMS-ACC,naive,ACC,25,0.127882
5,DMS-ACC,naive,ACC,26,0.05696
5,DMS-ACC,naive,ACC,27,0.037637
5,DMS-ACC,naive,ACC,28,0.217668
5,DMS-ACC,naive,ACC,29,0.254897
5,DMS-ACC,naive,ACC,30,0.13689
5,DMS-ACC,naive,ACC,31,0.026462
5,DMS-ACC,naive,ACC,32,0.081887
5,DMS-ACC,naive,ACC,33,0.285936
5,DMS-ACC,naive,ACC,34,0.137998
5,DMS-ACC,naive,ACC,35,0.142757
5,DMS-ACC,naive,ACC,36,0.210247
5,DMS-ACC,naive,ACC,37,0.065221
5,DMS-ACC,naive,ACC,38,0.039262
5,DMS-ACC,naive,ACC,39,0.242912
5,DMS-ACC,naive,ACC,40,0.024525
5,DMS-ACC,naive,ACC,41,0.060742
5,DMS-ACC,naive,ACC,42,0.576624
5,DMS-ACC,naive,ACC,43,0.004677
5,DMS-ACC,naive,ACC,44,0.626402
5,DMS-ACC,naive,ACC,45,0.038736
5,DMS-ACC,naive,ACC,46,0.179186
5,DMS-ACC,naive,ACC,47,0.131814
5,DMS-ACC,naive,ACC,48,0.036267
5,DMS-ACC,naive,ACC,49,0.116873
5,DMS-ACC,naive,ACC,50,0.045662
5,DMS-ACC,naive,ACC,51,0.082636
5,DMS-ACC,naive,ACC,52,0.052356
5,DMS-ACC,naive,ACC,53,0.15924
5,DMS-ACC,naive,ACC,54,0.116835
5,DMS-ACC,naive,ACC,55,0.067427
5,DMS-ACC,naive,ACC,56,0.057022
5,DMS-ACC,naive,ACC,57,0.128136
5,DMS-ACC,naive,ACC,58,0.010215
5,DMS-ACC,naive,ACC,59,0.115506
5,DMS-ACC,naive,ACC,60,0.089223
5,DMS-ACC,naive,ACC,61,0.107867
5,DMS-ACC,naive,ACC,62,0.16737
5,DMS-ACC,naive,ACC,63,0.055894
5,DMS-ACC,naive,ACC,64,0.021073
5,DMS-ACC,naive,ACC,65,0.116333
5,DMS-ACC,naive,ACC,66,0.408794
5,DMS-ACC,naive,ACC,67,0.137746
5,DMS-ACC,naive,ACC,68,0.139435
5,DMS-ACC,naive,ACC,69,0.046211
5,DMS-ACC,naive,ACC,70,0.031325
5,DMS-ACC,naive,ACC,71,0.052831
5,DMS-ACC,naive,ACC,72,0.022137
5,DMS-ACC,naive,ACC,73,0.076877
5,DMS-ACC,naive,ACC,74,0.030897
5,DMS-ACC,naive,ACC,75,0.057343
5,DMS-ACC,naive,ACC,76,0.079959
5,DMS-ACC,naive,ACC,77,0.127201
5,DMS-ACC,naive,ACC,78,0.073865
5,DMS-ACC,naive,ACC,79,0.12859
5,DMS-ACC,naive,ACC,80,0.104424
5,DMS-ACC,naive,ACC,81,0.168742
5,DMS-ACC,naive,ACC,82,0.150153
5,DMS-ACC,naive,ACC,83,0.022439
5,DMS-ACC,naive,ACC,84,0.35029
5,DMS-ACC,naive,ACC,85,0.086462
5,DMS-ACC,naive,ACC,86,0.32671
5,DMS-ACC,naive,ACC,87,0.055582
5,DMS-ACC,naive,ACC,88,0.058673
5,DMS-ACC,naive,ACC,89,0.067481
5,DMS-ACC,naive,ACC,90,0.057407
5,DMS-ACC,naive,ACC,91,0.135387
5,DMS-ACC,naive,ACC,92,0.157042
5,DMS-ACC,naive,ACC,93,0.0
5,DMS-ACC,naive,ACC,94,1e-06
5,DMS-ACC,naive,ACC,95,0.105946
5,DMS-ACC,naive,ACC,96,0.588034
5,DMS-ACC,naive,ACC,97,0.039734
5,DMS-ACC,naive,ACC,98,0.0
5,DMS-ACC,naive,ACC,99,0.5226
5,DMS-ACC,naive,ACC,100,0.069327
5,DMS-ACC,naive,ACC,101,0.037715
5,DMS-ACC,naive,ACC,102,0.013025
5,DMS-ACC,naive,ACC,103,0.012959
5,DMS-ACC,naive,ACC,104,0.063061
5,DMS-ACC,naive,ACC,105,0.133114
5,DMS-ACC,naive,ACC,106,0.036094
5,DMS-ACC,naive,ACC,107,0.059709
5,DMS-ACC,naive,ACC,108,0.073582
5,DMS-ACC,naive,ACC,109,0.044129
5,DMS-ACC,naive,ACC,110,0.039954
5,DMS-ACC,naive,ACC,111,0.292371
5,DMS-ACC,naive,ACC,112,0.01922
5,DMS-ACC,naive,ACC,113,0.01342
5,DMS-ACC,naive,ACC,114,0.061703
5,DMS-ACC,naive,ACC,115,0.63513
5,DMS-ACC,naive,ACC,116,0.030201
5,DMS-ACC,naive,ACC,117,0.089811
5,DMS-ACC,naive,ACC,118,0.040016
5,DMS-ACC,naive,ACC,119,0.640168
5,DMS-ACC,naive,ACC,120,0.137181
5,DMS-ACC,naive,ACC,121,0.299138
5,DMS-ACC,naive,ACC,122,0.029985
5,DMS-ACC,naive,ACC,123,0.596934
5,DMS-ACC,naive,ACC,124,0.133881
5,DMS-ACC,naive,ACC,125,0.028275
5,DMS-ACC,naive,ACC,126,0.167793
5,DMS-ACC,naive,ACC,127,0.100308
5,DMS-ACC,naive,ACC,128,0.0
5,DMS-ACC,naive,ACC,129,0.033601
5,DMS-ACC,naive,ACC,130,0.244186
5,DMS-ACC,naive,ACC,131,0.112857
5,DMS-ACC,naive,ACC,132,0.189335
5,DMS-ACC,naive,ACC,133,0.04905
5,DMS-ACC,naive,ACC,134,0.242512
5,DMS-ACC,naive,ACC,135,0.106147
5,DMS-ACC,naive,ACC,136,0.14076
5,DMS-ACC,naive,ACC,137,0.255155
5,DMS-ACC,naive,ACC,138,0.07622
5,DMS-ACC,naive,ACC,139,0.028843
5,DMS-ACC,naive,ACC,140,0.047997
5,DMS-ACC,naive,ACC,141,0.072765
5,DMS-ACC,naive,ACC,142,0.068212
5,DMS-ACC,naive,ACC,143,0.184912
5,DMS-ACC,naive,ACC,144,0.000955
5,DMS-ACC,naive,ACC,145,0.176722
5,DMS-ACC,naive,ACC,146,0.028989
5,DMS-ACC,naive,ACC,147,0.03746
5,DMS-ACC,naive,ACC,148,0.561663
5,DMS-ACC,naive,ACC,149,0.0
5,DMS-ACC,naive,ACC,150,0.0
5,DMS-ACC,naive,ACC,151,0.011509
5,DMS-ACC,naive,ACC,152,0.056803
5,DMS-ACC,naive,ACC,153,0.639814
5,DMS-ACC,naive,ACC,154,0.621874
5,DMS-ACC,naive,ACC,155,0.221037
5,DMS-ACC,naive,ACC,156,0.078102
5,DMS-ACC,naive,ACC,157,0.089357
5,DMS-ACC,naive,ACC,158,0.044949
5,DMS-ACC,naive,ACC,159,0.137624
5,DMS-ACC,naive,ACC,160,0.005293
5,DMS-ACC,naive,ACC,161,0.618225
5,DMS-ACC,naive,ACC,162,0.533445
5,DMS-ACC,naive,ACC,163,0.050581
5,DMS-ACC,naive,ACC,164,0.280289
5,DMS-ACC,naive,ACC,165,0.004455
5,DMS-ACC,naive,ACC,166,0.02034
5,DMS-ACC,naive,ACC,167,0.00792
5,DMS-ACC,naive,ACC,168,0.073063
5,DMS-ACC,naive,ACC,169,0.057735
5,DMS-ACC,naive,ACC,170,0.238156
5,DMS-ACC,naive,ACC,171,0.06202
5,DMS-ACC,naive,ACC,172,0.589744
5,DMS-ACC,naive,ACC,173,0.12835
5,DMS-ACC,naive,ACC,174,0.23031
5,DMS-ACC,intermediate,DMS,0,0.600969
5,DMS-ACC,intermediate,DMS,1,0.859686
5,DMS-ACC,intermediate,DMS,2,0.848137
5,DMS-ACC,intermediate,DMS,3,0.79446
5,DMS-ACC,intermediate,DMS,4,0.87645
5,DMS-ACC,intermediate,DMS,5,0.144526
5,DMS-ACC,intermediate,DMS,6,0.90945
5,DMS-ACC,intermediate,DMS,7,0.065021
5,DMS-ACC,intermediate,DMS,8,0.669926
5,DMS-ACC,intermediate,DMS,9,0.389162
5,DMS-ACC,intermediate,DMS,10,0.301986
5,DMS-ACC,intermediate,DMS,11,0.149233
5,DMS-ACC,intermediate,DMS,12,0.387007
5,DMS-ACC,intermediate,DMS,13,0.103863
5,DMS-ACC,intermediate,DMS,14,0.536172
5,DMS-ACC,intermediate,DMS,15,0.173188
5,DMS-ACC,intermediate,DMS,16,0.0
5,DMS-ACC,intermediate,DMS,17,0.634123
5,DMS-ACC,intermediate,DMS,18,0.070675
5,DMS-ACC,intermediate,DMS,19,0.785317
5,DMS-ACC,intermediate,DMS,20,0.945435
5,DMS-ACC,intermediate,DMS,21,0.354237
5,DMS-ACC,intermediate,DMS,22,0.232765
5,DMS-ACC,intermediate,DMS,23,0.786492
5,DMS-ACC,intermediate,DMS,24,0.500164
5,DMS-ACC,intermediate,DMS,25,0.56438
5,DMS-ACC,intermediate,DMS,26,0.781214
5,DMS-ACC,intermediate,DMS,27,0.789646
5,DMS-ACC,intermediate,DMS,28,0.0
5,DMS-ACC,intermediate,DMS,29,0.105515
5,DMS-ACC,intermediate,DMS,30,0.160641
5,DMS-ACC,intermediate,DMS,31,0.209979
5,DMS-ACC,intermediate,DMS,32,0.173556
5,DMS-ACC,intermediate,DMS,33,0.094943
5,DMS-ACC,intermediate,DMS,34,0.009859
5,DMS-ACC,intermediate,DMS,35,0.409641
5,DMS-ACC,intermediate,DMS,36,0.814164
5,DMS-ACC,intermediate,DMS,37,0.226209
5,DMS-ACC,intermediate,DMS,38,0.924724
5,DMS-ACC,intermediate,DMS,39,0.179572
5,DMS-ACC,intermediate,DMS,40,0.0
5,DMS-ACC,intermediate,DMS,41,0.24984
5,DMS-ACC,intermediate,DMS,42,0.0
5,DMS-ACC,intermediate,DMS,43,0.716345
5,DMS-ACC,intermediate,DMS,44,0.287011
5,DMS-ACC,intermediate,DMS,45,0.891854
5,DMS-ACC,intermediate,DMS,46,0.014075
5,DMS-ACC,intermediate,DMS,47,0.326596
5,DMS-ACC,intermediate,DMS,48,0.025575
5,DMS-ACC,intermediate,DMS,49,0.170264
5,DMS-ACC,intermediate,DMS,50,0.048187
5,DMS-ACC,intermediate,DMS,51,0.308802
5,DMS-ACC,intermediate,DMS,52,0.162262
5,DMS-ACC,intermediate,DMS,53,0.585301
5,DMS-ACC,intermediate,DMS,54,0.028887
5,DMS-ACC,intermediate,ACC,0,0.154959
5,DMS-ACC,intermediate,ACC,1,0.068014
5,DMS-ACC,intermediate,ACC,2,0.12462
5,DMS-ACC,intermediate,ACC,3,0.080484
5,DMS-ACC,intermediate,ACC,4,0.549878
5,DMS-ACC,intermediate,ACC,5,0.089946
5,DMS-ACC,intermediate,ACC,6,0.074933
5,DMS-ACC,intermediate,ACC,7,0.095221
5,DMS-ACC,intermediate,ACC,8,0.089403
5,DMS-ACC,intermediate,ACC,9,0.164018
5,DMS-ACC,intermediate,ACC,10,0.65253
5,DMS-ACC,intermediate,ACC,11,0.102773
5,DMS-ACC,intermediate,ACC,12,0.099952
5,DMS-ACC,intermediate,ACC,13,0.07005
5,DMS-ACC,intermediate,ACC,14,0.057558
5,DMS-ACC,intermediate,ACC,15,0.611397
5,DMS-ACC,intermediate,ACC,16,0.131745
5,DMS-ACC,intermediate,ACC,17,0.163265
5,DMS-ACC,intermediate,ACC,18,0.18082
5,DMS-ACC,intermediate,ACC,19,0.06143
5,DMS-ACC,intermediate,ACC,20,0.052403
5,DMS-ACC,intermediate,ACC,21,0.0
5,DMS-ACC,intermediate,ACC,22,0.036403
5,DMS-ACC,intermediate,ACC,23,0.073599
5,DMS-ACC,intermediate,ACC,24,0.476227
5,DMS-ACC,intermediate,ACC,25,0.123215
5,DMS-ACC,intermediate,ACC,26,0.062943
5,DMS-ACC,intermediate,ACC,27,0.063145
5,DMS-ACC,intermediate,ACC,28,0.200313
5,DMS-ACC,intermediate,ACC,29,0.158877
5,DMS-ACC,intermediate,ACC,30,0.152312
5,DMS-ACC,intermediate,ACC,31,0.156273
5,DMS-ACC,intermediate,ACC,32,0.188743
5,DMS-ACC,intermediate,ACC,33,0.028111
5,DMS-ACC,intermediate,ACC,34,0.15336
5,DMS-ACC,intermediate,ACC,35,0.18662
5,DMS-ACC,intermediate,ACC,36,0.220088
5,DMS-ACC,intermediate,ACC,37,0.028685
5,DMS-ACC,intermediate,ACC,38,0.041507
5,DMS-ACC,intermediate,ACC,39,0.214098
5,DMS-ACC,intermediate,ACC,40,0.667128
5,DMS-ACC,intermediate,ACC,41,0.089489
5,DMS-ACC,intermediate,ACC,42,0.642576
5,DMS-ACC,intermediate,ACC,43,0.539818
5,DMS-ACC,intermediate,ACC,44,0.046735
5,DMS-ACC,intermediate,ACC,45,0.055952
5,DMS-ACC,intermediate,ACC,46,0.130777
5,DMS-ACC,intermediate,ACC,47,0.081275
5,DMS-ACC,intermediate,ACC,48,0.178453
5,DMS-ACC,intermediate,ACC,49,0.167692
5,DMS-ACC,intermediate,ACC,50,0.052103
5,DMS-ACC,intermediate,ACC,51,0.161602
5,DMS-ACC,intermediate,ACC,52,0.085131
5,DMS-ACC,intermediate,ACC,53,0.191679
5,DMS-ACC,intermediate,ACC,54,0.143604
5,DMS-ACC,intermediate,ACC,55,0.115354
5,DMS-ACC,intermediate,ACC,56,0.132558
5,DMS-ACC,intermediate,ACC,57,0.102502
5,DMS-ACC,intermediate,ACC,58,0.250918
5,DMS-ACC,intermediate,ACC,59,0.053825
5,DMS-ACC,intermediate,ACC,60,0.21479
5,DMS-ACC,intermediate,ACC,61,0.20433
5,DMS-ACC,intermediate,ACC,62,0.332906
5,DMS-ACC,intermediate,ACC,63,0.370287
5,DMS-ACC,intermediate,ACC,64,0.127658
5,DMS-ACC,intermediate,ACC,65,0.189379
5,DMS-ACC,intermediate,ACC,66,0.025061
5,DMS-ACC,intermediate,ACC,67,0.665161
5,DMS-ACC,intermediate,ACC,68,0.22924
5,DMS-ACC,intermediate,ACC,69,0.056252
5,DMS-ACC,intermediate,ACC,70,0.113453
5,DMS-ACC,intermediate,ACC,71,0.381367
5,DMS-ACC,intermediate,ACC,72,0.390344
5,DMS-ACC,intermediate,ACC,73,0.128745
5,DMS-ACC,intermediate,ACC,74,0.078202
5,DMS-ACC,intermediate,ACC,75,0.103093
5,DMS-ACC,intermediate,ACC,76,0.232132
5,DMS-ACC,intermediate,ACC,77,0.217201
5,DMS-ACC,intermediate,ACC,78,0.230274
5,DMS-ACC,intermediate,ACC,79,0.293159
5,DMS-ACC,intermediate,ACC,80,0.128671
5,DMS-ACC,intermediate,ACC,81,0.112983
5,DMS-ACC,intermediate,ACC,82,0.108126
5,DMS-ACC,intermediate,ACC,83,0.062972
5,DMS-ACC,intermediate,ACC,84,0.150794
5,DMS-ACC,intermediate,ACC,85,0.10315
5,DMS-ACC,intermediate,ACC,86,0.159354
5,DMS-ACC,intermediate,ACC,87,0.025286
5,DMS-ACC,intermediate,ACC,88,0.030684
5,DMS-ACC,intermediate,ACC,89,0.092965
5,DMS-ACC,intermediate,ACC,90,0.075234
5,DMS-ACC,intermediate,ACC,91,0.032694
5,DMS-ACC,intermediate,ACC,92,0.118809
5,DMS-ACC,intermediate,ACC,93,0.015765
5,DMS-ACC,intermediate,ACC,94,0.0
5,DMS-ACC,intermediate,ACC,95,0.082555
5,DMS-ACC,intermediate,ACC,96,0.622313
5,DMS-ACC,intermediate,ACC,97,0.124225
5,DMS-ACC,intermediate,ACC,98,0.384648
5,DMS-ACC,intermediate,ACC,99,0.009233
5,DMS-ACC,intermediate,ACC,100,0.040302
5,DMS-ACC,intermediate,ACC,101,0.088526
5,DMS-ACC,intermediate,ACC,102,0.629072
5,DMS-ACC,intermediate,ACC,103,0.663789
5,DMS-ACC,intermediate,ACC,104,0.12118
5,DMS-ACC,intermediate,ACC,105,0.019659
5,DMS-ACC,intermediate,ACC,106,0.027009
5,DMS-ACC,intermediate,ACC,107,0.018748
5,DMS-ACC,intermediate,ACC,108,0.028478
5,DMS-ACC,intermediate,ACC,109,0.02758
5,DMS-ACC,intermediate,ACC,110,0.0
5,DMS-ACC,intermediate,ACC,111,0.018699
5,DMS-ACC,intermediate,ACC,112,0.055106
5,DMS-ACC,intermediate,ACC,113,0.254034
5,DMS-ACC,intermediate,ACC,114,0.108464
5,DMS-ACC,intermediate,ACC,115,0.015462
5,DMS-ACC,intermediate,ACC,116,0.569493
5,DMS-ACC,intermediate,ACC,117,0.058352
5,DMS-ACC,intermediate,ACC,118,0.108756
5,DMS-ACC,intermediate,ACC,119,0.520227
5,DMS-ACC,intermediate,ACC,120,0.187434
5,DMS-ACC,intermediate,ACC,121,0.089354
5,DMS-ACC,intermediate,ACC,122,0.034849
5,DMS-ACC,intermediate,ACC,123,0.07232
5,DMS-ACC,intermediate,ACC,124,0.510428
5,DMS-ACC,intermediate,ACC,125,0.486184
5,DMS-ACC,intermediate,ACC,126,0.105796
5,DMS-ACC,intermediate,ACC,127,0.120127
5,DMS-ACC,intermediate,ACC,128,0.0
5,DMS-ACC,intermediate,ACC,129,0.007366
5,DMS-ACC,intermediate,ACC,130,0.584793
5,DMS-ACC,intermediate,ACC,131,0.104824
5,DMS-ACC,intermediate,ACC,132,0.139579
5,DMS-ACC,intermediate,ACC,133,0.045788
5,DMS-ACC,intermediate,ACC,134,0.100298
5,DMS-ACC,intermediate,ACC,135,0.185879
5,DMS-ACC,intermediate,ACC,136,0.168944
5,DMS-ACC,intermediate,ACC,137,0.140488
5,DMS-ACC,intermediate,ACC,138,0.102575
5,DMS-ACC,intermediate,ACC,139,0.082166
5,DMS-ACC,intermediate,ACC,140,0.077285
5,DMS-ACC,intermediate,ACC,141,0.048163
5,DMS-ACC,intermediate,ACC,142,0.044847
5,DMS-ACC,intermediate,ACC,143,0.088263
5,DMS-ACC,intermediate,ACC,144,0.013717
5,DMS-ACC,intermediate,ACC,145,0.086241
5,DMS-ACC,intermediate,ACC,146,0.287207
5,DMS-ACC,intermediate,ACC,147,0.161905
5,DMS-ACC,intermediate,ACC,148,0.244209
5,DMS-ACC,intermediate,ACC,149,0.0
5,DMS-ACC,intermediate,ACC,150,0.0
5,DMS-ACC,intermediate,ACC,151,0.667273
5,DMS-ACC,intermediate,ACC,152,0.065687
5,DMS-ACC,intermediate,ACC,153,0.221044
5,DMS-ACC,intermediate,ACC,154,0.05225
5,DMS-ACC,intermediate,ACC,155,0.102693
5,DMS-ACC,intermediate,ACC,156,0.046453
5,DMS-ACC,intermediate,ACC,157,0.054895
5,DMS-ACC,intermediate,ACC,158,0.17019
5,DMS-ACC,intermediate,ACC,159,0.204888
5,DMS-ACC,intermediate,ACC,160,0.36359
5,DMS-ACC,intermediate,ACC,161,0.051155
5,DMS-ACC,intermediate,ACC,162,0.012495
5,DMS-ACC,intermediate,ACC,163,0.605975
5,DMS-ACC,intermediate,ACC,164,0.063865
5,DMS-ACC,intermediate,ACC,165,0.180158
5,DMS-ACC,intermediate,ACC,166,0.307111
5,DMS-ACC,intermediate,ACC,167,0.146611
5,DMS-ACC,intermediate,ACC,168,0.168208
5,DMS-ACC,intermediate,ACC,169,0.048872
5,DMS-ACC,intermediate,ACC,170,0.157504
5,DMS-ACC,intermediate,ACC,171,0.034855
5,DMS-ACC,intermediate,ACC,172,0.025968
5,DMS-ACC,intermediate,ACC,173,0.477413
5,DMS-ACC,intermediate,ACC,174,0.190955
5,DMS-ACC,expert,DMS,0,0.420471
5,DMS-ACC,expert,DMS,1,0.226922
5,DMS-ACC,expert,DMS,2,0.040764
5,DMS-ACC,expert,DMS,3,0.660106
5,DMS-ACC,expert,DMS,4,0.115872
5,DMS-ACC,expert,DMS,5,0.201243
5,DMS-ACC,expert,DMS,6,0.880299
5,DMS-ACC,expert,DMS,7,0.037416
5,DMS-ACC,expert,DMS,8,0.231688
5,DMS-ACC,expert,DMS,9,0.263284
5,DMS-ACC,expert,DMS,10,0.0
5,DMS-ACC,expert,DMS,11,0.845729
5,DMS-ACC,expert,DMS,12,0.723941
5,DMS-ACC,expert,DMS,13,0.795481
5,DMS-ACC,expert,DMS,14,0.912384
5,DMS-ACC,expert,DMS,15,0.404358
5,DMS-ACC,expert,DMS,16,0.028795
5,DMS-ACC,expert,DMS,17,0.038612
5,DMS-ACC,expert,DMS,18,0.260299
5,DMS-ACC,expert,DMS,19,0.880142
5,DMS-ACC,expert,DMS,20,0.938871
5,DMS-ACC,expert,DMS,21,0.0
5,DMS-ACC,expert,DMS,22,0.0
5,DMS-ACC,expert,DMS,23,0.109756
5,DMS-ACC,expert,DMS,24,0.835555
5,DMS-ACC,expert,DMS,25,0.79961
5,DMS-ACC,expert,DMS,26,0.048977
5,DMS-ACC,expert,DMS,27,0.0617
5,DMS-ACC,expert,DMS,28,0.62068
5,DMS-ACC,expert,DMS,29,0.888694
5,DMS-ACC,expert,DMS,30,0.723839
5,DMS-ACC,expert,DMS,31,0.690415
5,DMS-ACC,expert,DMS,32,0.035613
5,DMS-ACC,expert,DMS,33,0.973335
5,DMS-ACC,expert,DMS,34,0.224477
5,DMS-ACC,expert,DMS,35,0.780828
5,DMS-ACC,expert,DMS,36,0.0
5,DMS-ACC,expert,DMS,37,0.0
5,DMS-ACC,expert,DMS,38,0.875266
5,DMS-ACC,expert,DMS,39,0.138383
5,DMS-ACC,expert,DMS,40,0.0
5,DMS-ACC,expert,DMS,41,0.040966
5,DMS-ACC,expert,DMS,42,0.0
5,DMS-ACC,expert,DMS,43,0.0
5,DMS-ACC,expert,DMS,44,0.637763
5,DMS-ACC,expert,DMS,45,0.867977
5,DMS-ACC,expert,DMS,46,0.07135
5,DMS-ACC,expert,DMS,47,0.281261
5,DMS-ACC,expert,DMS,48,0.101079
5,DMS-ACC,expert,DMS,49,0.93536
5,DMS-ACC,expert,DMS,50,0.36279
5,DMS-ACC,expert,DMS,51,0.918107
5,DMS-ACC,expert,DMS,52,0.947431
5,DMS-ACC,expert,DMS,53,0.035356
5,DMS-ACC,expert,DMS,54,0.008627
5,DMS-ACC,expert,ACC,0,0.089401
5,DMS-ACC,expert,ACC,1,0.106571
5,DMS-ACC,expert,ACC,2,0.115468
5,DMS-ACC,expert,ACC,3,0.15015
5,DMS-ACC,expert,ACC,4,0.136961
5,DMS-ACC,expert,ACC,5,0.074866
5,DMS-ACC,expert,ACC,6,0.060592
5,DMS-ACC,expert,ACC,7,0.062879
5,DMS-ACC,expert,ACC,8,0.125704
5,DMS-ACC,expert,ACC,9,0.061738
5,DMS-ACC,expert,ACC,10,0.186972
5,DMS-ACC,expert,ACC,11,0.085823
5,DMS-ACC,expert,ACC,12,0.084772
5,DMS-ACC,expert,ACC,13,0.088842
5,DMS-ACC,expert,ACC,14,0.054263
5,DMS-ACC,expert,ACC,15,0.067974
5,DMS-ACC,expert,ACC,16,0.183433
5,DMS-ACC,expert,ACC,17,0.089194
5,DMS-ACC,expert,ACC,18,0.126567
5,DMS-ACC,expert,ACC,19,0.063725
5,DMS-ACC,expert,ACC,20,0.073612
5,DMS-ACC,expert,ACC,21,0.007747
5,DMS-ACC,expert,ACC,22,0.089532
5,DMS-ACC,expert,ACC,23,0.083736
5,DMS-ACC,expert,ACC,24,0.066523
5,DMS-ACC,expert,ACC,25,0.119811
5,DMS-ACC,expert,ACC,26,0.077224
5,DMS-ACC,expert,ACC,27,0.065558
5,DMS-ACC,expert,ACC,28,0.183721
5,DMS-ACC,expert,ACC,29,0.041342
5,DMS-ACC,expert,ACC,30,0.107244
5,DMS-ACC,expert,ACC,31,0.12712
5,DMS-ACC,expert,ACC,32,0.231602
5,DMS-ACC,expert,ACC,33,0.021032
5,DMS-ACC,expert,ACC,34,0.061568
5,DMS-ACC,expert,ACC,35,0.155481
5,DMS-ACC,expert,ACC,36,0.099645
5,DMS-ACC,expert,ACC,37,0.05388
5,DMS-ACC,expert,ACC,38,0.574978
5,DMS-ACC,expert,ACC,39,0.192847
5,DMS-ACC,expert,ACC,40,0.033574
5,DMS-ACC,expert,ACC,41,0.089182
5,DMS-ACC,expert,ACC,42,0.109839
5,DMS-ACC,expert,ACC,43,0.11823
5,DMS-ACC,expert,ACC,44,0.111483
5,DMS-ACC,expert,ACC,45,0.150485
5,DMS-ACC,expert,ACC,46,0.098574
5,DMS-ACC,expert,ACC,47,0.087947
5,DMS-ACC,expert,ACC,48,0.108763
5,DMS-ACC,expert,ACC,49,0.05108
5,DMS-ACC,expert,ACC,50,0.247266
5,DMS-ACC,expert,ACC,51,0.155434
5,DMS-ACC,expert,ACC,52,0.073059
5,DMS-ACC,expert,ACC,53,0.159213
5,DMS-ACC,expert,ACC,54,0.156052
5,DMS-ACC,expert,ACC,55,0.066862
5,DMS-ACC,expert,ACC,56,0.103008
5,DMS-ACC,expert,ACC,57,0.092296
5,DMS-ACC,expert,ACC,58,0.480845
5,DMS-ACC,expert,ACC,59,0.097608
5,DMS-ACC,expert,ACC,60,0.108738
5,DMS-ACC,expert,ACC,61,0.160757
5,DMS-ACC,expert,ACC,62,0.136249
5,DMS-ACC,expert,ACC,63,0.191821
5,DMS-ACC,expert,ACC,64,0.106939
5,DMS-ACC,expert,ACC,65,0.105907
5,DMS-ACC,expert,ACC,66,0.03666
5,DMS-ACC,expert,ACC,67,0.131647
5,DMS-ACC,expert,ACC,68,0.226309
5,DMS-ACC,expert,ACC,69,0.10086
5,DMS-ACC,expert,ACC,70,0.36234
5,DMS-ACC,expert,ACC,71,0.342796
5,DMS-ACC,expert,ACC,72,0.21718
5,DMS-ACC,expert,ACC,73,0.064209
5,DMS-ACC,expert,ACC,74,0.080618
5,DMS-ACC,expert,ACC,75,0.354441
5,DMS-ACC,expert,ACC,76,0.111087
5,DMS-ACC,expert,ACC,77,0.24085
5,DMS-ACC,expert,ACC,78,0.499943
5,DMS-ACC,expert,ACC,79,0.10371
5,DMS-ACC,expert,ACC,80,0.104505
5,DMS-ACC,expert,ACC,81,0.078704
5,DMS-ACC,expert,ACC,82,0.055314
5,DMS-ACC,expert,ACC,83,0.488879
5,DMS-ACC,expert,ACC,84,0.407125
5,DMS-ACC,expert,ACC,85,0.11023
5,DMS-ACC,expert,ACC,86,0.452057
5,DMS-ACC,expert,ACC,87,0.145815
5,DMS-ACC,expert,ACC,88,0.507072
5,DMS-ACC,expert,ACC,89,0.48122
5,DMS-ACC,expert,ACC,90,0.030853
5,DMS-ACC,expert,ACC,91,0.140512
5,DMS-ACC,expert,ACC,92,0.18962
5,DMS-ACC,expert,ACC,93,0.054198
5,DMS-ACC,expert,ACC,94,0.051881
5,DMS-ACC,expert,ACC,95,0.261115
5,DMS-ACC,expert,ACC,96,0.0
5,DMS-ACC,expert,ACC,97,0.138721
5,DMS-ACC,expert,ACC,98,0.112451
5,DMS-ACC,expert,ACC,99,0.318983
5,DMS-ACC,expert,ACC,100,0.550785
5,DMS-ACC,expert,ACC,101,0.045401
5,DMS-ACC,expert,ACC,102,0.237831
5,DMS-ACC,expert,ACC,103,0.098032
5,DMS-ACC,expert,ACC,104,0.049808
5,DMS-ACC,expert,ACC,105,0.026082
5,DMS-ACC,expert,ACC,106,0.05868
5,DMS-ACC,expert,ACC,107,0.036506
5,DMS-ACC,expert,ACC,108,0.08427
5,DMS-ACC,expert,ACC,109,0.036189
5,DMS-ACC,expert,ACC,110,0.0
5,DMS-ACC,expert,ACC,111,0.021682
5,DMS-ACC,expert,ACC,112,0.0
5,DMS-ACC,expert,ACC,113,0.350726
5,DMS-ACC,expert,ACC,114,0.052768
5,DMS-ACC,expert,ACC,115,0.010446
5,DMS-ACC,expert,ACC,116,0.100967
5,DMS-ACC,expert,ACC,117,0.036436
5,DMS-ACC,expert,ACC,118,0.058818
5,DMS-ACC,expert,ACC,119,0.520491
5,DMS-ACC,expert,ACC,120,0.16019
5,DMS-ACC,expert,ACC,121,0.56432
5,DMS-ACC,expert,ACC,122,0.519108
5,DMS-ACC,expert,ACC,123,0.6508
5,DMS-ACC,expert,ACC,124,0.058107
5,DMS-ACC,expert,ACC,125,0.053641
5,DMS-ACC,expert,ACC,126,0.124853
5,DMS-ACC,expert,ACC,127,0.209155
5,DMS-ACC,expert,ACC,128,0.0
5,DMS-ACC,expert,ACC,129,0.011995
5,DMS-ACC,expert,ACC,130,0.160164
5,DMS-ACC,expert,ACC,131,0.057073
5,DMS-ACC,expert,ACC,132,0.086379
5,DMS-ACC,expert,ACC,133,0.046706
5,DMS-ACC,expert,ACC,134,0.08188
5,DMS-ACC,expert,ACC,135,0.268592
5,DMS-ACC,expert,ACC,136,0.168619
5,DMS-ACC,expert,ACC,137,0.197396
5,DMS-ACC,expert,ACC,138,0.152318
5,DMS-ACC,expert,ACC,139,0.547902
5,DMS-ACC,expert,ACC,140,0.098276
5,DMS-ACC,expert,ACC,141,0.182658
5,DMS-ACC,expert,ACC,142,0.245678
5,DMS-ACC,expert,ACC,143,0.155479
5,DMS-ACC,expert,ACC,144,0.006845
5,DMS-ACC,expert,ACC,145,0.549325
5,DMS-ACC,expert,ACC,146,0.1177
5,DMS-ACC,expert,ACC,147,0.125157
5,DMS-ACC,expert,ACC,148,0.021703
5,DMS-ACC,expert,ACC,149,0.023672
5,DMS-ACC,expert,ACC,150,0.122027
5,DMS-ACC,expert,ACC,151,0.020672
5,DMS-ACC,expert,ACC,152,0.087956
5,DMS-ACC,expert,ACC,153,0.025634
5,DMS-ACC,expert,ACC,154,0.08843
5,DMS-ACC,expert,ACC,155,0.028553
5,DMS-ACC,expert,ACC,156,0.040301
5,DMS-ACC,expert,ACC,157,0.07173
5,DMS-ACC,expert,ACC,158,0.476457
5,DMS-ACC,expert,ACC,159,0.110792
5,DMS-ACC,expert,ACC,160,0.151998
5,DMS-ACC,expert,ACC,161,0.062155
5,DMS-ACC,expert,ACC,162,0.172969
5,DMS-ACC,expert,ACC,163,0.068483
5,DMS-ACC,expert,ACC,164,0.016081
5,DMS-ACC,expert,ACC,165,0.559966
5,DMS-ACC,expert,ACC,166,0.614769
5,DMS-ACC,expert,ACC,167,0.134755
5,DMS-ACC,expert,ACC,168,0.025207
5,DMS-ACC,expert,ACC,169,0.055669
5,DMS-ACC,expert,ACC,170,0.161265
5,DMS-ACC,expert,ACC,171,0.097516
5,DMS-ACC,expert,ACC,172,0.052396
5,DMS-ACC,expert,ACC,173,0.573981
5,DMS-ACC,expert,ACC,174,0.077414
5,DLS-ACC,naive,DLS,0,0.025163
5,DLS-ACC,naive,DLS,1,0.135984
5,DLS-ACC,naive,DLS,2,0.046537
5,DLS-ACC,naive,DLS,3,0.092412
5,DLS-ACC,naive,DLS,4,0.02725
5,DLS-ACC,naive,DLS,5,0.009552
5,DLS-ACC,naive,DLS,6,0.056152
5,DLS-ACC,naive,DLS,7,0.089429
5,DLS-ACC,naive,DLS,8,0.144821
5,DLS-ACC,naive,DLS,9,0.076897
5,DLS-ACC,naive,DLS,10,0.0
5,DLS-ACC,naive,DLS,11,0.01442
5,DLS-ACC,naive,DLS,12,0.154101
5,DLS-ACC,naive,DLS,13,0.16878
5,DLS-ACC,naive,DLS,14,0.099668
5,DLS-ACC,naive,DLS,15,0.0
5,DLS-ACC,naive,DLS,16,0.090456
5,DLS-ACC,naive,DLS,17,0.051391
5,DLS-ACC,naive,DLS,18,0.110789
5,DLS-ACC,naive,DLS,19,0.023207
5,DLS-ACC,naive,DLS,20,0.304883
5,DLS-ACC,naive,DLS,21,0.08784
5,DLS-ACC,naive,DLS,22,0.472134
5,DLS-ACC,naive,DLS,23,0.0
5,DLS-ACC,naive,DLS,24,0.067027
5,DLS-ACC,naive,DLS,25,0.048981
5,DLS-ACC,naive,DLS,26,0.0
5,DLS-ACC,naive,DLS,27,0.053151
5,DLS-ACC,naive,DLS,28,0.368687
5,DLS-ACC,naive,DLS,29,0.387854
5,DLS-ACC,naive,DLS,30,0.073901
5,DLS-ACC,naive,DLS,31,0.037393
5,DLS-ACC,naive,DLS,32,0.040878
5,DLS-ACC,naive,DLS,33,0.081161
5,DLS-ACC,naive,DLS,34,0.063386
5,DLS-ACC,naive,DLS,35,0.047935
5,DLS-ACC,naive,DLS,36,0.076846
5,DLS-ACC,naive,DLS,37,0.074591
5,DLS-ACC,naive,DLS,38,0.038749
5,DLS-ACC,naive,DLS,39,0.00835
5,DLS-ACC,naive,DLS,40,0.0
5,DLS-ACC,naive,DLS,41,0.052709
5,DLS-ACC,naive,DLS,42,0.092968
5,DLS-ACC,naive,DLS,43,0.07154
5,DLS-ACC,naive,DLS,44,0.061287
5,DLS-ACC,naive,DLS,45,0.070225
5,DLS-ACC,naive,DLS,46,0.071988
5,DLS-ACC,naive,DLS,47,0.028146
5,DLS-ACC,naive,DLS,48,0.115214
5,DLS-ACC,naive,DLS,49,0.039073
5,DLS-ACC,naive,DLS,50,0.116085
5,DLS-ACC,naive,DLS,51,0.088398
5,DLS-ACC,naive,DLS,52,0.101301
5,DLS-ACC,naive,DLS,53,0.025402
5,DLS-ACC,naive,DLS,54,0.024683
5,DLS-ACC,naive,DLS,55,0.039144
5,DLS-ACC,naive,DLS,56,0.109995
5,DLS-ACC,naive,DLS,57,0.07052
5,DLS-ACC,naive,DLS,58,0.133676
5,DLS-ACC,naive,DLS,59,0.067456
5,DLS-ACC,naive,DLS,60,0.305725
5,DLS-ACC,naive,DLS,61,0.112001
5,DLS-ACC,naive,DLS,62,0.044275
5,DLS-ACC,naive,DLS,63,0.097011
5,DLS-ACC,naive,DLS,64,0.084441
5,DLS-ACC,naive,DLS,65,0.076575
5,DLS-ACC,naive,DLS,66,0.11437
5,DLS-ACC,naive,DLS,67,0.014699
5,DLS-ACC,naive,DLS,68,0.225095
5,DLS-ACC,naive,DLS,69,0.033686
5,DLS-ACC,naive,DLS,70,0.084403
5,DLS-ACC,naive,DLS,71,0.10282
5,DLS-ACC,naive,DLS,72,0.104693
5,DLS-ACC,naive,DLS,73,0.042253
5,DLS-ACC,naive,DLS,74,0.324129
5,DLS-ACC,naive,DLS,75,0.025913
5,DLS-ACC,naive,DLS,76,0.371565
5,DLS-ACC,naive,DLS,77,0.146024
5,DLS-ACC,naive,DLS,78,0.069313
5,DLS-ACC,naive,DLS,79,0.043224
5,DLS-ACC,naive,DLS,80,0.152222
5,DLS-ACC,naive,DLS,81,0.287922
5,DLS-ACC,naive,DLS,82,0.014169
5,DLS-ACC,naive,DLS,83,0.360122
5,DLS-ACC,naive,DLS,84,0.0
5,DLS-ACC,naive,DLS,85,0.120476
5,DLS-ACC,naive,DLS,86,0.181259
5,DLS-ACC,naive,DLS,87,0.120079
5,DLS-ACC,naive,DLS,88,0.013508
5,DLS-ACC,naive,DLS,89,0.062183
5,DLS-ACC,naive,DLS,90,0.116447
5,DLS-ACC,naive,DLS,91,0.053136
5,DLS-ACC,naive,DLS,92,0.004633
5,DLS-ACC,naive,DLS,93,0.048729
5,DLS-ACC,naive,DLS,94,0.018788
5,DLS-ACC,naive,DLS,95,0.068617
5,DLS-ACC,naive,DLS,96,0.02129
5,DLS-ACC,naive,DLS,97,0.04421
5,DLS-ACC,naive,DLS,98,0.402137
5,DLS-ACC,naive,DLS,99,0.099375
5,DLS-ACC,naive,DLS,100,0.102308
5,DLS-ACC,naive,DLS,101,0.141453
5,DLS-ACC,naive,DLS,102,0.0
5,DLS-ACC,naive,DLS,103,0.163808
5,DLS-ACC,naive,DLS,104,0.058868
5,DLS-ACC,naive,DLS,105,0.023763
5,DLS-ACC,naive,DLS,106,0.035267
5,DLS-ACC,naive,DLS,107,0.063092
5,DLS-ACC,naive,DLS,108,0.04928
5,DLS-ACC,naive,DLS,109,0.063393
5,DLS-ACC,naive,DLS,110,0.027459
5,DLS-ACC,naive,DLS,111,0.505603
5,DLS-ACC,naive,DLS,112,0.010119
5,DLS-ACC,naive,DLS,113,0.067164
5,DLS-ACC,naive,DLS,114,0.003491
5,DLS-ACC,naive,DLS,115,0.0
5,DLS-ACC,naive,DLS,116,0.05128
5,DLS-ACC,naive,DLS,117,0.019316
5,DLS-ACC,naive,DLS,118,0.045281
5,DLS-ACC,naive,DLS,119,0.045404
5,DLS-ACC,naive,DLS,120,0.071657
5,DLS-ACC,naive,DLS,121,0.0
5,DLS-ACC,naive,DLS,122,0.110968
5,DLS-ACC,naive,DLS,123,0.119444
5,DLS-ACC,naive,DLS,124,0.026921
5,DLS-ACC,naive,DLS,125,0.116024
5,DLS-ACC,naive,DLS,126,0.034917
5,DLS-ACC,naive,DLS,127,0.07623
5,DLS-ACC,naive,DLS,128,0.057563
5,DLS-ACC,naive,DLS,129,0.053845
5,DLS-ACC,naive,DLS,130,0.506074
5,DLS-ACC,naive,DLS,131,0.055487
5,DLS-ACC,naive,DLS,132,0.006858
5,DLS-ACC,naive,DLS,133,0.071209
5,DLS-ACC,naive,DLS,134,0.0
5,DLS-ACC,naive,DLS,135,0.04153
5,DLS-ACC,naive,DLS,136,0.01881
5,DLS-ACC,naive,DLS,137,0.0
5,DLS-ACC,naive,DLS,138,0.102882
5,DLS-ACC,naive,DLS,139,0.027158
5,DLS-ACC,naive,DLS,140,0.072076
5,DLS-ACC,naive,DLS,141,0.066925
5,DLS-ACC,naive,DLS,142,0.014164
5,DLS-ACC,naive,DLS,143,0.015109
5,DLS-ACC,naive,DLS,144,0.047271
5,DLS-ACC,naive,DLS,145,0.047185
5,DLS-ACC,naive,DLS,146,0.0
5,DLS-ACC,naive,DLS,147,0.0
5,DLS-ACC,naive,DLS,148,0.072287
5,DLS-ACC,naive,DLS,149,0.022843
5,DLS-ACC,naive,DLS,150,0.0
5,DLS-ACC,naive,DLS,151,0.0
5,DLS-ACC,naive,DLS,152,0.103954
5,DLS-ACC,naive,DLS,153,0.0
5,DLS-ACC,naive,DLS,154,0.067068
5,DLS-ACC,naive,DLS,155,0.061879
5,DLS-ACC,naive,DLS,156,0.057995
5,DLS-ACC,naive,DLS,157,0.066162
5,DLS-ACC,naive,DLS,158,0.043676
5,DLS-ACC,naive,DLS,159,0.14049
5,DLS-ACC,naive,DLS,160,0.039806
5,DLS-ACC,naive,DLS,161,0.080781
5,DLS-ACC,naive,DLS,162,0.005252
5,DLS-ACC,naive,DLS,163,0.008
5,DLS-ACC,naive,DLS,164,0.014562
5,DLS-ACC,naive,DLS,165,0.007442
5,DLS-ACC,naive,DLS,166,0.035283
5,DLS-ACC,naive,DLS,167,0.045473
5,DLS-ACC,naive,DLS,168,0.003043
5,DLS-ACC,naive,DLS,169,0.011355
5,DLS-ACC,naive,DLS,170,0.465339
5,DLS-ACC,naive,DLS,171,0.31251
5,DLS-ACC,naive,DLS,172,0.16536
5,DLS-ACC,naive,DLS,173,0.244752
5,DLS-ACC,naive,DLS,174,0.230856
5,DLS-ACC,naive,DLS,175,0.0
5,DLS-ACC,naive,DLS,176,0.0
5,DLS-ACC,naive,DLS,177,0.0
5,DLS-ACC,naive,DLS,178,0.018406
5,DLS-ACC,naive,DLS,179,0.0
5,DLS-ACC,naive,DLS,180,0.01545
5,DLS-ACC,naive,DLS,181,0.174011
5,DLS-ACC,naive,DLS,182,0.020888
5,DLS-ACC,naive,DLS,183,0.006046
5,DLS-ACC,naive,DLS,184,0.008794
5,DLS-ACC,naive,DLS,185,0.373867
5,DLS-ACC,naive,DLS,186,0.024138
5,DLS-ACC,naive,DLS,187,0.039699
5,DLS-ACC,naive,DLS,188,0.10631
5,DLS-ACC,naive,DLS,189,0.025335
5,DLS-ACC,naive,DLS,190,0.064613
5,DLS-ACC,naive,DLS,191,0.005794
5,DLS-ACC,naive,DLS,192,0.065864
5,DLS-ACC,naive,DLS,193,0.502944
5,DLS-ACC,naive,DLS,194,0.120701
5,DLS-ACC,naive,DLS,195,0.046185
5,DLS-ACC,naive,DLS,196,0.019785
5,DLS-ACC,naive,DLS,197,0.252007
5,DLS-ACC,naive,DLS,198,0.416394
5,DLS-ACC,naive,DLS,199,0.254584
5,DLS-ACC,naive,DLS,200,0.491991
5,DLS-ACC,naive,DLS,201,0.346272
5,DLS-ACC,naive,DLS,202,0.031211
5,DLS-ACC,naive,DLS,203,0.496327
5,DLS-ACC,naive,DLS,204,0.016387
5,DLS-ACC,naive,DLS,205,0.012562
5,DLS-ACC,naive,DLS,206,0.305633
5,DLS-ACC,naive,DLS,207,0.372046
5,DLS-ACC,naive,DLS,208,0.040438
5,DLS-ACC,naive,DLS,209,0.0499
5,DLS-ACC,naive,DLS,210,0.102727
5,DLS-ACC,naive,DLS,211,0.463637
5,DLS-ACC,naive,DLS,212,0.213863
5,DLS-ACC,naive,DLS,213,0.053101
5,DLS-ACC,naive,DLS,214,0.055434
5,DLS-ACC,naive,DLS,215,0.064925
5,DLS-ACC,naive,DLS,216,0.033729
5,DLS-ACC,naive,DLS,217,0.111264
5,DLS-ACC,naive,DLS,218,0.033466
5,DLS-ACC,naive,DLS,219,0.025225
5,DLS-ACC,naive,DLS,220,0.039486
5,DLS-ACC,naive,DLS,221,0.187326
5,DLS-ACC,naive,DLS,222,0.045665
5,DLS-ACC,naive,DLS,223,0.325135
5,DLS-ACC,naive,DLS,224,0.03459
5,DLS-ACC,naive,DLS,225,0.10342
5,DLS-ACC,naive,DLS,226,0.061305
5,DLS-ACC,naive,DLS,227,0.008662
5,DLS-ACC,naive,DLS,228,0.018609
5,DLS-ACC,naive,DLS,229,0.151667
5,DLS-ACC,naive,DLS,230,0.139717
5,DLS-ACC,naive,DLS,231,0.020212
5,DLS-ACC,naive,DLS,232,0.057628
5,DLS-ACC,naive,DLS,233,0.070337
5,DLS-ACC,naive,DLS,234,0.014162
5,DLS-ACC,naive,DLS,235,0.035733
5,DLS-ACC,naive,DLS,236,0.015296
5,DLS-ACC,naive,ACC,0,0.131881
5,DLS-ACC,naive,ACC,1,0.104025
5,DLS-ACC,naive,ACC,2,0.136418
5,DLS-ACC,naive,ACC,3,0.104753
5,DLS-ACC,naive,ACC,4,0.017021
5,DLS-ACC,naive,ACC,5,0.041734
5,DLS-ACC,naive,ACC,6,0.075186
5,DLS-ACC,naive,ACC,7,0.067077
5,DLS-ACC,naive,ACC,8,0.099318
5,DLS-ACC,naive,ACC,9,0.162745
5,DLS-ACC,naive,ACC,10,0.036868
5,DLS-ACC,naive,ACC,11,0.106711
5,DLS-ACC,naive,ACC,12,0.060182
5,DLS-ACC,naive,ACC,13,0.026442
5,DLS-ACC,naive,ACC,14,0.027715
5,DLS-ACC,naive,ACC,15,0.029039
5,DLS-ACC,naive,ACC,16,0.123189
5,DLS-ACC,naive,ACC,17,0.058471
5,DLS-ACC,naive,ACC,18,0.09931
5,DLS-ACC,naive,ACC,19,0.052815
5,DLS-ACC,naive,ACC,20,0.603293
5,DLS-ACC,naive,ACC,21,0.651803
5,DLS-ACC,naive,ACC,22,0.254857
5,DLS-ACC,naive,ACC,23,0.051589
5,DLS-ACC,naive,ACC,24,0.106823
5,DLS-ACC,naive,ACC,25,0.127882
5,DLS-ACC,naive,ACC,26,0.05696
5,DLS-ACC,naive,ACC,27,0.037637
5,DLS-ACC,naive,ACC,28,0.217668
5,DLS-ACC,naive,ACC,29,0.254897
5,DLS-ACC,naive,ACC,30,0.13689
5,DLS-ACC,naive,ACC,31,0.026462
5,DLS-ACC,naive,ACC,32,0.081887
5,DLS-ACC,naive,ACC,33,0.285936
5,DLS-ACC,naive,ACC,34,0.137998
5,DLS-ACC,naive,ACC,35,0.142757
5,DLS-ACC,naive,ACC,36,0.210247
5,DLS-ACC,naive,ACC,37,0.065221
5,DLS-ACC,naive,ACC,38,0.039262
5,DLS-ACC,naive,ACC,39,0.242912
5,DLS-ACC,naive,ACC,40,0.024525
5,DLS-ACC,naive,ACC,41,0.060742
5,DLS-ACC,naive,ACC,42,0.576624
5,DLS-ACC,naive,ACC,43,0.004677
5,DLS-ACC,naive,ACC,44,0.626402
5,DLS-ACC,naive,ACC,45,0.038736
5,DLS-ACC,naive,ACC,46,0.179186
5,DLS-ACC,naive,ACC,47,0.131814
5,DLS-ACC,naive,ACC,48,0.036267
5,DLS-ACC,naive,ACC,49,0.116873
5,DLS-ACC,naive,ACC,50,0.045662
5,DLS-ACC,naive,ACC,51,0.082636
5,DLS-ACC,naive,ACC,52,0.052356
5,DLS-ACC,naive,ACC,53,0.15924
5,DLS-ACC,naive,ACC,54,0.116835
5,DLS-ACC,naive,ACC,55,0.067427
5,DLS-ACC,naive,ACC,56,0.057022
5,DLS-ACC,naive,ACC,57,0.128136
5,DLS-ACC,naive,ACC,58,0.010215
5,DLS-ACC,naive,ACC,59,0.115506
5,DLS-ACC,naive,ACC,60,0.089223
5,DLS-ACC,naive,ACC,61,0.107867
5,DLS-ACC,naive,ACC,62,0.16737
5,DLS-ACC,naive,ACC,63,0.055894
5,DLS-ACC,naive,ACC,64,0.021073
5,DLS-ACC,naive,ACC,65,0.116333
5,DLS-ACC,naive,ACC,66,0.408794
5,DLS-ACC,naive,ACC,67,0.137746
5,DLS-ACC,naive,ACC,68,0.139435
5,DLS-ACC,naive,ACC,69,0.046211
5,DLS-ACC,naive,ACC,70,0.031325
5,DLS-ACC,naive,ACC,71,0.052831
5,DLS-ACC,naive,ACC,72,0.022137
5,DLS-ACC,naive,ACC,73,0.076877
5,DLS-ACC,naive,ACC,74,0.030897
5,DLS-ACC,naive,ACC,75,0.057343
5,DLS-ACC,naive,ACC,76,0.079959
5,DLS-ACC,naive,ACC,77,0.127201
5,DLS-ACC,naive,ACC,78,0.073865
5,DLS-ACC,naive,ACC,79,0.12859
5,DLS-ACC,naive,ACC,80,0.104424
5,DLS-ACC,naive,ACC,81,0.168742
5,DLS-ACC,naive,ACC,82,0.150153
5,DLS-ACC,naive,ACC,83,0.022439
5,DLS-ACC,naive,ACC,84,0.35029
5,DLS-ACC,naive,ACC,85,0.086462
5,DLS-ACC,naive,ACC,86,0.32671
5,DLS-ACC,naive,ACC,87,0.055582
5,DLS-ACC,naive,ACC,88,0.058673
5,DLS-ACC,naive,ACC,89,0.067481
5,DLS-ACC,naive,ACC,90,0.057407
5,DLS-ACC,naive,ACC,91,0.135387
5,DLS-ACC,naive,ACC,92,0.157042
5,DLS-ACC,naive,ACC,93,0.0
5,DLS-ACC,naive,ACC,94,1e-06
5,DLS-ACC,naive,ACC,95,0.105946
5,DLS-ACC,naive,ACC,96,0.588034
5,DLS-ACC,naive,ACC,97,0.039734
5,DLS-ACC,naive,ACC,98,0.0
5,DLS-ACC,naive,ACC,99,0.5226
5,DLS-ACC,naive,ACC,100,0.069327
5,DLS-ACC,naive,ACC,101,0.037715
5,DLS-ACC,naive,ACC,102,0.013025
5,DLS-ACC,naive,ACC,103,0.012959
5,DLS-ACC,naive,ACC,104,0.063061
5,DLS-ACC,naive,ACC,105,0.133114
5,DLS-ACC,naive,ACC,106,0.036094
5,DLS-ACC,naive,ACC,107,0.059709
5,DLS-ACC,naive,ACC,108,0.073582
5,DLS-ACC,naive,ACC,109,0.044129
5,DLS-ACC,naive,ACC,110,0.039954
5,DLS-ACC,naive,ACC,111,0.292371
5,DLS-ACC,naive,ACC,112,0.01922
5,DLS-ACC,naive,ACC,113,0.01342
5,DLS-ACC,naive,ACC,114,0.061703
5,DLS-ACC,naive,ACC,115,0.63513
5,DLS-ACC,naive,ACC,116,0.030201
5,DLS-ACC,naive,ACC,117,0.089811
5,DLS-ACC,naive,ACC,118,0.040016
5,DLS-ACC,naive,ACC,119,0.640168
5,DLS-ACC,naive,ACC,120,0.137181
5,DLS-ACC,naive,ACC,121,0.299138
5,DLS-ACC,naive,ACC,122,0.029985
5,DLS-ACC,naive,ACC,123,0.596934
5,DLS-ACC,naive,ACC,124,0.133881
5,DLS-ACC,naive,ACC,125,0.028275
5,DLS-ACC,naive,ACC,126,0.167793
5,DLS-ACC,naive,ACC,127,0.100308
5,DLS-ACC,naive,ACC,128,0.0
5,DLS-ACC,naive,ACC,129,0.033601
5,DLS-ACC,naive,ACC,130,0.244186
5,DLS-ACC,naive,ACC,131,0.112857
5,DLS-ACC,naive,ACC,132,0.189335
5,DLS-ACC,naive,ACC,133,0.04905
5,DLS-ACC,naive,ACC,134,0.242512
5,DLS-ACC,naive,ACC,135,0.106147
5,DLS-ACC,naive,ACC,136,0.14076
5,DLS-ACC,naive,ACC,137,0.255155
5,DLS-ACC,naive,ACC,138,0.07622
5,DLS-ACC,naive,ACC,139,0.028843
5,DLS-ACC,naive,ACC,140,0.047997
5,DLS-ACC,naive,ACC,141,0.072765
5,DLS-ACC,naive,ACC,142,0.068212
5,DLS-ACC,naive,ACC,143,0.184912
5,DLS-ACC,naive,ACC,144,0.000955
5,DLS-ACC,naive,ACC,145,0.176722
5,DLS-ACC,naive,ACC,146,0.028989
5,DLS-ACC,naive,ACC,147,0.03746
5,DLS-ACC,naive,ACC,148,0.561663
5,DLS-ACC,naive,ACC,149,0.0
5,DLS-ACC,naive,ACC,150,0.0
5,DLS-ACC,naive,ACC,151,0.011509
5,DLS-ACC,naive,ACC,152,0.056803
5,DLS-ACC,naive,ACC,153,0.639814
5,DLS-ACC,naive,ACC,154,0.621874
5,DLS-ACC,naive,ACC,155,0.221037
5,DLS-ACC,naive,ACC,156,0.078102
5,DLS-ACC,naive,ACC,157,0.089357
5,DLS-ACC,naive,ACC,158,0.044949
5,DLS-ACC,naive,ACC,159,0.137624
5,DLS-ACC,naive,ACC,160,0.005293
5,DLS-ACC,naive,ACC,161,0.618225
5,DLS-ACC,naive,ACC,162,0.533445
5,DLS-ACC,naive,ACC,163,0.050581
5,DLS-ACC,naive,ACC,164,0.280289
5,DLS-ACC,naive,ACC,165,0.004455
5,DLS-ACC,naive,ACC,166,0.02034
5,DLS-ACC,naive,ACC,167,0.00792
5,DLS-ACC,naive,ACC,168,0.073063
5,DLS-ACC,naive,ACC,169,0.057735
5,DLS-ACC,naive,ACC,170,0.238156
5,DLS-ACC,naive,ACC,171,0.06202
5,DLS-ACC,naive,ACC,172,0.589744
5,DLS-ACC,naive,ACC,173,0.12835
5,DLS-ACC,naive,ACC,174,0.23031
5,DLS-ACC,intermediate,DLS,0,0.060336
5,DLS-ACC,intermediate,DLS,1,0.132941
5,DLS-ACC,intermediate,DLS,2,0.161222
5,DLS-ACC,intermediate,DLS,3,0.162356
5,DLS-ACC,intermediate,DLS,4,0.55054
5,DLS-ACC,intermediate,DLS,5,0.01784
5,DLS-ACC,intermediate,DLS,6,0.18522
5,DLS-ACC,intermediate,DLS,7,0.143829
5,DLS-ACC,intermediate,DLS,8,0.115197
5,DLS-ACC,intermediate,DLS,9,0.069554
5,DLS-ACC,intermediate,DLS,10,0.006132
5,DLS-ACC,intermediate,DLS,11,0.042875
5,DLS-ACC,intermediate,DLS,12,0.083602
5,DLS-ACC,intermediate,DLS,13,0.202493
5,DLS-ACC,intermediate,DLS,14,0.154308
5,DLS-ACC,intermediate,DLS,15,0.0
5,DLS-ACC,intermediate,DLS,16,0.149958
5,DLS-ACC,intermediate,DLS,17,0.126594
5,DLS-ACC,intermediate,DLS,18,0.187777
5,DLS-ACC,intermediate,DLS,19,0.177411
5,DLS-ACC,intermediate,DLS,20,0.107399
5,DLS-ACC,intermediate,DLS,21,0.110493
5,DLS-ACC,intermediate,DLS,22,0.04963
5,DLS-ACC,intermediate,DLS,23,0.02633
5,DLS-ACC,intermediate,DLS,24,0.223244
5,DLS-ACC,intermediate,DLS,25,0.074064
5,DLS-ACC,intermediate,DLS,26,0.038009
5,DLS-ACC,intermediate,DLS,27,0.259194
5,DLS-ACC,intermediate,DLS,28,0.40997
5,DLS-ACC,intermediate,DLS,29,0.338273
5,DLS-ACC,intermediate,DLS,30,0.213712
5,DLS-ACC,intermediate,DLS,31,0.071285
5,DLS-ACC,intermediate,DLS,32,0.211314
5,DLS-ACC,intermediate,DLS,33,0.093112
5,DLS-ACC,intermediate,DLS,34,0.059557
5,DLS-ACC,intermediate,DLS,35,0.065565
5,DLS-ACC,intermediate,DLS,36,0.18698
5,DLS-ACC,intermediate,DLS,37,0.065846
5,DLS-ACC,intermediate,DLS,38,0.211439
5,DLS-ACC,intermediate,DLS,39,0.088793
5,DLS-ACC,intermediate,DLS,40,0.046651
5,DLS-ACC,intermediate,DLS,41,0.15869
5,DLS-ACC,intermediate,DLS,42,0.02149
5,DLS-ACC,intermediate,DLS,43,0.103456
5,DLS-ACC,intermediate,DLS,44,0.137547
5,DLS-ACC,intermediate,DLS,45,0.085741
5,DLS-ACC,intermediate,DLS,46,0.064949
5,DLS-ACC,intermediate,DLS,47,0.100314
5,DLS-ACC,intermediate,DLS,48,0.096128
5,DLS-ACC,intermediate,DLS,49,0.103845
5,DLS-ACC,intermediate,DLS,50,0.109326
5,DLS-ACC,intermediate,DLS,51,0.083243
5,DLS-ACC,intermediate,DLS,52,0.094667
5,DLS-ACC,intermediate,DLS,53,0.058238
5,DLS-ACC,intermediate,DLS,54,0.166992
5,DLS-ACC,intermediate,DLS,55,0.116908
5,DLS-ACC,intermediate,DLS,56,0.180856
5,DLS-ACC,intermediate,DLS,57,0.035989
5,DLS-ACC,intermediate,DLS,58,0.172472
5,DLS-ACC,intermediate,DLS,59,0.151911
5,DLS-ACC,intermediate,DLS,60,0.085932
5,DLS-ACC,intermediate,DLS,61,0.148557
5,DLS-ACC,intermediate,DLS,62,0.194061
5,DLS-ACC,intermediate,DLS,63,0.10434
5,DLS-ACC,intermediate,DLS,64,0.139314
5,DLS-ACC,intermediate,DLS,65,0.11993
5,DLS-ACC,intermediate,DLS,66,0.196725
5,DLS-ACC,intermediate,DLS,67,0.051345
5,DLS-ACC,intermediate,DLS,68,0.016907
5,DLS-ACC,intermediate,DLS,69,0.550565
5,DLS-ACC,intermediate,DLS,70,0.184642
5,DLS-ACC,intermediate,DLS,71,0.021197
5,DLS-ACC,intermediate,DLS,72,0.108291
5,DLS-ACC,intermediate,DLS,73,0.097905
5,DLS-ACC,intermediate,DLS,74,0.172553
5,DLS-ACC,intermediate,DLS,75,0.085058
5,DLS-ACC,intermediate,DLS,76,0.105775
5,DLS-ACC,intermediate,DLS,77,0.02464
5,DLS-ACC,intermediate,DLS,78,0.133701
5,DLS-ACC,intermediate,DLS,79,0.171393
5,DLS-ACC,intermediate,DLS,80,0.080383
5,DLS-ACC,intermediate,DLS,81,0.005303
5,DLS-ACC,intermediate,DLS,82,0.551211
5,DLS-ACC,intermediate,DLS,83,0.00348
5,DLS-ACC,intermediate,DLS,84,0.283697
5,DLS-ACC,intermediate,DLS,85,0.054151
5,DLS-ACC,intermediate,DLS,86,0.065472
5,DLS-ACC,intermediate,DLS,87,0.041519
5,DLS-ACC,intermediate,DLS,88,0.020467
5,DLS-ACC,intermediate,DLS,89,0.11969
5,DLS-ACC,intermediate,DLS,90,0.035099
5,DLS-ACC,intermediate,DLS,91,0.061644
5,DLS-ACC,intermediate,DLS,92,0.03517
5,DLS-ACC,intermediate,DLS,93,0.104688
5,DLS-ACC,intermediate,DLS,94,0.120429
5,DLS-ACC,intermediate,DLS,95,0.045742
5,DLS-ACC,intermediate,DLS,96,0.205787
5,DLS-ACC,intermediate,DLS,97,0.27312
5,DLS-ACC,intermediate,DLS,98,0.030021
5,DLS-ACC,intermediate,DLS,99,0.371004
5,DLS-ACC,intermediate,DLS,100,0.369242
5,DLS-ACC,intermediate,DLS,101,0.045915
5,DLS-ACC,intermediate,DLS,102,0.457879
5,DLS-ACC,intermediate,DLS,103,0.014225
5,DLS-ACC,intermediate,DLS,104,0.147169
5,DLS-ACC,intermediate,DLS,105,0.097702
5,DLS-ACC,intermediate,DLS,106,0.058838
5,DLS-ACC,intermediate,DLS,107,0.031438
5,DLS-ACC,intermediate,DLS,108,0.077109
5,DLS-ACC,intermediate,DLS,109,0.034641
5,DLS-ACC,intermediate,DLS,110,0.546112
5,DLS-ACC,intermediate,DLS,111,0.034237
5,DLS-ACC,intermediate,DLS,112,0.593084
5,DLS-ACC,intermediate,DLS,113,0.078875
5,DLS-ACC,intermediate,DLS,114,0.047812
5,DLS-ACC,intermediate,DLS,115,0.045913
5,DLS-ACC,intermediate,DLS,116,0.08978
5,DLS-ACC,intermediate,DLS,117,0.009134
5,DLS-ACC,intermediate,DLS,118,0.078145
5,DLS-ACC,intermediate,DLS,119,0.034101
5,DLS-ACC,intermediate,DLS,120,0.032501
5,DLS-ACC,intermediate,DLS,121,0.0
5,DLS-ACC,intermediate,DLS,122,0.198241
5,DLS-ACC,intermediate,DLS,123,0.048177
5,DLS-ACC,intermediate,DLS,124,0.16717
5,DLS-ACC,intermediate,DLS,125,0.188675
5,DLS-ACC,intermediate,DLS,126,0.168468
5,DLS-ACC,intermediate,DLS,127,0.050319
5,DLS-ACC,intermediate,DLS,128,0.026884
5,DLS-ACC,intermediate,DLS,129,0.051357
5,DLS-ACC,intermediate,DLS,130,0.031167
5,DLS-ACC,intermediate,DLS,131,0.225538
5,DLS-ACC,intermediate,DLS,132,0.046285
5,DLS-ACC,intermediate,DLS,133,0.02855
5,DLS-ACC,intermediate,DLS,134,0.008257
5,DLS-ACC,intermediate,DLS,135,0.149764
5,DLS-ACC,intermediate,DLS,136,0.270087
5,DLS-ACC,intermediate,DLS,137,0.032181
5,DLS-ACC,intermediate,DLS,138,0.043106
5,DLS-ACC,intermediate,DLS,139,0.044979
5,DLS-ACC,intermediate,DLS,140,0.209976
5,DLS-ACC,intermediate,DLS,141,0.221595
5,DLS-ACC,intermediate,DLS,142,0.063899
5,DLS-ACC,intermediate,DLS,143,0.059931
5,DLS-ACC,intermediate,DLS,144,0.251574
5,DLS-ACC,intermediate,DLS,145,0.22231
5,DLS-ACC,intermediate,DLS,146,0.360986
5,DLS-ACC,intermediate,DLS,147,0.0
5,DLS-ACC,intermediate,DLS,148,0.081748
5,DLS-ACC,intermediate,DLS,149,0.088934
5,DLS-ACC,intermediate,DLS,150,0.0
5,DLS-ACC,intermediate,DLS,151,0.0
5,DLS-ACC,intermediate,DLS,152,0.098464
5,DLS-ACC,intermediate,DLS,153,0.0
5,DLS-ACC,intermediate,DLS,154,0.029923
5,DLS-ACC,intermediate,DLS,155,0.0
5,DLS-ACC,intermediate,DLS,156,0.143834
5,DLS-ACC,intermediate,DLS,157,0.02577
5,DLS-ACC,intermediate,DLS,158,0.036771
5,DLS-ACC,intermediate,DLS,159,0.022135
5,DLS-ACC,intermediate,DLS,160,0.154535
5,DLS-ACC,intermediate,DLS,161,0.071279
5,DLS-ACC,intermediate,DLS,162,0.046346
5,DLS-ACC,intermediate,DLS,163,0.055724
5,DLS-ACC,intermediate,DLS,164,0.085495
5,DLS-ACC,intermediate,DLS,165,0.072176
5,DLS-ACC,intermediate,DLS,166,0.078039
5,DLS-ACC,intermediate,DLS,167,0.113941
5,DLS-ACC,intermediate,DLS,168,0.01674
5,DLS-ACC,intermediate,DLS,169,0.064674
5,DLS-ACC,intermediate,DLS,170,0.038187
5,DLS-ACC,intermediate,DLS,171,0.0
5,DLS-ACC,intermediate,DLS,172,0.100701
5,DLS-ACC,intermediate,DLS,173,0.302159
5,DLS-ACC,intermediate,DLS,174,0.285215
5,DLS-ACC,intermediate,DLS,175,0.051038
5,DLS-ACC,intermediate,DLS,176,0.127336
5,DLS-ACC,intermediate,DLS,177,0.116475
5,DLS-ACC,intermediate,DLS,178,0.07131
5,DLS-ACC,intermediate,DLS,179,0.088771
5,DLS-ACC,intermediate,DLS,180,0.444461
5,DLS-ACC,intermediate,DLS,181,0.072913
5,DLS-ACC,intermediate,DLS,182,0.020192
5,DLS-ACC,intermediate,DLS,183,0.072275
5,DLS-ACC,intermediate,DLS,184,0.400627
5,DLS-ACC,intermediate,DLS,185,0.092206
5,DLS-ACC,intermediate,DLS,186,0.082381
5,DLS-ACC,intermediate,DLS,187,0.081184
5,DLS-ACC,intermediate,DLS,188,0.16377
5,DLS-ACC,intermediate,DLS,189,0.327946
5,DLS-ACC,intermediate,DLS,190,0.217291
5,DLS-ACC,intermediate,DLS,191,0.130048
5,DLS-ACC,intermediate,DLS,192,0.076696
5,DLS-ACC,intermediate,DLS,193,0.034425
5,DLS-ACC,intermediate,DLS,194,0.015023
5,DLS-ACC,intermediate,DLS,195,0.181121
5,DLS-ACC,intermediate,DLS,196,0.019416
5,DLS-ACC,intermediate,DLS,197,0.343969
5,DLS-ACC,intermediate,DLS,198,0.0
5,DLS-ACC,intermediate,DLS,199,0.262559
5,DLS-ACC,intermediate,DLS,200,0.114977
5,DLS-ACC,intermediate,DLS,201,0.0
5,DLS-ACC,intermediate,DLS,202,0.071079
5,DLS-ACC,intermediate,DLS,203,0.103128
5,DLS-ACC,intermediate,DLS,204,0.207582
5,DLS-ACC,intermediate,DLS,205,0.00603
5,DLS-ACC,intermediate,DLS,206,0.098345
5,DLS-ACC,intermediate,DLS,207,0.324665
5,DLS-ACC,intermediate,DLS,208,0.110967
5,DLS-ACC,intermediate,DLS,209,0.174906
5,DLS-ACC,intermediate,DLS,210,0.038096
5,DLS-ACC,intermediate,DLS,211,0.049766
5,DLS-ACC,intermediate,DLS,212,0.030071
5,DLS-ACC,intermediate,DLS,213,0.099238
5,DLS-ACC,intermediate,DLS,214,0.411708
5,DLS-ACC,intermediate,DLS,215,0.025382
5,DLS-ACC,intermediate,DLS,216,0.03802
5,DLS-ACC,intermediate,DLS,217,0.184392
5,DLS-ACC,intermediate,DLS,218,0.031903
5,DLS-ACC,intermediate,DLS,219,0.055325
5,DLS-ACC,intermediate,DLS,220,0.349253
5,DLS-ACC,intermediate,DLS,221,0.005643
5,DLS-ACC,intermediate,DLS,222,0.095469
5,DLS-ACC,intermediate,DLS,223,0.046065
5,DLS-ACC,intermediate,DLS,224,0.075996
5,DLS-ACC,intermediate,DLS,225,0.132044
5,DLS-ACC,intermediate,DLS,226,0.036097
5,DLS-ACC,intermediate,DLS,227,0.51971
5,DLS-ACC,intermediate,DLS,228,0.471895
5,DLS-ACC,intermediate,DLS,229,0.149899
5,DLS-ACC,intermediate,DLS,230,0.032854
5,DLS-ACC,intermediate,DLS,231,0.04462
5,DLS-ACC,intermediate,DLS,232,0.123211
5,DLS-ACC,intermediate,DLS,233,0.139445
5,DLS-ACC,intermediate,DLS,234,0.255591
5,DLS-ACC,intermediate,DLS,235,0.111725
5,DLS-ACC,intermediate,DLS,236,0.018701
5,DLS-ACC,intermediate,ACC,0,0.154959
5,DLS-ACC,intermediate,ACC,1,0.068014
5,DLS-ACC,intermediate,ACC,2,0.12462
5,DLS-ACC,intermediate,ACC,3,0.080484
5,DLS-ACC,intermediate,ACC,4,0.549878
5,DLS-ACC,intermediate,ACC,5,0.089946
5,DLS-ACC,intermediate,ACC,6,0.074933
5,DLS-ACC,intermediate,ACC,7,0.095221
5,DLS-ACC,intermediate,ACC,8,0.089403
5,DLS-ACC,intermediate,ACC,9,0.164018
5,DLS-ACC,intermediate,ACC,10,0.65253
5,DLS-ACC,intermediate,ACC,11,0.102773
5,DLS-ACC,intermediate,ACC,12,0.099952
5,DLS-ACC,intermediate,ACC,13,0.07005
5,DLS-ACC,intermediate,ACC,14,0.057558
5,DLS-ACC,intermediate,ACC,15,0.611397
5,DLS-ACC,intermediate,ACC,16,0.131745
5,DLS-ACC,intermediate,ACC,17,0.163265
5,DLS-ACC,intermediate,ACC,18,0.18082
5,DLS-ACC,intermediate,ACC,19,0.06143
5,DLS-ACC,intermediate,ACC,20,0.052403
5,DLS-ACC,intermediate,ACC,21,0.0
5,DLS-ACC,intermediate,ACC,22,0.036403
5,DLS-ACC,intermediate,ACC,23,0.073599
5,DLS-ACC,intermediate,ACC,24,0.476227
5,DLS-ACC,intermediate,ACC,25,0.123215
5,DLS-ACC,intermediate,ACC,26,0.062943
5,DLS-ACC,intermediate,ACC,27,0.063145
5,DLS-ACC,intermediate,ACC,28,0.200313
5,DLS-ACC,intermediate,ACC,29,0.158877
5,DLS-ACC,intermediate,ACC,30,0.152312
5,DLS-ACC,intermediate,ACC,31,0.156273
5,DLS-ACC,intermediate,ACC,32,0.188743
5,DLS-ACC,intermediate,ACC,33,0.028111
5,DLS-ACC,intermediate,ACC,34,0.15336
5,DLS-ACC,intermediate,ACC,35,0.18662
5,DLS-ACC,intermediate,ACC,36,0.220088
5,DLS-ACC,intermediate,ACC,37,0.028685
5,DLS-ACC,intermediate,ACC,38,0.041507
5,DLS-ACC,intermediate,ACC,39,0.214098
5,DLS-ACC,intermediate,ACC,40,0.667128
5,DLS-ACC,intermediate,ACC,41,0.089489
5,DLS-ACC,intermediate,ACC,42,0.642576
5,DLS-ACC,intermediate,ACC,43,0.539818
5,DLS-ACC,intermediate,ACC,44,0.046735
5,DLS-ACC,intermediate,ACC,45,0.055952
5,DLS-ACC,intermediate,ACC,46,0.130777
5,DLS-ACC,intermediate,ACC,47,0.081275
5,DLS-ACC,intermediate,ACC,48,0.178453
5,DLS-ACC,intermediate,ACC,49,0.167692
5,DLS-ACC,intermediate,ACC,50,0.052103
5,DLS-ACC,intermediate,ACC,51,0.161602
5,DLS-ACC,intermediate,ACC,52,0.085131
5,DLS-ACC,intermediate,ACC,53,0.191679
5,DLS-ACC,intermediate,ACC,54,0.143604
5,DLS-ACC,intermediate,ACC,55,0.115354
5,DLS-ACC,intermediate,ACC,56,0.132558
5,DLS-ACC,intermediate,ACC,57,0.102502
5,DLS-ACC,intermediate,ACC,58,0.250918
5,DLS-ACC,intermediate,ACC,59,0.053825
5,DLS-ACC,intermediate,ACC,60,0.21479
5,DLS-ACC,intermediate,ACC,61,0.20433
5,DLS-ACC,intermediate,ACC,62,0.332906
5,DLS-ACC,intermediate,ACC,63,0.370287
5,DLS-ACC,intermediate,ACC,64,0.127658
5,DLS-ACC,intermediate,ACC,65,0.189379
5,DLS-ACC,intermediate,ACC,66,0.025061
5,DLS-ACC,intermediate,ACC,67,0.665161
5,DLS-ACC,intermediate,ACC,68,0.22924
5,DLS-ACC,intermediate,ACC,69,0.056252
5,DLS-ACC,intermediate,ACC,70,0.113453
5,DLS-ACC,intermediate,ACC,71,0.381367
5,DLS-ACC,intermediate,ACC,72,0.390344
5,DLS-ACC,intermediate,ACC,73,0.128745
5,DLS-ACC,intermediate,ACC,74,0.078202
5,DLS-ACC,intermediate,ACC,75,0.103093
5,DLS-ACC,intermediate,ACC,76,0.232132
5,DLS-ACC,intermediate,ACC,77,0.217201
5,DLS-ACC,intermediate,ACC,78,0.230274
5,DLS-ACC,intermediate,ACC,79,0.293159
5,DLS-ACC,intermediate,ACC,80,0.128671
5,DLS-ACC,intermediate,ACC,81,0.112983
5,DLS-ACC,intermediate,ACC,82,0.108126
5,DLS-ACC,intermediate,ACC,83,0.062972
5,DLS-ACC,intermediate,ACC,84,0.150794
5,DLS-ACC,intermediate,ACC,85,0.10315
5,DLS-ACC,intermediate,ACC,86,0.159354
5,DLS-ACC,intermediate,ACC,87,0.025286
5,DLS-ACC,intermediate,ACC,88,0.030684
5,DLS-ACC,intermediate,ACC,89,0.092965
5,DLS-ACC,intermediate,ACC,90,0.075234
5,DLS-ACC,intermediate,ACC,91,0.032694
5,DLS-ACC,intermediate,ACC,92,0.118809
5,DLS-ACC,intermediate,ACC,93,0.015765
5,DLS-ACC,intermediate,ACC,94,0.0
5,DLS-ACC,intermediate,ACC,95,0.082555
5,DLS-ACC,intermediate,ACC,96,0.622313
5,DLS-ACC,intermediate,ACC,97,0.124225
5,DLS-ACC,intermediate,ACC,98,0.384648
5,DLS-ACC,intermediate,ACC,99,0.009233
5,DLS-ACC,intermediate,ACC,100,0.040302
5,DLS-ACC,intermediate,ACC,101,0.088526
5,DLS-ACC,intermediate,ACC,102,0.629072
5,DLS-ACC,intermediate,ACC,103,0.663789
5,DLS-ACC,intermediate,ACC,104,0.12118
5,DLS-ACC,intermediate,ACC,105,0.019659
5,DLS-ACC,intermediate,ACC,106,0.027009
5,DLS-ACC,intermediate,ACC,107,0.018748
5,DLS-ACC,intermediate,ACC,108,0.028478
5,DLS-ACC,intermediate,ACC,109,0.02758
5,DLS-ACC,intermediate,ACC,110,0.0
5,DLS-ACC,intermediate,ACC,111,0.018699
5,DLS-ACC,intermediate,ACC,112,0.055106
5,DLS-ACC,intermediate,ACC,113,0.254034
5,DLS-ACC,intermediate,ACC,114,0.108464
5,DLS-ACC,intermediate,ACC,115,0.015462
5,DLS-ACC,intermediate,ACC,116,0.569493
5,DLS-ACC,intermediate,ACC,117,0.058352
5,DLS-ACC,intermediate,ACC,118,0.108756
5,DLS-ACC,intermediate,ACC,119,0.520227
5,DLS-ACC,intermediate,ACC,120,0.187434
5,DLS-ACC,intermediate,ACC,121,0.089354
5,DLS-ACC,intermediate,ACC,122,0.034849
5,DLS-ACC,intermediate,ACC,123,0.07232
5,DLS-ACC,intermediate,ACC,124,0.510428
5,DLS-ACC,intermediate,ACC,125,0.486184
5,DLS-ACC,intermediate,ACC,126,0.105796
5,DLS-ACC,intermediate,ACC,127,0.120127
5,DLS-ACC,intermediate,ACC,128,0.0
5,DLS-ACC,intermediate,ACC,129,0.007366
5,DLS-ACC,intermediate,ACC,130,0.584793
5,DLS-ACC,intermediate,ACC,131,0.104824
5,DLS-ACC,intermediate,ACC,132,0.139579
5,DLS-ACC,intermediate,ACC,133,0.045788
5,DLS-ACC,intermediate,ACC,134,0.100298
5,DLS-ACC,intermediate,ACC,135,0.185879
5,DLS-ACC,intermediate,ACC,136,0.168944
5,DLS-ACC,intermediate,ACC,137,0.140488
5,DLS-ACC,intermediate,ACC,138,0.102575
5,DLS-ACC,intermediate,ACC,139,0.082166
5,DLS-ACC,intermediate,ACC,140,0.077285
5,DLS-ACC,intermediate,ACC,141,0.048163
5,DLS-ACC,intermediate,ACC,142,0.044847
5,DLS-ACC,intermediate,ACC,143,0.088263
5,DLS-ACC,intermediate,ACC,144,0.013717
5,DLS-ACC,intermediate,ACC,145,0.086241
5,DLS-ACC,intermediate,ACC,146,0.287207
5,DLS-ACC,intermediate,ACC,147,0.161905
5,DLS-ACC,intermediate,ACC,148,0.244209
5,DLS-ACC,intermediate,ACC,149,0.0
5,DLS-ACC,intermediate,ACC,150,0.0
5,DLS-ACC,intermediate,ACC,151,0.667273
5,DLS-ACC,intermediate,ACC,152,0.065687
5,DLS-ACC,intermediate,ACC,153,0.221044
5,DLS-ACC,intermediate,ACC,154,0.05225
5,DLS-ACC,intermediate,ACC,155,0.102693
5,DLS-ACC,intermediate,ACC,156,0.046453
5,DLS-ACC,intermediate,ACC,157,0.054895
5,DLS-ACC,intermediate,ACC,158,0.17019
5,DLS-ACC,intermediate,ACC,159,0.204888
5,DLS-ACC,intermediate,ACC,160,0.36359
5,DLS-ACC,intermediate,ACC,161,0.051155
5,DLS-ACC,intermediate,ACC,162,0.012495
5,DLS-ACC,intermediate,ACC,163,0.605975
5,DLS-ACC,intermediate,ACC,164,0.063865
5,DLS-ACC,intermediate,ACC,165,0.180158
5,DLS-ACC,intermediate,ACC,166,0.307111
5,DLS-ACC,intermediate,ACC,167,0.146611
5,DLS-ACC,intermediate,ACC,168,0.168208
5,DLS-ACC,intermediate,ACC,169,0.048872
5,DLS-ACC,intermediate,ACC,170,0.157504
5,DLS-ACC,intermediate,ACC,171,0.034855
5,DLS-ACC,intermediate,ACC,172,0.025968
5,DLS-ACC,intermediate,ACC,173,0.477413
5,DLS-ACC,intermediate,ACC,174,0.190955
5,DLS-ACC,expert,DLS,0,0.078047
5,DLS-ACC,expert,DLS,1,0.092726
5,DLS-ACC,expert,DLS,2,0.073018
5,DLS-ACC,expert,DLS,3,0.123942
5,DLS-ACC,expert,DLS,4,0.117936
5,DLS-ACC,expert,DLS,5,0.02365
5,DLS-ACC,expert,DLS,6,0.129122
5,DLS-ACC,expert,DLS,7,0.144882
5,DLS-ACC,expert,DLS,8,0.093247
5,DLS-ACC,expert,DLS,9,0.097438
5,DLS-ACC,expert,DLS,10,0.008574
5,DLS-ACC,expert,DLS,11,0.110834
5,DLS-ACC,expert,DLS,12,0.110974
5,DLS-ACC,expert,DLS,13,0.212668
5,DLS-ACC,expert,DLS,14,0.146528
5,DLS-ACC,expert,DLS,15,0.0
5,DLS-ACC,expert,DLS,16,0.173902
5,DLS-ACC,expert,DLS,17,0.045535
5,DLS-ACC,expert,DLS,18,0.155402
5,DLS-ACC,expert,DLS,19,0.079319
5,DLS-ACC,expert,DLS,20,0.098978
5,DLS-ACC,expert,DLS,21,0.16995
5,DLS-ACC,expert,DLS,22,0.039188
5,DLS-ACC,expert,DLS,23,0.184061
5,DLS-ACC,expert,DLS,24,0.170083
5,DLS-ACC,expert,DLS,25,0.030088
5,DLS-ACC,expert,DLS,26,0.0
5,DLS-ACC,expert,DLS,27,0.219145
5,DLS-ACC,expert,DLS,28,0.022475
5,DLS-ACC,expert,DLS,29,0.081616
5,DLS-ACC,expert,DLS,30,0.226291
5,DLS-ACC,expert,DLS,31,0.354876
5,DLS-ACC,expert,DLS,32,0.137996
5,DLS-ACC,expert,DLS,33,0.128772
5,DLS-ACC,expert,DLS,34,0.032148
5,DLS-ACC,expert,DLS,35,0.091796
5,DLS-ACC,expert,DLS,36,0.156267
5,DLS-ACC,expert,DLS,37,0.053698
5,DLS-ACC,expert,DLS,38,0.148563
5,DLS-ACC,expert,DLS,39,0.305869
5,DLS-ACC,expert,DLS,40,0.266823
5,DLS-ACC,expert,DLS,41,0.052647
5,DLS-ACC,expert,DLS,42,0.010659
5,DLS-ACC,expert,DLS,43,0.122663
5,DLS-ACC,expert,DLS,44,0.135898
5,DLS-ACC,expert,DLS,45,0.075072
5,DLS-ACC,expert,DLS,46,0.070808
5,DLS-ACC,expert,DLS,47,0.556638
5,DLS-ACC,expert,DLS,48,0.055388
5,DLS-ACC,expert,DLS,49,0.124664
5,DLS-ACC,expert,DLS,50,0.139377
5,DLS-ACC,expert,DLS,51,0.107978
5,DLS-ACC,expert,DLS,52,0.07812
5,DLS-ACC,expert,DLS,53,0.09946
5,DLS-ACC,expert,DLS,54,0.136625
5,DLS-ACC,expert,DLS,55,0.138109
5,DLS-ACC,expert,DLS,56,0.171014
5,DLS-ACC,expert,DLS,57,0.078372
5,DLS-ACC,expert,DLS,58,0.116885
5,DLS-ACC,expert,DLS,59,0.158206
5,DLS-ACC,expert,DLS,60,0.079488
5,DLS-ACC,expert,DLS,61,0.141778
5,DLS-ACC,expert,DLS,62,0.176374
5,DLS-ACC,expert,DLS,63,0.126538
5,DLS-ACC,expert,DLS,64,0.147287
5,DLS-ACC,expert,DLS,65,0.079461
5,DLS-ACC,expert,DLS,66,0.088326
5,DLS-ACC,expert,DLS,67,0.034424
5,DLS-ACC,expert,DLS,68,0.082198
5,DLS-ACC,expert,DLS,69,0.022198
5,DLS-ACC,expert,DLS,70,0.145394
5,DLS-ACC,expert,DLS,71,0.193454
5,DLS-ACC,expert,DLS,72,0.150482
5,DLS-ACC,expert,DLS,73,0.140741
5,DLS-ACC,expert,DLS,74,0.02236
5,DLS-ACC,expert,DLS,75,0.067496
5,DLS-ACC,expert,DLS,76,0.027169
5,DLS-ACC,expert,DLS,77,0.058088
5,DLS-ACC,expert,DLS,78,0.129881
5,DLS-ACC,expert,DLS,79,0.12665
5,DLS-ACC,expert,DLS,80,0.068901
5,DLS-ACC,expert,DLS,81,0.018451
5,DLS-ACC,expert,DLS,82,0.608713
5,DLS-ACC,expert,DLS,83,0.012164
5,DLS-ACC,expert,DLS,84,0.131195
5,DLS-ACC,expert,DLS,85,0.091517
5,DLS-ACC,expert,DLS,86,0.058737
5,DLS-ACC,expert,DLS,87,0.075701
5,DLS-ACC,expert,DLS,88,0.056925
5,DLS-ACC,expert,DLS,89,0.132607
5,DLS-ACC,expert,DLS,90,0.042312
5,DLS-ACC,expert,DLS,91,0.100605
5,DLS-ACC,expert,DLS,92,0.027122
5,DLS-ACC,expert,DLS,93,0.083677
5,DLS-ACC,expert,DLS,94,0.366902
5,DLS-ACC,expert,DLS,95,0.076811
5,DLS-ACC,expert,DLS,96,0.362812
5,DLS-ACC,expert,DLS,97,0.133858
5,DLS-ACC,expert,DLS,98,0.028619
5,DLS-ACC,expert,DLS,99,0.368885
5,DLS-ACC,expert,DLS,100,0.36929
5,DLS-ACC,expert,DLS,101,0.136066
5,DLS-ACC,expert,DLS,102,0.121925
5,DLS-ACC,expert,DLS,103,0.109628
5,DLS-ACC,expert,DLS,104,0.141291
5,DLS-ACC,expert,DLS,105,0.547077
5,DLS-ACC,expert,DLS,106,0.058105
5,DLS-ACC,expert,DLS,107,0.217038
5,DLS-ACC,expert,DLS,108,0.09326
5,DLS-ACC,expert,DLS,109,0.145712
5,DLS-ACC,expert,DLS,110,0.201196
5,DLS-ACC,expert,DLS,111,0.36928
5,DLS-ACC,expert,DLS,112,0.248483
5,DLS-ACC,expert,DLS,113,0.084869
5,DLS-ACC,expert,DLS,114,0.205649
5,DLS-ACC,expert,DLS,115,0.049633
5,DLS-ACC,expert,DLS,116,0.140141
5,DLS-ACC,expert,DLS,117,0.058613
5,DLS-ACC,expert,DLS,118,0.043209
5,DLS-ACC,expert,DLS,119,0.013085
5,DLS-ACC,expert,DLS,120,0.514584
5,DLS-ACC,expert,DLS,121,0.0
5,DLS-ACC,expert,DLS,122,0.123461
5,DLS-ACC,expert,DLS,123,0.12126
5,DLS-ACC,expert,DLS,124,0.133797
5,DLS-ACC,expert,DLS,125,0.146262
5,DLS-ACC,expert,DLS,126,0.037849
5,DLS-ACC,expert,DLS,127,0.136024
5,DLS-ACC,expert,DLS,128,0.026836
5,DLS-ACC,expert,DLS,129,0.061421
5,DLS-ACC,expert,DLS,130,0.0
5,DLS-ACC,expert,DLS,131,0.196962
5,DLS-ACC,expert,DLS,132,0.006815
5,DLS-ACC,expert,DLS,133,0.025013
5,DLS-ACC,expert,DLS,134,0.017414
5,DLS-ACC,expert,DLS,135,0.003468
5,DLS-ACC,expert,DLS,136,0.000212
5,DLS-ACC,expert,DLS,137,0.275636
5,DLS-ACC,expert,DLS,138,0.095441
5,DLS-ACC,expert,DLS,139,0.462927
5,DLS-ACC,expert,DLS,140,0.323204
5,DLS-ACC,expert,DLS,141,0.012785
5,DLS-ACC,expert,DLS,142,0.040084
5,DLS-ACC,expert,DLS,143,0.112193
5,DLS-ACC,expert,DLS,144,0.216711
5,DLS-ACC,expert,DLS,145,0.205245
5,DLS-ACC,expert,DLS,146,0.021232
5,DLS-ACC,expert,DLS,147,0.0
5,DLS-ACC,expert,DLS,148,0.255025
5,DLS-ACC,expert,DLS,149,0.584746
5,DLS-ACC,expert,DLS,150,0.0
5,DLS-ACC,expert,DLS,151,0.0
5,DLS-ACC,expert,DLS,152,0.113903
5,DLS-ACC,expert,DLS,153,0.0
5,DLS-ACC,expert,DLS,154,0.027278
5,DLS-ACC,expert,DLS,155,0.032292
5,DLS-ACC,expert,DLS,156,0.096631
5,DLS-ACC,expert,DLS,157,0.020057
5,DLS-ACC,expert,DLS,158,0.075358
5,DLS-ACC,expert,DLS,159,0.041981
5,DLS-ACC,expert,DLS,160,0.083516
5,DLS-ACC,expert,DLS,161,0.016438
5,DLS-ACC,expert,DLS,162,0.575276
5,DLS-ACC,expert,DLS,163,0.062586
5,DLS-ACC,expert,DLS,164,0.021399
5,DLS-ACC,expert,DLS,165,0.102934
5,DLS-ACC,expert,DLS,166,0.382951
5,DLS-ACC,expert,DLS,167,0.074936
5,DLS-ACC,expert,DLS,168,0.069413
5,DLS-ACC,expert,DLS,169,0.114729
5,DLS-ACC,expert,DLS,170,0.097409
5,DLS-ACC,expert,DLS,171,0.040389
5,DLS-ACC,expert,DLS,172,0.091882
5,DLS-ACC,expert,DLS,173,0.0
5,DLS-ACC,expert,DLS,174,0.0
5,DLS-ACC,expert,DLS,175,0.048242
5,DLS-ACC,expert,DLS,176,0.0
5,DLS-ACC,expert,DLS,177,0.0
5,DLS-ACC,expert,DLS,178,0.091735
5,DLS-ACC,expert,DLS,179,0.034968
5,DLS-ACC,expert,DLS,180,0.066631
5,DLS-ACC,expert,DLS,181,0.141797
5,DLS-ACC,expert,DLS,182,0.017923
5,DLS-ACC,expert,DLS,183,0.090952
5,DLS-ACC,expert,DLS,184,0.590585
5,DLS-ACC,expert,DLS,185,0.068933
5,DLS-ACC,expert,DLS,186,0.011529
5,DLS-ACC,expert,DLS,187,0.0
5,DLS-ACC,expert,DLS,188,0.203665
5,DLS-ACC,expert,DLS,189,0.097808
5,DLS-ACC,expert,DLS,190,0.176947
5,DLS-ACC,expert,DLS,191,0.60246
5,DLS-ACC,expert,DLS,192,0.0679
5,DLS-ACC,expert,DLS,193,0.024418
5,DLS-ACC,expert,DLS,194,0.055227
5,DLS-ACC,expert,DLS,195,0.085622
5,DLS-ACC,expert,DLS,196,0.027648
5,DLS-ACC,expert,DLS,197,0.0
5,DLS-ACC,expert,DLS,198,0.174124
5,DLS-ACC,expert,DLS,199,0.0
5,DLS-ACC,expert,DLS,200,0.0
5,DLS-ACC,expert,DLS,201,0.0
5,DLS-ACC,expert,DLS,202,0.526692
5,DLS-ACC,expert,DLS,203,0.032257
5,DLS-ACC,expert,DLS,204,0.020018
5,DLS-ACC,expert,DLS,205,0.041149
5,DLS-ACC,expert,DLS,206,0.091393
5,DLS-ACC,expert,DLS,207,0.089058
5,DLS-ACC,expert,DLS,208,0.130612
5,DLS-ACC,expert,DLS,209,0.088569
5,DLS-ACC,expert,DLS,210,0.099416
5,DLS-ACC,expert,DLS,211,0.044852
5,DLS-ACC,expert,DLS,212,0.547405
5,DLS-ACC,expert,DLS,213,0.102902
5,DLS-ACC,expert,DLS,214,0.226436
5,DLS-ACC,expert,DLS,215,0.181041
5,DLS-ACC,expert,DLS,216,0.026948
5,DLS-ACC,expert,DLS,217,0.154625
5,DLS-ACC,expert,DLS,218,0.029869
5,DLS-ACC,expert,DLS,219,0.071576
5,DLS-ACC,expert,DLS,220,0.21686
5,DLS-ACC,expert,DLS,221,0.080155
5,DLS-ACC,expert,DLS,222,0.082856
5,DLS-ACC,expert,DLS,223,0.077062
5,DLS-ACC,expert,DLS,224,0.051832
5,DLS-ACC,expert,DLS,225,0.16241
5,DLS-ACC,expert,DLS,226,0.012559
5,DLS-ACC,expert,DLS,227,0.127523
5,DLS-ACC,expert,DLS,228,0.469991
5,DLS-ACC,expert,DLS,229,0.170053
5,DLS-ACC,expert,DLS,230,0.127354
5,DLS-ACC,expert,DLS,231,0.60329
5,DLS-ACC,expert,DLS,232,0.141946
5,DLS-ACC,expert,DLS,233,0.025184
5,DLS-ACC,expert,DLS,234,0.172542
5,DLS-ACC,expert,DLS,235,0.088422
5,DLS-ACC,expert,DLS,236,0.159626
5,DLS-ACC,expert,ACC,0,0.089401
5,DLS-ACC,expert,ACC,1,0.106571
5,DLS-ACC,expert,ACC,2,0.115468
5,DLS-ACC,expert,ACC,3,0.15015
5,DLS-ACC,expert,ACC,4,0.136961
5,DLS-ACC,expert,ACC,5,0.074866
5,DLS-ACC,expert,ACC,6,0.060592
5,DLS-ACC,expert,ACC,7,0.062879
5,DLS-ACC,expert,ACC,8,0.125704
5,DLS-ACC,expert,ACC,9,0.061738
5,DLS-ACC,expert,ACC,10,0.186972
5,DLS-ACC,expert,ACC,11,0.085823
5,DLS-ACC,expert,ACC,12,0.084772
5,DLS-ACC,expert,ACC,13,0.088842
5,DLS-ACC,expert,ACC,14,0.054263
5,DLS-ACC,expert,ACC,15,0.067974
5,DLS-ACC,expert,ACC,16,0.183433
5,DLS-ACC,expert,ACC,17,0.089194
5,DLS-ACC,expert,ACC,18,0.126567
5,DLS-ACC,expert,ACC,19,0.063725
5,DLS-ACC,expert,ACC,20,0.073612
5,DLS-ACC,expert,ACC,21,0.007747
5,DLS-ACC,expert,ACC,22,0.089532
5,DLS-ACC,expert,ACC,23,0.083736
5,DLS-ACC,expert,ACC,24,0.066523
5,DLS-ACC,expert,ACC,25,0.119811
5,DLS-ACC,expert,ACC,26,0.077224
5,DLS-ACC,expert,ACC,27,0.065558
5,DLS-ACC,expert,ACC,28,0.183721
5,DLS-ACC,expert,ACC,29,0.041342
5,DLS-ACC,expert,ACC,30,0.107244
5,DLS-ACC,expert,ACC,31,0.12712
5,DLS-ACC,expert,ACC,32,0.231602
5,DLS-ACC,expert,ACC,33,0.021032
5,DLS-ACC,expert,ACC,34,0.061568
5,DLS-ACC,expert,ACC,35,0.155481
5,DLS-ACC,expert,ACC,36,0.099645
5,DLS-ACC,expert,ACC,37,0.05388
5,DLS-ACC,expert,ACC,38,0.574978
5,DLS-ACC,expert,ACC,39,0.192847
5,DLS-ACC,expert,ACC,40,0.033574
5,DLS-ACC,expert,ACC,41,0.089182
5,DLS-ACC,expert,ACC,42,0.109839
5,DLS-ACC,expert,ACC,43,0.11823
5,DLS-ACC,expert,ACC,44,0.111483
5,DLS-ACC,expert,ACC,45,0.150485
5,DLS-ACC,expert,ACC,46,0.098574
5,DLS-ACC,expert,ACC,47,0.087947
5,DLS-ACC,expert,ACC,48,0.108763
5,DLS-ACC,expert,ACC,49,0.05108
5,DLS-ACC,expert,ACC,50,0.247266
5,DLS-ACC,expert,ACC,51,0.155434
5,DLS-ACC,expert,ACC,52,0.073059
5,DLS-ACC,expert,ACC,53,0.159213
5,DLS-ACC,expert,ACC,54,0.156052
5,DLS-ACC,expert,ACC,55,0.066862
5,DLS-ACC,expert,ACC,56,0.103008
5,DLS-ACC,expert,ACC,57,0.092296
5,DLS-ACC,expert,ACC,58,0.480845
5,DLS-ACC,expert,ACC,59,0.097608
5,DLS-ACC,expert,ACC,60,0.108738
5,DLS-ACC,expert,ACC,61,0.160757
5,DLS-ACC,expert,ACC,62,0.136249
5,DLS-ACC,expert,ACC,63,0.191821
5,DLS-ACC,expert,ACC,64,0.106939
5,DLS-ACC,expert,ACC,65,0.105907
5,DLS-ACC,expert,ACC,66,0.03666
5,DLS-ACC,expert,ACC,67,0.131647
5,DLS-ACC,expert,ACC,68,0.226309
5,DLS-ACC,expert,ACC,69,0.10086
5,DLS-ACC,expert,ACC,70,0.36234
5,DLS-ACC,expert,ACC,71,0.342796
5,DLS-ACC,expert,ACC,72,0.21718
5,DLS-ACC,expert,ACC,73,0.064209
5,DLS-ACC,expert,ACC,74,0.080618
5,DLS-ACC,expert,ACC,75,0.354441
5,DLS-ACC,expert,ACC,76,0.111087
5,DLS-ACC,expert,ACC,77,0.24085
5,DLS-ACC,expert,ACC,78,0.499943
5,DLS-ACC,expert,ACC,79,0.10371
5,DLS-ACC,expert,ACC,80,0.104505
5,DLS-ACC,expert,ACC,81,0.078704
5,DLS-ACC,expert,ACC,82,0.055314
5,DLS-ACC,expert,ACC,83,0.488879
5,DLS-ACC,expert,ACC,84,0.407125
5,DLS-ACC,expert,ACC,85,0.11023
5,DLS-ACC,expert,ACC,86,0.452057
5,DLS-ACC,expert,ACC,87,0.145815
5,DLS-ACC,expert,ACC,88,0.507072
5,DLS-ACC,expert,ACC,89,0.48122
5,DLS-ACC,expert,ACC,90,0.030853
5,DLS-ACC,expert,ACC,91,0.140512
5,DLS-ACC,expert,ACC,92,0.18962
5,DLS-ACC,expert,ACC,93,0.054198
5,DLS-ACC,expert,ACC,94,0.051881
5,DLS-ACC,expert,ACC,95,0.261115
5,DLS-ACC,expert,ACC,96,0.0
5,DLS-ACC,expert,ACC,97,0.138721
5,DLS-ACC,expert,ACC,98,0.112451
5,DLS-ACC,expert,ACC,99,0.318983
5,DLS-ACC,expert,ACC,100,0.550785
5,DLS-ACC,expert,ACC,101,0.045401
5,DLS-ACC,expert,ACC,102,0.237831
5,DLS-ACC,expert,ACC,103,0.098032
5,DLS-ACC,expert,ACC,104,0.049808
5,DLS-ACC,expert,ACC,105,0.026082
5,DLS-ACC,expert,ACC,106,0.05868
5,DLS-ACC,expert,ACC,107,0.036506
5,DLS-ACC,expert,ACC,108,0.08427
5,DLS-ACC,expert,ACC,109,0.036189
5,DLS-ACC,expert,ACC,110,0.0
5,DLS-ACC,expert,ACC,111,0.021682
5,DLS-ACC,expert,ACC,112,0.0
5,DLS-ACC,expert,ACC,113,0.350726
5,DLS-ACC,expert,ACC,114,0.052768
5,DLS-ACC,expert,ACC,115,0.010446
5,DLS-ACC,expert,ACC,116,0.100967
5,DLS-ACC,expert,ACC,117,0.036436
5,DLS-ACC,expert,ACC,118,0.058818
5,DLS-ACC,expert,ACC,119,0.520491
5,DLS-ACC,expert,ACC,120,0.16019
5,DLS-ACC,expert,ACC,121,0.56432
5,DLS-ACC,expert,ACC,122,0.519108
5,DLS-ACC,expert,ACC,123,0.6508
5,DLS-ACC,expert,ACC,124,0.058107
5,DLS-ACC,expert,ACC,125,0.053641
5,DLS-ACC,expert,ACC,126,0.124853
5,DLS-ACC,expert,ACC,127,0.209155
5,DLS-ACC,expert,ACC,128,0.0
5,DLS-ACC,expert,ACC,129,0.011995
5,DLS-ACC,expert,ACC,130,0.160164
5,DLS-ACC,expert,ACC,131,0.057073
5,DLS-ACC,expert,ACC,132,0.086379
5,DLS-ACC,expert,ACC,133,0.046706
5,DLS-ACC,expert,ACC,134,0.08188
5,DLS-ACC,expert,ACC,135,0.268592
5,DLS-ACC,expert,ACC,136,0.168619
5,DLS-ACC,expert,ACC,137,0.197396
5,DLS-ACC,expert,ACC,138,0.152318
5,DLS-ACC,expert,ACC,139,0.547902
5,DLS-ACC,expert,ACC,140,0.098276
5,DLS-ACC,expert,ACC,141,0.182658
5,DLS-ACC,expert,ACC,142,0.245678
5,DLS-ACC,expert,ACC,143,0.155479
5,DLS-ACC,expert,ACC,144,0.006845
5,DLS-ACC,expert,ACC,145,0.549325
5,DLS-ACC,expert,ACC,146,0.1177
5,DLS-ACC,expert,ACC,147,0.125157
5,DLS-ACC,expert,ACC,148,0.021703
5,DLS-ACC,expert,ACC,149,0.023672
5,DLS-ACC,expert,ACC,150,0.122027
5,DLS-ACC,expert,ACC,151,0.020672
5,DLS-ACC,expert,ACC,152,0.087956
5,DLS-ACC,expert,ACC,153,0.025634
5,DLS-ACC,expert,ACC,154,0.08843
5,DLS-ACC,expert,ACC,155,0.028553
5,DLS-ACC,expert,ACC,156,0.040301
5,DLS-ACC,expert,ACC,157,0.07173
5,DLS-ACC,expert,ACC,158,0.476457
5,DLS-ACC,expert,ACC,159,0.110792
5,DLS-ACC,expert,ACC,160,0.151998
5,DLS-ACC,expert,ACC,161,0.062155
5,DLS-ACC,expert,ACC,162,0.172969
5,DLS-ACC,expert,ACC,163,0.068483
5,DLS-ACC,expert,ACC,164,0.016081
5,DLS-ACC,expert,ACC,165,0.559966
5,DLS-ACC,expert,ACC,166,0.614769
5,DLS-ACC,expert,ACC,167,0.134755
5,DLS-ACC,expert,ACC,168,0.025207
5,DLS-ACC,expert,ACC,169,0.055669
5,DLS-ACC,expert,ACC,170,0.161265
5,DLS-ACC,expert,ACC,171,0.097516
5,DLS-ACC,expert,ACC,172,0.052396
5,DLS-ACC,expert,ACC,173,0.573981
5,DLS-ACC,expert,ACC,174,0.077414
6,DMS-ACC,naive,DMS,0,0.95734
6,DMS-ACC,naive,DMS,1,0.517144
6,DMS-ACC,naive,DMS,2,0.586376
6,DMS-ACC,naive,DMS,3,0.906867
6,DMS-ACC,naive,DMS,4,0.536546
6,DMS-ACC,naive,ACC,0,0.852722
6,DMS-ACC,naive,ACC,1,0.794546
6,DMS-ACC,naive,ACC,2,1.313368
6,DMS-ACC,naive,ACC,3,5.694182
6,DMS-ACC,naive,ACC,4,1.480055
6,DMS-ACC,intermediate,DMS,0,1.042627
6,DMS-ACC,intermediate,DMS,1,0.0
6,DMS-ACC,intermediate,DMS,2,1.330547
6,DMS-ACC,intermediate,DMS,3,1.034423
6,DMS-ACC,intermediate,DMS,4,2.070954
6,DMS-ACC,intermediate,ACC,0,1.016433
6,DMS-ACC,intermediate,ACC,1,1.047634
6,DMS-ACC,intermediate,ACC,2,0.604428
6,DMS-ACC,intermediate,ACC,3,0.800725
6,DMS-ACC,intermediate,ACC,4,0.695129
6,DMS-ACC,expert,DMS,0,1.165529
6,DMS-ACC,expert,DMS,1,0.0
6,DMS-ACC,expert,DMS,2,1.521814
6,DMS-ACC,expert,DMS,3,0.879577
6,DMS-ACC,expert,DMS,4,1.368517
6,DMS-ACC,expert,ACC,0,0.289167
6,DMS-ACC,expert,ACC,1,1.01877
6,DMS-ACC,expert,ACC,2,0.877873
6,DMS-ACC,expert,ACC,3,0.828063
6,DMS-ACC,expert,ACC,4,2.898025
7,DMS-ACC,naive,DMS,0,1.166261
7,DMS-ACC,naive,DMS,1,0.863355
7,DMS-ACC,naive,DMS,2,0.655209
7,DMS-ACC,naive,DMS,3,0.787915
7,DMS-ACC,naive,DMS,4,0.822775
7,DMS-ACC,naive,DMS,5,1.095303
7,DMS-ACC,naive,DMS,6,1.304667
7,DMS-ACC,naive,DMS,7,1.638889
7,DMS-ACC,naive,DMS,8,8.132881
7,DMS-ACC,naive,DMS,9,2.053425
7,DMS-ACC,naive,DMS,10,1.358554
7,DMS-ACC,naive,DMS,11,0.794209
7,DMS-ACC,naive,DMS,12,1.079279
7,DMS-ACC,naive,ACC,0,0.592441
7,DMS-ACC,naive,ACC,1,0.441073
7,DMS-ACC,naive,ACC,2,0.536302
7,DMS-ACC,naive,ACC,3,0.007692
7,DMS-ACC,naive,ACC,4,0.618979
7,DMS-ACC,naive,ACC,5,0.073517
7,DMS-ACC,naive,ACC,6,0.35422
7,DMS-ACC,naive,ACC,7,0.314071
7,DMS-ACC,naive,ACC,8,0.338874
7,DMS-ACC,naive,ACC,9,0.619002
7,DMS-ACC,naive,ACC,10,0.325357
7,DMS-ACC,naive,ACC,11,0.484646
7,DMS-ACC,naive,ACC,12,0.313679
7,DMS-ACC,naive,ACC,13,0.102505
7,DMS-ACC,naive,ACC,14,0.040085
7,DMS-ACC,naive,ACC,15,0.178925
7,DMS-ACC,naive,ACC,16,0.308768
7,DMS-ACC,naive,ACC,17,0.618839
7,DMS-ACC,naive,ACC,18,0.198368
7,DMS-ACC,naive,ACC,19,0.123687
7,DMS-ACC,naive,ACC,20,0.040309
7,DMS-ACC,naive,ACC,21,0.392904
7,DMS-ACC,naive,ACC,22,0.405872
7,DMS-ACC,naive,ACC,23,0.217088
7,DMS-ACC,naive,ACC,24,0.287379
7,DMS-ACC,naive,ACC,25,0.42719
7,DMS-ACC,naive,ACC,26,0.13668
7,DMS-ACC,naive,ACC,27,0.019285
7,DMS-ACC,naive,ACC,28,0.130942
7,DMS-ACC,naive,ACC,29,0.083634
7,DMS-ACC,naive,ACC,30,0.598757
7,DMS-ACC,naive,ACC,31,0.005221
7,DMS-ACC,naive,ACC,32,0.044753
7,DMS-ACC,naive,ACC,33,0.005739
7,DMS-ACC,naive,ACC,34,0.056767
7,DMS-ACC,naive,ACC,35,0.016758
7,DMS-ACC,naive,ACC,36,0.630387
7,DMS-ACC,naive,ACC,37,0.057629
7,DMS-ACC,naive,ACC,38,0.013331
7,DMS-ACC,naive,ACC,39,0.082968
7,DMS-ACC,naive,ACC,40,0.090002
7,DMS-ACC,naive,ACC,41,0.478244
7,DMS-ACC,naive,ACC,42,0.050603
7,DMS-ACC,naive,ACC,43,0.065355
7,DMS-ACC,naive,ACC,44,0.003828
7,DMS-ACC,naive,ACC,45,0.012125
7,DMS-ACC,naive,ACC,46,0.652101
7,DMS-ACC,naive,ACC,47,0.005492
7,DMS-ACC,naive,ACC,48,0.05865
7,DMS-ACC,naive,ACC,49,0.416377
7,DMS-ACC,naive,ACC,50,0.030714
7,DMS-ACC,naive,ACC,51,0.004974
7,DMS-ACC,naive,ACC,52,0.641627
7,DMS-ACC,naive,ACC,53,0.545701
7,DMS-ACC,naive,ACC,54,0.168525
7,DMS-ACC,naive,ACC,55,0.652419
7,DMS-ACC,naive,ACC,56,0.003631
7,DMS-ACC,naive,ACC,57,0.470676
7,DMS-ACC,naive,ACC,58,0.447855
7,DMS-ACC,naive,ACC,59,0.007472
7,DMS-ACC,naive,ACC,60,0.692493
7,DMS-ACC,naive,ACC,61,0.016821
7,DMS-ACC,intermediate,DMS,0,1.350728
7,DMS-ACC,intermediate,DMS,1,0.909575
7,DMS-ACC,intermediate,DMS,2,0.833064
7,DMS-ACC,intermediate,DMS,3,0.987016
7,DMS-ACC,intermediate,DMS,4,1.358319
7,DMS-ACC,intermediate,DMS,5,1.235893
7,DMS-ACC,intermediate,DMS,6,1.326732
7,DMS-ACC,intermediate,DMS,7,1.911243
7,DMS-ACC,intermediate,DMS,8,1.527194
7,DMS-ACC,intermediate,DMS,9,1.556308
7,DMS-ACC,intermediate,DMS,10,1.829047
7,DMS-ACC,intermediate,DMS,11,0.884901
7,DMS-ACC,intermediate,DMS,12,1.025947
7,DMS-ACC,intermediate,ACC,0,0.534604
7,DMS-ACC,intermediate,ACC,1,0.25743
7,DMS-ACC,intermediate,ACC,2,0.196309
7,DMS-ACC,intermediate,ACC,3,0.026812
7,DMS-ACC,intermediate,ACC,4,0.431696
7,DMS-ACC,intermediate,ACC,5,0.187781
7,DMS-ACC,intermediate,ACC,6,0.132642
7,DMS-ACC,intermediate,ACC,7,0.343249
7,DMS-ACC,intermediate,ACC,8,0.573896
7,DMS-ACC,intermediate,ACC,9,0.198205
7,DMS-ACC,intermediate,ACC,10,0.515011
7,DMS-ACC,intermediate,ACC,11,0.280735
7,DMS-ACC,intermediate,ACC,12,0.321728
7,DMS-ACC,intermediate,ACC,13,0.553316
7,DMS-ACC,intermediate,ACC,14,0.193593
7,DMS-ACC,intermediate,ACC,15,0.464672
7,DMS-ACC,intermediate,ACC,16,0.282974
7,DMS-ACC,intermediate,ACC,17,0.34651
7,DMS-ACC,intermediate,ACC,18,0.480066
7,DMS-ACC,intermediate,ACC,19,0.666469
7,DMS-ACC,intermediate,ACC,20,0.050023
7,DMS-ACC,intermediate,ACC,21,0.35654
7,DMS-ACC,intermediate,ACC,22,0.154152
7,DMS-ACC,intermediate,ACC,23,0.420917
7,DMS-ACC,intermediate,ACC,24,0.379275
7,DMS-ACC,intermediate,ACC,25,0.143895
7,DMS-ACC,intermediate,ACC,26,0.340611
7,DMS-ACC,intermediate,ACC,27,0.136967
7,DMS-ACC,intermediate,ACC,28,0.105686
7,DMS-ACC,intermediate,ACC,29,0.647152
7,DMS-ACC,intermediate,ACC,30,0.596592
7,DMS-ACC,intermediate,ACC,31,0.148662
7,DMS-ACC,intermediate,ACC,32,0.630843
7,DMS-ACC,intermediate,ACC,33,0.762402
7,DMS-ACC,intermediate,ACC,34,0.564462
7,DMS-ACC,intermediate,ACC,35,0.219583
7,DMS-ACC,intermediate,ACC,36,0.554741
7,DMS-ACC,intermediate,ACC,37,0.186279
7,DMS-ACC,intermediate,ACC,38,0.024012
7,DMS-ACC,intermediate,ACC,39,0.623
7,DMS-ACC,intermediate,ACC,40,0.293962
7,DMS-ACC,intermediate,ACC,41,0.573122
7,DMS-ACC,intermediate,ACC,42,0.083192
7,DMS-ACC,intermediate,ACC,43,0.170538
7,DMS-ACC,intermediate,ACC,44,0.011676
7,DMS-ACC,intermediate,ACC,45,0.562298
7,DMS-ACC,intermediate,ACC,46,0.593789
7,DMS-ACC,intermediate,ACC,47,0.058339
7,DMS-ACC,intermediate,ACC,48,0.029178
7,DMS-ACC,intermediate,ACC,49,0.126992
7,DMS-ACC,intermediate,ACC,50,0.033408
7,DMS-ACC,intermediate,ACC,51,0.72377
7,DMS-ACC,intermediate,ACC,52,0.199389
7,DMS-ACC,intermediate,ACC,53,0.31339
7,DMS-ACC,intermediate,ACC,54,0.679725
7,DMS-ACC,intermediate,ACC,55,0.237135
7,DMS-ACC,intermediate,ACC,56,0.503465
7,DMS-ACC,intermediate,ACC,57,0.502702
7,DMS-ACC,intermediate,ACC,58,0.327697
7,DMS-ACC,intermediate,ACC,59,0.10106
7,DMS-ACC,intermediate,ACC,60,0.545544
7,DMS-ACC,intermediate,ACC,61,0.043383
7,DMS-ACC,expert,DMS,0,0.782647
7,DMS-ACC,expert,DMS,1,1.23447
7,DMS-ACC,expert,DMS,2,1.111556
7,DMS-ACC,expert,DMS,3,0.940674
7,DMS-ACC,expert,DMS,4,0.745004
7,DMS-ACC,expert,DMS,5,1.40244
7,DMS-ACC,expert,DMS,6,1.297571
7,DMS-ACC,expert,DMS,7,0.876724
7,DMS-ACC,expert,DMS,8,0.751576
7,DMS-ACC,expert,DMS,9,1.034521
7,DMS-ACC,expert,DMS,10,1.683857
7,DMS-ACC,expert,DMS,11,0.952059
7,DMS-ACC,expert,DMS,12,1.092112
7,DMS-ACC,expert,ACC,0,0.218374
7,DMS-ACC,expert,ACC,1,0.162592
7,DMS-ACC,expert,ACC,2,0.065914
7,DMS-ACC,expert,ACC,3,0.013883
7,DMS-ACC,expert,ACC,4,0.319942
7,DMS-ACC,expert,ACC,5,0.619532
7,DMS-ACC,expert,ACC,6,0.130095
7,DMS-ACC,expert,ACC,7,0.296841
7,DMS-ACC,expert,ACC,8,0.551661
7,DMS-ACC,expert,ACC,9,0.152592
7,DMS-ACC,expert,ACC,10,0.362899
7,DMS-ACC,expert,ACC,11,0.388804
7,DMS-ACC,expert,ACC,12,0.284998
7,DMS-ACC,expert,ACC,13,0.595958
7,DMS-ACC,expert,ACC,14,0.197763
7,DMS-ACC,expert,ACC,15,0.600336
7,DMS-ACC,expert,ACC,16,0.333796
7,DMS-ACC,expert,ACC,17,0.465601
7,DMS-ACC,expert,ACC,18,0.493577
7,DMS-ACC,expert,ACC,19,0.517352
7,DMS-ACC,expert,ACC,20,0.186548
7,DMS-ACC,expert,ACC,21,0.34079
7,DMS-ACC,expert,ACC,22,0.160113
7,DMS-ACC,expert,ACC,23,0.327947
7,DMS-ACC,expert,ACC,24,0.202994
7,DMS-ACC,expert,ACC,25,0.323763
7,DMS-ACC,expert,ACC,26,0.531639
7,DMS-ACC,expert,ACC,27,0.046688
7,DMS-ACC,expert,ACC,28,0.409609
7,DMS-ACC,expert,ACC,29,0.53304
7,DMS-ACC,expert,ACC,30,0.014749
7,DMS-ACC,expert,ACC,31,0.62051
7,DMS-ACC,expert,ACC,32,0.484214
7,DMS-ACC,expert,ACC,33,0.529023
7,DMS-ACC,expert,ACC,34,0.660158
7,DMS-ACC,expert,ACC,35,0.524292
7,DMS-ACC,expert,ACC,36,0.17469
7,DMS-ACC,expert,ACC,37,0.059598
7,DMS-ACC,expert,ACC,38,0.65811
7,DMS-ACC,expert,ACC,39,0.482898
7,DMS-ACC,expert,ACC,40,0.604424
7,DMS-ACC,expert,ACC,41,0.055829
7,DMS-ACC,expert,ACC,42,0.11518
7,DMS-ACC,expert,ACC,43,0.384346
7,DMS-ACC,expert,ACC,44,0.03067
7,DMS-ACC,expert,ACC,45,0.64333
7,DMS-ACC,expert,ACC,46,0.013787
7,DMS-ACC,expert,ACC,47,0.652264
7,DMS-ACC,expert,ACC,48,0.12052
7,DMS-ACC,expert,ACC,49,0.062771
7,DMS-ACC,expert,ACC,50,0.019684
7,DMS-ACC,expert,ACC,51,0.524382
7,DMS-ACC,expert,ACC,52,0.412468
7,DMS-ACC,expert,ACC,53,0.212379
7,DMS-ACC,expert,ACC,54,0.495015
7,DMS-ACC,expert,ACC,55,0.120825
7,DMS-ACC,expert,ACC,56,0.538536
7,DMS-ACC,expert,ACC,57,0.11916
7,DMS-ACC,expert,ACC,58,0.102346
7,DMS-ACC,expert,ACC,59,0.670404
7,DMS-ACC,expert,ACC,60,0.031569
7,DMS-ACC,expert,ACC,61,0.058771
9,DMS-ACC,naive,DMS,0,1.344233
9,DMS-ACC,naive,DMS,1,1.278209
9,DMS-ACC,naive,DMS,2,1.349478
9,DMS-ACC,naive,DMS,3,0.009052
9,DMS-ACC,naive,DMS,4,0.041637
9,DMS-ACC,naive,DMS,5,0.073352
9,DMS-ACC,naive,DMS,6,0.493517
9,DMS-ACC,naive,DMS,7,0.840881
9,DMS-ACC,naive,DMS,8,1.131073
9,DMS-ACC,naive,DMS,9,1.095322
9,DMS-ACC,naive,DMS,10,0.605712
9,DMS-ACC,naive,DMS,11,0.067835
9,DMS-ACC,naive,DMS,12,0.564523
9,DMS-ACC,naive,DMS,13,1.034756
9,DMS-ACC,naive,DMS,14,0.639792
9,DMS-ACC,naive,DMS,15,1.046276
9,DMS-ACC,naive,DMS,16,0.017543
9,DMS-ACC,naive,DMS,17,0.828424
9,DMS-ACC,naive,DMS,18,0.87102
9,DMS-ACC,naive,DMS,19,1.060331
9,DMS-ACC,naive,DMS,20,1.384844
9,DMS-ACC,naive,DMS,21,1.027006
9,DMS-ACC,naive,DMS,22,0.920463
9,DMS-ACC,naive,DMS,23,0.042796
9,DMS-ACC,naive,DMS,24,0.129912
9,DMS-ACC,naive,DMS,25,0.0
9,DMS-ACC,naive,DMS,26,0.742535
9,DMS-ACC,naive,DMS,27,0.699694
9,DMS-ACC,naive,ACC,0,0.743901
9,DMS-ACC,naive,ACC,1,0.780635
9,DMS-ACC,naive,ACC,2,0.020375
9,DMS-ACC,naive,ACC,3,0.687881
9,DMS-ACC,naive,ACC,4,0.790616
9,DMS-ACC,naive,ACC,5,0.060792
9,DMS-ACC,naive,ACC,6,0.878911
9,DMS-ACC,naive,ACC,7,0.720789
9,DMS-ACC,naive,ACC,8,0.538302
9,DMS-ACC,naive,ACC,9,0.081412
9,DMS-ACC,naive,ACC,10,0.574095
9,DMS-ACC,naive,ACC,11,0.595265
9,DMS-ACC,naive,ACC,12,0.021674
9,DMS-ACC,naive,ACC,13,0.436083
9,DMS-ACC,naive,ACC,14,0.511621
9,DMS-ACC,naive,ACC,15,0.114397
9,DMS-ACC,naive,ACC,16,0.611483
9,DMS-ACC,naive,ACC,17,0.122566
9,DMS-ACC,naive,ACC,18,0.283404
9,DMS-ACC,naive,ACC,19,0.513735
9,DMS-ACC,naive,ACC,20,0.268474
9,DMS-ACC,naive,ACC,21,0.746888
9,DMS-ACC,naive,ACC,22,0.279075
9,DMS-ACC,naive,ACC,23,0.466005
9,DMS-ACC,naive,ACC,24,0.856883
9,DMS-ACC,naive,ACC,25,0.080224
9,DMS-ACC,naive,ACC,26,0.02975
9,DMS-ACC,naive,ACC,27,0.893782
9,DMS-ACC,naive,ACC,28,0.155875
9,DMS-ACC,naive,ACC,29,0.035347
9,DMS-ACC,naive,ACC,30,0.586337
9,DMS-ACC,naive,ACC,31,0.751721
9,DMS-ACC,naive,ACC,32,0.858967
9,DMS-ACC,naive,ACC,33,0.189826
9,DMS-ACC,intermediate,DMS,0,1.316232
9,DMS-ACC,intermediate,DMS,1,0.006864
9,DMS-ACC,intermediate,DMS,2,0.035472
9,DMS-ACC,intermediate,DMS,3,1.204276
9,DMS-ACC,intermediate,DMS,4,0.680173
9,DMS-ACC,intermediate,DMS,5,1.033764
9,DMS-ACC,intermediate,DMS,6,0.135597
9,DMS-ACC,intermediate,DMS,7,0.943504
9,DMS-ACC,intermediate,DMS,8,1.200263
9,DMS-ACC,intermediate,DMS,9,0.09056
9,DMS-ACC,intermediate,DMS,10,0.476516
9,DMS-ACC,intermediate,DMS,11,0.036635
9,DMS-ACC,intermediate,DMS,12,1.358448
9,DMS-ACC,intermediate,DMS,13,1.223259
9,DMS-ACC,intermediate,DMS,14,0.76777
9,DMS-ACC,intermediate,DMS,15,0.984601
9,DMS-ACC,intermediate,DMS,16,0.80187
9,DMS-ACC,intermediate,DMS,17,0.5619
9,DMS-ACC,intermediate,DMS,18,0.990999
9,DMS-ACC,intermediate,DMS,19,1.069587
9,DMS-ACC,intermediate,DMS,20,0.0825
9,DMS-ACC,intermediate,DMS,21,0.450307
9,DMS-ACC,intermediate,DMS,22,0.939779
9,DMS-ACC,intermediate,DMS,23,0.954605
9,DMS-ACC,intermediate,DMS,24,0.735847
9,DMS-ACC,intermediate,DMS,25,1.147076
9,DMS-ACC,intermediate,DMS,26,1.183941
9,DMS-ACC,intermediate,DMS,27,1.332367
9,DMS-ACC,intermediate,ACC,0,0.981044
9,DMS-ACC,intermediate,ACC,1,0.712278
9,DMS-ACC,intermediate,ACC,2,0.021023
9,DMS-ACC,intermediate,ACC,3,0.982234
9,DMS-ACC,intermediate,ACC,4,0.86462
9,DMS-ACC,intermediate,ACC,5,0.586088
9,DMS-ACC,intermediate,ACC,6,0.725747
9,DMS-ACC,intermediate,ACC,7,0.944957
9,DMS-ACC,intermediate,ACC,8,0.816607
9,DMS-ACC,intermediate,ACC,9,0.344056
9,DMS-ACC,intermediate,ACC,10,0.731183
9,DMS-ACC,intermediate,ACC,11,0.81637
9,DMS-ACC,intermediate,ACC,12,0.137642
9,DMS-ACC,intermediate,ACC,13,0.545278
9,DMS-ACC,intermediate,ACC,14,0.913854
9,DMS-ACC,intermediate,ACC,15,0.870541
9,DMS-ACC,intermediate,ACC,16,0.949184
9,DMS-ACC,intermediate,ACC,17,0.043923
9,DMS-ACC,intermediate,ACC,18,0.03592
9,DMS-ACC,intermediate,ACC,19,0.279916
9,DMS-ACC,intermediate,ACC,20,0.922495
9,DMS-ACC,intermediate,ACC,21,0.287669
9,DMS-ACC,intermediate,ACC,22,0.611867
9,DMS-ACC,intermediate,ACC,23,0.074854
9,DMS-ACC,intermediate,ACC,24,0.891483
9,DMS-ACC,intermediate,ACC,25,0.049006
9,DMS-ACC,intermediate,ACC,26,0.037356
9,DMS-ACC,intermediate,ACC,27,0.917774
9,DMS-ACC,intermediate,ACC,28,0.795639
9,DMS-ACC,intermediate,ACC,29,0.082651
9,DMS-ACC,intermediate,ACC,30,0.848966
9,DMS-ACC,intermediate,ACC,31,0.844921
9,DMS-ACC,intermediate,ACC,32,0.937789
9,DMS-ACC,intermediate,ACC,33,0.924607
9,DMS-ACC,expert,DMS,0,0.045071
9,DMS-ACC,expert,DMS,1,0.079352
9,DMS-ACC,expert,DMS,2,0.119802
9,DMS-ACC,expert,DMS,3,0.978126
9,DMS-ACC,expert,DMS,4,0.651967
9,DMS-ACC,expert,DMS,5,1.387978
9,DMS-ACC,expert,DMS,6,1.186566
9,DMS-ACC,expert,DMS,7,1.029688
9,DMS-ACC,expert,DMS,8,1.216938
9,DMS-ACC,expert,DMS,9,0.07591
9,DMS-ACC,expert,DMS,10,1.212636
9,DMS-ACC,expert,DMS,11,0.664348
9,DMS-ACC,expert,DMS,12,1.442951
9,DMS-ACC,expert,DMS,13,1.131402
9,DMS-ACC,expert,DMS,14,1.013512
9,DMS-ACC,expert,DMS,15,0.99824
9,DMS-ACC,expert,DMS,16,1.313889
9,DMS-ACC,expert,DMS,17,0.0
9,DMS-ACC,expert,DMS,18,1.006297
9,DMS-ACC,expert,DMS,19,1.063806
9,DMS-ACC,expert,DMS,20,1.506206
9,DMS-ACC,expert,DMS,21,0.14462
9,DMS-ACC,expert,DMS,22,1.056563
9,DMS-ACC,expert,DMS,23,0.012882
9,DMS-ACC,expert,DMS,24,0.795975
9,DMS-ACC,expert,DMS,25,1.155434
9,DMS-ACC,expert,DMS,26,0.950886
9,DMS-ACC,expert,DMS,27,1.293029
9,DMS-ACC,expert,ACC,0,0.545151
9,DMS-ACC,expert,ACC,1,0.807885
9,DMS-ACC,expert,ACC,2,0.006856
9,DMS-ACC,expert,ACC,3,1.028687
9,DMS-ACC,expert,ACC,4,0.889337
9,DMS-ACC,expert,ACC,5,0.978294
9,DMS-ACC,expert,ACC,6,0.700865
9,DMS-ACC,expert,ACC,7,0.908953
9,DMS-ACC,expert,ACC,8,0.083038
9,DMS-ACC,expert,ACC,9,0.406048
9,DMS-ACC,expert,ACC,10,0.843593
9,DMS-ACC,expert,ACC,11,0.964541
9,DMS-ACC,expert,ACC,12,0.462321
9,DMS-ACC,expert,ACC,13,0.997015
9,DMS-ACC,expert,ACC,14,0.178077
9,DMS-ACC,expert,ACC,15,0.72056
9,DMS-ACC,expert,ACC,16,0.332403
9,DMS-ACC,expert,ACC,17,0.036631
9,DMS-ACC,expert,ACC,18,0.01551
9,DMS-ACC,expert,ACC,19,0.125732
9,DMS-ACC,expert,ACC,20,1.006868
9,DMS-ACC,expert,ACC,21,0.842267
9,DMS-ACC,expert,ACC,22,0.767413
9,DMS-ACC,expert,ACC,23,0.814672
9,DMS-ACC,expert,ACC,24,0.963933
9,DMS-ACC,expert,ACC,25,0.037034
9,DMS-ACC,expert,ACC,26,0.106192
9,DMS-ACC,expert,ACC,27,0.981224
9,DMS-ACC,expert,ACC,28,0.864606
9,DMS-ACC,expert,ACC,29,0.946439
9,DMS-ACC,expert,ACC,30,0.80526
9,DMS-ACC,expert,ACC,31,0.836557
9,DMS-ACC,expert,ACC,32,0.918098
9,DMS-ACC,expert,ACC,33,0.998248
9,V1-DMS,naive,V1,0,0.970497
9,V1-DMS,naive,V1,1,0.947295
9,V1-DMS,naive,V1,2,0.191786
9,V1-DMS,naive,V1,3,0.571678
9,V1-DMS,naive,V1,4,0.841539
9,V1-DMS,naive,V1,5,0.520626
9,V1-DMS,naive,V1,6,0.968936
9,V1-DMS,naive,V1,7,0.499181
9,V1-DMS,naive,V1,8,0.642441
9,V1-DMS,naive,V1,9,0.424289
9,V1-DMS,naive,V1,10,0.551407
9,V1-DMS,naive,V1,11,0.526616
9,V1-DMS,naive,V1,12,0.634291
9,V1-DMS,naive,V1,13,0.82984
9,V1-DMS,naive,V1,14,0.780575
9,V1-DMS,naive,V1,15,0.393046
9,V1-DMS,naive,V1,16,0.486924
9,V1-DMS,naive,V1,17,0.564633
9,V1-DMS,naive,V1,18,0.599192
9,V1-DMS,naive,V1,19,0.75388
9,V1-DMS,naive,V1,20,1.003805
9,V1-DMS,naive,V1,21,0.752721
9,V1-DMS,naive,V1,22,0.574903
9,V1-DMS,naive,V1,23,0.51257
9,V1-DMS,naive,DMS,0,1.344233
9,V1-DMS,naive,DMS,1,1.278209
9,V1-DMS,naive,DMS,2,1.349478
9,V1-DMS,naive,DMS,3,0.009052
9,V1-DMS,naive,DMS,4,0.041637
9,V1-DMS,naive,DMS,5,0.073352
9,V1-DMS,naive,DMS,6,0.493517
9,V1-DMS,naive,DMS,7,0.840881
9,V1-DMS,naive,DMS,8,1.131073
9,V1-DMS,naive,DMS,9,1.095322
9,V1-DMS,naive,DMS,10,0.605712
9,V1-DMS,naive,DMS,11,0.067835
9,V1-DMS,naive,DMS,12,0.564523
9,V1-DMS,naive,DMS,13,1.034756
9,V1-DMS,naive,DMS,14,0.639792
9,V1-DMS,naive,DMS,15,1.046276
9,V1-DMS,naive,DMS,16,0.017543
9,V1-DMS,naive,DMS,17,0.828424
9,V1-DMS,naive,DMS,18,0.87102
9,V1-DMS,naive,DMS,19,1.060331
9,V1-DMS,naive,DMS,20,1.384844
9,V1-DMS,naive,DMS,21,1.027006
9,V1-DMS,naive,DMS,22,0.920463
9,V1-DMS,naive,DMS,23,0.042796
9,V1-DMS,naive,DMS,24,0.129912
9,V1-DMS,naive,DMS,25,0.0
9,V1-DMS,naive,DMS,26,0.742535
9,V1-DMS,naive,DMS,27,0.699694
9,V1-DMS,intermediate,V1,0,0.981546
9,V1-DMS,intermediate,V1,1,0.967851
9,V1-DMS,intermediate,V1,2,0.035951
9,V1-DMS,intermediate,V1,3,0.892218
9,V1-DMS,intermediate,V1,4,0.857279
9,V1-DMS,intermediate,V1,5,0.75848
9,V1-DMS,intermediate,V1,6,0.971993
9,V1-DMS,intermediate,V1,7,0.896704
9,V1-DMS,intermediate,V1,8,0.763455
9,V1-DMS,intermediate,V1,9,0.007824
9,V1-DMS,intermediate,V1,10,0.858407
9,V1-DMS,intermediate,V1,11,0.784719
9,V1-DMS,intermediate,V1,12,0.897504
9,V1-DMS,intermediate,V1,13,1.035192
9,V1-DMS,intermediate,V1,14,0.839851
9,V1-DMS,intermediate,V1,15,0.560203
9,V1-DMS,intermediate,V1,16,0.998498
9,V1-DMS,intermediate,V1,17,0.92886
9,V1-DMS,intermediate,V1,18,0.876712
9,V1-DMS,intermediate,V1,19,0.973926
9,V1-DMS,intermediate,V1,20,0.223184
9,V1-DMS,intermediate,V1,21,0.476898
9,V1-DMS,intermediate,V1,22,0.994307
9,V1-DMS,intermediate,V1,23,1.001076
9,V1-DMS,intermediate,DMS,0,1.316232
9,V1-DMS,intermediate,DMS,1,0.006864
9,V1-DMS,intermediate,DMS,2,0.035472
9,V1-DMS,intermediate,DMS,3,1.204276
9,V1-DMS,intermediate,DMS,4,0.680173
9,V1-DMS,intermediate,DMS,5,1.033764
9,V1-DMS,intermediate,DMS,6,0.135597
9,V1-DMS,intermediate,DMS,7,0.943504
9,V1-DMS,intermediate,DMS,8,1.200263
9,V1-DMS,intermediate,DMS,9,0.09056
9,V1-DMS,intermediate,DMS,10,0.476516
9,V1-DMS,intermediate,DMS,11,0.036635
9,V1-DMS,intermediate,DMS,12,1.358448
9,V1-DMS,intermediate,DMS,13,1.223259
9,V1-DMS,intermediate,DMS,14,0.76777
9,V1-DMS,intermediate,DMS,15,0.984601
9,V1-DMS,intermediate,DMS,16,0.80187
9,V1-DMS,intermediate,DMS,17,0.5619
9,V1-DMS,intermediate,DMS,18,0.990999
9,V1-DMS,intermediate,DMS,19,1.069587
9,V1-DMS,intermediate,DMS,20,0.0825
9,V1-DMS,intermediate,DMS,21,0.450307
9,V1-DMS,intermediate,DMS,22,0.939779
9,V1-DMS,intermediate,DMS,23,0.954605
9,V1-DMS,intermediate,DMS,24,0.735847
9,V1-DMS,intermediate,DMS,25,1.147076
9,V1-DMS,intermediate,DMS,26,1.183941
9,V1-DMS,intermediate,DMS,27,1.332367
9,V1-DMS,expert,V1,0,0.977221
9,V1-DMS,expert,V1,1,0.96531
9,V1-DMS,expert,V1,2,0.098493
9,V1-DMS,expert,V1,3,0.980774
9,V1-DMS,expert,V1,4,0.94871
9,V1-DMS,expert,V1,5,1.035537
9,V1-DMS,expert,V1,6,1.020739
9,V1-DMS,expert,V1,7,1.071036
9,V1-DMS,expert,V1,8,1.115286
9,V1-DMS,expert,V1,9,0.010473
9,V1-DMS,expert,V1,10,0.940306
9,V1-DMS,expert,V1,11,0.032709
9,V1-DMS,expert,V1,12,1.056559
9,V1-DMS,expert,V1,13,1.104976
9,V1-DMS,expert,V1,14,0.950426
9,V1-DMS,expert,V1,15,1.142642
9,V1-DMS,expert,V1,16,0.890601
9,V1-DMS,expert,V1,17,0.961506
9,V1-DMS,expert,V1,18,1.061542
9,V1-DMS,expert,V1,19,1.057265
9,V1-DMS,expert,V1,20,0.203202
9,V1-DMS,expert,V1,21,0.857611
9,V1-DMS,expert,V1,22,1.041074
9,V1-DMS,expert,V1,23,1.043214
9,V1-DMS,expert,DMS,0,0.045071
9,V1-DMS,expert,DMS,1,0.079352
9,V1-DMS,expert,DMS,2,0.119802
9,V1-DMS,expert,DMS,3,0.978126
9,V1-DMS,expert,DMS,4,0.651967
9,V1-DMS,expert,DMS,5,1.387978
9,V1-DMS,expert,DMS,6,1.186566
9,V1-DMS,expert,DMS,7,1.029688
9,V1-DMS,expert,DMS,8,1.216938
9,V1-DMS,expert,DMS,9,0.07591
9,V1-DMS,expert,DMS,10,1.212636
9,V1-DMS,expert,DMS,11,0.664348
9,V1-DMS,expert,DMS,12,1.442951
9,V1-DMS,expert,DMS,13,1.131402
9,V1-DMS,expert,DMS,14,1.013512
9,V1-DMS,expert,DMS,15,0.99824
9,V1-DMS,expert,DMS,16,1.313889
9,V1-DMS,expert,DMS,17,0.0
9,V1-DMS,expert,DMS,18,1.006297
9,V1-DMS,expert,DMS,19,1.063806
9,V1-DMS,expert,DMS,20,1.506206
9,V1-DMS,expert,DMS,21,0.14462
9,V1-DMS,expert,DMS,22,1.056563
9,V1-DMS,expert,DMS,23,0.012882
9,V1-DMS,expert,DMS,24,0.795975
9,V1-DMS,expert,DMS,25,1.155434
9,V1-DMS,expert,DMS,26,0.950886
9,V1-DMS,expert,DMS,27,1.293029
9,V1-ACC,naive,V1,0,0.970497
9,V1-ACC,naive,V1,1,0.947295
9,V1-ACC,naive,V1,2,0.191786
9,V1-ACC,naive,V1,3,0.571678
9,V1-ACC,naive,V1,4,0.841539
9,V1-ACC,naive,V1,5,0.520626
9,V1-ACC,naive,V1,6,0.968936
9,V1-ACC,naive,V1,7,0.499181
9,V1-ACC,naive,V1,8,0.642441
9,V1-ACC,naive,V1,9,0.424289
9,V1-ACC,naive,V1,10,0.551407
9,V1-ACC,naive,V1,11,0.526616
9,V1-ACC,naive,V1,12,0.634291
9,V1-ACC,naive,V1,13,0.82984
9,V1-ACC,naive,V1,14,0.780575
9,V1-ACC,naive,V1,15,0.393046
9,V1-ACC,naive,V1,16,0.486924
9,V1-ACC,naive,V1,17,0.564633
9,V1-ACC,naive,V1,18,0.599192
9,V1-ACC,naive,V1,19,0.75388
9,V1-ACC,naive,V1,20,1.003805
9,V1-ACC,naive,V1,21,0.752721
9,V1-ACC,naive,V1,22,0.574903
9,V1-ACC,naive,V1,23,0.51257
9,V1-ACC,naive,ACC,0,0.743901
9,V1-ACC,naive,ACC,1,0.780635
9,V1-ACC,naive,ACC,2,0.020375
9,V1-ACC,naive,ACC,3,0.687881
9,V1-ACC,naive,ACC,4,0.790616
9,V1-ACC,naive,ACC,5,0.060792
9,V1-ACC,naive,ACC,6,0.878911
9,V1-ACC,naive,ACC,7,0.720789
9,V1-ACC,naive,ACC,8,0.538302
9,V1-ACC,naive,ACC,9,0.081412
9,V1-ACC,naive,ACC,10,0.574095
9,V1-ACC,naive,ACC,11,0.595265
9,V1-ACC,naive,ACC,12,0.021674
9,V1-ACC,naive,ACC,13,0.436083
9,V1-ACC,naive,ACC,14,0.511621
9,V1-ACC,naive,ACC,15,0.114397
9,V1-ACC,naive,ACC,16,0.611483
9,V1-ACC,naive,ACC,17,0.122566
9,V1-ACC,naive,ACC,18,0.283404
9,V1-ACC,naive,ACC,19,0.513735
9,V1-ACC,naive,ACC,20,0.268474
9,V1-ACC,naive,ACC,21,0.746888
9,V1-ACC,naive,ACC,22,0.279075
9,V1-ACC,naive,ACC,23,0.466005
9,V1-ACC,naive,ACC,24,0.856883
9,V1-ACC,naive,ACC,25,0.080224
9,V1-ACC,naive,ACC,26,0.02975
9,V1-ACC,naive,ACC,27,0.893782
9,V1-ACC,naive,ACC,28,0.155875
9,V1-ACC,naive,ACC,29,0.035347
9,V1-ACC,naive,ACC,30,0.586337
9,V1-ACC,naive,ACC,31,0.751721
9,V1-ACC,naive,ACC,32,0.858967
9,V1-ACC,naive,ACC,33,0.189826
9,V1-ACC,intermediate,V1,0,0.981546
9,V1-ACC,intermediate,V1,1,0.967851
9,V1-ACC,intermediate,V1,2,0.035951
9,V1-ACC,intermediate,V1,3,0.892218
9,V1-ACC,intermediate,V1,4,0.857279
9,V1-ACC,intermediate,V1,5,0.75848
9,V1-ACC,intermediate,V1,6,0.971993
9,V1-ACC,intermediate,V1,7,0.896704
9,V1-ACC,intermediate,V1,8,0.763455
9,V1-ACC,intermediate,V1,9,0.007824
9,V1-ACC,intermediate,V1,10,0.858407
9,V1-ACC,intermediate,V1,11,0.784719
9,V1-ACC,intermediate,V1,12,0.897504
9,V1-ACC,intermediate,V1,13,1.035192
9,V1-ACC,intermediate,V1,14,0.839851
9,V1-ACC,intermediate,V1,15,0.560203
9,V1-ACC,intermediate,V1,16,0.998498
9,V1-ACC,intermediate,V1,17,0.92886
9,V1-ACC,intermediate,V1,18,0.876712
9,V1-ACC,intermediate,V1,19,0.973926
9,V1-ACC,intermediate,V1,20,0.223184
9,V1-ACC,intermediate,V1,21,0.476898
9,V1-ACC,intermediate,V1,22,0.994307
9,V1-ACC,intermediate,V1,23,1.001076
9,V1-ACC,intermediate,ACC,0,0.981044
9,V1-ACC,intermediate,ACC,1,0.712278
9,V1-ACC,intermediate,ACC,2,0.021023
9,V1-ACC,intermediate,ACC,3,0.982234
9,V1-ACC,intermediate,ACC,4,0.86462
9,V1-ACC,intermediate,ACC,5,0.586088
9,V1-ACC,intermediate,ACC,6,0.725747
9,V1-ACC,intermediate,ACC,7,0.944957
9,V1-ACC,intermediate,ACC,8,0.816607
9,V1-ACC,intermediate,ACC,9,0.344056
9,V1-ACC,intermediate,ACC,10,0.731183
9,V1-ACC,intermediate,ACC,11,0.81637
9,V1-ACC,intermediate,ACC,12,0.137642
9,V1-ACC,intermediate,ACC,13,0.545278
9,V1-ACC,intermediate,ACC,14,0.913854
9,V1-ACC,intermediate,ACC,15,0.870541
9,V1-ACC,intermediate,ACC,16,0.949184
9,V1-ACC,intermediate,ACC,17,0.043923
9,V1-ACC,intermediate,ACC,18,0.03592
9,V1-ACC,intermediate,ACC,19,0.279916
9,V1-ACC,intermediate,ACC,20,0.922495
9,V1-ACC,intermediate,ACC,21,0.287669
9,V1-ACC,intermediate,ACC,22,0.611867
9,V1-ACC,intermediate,ACC,23,0.074854
9,V1-ACC,intermediate,ACC,24,0.891483
9,V1-ACC,intermediate,ACC,25,0.049006
9,V1-ACC,intermediate,ACC,26,0.037356
9,V1-ACC,intermediate,ACC,27,0.917774
9,V1-ACC,intermediate,ACC,28,0.795639
9,V1-ACC,intermediate,ACC,29,0.082651
9,V1-ACC,intermediate,ACC,30,0.848966
9,V1-ACC,intermediate,ACC,31,0.844921
9,V1-ACC,intermediate,ACC,32,0.937789
9,V1-ACC,intermediate,ACC,33,0.924607
9,V1-ACC,expert,V1,0,0.977221
9,V1-ACC,expert,V1,1,0.96531
9,V1-ACC,expert,V1,2,0.098493
9,V1-ACC,expert,V1,3,0.980774
9,V1-ACC,expert,V1,4,0.94871
9,V1-ACC,expert,V1,5,1.035537
9,V1-ACC,expert,V1,6,1.020739
9,V1-ACC,expert,V1,7,1.071036
9,V1-ACC,expert,V1,8,1.115286
9,V1-ACC,expert,V1,9,0.010473
9,V1-ACC,expert,V1,10,0.940306
9,V1-ACC,expert,V1,11,0.032709
9,V1-ACC,expert,V1,12,1.056559
9,V1-ACC,expert,V1,13,1.104976
9,V1-ACC,expert,V1,14,0.950426
9,V1-ACC,expert,V1,15,1.142642
9,V1-ACC,expert,V1,16,0.890601
9,V1-ACC,expert,V1,17,0.961506
9,V1-ACC,expert,V1,18,1.061542
9,V1-ACC,expert,V1,19,1.057265
9,V1-ACC,expert,V1,20,0.203202
9,V1-ACC,expert,V1,21,0.857611
9,V1-ACC,expert,V1,22,1.041074
9,V1-ACC,expert,V1,23,1.043214
9,V1-ACC,expert,ACC,0,0.545151
9,V1-ACC,expert,ACC,1,0.807885
9,V1-ACC,expert,ACC,2,0.006856
9,V1-ACC,expert,ACC,3,1.028687
9,V1-ACC,expert,ACC,4,0.889337
9,V1-ACC,expert,ACC,5,0.978294
9,V1-ACC,expert,ACC,6,0.700865
9,V1-ACC,expert,ACC,7,0.908953
9,V1-ACC,expert,ACC,8,0.083038
9,V1-ACC,expert,ACC,9,0.406048
9,V1-ACC,expert,ACC,10,0.843593
9,V1-ACC,expert,ACC,11,0.964541
9,V1-ACC,expert,ACC,12,0.462321
9,V1-ACC,expert,ACC,13,0.997015
9,V1-ACC,expert,ACC,14,0.178077
9,V1-ACC,expert,ACC,15,0.72056
9,V1-ACC,expert,ACC,16,0.332403
9,V1-ACC,expert,ACC,17,0.036631
9,V1-ACC,expert,ACC,18,0.01551
9,V1-ACC,expert,ACC,19,0.125732
9,V1-ACC,expert,ACC,20,1.006868
9,V1-ACC,expert,ACC,21,0.842267
9,V1-ACC,expert,ACC,22,0.767413
9,V1-ACC,expert,ACC,23,0.814672
9,V1-ACC,expert,ACC,24,0.963933
9,V1-ACC,expert,ACC,25,0.037034
9,V1-ACC,expert,ACC,26,0.106192
9,V1-ACC,expert,ACC,27,0.981224
9,V1-ACC,expert,ACC,28,0.864606
9,V1-ACC,expert,ACC,29,0.946439
9,V1-ACC,expert,ACC,30,0.80526
9,V1-ACC,expert,ACC,31,0.836557
9,V1-ACC,expert,ACC,32,0.918098
9,V1-ACC,expert,ACC,33,0.998248
10,DMS-DLS,naive,DMS,0,1.029098
10,DMS-DLS,naive,DMS,1,0.862897
10,DMS-DLS,naive,DMS,2,1.365333
10,DMS-DLS,naive,DMS,3,1.035382
10,DMS-DLS,naive,DMS,4,2.221907
10,DMS-DLS,naive,DMS,5,1.037615
10,DMS-DLS,naive,DMS,6,7.988479
10,DMS-DLS,naive,DMS,7,8.011593
10,DMS-DLS,naive,DMS,8,1.36198
10,DMS-DLS,naive,DMS,9,1.286733
10,DMS-DLS,naive,DMS,10,1.472254
10,DMS-DLS,naive,DMS,11,1.627522
10,DMS-DLS,naive,DMS,12,1.259689
10,DMS-DLS,naive,DMS,13,1.26905
10,DMS-DLS,naive,DMS,14,1.281752
10,DMS-DLS,naive,DMS,15,1.078556
10,DMS-DLS,naive,DMS,16,1.965988
10,DMS-DLS,naive,DMS,17,1.217831
10,DMS-DLS,naive,DMS,18,1.877814
10,DMS-DLS,naive,DMS,19,0.696552
10,DMS-DLS,naive,DLS,0,0.985074
10,DMS-DLS,naive,DLS,1,0.918939
10,DMS-DLS,naive,DLS,2,1.251068
10,DMS-DLS,naive,DLS,3,1.544573
10,DMS-DLS,naive,DLS,4,0.579046
10,DMS-DLS,naive,DLS,5,1.089281
10,DMS-DLS,naive,DLS,6,1.249534
10,DMS-DLS,naive,DLS,7,1.232222
10,DMS-DLS,naive,DLS,8,1.458807
10,DMS-DLS,naive,DLS,9,0.567243
10,DMS-DLS,naive,DLS,10,1.000567
10,DMS-DLS,naive,DLS,11,0.7732
10,DMS-DLS,naive,DLS,12,0.628692
10,DMS-DLS,naive,DLS,13,1.303228
10,DMS-DLS,naive,DLS,14,0.646579
10,DMS-DLS,naive,DLS,15,1.024747
10,DMS-DLS,naive,DLS,16,1.108465
10,DMS-DLS,naive,DLS,17,0.733244
10,DMS-DLS,naive,DLS,18,0.977166
10,DMS-DLS,naive,DLS,19,0.877577
10,DMS-DLS,intermediate,DMS,0,1.01578
10,DMS-DLS,intermediate,DMS,1,1.359458
10,DMS-DLS,intermediate,DMS,2,1.221334
10,DMS-DLS,intermediate,DMS,3,1.031925
10,DMS-DLS,intermediate,DMS,4,1.481564
10,DMS-DLS,intermediate,DMS,5,1.031583
10,DMS-DLS,intermediate,DMS,6,8.967245
10,DMS-DLS,intermediate,DMS,7,8.959043
10,DMS-DLS,intermediate,DMS,8,1.416096
10,DMS-DLS,intermediate,DMS,9,1.392567
10,DMS-DLS,intermediate,DMS,10,0.854826
10,DMS-DLS,intermediate,DMS,11,1.512057
10,DMS-DLS,intermediate,DMS,12,0.942217
10,DMS-DLS,intermediate,DMS,13,0.968978
10,DMS-DLS,intermediate,DMS,14,1.277083
10,DMS-DLS,intermediate,DMS,15,0.961428
10,DMS-DLS,intermediate,DMS,16,1.131015
10,DMS-DLS,intermediate,DMS,17,1.368673
10,DMS-DLS,intermediate,DMS,18,0.815378
10,DMS-DLS,intermediate,DMS,19,0.0
10,DMS-DLS,intermediate,DLS,0,1.130494
10,DMS-DLS,intermediate,DLS,1,1.264587
10,DMS-DLS,intermediate,DLS,2,0.99235
10,DMS-DLS,intermediate,DLS,3,0.974157
10,DMS-DLS,intermediate,DLS,4,0.582404
10,DMS-DLS,intermediate,DLS,5,1.16675
10,DMS-DLS,intermediate,DLS,6,1.017575
10,DMS-DLS,intermediate,DLS,7,0.924431
10,DMS-DLS,intermediate,DLS,8,1.62815
10,DMS-DLS,intermediate,DLS,9,0.763524
10,DMS-DLS,intermediate,DLS,10,1.029716
10,DMS-DLS,intermediate,DLS,11,1.458347
10,DMS-DLS,intermediate,DLS,12,2.004792
10,DMS-DLS,intermediate,DLS,13,0.747965
10,DMS-DLS,intermediate,DLS,14,1.776669
10,DMS-DLS,intermediate,DLS,15,1.014734
10,DMS-DLS,intermediate,DLS,16,0.935035
10,DMS-DLS,intermediate,DLS,17,0.729091
10,DMS-DLS,intermediate,DLS,18,1.292278
10,DMS-DLS,intermediate,DLS,19,1.137862
10,DMS-DLS,expert,DMS,0,1.022451
10,DMS-DLS,expert,DMS,1,1.271122
10,DMS-DLS,expert,DMS,2,1.510289
10,DMS-DLS,expert,DMS,3,0.815945
10,DMS-DLS,expert,DMS,4,1.645996
10,DMS-DLS,expert,DMS,5,1.024439
10,DMS-DLS,expert,DMS,6,10.595928
10,DMS-DLS,expert,DMS,7,10.279369
10,DMS-DLS,expert,DMS,8,1.968546
10,DMS-DLS,expert,DMS,9,1.447042
10,DMS-DLS,expert,DMS,10,0.978676
10,DMS-DLS,expert,DMS,11,1.647911
10,DMS-DLS,expert,DMS,12,1.034343
10,DMS-DLS,expert,DMS,13,1.12357
10,DMS-DLS,expert,DMS,14,1.22646
10,DMS-DLS,expert,DMS,15,1.107842
10,DMS-DLS,expert,DMS,16,1.137858
10,DMS-DLS,expert,DMS,17,1.726153
10,DMS-DLS,expert,DMS,18,0.722897
10,DMS-DLS,expert,DMS,19,0.940499
10,DMS-DLS,expert,DLS,0,1.000161
10,DMS-DLS,expert,DLS,1,1.694163
10,DMS-DLS,expert,DLS,2,1.189147
10,DMS-DLS,expert,DLS,3,1.285878
10,DMS-DLS,expert,DLS,4,0.0
10,DMS-DLS,expert,DLS,5,1.348101
10,DMS-DLS,expert,DLS,6,1.108852
10,DMS-DLS,expert,DLS,7,1.143817
10,DMS-DLS,expert,DLS,8,1.627879
10,DMS-DLS,expert,DLS,9,1.438268
10,DMS-DLS,expert,DLS,10,1.044247
10,DMS-DLS,expert,DLS,11,0.525566
10,DMS-DLS,expert,DLS,12,3.289557
10,DMS-DLS,expert,DLS,13,1.020709
10,DMS-DLS,expert,DLS,14,1.937249
10,DMS-DLS,expert,DLS,15,1.042324
10,DMS-DLS,expert,DLS,16,1.134245
10,DMS-DLS,expert,DLS,17,2.776577
10,DMS-DLS,expert,DLS,18,1.691011
10,DMS-DLS,expert,DLS,19,1.468459
10,DMS-ACC,naive,DMS,0,0.938463
10,DMS-ACC,naive,DMS,1,0.518254
10,DMS-ACC,naive,DMS,2,1.180831
10,DMS-ACC,naive,DMS,3,0.891828
10,DMS-ACC,naive,DMS,4,1.793525
10,DMS-ACC,naive,DMS,5,0.990864
10,DMS-ACC,naive,DMS,6,5.567099
10,DMS-ACC,naive,DMS,7,5.286526
10,DMS-ACC,naive,DMS,8,0.717722
10,DMS-ACC,naive,DMS,9,1.084789
10,DMS-ACC,naive,DMS,10,1.151048
10,DMS-ACC,naive,DMS,11,1.306129
10,DMS-ACC,naive,DMS,12,1.109772
10,DMS-ACC,naive,DMS,13,1.028586
10,DMS-ACC,naive,DMS,14,1.095061
10,DMS-ACC,naive,DMS,15,0.938585
10,DMS-ACC,naive,DMS,16,1.776073
10,DMS-ACC,naive,DMS,17,0.983379
10,DMS-ACC,naive,DMS,18,1.253423
10,DMS-ACC,naive,DMS,19,0.595939
10,DMS-ACC,naive,ACC,0,0.876931
10,DMS-ACC,naive,ACC,1,2.284885
10,DMS-ACC,naive,ACC,2,0.931086
10,DMS-ACC,naive,ACC,3,1.449366
10,DMS-ACC,naive,ACC,4,1.38241
10,DMS-ACC,naive,ACC,5,0.990319
10,DMS-ACC,naive,ACC,6,0.925383
10,DMS-ACC,naive,ACC,7,1.102987
10,DMS-ACC,naive,ACC,8,0.424921
10,DMS-ACC,naive,ACC,9,1.398457
10,DMS-ACC,naive,ACC,10,2.7359
10,DMS-ACC,naive,ACC,11,0.693228
10,DMS-ACC,naive,ACC,12,0.0
10,DMS-ACC,naive,ACC,13,0.997239
10,DMS-ACC,naive,ACC,14,0.0
10,DMS-ACC,naive,ACC,15,0.995532
10,DMS-ACC,intermediate,DMS,0,0.971026
10,DMS-ACC,intermediate,DMS,1,1.019539
10,DMS-ACC,intermediate,DMS,2,1.116611
10,DMS-ACC,intermediate,DMS,3,0.854669
10,DMS-ACC,intermediate,DMS,4,1.314943
10,DMS-ACC,intermediate,DMS,5,0.964991
10,DMS-ACC,intermediate,DMS,6,7.867407
10,DMS-ACC,intermediate,DMS,7,7.933636
10,DMS-ACC,intermediate,DMS,8,1.102581
10,DMS-ACC,intermediate,DMS,9,1.210694
10,DMS-ACC,intermediate,DMS,10,0.807685
10,DMS-ACC,intermediate,DMS,11,1.201909
10,DMS-ACC,intermediate,DMS,12,0.852936
10,DMS-ACC,intermediate,DMS,13,0.878115
10,DMS-ACC,intermediate,DMS,14,1.050556
10,DMS-ACC,intermediate,DMS,15,0.589584
10,DMS-ACC,intermediate,DMS,16,0.930168
10,DMS-ACC,intermediate,DMS,17,1.26061
10,DMS-ACC,intermediate,DMS,18,0.758727
10,DMS-ACC,intermediate,DMS,19,0.0
10,DMS-ACC,intermediate,ACC,0,1.174641
10,DMS-ACC,intermediate,ACC,1,0.868075
10,DMS-ACC,intermediate,ACC,2,1.110867
10,DMS-ACC,intermediate,ACC,3,1.034525
10,DMS-ACC,intermediate,ACC,4,0.893904
10,DMS-ACC,intermediate,ACC,5,1.062472
10,DMS-ACC,intermediate,ACC,6,1.100289
10,DMS-ACC,intermediate,ACC,7,1.014207
10,DMS-ACC,intermediate,ACC,8,1.543956
10,DMS-ACC,intermediate,ACC,9,1.078014
10,DMS-ACC,intermediate,ACC,10,0.903674
10,DMS-ACC,intermediate,ACC,11,2.894873
10,DMS-ACC,intermediate,ACC,12,0.0
10,DMS-ACC,intermediate,ACC,13,0.997331
10,DMS-ACC,intermediate,ACC,14,0.569634
10,DMS-ACC,intermediate,ACC,15,0.933737
10,DMS-ACC,expert,DMS,0,0.938197
10,DMS-ACC,expert,DMS,1,0.956408
10,DMS-ACC,expert,DMS,2,1.41165
10,DMS-ACC,expert,DMS,3,0.601721
10,DMS-ACC,expert,DMS,4,1.4491
10,DMS-ACC,expert,DMS,5,0.903167
10,DMS-ACC,expert,DMS,6,6.936201
10,DMS-ACC,expert,DMS,7,6.730133
10,DMS-ACC,expert,DMS,8,1.642931
10,DMS-ACC,expert,DMS,9,1.396492
10,DMS-ACC,expert,DMS,10,0.702161
10,DMS-ACC,expert,DMS,11,1.667086
10,DMS-ACC,expert,DMS,12,0.996446
10,DMS-ACC,expert,DMS,13,1.140228
10,DMS-ACC,expert,DMS,14,1.045915
10,DMS-ACC,expert,DMS,15,0.857192
10,DMS-ACC,expert,DMS,16,0.980153
10,DMS-ACC,expert,DMS,17,1.691305
10,DMS-ACC,expert,DMS,18,0.724334
10,DMS-ACC,expert,DMS,19,0.772285
10,DMS-ACC,expert,ACC,0,1.068038
10,DMS-ACC,expert,ACC,1,0.854074
10,DMS-ACC,expert,ACC,2,1.299594
10,DMS-ACC,expert,ACC,3,0.996139
10,DMS-ACC,expert,ACC,4,0.923138
10,DMS-ACC,expert,ACC,5,1.612447
10,DMS-ACC,expert,ACC,6,1.092667
10,DMS-ACC,expert,ACC,7,1.121958
10,DMS-ACC,expert,ACC,8,1.80078
10,DMS-ACC,expert,ACC,9,0.746061
10,DMS-ACC,expert,ACC,10,1.066053
10,DMS-ACC,expert,ACC,11,5.382606
10,DMS-ACC,expert,ACC,12,0.389094
10,DMS-ACC,expert,ACC,13,1.009614
10,DMS-ACC,expert,ACC,14,0.0
10,DMS-ACC,expert,ACC,15,0.820245
10,DLS-ACC,naive,DLS,0,0.917045
10,DLS-ACC,naive,DLS,1,0.785979
10,DLS-ACC,naive,DLS,2,1.160562
10,DLS-ACC,naive,DLS,3,1.327468
10,DLS-ACC,naive,DLS,4,0.521221
10,DLS-ACC,naive,DLS,5,1.004204
10,DLS-ACC,naive,DLS,6,1.054829
10,DLS-ACC,naive,DLS,7,1.094527
10,DLS-ACC,naive,DLS,8,1.165323
10,DLS-ACC,naive,DLS,9,0.450574
10,DLS-ACC,naive,DLS,10,0.727139
10,DLS-ACC,naive,DLS,11,0.622994
10,DLS-ACC,naive,DLS,12,0.452389
10,DLS-ACC,naive,DLS,13,0.465937
10,DLS-ACC,naive,DLS,14,0.554071
10,DLS-ACC,naive,DLS,15,0.918799
10,DLS-ACC,naive,DLS,16,0.783385
10,DLS-ACC,naive,DLS,17,0.592898
10,DLS-ACC,naive,DLS,18,0.962114
10,DLS-ACC,naive,DLS,19,0.748612
10,DLS-ACC,naive,ACC,0,0.876931
10,DLS-ACC,naive,ACC,1,2.284885
10,DLS-ACC,naive,ACC,2,0.931086
10,DLS-ACC,naive,ACC,3,1.449366
10,DLS-ACC,naive,ACC,4,1.38241
10,DLS-ACC,naive,ACC,5,0.990319
10,DLS-ACC,naive,ACC,6,0.925383
10,DLS-ACC,naive,ACC,7,1.102987
10,DLS-ACC,naive,ACC,8,0.424921
10,DLS-ACC,naive,ACC,9,1.398457
10,DLS-ACC,naive,ACC,10,2.7359
10,DLS-ACC,naive,ACC,11,0.693228
10,DLS-ACC,naive,ACC,12,0.0
10,DLS-ACC,naive,ACC,13,0.997239
10,DLS-ACC,naive,ACC,14,0.0
10,DLS-ACC,naive,ACC,15,0.995532
10,DLS-ACC,intermediate,DLS,0,1.078659
10,DLS-ACC,intermediate,DLS,1,1.236167
10,DLS-ACC,intermediate,DLS,2,0.903247
10,DLS-ACC,intermediate,DLS,3,0.948093
10,DLS-ACC,intermediate,DLS,4,0.827815
10,DLS-ACC,intermediate,DLS,5,1.041168
10,DLS-ACC,intermediate,DLS,6,0.988257
10,DLS-ACC,intermediate,DLS,7,0.902735
10,DLS-ACC,intermediate,DLS,8,1.587776
10,DLS-ACC,intermediate,DLS,9,0.550398
10,DLS-ACC,intermediate,DLS,10,0.978181
10,DLS-ACC,intermediate,DLS,11,0.875887
10,DLS-ACC,intermediate,DLS,12,1.403037
10,DLS-ACC,intermediate,DLS,13,0.719186
10,DLS-ACC,intermediate,DLS,14,1.300862
10,DLS-ACC,intermediate,DLS,15,0.586045
10,DLS-ACC,intermediate,DLS,16,0.875789
10,DLS-ACC,intermediate,DLS,17,0.526609
10,DLS-ACC,intermediate,DLS,18,1.27447
10,DLS-ACC,intermediate,DLS,19,1.020344
10,DLS-ACC,intermediate,ACC,0,1.174641
10,DLS-ACC,intermediate,ACC,1,0.868075
10,DLS-ACC,intermediate,ACC,2,1.110867
10,DLS-ACC,intermediate,ACC,3,1.034525
10,DLS-ACC,intermediate,ACC,4,0.893904
10,DLS-ACC,intermediate,ACC,5,1.062472
10,DLS-ACC,intermediate,ACC,6,1.100289
10,DLS-ACC,intermediate,ACC,7,1.014207
10,DLS-ACC,intermediate,ACC,8,1.543956
10,DLS-ACC,intermediate,ACC,9,1.078014
10,DLS-ACC,intermediate,ACC,10,0.903674
10,DLS-ACC,intermediate,ACC,11,2.894873
10,DLS-ACC,intermediate,ACC,12,0.0
10,DLS-ACC,intermediate,ACC,13,0.997331
10,DLS-ACC,intermediate,ACC,14,0.569634
10,DLS-ACC,intermediate,ACC,15,0.933737
10,DLS-ACC,expert,DLS,0,0.978778
10,DLS-ACC,expert,DLS,1,1.446164
10,DLS-ACC,expert,DLS,2,1.130507
10,DLS-ACC,expert,DLS,3,1.101714
10,DLS-ACC,expert,DLS,4,0.0
10,DLS-ACC,expert,DLS,5,1.281861
10,DLS-ACC,expert,DLS,6,1.029242
10,DLS-ACC,expert,DLS,7,1.117416
10,DLS-ACC,expert,DLS,8,1.55576
10,DLS-ACC,expert,DLS,9,1.279916
10,DLS-ACC,expert,DLS,10,1.01252
10,DLS-ACC,expert,DLS,11,0.38425
10,DLS-ACC,expert,DLS,12,2.317797
10,DLS-ACC,expert,DLS,13,0.619361
10,DLS-ACC,expert,DLS,14,1.581017
10,DLS-ACC,expert,DLS,15,0.829604
10,DLS-ACC,expert,DLS,16,0.991451
10,DLS-ACC,expert,DLS,17,2.515933
10,DLS-ACC,expert,DLS,18,1.435804
10,DLS-ACC,expert,DLS,19,1.37727
10,DLS-ACC,expert,ACC,0,1.068038
10,DLS-ACC,expert,ACC,1,0.854074
10,DLS-ACC,expert,ACC,2,1.299594
10,DLS-ACC,expert,ACC,3,0.996139
10,DLS-ACC,expert,ACC,4,0.923138
10,DLS-ACC,expert,ACC,5,1.612447
10,DLS-ACC,expert,ACC,6,1.092667
10,DLS-ACC,expert,ACC,7,1.121958
10,DLS-ACC,expert,ACC,8,1.80078
10,DLS-ACC,expert,ACC,9,0.746061
10,DLS-ACC,expert,ACC,10,1.066053
10,DLS-ACC,expert,ACC,11,5.382606
10,DLS-ACC,expert,ACC,12,0.389094
10,DLS-ACC,expert,ACC,13,1.009614
10,DLS-ACC,expert,ACC,14,0.0
10,DLS-ACC,expert,ACC,15,0.820245
10,V1-DMS,naive,V1,0,0.873618
10,V1-DMS,naive,V1,1,0.881786
10,V1-DMS,naive,V1,2,0.857792
10,V1-DMS,naive,V1,3,0.853422
10,V1-DMS,naive,V1,4,0.947632
10,V1-DMS,naive,V1,5,0.899461
10,V1-DMS,naive,V1,6,0.853345
10,V1-DMS,naive,DMS,0,0.64156
10,V1-DMS,naive,DMS,1,0.316998
10,V1-DMS,naive,DMS,2,0.897174
10,V1-DMS,naive,DMS,3,0.48532
10,V1-DMS,naive,DMS,4,1.275491
10,V1-DMS,naive,DMS,5,0.491459
10,V1-DMS,naive,DMS,6,2.973411
10,V1-DMS,naive,DMS,7,2.852214
10,V1-DMS,naive,DMS,8,0.716874
10,V1-DMS,naive,DMS,9,0.981689
10,V1-DMS,naive,DMS,10,0.784493
10,V1-DMS,naive,DMS,11,1.026934
10,V1-DMS,naive,DMS,12,0.857134
10,V1-DMS,naive,DMS,13,0.946652
10,V1-DMS,naive,DMS,14,0.973888
10,V1-DMS,naive,DMS,15,0.494775
10,V1-DMS,naive,DMS,16,0.935545
10,V1-DMS,naive,DMS,17,0.854258
10,V1-DMS,naive,DMS,18,1.28324
10,V1-DMS,naive,DMS,19,0.271873
10,V1-DMS,intermediate,V1,0,0.954468
10,V1-DMS,intermediate,V1,1,0.957228
10,V1-DMS,intermediate,V1,2,1.308919
10,V1-DMS,intermediate,V1,3,1.195386
10,V1-DMS,intermediate,V1,4,1.326632
10,V1-DMS,intermediate,V1,5,1.046201
10,V1-DMS,intermediate,V1,6,1.079558
10,V1-DMS,intermediate,DMS,0,0.657298
10,V1-DMS,intermediate,DMS,1,0.663629
10,V1-DMS,intermediate,DMS,2,0.661075
10,V1-DMS,intermediate,DMS,3,0.442766
10,V1-DMS,intermediate,DMS,4,1.03541
10,V1-DMS,intermediate,DMS,5,0.645018
10,V1-DMS,intermediate,DMS,6,5.589819
10,V1-DMS,intermediate,DMS,7,5.721466
10,V1-DMS,intermediate,DMS,8,0.663274
10,V1-DMS,intermediate,DMS,9,0.791909
10,V1-DMS,intermediate,DMS,10,0.587037
10,V1-DMS,intermediate,DMS,11,1.052766
10,V1-DMS,intermediate,DMS,12,0.643338
10,V1-DMS,intermediate,DMS,13,0.618068
10,V1-DMS,intermediate,DMS,14,0.309245
10,V1-DMS,intermediate,DMS,15,0.563393
10,V1-DMS,intermediate,DMS,16,0.648804
10,V1-DMS,intermediate,DMS,17,0.671033
10,V1-DMS,intermediate,DMS,18,0.420542
10,V1-DMS,intermediate,DMS,19,0.0
10,V1-DMS,expert,V1,0,1.013983
10,V1-DMS,expert,V1,1,1.052855
10,V1-DMS,expert,V1,2,1.571518
10,V1-DMS,expert,V1,3,1.094779
10,V1-DMS,expert,V1,4,1.569156
10,V1-DMS,expert,V1,5,1.093104
10,V1-DMS,expert,V1,6,1.189409
10,V1-DMS,expert,DMS,0,0.688123
10,V1-DMS,expert,DMS,1,0.566777
10,V1-DMS,expert,DMS,2,1.125538
10,V1-DMS,expert,DMS,3,0.55434
10,V1-DMS,expert,DMS,4,1.219782
10,V1-DMS,expert,DMS,5,0.349991
10,V1-DMS,expert,DMS,6,3.005033
10,V1-DMS,expert,DMS,7,2.492577
10,V1-DMS,expert,DMS,8,0.540404
10,V1-DMS,expert,DMS,9,0.620891
10,V1-DMS,expert,DMS,10,0.593684
10,V1-DMS,expert,DMS,11,0.676082
10,V1-DMS,expert,DMS,12,0.862069
10,V1-DMS,expert,DMS,13,0.792197
10,V1-DMS,expert,DMS,14,0.58155
10,V1-DMS,expert,DMS,15,0.926406
10,V1-DMS,expert,DMS,16,0.892019
10,V1-DMS,expert,DMS,17,0.70106
10,V1-DMS,expert,DMS,18,0.396819
10,V1-DMS,expert,DMS,19,0.218369
10,V1-DLS,naive,V1,0,0.873618
10,V1-DLS,naive,V1,1,0.881786
10,V1-DLS,naive,V1,2,0.857792
10,V1-DLS,naive,V1,3,0.853422
10,V1-DLS,naive,V1,4,0.947632
10,V1-DLS,naive,V1,5,0.899461
10,V1-DLS,naive,V1,6,0.853345
10,V1-DLS,naive,DLS,0,0.700237
10,V1-DLS,naive,DLS,1,0.654357
10,V1-DLS,naive,DLS,2,0.585432
10,V1-DLS,naive,DLS,3,1.106669
10,V1-DLS,naive,DLS,4,0.277003
10,V1-DLS,naive,DLS,5,0.656011
10,V1-DLS,naive,DLS,6,0.654986
10,V1-DLS,naive,DLS,7,0.682481
10,V1-DLS,naive,DLS,8,0.843311
10,V1-DLS,naive,DLS,9,0.409594
10,V1-DLS,naive,DLS,10,0.361628
10,V1-DLS,naive,DLS,11,0.358336
10,V1-DLS,naive,DLS,12,0.270257
10,V1-DLS,naive,DLS,13,0.507744
10,V1-DLS,naive,DLS,14,0.242773
10,V1-DLS,naive,DLS,15,0.665562
10,V1-DLS,naive,DLS,16,0.743295
10,V1-DLS,naive,DLS,17,0.479356
10,V1-DLS,naive,DLS,18,0.832395
10,V1-DLS,naive,DLS,19,0.425683
10,V1-DLS,intermediate,V1,0,0.954468
10,V1-DLS,intermediate,V1,1,0.957228
10,V1-DLS,intermediate,V1,2,1.308919
10,V1-DLS,intermediate,V1,3,1.195386
10,V1-DLS,intermediate,V1,4,1.326632
10,V1-DLS,intermediate,V1,5,1.046201
10,V1-DLS,intermediate,V1,6,1.079558
10,V1-DLS,intermediate,DLS,0,0.726174
10,V1-DLS,intermediate,DLS,1,0.839565
10,V1-DLS,intermediate,DLS,2,0.404072
10,V1-DLS,intermediate,DLS,3,0.674076
10,V1-DLS,intermediate,DLS,4,0.253629
10,V1-DLS,intermediate,DLS,5,0.481581
10,V1-DLS,intermediate,DLS,6,0.685997
10,V1-DLS,intermediate,DLS,7,0.666783
10,V1-DLS,intermediate,DLS,8,1.170593
10,V1-DLS,intermediate,DLS,9,0.373647
10,V1-DLS,intermediate,DLS,10,0.504278
10,V1-DLS,intermediate,DLS,11,1.244441
10,V1-DLS,intermediate,DLS,12,0.922461
10,V1-DLS,intermediate,DLS,13,0.300425
10,V1-DLS,intermediate,DLS,14,1.149618
10,V1-DLS,intermediate,DLS,15,0.384351
10,V1-DLS,intermediate,DLS,16,0.649457
10,V1-DLS,intermediate,DLS,17,0.377408
10,V1-DLS,intermediate,DLS,18,0.755484
10,V1-DLS,intermediate,DLS,19,0.56833
10,V1-DLS,expert,V1,0,1.013983
10,V1-DLS,expert,V1,1,1.052855
10,V1-DLS,expert,V1,2,1.571518
10,V1-DLS,expert,V1,3,1.094779
10,V1-DLS,expert,V1,4,1.569156
10,V1-DLS,expert,V1,5,1.093104
10,V1-DLS,expert,V1,6,1.189409
10,V1-DLS,expert,DLS,0,0.396948
10,V1-DLS,expert,DLS,1,0.601809
10,V1-DLS,expert,DLS,2,0.783
10,V1-DLS,expert,DLS,3,0.855248
10,V1-DLS,expert,DLS,4,0.0
10,V1-DLS,expert,DLS,5,0.714028
10,V1-DLS,expert,DLS,6,0.760604
10,V1-DLS,expert,DLS,7,0.781614
10,V1-DLS,expert,DLS,8,1.113184
10,V1-DLS,expert,DLS,9,0.691125
10,V1-DLS,expert,DLS,10,0.732665
10,V1-DLS,expert,DLS,11,0.279753
10,V1-DLS,expert,DLS,12,1.329599
10,V1-DLS,expert,DLS,13,0.60424
10,V1-DLS,expert,DLS,14,1.005127
10,V1-DLS,expert,DLS,15,0.899505
10,V1-DLS,expert,DLS,16,0.661308
10,V1-DLS,expert,DLS,17,0.7287
10,V1-DLS,expert,DLS,18,1.24678
10,V1-DLS,expert,DLS,19,0.539383
10,V1-ACC,naive,V1,0,0.873618
10,V1-ACC,naive,V1,1,0.881786
10,V1-ACC,naive,V1,2,0.857792
10,V1-ACC,naive,V1,3,0.853422
10,V1-ACC,naive,V1,4,0.947632
10,V1-ACC,naive,V1,5,0.899461
10,V1-ACC,naive,V1,6,0.853345
10,V1-ACC,naive,ACC,0,0.775233
10,V1-ACC,naive,ACC,1,1.842521
10,V1-ACC,naive,ACC,2,0.640881
10,V1-ACC,naive,ACC,3,1.087587
10,V1-ACC,naive,ACC,4,1.011796
10,V1-ACC,naive,ACC,5,0.415136
10,V1-ACC,naive,ACC,6,0.791046
10,V1-ACC,naive,ACC,7,0.654775
10,V1-ACC,naive,ACC,8,0.341615
10,V1-ACC,naive,ACC,9,0.945737
10,V1-ACC,naive,ACC,10,2.227914
10,V1-ACC,naive,ACC,11,0.369785
10,V1-ACC,naive,ACC,12,0.0
10,V1-ACC,naive,ACC,13,0.451759
10,V1-ACC,naive,ACC,14,0.0
10,V1-ACC,naive,ACC,15,0.515901
10,V1-ACC,intermediate,V1,0,0.954468
10,V1-ACC,intermediate,V1,1,0.957228
10,V1-ACC,intermediate,V1,2,1.308919
10,V1-ACC,intermediate,V1,3,1.195386
10,V1-ACC,intermediate,V1,4,1.326632
10,V1-ACC,intermediate,V1,5,1.046201
10,V1-ACC,intermediate,V1,6,1.079558
10,V1-ACC,intermediate,ACC,0,1.035996
10,V1-ACC,intermediate,ACC,1,0.678389
10,V1-ACC,intermediate,ACC,2,0.693609
10,V1-ACC,intermediate,ACC,3,0.616937
10,V1-ACC,intermediate,ACC,4,0.703258
10,V1-ACC,intermediate,ACC,5,0.83962
10,V1-ACC,intermediate,ACC,6,0.730298
10,V1-ACC,intermediate,ACC,7,0.755239
10,V1-ACC,intermediate,ACC,8,1.331611
10,V1-ACC,intermediate,ACC,9,0.556617
10,V1-ACC,intermediate,ACC,10,0.510737
10,V1-ACC,intermediate,ACC,11,0.729339
10,V1-ACC,intermediate,ACC,12,0.0
10,V1-ACC,intermediate,ACC,13,0.738356
10,V1-ACC,intermediate,ACC,14,0.370825
10,V1-ACC,intermediate,ACC,15,0.471419
10,V1-ACC,expert,V1,0,1.013983
10,V1-ACC,expert,V1,1,1.052855
10,V1-ACC,expert,V1,2,1.571518
10,V1-ACC,expert,V1,3,1.094779
10,V1-ACC,expert,V1,4,1.569156
10,V1-ACC,expert,V1,5,1.093104
10,V1-ACC,expert,V1,6,1.189409
10,V1-ACC,expert,ACC,0,0.61123
10,V1-ACC,expert,ACC,1,0.541929
10,V1-ACC,expert,ACC,2,0.58408
10,V1-ACC,expert,ACC,3,0.846527
10,V1-ACC,expert,ACC,4,0.7966
10,V1-ACC,expert,ACC,5,1.027319
10,V1-ACC,expert,ACC,6,0.539664
10,V1-ACC,expert,ACC,7,1.025834
10,V1-ACC,expert,ACC,8,1.549205
10,V1-ACC,expert,ACC,9,0.343069
10,V1-ACC,expert,ACC,10,0.842995
10,V1-ACC,expert,ACC,11,3.399366
10,V1-ACC,expert,ACC,12,0.30201
10,V1-ACC,expert,ACC,13,0.58797
10,V1-ACC,expert,ACC,14,0.0
10,V1-ACC,expert,ACC,15,0.459897
11,DMS-DLS,naive,DMS,0,0.315699
11,DMS-DLS,naive,DMS,1,0.593192
11,DMS-DLS,naive,DMS,2,0.12361
11,DMS-DLS,naive,DMS,3,0.564123
11,DMS-DLS,naive,DMS,4,0.367129
11,DMS-DLS,naive,DMS,5,1.235825
11,DMS-DLS,naive,DMS,6,0.224405
11,DMS-DLS,naive,DMS,7,0.271278
11,DMS-DLS,naive,DMS,8,0.857292
11,DMS-DLS,naive,DMS,9,0.317484
11,DMS-DLS,naive,DMS,10,0.146618
11,DMS-DLS,naive,DMS,11,0.918132
11,DMS-DLS,naive,DMS,12,0.544722
11,DMS-DLS,naive,DMS,13,0.237897
11,DMS-DLS,naive,DMS,14,0.138184
11,DMS-DLS,naive,DMS,15,0.201121
11,DMS-DLS,naive,DMS,16,0.326574
11,DMS-DLS,naive,DMS,17,0.471217
11,DMS-DLS,naive,DMS,18,1.36705
11,DMS-DLS,naive,DMS,19,0.334211
11,DMS-DLS,naive,DLS,0,1.622367
11,DMS-DLS,naive,DLS,1,0.933653
11,DMS-DLS,naive,DLS,2,3.395499
11,DMS-DLS,naive,DLS,3,0.711878
11,DMS-DLS,naive,DLS,4,0.689357
11,DMS-DLS,intermediate,DMS,0,0.387444
11,DMS-DLS,intermediate,DMS,1,0.176631
11,DMS-DLS,intermediate,DMS,2,0.479977
11,DMS-DLS,intermediate,DMS,3,0.518912
11,DMS-DLS,intermediate,DMS,4,0.671793
11,DMS-DLS,intermediate,DMS,5,0.333033
11,DMS-DLS,intermediate,DMS,6,0.151415
11,DMS-DLS,intermediate,DMS,7,1.221045
11,DMS-DLS,intermediate,DMS,8,0.428805
11,DMS-DLS,intermediate,DMS,9,0.345391
11,DMS-DLS,intermediate,DMS,10,0.570512
11,DMS-DLS,intermediate,DMS,11,0.754995
11,DMS-DLS,intermediate,DMS,12,0.416281
11,DMS-DLS,intermediate,DMS,13,0.153775
11,DMS-DLS,intermediate,DMS,14,4.557212
11,DMS-DLS,intermediate,DMS,15,0.178828
11,DMS-DLS,intermediate,DMS,16,1.395685
11,DMS-DLS,intermediate,DMS,17,1.270572
11,DMS-DLS,intermediate,DMS,18,1.149307
11,DMS-DLS,intermediate,DMS,19,0.207048
11,DMS-DLS,intermediate,DLS,0,1.104241
11,DMS-DLS,intermediate,DLS,1,0.899358
11,DMS-DLS,intermediate,DLS,2,6.440821
11,DMS-DLS,intermediate,DLS,3,1.238515
11,DMS-DLS,intermediate,DLS,4,0.0
11,DMS-DLS,expert,DMS,0,0.570812
11,DMS-DLS,expert,DMS,1,0.230749
11,DMS-DLS,expert,DMS,2,0.738469
11,DMS-DLS,expert,DMS,3,0.569535
11,DMS-DLS,expert,DMS,4,0.445075
11,DMS-DLS,expert,DMS,5,0.315412
11,DMS-DLS,expert,DMS,6,1.362211
11,DMS-DLS,expert,DMS,7,0.157351
11,DMS-DLS,expert,DMS,8,0.875656
11,DMS-DLS,expert,DMS,9,0.476121
11,DMS-DLS,expert,DMS,10,0.125083
11,DMS-DLS,expert,DMS,11,0.112853
11,DMS-DLS,expert,DMS,12,1.109886
11,DMS-DLS,expert,DMS,13,0.316125
11,DMS-DLS,expert,DMS,14,0.373258
11,DMS-DLS,expert,DMS,15,0.454065
11,DMS-DLS,expert,DMS,16,0.541368
11,DMS-DLS,expert,DMS,17,1.060963
11,DMS-DLS,expert,DMS,18,2.258691
11,DMS-DLS,expert,DMS,19,0.75435
11,DMS-DLS,expert,DLS,0,0.794257
11,DMS-DLS,expert,DLS,1,0.590911
11,DMS-DLS,expert,DLS,2,5.807813
11,DMS-DLS,expert,DLS,3,1.750067
11,DMS-DLS,expert,DLS,4,1.492882
11,DMS-ACC,naive,DMS,0,1.024206
11,DMS-ACC,naive,DMS,1,1.428193
11,DMS-ACC,naive,DMS,2,0.414765
11,DMS-ACC,naive,DMS,3,0.865347
11,DMS-ACC,naive,DMS,4,1.139134
11,DMS-ACC,naive,DMS,5,1.4333
11,DMS-ACC,naive,DMS,6,0.484306
11,DMS-ACC,naive,DMS,7,0.669189
11,DMS-ACC,naive,DMS,8,2.598829
11,DMS-ACC,naive,DMS,9,1.02081
11,DMS-ACC,naive,DMS,10,1.752722
11,DMS-ACC,naive,DMS,11,2.372842
11,DMS-ACC,naive,DMS,12,0.715295
11,DMS-ACC,naive,DMS,13,1.395789
11,DMS-ACC,naive,DMS,14,0.541845
11,DMS-ACC,naive,DMS,15,0.392365
11,DMS-ACC,naive,DMS,16,0.484246
11,DMS-ACC,naive,DMS,17,0.874266
11,DMS-ACC,naive,DMS,18,2.05358
11,DMS-ACC,naive,DMS,19,0.604184
11,DMS-ACC,naive,ACC,0,0.018856
11,DMS-ACC,naive,ACC,1,0.018089
11,DMS-ACC,naive,ACC,2,0.093779
11,DMS-ACC,naive,ACC,3,0.874813
11,DMS-ACC,naive,ACC,4,0.143782
11,DMS-ACC,naive,ACC,5,0.031185
11,DMS-ACC,naive,ACC,6,0.784661
11,DMS-ACC,naive,ACC,7,0.644953
11,DMS-ACC,naive,ACC,8,0.0625
11,DMS-ACC,naive,ACC,9,0.855933
11,DMS-ACC,naive,ACC,10,0.081313
11,DMS-ACC,naive,ACC,11,0.104276
11,DMS-ACC,naive,ACC,12,0.10882
11,DMS-ACC,naive,ACC,13,0.256281
11,DMS-ACC,naive,ACC,14,0.038648
11,DMS-ACC,naive,ACC,15,0.59368
11,DMS-ACC,naive,ACC,16,0.03069
11,DMS-ACC,naive,ACC,17,0.035677
11,DMS-ACC,naive,ACC,18,0.431115
11,DMS-ACC,naive,ACC,19,0.792104
11,DMS-ACC,naive,ACC,20,0.339822
11,DMS-ACC,naive,ACC,21,0.026836
11,DMS-ACC,naive,ACC,22,0.073754
11,DMS-ACC,naive,ACC,23,0.868256
11,DMS-ACC,naive,ACC,24,0.810133
11,DMS-ACC,naive,ACC,25,0.217348
11,DMS-ACC,naive,ACC,26,0.141629
11,DMS-ACC,naive,ACC,27,0.722656
11,DMS-ACC,naive,ACC,28,0.211086
11,DMS-ACC,naive,ACC,29,0.676213
11,DMS-ACC,naive,ACC,30,0.061383
11,DMS-ACC,naive,ACC,31,0.064379
11,DMS-ACC,naive,ACC,32,0.09934
11,DMS-ACC,naive,ACC,33,0.076232
11,DMS-ACC,naive,ACC,34,0.042208
11,DMS-ACC,naive,ACC,35,0.037357
11,DMS-ACC,naive,ACC,36,0.087303
11,DMS-ACC,naive,ACC,37,0.176203
11,DMS-ACC,naive,ACC,38,0.31651
11,DMS-ACC,naive,ACC,39,0.04451
11,DMS-ACC,naive,ACC,40,0.840978
11,DMS-ACC,naive,ACC,41,0.020041
11,DMS-ACC,naive,ACC,42,0.794122
11,DMS-ACC,naive,ACC,43,0.021007
11,DMS-ACC,naive,ACC,44,0.427473
11,DMS-ACC,naive,ACC,45,0.0
11,DMS-ACC,naive,ACC,46,0.035573
11,DMS-ACC,naive,ACC,47,0.122979
11,DMS-ACC,naive,ACC,48,0.91109
11,DMS-ACC,naive,ACC,49,0.135825
11,DMS-ACC,naive,ACC,50,0.137928
11,DMS-ACC,naive,ACC,51,0.756703
11,DMS-ACC,naive,ACC,52,0.037967
11,DMS-ACC,naive,ACC,53,0.163887
11,DMS-ACC,naive,ACC,54,0.03196
11,DMS-ACC,naive,ACC,55,0.199439
11,DMS-ACC,naive,ACC,56,0.106956
11,DMS-ACC,naive,ACC,57,0.392325
11,DMS-ACC,naive,ACC,58,0.1471
11,DMS-ACC,naive,ACC,59,0.629152
11,DMS-ACC,naive,ACC,60,0.59362
11,DMS-ACC,naive,ACC,61,0.019533
11,DMS-ACC,naive,ACC,62,0.808294
11,DMS-ACC,naive,ACC,63,0.038192
11,DMS-ACC,naive,ACC,64,0.747044
11,DMS-ACC,naive,ACC,65,0.019927
11,DMS-ACC,naive,ACC,66,0.045746
11,DMS-ACC,intermediate,DMS,0,1.013701
11,DMS-ACC,intermediate,DMS,1,0.61311
11,DMS-ACC,intermediate,DMS,2,1.203032
11,DMS-ACC,intermediate,DMS,3,0.91882
11,DMS-ACC,intermediate,DMS,4,1.039262
11,DMS-ACC,intermediate,DMS,5,0.593587
11,DMS-ACC,intermediate,DMS,6,2.200612
11,DMS-ACC,intermediate,DMS,7,1.936499
11,DMS-ACC,intermediate,DMS,8,1.38693
11,DMS-ACC,intermediate,DMS,9,1.232206
11,DMS-ACC,intermediate,DMS,10,1.45924
11,DMS-ACC,intermediate,DMS,11,2.846801
11,DMS-ACC,intermediate,DMS,12,1.094919
11,DMS-ACC,intermediate,DMS,13,0.587801
11,DMS-ACC,intermediate,DMS,14,7.778718
11,DMS-ACC,intermediate,DMS,15,3.788864
11,DMS-ACC,intermediate,DMS,16,1.9607
11,DMS-ACC,intermediate,DMS,17,2.710187
11,DMS-ACC,intermediate,DMS,18,2.101026
11,DMS-ACC,intermediate,DMS,19,0.746505
11,DMS-ACC,intermediate,ACC,0,0.502004
11,DMS-ACC,intermediate,ACC,1,0.484229
11,DMS-ACC,intermediate,ACC,2,0.131429
11,DMS-ACC,intermediate,ACC,3,0.474615
11,DMS-ACC,intermediate,ACC,4,0.242389
11,DMS-ACC,intermediate,ACC,5,0.359781
11,DMS-ACC,intermediate,ACC,6,0.341592
11,DMS-ACC,intermediate,ACC,7,0.082336
11,DMS-ACC,intermediate,ACC,8,0.450349
11,DMS-ACC,intermediate,ACC,9,0.603933
11,DMS-ACC,intermediate,ACC,10,0.08957
11,DMS-ACC,intermediate,ACC,11,0.762985
11,DMS-ACC,intermediate,ACC,12,0.028658
11,DMS-ACC,intermediate,ACC,13,0.103985
11,DMS-ACC,intermediate,ACC,14,0.081557
11,DMS-ACC,intermediate,ACC,15,0.140307
11,DMS-ACC,intermediate,ACC,16,0.845397
11,DMS-ACC,intermediate,ACC,17,0.052911
11,DMS-ACC,intermediate,ACC,18,0.017397
11,DMS-ACC,intermediate,ACC,19,0.180488
11,DMS-ACC,intermediate,ACC,20,0.206788
11,DMS-ACC,intermediate,ACC,21,0.80504
11,DMS-ACC,intermediate,ACC,22,0.460888
11,DMS-ACC,intermediate,ACC,23,0.076066
11,DMS-ACC,intermediate,ACC,24,0.006929
11,DMS-ACC,intermediate,ACC,25,0.825464
11,DMS-ACC,intermediate,ACC,26,0.197802
11,DMS-ACC,intermediate,ACC,27,0.127496
11,DMS-ACC,intermediate,ACC,28,0.209492
11,DMS-ACC,intermediate,ACC,29,0.0406
11,DMS-ACC,intermediate,ACC,30,0.204145
11,DMS-ACC,intermediate,ACC,31,0.17475
11,DMS-ACC,intermediate,ACC,32,0.54504
11,DMS-ACC,intermediate,ACC,33,0.791881
11,DMS-ACC,intermediate,ACC,34,0.042924
11,DMS-ACC,intermediate,ACC,35,0.157454
11,DMS-ACC,intermediate,ACC,36,0.684807
11,DMS-ACC,intermediate,ACC,37,0.113822
11,DMS-ACC,intermediate,ACC,38,0.862721
11,DMS-ACC,intermediate,ACC,39,0.872527
11,DMS-ACC,intermediate,ACC,40,0.119292
11,DMS-ACC,intermediate,ACC,41,0.603951
11,DMS-ACC,intermediate,ACC,42,0.802916
11,DMS-ACC,intermediate,ACC,43,0.120116
11,DMS-ACC,intermediate,ACC,44,0.002649
11,DMS-ACC,intermediate,ACC,45,0.0
11,DMS-ACC,intermediate,ACC,46,0.561143
11,DMS-ACC,intermediate,ACC,47,0.850874
11,DMS-ACC,intermediate,ACC,48,0.17575
11,DMS-ACC,intermediate,ACC,49,0.045234
11,DMS-ACC,intermediate,ACC,50,0.13634
11,DMS-ACC,intermediate,ACC,51,0.052148
11,DMS-ACC,intermediate,ACC,52,0.12082
11,DMS-ACC,intermediate,ACC,53,0.700538
11,DMS-ACC,intermediate,ACC,54,0.560248
11,DMS-ACC,intermediate,ACC,55,0.299624
11,DMS-ACC,intermediate,ACC,56,0.061228
11,DMS-ACC,intermediate,ACC,57,0.0
11,DMS-ACC,intermediate,ACC,58,0.064679
11,DMS-ACC,intermediate,ACC,59,0.03261
11,DMS-ACC,intermediate,ACC,60,0.034467
11,DMS-ACC,intermediate,ACC,61,0.877
11,DMS-ACC,intermediate,ACC,62,0.323946
11,DMS-ACC,intermediate,ACC,63,0.005809
11,DMS-ACC,intermediate,ACC,64,0.764411
11,DMS-ACC,intermediate,ACC,65,0.198223
11,DMS-ACC,intermediate,ACC,66,0.21268
11,DMS-ACC,expert,DMS,0,1.014434
11,DMS-ACC,expert,DMS,1,0.648511
11,DMS-ACC,expert,DMS,2,1.147871
11,DMS-ACC,expert,DMS,3,1.048881
11,DMS-ACC,expert,DMS,4,1.005224
11,DMS-ACC,expert,DMS,5,1.128936
11,DMS-ACC,expert,DMS,6,1.937744
11,DMS-ACC,expert,DMS,7,2.032522
11,DMS-ACC,expert,DMS,8,1.529596
11,DMS-ACC,expert,DMS,9,0.663491
11,DMS-ACC,expert,DMS,10,1.503161
11,DMS-ACC,expert,DMS,11,0.972911
11,DMS-ACC,expert,DMS,12,1.442995
11,DMS-ACC,expert,DMS,13,0.74288
11,DMS-ACC,expert,DMS,14,3.662132
11,DMS-ACC,expert,DMS,15,3.123386
11,DMS-ACC,expert,DMS,16,3.540315
11,DMS-ACC,expert,DMS,17,1.837636
11,DMS-ACC,expert,DMS,18,2.444317
11,DMS-ACC,expert,DMS,19,1.781191
11,DMS-ACC,expert,ACC,0,0.607685
11,DMS-ACC,expert,ACC,1,0.554469
11,DMS-ACC,expert,ACC,2,0.255023
11,DMS-ACC,expert,ACC,3,0.085165
11,DMS-ACC,expert,ACC,4,0.28723
11,DMS-ACC,expert,ACC,5,0.70806
11,DMS-ACC,expert,ACC,6,0.179582
11,DMS-ACC,expert,ACC,7,0.0615
11,DMS-ACC,expert,ACC,8,0.10225
11,DMS-ACC,expert,ACC,9,0.711222
11,DMS-ACC,expert,ACC,10,0.059662
11,DMS-ACC,expert,ACC,11,0.686117
11,DMS-ACC,expert,ACC,12,0.151919
11,DMS-ACC,expert,ACC,13,0.233038
11,DMS-ACC,expert,ACC,14,0.146121
11,DMS-ACC,expert,ACC,15,0.134103
11,DMS-ACC,expert,ACC,16,0.152526
11,DMS-ACC,expert,ACC,17,0.144937
11,DMS-ACC,expert,ACC,18,0.070111
11,DMS-ACC,expert,ACC,19,0.210732
11,DMS-ACC,expert,ACC,20,0.113541
11,DMS-ACC,expert,ACC,21,0.841157
11,DMS-ACC,expert,ACC,22,0.187532
11,DMS-ACC,expert,ACC,23,0.102579
11,DMS-ACC,expert,ACC,24,0.009786
11,DMS-ACC,expert,ACC,25,0.262786
11,DMS-ACC,expert,ACC,26,0.11683
11,DMS-ACC,expert,ACC,27,0.237174
11,DMS-ACC,expert,ACC,28,0.081005
11,DMS-ACC,expert,ACC,29,0.065932
11,DMS-ACC,expert,ACC,30,0.070342
11,DMS-ACC,expert,ACC,31,0.32749
11,DMS-ACC,expert,ACC,32,0.790936
11,DMS-ACC,expert,ACC,33,0.782682
11,DMS-ACC,expert,ACC,34,0.080571
11,DMS-ACC,expert,ACC,35,0.145293
11,DMS-ACC,expert,ACC,36,0.680152
11,DMS-ACC,expert,ACC,37,0.812443
11,DMS-ACC,expert,ACC,38,0.138696
11,DMS-ACC,expert,ACC,39,0.752355
11,DMS-ACC,expert,ACC,40,0.146734
11,DMS-ACC,expert,ACC,41,0.125521
11,DMS-ACC,expert,ACC,42,0.119
11,DMS-ACC,expert,ACC,43,0.624241
11,DMS-ACC,expert,ACC,44,0.806441
11,DMS-ACC,expert,ACC,45,0.544624
11,DMS-ACC,expert,ACC,46,0.199764
11,DMS-ACC,expert,ACC,47,0.403786
11,DMS-ACC,expert,ACC,48,0.057448
11,DMS-ACC,expert,ACC,49,0.034016
11,DMS-ACC,expert,ACC,50,0.261366
11,DMS-ACC,expert,ACC,51,0.050751
11,DMS-ACC,expert,ACC,52,0.119467
11,DMS-ACC,expert,ACC,53,0.790817
11,DMS-ACC,expert,ACC,54,0.775438
11,DMS-ACC,expert,ACC,55,0.069592
11,DMS-ACC,expert,ACC,56,0.074955
11,DMS-ACC,expert,ACC,57,0.179763
11,DMS-ACC,expert,ACC,58,0.061545
11,DMS-ACC,expert,ACC,59,0.685001
11,DMS-ACC,expert,ACC,60,0.04055
11,DMS-ACC,expert,ACC,61,0.704089
11,DMS-ACC,expert,ACC,62,0.851961
11,DMS-ACC,expert,ACC,63,0.077203
11,DMS-ACC,expert,ACC,64,0.709866
11,DMS-ACC,expert,ACC,65,0.74203
11,DMS-ACC,expert,ACC,66,0.849098
11,DLS-ACC,naive,DLS,0,1.622367
11,DLS-ACC,naive,DLS,1,0.933653
11,DLS-ACC,naive,DLS,2,3.395499
11,DLS-ACC,naive,DLS,3,0.711878
11,DLS-ACC,naive,DLS,4,0.689357
11,DLS-ACC,naive,ACC,0,0.007575
11,DLS-ACC,naive,ACC,1,0.01069
11,DLS-ACC,naive,ACC,2,0.030971
11,DLS-ACC,naive,ACC,3,0.206228
11,DLS-ACC,naive,ACC,4,0.077475
11,DLS-ACC,naive,ACC,5,0.019481
11,DLS-ACC,naive,ACC,6,0.482867
11,DLS-ACC,naive,ACC,7,0.249657
11,DLS-ACC,naive,ACC,8,0.014411
11,DLS-ACC,naive,ACC,9,0.364947
11,DLS-ACC,naive,ACC,10,0.033885
11,DLS-ACC,naive,ACC,11,0.040339
11,DLS-ACC,naive,ACC,12,0.09704
11,DLS-ACC,naive,ACC,13,0.122722
11,DLS-ACC,naive,ACC,14,0.022405
11,DLS-ACC,naive,ACC,15,0.282407
11,DLS-ACC,naive,ACC,16,0.013413
11,DLS-ACC,naive,ACC,17,0.021204
11,DLS-ACC,naive,ACC,18,0.293497
11,DLS-ACC,naive,ACC,19,0.404195
11,DLS-ACC,naive,ACC,20,0.216444
11,DLS-ACC,naive,ACC,21,0.016662
11,DLS-ACC,naive,ACC,22,0.024222
11,DLS-ACC,naive,ACC,23,0.353064
11,DLS-ACC,naive,ACC,24,0.626806
11,DLS-ACC,naive,ACC,25,0.044397
11,DLS-ACC,naive,ACC,26,0.057741
11,DLS-ACC,naive,ACC,27,0.288221
11,DLS-ACC,naive,ACC,28,0.08707
11,DLS-ACC,naive,ACC,29,0.35645
11,DLS-ACC,naive,ACC,30,0.033056
11,DLS-ACC,naive,ACC,31,0.04487
11,DLS-ACC,naive,ACC,32,0.054145
11,DLS-ACC,naive,ACC,33,0.045198
11,DLS-ACC,naive,ACC,34,0.025589
11,DLS-ACC,naive,ACC,35,0.026428
11,DLS-ACC,naive,ACC,36,0.03579
11,DLS-ACC,naive,ACC,37,0.073683
11,DLS-ACC,naive,ACC,38,0.095729
11,DLS-ACC,naive,ACC,39,0.025947
11,DLS-ACC,naive,ACC,40,0.18436
11,DLS-ACC,naive,ACC,41,0.0094
11,DLS-ACC,naive,ACC,42,0.35053
11,DLS-ACC,naive,ACC,43,0.010218
11,DLS-ACC,naive,ACC,44,0.087319
11,DLS-ACC,naive,ACC,45,0.0
11,DLS-ACC,naive,ACC,46,0.006628
11,DLS-ACC,naive,ACC,47,0.099307
11,DLS-ACC,naive,ACC,48,0.371842
11,DLS-ACC,naive,ACC,49,0.107371
11,DLS-ACC,naive,ACC,50,0.038891
11,DLS-ACC,naive,ACC,51,0.191744
11,DLS-ACC,naive,ACC,52,0.024679
11,DLS-ACC,naive,ACC,53,0.05752
11,DLS-ACC,naive,ACC,54,0.012675
11,DLS-ACC,naive,ACC,55,0.079321
11,DLS-ACC,naive,ACC,56,0.076084
11,DLS-ACC,naive,ACC,57,0.11197
11,DLS-ACC,naive,ACC,58,0.042991
11,DLS-ACC,naive,ACC,59,0.170539
11,DLS-ACC,naive,ACC,60,0.337646
11,DLS-ACC,naive,ACC,61,0.007546
11,DLS-ACC,naive,ACC,62,0.661142
11,DLS-ACC,naive,ACC,63,0.021104
11,DLS-ACC,naive,ACC,64,0.239224
11,DLS-ACC,naive,ACC,65,0.007581
11,DLS-ACC,naive,ACC,66,0.01224
11,DLS-ACC,intermediate,DLS,0,1.104241
11,DLS-ACC,intermediate,DLS,1,0.899358
11,DLS-ACC,intermediate,DLS,2,6.440821
11,DLS-ACC,intermediate,DLS,3,1.238515
11,DLS-ACC,intermediate,DLS,4,0.0
11,DLS-ACC,intermediate,ACC,0,0.293099
11,DLS-ACC,intermediate,ACC,1,0.21063
11,DLS-ACC,intermediate,ACC,2,0.054365
11,DLS-ACC,intermediate,ACC,3,0.162522
11,DLS-ACC,intermediate,ACC,4,0.106526
11,DLS-ACC,intermediate,ACC,5,0.242949
11,DLS-ACC,intermediate,ACC,6,0.10719
11,DLS-ACC,intermediate,ACC,7,0.028143
11,DLS-ACC,intermediate,ACC,8,0.184567
11,DLS-ACC,intermediate,ACC,9,0.532537
11,DLS-ACC,intermediate,ACC,10,0.038628
11,DLS-ACC,intermediate,ACC,11,0.469228
11,DLS-ACC,intermediate,ACC,12,0.007237
11,DLS-ACC,intermediate,ACC,13,0.063821
11,DLS-ACC,intermediate,ACC,14,0.03358
11,DLS-ACC,intermediate,ACC,15,0.085624
11,DLS-ACC,intermediate,ACC,16,0.245235
11,DLS-ACC,intermediate,ACC,17,0.00879
11,DLS-ACC,intermediate,ACC,18,0.011341
11,DLS-ACC,intermediate,ACC,19,0.058963
11,DLS-ACC,intermediate,ACC,20,0.077765
11,DLS-ACC,intermediate,ACC,21,0.262852
11,DLS-ACC,intermediate,ACC,22,0.170016
11,DLS-ACC,intermediate,ACC,23,0.027322
11,DLS-ACC,intermediate,ACC,24,0.002736
11,DLS-ACC,intermediate,ACC,25,0.403609
11,DLS-ACC,intermediate,ACC,26,0.054064
11,DLS-ACC,intermediate,ACC,27,0.057106
11,DLS-ACC,intermediate,ACC,28,0.099285
11,DLS-ACC,intermediate,ACC,29,0.010912
11,DLS-ACC,intermediate,ACC,30,0.081925
11,DLS-ACC,intermediate,ACC,31,0.067062
11,DLS-ACC,intermediate,ACC,32,0.159081
11,DLS-ACC,intermediate,ACC,33,0.159037
11,DLS-ACC,intermediate,ACC,34,0.017496
11,DLS-ACC,intermediate,ACC,35,0.06519
11,DLS-ACC,intermediate,ACC,36,0.156178
11,DLS-ACC,intermediate,ACC,37,0.026311
11,DLS-ACC,intermediate,ACC,38,0.404795
11,DLS-ACC,intermediate,ACC,39,0.211141
11,DLS-ACC,intermediate,ACC,40,0.078992
11,DLS-ACC,intermediate,ACC,41,0.319297
11,DLS-ACC,intermediate,ACC,42,0.277246
11,DLS-ACC,intermediate,ACC,43,0.026012
11,DLS-ACC,intermediate,ACC,44,0.000866
11,DLS-ACC,intermediate,ACC,45,0.0
11,DLS-ACC,intermediate,ACC,46,0.372818
11,DLS-ACC,intermediate,ACC,47,0.168938
11,DLS-ACC,intermediate,ACC,48,0.080034
11,DLS-ACC,intermediate,ACC,49,0.020127
11,DLS-ACC,intermediate,ACC,50,0.050931
11,DLS-ACC,intermediate,ACC,51,0.011552
11,DLS-ACC,intermediate,ACC,52,0.051223
11,DLS-ACC,intermediate,ACC,53,0.402613
11,DLS-ACC,intermediate,ACC,54,0.225758
11,DLS-ACC,intermediate,ACC,55,0.049886
11,DLS-ACC,intermediate,ACC,56,0.018813
11,DLS-ACC,intermediate,ACC,57,0.0
11,DLS-ACC,intermediate,ACC,58,0.027018
11,DLS-ACC,intermediate,ACC,59,0.011471
11,DLS-ACC,intermediate,ACC,60,0.00811
11,DLS-ACC,intermediate,ACC,61,0.197542
11,DLS-ACC,intermediate,ACC,62,0.091712
11,DLS-ACC,intermediate,ACC,63,0.001693
11,DLS-ACC,intermediate,ACC,64,0.271897
11,DLS-ACC,intermediate,ACC,65,0.060796
11,DLS-ACC,intermediate,ACC,66,0.068466
11,DLS-ACC,expert,DLS,0,0.794257
11,DLS-ACC,expert,DLS,1,0.590911
11,DLS-ACC,expert,DLS,2,5.807813
11,DLS-ACC,expert,DLS,3,1.750067
11,DLS-ACC,expert,DLS,4,1.492882
11,DLS-ACC,expert,ACC,0,0.261426
11,DLS-ACC,expert,ACC,1,0.168259
11,DLS-ACC,expert,ACC,2,0.119444
11,DLS-ACC,expert,ACC,3,0.046052
11,DLS-ACC,expert,ACC,4,0.180474
11,DLS-ACC,expert,ACC,5,0.379042
11,DLS-ACC,expert,ACC,6,0.079583
11,DLS-ACC,expert,ACC,7,0.023631
11,DLS-ACC,expert,ACC,8,0.048076
11,DLS-ACC,expert,ACC,9,0.528215
11,DLS-ACC,expert,ACC,10,0.037681
11,DLS-ACC,expert,ACC,11,0.340922
11,DLS-ACC,expert,ACC,12,0.086791
11,DLS-ACC,expert,ACC,13,0.109934
11,DLS-ACC,expert,ACC,14,0.075266
11,DLS-ACC,expert,ACC,15,0.071215
11,DLS-ACC,expert,ACC,16,0.082104
11,DLS-ACC,expert,ACC,17,0.043953
11,DLS-ACC,expert,ACC,18,0.032501
11,DLS-ACC,expert,ACC,19,0.131016
11,DLS-ACC,expert,ACC,20,0.054117
11,DLS-ACC,expert,ACC,21,0.386451
11,DLS-ACC,expert,ACC,22,0.118752
11,DLS-ACC,expert,ACC,23,0.078365
11,DLS-ACC,expert,ACC,24,0.004981
11,DLS-ACC,expert,ACC,25,0.115441
11,DLS-ACC,expert,ACC,26,0.046854
11,DLS-ACC,expert,ACC,27,0.061994
11,DLS-ACC,expert,ACC,28,0.012485
11,DLS-ACC,expert,ACC,29,0.019021
11,DLS-ACC,expert,ACC,30,0.037417
11,DLS-ACC,expert,ACC,31,0.186337
11,DLS-ACC,expert,ACC,32,0.165194
11,DLS-ACC,expert,ACC,33,0.432822
11,DLS-ACC,expert,ACC,34,0.031289
11,DLS-ACC,expert,ACC,35,0.089735
11,DLS-ACC,expert,ACC,36,0.381116
11,DLS-ACC,expert,ACC,37,0.555796
11,DLS-ACC,expert,ACC,38,0.092056
11,DLS-ACC,expert,ACC,39,0.248315
11,DLS-ACC,expert,ACC,40,0.07482
11,DLS-ACC,expert,ACC,41,0.040169
11,DLS-ACC,expert,ACC,42,0.032644
11,DLS-ACC,expert,ACC,43,0.163753
11,DLS-ACC,expert,ACC,44,0.456611
11,DLS-ACC,expert,ACC,45,0.14164
11,DLS-ACC,expert,ACC,46,0.159043
11,DLS-ACC,expert,ACC,47,0.203583
11,DLS-ACC,expert,ACC,48,0.036746
11,DLS-ACC,expert,ACC,49,0.012641
11,DLS-ACC,expert,ACC,50,0.164694
11,DLS-ACC,expert,ACC,51,0.038648
11,DLS-ACC,expert,ACC,52,0.077614
11,DLS-ACC,expert,ACC,53,0.5463
11,DLS-ACC,expert,ACC,54,0.347051
11,DLS-ACC,expert,ACC,55,0.024325
11,DLS-ACC,expert,ACC,56,0.053899
11,DLS-ACC,expert,ACC,57,0.110769
11,DLS-ACC,expert,ACC,58,0.024469
11,DLS-ACC,expert,ACC,59,0.390779
11,DLS-ACC,expert,ACC,60,0.018212
11,DLS-ACC,expert,ACC,61,0.289244
11,DLS-ACC,expert,ACC,62,0.32157
11,DLS-ACC,expert,ACC,63,0.02334
11,DLS-ACC,expert,ACC,64,0.41087
11,DLS-ACC,expert,ACC,65,0.234834
11,DLS-ACC,expert,ACC,66,0.500371
11,V1-DMS,naive,V1,0,0.029048
11,V1-DMS,naive,V1,1,0.748218
11,V1-DMS,naive,V1,2,1.000849
11,V1-DMS,naive,V1,3,0.187116
11,V1-DMS,naive,V1,4,0.93193
11,V1-DMS,naive,V1,5,0.121461
11,V1-DMS,naive,V1,6,0.167532
11,V1-DMS,naive,V1,7,0.985941
11,V1-DMS,naive,V1,8,0.169674
11,V1-DMS,naive,V1,9,0.067117
11,V1-DMS,naive,V1,10,0.923789
11,V1-DMS,naive,V1,11,0.663085
11,V1-DMS,naive,V1,12,0.390704
11,V1-DMS,naive,V1,13,0.130501
11,V1-DMS,naive,V1,14,0.710003
11,V1-DMS,naive,V1,15,0.080618
11,V1-DMS,naive,V1,16,0.914637
11,V1-DMS,naive,V1,17,0.139269
11,V1-DMS,naive,V1,18,0.770255
11,V1-DMS,naive,V1,19,0.078068
11,V1-DMS,naive,V1,20,0.678818
11,V1-DMS,naive,V1,21,0.167097
11,V1-DMS,naive,V1,22,0.053161
11,V1-DMS,naive,V1,23,0.094083
11,V1-DMS,naive,V1,24,0.069352
11,V1-DMS,naive,V1,25,0.898038
11,V1-DMS,naive,V1,26,0.008692
11,V1-DMS,naive,V1,27,0.103891
11,V1-DMS,naive,V1,28,0.02653
11,V1-DMS,naive,V1,29,0.01013
11,V1-DMS,naive,V1,30,0.074735
11,V1-DMS,naive,V1,31,0.201358
11,V1-DMS,naive,V1,32,0.021412
11,V1-DMS,naive,V1,33,0.021024
11,V1-DMS,naive,V1,34,0.527402
11,V1-DMS,naive,V1,35,0.596586
11,V1-DMS,naive,V1,36,0.110376
11,V1-DMS,naive,V1,37,0.610944
11,V1-DMS,naive,V1,38,0.100896
11,V1-DMS,naive,V1,39,0.0
11,V1-DMS,naive,V1,40,0.984872
11,V1-DMS,naive,V1,41,0.9524
11,V1-DMS,naive,V1,42,0.037081
11,V1-DMS,naive,V1,43,0.094937
11,V1-DMS,naive,V1,44,0.363631
11,V1-DMS,naive,V1,45,0.042215
11,V1-DMS,naive,V1,46,0.13412
11,V1-DMS,naive,V1,47,0.025982
11,V1-DMS,naive,V1,48,0.01818
11,V1-DMS,naive,V1,49,0.026943
11,V1-DMS,naive,V1,50,0.125547
11,V1-DMS,naive,V1,51,0.009657
11,V1-DMS,naive,V1,52,0.058965
11,V1-DMS,naive,V1,53,0.89157
11,V1-DMS,naive,V1,54,0.734636
11,V1-DMS,naive,V1,55,0.050146
11,V1-DMS,naive,V1,56,0.092946
11,V1-DMS,naive,V1,57,0.831153
11,V1-DMS,naive,V1,58,1.016791
11,V1-DMS,naive,V1,59,0.025089
11,V1-DMS,naive,V1,60,0.015687
11,V1-DMS,naive,V1,61,0.004108
11,V1-DMS,naive,V1,62,0.140763
11,V1-DMS,naive,V1,63,0.092429
11,V1-DMS,naive,V1,64,0.051475
11,V1-DMS,naive,V1,65,0.103097
11,V1-DMS,naive,V1,66,0.182408
11,V1-DMS,naive,DMS,0,1.024206
11,V1-DMS,naive,DMS,1,1.428193
11,V1-DMS,naive,DMS,2,0.414765
11,V1-DMS,naive,DMS,3,0.865347
11,V1-DMS,naive,DMS,4,1.139134
11,V1-DMS,naive,DMS,5,1.4333
11,V1-DMS,naive,DMS,6,0.484306
11,V1-DMS,naive,DMS,7,0.669189
11,V1-DMS,naive,DMS,8,2.598829
11,V1-DMS,naive,DMS,9,1.02081
11,V1-DMS,naive,DMS,10,1.752722
11,V1-DMS,naive,DMS,11,2.372842
11,V1-DMS,naive,DMS,12,0.715295
11,V1-DMS,naive,DMS,13,1.395789
11,V1-DMS,naive,DMS,14,0.541845
11,V1-DMS,naive,DMS,15,0.392365
11,V1-DMS,naive,DMS,16,0.484246
11,V1-DMS,naive,DMS,17,0.874266
11,V1-DMS,naive,DMS,18,2.05358
11,V1-DMS,naive,DMS,19,0.604184
11,V1-DMS,intermediate,V1,0,0.812609
11,V1-DMS,intermediate,V1,1,0.614681
11,V1-DMS,intermediate,V1,2,0.772923
11,V1-DMS,intermediate,V1,3,0.793514
11,V1-DMS,intermediate,V1,4,0.870854
11,V1-DMS,intermediate,V1,5,0.7115
11,V1-DMS,intermediate,V1,6,0.577852
11,V1-DMS,intermediate,V1,7,0.353125
11,V1-DMS,intermediate,V1,8,0.485875
11,V1-DMS,intermediate,V1,9,0.57312
11,V1-DMS,intermediate,V1,10,0.854933
11,V1-DMS,intermediate,V1,11,0.13139
11,V1-DMS,intermediate,V1,12,0.038976
11,V1-DMS,intermediate,V1,13,0.340726
11,V1-DMS,intermediate,V1,14,0.281869
11,V1-DMS,intermediate,V1,15,0.275881
11,V1-DMS,intermediate,V1,16,0.106264
11,V1-DMS,intermediate,V1,17,0.226145
11,V1-DMS,intermediate,V1,18,0.20055
11,V1-DMS,intermediate,V1,19,0.690003
11,V1-DMS,intermediate,V1,20,0.793747
11,V1-DMS,intermediate,V1,21,0.275894
11,V1-DMS,intermediate,V1,22,0.134803
11,V1-DMS,intermediate,V1,23,0.750776
11,V1-DMS,intermediate,V1,24,0.213353
11,V1-DMS,intermediate,V1,25,0.309362
11,V1-DMS,intermediate,V1,26,0.727209
11,V1-DMS,intermediate,V1,27,0.925026
11,V1-DMS,intermediate,V1,28,0.856439
11,V1-DMS,intermediate,V1,29,0.04657
11,V1-DMS,intermediate,V1,30,0.844324
11,V1-DMS,intermediate,V1,31,0.956135
11,V1-DMS,intermediate,V1,32,0.053946
11,V1-DMS,intermediate,V1,33,0.525142
11,V1-DMS,intermediate,V1,34,0.852547
11,V1-DMS,intermediate,V1,35,0.054436
11,V1-DMS,intermediate,V1,36,0.0
11,V1-DMS,intermediate,V1,37,0.732987
11,V1-DMS,intermediate,V1,38,0.026297
11,V1-DMS,intermediate,V1,39,0.153448
11,V1-DMS,intermediate,V1,40,0.9183
11,V1-DMS,intermediate,V1,41,0.302322
11,V1-DMS,intermediate,V1,42,0.316882
11,V1-DMS,intermediate,V1,43,0.047136
11,V1-DMS,intermediate,V1,44,0.249619
11,V1-DMS,intermediate,V1,45,0.210033
11,V1-DMS,intermediate,V1,46,0.522651
11,V1-DMS,intermediate,V1,47,0.109727
11,V1-DMS,intermediate,V1,48,0.463512
11,V1-DMS,intermediate,V1,49,0.052634
11,V1-DMS,intermediate,V1,50,0.452649
11,V1-DMS,intermediate,V1,51,0.044093
11,V1-DMS,intermediate,V1,52,0.81203
11,V1-DMS,intermediate,V1,53,0.350923
11,V1-DMS,intermediate,V1,54,0.219155
11,V1-DMS,intermediate,V1,55,0.363071
11,V1-DMS,intermediate,V1,56,0.046603
11,V1-DMS,intermediate,V1,57,0.675056
11,V1-DMS,intermediate,V1,58,0.63599
11,V1-DMS,intermediate,V1,59,0.852162
11,V1-DMS,intermediate,V1,60,0.04512
11,V1-DMS,intermediate,V1,61,0.187957
11,V1-DMS,intermediate,V1,62,0.658085
11,V1-DMS,intermediate,V1,63,0.512594
11,V1-DMS,intermediate,V1,64,0.203831
11,V1-DMS,intermediate,V1,65,0.264669
11,V1-DMS,intermediate,V1,66,0.110943
11,V1-DMS,intermediate,DMS,0,1.013701
11,V1-DMS,intermediate,DMS,1,0.61311
11,V1-DMS,intermediate,DMS,2,1.203032
11,V1-DMS,intermediate,DMS,3,0.91882
11,V1-DMS,intermediate,DMS,4,1.039262
11,V1-DMS,intermediate,DMS,5,0.593587
11,V1-DMS,intermediate,DMS,6,2.200612
11,V1-DMS,intermediate,DMS,7,1.936499
11,V1-DMS,intermediate,DMS,8,1.38693
11,V1-DMS,intermediate,DMS,9,1.232206
11,V1-DMS,intermediate,DMS,10,1.45924
11,V1-DMS,intermediate,DMS,11,2.846801
11,V1-DMS,intermediate,DMS,12,1.094919
11,V1-DMS,intermediate,DMS,13,0.587801
11,V1-DMS,intermediate,DMS,14,7.778718
11,V1-DMS,intermediate,DMS,15,3.788864
11,V1-DMS,intermediate,DMS,16,1.9607
11,V1-DMS,intermediate,DMS,17,2.710187
11,V1-DMS,intermediate,DMS,18,2.101026
11,V1-DMS,intermediate,DMS,19,0.746505
11,V1-DMS,expert,V1,0,0.71371
11,V1-DMS,expert,V1,1,0.324417
11,V1-DMS,expert,V1,2,0.225766
11,V1-DMS,expert,V1,3,0.60443
11,V1-DMS,expert,V1,4,0.943583
11,V1-DMS,expert,V1,5,0.703739
11,V1-DMS,expert,V1,6,0.488167
11,V1-DMS,expert,V1,7,0.364173
11,V1-DMS,expert,V1,8,0.912401
11,V1-DMS,expert,V1,9,0.274324
11,V1-DMS,expert,V1,10,0.236416
11,V1-DMS,expert,V1,11,0.079595
11,V1-DMS,expert,V1,12,0.041591
11,V1-DMS,expert,V1,13,0.392802
11,V1-DMS,expert,V1,14,0.108414
11,V1-DMS,expert,V1,15,0.694043
11,V1-DMS,expert,V1,16,0.125058
11,V1-DMS,expert,V1,17,0.249754
11,V1-DMS,expert,V1,18,0.177102
11,V1-DMS,expert,V1,19,0.566607
11,V1-DMS,expert,V1,20,0.192787
11,V1-DMS,expert,V1,21,0.287101
11,V1-DMS,expert,V1,22,0.273926
11,V1-DMS,expert,V1,23,0.893664
11,V1-DMS,expert,V1,24,0.127708
11,V1-DMS,expert,V1,25,0.297202
11,V1-DMS,expert,V1,26,0.940618
11,V1-DMS,expert,V1,27,0.912042
11,V1-DMS,expert,V1,28,0.803308
11,V1-DMS,expert,V1,29,0.048552
11,V1-DMS,expert,V1,30,0.911173
11,V1-DMS,expert,V1,31,0.992754
11,V1-DMS,expert,V1,32,0.03621
11,V1-DMS,expert,V1,33,0.335496
11,V1-DMS,expert,V1,34,0.259702
11,V1-DMS,expert,V1,35,0.142049
11,V1-DMS,expert,V1,36,3e-06
11,V1-DMS,expert,V1,37,0.063255
11,V1-DMS,expert,V1,38,0.016509
11,V1-DMS,expert,V1,39,0.137735
11,V1-DMS,expert,V1,40,0.886325
11,V1-DMS,expert,V1,41,0.912879
11,V1-DMS,expert,V1,42,0.168464
11,V1-DMS,expert,V1,43,0.028696
11,V1-DMS,expert,V1,44,0.918719
11,V1-DMS,expert,V1,45,0.182685
11,V1-DMS,expert,V1,46,0.464779
11,V1-DMS,expert,V1,47,0.847707
11,V1-DMS,expert,V1,48,0.424565
11,V1-DMS,expert,V1,49,0.535017
11,V1-DMS,expert,V1,50,0.706031
11,V1-DMS,expert,V1,51,0.308197
11,V1-DMS,expert,V1,52,0.844141
11,V1-DMS,expert,V1,53,0.187919
11,V1-DMS,expert,V1,54,0.148846
11,V1-DMS,expert,V1,55,0.030499
11,V1-DMS,expert,V1,56,0.011402
11,V1-DMS,expert,V1,57,0.079668
11,V1-DMS,expert,V1,58,0.910189
11,V1-DMS,expert,V1,59,0.081236
11,V1-DMS,expert,V1,60,0.077014
11,V1-DMS,expert,V1,61,0.083483
11,V1-DMS,expert,V1,62,0.559298
11,V1-DMS,expert,V1,63,0.431291
11,V1-DMS,expert,V1,64,0.081411
11,V1-DMS,expert,V1,65,0.924735
11,V1-DMS,expert,V1,66,0.158256
11,V1-DMS,expert,DMS,0,1.014434
11,V1-DMS,expert,DMS,1,0.648511
11,V1-DMS,expert,DMS,2,1.147871
11,V1-DMS,expert,DMS,3,1.048881
11,V1-DMS,expert,DMS,4,1.005224
11,V1-DMS,expert,DMS,5,1.128936
11,V1-DMS,expert,DMS,6,1.937744
11,V1-DMS,expert,DMS,7,2.032522
11,V1-DMS,expert,DMS,8,1.529596
11,V1-DMS,expert,DMS,9,0.663491
11,V1-DMS,expert,DMS,10,1.503161
11,V1-DMS,expert,DMS,11,0.972911
11,V1-DMS,expert,DMS,12,1.442995
11,V1-DMS,expert,DMS,13,0.74288
11,V1-DMS,expert,DMS,14,3.662132
11,V1-DMS,expert,DMS,15,3.123386
11,V1-DMS,expert,DMS,16,3.540315
11,V1-DMS,expert,DMS,17,1.837636
11,V1-DMS,expert,DMS,18,2.444317
11,V1-DMS,expert,DMS,19,1.781191
11,V1-DLS,naive,V1,0,0.016163
11,V1-DLS,naive,V1,1,0.3108
11,V1-DLS,naive,V1,2,0.561074
11,V1-DLS,naive,V1,3,0.069564
11,V1-DLS,naive,V1,4,0.18067
11,V1-DLS,naive,V1,5,0.063296
11,V1-DLS,naive,V1,6,0.108144
11,V1-DLS,naive,V1,7,0.699038
11,V1-DLS,naive,V1,8,0.070499
11,V1-DLS,naive,V1,9,0.014608
11,V1-DLS,naive,V1,10,0.379231
11,V1-DLS,naive,V1,11,0.33976
11,V1-DLS,naive,V1,12,0.208179
11,V1-DLS,naive,V1,13,0.048087
11,V1-DLS,naive,V1,14,0.233156
11,V1-DLS,naive,V1,15,0.051684
11,V1-DLS,naive,V1,16,0.301891
11,V1-DLS,naive,V1,17,0.093543
11,V1-DLS,naive,V1,18,0.231801
11,V1-DLS,naive,V1,19,0.033193
11,V1-DLS,naive,V1,20,0.138988
11,V1-DLS,naive,V1,21,0.078114
11,V1-DLS,naive,V1,22,0.019534
11,V1-DLS,naive,V1,23,0.041572
11,V1-DLS,naive,V1,24,0.035209
11,V1-DLS,naive,V1,25,0.410293
11,V1-DLS,naive,V1,26,0.003347
11,V1-DLS,naive,V1,27,0.067893
11,V1-DLS,naive,V1,28,0.018115
11,V1-DLS,naive,V1,29,0.003739
11,V1-DLS,naive,V1,30,0.041687
11,V1-DLS,naive,V1,31,0.099961
11,V1-DLS,naive,V1,32,0.008644
11,V1-DLS,naive,V1,33,0.009777
11,V1-DLS,naive,V1,34,0.45585
11,V1-DLS,naive,V1,35,0.227154
11,V1-DLS,naive,V1,36,0.077592
11,V1-DLS,naive,V1,37,0.236781
11,V1-DLS,naive,V1,38,0.048038
11,V1-DLS,naive,V1,39,0.0
11,V1-DLS,naive,V1,40,0.385033
11,V1-DLS,naive,V1,41,0.320113
11,V1-DLS,naive,V1,42,0.028677
11,V1-DLS,naive,V1,43,0.04167
11,V1-DLS,naive,V1,44,0.228462
11,V1-DLS,naive,V1,45,0.015131
11,V1-DLS,naive,V1,46,0.067442
11,V1-DLS,naive,V1,47,0.009216
11,V1-DLS,naive,V1,48,0.007588
11,V1-DLS,naive,V1,49,0.010113
11,V1-DLS,naive,V1,50,0.059592
11,V1-DLS,naive,V1,51,0.002755
11,V1-DLS,naive,V1,52,0.032327
11,V1-DLS,naive,V1,53,0.490013
11,V1-DLS,naive,V1,54,0.480952
11,V1-DLS,naive,V1,55,0.027528
11,V1-DLS,naive,V1,56,0.027212
11,V1-DLS,naive,V1,57,0.69433
11,V1-DLS,naive,V1,58,0.250453
11,V1-DLS,naive,V1,59,0.004771
11,V1-DLS,naive,V1,60,0.006568
11,V1-DLS,naive,V1,61,0.002087
11,V1-DLS,naive,V1,62,0.061483
11,V1-DLS,naive,V1,63,0.064817
11,V1-DLS,naive,V1,64,0.020063
11,V1-DLS,naive,V1,65,0.061714
11,V1-DLS,naive,V1,66,0.053317
11,V1-DLS,naive,DLS,0,1.622367
11,V1-DLS,naive,DLS,1,0.933653
11,V1-DLS,naive,DLS,2,3.395499
11,V1-DLS,naive,DLS,3,0.711878
11,V1-DLS,naive,DLS,4,0.689357
11,V1-DLS,intermediate,V1,0,0.358318
11,V1-DLS,intermediate,V1,1,0.202924
11,V1-DLS,intermediate,V1,2,0.244809
11,V1-DLS,intermediate,V1,3,0.245759
11,V1-DLS,intermediate,V1,4,0.426093
11,V1-DLS,intermediate,V1,5,0.284427
11,V1-DLS,intermediate,V1,6,0.13578
11,V1-DLS,intermediate,V1,7,0.14607
11,V1-DLS,intermediate,V1,8,0.068603
11,V1-DLS,intermediate,V1,9,0.101103
11,V1-DLS,intermediate,V1,10,0.655684
11,V1-DLS,intermediate,V1,11,0.055268
11,V1-DLS,intermediate,V1,12,0.016287
11,V1-DLS,intermediate,V1,13,0.140265
11,V1-DLS,intermediate,V1,14,0.129184
11,V1-DLS,intermediate,V1,15,0.17775
11,V1-DLS,intermediate,V1,16,0.021406
11,V1-DLS,intermediate,V1,17,0.085469
11,V1-DLS,intermediate,V1,18,0.055544
11,V1-DLS,intermediate,V1,19,0.218052
11,V1-DLS,intermediate,V1,20,0.451702
11,V1-DLS,intermediate,V1,21,0.112531
11,V1-DLS,intermediate,V1,22,0.048823
11,V1-DLS,intermediate,V1,23,0.164565
11,V1-DLS,intermediate,V1,24,0.085352
11,V1-DLS,intermediate,V1,25,0.090642
11,V1-DLS,intermediate,V1,26,0.096675
11,V1-DLS,intermediate,V1,27,0.162547
11,V1-DLS,intermediate,V1,28,0.321302
11,V1-DLS,intermediate,V1,29,0.021134
11,V1-DLS,intermediate,V1,30,0.260451
11,V1-DLS,intermediate,V1,31,0.1441
11,V1-DLS,intermediate,V1,32,0.028996
11,V1-DLS,intermediate,V1,33,0.218873
11,V1-DLS,intermediate,V1,34,0.288688
11,V1-DLS,intermediate,V1,35,0.042576
11,V1-DLS,intermediate,V1,36,0.0
11,V1-DLS,intermediate,V1,37,0.521901
11,V1-DLS,intermediate,V1,38,0.007752
11,V1-DLS,intermediate,V1,39,0.104
11,V1-DLS,intermediate,V1,40,0.245802
11,V1-DLS,intermediate,V1,41,0.109495
11,V1-DLS,intermediate,V1,42,0.121453
11,V1-DLS,intermediate,V1,43,0.018214
11,V1-DLS,intermediate,V1,44,0.130411
11,V1-DLS,intermediate,V1,45,0.16147
11,V1-DLS,intermediate,V1,46,0.111673
11,V1-DLS,intermediate,V1,47,0.024428
11,V1-DLS,intermediate,V1,48,0.193523
11,V1-DLS,intermediate,V1,49,0.005655
11,V1-DLS,intermediate,V1,50,0.180344
11,V1-DLS,intermediate,V1,51,0.028094
11,V1-DLS,intermediate,V1,52,0.411085
11,V1-DLS,intermediate,V1,53,0.176379
11,V1-DLS,intermediate,V1,54,0.107667
11,V1-DLS,intermediate,V1,55,0.106052
11,V1-DLS,intermediate,V1,56,0.027551
11,V1-DLS,intermediate,V1,57,0.539516
11,V1-DLS,intermediate,V1,58,0.542036
11,V1-DLS,intermediate,V1,59,0.283283
11,V1-DLS,intermediate,V1,60,0.019835
11,V1-DLS,intermediate,V1,61,0.048215
11,V1-DLS,intermediate,V1,62,0.298711
11,V1-DLS,intermediate,V1,63,0.255941
11,V1-DLS,intermediate,V1,64,0.076588
11,V1-DLS,intermediate,V1,65,0.055394
11,V1-DLS,intermediate,V1,66,0.036984
11,V1-DLS,intermediate,DLS,0,1.104241
11,V1-DLS,intermediate,DLS,1,0.899358
11,V1-DLS,intermediate,DLS,2,6.440821
11,V1-DLS,intermediate,DLS,3,1.238515
11,V1-DLS,intermediate,DLS,4,0.0
11,V1-DLS,expert,V1,0,0.267965
11,V1-DLS,expert,V1,1,0.181562
11,V1-DLS,expert,V1,2,0.054895
11,V1-DLS,expert,V1,3,0.442276
11,V1-DLS,expert,V1,4,0.399841
11,V1-DLS,expert,V1,5,0.566366
11,V1-DLS,expert,V1,6,0.276151
11,V1-DLS,expert,V1,7,0.232127
11,V1-DLS,expert,V1,8,0.364284
11,V1-DLS,expert,V1,9,0.158616
11,V1-DLS,expert,V1,10,0.08627
11,V1-DLS,expert,V1,11,0.039995
11,V1-DLS,expert,V1,12,0.015876
11,V1-DLS,expert,V1,13,0.175187
11,V1-DLS,expert,V1,14,0.0532
11,V1-DLS,expert,V1,15,0.521389
11,V1-DLS,expert,V1,16,0.077691
11,V1-DLS,expert,V1,17,0.119071
11,V1-DLS,expert,V1,18,0.075526
11,V1-DLS,expert,V1,19,0.342429
11,V1-DLS,expert,V1,20,0.126325
11,V1-DLS,expert,V1,21,0.184225
11,V1-DLS,expert,V1,22,0.179332
11,V1-DLS,expert,V1,23,0.453472
11,V1-DLS,expert,V1,24,0.04312
11,V1-DLS,expert,V1,25,0.093099
11,V1-DLS,expert,V1,26,0.373232
11,V1-DLS,expert,V1,27,0.417883
11,V1-DLS,expert,V1,28,0.44437
11,V1-DLS,expert,V1,29,0.027858
11,V1-DLS,expert,V1,30,0.34081
11,V1-DLS,expert,V1,31,0.528902
11,V1-DLS,expert,V1,32,0.011231
11,V1-DLS,expert,V1,33,0.102116
11,V1-DLS,expert,V1,34,0.083214
11,V1-DLS,expert,V1,35,0.087166
11,V1-DLS,expert,V1,36,1e-06
11,V1-DLS,expert,V1,37,0.02568
11,V1-DLS,expert,V1,38,0.007283
11,V1-DLS,expert,V1,39,0.110753
11,V1-DLS,expert,V1,40,0.4341
11,V1-DLS,expert,V1,41,0.149001
11,V1-DLS,expert,V1,42,0.018429
11,V1-DLS,expert,V1,43,0.006533
11,V1-DLS,expert,V1,44,0.274236
11,V1-DLS,expert,V1,45,0.068019
11,V1-DLS,expert,V1,46,0.23256
11,V1-DLS,expert,V1,47,0.3617
11,V1-DLS,expert,V1,48,0.268067
11,V1-DLS,expert,V1,49,0.294462
11,V1-DLS,expert,V1,50,0.384713
11,V1-DLS,expert,V1,51,0.104979
11,V1-DLS,expert,V1,52,0.473656
11,V1-DLS,expert,V1,53,0.058686
11,V1-DLS,expert,V1,54,0.059764
11,V1-DLS,expert,V1,55,0.015047
11,V1-DLS,expert,V1,56,0.005619
11,V1-DLS,expert,V1,57,0.039194
11,V1-DLS,expert,V1,58,0.253515
11,V1-DLS,expert,V1,59,0.019434
11,V1-DLS,expert,V1,60,0.046182
11,V1-DLS,expert,V1,61,0.049309
11,V1-DLS,expert,V1,62,0.30677
11,V1-DLS,expert,V1,63,0.20897
11,V1-DLS,expert,V1,64,0.064268
11,V1-DLS,expert,V1,65,0.367736
11,V1-DLS,expert,V1,66,0.107372
11,V1-DLS,expert,DLS,0,0.794257
11,V1-DLS,expert,DLS,1,0.590911
11,V1-DLS,expert,DLS,2,5.807813
11,V1-DLS,expert,DLS,3,1.750067
11,V1-DLS,expert,DLS,4,1.492882
11,V1-ACC,naive,V1,0,0.029048
11,V1-ACC,naive,V1,1,0.748218
11,V1-ACC,naive,V1,2,1.000849
11,V1-ACC,naive,V1,3,0.187116
11,V1-ACC,naive,V1,4,0.93193
11,V1-ACC,naive,V1,5,0.121461
11,V1-ACC,naive,V1,6,0.167532
11,V1-ACC,naive,V1,7,0.985941
11,V1-ACC,naive,V1,8,0.169674
11,V1-ACC,naive,V1,9,0.067117
11,V1-ACC,naive,V1,10,0.923789
11,V1-ACC,naive,V1,11,0.663085
11,V1-ACC,naive,V1,12,0.390704
11,V1-ACC,naive,V1,13,0.130501
11,V1-ACC,naive,V1,14,0.710003
11,V1-ACC,naive,V1,15,0.080618
11,V1-ACC,naive,V1,16,0.914637
11,V1-ACC,naive,V1,17,0.139269
11,V1-ACC,naive,V1,18,0.770255
11,V1-ACC,naive,V1,19,0.078068
11,V1-ACC,naive,V1,20,0.678818
11,V1-ACC,naive,V1,21,0.167097
11,V1-ACC,naive,V1,22,0.053161
11,V1-ACC,naive,V1,23,0.094083
11,V1-ACC,naive,V1,24,0.069352
11,V1-ACC,naive,V1,25,0.898038
11,V1-ACC,naive,V1,26,0.008692
11,V1-ACC,naive,V1,27,0.103891
11,V1-ACC,naive,V1,28,0.02653
11,V1-ACC,naive,V1,29,0.01013
11,V1-ACC,naive,V1,30,0.074735
11,V1-ACC,naive,V1,31,0.201358
11,V1-ACC,naive,V1,32,0.021412
11,V1-ACC,naive,V1,33,0.021024
11,V1-ACC,naive,V1,34,0.527402
11,V1-ACC,naive,V1,35,0.596586
11,V1-ACC,naive,V1,36,0.110376
11,V1-ACC,naive,V1,37,0.610944
11,V1-ACC,naive,V1,38,0.100896
11,V1-ACC,naive,V1,39,0.0
11,V1-ACC,naive,V1,40,0.984872
11,V1-ACC,naive,V1,41,0.9524
11,V1-ACC,naive,V1,42,0.037081
11,V1-ACC,naive,V1,43,0.094937
11,V1-ACC,naive,V1,44,0.363631
11,V1-ACC,naive,V1,45,0.042215
11,V1-ACC,naive,V1,46,0.13412
11,V1-ACC,naive,V1,47,0.025982
11,V1-ACC,naive,V1,48,0.01818
11,V1-ACC,naive,V1,49,0.026943
11,V1-ACC,naive,V1,50,0.125547
11,V1-ACC,naive,V1,51,0.009657
11,V1-ACC,naive,V1,52,0.058965
11,V1-ACC,naive,V1,53,0.89157
11,V1-ACC,naive,V1,54,0.734636
11,V1-ACC,naive,V1,55,0.050146
11,V1-ACC,naive,V1,56,0.092946
11,V1-ACC,naive,V1,57,0.831153
11,V1-ACC,naive,V1,58,1.016791
11,V1-ACC,naive,V1,59,0.025089
11,V1-ACC,naive,V1,60,0.015687
11,V1-ACC,naive,V1,61,0.004108
11,V1-ACC,naive,V1,62,0.140763
11,V1-ACC,naive,V1,63,0.092429
11,V1-ACC,naive,V1,64,0.051475
11,V1-ACC,naive,V1,65,0.103097
11,V1-ACC,naive,V1,66,0.182408
11,V1-ACC,naive,ACC,0,0.018856
11,V1-ACC,naive,ACC,1,0.018089
11,V1-ACC,naive,ACC,2,0.093779
11,V1-ACC,naive,ACC,3,0.874813
11,V1-ACC,naive,ACC,4,0.143782
11,V1-ACC,naive,ACC,5,0.031185
11,V1-ACC,naive,ACC,6,0.784661
11,V1-ACC,naive,ACC,7,0.644953
11,V1-ACC,naive,ACC,8,0.0625
11,V1-ACC,naive,ACC,9,0.855933
11,V1-ACC,naive,ACC,10,0.081313
11,V1-ACC,naive,ACC,11,0.104276
11,V1-ACC,naive,ACC,12,0.10882
11,V1-ACC,naive,ACC,13,0.256281
11,V1-ACC,naive,ACC,14,0.038648
11,V1-ACC,naive,ACC,15,0.59368
11,V1-ACC,naive,ACC,16,0.03069
11,V1-ACC,naive,ACC,17,0.035677
11,V1-ACC,naive,ACC,18,0.431115
11,V1-ACC,naive,ACC,19,0.792104
11,V1-ACC,naive,ACC,20,0.339822
11,V1-ACC,naive,ACC,21,0.026836
11,V1-ACC,naive,ACC,22,0.073754
11,V1-ACC,naive,ACC,23,0.868256
11,V1-ACC,naive,ACC,24,0.810133
11,V1-ACC,naive,ACC,25,0.217348
11,V1-ACC,naive,ACC,26,0.141629
11,V1-ACC,naive,ACC,27,0.722656
11,V1-ACC,naive,ACC,28,0.211086
11,V1-ACC,naive,ACC,29,0.676213
11,V1-ACC,naive,ACC,30,0.061383
11,V1-ACC,naive,ACC,31,0.064379
11,V1-ACC,naive,ACC,32,0.09934
11,V1-ACC,naive,ACC,33,0.076232
11,V1-ACC,naive,ACC,34,0.042208
11,V1-ACC,naive,ACC,35,0.037357
11,V1-ACC,naive,ACC,36,0.087303
11,V1-ACC,naive,ACC,37,0.176203
11,V1-ACC,naive,ACC,38,0.31651
11,V1-ACC,naive,ACC,39,0.04451
11,V1-ACC,naive,ACC,40,0.840978
11,V1-ACC,naive,ACC,41,0.020041
11,V1-ACC,naive,ACC,42,0.794122
11,V1-ACC,naive,ACC,43,0.021007
11,V1-ACC,naive,ACC,44,0.427473
11,V1-ACC,naive,ACC,45,0.0
11,V1-ACC,naive,ACC,46,0.035573
11,V1-ACC,naive,ACC,47,0.122979
11,V1-ACC,naive,ACC,48,0.91109
11,V1-ACC,naive,ACC,49,0.135825
11,V1-ACC,naive,ACC,50,0.137928
11,V1-ACC,naive,ACC,51,0.756703
11,V1-ACC,naive,ACC,52,0.037967
11,V1-ACC,naive,ACC,53,0.163887
11,V1-ACC,naive,ACC,54,0.03196
11,V1-ACC,naive,ACC,55,0.199439
11,V1-ACC,naive,ACC,56,0.106956
11,V1-ACC,naive,ACC,57,0.392325
11,V1-ACC,naive,ACC,58,0.1471
11,V1-ACC,naive,ACC,59,0.629152
11,V1-ACC,naive,ACC,60,0.59362
11,V1-ACC,naive,ACC,61,0.019533
11,V1-ACC,naive,ACC,62,0.808294
11,V1-ACC,naive,ACC,63,0.038192
11,V1-ACC,naive,ACC,64,0.747044
11,V1-ACC,naive,ACC,65,0.019927
11,V1-ACC,naive,ACC,66,0.045746
11,V1-ACC,intermediate,V1,0,0.812609
11,V1-ACC,intermediate,V1,1,0.614681
11,V1-ACC,intermediate,V1,2,0.772923
11,V1-ACC,intermediate,V1,3,0.793514
11,V1-ACC,intermediate,V1,4,0.870854
11,V1-ACC,intermediate,V1,5,0.7115
11,V1-ACC,intermediate,V1,6,0.577852
11,V1-ACC,intermediate,V1,7,0.353125
11,V1-ACC,intermediate,V1,8,0.485875
11,V1-ACC,intermediate,V1,9,0.57312
11,V1-ACC,intermediate,V1,10,0.854933
11,V1-ACC,intermediate,V1,11,0.13139
11,V1-ACC,intermediate,V1,12,0.038976
11,V1-ACC,intermediate,V1,13,0.340726
11,V1-ACC,intermediate,V1,14,0.281869
11,V1-ACC,intermediate,V1,15,0.275881
11,V1-ACC,intermediate,V1,16,0.106264
11,V1-ACC,intermediate,V1,17,0.226145
11,V1-ACC,intermediate,V1,18,0.20055
11,V1-ACC,intermediate,V1,19,0.690003
11,V1-ACC,intermediate,V1,20,0.793747
11,V1-ACC,intermediate,V1,21,0.275894
11,V1-ACC,intermediate,V1,22,0.134803
11,V1-ACC,intermediate,V1,23,0.750776
11,V1-ACC,intermediate,V1,24,0.213353
11,V1-ACC,intermediate,V1,25,0.309362
11,V1-ACC,intermediate,V1,26,0.727209
11,V1-ACC,intermediate,V1,27,0.925026
11,V1-ACC,intermediate,V1,28,0.856439
11,V1-ACC,intermediate,V1,29,0.04657
11,V1-ACC,intermediate,V1,30,0.844324
11,V1-ACC,intermediate,V1,31,0.956135
11,V1-ACC,intermediate,V1,32,0.053946
11,V1-ACC,intermediate,V1,33,0.525142
11,V1-ACC,intermediate,V1,34,0.852547
11,V1-ACC,intermediate,V1,35,0.054436
11,V1-ACC,intermediate,V1,36,0.0
11,V1-ACC,intermediate,V1,37,0.732987
11,V1-ACC,intermediate,V1,38,0.026297
11,V1-ACC,intermediate,V1,39,0.153448
11,V1-ACC,intermediate,V1,40,0.9183
11,V1-ACC,intermediate,V1,41,0.302322
11,V1-ACC,intermediate,V1,42,0.316882
11,V1-ACC,intermediate,V1,43,0.047136
11,V1-ACC,intermediate,V1,44,0.249619
11,V1-ACC,intermediate,V1,45,0.210033
11,V1-ACC,intermediate,V1,46,0.522651
11,V1-ACC,intermediate,V1,47,0.109727
11,V1-ACC,intermediate,V1,48,0.463512
11,V1-ACC,intermediate,V1,49,0.052634
11,V1-ACC,intermediate,V1,50,0.452649
11,V1-ACC,intermediate,V1,51,0.044093
11,V1-ACC,intermediate,V1,52,0.81203
11,V1-ACC,intermediate,V1,53,0.350923
11,V1-ACC,intermediate,V1,54,0.219155
11,V1-ACC,intermediate,V1,55,0.363071
11,V1-ACC,intermediate,V1,56,0.046603
11,V1-ACC,intermediate,V1,57,0.675056
11,V1-ACC,intermediate,V1,58,0.63599
11,V1-ACC,intermediate,V1,59,0.852162
11,V1-ACC,intermediate,V1,60,0.04512
11,V1-ACC,intermediate,V1,61,0.187957
11,V1-ACC,intermediate,V1,62,0.658085
11,V1-ACC,intermediate,V1,63,0.512594
11,V1-ACC,intermediate,V1,64,0.203831
11,V1-ACC,intermediate,V1,65,0.264669
11,V1-ACC,intermediate,V1,66,0.110943
11,V1-ACC,intermediate,ACC,0,0.502004
11,V1-ACC,intermediate,ACC,1,0.484229
11,V1-ACC,intermediate,ACC,2,0.131429
11,V1-ACC,intermediate,ACC,3,0.474615
11,V1-ACC,intermediate,ACC,4,0.242389
11,V1-ACC,intermediate,ACC,5,0.359781
11,V1-ACC,intermediate,ACC,6,0.341592
11,V1-ACC,intermediate,ACC,7,0.082336
11,V1-ACC,intermediate,ACC,8,0.450349
11,V1-ACC,intermediate,ACC,9,0.603933
11,V1-ACC,intermediate,ACC,10,0.08957
11,V1-ACC,intermediate,ACC,11,0.762985
11,V1-ACC,intermediate,ACC,12,0.028658
11,V1-ACC,intermediate,ACC,13,0.103985
11,V1-ACC,intermediate,ACC,14,0.081557
11,V1-ACC,intermediate,ACC,15,0.140307
11,V1-ACC,intermediate,ACC,16,0.845397
11,V1-ACC,intermediate,ACC,17,0.052911
11,V1-ACC,intermediate,ACC,18,0.017397
11,V1-ACC,intermediate,ACC,19,0.180488
11,V1-ACC,intermediate,ACC,20,0.206788
11,V1-ACC,intermediate,ACC,21,0.80504
11,V1-ACC,intermediate,ACC,22,0.460888
11,V1-ACC,intermediate,ACC,23,0.076066
11,V1-ACC,intermediate,ACC,24,0.006929
11,V1-ACC,intermediate,ACC,25,0.825464
11,V1-ACC,intermediate,ACC,26,0.197802
11,V1-ACC,intermediate,ACC,27,0.127496
11,V1-ACC,intermediate,ACC,28,0.209492
11,V1-ACC,intermediate,ACC,29,0.0406
11,V1-ACC,intermediate,ACC,30,0.204145
11,V1-ACC,intermediate,ACC,31,0.17475
11,V1-ACC,intermediate,ACC,32,0.54504
11,V1-ACC,intermediate,ACC,33,0.791881
11,V1-ACC,intermediate,ACC,34,0.042924
11,V1-ACC,intermediate,ACC,35,0.157454
11,V1-ACC,intermediate,ACC,36,0.684807
11,V1-ACC,intermediate,ACC,37,0.113822
11,V1-ACC,intermediate,ACC,38,0.862721
11,V1-ACC,intermediate,ACC,39,0.872527
11,V1-ACC,intermediate,ACC,40,0.119292
11,V1-ACC,intermediate,ACC,41,0.603951
11,V1-ACC,intermediate,ACC,42,0.802916
11,V1-ACC,intermediate,ACC,43,0.120116
11,V1-ACC,intermediate,ACC,44,0.002649
11,V1-ACC,intermediate,ACC,45,0.0
11,V1-ACC,intermediate,ACC,46,0.561143
11,V1-ACC,intermediate,ACC,47,0.850874
11,V1-ACC,intermediate,ACC,48,0.17575
11,V1-ACC,intermediate,ACC,49,0.045234
11,V1-ACC,intermediate,ACC,50,0.13634
11,V1-ACC,intermediate,ACC,51,0.052148
11,V1-ACC,intermediate,ACC,52,0.12082
11,V1-ACC,intermediate,ACC,53,0.700538
11,V1-ACC,intermediate,ACC,54,0.560248
11,V1-ACC,intermediate,ACC,55,0.299624
11,V1-ACC,intermediate,ACC,56,0.061228
11,V1-ACC,intermediate,ACC,57,0.0
11,V1-ACC,intermediate,ACC,58,0.064679
11,V1-ACC,intermediate,ACC,59,0.03261
11,V1-ACC,intermediate,ACC,60,0.034467
11,V1-ACC,intermediate,ACC,61,0.877
11,V1-ACC,intermediate,ACC,62,0.323946
11,V1-ACC,intermediate,ACC,63,0.005809
11,V1-ACC,intermediate,ACC,64,0.764411
11,V1-ACC,intermediate,ACC,65,0.198223
11,V1-ACC,intermediate,ACC,66,0.21268
11,V1-ACC,expert,V1,0,0.71371
11,V1-ACC,expert,V1,1,0.324417
11,V1-ACC,expert,V1,2,0.225766
11,V1-ACC,expert,V1,3,0.60443
11,V1-ACC,expert,V1,4,0.943583
11,V1-ACC,expert,V1,5,0.703739
11,V1-ACC,expert,V1,6,0.488167
11,V1-ACC,expert,V1,7,0.364173
11,V1-ACC,expert,V1,8,0.912401
11,V1-ACC,expert,V1,9,0.274324
11,V1-ACC,expert,V1,10,0.236416
11,V1-ACC,expert,V1,11,0.079595
11,V1-ACC,expert,V1,12,0.041591
11,V1-ACC,expert,V1,13,0.392802
11,V1-ACC,expert,V1,14,0.108414
11,V1-ACC,expert,V1,15,0.694043
11,V1-ACC,expert,V1,16,0.125058
11,V1-ACC,expert,V1,17,0.249754
11,V1-ACC,expert,V1,18,0.177102
11,V1-ACC,expert,V1,19,0.566607
11,V1-ACC,expert,V1,20,0.192787
11,V1-ACC,expert,V1,21,0.287101
11,V1-ACC,expert,V1,22,0.273926
11,V1-ACC,expert,V1,23,0.893664
11,V1-ACC,expert,V1,24,0.127708
11,V1-ACC,expert,V1,25,0.297202
11,V1-ACC,expert,V1,26,0.940618
11,V1-ACC,expert,V1,27,0.912042
11,V1-ACC,expert,V1,28,0.803308
11,V1-ACC,expert,V1,29,0.048552
11,V1-ACC,expert,V1,30,0.911173
11,V1-ACC,expert,V1,31,0.992754
11,V1-ACC,expert,V1,32,0.03621
11,V1-ACC,expert,V1,33,0.335496
11,V1-ACC,expert,V1,34,0.259702
11,V1-ACC,expert,V1,35,0.142049
11,V1-ACC,expert,V1,36,3e-06
11,V1-ACC,expert,V1,37,0.063255
11,V1-ACC,expert,V1,38,0.016509
11,V1-ACC,expert,V1,39,0.137735
11,V1-ACC,expert,V1,40,0.886325
11,V1-ACC,expert,V1,41,0.912879
11,V1-ACC,expert,V1,42,0.168464
11,V1-ACC,expert,V1,43,0.028696
11,V1-ACC,expert,V1,44,0.918719
11,V1-ACC,expert,V1,45,0.182685
11,V1-ACC,expert,V1,46,0.464779
11,V1-ACC,expert,V1,47,0.847707
11,V1-ACC,expert,V1,48,0.424565
11,V1-ACC,expert,V1,49,0.535017
11,V1-ACC,expert,V1,50,0.706031
11,V1-ACC,expert,V1,51,0.308197
11,V1-ACC,expert,V1,52,0.844141
11,V1-ACC,expert,V1,53,0.187919
11,V1-ACC,expert,V1,54,0.148846
11,V1-ACC,expert,V1,55,0.030499
11,V1-ACC,expert,V1,56,0.011402
11,V1-ACC,expert,V1,57,0.079668
11,V1-ACC,expert,V1,58,0.910189
11,V1-ACC,expert,V1,59,0.081236
11,V1-ACC,expert,V1,60,0.077014
11,V1-ACC,expert,V1,61,0.083483
11,V1-ACC,expert,V1,62,0.559298
11,V1-ACC,expert,V1,63,0.431291
11,V1-ACC,expert,V1,64,0.081411
11,V1-ACC,expert,V1,65,0.924735
11,V1-ACC,expert,V1,66,0.158256
11,V1-ACC,expert,ACC,0,0.607685
11,V1-ACC,expert,ACC,1,0.554469
11,V1-ACC,expert,ACC,2,0.255023
11,V1-ACC,expert,ACC,3,0.085165
11,V1-ACC,expert,ACC,4,0.28723
11,V1-ACC,expert,ACC,5,0.70806
11,V1-ACC,expert,ACC,6,0.179582
11,V1-ACC,expert,ACC,7,0.0615
11,V1-ACC,expert,ACC,8,0.10225
11,V1-ACC,expert,ACC,9,0.711222
11,V1-ACC,expert,ACC,10,0.059662
11,V1-ACC,expert,ACC,11,0.686117
11,V1-ACC,expert,ACC,12,0.151919
11,V1-ACC,expert,ACC,13,0.233038
11,V1-ACC,expert,ACC,14,0.146121
11,V1-ACC,expert,ACC,15,0.134103
11,V1-ACC,expert,ACC,16,0.152526
11,V1-ACC,expert,ACC,17,0.144937
11,V1-ACC,expert,ACC,18,0.070111
11,V1-ACC,expert,ACC,19,0.210732
11,V1-ACC,expert,ACC,20,0.113541
11,V1-ACC,expert,ACC,21,0.841157
11,V1-ACC,expert,ACC,22,0.187532
11,V1-ACC,expert,ACC,23,0.102579
11,V1-ACC,expert,ACC,24,0.009786
11,V1-ACC,expert,ACC,25,0.262786
11,V1-ACC,expert,ACC,26,0.11683
11,V1-ACC,expert,ACC,27,0.237174
11,V1-ACC,expert,ACC,28,0.081005
11,V1-ACC,expert,ACC,29,0.065932
11,V1-ACC,expert,ACC,30,0.070342
11,V1-ACC,expert,ACC,31,0.32749
11,V1-ACC,expert,ACC,32,0.790936
11,V1-ACC,expert,ACC,33,0.782682
11,V1-ACC,expert,ACC,34,0.080571
11,V1-ACC,expert,ACC,35,0.145293
11,V1-ACC,expert,ACC,36,0.680152
11,V1-ACC,expert,ACC,37,0.812443
11,V1-ACC,expert,ACC,38,0.138696
11,V1-ACC,expert,ACC,39,0.752355
11,V1-ACC,expert,ACC,40,0.146734
11,V1-ACC,expert,ACC,41,0.125521
11,V1-ACC,expert,ACC,42,0.119
11,V1-ACC,expert,ACC,43,0.624241
11,V1-ACC,expert,ACC,44,0.806441
11,V1-ACC,expert,ACC,45,0.544624
11,V1-ACC,expert,ACC,46,0.199764
11,V1-ACC,expert,ACC,47,0.403786
11,V1-ACC,expert,ACC,48,0.057448
11,V1-ACC,expert,ACC,49,0.034016
11,V1-ACC,expert,ACC,50,0.261366
11,V1-ACC,expert,ACC,51,0.050751
11,V1-ACC,expert,ACC,52,0.119467
11,V1-ACC,expert,ACC,53,0.790817
11,V1-ACC,expert,ACC,54,0.775438
11,V1-ACC,expert,ACC,55,0.069592
11,V1-ACC,expert,ACC,56,0.074955
11,V1-ACC,expert,ACC,57,0.179763
11,V1-ACC,expert,ACC,58,0.061545
11,V1-ACC,expert,ACC,59,0.685001
11,V1-ACC,expert,ACC,60,0.04055
11,V1-ACC,expert,ACC,61,0.704089
11,V1-ACC,expert,ACC,62,0.851961
11,V1-ACC,expert,ACC,63,0.077203
11,V1-ACC,expert,ACC,64,0.709866
11,V1-ACC,expert,ACC,65,0.74203
11,V1-ACC,expert,ACC,66,0.849098
11,CA1-DMS,naive,CA1,0,0.072707
11,CA1-DMS,naive,CA1,1,1.370512
11,CA1-DMS,naive,CA1,2,0.173654
11,CA1-DMS,naive,CA1,3,1.542291
11,CA1-DMS,naive,CA1,4,0.035016
11,CA1-DMS,naive,CA1,5,1.650913
11,CA1-DMS,naive,CA1,6,1.2314
11,CA1-DMS,naive,CA1,7,0.189095
11,CA1-DMS,naive,CA1,8,0.101526
11,CA1-DMS,naive,CA1,9,1.4493
11,CA1-DMS,naive,CA1,10,1.561809
11,CA1-DMS,naive,CA1,11,0.041379
11,CA1-DMS,naive,CA1,12,1.011492
11,CA1-DMS,naive,CA1,13,0.174608
11,CA1-DMS,naive,CA1,14,0.92276
11,CA1-DMS,naive,CA1,15,1.155071
11,CA1-DMS,naive,CA1,16,0.0
11,CA1-DMS,naive,CA1,17,0.630977
11,CA1-DMS,naive,CA1,18,1.138036
11,CA1-DMS,naive,CA1,19,1.121217
11,CA1-DMS,naive,CA1,20,1.548155
11,CA1-DMS,naive,CA1,21,0.968423
11,CA1-DMS,naive,CA1,22,1.40148
11,CA1-DMS,naive,CA1,23,1.08218
11,CA1-DMS,naive,CA1,24,1.229635
11,CA1-DMS,naive,CA1,25,0.554417
11,CA1-DMS,naive,CA1,26,0.420617
11,CA1-DMS,naive,CA1,27,0.820878
11,CA1-DMS,naive,DMS,0,1.024206
11,CA1-DMS,naive,DMS,1,1.428193
11,CA1-DMS,naive,DMS,2,0.414765
11,CA1-DMS,naive,DMS,3,0.865347
11,CA1-DMS,naive,DMS,4,1.139134
11,CA1-DMS,naive,DMS,5,1.4333
11,CA1-DMS,naive,DMS,6,0.484306
11,CA1-DMS,naive,DMS,7,0.669189
11,CA1-DMS,naive,DMS,8,2.598829
11,CA1-DMS,naive,DMS,9,1.02081
11,CA1-DMS,naive,DMS,10,1.752722
11,CA1-DMS,naive,DMS,11,2.372842
11,CA1-DMS,naive,DMS,12,0.715295
11,CA1-DMS,naive,DMS,13,1.395789
11,CA1-DMS,naive,DMS,14,0.541845
11,CA1-DMS,naive,DMS,15,0.392365
11,CA1-DMS,naive,DMS,16,0.484246
11,CA1-DMS,naive,DMS,17,0.874266
11,CA1-DMS,naive,DMS,18,2.05358
11,CA1-DMS,naive,DMS,19,0.604184
11,CA1-DMS,intermediate,CA1,0,0.831454
11,CA1-DMS,intermediate,CA1,1,1.199281
11,CA1-DMS,intermediate,CA1,2,0.732676
11,CA1-DMS,intermediate,CA1,3,0.955185
11,CA1-DMS,intermediate,CA1,4,0.440092
11,CA1-DMS,intermediate,CA1,5,0.668085
11,CA1-DMS,intermediate,CA1,6,1.017217
11,CA1-DMS,intermediate,CA1,7,0.016035
11,CA1-DMS,intermediate,CA1,8,0.039161
11,CA1-DMS,intermediate,CA1,9,0.987296
11,CA1-DMS,intermediate,CA1,10,0.760152
11,CA1-DMS,intermediate,CA1,11,1.180165
11,CA1-DMS,intermediate,CA1,12,1.052846
11,CA1-DMS,intermediate,CA1,13,0.680876
11,CA1-DMS,intermediate,CA1,14,0.941247
11,CA1-DMS,intermediate,CA1,15,0.251806
11,CA1-DMS,intermediate,CA1,16,0.051765
11,CA1-DMS,intermediate,CA1,17,0.222423
11,CA1-DMS,intermediate,CA1,18,0.771505
11,CA1-DMS,intermediate,CA1,19,1.170966
11,CA1-DMS,intermediate,CA1,20,0.744266
11,CA1-DMS,intermediate,CA1,21,1.231362
11,CA1-DMS,intermediate,CA1,22,0.954878
11,CA1-DMS,intermediate,CA1,23,0.923944
11,CA1-DMS,intermediate,CA1,24,0.675264
11,CA1-DMS,intermediate,CA1,25,1.06259
11,CA1-DMS,intermediate,CA1,26,0.048578
11,CA1-DMS,intermediate,CA1,27,1.233259
11,CA1-DMS,intermediate,DMS,0,1.013701
11,CA1-DMS,intermediate,DMS,1,0.61311
11,CA1-DMS,intermediate,DMS,2,1.203032
11,CA1-DMS,intermediate,DMS,3,0.91882
11,CA1-DMS,intermediate,DMS,4,1.039262
11,CA1-DMS,intermediate,DMS,5,0.593587
11,CA1-DMS,intermediate,DMS,6,2.200612
11,CA1-DMS,intermediate,DMS,7,1.936499
11,CA1-DMS,intermediate,DMS,8,1.38693
11,CA1-DMS,intermediate,DMS,9,1.232206
11,CA1-DMS,intermediate,DMS,10,1.45924
11,CA1-DMS,intermediate,DMS,11,2.846801
11,CA1-DMS,intermediate,DMS,12,1.094919
11,CA1-DMS,intermediate,DMS,13,0.587801
11,CA1-DMS,intermediate,DMS,14,7.778718
11,CA1-DMS,intermediate,DMS,15,3.788864
11,CA1-DMS,intermediate,DMS,16,1.9607
11,CA1-DMS,intermediate,DMS,17,2.710187
11,CA1-DMS,intermediate,DMS,18,2.101026
11,CA1-DMS,intermediate,DMS,19,0.746505
11,CA1-DMS,expert,CA1,0,0.760061
11,CA1-DMS,expert,CA1,1,1.074676
11,CA1-DMS,expert,CA1,2,0.765994
11,CA1-DMS,expert,CA1,3,0.932353
11,CA1-DMS,expert,CA1,4,0.550852
11,CA1-DMS,expert,CA1,5,0.753889
11,CA1-DMS,expert,CA1,6,1.004139
11,CA1-DMS,expert,CA1,7,0.861102
11,CA1-DMS,expert,CA1,8,0.048874
11,CA1-DMS,expert,CA1,9,1.009658
11,CA1-DMS,expert,CA1,10,0.617378
11,CA1-DMS,expert,CA1,11,1.049585
11,CA1-DMS,expert,CA1,12,1.042813
11,CA1-DMS,expert,CA1,13,0.792913
11,CA1-DMS,expert,CA1,14,1.053636
11,CA1-DMS,expert,CA1,15,0.92206
11,CA1-DMS,expert,CA1,16,0.048256
11,CA1-DMS,expert,CA1,17,0.146464
11,CA1-DMS,expert,CA1,18,0.940362
11,CA1-DMS,expert,CA1,19,0.816852
11,CA1-DMS,expert,CA1,20,0.727141
11,CA1-DMS,expert,CA1,21,0.147214
11,CA1-DMS,expert,CA1,22,0.996643
11,CA1-DMS,expert,CA1,23,1.033622
11,CA1-DMS,expert,CA1,24,1.129213
11,CA1-DMS,expert,CA1,25,0.200224
11,CA1-DMS,expert,CA1,26,0.055584
11,CA1-DMS,expert,CA1,27,0.221671
11,CA1-DMS,expert,DMS,0,1.014434
11,CA1-DMS,expert,DMS,1,0.648511
11,CA1-DMS,expert,DMS,2,1.147871
11,CA1-DMS,expert,DMS,3,1.048881
11,CA1-DMS,expert,DMS,4,1.005224
11,CA1-DMS,expert,DMS,5,1.128936
11,CA1-DMS,expert,DMS,6,1.937744
11,CA1-DMS,expert,DMS,7,2.032522
11,CA1-DMS,expert,DMS,8,1.529596
11,CA1-DMS,expert,DMS,9,0.663491
11,CA1-DMS,expert,DMS,10,1.503161
11,CA1-DMS,expert,DMS,11,0.972911
11,CA1-DMS,expert,DMS,12,1.442995
11,CA1-DMS,expert,DMS,13,0.74288
11,CA1-DMS,expert,DMS,14,3.662132
11,CA1-DMS,expert,DMS,15,3.123386
11,CA1-DMS,expert,DMS,16,3.540315
11,CA1-DMS,expert,DMS,17,1.837636
11,CA1-DMS,expert,DMS,18,2.444317
11,CA1-DMS,expert,DMS,19,1.781191
11,CA1-DLS,naive,CA1,0,0.059214
11,CA1-DLS,naive,CA1,1,0.419703
11,CA1-DLS,naive,CA1,2,0.140288
11,CA1-DLS,naive,CA1,3,0.829627
11,CA1-DLS,naive,CA1,4,0.010936
11,CA1-DLS,naive,CA1,5,0.611001
11,CA1-DLS,naive,CA1,6,0.899258
11,CA1-DLS,naive,CA1,7,0.138946
11,CA1-DLS,naive,CA1,8,0.052393
11,CA1-DLS,naive,CA1,9,0.971372
11,CA1-DLS,naive,CA1,10,0.412082
11,CA1-DLS,naive,CA1,11,0.015903
11,CA1-DLS,naive,CA1,12,0.565307
11,CA1-DLS,naive,CA1,13,0.102316
11,CA1-DLS,naive,CA1,14,0.329163
11,CA1-DLS,naive,CA1,15,0.399231
11,CA1-DLS,naive,CA1,16,0.0
11,CA1-DLS,naive,CA1,17,0.170224
11,CA1-DLS,naive,CA1,18,0.653942
11,CA1-DLS,naive,CA1,19,0.597571
11,CA1-DLS,naive,CA1,20,0.556492
11,CA1-DLS,naive,CA1,21,0.492468
11,CA1-DLS,naive,CA1,22,0.921075
11,CA1-DLS,naive,CA1,23,0.602058
11,CA1-DLS,naive,CA1,24,0.474213
11,CA1-DLS,naive,CA1,25,0.28298
11,CA1-DLS,naive,CA1,26,0.305798
11,CA1-DLS,naive,CA1,27,0.261694
11,CA1-DLS,naive,DLS,0,1.622367
11,CA1-DLS,naive,DLS,1,0.933653
11,CA1-DLS,naive,DLS,2,3.395499
11,CA1-DLS,naive,DLS,3,0.711878
11,CA1-DLS,naive,DLS,4,0.689357
11,CA1-DLS,intermediate,CA1,0,0.305996
11,CA1-DLS,intermediate,CA1,1,0.591331
11,CA1-DLS,intermediate,CA1,2,0.685106
11,CA1-DLS,intermediate,CA1,3,0.132964
11,CA1-DLS,intermediate,CA1,4,0.270114
11,CA1-DLS,intermediate,CA1,5,0.27588
11,CA1-DLS,intermediate,CA1,6,0.355708
11,CA1-DLS,intermediate,CA1,7,0.008705
11,CA1-DLS,intermediate,CA1,8,0.025254
11,CA1-DLS,intermediate,CA1,9,0.226186
11,CA1-DLS,intermediate,CA1,10,0.706901
11,CA1-DLS,intermediate,CA1,11,0.357955
11,CA1-DLS,intermediate,CA1,12,0.174916
11,CA1-DLS,intermediate,CA1,13,0.176669
11,CA1-DLS,intermediate,CA1,14,0.242691
11,CA1-DLS,intermediate,CA1,15,0.045326
11,CA1-DLS,intermediate,CA1,16,0.009986
11,CA1-DLS,intermediate,CA1,17,0.043642
11,CA1-DLS,intermediate,CA1,18,0.150121
11,CA1-DLS,intermediate,CA1,19,0.176004
11,CA1-DLS,intermediate,CA1,20,0.150119
11,CA1-DLS,intermediate,CA1,21,0.49487
11,CA1-DLS,intermediate,CA1,22,0.531582
11,CA1-DLS,intermediate,CA1,23,0.65498
11,CA1-DLS,intermediate,CA1,24,0.169133
11,CA1-DLS,intermediate,CA1,25,0.378867
11,CA1-DLS,intermediate,CA1,26,0.010103
11,CA1-DLS,intermediate,CA1,27,0.315951
11,CA1-DLS,intermediate,DLS,0,1.104241
11,CA1-DLS,intermediate,DLS,1,0.899358
11,CA1-DLS,intermediate,DLS,2,6.440821
11,CA1-DLS,intermediate,DLS,3,1.238515
11,CA1-DLS,intermediate,DLS,4,0.0
11,CA1-DLS,expert,CA1,0,0.249171
11,CA1-DLS,expert,CA1,1,0.891492
11,CA1-DLS,expert,CA1,2,0.198774
11,CA1-DLS,expert,CA1,3,0.322904
11,CA1-DLS,expert,CA1,4,0.468841
11,CA1-DLS,expert,CA1,5,0.424489
11,CA1-DLS,expert,CA1,6,0.586142
11,CA1-DLS,expert,CA1,7,0.153794
11,CA1-DLS,expert,CA1,8,0.041836
11,CA1-DLS,expert,CA1,9,0.664341
11,CA1-DLS,expert,CA1,10,0.572913
11,CA1-DLS,expert,CA1,11,0.307869
11,CA1-DLS,expert,CA1,12,0.422339
11,CA1-DLS,expert,CA1,13,0.134432
11,CA1-DLS,expert,CA1,14,0.290839
11,CA1-DLS,expert,CA1,15,0.220824
11,CA1-DLS,expert,CA1,16,0.025515
11,CA1-DLS,expert,CA1,17,0.053255
11,CA1-DLS,expert,CA1,18,0.270114
11,CA1-DLS,expert,CA1,19,0.176432
11,CA1-DLS,expert,CA1,20,0.523617
11,CA1-DLS,expert,CA1,21,0.079612
11,CA1-DLS,expert,CA1,22,0.446746
11,CA1-DLS,expert,CA1,23,0.424618
11,CA1-DLS,expert,CA1,24,0.607994
11,CA1-DLS,expert,CA1,25,0.128972
11,CA1-DLS,expert,CA1,26,0.019359
11,CA1-DLS,expert,CA1,27,0.145338
11,CA1-DLS,expert,DLS,0,0.794257
11,CA1-DLS,expert,DLS,1,0.590911
11,CA1-DLS,expert,DLS,2,5.807813
11,CA1-DLS,expert,DLS,3,1.750067
11,CA1-DLS,expert,DLS,4,1.492882
11,CA1-ACC,naive,CA1,0,0.072707
11,CA1-ACC,naive,CA1,1,1.370512
11,CA1-ACC,naive,CA1,2,0.173654
11,CA1-ACC,naive,CA1,3,1.542291
11,CA1-ACC,naive,CA1,4,0.035016
11,CA1-ACC,naive,CA1,5,1.650913
11,CA1-ACC,naive,CA1,6,1.2314
11,CA1-ACC,naive,CA1,7,0.189095
11,CA1-ACC,naive,CA1,8,0.101526
11,CA1-ACC,naive,CA1,9,1.4493
11,CA1-ACC,naive,CA1,10,1.561809
11,CA1-ACC,naive,CA1,11,0.041379
11,CA1-ACC,naive,CA1,12,1.011492
11,CA1-ACC,naive,CA1,13,0.174608
11,CA1-ACC,naive,CA1,14,0.92276
11,CA1-ACC,naive,CA1,15,1.155071
11,CA1-ACC,naive,CA1,16,0.0
11,CA1-ACC,naive,CA1,17,0.630977
11,CA1-ACC,naive,CA1,18,1.138036
11,CA1-ACC,naive,CA1,19,1.121217
11,CA1-ACC,naive,CA1,20,1.548155
11,CA1-ACC,naive,CA1,21,0.968423
11,CA1-ACC,naive,CA1,22,1.40148
11,CA1-ACC,naive,CA1,23,1.08218
11,CA1-ACC,naive,CA1,24,1.229635
11,CA1-ACC,naive,CA1,25,0.554417
11,CA1-ACC,naive,CA1,26,0.420617
11,CA1-ACC,naive,CA1,27,0.820878
11,CA1-ACC,naive,ACC,0,0.018856
11,CA1-ACC,naive,ACC,1,0.018089
11,CA1-ACC,naive,ACC,2,0.093779
11,CA1-ACC,naive,ACC,3,0.874813
11,CA1-ACC,naive,ACC,4,0.143782
11,CA1-ACC,naive,ACC,5,0.031185
11,CA1-ACC,naive,ACC,6,0.784661
11,CA1-ACC,naive,ACC,7,0.644953
11,CA1-ACC,naive,ACC,8,0.0625
11,CA1-ACC,naive,ACC,9,0.855933
11,CA1-ACC,naive,ACC,10,0.081313
11,CA1-ACC,naive,ACC,11,0.104276
11,CA1-ACC,naive,ACC,12,0.10882
11,CA1-ACC,naive,ACC,13,0.256281
11,CA1-ACC,naive,ACC,14,0.038648
11,CA1-ACC,naive,ACC,15,0.59368
11,CA1-ACC,naive,ACC,16,0.03069
11,CA1-ACC,naive,ACC,17,0.035677
11,CA1-ACC,naive,ACC,18,0.431115
11,CA1-ACC,naive,ACC,19,0.792104
11,CA1-ACC,naive,ACC,20,0.339822
11,CA1-ACC,naive,ACC,21,0.026836
11,CA1-ACC,naive,ACC,22,0.073754
11,CA1-ACC,naive,ACC,23,0.868256
11,CA1-ACC,naive,ACC,24,0.810133
11,CA1-ACC,naive,ACC,25,0.217348
11,CA1-ACC,naive,ACC,26,0.141629
11,CA1-ACC,naive,ACC,27,0.722656
11,CA1-ACC,naive,ACC,28,0.211086
11,CA1-ACC,naive,ACC,29,0.676213
11,CA1-ACC,naive,ACC,30,0.061383
11,CA1-ACC,naive,ACC,31,0.064379
11,CA1-ACC,naive,ACC,32,0.09934
11,CA1-ACC,naive,ACC,33,0.076232
11,CA1-ACC,naive,ACC,34,0.042208
11,CA1-ACC,naive,ACC,35,0.037357
11,CA1-ACC,naive,ACC,36,0.087303
11,CA1-ACC,naive,ACC,37,0.176203
11,CA1-ACC,naive,ACC,38,0.31651
11,CA1-ACC,naive,ACC,39,0.04451
11,CA1-ACC,naive,ACC,40,0.840978
11,CA1-ACC,naive,ACC,41,0.020041
11,CA1-ACC,naive,ACC,42,0.794122
11,CA1-ACC,naive,ACC,43,0.021007
11,CA1-ACC,naive,ACC,44,0.427473
11,CA1-ACC,naive,ACC,45,0.0
11,CA1-ACC,naive,ACC,46,0.035573
11,CA1-ACC,naive,ACC,47,0.122979
11,CA1-ACC,naive,ACC,48,0.91109
11,CA1-ACC,naive,ACC,49,0.135825
11,CA1-ACC,naive,ACC,50,0.137928
11,CA1-ACC,naive,ACC,51,0.756703
11,CA1-ACC,naive,ACC,52,0.037967
11,CA1-ACC,naive,ACC,53,0.163887
11,CA1-ACC,naive,ACC,54,0.03196
11,CA1-ACC,naive,ACC,55,0.199439
11,CA1-ACC,naive,ACC,56,0.106956
11,CA1-ACC,naive,ACC,57,0.392325
11,CA1-ACC,naive,ACC,58,0.1471
11,CA1-ACC,naive,ACC,59,0.629152
11,CA1-ACC,naive,ACC,60,0.59362
11,CA1-ACC,naive,ACC,61,0.019533
11,CA1-ACC,naive,ACC,62,0.808294
11,CA1-ACC,naive,ACC,63,0.038192
11,CA1-ACC,naive,ACC,64,0.747044
11,CA1-ACC,naive,ACC,65,0.019927
11,CA1-ACC,naive,ACC,66,0.045746
11,CA1-ACC,intermediate,CA1,0,0.831454
11,CA1-ACC,intermediate,CA1,1,1.199281
11,CA1-ACC,intermediate,CA1,2,0.732676
11,CA1-ACC,intermediate,CA1,3,0.955185
11,CA1-ACC,intermediate,CA1,4,0.440092
11,CA1-ACC,intermediate,CA1,5,0.668085
11,CA1-ACC,intermediate,CA1,6,1.017217
11,CA1-ACC,intermediate,CA1,7,0.016035
11,CA1-ACC,intermediate,CA1,8,0.039161
11,CA1-ACC,intermediate,CA1,9,0.987296
11,CA1-ACC,intermediate,CA1,10,0.760152
11,CA1-ACC,intermediate,CA1,11,1.180165
11,CA1-ACC,intermediate,CA1,12,1.052846
11,CA1-ACC,intermediate,CA1,13,0.680876
11,CA1-ACC,intermediate,CA1,14,0.941247
11,CA1-ACC,intermediate,CA1,15,0.251806
11,CA1-ACC,intermediate,CA1,16,0.051765
11,CA1-ACC,intermediate,CA1,17,0.222423
11,CA1-ACC,intermediate,CA1,18,0.771505
11,CA1-ACC,intermediate,CA1,19,1.170966
11,CA1-ACC,intermediate,CA1,20,0.744266
11,CA1-ACC,intermediate,CA1,21,1.231362
11,CA1-ACC,intermediate,CA1,22,0.954878
11,CA1-ACC,intermediate,CA1,23,0.923944
11,CA1-ACC,intermediate,CA1,24,0.675264
11,CA1-ACC,intermediate,CA1,25,1.06259
11,CA1-ACC,intermediate,CA1,26,0.048578
11,CA1-ACC,intermediate,CA1,27,1.233259
11,CA1-ACC,intermediate,ACC,0,0.502004
11,CA1-ACC,intermediate,ACC,1,0.484229
11,CA1-ACC,intermediate,ACC,2,0.131429
11,CA1-ACC,intermediate,ACC,3,0.474615
11,CA1-ACC,intermediate,ACC,4,0.242389
11,CA1-ACC,intermediate,ACC,5,0.359781
11,CA1-ACC,intermediate,ACC,6,0.341592
11,CA1-ACC,intermediate,ACC,7,0.082336
11,CA1-ACC,intermediate,ACC,8,0.450349
11,CA1-ACC,intermediate,ACC,9,0.603933
11,CA1-ACC,intermediate,ACC,10,0.08957
11,CA1-ACC,intermediate,ACC,11,0.762985
11,CA1-ACC,intermediate,ACC,12,0.028658
11,CA1-ACC,intermediate,ACC,13,0.103985
11,CA1-ACC,intermediate,ACC,14,0.081557
11,CA1-ACC,intermediate,ACC,15,0.140307
11,CA1-ACC,intermediate,ACC,16,0.845397
11,CA1-ACC,intermediate,ACC,17,0.052911
11,CA1-ACC,intermediate,ACC,18,0.017397
11,CA1-ACC,intermediate,ACC,19,0.180488
11,CA1-ACC,intermediate,ACC,20,0.206788
11,CA1-ACC,intermediate,ACC,21,0.80504
11,CA1-ACC,intermediate,ACC,22,0.460888
11,CA1-ACC,intermediate,ACC,23,0.076066
11,CA1-ACC,intermediate,ACC,24,0.006929
11,CA1-ACC,intermediate,ACC,25,0.825464
11,CA1-ACC,intermediate,ACC,26,0.197802
11,CA1-ACC,intermediate,ACC,27,0.127496
11,CA1-ACC,intermediate,ACC,28,0.209492
11,CA1-ACC,intermediate,ACC,29,0.0406
11,CA1-ACC,intermediate,ACC,30,0.204145
11,CA1-ACC,intermediate,ACC,31,0.17475
11,CA1-ACC,intermediate,ACC,32,0.54504
11,CA1-ACC,intermediate,ACC,33,0.791881
11,CA1-ACC,intermediate,ACC,34,0.042924
11,CA1-ACC,intermediate,ACC,35,0.157454
11,CA1-ACC,intermediate,ACC,36,0.684807
11,CA1-ACC,intermediate,ACC,37,0.113822
11,CA1-ACC,intermediate,ACC,38,0.862721
11,CA1-ACC,intermediate,ACC,39,0.872527
11,CA1-ACC,intermediate,ACC,40,0.119292
11,CA1-ACC,intermediate,ACC,41,0.603951
11,CA1-ACC,intermediate,ACC,42,0.802916
11,CA1-ACC,intermediate,ACC,43,0.120116
11,CA1-ACC,intermediate,ACC,44,0.002649
11,CA1-ACC,intermediate,ACC,45,0.0
11,CA1-ACC,intermediate,ACC,46,0.561143
11,CA1-ACC,intermediate,ACC,47,0.850874
11,CA1-ACC,intermediate,ACC,48,0.17575
11,CA1-ACC,intermediate,ACC,49,0.045234
11,CA1-ACC,intermediate,ACC,50,0.13634
11,CA1-ACC,intermediate,ACC,51,0.052148
11,CA1-ACC,intermediate,ACC,52,0.12082
11,CA1-ACC,intermediate,ACC,53,0.700538
11,CA1-ACC,intermediate,ACC,54,0.560248
11,CA1-ACC,intermediate,ACC,55,0.299624
11,CA1-ACC,intermediate,ACC,56,0.061228
11,CA1-ACC,intermediate,ACC,57,0.0
11,CA1-ACC,intermediate,ACC,58,0.064679
11,CA1-ACC,intermediate,ACC,59,0.03261
11,CA1-ACC,intermediate,ACC,60,0.034467
11,CA1-ACC,intermediate,ACC,61,0.877
11,CA1-ACC,intermediate,ACC,62,0.323946
11,CA1-ACC,intermediate,ACC,63,0.005809
11,CA1-ACC,intermediate,ACC,64,0.764411
11,CA1-ACC,intermediate,ACC,65,0.198223
11,CA1-ACC,intermediate,ACC,66,0.21268
11,CA1-ACC,expert,CA1,0,0.760061
11,CA1-ACC,expert,CA1,1,1.074676
11,CA1-ACC,expert,CA1,2,0.765994
11,CA1-ACC,expert,CA1,3,0.932353
11,CA1-ACC,expert,CA1,4,0.550852
11,CA1-ACC,expert,CA1,5,0.753889
11,CA1-ACC,expert,CA1,6,1.004139
11,CA1-ACC,expert,CA1,7,0.861102
11,CA1-ACC,expert,CA1,8,0.048874
11,CA1-ACC,expert,CA1,9,1.009658
11,CA1-ACC,expert,CA1,10,0.617378
11,CA1-ACC,expert,CA1,11,1.049585
11,CA1-ACC,expert,CA1,12,1.042813
11,CA1-ACC,expert,CA1,13,0.792913
11,CA1-ACC,expert,CA1,14,1.053636
11,CA1-ACC,expert,CA1,15,0.92206
11,CA1-ACC,expert,CA1,16,0.048256
11,CA1-ACC,expert,CA1,17,0.146464
11,CA1-ACC,expert,CA1,18,0.940362
11,CA1-ACC,expert,CA1,19,0.816852
11,CA1-ACC,expert,CA1,20,0.727141
11,CA1-ACC,expert,CA1,21,0.147214
11,CA1-ACC,expert,CA1,22,0.996643
11,CA1-ACC,expert,CA1,23,1.033622
11,CA1-ACC,expert,CA1,24,1.129213
11,CA1-ACC,expert,CA1,25,0.200224
11,CA1-ACC,expert,CA1,26,0.055584
11,CA1-ACC,expert,CA1,27,0.221671
11,CA1-ACC,expert,ACC,0,0.607685
11,CA1-ACC,expert,ACC,1,0.554469
11,CA1-ACC,expert,ACC,2,0.255023
11,CA1-ACC,expert,ACC,3,0.085165
11,CA1-ACC,expert,ACC,4,0.28723
11,CA1-ACC,expert,ACC,5,0.70806
11,CA1-ACC,expert,ACC,6,0.179582
11,CA1-ACC,expert,ACC,7,0.0615
11,CA1-ACC,expert,ACC,8,0.10225
11,CA1-ACC,expert,ACC,9,0.711222
11,CA1-ACC,expert,ACC,10,0.059662
11,CA1-ACC,expert,ACC,11,0.686117
11,CA1-ACC,expert,ACC,12,0.151919
11,CA1-ACC,expert,ACC,13,0.233038
11,CA1-ACC,expert,ACC,14,0.146121
11,CA1-ACC,expert,ACC,15,0.134103
11,CA1-ACC,expert,ACC,16,0.152526
11,CA1-ACC,expert,ACC,17,0.144937
11,CA1-ACC,expert,ACC,18,0.070111
11,CA1-ACC,expert,ACC,19,0.210732
11,CA1-ACC,expert,ACC,20,0.113541
11,CA1-ACC,expert,ACC,21,0.841157
11,CA1-ACC,expert,ACC,22,0.187532
11,CA1-ACC,expert,ACC,23,0.102579
11,CA1-ACC,expert,ACC,24,0.009786
11,CA1-ACC,expert,ACC,25,0.262786
11,CA1-ACC,expert,ACC,26,0.11683
11,CA1-ACC,expert,ACC,27,0.237174
11,CA1-ACC,expert,ACC,28,0.081005
11,CA1-ACC,expert,ACC,29,0.065932
11,CA1-ACC,expert,ACC,30,0.070342
11,CA1-ACC,expert,ACC,31,0.32749
11,CA1-ACC,expert,ACC,32,0.790936
11,CA1-ACC,expert,ACC,33,0.782682
11,CA1-ACC,expert,ACC,34,0.080571
11,CA1-ACC,expert,ACC,35,0.145293
11,CA1-ACC,expert,ACC,36,0.680152
11,CA1-ACC,expert,ACC,37,0.812443
11,CA1-ACC,expert,ACC,38,0.138696
11,CA1-ACC,expert,ACC,39,0.752355
11,CA1-ACC,expert,ACC,40,0.146734
11,CA1-ACC,expert,ACC,41,0.125521
11,CA1-ACC,expert,ACC,42,0.119
11,CA1-ACC,expert,ACC,43,0.624241
11,CA1-ACC,expert,ACC,44,0.806441
11,CA1-ACC,expert,ACC,45,0.544624
11,CA1-ACC,expert,ACC,46,0.199764
11,CA1-ACC,expert,ACC,47,0.403786
11,CA1-ACC,expert,ACC,48,0.057448
11,CA1-ACC,expert,ACC,49,0.034016
11,CA1-ACC,expert,ACC,50,0.261366
11,CA1-ACC,expert,ACC,51,0.050751
11,CA1-ACC,expert,ACC,52,0.119467
11,CA1-ACC,expert,ACC,53,0.790817
11,CA1-ACC,expert,ACC,54,0.775438
11,CA1-ACC,expert,ACC,55,0.069592
11,CA1-ACC,expert,ACC,56,0.074955
11,CA1-ACC,expert,ACC,57,0.179763
11,CA1-ACC,expert,ACC,58,0.061545
11,CA1-ACC,expert,ACC,59,0.685001
11,CA1-ACC,expert,ACC,60,0.04055
11,CA1-ACC,expert,ACC,61,0.704089
11,CA1-ACC,expert,ACC,62,0.851961
11,CA1-ACC,expert,ACC,63,0.077203
11,CA1-ACC,expert,ACC,64,0.709866
11,CA1-ACC,expert,ACC,65,0.74203
11,CA1-ACC,expert,ACC,66,0.849098
11,CA1-V1,naive,CA1,0,0.072707
11,CA1-V1,naive,CA1,1,1.370512
11,CA1-V1,naive,CA1,2,0.173654
11,CA1-V1,naive,CA1,3,1.542291
11,CA1-V1,naive,CA1,4,0.035016
11,CA1-V1,naive,CA1,5,1.650913
11,CA1-V1,naive,CA1,6,1.2314
11,CA1-V1,naive,CA1,7,0.189095
11,CA1-V1,naive,CA1,8,0.101526
11,CA1-V1,naive,CA1,9,1.4493
11,CA1-V1,naive,CA1,10,1.561809
11,CA1-V1,naive,CA1,11,0.041379
11,CA1-V1,naive,CA1,12,1.011492
11,CA1-V1,naive,CA1,13,0.174608
11,CA1-V1,naive,CA1,14,0.92276
11,CA1-V1,naive,CA1,15,1.155071
11,CA1-V1,naive,CA1,16,0.0
11,CA1-V1,naive,CA1,17,0.630977
11,CA1-V1,naive,CA1,18,1.138036
11,CA1-V1,naive,CA1,19,1.121217
11,CA1-V1,naive,CA1,20,1.548155
11,CA1-V1,naive,CA1,21,0.968423
11,CA1-V1,naive,CA1,22,1.40148
11,CA1-V1,naive,CA1,23,1.08218
11,CA1-V1,naive,CA1,24,1.229635
11,CA1-V1,naive,CA1,25,0.554417
11,CA1-V1,naive,CA1,26,0.420617
11,CA1-V1,naive,CA1,27,0.820878
11,CA1-V1,naive,V1,0,0.029048
11,CA1-V1,naive,V1,1,0.748218
11,CA1-V1,naive,V1,2,1.000849
11,CA1-V1,naive,V1,3,0.187116
11,CA1-V1,naive,V1,4,0.93193
11,CA1-V1,naive,V1,5,0.121461
11,CA1-V1,naive,V1,6,0.167532
11,CA1-V1,naive,V1,7,0.985941
11,CA1-V1,naive,V1,8,0.169674
11,CA1-V1,naive,V1,9,0.067117
11,CA1-V1,naive,V1,10,0.923789
11,CA1-V1,naive,V1,11,0.663085
11,CA1-V1,naive,V1,12,0.390704
11,CA1-V1,naive,V1,13,0.130501
11,CA1-V1,naive,V1,14,0.710003
11,CA1-V1,naive,V1,15,0.080618
11,CA1-V1,naive,V1,16,0.914637
11,CA1-V1,naive,V1,17,0.139269
11,CA1-V1,naive,V1,18,0.770255
11,CA1-V1,naive,V1,19,0.078068
11,CA1-V1,naive,V1,20,0.678818
11,CA1-V1,naive,V1,21,0.167097
11,CA1-V1,naive,V1,22,0.053161
11,CA1-V1,naive,V1,23,0.094083
11,CA1-V1,naive,V1,24,0.069352
11,CA1-V1,naive,V1,25,0.898038
11,CA1-V1,naive,V1,26,0.008692
11,CA1-V1,naive,V1,27,0.103891
11,CA1-V1,naive,V1,28,0.02653
11,CA1-V1,naive,V1,29,0.01013
11,CA1-V1,naive,V1,30,0.074735
11,CA1-V1,naive,V1,31,0.201358
11,CA1-V1,naive,V1,32,0.021412
11,CA1-V1,naive,V1,33,0.021024
11,CA1-V1,naive,V1,34,0.527402
11,CA1-V1,naive,V1,35,0.596586
11,CA1-V1,naive,V1,36,0.110376
11,CA1-V1,naive,V1,37,0.610944
11,CA1-V1,naive,V1,38,0.100896
11,CA1-V1,naive,V1,39,0.0
11,CA1-V1,naive,V1,40,0.984872
11,CA1-V1,naive,V1,41,0.9524
11,CA1-V1,naive,V1,42,0.037081
11,CA1-V1,naive,V1,43,0.094937
11,CA1-V1,naive,V1,44,0.363631
11,CA1-V1,naive,V1,45,0.042215
11,CA1-V1,naive,V1,46,0.13412
11,CA1-V1,naive,V1,47,0.025982
11,CA1-V1,naive,V1,48,0.01818
11,CA1-V1,naive,V1,49,0.026943
11,CA1-V1,naive,V1,50,0.125547
11,CA1-V1,naive,V1,51,0.009657
11,CA1-V1,naive,V1,52,0.058965
11,CA1-V1,naive,V1,53,0.89157
11,CA1-V1,naive,V1,54,0.734636
11,CA1-V1,naive,V1,55,0.050146
11,CA1-V1,naive,V1,56,0.092946
11,CA1-V1,naive,V1,57,0.831153
11,CA1-V1,naive,V1,58,1.016791
11,CA1-V1,naive,V1,59,0.025089
11,CA1-V1,naive,V1,60,0.015687
11,CA1-V1,naive,V1,61,0.004108
11,CA1-V1,naive,V1,62,0.140763
11,CA1-V1,naive,V1,63,0.092429
11,CA1-V1,naive,V1,64,0.051475
11,CA1-V1,naive,V1,65,0.103097
11,CA1-V1,naive,V1,66,0.182408
11,CA1-V1,intermediate,CA1,0,0.831454
11,CA1-V1,intermediate,CA1,1,1.199281
11,CA1-V1,intermediate,CA1,2,0.732676
11,CA1-V1,intermediate,CA1,3,0.955185
11,CA1-V1,intermediate,CA1,4,0.440092
11,CA1-V1,intermediate,CA1,5,0.668085
11,CA1-V1,intermediate,CA1,6,1.017217
11,CA1-V1,intermediate,CA1,7,0.016035
11,CA1-V1,intermediate,CA1,8,0.039161
11,CA1-V1,intermediate,CA1,9,0.987296
11,CA1-V1,intermediate,CA1,10,0.760152
11,CA1-V1,intermediate,CA1,11,1.180165
11,CA1-V1,intermediate,CA1,12,1.052846
11,CA1-V1,intermediate,CA1,13,0.680876
11,CA1-V1,intermediate,CA1,14,0.941247
11,CA1-V1,intermediate,CA1,15,0.251806
11,CA1-V1,intermediate,CA1,16,0.051765
11,CA1-V1,intermediate,CA1,17,0.222423
11,CA1-V1,intermediate,CA1,18,0.771505
11,CA1-V1,intermediate,CA1,19,1.170966
11,CA1-V1,intermediate,CA1,20,0.744266
11,CA1-V1,intermediate,CA1,21,1.231362
11,CA1-V1,intermediate,CA1,22,0.954878
11,CA1-V1,intermediate,CA1,23,0.923944
11,CA1-V1,intermediate,CA1,24,0.675264
11,CA1-V1,intermediate,CA1,25,1.06259
11,CA1-V1,intermediate,CA1,26,0.048578
11,CA1-V1,intermediate,CA1,27,1.233259
11,CA1-V1,intermediate,V1,0,0.812609
11,CA1-V1,intermediate,V1,1,0.614681
11,CA1-V1,intermediate,V1,2,0.772923
11,CA1-V1,intermediate,V1,3,0.793514
11,CA1-V1,intermediate,V1,4,0.870854
11,CA1-V1,intermediate,V1,5,0.7115
11,CA1-V1,intermediate,V1,6,0.577852
11,CA1-V1,intermediate,V1,7,0.353125
11,CA1-V1,intermediate,V1,8,0.485875
11,CA1-V1,intermediate,V1,9,0.57312
11,CA1-V1,intermediate,V1,10,0.854933
11,CA1-V1,intermediate,V1,11,0.13139
11,CA1-V1,intermediate,V1,12,0.038976
11,CA1-V1,intermediate,V1,13,0.340726
11,CA1-V1,intermediate,V1,14,0.281869
11,CA1-V1,intermediate,V1,15,0.275881
11,CA1-V1,intermediate,V1,16,0.106264
11,CA1-V1,intermediate,V1,17,0.226145
11,CA1-V1,intermediate,V1,18,0.20055
11,CA1-V1,intermediate,V1,19,0.690003
11,CA1-V1,intermediate,V1,20,0.793747
11,CA1-V1,intermediate,V1,21,0.275894
11,CA1-V1,intermediate,V1,22,0.134803
11,CA1-V1,intermediate,V1,23,0.750776
11,CA1-V1,intermediate,V1,24,0.213353
11,CA1-V1,intermediate,V1,25,0.309362
11,CA1-V1,intermediate,V1,26,0.727209
11,CA1-V1,intermediate,V1,27,0.925026
11,CA1-V1,intermediate,V1,28,0.856439
11,CA1-V1,intermediate,V1,29,0.04657
11,CA1-V1,intermediate,V1,30,0.844324
11,CA1-V1,intermediate,V1,31,0.956135
11,CA1-V1,intermediate,V1,32,0.053946
11,CA1-V1,intermediate,V1,33,0.525142
11,CA1-V1,intermediate,V1,34,0.852547
11,CA1-V1,intermediate,V1,35,0.054436
11,CA1-V1,intermediate,V1,36,0.0
11,CA1-V1,intermediate,V1,37,0.732987
11,CA1-V1,intermediate,V1,38,0.026297
11,CA1-V1,intermediate,V1,39,0.153448
11,CA1-V1,intermediate,V1,40,0.9183
11,CA1-V1,intermediate,V1,41,0.302322
11,CA1-V1,intermediate,V1,42,0.316882
11,CA1-V1,intermediate,V1,43,0.047136
11,CA1-V1,intermediate,V1,44,0.249619
11,CA1-V1,intermediate,V1,45,0.210033
11,CA1-V1,intermediate,V1,46,0.522651
11,CA1-V1,intermediate,V1,47,0.109727
11,CA1-V1,intermediate,V1,48,0.463512
11,CA1-V1,intermediate,V1,49,0.052634
11,CA1-V1,intermediate,V1,50,0.452649
11,CA1-V1,intermediate,V1,51,0.044093
11,CA1-V1,intermediate,V1,52,0.81203
11,CA1-V1,intermediate,V1,53,0.350923
11,CA1-V1,intermediate,V1,54,0.219155
11,CA1-V1,intermediate,V1,55,0.363071
11,CA1-V1,intermediate,V1,56,0.046603
11,CA1-V1,intermediate,V1,57,0.675056
11,CA1-V1,intermediate,V1,58,0.63599
11,CA1-V1,intermediate,V1,59,0.852162
11,CA1-V1,intermediate,V1,60,0.04512
11,CA1-V1,intermediate,V1,61,0.187957
11,CA1-V1,intermediate,V1,62,0.658085
11,CA1-V1,intermediate,V1,63,0.512594
11,CA1-V1,intermediate,V1,64,0.203831
11,CA1-V1,intermediate,V1,65,0.264669
11,CA1-V1,intermediate,V1,66,0.110943
11,CA1-V1,expert,CA1,0,0.760061
11,CA1-V1,expert,CA1,1,1.074676
11,CA1-V1,expert,CA1,2,0.765994
11,CA1-V1,expert,CA1,3,0.932353
11,CA1-V1,expert,CA1,4,0.550852
11,CA1-V1,expert,CA1,5,0.753889
11,CA1-V1,expert,CA1,6,1.004139
11,CA1-V1,expert,CA1,7,0.861102
11,CA1-V1,expert,CA1,8,0.048874
11,CA1-V1,expert,CA1,9,1.009658
11,CA1-V1,expert,CA1,10,0.617378
11,CA1-V1,expert,CA1,11,1.049585
11,CA1-V1,expert,CA1,12,1.042813
11,CA1-V1,expert,CA1,13,0.792913
11,CA1-V1,expert,CA1,14,1.053636
11,CA1-V1,expert,CA1,15,0.92206
11,CA1-V1,expert,CA1,16,0.048256
11,CA1-V1,expert,CA1,17,0.146464
11,CA1-V1,expert,CA1,18,0.940362
11,CA1-V1,expert,CA1,19,0.816852
11,CA1-V1,expert,CA1,20,0.727141
11,CA1-V1,expert,CA1,21,0.147214
11,CA1-V1,expert,CA1,22,0.996643
11,CA1-V1,expert,CA1,23,1.033622
11,CA1-V1,expert,CA1,24,1.129213
11,CA1-V1,expert,CA1,25,0.200224
11,CA1-V1,expert,CA1,26,0.055584
11,CA1-V1,expert,CA1,27,0.221671
11,CA1-V1,expert,V1,0,0.71371
11,CA1-V1,expert,V1,1,0.324417
11,CA1-V1,expert,V1,2,0.225766
11,CA1-V1,expert,V1,3,0.60443
11,CA1-V1,expert,V1,4,0.943583
11,CA1-V1,expert,V1,5,0.703739
11,CA1-V1,expert,V1,6,0.488167
11,CA1-V1,expert,V1,7,0.364173
11,CA1-V1,expert,V1,8,0.912401
11,CA1-V1,expert,V1,9,0.274324
11,CA1-V1,expert,V1,10,0.236416
11,CA1-V1,expert,V1,11,0.079595
11,CA1-V1,expert,V1,12,0.041591
11,CA1-V1,expert,V1,13,0.392802
11,CA1-V1,expert,V1,14,0.108414
11,CA1-V1,expert,V1,15,0.694043
11,CA1-V1,expert,V1,16,0.125058
11,CA1-V1,expert,V1,17,0.249754
11,CA1-V1,expert,V1,18,0.177102
11,CA1-V1,expert,V1,19,0.566607
11,CA1-V1,expert,V1,20,0.192787
11,CA1-V1,expert,V1,21,0.287101
11,CA1-V1,expert,V1,22,0.273926
11,CA1-V1,expert,V1,23,0.893664
11,CA1-V1,expert,V1,24,0.127708
11,CA1-V1,expert,V1,25,0.297202
11,CA1-V1,expert,V1,26,0.940618
11,CA1-V1,expert,V1,27,0.912042
11,CA1-V1,expert,V1,28,0.803308
11,CA1-V1,expert,V1,29,0.048552
11,CA1-V1,expert,V1,30,0.911173
11,CA1-V1,expert,V1,31,0.992754
11,CA1-V1,expert,V1,32,0.03621
11,CA1-V1,expert,V1,33,0.335496
11,CA1-V1,expert,V1,34,0.259702
11,CA1-V1,expert,V1,35,0.142049
11,CA1-V1,expert,V1,36,3e-06
11,CA1-V1,expert,V1,37,0.063255
11,CA1-V1,expert,V1,38,0.016509
11,CA1-V1,expert,V1,39,0.137735
11,CA1-V1,expert,V1,40,0.886325
11,CA1-V1,expert,V1,41,0.912879
11,CA1-V1,expert,V1,42,0.168464
11,CA1-V1,expert,V1,43,0.028696
11,CA1-V1,expert,V1,44,0.918719
11,CA1-V1,expert,V1,45,0.182685
11,CA1-V1,expert,V1,46,0.464779
11,CA1-V1,expert,V1,47,0.847707
11,CA1-V1,expert,V1,48,0.424565
11,CA1-V1,expert,V1,49,0.535017
11,CA1-V1,expert,V1,50,0.706031
11,CA1-V1,expert,V1,51,0.308197
11,CA1-V1,expert,V1,52,0.844141
11,CA1-V1,expert,V1,53,0.187919
11,CA1-V1,expert,V1,54,0.148846
11,CA1-V1,expert,V1,55,0.030499
11,CA1-V1,expert,V1,56,0.011402
11,CA1-V1,expert,V1,57,0.079668
11,CA1-V1,expert,V1,58,0.910189
11,CA1-V1,expert,V1,59,0.081236
11,CA1-V1,expert,V1,60,0.077014
11,CA1-V1,expert,V1,61,0.083483
11,CA1-V1,expert,V1,62,0.559298
11,CA1-V1,expert,V1,63,0.431291
11,CA1-V1,expert,V1,64,0.081411
11,CA1-V1,expert,V1,65,0.924735
11,CA1-V1,expert,V1,66,0.158256
11,DG-DMS,naive,DG,0,0.535139
11,DG-DMS,naive,DG,1,1.175522
11,DG-DMS,naive,DG,2,4.090724
11,DG-DMS,naive,DG,3,0.988603
11,DG-DMS,naive,DG,4,1.255978
11,DG-DMS,naive,DG,5,1.200192
11,DG-DMS,naive,DMS,0,0.456065
11,DG-DMS,naive,DMS,1,0.900888
11,DG-DMS,naive,DMS,2,0.334925
11,DG-DMS,naive,DMS,3,0.305579
11,DG-DMS,naive,DMS,4,0.551328
11,DG-DMS,naive,DMS,5,0.909295
11,DG-DMS,naive,DMS,6,0.175616
11,DG-DMS,naive,DMS,7,0.512651
11,DG-DMS,naive,DMS,8,1.365541
11,DG-DMS,naive,DMS,9,0.387082
11,DG-DMS,naive,DMS,10,0.329767
11,DG-DMS,naive,DMS,11,0.494228
11,DG-DMS,naive,DMS,12,0.577528
11,DG-DMS,naive,DMS,13,0.536098
11,DG-DMS,naive,DMS,14,0.321727
11,DG-DMS,naive,DMS,15,0.292922
11,DG-DMS,naive,DMS,16,0.084731
11,DG-DMS,naive,DMS,17,0.266261
11,DG-DMS,naive,DMS,18,1.407634
11,DG-DMS,naive,DMS,19,0.332726
11,DG-DMS,intermediate,DG,0,1.120859
11,DG-DMS,intermediate,DG,1,1.053859
11,DG-DMS,intermediate,DG,2,1.085678
11,DG-DMS,intermediate,DG,3,1.190171
11,DG-DMS,intermediate,DG,4,1.644264
11,DG-DMS,intermediate,DG,5,1.063885
11,DG-DMS,intermediate,DMS,0,0.440053
11,DG-DMS,intermediate,DMS,1,0.421203
11,DG-DMS,intermediate,DMS,2,0.555966
11,DG-DMS,intermediate,DMS,3,0.480694
11,DG-DMS,intermediate,DMS,4,0.170777
11,DG-DMS,intermediate,DMS,5,0.230323
11,DG-DMS,intermediate,DMS,6,0.82905
11,DG-DMS,intermediate,DMS,7,1.808179
11,DG-DMS,intermediate,DMS,8,0.501229
11,DG-DMS,intermediate,DMS,9,0.531889
11,DG-DMS,intermediate,DMS,10,0.541946
11,DG-DMS,intermediate,DMS,11,2.697035
11,DG-DMS,intermediate,DMS,12,0.52705
11,DG-DMS,intermediate,DMS,13,0.28345
11,DG-DMS,intermediate,DMS,14,1.557105
11,DG-DMS,intermediate,DMS,15,3.456032
11,DG-DMS,intermediate,DMS,16,1.529304
11,DG-DMS,intermediate,DMS,17,0.613167
11,DG-DMS,intermediate,DMS,18,0.830018
11,DG-DMS,intermediate,DMS,19,0.293557
11,DG-DMS,expert,DG,0,1.501693
11,DG-DMS,expert,DG,1,1.010099
11,DG-DMS,expert,DG,2,1.058075
11,DG-DMS,expert,DG,3,1.271438
11,DG-DMS,expert,DG,4,1.314997
11,DG-DMS,expert,DG,5,0.994596
11,DG-DMS,expert,DMS,0,0.6528
11,DG-DMS,expert,DMS,1,0.420677
11,DG-DMS,expert,DMS,2,0.59623
11,DG-DMS,expert,DMS,3,0.625028
11,DG-DMS,expert,DMS,4,0.423529
11,DG-DMS,expert,DMS,5,0.631853
11,DG-DMS,expert,DMS,6,0.554617
11,DG-DMS,expert,DMS,7,0.757355
11,DG-DMS,expert,DMS,8,1.092879
11,DG-DMS,expert,DMS,9,0.312078
11,DG-DMS,expert,DMS,10,0.287593
11,DG-DMS,expert,DMS,11,0.187045
11,DG-DMS,expert,DMS,12,1.229108
11,DG-DMS,expert,DMS,13,0.535822
11,DG-DMS,expert,DMS,14,0.954272
11,DG-DMS,expert,DMS,15,1.237412
11,DG-DMS,expert,DMS,16,1.206795
11,DG-DMS,expert,DMS,17,1.249731
11,DG-DMS,expert,DMS,18,0.991068
11,DG-DMS,expert,DMS,19,1.438323
11,DG-DLS,naive,DG,0,0.390284
11,DG-DLS,naive,DG,1,1.160843
11,DG-DLS,naive,DG,2,3.810035
11,DG-DLS,naive,DG,3,0.897646
11,DG-DLS,naive,DG,4,1.252242
11,DG-DLS,naive,DG,5,1.080268
11,DG-DLS,naive,DLS,0,1.622367
11,DG-DLS,naive,DLS,1,0.933653
11,DG-DLS,naive,DLS,2,3.395499
11,DG-DLS,naive,DLS,3,0.711878
11,DG-DLS,naive,DLS,4,0.689357
11,DG-DLS,intermediate,DG,0,0.630911
11,DG-DLS,intermediate,DG,1,0.959523
11,DG-DLS,intermediate,DG,2,1.002866
11,DG-DLS,intermediate,DG,3,1.158231
11,DG-DLS,intermediate,DG,4,0.793821
11,DG-DLS,intermediate,DG,5,1.048192
11,DG-DLS,intermediate,DLS,0,1.104241
11,DG-DLS,intermediate,DLS,1,0.899358
11,DG-DLS,intermediate,DLS,2,6.440821
11,DG-DLS,intermediate,DLS,3,1.238515
11,DG-DLS,intermediate,DLS,4,0.0
11,DG-DLS,expert,DG,0,1.020887
11,DG-DLS,expert,DG,1,1.010099
11,DG-DLS,expert,DG,2,1.058075
11,DG-DLS,expert,DG,3,1.165034
11,DG-DLS,expert,DG,4,1.111593
11,DG-DLS,expert,DG,5,0.98275
11,DG-DLS,expert,DLS,0,0.794257
11,DG-DLS,expert,DLS,1,0.590911
11,DG-DLS,expert,DLS,2,5.807813
11,DG-DLS,expert,DLS,3,1.750067
11,DG-DLS,expert,DLS,4,1.492882
11,DG-ACC,naive,DG,0,0.535139
11,DG-ACC,naive,DG,1,1.175522
11,DG-ACC,naive,DG,2,4.090724
11,DG-ACC,naive,DG,3,0.988603
11,DG-ACC,naive,DG,4,1.255978
11,DG-ACC,naive,DG,5,1.200192
11,DG-ACC,naive,ACC,0,0.00926
11,DG-ACC,naive,ACC,1,0.008184
11,DG-ACC,naive,ACC,2,0.0494
11,DG-ACC,naive,ACC,3,0.202048
11,DG-ACC,naive,ACC,4,0.031955
11,DG-ACC,naive,ACC,5,0.019108
11,DG-ACC,naive,ACC,6,0.542323
11,DG-ACC,naive,ACC,7,0.531022
11,DG-ACC,naive,ACC,8,0.021653
11,DG-ACC,naive,ACC,9,0.634134
11,DG-ACC,naive,ACC,10,0.040957
11,DG-ACC,naive,ACC,11,0.042394
11,DG-ACC,naive,ACC,12,0.049581
11,DG-ACC,naive,ACC,13,0.104903
11,DG-ACC,naive,ACC,14,0.014285
11,DG-ACC,naive,ACC,15,0.222967
11,DG-ACC,naive,ACC,16,0.010277
11,DG-ACC,naive,ACC,17,0.020809
11,DG-ACC,naive,ACC,18,0.27877
11,DG-ACC,naive,ACC,19,0.471406
11,DG-ACC,naive,ACC,20,0.18886
11,DG-ACC,naive,ACC,21,0.008823
11,DG-ACC,naive,ACC,22,0.036829
11,DG-ACC,naive,ACC,23,0.299573
11,DG-ACC,naive,ACC,24,0.247314
11,DG-ACC,naive,ACC,25,0.071951
11,DG-ACC,naive,ACC,26,0.051093
11,DG-ACC,naive,ACC,27,0.546221
11,DG-ACC,naive,ACC,28,0.13092
11,DG-ACC,naive,ACC,29,0.312999
11,DG-ACC,naive,ACC,30,0.028273
11,DG-ACC,naive,ACC,31,0.027299
11,DG-ACC,naive,ACC,32,0.029178
11,DG-ACC,naive,ACC,33,0.019593
11,DG-ACC,naive,ACC,34,0.016834
11,DG-ACC,naive,ACC,35,0.017694
11,DG-ACC,naive,ACC,36,0.043207
11,DG-ACC,naive,ACC,37,0.124136
11,DG-ACC,naive,ACC,38,0.236869
11,DG-ACC,naive,ACC,39,0.030729
11,DG-ACC,naive,ACC,40,0.395817
11,DG-ACC,naive,ACC,41,0.008246
11,DG-ACC,naive,ACC,42,0.2496
11,DG-ACC,naive,ACC,43,0.008439
11,DG-ACC,naive,ACC,44,0.155481
11,DG-ACC,naive,ACC,45,0.0
11,DG-ACC,naive,ACC,46,0.014808
11,DG-ACC,naive,ACC,47,0.062282
11,DG-ACC,naive,ACC,48,0.352711
11,DG-ACC,naive,ACC,49,0.077376
11,DG-ACC,naive,ACC,50,0.122993
11,DG-ACC,naive,ACC,51,0.649706
11,DG-ACC,naive,ACC,52,0.015175
11,DG-ACC,naive,ACC,53,0.063124
11,DG-ACC,naive,ACC,54,0.024282
11,DG-ACC,naive,ACC,55,0.071101
11,DG-ACC,naive,ACC,56,0.038032
11,DG-ACC,naive,ACC,57,0.217793
11,DG-ACC,naive,ACC,58,0.052726
11,DG-ACC,naive,ACC,59,0.165279
11,DG-ACC,naive,ACC,60,0.184084
11,DG-ACC,naive,ACC,61,0.016647
11,DG-ACC,naive,ACC,62,0.374624
11,DG-ACC,naive,ACC,63,0.026664
11,DG-ACC,naive,ACC,64,0.324561
11,DG-ACC,naive,ACC,65,0.008806
11,DG-ACC,naive,ACC,66,0.035435
11,DG-ACC,intermediate,DG,0,1.120859
11,DG-ACC,intermediate,DG,1,1.053859
11,DG-ACC,intermediate,DG,2,1.085678
11,DG-ACC,intermediate,DG,3,1.190171
11,DG-ACC,intermediate,DG,4,1.644264
11,DG-ACC,intermediate,DG,5,1.063885
11,DG-ACC,intermediate,ACC,0,0.290826
11,DG-ACC,intermediate,ACC,1,0.332358
11,DG-ACC,intermediate,ACC,2,0.073958
11,DG-ACC,intermediate,ACC,3,0.142863
11,DG-ACC,intermediate,ACC,4,0.116675
11,DG-ACC,intermediate,ACC,5,0.270138
11,DG-ACC,intermediate,ACC,6,0.142428
11,DG-ACC,intermediate,ACC,7,0.029732
11,DG-ACC,intermediate,ACC,8,0.214571
11,DG-ACC,intermediate,ACC,9,0.548034
11,DG-ACC,intermediate,ACC,10,0.051668
11,DG-ACC,intermediate,ACC,11,0.457439
11,DG-ACC,intermediate,ACC,12,0.014341
11,DG-ACC,intermediate,ACC,13,0.048623
11,DG-ACC,intermediate,ACC,14,0.063162
11,DG-ACC,intermediate,ACC,15,0.070505
11,DG-ACC,intermediate,ACC,16,0.720906
11,DG-ACC,intermediate,ACC,17,0.030316
11,DG-ACC,intermediate,ACC,18,0.012144
11,DG-ACC,intermediate,ACC,19,0.099261
11,DG-ACC,intermediate,ACC,20,0.085284
11,DG-ACC,intermediate,ACC,21,0.378033
11,DG-ACC,intermediate,ACC,22,0.191337
11,DG-ACC,intermediate,ACC,23,0.045124
11,DG-ACC,intermediate,ACC,24,0.002767
11,DG-ACC,intermediate,ACC,25,0.343575
11,DG-ACC,intermediate,ACC,26,0.067858
11,DG-ACC,intermediate,ACC,27,0.05555
11,DG-ACC,intermediate,ACC,28,0.084165
11,DG-ACC,intermediate,ACC,29,0.025237
11,DG-ACC,intermediate,ACC,30,0.081327
11,DG-ACC,intermediate,ACC,31,0.091539
11,DG-ACC,intermediate,ACC,32,0.241091
11,DG-ACC,intermediate,ACC,33,0.202782
11,DG-ACC,intermediate,ACC,34,0.023479
11,DG-ACC,intermediate,ACC,35,0.094075
11,DG-ACC,intermediate,ACC,36,0.378345
11,DG-ACC,intermediate,ACC,37,0.049277
11,DG-ACC,intermediate,ACC,38,0.273256
11,DG-ACC,intermediate,ACC,39,0.272412
11,DG-ACC,intermediate,ACC,40,0.088696
11,DG-ACC,intermediate,ACC,41,0.26575
11,DG-ACC,intermediate,ACC,42,0.276303
11,DG-ACC,intermediate,ACC,43,0.05241
11,DG-ACC,intermediate,ACC,44,0.001334
11,DG-ACC,intermediate,ACC,45,0.0
11,DG-ACC,intermediate,ACC,46,0.28933
11,DG-ACC,intermediate,ACC,47,0.525595
11,DG-ACC,intermediate,ACC,48,0.064173
11,DG-ACC,intermediate,ACC,49,0.01853
11,DG-ACC,intermediate,ACC,50,0.058237
11,DG-ACC,intermediate,ACC,51,0.013726
11,DG-ACC,intermediate,ACC,52,0.056651
11,DG-ACC,intermediate,ACC,53,0.390591
11,DG-ACC,intermediate,ACC,54,0.218799
11,DG-ACC,intermediate,ACC,55,0.089544
11,DG-ACC,intermediate,ACC,56,0.024759
11,DG-ACC,intermediate,ACC,57,0.0
11,DG-ACC,intermediate,ACC,58,0.018052
11,DG-ACC,intermediate,ACC,59,0.016953
11,DG-ACC,intermediate,ACC,60,0.006696
11,DG-ACC,intermediate,ACC,61,0.521392
11,DG-ACC,intermediate,ACC,62,0.148855
11,DG-ACC,intermediate,ACC,63,0.002392
11,DG-ACC,intermediate,ACC,64,0.365683
11,DG-ACC,intermediate,ACC,65,0.073566
11,DG-ACC,intermediate,ACC,66,0.076347
11,DG-ACC,expert,DG,0,1.501693
11,DG-ACC,expert,DG,1,1.010099
11,DG-ACC,expert,DG,2,1.058075
11,DG-ACC,expert,DG,3,1.271438
11,DG-ACC,expert,DG,4,1.314997
11,DG-ACC,expert,DG,5,0.994596
11,DG-ACC,expert,ACC,0,0.308206
11,DG-ACC,expert,ACC,1,0.132139
11,DG-ACC,expert,ACC,2,0.107863
11,DG-ACC,expert,ACC,3,0.04663
11,DG-ACC,expert,ACC,4,0.233766
11,DG-ACC,expert,ACC,5,0.352299
11,DG-ACC,expert,ACC,6,0.052555
11,DG-ACC,expert,ACC,7,0.028367
11,DG-ACC,expert,ACC,8,0.04259
11,DG-ACC,expert,ACC,9,0.544751
11,DG-ACC,expert,ACC,10,0.043699
11,DG-ACC,expert,ACC,11,0.421212
11,DG-ACC,expert,ACC,12,0.051751
11,DG-ACC,expert,ACC,13,0.103285
11,DG-ACC,expert,ACC,14,0.075808
11,DG-ACC,expert,ACC,15,0.086049
11,DG-ACC,expert,ACC,16,0.085777
11,DG-ACC,expert,ACC,17,0.094372
11,DG-ACC,expert,ACC,18,0.045627
11,DG-ACC,expert,ACC,19,0.15534
11,DG-ACC,expert,ACC,20,0.041615
11,DG-ACC,expert,ACC,21,0.258387
11,DG-ACC,expert,ACC,22,0.156373
11,DG-ACC,expert,ACC,23,0.077079
11,DG-ACC,expert,ACC,24,0.005148
11,DG-ACC,expert,ACC,25,0.122017
11,DG-ACC,expert,ACC,26,0.049401
11,DG-ACC,expert,ACC,27,0.113842
11,DG-ACC,expert,ACC,28,0.030915
11,DG-ACC,expert,ACC,29,0.043099
11,DG-ACC,expert,ACC,30,0.046874
11,DG-ACC,expert,ACC,31,0.12628
11,DG-ACC,expert,ACC,32,0.32042
11,DG-ACC,expert,ACC,33,0.176269
11,DG-ACC,expert,ACC,34,0.020239
11,DG-ACC,expert,ACC,35,0.069669
11,DG-ACC,expert,ACC,36,0.416611
11,DG-ACC,expert,ACC,37,0.52954
11,DG-ACC,expert,ACC,38,0.066765
11,DG-ACC,expert,ACC,39,0.12249
11,DG-ACC,expert,ACC,40,0.116678
11,DG-ACC,expert,ACC,41,0.089955
11,DG-ACC,expert,ACC,42,0.039894
11,DG-ACC,expert,ACC,43,0.245469
11,DG-ACC,expert,ACC,44,0.210303
11,DG-ACC,expert,ACC,45,0.367749
11,DG-ACC,expert,ACC,46,0.139243
11,DG-ACC,expert,ACC,47,0.148552
11,DG-ACC,expert,ACC,48,0.035041
11,DG-ACC,expert,ACC,49,0.026839
11,DG-ACC,expert,ACC,50,0.054035
11,DG-ACC,expert,ACC,51,0.015994
11,DG-ACC,expert,ACC,52,0.107646
11,DG-ACC,expert,ACC,53,0.661804
11,DG-ACC,expert,ACC,54,0.3477
11,DG-ACC,expert,ACC,55,0.038902
11,DG-ACC,expert,ACC,56,0.036001
11,DG-ACC,expert,ACC,57,0.153545
11,DG-ACC,expert,ACC,58,0.029202
11,DG-ACC,expert,ACC,59,0.396372
11,DG-ACC,expert,ACC,60,0.022152
11,DG-ACC,expert,ACC,61,0.282584
11,DG-ACC,expert,ACC,62,0.352095
11,DG-ACC,expert,ACC,63,0.042243
11,DG-ACC,expert,ACC,64,0.327148
11,DG-ACC,expert,ACC,65,0.472
11,DG-ACC,expert,ACC,66,0.663488
11,DG-V1,naive,DG,0,0.535139
11,DG-V1,naive,DG,1,1.175522
11,DG-V1,naive,DG,2,4.090724
11,DG-V1,naive,DG,3,0.988603
11,DG-V1,naive,DG,4,1.255978
11,DG-V1,naive,DG,5,1.200192
11,DG-V1,naive,V1,0,0.016755
11,DG-V1,naive,V1,1,0.365995
11,DG-V1,naive,V1,2,0.728808
11,DG-V1,naive,V1,3,0.118856
11,DG-V1,naive,V1,4,0.30343
11,DG-V1,naive,V1,5,0.065168
11,DG-V1,naive,V1,6,0.100148
11,DG-V1,naive,V1,7,0.537445
11,DG-V1,naive,V1,8,0.073072
11,DG-V1,naive,V1,9,0.029573
11,DG-V1,naive,V1,10,0.509981
11,DG-V1,naive,V1,11,0.374627
11,DG-V1,naive,V1,12,0.150558
11,DG-V1,naive,V1,13,0.058907
11,DG-V1,naive,V1,14,0.230948
11,DG-V1,naive,V1,15,0.020277
11,DG-V1,naive,V1,16,0.878119
11,DG-V1,naive,V1,17,0.065125
11,DG-V1,naive,V1,18,0.245655
11,DG-V1,naive,V1,19,0.030775
11,DG-V1,naive,V1,20,0.200394
11,DG-V1,naive,V1,21,0.080951
11,DG-V1,naive,V1,22,0.042324
11,DG-V1,naive,V1,23,0.030899
11,DG-V1,naive,V1,24,0.027962
11,DG-V1,naive,V1,25,0.332839
11,DG-V1,naive,V1,26,0.004417
11,DG-V1,naive,V1,27,0.036386
11,DG-V1,naive,V1,28,0.007688
11,DG-V1,naive,V1,29,0.005429
11,DG-V1,naive,V1,30,0.03356
11,DG-V1,naive,V1,31,0.099483
11,DG-V1,naive,V1,32,0.013703
11,DG-V1,naive,V1,33,0.005947
11,DG-V1,naive,V1,34,0.418411
11,DG-V1,naive,V1,35,0.11046
11,DG-V1,naive,V1,36,0.042359
11,DG-V1,naive,V1,37,0.162003
11,DG-V1,naive,V1,38,0.035517
11,DG-V1,naive,V1,39,0.0
11,DG-V1,naive,V1,40,0.392928
11,DG-V1,naive,V1,41,0.386805
11,DG-V1,naive,V1,42,0.021065
11,DG-V1,naive,V1,43,0.046504
11,DG-V1,naive,V1,44,0.107757
11,DG-V1,naive,V1,45,0.021379
11,DG-V1,naive,V1,46,0.085576
11,DG-V1,naive,V1,47,0.011247
11,DG-V1,naive,V1,48,0.010004
11,DG-V1,naive,V1,49,0.016125
11,DG-V1,naive,V1,50,0.04975
11,DG-V1,naive,V1,51,0.008755
11,DG-V1,naive,V1,52,0.040632
11,DG-V1,naive,V1,53,0.472404
11,DG-V1,naive,V1,54,0.470964
11,DG-V1,naive,V1,55,0.034979
11,DG-V1,naive,V1,56,0.054405
11,DG-V1,naive,V1,57,0.293994
11,DG-V1,naive,V1,58,0.95046
11,DG-V1,naive,V1,59,0.023232
11,DG-V1,naive,V1,60,0.002289
11,DG-V1,naive,V1,61,0.002031
11,DG-V1,naive,V1,62,0.10596
11,DG-V1,naive,V1,63,0.047791
11,DG-V1,naive,V1,64,0.030763
11,DG-V1,naive,V1,65,0.073703
11,DG-V1,naive,V1,66,0.109891
11,DG-V1,intermediate,DG,0,1.120859
11,DG-V1,intermediate,DG,1,1.053859
11,DG-V1,intermediate,DG,2,1.085678
11,DG-V1,intermediate,DG,3,1.190171
11,DG-V1,intermediate,DG,4,1.644264
11,DG-V1,intermediate,DG,5,1.063885
11,DG-V1,intermediate,V1,0,0.434645
11,DG-V1,intermediate,V1,1,0.296016
11,DG-V1,intermediate,V1,2,0.445836
11,DG-V1,intermediate,V1,3,0.258892
11,DG-V1,intermediate,V1,4,0.39424
11,DG-V1,intermediate,V1,5,0.257097
11,DG-V1,intermediate,V1,6,0.333323
11,DG-V1,intermediate,V1,7,0.189319
11,DG-V1,intermediate,V1,8,0.251138
11,DG-V1,intermediate,V1,9,0.246722
11,DG-V1,intermediate,V1,10,0.506454
11,DG-V1,intermediate,V1,11,0.087031
11,DG-V1,intermediate,V1,12,0.027845
11,DG-V1,intermediate,V1,13,0.119714
11,DG-V1,intermediate,V1,14,0.198656
11,DG-V1,intermediate,V1,15,0.220741
11,DG-V1,intermediate,V1,16,0.048283
11,DG-V1,intermediate,V1,17,0.097348
11,DG-V1,intermediate,V1,18,0.115129
11,DG-V1,intermediate,V1,19,0.286242
11,DG-V1,intermediate,V1,20,0.275749
11,DG-V1,intermediate,V1,21,0.104524
11,DG-V1,intermediate,V1,22,0.04191
11,DG-V1,intermediate,V1,23,0.293171
11,DG-V1,intermediate,V1,24,0.093853
11,DG-V1,intermediate,V1,25,0.12582
11,DG-V1,intermediate,V1,26,0.218655
11,DG-V1,intermediate,V1,27,0.375361
11,DG-V1,intermediate,V1,28,0.151837
11,DG-V1,intermediate,V1,29,0.034395
11,DG-V1,intermediate,V1,30,0.748471
11,DG-V1,intermediate,V1,31,0.410571
11,DG-V1,intermediate,V1,32,0.028854
11,DG-V1,intermediate,V1,33,0.101669
11,DG-V1,intermediate,V1,34,0.690318
11,DG-V1,intermediate,V1,35,0.04447
11,DG-V1,intermediate,V1,36,0.0
11,DG-V1,intermediate,V1,37,0.399948
11,DG-V1,intermediate,V1,38,0.009322
11,DG-V1,intermediate,V1,39,0.13467
11,DG-V1,intermediate,V1,40,0.361897
11,DG-V1,intermediate,V1,41,0.155004
11,DG-V1,intermediate,V1,42,0.235424
11,DG-V1,intermediate,V1,43,0.027208
11,DG-V1,intermediate,V1,44,0.177608
11,DG-V1,intermediate,V1,45,0.192058
11,DG-V1,intermediate,V1,46,0.177437
11,DG-V1,intermediate,V1,47,0.058871
11,DG-V1,intermediate,V1,48,0.320529
11,DG-V1,intermediate,V1,49,0.023116
11,DG-V1,intermediate,V1,50,0.159603
11,DG-V1,intermediate,V1,51,0.032492
11,DG-V1,intermediate,V1,52,0.137345
11,DG-V1,intermediate,V1,53,0.244584
11,DG-V1,intermediate,V1,54,0.116963
11,DG-V1,intermediate,V1,55,0.147551
11,DG-V1,intermediate,V1,56,0.013577
11,DG-V1,intermediate,V1,57,0.601205
11,DG-V1,intermediate,V1,58,0.581137
11,DG-V1,intermediate,V1,59,0.702198
11,DG-V1,intermediate,V1,60,0.009036
11,DG-V1,intermediate,V1,61,0.096062
11,DG-V1,intermediate,V1,62,0.296063
11,DG-V1,intermediate,V1,63,0.216203
11,DG-V1,intermediate,V1,64,0.096777
11,DG-V1,intermediate,V1,65,0.143774
11,DG-V1,intermediate,V1,66,0.062752
11,DG-V1,expert,DG,0,1.501693
11,DG-V1,expert,DG,1,1.010099
11,DG-V1,expert,DG,2,1.058075
11,DG-V1,expert,DG,3,1.271438
11,DG-V1,expert,DG,4,1.314997
11,DG-V1,expert,DG,5,0.994596
11,DG-V1,expert,V1,0,0.298738
11,DG-V1,expert,V1,1,0.190916
11,DG-V1,expert,V1,2,0.062432
11,DG-V1,expert,V1,3,0.332389
11,DG-V1,expert,V1,4,0.586414
11,DG-V1,expert,V1,5,0.348765
11,DG-V1,expert,V1,6,0.301244
11,DG-V1,expert,V1,7,0.1707
11,DG-V1,expert,V1,8,0.341338
11,DG-V1,expert,V1,9,0.089807
11,DG-V1,expert,V1,10,0.147991
11,DG-V1,expert,V1,11,0.040876
11,DG-V1,expert,V1,12,0.023092
11,DG-V1,expert,V1,13,0.304557
11,DG-V1,expert,V1,14,0.021905
11,DG-V1,expert,V1,15,0.609564
11,DG-V1,expert,V1,16,0.096594
11,DG-V1,expert,V1,17,0.127053
11,DG-V1,expert,V1,18,0.059989
11,DG-V1,expert,V1,19,0.129007
11,DG-V1,expert,V1,20,0.121479
11,DG-V1,expert,V1,21,0.08785
11,DG-V1,expert,V1,22,0.163082
11,DG-V1,expert,V1,23,0.398573
11,DG-V1,expert,V1,24,0.072423
11,DG-V1,expert,V1,25,0.159801
11,DG-V1,expert,V1,26,0.243624
11,DG-V1,expert,V1,27,0.300733
11,DG-V1,expert,V1,28,0.348784
11,DG-V1,expert,V1,29,0.030088
11,DG-V1,expert,V1,30,0.520163
11,DG-V1,expert,V1,31,0.359913
11,DG-V1,expert,V1,32,0.018674
11,DG-V1,expert,V1,33,0.100204
11,DG-V1,expert,V1,34,0.185622
11,DG-V1,expert,V1,35,0.104931
11,DG-V1,expert,V1,36,1e-06
11,DG-V1,expert,V1,37,0.036164
11,DG-V1,expert,V1,38,0.005966
11,DG-V1,expert,V1,39,0.127459
11,DG-V1,expert,V1,40,0.25254
11,DG-V1,expert,V1,41,0.362816
11,DG-V1,expert,V1,42,0.064758
11,DG-V1,expert,V1,43,0.012114
11,DG-V1,expert,V1,44,0.523256
11,DG-V1,expert,V1,45,0.080099
11,DG-V1,expert,V1,46,0.11368
11,DG-V1,expert,V1,47,0.344276
11,DG-V1,expert,V1,48,0.253278
11,DG-V1,expert,V1,49,0.336808
11,DG-V1,expert,V1,50,0.333452
11,DG-V1,expert,V1,51,0.149445
11,DG-V1,expert,V1,52,0.670652
11,DG-V1,expert,V1,53,0.048424
11,DG-V1,expert,V1,54,0.073392
11,DG-V1,expert,V1,55,0.020518
11,DG-V1,expert,V1,56,0.007212
11,DG-V1,expert,V1,57,0.036782
11,DG-V1,expert,V1,58,0.686995
11,DG-V1,expert,V1,59,0.029537
11,DG-V1,expert,V1,60,0.030124
11,DG-V1,expert,V1,61,0.031976
11,DG-V1,expert,V1,62,0.244732
11,DG-V1,expert,V1,63,0.237353
11,DG-V1,expert,V1,64,0.064048
11,DG-V1,expert,V1,65,0.756076
11,DG-V1,expert,V1,66,0.079212
11,DG-CA1,naive,DG,0,0.535139
11,DG-CA1,naive,DG,1,1.175522
11,DG-CA1,naive,DG,2,4.090724
11,DG-CA1,naive,DG,3,0.988603
11,DG-CA1,naive,DG,4,1.255978
11,DG-CA1,naive,DG,5,1.200192
11,DG-CA1,naive,CA1,0,0.0458
11,DG-CA1,naive,CA1,1,0.61135
11,DG-CA1,naive,CA1,2,0.095089
11,DG-CA1,naive,CA1,3,1.029465
11,DG-CA1,naive,CA1,4,0.012075
11,DG-CA1,naive,CA1,5,0.871043
11,DG-CA1,naive,CA1,6,1.013934
11,DG-CA1,naive,CA1,7,0.091052
11,DG-CA1,naive,CA1,8,0.068592
11,DG-CA1,naive,CA1,9,0.803191
11,DG-CA1,naive,CA1,10,1.514253
11,DG-CA1,naive,CA1,11,0.016868
11,DG-CA1,naive,CA1,12,0.674936
11,DG-CA1,naive,CA1,13,0.065593
11,DG-CA1,naive,CA1,14,0.29901
11,DG-CA1,naive,CA1,15,0.449366
11,DG-CA1,naive,CA1,16,0.0
11,DG-CA1,naive,CA1,17,0.39764
11,DG-CA1,naive,CA1,18,0.530061
11,DG-CA1,naive,CA1,19,0.61809
11,DG-CA1,naive,CA1,20,0.715663
11,DG-CA1,naive,CA1,21,0.322584
11,DG-CA1,naive,CA1,22,0.863455
11,DG-CA1,naive,CA1,23,0.206686
11,DG-CA1,naive,CA1,24,0.30708
11,DG-CA1,naive,CA1,25,0.246676
11,DG-CA1,naive,CA1,26,0.078161
11,DG-CA1,naive,CA1,27,0.347352
11,DG-CA1,intermediate,DG,0,1.120859
11,DG-CA1,intermediate,DG,1,1.053859
11,DG-CA1,intermediate,DG,2,1.085678
11,DG-CA1,intermediate,DG,3,1.190171
11,DG-CA1,intermediate,DG,4,1.644264
11,DG-CA1,intermediate,DG,5,1.063885
11,DG-CA1,intermediate,CA1,0,0.370333
11,DG-CA1,intermediate,CA1,1,0.716181
11,DG-CA1,intermediate,CA1,2,0.295266
11,DG-CA1,intermediate,CA1,3,0.546105
11,DG-CA1,intermediate,CA1,4,0.355036
11,DG-CA1,intermediate,CA1,5,0.146751
11,DG-CA1,intermediate,CA1,6,0.620303
11,DG-CA1,intermediate,CA1,7,0.007814
11,DG-CA1,intermediate,CA1,8,0.032658
11,DG-CA1,intermediate,CA1,9,0.387651
11,DG-CA1,intermediate,CA1,10,0.752677
11,DG-CA1,intermediate,CA1,11,0.299501
11,DG-CA1,intermediate,CA1,12,0.557766
11,DG-CA1,intermediate,CA1,13,0.468841
11,DG-CA1,intermediate,CA1,14,0.536896
11,DG-CA1,intermediate,CA1,15,0.077182
11,DG-CA1,intermediate,CA1,16,0.035723
11,DG-CA1,intermediate,CA1,17,0.112045
11,DG-CA1,intermediate,CA1,18,0.637355
11,DG-CA1,intermediate,CA1,19,0.669679
11,DG-CA1,intermediate,CA1,20,0.235478
11,DG-CA1,intermediate,CA1,21,0.414181
11,DG-CA1,intermediate,CA1,22,0.37229
11,DG-CA1,intermediate,CA1,23,0.290449
11,DG-CA1,intermediate,CA1,24,0.471471
11,DG-CA1,intermediate,CA1,25,0.534436
11,DG-CA1,intermediate,CA1,26,0.027202
11,DG-CA1,intermediate,CA1,27,0.453672
11,DG-CA1,expert,DG,0,1.501693
11,DG-CA1,expert,DG,1,1.010099
11,DG-CA1,expert,DG,2,1.058075
11,DG-CA1,expert,DG,3,1.271438
11,DG-CA1,expert,DG,4,1.314997
11,DG-CA1,expert,DG,5,0.994596
11,DG-CA1,expert,CA1,0,0.589838
11,DG-CA1,expert,CA1,1,0.579838
11,DG-CA1,expert,CA1,2,0.19328
11,DG-CA1,expert,CA1,3,0.82156
11,DG-CA1,expert,CA1,4,0.42567
11,DG-CA1,expert,CA1,5,0.494476
11,DG-CA1,expert,CA1,6,0.524716
11,DG-CA1,expert,CA1,7,0.249226
11,DG-CA1,expert,CA1,8,0.036379
11,DG-CA1,expert,CA1,9,0.43285
11,DG-CA1,expert,CA1,10,0.582187
11,DG-CA1,expert,CA1,11,0.12638
11,DG-CA1,expert,CA1,12,0.451257
11,DG-CA1,expert,CA1,13,0.437933
11,DG-CA1,expert,CA1,14,0.506212
11,DG-CA1,expert,CA1,15,0.279207
11,DG-CA1,expert,CA1,16,0.011621
11,DG-CA1,expert,CA1,17,0.091704
11,DG-CA1,expert,CA1,18,0.642168
11,DG-CA1,expert,CA1,19,0.353716
11,DG-CA1,expert,CA1,20,0.304178
11,DG-CA1,expert,CA1,21,0.074696
11,DG-CA1,expert,CA1,22,0.456119
11,DG-CA1,expert,CA1,23,0.355481
11,DG-CA1,expert,CA1,24,0.266621
11,DG-CA1,expert,CA1,25,0.092039
11,DG-CA1,expert,CA1,26,0.023085
11,DG-CA1,expert,CA1,27,0.12234
13,DMS-DLS,naive,DMS,0,11.121835
13,DMS-DLS,naive,DMS,1,2.162294
13,DMS-DLS,naive,DMS,2,8.799677
13,DMS-DLS,naive,DMS,3,2.799077
13,DMS-DLS,naive,DMS,4,8.642533
13,DMS-DLS,naive,DMS,5,1.815031
13,DMS-DLS,naive,DMS,6,2.038839
13,DMS-DLS,naive,DMS,7,0.0
13,DMS-DLS,naive,DLS,0,13.155129
13,DMS-DLS,naive,DLS,1,10.901947
13,DMS-DLS,naive,DLS,2,5.858801
13,DMS-DLS,naive,DLS,3,11.350758
13,DMS-DLS,naive,DLS,4,23.25193
13,DMS-DLS,naive,DLS,5,1.061745
13,DMS-DLS,intermediate,DMS,0,8.808048
13,DMS-DLS,intermediate,DMS,1,1.73426
13,DMS-DLS,intermediate,DMS,2,6.823709
13,DMS-DLS,intermediate,DMS,3,1.598201
13,DMS-DLS,intermediate,DMS,4,1.254475
13,DMS-DLS,intermediate,DMS,5,1.223687
13,DMS-DLS,intermediate,DMS,6,9.654726
13,DMS-DLS,intermediate,DMS,7,0.0
13,DMS-DLS,intermediate,DLS,0,0.793027
13,DMS-DLS,intermediate,DLS,1,7.017646
13,DMS-DLS,intermediate,DLS,2,1.502383
13,DMS-DLS,intermediate,DLS,3,1.621309
13,DMS-DLS,intermediate,DLS,4,0.0
13,DMS-DLS,intermediate,DLS,5,0.786587
13,DMS-DLS,expert,DMS,0,7.363071
13,DMS-DLS,expert,DMS,1,1.561188
13,DMS-DLS,expert,DMS,2,1.630062
13,DMS-DLS,expert,DMS,3,1.000264
13,DMS-DLS,expert,DMS,4,4.605243
13,DMS-DLS,expert,DMS,5,0.9016
13,DMS-DLS,expert,DMS,6,5.950035
13,DMS-DLS,expert,DMS,7,0.0
13,DMS-DLS,expert,DLS,0,0.589891
13,DMS-DLS,expert,DLS,1,6.813221
13,DMS-DLS,expert,DLS,2,0.984811
13,DMS-DLS,expert,DLS,3,0.848107
13,DMS-DLS,expert,DLS,4,16.898855
13,DMS-DLS,expert,DLS,5,0.662404
13,DMS-ACC,naive,DMS,0,12.000519
13,DMS-ACC,naive,DMS,1,2.189109
13,DMS-ACC,naive,DMS,2,12.067495
13,DMS-ACC,naive,DMS,3,3.033698
13,DMS-ACC,naive,DMS,4,8.798216
13,DMS-ACC,naive,DMS,5,1.833186
13,DMS-ACC,naive,DMS,6,2.234157
13,DMS-ACC,naive,DMS,7,0.0
13,DMS-ACC,naive,ACC,0,1.925671
13,DMS-ACC,naive,ACC,1,6.974507
13,DMS-ACC,naive,ACC,2,1.138818
13,DMS-ACC,naive,ACC,3,2.228197
13,DMS-ACC,naive,ACC,4,6.647802
13,DMS-ACC,naive,ACC,5,0.981741
13,DMS-ACC,naive,ACC,6,2.730858
13,DMS-ACC,intermediate,DMS,0,11.146708
13,DMS-ACC,intermediate,DMS,1,1.756007
13,DMS-ACC,intermediate,DMS,2,10.512759
13,DMS-ACC,intermediate,DMS,3,1.614247
13,DMS-ACC,intermediate,DMS,4,4.457918
13,DMS-ACC,intermediate,DMS,5,1.22804
13,DMS-ACC,intermediate,DMS,6,10.03795
13,DMS-ACC,intermediate,DMS,7,0.0
13,DMS-ACC,intermediate,ACC,0,1.619809
13,DMS-ACC,intermediate,ACC,1,4.401936
13,DMS-ACC,intermediate,ACC,2,0.787975
13,DMS-ACC,intermediate,ACC,3,2.431757
13,DMS-ACC,intermediate,ACC,4,4.393036
13,DMS-ACC,intermediate,ACC,5,0.692554
13,DMS-ACC,intermediate,ACC,6,1.915226
13,DMS-ACC,expert,DMS,0,7.515052
13,DMS-ACC,expert,DMS,1,1.588345
13,DMS-ACC,expert,DMS,2,3.773101
13,DMS-ACC,expert,DMS,3,1.019181
13,DMS-ACC,expert,DMS,4,4.652221
13,DMS-ACC,expert,DMS,5,0.901754
13,DMS-ACC,expert,DMS,6,6.165626
13,DMS-ACC,expert,DMS,7,0.0
13,DMS-ACC,expert,ACC,0,1.536537
13,DMS-ACC,expert,ACC,1,2.640257
13,DMS-ACC,expert,ACC,2,0.925922
13,DMS-ACC,expert,ACC,3,1.599883
13,DMS-ACC,expert,ACC,4,2.982736
13,DMS-ACC,expert,ACC,5,0.674496
13,DMS-ACC,expert,ACC,6,1.714832
13,DLS-ACC,naive,DLS,0,13.155129
13,DLS-ACC,naive,DLS,1,10.901947
13,DLS-ACC,naive,DLS,2,5.858801
13,DLS-ACC,naive,DLS,3,11.350758
13,DLS-ACC,naive,DLS,4,23.25193
13,DLS-ACC,naive,DLS,5,1.061745
13,DLS-ACC,naive,ACC,0,1.919419
13,DLS-ACC,naive,ACC,1,4.405308
13,DLS-ACC,naive,ACC,2,1.101832
13,DLS-ACC,naive,ACC,3,2.053997
13,DLS-ACC,naive,ACC,4,6.642462
13,DLS-ACC,naive,ACC,5,0.981061
13,DLS-ACC,naive,ACC,6,2.398967
13,DLS-ACC,intermediate,DLS,0,0.793027
13,DLS-ACC,intermediate,DLS,1,7.017646
13,DLS-ACC,intermediate,DLS,2,1.502383
13,DLS-ACC,intermediate,DLS,3,1.621309
13,DLS-ACC,intermediate,DLS,4,0.0
13,DLS-ACC,intermediate,DLS,5,0.786587
13,DLS-ACC,intermediate,ACC,0,1.458049
13,DLS-ACC,intermediate,ACC,1,4.035775
13,DLS-ACC,intermediate,ACC,2,0.761142
13,DLS-ACC,intermediate,ACC,3,2.343269
13,DLS-ACC,intermediate,ACC,4,1.245398
13,DLS-ACC,intermediate,ACC,5,0.681326
13,DLS-ACC,intermediate,ACC,6,1.288453
13,DLS-ACC,expert,DLS,0,0.589891
13,DLS-ACC,expert,DLS,1,6.813221
13,DLS-ACC,expert,DLS,2,0.984811
13,DLS-ACC,expert,DLS,3,0.848107
13,DLS-ACC,expert,DLS,4,16.898855
13,DLS-ACC,expert,DLS,5,0.662404
13,DLS-ACC,expert,ACC,0,1.28072
13,DLS-ACC,expert,ACC,1,2.302866
13,DLS-ACC,expert,ACC,2,0.901365
13,DLS-ACC,expert,ACC,3,1.315998
13,DLS-ACC,expert,ACC,4,2.941615
13,DLS-ACC,expert,ACC,5,0.674206
13,DLS-ACC,expert,ACC,6,1.650944
13,V1-DMS,naive,V1,0,0.105581
13,V1-DMS,naive,V1,1,0.640618
13,V1-DMS,naive,V1,2,0.002614
13,V1-DMS,naive,V1,3,0.694264
13,V1-DMS,naive,V1,4,0.01001
13,V1-DMS,naive,V1,5,0.018019
13,V1-DMS,naive,V1,6,0.0
13,V1-DMS,naive,V1,7,0.162096
13,V1-DMS,naive,V1,8,0.074355
13,V1-DMS,naive,V1,9,0.241722
13,V1-DMS,naive,V1,10,0.651512
13,V1-DMS,naive,V1,11,0.376822
13,V1-DMS,naive,V1,12,0.049298
13,V1-DMS,naive,V1,13,0.051779
13,V1-DMS,naive,V1,14,0.305106
13,V1-DMS,naive,V1,15,0.001788
13,V1-DMS,naive,V1,16,0.067095
13,V1-DMS,naive,V1,17,0.040558
13,V1-DMS,naive,V1,18,0.028546
13,V1-DMS,naive,V1,19,0.146201
13,V1-DMS,naive,V1,20,0.020689
13,V1-DMS,naive,V1,21,0.621165
13,V1-DMS,naive,V1,22,0.588679
13,V1-DMS,naive,V1,23,0.040714
13,V1-DMS,naive,V1,24,0.243887
13,V1-DMS,naive,V1,25,0.019874
13,V1-DMS,naive,V1,26,0.242471
13,V1-DMS,naive,V1,27,0.104657
13,V1-DMS,naive,V1,28,0.702388
13,V1-DMS,naive,V1,29,0.63991
13,V1-DMS,naive,V1,30,0.055722
13,V1-DMS,naive,V1,31,0.57911
13,V1-DMS,naive,V1,32,0.01433
13,V1-DMS,naive,V1,33,0.544873
13,V1-DMS,naive,V1,34,0.004998
13,V1-DMS,naive,V1,35,0.030272
13,V1-DMS,naive,V1,36,0.227555
13,V1-DMS,naive,V1,37,0.305482
13,V1-DMS,naive,V1,38,0.421082
13,V1-DMS,naive,V1,39,0.425779
13,V1-DMS,naive,V1,40,0.029162
13,V1-DMS,naive,V1,41,0.374022
13,V1-DMS,naive,V1,42,0.149207
13,V1-DMS,naive,V1,43,0.520587
13,V1-DMS,naive,V1,44,0.0
13,V1-DMS,naive,V1,45,0.003378
13,V1-DMS,naive,V1,46,0.003141
13,V1-DMS,naive,V1,47,0.047875
13,V1-DMS,naive,V1,48,0.205889
13,V1-DMS,naive,V1,49,0.260467
13,V1-DMS,naive,V1,50,0.53507
13,V1-DMS,naive,V1,51,0.022483
13,V1-DMS,naive,V1,52,0.156912
13,V1-DMS,naive,V1,53,0.377471
13,V1-DMS,naive,V1,54,0.495907
13,V1-DMS,naive,V1,55,0.0
13,V1-DMS,naive,V1,56,0.00449
13,V1-DMS,naive,V1,57,0.265224
13,V1-DMS,naive,V1,58,0.117911
13,V1-DMS,naive,V1,59,0.026911
13,V1-DMS,naive,V1,60,0.108968
13,V1-DMS,naive,V1,61,0.035941
13,V1-DMS,naive,V1,62,0.011663
13,V1-DMS,naive,V1,63,0.039846
13,V1-DMS,naive,DMS,0,12.000519
13,V1-DMS,naive,DMS,1,2.189109
13,V1-DMS,naive,DMS,2,12.067495
13,V1-DMS,naive,DMS,3,3.033698
13,V1-DMS,naive,DMS,4,8.798216
13,V1-DMS,naive,DMS,5,1.833186
13,V1-DMS,naive,DMS,6,2.234157
13,V1-DMS,naive,DMS,7,0.0
13,V1-DMS,intermediate,V1,0,0.067954
13,V1-DMS,intermediate,V1,1,0.77198
13,V1-DMS,intermediate,V1,2,0.064479
13,V1-DMS,intermediate,V1,3,0.534353
13,V1-DMS,intermediate,V1,4,0.005881
13,V1-DMS,intermediate,V1,5,0.063433
13,V1-DMS,intermediate,V1,6,0.0
13,V1-DMS,intermediate,V1,7,0.080515
13,V1-DMS,intermediate,V1,8,0.008855
13,V1-DMS,intermediate,V1,9,0.40288
13,V1-DMS,intermediate,V1,10,0.077656
13,V1-DMS,intermediate,V1,11,0.031099
13,V1-DMS,intermediate,V1,12,0.018002
13,V1-DMS,intermediate,V1,13,0.018017
13,V1-DMS,intermediate,V1,14,0.114994
13,V1-DMS,intermediate,V1,15,0.005913
13,V1-DMS,intermediate,V1,16,0.05209
13,V1-DMS,intermediate,V1,17,0.473567
13,V1-DMS,intermediate,V1,18,0.01732
13,V1-DMS,intermediate,V1,19,0.542046
13,V1-DMS,intermediate,V1,20,0.011902
13,V1-DMS,intermediate,V1,21,0.198925
13,V1-DMS,intermediate,V1,22,0.469558
13,V1-DMS,intermediate,V1,23,0.043378
13,V1-DMS,intermediate,V1,24,0.099858
13,V1-DMS,intermediate,V1,25,0.092058
13,V1-DMS,intermediate,V1,26,0.172251
13,V1-DMS,intermediate,V1,27,0.157743
13,V1-DMS,intermediate,V1,28,0.462692
13,V1-DMS,intermediate,V1,29,0.572714
13,V1-DMS,intermediate,V1,30,0.186998
13,V1-DMS,intermediate,V1,31,0.579025
13,V1-DMS,intermediate,V1,32,0.078954
13,V1-DMS,intermediate,V1,33,0.246219
13,V1-DMS,intermediate,V1,34,0.672229
13,V1-DMS,intermediate,V1,35,0.194642
13,V1-DMS,intermediate,V1,36,0.356696
13,V1-DMS,intermediate,V1,37,0.375597
13,V1-DMS,intermediate,V1,38,0.60874
13,V1-DMS,intermediate,V1,39,0.573332
13,V1-DMS,intermediate,V1,40,0.016904
13,V1-DMS,intermediate,V1,41,0.135474
13,V1-DMS,intermediate,V1,42,0.067539
13,V1-DMS,intermediate,V1,43,0.362712
13,V1-DMS,intermediate,V1,44,0.002857
13,V1-DMS,intermediate,V1,45,0.009729
13,V1-DMS,intermediate,V1,46,0.005672
13,V1-DMS,intermediate,V1,47,0.007301
13,V1-DMS,intermediate,V1,48,0.543554
13,V1-DMS,intermediate,V1,49,0.037935
13,V1-DMS,intermediate,V1,50,0.704283
13,V1-DMS,intermediate,V1,51,0.091094
13,V1-DMS,intermediate,V1,52,0.135774
13,V1-DMS,intermediate,V1,53,0.290125
13,V1-DMS,intermediate,V1,54,0.602382
13,V1-DMS,intermediate,V1,55,0.009062
13,V1-DMS,intermediate,V1,56,0.004703
13,V1-DMS,intermediate,V1,57,0.439576
13,V1-DMS,intermediate,V1,58,0.247898
13,V1-DMS,intermediate,V1,59,0.047741
13,V1-DMS,intermediate,V1,60,0.076399
13,V1-DMS,intermediate,V1,61,0.046326
13,V1-DMS,intermediate,V1,62,0.060199
13,V1-DMS,intermediate,V1,63,0.052454
13,V1-DMS,intermediate,DMS,0,11.146708
13,V1-DMS,intermediate,DMS,1,1.756007
13,V1-DMS,intermediate,DMS,2,10.512759
13,V1-DMS,intermediate,DMS,3,1.614247
13,V1-DMS,intermediate,DMS,4,4.457918
13,V1-DMS,intermediate,DMS,5,1.22804
13,V1-DMS,intermediate,DMS,6,10.03795
13,V1-DMS,intermediate,DMS,7,0.0
13,V1-DMS,expert,V1,0,0.077168
13,V1-DMS,expert,V1,1,0.348374
13,V1-DMS,expert,V1,2,0.647229
13,V1-DMS,expert,V1,3,0.683964
13,V1-DMS,expert,V1,4,0.008046
13,V1-DMS,expert,V1,5,0.11412
13,V1-DMS,expert,V1,6,0.031665
13,V1-DMS,expert,V1,7,0.38354
13,V1-DMS,expert,V1,8,0.009949
13,V1-DMS,expert,V1,9,0.243026
13,V1-DMS,expert,V1,10,0.234654
13,V1-DMS,expert,V1,11,0.020796
13,V1-DMS,expert,V1,12,0.224914
13,V1-DMS,expert,V1,13,0.094273
13,V1-DMS,expert,V1,14,0.089117
13,V1-DMS,expert,V1,15,0.027166
13,V1-DMS,expert,V1,16,0.084652
13,V1-DMS,expert,V1,17,0.451924
13,V1-DMS,expert,V1,18,0.020805
13,V1-DMS,expert,V1,19,0.32172
13,V1-DMS,expert,V1,20,0.062315
13,V1-DMS,expert,V1,21,0.081214
13,V1-DMS,expert,V1,22,0.051162
13,V1-DMS,expert,V1,23,0.101987
13,V1-DMS,expert,V1,24,0.037471
13,V1-DMS,expert,V1,25,0.361745
13,V1-DMS,expert,V1,26,0.483414
13,V1-DMS,expert,V1,27,0.310915
13,V1-DMS,expert,V1,28,0.499655
13,V1-DMS,expert,V1,29,0.714451
13,V1-DMS,expert,V1,30,0.111699
13,V1-DMS,expert,V1,31,0.713419
13,V1-DMS,expert,V1,32,0.030243
13,V1-DMS,expert,V1,33,0.042027
13,V1-DMS,expert,V1,34,0.283158
13,V1-DMS,expert,V1,35,0.085651
13,V1-DMS,expert,V1,36,0.17295
13,V1-DMS,expert,V1,37,0.460173
13,V1-DMS,expert,V1,38,0.400369
13,V1-DMS,expert,V1,39,0.281799
13,V1-DMS,expert,V1,40,0.031499
13,V1-DMS,expert,V1,41,0.044561
13,V1-DMS,expert,V1,42,0.031248
13,V1-DMS,expert,V1,43,0.417572
13,V1-DMS,expert,V1,44,0.014708
13,V1-DMS,expert,V1,45,0.033914
13,V1-DMS,expert,V1,46,0.019108
13,V1-DMS,expert,V1,47,0.011292
13,V1-DMS,expert,V1,48,0.087675
13,V1-DMS,expert,V1,49,0.44043
13,V1-DMS,expert,V1,50,0.613409
13,V1-DMS,expert,V1,51,0.087745
13,V1-DMS,expert,V1,52,0.499465
13,V1-DMS,expert,V1,53,0.111145
13,V1-DMS,expert,V1,54,0.521712
13,V1-DMS,expert,V1,55,0.018538
13,V1-DMS,expert,V1,56,0.012892
13,V1-DMS,expert,V1,57,0.342435
13,V1-DMS,expert,V1,58,0.21311
13,V1-DMS,expert,V1,59,0.029127
13,V1-DMS,expert,V1,60,0.37169
13,V1-DMS,expert,V1,61,0.046917
13,V1-DMS,expert,V1,62,0.024277
13,V1-DMS,expert,V1,63,0.256667
13,V1-DMS,expert,DMS,0,7.515052
13,V1-DMS,expert,DMS,1,1.588345
13,V1-DMS,expert,DMS,2,3.773101
13,V1-DMS,expert,DMS,3,1.019181
13,V1-DMS,expert,DMS,4,4.652221
13,V1-DMS,expert,DMS,5,0.901754
13,V1-DMS,expert,DMS,6,6.165626
13,V1-DMS,expert,DMS,7,0.0
13,V1-DLS,naive,V1,0,0.067992
13,V1-DLS,naive,V1,1,0.348911
13,V1-DLS,naive,V1,2,0.002925
13,V1-DLS,naive,V1,3,0.472903
13,V1-DLS,naive,V1,4,0.00347
13,V1-DLS,naive,V1,5,0.031035
13,V1-DLS,naive,V1,6,0.0
13,V1-DLS,naive,V1,7,0.080713
13,V1-DLS,naive,V1,8,0.068247
13,V1-DLS,naive,V1,9,0.219726
13,V1-DLS,naive,V1,10,0.351696
13,V1-DLS,naive,V1,11,0.709124
13,V1-DLS,naive,V1,12,0.080333
13,V1-DLS,naive,V1,13,0.032288
13,V1-DLS,naive,V1,14,0.152535
13,V1-DLS,naive,V1,15,0.002834
13,V1-DLS,naive,V1,16,0.053007
13,V1-DLS,naive,V1,17,0.018715
13,V1-DLS,naive,V1,18,0.039148
13,V1-DLS,naive,V1,19,0.404119
13,V1-DLS,naive,V1,20,0.02693
13,V1-DLS,naive,V1,21,0.264048
13,V1-DLS,naive,V1,22,0.569808
13,V1-DLS,naive,V1,23,0.043728
13,V1-DLS,naive,V1,24,0.119594
13,V1-DLS,naive,V1,25,0.015613
13,V1-DLS,naive,V1,26,0.186688
13,V1-DLS,naive,V1,27,0.105478
13,V1-DLS,naive,V1,28,0.511405
13,V1-DLS,naive,V1,29,0.651342
13,V1-DLS,naive,V1,30,0.11839
13,V1-DLS,naive,V1,31,0.374567
13,V1-DLS,naive,V1,32,0.013903
13,V1-DLS,naive,V1,33,0.265696
13,V1-DLS,naive,V1,34,0.006674
13,V1-DLS,naive,V1,35,0.048715
13,V1-DLS,naive,V1,36,0.28921
13,V1-DLS,naive,V1,37,0.28139
13,V1-DLS,naive,V1,38,0.512122
13,V1-DLS,naive,V1,39,0.753503
13,V1-DLS,naive,V1,40,0.023538
13,V1-DLS,naive,V1,41,0.305123
13,V1-DLS,naive,V1,42,0.121265
13,V1-DLS,naive,V1,43,0.181595
13,V1-DLS,naive,V1,44,0.0
13,V1-DLS,naive,V1,45,0.003152
13,V1-DLS,naive,V1,46,0.002477
13,V1-DLS,naive,V1,47,0.082068
13,V1-DLS,naive,V1,48,0.135786
13,V1-DLS,naive,V1,49,0.440193
13,V1-DLS,naive,V1,50,0.501386
13,V1-DLS,naive,V1,51,0.015877
13,V1-DLS,naive,V1,52,0.17929
13,V1-DLS,naive,V1,53,0.539288
13,V1-DLS,naive,V1,54,0.673427
13,V1-DLS,naive,V1,55,0.0
13,V1-DLS,naive,V1,56,0.006432
13,V1-DLS,naive,V1,57,0.368179
13,V1-DLS,naive,V1,58,0.253271
13,V1-DLS,naive,V1,59,0.022377
13,V1-DLS,naive,V1,60,0.053871
13,V1-DLS,naive,V1,61,0.039142
13,V1-DLS,naive,V1,62,0.011446
13,V1-DLS,naive,V1,63,0.052633
13,V1-DLS,naive,DLS,0,13.155129
13,V1-DLS,naive,DLS,1,10.901947
13,V1-DLS,naive,DLS,2,5.858801
13,V1-DLS,naive,DLS,3,11.350758
13,V1-DLS,naive,DLS,4,23.25193
13,V1-DLS,naive,DLS,5,1.061745
13,V1-DLS,intermediate,V1,0,0.212014
13,V1-DLS,intermediate,V1,1,0.215829
13,V1-DLS,intermediate,V1,2,0.067464
13,V1-DLS,intermediate,V1,3,0.492736
13,V1-DLS,intermediate,V1,4,0.005213
13,V1-DLS,intermediate,V1,5,0.048678
13,V1-DLS,intermediate,V1,6,0.0
13,V1-DLS,intermediate,V1,7,0.078982
13,V1-DLS,intermediate,V1,8,0.009483
13,V1-DLS,intermediate,V1,9,0.270439
13,V1-DLS,intermediate,V1,10,0.066262
13,V1-DLS,intermediate,V1,11,0.017249
13,V1-DLS,intermediate,V1,12,0.020949
13,V1-DLS,intermediate,V1,13,0.035732
13,V1-DLS,intermediate,V1,14,0.096762
13,V1-DLS,intermediate,V1,15,0.003482
13,V1-DLS,intermediate,V1,16,0.031435
13,V1-DLS,intermediate,V1,17,0.441175
13,V1-DLS,intermediate,V1,18,0.014252
13,V1-DLS,intermediate,V1,19,0.327251
13,V1-DLS,intermediate,V1,20,0.033701
13,V1-DLS,intermediate,V1,21,0.170656
13,V1-DLS,intermediate,V1,22,0.514317
13,V1-DLS,intermediate,V1,23,0.030129
13,V1-DLS,intermediate,V1,24,0.128534
13,V1-DLS,intermediate,V1,25,0.083227
13,V1-DLS,intermediate,V1,26,0.149765
13,V1-DLS,intermediate,V1,27,0.150055
13,V1-DLS,intermediate,V1,28,0.521789
13,V1-DLS,intermediate,V1,29,0.466561
13,V1-DLS,intermediate,V1,30,0.134511
13,V1-DLS,intermediate,V1,31,0.457489
13,V1-DLS,intermediate,V1,32,0.078934
13,V1-DLS,intermediate,V1,33,0.32973
13,V1-DLS,intermediate,V1,34,0.670337
13,V1-DLS,intermediate,V1,35,0.35791
13,V1-DLS,intermediate,V1,36,0.230145
13,V1-DLS,intermediate,V1,37,0.420425
13,V1-DLS,intermediate,V1,38,0.2724
13,V1-DLS,intermediate,V1,39,0.439103
13,V1-DLS,intermediate,V1,40,0.018303
13,V1-DLS,intermediate,V1,41,0.284115
13,V1-DLS,intermediate,V1,42,0.064291
13,V1-DLS,intermediate,V1,43,0.25772
13,V1-DLS,intermediate,V1,44,0.00197
13,V1-DLS,intermediate,V1,45,0.012527
13,V1-DLS,intermediate,V1,46,0.005528
13,V1-DLS,intermediate,V1,47,0.007928
13,V1-DLS,intermediate,V1,48,0.591463
13,V1-DLS,intermediate,V1,49,0.018508
13,V1-DLS,intermediate,V1,50,0.59697
13,V1-DLS,intermediate,V1,51,0.063804
13,V1-DLS,intermediate,V1,52,0.101367
13,V1-DLS,intermediate,V1,53,0.282303
13,V1-DLS,intermediate,V1,54,0.167297
13,V1-DLS,intermediate,V1,55,0.006355
13,V1-DLS,intermediate,V1,56,0.003502
13,V1-DLS,intermediate,V1,57,0.502057
13,V1-DLS,intermediate,V1,58,0.192613
13,V1-DLS,intermediate,V1,59,0.044691
13,V1-DLS,intermediate,V1,60,0.028873
13,V1-DLS,intermediate,V1,61,0.045096
13,V1-DLS,intermediate,V1,62,0.073774
13,V1-DLS,intermediate,V1,63,0.059102
13,V1-DLS,intermediate,DLS,0,0.793027
13,V1-DLS,intermediate,DLS,1,7.017646
13,V1-DLS,intermediate,DLS,2,1.502383
13,V1-DLS,intermediate,DLS,3,1.621309
13,V1-DLS,intermediate,DLS,4,0.0
13,V1-DLS,intermediate,DLS,5,0.786587
13,V1-DLS,expert,V1,0,0.079553
13,V1-DLS,expert,V1,1,0.544802
13,V1-DLS,expert,V1,2,0.251703
13,V1-DLS,expert,V1,3,0.490523
13,V1-DLS,expert,V1,4,0.01059
13,V1-DLS,expert,V1,5,0.103713
13,V1-DLS,expert,V1,6,0.017999
13,V1-DLS,expert,V1,7,0.377001
13,V1-DLS,expert,V1,8,0.011212
13,V1-DLS,expert,V1,9,0.232319
13,V1-DLS,expert,V1,10,0.237697
13,V1-DLS,expert,V1,11,0.018219
13,V1-DLS,expert,V1,12,0.381595
13,V1-DLS,expert,V1,13,0.07969
13,V1-DLS,expert,V1,14,0.143167
13,V1-DLS,expert,V1,15,0.019378
13,V1-DLS,expert,V1,16,0.078673
13,V1-DLS,expert,V1,17,0.27541
13,V1-DLS,expert,V1,18,0.025811
13,V1-DLS,expert,V1,19,0.39108
13,V1-DLS,expert,V1,20,0.076399
13,V1-DLS,expert,V1,21,0.099219
13,V1-DLS,expert,V1,22,0.046728
13,V1-DLS,expert,V1,23,0.066355
13,V1-DLS,expert,V1,24,0.047821
13,V1-DLS,expert,V1,25,0.2265
13,V1-DLS,expert,V1,26,0.517083
13,V1-DLS,expert,V1,27,0.458335
13,V1-DLS,expert,V1,28,0.551012
13,V1-DLS,expert,V1,29,0.290965
13,V1-DLS,expert,V1,30,0.127114
13,V1-DLS,expert,V1,31,0.765433
13,V1-DLS,expert,V1,32,0.033763
13,V1-DLS,expert,V1,33,0.047067
13,V1-DLS,expert,V1,34,0.199298
13,V1-DLS,expert,V1,35,0.064508
13,V1-DLS,expert,V1,36,0.2484
13,V1-DLS,expert,V1,37,0.427135
13,V1-DLS,expert,V1,38,0.464043
13,V1-DLS,expert,V1,39,0.182185
13,V1-DLS,expert,V1,40,0.024174
13,V1-DLS,expert,V1,41,0.031218
13,V1-DLS,expert,V1,42,0.034281
13,V1-DLS,expert,V1,43,0.161267
13,V1-DLS,expert,V1,44,0.020517
13,V1-DLS,expert,V1,45,0.046481
13,V1-DLS,expert,V1,46,0.011273
13,V1-DLS,expert,V1,47,0.009593
13,V1-DLS,expert,V1,48,0.096052
13,V1-DLS,expert,V1,49,0.555222
13,V1-DLS,expert,V1,50,0.507917
13,V1-DLS,expert,V1,51,0.100294
13,V1-DLS,expert,V1,52,0.488844
13,V1-DLS,expert,V1,53,0.178546
13,V1-DLS,expert,V1,54,0.273529
13,V1-DLS,expert,V1,55,0.016134
13,V1-DLS,expert,V1,56,0.012073
13,V1-DLS,expert,V1,57,0.652236
13,V1-DLS,expert,V1,58,0.272673
13,V1-DLS,expert,V1,59,0.034904
13,V1-DLS,expert,V1,60,0.21531
13,V1-DLS,expert,V1,61,0.06213
13,V1-DLS,expert,V1,62,0.024743
13,V1-DLS,expert,V1,63,0.187957
13,V1-DLS,expert,DLS,0,0.589891
13,V1-DLS,expert,DLS,1,6.813221
13,V1-DLS,expert,DLS,2,0.984811
13,V1-DLS,expert,DLS,3,0.848107
13,V1-DLS,expert,DLS,4,16.898855
13,V1-DLS,expert,DLS,5,0.662404
13,V1-ACC,naive,V1,0,0.092968
13,V1-ACC,naive,V1,1,0.201677
13,V1-ACC,naive,V1,2,0.00328
13,V1-ACC,naive,V1,3,0.530916
13,V1-ACC,naive,V1,4,0.016476
13,V1-ACC,naive,V1,5,0.031786
13,V1-ACC,naive,V1,6,0.0
13,V1-ACC,naive,V1,7,0.101156
13,V1-ACC,naive,V1,8,0.053491
13,V1-ACC,naive,V1,9,0.352804
13,V1-ACC,naive,V1,10,0.189317
13,V1-ACC,naive,V1,11,0.547577
13,V1-ACC,naive,V1,12,0.070354
13,V1-ACC,naive,V1,13,0.038349
13,V1-ACC,naive,V1,14,0.175431
13,V1-ACC,naive,V1,15,0.002608
13,V1-ACC,naive,V1,16,0.080515
13,V1-ACC,naive,V1,17,0.056131
13,V1-ACC,naive,V1,18,0.038362
13,V1-ACC,naive,V1,19,0.425519
13,V1-ACC,naive,V1,20,0.025556
13,V1-ACC,naive,V1,21,0.863817
13,V1-ACC,naive,V1,22,0.445923
13,V1-ACC,naive,V1,23,0.031855
13,V1-ACC,naive,V1,24,0.242175
13,V1-ACC,naive,V1,25,0.017942
13,V1-ACC,naive,V1,26,0.203775
13,V1-ACC,naive,V1,27,0.111885
13,V1-ACC,naive,V1,28,0.250196
13,V1-ACC,naive,V1,29,0.748609
13,V1-ACC,naive,V1,30,0.133223
13,V1-ACC,naive,V1,31,0.499984
13,V1-ACC,naive,V1,32,0.017378
13,V1-ACC,naive,V1,33,0.55817
13,V1-ACC,naive,V1,34,0.005065
13,V1-ACC,naive,V1,35,0.053113
13,V1-ACC,naive,V1,36,0.427607
13,V1-ACC,naive,V1,37,0.246801
13,V1-ACC,naive,V1,38,0.483396
13,V1-ACC,naive,V1,39,0.493342
13,V1-ACC,naive,V1,40,0.027172
13,V1-ACC,naive,V1,41,0.300879
13,V1-ACC,naive,V1,42,0.214547
13,V1-ACC,naive,V1,43,0.271829
13,V1-ACC,naive,V1,44,0.0
13,V1-ACC,naive,V1,45,0.003985
13,V1-ACC,naive,V1,46,0.001972
13,V1-ACC,naive,V1,47,0.062509
13,V1-ACC,naive,V1,48,0.133922
13,V1-ACC,naive,V1,49,0.377372
13,V1-ACC,naive,V1,50,0.5358
13,V1-ACC,naive,V1,51,0.020446
13,V1-ACC,naive,V1,52,0.194789
13,V1-ACC,naive,V1,53,0.692556
13,V1-ACC,naive,V1,54,0.575755
13,V1-ACC,naive,V1,55,0.0
13,V1-ACC,naive,V1,56,0.00734
13,V1-ACC,naive,V1,57,0.397818
13,V1-ACC,naive,V1,58,0.272564
13,V1-ACC,naive,V1,59,0.028132
13,V1-ACC,naive,V1,60,0.108601
13,V1-ACC,naive,V1,61,0.049851
13,V1-ACC,naive,V1,62,0.010318
13,V1-ACC,naive,V1,63,0.043293
13,V1-ACC,naive,ACC,0,1.925671
13,V1-ACC,naive,ACC,1,6.974507
13,V1-ACC,naive,ACC,2,1.138818
13,V1-ACC,naive,ACC,3,2.228197
13,V1-ACC,naive,ACC,4,6.647802
13,V1-ACC,naive,ACC,5,0.981741
13,V1-ACC,naive,ACC,6,2.730858
13,V1-ACC,intermediate,V1,0,0.144066
13,V1-ACC,intermediate,V1,1,0.384778
13,V1-ACC,intermediate,V1,2,0.058726
13,V1-ACC,intermediate,V1,3,0.565745
13,V1-ACC,intermediate,V1,4,0.005336
13,V1-ACC,intermediate,V1,5,0.087804
13,V1-ACC,intermediate,V1,6,0.0
13,V1-ACC,intermediate,V1,7,0.092721
13,V1-ACC,intermediate,V1,8,0.009652
13,V1-ACC,intermediate,V1,9,0.6556
13,V1-ACC,intermediate,V1,10,0.104456
13,V1-ACC,intermediate,V1,11,0.035081
13,V1-ACC,intermediate,V1,12,0.027477
13,V1-ACC,intermediate,V1,13,0.04168
13,V1-ACC,intermediate,V1,14,0.182373
13,V1-ACC,intermediate,V1,15,0.011446
13,V1-ACC,intermediate,V1,16,0.055271
13,V1-ACC,intermediate,V1,17,0.341408
13,V1-ACC,intermediate,V1,18,0.024203
13,V1-ACC,intermediate,V1,19,0.533817
13,V1-ACC,intermediate,V1,20,0.036381
13,V1-ACC,intermediate,V1,21,0.130651
13,V1-ACC,intermediate,V1,22,0.345682
13,V1-ACC,intermediate,V1,23,0.042401
13,V1-ACC,intermediate,V1,24,0.065317
13,V1-ACC,intermediate,V1,25,0.107373
13,V1-ACC,intermediate,V1,26,0.311094
13,V1-ACC,intermediate,V1,27,0.215209
13,V1-ACC,intermediate,V1,28,0.391811
13,V1-ACC,intermediate,V1,29,0.2196
13,V1-ACC,intermediate,V1,30,0.188599
13,V1-ACC,intermediate,V1,31,0.641159
13,V1-ACC,intermediate,V1,32,0.068979
13,V1-ACC,intermediate,V1,33,0.253248
13,V1-ACC,intermediate,V1,34,0.587621
13,V1-ACC,intermediate,V1,35,0.465406
13,V1-ACC,intermediate,V1,36,0.319325
13,V1-ACC,intermediate,V1,37,0.314362
13,V1-ACC,intermediate,V1,38,0.415028
13,V1-ACC,intermediate,V1,39,0.579608
13,V1-ACC,intermediate,V1,40,0.017183
13,V1-ACC,intermediate,V1,41,0.209954
13,V1-ACC,intermediate,V1,42,0.111908
13,V1-ACC,intermediate,V1,43,0.695633
13,V1-ACC,intermediate,V1,44,0.002219
13,V1-ACC,intermediate,V1,45,0.015685
13,V1-ACC,intermediate,V1,46,0.00565
13,V1-ACC,intermediate,V1,47,0.00458
13,V1-ACC,intermediate,V1,48,0.637815
13,V1-ACC,intermediate,V1,49,0.023019
13,V1-ACC,intermediate,V1,50,0.461566
13,V1-ACC,intermediate,V1,51,0.128055
13,V1-ACC,intermediate,V1,52,0.164096
13,V1-ACC,intermediate,V1,53,0.362471
13,V1-ACC,intermediate,V1,54,0.570499
13,V1-ACC,intermediate,V1,55,0.006251
13,V1-ACC,intermediate,V1,56,0.005888
13,V1-ACC,intermediate,V1,57,0.552541
13,V1-ACC,intermediate,V1,58,0.275216
13,V1-ACC,intermediate,V1,59,0.056033
13,V1-ACC,intermediate,V1,60,0.076532
13,V1-ACC,intermediate,V1,61,0.032808
13,V1-ACC,intermediate,V1,62,0.059779
13,V1-ACC,intermediate,V1,63,0.07634
13,V1-ACC,intermediate,ACC,0,1.619809
13,V1-ACC,intermediate,ACC,1,4.401936
13,V1-ACC,intermediate,ACC,2,0.787975
13,V1-ACC,intermediate,ACC,3,2.431757
13,V1-ACC,intermediate,ACC,4,4.393036
13,V1-ACC,intermediate,ACC,5,0.692554
13,V1-ACC,intermediate,ACC,6,1.915226
13,V1-ACC,expert,V1,0,0.038849
13,V1-ACC,expert,V1,1,0.76889
13,V1-ACC,expert,V1,2,0.605581
13,V1-ACC,expert,V1,3,0.450512
13,V1-ACC,expert,V1,4,0.009834
13,V1-ACC,expert,V1,5,0.067941
13,V1-ACC,expert,V1,6,0.033056
13,V1-ACC,expert,V1,7,0.477205
13,V1-ACC,expert,V1,8,0.011428
13,V1-ACC,expert,V1,9,0.279862
13,V1-ACC,expert,V1,10,0.195284
13,V1-ACC,expert,V1,11,0.020019
13,V1-ACC,expert,V1,12,0.27817
13,V1-ACC,expert,V1,13,0.117178
13,V1-ACC,expert,V1,14,0.128054
13,V1-ACC,expert,V1,15,0.012616
13,V1-ACC,expert,V1,16,0.055039
13,V1-ACC,expert,V1,17,0.233104
13,V1-ACC,expert,V1,18,0.015569
13,V1-ACC,expert,V1,19,0.288031
13,V1-ACC,expert,V1,20,0.084922
13,V1-ACC,expert,V1,21,0.069254
13,V1-ACC,expert,V1,22,0.042574
13,V1-ACC,expert,V1,23,0.089604
13,V1-ACC,expert,V1,24,0.043686
13,V1-ACC,expert,V1,25,0.279938
13,V1-ACC,expert,V1,26,0.591254
13,V1-ACC,expert,V1,27,0.348895
13,V1-ACC,expert,V1,28,0.520913
13,V1-ACC,expert,V1,29,0.590715
13,V1-ACC,expert,V1,30,0.08875
13,V1-ACC,expert,V1,31,0.630887
13,V1-ACC,expert,V1,32,0.023316
13,V1-ACC,expert,V1,33,0.053599
13,V1-ACC,expert,V1,34,0.224442
13,V1-ACC,expert,V1,35,0.063314
13,V1-ACC,expert,V1,36,0.199808
13,V1-ACC,expert,V1,37,0.600365
13,V1-ACC,expert,V1,38,0.377424
13,V1-ACC,expert,V1,39,0.517112
13,V1-ACC,expert,V1,40,0.036772
13,V1-ACC,expert,V1,41,0.036288
13,V1-ACC,expert,V1,42,0.034872
13,V1-ACC,expert,V1,43,0.412204
13,V1-ACC,expert,V1,44,0.017796
13,V1-ACC,expert,V1,45,0.047058
13,V1-ACC,expert,V1,46,0.01787
13,V1-ACC,expert,V1,47,0.009391
13,V1-ACC,expert,V1,48,0.125692
13,V1-ACC,expert,V1,49,0.403158
13,V1-ACC,expert,V1,50,0.465682
13,V1-ACC,expert,V1,51,0.098375
13,V1-ACC,expert,V1,52,0.53022
13,V1-ACC,expert,V1,53,0.167933
13,V1-ACC,expert,V1,54,0.461141
13,V1-ACC,expert,V1,55,0.010525
13,V1-ACC,expert,V1,56,0.013521
13,V1-ACC,expert,V1,57,0.373883
13,V1-ACC,expert,V1,58,0.176139
13,V1-ACC,expert,V1,59,0.037098
13,V1-ACC,expert,V1,60,0.524015
13,V1-ACC,expert,V1,61,0.06294
13,V1-ACC,expert,V1,62,0.0262
13,V1-ACC,expert,V1,63,0.233461
13,V1-ACC,expert,ACC,0,1.536537
13,V1-ACC,expert,ACC,1,2.640257
13,V1-ACC,expert,ACC,2,0.925922
13,V1-ACC,expert,ACC,3,1.599883
13,V1-ACC,expert,ACC,4,2.982736
13,V1-ACC,expert,ACC,5,0.674496
13,V1-ACC,expert,ACC,6,1.714832
13,CA1-DMS,naive,CA1,0,0.148895
13,CA1-DMS,naive,CA1,1,0.0
13,CA1-DMS,naive,CA1,2,0.70683
13,CA1-DMS,naive,CA1,3,0.739228
13,CA1-DMS,naive,CA1,4,0.719138
13,CA1-DMS,naive,CA1,5,0.716166
13,CA1-DMS,naive,CA1,6,1.361719
13,CA1-DMS,naive,CA1,7,0.454909
13,CA1-DMS,naive,CA1,8,0.673882
13,CA1-DMS,naive,CA1,9,0.481448
13,CA1-DMS,naive,CA1,10,0.547593
13,CA1-DMS,naive,CA1,11,1.252542
13,CA1-DMS,naive,CA1,12,0.004728
13,CA1-DMS,naive,CA1,13,0.724506
13,CA1-DMS,naive,CA1,14,0.661891
13,CA1-DMS,naive,CA1,15,0.535771
13,CA1-DMS,naive,CA1,16,0.099074
13,CA1-DMS,naive,CA1,17,0.350542
13,CA1-DMS,naive,CA1,18,1.052004
13,CA1-DMS,naive,CA1,19,0.580747
13,CA1-DMS,naive,CA1,20,0.260688
13,CA1-DMS,naive,CA1,21,0.009764
13,CA1-DMS,naive,CA1,22,0.45034
13,CA1-DMS,naive,CA1,23,0.238008
13,CA1-DMS,naive,DMS,0,12.000519
13,CA1-DMS,naive,DMS,1,2.189109
13,CA1-DMS,naive,DMS,2,12.067495
13,CA1-DMS,naive,DMS,3,3.033698
13,CA1-DMS,naive,DMS,4,8.798216
13,CA1-DMS,naive,DMS,5,1.833186
13,CA1-DMS,naive,DMS,6,2.234157
13,CA1-DMS,naive,DMS,7,0.0
13,CA1-DMS,intermediate,CA1,0,0.221373
13,CA1-DMS,intermediate,CA1,1,0.0
13,CA1-DMS,intermediate,CA1,2,0.822604
13,CA1-DMS,intermediate,CA1,3,0.959281
13,CA1-DMS,intermediate,CA1,4,0.878294
13,CA1-DMS,intermediate,CA1,5,0.326912
13,CA1-DMS,intermediate,CA1,6,0.768728
13,CA1-DMS,intermediate,CA1,7,0.317096
13,CA1-DMS,intermediate,CA1,8,0.905882
13,CA1-DMS,intermediate,CA1,9,0.310916
13,CA1-DMS,intermediate,CA1,10,0.476726
13,CA1-DMS,intermediate,CA1,11,0.761816
13,CA1-DMS,intermediate,CA1,12,0.593941
13,CA1-DMS,intermediate,CA1,13,0.244685
13,CA1-DMS,intermediate,CA1,14,0.399193
13,CA1-DMS,intermediate,CA1,15,0.307536
13,CA1-DMS,intermediate,CA1,16,0.01195
13,CA1-DMS,intermediate,CA1,17,0.0
13,CA1-DMS,intermediate,CA1,18,0.078561
13,CA1-DMS,intermediate,CA1,19,0.552063
13,CA1-DMS,intermediate,CA1,20,0.082508
13,CA1-DMS,intermediate,CA1,21,0.509181
13,CA1-DMS,intermediate,CA1,22,0.503184
13,CA1-DMS,intermediate,CA1,23,0.43814
13,CA1-DMS,intermediate,DMS,0,11.146708
13,CA1-DMS,intermediate,DMS,1,1.756007
13,CA1-DMS,intermediate,DMS,2,10.512759
13,CA1-DMS,intermediate,DMS,3,1.614247
13,CA1-DMS,intermediate,DMS,4,4.457918
13,CA1-DMS,intermediate,DMS,5,1.22804
13,CA1-DMS,intermediate,DMS,6,10.03795
13,CA1-DMS,intermediate,DMS,7,0.0
13,CA1-DMS,expert,CA1,0,0.291493
13,CA1-DMS,expert,CA1,1,0.008796
13,CA1-DMS,expert,CA1,2,0.758709
13,CA1-DMS,expert,CA1,3,0.467705
13,CA1-DMS,expert,CA1,4,0.859257
13,CA1-DMS,expert,CA1,5,0.716672
13,CA1-DMS,expert,CA1,6,0.01585
13,CA1-DMS,expert,CA1,7,0.790097
13,CA1-DMS,expert,CA1,8,0.47528
13,CA1-DMS,expert,CA1,9,0.343477
13,CA1-DMS,expert,CA1,10,0.466269
13,CA1-DMS,expert,CA1,11,0.614592
13,CA1-DMS,expert,CA1,12,0.208912
13,CA1-DMS,expert,CA1,13,0.558804
13,CA1-DMS,expert,CA1,14,0.701944
13,CA1-DMS,expert,CA1,15,0.505306
13,CA1-DMS,expert,CA1,16,0.26942
13,CA1-DMS,expert,CA1,17,0.494577
13,CA1-DMS,expert,CA1,18,0.041111
13,CA1-DMS,expert,CA1,19,0.562065
13,CA1-DMS,expert,CA1,20,0.277809
13,CA1-DMS,expert,CA1,21,0.528527
13,CA1-DMS,expert,CA1,22,0.278742
13,CA1-DMS,expert,CA1,23,0.241733
13,CA1-DMS,expert,DMS,0,7.515052
13,CA1-DMS,expert,DMS,1,1.588345
13,CA1-DMS,expert,DMS,2,3.773101
13,CA1-DMS,expert,DMS,3,1.019181
13,CA1-DMS,expert,DMS,4,4.652221
13,CA1-DMS,expert,DMS,5,0.901754
13,CA1-DMS,expert,DMS,6,6.165626
13,CA1-DMS,expert,DMS,7,0.0
13,CA1-DLS,naive,CA1,0,0.312043
13,CA1-DLS,naive,CA1,1,0.0
13,CA1-DLS,naive,CA1,2,0.643826
13,CA1-DLS,naive,CA1,3,0.753978
13,CA1-DLS,naive,CA1,4,0.412332
13,CA1-DLS,naive,CA1,5,0.48691
13,CA1-DLS,naive,CA1,6,0.53736
13,CA1-DLS,naive,CA1,7,0.749437
13,CA1-DLS,naive,CA1,8,0.471541
13,CA1-DLS,naive,CA1,9,0.441702
13,CA1-DLS,naive,CA1,10,0.785634
13,CA1-DLS,naive,CA1,11,0.807896
13,CA1-DLS,naive,CA1,12,0.00585
13,CA1-DLS,naive,CA1,13,0.699498
13,CA1-DLS,naive,CA1,14,0.507342
13,CA1-DLS,naive,CA1,15,0.316613
13,CA1-DLS,naive,CA1,16,0.141082
13,CA1-DLS,naive,CA1,17,0.114898
13,CA1-DLS,naive,CA1,18,1.524504
13,CA1-DLS,naive,CA1,19,0.743401
13,CA1-DLS,naive,CA1,20,0.490132
13,CA1-DLS,naive,CA1,21,0.014749
13,CA1-DLS,naive,CA1,22,0.379204
13,CA1-DLS,naive,CA1,23,0.105402
13,CA1-DLS,naive,DLS,0,13.155129
13,CA1-DLS,naive,DLS,1,10.901947
13,CA1-DLS,naive,DLS,2,5.858801
13,CA1-DLS,naive,DLS,3,11.350758
13,CA1-DLS,naive,DLS,4,23.25193
13,CA1-DLS,naive,DLS,5,1.061745
13,CA1-DLS,intermediate,CA1,0,0.285992
13,CA1-DLS,intermediate,CA1,1,0.0
13,CA1-DLS,intermediate,CA1,2,0.4181
13,CA1-DLS,intermediate,CA1,3,0.606616
13,CA1-DLS,intermediate,CA1,4,0.71841
13,CA1-DLS,intermediate,CA1,5,0.49679
13,CA1-DLS,intermediate,CA1,6,0.561971
13,CA1-DLS,intermediate,CA1,7,0.635401
13,CA1-DLS,intermediate,CA1,8,0.609287
13,CA1-DLS,intermediate,CA1,9,0.395887
13,CA1-DLS,intermediate,CA1,10,0.246807
13,CA1-DLS,intermediate,CA1,11,0.759021
13,CA1-DLS,intermediate,CA1,12,0.519791
13,CA1-DLS,intermediate,CA1,13,0.457171
13,CA1-DLS,intermediate,CA1,14,0.393793
13,CA1-DLS,intermediate,CA1,15,0.320225
13,CA1-DLS,intermediate,CA1,16,0.012478
13,CA1-DLS,intermediate,CA1,17,0.0
13,CA1-DLS,intermediate,CA1,18,0.046345
13,CA1-DLS,intermediate,CA1,19,0.518036
13,CA1-DLS,intermediate,CA1,20,0.306058
13,CA1-DLS,intermediate,CA1,21,0.246125
13,CA1-DLS,intermediate,CA1,22,0.341143
13,CA1-DLS,intermediate,CA1,23,0.49669
13,CA1-DLS,intermediate,DLS,0,0.793027
13,CA1-DLS,intermediate,DLS,1,7.017646
13,CA1-DLS,intermediate,DLS,2,1.502383
13,CA1-DLS,intermediate,DLS,3,1.621309
13,CA1-DLS,intermediate,DLS,4,0.0
13,CA1-DLS,intermediate,DLS,5,0.786587
13,CA1-DLS,expert,CA1,0,0.219388
13,CA1-DLS,expert,CA1,1,0.009517
13,CA1-DLS,expert,CA1,2,0.732077
13,CA1-DLS,expert,CA1,3,0.490835
13,CA1-DLS,expert,CA1,4,0.594054
13,CA1-DLS,expert,CA1,5,0.414443
13,CA1-DLS,expert,CA1,6,0.008242
13,CA1-DLS,expert,CA1,7,0.756269
13,CA1-DLS,expert,CA1,8,0.618119
13,CA1-DLS,expert,CA1,9,0.256244
13,CA1-DLS,expert,CA1,10,0.44989
13,CA1-DLS,expert,CA1,11,0.162115
13,CA1-DLS,expert,CA1,12,0.266571
13,CA1-DLS,expert,CA1,13,0.532686
13,CA1-DLS,expert,CA1,14,0.375387
13,CA1-DLS,expert,CA1,15,0.536993
13,CA1-DLS,expert,CA1,16,0.182023
13,CA1-DLS,expert,CA1,17,0.275754
13,CA1-DLS,expert,CA1,18,0.05566
13,CA1-DLS,expert,CA1,19,0.681186
13,CA1-DLS,expert,CA1,20,0.367412
13,CA1-DLS,expert,CA1,21,0.210002
13,CA1-DLS,expert,CA1,22,0.760297
13,CA1-DLS,expert,CA1,23,0.416849
13,CA1-DLS,expert,DLS,0,0.589891
13,CA1-DLS,expert,DLS,1,6.813221
13,CA1-DLS,expert,DLS,2,0.984811
13,CA1-DLS,expert,DLS,3,0.848107
13,CA1-DLS,expert,DLS,4,16.898855
13,CA1-DLS,expert,DLS,5,0.662404
13,CA1-ACC,naive,CA1,0,0.266696
13,CA1-ACC,naive,CA1,1,0.0
13,CA1-ACC,naive,CA1,2,0.667942
13,CA1-ACC,naive,CA1,3,0.751345
13,CA1-ACC,naive,CA1,4,0.757467
13,CA1-ACC,naive,CA1,5,0.432695
13,CA1-ACC,naive,CA1,6,1.578213
13,CA1-ACC,naive,CA1,7,0.906961
13,CA1-ACC,naive,CA1,8,0.388025
13,CA1-ACC,naive,CA1,9,0.492162
13,CA1-ACC,naive,CA1,10,0.630658
13,CA1-ACC,naive,CA1,11,1.250476
13,CA1-ACC,naive,CA1,12,0.007241
13,CA1-ACC,naive,CA1,13,0.737293
13,CA1-ACC,naive,CA1,14,0.571367
13,CA1-ACC,naive,CA1,15,0.469514
13,CA1-ACC,naive,CA1,16,0.11598
13,CA1-ACC,naive,CA1,17,0.413596
13,CA1-ACC,naive,CA1,18,1.263136
13,CA1-ACC,naive,CA1,19,0.673166
13,CA1-ACC,naive,CA1,20,0.485592
13,CA1-ACC,naive,CA1,21,0.015354
13,CA1-ACC,naive,CA1,22,0.415359
13,CA1-ACC,naive,CA1,23,0.094165
13,CA1-ACC,naive,ACC,0,1.925671
13,CA1-ACC,naive,ACC,1,6.974507
13,CA1-ACC,naive,ACC,2,1.138818
13,CA1-ACC,naive,ACC,3,2.228197
13,CA1-ACC,naive,ACC,4,6.647802
13,CA1-ACC,naive,ACC,5,0.981741
13,CA1-ACC,naive,ACC,6,2.730858
13,CA1-ACC,intermediate,CA1,0,0.431827
13,CA1-ACC,intermediate,CA1,1,0.0
13,CA1-ACC,intermediate,CA1,2,0.714517
13,CA1-ACC,intermediate,CA1,3,0.772887
13,CA1-ACC,intermediate,CA1,4,0.698602
13,CA1-ACC,intermediate,CA1,5,0.501095
13,CA1-ACC,intermediate,CA1,6,1.059742
13,CA1-ACC,intermediate,CA1,7,0.83513
13,CA1-ACC,intermediate,CA1,8,0.688895
13,CA1-ACC,intermediate,CA1,9,0.396172
13,CA1-ACC,intermediate,CA1,10,0.576064
13,CA1-ACC,intermediate,CA1,11,0.691925
13,CA1-ACC,intermediate,CA1,12,0.322814
13,CA1-ACC,intermediate,CA1,13,0.530409
13,CA1-ACC,intermediate,CA1,14,0.543641
13,CA1-ACC,intermediate,CA1,15,0.450932
13,CA1-ACC,intermediate,CA1,16,0.010953
13,CA1-ACC,intermediate,CA1,17,0.0
13,CA1-ACC,intermediate,CA1,18,0.115961
13,CA1-ACC,intermediate,CA1,19,0.557236
13,CA1-ACC,intermediate,CA1,20,0.188702
13,CA1-ACC,intermediate,CA1,21,0.303153
13,CA1-ACC,intermediate,CA1,22,0.454532
13,CA1-ACC,intermediate,CA1,23,0.537487
13,CA1-ACC,intermediate,ACC,0,1.619809
13,CA1-ACC,intermediate,ACC,1,4.401936
13,CA1-ACC,intermediate,ACC,2,0.787975
13,CA1-ACC,intermediate,ACC,3,2.431757
13,CA1-ACC,intermediate,ACC,4,4.393036
13,CA1-ACC,intermediate,ACC,5,0.692554
13,CA1-ACC,intermediate,ACC,6,1.915226
13,CA1-ACC,expert,CA1,0,0.21108
13,CA1-ACC,expert,CA1,1,0.011582
13,CA1-ACC,expert,CA1,2,0.747844
13,CA1-ACC,expert,CA1,3,0.847459
13,CA1-ACC,expert,CA1,4,0.657943
13,CA1-ACC,expert,CA1,5,0.43493
13,CA1-ACC,expert,CA1,6,0.012252
13,CA1-ACC,expert,CA1,7,0.867363
13,CA1-ACC,expert,CA1,8,0.45034
13,CA1-ACC,expert,CA1,9,0.439374
13,CA1-ACC,expert,CA1,10,0.697988
13,CA1-ACC,expert,CA1,11,0.840488
13,CA1-ACC,expert,CA1,12,0.206304
13,CA1-ACC,expert,CA1,13,0.397263
13,CA1-ACC,expert,CA1,14,0.658315
13,CA1-ACC,expert,CA1,15,0.574272
13,CA1-ACC,expert,CA1,16,0.173464
13,CA1-ACC,expert,CA1,17,0.41298
13,CA1-ACC,expert,CA1,18,0.077939
13,CA1-ACC,expert,CA1,19,0.506108
13,CA1-ACC,expert,CA1,20,0.465022
13,CA1-ACC,expert,CA1,21,0.349211
13,CA1-ACC,expert,CA1,22,0.493061
13,CA1-ACC,expert,CA1,23,0.238798
13,CA1-ACC,expert,ACC,0,1.536537
13,CA1-ACC,expert,ACC,1,2.640257
13,CA1-ACC,expert,ACC,2,0.925922
13,CA1-ACC,expert,ACC,3,1.599883
13,CA1-ACC,expert,ACC,4,2.982736
13,CA1-ACC,expert,ACC,5,0.674496
13,CA1-ACC,expert,ACC,6,1.714832
13,CA1-V1,naive,CA1,0,0.723634
13,CA1-V1,naive,CA1,1,0.0
13,CA1-V1,naive,CA1,2,0.867185
13,CA1-V1,naive,CA1,3,1.084624
13,CA1-V1,naive,CA1,4,1.172608
13,CA1-V1,naive,CA1,5,1.101273
13,CA1-V1,naive,CA1,6,2.258517
13,CA1-V1,naive,CA1,7,1.01299
13,CA1-V1,naive,CA1,8,0.80927
13,CA1-V1,naive,CA1,9,1.249768
13,CA1-V1,naive,CA1,10,1.011733
13,CA1-V1,naive,CA1,11,1.797804
13,CA1-V1,naive,CA1,12,0.009585
13,CA1-V1,naive,CA1,13,1.40661
13,CA1-V1,naive,CA1,14,0.875424
13,CA1-V1,naive,CA1,15,0.912327
13,CA1-V1,naive,CA1,16,0.204841
13,CA1-V1,naive,CA1,17,1.37571
13,CA1-V1,naive,CA1,18,2.204731
13,CA1-V1,naive,CA1,19,1.04455
13,CA1-V1,naive,CA1,20,0.839159
13,CA1-V1,naive,CA1,21,0.021283
13,CA1-V1,naive,CA1,22,0.712934
13,CA1-V1,naive,CA1,23,0.6571
13,CA1-V1,naive,V1,0,0.208234
13,CA1-V1,naive,V1,1,1.024271
13,CA1-V1,naive,V1,2,0.006671
13,CA1-V1,naive,V1,3,0.95056
13,CA1-V1,naive,V1,4,0.019397
13,CA1-V1,naive,V1,5,0.042132
13,CA1-V1,naive,V1,6,0.0
13,CA1-V1,naive,V1,7,0.257159
13,CA1-V1,naive,V1,8,0.101977
13,CA1-V1,naive,V1,9,0.584369
13,CA1-V1,naive,V1,10,0.928617
13,CA1-V1,naive,V1,11,1.013569
13,CA1-V1,naive,V1,12,0.125362
13,CA1-V1,naive,V1,13,0.100776
13,CA1-V1,naive,V1,14,0.461904
13,CA1-V1,naive,V1,15,0.005349
13,CA1-V1,naive,V1,16,0.111077
13,CA1-V1,naive,V1,17,0.066363
13,CA1-V1,naive,V1,18,0.057806
13,CA1-V1,naive,V1,19,0.537645
13,CA1-V1,naive,V1,20,0.039825
13,CA1-V1,naive,V1,21,0.974387
13,CA1-V1,naive,V1,22,1.022903
13,CA1-V1,naive,V1,23,0.088473
13,CA1-V1,naive,V1,24,0.351349
13,CA1-V1,naive,V1,25,0.031432
13,CA1-V1,naive,V1,26,0.531996
13,CA1-V1,naive,V1,27,0.195312
13,CA1-V1,naive,V1,28,0.947782
13,CA1-V1,naive,V1,29,0.939355
13,CA1-V1,naive,V1,30,0.192294
13,CA1-V1,naive,V1,31,0.767792
13,CA1-V1,naive,V1,32,0.023159
13,CA1-V1,naive,V1,33,0.899876
13,CA1-V1,naive,V1,34,0.010051
13,CA1-V1,naive,V1,35,0.0695
13,CA1-V1,naive,V1,36,0.614372
13,CA1-V1,naive,V1,37,0.513553
13,CA1-V1,naive,V1,38,0.990173
13,CA1-V1,naive,V1,39,1.011523
13,CA1-V1,naive,V1,40,0.037647
13,CA1-V1,naive,V1,41,0.569187
13,CA1-V1,naive,V1,42,0.398481
13,CA1-V1,naive,V1,43,0.652968
13,CA1-V1,naive,V1,44,0.0
13,CA1-V1,naive,V1,45,0.006739
13,CA1-V1,naive,V1,46,0.005873
13,CA1-V1,naive,V1,47,0.125349
13,CA1-V1,naive,V1,48,0.401074
13,CA1-V1,naive,V1,49,0.705391
13,CA1-V1,naive,V1,50,0.892941
13,CA1-V1,naive,V1,51,0.031498
13,CA1-V1,naive,V1,52,0.331503
13,CA1-V1,naive,V1,53,0.817613
13,CA1-V1,naive,V1,54,0.905456
13,CA1-V1,naive,V1,55,0.0
13,CA1-V1,naive,V1,56,0.011332
13,CA1-V1,naive,V1,57,0.565318
13,CA1-V1,naive,V1,58,0.339364
13,CA1-V1,naive,V1,59,0.040769
13,CA1-V1,naive,V1,60,0.218246
13,CA1-V1,naive,V1,61,0.075127
13,CA1-V1,naive,V1,62,0.021664
13,CA1-V1,naive,V1,63,0.079294
13,CA1-V1,intermediate,CA1,0,0.886108
13,CA1-V1,intermediate,CA1,1,0.0
13,CA1-V1,intermediate,CA1,2,0.914452
13,CA1-V1,intermediate,CA1,3,1.227505
13,CA1-V1,intermediate,CA1,4,1.208849
13,CA1-V1,intermediate,CA1,5,1.107756
13,CA1-V1,intermediate,CA1,6,2.128594
13,CA1-V1,intermediate,CA1,7,1.054825
13,CA1-V1,intermediate,CA1,8,1.035358
13,CA1-V1,intermediate,CA1,9,0.923788
13,CA1-V1,intermediate,CA1,10,0.928439
13,CA1-V1,intermediate,CA1,11,1.398536
13,CA1-V1,intermediate,CA1,12,0.765018
13,CA1-V1,intermediate,CA1,13,1.095592
13,CA1-V1,intermediate,CA1,14,0.889556
13,CA1-V1,intermediate,CA1,15,0.931041
13,CA1-V1,intermediate,CA1,16,0.0195
13,CA1-V1,intermediate,CA1,17,0.0
13,CA1-V1,intermediate,CA1,18,0.196689
13,CA1-V1,intermediate,CA1,19,1.101046
13,CA1-V1,intermediate,CA1,20,0.559552
13,CA1-V1,intermediate,CA1,21,0.575491
13,CA1-V1,intermediate,CA1,22,0.702705
13,CA1-V1,intermediate,CA1,23,0.789669
13,CA1-V1,intermediate,V1,0,0.476617
13,CA1-V1,intermediate,V1,1,0.919595
13,CA1-V1,intermediate,V1,2,0.078748
13,CA1-V1,intermediate,V1,3,0.827436
13,CA1-V1,intermediate,V1,4,0.009754
13,CA1-V1,intermediate,V1,5,0.112126
13,CA1-V1,intermediate,V1,6,0.0
13,CA1-V1,intermediate,V1,7,0.131656
13,CA1-V1,intermediate,V1,8,0.01508
13,CA1-V1,intermediate,V1,9,0.836044
13,CA1-V1,intermediate,V1,10,0.147386
13,CA1-V1,intermediate,V1,11,0.046278
13,CA1-V1,intermediate,V1,12,0.037008
13,CA1-V1,intermediate,V1,13,0.054383
13,CA1-V1,intermediate,V1,14,0.217167
13,CA1-V1,intermediate,V1,15,0.013811
13,CA1-V1,intermediate,V1,16,0.071645
13,CA1-V1,intermediate,V1,17,0.830788
13,CA1-V1,intermediate,V1,18,0.031665
13,CA1-V1,intermediate,V1,19,0.640241
13,CA1-V1,intermediate,V1,20,0.049489
13,CA1-V1,intermediate,V1,21,0.313354
13,CA1-V1,intermediate,V1,22,0.964852
13,CA1-V1,intermediate,V1,23,0.065098
13,CA1-V1,intermediate,V1,24,0.196358
13,CA1-V1,intermediate,V1,25,0.160165
13,CA1-V1,intermediate,V1,26,0.366953
13,CA1-V1,intermediate,V1,27,0.271819
13,CA1-V1,intermediate,V1,28,0.893168
13,CA1-V1,intermediate,V1,29,0.933045
13,CA1-V1,intermediate,V1,30,0.23797
13,CA1-V1,intermediate,V1,31,0.857645
13,CA1-V1,intermediate,V1,32,0.151054
13,CA1-V1,intermediate,V1,33,0.459075
13,CA1-V1,intermediate,V1,34,0.805127
13,CA1-V1,intermediate,V1,35,1.003163
13,CA1-V1,intermediate,V1,36,0.395993
13,CA1-V1,intermediate,V1,37,0.862168
13,CA1-V1,intermediate,V1,38,0.900321
13,CA1-V1,intermediate,V1,39,0.971748
13,CA1-V1,intermediate,V1,40,0.029645
13,CA1-V1,intermediate,V1,41,0.74112
13,CA1-V1,intermediate,V1,42,0.136867
13,CA1-V1,intermediate,V1,43,0.778918
13,CA1-V1,intermediate,V1,44,0.004106
13,CA1-V1,intermediate,V1,45,0.020011
13,CA1-V1,intermediate,V1,46,0.011222
13,CA1-V1,intermediate,V1,47,0.013322
13,CA1-V1,intermediate,V1,48,0.970839
13,CA1-V1,intermediate,V1,49,0.058196
13,CA1-V1,intermediate,V1,50,0.936983
13,CA1-V1,intermediate,V1,51,0.13777
13,CA1-V1,intermediate,V1,52,0.241688
13,CA1-V1,intermediate,V1,53,0.488799
13,CA1-V1,intermediate,V1,54,0.987411
13,CA1-V1,intermediate,V1,55,0.012764
13,CA1-V1,intermediate,V1,56,0.009238
13,CA1-V1,intermediate,V1,57,0.962673
13,CA1-V1,intermediate,V1,58,0.346495
13,CA1-V1,intermediate,V1,59,0.064499
13,CA1-V1,intermediate,V1,60,0.122368
13,CA1-V1,intermediate,V1,61,0.064267
13,CA1-V1,intermediate,V1,62,0.116407
13,CA1-V1,intermediate,V1,63,0.113649
13,CA1-V1,expert,CA1,0,0.899517
13,CA1-V1,expert,CA1,1,0.014683
13,CA1-V1,expert,CA1,2,0.9506
13,CA1-V1,expert,CA1,3,1.235293
13,CA1-V1,expert,CA1,4,1.195108
13,CA1-V1,expert,CA1,5,1.060793
13,CA1-V1,expert,CA1,6,0.025834
13,CA1-V1,expert,CA1,7,1.018609
13,CA1-V1,expert,CA1,8,1.042365
13,CA1-V1,expert,CA1,9,1.052867
13,CA1-V1,expert,CA1,10,0.955634
13,CA1-V1,expert,CA1,11,1.021179
13,CA1-V1,expert,CA1,12,0.418579
13,CA1-V1,expert,CA1,13,0.801585
13,CA1-V1,expert,CA1,14,0.956576
13,CA1-V1,expert,CA1,15,0.982288
13,CA1-V1,expert,CA1,16,0.899745
13,CA1-V1,expert,CA1,17,1.480351
13,CA1-V1,expert,CA1,18,0.124275
13,CA1-V1,expert,CA1,19,1.071532
13,CA1-V1,expert,CA1,20,0.698777
13,CA1-V1,expert,CA1,21,0.587208
13,CA1-V1,expert,CA1,22,0.853504
13,CA1-V1,expert,CA1,23,0.882507
13,CA1-V1,expert,V1,0,0.12976
13,CA1-V1,expert,V1,1,1.036091
13,CA1-V1,expert,V1,2,0.903793
13,CA1-V1,expert,V1,3,0.825912
13,CA1-V1,expert,V1,4,0.015408
13,CA1-V1,expert,V1,5,0.140648
13,CA1-V1,expert,V1,6,0.046335
13,CA1-V1,expert,V1,7,0.576657
13,CA1-V1,expert,V1,8,0.021004
13,CA1-V1,expert,V1,9,0.354712
13,CA1-V1,expert,V1,10,0.397219
13,CA1-V1,expert,V1,11,0.030688
13,CA1-V1,expert,V1,12,0.656097
13,CA1-V1,expert,V1,13,0.137148
13,CA1-V1,expert,V1,14,0.22582
13,CA1-V1,expert,V1,15,0.031547
13,CA1-V1,expert,V1,16,0.105134
13,CA1-V1,expert,V1,17,0.742743
13,CA1-V1,expert,V1,18,0.034617
13,CA1-V1,expert,V1,19,0.458609
13,CA1-V1,expert,V1,20,0.103614
13,CA1-V1,expert,V1,21,0.12622
13,CA1-V1,expert,V1,22,0.08744
13,CA1-V1,expert,V1,23,0.187311
13,CA1-V1,expert,V1,24,0.083349
13,CA1-V1,expert,V1,25,0.472149
13,CA1-V1,expert,V1,26,0.729965
13,CA1-V1,expert,V1,27,0.681005
13,CA1-V1,expert,V1,28,0.882397
13,CA1-V1,expert,V1,29,0.961939
13,CA1-V1,expert,V1,30,0.150875
13,CA1-V1,expert,V1,31,0.942455
13,CA1-V1,expert,V1,32,0.047487
13,CA1-V1,expert,V1,33,0.062837
13,CA1-V1,expert,V1,34,0.46555
13,CA1-V1,expert,V1,35,0.127466
13,CA1-V1,expert,V1,36,0.31295
13,CA1-V1,expert,V1,37,0.913013
13,CA1-V1,expert,V1,38,0.848882
13,CA1-V1,expert,V1,39,0.921387
13,CA1-V1,expert,V1,40,0.058375
13,CA1-V1,expert,V1,41,0.068652
13,CA1-V1,expert,V1,42,0.051691
13,CA1-V1,expert,V1,43,0.749064
13,CA1-V1,expert,V1,44,0.029022
13,CA1-V1,expert,V1,45,0.052812
13,CA1-V1,expert,V1,46,0.033814
13,CA1-V1,expert,V1,47,0.017504
13,CA1-V1,expert,V1,48,0.150254
13,CA1-V1,expert,V1,49,0.986146
13,CA1-V1,expert,V1,50,0.798185
13,CA1-V1,expert,V1,51,0.126523
13,CA1-V1,expert,V1,52,0.7538
13,CA1-V1,expert,V1,53,0.227848
13,CA1-V1,expert,V1,54,0.880252
13,CA1-V1,expert,V1,55,0.023437
13,CA1-V1,expert,V1,56,0.017437
13,CA1-V1,expert,V1,57,0.896356
13,CA1-V1,expert,V1,58,0.302392
13,CA1-V1,expert,V1,59,0.04923
13,CA1-V1,expert,V1,60,0.953621
13,CA1-V1,expert,V1,61,0.087952
13,CA1-V1,expert,V1,62,0.033894
13,CA1-V1,expert,V1,63,0.416929
14,DMS-DLS,naive,DMS,0,0.994941
14,DMS-DLS,naive,DMS,1,1.688773
14,DMS-DLS,naive,DMS,2,0.680804
14,DMS-DLS,naive,DMS,3,0.176718
14,DMS-DLS,naive,DMS,4,0.754962
14,DMS-DLS,naive,DMS,5,1.00871
14,DMS-DLS,naive,DMS,6,0.122967
14,DMS-DLS,naive,DMS,7,0.875333
14,DMS-DLS,naive,DMS,8,0.713423
14,DMS-DLS,naive,DMS,9,0.846425
14,DMS-DLS,naive,DMS,10,0.013199
14,DMS-DLS,naive,DMS,11,1.107511
14,DMS-DLS,naive,DMS,12,0.697136
14,DMS-DLS,naive,DMS,13,0.011685
14,DMS-DLS,naive,DMS,14,0.0
14,DMS-DLS,naive,DMS,15,0.0
14,DMS-DLS,naive,DMS,16,0.525862
14,DMS-DLS,naive,DMS,17,0.00186
14,DMS-DLS,naive,DMS,18,0.013398
14,DMS-DLS,naive,DMS,19,1.293861
14,DMS-DLS,naive,DMS,20,0.968637
14,DMS-DLS,naive,DMS,21,0.48088
14,DMS-DLS,naive,DMS,22,0.142842
14,DMS-DLS,naive,DMS,23,0.83385
14,DMS-DLS,naive,DMS,24,0.808013
14,DMS-DLS,naive,DMS,25,1.388055
14,DMS-DLS,naive,DMS,26,0.4535
14,DMS-DLS,naive,DMS,27,0.126366
14,DMS-DLS,naive,DMS,28,1.135569
14,DMS-DLS,naive,DMS,29,0.943189
14,DMS-DLS,naive,DMS,30,0.158925
14,DMS-DLS,naive,DLS,0,0.961354
14,DMS-DLS,naive,DLS,1,0.984992
14,DMS-DLS,naive,DLS,2,0.82977
14,DMS-DLS,naive,DLS,3,1.871557
14,DMS-DLS,naive,DLS,4,0.008268
14,DMS-DLS,naive,DLS,5,0.002557
14,DMS-DLS,naive,DLS,6,0.992509
14,DMS-DLS,naive,DLS,7,0.903003
14,DMS-DLS,naive,DLS,8,1.190094
14,DMS-DLS,naive,DLS,9,0.004986
14,DMS-DLS,naive,DLS,10,0.849943
14,DMS-DLS,naive,DLS,11,1.9541
14,DMS-DLS,naive,DLS,12,0.950972
14,DMS-DLS,naive,DLS,13,0.002718
14,DMS-DLS,naive,DLS,14,2.053882
14,DMS-DLS,naive,DLS,15,1.119369
14,DMS-DLS,naive,DLS,16,1.572282
14,DMS-DLS,naive,DLS,17,1.034407
14,DMS-DLS,naive,DLS,18,0.991567
14,DMS-DLS,naive,DLS,19,1.024662
14,DMS-DLS,naive,DLS,20,1.579462
14,DMS-DLS,naive,DLS,21,0.973009
14,DMS-DLS,naive,DLS,22,1.344422
14,DMS-DLS,naive,DLS,23,1.44328
14,DMS-DLS,naive,DLS,24,0.730588
14,DMS-DLS,naive,DLS,25,0.034972
14,DMS-DLS,intermediate,DMS,0,0.725242
14,DMS-DLS,intermediate,DMS,1,2.027908
14,DMS-DLS,intermediate,DMS,2,1.454765
14,DMS-DLS,intermediate,DMS,3,1.573939
14,DMS-DLS,intermediate,DMS,4,1.06226
14,DMS-DLS,intermediate,DMS,5,1.015504
14,DMS-DLS,intermediate,DMS,6,2.385578
14,DMS-DLS,intermediate,DMS,7,0.951999
14,DMS-DLS,intermediate,DMS,8,1.071507
14,DMS-DLS,intermediate,DMS,9,0.790807
14,DMS-DLS,intermediate,DMS,10,0.025042
14,DMS-DLS,intermediate,DMS,11,0.991915
14,DMS-DLS,intermediate,DMS,12,1.258581
14,DMS-DLS,intermediate,DMS,13,1.250333
14,DMS-DLS,intermediate,DMS,14,0.0
14,DMS-DLS,intermediate,DMS,15,0.088846
14,DMS-DLS,intermediate,DMS,16,1.04899
14,DMS-DLS,intermediate,DMS,17,0.0
14,DMS-DLS,intermediate,DMS,18,0.0
14,DMS-DLS,intermediate,DMS,19,3.148423
14,DMS-DLS,intermediate,DMS,20,0.018271
14,DMS-DLS,intermediate,DMS,21,0.0
14,DMS-DLS,intermediate,DMS,22,0.0
14,DMS-DLS,intermediate,DMS,23,0.0
14,DMS-DLS,intermediate,DMS,24,0.660576
14,DMS-DLS,intermediate,DMS,25,1.220439
14,DMS-DLS,intermediate,DMS,26,2.073541
14,DMS-DLS,intermediate,DMS,27,0.028997
14,DMS-DLS,intermediate,DMS,28,1.163882
14,DMS-DLS,intermediate,DMS,29,1.750066
14,DMS-DLS,intermediate,DMS,30,0.183051
14,DMS-DLS,intermediate,DLS,0,1.989278
14,DMS-DLS,intermediate,DLS,1,1.240353
14,DMS-DLS,intermediate,DLS,2,0.0
14,DMS-DLS,intermediate,DLS,3,1.609235
14,DMS-DLS,intermediate,DLS,4,0.008624
14,DMS-DLS,intermediate,DLS,5,0.0
14,DMS-DLS,intermediate,DLS,6,1.237121
14,DMS-DLS,intermediate,DLS,7,2.591908
14,DMS-DLS,intermediate,DLS,8,0.72703
14,DMS-DLS,intermediate,DLS,9,0.89921
14,DMS-DLS,intermediate,DLS,10,0.71017
14,DMS-DLS,intermediate,DLS,11,0.009782
14,DMS-DLS,intermediate,DLS,12,0.923274
14,DMS-DLS,intermediate,DLS,13,0.004365
14,DMS-DLS,intermediate,DLS,14,2.954815
14,DMS-DLS,intermediate,DLS,15,1.049697
14,DMS-DLS,intermediate,DLS,16,1.035857
14,DMS-DLS,intermediate,DLS,17,1.002017
14,DMS-DLS,intermediate,DLS,18,1.005265
14,DMS-DLS,intermediate,DLS,19,2.960023
14,DMS-DLS,intermediate,DLS,20,1.178461
14,DMS-DLS,intermediate,DLS,21,1.122739
14,DMS-DLS,intermediate,DLS,22,1.147962
14,DMS-DLS,intermediate,DLS,23,2.645502
14,DMS-DLS,intermediate,DLS,24,3.15292
14,DMS-DLS,intermediate,DLS,25,0.0015
14,DMS-DLS,expert,DMS,0,0.0
14,DMS-DLS,expert,DMS,1,1.385377
14,DMS-DLS,expert,DMS,2,1.634101
14,DMS-DLS,expert,DMS,3,1.014263
14,DMS-DLS,expert,DMS,4,1.069722
14,DMS-DLS,expert,DMS,5,1.014073
14,DMS-DLS,expert,DMS,6,0.358083
14,DMS-DLS,expert,DMS,7,0.531211
14,DMS-DLS,expert,DMS,8,1.077184
14,DMS-DLS,expert,DMS,9,1.959641
14,DMS-DLS,expert,DMS,10,0.00345
14,DMS-DLS,expert,DMS,11,1.071879
14,DMS-DLS,expert,DMS,12,1.889558
14,DMS-DLS,expert,DMS,13,1.068661
14,DMS-DLS,expert,DMS,14,0.0
14,DMS-DLS,expert,DMS,15,0.0
14,DMS-DLS,expert,DMS,16,2.002661
14,DMS-DLS,expert,DMS,17,1.922899
14,DMS-DLS,expert,DMS,18,0.077628
14,DMS-DLS,expert,DMS,19,1.026728
14,DMS-DLS,expert,DMS,20,0.055246
14,DMS-DLS,expert,DMS,21,0.0
14,DMS-DLS,expert,DMS,22,0.0
14,DMS-DLS,expert,DMS,23,0.0
14,DMS-DLS,expert,DMS,24,0.827769
14,DMS-DLS,expert,DMS,25,1.099582
14,DMS-DLS,expert,DMS,26,2.071814
14,DMS-DLS,expert,DMS,27,2.090975
14,DMS-DLS,expert,DMS,28,1.014006
14,DMS-DLS,expert,DMS,29,0.008221
14,DMS-DLS,expert,DMS,30,0.012822
14,DMS-DLS,expert,DLS,0,1.002986
14,DMS-DLS,expert,DLS,1,1.136367
14,DMS-DLS,expert,DLS,2,1.273661
14,DMS-DLS,expert,DLS,3,0.768396
14,DMS-DLS,expert,DLS,4,3.126453
14,DMS-DLS,expert,DLS,5,0.0
14,DMS-DLS,expert,DLS,6,1.075184
14,DMS-DLS,expert,DLS,7,0.08769
14,DMS-DLS,expert,DLS,8,0.948634
14,DMS-DLS,expert,DLS,9,0.903342
14,DMS-DLS,expert,DLS,10,1.335362
14,DMS-DLS,expert,DLS,11,0.084233
14,DMS-DLS,expert,DLS,12,2.615712
14,DMS-DLS,expert,DLS,13,0.004059
14,DMS-DLS,expert,DLS,14,2.662328
14,DMS-DLS,expert,DLS,15,0.989454
14,DMS-DLS,expert,DLS,16,0.992275
14,DMS-DLS,expert,DLS,17,1.009529
14,DMS-DLS,expert,DLS,18,0.976824
14,DMS-DLS,expert,DLS,19,3.326198
14,DMS-DLS,expert,DLS,20,2.310508
14,DMS-DLS,expert,DLS,21,0.982218
14,DMS-DLS,expert,DLS,22,0.52767
14,DMS-DLS,expert,DLS,23,0.967465
14,DMS-DLS,expert,DLS,24,0.217072
14,DMS-DLS,expert,DLS,25,0.00653
14,DMS-ACC,naive,DMS,0,0.652052
14,DMS-ACC,naive,DMS,1,1.159842
14,DMS-ACC,naive,DMS,2,0.633652
14,DMS-ACC,naive,DMS,3,0.090768
14,DMS-ACC,naive,DMS,4,0.754962
14,DMS-ACC,naive,DMS,5,0.894772
14,DMS-ACC,naive,DMS,6,0.079805
14,DMS-ACC,naive,DMS,7,0.869087
14,DMS-ACC,naive,DMS,8,0.713423
14,DMS-ACC,naive,DMS,9,0.84557
14,DMS-ACC,naive,DMS,10,0.011234
14,DMS-ACC,naive,DMS,11,1.063181
14,DMS-ACC,naive,DMS,12,0.688943
14,DMS-ACC,naive,DMS,13,0.011157
14,DMS-ACC,naive,DMS,14,0.0
14,DMS-ACC,naive,DMS,15,0.0
14,DMS-ACC,naive,DMS,16,0.387171
14,DMS-ACC,naive,DMS,17,0.001772
14,DMS-ACC,naive,DMS,18,0.013261
14,DMS-ACC,naive,DMS,19,0.693868
14,DMS-ACC,naive,DMS,20,0.949038
14,DMS-ACC,naive,DMS,21,0.276506
14,DMS-ACC,naive,DMS,22,0.093042
14,DMS-ACC,naive,DMS,23,0.174792
14,DMS-ACC,naive,DMS,24,0.786466
14,DMS-ACC,naive,DMS,25,1.179896
14,DMS-ACC,naive,DMS,26,0.416134
14,DMS-ACC,naive,DMS,27,0.099341
14,DMS-ACC,naive,DMS,28,1.126202
14,DMS-ACC,naive,DMS,29,0.872388
14,DMS-ACC,naive,DMS,30,0.158268
14,DMS-ACC,naive,ACC,0,0.0
14,DMS-ACC,naive,ACC,1,0.0
14,DMS-ACC,naive,ACC,2,49.955328
14,DMS-ACC,naive,ACC,3,187.706583
14,DMS-ACC,naive,ACC,4,0.0
14,DMS-ACC,naive,ACC,5,0.870369
14,DMS-ACC,naive,ACC,6,2.336224
14,DMS-ACC,naive,ACC,7,7.56802
14,DMS-ACC,naive,ACC,8,0.0
14,DMS-ACC,naive,ACC,9,0.969315
14,DMS-ACC,naive,ACC,10,2.592525
14,DMS-ACC,naive,ACC,11,3.924379
14,DMS-ACC,naive,ACC,12,2.245327
14,DMS-ACC,naive,ACC,13,1.118749
14,DMS-ACC,naive,ACC,14,1.99021
14,DMS-ACC,naive,ACC,15,1.372448
14,DMS-ACC,naive,ACC,16,0.0
14,DMS-ACC,naive,ACC,17,0.0
14,DMS-ACC,naive,ACC,18,0.0
14,DMS-ACC,naive,ACC,19,2.706188
14,DMS-ACC,naive,ACC,20,0.795398
14,DMS-ACC,naive,ACC,21,0.0
14,DMS-ACC,naive,ACC,22,1.61107
14,DMS-ACC,intermediate,DMS,0,0.715396
14,DMS-ACC,intermediate,DMS,1,1.851534
14,DMS-ACC,intermediate,DMS,2,1.453646
14,DMS-ACC,intermediate,DMS,3,1.557799
14,DMS-ACC,intermediate,DMS,4,1.06226
14,DMS-ACC,intermediate,DMS,5,1.015504
14,DMS-ACC,intermediate,DMS,6,2.378197
14,DMS-ACC,intermediate,DMS,7,0.948948
14,DMS-ACC,intermediate,DMS,8,1.071507
14,DMS-ACC,intermediate,DMS,9,0.755671
14,DMS-ACC,intermediate,DMS,10,0.024964
14,DMS-ACC,intermediate,DMS,11,0.986675
14,DMS-ACC,intermediate,DMS,12,1.225619
14,DMS-ACC,intermediate,DMS,13,1.210744
14,DMS-ACC,intermediate,DMS,14,0.0
14,DMS-ACC,intermediate,DMS,15,0.087074
14,DMS-ACC,intermediate,DMS,16,1.046086
14,DMS-ACC,intermediate,DMS,17,0.0
14,DMS-ACC,intermediate,DMS,18,0.0
14,DMS-ACC,intermediate,DMS,19,2.569216
14,DMS-ACC,intermediate,DMS,20,0.018233
14,DMS-ACC,intermediate,DMS,21,0.0
14,DMS-ACC,intermediate,DMS,22,0.0
14,DMS-ACC,intermediate,DMS,23,0.0
14,DMS-ACC,intermediate,DMS,24,0.626743
14,DMS-ACC,intermediate,DMS,25,1.180275
14,DMS-ACC,intermediate,DMS,26,2.033688
14,DMS-ACC,intermediate,DMS,27,0.028974
14,DMS-ACC,intermediate,DMS,28,1.160979
14,DMS-ACC,intermediate,DMS,29,1.749488
14,DMS-ACC,intermediate,DMS,30,0.182878
14,DMS-ACC,intermediate,ACC,0,1.769654
14,DMS-ACC,intermediate,ACC,1,1.503891
14,DMS-ACC,intermediate,ACC,2,1.117362
14,DMS-ACC,intermediate,ACC,3,4.257147
14,DMS-ACC,intermediate,ACC,4,0.0
14,DMS-ACC,intermediate,ACC,5,0.0
14,DMS-ACC,intermediate,ACC,6,0.950272
14,DMS-ACC,intermediate,ACC,7,0.96742
14,DMS-ACC,intermediate,ACC,8,1.894369
14,DMS-ACC,intermediate,ACC,9,1.161233
14,DMS-ACC,intermediate,ACC,10,1.359806
14,DMS-ACC,intermediate,ACC,11,2.312838
14,DMS-ACC,intermediate,ACC,12,1.421542
14,DMS-ACC,intermediate,ACC,13,1.121823
14,DMS-ACC,intermediate,ACC,14,1.665176
14,DMS-ACC,intermediate,ACC,15,0.979572
14,DMS-ACC,intermediate,ACC,16,2.584843
14,DMS-ACC,intermediate,ACC,17,0.0
14,DMS-ACC,intermediate,ACC,18,2.018269
14,DMS-ACC,intermediate,ACC,19,6.517641
14,DMS-ACC,intermediate,ACC,20,0.0
14,DMS-ACC,intermediate,ACC,21,0.814707
14,DMS-ACC,intermediate,ACC,22,1.296662
14,DMS-ACC,expert,DMS,0,0.0
14,DMS-ACC,expert,DMS,1,1.384043
14,DMS-ACC,expert,DMS,2,1.63408
14,DMS-ACC,expert,DMS,3,1.013854
14,DMS-ACC,expert,DMS,4,1.069521
14,DMS-ACC,expert,DMS,5,1.012136
14,DMS-ACC,expert,DMS,6,0.357512
14,DMS-ACC,expert,DMS,7,0.530761
14,DMS-ACC,expert,DMS,8,1.077176
14,DMS-ACC,expert,DMS,9,1.896901
14,DMS-ACC,expert,DMS,10,0.003442
14,DMS-ACC,expert,DMS,11,1.071775
14,DMS-ACC,expert,DMS,12,1.888809
14,DMS-ACC,expert,DMS,13,1.062954
14,DMS-ACC,expert,DMS,14,0.0
14,DMS-ACC,expert,DMS,15,0.0
14,DMS-ACC,expert,DMS,16,1.829845
14,DMS-ACC,expert,DMS,17,1.263999
14,DMS-ACC,expert,DMS,18,0.034133
14,DMS-ACC,expert,DMS,19,1.026027
14,DMS-ACC,expert,DMS,20,0.054391
14,DMS-ACC,expert,DMS,21,0.0
14,DMS-ACC,expert,DMS,22,0.0
14,DMS-ACC,expert,DMS,23,0.0
14,DMS-ACC,expert,DMS,24,0.826714
14,DMS-ACC,expert,DMS,25,1.099448
14,DMS-ACC,expert,DMS,26,0.942605
14,DMS-ACC,expert,DMS,27,1.643501
14,DMS-ACC,expert,DMS,28,1.014004
14,DMS-ACC,expert,DMS,29,0.007837
14,DMS-ACC,expert,DMS,30,0.012694
14,DMS-ACC,expert,ACC,0,1.18865
14,DMS-ACC,expert,ACC,1,1.786176
14,DMS-ACC,expert,ACC,2,1.052818
14,DMS-ACC,expert,ACC,3,1.403126
14,DMS-ACC,expert,ACC,4,0.0
14,DMS-ACC,expert,ACC,5,0.0
14,DMS-ACC,expert,ACC,6,0.983637
14,DMS-ACC,expert,ACC,7,1.508967
14,DMS-ACC,expert,ACC,8,0.846153
14,DMS-ACC,expert,ACC,9,2.008512
14,DMS-ACC,expert,ACC,10,1.122706
14,DMS-ACC,expert,ACC,11,1.085886
14,DMS-ACC,expert,ACC,12,1.217582
14,DMS-ACC,expert,ACC,13,1.136942
14,DMS-ACC,expert,ACC,14,1.772805
14,DMS-ACC,expert,ACC,15,0.896746
14,DMS-ACC,expert,ACC,16,0.0
14,DMS-ACC,expert,ACC,17,0.0
14,DMS-ACC,expert,ACC,18,1.310238
14,DMS-ACC,expert,ACC,19,2.203061
14,DMS-ACC,expert,ACC,20,0.0
14,DMS-ACC,expert,ACC,21,2.048411
14,DMS-ACC,expert,ACC,22,1.525785
14,DLS-ACC,naive,DLS,0,0.936893
14,DLS-ACC,naive,DLS,1,0.981673
14,DLS-ACC,naive,DLS,2,0.178426
14,DLS-ACC,naive,DLS,3,1.857181
14,DLS-ACC,naive,DLS,4,0.006934
14,DLS-ACC,naive,DLS,5,0.002337
14,DLS-ACC,naive,DLS,6,0.956188
14,DLS-ACC,naive,DLS,7,0.874534
14,DLS-ACC,naive,DLS,8,1.179499
14,DLS-ACC,naive,DLS,9,0.00494
14,DLS-ACC,naive,DLS,10,0.842291
14,DLS-ACC,naive,DLS,11,1.545628
14,DLS-ACC,naive,DLS,12,0.940628
14,DLS-ACC,naive,DLS,13,0.002697
14,DLS-ACC,naive,DLS,14,1.991574
14,DLS-ACC,naive,DLS,15,1.112159
14,DLS-ACC,naive,DLS,16,1.520472
14,DLS-ACC,naive,DLS,17,1.024202
14,DLS-ACC,naive,DLS,18,0.989509
14,DLS-ACC,naive,DLS,19,1.019531
14,DLS-ACC,naive,DLS,20,0.289233
14,DLS-ACC,naive,DLS,21,0.808807
14,DLS-ACC,naive,DLS,22,0.246963
14,DLS-ACC,naive,DLS,23,0.39868
14,DLS-ACC,naive,DLS,24,0.68419
14,DLS-ACC,naive,DLS,25,0.029002
14,DLS-ACC,naive,ACC,0,0.0
14,DLS-ACC,naive,ACC,1,0.0
14,DLS-ACC,naive,ACC,2,49.955328
14,DLS-ACC,naive,ACC,3,187.706583
14,DLS-ACC,naive,ACC,4,0.0
14,DLS-ACC,naive,ACC,5,0.870369
14,DLS-ACC,naive,ACC,6,2.336224
14,DLS-ACC,naive,ACC,7,7.56802
14,DLS-ACC,naive,ACC,8,0.0
14,DLS-ACC,naive,ACC,9,0.969315
14,DLS-ACC,naive,ACC,10,2.592525
14,DLS-ACC,naive,ACC,11,3.924379
14,DLS-ACC,naive,ACC,12,2.245327
14,DLS-ACC,naive,ACC,13,1.118749
14,DLS-ACC,naive,ACC,14,1.99021
14,DLS-ACC,naive,ACC,15,1.372448
14,DLS-ACC,naive,ACC,16,0.0
14,DLS-ACC,naive,ACC,17,0.0
14,DLS-ACC,naive,ACC,18,0.0
14,DLS-ACC,naive,ACC,19,2.706188
14,DLS-ACC,naive,ACC,20,0.795398
14,DLS-ACC,naive,ACC,21,0.0
14,DLS-ACC,naive,ACC,22,1.61107
14,DLS-ACC,intermediate,DLS,0,1.989278
14,DLS-ACC,intermediate,DLS,1,1.240353
14,DLS-ACC,intermediate,DLS,2,0.0
14,DLS-ACC,intermediate,DLS,3,1.609235
14,DLS-ACC,intermediate,DLS,4,0.008624
14,DLS-ACC,intermediate,DLS,5,0.0
14,DLS-ACC,intermediate,DLS,6,1.237106
14,DLS-ACC,intermediate,DLS,7,2.591908
14,DLS-ACC,intermediate,DLS,8,0.72703
14,DLS-ACC,intermediate,DLS,9,0.89921
14,DLS-ACC,intermediate,DLS,10,0.71017
14,DLS-ACC,intermediate,DLS,11,0.009782
14,DLS-ACC,intermediate,DLS,12,0.923274
14,DLS-ACC,intermediate,DLS,13,0.004362
14,DLS-ACC,intermediate,DLS,14,2.939054
14,DLS-ACC,intermediate,DLS,15,1.049697
14,DLS-ACC,intermediate,DLS,16,1.035857
14,DLS-ACC,intermediate,DLS,17,1.002017
14,DLS-ACC,intermediate,DLS,18,1.005265
14,DLS-ACC,intermediate,DLS,19,2.959873
14,DLS-ACC,intermediate,DLS,20,1.175173
14,DLS-ACC,intermediate,DLS,21,1.103146
14,DLS-ACC,intermediate,DLS,22,1.108894
14,DLS-ACC,intermediate,DLS,23,0.914756
14,DLS-ACC,intermediate,DLS,24,3.152918
14,DLS-ACC,intermediate,DLS,25,0.001496
14,DLS-ACC,intermediate,ACC,0,1.769654
14,DLS-ACC,intermediate,ACC,1,1.503891
14,DLS-ACC,intermediate,ACC,2,1.117362
14,DLS-ACC,intermediate,ACC,3,4.257147
14,DLS-ACC,intermediate,ACC,4,0.0
14,DLS-ACC,intermediate,ACC,5,0.0
14,DLS-ACC,intermediate,ACC,6,0.950272
14,DLS-ACC,intermediate,ACC,7,0.96742
14,DLS-ACC,intermediate,ACC,8,1.894369
14,DLS-ACC,intermediate,ACC,9,1.161233
14,DLS-ACC,intermediate,ACC,10,1.359806
14,DLS-ACC,intermediate,ACC,11,2.312838
14,DLS-ACC,intermediate,ACC,12,1.421542
14,DLS-ACC,intermediate,ACC,13,1.121823
14,DLS-ACC,intermediate,ACC,14,1.665176
14,DLS-ACC,intermediate,ACC,15,0.979572
14,DLS-ACC,intermediate,ACC,16,2.584843
14,DLS-ACC,intermediate,ACC,17,0.0
14,DLS-ACC,intermediate,ACC,18,2.018269
14,DLS-ACC,intermediate,ACC,19,6.517641
14,DLS-ACC,intermediate,ACC,20,0.0
14,DLS-ACC,intermediate,ACC,21,0.814707
14,DLS-ACC,intermediate,ACC,22,1.296662
14,DLS-ACC,expert,DLS,0,1.002924
14,DLS-ACC,expert,DLS,1,1.111382
14,DLS-ACC,expert,DLS,2,0.778734
14,DLS-ACC,expert,DLS,3,0.768392
14,DLS-ACC,expert,DLS,4,3.126452
14,DLS-ACC,expert,DLS,5,0.0
14,DLS-ACC,expert,DLS,6,1.07518
14,DLS-ACC,expert,DLS,7,0.087544
14,DLS-ACC,expert,DLS,8,0.948627
14,DLS-ACC,expert,DLS,9,0.903342
14,DLS-ACC,expert,DLS,10,1.332744
14,DLS-ACC,expert,DLS,11,0.084233
14,DLS-ACC,expert,DLS,12,2.615712
14,DLS-ACC,expert,DLS,13,0.00402
14,DLS-ACC,expert,DLS,14,1.976612
14,DLS-ACC,expert,DLS,15,0.98945
14,DLS-ACC,expert,DLS,16,0.992274
14,DLS-ACC,expert,DLS,17,1.009527
14,DLS-ACC,expert,DLS,18,0.976822
14,DLS-ACC,expert,DLS,19,3.306561
14,DLS-ACC,expert,DLS,20,1.017926
14,DLS-ACC,expert,DLS,21,0.961712
14,DLS-ACC,expert,DLS,22,0.527256
14,DLS-ACC,expert,DLS,23,0.965049
14,DLS-ACC,expert,DLS,24,0.216054
14,DLS-ACC,expert,DLS,25,0.006529
14,DLS-ACC,expert,ACC,0,1.18865
14,DLS-ACC,expert,ACC,1,1.786176
14,DLS-ACC,expert,ACC,2,1.052818
14,DLS-ACC,expert,ACC,3,1.403126
14,DLS-ACC,expert,ACC,4,0.0
14,DLS-ACC,expert,ACC,5,0.0
14,DLS-ACC,expert,ACC,6,0.983637
14,DLS-ACC,expert,ACC,7,1.508967
14,DLS-ACC,expert,ACC,8,0.846153
14,DLS-ACC,expert,ACC,9,2.008512
14,DLS-ACC,expert,ACC,10,1.122706
14,DLS-ACC,expert,ACC,11,1.085886
14,DLS-ACC,expert,ACC,12,1.217582
14,DLS-ACC,expert,ACC,13,1.136942
14,DLS-ACC,expert,ACC,14,1.772805
14,DLS-ACC,expert,ACC,15,0.896746
14,DLS-ACC,expert,ACC,16,0.0
14,DLS-ACC,expert,ACC,17,0.0
14,DLS-ACC,expert,ACC,18,1.310238
14,DLS-ACC,expert,ACC,19,2.203061
14,DLS-ACC,expert,ACC,20,0.0
14,DLS-ACC,expert,ACC,21,2.048411
14,DLS-ACC,expert,ACC,22,1.525785
