animal,pair,epoch,area,unit,contrib
1,DMS-DLS,naive,DMS,0,0.199058
1,DMS-DLS,naive,DMS,1,0.563959
1,DMS-DLS,naive,DMS,2,0.945016
1,DMS-DLS,naive,DMS,3,0.035362
1,DMS-DLS,naive,DMS,4,0.82344
1,DMS-DLS,naive,DMS,5,0.098524
1,DMS-DLS,naive,DMS,6,0.354107
1,DMS-DLS,naive,DMS,7,0.015972
1,DMS-DLS,naive,DMS,8,0.016701
1,DMS-DLS,naive,DMS,9,0.023511
1,DMS-DLS,naive,DMS,10,0.299117
1,DMS-DLS,naive,DMS,11,0.212331
1,DMS-DLS,naive,DMS,12,0.008099
1,DMS-DLS,naive,DMS,13,0.15305
1,DMS-DLS,naive,DMS,14,0.843115
1,DMS-DLS,naive,DMS,15,0.617702
1,DMS-DLS,naive,DMS,16,0.564895
1,DMS-DLS,naive,DMS,17,0.09279
1,DMS-DLS,naive,DMS,18,0.037034
1,DMS-DLS,naive,DMS,19,0.302274
1,DMS-DLS,naive,DMS,20,0.072142
1,DMS-DLS,naive,DMS,21,0.29879
1,DMS-DLS,naive,DMS,22,0.0
1,DMS-DLS,naive,DMS,23,0.6776
1,DMS-DLS,naive,DMS,24,0.798823
1,DMS-DLS,naive,DMS,25,0.094198
1,DMS-DLS,naive,DMS,26,0.052617
1,DMS-DLS,naive,DMS,27,0.34109
1,DMS-DLS,naive,DMS,28,0.548517
1,DMS-DLS,naive,DMS,29,0.125472
1,DMS-DLS,naive,DMS,30,0.097157
1,DMS-DLS,naive,DMS,31,0.359944
1,DMS-DLS,naive,DMS,32,1.017423
1,DMS-DLS,naive,DMS,33,0.730121
1,DMS-DLS,naive,DMS,34,0.683887
1,DMS-DLS,naive,DMS,35,0.229288
1,DMS-DLS,naive,DMS,36,0.0
1,DMS-DLS,naive,DMS,37,0.696633
1,DMS-DLS,naive,DMS,38,0.72128
1,DMS-DLS,naive,DMS,39,0.970337
1,DMS-DLS,naive,DMS,40,0.905781
1,DMS-DLS,naive,DMS,41,0.16187
1,DMS-DLS,naive,DMS,42,0.735639
1,DMS-DLS,naive,DMS,43,0.580156
1,DMS-DLS,naive,DMS,44,0.247204
1,DMS-DLS,naive,DMS,45,0.864663
1,DMS-DLS,naive,DMS,46,0.077764
1,DMS-DLS,naive,DMS,47,0.737174
1,DMS-DLS,naive,DMS,48,0.62257
1,DMS-DLS,naive,DMS,49,0.506366
1,DMS-DLS,naive,DMS,50,0.136966
1,DMS-DLS,naive,DMS,51,0.189163
1,DMS-DLS,naive,DMS,52,0.948274
1,DMS-DLS,naive,DMS,53,0.88426
1,DMS-DLS,naive,DMS,54,0.112028
1,DMS-DLS,naive,DMS,55,0.793221
1,DMS-DLS,naive,DLS,0,0.0
1,DMS-DLS,naive,DLS,1,0.570917
1,DMS-DLS,naive,DLS,2,0.759655
1,DMS-DLS,naive,DLS,3,1.052975
1,DMS-DLS,naive,DLS,4,0.152062
1,DMS-DLS,naive,DLS,5,1.076783
1,DMS-DLS,naive,DLS,6,0.153585
1,DMS-DLS,naive,DLS,7,0.975662
1,DMS-DLS,naive,DLS,8,1.470321
1,DMS-DLS,naive,DLS,9,0.58769
1,DMS-DLS,naive,DLS,10,0.18619
1,DMS-DLS,naive,DLS,11,0.65614
1,DMS-DLS,naive,DLS,12,1.296256
1,DMS-DLS,naive,DLS,13,0.0
1,DMS-DLS,naive,DLS,14,0.824116
1,DMS-DLS,naive,DLS,15,0.374725
1,DMS-DLS,naive,DLS,16,0.977683
1,DMS-DLS,naive,DLS,17,0.780442
1,DMS-DLS,naive,DLS,18,0.722826
1,DMS-DLS,naive,DLS,19,1.001729
1,DMS-DLS,naive,DLS,20,0.00826
1,DMS-DLS,naive,DLS,21,0.0
1,DMS-DLS,naive,DLS,22,0.95872
1,DMS-DLS,naive,DLS,23,0.752212
1,DMS-DLS,naive,DLS,24,0.0
1,DMS-DLS,naive,DLS,25,0.819653
1,DMS-DLS,naive,DLS,26,0.670106
1,DMS-DLS,naive,DLS,27,0.117226
1,DMS-DLS,naive,DLS,28,0.0
1,DMS-DLS,naive,DLS,29,0.769737
1,DMS-DLS,naive,DLS,30,1.034343
1,DMS-DLS,naive,DLS,31,0.16077
1,DMS-DLS,naive,DLS,32,0.90244
1,DMS-DLS,naive,DLS,33,0.016217
1,DMS-DLS,naive,DLS,34,0.687301
1,DMS-DLS,naive,DLS,35,1.104688
1,DMS-DLS,naive,DLS,36,0.01604
1,DMS-DLS,naive,DLS,37,0.8462
1,DMS-DLS,intermediate,DMS,0,0.226733
1,DMS-DLS,intermediate,DMS,1,0.555144
1,DMS-DLS,intermediate,DMS,2,0.949381
1,DMS-DLS,intermediate,DMS,3,0.084934
1,DMS-DLS,intermediate,DMS,4,0.792255
1,DMS-DLS,intermediate,DMS,5,0.11214
1,DMS-DLS,intermediate,DMS,6,0.832449
1,DMS-DLS,intermediate,DMS,7,0.070477
1,DMS-DLS,intermediate,DMS,8,0.084313
1,DMS-DLS,intermediate,DMS,9,0.746189
1,DMS-DLS,intermediate,DMS,10,0.285421
1,DMS-DLS,intermediate,DMS,11,0.246178
1,DMS-DLS,intermediate,DMS,12,0.129948
1,DMS-DLS,intermediate,DMS,13,0.415509
1,DMS-DLS,intermediate,DMS,14,0.832533
1,DMS-DLS,intermediate,DMS,15,0.735132
1,DMS-DLS,intermediate,DMS,16,0.900886
1,DMS-DLS,intermediate,DMS,17,0.037504
1,DMS-DLS,intermediate,DMS,18,0.499228
1,DMS-DLS,intermediate,DMS,19,0.209069
1,DMS-DLS,intermediate,DMS,20,0.925043
1,DMS-DLS,intermediate,DMS,21,0.039167
1,DMS-DLS,intermediate,DMS,22,0.0
1,DMS-DLS,intermediate,DMS,23,0.805187
1,DMS-DLS,intermediate,DMS,24,0.84466
1,DMS-DLS,intermediate,DMS,25,0.470408
1,DMS-DLS,intermediate,DMS,26,0.059426
1,DMS-DLS,intermediate,DMS,27,0.391196
1,DMS-DLS,intermediate,DMS,28,0.121537
1,DMS-DLS,intermediate,DMS,29,0.726036
1,DMS-DLS,intermediate,DMS,30,0.039341
1,DMS-DLS,intermediate,DMS,31,0.690684
1,DMS-DLS,intermediate,DMS,32,0.071572
1,DMS-DLS,intermediate,DMS,33,0.045468
1,DMS-DLS,intermediate,DMS,34,0.06073
1,DMS-DLS,intermediate,DMS,35,0.044293
1,DMS-DLS,intermediate,DMS,36,0.141008
1,DMS-DLS,intermediate,DMS,37,0.688192
1,DMS-DLS,intermediate,DMS,38,0.46372
1,DMS-DLS,intermediate,DMS,39,0.138089
1,DMS-DLS,intermediate,DMS,40,0.851623
1,DMS-DLS,intermediate,DMS,41,0.431691
1,DMS-DLS,intermediate,DMS,42,0.0
1,DMS-DLS,intermediate,DMS,43,0.135706
1,DMS-DLS,intermediate,DMS,44,0.880546
1,DMS-DLS,intermediate,DMS,45,0.908746
1,DMS-DLS,intermediate,DMS,46,0.0
1,DMS-DLS,intermediate,DMS,47,0.165739
1,DMS-DLS,intermediate,DMS,48,0.019056
1,DMS-DLS,intermediate,DMS,49,0.059344
1,DMS-DLS,intermediate,DMS,50,0.348545
1,DMS-DLS,intermediate,DMS,51,0.902017
1,DMS-DLS,intermediate,DMS,52,0.072469
1,DMS-DLS,intermediate,DMS,53,0.863814
1,DMS-DLS,intermediate,DMS,54,0.166797
1,DMS-DLS,intermediate,DMS,55,0.94356
1,DMS-DLS,intermediate,DLS,0,0.37409
1,DMS-DLS,intermediate,DLS,1,0.609991
1,DMS-DLS,intermediate,DLS,2,0.585206
1,DMS-DLS,intermediate,DLS,3,1.002516
1,DMS-DLS,intermediate,DLS,4,0.930685
1,DMS-DLS,intermediate,DLS,5,0.034129
1,DMS-DLS,intermediate,DLS,6,0.085008
1,DMS-DLS,intermediate,DLS,7,0.972498
1,DMS-DLS,intermediate,DLS,8,0.832774
1,DMS-DLS,intermediate,DLS,9,0.667336
1,DMS-DLS,intermediate,DLS,10,0.085192
1,DMS-DLS,intermediate,DLS,11,1.044149
1,DMS-DLS,intermediate,DLS,12,0.231406
1,DMS-DLS,intermediate,DLS,13,0.0
1,DMS-DLS,intermediate,DLS,14,0.517145
1,DMS-DLS,intermediate,DLS,15,0.742723
1,DMS-DLS,intermediate,DLS,16,0.76313
1,DMS-DLS,intermediate,DLS,17,0.766112
1,DMS-DLS,intermediate,DLS,18,0.71039
1,DMS-DLS,intermediate,DLS,19,0.994718
1,DMS-DLS,intermediate,DLS,20,0.642522
1,DMS-DLS,intermediate,DLS,21,0.807987
1,DMS-DLS,intermediate,DLS,22,0.942993
1,DMS-DLS,intermediate,DLS,23,0.0
1,DMS-DLS,intermediate,DLS,24,0.038217
1,DMS-DLS,intermediate,DLS,25,0.0
1,DMS-DLS,intermediate,DLS,26,0.083567
1,DMS-DLS,intermediate,DLS,27,0.062307
1,DMS-DLS,intermediate,DLS,28,0.0
1,DMS-DLS,intermediate,DLS,29,0.755334
1,DMS-DLS,intermediate,DLS,30,0.549396
1,DMS-DLS,intermediate,DLS,31,0.502911
1,DMS-DLS,intermediate,DLS,32,0.4609
1,DMS-DLS,intermediate,DLS,33,0.369614
1,DMS-DLS,intermediate,DLS,34,0.792448
1,DMS-DLS,intermediate,DLS,35,0.234919
1,DMS-DLS,intermediate,DLS,36,0.0
1,DMS-DLS,intermediate,DLS,37,0.561412
1,DMS-DLS,expert,DMS,0,0.196627
1,DMS-DLS,expert,DMS,1,0.268698
1,DMS-DLS,expert,DMS,2,0.829925
1,DMS-DLS,expert,DMS,3,0.180985
1,DMS-DLS,expert,DMS,4,0.724414
1,DMS-DLS,expert,DMS,5,0.254594
1,DMS-DLS,expert,DMS,6,0.497928
1,DMS-DLS,expert,DMS,7,0.734172
1,DMS-DLS,expert,DMS,8,0.065728
1,DMS-DLS,expert,DMS,9,0.114353
1,DMS-DLS,expert,DMS,10,0.197421
1,DMS-DLS,expert,DMS,11,0.20737
1,DMS-DLS,expert,DMS,12,0.517019
1,DMS-DLS,expert,DMS,13,0.168722
1,DMS-DLS,expert,DMS,14,0.836316
1,DMS-DLS,expert,DMS,15,0.773278
1,DMS-DLS,expert,DMS,16,0.148039
1,DMS-DLS,expert,DMS,17,0.910756
1,DMS-DLS,expert,DMS,18,0.769474
1,DMS-DLS,expert,DMS,19,0.624335
1,DMS-DLS,expert,DMS,20,0.674778
1,DMS-DLS,expert,DMS,21,0.049951
1,DMS-DLS,expert,DMS,22,0.0
1,DMS-DLS,expert,DMS,23,0.857094
1,DMS-DLS,expert,DMS,24,0.848
1,DMS-DLS,expert,DMS,25,0.126019
1,DMS-DLS,expert,DMS,26,0.025149
1,DMS-DLS,expert,DMS,27,0.231596
1,DMS-DLS,expert,DMS,28,0.062204
1,DMS-DLS,expert,DMS,29,0.649995
1,DMS-DLS,expert,DMS,30,0.214965
1,DMS-DLS,expert,DMS,31,0.801853
1,DMS-DLS,expert,DMS,32,0.733045
1,DMS-DLS,expert,DMS,33,0.009696
1,DMS-DLS,expert,DMS,34,0.081591
1,DMS-DLS,expert,DMS,35,0.203832
1,DMS-DLS,expert,DMS,36,0.039059
1,DMS-DLS,expert,DMS,37,0.597779
1,DMS-DLS,expert,DMS,38,1.00703
1,DMS-DLS,expert,DMS,39,0.843134
1,DMS-DLS,expert,DMS,40,0.866839
1,DMS-DLS,expert,DMS,41,0.188466
1,DMS-DLS,expert,DMS,42,0.008394
1,DMS-DLS,expert,DMS,43,0.046871
1,DMS-DLS,expert,DMS,44,0.845181
1,DMS-DLS,expert,DMS,45,0.698021
1,DMS-DLS,expert,DMS,46,0.023559
1,DMS-DLS,expert,DMS,47,0.231022
1,DMS-DLS,expert,DMS,48,0.0
1,DMS-DLS,expert,DMS,49,0.080148
1,DMS-DLS,expert,DMS,50,0.069738
1,DMS-DLS,expert,DMS,51,0.886945
1,DMS-DLS,expert,DMS,52,0.105836
1,DMS-DLS,expert,DMS,53,0.242445
1,DMS-DLS,expert,DMS,54,0.169585
1,DMS-DLS,expert,DMS,55,0.886957
1,DMS-DLS,expert,DLS,0,0.043694
1,DMS-DLS,expert,DLS,1,0.700022
1,DMS-DLS,expert,DLS,2,0.61066
1,DMS-DLS,expert,DLS,3,1.070012
1,DMS-DLS,expert,DLS,4,0.92782
1,DMS-DLS,expert,DLS,5,0.332299
1,DMS-DLS,expert,DLS,6,1.06682
1,DMS-DLS,expert,DLS,7,1.00725
1,DMS-DLS,expert,DLS,8,0.816895
1,DMS-DLS,expert,DLS,9,0.025679
1,DMS-DLS,expert,DLS,10,0.136697
1,DMS-DLS,expert,DLS,11,0.022857
1,DMS-DLS,expert,DLS,12,0.905226
1,DMS-DLS,expert,DLS,13,0.0
1,DMS-DLS,expert,DLS,14,0.468162
1,DMS-DLS,expert,DLS,15,0.725388
1,DMS-DLS,expert,DLS,16,1.27103
1,DMS-DLS,expert,DLS,17,0.156219
1,DMS-DLS,expert,DLS,18,1.003111
1,DMS-DLS,expert,DLS,19,1.004299
1,DMS-DLS,expert,DLS,20,0.984776
1,DMS-DLS,expert,DLS,21,0.0
1,DMS-DLS,expert,DLS,22,0.871923
1,DMS-DLS,expert,DLS,23,0.0
1,DMS-DLS,expert,DLS,24,1.313852
1,DMS-DLS,expert,DLS,25,0.579746
1,DMS-DLS,expert,DLS,26,0.435649
1,DMS-DLS,expert,DLS,27,0.203575
1,DMS-DLS,expert,DLS,28,0.0
1,DMS-DLS,expert,DLS,29,0.038602
1,DMS-DLS,expert,DLS,30,0.0
1,DMS-DLS,expert,DLS,31,1.019892
1,DMS-DLS,expert,DLS,32,0.372878
1,DMS-DLS,expert,DLS,33,1.266854
1,DMS-DLS,expert,DLS,34,0.15541
1,DMS-DLS,expert,DLS,35,1.051904
1,DMS-DLS,expert,DLS,36,0.872889
1,DMS-DLS,expert,DLS,37,1.103445
1,DMS-ACC,naive,DMS,0,0.204809
1,DMS-ACC,naive,DMS,1,0.564332
1,DMS-ACC,naive,DMS,2,0.939543
1,DMS-ACC,naive,DMS,3,0.03616
1,DMS-ACC,naive,DMS,4,0.820369
1,DMS-ACC,naive,DMS,5,0.099747
1,DMS-ACC,naive,DMS,6,0.360361
1,DMS-ACC,naive,DMS,7,0.014862
1,DMS-ACC,naive,DMS,8,0.016595
1,DMS-ACC,naive,DMS,9,0.02334
1,DMS-ACC,naive,DMS,10,0.300167
1,DMS-ACC,naive,DMS,11,0.195915
1,DMS-ACC,naive,DMS,12,0.007971
1,DMS-ACC,naive,DMS,13,0.13512
1,DMS-ACC,naive,DMS,14,0.837539
1,DMS-ACC,naive,DMS,15,0.61608
1,DMS-ACC,naive,DMS,16,0.509404
1,DMS-ACC,naive,DMS,17,0.091295
1,DMS-ACC,naive,DMS,18,0.038238
1,DMS-ACC,naive,DMS,19,0.301822
1,DMS-ACC,naive,DMS,20,0.0843
1,DMS-ACC,naive,DMS,21,0.287637
1,DMS-ACC,naive,DMS,22,0.0
1,DMS-ACC,naive,DMS,23,0.676654
1,DMS-ACC,naive,DMS,24,0.80211
1,DMS-ACC,naive,DMS,25,0.086971
1,DMS-ACC,naive,DMS,26,0.051732
1,DMS-ACC,naive,DMS,27,0.297932
1,DMS-ACC,naive,DMS,28,0.530166
1,DMS-ACC,naive,DMS,29,0.129229
1,DMS-ACC,naive,DMS,30,0.077208
1,DMS-ACC,naive,DMS,31,0.347831
1,DMS-ACC,naive,DMS,32,1.021517
1,DMS-ACC,naive,DMS,33,0.76252
1,DMS-ACC,naive,DMS,34,0.682172
1,DMS-ACC,naive,DMS,35,0.213948
1,DMS-ACC,naive,DMS,36,0.0
1,DMS-ACC,naive,DMS,37,0.697413
1,DMS-ACC,naive,DMS,38,0.722012
1,DMS-ACC,naive,DMS,39,0.969974
1,DMS-ACC,naive,DMS,40,0.902036
1,DMS-ACC,naive,DMS,41,0.150993
1,DMS-ACC,naive,DMS,42,0.613612
1,DMS-ACC,naive,DMS,43,0.579713
1,DMS-ACC,naive,DMS,44,0.249847
1,DMS-ACC,naive,DMS,45,0.864071
1,DMS-ACC,naive,DMS,46,0.067872
1,DMS-ACC,naive,DMS,47,0.700873
1,DMS-ACC,naive,DMS,48,0.639958
1,DMS-ACC,naive,DMS,49,0.520994
1,DMS-ACC,naive,DMS,50,0.131225
1,DMS-ACC,naive,DMS,51,0.210725
1,DMS-ACC,naive,DMS,52,0.946762
1,DMS-ACC,naive,DMS,53,0.886265
1,DMS-ACC,naive,DMS,54,0.111345
1,DMS-ACC,naive,DMS,55,0.793101
1,DMS-ACC,naive,ACC,0,1.688105
1,DMS-ACC,naive,ACC,1,0.136404
1,DMS-ACC,naive,ACC,2,0.014414
1,DMS-ACC,naive,ACC,3,1.29104
1,DMS-ACC,naive,ACC,4,1.015668
1,DMS-ACC,naive,ACC,5,1.63527
1,DMS-ACC,naive,ACC,6,0.0
1,DMS-ACC,naive,ACC,7,0.0
1,DMS-ACC,naive,ACC,8,1.298369
1,DMS-ACC,naive,ACC,9,0.028802
1,DMS-ACC,naive,ACC,10,0.928039
1,DMS-ACC,naive,ACC,11,1.065658
1,DMS-ACC,naive,ACC,12,1.769144
1,DMS-ACC,naive,ACC,13,1.774641
1,DMS-ACC,naive,ACC,14,0.0
1,DMS-ACC,naive,ACC,15,1.398982
1,DMS-ACC,naive,ACC,16,0.067935
1,DMS-ACC,naive,ACC,17,1.253044
1,DMS-ACC,naive,ACC,18,1.135582
1,DMS-ACC,naive,ACC,19,1.03489
1,DMS-ACC,naive,ACC,20,0.0
1,DMS-ACC,naive,ACC,21,0.041292
1,DMS-ACC,naive,ACC,22,1.235963
1,DMS-ACC,naive,ACC,23,1.039274
1,DMS-ACC,naive,ACC,24,1.177333
1,DMS-ACC,naive,ACC,25,0.0
1,DMS-ACC,naive,ACC,26,1.148371
1,DMS-ACC,naive,ACC,27,1.458899
1,DMS-ACC,naive,ACC,28,0.421577
1,DMS-ACC,naive,ACC,29,0.0
1,DMS-ACC,naive,ACC,30,1.599095
1,DMS-ACC,naive,ACC,31,0.0
1,DMS-ACC,naive,ACC,32,0.899203
1,DMS-ACC,naive,ACC,33,1.388961
1,DMS-ACC,intermediate,DMS,0,0.211687
1,DMS-ACC,intermediate,DMS,1,0.556444
1,DMS-ACC,intermediate,DMS,2,0.950857
1,DMS-ACC,intermediate,DMS,3,0.085712
1,DMS-ACC,intermediate,DMS,4,0.801487
1,DMS-ACC,intermediate,DMS,5,0.113566
1,DMS-ACC,intermediate,DMS,6,0.834338
1,DMS-ACC,intermediate,DMS,7,0.068528
1,DMS-ACC,intermediate,DMS,8,0.083516
1,DMS-ACC,intermediate,DMS,9,0.738404
1,DMS-ACC,intermediate,DMS,10,0.295799
1,DMS-ACC,intermediate,DMS,11,0.243189
1,DMS-ACC,intermediate,DMS,12,0.133247
1,DMS-ACC,intermediate,DMS,13,0.412713
1,DMS-ACC,intermediate,DMS,14,0.830984
1,DMS-ACC,intermediate,DMS,15,0.738405
1,DMS-ACC,intermediate,DMS,16,0.896077
1,DMS-ACC,intermediate,DMS,17,0.038445
1,DMS-ACC,intermediate,DMS,18,0.539206
1,DMS-ACC,intermediate,DMS,19,0.2078
1,DMS-ACC,intermediate,DMS,20,0.926505
1,DMS-ACC,intermediate,DMS,21,0.03869
1,DMS-ACC,intermediate,DMS,22,0.0
1,DMS-ACC,intermediate,DMS,23,0.805423
1,DMS-ACC,intermediate,DMS,24,0.845024
1,DMS-ACC,intermediate,DMS,25,0.466974
1,DMS-ACC,intermediate,DMS,26,0.059803
1,DMS-ACC,intermediate,DMS,27,0.37827
1,DMS-ACC,intermediate,DMS,28,0.12975
1,DMS-ACC,intermediate,DMS,29,0.727386
1,DMS-ACC,intermediate,DMS,30,0.03925
1,DMS-ACC,intermediate,DMS,31,0.675942
1,DMS-ACC,intermediate,DMS,32,0.073927
1,DMS-ACC,intermediate,DMS,33,0.046865
1,DMS-ACC,intermediate,DMS,34,0.054947
1,DMS-ACC,intermediate,DMS,35,0.043838
1,DMS-ACC,intermediate,DMS,36,0.139451
1,DMS-ACC,intermediate,DMS,37,0.689735
1,DMS-ACC,intermediate,DMS,38,0.454557
1,DMS-ACC,intermediate,DMS,39,0.147096
1,DMS-ACC,intermediate,DMS,40,0.852112
1,DMS-ACC,intermediate,DMS,41,0.408127
1,DMS-ACC,intermediate,DMS,42,0.0
1,DMS-ACC,intermediate,DMS,43,0.134941
1,DMS-ACC,intermediate,DMS,44,0.880988
1,DMS-ACC,intermediate,DMS,45,0.912398
1,DMS-ACC,intermediate,DMS,46,0.0
1,DMS-ACC,intermediate,DMS,47,0.170645
1,DMS-ACC,intermediate,DMS,48,0.025615
1,DMS-ACC,intermediate,DMS,49,0.069575
1,DMS-ACC,intermediate,DMS,50,0.318107
1,DMS-ACC,intermediate,DMS,51,0.901541
1,DMS-ACC,intermediate,DMS,52,0.070197
1,DMS-ACC,intermediate,DMS,53,0.8771
1,DMS-ACC,intermediate,DMS,54,0.190775
1,DMS-ACC,intermediate,DMS,55,0.93102
1,DMS-ACC,intermediate,ACC,0,1.255827
1,DMS-ACC,intermediate,ACC,1,1.456322
1,DMS-ACC,intermediate,ACC,2,1.3285
1,DMS-ACC,intermediate,ACC,3,1.337217
1,DMS-ACC,intermediate,ACC,4,0.757812
1,DMS-ACC,intermediate,ACC,5,0.838507
1,DMS-ACC,intermediate,ACC,6,1.476875
1,DMS-ACC,intermediate,ACC,7,0.008123
1,DMS-ACC,intermediate,ACC,8,1.135172
1,DMS-ACC,intermediate,ACC,9,0.034442
1,DMS-ACC,intermediate,ACC,10,0.922065
1,DMS-ACC,intermediate,ACC,11,0.947919
1,DMS-ACC,intermediate,ACC,12,0.002216
1,DMS-ACC,intermediate,ACC,13,1.154684
1,DMS-ACC,intermediate,ACC,14,0.016144
1,DMS-ACC,intermediate,ACC,15,0.165631
1,DMS-ACC,intermediate,ACC,16,1.31003
1,DMS-ACC,intermediate,ACC,17,0.913862
1,DMS-ACC,intermediate,ACC,18,0.051792
1,DMS-ACC,intermediate,ACC,19,1.151956
1,DMS-ACC,intermediate,ACC,20,0.024655
1,DMS-ACC,intermediate,ACC,21,0.0
1,DMS-ACC,intermediate,ACC,22,0.012105
1,DMS-ACC,intermediate,ACC,23,0.918859
1,DMS-ACC,intermediate,ACC,24,1.049321
1,DMS-ACC,intermediate,ACC,25,0.0
1,DMS-ACC,intermediate,ACC,26,1.076324
1,DMS-ACC,intermediate,ACC,27,1.241329
1,DMS-ACC,intermediate,ACC,28,0.752522
1,DMS-ACC,intermediate,ACC,29,0.0
1,DMS-ACC,intermediate,ACC,30,1.324553
1,DMS-ACC,intermediate,ACC,31,0.055393
1,DMS-ACC,intermediate,ACC,32,1.328188
1,DMS-ACC,intermediate,ACC,33,0.432584
1,DMS-ACC,expert,DMS,0,0.191842
1,DMS-ACC,expert,DMS,1,0.258365
1,DMS-ACC,expert,DMS,2,0.82702
1,DMS-ACC,expert,DMS,3,0.183282
1,DMS-ACC,expert,DMS,4,0.718861
1,DMS-ACC,expert,DMS,5,0.265138
1,DMS-ACC,expert,DMS,6,0.513558
1,DMS-ACC,expert,DMS,7,0.733636
1,DMS-ACC,expert,DMS,8,0.065952
1,DMS-ACC,expert,DMS,9,0.104887
1,DMS-ACC,expert,DMS,10,0.2075
1,DMS-ACC,expert,DMS,11,0.205163
1,DMS-ACC,expert,DMS,12,0.542853
1,DMS-ACC,expert,DMS,13,0.173922
1,DMS-ACC,expert,DMS,14,0.794876
1,DMS-ACC,expert,DMS,15,0.763343
1,DMS-ACC,expert,DMS,16,0.158685
1,DMS-ACC,expert,DMS,17,0.899953
1,DMS-ACC,expert,DMS,18,0.76687
1,DMS-ACC,expert,DMS,19,0.678697
1,DMS-ACC,expert,DMS,20,0.664464
1,DMS-ACC,expert,DMS,21,0.046167
1,DMS-ACC,expert,DMS,22,0.0
1,DMS-ACC,expert,DMS,23,0.877994
1,DMS-ACC,expert,DMS,24,0.844365
1,DMS-ACC,expert,DMS,25,0.118426
1,DMS-ACC,expert,DMS,26,0.025347
1,DMS-ACC,expert,DMS,27,0.229486
1,DMS-ACC,expert,DMS,28,0.06955
1,DMS-ACC,expert,DMS,29,0.650497
1,DMS-ACC,expert,DMS,30,0.210728
1,DMS-ACC,expert,DMS,31,0.761639
1,DMS-ACC,expert,DMS,32,0.733367
1,DMS-ACC,expert,DMS,33,0.009501
1,DMS-ACC,expert,DMS,34,0.079092
1,DMS-ACC,expert,DMS,35,0.208204
1,DMS-ACC,expert,DMS,36,0.036853
1,DMS-ACC,expert,DMS,37,0.601872
1,DMS-ACC,expert,DMS,38,1.005173
1,DMS-ACC,expert,DMS,39,0.842357
1,DMS-ACC,expert,DMS,40,0.867415
1,DMS-ACC,expert,DMS,41,0.170398
1,DMS-ACC,expert,DMS,42,0.007316
1,DMS-ACC,expert,DMS,43,0.044461
1,DMS-ACC,expert,DMS,44,0.850241
1,DMS-ACC,expert,DMS,45,0.704058
1,DMS-ACC,expert,DMS,46,0.027046
1,DMS-ACC,expert,DMS,47,0.223211
1,DMS-ACC,expert,DMS,48,0.0
1,DMS-ACC,expert,DMS,49,0.081273
1,DMS-ACC,expert,DMS,50,0.071004
1,DMS-ACC,expert,DMS,51,0.88051
1,DMS-ACC,expert,DMS,52,0.101736
1,DMS-ACC,expert,DMS,53,0.250222
1,DMS-ACC,expert,DMS,54,0.177034
1,DMS-ACC,expert,DMS,55,0.883321
1,DMS-ACC,expert,ACC,0,0.939856
1,DMS-ACC,expert,ACC,1,1.210113
1,DMS-ACC,expert,ACC,2,1.133136
1,DMS-ACC,expert,ACC,3,1.071166
1,DMS-ACC,expert,ACC,4,0.764437
1,DMS-ACC,expert,ACC,5,0.609388
1,DMS-ACC,expert,ACC,6,0.0
1,DMS-ACC,expert,ACC,7,0.0
1,DMS-ACC,expert,ACC,8,1.106515
1,DMS-ACC,expert,ACC,9,0.07739
1,DMS-ACC,expert,ACC,10,0.861683
1,DMS-ACC,expert,ACC,11,1.036775
1,DMS-ACC,expert,ACC,12,0.117854
1,DMS-ACC,expert,ACC,13,0.949377
1,DMS-ACC,expert,ACC,14,0.03197
1,DMS-ACC,expert,ACC,15,0.877807
1,DMS-ACC,expert,ACC,16,0.136748
1,DMS-ACC,expert,ACC,17,0.787386
1,DMS-ACC,expert,ACC,18,0.245822
1,DMS-ACC,expert,ACC,19,0.994827
1,DMS-ACC,expert,ACC,20,0.998539
1,DMS-ACC,expert,ACC,21,0.045678
1,DMS-ACC,expert,ACC,22,0.004662
1,DMS-ACC,expert,ACC,23,0.799172
1,DMS-ACC,expert,ACC,24,0.871342
1,DMS-ACC,expert,ACC,25,0.478549
1,DMS-ACC,expert,ACC,26,1.10576
1,DMS-ACC,expert,ACC,27,1.036606
1,DMS-ACC,expert,ACC,28,0.785409
1,DMS-ACC,expert,ACC,29,1.065996
1,DMS-ACC,expert,ACC,30,1.19169
1,DMS-ACC,expert,ACC,31,0.302697
1,DMS-ACC,expert,ACC,32,0.065913
1,DMS-ACC,expert,ACC,33,0.128628
1,DLS-ACC,naive,DLS,0,0.0
1,DLS-ACC,naive,DLS,1,0.568905
1,DLS-ACC,naive,DLS,2,0.761924
1,DLS-ACC,naive,DLS,3,1.056387
1,DLS-ACC,naive,DLS,4,0.15615
1,DLS-ACC,naive,DLS,5,1.084735
1,DLS-ACC,naive,DLS,6,0.159273
1,DLS-ACC,naive,DLS,7,0.978952
1,DLS-ACC,naive,DLS,8,1.466182
1,DLS-ACC,naive,DLS,9,0.589035
1,DLS-ACC,naive,DLS,10,0.195477
1,DLS-ACC,naive,DLS,11,0.658542
1,DLS-ACC,naive,DLS,12,1.296089
1,DLS-ACC,naive,DLS,13,0.0
1,DLS-ACC,naive,DLS,14,0.824549
1,DLS-ACC,naive,DLS,15,0.372617
1,DLS-ACC,naive,DLS,16,0.986673
1,DLS-ACC,naive,DLS,17,0.787025
1,DLS-ACC,naive,DLS,18,0.725265
1,DLS-ACC,naive,DLS,19,1.003294
1,DLS-ACC,naive,DLS,20,0.007079
1,DLS-ACC,naive,DLS,21,0.0
1,DLS-ACC,naive,DLS,22,0.96218
1,DLS-ACC,naive,DLS,23,0.756326
1,DLS-ACC,naive,DLS,24,0.0
1,DLS-ACC,naive,DLS,25,0.823743
1,DLS-ACC,naive,DLS,26,0.673009
1,DLS-ACC,naive,DLS,27,0.127009
1,DLS-ACC,naive,DLS,28,0.0
1,DLS-ACC,naive,DLS,29,0.783691
1,DLS-ACC,naive,DLS,30,1.044448
1,DLS-ACC,naive,DLS,31,0.162665
1,DLS-ACC,naive,DLS,32,0.909835
1,DLS-ACC,naive,DLS,33,0.016323
1,DLS-ACC,naive,DLS,34,0.693282
1,DLS-ACC,naive,DLS,35,1.108988
1,DLS-ACC,naive,DLS,36,0.017807
1,DLS-ACC,naive,DLS,37,0.848393
1,DLS-ACC,naive,ACC,0,1.682819
1,DLS-ACC,naive,ACC,1,0.093959
1,DLS-ACC,naive,ACC,2,0.012352
1,DLS-ACC,naive,ACC,3,1.29576
1,DLS-ACC,naive,ACC,4,1.009384
1,DLS-ACC,naive,ACC,5,1.637359
1,DLS-ACC,naive,ACC,6,0.0
1,DLS-ACC,naive,ACC,7,0.0
1,DLS-ACC,naive,ACC,8,1.312407
1,DLS-ACC,naive,ACC,9,0.02718
1,DLS-ACC,naive,ACC,10,1.051572
1,DLS-ACC,naive,ACC,11,1.073862
1,DLS-ACC,naive,ACC,12,1.755012
1,DLS-ACC,naive,ACC,13,1.779404
1,DLS-ACC,naive,ACC,14,0.0
1,DLS-ACC,naive,ACC,15,1.406981
1,DLS-ACC,naive,ACC,16,0.07263
1,DLS-ACC,naive,ACC,17,1.258268
1,DLS-ACC,naive,ACC,18,0.308557
1,DLS-ACC,naive,ACC,19,1.038806
1,DLS-ACC,naive,ACC,20,0.0
1,DLS-ACC,naive,ACC,21,0.042379
1,DLS-ACC,naive,ACC,22,1.227784
1,DLS-ACC,naive,ACC,23,1.043226
1,DLS-ACC,naive,ACC,24,1.180398
1,DLS-ACC,naive,ACC,25,0.0
1,DLS-ACC,naive,ACC,26,1.164934
1,DLS-ACC,naive,ACC,27,1.471053
1,DLS-ACC,naive,ACC,28,0.423354
1,DLS-ACC,naive,ACC,29,0.0
1,DLS-ACC,naive,ACC,30,1.601691
1,DLS-ACC,naive,ACC,31,0.0
1,DLS-ACC,naive,ACC,32,0.901145
1,DLS-ACC,naive,ACC,33,1.692595
1,DLS-ACC,intermediate,DLS,0,0.379153
1,DLS-ACC,intermediate,DLS,1,0.605641
1,DLS-ACC,intermediate,DLS,2,0.589535
1,DLS-ACC,intermediate,DLS,3,1.005239
1,DLS-ACC,intermediate,DLS,4,0.939622
1,DLS-ACC,intermediate,DLS,5,0.037087
1,DLS-ACC,intermediate,DLS,6,0.089358
1,DLS-ACC,intermediate,DLS,7,0.977257
1,DLS-ACC,intermediate,DLS,8,0.833212
1,DLS-ACC,intermediate,DLS,9,0.669314
1,DLS-ACC,intermediate,DLS,10,0.091913
1,DLS-ACC,intermediate,DLS,11,0.992389
1,DLS-ACC,intermediate,DLS,12,0.238418
1,DLS-ACC,intermediate,DLS,13,0.0
1,DLS-ACC,intermediate,DLS,14,0.524056
1,DLS-ACC,intermediate,DLS,15,0.738589
1,DLS-ACC,intermediate,DLS,16,0.787657
1,DLS-ACC,intermediate,DLS,17,0.772721
1,DLS-ACC,intermediate,DLS,18,0.721939
1,DLS-ACC,intermediate,DLS,19,0.999503
1,DLS-ACC,intermediate,DLS,20,0.647301
1,DLS-ACC,intermediate,DLS,21,0.813648
1,DLS-ACC,intermediate,DLS,22,0.948466
1,DLS-ACC,intermediate,DLS,23,0.0
1,DLS-ACC,intermediate,DLS,24,0.040697
1,DLS-ACC,intermediate,DLS,25,0.0
1,DLS-ACC,intermediate,DLS,26,0.085056
1,DLS-ACC,intermediate,DLS,27,0.062714
1,DLS-ACC,intermediate,DLS,28,0.0
1,DLS-ACC,intermediate,DLS,29,0.75887
1,DLS-ACC,intermediate,DLS,30,0.553394
1,DLS-ACC,intermediate,DLS,31,0.505667
1,DLS-ACC,intermediate,DLS,32,0.464103
1,DLS-ACC,intermediate,DLS,33,0.496085
1,DLS-ACC,intermediate,DLS,34,0.796156
1,DLS-ACC,intermediate,DLS,35,0.240379
1,DLS-ACC,intermediate,DLS,36,0.0
1,DLS-ACC,intermediate,DLS,37,0.564409
1,DLS-ACC,intermediate,ACC,0,1.256376
1,DLS-ACC,intermediate,ACC,1,1.457611
1,DLS-ACC,intermediate,ACC,2,1.331808
1,DLS-ACC,intermediate,ACC,3,1.337983
1,DLS-ACC,intermediate,ACC,4,0.761052
1,DLS-ACC,intermediate,ACC,5,0.848203
1,DLS-ACC,intermediate,ACC,6,1.463755
1,DLS-ACC,intermediate,ACC,7,0.007174
1,DLS-ACC,intermediate,ACC,8,1.152632
1,DLS-ACC,intermediate,ACC,9,0.039209
1,DLS-ACC,intermediate,ACC,10,1.014754
1,DLS-ACC,intermediate,ACC,11,0.95147
1,DLS-ACC,intermediate,ACC,12,0.002188
1,DLS-ACC,intermediate,ACC,13,1.160649
1,DLS-ACC,intermediate,ACC,14,0.016512
1,DLS-ACC,intermediate,ACC,15,0.16225
1,DLS-ACC,intermediate,ACC,16,1.313202
1,DLS-ACC,intermediate,ACC,17,0.914486
1,DLS-ACC,intermediate,ACC,18,0.039431
1,DLS-ACC,intermediate,ACC,19,1.153552
1,DLS-ACC,intermediate,ACC,20,0.024801
1,DLS-ACC,intermediate,ACC,21,0.0
1,DLS-ACC,intermediate,ACC,22,0.016603
1,DLS-ACC,intermediate,ACC,23,0.920522
1,DLS-ACC,intermediate,ACC,24,1.052156
1,DLS-ACC,intermediate,ACC,25,0.0
1,DLS-ACC,intermediate,ACC,26,1.066746
1,DLS-ACC,intermediate,ACC,27,1.239775
1,DLS-ACC,intermediate,ACC,28,0.755648
1,DLS-ACC,intermediate,ACC,29,0.0
1,DLS-ACC,intermediate,ACC,30,1.321481
1,DLS-ACC,intermediate,ACC,31,0.070246
1,DLS-ACC,intermediate,ACC,32,1.330612
1,DLS-ACC,intermediate,ACC,33,0.527399
1,DLS-ACC,expert,DLS,0,0.230794
1,DLS-ACC,expert,DLS,1,0.726625
1,DLS-ACC,expert,DLS,2,0.612824
1,DLS-ACC,expert,DLS,3,1.070745
1,DLS-ACC,expert,DLS,4,0.949521
1,DLS-ACC,expert,DLS,5,0.110262
1,DLS-ACC,expert,DLS,6,1.068154
1,DLS-ACC,expert,DLS,7,1.011883
1,DLS-ACC,expert,DLS,8,0.827206
1,DLS-ACC,expert,DLS,9,0.023973
1,DLS-ACC,expert,DLS,10,0.144552
1,DLS-ACC,expert,DLS,11,1.313306
1,DLS-ACC,expert,DLS,12,0.909023
1,DLS-ACC,expert,DLS,13,0.0
1,DLS-ACC,expert,DLS,14,0.469446
1,DLS-ACC,expert,DLS,15,0.728917
1,DLS-ACC,expert,DLS,16,0.380075
1,DLS-ACC,expert,DLS,17,0.1568
1,DLS-ACC,expert,DLS,18,1.011583
1,DLS-ACC,expert,DLS,19,1.00748
1,DLS-ACC,expert,DLS,20,0.9508
1,DLS-ACC,expert,DLS,21,0.0
1,DLS-ACC,expert,DLS,22,0.884245
1,DLS-ACC,expert,DLS,23,0.0
1,DLS-ACC,expert,DLS,24,1.318251
1,DLS-ACC,expert,DLS,25,0.593626
1,DLS-ACC,expert,DLS,26,0.435403
1,DLS-ACC,expert,DLS,27,0.166926
1,DLS-ACC,expert,DLS,28,0.0
1,DLS-ACC,expert,DLS,29,0.054474
1,DLS-ACC,expert,DLS,30,0.0
1,DLS-ACC,expert,DLS,31,1.007327
1,DLS-ACC,expert,DLS,32,0.373195
1,DLS-ACC,expert,DLS,33,1.26445
1,DLS-ACC,expert,DLS,34,0.031263
1,DLS-ACC,expert,DLS,35,1.05052
1,DLS-ACC,expert,DLS,36,0.84445
1,DLS-ACC,expert,DLS,37,1.075311
1,DLS-ACC,expert,ACC,0,0.953497
1,DLS-ACC,expert,ACC,1,0.677164
1,DLS-ACC,expert,ACC,2,1.133742
1,DLS-ACC,expert,ACC,3,1.091249
1,DLS-ACC,expert,ACC,4,0.771668
1,DLS-ACC,expert,ACC,5,0.607377
1,DLS-ACC,expert,ACC,6,0.0
1,DLS-ACC,expert,ACC,7,0.0
1,DLS-ACC,expert,ACC,8,1.114865
1,DLS-ACC,expert,ACC,9,0.06984
1,DLS-ACC,expert,ACC,10,0.938298
1,DLS-ACC,expert,ACC,11,1.045246
1,DLS-ACC,expert,ACC,12,0.121791
1,DLS-ACC,expert,ACC,13,0.952815
1,DLS-ACC,expert,ACC,14,0.039778
1,DLS-ACC,expert,ACC,15,0.882843
1,DLS-ACC,expert,ACC,16,0.133249
1,DLS-ACC,expert,ACC,17,0.784931
1,DLS-ACC,expert,ACC,18,0.336928
1,DLS-ACC,expert,ACC,19,0.99409
1,DLS-ACC,expert,ACC,20,1.008594
1,DLS-ACC,expert,ACC,21,0.045999
1,DLS-ACC,expert,ACC,22,0.005113
1,DLS-ACC,expert,ACC,23,0.799198
1,DLS-ACC,expert,ACC,24,0.875222
1,DLS-ACC,expert,ACC,25,1.032378
1,DLS-ACC,expert,ACC,26,1.106203
1,DLS-ACC,expert,ACC,27,0.952894
1,DLS-ACC,expert,ACC,28,0.788472
1,DLS-ACC,expert,ACC,29,1.07024
1,DLS-ACC,expert,ACC,30,1.191611
1,DLS-ACC,expert,ACC,31,0.318206
1,DLS-ACC,expert,ACC,32,0.077742
1,DLS-ACC,expert,ACC,33,0.129318
2,DMS-DLS,naive,DMS,0,0.148911
2,DMS-DLS,naive,DMS,1,0.057964
2,DMS-DLS,naive,DMS,2,0.042456
2,DMS-DLS,naive,DMS,3,0.073245
2,DMS-DLS,naive,DMS,4,0.0
2,DMS-DLS,naive,DMS,5,0.935956
2,DMS-DLS,naive,DMS,6,0.887879
2,DMS-DLS,naive,DMS,7,0.083828
2,DMS-DLS,naive,DMS,8,0.042168
2,DMS-DLS,naive,DMS,9,0.000632
2,DMS-DLS,naive,DMS,10,1.057317
2,DMS-DLS,naive,DMS,11,0.0
2,DMS-DLS,naive,DMS,12,0.0
2,DMS-DLS,naive,DMS,13,0.107593
2,DMS-DLS,naive,DMS,14,0.0
2,DMS-DLS,naive,DMS,15,0.076007
2,DMS-DLS,naive,DMS,16,0.038376
2,DMS-DLS,naive,DMS,17,0.0
2,DMS-DLS,naive,DMS,18,0.485022
2,DMS-DLS,naive,DMS,19,0.275381
2,DMS-DLS,naive,DMS,20,0.025132
2,DMS-DLS,naive,DMS,21,0.006238
2,DMS-DLS,naive,DMS,22,1.007153
2,DMS-DLS,naive,DMS,23,0.0
2,DMS-DLS,naive,DMS,24,0.0
2,DMS-DLS,naive,DMS,25,0.784902
2,DMS-DLS,naive,DMS,26,0.525872
2,DMS-DLS,naive,DMS,27,0.937197
2,DMS-DLS,naive,DMS,28,0.0
2,DMS-DLS,naive,DMS,29,0.024384
2,DMS-DLS,naive,DMS,30,0.389335
2,DMS-DLS,naive,DMS,31,0.0
2,DMS-DLS,naive,DMS,32,0.0
2,DMS-DLS,naive,DMS,33,0.695255
2,DMS-DLS,naive,DMS,34,0.141017
2,DMS-DLS,naive,DMS,35,0.07712
2,DMS-DLS,naive,DMS,36,0.037751
2,DMS-DLS,naive,DMS,37,0.974151
2,DMS-DLS,naive,DMS,38,0.0
2,DMS-DLS,naive,DMS,39,0.008701
2,DMS-DLS,naive,DMS,40,0.0
2,DMS-DLS,naive,DMS,41,0.003055
2,DMS-DLS,naive,DMS,42,0.0
2,DMS-DLS,naive,DMS,43,0.035696
2,DMS-DLS,naive,DMS,44,0.033107
2,DMS-DLS,naive,DMS,45,0.052209
2,DMS-DLS,naive,DMS,46,0.358622
2,DMS-DLS,naive,DMS,47,0.84137
2,DMS-DLS,naive,DMS,48,0.814274
2,DMS-DLS,naive,DMS,49,0.0
2,DMS-DLS,naive,DMS,50,0.40687
2,DMS-DLS,naive,DMS,51,0.0
2,DMS-DLS,naive,DMS,52,0.877941
2,DMS-DLS,naive,DMS,53,0.996021
2,DMS-DLS,naive,DMS,54,0.005092
2,DMS-DLS,naive,DMS,55,0.116759
2,DMS-DLS,naive,DMS,56,0.97221
2,DMS-DLS,naive,DMS,57,0.084264
2,DMS-DLS,naive,DMS,58,0.0
2,DMS-DLS,naive,DMS,59,1.129476
2,DMS-DLS,naive,DMS,60,0.0
2,DMS-DLS,naive,DMS,61,0.091862
2,DMS-DLS,naive,DMS,62,0.882855
2,DMS-DLS,naive,DMS,63,0.633696
2,DMS-DLS,naive,DMS,64,0.4167
2,DMS-DLS,naive,DLS,0,1.2865
2,DMS-DLS,naive,DLS,1,0.222284
2,DMS-DLS,naive,DLS,2,0.509979
2,DMS-DLS,naive,DLS,3,0.067847
2,DMS-DLS,naive,DLS,4,1.342437
2,DMS-DLS,naive,DLS,5,0.137117
2,DMS-DLS,naive,DLS,6,0.142258
2,DMS-DLS,naive,DLS,7,0.043163
2,DMS-DLS,naive,DLS,8,0.125846
2,DMS-DLS,naive,DLS,9,0.044752
2,DMS-DLS,naive,DLS,10,1.07937
2,DMS-DLS,naive,DLS,11,0.922183
2,DMS-DLS,naive,DLS,12,0.922129
2,DMS-DLS,naive,DLS,13,0.0
2,DMS-DLS,naive,DLS,14,1.246531
2,DMS-DLS,naive,DLS,15,0.010042
2,DMS-DLS,naive,DLS,16,0.186821
2,DMS-DLS,naive,DLS,17,0.0
2,DMS-DLS,naive,DLS,18,0.0
2,DMS-DLS,naive,DLS,19,1.097157
2,DMS-DLS,naive,DLS,20,0.085777
2,DMS-DLS,naive,DLS,21,0.090837
2,DMS-DLS,naive,DLS,22,0.0
2,DMS-DLS,naive,DLS,23,0.807243
2,DMS-DLS,naive,DLS,24,1.370387
2,DMS-DLS,naive,DLS,25,0.028563
2,DMS-DLS,naive,DLS,26,0.564156
2,DMS-DLS,naive,DLS,27,0.003569
2,DMS-DLS,naive,DLS,28,0.358389
2,DMS-DLS,naive,DLS,29,0.0
2,DMS-DLS,naive,DLS,30,0.707613
2,DMS-DLS,naive,DLS,31,0.082004
2,DMS-DLS,naive,DLS,32,0.220829
2,DMS-DLS,naive,DLS,33,0.0
2,DMS-DLS,naive,DLS,34,0.07978
2,DMS-DLS,naive,DLS,35,0.179647
2,DMS-DLS,naive,DLS,36,0.488803
2,DMS-DLS,naive,DLS,37,0.389622
2,DMS-DLS,naive,DLS,38,0.165338
2,DMS-DLS,naive,DLS,39,0.863685
2,DMS-DLS,naive,DLS,40,0.912624
2,DMS-DLS,naive,DLS,41,0.258772
2,DMS-DLS,naive,DLS,42,1.105337
2,DMS-DLS,naive,DLS,43,0.024323
2,DMS-DLS,naive,DLS,44,0.0
2,DMS-DLS,naive,DLS,45,1.040659
2,DMS-DLS,naive,DLS,46,1.336814
2,DMS-DLS,naive,DLS,47,0.0
2,DMS-DLS,naive,DLS,48,0.686352
2,DMS-DLS,naive,DLS,49,0.521947
2,DMS-DLS,naive,DLS,50,0.033975
2,DMS-DLS,naive,DLS,51,0.150515
2,DMS-DLS,naive,DLS,52,0.96889
2,DMS-DLS,naive,DLS,53,0.557291
2,DMS-DLS,naive,DLS,54,0.130134
2,DMS-DLS,naive,DLS,55,1.201897
2,DMS-DLS,naive,DLS,56,0.086655
2,DMS-DLS,naive,DLS,57,0.175337
2,DMS-DLS,naive,DLS,58,0.100595
2,DMS-DLS,intermediate,DMS,0,0.123033
2,DMS-DLS,intermediate,DMS,1,0.729001
2,DMS-DLS,intermediate,DMS,2,0.780452
2,DMS-DLS,intermediate,DMS,3,0.980158
2,DMS-DLS,intermediate,DMS,4,0.0
2,DMS-DLS,intermediate,DMS,5,0.641417
2,DMS-DLS,intermediate,DMS,6,0.007891
2,DMS-DLS,intermediate,DMS,7,0.1034
2,DMS-DLS,intermediate,DMS,8,1.102675
2,DMS-DLS,intermediate,DMS,9,0.0
2,DMS-DLS,intermediate,DMS,10,0.960771
2,DMS-DLS,intermediate,DMS,11,0.0
2,DMS-DLS,intermediate,DMS,12,0.0
2,DMS-DLS,intermediate,DMS,13,0.316707
2,DMS-DLS,intermediate,DMS,14,0.0
2,DMS-DLS,intermediate,DMS,15,0.166341
2,DMS-DLS,intermediate,DMS,16,0.043436
2,DMS-DLS,intermediate,DMS,17,0.0
2,DMS-DLS,intermediate,DMS,18,0.534299
2,DMS-DLS,intermediate,DMS,19,0.031394
2,DMS-DLS,intermediate,DMS,20,0.0
2,DMS-DLS,intermediate,DMS,21,0.066452
2,DMS-DLS,intermediate,DMS,22,0.219748
2,DMS-DLS,intermediate,DMS,23,0.0
2,DMS-DLS,intermediate,DMS,24,0.0
2,DMS-DLS,intermediate,DMS,25,0.862844
2,DMS-DLS,intermediate,DMS,26,0.118094
2,DMS-DLS,intermediate,DMS,27,0.407805
2,DMS-DLS,intermediate,DMS,28,0.567271
2,DMS-DLS,intermediate,DMS,29,0.971501
2,DMS-DLS,intermediate,DMS,30,0.418984
2,DMS-DLS,intermediate,DMS,31,0.0
2,DMS-DLS,intermediate,DMS,32,1.123869
2,DMS-DLS,intermediate,DMS,33,0.0
2,DMS-DLS,intermediate,DMS,34,0.0
2,DMS-DLS,intermediate,DMS,35,0.17627
2,DMS-DLS,intermediate,DMS,36,0.0
2,DMS-DLS,intermediate,DMS,37,1.159598
2,DMS-DLS,intermediate,DMS,38,0.0
2,DMS-DLS,intermediate,DMS,39,0.0
2,DMS-DLS,intermediate,DMS,40,0.195065
2,DMS-DLS,intermediate,DMS,41,0.004193
2,DMS-DLS,intermediate,DMS,42,0.0
2,DMS-DLS,intermediate,DMS,43,0.014722
2,DMS-DLS,intermediate,DMS,44,0.012479
2,DMS-DLS,intermediate,DMS,45,0.063571
2,DMS-DLS,intermediate,DMS,46,0.0
2,DMS-DLS,intermediate,DMS,47,0.956672
2,DMS-DLS,intermediate,DMS,48,1.010804
2,DMS-DLS,intermediate,DMS,49,0.0
2,DMS-DLS,intermediate,DMS,50,0.913987
2,DMS-DLS,intermediate,DMS,51,0.0
2,DMS-DLS,intermediate,DMS,52,0.283154
2,DMS-DLS,intermediate,DMS,53,0.061516
2,DMS-DLS,intermediate,DMS,54,0.041271
2,DMS-DLS,intermediate,DMS,55,0.0
2,DMS-DLS,intermediate,DMS,56,0.283134
2,DMS-DLS,intermediate,DMS,57,0.0
2,DMS-DLS,intermediate,DMS,58,0.735744
2,DMS-DLS,intermediate,DMS,59,0.121625
2,DMS-DLS,intermediate,DMS,60,0.022971
2,DMS-DLS,intermediate,DMS,61,1.000312
2,DMS-DLS,intermediate,DMS,62,0.209
2,DMS-DLS,intermediate,DMS,63,0.805437
2,DMS-DLS,intermediate,DMS,64,0.705967
2,DMS-DLS,intermediate,DLS,0,0.887576
2,DMS-DLS,intermediate,DLS,1,0.408258
2,DMS-DLS,intermediate,DLS,2,0.791358
2,DMS-DLS,intermediate,DLS,3,0.8578
2,DMS-DLS,intermediate,DLS,4,0.958469
2,DMS-DLS,intermediate,DLS,5,0.847861
2,DMS-DLS,intermediate,DLS,6,0.223556
2,DMS-DLS,intermediate,DLS,7,0.516488
2,DMS-DLS,intermediate,DLS,8,0.894776
2,DMS-DLS,intermediate,DLS,9,0.580864
2,DMS-DLS,intermediate,DLS,10,0.774118
2,DMS-DLS,intermediate,DLS,11,0.202991
2,DMS-DLS,intermediate,DLS,12,0.01588
2,DMS-DLS,intermediate,DLS,13,0.112048
2,DMS-DLS,intermediate,DLS,14,0.232861
2,DMS-DLS,intermediate,DLS,15,0.077871
2,DMS-DLS,intermediate,DLS,16,0.38468
2,DMS-DLS,intermediate,DLS,17,0.0
2,DMS-DLS,intermediate,DLS,18,0.777555
2,DMS-DLS,intermediate,DLS,19,0.907585
2,DMS-DLS,intermediate,DLS,20,0.040031
2,DMS-DLS,intermediate,DLS,21,0.818984
2,DMS-DLS,intermediate,DLS,22,0.0
2,DMS-DLS,intermediate,DLS,23,0.91639
2,DMS-DLS,intermediate,DLS,24,0.650733
2,DMS-DLS,intermediate,DLS,25,0.171289
2,DMS-DLS,intermediate,DLS,26,0.012727
2,DMS-DLS,intermediate,DLS,27,0.004036
2,DMS-DLS,intermediate,DLS,28,0.727229
2,DMS-DLS,intermediate,DLS,29,0.0
2,DMS-DLS,intermediate,DLS,30,0.408402
2,DMS-DLS,intermediate,DLS,31,0.584923
2,DMS-DLS,intermediate,DLS,32,0.065322
2,DMS-DLS,intermediate,DLS,33,0.081684
2,DMS-DLS,intermediate,DLS,34,0.223631
2,DMS-DLS,intermediate,DLS,35,0.241515
2,DMS-DLS,intermediate,DLS,36,0.486349
2,DMS-DLS,intermediate,DLS,37,0.420063
2,DMS-DLS,intermediate,DLS,38,0.094431
2,DMS-DLS,intermediate,DLS,39,0.051392
2,DMS-DLS,intermediate,DLS,40,0.842206
2,DMS-DLS,intermediate,DLS,41,0.063223
2,DMS-DLS,intermediate,DLS,42,0.207959
2,DMS-DLS,intermediate,DLS,43,0.389227
2,DMS-DLS,intermediate,DLS,44,0.029672
2,DMS-DLS,intermediate,DLS,45,0.682094
2,DMS-DLS,intermediate,DLS,46,0.800774
2,DMS-DLS,intermediate,DLS,47,0.0
2,DMS-DLS,intermediate,DLS,48,0.233149
2,DMS-DLS,intermediate,DLS,49,0.333334
2,DMS-DLS,intermediate,DLS,50,0.075292
2,DMS-DLS,intermediate,DLS,51,0.079153
2,DMS-DLS,intermediate,DLS,52,0.680559
2,DMS-DLS,intermediate,DLS,53,0.014751
2,DMS-DLS,intermediate,DLS,54,0.057181
2,DMS-DLS,intermediate,DLS,55,0.092735
2,DMS-DLS,intermediate,DLS,56,0.462293
2,DMS-DLS,intermediate,DLS,57,0.427751
2,DMS-DLS,intermediate,DLS,58,0.064454
2,DMS-DLS,expert,DMS,0,0.035922
2,DMS-DLS,expert,DMS,1,0.086362
2,DMS-DLS,expert,DMS,2,0.853775
2,DMS-DLS,expert,DMS,3,0.900831
2,DMS-DLS,expert,DMS,4,0.0
2,DMS-DLS,expert,DMS,5,0.593111
2,DMS-DLS,expert,DMS,6,0.05035
2,DMS-DLS,expert,DMS,7,1.025032
2,DMS-DLS,expert,DMS,8,1.069573
2,DMS-DLS,expert,DMS,9,0.045119
2,DMS-DLS,expert,DMS,10,0.261668
2,DMS-DLS,expert,DMS,11,0.0
2,DMS-DLS,expert,DMS,12,0.0
2,DMS-DLS,expert,DMS,13,0.146454
2,DMS-DLS,expert,DMS,14,0.0
2,DMS-DLS,expert,DMS,15,0.216533
2,DMS-DLS,expert,DMS,16,0.18304
2,DMS-DLS,expert,DMS,17,0.129517
2,DMS-DLS,expert,DMS,18,0.916031
2,DMS-DLS,expert,DMS,19,0.041243
2,DMS-DLS,expert,DMS,20,0.040178
2,DMS-DLS,expert,DMS,21,0.038082
2,DMS-DLS,expert,DMS,22,0.0
2,DMS-DLS,expert,DMS,23,0.0
2,DMS-DLS,expert,DMS,24,0.0
2,DMS-DLS,expert,DMS,25,0.786909
2,DMS-DLS,expert,DMS,26,0.906982
2,DMS-DLS,expert,DMS,27,0.593872
2,DMS-DLS,expert,DMS,28,1.054986
2,DMS-DLS,expert,DMS,29,0.632546
2,DMS-DLS,expert,DMS,30,0.269101
2,DMS-DLS,expert,DMS,31,0.0
2,DMS-DLS,expert,DMS,32,0.06068
2,DMS-DLS,expert,DMS,33,0.064553
2,DMS-DLS,expert,DMS,34,0.011245
2,DMS-DLS,expert,DMS,35,0.56829
2,DMS-DLS,expert,DMS,36,1.035901
2,DMS-DLS,expert,DMS,37,0.637579
2,DMS-DLS,expert,DMS,38,0.0
2,DMS-DLS,expert,DMS,39,0.0
2,DMS-DLS,expert,DMS,40,0.0
2,DMS-DLS,expert,DMS,41,0.044668
2,DMS-DLS,expert,DMS,42,0.0
2,DMS-DLS,expert,DMS,43,1.139513
2,DMS-DLS,expert,DMS,44,0.021639
2,DMS-DLS,expert,DMS,45,0.096257
2,DMS-DLS,expert,DMS,46,0.0
2,DMS-DLS,expert,DMS,47,1.080829
2,DMS-DLS,expert,DMS,48,0.976593
2,DMS-DLS,expert,DMS,49,0.005841
2,DMS-DLS,expert,DMS,50,0.951893
2,DMS-DLS,expert,DMS,51,0.0
2,DMS-DLS,expert,DMS,52,0.822264
2,DMS-DLS,expert,DMS,53,0.121974
2,DMS-DLS,expert,DMS,54,0.080982
2,DMS-DLS,expert,DMS,55,0.188795
2,DMS-DLS,expert,DMS,56,0.410671
2,DMS-DLS,expert,DMS,57,0.285338
2,DMS-DLS,expert,DMS,58,0.056646
2,DMS-DLS,expert,DMS,59,0.073398
2,DMS-DLS,expert,DMS,60,0.049283
2,DMS-DLS,expert,DMS,61,0.053892
2,DMS-DLS,expert,DMS,62,0.174583
2,DMS-DLS,expert,DMS,63,1.069528
2,DMS-DLS,expert,DMS,64,0.77519
2,DMS-DLS,expert,DLS,0,0.958098
2,DMS-DLS,expert,DLS,1,0.039723
2,DMS-DLS,expert,DLS,2,0.094705
2,DMS-DLS,expert,DLS,3,0.932314
2,DMS-DLS,expert,DLS,4,0.904439
2,DMS-DLS,expert,DLS,5,0.952239
2,DMS-DLS,expert,DLS,6,0.804645
2,DMS-DLS,expert,DLS,7,0.0
2,DMS-DLS,expert,DLS,8,0.861755
2,DMS-DLS,expert,DLS,9,0.0
2,DMS-DLS,expert,DLS,10,0.737564
2,DMS-DLS,expert,DLS,11,0.936301
2,DMS-DLS,expert,DLS,12,0.020978
2,DMS-DLS,expert,DLS,13,0.0
2,DMS-DLS,expert,DLS,14,0.188909
2,DMS-DLS,expert,DLS,15,0.01571
2,DMS-DLS,expert,DLS,16,0.379083
2,DMS-DLS,expert,DLS,17,0.0
2,DMS-DLS,expert,DLS,18,0.649763
2,DMS-DLS,expert,DLS,19,0.889464
2,DMS-DLS,expert,DLS,20,0.067782
2,DMS-DLS,expert,DLS,21,0.142459
2,DMS-DLS,expert,DLS,22,0.056489
2,DMS-DLS,expert,DLS,23,0.670003
2,DMS-DLS,expert,DLS,24,0.772094
2,DMS-DLS,expert,DLS,25,0.740576
2,DMS-DLS,expert,DLS,26,0.0
2,DMS-DLS,expert,DLS,27,0.058736
2,DMS-DLS,expert,DLS,28,0.040595
2,DMS-DLS,expert,DLS,29,0.0
2,DMS-DLS,expert,DLS,30,0.490075
2,DMS-DLS,expert,DLS,31,0.543024
2,DMS-DLS,expert,DLS,32,0.592072
2,DMS-DLS,expert,DLS,33,0.043695
2,DMS-DLS,expert,DLS,34,0.0
2,DMS-DLS,expert,DLS,35,0.0
2,DMS-DLS,expert,DLS,36,0.11277
2,DMS-DLS,expert,DLS,37,0.040303
2,DMS-DLS,expert,DLS,38,0.384987
2,DMS-DLS,expert,DLS,39,0.970364
2,DMS-DLS,expert,DLS,40,0.877975
2,DMS-DLS,expert,DLS,41,0.087963
2,DMS-DLS,expert,DLS,42,0.782142
2,DMS-DLS,expert,DLS,43,0.212816
2,DMS-DLS,expert,DLS,44,0.056301
2,DMS-DLS,expert,DLS,45,0.63541
2,DMS-DLS,expert,DLS,46,0.778808
2,DMS-DLS,expert,DLS,47,0.075153
2,DMS-DLS,expert,DLS,48,0.578173
2,DMS-DLS,expert,DLS,49,0.756739
2,DMS-DLS,expert,DLS,50,0.980505
2,DMS-DLS,expert,DLS,51,0.061472
2,DMS-DLS,expert,DLS,52,0.303704
2,DMS-DLS,expert,DLS,53,0.08357
2,DMS-DLS,expert,DLS,54,0.299749
2,DMS-DLS,expert,DLS,55,0.182567
2,DMS-DLS,expert,DLS,56,0.129593
2,DMS-DLS,expert,DLS,57,0.097459
2,DMS-DLS,expert,DLS,58,0.421262
2,DMS-ACC,naive,DMS,0,0.107899
2,DMS-ACC,naive,DMS,1,0.05602
2,DMS-ACC,naive,DMS,2,0.044813
2,DMS-ACC,naive,DMS,3,0.07073
2,DMS-ACC,naive,DMS,4,0.0
2,DMS-ACC,naive,DMS,5,0.939834
2,DMS-ACC,naive,DMS,6,0.912621
2,DMS-ACC,naive,DMS,7,0.033441
2,DMS-ACC,naive,DMS,8,0.042471
2,DMS-ACC,naive,DMS,9,0.000652
2,DMS-ACC,naive,DMS,10,0.891215
2,DMS-ACC,naive,DMS,11,0.0
2,DMS-ACC,naive,DMS,12,0.0
2,DMS-ACC,naive,DMS,13,0.096888
2,DMS-ACC,naive,DMS,14,0.0
2,DMS-ACC,naive,DMS,15,0.059552
2,DMS-ACC,naive,DMS,16,0.032496
2,DMS-ACC,naive,DMS,17,0.0
2,DMS-ACC,naive,DMS,18,0.494627
2,DMS-ACC,naive,DMS,19,0.321475
2,DMS-ACC,naive,DMS,20,0.026607
2,DMS-ACC,naive,DMS,21,0.006369
2,DMS-ACC,naive,DMS,22,0.897924
2,DMS-ACC,naive,DMS,23,0.0
2,DMS-ACC,naive,DMS,24,0.0
2,DMS-ACC,naive,DMS,25,0.753744
2,DMS-ACC,naive,DMS,26,0.549753
2,DMS-ACC,naive,DMS,27,0.943015
2,DMS-ACC,naive,DMS,28,0.0
2,DMS-ACC,naive,DMS,29,0.029977
2,DMS-ACC,naive,DMS,30,0.390287
2,DMS-ACC,naive,DMS,31,0.0
2,DMS-ACC,naive,DMS,32,0.0
2,DMS-ACC,naive,DMS,33,0.952291
2,DMS-ACC,naive,DMS,34,0.197558
2,DMS-ACC,naive,DMS,35,0.077264
2,DMS-ACC,naive,DMS,36,0.035735
2,DMS-ACC,naive,DMS,37,0.978531
2,DMS-ACC,naive,DMS,38,0.0
2,DMS-ACC,naive,DMS,39,0.012025
2,DMS-ACC,naive,DMS,40,0.0
2,DMS-ACC,naive,DMS,41,0.003006
2,DMS-ACC,naive,DMS,42,0.0
2,DMS-ACC,naive,DMS,43,0.031038
2,DMS-ACC,naive,DMS,44,0.028868
2,DMS-ACC,naive,DMS,45,0.053031
2,DMS-ACC,naive,DMS,46,0.977325
2,DMS-ACC,naive,DMS,47,0.847214
2,DMS-ACC,naive,DMS,48,0.830532
2,DMS-ACC,naive,DMS,49,0.0
2,DMS-ACC,naive,DMS,50,0.409248
2,DMS-ACC,naive,DMS,51,0.0
2,DMS-ACC,naive,DMS,52,0.878996
2,DMS-ACC,naive,DMS,53,1.006592
2,DMS-ACC,naive,DMS,54,0.004946
2,DMS-ACC,naive,DMS,55,0.119243
2,DMS-ACC,naive,DMS,56,0.921829
2,DMS-ACC,naive,DMS,57,0.084575
2,DMS-ACC,naive,DMS,58,0.0
2,DMS-ACC,naive,DMS,59,0.912482
2,DMS-ACC,naive,DMS,60,0.0
2,DMS-ACC,naive,DMS,61,0.080374
2,DMS-ACC,naive,DMS,62,0.894482
2,DMS-ACC,naive,DMS,63,0.635276
2,DMS-ACC,naive,DMS,64,0.41741
2,DMS-ACC,naive,ACC,0,0.036115
2,DMS-ACC,naive,ACC,1,0.856619
2,DMS-ACC,naive,ACC,2,0.723043
2,DMS-ACC,naive,ACC,3,1.028862
2,DMS-ACC,naive,ACC,4,1.463364
2,DMS-ACC,naive,ACC,5,0.0
2,DMS-ACC,naive,ACC,6,0.962742
2,DMS-ACC,naive,ACC,7,0.872085
2,DMS-ACC,naive,ACC,8,1.118013
2,DMS-ACC,naive,ACC,9,0.0
2,DMS-ACC,naive,ACC,10,0.87961
2,DMS-ACC,naive,ACC,11,0.738681
2,DMS-ACC,naive,ACC,12,0.443791
2,DMS-ACC,naive,ACC,13,0.369064
2,DMS-ACC,naive,ACC,14,0.011344
2,DMS-ACC,naive,ACC,15,0.0
2,DMS-ACC,naive,ACC,16,0.0
2,DMS-ACC,naive,ACC,17,0.0
2,DMS-ACC,naive,ACC,18,0.655581
2,DMS-ACC,naive,ACC,19,0.925789
2,DMS-ACC,naive,ACC,20,0.044818
2,DMS-ACC,naive,ACC,21,0.106439
2,DMS-ACC,naive,ACC,22,0.098839
2,DMS-ACC,naive,ACC,23,0.571846
2,DMS-ACC,naive,ACC,24,0.516137
2,DMS-ACC,naive,ACC,25,0.029777
2,DMS-ACC,naive,ACC,26,0.051377
2,DMS-ACC,naive,ACC,27,0.0
2,DMS-ACC,naive,ACC,28,0.0
2,DMS-ACC,naive,ACC,29,0.0
2,DMS-ACC,naive,ACC,30,0.0
2,DMS-ACC,naive,ACC,31,0.0
2,DMS-ACC,naive,ACC,32,0.761841
2,DMS-ACC,naive,ACC,33,1.220786
2,DMS-ACC,naive,ACC,34,1.180117
2,DMS-ACC,naive,ACC,35,0.007236
2,DMS-ACC,naive,ACC,36,0.038806
2,DMS-ACC,naive,ACC,37,0.0
2,DMS-ACC,naive,ACC,38,1.393535
2,DMS-ACC,naive,ACC,39,0.0
2,DMS-ACC,naive,ACC,40,0.0
2,DMS-ACC,naive,ACC,41,0.0
2,DMS-ACC,naive,ACC,42,0.0
2,DMS-ACC,naive,ACC,43,0.0
2,DMS-ACC,naive,ACC,44,0.0
2,DMS-ACC,naive,ACC,45,0.683201
2,DMS-ACC,naive,ACC,46,0.797706
2,DMS-ACC,naive,ACC,47,0.218514
2,DMS-ACC,naive,ACC,48,0.0
2,DMS-ACC,naive,ACC,49,0.0
2,DMS-ACC,naive,ACC,50,0.144479
2,DMS-ACC,naive,ACC,51,0.0
2,DMS-ACC,naive,ACC,52,0.115373
2,DMS-ACC,naive,ACC,53,0.0
2,DMS-ACC,intermediate,DMS,0,0.133053
2,DMS-ACC,intermediate,DMS,1,0.734969
2,DMS-ACC,intermediate,DMS,2,0.787249
2,DMS-ACC,intermediate,DMS,3,0.989407
2,DMS-ACC,intermediate,DMS,4,0.0
2,DMS-ACC,intermediate,DMS,5,0.644935
2,DMS-ACC,intermediate,DMS,6,0.00782
2,DMS-ACC,intermediate,DMS,7,0.104011
2,DMS-ACC,intermediate,DMS,8,1.108744
2,DMS-ACC,intermediate,DMS,9,0.0
2,DMS-ACC,intermediate,DMS,10,0.983129
2,DMS-ACC,intermediate,DMS,11,0.0
2,DMS-ACC,intermediate,DMS,12,0.0
2,DMS-ACC,intermediate,DMS,13,0.333193
2,DMS-ACC,intermediate,DMS,14,0.0
2,DMS-ACC,intermediate,DMS,15,0.150616
2,DMS-ACC,intermediate,DMS,16,0.044917
2,DMS-ACC,intermediate,DMS,17,0.0
2,DMS-ACC,intermediate,DMS,18,0.537724
2,DMS-ACC,intermediate,DMS,19,0.030349
2,DMS-ACC,intermediate,DMS,20,0.0
2,DMS-ACC,intermediate,DMS,21,0.066543
2,DMS-ACC,intermediate,DMS,22,0.244111
2,DMS-ACC,intermediate,DMS,23,0.0
2,DMS-ACC,intermediate,DMS,24,0.0
2,DMS-ACC,intermediate,DMS,25,0.85019
2,DMS-ACC,intermediate,DMS,26,0.119126
2,DMS-ACC,intermediate,DMS,27,0.407461
2,DMS-ACC,intermediate,DMS,28,0.567307
2,DMS-ACC,intermediate,DMS,29,0.96474
2,DMS-ACC,intermediate,DMS,30,0.424719
2,DMS-ACC,intermediate,DMS,31,0.0
2,DMS-ACC,intermediate,DMS,32,1.125705
2,DMS-ACC,intermediate,DMS,33,0.0
2,DMS-ACC,intermediate,DMS,34,0.0
2,DMS-ACC,intermediate,DMS,35,0.174685
2,DMS-ACC,intermediate,DMS,36,0.0
2,DMS-ACC,intermediate,DMS,37,1.160727
2,DMS-ACC,intermediate,DMS,38,0.0
2,DMS-ACC,intermediate,DMS,39,0.0
2,DMS-ACC,intermediate,DMS,40,0.209757
2,DMS-ACC,intermediate,DMS,41,0.004799
2,DMS-ACC,intermediate,DMS,42,0.0
2,DMS-ACC,intermediate,DMS,43,0.015344
2,DMS-ACC,intermediate,DMS,44,0.01369
2,DMS-ACC,intermediate,DMS,45,0.064647
2,DMS-ACC,intermediate,DMS,46,0.0
2,DMS-ACC,intermediate,DMS,47,0.961831
2,DMS-ACC,intermediate,DMS,48,1.020103
2,DMS-ACC,intermediate,DMS,49,0.0
2,DMS-ACC,intermediate,DMS,50,0.921693
2,DMS-ACC,intermediate,DMS,51,0.0
2,DMS-ACC,intermediate,DMS,52,0.294783
2,DMS-ACC,intermediate,DMS,53,0.061134
2,DMS-ACC,intermediate,DMS,54,0.04667
2,DMS-ACC,intermediate,DMS,55,0.0
2,DMS-ACC,intermediate,DMS,56,0.273718
2,DMS-ACC,intermediate,DMS,57,0.0
2,DMS-ACC,intermediate,DMS,58,0.738956
2,DMS-ACC,intermediate,DMS,59,0.123799
2,DMS-ACC,intermediate,DMS,60,0.023133
2,DMS-ACC,intermediate,DMS,61,1.001705
2,DMS-ACC,intermediate,DMS,62,0.206915
2,DMS-ACC,intermediate,DMS,63,0.801246
2,DMS-ACC,intermediate,DMS,64,0.703404
2,DMS-ACC,intermediate,ACC,0,1.010467
2,DMS-ACC,intermediate,ACC,1,1.09239
2,DMS-ACC,intermediate,ACC,2,0.770655
2,DMS-ACC,intermediate,ACC,3,0.917061
2,DMS-ACC,intermediate,ACC,4,1.424031
2,DMS-ACC,intermediate,ACC,5,1.160516
2,DMS-ACC,intermediate,ACC,6,0.961869
2,DMS-ACC,intermediate,ACC,7,0.167363
2,DMS-ACC,intermediate,ACC,8,1.028161
2,DMS-ACC,intermediate,ACC,9,0.0
2,DMS-ACC,intermediate,ACC,10,0.870618
2,DMS-ACC,intermediate,ACC,11,0.065274
2,DMS-ACC,intermediate,ACC,12,1.311149
2,DMS-ACC,intermediate,ACC,13,1.07023
2,DMS-ACC,intermediate,ACC,14,0.055247
2,DMS-ACC,intermediate,ACC,15,0.0
2,DMS-ACC,intermediate,ACC,16,0.0
2,DMS-ACC,intermediate,ACC,17,0.013707
2,DMS-ACC,intermediate,ACC,18,0.886951
2,DMS-ACC,intermediate,ACC,19,0.065906
2,DMS-ACC,intermediate,ACC,20,0.081396
2,DMS-ACC,intermediate,ACC,21,0.0
2,DMS-ACC,intermediate,ACC,22,0.225732
2,DMS-ACC,intermediate,ACC,23,0.811376
2,DMS-ACC,intermediate,ACC,24,1.424239
2,DMS-ACC,intermediate,ACC,25,0.054839
2,DMS-ACC,intermediate,ACC,26,1.32079
2,DMS-ACC,intermediate,ACC,27,0.0
2,DMS-ACC,intermediate,ACC,28,0.0
2,DMS-ACC,intermediate,ACC,29,0.0
2,DMS-ACC,intermediate,ACC,30,0.0
2,DMS-ACC,intermediate,ACC,31,0.0
2,DMS-ACC,intermediate,ACC,32,1.10874
2,DMS-ACC,intermediate,ACC,33,1.443557
2,DMS-ACC,intermediate,ACC,34,0.0
2,DMS-ACC,intermediate,ACC,35,0.009831
2,DMS-ACC,intermediate,ACC,36,0.047788
2,DMS-ACC,intermediate,ACC,37,0.0
2,DMS-ACC,intermediate,ACC,38,0.981689
2,DMS-ACC,intermediate,ACC,39,0.0
2,DMS-ACC,intermediate,ACC,40,0.0
2,DMS-ACC,intermediate,ACC,41,0.109497
2,DMS-ACC,intermediate,ACC,42,0.0
2,DMS-ACC,intermediate,ACC,43,0.0
2,DMS-ACC,intermediate,ACC,44,0.036323
2,DMS-ACC,intermediate,ACC,45,0.868166
2,DMS-ACC,intermediate,ACC,46,1.094598
2,DMS-ACC,intermediate,ACC,47,0.053563
2,DMS-ACC,intermediate,ACC,48,0.0
2,DMS-ACC,intermediate,ACC,49,0.0
2,DMS-ACC,intermediate,ACC,50,0.472501
2,DMS-ACC,intermediate,ACC,51,0.0
2,DMS-ACC,intermediate,ACC,52,0.019314
2,DMS-ACC,intermediate,ACC,53,0.005332
2,DMS-ACC,expert,DMS,0,0.036556
2,DMS-ACC,expert,DMS,1,0.121736
2,DMS-ACC,expert,DMS,2,0.86348
2,DMS-ACC,expert,DMS,3,0.910585
2,DMS-ACC,expert,DMS,4,0.0
2,DMS-ACC,expert,DMS,5,0.595283
2,DMS-ACC,expert,DMS,6,0.053667
2,DMS-ACC,expert,DMS,7,1.023228
2,DMS-ACC,expert,DMS,8,1.05843
2,DMS-ACC,expert,DMS,9,0.039558
2,DMS-ACC,expert,DMS,10,0.28735
2,DMS-ACC,expert,DMS,11,0.0
2,DMS-ACC,expert,DMS,12,0.0
2,DMS-ACC,expert,DMS,13,0.154136
2,DMS-ACC,expert,DMS,14,0.0
2,DMS-ACC,expert,DMS,15,0.21614
2,DMS-ACC,expert,DMS,16,0.193565
2,DMS-ACC,expert,DMS,17,0.10232
2,DMS-ACC,expert,DMS,18,0.913152
2,DMS-ACC,expert,DMS,19,0.04431
2,DMS-ACC,expert,DMS,20,0.040772
2,DMS-ACC,expert,DMS,21,0.040305
2,DMS-ACC,expert,DMS,22,0.0
2,DMS-ACC,expert,DMS,23,0.0
2,DMS-ACC,expert,DMS,24,0.0
2,DMS-ACC,expert,DMS,25,0.798815
2,DMS-ACC,expert,DMS,26,0.907159
2,DMS-ACC,expert,DMS,27,0.593722
2,DMS-ACC,expert,DMS,28,1.060901
2,DMS-ACC,expert,DMS,29,0.63745
2,DMS-ACC,expert,DMS,30,0.280662
2,DMS-ACC,expert,DMS,31,0.0
2,DMS-ACC,expert,DMS,32,0.065252
2,DMS-ACC,expert,DMS,33,0.07076
2,DMS-ACC,expert,DMS,34,0.012512
2,DMS-ACC,expert,DMS,35,0.491879
2,DMS-ACC,expert,DMS,36,1.041616
2,DMS-ACC,expert,DMS,37,0.635851
2,DMS-ACC,expert,DMS,38,0.0
2,DMS-ACC,expert,DMS,39,0.0
2,DMS-ACC,expert,DMS,40,0.0
2,DMS-ACC,expert,DMS,41,0.042172
2,DMS-ACC,expert,DMS,42,0.0
2,DMS-ACC,expert,DMS,43,1.133913
2,DMS-ACC,expert,DMS,44,0.022425
2,DMS-ACC,expert,DMS,45,0.092565
2,DMS-ACC,expert,DMS,46,0.0
2,DMS-ACC,expert,DMS,47,1.107493
2,DMS-ACC,expert,DMS,48,1.001394
2,DMS-ACC,expert,DMS,49,0.006299
2,DMS-ACC,expert,DMS,50,0.965607
2,DMS-ACC,expert,DMS,51,0.0
2,DMS-ACC,expert,DMS,52,0.821157
2,DMS-ACC,expert,DMS,53,0.11598
2,DMS-ACC,expert,DMS,54,0.089523
2,DMS-ACC,expert,DMS,55,0.232737
2,DMS-ACC,expert,DMS,56,0.40023
2,DMS-ACC,expert,DMS,57,0.203839
2,DMS-ACC,expert,DMS,58,0.056873
2,DMS-ACC,expert,DMS,59,0.0657
2,DMS-ACC,expert,DMS,60,0.053978
2,DMS-ACC,expert,DMS,61,0.061049
2,DMS-ACC,expert,DMS,62,0.181082
2,DMS-ACC,expert,DMS,63,1.072113
2,DMS-ACC,expert,DMS,64,0.785046
2,DMS-ACC,expert,ACC,0,0.949142
2,DMS-ACC,expert,ACC,1,1.132605
2,DMS-ACC,expert,ACC,2,0.902509
2,DMS-ACC,expert,ACC,3,0.899425
2,DMS-ACC,expert,ACC,4,0.606519
2,DMS-ACC,expert,ACC,5,0.077798
2,DMS-ACC,expert,ACC,6,1.143996
2,DMS-ACC,expert,ACC,7,1.130274
2,DMS-ACC,expert,ACC,8,0.908792
2,DMS-ACC,expert,ACC,9,0.0
2,DMS-ACC,expert,ACC,10,0.75662
2,DMS-ACC,expert,ACC,11,0.145788
2,DMS-ACC,expert,ACC,12,1.087058
2,DMS-ACC,expert,ACC,13,1.17593
2,DMS-ACC,expert,ACC,14,1.207751
2,DMS-ACC,expert,ACC,15,0.0
2,DMS-ACC,expert,ACC,16,0.0
2,DMS-ACC,expert,ACC,17,0.0
2,DMS-ACC,expert,ACC,18,0.159971
2,DMS-ACC,expert,ACC,19,0.071209
2,DMS-ACC,expert,ACC,20,0.153662
2,DMS-ACC,expert,ACC,21,0.563488
2,DMS-ACC,expert,ACC,22,1.114931
2,DMS-ACC,expert,ACC,23,0.991208
2,DMS-ACC,expert,ACC,24,1.116289
2,DMS-ACC,expert,ACC,25,0.04488
2,DMS-ACC,expert,ACC,26,0.143726
2,DMS-ACC,expert,ACC,27,0.0
2,DMS-ACC,expert,ACC,28,0.0
2,DMS-ACC,expert,ACC,29,0.0
2,DMS-ACC,expert,ACC,30,0.0
2,DMS-ACC,expert,ACC,31,0.052895
2,DMS-ACC,expert,ACC,32,0.043344
2,DMS-ACC,expert,ACC,33,0.691287
2,DMS-ACC,expert,ACC,34,1.302491
2,DMS-ACC,expert,ACC,35,0.0
2,DMS-ACC,expert,ACC,36,0.125273
2,DMS-ACC,expert,ACC,37,0.0
2,DMS-ACC,expert,ACC,38,1.029394
2,DMS-ACC,expert,ACC,39,0.0
2,DMS-ACC,expert,ACC,40,0.0
2,DMS-ACC,expert,ACC,41,0.185352
2,DMS-ACC,expert,ACC,42,0.0
2,DMS-ACC,expert,ACC,43,0.035056
2,DMS-ACC,expert,ACC,44,0.024561
2,DMS-ACC,expert,ACC,45,1.249845
2,DMS-ACC,expert,ACC,46,0.979204
2,DMS-ACC,expert,ACC,47,0.064462
2,DMS-ACC,expert,ACC,48,0.009285
2,DMS-ACC,expert,ACC,49,0.0
2,DMS-ACC,expert,ACC,50,0.244293
2,DMS-ACC,expert,ACC,51,0.0
2,DMS-ACC,expert,ACC,52,0.0
2,DMS-ACC,expert,ACC,53,1.161707
2,DLS-ACC,naive,DLS,0,1.284937
2,DLS-ACC,naive,DLS,1,0.187851
2,DLS-ACC,naive,DLS,2,0.511636
2,DLS-ACC,naive,DLS,3,0.06814
2,DLS-ACC,naive,DLS,4,1.34476
2,DLS-ACC,naive,DLS,5,0.135324
2,DLS-ACC,naive,DLS,6,0.142482
2,DLS-ACC,naive,DLS,7,0.041683
2,DLS-ACC,naive,DLS,8,0.129686
2,DLS-ACC,naive,DLS,9,0.043217
2,DLS-ACC,naive,DLS,10,1.080553
2,DLS-ACC,naive,DLS,11,0.970061
2,DLS-ACC,naive,DLS,12,0.827321
2,DLS-ACC,naive,DLS,13,0.0
2,DLS-ACC,naive,DLS,14,1.25255
2,DLS-ACC,naive,DLS,15,0.012614
2,DLS-ACC,naive,DLS,16,0.188913
2,DLS-ACC,naive,DLS,17,0.0
2,DLS-ACC,naive,DLS,18,0.0
2,DLS-ACC,naive,DLS,19,1.09679
2,DLS-ACC,naive,DLS,20,0.081028
2,DLS-ACC,naive,DLS,21,0.086029
2,DLS-ACC,naive,DLS,22,0.0
2,DLS-ACC,naive,DLS,23,0.809041
2,DLS-ACC,naive,DLS,24,1.377207
2,DLS-ACC,naive,DLS,25,0.029787
2,DLS-ACC,naive,DLS,26,0.56377
2,DLS-ACC,naive,DLS,27,0.00351
2,DLS-ACC,naive,DLS,28,0.345244
2,DLS-ACC,naive,DLS,29,0.0
2,DLS-ACC,naive,DLS,30,0.707212
2,DLS-ACC,naive,DLS,31,0.074194
2,DLS-ACC,naive,DLS,32,0.26674
2,DLS-ACC,naive,DLS,33,0.0
2,DLS-ACC,naive,DLS,34,0.077423
2,DLS-ACC,naive,DLS,35,0.245366
2,DLS-ACC,naive,DLS,36,0.500479
2,DLS-ACC,naive,DLS,37,0.408053
2,DLS-ACC,naive,DLS,38,0.173259
2,DLS-ACC,naive,DLS,39,0.864893
2,DLS-ACC,naive,DLS,40,0.919314
2,DLS-ACC,naive,DLS,41,0.316624
2,DLS-ACC,naive,DLS,42,1.138129
2,DLS-ACC,naive,DLS,43,0.022773
2,DLS-ACC,naive,DLS,44,0.0
2,DLS-ACC,naive,DLS,45,1.041981
2,DLS-ACC,naive,DLS,46,1.34147
2,DLS-ACC,naive,DLS,47,0.0
2,DLS-ACC,naive,DLS,48,0.682783
2,DLS-ACC,naive,DLS,49,0.52165
2,DLS-ACC,naive,DLS,50,0.033326
2,DLS-ACC,naive,DLS,51,0.155611
2,DLS-ACC,naive,DLS,52,0.994307
2,DLS-ACC,naive,DLS,53,0.560415
2,DLS-ACC,naive,DLS,54,0.12715
2,DLS-ACC,naive,DLS,55,1.195768
2,DLS-ACC,naive,DLS,56,0.084809
2,DLS-ACC,naive,DLS,57,0.157969
2,DLS-ACC,naive,DLS,58,0.111131
2,DLS-ACC,naive,ACC,0,0.031884
2,DLS-ACC,naive,ACC,1,0.857754
2,DLS-ACC,naive,ACC,2,0.721913
2,DLS-ACC,naive,ACC,3,1.026918
2,DLS-ACC,naive,ACC,4,1.43485
2,DLS-ACC,naive,ACC,5,0.0
2,DLS-ACC,naive,ACC,6,0.967211
2,DLS-ACC,naive,ACC,7,0.94544
2,DLS-ACC,naive,ACC,8,1.117656
2,DLS-ACC,naive,ACC,9,0.0
2,DLS-ACC,naive,ACC,10,0.868318
2,DLS-ACC,naive,ACC,11,0.739402
2,DLS-ACC,naive,ACC,12,0.451191
2,DLS-ACC,naive,ACC,13,0.517052
2,DLS-ACC,naive,ACC,14,0.011676
2,DLS-ACC,naive,ACC,15,0.0
2,DLS-ACC,naive,ACC,16,0.0
2,DLS-ACC,naive,ACC,17,0.0
2,DLS-ACC,naive,ACC,18,0.656176
2,DLS-ACC,naive,ACC,19,0.928503
2,DLS-ACC,naive,ACC,20,0.050741
2,DLS-ACC,naive,ACC,21,0.11134
2,DLS-ACC,naive,ACC,22,0.107287
2,DLS-ACC,naive,ACC,23,0.570543
2,DLS-ACC,naive,ACC,24,0.518193
2,DLS-ACC,naive,ACC,25,0.028628
2,DLS-ACC,naive,ACC,26,0.051338
2,DLS-ACC,naive,ACC,27,0.0
2,DLS-ACC,naive,ACC,28,0.0
2,DLS-ACC,naive,ACC,29,0.0
2,DLS-ACC,naive,ACC,30,0.0
2,DLS-ACC,naive,ACC,31,0.0
2,DLS-ACC,naive,ACC,32,0.762501
2,DLS-ACC,naive,ACC,33,1.21197
2,DLS-ACC,naive,ACC,34,1.173932
2,DLS-ACC,naive,ACC,35,0.007392
2,DLS-ACC,naive,ACC,36,0.037568
2,DLS-ACC,naive,ACC,37,0.0
2,DLS-ACC,naive,ACC,38,1.389995
2,DLS-ACC,naive,ACC,39,0.0
2,DLS-ACC,naive,ACC,40,0.0
2,DLS-ACC,naive,ACC,41,0.0
2,DLS-ACC,naive,ACC,42,0.0
2,DLS-ACC,naive,ACC,43,0.0
2,DLS-ACC,naive,ACC,44,0.0
2,DLS-ACC,naive,ACC,45,0.683509
2,DLS-ACC,naive,ACC,46,0.797295
2,DLS-ACC,naive,ACC,47,0.293903
2,DLS-ACC,naive,ACC,48,0.0
2,DLS-ACC,naive,ACC,49,0.0
2,DLS-ACC,naive,ACC,50,0.16523
2,DLS-ACC,naive,ACC,51,0.0
2,DLS-ACC,naive,ACC,52,0.117246
2,DLS-ACC,naive,ACC,53,0.0
2,DLS-ACC,intermediate,DLS,0,0.900968
2,DLS-ACC,intermediate,DLS,1,0.419412
2,DLS-ACC,intermediate,DLS,2,0.800121
2,DLS-ACC,intermediate,DLS,3,0.860818
2,DLS-ACC,intermediate,DLS,4,0.954706
2,DLS-ACC,intermediate,DLS,5,0.848732
2,DLS-ACC,intermediate,DLS,6,0.218656
2,DLS-ACC,intermediate,DLS,7,0.512737
2,DLS-ACC,intermediate,DLS,8,0.898677
2,DLS-ACC,intermediate,DLS,9,0.576582
2,DLS-ACC,intermediate,DLS,10,0.772596
2,DLS-ACC,intermediate,DLS,11,0.196617
2,DLS-ACC,intermediate,DLS,12,0.015418
2,DLS-ACC,intermediate,DLS,13,0.116356
2,DLS-ACC,intermediate,DLS,14,0.192827
2,DLS-ACC,intermediate,DLS,15,0.08585
2,DLS-ACC,intermediate,DLS,16,0.445055
2,DLS-ACC,intermediate,DLS,17,0.0
2,DLS-ACC,intermediate,DLS,18,0.78101
2,DLS-ACC,intermediate,DLS,19,0.90656
2,DLS-ACC,intermediate,DLS,20,0.038697
2,DLS-ACC,intermediate,DLS,21,0.804327
2,DLS-ACC,intermediate,DLS,22,0.0
2,DLS-ACC,intermediate,DLS,23,0.916642
2,DLS-ACC,intermediate,DLS,24,0.604852
2,DLS-ACC,intermediate,DLS,25,0.167768
2,DLS-ACC,intermediate,DLS,26,0.014498
2,DLS-ACC,intermediate,DLS,27,0.003487
2,DLS-ACC,intermediate,DLS,28,0.681134
2,DLS-ACC,intermediate,DLS,29,0.0
2,DLS-ACC,intermediate,DLS,30,0.408622
2,DLS-ACC,intermediate,DLS,31,0.595293
2,DLS-ACC,intermediate,DLS,32,0.068647
2,DLS-ACC,intermediate,DLS,33,0.082011
2,DLS-ACC,intermediate,DLS,34,0.246857
2,DLS-ACC,intermediate,DLS,35,0.250809
2,DLS-ACC,intermediate,DLS,36,0.494974
2,DLS-ACC,intermediate,DLS,37,0.525214
2,DLS-ACC,intermediate,DLS,38,0.090605
2,DLS-ACC,intermediate,DLS,39,0.050735
2,DLS-ACC,intermediate,DLS,40,0.845
2,DLS-ACC,intermediate,DLS,41,0.063338
2,DLS-ACC,intermediate,DLS,42,0.203401
2,DLS-ACC,intermediate,DLS,43,0.369738
2,DLS-ACC,intermediate,DLS,44,0.029451
2,DLS-ACC,intermediate,DLS,45,0.682231
2,DLS-ACC,intermediate,DLS,46,0.803433
2,DLS-ACC,intermediate,DLS,47,0.0
2,DLS-ACC,intermediate,DLS,48,0.222288
2,DLS-ACC,intermediate,DLS,49,0.332686
2,DLS-ACC,intermediate,DLS,50,0.079579
2,DLS-ACC,intermediate,DLS,51,0.076673
2,DLS-ACC,intermediate,DLS,52,0.678232
2,DLS-ACC,intermediate,DLS,53,0.013028
2,DLS-ACC,intermediate,DLS,54,0.056641
2,DLS-ACC,intermediate,DLS,55,0.099121
2,DLS-ACC,intermediate,DLS,56,0.486481
2,DLS-ACC,intermediate,DLS,57,0.446998
2,DLS-ACC,intermediate,DLS,58,0.06291
2,DLS-ACC,intermediate,ACC,0,1.007287
2,DLS-ACC,intermediate,ACC,1,1.090134
2,DLS-ACC,intermediate,ACC,2,0.769376
2,DLS-ACC,intermediate,ACC,3,0.912629
2,DLS-ACC,intermediate,ACC,4,1.44077
2,DLS-ACC,intermediate,ACC,5,1.162886
2,DLS-ACC,intermediate,ACC,6,0.958082
2,DLS-ACC,intermediate,ACC,7,0.151407
2,DLS-ACC,intermediate,ACC,8,1.037089
2,DLS-ACC,intermediate,ACC,9,0.0
2,DLS-ACC,intermediate,ACC,10,0.861186
2,DLS-ACC,intermediate,ACC,11,0.068003
2,DLS-ACC,intermediate,ACC,12,1.312381
2,DLS-ACC,intermediate,ACC,13,1.077414
2,DLS-ACC,intermediate,ACC,14,0.053924
2,DLS-ACC,intermediate,ACC,15,0.0
2,DLS-ACC,intermediate,ACC,16,0.0
2,DLS-ACC,intermediate,ACC,17,0.012896
2,DLS-ACC,intermediate,ACC,18,0.896952
2,DLS-ACC,intermediate,ACC,19,0.0791
2,DLS-ACC,intermediate,ACC,20,0.086418
2,DLS-ACC,intermediate,ACC,21,0.0
2,DLS-ACC,intermediate,ACC,22,0.202615
2,DLS-ACC,intermediate,ACC,23,0.809149
2,DLS-ACC,intermediate,ACC,24,1.423662
2,DLS-ACC,intermediate,ACC,25,0.056476
2,DLS-ACC,intermediate,ACC,26,1.31879
2,DLS-ACC,intermediate,ACC,27,0.0
2,DLS-ACC,intermediate,ACC,28,0.0
2,DLS-ACC,intermediate,ACC,29,0.0
2,DLS-ACC,intermediate,ACC,30,0.0
2,DLS-ACC,intermediate,ACC,31,0.0
2,DLS-ACC,intermediate,ACC,32,1.108352
2,DLS-ACC,intermediate,ACC,33,1.438773
2,DLS-ACC,intermediate,ACC,34,0.0
2,DLS-ACC,intermediate,ACC,35,0.010187
2,DLS-ACC,intermediate,ACC,36,0.039793
2,DLS-ACC,intermediate,ACC,37,0.0
2,DLS-ACC,intermediate,ACC,38,0.993485
2,DLS-ACC,intermediate,ACC,39,0.0
2,DLS-ACC,intermediate,ACC,40,0.0
2,DLS-ACC,intermediate,ACC,41,0.112307
2,DLS-ACC,intermediate,ACC,42,0.0
2,DLS-ACC,intermediate,ACC,43,0.0
2,DLS-ACC,intermediate,ACC,44,0.025546
2,DLS-ACC,intermediate,ACC,45,0.863316
2,DLS-ACC,intermediate,ACC,46,1.09223
2,DLS-ACC,intermediate,ACC,47,0.054221
2,DLS-ACC,intermediate,ACC,48,0.0
2,DLS-ACC,intermediate,ACC,49,0.0
2,DLS-ACC,intermediate,ACC,50,0.461362
2,DLS-ACC,intermediate,ACC,51,0.0
2,DLS-ACC,intermediate,ACC,52,0.01652
2,DLS-ACC,intermediate,ACC,53,0.004821
2,DLS-ACC,expert,DLS,0,0.96979
2,DLS-ACC,expert,DLS,1,0.044312
2,DLS-ACC,expert,DLS,2,0.131332
2,DLS-ACC,expert,DLS,3,0.979088
2,DLS-ACC,expert,DLS,4,0.911593
2,DLS-ACC,expert,DLS,5,0.935091
2,DLS-ACC,expert,DLS,6,0.834249
2,DLS-ACC,expert,DLS,7,0.0
2,DLS-ACC,expert,DLS,8,0.870431
2,DLS-ACC,expert,DLS,9,0.0
2,DLS-ACC,expert,DLS,10,0.736544
2,DLS-ACC,expert,DLS,11,0.945239
2,DLS-ACC,expert,DLS,12,0.023056
2,DLS-ACC,expert,DLS,13,0.0
2,DLS-ACC,expert,DLS,14,0.192381
2,DLS-ACC,expert,DLS,15,0.015804
2,DLS-ACC,expert,DLS,16,0.378441
2,DLS-ACC,expert,DLS,17,0.0
2,DLS-ACC,expert,DLS,18,0.650958
2,DLS-ACC,expert,DLS,19,0.882945
2,DLS-ACC,expert,DLS,20,0.064845
2,DLS-ACC,expert,DLS,21,0.154967
2,DLS-ACC,expert,DLS,22,0.057652
2,DLS-ACC,expert,DLS,23,0.677085
2,DLS-ACC,expert,DLS,24,0.767908
2,DLS-ACC,expert,DLS,25,0.882011
2,DLS-ACC,expert,DLS,26,0.0
2,DLS-ACC,expert,DLS,27,0.059033
2,DLS-ACC,expert,DLS,28,0.041282
2,DLS-ACC,expert,DLS,29,0.0
2,DLS-ACC,expert,DLS,30,0.497677
2,DLS-ACC,expert,DLS,31,0.542871
2,DLS-ACC,expert,DLS,32,0.475988
2,DLS-ACC,expert,DLS,33,0.046436
2,DLS-ACC,expert,DLS,34,0.0
2,DLS-ACC,expert,DLS,35,0.0
2,DLS-ACC,expert,DLS,36,0.113148
2,DLS-ACC,expert,DLS,37,0.039669
2,DLS-ACC,expert,DLS,38,0.377877
2,DLS-ACC,expert,DLS,39,1.047635
2,DLS-ACC,expert,DLS,40,0.88329
2,DLS-ACC,expert,DLS,41,0.086649
2,DLS-ACC,expert,DLS,42,0.763898
2,DLS-ACC,expert,DLS,43,0.228466
2,DLS-ACC,expert,DLS,44,0.056592
2,DLS-ACC,expert,DLS,45,0.634894
2,DLS-ACC,expert,DLS,46,0.780921
2,DLS-ACC,expert,DLS,47,0.071981
2,DLS-ACC,expert,DLS,48,0.383649
2,DLS-ACC,expert,DLS,49,0.75799
2,DLS-ACC,expert,DLS,50,0.978666
2,DLS-ACC,expert,DLS,51,0.062642
2,DLS-ACC,expert,DLS,52,0.280856
2,DLS-ACC,expert,DLS,53,0.086618
2,DLS-ACC,expert,DLS,54,0.3129
2,DLS-ACC,expert,DLS,55,0.18222
2,DLS-ACC,expert,DLS,56,0.135451
2,DLS-ACC,expert,DLS,57,0.120023
2,DLS-ACC,expert,DLS,58,0.452848
2,DLS-ACC,expert,ACC,0,0.95218
2,DLS-ACC,expert,ACC,1,1.135735
2,DLS-ACC,expert,ACC,2,0.884275
2,DLS-ACC,expert,ACC,3,0.90056
2,DLS-ACC,expert,ACC,4,0.931533
2,DLS-ACC,expert,ACC,5,0.078061
2,DLS-ACC,expert,ACC,6,1.143373
2,DLS-ACC,expert,ACC,7,0.897992
2,DLS-ACC,expert,ACC,8,0.872031
2,DLS-ACC,expert,ACC,9,0.0
2,DLS-ACC,expert,ACC,10,0.757637
2,DLS-ACC,expert,ACC,11,0.141944
2,DLS-ACC,expert,ACC,12,1.164038
2,DLS-ACC,expert,ACC,13,1.179208
2,DLS-ACC,expert,ACC,14,1.190662
2,DLS-ACC,expert,ACC,15,0.0
2,DLS-ACC,expert,ACC,16,0.0
2,DLS-ACC,expert,ACC,17,0.0
2,DLS-ACC,expert,ACC,18,0.115425
2,DLS-ACC,expert,ACC,19,0.059685
2,DLS-ACC,expert,ACC,20,0.168585
2,DLS-ACC,expert,ACC,21,0.605099
2,DLS-ACC,expert,ACC,22,1.117666
2,DLS-ACC,expert,ACC,23,0.99071
2,DLS-ACC,expert,ACC,24,1.113176
2,DLS-ACC,expert,ACC,25,0.061594
2,DLS-ACC,expert,ACC,26,0.148892
2,DLS-ACC,expert,ACC,27,0.0
2,DLS-ACC,expert,ACC,28,0.0
2,DLS-ACC,expert,ACC,29,0.0
2,DLS-ACC,expert,ACC,30,0.0
2,DLS-ACC,expert,ACC,31,0.058458
2,DLS-ACC,expert,ACC,32,0.052872
2,DLS-ACC,expert,ACC,33,0.692594
2,DLS-ACC,expert,ACC,34,1.312385
2,DLS-ACC,expert,ACC,35,0.0
2,DLS-ACC,expert,ACC,36,0.134913
2,DLS-ACC,expert,ACC,37,0.0
2,DLS-ACC,expert,ACC,38,1.032391
2,DLS-ACC,expert,ACC,39,0.0
2,DLS-ACC,expert,ACC,40,0.0
2,DLS-ACC,expert,ACC,41,0.196471
2,DLS-ACC,expert,ACC,42,0.0
2,DLS-ACC,expert,ACC,43,0.037281
2,DLS-ACC,expert,ACC,44,0.026842
2,DLS-ACC,expert,ACC,45,1.252875
2,DLS-ACC,expert,ACC,46,0.977927
2,DLS-ACC,expert,ACC,47,0.062988
2,DLS-ACC,expert,ACC,48,0.009149
2,DLS-ACC,expert,ACC,49,0.0
2,DLS-ACC,expert,ACC,50,0.252678
2,DLS-ACC,expert,ACC,51,0.0
2,DLS-ACC,expert,ACC,52,0.0
2,DLS-ACC,expert,ACC,53,1.181691
4,DMS-DLS,naive,DMS,0,1.063328
4,DMS-DLS,naive,DMS,1,0.0
4,DMS-DLS,naive,DMS,2,1.34736
4,DMS-DLS,naive,DMS,3,5.548492
4,DMS-DLS,naive,DMS,4,0.459084
4,DMS-DLS,naive,DMS,5,0.0
4,DMS-DLS,naive,DMS,6,1.049355
4,DMS-DLS,naive,DMS,7,1.087056
4,DMS-DLS,naive,DMS,8,0.517805
4,DMS-DLS,naive,DMS,9,0.778086
4,DMS-DLS,naive,DMS,10,2.065635
4,DMS-DLS,naive,DMS,11,1.048726
4,DMS-DLS,naive,DMS,12,1.604999
4,DMS-DLS,naive,DMS,13,1.140954
4,DMS-DLS,naive,DMS,14,1.427037
4,DMS-DLS,naive,DMS,15,0.757508
4,DMS-DLS,naive,DLS,0,0.057221
4,DMS-DLS,naive,DLS,1,0.035624
4,DMS-DLS,naive,DLS,2,0.100821
4,DMS-DLS,naive,DLS,3,0.130932
4,DMS-DLS,naive,DLS,4,0.57736
4,DMS-DLS,naive,DLS,5,0.398477
4,DMS-DLS,naive,DLS,6,0.119154
4,DMS-DLS,naive,DLS,7,0.136615
4,DMS-DLS,naive,DLS,8,0.540025
4,DMS-DLS,naive,DLS,9,0.098818
4,DMS-DLS,naive,DLS,10,0.06269
4,DMS-DLS,naive,DLS,11,0.057346
4,DMS-DLS,naive,DLS,12,0.694625
4,DMS-DLS,naive,DLS,13,0.180412
4,DMS-DLS,naive,DLS,14,0.572405
4,DMS-DLS,naive,DLS,15,0.653995
4,DMS-DLS,naive,DLS,16,0.206578
4,DMS-DLS,naive,DLS,17,0.137446
4,DMS-DLS,naive,DLS,18,0.355493
4,DMS-DLS,naive,DLS,19,0.149097
4,DMS-DLS,naive,DLS,20,0.045844
4,DMS-DLS,naive,DLS,21,0.302861
4,DMS-DLS,naive,DLS,22,0.381809
4,DMS-DLS,naive,DLS,23,0.192878
4,DMS-DLS,naive,DLS,24,0.532938
4,DMS-DLS,naive,DLS,25,0.393061
4,DMS-DLS,naive,DLS,26,0.106342
4,DMS-DLS,naive,DLS,27,0.02139
4,DMS-DLS,naive,DLS,28,0.385662
4,DMS-DLS,naive,DLS,29,0.034739
4,DMS-DLS,naive,DLS,30,0.073152
4,DMS-DLS,naive,DLS,31,0.310727
4,DMS-DLS,naive,DLS,32,0.414387
4,DMS-DLS,naive,DLS,33,0.0
4,DMS-DLS,naive,DLS,34,0.107656
4,DMS-DLS,naive,DLS,35,0.466306
4,DMS-DLS,naive,DLS,36,0.064195
4,DMS-DLS,naive,DLS,37,0.0
4,DMS-DLS,naive,DLS,38,0.043092
4,DMS-DLS,naive,DLS,39,0.696846
4,DMS-DLS,naive,DLS,40,0.0
4,DMS-DLS,naive,DLS,41,0.0
4,DMS-DLS,naive,DLS,42,0.122263
4,DMS-DLS,naive,DLS,43,0.066463
4,DMS-DLS,naive,DLS,44,0.092337
4,DMS-DLS,naive,DLS,45,0.077639
4,DMS-DLS,naive,DLS,46,0.003598
4,DMS-DLS,naive,DLS,47,0.098598
4,DMS-DLS,naive,DLS,48,0.641122
4,DMS-DLS,naive,DLS,49,0.057771
4,DMS-DLS,naive,DLS,50,0.200506
4,DMS-DLS,naive,DLS,51,0.128267
4,DMS-DLS,naive,DLS,52,0.089311
4,DMS-DLS,naive,DLS,53,0.150443
4,DMS-DLS,naive,DLS,54,0.461614
4,DMS-DLS,naive,DLS,55,0.042498
4,DMS-DLS,naive,DLS,56,0.632784
4,DMS-DLS,naive,DLS,57,0.116077
4,DMS-DLS,naive,DLS,58,0.458047
4,DMS-DLS,naive,DLS,59,0.658319
4,DMS-DLS,naive,DLS,60,0.013417
4,DMS-DLS,naive,DLS,61,0.39246
4,DMS-DLS,naive,DLS,62,0.607755
4,DMS-DLS,naive,DLS,63,0.092556
4,DMS-DLS,naive,DLS,64,0.035433
4,DMS-DLS,naive,DLS,65,0.020316
4,DMS-DLS,naive,DLS,66,0.004468
4,DMS-DLS,naive,DLS,67,0.668313
4,DMS-DLS,naive,DLS,68,0.498928
4,DMS-DLS,naive,DLS,69,0.018778
4,DMS-DLS,naive,DLS,70,0.425114
4,DMS-DLS,naive,DLS,71,0.416905
4,DMS-DLS,naive,DLS,72,0.015844
4,DMS-DLS,naive,DLS,73,0.048161
4,DMS-DLS,naive,DLS,74,0.065891
4,DMS-DLS,naive,DLS,75,0.056824
4,DMS-DLS,intermediate,DMS,0,1.009881
4,DMS-DLS,intermediate,DMS,1,1.427471
4,DMS-DLS,intermediate,DMS,2,1.284926
4,DMS-DLS,intermediate,DMS,3,2.886747
4,DMS-DLS,intermediate,DMS,4,2.373047
4,DMS-DLS,intermediate,DMS,5,0.0
4,DMS-DLS,intermediate,DMS,6,1.004387
4,DMS-DLS,intermediate,DMS,7,1.058361
4,DMS-DLS,intermediate,DMS,8,0.0
4,DMS-DLS,intermediate,DMS,9,0.0
4,DMS-DLS,intermediate,DMS,10,0.0
4,DMS-DLS,intermediate,DMS,11,0.0
4,DMS-DLS,intermediate,DMS,12,1.369865
4,DMS-DLS,intermediate,DMS,13,1.180446
4,DMS-DLS,intermediate,DMS,14,2.863187
4,DMS-DLS,intermediate,DMS,15,0.0
4,DMS-DLS,intermediate,DLS,0,0.113659
4,DMS-DLS,intermediate,DLS,1,0.41102
4,DMS-DLS,intermediate,DLS,2,0.387358
4,DMS-DLS,intermediate,DLS,3,0.063764
4,DMS-DLS,intermediate,DLS,4,0.189307
4,DMS-DLS,intermediate,DLS,5,0.111415
4,DMS-DLS,intermediate,DLS,6,0.379395
4,DMS-DLS,intermediate,DLS,7,0.432497
4,DMS-DLS,intermediate,DLS,8,0.09185
4,DMS-DLS,intermediate,DLS,9,0.099121
4,DMS-DLS,intermediate,DLS,10,0.119237
4,DMS-DLS,intermediate,DLS,11,0.344842
4,DMS-DLS,intermediate,DLS,12,0.325868
4,DMS-DLS,intermediate,DLS,13,0.145622
4,DMS-DLS,intermediate,DLS,14,0.140349
4,DMS-DLS,intermediate,DLS,15,0.173181
4,DMS-DLS,intermediate,DLS,16,0.250372
4,DMS-DLS,intermediate,DLS,17,0.452979
4,DMS-DLS,intermediate,DLS,18,0.110303
4,DMS-DLS,intermediate,DLS,19,0.381681
4,DMS-DLS,intermediate,DLS,20,0.110946
4,DMS-DLS,intermediate,DLS,21,0.103189
4,DMS-DLS,intermediate,DLS,22,0.116688
4,DMS-DLS,intermediate,DLS,23,0.09959
4,DMS-DLS,intermediate,DLS,24,0.076755
4,DMS-DLS,intermediate,DLS,25,0.068898
4,DMS-DLS,intermediate,DLS,26,0.348303
4,DMS-DLS,intermediate,DLS,27,0.055355
4,DMS-DLS,intermediate,DLS,28,0.540507
4,DMS-DLS,intermediate,DLS,29,0.028697
4,DMS-DLS,intermediate,DLS,30,0.222042
4,DMS-DLS,intermediate,DLS,31,0.392484
4,DMS-DLS,intermediate,DLS,32,0.112372
4,DMS-DLS,intermediate,DLS,33,0.165017
4,DMS-DLS,intermediate,DLS,34,0.216357
4,DMS-DLS,intermediate,DLS,35,0.091966
4,DMS-DLS,intermediate,DLS,36,0.013387
4,DMS-DLS,intermediate,DLS,37,0.429696
4,DMS-DLS,intermediate,DLS,38,0.592705
4,DMS-DLS,intermediate,DLS,39,0.036474
4,DMS-DLS,intermediate,DLS,40,0.345983
4,DMS-DLS,intermediate,DLS,41,0.321903
4,DMS-DLS,intermediate,DLS,42,0.214656
4,DMS-DLS,intermediate,DLS,43,0.08664
4,DMS-DLS,intermediate,DLS,44,0.12675
4,DMS-DLS,intermediate,DLS,45,0.518216
4,DMS-DLS,intermediate,DLS,46,0.208795
4,DMS-DLS,intermediate,DLS,47,0.331419
4,DMS-DLS,intermediate,DLS,48,0.081934
4,DMS-DLS,intermediate,DLS,49,0.124151
4,DMS-DLS,intermediate,DLS,50,0.245545
4,DMS-DLS,intermediate,DLS,51,0.156693
4,DMS-DLS,intermediate,DLS,52,0.06071
4,DMS-DLS,intermediate,DLS,53,0.28399
4,DMS-DLS,intermediate,DLS,54,0.04019
4,DMS-DLS,intermediate,DLS,55,0.666711
4,DMS-DLS,intermediate,DLS,56,0.071771
4,DMS-DLS,intermediate,DLS,57,0.217828
4,DMS-DLS,intermediate,DLS,58,0.039854
4,DMS-DLS,intermediate,DLS,59,0.151754
4,DMS-DLS,intermediate,DLS,60,0.090659
4,DMS-DLS,intermediate,DLS,61,0.037256
4,DMS-DLS,intermediate,DLS,62,0.104326
4,DMS-DLS,intermediate,DLS,63,0.100375
4,DMS-DLS,intermediate,DLS,64,0.034923
4,DMS-DLS,intermediate,DLS,65,0.23375
4,DMS-DLS,intermediate,DLS,66,0.373507
4,DMS-DLS,intermediate,DLS,67,0.06321
4,DMS-DLS,intermediate,DLS,68,0.225988
4,DMS-DLS,intermediate,DLS,69,0.160054
4,DMS-DLS,intermediate,DLS,70,0.25177
4,DMS-DLS,intermediate,DLS,71,0.159159
4,DMS-DLS,intermediate,DLS,72,0.049578
4,DMS-DLS,intermediate,DLS,73,0.271871
4,DMS-DLS,intermediate,DLS,74,0.433627
4,DMS-DLS,intermediate,DLS,75,0.08094
4,DMS-DLS,expert,DMS,0,0.923551
4,DMS-DLS,expert,DMS,1,1.230587
4,DMS-DLS,expert,DMS,2,1.144006
4,DMS-DLS,expert,DMS,3,1.839866
4,DMS-DLS,expert,DMS,4,3.818533
4,DMS-DLS,expert,DMS,5,0.0
4,DMS-DLS,expert,DMS,6,0.994996
4,DMS-DLS,expert,DMS,7,1.234862
4,DMS-DLS,expert,DMS,8,0.0
4,DMS-DLS,expert,DMS,9,2.663755
4,DMS-DLS,expert,DMS,10,1.982321
4,DMS-DLS,expert,DMS,11,0.0
4,DMS-DLS,expert,DMS,12,1.057912
4,DMS-DLS,expert,DMS,13,0.947014
4,DMS-DLS,expert,DMS,14,1.63329
4,DMS-DLS,expert,DMS,15,0.0
4,DMS-DLS,expert,DLS,0,0.168536
4,DMS-DLS,expert,DLS,1,0.384852
4,DMS-DLS,expert,DLS,2,0.426568
4,DMS-DLS,expert,DLS,3,0.426002
4,DMS-DLS,expert,DLS,4,0.309543
4,DMS-DLS,expert,DLS,5,0.211227
4,DMS-DLS,expert,DLS,6,0.084106
4,DMS-DLS,expert,DLS,7,0.175094
4,DMS-DLS,expert,DLS,8,0.214478
4,DMS-DLS,expert,DLS,9,0.245933
4,DMS-DLS,expert,DLS,10,0.265335
4,DMS-DLS,expert,DLS,11,0.339654
4,DMS-DLS,expert,DLS,12,0.226467
4,DMS-DLS,expert,DLS,13,0.234935
4,DMS-DLS,expert,DLS,14,0.090201
4,DMS-DLS,expert,DLS,15,0.17146
4,DMS-DLS,expert,DLS,16,0.201365
4,DMS-DLS,expert,DLS,17,0.076737
4,DMS-DLS,expert,DLS,18,0.374478
4,DMS-DLS,expert,DLS,19,0.037069
4,DMS-DLS,expert,DLS,20,0.194947
4,DMS-DLS,expert,DLS,21,0.366102
4,DMS-DLS,expert,DLS,22,0.320523
4,DMS-DLS,expert,DLS,23,0.458923
4,DMS-DLS,expert,DLS,24,0.174399
4,DMS-DLS,expert,DLS,25,0.356214
4,DMS-DLS,expert,DLS,26,0.31966
4,DMS-DLS,expert,DLS,27,0.336405
4,DMS-DLS,expert,DLS,28,0.165285
4,DMS-DLS,expert,DLS,29,0.442894
4,DMS-DLS,expert,DLS,30,0.054593
4,DMS-DLS,expert,DLS,31,0.390635
4,DMS-DLS,expert,DLS,32,0.202994
4,DMS-DLS,expert,DLS,33,0.291125
4,DMS-DLS,expert,DLS,34,0.20289
4,DMS-DLS,expert,DLS,35,0.032258
4,DMS-DLS,expert,DLS,36,0.546566
4,DMS-DLS,expert,DLS,37,0.0
4,DMS-DLS,expert,DLS,38,0.6062
4,DMS-DLS,expert,DLS,39,0.178722
4,DMS-DLS,expert,DLS,40,0.0
4,DMS-DLS,expert,DLS,41,0.675833
4,DMS-DLS,expert,DLS,42,0.054526
4,DMS-DLS,expert,DLS,43,0.148949
4,DMS-DLS,expert,DLS,44,0.209725
4,DMS-DLS,expert,DLS,45,0.401341
4,DMS-DLS,expert,DLS,46,0.081894
4,DMS-DLS,expert,DLS,47,0.444036
4,DMS-DLS,expert,DLS,48,0.076009
4,DMS-DLS,expert,DLS,49,0.30328
4,DMS-DLS,expert,DLS,50,0.228951
4,DMS-DLS,expert,DLS,51,0.397134
4,DMS-DLS,expert,DLS,52,0.100004
4,DMS-DLS,expert,DLS,53,0.446894
4,DMS-DLS,expert,DLS,54,0.214056
4,DMS-DLS,expert,DLS,55,0.749958
4,DMS-DLS,expert,DLS,56,0.303019
4,DMS-DLS,expert,DLS,57,0.146174
4,DMS-DLS,expert,DLS,58,0.070008
4,DMS-DLS,expert,DLS,59,0.204039
4,DMS-DLS,expert,DLS,60,0.532424
4,DMS-DLS,expert,DLS,61,0.077654
4,DMS-DLS,expert,DLS,62,0.02331
4,DMS-DLS,expert,DLS,63,0.341908
4,DMS-DLS,expert,DLS,64,0.052584
4,DMS-DLS,expert,DLS,65,0.054696
4,DMS-DLS,expert,DLS,66,0.147582
4,DMS-DLS,expert,DLS,67,0.06193
4,DMS-DLS,expert,DLS,68,0.353021
4,DMS-DLS,expert,DLS,69,0.064979
4,DMS-DLS,expert,DLS,70,0.379569
4,DMS-DLS,expert,DLS,71,0.312638
4,DMS-DLS,expert,DLS,72,0.488345
4,DMS-DLS,expert,DLS,73,0.428297
4,DMS-DLS,expert,DLS,74,0.4764
4,DMS-DLS,expert,DLS,75,0.139375
4,DMS-ACC,naive,DMS,0,1.074155
4,DMS-ACC,naive,DMS,1,0.0
4,DMS-ACC,naive,DMS,2,1.34915
4,DMS-ACC,naive,DMS,3,5.456216
4,DMS-ACC,naive,DMS,4,0.458725
4,DMS-ACC,naive,DMS,5,0.0
4,DMS-ACC,naive,DMS,6,1.053172
4,DMS-ACC,naive,DMS,7,1.090778
4,DMS-ACC,naive,DMS,8,0.518521
4,DMS-ACC,naive,DMS,9,0.789475
4,DMS-ACC,naive,DMS,10,2.09907
4,DMS-ACC,naive,DMS,11,1.074944
4,DMS-ACC,naive,DMS,12,1.603896
4,DMS-ACC,naive,DMS,13,1.150624
4,DMS-ACC,naive,DMS,14,1.452331
4,DMS-ACC,naive,DMS,15,0.777276
4,DMS-ACC,naive,ACC,0,0.026123
4,DMS-ACC,naive,ACC,1,0.31585
4,DMS-ACC,naive,ACC,2,0.076853
4,DMS-ACC,naive,ACC,3,0.207398
4,DMS-ACC,naive,ACC,4,0.533475
4,DMS-ACC,naive,ACC,5,0.764067
4,DMS-ACC,naive,ACC,6,0.484888
4,DMS-ACC,naive,ACC,7,0.188622
4,DMS-ACC,naive,ACC,8,0.42893
4,DMS-ACC,naive,ACC,9,0.664312
4,DMS-ACC,naive,ACC,10,0.324838
4,DMS-ACC,naive,ACC,11,0.353729
4,DMS-ACC,naive,ACC,12,0.656903
4,DMS-ACC,naive,ACC,13,0.510691
4,DMS-ACC,naive,ACC,14,0.430571
4,DMS-ACC,naive,ACC,15,0.149871
4,DMS-ACC,naive,ACC,16,0.760384
4,DMS-ACC,naive,ACC,17,0.813941
4,DMS-ACC,naive,ACC,18,0.748679
4,DMS-ACC,naive,ACC,19,0.782439
4,DMS-ACC,naive,ACC,20,0.18134
4,DMS-ACC,naive,ACC,21,0.137774
4,DMS-ACC,naive,ACC,22,0.413132
4,DMS-ACC,naive,ACC,23,0.111536
4,DMS-ACC,naive,ACC,24,0.935574
4,DMS-ACC,naive,ACC,25,0.398313
4,DMS-ACC,naive,ACC,26,0.016456
4,DMS-ACC,naive,ACC,27,0.743707
4,DMS-ACC,naive,ACC,28,0.142838
4,DMS-ACC,naive,ACC,29,0.583335
4,DMS-ACC,naive,ACC,30,0.210619
4,DMS-ACC,naive,ACC,31,0.146781
4,DMS-ACC,naive,ACC,32,0.488889
4,DMS-ACC,naive,ACC,33,0.013608
4,DMS-ACC,naive,ACC,34,0.240405
4,DMS-ACC,naive,ACC,35,0.21901
4,DMS-ACC,naive,ACC,36,0.721176
4,DMS-ACC,naive,ACC,37,0.715806
4,DMS-ACC,naive,ACC,38,0.114686
4,DMS-ACC,naive,ACC,39,0.200076
4,DMS-ACC,naive,ACC,40,0.453391
4,DMS-ACC,naive,ACC,41,0.03734
4,DMS-ACC,naive,ACC,42,0.027912
4,DMS-ACC,naive,ACC,43,0.601324
4,DMS-ACC,naive,ACC,44,0.014899
4,DMS-ACC,naive,ACC,45,0.053007
4,DMS-ACC,naive,ACC,46,0.007775
4,DMS-ACC,naive,ACC,47,0.46769
4,DMS-ACC,naive,ACC,48,0.0
4,DMS-ACC,naive,ACC,49,0.355331
4,DMS-ACC,naive,ACC,50,0.661456
4,DMS-ACC,intermediate,DMS,0,1.011177
4,DMS-ACC,intermediate,DMS,1,1.433173
4,DMS-ACC,intermediate,DMS,2,1.283756
4,DMS-ACC,intermediate,DMS,3,2.891296
4,DMS-ACC,intermediate,DMS,4,2.360767
4,DMS-ACC,intermediate,DMS,5,0.0
4,DMS-ACC,intermediate,DMS,6,1.003007
4,DMS-ACC,intermediate,DMS,7,1.051224
4,DMS-ACC,intermediate,DMS,8,0.0
4,DMS-ACC,intermediate,DMS,9,0.0
4,DMS-ACC,intermediate,DMS,10,0.0
4,DMS-ACC,intermediate,DMS,11,0.0
4,DMS-ACC,intermediate,DMS,12,1.366224
4,DMS-ACC,intermediate,DMS,13,1.177676
4,DMS-ACC,intermediate,DMS,14,2.869494
4,DMS-ACC,intermediate,DMS,15,0.0
4,DMS-ACC,intermediate,ACC,0,0.144838
4,DMS-ACC,intermediate,ACC,1,0.562078
4,DMS-ACC,intermediate,ACC,2,0.669472
4,DMS-ACC,intermediate,ACC,3,0.425794
4,DMS-ACC,intermediate,ACC,4,0.752081
4,DMS-ACC,intermediate,ACC,5,0.41679
4,DMS-ACC,intermediate,ACC,6,0.255537
4,DMS-ACC,intermediate,ACC,7,0.169734
4,DMS-ACC,intermediate,ACC,8,0.060055
4,DMS-ACC,intermediate,ACC,9,0.106808
4,DMS-ACC,intermediate,ACC,10,0.663727
4,DMS-ACC,intermediate,ACC,11,0.468716
4,DMS-ACC,intermediate,ACC,12,0.266964
4,DMS-ACC,intermediate,ACC,13,0.430028
4,DMS-ACC,intermediate,ACC,14,0.519715
4,DMS-ACC,intermediate,ACC,15,0.610743
4,DMS-ACC,intermediate,ACC,16,0.550064
4,DMS-ACC,intermediate,ACC,17,0.226096
4,DMS-ACC,intermediate,ACC,18,0.654215
4,DMS-ACC,intermediate,ACC,19,0.688017
4,DMS-ACC,intermediate,ACC,20,0.565917
4,DMS-ACC,intermediate,ACC,21,0.398432
4,DMS-ACC,intermediate,ACC,22,0.255697
4,DMS-ACC,intermediate,ACC,23,0.094969
4,DMS-ACC,intermediate,ACC,24,0.086322
4,DMS-ACC,intermediate,ACC,25,0.153076
4,DMS-ACC,intermediate,ACC,26,0.662664
4,DMS-ACC,intermediate,ACC,27,0.40922
4,DMS-ACC,intermediate,ACC,28,0.681802
4,DMS-ACC,intermediate,ACC,29,0.140353
4,DMS-ACC,intermediate,ACC,30,0.277391
4,DMS-ACC,intermediate,ACC,31,0.327505
4,DMS-ACC,intermediate,ACC,32,0.110097
4,DMS-ACC,intermediate,ACC,33,0.033975
4,DMS-ACC,intermediate,ACC,34,0.496233
4,DMS-ACC,intermediate,ACC,35,0.086275
4,DMS-ACC,intermediate,ACC,36,0.041865
4,DMS-ACC,intermediate,ACC,37,0.5425
4,DMS-ACC,intermediate,ACC,38,0.162362
4,DMS-ACC,intermediate,ACC,39,0.516652
4,DMS-ACC,intermediate,ACC,40,0.073583
4,DMS-ACC,intermediate,ACC,41,0.726654
4,DMS-ACC,intermediate,ACC,42,0.561787
4,DMS-ACC,intermediate,ACC,43,0.0
4,DMS-ACC,intermediate,ACC,44,0.124734
4,DMS-ACC,intermediate,ACC,45,0.414313
4,DMS-ACC,intermediate,ACC,46,0.022387
4,DMS-ACC,intermediate,ACC,47,0.568363
4,DMS-ACC,intermediate,ACC,48,0.0
4,DMS-ACC,intermediate,ACC,49,0.410854
4,DMS-ACC,intermediate,ACC,50,0.169508
4,DMS-ACC,expert,DMS,0,0.927097
4,DMS-ACC,expert,DMS,1,1.223124
4,DMS-ACC,expert,DMS,2,1.140081
4,DMS-ACC,expert,DMS,3,1.853217
4,DMS-ACC,expert,DMS,4,3.864875
4,DMS-ACC,expert,DMS,5,0.0
4,DMS-ACC,expert,DMS,6,0.996862
4,DMS-ACC,expert,DMS,7,1.220828
4,DMS-ACC,expert,DMS,8,0.0
4,DMS-ACC,expert,DMS,9,2.654262
4,DMS-ACC,expert,DMS,10,2.020061
4,DMS-ACC,expert,DMS,11,0.0
4,DMS-ACC,expert,DMS,12,1.059068
4,DMS-ACC,expert,DMS,13,0.962287
4,DMS-ACC,expert,DMS,14,1.636979
4,DMS-ACC,expert,DMS,15,0.0
4,DMS-ACC,expert,ACC,0,0.179236
4,DMS-ACC,expert,ACC,1,0.566907
4,DMS-ACC,expert,ACC,2,0.621276
4,DMS-ACC,expert,ACC,3,0.431675
4,DMS-ACC,expert,ACC,4,0.699466
4,DMS-ACC,expert,ACC,5,0.547475
4,DMS-ACC,expert,ACC,6,0.149345
4,DMS-ACC,expert,ACC,7,0.648654
4,DMS-ACC,expert,ACC,8,0.109325
4,DMS-ACC,expert,ACC,9,0.315803
4,DMS-ACC,expert,ACC,10,0.551093
4,DMS-ACC,expert,ACC,11,0.402373
4,DMS-ACC,expert,ACC,12,0.171637
4,DMS-ACC,expert,ACC,13,0.140326
4,DMS-ACC,expert,ACC,14,0.488951
4,DMS-ACC,expert,ACC,15,0.218212
4,DMS-ACC,expert,ACC,16,0.530964
4,DMS-ACC,expert,ACC,17,0.577853
4,DMS-ACC,expert,ACC,18,0.144302
4,DMS-ACC,expert,ACC,19,0.162684
4,DMS-ACC,expert,ACC,20,0.193611
4,DMS-ACC,expert,ACC,21,0.210138
4,DMS-ACC,expert,ACC,22,0.310519
4,DMS-ACC,expert,ACC,23,0.178197
4,DMS-ACC,expert,ACC,24,0.83204
4,DMS-ACC,expert,ACC,25,0.298699
4,DMS-ACC,expert,ACC,26,0.590085
4,DMS-ACC,expert,ACC,27,0.195628
4,DMS-ACC,expert,ACC,28,0.332683
4,DMS-ACC,expert,ACC,29,0.03436
4,DMS-ACC,expert,ACC,30,0.424096
4,DMS-ACC,expert,ACC,31,0.22623
4,DMS-ACC,expert,ACC,32,0.191047
4,DMS-ACC,expert,ACC,33,0.430978
4,DMS-ACC,expert,ACC,34,0.365999
4,DMS-ACC,expert,ACC,35,0.144277
4,DMS-ACC,expert,ACC,36,0.03473
4,DMS-ACC,expert,ACC,37,0.614639
4,DMS-ACC,expert,ACC,38,0.654611
4,DMS-ACC,expert,ACC,39,0.261758
4,DMS-ACC,expert,ACC,40,0.122664
4,DMS-ACC,expert,ACC,41,0.703339
4,DMS-ACC,expert,ACC,42,0.624537
4,DMS-ACC,expert,ACC,43,0.0
4,DMS-ACC,expert,ACC,44,0.649741
4,DMS-ACC,expert,ACC,45,0.588121
4,DMS-ACC,expert,ACC,46,0.359646
4,DMS-ACC,expert,ACC,47,0.31039
4,DMS-ACC,expert,ACC,48,0.3399
4,DMS-ACC,expert,ACC,49,0.273545
4,DMS-ACC,expert,ACC,50,0.17431
4,DLS-ACC,naive,DLS,0,0.059254
4,DLS-ACC,naive,DLS,1,0.044929
4,DLS-ACC,naive,DLS,2,0.113911
4,DLS-ACC,naive,DLS,3,0.185465
4,DLS-ACC,naive,DLS,4,0.774055
4,DLS-ACC,naive,DLS,5,0.428135
4,DLS-ACC,naive,DLS,6,0.122639
4,DLS-ACC,naive,DLS,7,0.144201
4,DLS-ACC,naive,DLS,8,0.699741
4,DLS-ACC,naive,DLS,9,0.10982
4,DLS-ACC,naive,DLS,10,0.069838
4,DLS-ACC,naive,DLS,11,0.079325
4,DLS-ACC,naive,DLS,12,0.767024
4,DLS-ACC,naive,DLS,13,0.192702
4,DLS-ACC,naive,DLS,14,0.630573
4,DLS-ACC,naive,DLS,15,0.687783
4,DLS-ACC,naive,DLS,16,0.234743
4,DLS-ACC,naive,DLS,17,0.146145
4,DLS-ACC,naive,DLS,18,0.38121
4,DLS-ACC,naive,DLS,19,0.205033
4,DLS-ACC,naive,DLS,20,0.048787
4,DLS-ACC,naive,DLS,21,0.304873
4,DLS-ACC,naive,DLS,22,0.371935
4,DLS-ACC,naive,DLS,23,0.220539
4,DLS-ACC,naive,DLS,24,0.438216
4,DLS-ACC,naive,DLS,25,0.404894
4,DLS-ACC,naive,DLS,26,0.130828
4,DLS-ACC,naive,DLS,27,0.024455
4,DLS-ACC,naive,DLS,28,0.486411
4,DLS-ACC,naive,DLS,29,0.040133
4,DLS-ACC,naive,DLS,30,0.081614
4,DLS-ACC,naive,DLS,31,0.355064
4,DLS-ACC,naive,DLS,32,0.475471
4,DLS-ACC,naive,DLS,33,0.0
4,DLS-ACC,naive,DLS,34,0.115514
4,DLS-ACC,naive,DLS,35,0.58407
4,DLS-ACC,naive,DLS,36,0.06873
4,DLS-ACC,naive,DLS,37,0.0
4,DLS-ACC,naive,DLS,38,0.051259
4,DLS-ACC,naive,DLS,39,0.763101
4,DLS-ACC,naive,DLS,40,0.0
4,DLS-ACC,naive,DLS,41,0.0
4,DLS-ACC,naive,DLS,42,0.140309
4,DLS-ACC,naive,DLS,43,0.068754
4,DLS-ACC,naive,DLS,44,0.098045
4,DLS-ACC,naive,DLS,45,0.127052
4,DLS-ACC,naive,DLS,46,0.005968
4,DLS-ACC,naive,DLS,47,0.127775
4,DLS-ACC,naive,DLS,48,0.713705
4,DLS-ACC,naive,DLS,49,0.07169
4,DLS-ACC,naive,DLS,50,0.230481
4,DLS-ACC,naive,DLS,51,0.163758
4,DLS-ACC,naive,DLS,52,0.111171
4,DLS-ACC,naive,DLS,53,0.164746
4,DLS-ACC,naive,DLS,54,0.555256
4,DLS-ACC,naive,DLS,55,0.042866
4,DLS-ACC,naive,DLS,56,0.683555
4,DLS-ACC,naive,DLS,57,0.121089
4,DLS-ACC,naive,DLS,58,0.848363
4,DLS-ACC,naive,DLS,59,0.681906
4,DLS-ACC,naive,DLS,60,0.012073
4,DLS-ACC,naive,DLS,61,0.638787
4,DLS-ACC,naive,DLS,62,0.755858
4,DLS-ACC,naive,DLS,63,0.119128
4,DLS-ACC,naive,DLS,64,0.031752
4,DLS-ACC,naive,DLS,65,0.022878
4,DLS-ACC,naive,DLS,66,0.005309
4,DLS-ACC,naive,DLS,67,0.724492
4,DLS-ACC,naive,DLS,68,0.626751
4,DLS-ACC,naive,DLS,69,0.021382
4,DLS-ACC,naive,DLS,70,0.839627
4,DLS-ACC,naive,DLS,71,0.663768
4,DLS-ACC,naive,DLS,72,0.024064
4,DLS-ACC,naive,DLS,73,0.050391
4,DLS-ACC,naive,DLS,74,0.079435
4,DLS-ACC,naive,DLS,75,0.094989
4,DLS-ACC,naive,ACC,0,0.029945
4,DLS-ACC,naive,ACC,1,0.377195
4,DLS-ACC,naive,ACC,2,0.103106
4,DLS-ACC,naive,ACC,3,0.245445
4,DLS-ACC,naive,ACC,4,0.732564
4,DLS-ACC,naive,ACC,5,0.767354
4,DLS-ACC,naive,ACC,6,0.703396
4,DLS-ACC,naive,ACC,7,0.229423
4,DLS-ACC,naive,ACC,8,0.627824
4,DLS-ACC,naive,ACC,9,0.851943
4,DLS-ACC,naive,ACC,10,0.375074
4,DLS-ACC,naive,ACC,11,0.398521
4,DLS-ACC,naive,ACC,12,0.763763
4,DLS-ACC,naive,ACC,13,0.56508
4,DLS-ACC,naive,ACC,14,0.79885
4,DLS-ACC,naive,ACC,15,0.180135
4,DLS-ACC,naive,ACC,16,0.833941
4,DLS-ACC,naive,ACC,17,0.819401
4,DLS-ACC,naive,ACC,18,0.859812
4,DLS-ACC,naive,ACC,19,0.861771
4,DLS-ACC,naive,ACC,20,0.210121
4,DLS-ACC,naive,ACC,21,0.148064
4,DLS-ACC,naive,ACC,22,0.472165
4,DLS-ACC,naive,ACC,23,0.116674
4,DLS-ACC,naive,ACC,24,0.815212
4,DLS-ACC,naive,ACC,25,0.454037
4,DLS-ACC,naive,ACC,26,0.024498
4,DLS-ACC,naive,ACC,27,0.776699
4,DLS-ACC,naive,ACC,28,0.284684
4,DLS-ACC,naive,ACC,29,0.705934
4,DLS-ACC,naive,ACC,30,0.294297
4,DLS-ACC,naive,ACC,31,0.209027
4,DLS-ACC,naive,ACC,32,0.738659
4,DLS-ACC,naive,ACC,33,0.020649
4,DLS-ACC,naive,ACC,34,0.290872
4,DLS-ACC,naive,ACC,35,0.247921
4,DLS-ACC,naive,ACC,36,0.742005
4,DLS-ACC,naive,ACC,37,0.71908
4,DLS-ACC,naive,ACC,38,0.130143
4,DLS-ACC,naive,ACC,39,0.243028
4,DLS-ACC,naive,ACC,40,0.785875
4,DLS-ACC,naive,ACC,41,0.058452
4,DLS-ACC,naive,ACC,42,0.028972
4,DLS-ACC,naive,ACC,43,0.756136
4,DLS-ACC,naive,ACC,44,0.024369
4,DLS-ACC,naive,ACC,45,0.069154
4,DLS-ACC,naive,ACC,46,0.009142
4,DLS-ACC,naive,ACC,47,0.52371
4,DLS-ACC,naive,ACC,48,0.0
4,DLS-ACC,naive,ACC,49,0.421296
4,DLS-ACC,naive,ACC,50,0.795892
4,DLS-ACC,intermediate,DLS,0,0.151206
4,DLS-ACC,intermediate,DLS,1,0.466095
4,DLS-ACC,intermediate,DLS,2,0.488774
4,DLS-ACC,intermediate,DLS,3,0.083472
4,DLS-ACC,intermediate,DLS,4,0.236608
4,DLS-ACC,intermediate,DLS,5,0.136263
4,DLS-ACC,intermediate,DLS,6,0.707076
4,DLS-ACC,intermediate,DLS,7,0.606408
4,DLS-ACC,intermediate,DLS,8,0.201975
4,DLS-ACC,intermediate,DLS,9,0.132265
4,DLS-ACC,intermediate,DLS,10,0.171392
4,DLS-ACC,intermediate,DLS,11,0.547469
4,DLS-ACC,intermediate,DLS,12,0.402883
4,DLS-ACC,intermediate,DLS,13,0.283833
4,DLS-ACC,intermediate,DLS,14,0.152064
4,DLS-ACC,intermediate,DLS,15,0.184878
4,DLS-ACC,intermediate,DLS,16,0.356203
4,DLS-ACC,intermediate,DLS,17,0.709146
4,DLS-ACC,intermediate,DLS,18,0.12418
4,DLS-ACC,intermediate,DLS,19,0.559071
4,DLS-ACC,intermediate,DLS,20,0.138159
4,DLS-ACC,intermediate,DLS,21,0.144675
4,DLS-ACC,intermediate,DLS,22,0.149224
4,DLS-ACC,intermediate,DLS,23,0.190451
4,DLS-ACC,intermediate,DLS,24,0.113043
4,DLS-ACC,intermediate,DLS,25,0.090181
4,DLS-ACC,intermediate,DLS,26,0.412074
4,DLS-ACC,intermediate,DLS,27,0.081995
4,DLS-ACC,intermediate,DLS,28,0.628681
4,DLS-ACC,intermediate,DLS,29,0.053874
4,DLS-ACC,intermediate,DLS,30,0.246001
4,DLS-ACC,intermediate,DLS,31,0.517651
4,DLS-ACC,intermediate,DLS,32,0.158489
4,DLS-ACC,intermediate,DLS,33,0.549185
4,DLS-ACC,intermediate,DLS,34,0.322775
4,DLS-ACC,intermediate,DLS,35,0.201166
4,DLS-ACC,intermediate,DLS,36,0.010858
4,DLS-ACC,intermediate,DLS,37,0.437732
4,DLS-ACC,intermediate,DLS,38,0.779324
4,DLS-ACC,intermediate,DLS,39,0.047006
4,DLS-ACC,intermediate,DLS,40,0.564496
4,DLS-ACC,intermediate,DLS,41,0.700579
4,DLS-ACC,intermediate,DLS,42,0.360734
4,DLS-ACC,intermediate,DLS,43,0.116921
4,DLS-ACC,intermediate,DLS,44,0.164895
4,DLS-ACC,intermediate,DLS,45,0.772724
4,DLS-ACC,intermediate,DLS,46,0.239499
4,DLS-ACC,intermediate,DLS,47,0.423922
4,DLS-ACC,intermediate,DLS,48,0.08354
4,DLS-ACC,intermediate,DLS,49,0.138874
4,DLS-ACC,intermediate,DLS,50,0.325576
4,DLS-ACC,intermediate,DLS,51,0.287898
4,DLS-ACC,intermediate,DLS,52,0.083872
4,DLS-ACC,intermediate,DLS,53,0.354241
4,DLS-ACC,intermediate,DLS,54,0.053433
4,DLS-ACC,intermediate,DLS,55,0.687463
4,DLS-ACC,intermediate,DLS,56,0.08868
4,DLS-ACC,intermediate,DLS,57,0.259624
4,DLS-ACC,intermediate,DLS,58,0.05058
4,DLS-ACC,intermediate,DLS,59,0.168625
4,DLS-ACC,intermediate,DLS,60,0.112863
4,DLS-ACC,intermediate,DLS,61,0.05969
4,DLS-ACC,intermediate,DLS,62,0.155456
4,DLS-ACC,intermediate,DLS,63,0.147912
4,DLS-ACC,intermediate,DLS,64,0.053904
4,DLS-ACC,intermediate,DLS,65,0.346696
4,DLS-ACC,intermediate,DLS,66,0.561374
4,DLS-ACC,intermediate,DLS,67,0.093099
4,DLS-ACC,intermediate,DLS,68,0.258768
4,DLS-ACC,intermediate,DLS,69,0.227936
4,DLS-ACC,intermediate,DLS,70,0.368652
4,DLS-ACC,intermediate,DLS,71,0.253592
4,DLS-ACC,intermediate,DLS,72,0.092651
4,DLS-ACC,intermediate,DLS,73,0.315064
4,DLS-ACC,intermediate,DLS,74,0.601152
4,DLS-ACC,intermediate,DLS,75,0.095849
4,DLS-ACC,intermediate,ACC,0,0.247654
4,DLS-ACC,intermediate,ACC,1,0.880842
4,DLS-ACC,intermediate,ACC,2,0.869942
4,DLS-ACC,intermediate,ACC,3,0.528187
4,DLS-ACC,intermediate,ACC,4,0.934108
4,DLS-ACC,intermediate,ACC,5,0.469349
4,DLS-ACC,intermediate,ACC,6,0.391612
4,DLS-ACC,intermediate,ACC,7,0.21846
4,DLS-ACC,intermediate,ACC,8,0.116587
4,DLS-ACC,intermediate,ACC,9,0.149859
4,DLS-ACC,intermediate,ACC,10,0.821222
4,DLS-ACC,intermediate,ACC,11,0.612868
4,DLS-ACC,intermediate,ACC,12,0.421972
4,DLS-ACC,intermediate,ACC,13,0.591498
4,DLS-ACC,intermediate,ACC,14,0.840669
4,DLS-ACC,intermediate,ACC,15,0.857439
4,DLS-ACC,intermediate,ACC,16,0.86189
4,DLS-ACC,intermediate,ACC,17,0.340748
4,DLS-ACC,intermediate,ACC,18,0.912281
4,DLS-ACC,intermediate,ACC,19,0.874536
4,DLS-ACC,intermediate,ACC,20,0.893107
4,DLS-ACC,intermediate,ACC,21,0.516097
4,DLS-ACC,intermediate,ACC,22,0.429046
4,DLS-ACC,intermediate,ACC,23,0.152616
4,DLS-ACC,intermediate,ACC,24,0.082002
4,DLS-ACC,intermediate,ACC,25,0.170663
4,DLS-ACC,intermediate,ACC,26,0.794483
4,DLS-ACC,intermediate,ACC,27,0.592263
4,DLS-ACC,intermediate,ACC,28,0.881371
4,DLS-ACC,intermediate,ACC,29,0.15269
4,DLS-ACC,intermediate,ACC,30,0.545719
4,DLS-ACC,intermediate,ACC,31,0.393251
4,DLS-ACC,intermediate,ACC,32,0.150906
4,DLS-ACC,intermediate,ACC,33,0.044929
4,DLS-ACC,intermediate,ACC,34,0.689288
4,DLS-ACC,intermediate,ACC,35,0.102724
4,DLS-ACC,intermediate,ACC,36,0.067804
4,DLS-ACC,intermediate,ACC,37,0.909271
4,DLS-ACC,intermediate,ACC,38,0.183851
4,DLS-ACC,intermediate,ACC,39,0.922476
4,DLS-ACC,intermediate,ACC,40,0.112241
4,DLS-ACC,intermediate,ACC,41,0.902426
4,DLS-ACC,intermediate,ACC,42,0.873955
4,DLS-ACC,intermediate,ACC,43,0.0
4,DLS-ACC,intermediate,ACC,44,0.222143
4,DLS-ACC,intermediate,ACC,45,0.725682
4,DLS-ACC,intermediate,ACC,46,0.035751
4,DLS-ACC,intermediate,ACC,47,0.569517
4,DLS-ACC,intermediate,ACC,48,0.0
4,DLS-ACC,intermediate,ACC,49,0.517525
4,DLS-ACC,intermediate,ACC,50,0.232289
4,DLS-ACC,expert,DLS,0,0.233861
4,DLS-ACC,expert,DLS,1,0.443431
4,DLS-ACC,expert,DLS,2,0.518978
4,DLS-ACC,expert,DLS,3,0.798225
4,DLS-ACC,expert,DLS,4,0.314563
4,DLS-ACC,expert,DLS,5,0.228992
4,DLS-ACC,expert,DLS,6,0.086704
4,DLS-ACC,expert,DLS,7,0.242713
4,DLS-ACC,expert,DLS,8,0.242287
4,DLS-ACC,expert,DLS,9,0.260382
4,DLS-ACC,expert,DLS,10,0.276449
4,DLS-ACC,expert,DLS,11,0.585339
4,DLS-ACC,expert,DLS,12,0.240949
4,DLS-ACC,expert,DLS,13,0.272154
4,DLS-ACC,expert,DLS,14,0.112101
4,DLS-ACC,expert,DLS,15,0.196862
4,DLS-ACC,expert,DLS,16,0.231458
4,DLS-ACC,expert,DLS,17,0.106239
4,DLS-ACC,expert,DLS,18,0.408951
4,DLS-ACC,expert,DLS,19,0.061079
4,DLS-ACC,expert,DLS,20,0.248955
4,DLS-ACC,expert,DLS,21,0.376644
4,DLS-ACC,expert,DLS,22,0.35495
4,DLS-ACC,expert,DLS,23,0.619787
4,DLS-ACC,expert,DLS,24,0.176516
4,DLS-ACC,expert,DLS,25,0.392856
4,DLS-ACC,expert,DLS,26,0.471603
4,DLS-ACC,expert,DLS,27,0.411244
4,DLS-ACC,expert,DLS,28,0.214939
4,DLS-ACC,expert,DLS,29,0.64293
4,DLS-ACC,expert,DLS,30,0.065699
4,DLS-ACC,expert,DLS,31,0.435218
4,DLS-ACC,expert,DLS,32,0.23772
4,DLS-ACC,expert,DLS,33,0.703206
4,DLS-ACC,expert,DLS,34,0.201188
4,DLS-ACC,expert,DLS,35,0.033686
4,DLS-ACC,expert,DLS,36,0.63147
4,DLS-ACC,expert,DLS,37,0.0
4,DLS-ACC,expert,DLS,38,0.780312
4,DLS-ACC,expert,DLS,39,0.193319
4,DLS-ACC,expert,DLS,40,0.0
4,DLS-ACC,expert,DLS,41,0.788945
4,DLS-ACC,expert,DLS,42,0.074591
4,DLS-ACC,expert,DLS,43,0.170483
4,DLS-ACC,expert,DLS,44,0.25253
4,DLS-ACC,expert,DLS,45,0.705233
4,DLS-ACC,expert,DLS,46,0.095928
4,DLS-ACC,expert,DLS,47,0.44422
4,DLS-ACC,expert,DLS,48,0.085247
4,DLS-ACC,expert,DLS,49,0.301745
4,DLS-ACC,expert,DLS,50,0.237884
4,DLS-ACC,expert,DLS,51,0.418062
4,DLS-ACC,expert,DLS,52,0.110373
4,DLS-ACC,expert,DLS,53,0.534574
4,DLS-ACC,expert,DLS,54,0.288482
4,DLS-ACC,expert,DLS,55,0.787372
4,DLS-ACC,expert,DLS,56,0.379288
4,DLS-ACC,expert,DLS,57,0.198309
4,DLS-ACC,expert,DLS,58,0.091273
4,DLS-ACC,expert,DLS,59,0.207627
4,DLS-ACC,expert,DLS,60,0.528716
4,DLS-ACC,expert,DLS,61,0.101088
4,DLS-ACC,expert,DLS,62,0.043656
4,DLS-ACC,expert,DLS,63,0.372931
4,DLS-ACC,expert,DLS,64,0.069501
4,DLS-ACC,expert,DLS,65,0.055481
4,DLS-ACC,expert,DLS,66,0.160732
4,DLS-ACC,expert,DLS,67,0.067397
4,DLS-ACC,expert,DLS,68,0.341065
4,DLS-ACC,expert,DLS,69,0.070501
4,DLS-ACC,expert,DLS,70,0.652789
4,DLS-ACC,expert,DLS,71,0.312507
4,DLS-ACC,expert,DLS,72,0.715328
4,DLS-ACC,expert,DLS,73,0.49311
4,DLS-ACC,expert,DLS,74,0.66476
4,DLS-ACC,expert,DLS,75,0.218177
4,DLS-ACC,expert,ACC,0,0.206526
4,DLS-ACC,expert,ACC,1,0.800837
4,DLS-ACC,expert,ACC,2,0.813246
4,DLS-ACC,expert,ACC,3,0.521191
4,DLS-ACC,expert,ACC,4,0.744913
4,DLS-ACC,expert,ACC,5,0.613836
4,DLS-ACC,expert,ACC,6,0.20745
4,DLS-ACC,expert,ACC,7,0.799657
4,DLS-ACC,expert,ACC,8,0.13159
4,DLS-ACC,expert,ACC,9,0.73445
4,DLS-ACC,expert,ACC,10,0.74387
4,DLS-ACC,expert,ACC,11,0.56807
4,DLS-ACC,expert,ACC,12,0.212368
4,DLS-ACC,expert,ACC,13,0.17962
4,DLS-ACC,expert,ACC,14,0.706421
4,DLS-ACC,expert,ACC,15,0.271705
4,DLS-ACC,expert,ACC,16,0.548961
4,DLS-ACC,expert,ACC,17,0.768389
4,DLS-ACC,expert,ACC,18,0.192529
4,DLS-ACC,expert,ACC,19,0.192096
4,DLS-ACC,expert,ACC,20,0.225144
4,DLS-ACC,expert,ACC,21,0.282502
4,DLS-ACC,expert,ACC,22,0.343182
4,DLS-ACC,expert,ACC,23,0.255186
4,DLS-ACC,expert,ACC,24,0.584023
4,DLS-ACC,expert,ACC,25,0.304529
4,DLS-ACC,expert,ACC,26,0.674652
4,DLS-ACC,expert,ACC,27,0.298328
4,DLS-ACC,expert,ACC,28,0.430354
4,DLS-ACC,expert,ACC,29,0.050769
4,DLS-ACC,expert,ACC,30,0.54297
4,DLS-ACC,expert,ACC,31,0.32576
4,DLS-ACC,expert,ACC,32,0.195947
4,DLS-ACC,expert,ACC,33,0.76526
4,DLS-ACC,expert,ACC,34,0.447413
4,DLS-ACC,expert,ACC,35,0.187267
4,DLS-ACC,expert,ACC,36,0.04347
4,DLS-ACC,expert,ACC,37,0.69706
4,DLS-ACC,expert,ACC,38,0.811496
4,DLS-ACC,expert,ACC,39,0.30705
4,DLS-ACC,expert,ACC,40,0.18886
4,DLS-ACC,expert,ACC,41,0.818026
4,DLS-ACC,expert,ACC,42,0.826438
4,DLS-ACC,expert,ACC,43,0.0
4,DLS-ACC,expert,ACC,44,0.769306
4,DLS-ACC,expert,ACC,45,0.710297
4,DLS-ACC,expert,ACC,46,0.489828
4,DLS-ACC,expert,ACC,47,0.349814
4,DLS-ACC,expert,ACC,48,0.865473
4,DLS-ACC,expert,ACC,49,0.361896
4,DLS-ACC,expert,ACC,50,0.244467
5,DMS-DLS,naive,DMS,0,0.55566
5,DMS-DLS,naive,DMS,1,0.091842
5,DMS-DLS,naive,DMS,2,0.699872
5,DMS-DLS,naive,DMS,3,0.089118
5,DMS-DLS,naive,DMS,4,0.596603
5,DMS-DLS,naive,DMS,5,0.540631
5,DMS-DLS,naive,DMS,6,0.10245
5,DMS-DLS,naive,DMS,7,0.644201
5,DMS-DLS,naive,DMS,8,0.293256
5,DMS-DLS,naive,DMS,9,0.831446
5,DMS-DLS,naive,DMS,10,0.0
5,DMS-DLS,naive,DMS,11,0.036297
5,DMS-DLS,naive,DMS,12,0.116114
5,DMS-DLS,naive,DMS,13,0.062275
5,DMS-DLS,naive,DMS,14,0.756472
5,DMS-DLS,naive,DMS,15,0.790052
5,DMS-DLS,naive,DMS,16,0.199626
5,DMS-DLS,naive,DMS,17,0.050016
5,DMS-DLS,naive,DMS,18,0.102758
5,DMS-DLS,naive,DMS,19,0.105636
5,DMS-DLS,naive,DMS,20,0.066666
5,DMS-DLS,naive,DMS,21,0.0
5,DMS-DLS,naive,DMS,22,0.003483
5,DMS-DLS,naive,DMS,23,0.110719
5,DMS-DLS,naive,DMS,24,0.003049
5,DMS-DLS,naive,DMS,25,0.224896
5,DMS-DLS,naive,DMS,26,0.281261
5,DMS-DLS,naive,DMS,27,0.550421
5,DMS-DLS,naive,DMS,28,0.756637
5,DMS-DLS,naive,DMS,29,0.018473
5,DMS-DLS,naive,DMS,30,0.262445
5,DMS-DLS,naive,DMS,31,0.04592
5,DMS-DLS,naive,DMS,32,0.67621
5,DMS-DLS,naive,DMS,33,0.805057
5,DMS-DLS,naive,DMS,34,0.086852
5,DMS-DLS,naive,DMS,35,0.187216
5,DMS-DLS,naive,DMS,36,0.6303
5,DMS-DLS,naive,DMS,37,0.294064
5,DMS-DLS,naive,DMS,38,0.006019
5,DMS-DLS,naive,DMS,39,0.038237
5,DMS-DLS,naive,DMS,40,0.687629
5,DMS-DLS,naive,DMS,41,0.485783
5,DMS-DLS,naive,DMS,42,0.047425
5,DMS-DLS,naive,DMS,43,0.097027
5,DMS-DLS,naive,DMS,44,0.793897
5,DMS-DLS,naive,DMS,45,0.763214
5,DMS-DLS,naive,DMS,46,0.514945
5,DMS-DLS,naive,DMS,47,0.51187
5,DMS-DLS,naive,DMS,48,0.188725
5,DMS-DLS,naive,DMS,49,0.590036
5,DMS-DLS,naive,DMS,50,0.715617
5,DMS-DLS,naive,DMS,51,0.360386
5,DMS-DLS,naive,DMS,52,0.063802
5,DMS-DLS,naive,DMS,53,0.14953
5,DMS-DLS,naive,DMS,54,0.632376
5,DMS-DLS,naive,DLS,0,0.048999
5,DMS-DLS,naive,DLS,1,0.136152
5,DMS-DLS,naive,DLS,2,0.040163
5,DMS-DLS,naive,DLS,3,0.096659
5,DMS-DLS,naive,DLS,4,0.022132
5,DMS-DLS,naive,DLS,5,0.010517
5,DMS-DLS,naive,DLS,6,0.055387
5,DMS-DLS,naive,DLS,7,0.143133
5,DMS-DLS,naive,DLS,8,0.083805
5,DMS-DLS,naive,DLS,9,0.0
5,DMS-DLS,naive,DLS,10,0.010591
5,DMS-DLS,naive,DLS,11,0.164524
5,DMS-DLS,naive,DLS,12,0.166016
5,DMS-DLS,naive,DLS,13,0.100229
5,DMS-DLS,naive,DLS,14,0.0
5,DMS-DLS,naive,DLS,15,0.102726
5,DMS-DLS,naive,DLS,16,0.047487
5,DMS-DLS,naive,DLS,17,0.116377
5,DMS-DLS,naive,DLS,18,0.02456
5,DMS-DLS,naive,DLS,19,0.318556
5,DMS-DLS,naive,DLS,20,0.487165
5,DMS-DLS,naive,DLS,21,0.0
5,DMS-DLS,naive,DLS,22,0.069148
5,DMS-DLS,naive,DLS,23,0.049903
5,DMS-DLS,naive,DLS,24,0.0
5,DMS-DLS,naive,DLS,25,0.059177
5,DMS-DLS,naive,DLS,26,0.379035
5,DMS-DLS,naive,DLS,27,0.399849
5,DMS-DLS,naive,DLS,28,0.07757
5,DMS-DLS,naive,DLS,29,0.045083
5,DMS-DLS,naive,DLS,30,0.043349
5,DMS-DLS,naive,DLS,31,0.075306
5,DMS-DLS,naive,DLS,32,0.055323
5,DMS-DLS,naive,DLS,33,0.064914
5,DMS-DLS,naive,DLS,34,0.07794
5,DMS-DLS,naive,DLS,35,0.037161
5,DMS-DLS,naive,DLS,36,0.01168
5,DMS-DLS,naive,DLS,37,0.0
5,DMS-DLS,naive,DLS,38,0.034492
5,DMS-DLS,naive,DLS,39,0.098087
5,DMS-DLS,naive,DLS,40,0.062809
5,DMS-DLS,naive,DLS,41,0.063821
5,DMS-DLS,naive,DLS,42,0.056847
5,DMS-DLS,naive,DLS,43,0.0955
5,DMS-DLS,naive,DLS,44,0.030397
5,DMS-DLS,naive,DLS,45,0.139323
5,DMS-DLS,naive,DLS,46,0.038171
5,DMS-DLS,naive,DLS,47,0.099805
5,DMS-DLS,naive,DLS,48,0.101565
5,DMS-DLS,naive,DLS,49,0.035996
5,DMS-DLS,naive,DLS,50,0.024287
5,DMS-DLS,naive,DLS,51,0.03343
5,DMS-DLS,naive,DLS,52,0.104353
5,DMS-DLS,naive,DLS,53,0.069786
5,DMS-DLS,naive,DLS,54,0.133487
5,DMS-DLS,naive,DLS,55,0.062138
5,DMS-DLS,naive,DLS,56,0.299597
5,DMS-DLS,naive,DLS,57,0.124459
5,DMS-DLS,naive,DLS,58,0.04968
5,DMS-DLS,naive,DLS,59,0.093966
5,DMS-DLS,naive,DLS,60,0.089154
5,DMS-DLS,naive,DLS,61,0.128149
5,DMS-DLS,naive,DLS,62,0.012138
5,DMS-DLS,naive,DLS,63,0.30296
5,DMS-DLS,naive,DLS,64,0.033655
5,DMS-DLS,naive,DLS,65,0.086664
5,DMS-DLS,naive,DLS,66,0.126827
5,DMS-DLS,naive,DLS,67,0.072053
5,DMS-DLS,naive,DLS,68,0.045233
5,DMS-DLS,naive,DLS,69,0.326508
5,DMS-DLS,naive,DLS,70,0.025162
5,DMS-DLS,naive,DLS,71,0.406086
5,DMS-DLS,naive,DLS,72,0.232576
5,DMS-DLS,naive,DLS,73,0.069734
5,DMS-DLS,naive,DLS,74,0.051205
5,DMS-DLS,naive,DLS,75,0.093793
5,DMS-DLS,naive,DLS,76,0.247194
5,DMS-DLS,naive,DLS,77,0.014403
5,DMS-DLS,naive,DLS,78,0.266788
5,DMS-DLS,naive,DLS,79,0.0
5,DMS-DLS,naive,DLS,80,0.013372
5,DMS-DLS,naive,DLS,81,0.061734
5,DMS-DLS,naive,DLS,82,0.117603
5,DMS-DLS,naive,DLS,83,0.048527
5,DMS-DLS,naive,DLS,84,0.003932
5,DMS-DLS,naive,DLS,85,0.045175
5,DMS-DLS,naive,DLS,86,0.077795
5,DMS-DLS,naive,DLS,87,0.024659
5,DMS-DLS,naive,DLS,88,0.041707
5,DMS-DLS,naive,DLS,89,0.413681
5,DMS-DLS,naive,DLS,90,0.07919
5,DMS-DLS,naive,DLS,91,0.081724
5,DMS-DLS,naive,DLS,92,0.156125
5,DMS-DLS,naive,DLS,93,0.0
5,DMS-DLS,naive,DLS,94,0.127274
5,DMS-DLS,naive,DLS,95,0.051878
5,DMS-DLS,naive,DLS,96,0.023875
5,DMS-DLS,naive,DLS,97,0.033226
5,DMS-DLS,naive,DLS,98,0.059845
5,DMS-DLS,naive,DLS,99,0.044385
5,DMS-DLS,naive,DLS,100,0.057889
5,DMS-DLS,naive,DLS,101,0.029246
5,DMS-DLS,naive,DLS,102,0.535826
5,DMS-DLS,naive,DLS,103,0.011533
5,DMS-DLS,naive,DLS,104,0.06093
5,DMS-DLS,naive,DLS,105,0.003896
5,DMS-DLS,naive,DLS,106,0.0
5,DMS-DLS,naive,DLS,107,0.026618
5,DMS-DLS,naive,DLS,108,0.054394
5,DMS-DLS,naive,DLS,109,0.094647
5,DMS-DLS,naive,DLS,110,0.093099
5,DMS-DLS,naive,DLS,111,0.0
5,DMS-DLS,naive,DLS,112,0.117237
5,DMS-DLS,naive,DLS,113,0.125942
5,DMS-DLS,naive,DLS,114,0.022543
5,DMS-DLS,naive,DLS,115,0.121132
5,DMS-DLS,naive,DLS,116,0.037514
5,DMS-DLS,naive,DLS,117,0.094022
5,DMS-DLS,naive,DLS,118,0.067901
5,DMS-DLS,naive,DLS,119,0.057131
5,DMS-DLS,naive,DLS,120,0.519267
5,DMS-DLS,naive,DLS,121,0.055136
5,DMS-DLS,naive,DLS,122,0.006128
5,DMS-DLS,naive,DLS,123,0.113703
5,DMS-DLS,naive,DLS,124,0.0
5,DMS-DLS,naive,DLS,125,0.038356
5,DMS-DLS,naive,DLS,126,0.017681
5,DMS-DLS,naive,DLS,127,0.0
5,DMS-DLS,naive,DLS,128,0.136455
5,DMS-DLS,naive,DLS,129,0.059882
5,DMS-DLS,naive,DLS,130,0.098751
5,DMS-DLS,naive,DLS,131,0.070462
5,DMS-DLS,naive,DLS,132,0.01182
5,DMS-DLS,naive,DLS,133,0.028017
5,DMS-DLS,naive,DLS,134,0.05263
5,DMS-DLS,naive,DLS,135,0.059448
5,DMS-DLS,naive,DLS,136,0.0
5,DMS-DLS,naive,DLS,137,0.0
5,DMS-DLS,naive,DLS,138,0.070476
5,DMS-DLS,naive,DLS,139,0.021182
5,DMS-DLS,naive,DLS,140,0.0
5,DMS-DLS,naive,DLS,141,0.0
5,DMS-DLS,naive,DLS,142,0.0
5,DMS-DLS,naive,DLS,143,0.063709
5,DMS-DLS,naive,DLS,144,0.062082
5,DMS-DLS,naive,DLS,145,0.051417
5,DMS-DLS,naive,DLS,146,0.068835
5,DMS-DLS,naive,DLS,147,0.051155
5,DMS-DLS,naive,DLS,148,0.12545
5,DMS-DLS,naive,DLS,149,0.044742
5,DMS-DLS,naive,DLS,150,0.083238
5,DMS-DLS,naive,DLS,151,0.003292
5,DMS-DLS,naive,DLS,152,0.011712
5,DMS-DLS,naive,DLS,153,0.015009
5,DMS-DLS,naive,DLS,154,0.010826
5,DMS-DLS,naive,DLS,155,0.042514
5,DMS-DLS,naive,DLS,156,0.047063
5,DMS-DLS,naive,DLS,157,0.001809
5,DMS-DLS,naive,DLS,158,0.010191
5,DMS-DLS,naive,DLS,159,0.486554
5,DMS-DLS,naive,DLS,160,0.295411
5,DMS-DLS,naive,DLS,161,0.150963
5,DMS-DLS,naive,DLS,162,0.247605
5,DMS-DLS,naive,DLS,163,0.233545
5,DMS-DLS,naive,DLS,164,0.0
5,DMS-DLS,naive,DLS,165,0.0
5,DMS-DLS,naive,DLS,166,0.0
5,DMS-DLS,naive,DLS,167,0.015105
5,DMS-DLS,naive,DLS,168,0.0
5,DMS-DLS,naive,DLS,169,0.016651
5,DMS-DLS,naive,DLS,170,0.103486
5,DMS-DLS,naive,DLS,171,0.027533
5,DMS-DLS,naive,DLS,172,0.007011
5,DMS-DLS,naive,DLS,173,0.009072
5,DMS-DLS,naive,DLS,174,0.423387
5,DMS-DLS,naive,DLS,175,0.046764
5,DMS-DLS,naive,DLS,176,0.070493
5,DMS-DLS,naive,DLS,177,0.113571
5,DMS-DLS,naive,DLS,178,0.027841
5,DMS-DLS,naive,DLS,179,0.085083
5,DMS-DLS,naive,DLS,180,0.007054
5,DMS-DLS,naive,DLS,181,0.059218
5,DMS-DLS,naive,DLS,182,0.546635
5,DMS-DLS,naive,DLS,183,0.175869
5,DMS-DLS,naive,DLS,184,0.052748
5,DMS-DLS,naive,DLS,185,0.021572
5,DMS-DLS,naive,DLS,186,0.257778
5,DMS-DLS,naive,DLS,187,0.441045
5,DMS-DLS,naive,DLS,188,0.260415
5,DMS-DLS,naive,DLS,189,0.509626
5,DMS-DLS,naive,DLS,190,0.361292
5,DMS-DLS,naive,DLS,191,0.032339
5,DMS-DLS,naive,DLS,192,0.504387
5,DMS-DLS,naive,DLS,193,0.010729
5,DMS-DLS,naive,DLS,194,0.01134
5,DMS-DLS,naive,DLS,195,0.302673
5,DMS-DLS,naive,DLS,196,0.359813
5,DMS-DLS,naive,DLS,197,0.039529
5,DMS-DLS,naive,DLS,198,0.048336
5,DMS-DLS,naive,DLS,199,0.100036
5,DMS-DLS,naive,DLS,200,0.501525
5,DMS-DLS,naive,DLS,201,0.393849
5,DMS-DLS,naive,DLS,202,0.051052
5,DMS-DLS,naive,DLS,203,0.046363
5,DMS-DLS,naive,DLS,204,0.065849
5,DMS-DLS,naive,DLS,205,0.034562
5,DMS-DLS,naive,DLS,206,0.108611
5,DMS-DLS,naive,DLS,207,0.038917
5,DMS-DLS,naive,DLS,208,0.026231
5,DMS-DLS,naive,DLS,209,0.042112
5,DMS-DLS,naive,DLS,210,0.273144
5,DMS-DLS,naive,DLS,211,0.065721
5,DMS-DLS,naive,DLS,212,0.367674
5,DMS-DLS,naive,DLS,213,0.035322
5,DMS-DLS,naive,DLS,214,0.112069
5,DMS-DLS,naive,DLS,215,0.089141
5,DMS-DLS,naive,DLS,216,0.011287
5,DMS-DLS,naive,DLS,217,0.018407
5,DMS-DLS,naive,DLS,218,0.157659
5,DMS-DLS,naive,DLS,219,0.145449
5,DMS-DLS,naive,DLS,220,0.022868
5,DMS-DLS,naive,DLS,221,0.061198
5,DMS-DLS,naive,DLS,222,0.082185
5,DMS-DLS,naive,DLS,223,0.013902
5,DMS-DLS,naive,DLS,224,0.036392
5,DMS-DLS,naive,DLS,225,0.015922
5,DMS-DLS,intermediate,DMS,0,0.624233
5,DMS-DLS,intermediate,DMS,1,0.884416
5,DMS-DLS,intermediate,DMS,2,0.852651
5,DMS-DLS,intermediate,DMS,3,0.831561
5,DMS-DLS,intermediate,DMS,4,0.912911
5,DMS-DLS,intermediate,DMS,5,0.164719
5,DMS-DLS,intermediate,DMS,6,0.955066
5,DMS-DLS,intermediate,DMS,7,0.042314
5,DMS-DLS,intermediate,DMS,8,0.503126
5,DMS-DLS,intermediate,DMS,9,0.438734
5,DMS-DLS,intermediate,DMS,10,0.305389
5,DMS-DLS,intermediate,DMS,11,0.152082
5,DMS-DLS,intermediate,DMS,12,0.33308
5,DMS-DLS,intermediate,DMS,13,0.070234
5,DMS-DLS,intermediate,DMS,14,0.299917
5,DMS-DLS,intermediate,DMS,15,0.177683
5,DMS-DLS,intermediate,DMS,16,0.0
5,DMS-DLS,intermediate,DMS,17,0.65836
5,DMS-DLS,intermediate,DMS,18,0.046902
5,DMS-DLS,intermediate,DMS,19,0.795543
5,DMS-DLS,intermediate,DMS,20,0.958101
5,DMS-DLS,intermediate,DMS,21,0.369291
5,DMS-DLS,intermediate,DMS,22,0.242657
5,DMS-DLS,intermediate,DMS,23,0.799149
5,DMS-DLS,intermediate,DMS,24,0.513777
5,DMS-DLS,intermediate,DMS,25,0.547666
5,DMS-DLS,intermediate,DMS,26,0.792911
5,DMS-DLS,intermediate,DMS,27,0.795615
5,DMS-DLS,intermediate,DMS,28,0.0
5,DMS-DLS,intermediate,DMS,29,0.102645
5,DMS-DLS,intermediate,DMS,30,0.175734
5,DMS-DLS,intermediate,DMS,31,0.183679
5,DMS-DLS,intermediate,DMS,32,0.17111
5,DMS-DLS,intermediate,DMS,33,0.067198
5,DMS-DLS,intermediate,DMS,34,0.013443
5,DMS-DLS,intermediate,DMS,35,0.52479
5,DMS-DLS,intermediate,DMS,36,0.846848
5,DMS-DLS,intermediate,DMS,37,0.229017
5,DMS-DLS,intermediate,DMS,38,0.930414
5,DMS-DLS,intermediate,DMS,39,0.202544
5,DMS-DLS,intermediate,DMS,40,0.0
5,DMS-DLS,intermediate,DMS,41,0.592175
5,DMS-DLS,intermediate,DMS,42,0.0
5,DMS-DLS,intermediate,DMS,43,0.753749
5,DMS-DLS,intermediate,DMS,44,0.182859
5,DMS-DLS,intermediate,DMS,45,0.924877
5,DMS-DLS,intermediate,DMS,46,0.0143
5,DMS-DLS,intermediate,DMS,47,0.529486
5,DMS-DLS,intermediate,DMS,48,0.022076
5,DMS-DLS,intermediate,DMS,49,0.179184
5,DMS-DLS,intermediate,DMS,50,0.061736
5,DMS-DLS,intermediate,DMS,51,0.314933
5,DMS-DLS,intermediate,DMS,52,0.184263
5,DMS-DLS,intermediate,DMS,53,0.607679
5,DMS-DLS,intermediate,DMS,54,0.031209
5,DMS-DLS,intermediate,DLS,0,0.06727
5,DMS-DLS,intermediate,DLS,1,0.15291
5,DMS-DLS,intermediate,DLS,2,0.183109
5,DMS-DLS,intermediate,DLS,3,0.168037
5,DMS-DLS,intermediate,DLS,4,0.570766
5,DMS-DLS,intermediate,DLS,5,0.015894
5,DMS-DLS,intermediate,DLS,6,0.197015
5,DMS-DLS,intermediate,DLS,7,0.11948
5,DMS-DLS,intermediate,DLS,8,0.075436
5,DMS-DLS,intermediate,DLS,9,0.008196
5,DMS-DLS,intermediate,DLS,10,0.046278
5,DMS-DLS,intermediate,DLS,11,0.085558
5,DMS-DLS,intermediate,DLS,12,0.206688
5,DMS-DLS,intermediate,DLS,13,0.171404
5,DMS-DLS,intermediate,DLS,14,0.0
5,DMS-DLS,intermediate,DLS,15,0.161288
5,DMS-DLS,intermediate,DLS,16,0.138104
5,DMS-DLS,intermediate,DLS,17,0.215435
5,DMS-DLS,intermediate,DLS,18,0.186037
5,DMS-DLS,intermediate,DLS,19,0.113933
5,DMS-DLS,intermediate,DLS,20,0.050049
5,DMS-DLS,intermediate,DLS,21,0.03001
5,DMS-DLS,intermediate,DLS,22,0.24148
5,DMS-DLS,intermediate,DLS,23,0.072878
5,DMS-DLS,intermediate,DLS,24,0.033818
5,DMS-DLS,intermediate,DLS,25,0.263831
5,DMS-DLS,intermediate,DLS,26,0.418282
5,DMS-DLS,intermediate,DLS,27,0.347986
5,DMS-DLS,intermediate,DLS,28,0.203524
5,DMS-DLS,intermediate,DLS,29,0.107329
5,DMS-DLS,intermediate,DLS,30,0.224657
5,DMS-DLS,intermediate,DLS,31,0.067004
5,DMS-DLS,intermediate,DLS,32,0.080507
5,DMS-DLS,intermediate,DLS,33,0.183512
5,DMS-DLS,intermediate,DLS,34,0.070487
5,DMS-DLS,intermediate,DLS,35,0.181611
5,DMS-DLS,intermediate,DLS,36,0.093151
5,DMS-DLS,intermediate,DLS,37,0.046505
5,DMS-DLS,intermediate,DLS,38,0.16139
5,DMS-DLS,intermediate,DLS,39,0.024131
5,DMS-DLS,intermediate,DLS,40,0.105125
5,DMS-DLS,intermediate,DLS,41,0.13786
5,DMS-DLS,intermediate,DLS,42,0.083916
5,DMS-DLS,intermediate,DLS,43,0.066585
5,DMS-DLS,intermediate,DLS,44,0.081418
5,DMS-DLS,intermediate,DLS,45,0.104309
5,DMS-DLS,intermediate,DLS,46,0.099526
5,DMS-DLS,intermediate,DLS,47,0.117742
5,DMS-DLS,intermediate,DLS,48,0.102762
5,DMS-DLS,intermediate,DLS,49,0.065844
5,DMS-DLS,intermediate,DLS,50,0.182421
5,DMS-DLS,intermediate,DLS,51,0.123395
5,DMS-DLS,intermediate,DLS,52,0.202155
5,DMS-DLS,intermediate,DLS,53,0.044262
5,DMS-DLS,intermediate,DLS,54,0.137985
5,DMS-DLS,intermediate,DLS,55,0.144904
5,DMS-DLS,intermediate,DLS,56,0.092996
5,DMS-DLS,intermediate,DLS,57,0.144194
5,DMS-DLS,intermediate,DLS,58,0.207618
5,DMS-DLS,intermediate,DLS,59,0.150746
5,DMS-DLS,intermediate,DLS,60,0.09145
5,DMS-DLS,intermediate,DLS,61,0.196168
5,DMS-DLS,intermediate,DLS,62,0.056973
5,DMS-DLS,intermediate,DLS,63,0.01967
5,DMS-DLS,intermediate,DLS,64,0.609121
5,DMS-DLS,intermediate,DLS,65,0.138713
5,DMS-DLS,intermediate,DLS,66,0.024682
5,DMS-DLS,intermediate,DLS,67,0.102132
5,DMS-DLS,intermediate,DLS,68,0.10574
5,DMS-DLS,intermediate,DLS,69,0.173747
5,DMS-DLS,intermediate,DLS,70,0.092275
5,DMS-DLS,intermediate,DLS,71,0.111392
5,DMS-DLS,intermediate,DLS,72,0.020388
5,DMS-DLS,intermediate,DLS,73,0.146862
5,DMS-DLS,intermediate,DLS,74,0.170345
5,DMS-DLS,intermediate,DLS,75,0.08116
5,DMS-DLS,intermediate,DLS,76,0.004597
5,DMS-DLS,intermediate,DLS,77,0.474535
5,DMS-DLS,intermediate,DLS,78,0.003016
5,DMS-DLS,intermediate,DLS,79,0.281009
5,DMS-DLS,intermediate,DLS,80,0.022109
5,DMS-DLS,intermediate,DLS,81,0.123484
5,DMS-DLS,intermediate,DLS,82,0.029067
5,DMS-DLS,intermediate,DLS,83,0.048171
5,DMS-DLS,intermediate,DLS,84,0.03451
5,DMS-DLS,intermediate,DLS,85,0.104598
5,DMS-DLS,intermediate,DLS,86,0.049432
5,DMS-DLS,intermediate,DLS,87,0.240523
5,DMS-DLS,intermediate,DLS,88,0.28223
5,DMS-DLS,intermediate,DLS,89,0.031844
5,DMS-DLS,intermediate,DLS,90,0.398174
5,DMS-DLS,intermediate,DLS,91,0.396628
5,DMS-DLS,intermediate,DLS,92,0.046525
5,DMS-DLS,intermediate,DLS,93,0.469638
5,DMS-DLS,intermediate,DLS,94,0.013288
5,DMS-DLS,intermediate,DLS,95,0.149666
5,DMS-DLS,intermediate,DLS,96,0.104449
5,DMS-DLS,intermediate,DLS,97,0.04716
5,DMS-DLS,intermediate,DLS,98,0.033261
5,DMS-DLS,intermediate,DLS,99,0.068407
5,DMS-DLS,intermediate,DLS,100,0.034877
5,DMS-DLS,intermediate,DLS,101,0.558278
5,DMS-DLS,intermediate,DLS,102,0.034826
5,DMS-DLS,intermediate,DLS,103,0.613825
5,DMS-DLS,intermediate,DLS,104,0.075379
5,DMS-DLS,intermediate,DLS,105,0.045992
5,DMS-DLS,intermediate,DLS,106,0.050138
5,DMS-DLS,intermediate,DLS,107,0.010406
5,DMS-DLS,intermediate,DLS,108,0.07303
5,DMS-DLS,intermediate,DLS,109,0.035041
5,DMS-DLS,intermediate,DLS,110,0.034274
5,DMS-DLS,intermediate,DLS,111,0.0
5,DMS-DLS,intermediate,DLS,112,0.208407
5,DMS-DLS,intermediate,DLS,113,0.04853
5,DMS-DLS,intermediate,DLS,114,0.162152
5,DMS-DLS,intermediate,DLS,115,0.214216
5,DMS-DLS,intermediate,DLS,116,0.178353
5,DMS-DLS,intermediate,DLS,117,0.052163
5,DMS-DLS,intermediate,DLS,118,0.024822
5,DMS-DLS,intermediate,DLS,119,0.05343
5,DMS-DLS,intermediate,DLS,120,0.037191
5,DMS-DLS,intermediate,DLS,121,0.24062
5,DMS-DLS,intermediate,DLS,122,0.049842
5,DMS-DLS,intermediate,DLS,123,0.023748
5,DMS-DLS,intermediate,DLS,124,0.009121
5,DMS-DLS,intermediate,DLS,125,0.164808
5,DMS-DLS,intermediate,DLS,126,0.340664
5,DMS-DLS,intermediate,DLS,127,0.031886
5,DMS-DLS,intermediate,DLS,128,0.050478
5,DMS-DLS,intermediate,DLS,129,0.039637
5,DMS-DLS,intermediate,DLS,130,0.228134
5,DMS-DLS,intermediate,DLS,131,0.216854
5,DMS-DLS,intermediate,DLS,132,0.067803
5,DMS-DLS,intermediate,DLS,133,0.066441
5,DMS-DLS,intermediate,DLS,134,0.255554
5,DMS-DLS,intermediate,DLS,135,0.226925
5,DMS-DLS,intermediate,DLS,136,0.369657
5,DMS-DLS,intermediate,DLS,137,0.0
5,DMS-DLS,intermediate,DLS,138,0.087861
5,DMS-DLS,intermediate,DLS,139,0.102356
5,DMS-DLS,intermediate,DLS,140,0.0
5,DMS-DLS,intermediate,DLS,141,0.0
5,DMS-DLS,intermediate,DLS,142,0.0
5,DMS-DLS,intermediate,DLS,143,0.03216
5,DMS-DLS,intermediate,DLS,144,0.0
5,DMS-DLS,intermediate,DLS,145,0.154614
5,DMS-DLS,intermediate,DLS,146,0.026283
5,DMS-DLS,intermediate,DLS,147,0.035543
5,DMS-DLS,intermediate,DLS,148,0.025512
5,DMS-DLS,intermediate,DLS,149,0.122648
5,DMS-DLS,intermediate,DLS,150,0.085463
5,DMS-DLS,intermediate,DLS,151,0.050435
5,DMS-DLS,intermediate,DLS,152,0.057644
5,DMS-DLS,intermediate,DLS,153,0.089604
5,DMS-DLS,intermediate,DLS,154,0.090684
5,DMS-DLS,intermediate,DLS,155,0.080817
5,DMS-DLS,intermediate,DLS,156,0.101681
5,DMS-DLS,intermediate,DLS,157,0.016583
5,DMS-DLS,intermediate,DLS,158,0.062531
5,DMS-DLS,intermediate,DLS,159,0.040354
5,DMS-DLS,intermediate,DLS,160,0.0
5,DMS-DLS,intermediate,DLS,161,0.115904
5,DMS-DLS,intermediate,DLS,162,0.313375
5,DMS-DLS,intermediate,DLS,163,0.295802
5,DMS-DLS,intermediate,DLS,164,0.050615
5,DMS-DLS,intermediate,DLS,165,0.18124
5,DMS-DLS,intermediate,DLS,166,0.166422
5,DMS-DLS,intermediate,DLS,167,0.069245
5,DMS-DLS,intermediate,DLS,168,0.0924
5,DMS-DLS,intermediate,DLS,169,0.45243
5,DMS-DLS,intermediate,DLS,170,0.070962
5,DMS-DLS,intermediate,DLS,171,0.023352
5,DMS-DLS,intermediate,DLS,172,0.076337
5,DMS-DLS,intermediate,DLS,173,0.455622
5,DMS-DLS,intermediate,DLS,174,0.0905
5,DMS-DLS,intermediate,DLS,175,0.088377
5,DMS-DLS,intermediate,DLS,176,0.084936
5,DMS-DLS,intermediate,DLS,177,0.171238
5,DMS-DLS,intermediate,DLS,178,0.357947
5,DMS-DLS,intermediate,DLS,179,0.224976
5,DMS-DLS,intermediate,DLS,180,0.139687
5,DMS-DLS,intermediate,DLS,181,0.090422
5,DMS-DLS,intermediate,DLS,182,0.032342
5,DMS-DLS,intermediate,DLS,183,0.016714
5,DMS-DLS,intermediate,DLS,184,0.159784
5,DMS-DLS,intermediate,DLS,185,0.021375
5,DMS-DLS,intermediate,DLS,186,0.3495
5,DMS-DLS,intermediate,DLS,187,0.0
5,DMS-DLS,intermediate,DLS,188,0.264376
5,DMS-DLS,intermediate,DLS,189,0.141199
5,DMS-DLS,intermediate,DLS,190,0.0
5,DMS-DLS,intermediate,DLS,191,0.079343
5,DMS-DLS,intermediate,DLS,192,0.099589
5,DMS-DLS,intermediate,DLS,193,0.247527
5,DMS-DLS,intermediate,DLS,194,0.005548
5,DMS-DLS,intermediate,DLS,195,0.09889
5,DMS-DLS,intermediate,DLS,196,0.344119
5,DMS-DLS,intermediate,DLS,197,0.115562
5,DMS-DLS,intermediate,DLS,198,0.198857
5,DMS-DLS,intermediate,DLS,199,0.03989
5,DMS-DLS,intermediate,DLS,200,0.050746
5,DMS-DLS,intermediate,DLS,201,0.030011
5,DMS-DLS,intermediate,DLS,202,0.099255
5,DMS-DLS,intermediate,DLS,203,0.487098
5,DMS-DLS,intermediate,DLS,204,0.025422
5,DMS-DLS,intermediate,DLS,205,0.040042
5,DMS-DLS,intermediate,DLS,206,0.193089
5,DMS-DLS,intermediate,DLS,207,0.026068
5,DMS-DLS,intermediate,DLS,208,0.058824
5,DMS-DLS,intermediate,DLS,209,0.362195
5,DMS-DLS,intermediate,DLS,210,0.005493
5,DMS-DLS,intermediate,DLS,211,0.105515
5,DMS-DLS,intermediate,DLS,212,0.045079
5,DMS-DLS,intermediate,DLS,213,0.089741
5,DMS-DLS,intermediate,DLS,214,0.133202
5,DMS-DLS,intermediate,DLS,215,0.042815
5,DMS-DLS,intermediate,DLS,216,0.529817
5,DMS-DLS,intermediate,DLS,217,0.545706
5,DMS-DLS,intermediate,DLS,218,0.158348
5,DMS-DLS,intermediate,DLS,219,0.034739
5,DMS-DLS,intermediate,DLS,220,0.049299
5,DMS-DLS,intermediate,DLS,221,0.125355
5,DMS-DLS,intermediate,DLS,222,0.155186
5,DMS-DLS,intermediate,DLS,223,0.260582
5,DMS-DLS,intermediate,DLS,224,0.116494
5,DMS-DLS,intermediate,DLS,225,0.020907
5,DMS-DLS,expert,DMS,0,0.416773
5,DMS-DLS,expert,DMS,1,0.229806
5,DMS-DLS,expert,DMS,2,0.047712
5,DMS-DLS,expert,DMS,3,0.712838
5,DMS-DLS,expert,DMS,4,0.094044
5,DMS-DLS,expert,DMS,5,0.211183
5,DMS-DLS,expert,DMS,6,0.929318
5,DMS-DLS,expert,DMS,7,0.037976
5,DMS-DLS,expert,DMS,8,0.216835
5,DMS-DLS,expert,DMS,9,0.256839
5,DMS-DLS,expert,DMS,10,0.0
5,DMS-DLS,expert,DMS,11,0.879782
5,DMS-DLS,expert,DMS,12,0.651826
5,DMS-DLS,expert,DMS,13,0.815485
5,DMS-DLS,expert,DMS,14,0.962292
5,DMS-DLS,expert,DMS,15,0.285759
5,DMS-DLS,expert,DMS,16,0.030239
5,DMS-DLS,expert,DMS,17,0.042483
5,DMS-DLS,expert,DMS,18,0.240758
5,DMS-DLS,expert,DMS,19,0.906769
5,DMS-DLS,expert,DMS,20,0.957234
5,DMS-DLS,expert,DMS,21,0.0
5,DMS-DLS,expert,DMS,22,0.0
5,DMS-DLS,expert,DMS,23,0.127971
5,DMS-DLS,expert,DMS,24,0.871881
5,DMS-DLS,expert,DMS,25,0.837005
5,DMS-DLS,expert,DMS,26,0.046942
5,DMS-DLS,expert,DMS,27,0.064662
5,DMS-DLS,expert,DMS,28,0.71957
5,DMS-DLS,expert,DMS,29,0.909301
5,DMS-DLS,expert,DMS,30,0.736723
5,DMS-DLS,expert,DMS,31,0.702787
5,DMS-DLS,expert,DMS,32,0.032051
5,DMS-DLS,expert,DMS,33,1.003835
5,DMS-DLS,expert,DMS,34,0.26493
5,DMS-DLS,expert,DMS,35,0.804863
5,DMS-DLS,expert,DMS,36,0.0
5,DMS-DLS,expert,DMS,37,0.0
5,DMS-DLS,expert,DMS,38,0.891411
5,DMS-DLS,expert,DMS,39,0.164524
5,DMS-DLS,expert,DMS,40,0.0
5,DMS-DLS,expert,DMS,41,0.046359
5,DMS-DLS,expert,DMS,42,0.0
5,DMS-DLS,expert,DMS,43,0.0
5,DMS-DLS,expert,DMS,44,0.626853
5,DMS-DLS,expert,DMS,45,0.900911
5,DMS-DLS,expert,DMS,46,0.065953
5,DMS-DLS,expert,DMS,47,0.329935
5,DMS-DLS,expert,DMS,48,0.083724
5,DMS-DLS,expert,DMS,49,0.969432
5,DMS-DLS,expert,DMS,50,0.317696
5,DMS-DLS,expert,DMS,51,0.968225
5,DMS-DLS,expert,DMS,52,0.973242
5,DMS-DLS,expert,DMS,53,0.038901
5,DMS-DLS,expert,DMS,54,0.010035
5,DMS-DLS,expert,DLS,0,0.091606
5,DMS-DLS,expert,DLS,1,0.088542
5,DMS-DLS,expert,DLS,2,0.07331
5,DMS-DLS,expert,DLS,3,0.144509
5,DMS-DLS,expert,DLS,4,0.153377
5,DMS-DLS,expert,DLS,5,0.028248
5,DMS-DLS,expert,DLS,6,0.111884
5,DMS-DLS,expert,DLS,7,0.104657
5,DMS-DLS,expert,DLS,8,0.118005
5,DMS-DLS,expert,DLS,9,0.012124
5,DMS-DLS,expert,DLS,10,0.123852
5,DMS-DLS,expert,DLS,11,0.120315
5,DMS-DLS,expert,DLS,12,0.224164
5,DMS-DLS,expert,DLS,13,0.170462
5,DMS-DLS,expert,DLS,14,0.0
5,DMS-DLS,expert,DLS,15,0.200965
5,DMS-DLS,expert,DLS,16,0.044082
5,DMS-DLS,expert,DLS,17,0.168826
5,DMS-DLS,expert,DLS,18,0.08135
5,DMS-DLS,expert,DLS,19,0.099416
5,DMS-DLS,expert,DLS,20,0.035579
5,DMS-DLS,expert,DLS,21,0.19987
5,DMS-DLS,expert,DLS,22,0.202351
5,DMS-DLS,expert,DLS,23,0.031602
5,DMS-DLS,expert,DLS,24,0.0
5,DMS-DLS,expert,DLS,25,0.224493
5,DMS-DLS,expert,DLS,26,0.027737
5,DMS-DLS,expert,DLS,27,0.084298
5,DMS-DLS,expert,DLS,28,0.229023
5,DMS-DLS,expert,DLS,29,0.35969
5,DMS-DLS,expert,DLS,30,0.187694
5,DMS-DLS,expert,DLS,31,0.035699
5,DMS-DLS,expert,DLS,32,0.110101
5,DMS-DLS,expert,DLS,33,0.186329
5,DMS-DLS,expert,DLS,34,0.055405
5,DMS-DLS,expert,DLS,35,0.176081
5,DMS-DLS,expert,DLS,36,0.323862
5,DMS-DLS,expert,DLS,37,0.31243
5,DMS-DLS,expert,DLS,38,0.039134
5,DMS-DLS,expert,DLS,39,0.016299
5,DMS-DLS,expert,DLS,40,0.13513
5,DMS-DLS,expert,DLS,41,0.156099
5,DMS-DLS,expert,DLS,42,0.085391
5,DMS-DLS,expert,DLS,43,0.081449
5,DMS-DLS,expert,DLS,44,0.577846
5,DMS-DLS,expert,DLS,45,0.065271
5,DMS-DLS,expert,DLS,46,0.131791
5,DMS-DLS,expert,DLS,47,0.164432
5,DMS-DLS,expert,DLS,48,0.084232
5,DMS-DLS,expert,DLS,49,0.109131
5,DMS-DLS,expert,DLS,50,0.141194
5,DMS-DLS,expert,DLS,51,0.14315
5,DMS-DLS,expert,DLS,52,0.187207
5,DMS-DLS,expert,DLS,53,0.078294
5,DMS-DLS,expert,DLS,54,0.10631
5,DMS-DLS,expert,DLS,55,0.172756
5,DMS-DLS,expert,DLS,56,0.077786
5,DMS-DLS,expert,DLS,57,0.138196
5,DMS-DLS,expert,DLS,58,0.160614
5,DMS-DLS,expert,DLS,59,0.153331
5,DMS-DLS,expert,DLS,60,0.085167
5,DMS-DLS,expert,DLS,61,0.08616
5,DMS-DLS,expert,DLS,62,0.045015
5,DMS-DLS,expert,DLS,63,0.074429
5,DMS-DLS,expert,DLS,64,0.021725
5,DMS-DLS,expert,DLS,65,0.148689
5,DMS-DLS,expert,DLS,66,0.187008
5,DMS-DLS,expert,DLS,67,0.120195
5,DMS-DLS,expert,DLS,68,0.149033
5,DMS-DLS,expert,DLS,69,0.023263
5,DMS-DLS,expert,DLS,70,0.067916
5,DMS-DLS,expert,DLS,71,0.033231
5,DMS-DLS,expert,DLS,72,0.064084
5,DMS-DLS,expert,DLS,73,0.139809
5,DMS-DLS,expert,DLS,74,0.131506
5,DMS-DLS,expert,DLS,75,0.069281
5,DMS-DLS,expert,DLS,76,0.021693
5,DMS-DLS,expert,DLS,77,0.628719
5,DMS-DLS,expert,DLS,78,0.01456
5,DMS-DLS,expert,DLS,79,0.145723
5,DMS-DLS,expert,DLS,80,0.060866
5,DMS-DLS,expert,DLS,81,0.148187
5,DMS-DLS,expert,DLS,82,0.048678
5,DMS-DLS,expert,DLS,83,0.084041
5,DMS-DLS,expert,DLS,84,0.027891
5,DMS-DLS,expert,DLS,85,0.086793
5,DMS-DLS,expert,DLS,86,0.097212
5,DMS-DLS,expert,DLS,87,0.461467
5,DMS-DLS,expert,DLS,88,0.132901
5,DMS-DLS,expert,DLS,89,0.031217
5,DMS-DLS,expert,DLS,90,0.41025
5,DMS-DLS,expert,DLS,91,0.409076
5,DMS-DLS,expert,DLS,92,0.126524
5,DMS-DLS,expert,DLS,93,0.127247
5,DMS-DLS,expert,DLS,94,0.109435
5,DMS-DLS,expert,DLS,95,0.140887
5,DMS-DLS,expert,DLS,96,0.570192
5,DMS-DLS,expert,DLS,97,0.058572
5,DMS-DLS,expert,DLS,98,0.228587
5,DMS-DLS,expert,DLS,99,0.096865
5,DMS-DLS,expert,DLS,100,0.184406
5,DMS-DLS,expert,DLS,101,0.205306
5,DMS-DLS,expert,DLS,102,0.534989
5,DMS-DLS,expert,DLS,103,0.273634
5,DMS-DLS,expert,DLS,104,0.090961
5,DMS-DLS,expert,DLS,105,0.224305
5,DMS-DLS,expert,DLS,106,0.050904
5,DMS-DLS,expert,DLS,107,0.060183
5,DMS-DLS,expert,DLS,108,0.0441
5,DMS-DLS,expert,DLS,109,0.01375
5,DMS-DLS,expert,DLS,110,0.543425
5,DMS-DLS,expert,DLS,111,0.0
5,DMS-DLS,expert,DLS,112,0.145812
5,DMS-DLS,expert,DLS,113,0.129915
5,DMS-DLS,expert,DLS,114,0.140143
5,DMS-DLS,expert,DLS,115,0.157362
5,DMS-DLS,expert,DLS,116,0.039718
5,DMS-DLS,expert,DLS,117,0.15107
5,DMS-DLS,expert,DLS,118,0.03804
5,DMS-DLS,expert,DLS,119,0.056921
5,DMS-DLS,expert,DLS,120,0.0
5,DMS-DLS,expert,DLS,121,0.195999
5,DMS-DLS,expert,DLS,122,0.010387
5,DMS-DLS,expert,DLS,123,0.025153
5,DMS-DLS,expert,DLS,124,0.01734
5,DMS-DLS,expert,DLS,125,0.002448
5,DMS-DLS,expert,DLS,126,0.000235
5,DMS-DLS,expert,DLS,127,0.298004
5,DMS-DLS,expert,DLS,128,0.094466
5,DMS-DLS,expert,DLS,129,0.479888
5,DMS-DLS,expert,DLS,130,0.330429
5,DMS-DLS,expert,DLS,131,0.014791
5,DMS-DLS,expert,DLS,132,0.038212
5,DMS-DLS,expert,DLS,133,0.112023
5,DMS-DLS,expert,DLS,134,0.217294
5,DMS-DLS,expert,DLS,135,0.215715
5,DMS-DLS,expert,DLS,136,0.018817
5,DMS-DLS,expert,DLS,137,0.0
5,DMS-DLS,expert,DLS,138,0.282438
5,DMS-DLS,expert,DLS,139,0.619792
5,DMS-DLS,expert,DLS,140,0.0
5,DMS-DLS,expert,DLS,141,0.0
5,DMS-DLS,expert,DLS,142,0.0
5,DMS-DLS,expert,DLS,143,0.027479
5,DMS-DLS,expert,DLS,144,0.030994
5,DMS-DLS,expert,DLS,145,0.099615
5,DMS-DLS,expert,DLS,146,0.033115
5,DMS-DLS,expert,DLS,147,0.087318
5,DMS-DLS,expert,DLS,148,0.050121
5,DMS-DLS,expert,DLS,149,0.081819
5,DMS-DLS,expert,DLS,150,0.01744
5,DMS-DLS,expert,DLS,151,0.608616
5,DMS-DLS,expert,DLS,152,0.060344
5,DMS-DLS,expert,DLS,153,0.022998
5,DMS-DLS,expert,DLS,154,0.103307
5,DMS-DLS,expert,DLS,155,0.384311
5,DMS-DLS,expert,DLS,156,0.059013
5,DMS-DLS,expert,DLS,157,0.097726
5,DMS-DLS,expert,DLS,158,0.123374
5,DMS-DLS,expert,DLS,159,0.099636
5,DMS-DLS,expert,DLS,160,0.03875
5,DMS-DLS,expert,DLS,161,0.099101
5,DMS-DLS,expert,DLS,162,0.0
5,DMS-DLS,expert,DLS,163,0.0
5,DMS-DLS,expert,DLS,164,0.049268
5,DMS-DLS,expert,DLS,165,0.0
5,DMS-DLS,expert,DLS,166,0.0
5,DMS-DLS,expert,DLS,167,0.090375
5,DMS-DLS,expert,DLS,168,0.03707
5,DMS-DLS,expert,DLS,169,0.070858
5,DMS-DLS,expert,DLS,170,0.120955
5,DMS-DLS,expert,DLS,171,0.020864
5,DMS-DLS,expert,DLS,172,0.083529
5,DMS-DLS,expert,DLS,173,0.505153
5,DMS-DLS,expert,DLS,174,0.072934
5,DMS-DLS,expert,DLS,175,0.012491
5,DMS-DLS,expert,DLS,176,0.0
5,DMS-DLS,expert,DLS,177,0.243593
5,DMS-DLS,expert,DLS,178,0.129833
5,DMS-DLS,expert,DLS,179,0.240899
5,DMS-DLS,expert,DLS,180,0.635416
5,DMS-DLS,expert,DLS,181,0.089163
5,DMS-DLS,expert,DLS,182,0.028861
5,DMS-DLS,expert,DLS,183,0.059288
5,DMS-DLS,expert,DLS,184,0.070486
5,DMS-DLS,expert,DLS,185,0.024195
5,DMS-DLS,expert,DLS,186,0.0
5,DMS-DLS,expert,DLS,187,0.185179
5,DMS-DLS,expert,DLS,188,0.0
5,DMS-DLS,expert,DLS,189,0.0
5,DMS-DLS,expert,DLS,190,0.0
5,DMS-DLS,expert,DLS,191,0.539482
5,DMS-DLS,expert,DLS,192,0.031889
5,DMS-DLS,expert,DLS,193,0.022456
5,DMS-DLS,expert,DLS,194,0.040922
5,DMS-DLS,expert,DLS,195,0.106505
5,DMS-DLS,expert,DLS,196,0.09404
5,DMS-DLS,expert,DLS,197,0.148335
5,DMS-DLS,expert,DLS,198,0.103136
5,DMS-DLS,expert,DLS,199,0.086029
5,DMS-DLS,expert,DLS,200,0.047868
5,DMS-DLS,expert,DLS,201,0.567494
5,DMS-DLS,expert,DLS,202,0.114181
5,DMS-DLS,expert,DLS,203,0.226921
5,DMS-DLS,expert,DLS,204,0.186263
5,DMS-DLS,expert,DLS,205,0.028757
5,DMS-DLS,expert,DLS,206,0.170182
5,DMS-DLS,expert,DLS,207,0.035695
5,DMS-DLS,expert,DLS,208,0.073777
5,DMS-DLS,expert,DLS,209,0.284482
5,DMS-DLS,expert,DLS,210,0.090152
5,DMS-DLS,expert,DLS,211,0.083133
5,DMS-DLS,expert,DLS,212,0.096055
5,DMS-DLS,expert,DLS,213,0.064773
5,DMS-DLS,expert,DLS,214,0.182922
5,DMS-DLS,expert,DLS,215,0.011617
5,DMS-DLS,expert,DLS,216,0.126678
5,DMS-DLS,expert,DLS,217,0.505297
5,DMS-DLS,expert,DLS,218,0.197818
5,DMS-DLS,expert,DLS,219,0.132072
5,DMS-DLS,expert,DLS,220,0.649723
5,DMS-DLS,expert,DLS,221,0.145586
5,DMS-DLS,expert,DLS,222,0.031387
5,DMS-DLS,expert,DLS,223,0.179502
5,DMS-DLS,expert,DLS,224,0.105018
5,DMS-DLS,expert,DLS,225,0.161141
5,DMS-ACC,naive,DMS,0,0.623153
5,DMS-ACC,naive,DMS,1,0.077075
5,DMS-ACC,naive,DMS,2,0.721489
5,DMS-ACC,naive,DMS,3,0.0908
5,DMS-ACC,naive,DMS,4,0.558625
5,DMS-ACC,naive,DMS,5,0.548769
5,DMS-ACC,naive,DMS,6,0.165374
5,DMS-ACC,naive,DMS,7,0.648665
5,DMS-ACC,naive,DMS,8,0.289275
5,DMS-ACC,naive,DMS,9,0.80996
5,DMS-ACC,naive,DMS,10,0.0
5,DMS-ACC,naive,DMS,11,0.03611
5,DMS-ACC,naive,DMS,12,0.103921
5,DMS-ACC,naive,DMS,13,0.061512
5,DMS-ACC,naive,DMS,14,0.749312
5,DMS-ACC,naive,DMS,15,0.790944
5,DMS-ACC,naive,DMS,16,0.227353
5,DMS-ACC,naive,DMS,17,0.054151
5,DMS-ACC,naive,DMS,18,0.095202
5,DMS-ACC,naive,DMS,19,0.103474
5,DMS-ACC,naive,DMS,20,0.067904
5,DMS-ACC,naive,DMS,21,0.0
5,DMS-ACC,naive,DMS,22,0.001492
5,DMS-ACC,naive,DMS,23,0.110887
5,DMS-ACC,naive,DMS,24,0.002725
5,DMS-ACC,naive,DMS,25,0.159314
5,DMS-ACC,naive,DMS,26,0.292339
5,DMS-ACC,naive,DMS,27,0.570573
5,DMS-ACC,naive,DMS,28,0.76543
5,DMS-ACC,naive,DMS,29,0.017036
5,DMS-ACC,naive,DMS,30,0.262351
5,DMS-ACC,naive,DMS,31,0.052186
5,DMS-ACC,naive,DMS,32,0.668192
5,DMS-ACC,naive,DMS,33,0.798407
5,DMS-ACC,naive,DMS,34,0.10789
5,DMS-ACC,naive,DMS,35,0.117225
5,DMS-ACC,naive,DMS,36,0.632893
5,DMS-ACC,naive,DMS,37,0.314613
5,DMS-ACC,naive,DMS,38,0.007054
5,DMS-ACC,naive,DMS,39,0.040209
5,DMS-ACC,naive,DMS,40,0.684434
5,DMS-ACC,naive,DMS,41,0.51886
5,DMS-ACC,naive,DMS,42,0.043182
5,DMS-ACC,naive,DMS,43,0.088977
5,DMS-ACC,naive,DMS,44,0.802633
5,DMS-ACC,naive,DMS,45,0.776824
5,DMS-ACC,naive,DMS,46,0.523813
5,DMS-ACC,naive,DMS,47,0.526556
5,DMS-ACC,naive,DMS,48,0.225137
5,DMS-ACC,naive,DMS,49,0.567686
5,DMS-ACC,naive,DMS,50,0.718167
5,DMS-ACC,naive,DMS,51,0.495912
5,DMS-ACC,naive,DMS,52,0.054668
5,DMS-ACC,naive,DMS,53,0.16459
5,DMS-ACC,naive,DMS,54,0.639582
5,DMS-ACC,naive,ACC,0,0.088173
5,DMS-ACC,naive,ACC,1,0.113871
5,DMS-ACC,naive,ACC,2,0.149916
5,DMS-ACC,naive,ACC,3,0.191619
5,DMS-ACC,naive,ACC,4,0.021251
5,DMS-ACC,naive,ACC,5,0.039717
5,DMS-ACC,naive,ACC,6,0.081788
5,DMS-ACC,naive,ACC,7,0.061973
5,DMS-ACC,naive,ACC,8,0.090029
5,DMS-ACC,naive,ACC,9,0.135473
5,DMS-ACC,naive,ACC,10,0.04249
5,DMS-ACC,naive,ACC,11,0.125642
5,DMS-ACC,naive,ACC,12,0.074184
5,DMS-ACC,naive,ACC,13,0.026672
5,DMS-ACC,naive,ACC,14,0.039259
5,DMS-ACC,naive,ACC,15,0.023628
5,DMS-ACC,naive,ACC,16,0.063333
5,DMS-ACC,naive,ACC,17,0.076384
5,DMS-ACC,naive,ACC,18,0.049017
5,DMS-ACC,naive,ACC,19,0.668649
5,DMS-ACC,naive,ACC,20,0.331049
5,DMS-ACC,naive,ACC,21,0.042885
5,DMS-ACC,naive,ACC,22,0.057099
5,DMS-ACC,naive,ACC,23,0.084128
5,DMS-ACC,naive,ACC,24,0.280775
5,DMS-ACC,naive,ACC,25,0.14494
5,DMS-ACC,naive,ACC,26,0.028243
5,DMS-ACC,naive,ACC,27,0.05134
5,DMS-ACC,naive,ACC,28,0.293734
5,DMS-ACC,naive,ACC,29,0.102114
5,DMS-ACC,naive,ACC,30,0.059405
5,DMS-ACC,naive,ACC,31,0.045283
5,DMS-ACC,naive,ACC,32,0.285731
5,DMS-ACC,naive,ACC,33,0.027422
5,DMS-ACC,naive,ACC,34,0.072402
5,DMS-ACC,naive,ACC,35,0.598603
5,DMS-ACC,naive,ACC,36,0.006155
5,DMS-ACC,naive,ACC,37,0.648096
5,DMS-ACC,naive,ACC,38,0.032014
5,DMS-ACC,naive,ACC,39,0.177085
5,DMS-ACC,naive,ACC,40,0.057025
5,DMS-ACC,naive,ACC,41,0.134725
5,DMS-ACC,naive,ACC,42,0.04295
5,DMS-ACC,naive,ACC,43,0.094798
5,DMS-ACC,naive,ACC,44,0.046292
5,DMS-ACC,naive,ACC,45,0.083996
5,DMS-ACC,naive,ACC,46,0.057604
5,DMS-ACC,naive,ACC,47,0.060291
5,DMS-ACC,naive,ACC,48,0.29761
5,DMS-ACC,naive,ACC,49,0.01029
5,DMS-ACC,naive,ACC,50,0.107769
5,DMS-ACC,naive,ACC,51,0.120394
5,DMS-ACC,naive,ACC,52,0.11199
5,DMS-ACC,naive,ACC,53,0.200668
5,DMS-ACC,naive,ACC,54,0.0698
5,DMS-ACC,naive,ACC,55,0.02143
5,DMS-ACC,naive,ACC,56,0.112049
5,DMS-ACC,naive,ACC,57,0.422216
5,DMS-ACC,naive,ACC,58,0.169205
5,DMS-ACC,naive,ACC,59,0.046424
5,DMS-ACC,naive,ACC,60,0.040185
5,DMS-ACC,naive,ACC,61,0.062253
5,DMS-ACC,naive,ACC,62,0.024364
5,DMS-ACC,naive,ACC,63,0.068812
5,DMS-ACC,naive,ACC,64,0.039961
5,DMS-ACC,naive,ACC,65,0.045624
5,DMS-ACC,naive,ACC,66,0.081364
5,DMS-ACC,naive,ACC,67,0.136312
5,DMS-ACC,naive,ACC,68,0.136931
5,DMS-ACC,naive,ACC,69,0.115827
5,DMS-ACC,naive,ACC,70,0.193548
5,DMS-ACC,naive,ACC,71,0.175911
5,DMS-ACC,naive,ACC,72,0.024491
5,DMS-ACC,naive,ACC,73,0.355553
5,DMS-ACC,naive,ACC,74,0.107771
5,DMS-ACC,naive,ACC,75,0.334515
5,DMS-ACC,naive,ACC,76,0.062173
5,DMS-ACC,naive,ACC,77,0.088987
5,DMS-ACC,naive,ACC,78,0.071498
5,DMS-ACC,naive,ACC,79,0.080938
5,DMS-ACC,naive,ACC,80,0.173456
5,DMS-ACC,naive,ACC,81,0.17558
5,DMS-ACC,naive,ACC,82,0.0
5,DMS-ACC,naive,ACC,83,1e-06
5,DMS-ACC,naive,ACC,84,0.143155
5,DMS-ACC,naive,ACC,85,0.599654
5,DMS-ACC,naive,ACC,86,0.0
5,DMS-ACC,naive,ACC,87,0.661022
5,DMS-ACC,naive,ACC,88,0.073992
5,DMS-ACC,naive,ACC,89,0.041131
5,DMS-ACC,naive,ACC,90,0.017175
5,DMS-ACC,naive,ACC,91,0.014527
5,DMS-ACC,naive,ACC,92,0.066067
5,DMS-ACC,naive,ACC,93,0.139628
5,DMS-ACC,naive,ACC,94,0.084278
5,DMS-ACC,naive,ACC,95,0.085692
5,DMS-ACC,naive,ACC,96,0.188313
5,DMS-ACC,naive,ACC,97,0.081057
5,DMS-ACC,naive,ACC,98,0.06354
5,DMS-ACC,naive,ACC,99,0.300265
5,DMS-ACC,naive,ACC,100,0.015757
5,DMS-ACC,naive,ACC,101,0.009169
5,DMS-ACC,naive,ACC,102,0.057696
5,DMS-ACC,naive,ACC,103,0.69884
5,DMS-ACC,naive,ACC,104,0.022032
5,DMS-ACC,naive,ACC,105,0.096256
5,DMS-ACC,naive,ACC,106,0.045037
5,DMS-ACC,naive,ACC,107,0.666748
5,DMS-ACC,naive,ACC,108,0.153154
5,DMS-ACC,naive,ACC,109,0.508085
5,DMS-ACC,naive,ACC,110,0.033624
5,DMS-ACC,naive,ACC,111,0.691912
5,DMS-ACC,naive,ACC,112,0.138778
5,DMS-ACC,naive,ACC,113,0.027615
5,DMS-ACC,naive,ACC,114,0.199798
5,DMS-ACC,naive,ACC,115,0.103567
5,DMS-ACC,naive,ACC,116,0.0
5,DMS-ACC,naive,ACC,117,0.047202
5,DMS-ACC,naive,ACC,118,0.404406
5,DMS-ACC,naive,ACC,119,0.126725
5,DMS-ACC,naive,ACC,120,0.28787
5,DMS-ACC,naive,ACC,121,0.038108
5,DMS-ACC,naive,ACC,122,0.301166
5,DMS-ACC,naive,ACC,123,0.102629
5,DMS-ACC,naive,ACC,124,0.148881
5,DMS-ACC,naive,ACC,125,0.090105
5,DMS-ACC,naive,ACC,126,0.045565
5,DMS-ACC,naive,ACC,127,0.052163
5,DMS-ACC,naive,ACC,128,0.090885
5,DMS-ACC,naive,ACC,129,0.080189
5,DMS-ACC,naive,ACC,130,0.260769
5,DMS-ACC,naive,ACC,131,0.001544
5,DMS-ACC,naive,ACC,132,0.28163
5,DMS-ACC,naive,ACC,133,0.044004
5,DMS-ACC,naive,ACC,134,0.0
5,DMS-ACC,naive,ACC,135,0.0
5,DMS-ACC,naive,ACC,136,0.014463
5,DMS-ACC,naive,ACC,137,0.693441
5,DMS-ACC,naive,ACC,138,0.688529
5,DMS-ACC,naive,ACC,139,0.704531
5,DMS-ACC,naive,ACC,140,0.071013
5,DMS-ACC,naive,ACC,141,0.152878
5,DMS-ACC,naive,ACC,142,0.06937
5,DMS-ACC,naive,ACC,143,0.174771
5,DMS-ACC,naive,ACC,144,0.006067
5,DMS-ACC,naive,ACC,145,0.647292
5,DMS-ACC,naive,ACC,146,0.54744
5,DMS-ACC,naive,ACC,147,0.041809
5,DMS-ACC,naive,ACC,148,0.454656
5,DMS-ACC,naive,ACC,149,0.006681
5,DMS-ACC,naive,ACC,150,0.026259
5,DMS-ACC,naive,ACC,151,0.010396
5,DMS-ACC,naive,ACC,152,0.048233
5,DMS-ACC,naive,ACC,153,0.055901
5,DMS-ACC,naive,ACC,154,0.052351
5,DMS-ACC,naive,ACC,155,0.660206
5,DMS-ACC,naive,ACC,156,0.135712
5,DMS-ACC,naive,ACC,157,0.319677
5,DMS-ACC,intermediate,DMS,0,0.640514
5,DMS-ACC,intermediate,DMS,1,0.91224
5,DMS-ACC,intermediate,DMS,2,0.882667
5,DMS-ACC,intermediate,DMS,3,0.909748
5,DMS-ACC,intermediate,DMS,4,0.943521
5,DMS-ACC,intermediate,DMS,5,0.124033
5,DMS-ACC,intermediate,DMS,6,0.939093
5,DMS-ACC,intermediate,DMS,7,0.054868
5,DMS-ACC,intermediate,DMS,8,0.754253
5,DMS-ACC,intermediate,DMS,9,0.508043
5,DMS-ACC,intermediate,DMS,10,0.342443
5,DMS-ACC,intermediate,DMS,11,0.151452
5,DMS-ACC,intermediate,DMS,12,0.302849
5,DMS-ACC,intermediate,DMS,13,0.121038
5,DMS-ACC,intermediate,DMS,14,0.471059
5,DMS-ACC,intermediate,DMS,15,0.188966
5,DMS-ACC,intermediate,DMS,16,0.0
5,DMS-ACC,intermediate,DMS,17,0.65057
5,DMS-ACC,intermediate,DMS,18,0.088213
5,DMS-ACC,intermediate,DMS,19,0.831341
5,DMS-ACC,intermediate,DMS,20,0.974603
5,DMS-ACC,intermediate,DMS,21,0.383756
5,DMS-ACC,intermediate,DMS,22,0.252161
5,DMS-ACC,intermediate,DMS,23,0.83438
5,DMS-ACC,intermediate,DMS,24,0.571056
5,DMS-ACC,intermediate,DMS,25,0.56214
5,DMS-ACC,intermediate,DMS,26,0.804243
5,DMS-ACC,intermediate,DMS,27,0.871041
5,DMS-ACC,intermediate,DMS,28,0.0
5,DMS-ACC,intermediate,DMS,29,0.091139
5,DMS-ACC,intermediate,DMS,30,0.18607
5,DMS-ACC,intermediate,DMS,31,0.183943
5,DMS-ACC,intermediate,DMS,32,0.179201
5,DMS-ACC,intermediate,DMS,33,0.11465
5,DMS-ACC,intermediate,DMS,34,0.01595
5,DMS-ACC,intermediate,DMS,35,0.291154
5,DMS-ACC,intermediate,DMS,36,0.852201
5,DMS-ACC,intermediate,DMS,37,0.458141
5,DMS-ACC,intermediate,DMS,38,0.973866
5,DMS-ACC,intermediate,DMS,39,0.134589
5,DMS-ACC,intermediate,DMS,40,0.0
5,DMS-ACC,intermediate,DMS,41,0.336032
5,DMS-ACC,intermediate,DMS,42,0.0
5,DMS-ACC,intermediate,DMS,43,0.810852
5,DMS-ACC,intermediate,DMS,44,0.262531
5,DMS-ACC,intermediate,DMS,45,0.945417
5,DMS-ACC,intermediate,DMS,46,0.014376
5,DMS-ACC,intermediate,DMS,47,0.209348
5,DMS-ACC,intermediate,DMS,48,0.027101
5,DMS-ACC,intermediate,DMS,49,0.120821
5,DMS-ACC,intermediate,DMS,50,0.047557
5,DMS-ACC,intermediate,DMS,51,0.339048
5,DMS-ACC,intermediate,DMS,52,0.118352
5,DMS-ACC,intermediate,DMS,53,0.600581
5,DMS-ACC,intermediate,DMS,54,0.032256
5,DMS-ACC,intermediate,ACC,0,0.143488
5,DMS-ACC,intermediate,ACC,1,0.034762
5,DMS-ACC,intermediate,ACC,2,0.160346
5,DMS-ACC,intermediate,ACC,3,0.10015
5,DMS-ACC,intermediate,ACC,4,0.725901
5,DMS-ACC,intermediate,ACC,5,0.109763
5,DMS-ACC,intermediate,ACC,6,0.075117
5,DMS-ACC,intermediate,ACC,7,0.091404
5,DMS-ACC,intermediate,ACC,8,0.113002
5,DMS-ACC,intermediate,ACC,9,0.110119
5,DMS-ACC,intermediate,ACC,10,0.697469
5,DMS-ACC,intermediate,ACC,11,0.118308
5,DMS-ACC,intermediate,ACC,12,0.106269
5,DMS-ACC,intermediate,ACC,13,0.060587
5,DMS-ACC,intermediate,ACC,14,0.073664
5,DMS-ACC,intermediate,ACC,15,0.641598
5,DMS-ACC,intermediate,ACC,16,0.152608
5,DMS-ACC,intermediate,ACC,17,0.184582
5,DMS-ACC,intermediate,ACC,18,0.077076
5,DMS-ACC,intermediate,ACC,19,0.0
5,DMS-ACC,intermediate,ACC,20,0.042188
5,DMS-ACC,intermediate,ACC,21,0.070801
5,DMS-ACC,intermediate,ACC,22,0.280279
5,DMS-ACC,intermediate,ACC,23,0.125389
5,DMS-ACC,intermediate,ACC,24,0.133585
5,DMS-ACC,intermediate,ACC,25,0.176867
5,DMS-ACC,intermediate,ACC,26,0.147991
5,DMS-ACC,intermediate,ACC,27,0.191075
5,DMS-ACC,intermediate,ACC,28,0.029951
5,DMS-ACC,intermediate,ACC,29,0.150893
5,DMS-ACC,intermediate,ACC,30,0.033137
5,DMS-ACC,intermediate,ACC,31,0.049725
5,DMS-ACC,intermediate,ACC,32,0.200583
5,DMS-ACC,intermediate,ACC,33,0.724202
5,DMS-ACC,intermediate,ACC,34,0.092618
5,DMS-ACC,intermediate,ACC,35,0.71102
5,DMS-ACC,intermediate,ACC,36,0.669075
5,DMS-ACC,intermediate,ACC,37,0.046034
5,DMS-ACC,intermediate,ACC,38,0.050129
5,DMS-ACC,intermediate,ACC,39,0.08431
5,DMS-ACC,intermediate,ACC,40,0.189519
5,DMS-ACC,intermediate,ACC,41,0.173033
5,DMS-ACC,intermediate,ACC,42,0.026475
5,DMS-ACC,intermediate,ACC,43,0.161692
5,DMS-ACC,intermediate,ACC,44,0.096878
5,DMS-ACC,intermediate,ACC,45,0.13089
5,DMS-ACC,intermediate,ACC,46,0.102821
5,DMS-ACC,intermediate,ACC,47,0.084826
5,DMS-ACC,intermediate,ACC,48,0.117891
5,DMS-ACC,intermediate,ACC,49,0.313985
5,DMS-ACC,intermediate,ACC,50,0.059686
5,DMS-ACC,intermediate,ACC,51,0.246953
5,DMS-ACC,intermediate,ACC,52,0.252948
5,DMS-ACC,intermediate,ACC,53,0.369859
5,DMS-ACC,intermediate,ACC,54,0.41505
5,DMS-ACC,intermediate,ACC,55,0.107977
5,DMS-ACC,intermediate,ACC,56,0.17683
5,DMS-ACC,intermediate,ACC,57,0.032916
5,DMS-ACC,intermediate,ACC,58,0.710955
5,DMS-ACC,intermediate,ACC,59,0.058658
5,DMS-ACC,intermediate,ACC,60,0.119153
5,DMS-ACC,intermediate,ACC,61,0.436422
5,DMS-ACC,intermediate,ACC,62,0.418186
5,DMS-ACC,intermediate,ACC,63,0.137875
5,DMS-ACC,intermediate,ACC,64,0.124568
5,DMS-ACC,intermediate,ACC,65,0.107769
5,DMS-ACC,intermediate,ACC,66,0.259908
5,DMS-ACC,intermediate,ACC,67,0.251813
5,DMS-ACC,intermediate,ACC,68,0.325537
5,DMS-ACC,intermediate,ACC,69,0.142432
5,DMS-ACC,intermediate,ACC,70,0.097959
5,DMS-ACC,intermediate,ACC,71,0.069435
5,DMS-ACC,intermediate,ACC,72,0.065904
5,DMS-ACC,intermediate,ACC,73,0.154266
5,DMS-ACC,intermediate,ACC,74,0.118124
5,DMS-ACC,intermediate,ACC,75,0.163023
5,DMS-ACC,intermediate,ACC,76,0.02298
5,DMS-ACC,intermediate,ACC,77,0.030782
5,DMS-ACC,intermediate,ACC,78,0.110895
5,DMS-ACC,intermediate,ACC,79,0.06975
5,DMS-ACC,intermediate,ACC,80,0.035445
5,DMS-ACC,intermediate,ACC,81,0.114396
5,DMS-ACC,intermediate,ACC,82,0.015293
5,DMS-ACC,intermediate,ACC,83,0.0
5,DMS-ACC,intermediate,ACC,84,0.095177
5,DMS-ACC,intermediate,ACC,85,0.600265
5,DMS-ACC,intermediate,ACC,86,0.39309
5,DMS-ACC,intermediate,ACC,87,0.011792
5,DMS-ACC,intermediate,ACC,88,0.03939
5,DMS-ACC,intermediate,ACC,89,0.082974
5,DMS-ACC,intermediate,ACC,90,0.653421
5,DMS-ACC,intermediate,ACC,91,0.694139
5,DMS-ACC,intermediate,ACC,92,0.161018
5,DMS-ACC,intermediate,ACC,93,0.022007
5,DMS-ACC,intermediate,ACC,94,0.029128
5,DMS-ACC,intermediate,ACC,95,0.020397
5,DMS-ACC,intermediate,ACC,96,0.046114
5,DMS-ACC,intermediate,ACC,97,0.030955
5,DMS-ACC,intermediate,ACC,98,0.0
5,DMS-ACC,intermediate,ACC,99,0.014349
5,DMS-ACC,intermediate,ACC,100,0.040988
5,DMS-ACC,intermediate,ACC,101,0.203896
5,DMS-ACC,intermediate,ACC,102,0.103291
5,DMS-ACC,intermediate,ACC,103,0.015212
5,DMS-ACC,intermediate,ACC,104,0.593081
5,DMS-ACC,intermediate,ACC,105,0.049281
5,DMS-ACC,intermediate,ACC,106,0.137318
5,DMS-ACC,intermediate,ACC,107,0.547693
5,DMS-ACC,intermediate,ACC,108,0.158548
5,DMS-ACC,intermediate,ACC,109,0.099024
5,DMS-ACC,intermediate,ACC,110,0.039686
5,DMS-ACC,intermediate,ACC,111,0.062219
5,DMS-ACC,intermediate,ACC,112,0.641253
5,DMS-ACC,intermediate,ACC,113,0.592237
5,DMS-ACC,intermediate,ACC,114,0.090743
5,DMS-ACC,intermediate,ACC,115,0.113321
5,DMS-ACC,intermediate,ACC,116,0.0
5,DMS-ACC,intermediate,ACC,117,0.010562
5,DMS-ACC,intermediate,ACC,118,0.648442
5,DMS-ACC,intermediate,ACC,119,0.115616
5,DMS-ACC,intermediate,ACC,120,0.148454
5,DMS-ACC,intermediate,ACC,121,0.054586
5,DMS-ACC,intermediate,ACC,122,0.102839
5,DMS-ACC,intermediate,ACC,123,0.177797
5,DMS-ACC,intermediate,ACC,124,0.132433
5,DMS-ACC,intermediate,ACC,125,0.126277
5,DMS-ACC,intermediate,ACC,126,0.055078
5,DMS-ACC,intermediate,ACC,127,0.080233
5,DMS-ACC,intermediate,ACC,128,0.052543
5,DMS-ACC,intermediate,ACC,129,0.048559
5,DMS-ACC,intermediate,ACC,130,0.090331
5,DMS-ACC,intermediate,ACC,131,0.014615
5,DMS-ACC,intermediate,ACC,132,0.090253
5,DMS-ACC,intermediate,ACC,133,0.25156
5,DMS-ACC,intermediate,ACC,134,0.0
5,DMS-ACC,intermediate,ACC,135,0.0
5,DMS-ACC,intermediate,ACC,136,0.692973
5,DMS-ACC,intermediate,ACC,137,0.295647
5,DMS-ACC,intermediate,ACC,138,0.048854
5,DMS-ACC,intermediate,ACC,139,0.10904
5,DMS-ACC,intermediate,ACC,140,0.051393
5,DMS-ACC,intermediate,ACC,141,0.065558
5,DMS-ACC,intermediate,ACC,142,0.187339
5,DMS-ACC,intermediate,ACC,143,0.234619
5,DMS-ACC,intermediate,ACC,144,0.37277
5,DMS-ACC,intermediate,ACC,145,0.057094
5,DMS-ACC,intermediate,ACC,146,0.019372
5,DMS-ACC,intermediate,ACC,147,0.642832
5,DMS-ACC,intermediate,ACC,148,0.055406
5,DMS-ACC,intermediate,ACC,149,0.218423
5,DMS-ACC,intermediate,ACC,150,0.386671
5,DMS-ACC,intermediate,ACC,151,0.180538
5,DMS-ACC,intermediate,ACC,152,0.189277
5,DMS-ACC,intermediate,ACC,153,0.049793
5,DMS-ACC,intermediate,ACC,154,0.038113
5,DMS-ACC,intermediate,ACC,155,0.021041
5,DMS-ACC,intermediate,ACC,156,0.632304
5,DMS-ACC,intermediate,ACC,157,0.215619
5,DMS-ACC,expert,DMS,0,0.435173
5,DMS-ACC,expert,DMS,1,0.201599
5,DMS-ACC,expert,DMS,2,0.031892
5,DMS-ACC,expert,DMS,3,0.793358
5,DMS-ACC,expert,DMS,4,0.080067
5,DMS-ACC,expert,DMS,5,0.217461
5,DMS-ACC,expert,DMS,6,0.926867
5,DMS-ACC,expert,DMS,7,0.046017
5,DMS-ACC,expert,DMS,8,0.215038
5,DMS-ACC,expert,DMS,9,0.255333
5,DMS-ACC,expert,DMS,10,0.0
5,DMS-ACC,expert,DMS,11,0.893984
5,DMS-ACC,expert,DMS,12,0.555304
5,DMS-ACC,expert,DMS,13,0.833162
5,DMS-ACC,expert,DMS,14,0.952515
5,DMS-ACC,expert,DMS,15,0.182913
5,DMS-ACC,expert,DMS,16,0.036506
5,DMS-ACC,expert,DMS,17,0.046651
5,DMS-ACC,expert,DMS,18,0.236593
5,DMS-ACC,expert,DMS,19,0.954318
5,DMS-ACC,expert,DMS,20,0.97746
5,DMS-ACC,expert,DMS,21,0.0
5,DMS-ACC,expert,DMS,22,0.0
5,DMS-ACC,expert,DMS,23,0.122691
5,DMS-ACC,expert,DMS,24,0.90391
5,DMS-ACC,expert,DMS,25,0.831835
5,DMS-ACC,expert,DMS,26,0.047145
5,DMS-ACC,expert,DMS,27,0.038036
5,DMS-ACC,expert,DMS,28,0.740882
5,DMS-ACC,expert,DMS,29,0.928947
5,DMS-ACC,expert,DMS,30,0.742026
5,DMS-ACC,expert,DMS,31,0.718931
5,DMS-ACC,expert,DMS,32,0.037791
5,DMS-ACC,expert,DMS,33,0.996831
5,DMS-ACC,expert,DMS,34,0.298601
5,DMS-ACC,expert,DMS,35,0.849711
5,DMS-ACC,expert,DMS,36,0.0
5,DMS-ACC,expert,DMS,37,0.0
5,DMS-ACC,expert,DMS,38,0.907412
5,DMS-ACC,expert,DMS,39,0.166719
5,DMS-ACC,expert,DMS,40,0.0
5,DMS-ACC,expert,DMS,41,0.048232
5,DMS-ACC,expert,DMS,42,0.0
5,DMS-ACC,expert,DMS,43,0.0
5,DMS-ACC,expert,DMS,44,0.67835
5,DMS-ACC,expert,DMS,45,0.909668
5,DMS-ACC,expert,DMS,46,0.072581
5,DMS-ACC,expert,DMS,47,0.332271
5,DMS-ACC,expert,DMS,48,0.087107
5,DMS-ACC,expert,DMS,49,0.95841
5,DMS-ACC,expert,DMS,50,0.440903
5,DMS-ACC,expert,DMS,51,1.009467
5,DMS-ACC,expert,DMS,52,1.045706
5,DMS-ACC,expert,DMS,53,0.042718
5,DMS-ACC,expert,DMS,54,0.011267
5,DMS-ACC,expert,ACC,0,0.068971
5,DMS-ACC,expert,ACC,1,0.068976
5,DMS-ACC,expert,ACC,2,0.113035
5,DMS-ACC,expert,ACC,3,0.172174
5,DMS-ACC,expert,ACC,4,0.143391
5,DMS-ACC,expert,ACC,5,0.079896
5,DMS-ACC,expert,ACC,6,0.04264
5,DMS-ACC,expert,ACC,7,0.090186
5,DMS-ACC,expert,ACC,8,0.119701
5,DMS-ACC,expert,ACC,9,0.036873
5,DMS-ACC,expert,ACC,10,0.277577
5,DMS-ACC,expert,ACC,11,0.095653
5,DMS-ACC,expert,ACC,12,0.067482
5,DMS-ACC,expert,ACC,13,0.096136
5,DMS-ACC,expert,ACC,14,0.062423
5,DMS-ACC,expert,ACC,15,0.063351
5,DMS-ACC,expert,ACC,16,0.096833
5,DMS-ACC,expert,ACC,17,0.123848
5,DMS-ACC,expert,ACC,18,0.078839
5,DMS-ACC,expert,ACC,19,0.010402
5,DMS-ACC,expert,ACC,20,0.065711
5,DMS-ACC,expert,ACC,21,0.093696
5,DMS-ACC,expert,ACC,22,0.053589
5,DMS-ACC,expert,ACC,23,0.094906
5,DMS-ACC,expert,ACC,24,0.03851
5,DMS-ACC,expert,ACC,25,0.102266
5,DMS-ACC,expert,ACC,26,0.125014
5,DMS-ACC,expert,ACC,27,0.206785
5,DMS-ACC,expert,ACC,28,0.025828
5,DMS-ACC,expert,ACC,29,0.115778
5,DMS-ACC,expert,ACC,30,0.066079
5,DMS-ACC,expert,ACC,31,0.606316
5,DMS-ACC,expert,ACC,32,0.13595
5,DMS-ACC,expert,ACC,33,0.044797
5,DMS-ACC,expert,ACC,34,0.09183
5,DMS-ACC,expert,ACC,35,0.149343
5,DMS-ACC,expert,ACC,36,0.118492
5,DMS-ACC,expert,ACC,37,0.131834
5,DMS-ACC,expert,ACC,38,0.117045
5,DMS-ACC,expert,ACC,39,0.08266
5,DMS-ACC,expert,ACC,40,0.092704
5,DMS-ACC,expert,ACC,41,0.067603
5,DMS-ACC,expert,ACC,42,0.527896
5,DMS-ACC,expert,ACC,43,0.1294
5,DMS-ACC,expert,ACC,44,0.100305
5,DMS-ACC,expert,ACC,45,0.100248
5,DMS-ACC,expert,ACC,46,0.078749
5,DMS-ACC,expert,ACC,47,0.08278
5,DMS-ACC,expert,ACC,48,0.081356
5,DMS-ACC,expert,ACC,49,0.563602
5,DMS-ACC,expert,ACC,50,0.101674
5,DMS-ACC,expert,ACC,51,0.109643
5,DMS-ACC,expert,ACC,52,0.172266
5,DMS-ACC,expert,ACC,53,0.125401
5,DMS-ACC,expert,ACC,54,0.22611
5,DMS-ACC,expert,ACC,55,0.10952
5,DMS-ACC,expert,ACC,56,0.100418
5,DMS-ACC,expert,ACC,57,0.032849
5,DMS-ACC,expert,ACC,58,0.130751
5,DMS-ACC,expert,ACC,59,0.077017
5,DMS-ACC,expert,ACC,60,0.441637
5,DMS-ACC,expert,ACC,61,0.435223
5,DMS-ACC,expert,ACC,62,0.243072
5,DMS-ACC,expert,ACC,63,0.073155
5,DMS-ACC,expert,ACC,64,0.088961
5,DMS-ACC,expert,ACC,65,0.357141
5,DMS-ACC,expert,ACC,66,0.121786
5,DMS-ACC,expert,ACC,67,0.260408
5,DMS-ACC,expert,ACC,68,0.089182
5,DMS-ACC,expert,ACC,69,0.085568
5,DMS-ACC,expert,ACC,70,0.107287
5,DMS-ACC,expert,ACC,71,0.059642
5,DMS-ACC,expert,ACC,72,0.433069
5,DMS-ACC,expert,ACC,73,0.433681
5,DMS-ACC,expert,ACC,74,0.107216
5,DMS-ACC,expert,ACC,75,0.480896
5,DMS-ACC,expert,ACC,76,0.132984
5,DMS-ACC,expert,ACC,77,0.525354
5,DMS-ACC,expert,ACC,78,0.541468
5,DMS-ACC,expert,ACC,79,0.020957
5,DMS-ACC,expert,ACC,80,0.117661
5,DMS-ACC,expert,ACC,81,0.187528
5,DMS-ACC,expert,ACC,82,0.070536
5,DMS-ACC,expert,ACC,83,0.063442
5,DMS-ACC,expert,ACC,84,0.439041
5,DMS-ACC,expert,ACC,85,0.0
5,DMS-ACC,expert,ACC,86,0.110781
5,DMS-ACC,expert,ACC,87,0.278389
5,DMS-ACC,expert,ACC,88,0.583564
5,DMS-ACC,expert,ACC,89,0.039649
5,DMS-ACC,expert,ACC,90,0.587878
5,DMS-ACC,expert,ACC,91,0.093378
5,DMS-ACC,expert,ACC,92,0.042681
5,DMS-ACC,expert,ACC,93,0.030543
5,DMS-ACC,expert,ACC,94,0.056636
5,DMS-ACC,expert,ACC,95,0.041406
5,DMS-ACC,expert,ACC,96,0.088317
5,DMS-ACC,expert,ACC,97,0.041096
5,DMS-ACC,expert,ACC,98,0.0
5,DMS-ACC,expert,ACC,99,0.026626
5,DMS-ACC,expert,ACC,100,0.0
5,DMS-ACC,expert,ACC,101,0.329462
5,DMS-ACC,expert,ACC,102,0.052935
5,DMS-ACC,expert,ACC,103,0.010374
5,DMS-ACC,expert,ACC,104,0.090407
5,DMS-ACC,expert,ACC,105,0.032578
5,DMS-ACC,expert,ACC,106,0.06971
5,DMS-ACC,expert,ACC,107,0.572814
5,DMS-ACC,expert,ACC,108,0.089908
5,DMS-ACC,expert,ACC,109,0.615765
5,DMS-ACC,expert,ACC,110,0.644222
5,DMS-ACC,expert,ACC,111,0.664271
5,DMS-ACC,expert,ACC,112,0.04581
5,DMS-ACC,expert,ACC,113,0.044008
5,DMS-ACC,expert,ACC,114,0.113383
5,DMS-ACC,expert,ACC,115,0.220627
5,DMS-ACC,expert,ACC,116,0.0
5,DMS-ACC,expert,ACC,117,0.014154
5,DMS-ACC,expert,ACC,118,0.149467
5,DMS-ACC,expert,ACC,119,0.045154
5,DMS-ACC,expert,ACC,120,0.085307
5,DMS-ACC,expert,ACC,121,0.05249
5,DMS-ACC,expert,ACC,122,0.075399
5,DMS-ACC,expert,ACC,123,0.165851
5,DMS-ACC,expert,ACC,124,0.150598
5,DMS-ACC,expert,ACC,125,0.157235
5,DMS-ACC,expert,ACC,126,0.594392
5,DMS-ACC,expert,ACC,127,0.121909
5,DMS-ACC,expert,ACC,128,0.27113
5,DMS-ACC,expert,ACC,129,0.274995
5,DMS-ACC,expert,ACC,130,0.14531
5,DMS-ACC,expert,ACC,131,0.009018
5,DMS-ACC,expert,ACC,132,0.58549
5,DMS-ACC,expert,ACC,133,0.100848
5,DMS-ACC,expert,ACC,134,0.031807
5,DMS-ACC,expert,ACC,135,0.137162
5,DMS-ACC,expert,ACC,136,0.030943
5,DMS-ACC,expert,ACC,137,0.036728
5,DMS-ACC,expert,ACC,138,0.087154
5,DMS-ACC,expert,ACC,139,0.037288
5,DMS-ACC,expert,ACC,140,0.038017
5,DMS-ACC,expert,ACC,141,0.081008
5,DMS-ACC,expert,ACC,142,0.539846
5,DMS-ACC,expert,ACC,143,0.132246
5,DMS-ACC,expert,ACC,144,0.145011
5,DMS-ACC,expert,ACC,145,0.054122
5,DMS-ACC,expert,ACC,146,0.169068
5,DMS-ACC,expert,ACC,147,0.064796
5,DMS-ACC,expert,ACC,148,0.015982
5,DMS-ACC,expert,ACC,149,0.57213
5,DMS-ACC,expert,ACC,150,0.646202
5,DMS-ACC,expert,ACC,151,0.135258
5,DMS-ACC,expert,ACC,152,0.021228
5,DMS-ACC,expert,ACC,153,0.047805
5,DMS-ACC,expert,ACC,154,0.141134
5,DMS-ACC,expert,ACC,155,0.050496
5,DMS-ACC,expert,ACC,156,0.593811
5,DMS-ACC,expert,ACC,157,0.060693
5,DLS-ACC,naive,DLS,0,0.045453
5,DLS-ACC,naive,DLS,1,0.130804
5,DLS-ACC,naive,DLS,2,0.044912
5,DLS-ACC,naive,DLS,3,0.092309
5,DLS-ACC,naive,DLS,4,0.027869
5,DLS-ACC,naive,DLS,5,0.00976
5,DLS-ACC,naive,DLS,6,0.055793
5,DLS-ACC,naive,DLS,7,0.147686
5,DLS-ACC,naive,DLS,8,0.08285
5,DLS-ACC,naive,DLS,9,0.0
5,DLS-ACC,naive,DLS,10,0.011264
5,DLS-ACC,naive,DLS,11,0.163011
5,DLS-ACC,naive,DLS,12,0.172779
5,DLS-ACC,naive,DLS,13,0.095695
5,DLS-ACC,naive,DLS,14,0.0
5,DLS-ACC,naive,DLS,15,0.107854
5,DLS-ACC,naive,DLS,16,0.053286
5,DLS-ACC,naive,DLS,17,0.11571
5,DLS-ACC,naive,DLS,18,0.025578
5,DLS-ACC,naive,DLS,19,0.335638
5,DLS-ACC,naive,DLS,20,0.476052
5,DLS-ACC,naive,DLS,21,0.0
5,DLS-ACC,naive,DLS,22,0.07098
5,DLS-ACC,naive,DLS,23,0.051029
5,DLS-ACC,naive,DLS,24,0.0
5,DLS-ACC,naive,DLS,25,0.061067
5,DLS-ACC,naive,DLS,26,0.373944
5,DLS-ACC,naive,DLS,27,0.39316
5,DLS-ACC,naive,DLS,28,0.078817
5,DLS-ACC,naive,DLS,29,0.051818
5,DLS-ACC,naive,DLS,30,0.039014
5,DLS-ACC,naive,DLS,31,0.0914
5,DLS-ACC,naive,DLS,32,0.056856
5,DLS-ACC,naive,DLS,33,0.077906
5,DLS-ACC,naive,DLS,34,0.077696
5,DLS-ACC,naive,DLS,35,0.036868
5,DLS-ACC,naive,DLS,36,0.008192
5,DLS-ACC,naive,DLS,37,0.0
5,DLS-ACC,naive,DLS,38,0.037699
5,DLS-ACC,naive,DLS,39,0.099402
5,DLS-ACC,naive,DLS,40,0.050043
5,DLS-ACC,naive,DLS,41,0.063466
5,DLS-ACC,naive,DLS,42,0.058315
5,DLS-ACC,naive,DLS,43,0.077604
5,DLS-ACC,naive,DLS,44,0.027837
5,DLS-ACC,naive,DLS,45,0.122564
5,DLS-ACC,naive,DLS,46,0.038421
5,DLS-ACC,naive,DLS,47,0.107047
5,DLS-ACC,naive,DLS,48,0.103164
5,DLS-ACC,naive,DLS,49,0.016054
5,DLS-ACC,naive,DLS,50,0.024886
5,DLS-ACC,naive,DLS,51,0.034556
5,DLS-ACC,naive,DLS,52,0.101017
5,DLS-ACC,naive,DLS,53,0.068522
5,DLS-ACC,naive,DLS,54,0.125958
5,DLS-ACC,naive,DLS,55,0.063123
5,DLS-ACC,naive,DLS,56,0.295656
5,DLS-ACC,naive,DLS,57,0.103304
5,DLS-ACC,naive,DLS,58,0.042574
5,DLS-ACC,naive,DLS,59,0.082483
5,DLS-ACC,naive,DLS,60,0.072962
5,DLS-ACC,naive,DLS,61,0.109339
5,DLS-ACC,naive,DLS,62,0.011494
5,DLS-ACC,naive,DLS,63,0.149296
5,DLS-ACC,naive,DLS,64,0.042137
5,DLS-ACC,naive,DLS,65,0.087711
5,DLS-ACC,naive,DLS,66,0.10163
5,DLS-ACC,naive,DLS,67,0.071186
5,DLS-ACC,naive,DLS,68,0.044037
5,DLS-ACC,naive,DLS,69,0.324777
5,DLS-ACC,naive,DLS,70,0.026473
5,DLS-ACC,naive,DLS,71,0.399864
5,DLS-ACC,naive,DLS,72,0.208225
5,DLS-ACC,naive,DLS,73,0.069119
5,DLS-ACC,naive,DLS,74,0.047474
5,DLS-ACC,naive,DLS,75,0.075213
5,DLS-ACC,naive,DLS,76,0.305022
5,DLS-ACC,naive,DLS,77,0.016313
5,DLS-ACC,naive,DLS,78,0.37022
5,DLS-ACC,naive,DLS,79,0.0
5,DLS-ACC,naive,DLS,80,0.01297
5,DLS-ACC,naive,DLS,81,0.063028
5,DLS-ACC,naive,DLS,82,0.131442
5,DLS-ACC,naive,DLS,83,0.035976
5,DLS-ACC,naive,DLS,84,0.004491
5,DLS-ACC,naive,DLS,85,0.047238
5,DLS-ACC,naive,DLS,86,0.07661
5,DLS-ACC,naive,DLS,87,0.021837
5,DLS-ACC,naive,DLS,88,0.041065
5,DLS-ACC,naive,DLS,89,0.405199
5,DLS-ACC,naive,DLS,90,0.08913
5,DLS-ACC,naive,DLS,91,0.092603
5,DLS-ACC,naive,DLS,92,0.14739
5,DLS-ACC,naive,DLS,93,0.0
5,DLS-ACC,naive,DLS,94,0.135042
5,DLS-ACC,naive,DLS,95,0.062547
5,DLS-ACC,naive,DLS,96,0.019824
5,DLS-ACC,naive,DLS,97,0.029763
5,DLS-ACC,naive,DLS,98,0.051724
5,DLS-ACC,naive,DLS,99,0.046936
5,DLS-ACC,naive,DLS,100,0.060893
5,DLS-ACC,naive,DLS,101,0.026855
5,DLS-ACC,naive,DLS,102,0.526225
5,DLS-ACC,naive,DLS,103,0.011299
5,DLS-ACC,naive,DLS,104,0.060671
5,DLS-ACC,naive,DLS,105,0.003667
5,DLS-ACC,naive,DLS,106,0.0
5,DLS-ACC,naive,DLS,107,0.021008
5,DLS-ACC,naive,DLS,108,0.041014
5,DLS-ACC,naive,DLS,109,0.099976
5,DLS-ACC,naive,DLS,110,0.086577
5,DLS-ACC,naive,DLS,111,0.0
5,DLS-ACC,naive,DLS,112,0.113185
5,DLS-ACC,naive,DLS,113,0.137192
5,DLS-ACC,naive,DLS,114,0.021768
5,DLS-ACC,naive,DLS,115,0.119202
5,DLS-ACC,naive,DLS,116,0.03385
5,DLS-ACC,naive,DLS,117,0.082312
5,DLS-ACC,naive,DLS,118,0.042332
5,DLS-ACC,naive,DLS,119,0.05632
5,DLS-ACC,naive,DLS,120,0.521857
5,DLS-ACC,naive,DLS,121,0.049626
5,DLS-ACC,naive,DLS,122,0.007528
5,DLS-ACC,naive,DLS,123,0.129625
5,DLS-ACC,naive,DLS,124,0.0
5,DLS-ACC,naive,DLS,125,0.037673
5,DLS-ACC,naive,DLS,126,0.021646
5,DLS-ACC,naive,DLS,127,0.0
5,DLS-ACC,naive,DLS,128,0.146403
5,DLS-ACC,naive,DLS,129,0.063611
5,DLS-ACC,naive,DLS,130,0.074607
5,DLS-ACC,naive,DLS,131,0.071435
5,DLS-ACC,naive,DLS,132,0.013832
5,DLS-ACC,naive,DLS,133,0.022412
5,DLS-ACC,naive,DLS,134,0.05431
5,DLS-ACC,naive,DLS,135,0.061971
5,DLS-ACC,naive,DLS,136,0.0
5,DLS-ACC,naive,DLS,137,0.0
5,DLS-ACC,naive,DLS,138,0.074029
5,DLS-ACC,naive,DLS,139,0.019542
5,DLS-ACC,naive,DLS,140,0.0
5,DLS-ACC,naive,DLS,141,0.0
5,DLS-ACC,naive,DLS,142,0.0
5,DLS-ACC,naive,DLS,143,0.061716
5,DLS-ACC,naive,DLS,144,0.086119
5,DLS-ACC,naive,DLS,145,0.047512
5,DLS-ACC,naive,DLS,146,0.069164
5,DLS-ACC,naive,DLS,147,0.034773
5,DLS-ACC,naive,DLS,148,0.106037
5,DLS-ACC,naive,DLS,149,0.041084
5,DLS-ACC,naive,DLS,150,0.079468
5,DLS-ACC,naive,DLS,151,0.005052
5,DLS-ACC,naive,DLS,152,0.012165
5,DLS-ACC,naive,DLS,153,0.015789
5,DLS-ACC,naive,DLS,154,0.011178
5,DLS-ACC,naive,DLS,155,0.036542
5,DLS-ACC,naive,DLS,156,0.035046
5,DLS-ACC,naive,DLS,157,0.002
5,DLS-ACC,naive,DLS,158,0.008703
5,DLS-ACC,naive,DLS,159,0.472437
5,DLS-ACC,naive,DLS,160,0.325956
5,DLS-ACC,naive,DLS,161,0.149973
5,DLS-ACC,naive,DLS,162,0.251276
5,DLS-ACC,naive,DLS,163,0.237052
5,DLS-ACC,naive,DLS,164,0.0
5,DLS-ACC,naive,DLS,165,0.0
5,DLS-ACC,naive,DLS,166,0.0
5,DLS-ACC,naive,DLS,167,0.018877
5,DLS-ACC,naive,DLS,168,0.0
5,DLS-ACC,naive,DLS,169,0.016772
5,DLS-ACC,naive,DLS,170,0.183057
5,DLS-ACC,naive,DLS,171,0.026071
5,DLS-ACC,naive,DLS,172,0.007005
5,DLS-ACC,naive,DLS,173,0.008585
5,DLS-ACC,naive,DLS,174,0.406471
5,DLS-ACC,naive,DLS,175,0.047636
5,DLS-ACC,naive,DLS,176,0.077248
5,DLS-ACC,naive,DLS,177,0.107946
5,DLS-ACC,naive,DLS,178,0.026764
5,DLS-ACC,naive,DLS,179,0.090171
5,DLS-ACC,naive,DLS,180,0.006118
5,DLS-ACC,naive,DLS,181,0.066326
5,DLS-ACC,naive,DLS,182,0.513621
5,DLS-ACC,naive,DLS,183,0.127722
5,DLS-ACC,naive,DLS,184,0.05332
5,DLS-ACC,naive,DLS,185,0.017846
5,DLS-ACC,naive,DLS,186,0.252076
5,DLS-ACC,naive,DLS,187,0.428687
5,DLS-ACC,naive,DLS,188,0.254654
5,DLS-ACC,naive,DLS,189,0.495065
5,DLS-ACC,naive,DLS,190,0.353107
5,DLS-ACC,naive,DLS,191,0.030884
5,DLS-ACC,naive,DLS,192,0.504155
5,DLS-ACC,naive,DLS,193,0.017491
5,DLS-ACC,naive,DLS,194,0.012851
5,DLS-ACC,naive,DLS,195,0.29148
5,DLS-ACC,naive,DLS,196,0.388629
5,DLS-ACC,naive,DLS,197,0.040482
5,DLS-ACC,naive,DLS,198,0.048749
5,DLS-ACC,naive,DLS,199,0.098813
5,DLS-ACC,naive,DLS,200,0.506097
5,DLS-ACC,naive,DLS,201,0.384391
5,DLS-ACC,naive,DLS,202,0.054637
5,DLS-ACC,naive,DLS,203,0.033899
5,DLS-ACC,naive,DLS,204,0.067784
5,DLS-ACC,naive,DLS,205,0.037458
5,DLS-ACC,naive,DLS,206,0.112405
5,DLS-ACC,naive,DLS,207,0.037907
5,DLS-ACC,naive,DLS,208,0.026049
5,DLS-ACC,naive,DLS,209,0.039385
5,DLS-ACC,naive,DLS,210,0.2388
5,DLS-ACC,naive,DLS,211,0.070244
5,DLS-ACC,naive,DLS,212,0.34445
5,DLS-ACC,naive,DLS,213,0.032331
5,DLS-ACC,naive,DLS,214,0.108446
5,DLS-ACC,naive,DLS,215,0.031958
5,DLS-ACC,naive,DLS,216,0.008637
5,DLS-ACC,naive,DLS,217,0.018383
5,DLS-ACC,naive,DLS,218,0.15435
5,DLS-ACC,naive,DLS,219,0.145999
5,DLS-ACC,naive,DLS,220,0.021579
5,DLS-ACC,naive,DLS,221,0.073196
5,DLS-ACC,naive,DLS,222,0.08304
5,DLS-ACC,naive,DLS,223,0.016323
5,DLS-ACC,naive,DLS,224,0.030048
5,DLS-ACC,naive,DLS,225,0.01568
5,DLS-ACC,naive,ACC,0,0.115083
5,DLS-ACC,naive,ACC,1,0.127853
5,DLS-ACC,naive,ACC,2,0.183056
5,DLS-ACC,naive,ACC,3,0.153816
5,DLS-ACC,naive,ACC,4,0.021238
5,DLS-ACC,naive,ACC,5,0.042447
5,DLS-ACC,naive,ACC,6,0.080528
5,DLS-ACC,naive,ACC,7,0.055682
5,DLS-ACC,naive,ACC,8,0.103957
5,DLS-ACC,naive,ACC,9,0.134329
5,DLS-ACC,naive,ACC,10,0.040251
5,DLS-ACC,naive,ACC,11,0.122266
5,DLS-ACC,naive,ACC,12,0.078235
5,DLS-ACC,naive,ACC,13,0.029194
5,DLS-ACC,naive,ACC,14,0.032571
5,DLS-ACC,naive,ACC,15,0.0266
5,DLS-ACC,naive,ACC,16,0.06129
5,DLS-ACC,naive,ACC,17,0.097359
5,DLS-ACC,naive,ACC,18,0.056429
5,DLS-ACC,naive,ACC,19,0.656857
5,DLS-ACC,naive,ACC,20,0.301111
5,DLS-ACC,naive,ACC,21,0.045766
5,DLS-ACC,naive,ACC,22,0.092729
5,DLS-ACC,naive,ACC,23,0.09854
5,DLS-ACC,naive,ACC,24,0.353799
5,DLS-ACC,naive,ACC,25,0.150604
5,DLS-ACC,naive,ACC,26,0.033837
5,DLS-ACC,naive,ACC,27,0.067082
5,DLS-ACC,naive,ACC,28,0.292497
5,DLS-ACC,naive,ACC,29,0.111141
5,DLS-ACC,naive,ACC,30,0.066019
5,DLS-ACC,naive,ACC,31,0.043325
5,DLS-ACC,naive,ACC,32,0.320119
5,DLS-ACC,naive,ACC,33,0.025942
5,DLS-ACC,naive,ACC,34,0.066658
5,DLS-ACC,naive,ACC,35,0.589002
5,DLS-ACC,naive,ACC,36,0.005591
5,DLS-ACC,naive,ACC,37,0.621138
5,DLS-ACC,naive,ACC,38,0.034532
5,DLS-ACC,naive,ACC,39,0.186363
5,DLS-ACC,naive,ACC,40,0.064404
5,DLS-ACC,naive,ACC,41,0.146769
5,DLS-ACC,naive,ACC,42,0.062161
5,DLS-ACC,naive,ACC,43,0.093538
5,DLS-ACC,naive,ACC,44,0.051269
5,DLS-ACC,naive,ACC,45,0.09763
5,DLS-ACC,naive,ACC,46,0.078129
5,DLS-ACC,naive,ACC,47,0.067112
5,DLS-ACC,naive,ACC,48,0.31739
5,DLS-ACC,naive,ACC,49,0.010086
5,DLS-ACC,naive,ACC,50,0.120818
5,DLS-ACC,naive,ACC,51,0.155036
5,DLS-ACC,naive,ACC,52,0.103404
5,DLS-ACC,naive,ACC,53,0.177565
5,DLS-ACC,naive,ACC,54,0.06631
5,DLS-ACC,naive,ACC,55,0.017674
5,DLS-ACC,naive,ACC,56,0.122414
5,DLS-ACC,naive,ACC,57,0.427823
5,DLS-ACC,naive,ACC,58,0.173395
5,DLS-ACC,naive,ACC,59,0.058053
5,DLS-ACC,naive,ACC,60,0.040804
5,DLS-ACC,naive,ACC,61,0.066972
5,DLS-ACC,naive,ACC,62,0.022823
5,DLS-ACC,naive,ACC,63,0.078133
5,DLS-ACC,naive,ACC,64,0.03599
5,DLS-ACC,naive,ACC,65,0.055932
5,DLS-ACC,naive,ACC,66,0.084124
5,DLS-ACC,naive,ACC,67,0.135244
5,DLS-ACC,naive,ACC,68,0.145848
5,DLS-ACC,naive,ACC,69,0.102771
5,DLS-ACC,naive,ACC,70,0.217526
5,DLS-ACC,naive,ACC,71,0.152502
5,DLS-ACC,naive,ACC,72,0.025668
5,DLS-ACC,naive,ACC,73,0.355085
5,DLS-ACC,naive,ACC,74,0.129779
5,DLS-ACC,naive,ACC,75,0.330976
5,DLS-ACC,naive,ACC,76,0.062673
5,DLS-ACC,naive,ACC,77,0.088694
5,DLS-ACC,naive,ACC,78,0.074545
5,DLS-ACC,naive,ACC,79,0.07128
5,DLS-ACC,naive,ACC,80,0.152888
5,DLS-ACC,naive,ACC,81,0.156221
5,DLS-ACC,naive,ACC,82,0.0
5,DLS-ACC,naive,ACC,83,1e-06
5,DLS-ACC,naive,ACC,84,0.136643
5,DLS-ACC,naive,ACC,85,0.588672
5,DLS-ACC,naive,ACC,86,0.0
5,DLS-ACC,naive,ACC,87,0.629221
5,DLS-ACC,naive,ACC,88,0.08011
5,DLS-ACC,naive,ACC,89,0.038436
5,DLS-ACC,naive,ACC,90,0.015723
5,DLS-ACC,naive,ACC,91,0.014549
5,DLS-ACC,naive,ACC,92,0.068325
5,DLS-ACC,naive,ACC,93,0.140064
5,DLS-ACC,naive,ACC,94,0.088472
5,DLS-ACC,naive,ACC,95,0.078354
5,DLS-ACC,naive,ACC,96,0.130099
5,DLS-ACC,naive,ACC,97,0.081479
5,DLS-ACC,naive,ACC,98,0.05742
5,DLS-ACC,naive,ACC,99,0.298854
5,DLS-ACC,naive,ACC,100,0.017614
5,DLS-ACC,naive,ACC,101,0.014251
5,DLS-ACC,naive,ACC,102,0.05678
5,DLS-ACC,naive,ACC,103,0.683732
5,DLS-ACC,naive,ACC,104,0.023652
5,DLS-ACC,naive,ACC,105,0.095784
5,DLS-ACC,naive,ACC,106,0.039013
5,DLS-ACC,naive,ACC,107,0.645285
5,DLS-ACC,naive,ACC,108,0.162519
5,DLS-ACC,naive,ACC,109,0.433661
5,DLS-ACC,naive,ACC,110,0.033717
5,DLS-ACC,naive,ACC,111,0.653916
5,DLS-ACC,naive,ACC,112,0.152529
5,DLS-ACC,naive,ACC,113,0.029659
5,DLS-ACC,naive,ACC,114,0.178347
5,DLS-ACC,naive,ACC,115,0.120354
5,DLS-ACC,naive,ACC,116,0.0
5,DLS-ACC,naive,ACC,117,0.045514
5,DLS-ACC,naive,ACC,118,0.403732
5,DLS-ACC,naive,ACC,119,0.131427
5,DLS-ACC,naive,ACC,120,0.357343
5,DLS-ACC,naive,ACC,121,0.049481
5,DLS-ACC,naive,ACC,122,0.265944
5,DLS-ACC,naive,ACC,123,0.109479
5,DLS-ACC,naive,ACC,124,0.123158
5,DLS-ACC,naive,ACC,125,0.083757
5,DLS-ACC,naive,ACC,126,0.049713
5,DLS-ACC,naive,ACC,127,0.052756
5,DLS-ACC,naive,ACC,128,0.081253
5,DLS-ACC,naive,ACC,129,0.082489
5,DLS-ACC,naive,ACC,130,0.222219
5,DLS-ACC,naive,ACC,131,0.001493
5,DLS-ACC,naive,ACC,132,0.26981
5,DLS-ACC,naive,ACC,133,0.042083
5,DLS-ACC,naive,ACC,134,0.0
5,DLS-ACC,naive,ACC,135,0.0
5,DLS-ACC,naive,ACC,136,0.016519
5,DLS-ACC,naive,ACC,137,0.682534
5,DLS-ACC,naive,ACC,138,0.66924
5,DLS-ACC,naive,ACC,139,0.681444
5,DLS-ACC,naive,ACC,140,0.077496
5,DLS-ACC,naive,ACC,141,0.129953
5,DLS-ACC,naive,ACC,142,0.062755
5,DLS-ACC,naive,ACC,143,0.165029
5,DLS-ACC,naive,ACC,144,0.006624
5,DLS-ACC,naive,ACC,145,0.631992
5,DLS-ACC,naive,ACC,146,0.535978
5,DLS-ACC,naive,ACC,147,0.048185
5,DLS-ACC,naive,ACC,148,0.447909
5,DLS-ACC,naive,ACC,149,0.004755
5,DLS-ACC,naive,ACC,150,0.021814
5,DLS-ACC,naive,ACC,151,0.009003
5,DLS-ACC,naive,ACC,152,0.059315
5,DLS-ACC,naive,ACC,153,0.07056
5,DLS-ACC,naive,ACC,154,0.065774
5,DLS-ACC,naive,ACC,155,0.636718
5,DLS-ACC,naive,ACC,156,0.141162
5,DLS-ACC,naive,ACC,157,0.37599
5,DLS-ACC,intermediate,DLS,0,0.064204
5,DLS-ACC,intermediate,DLS,1,0.129221
5,DLS-ACC,intermediate,DLS,2,0.175969
5,DLS-ACC,intermediate,DLS,3,0.170388
5,DLS-ACC,intermediate,DLS,4,0.555277
5,DLS-ACC,intermediate,DLS,5,0.013177
5,DLS-ACC,intermediate,DLS,6,0.191648
5,DLS-ACC,intermediate,DLS,7,0.119279
5,DLS-ACC,intermediate,DLS,8,0.077417
5,DLS-ACC,intermediate,DLS,9,0.008659
5,DLS-ACC,intermediate,DLS,10,0.037409
5,DLS-ACC,intermediate,DLS,11,0.091259
5,DLS-ACC,intermediate,DLS,12,0.212819
5,DLS-ACC,intermediate,DLS,13,0.165224
5,DLS-ACC,intermediate,DLS,14,0.0
5,DLS-ACC,intermediate,DLS,15,0.171187
5,DLS-ACC,intermediate,DLS,16,0.152717
5,DLS-ACC,intermediate,DLS,17,0.218449
5,DLS-ACC,intermediate,DLS,18,0.181067
5,DLS-ACC,intermediate,DLS,19,0.117099
5,DLS-ACC,intermediate,DLS,20,0.050712
5,DLS-ACC,intermediate,DLS,21,0.024182
5,DLS-ACC,intermediate,DLS,22,0.235559
5,DLS-ACC,intermediate,DLS,23,0.078568
5,DLS-ACC,intermediate,DLS,24,0.04677
5,DLS-ACC,intermediate,DLS,25,0.266059
5,DLS-ACC,intermediate,DLS,26,0.419201
5,DLS-ACC,intermediate,DLS,27,0.349933
5,DLS-ACC,intermediate,DLS,28,0.287386
5,DLS-ACC,intermediate,DLS,29,0.09765
5,DLS-ACC,intermediate,DLS,30,0.215652
5,DLS-ACC,intermediate,DLS,31,0.061945
5,DLS-ACC,intermediate,DLS,32,0.073134
5,DLS-ACC,intermediate,DLS,33,0.205996
5,DLS-ACC,intermediate,DLS,34,0.060525
5,DLS-ACC,intermediate,DLS,35,0.201169
5,DLS-ACC,intermediate,DLS,36,0.083148
5,DLS-ACC,intermediate,DLS,37,0.047155
5,DLS-ACC,intermediate,DLS,38,0.176584
5,DLS-ACC,intermediate,DLS,39,0.022306
5,DLS-ACC,intermediate,DLS,40,0.099872
5,DLS-ACC,intermediate,DLS,41,0.129379
5,DLS-ACC,intermediate,DLS,42,0.077023
5,DLS-ACC,intermediate,DLS,43,0.066257
5,DLS-ACC,intermediate,DLS,44,0.073792
5,DLS-ACC,intermediate,DLS,45,0.095633
5,DLS-ACC,intermediate,DLS,46,0.081734
5,DLS-ACC,intermediate,DLS,47,0.128098
5,DLS-ACC,intermediate,DLS,48,0.098938
5,DLS-ACC,intermediate,DLS,49,0.062583
5,DLS-ACC,intermediate,DLS,50,0.177156
5,DLS-ACC,intermediate,DLS,51,0.1187
5,DLS-ACC,intermediate,DLS,52,0.191544
5,DLS-ACC,intermediate,DLS,53,0.042758
5,DLS-ACC,intermediate,DLS,54,0.173914
5,DLS-ACC,intermediate,DLS,55,0.139471
5,DLS-ACC,intermediate,DLS,56,0.090234
5,DLS-ACC,intermediate,DLS,57,0.154994
5,DLS-ACC,intermediate,DLS,58,0.198864
5,DLS-ACC,intermediate,DLS,59,0.158654
5,DLS-ACC,intermediate,DLS,60,0.101827
5,DLS-ACC,intermediate,DLS,61,0.216435
5,DLS-ACC,intermediate,DLS,62,0.044733
5,DLS-ACC,intermediate,DLS,63,0.019452
5,DLS-ACC,intermediate,DLS,64,0.611959
5,DLS-ACC,intermediate,DLS,65,0.174654
5,DLS-ACC,intermediate,DLS,66,0.022411
5,DLS-ACC,intermediate,DLS,67,0.08826
5,DLS-ACC,intermediate,DLS,68,0.094829
5,DLS-ACC,intermediate,DLS,69,0.17457
5,DLS-ACC,intermediate,DLS,70,0.104092
5,DLS-ACC,intermediate,DLS,71,0.108144
5,DLS-ACC,intermediate,DLS,72,0.024491
5,DLS-ACC,intermediate,DLS,73,0.123674
5,DLS-ACC,intermediate,DLS,74,0.189579
5,DLS-ACC,intermediate,DLS,75,0.07223
5,DLS-ACC,intermediate,DLS,76,0.006418
5,DLS-ACC,intermediate,DLS,77,0.529314
5,DLS-ACC,intermediate,DLS,78,0.004211
5,DLS-ACC,intermediate,DLS,79,0.291063
5,DLS-ACC,intermediate,DLS,80,0.020415
5,DLS-ACC,intermediate,DLS,81,0.121559
5,DLS-ACC,intermediate,DLS,82,0.031952
5,DLS-ACC,intermediate,DLS,83,0.049806
5,DLS-ACC,intermediate,DLS,84,0.035032
5,DLS-ACC,intermediate,DLS,85,0.107878
5,DLS-ACC,intermediate,DLS,86,0.045081
5,DLS-ACC,intermediate,DLS,87,0.231316
5,DLS-ACC,intermediate,DLS,88,0.252227
5,DLS-ACC,intermediate,DLS,89,0.019368
5,DLS-ACC,intermediate,DLS,90,0.382762
5,DLS-ACC,intermediate,DLS,91,0.380661
5,DLS-ACC,intermediate,DLS,92,0.040308
5,DLS-ACC,intermediate,DLS,93,0.470843
5,DLS-ACC,intermediate,DLS,94,0.014112
5,DLS-ACC,intermediate,DLS,95,0.168902
5,DLS-ACC,intermediate,DLS,96,0.081935
5,DLS-ACC,intermediate,DLS,97,0.049369
5,DLS-ACC,intermediate,DLS,98,0.020424
5,DLS-ACC,intermediate,DLS,99,0.082325
5,DLS-ACC,intermediate,DLS,100,0.035099
5,DLS-ACC,intermediate,DLS,101,0.576291
5,DLS-ACC,intermediate,DLS,102,0.035943
5,DLS-ACC,intermediate,DLS,103,0.589981
5,DLS-ACC,intermediate,DLS,104,0.072805
5,DLS-ACC,intermediate,DLS,105,0.045216
5,DLS-ACC,intermediate,DLS,106,0.042905
5,DLS-ACC,intermediate,DLS,107,0.010697
5,DLS-ACC,intermediate,DLS,108,0.082111
5,DLS-ACC,intermediate,DLS,109,0.053215
5,DLS-ACC,intermediate,DLS,110,0.03308
5,DLS-ACC,intermediate,DLS,111,0.0
5,DLS-ACC,intermediate,DLS,112,0.21367
5,DLS-ACC,intermediate,DLS,113,0.047578
5,DLS-ACC,intermediate,DLS,114,0.168984
5,DLS-ACC,intermediate,DLS,115,0.200046
5,DLS-ACC,intermediate,DLS,116,0.180751
5,DLS-ACC,intermediate,DLS,117,0.056952
5,DLS-ACC,intermediate,DLS,118,0.028836
5,DLS-ACC,intermediate,DLS,119,0.056533
5,DLS-ACC,intermediate,DLS,120,0.024844
5,DLS-ACC,intermediate,DLS,121,0.233398
5,DLS-ACC,intermediate,DLS,122,0.048763
5,DLS-ACC,intermediate,DLS,123,0.019273
5,DLS-ACC,intermediate,DLS,124,0.012246
5,DLS-ACC,intermediate,DLS,125,0.152624
5,DLS-ACC,intermediate,DLS,126,0.463285
5,DLS-ACC,intermediate,DLS,127,0.029136
5,DLS-ACC,intermediate,DLS,128,0.046043
5,DLS-ACC,intermediate,DLS,129,0.0396
5,DLS-ACC,intermediate,DLS,130,0.218352
5,DLS-ACC,intermediate,DLS,131,0.273607
5,DLS-ACC,intermediate,DLS,132,0.092465
5,DLS-ACC,intermediate,DLS,133,0.06274
5,DLS-ACC,intermediate,DLS,134,0.260441
5,DLS-ACC,intermediate,DLS,135,0.227551
5,DLS-ACC,intermediate,DLS,136,0.367779
5,DLS-ACC,intermediate,DLS,137,0.0
5,DLS-ACC,intermediate,DLS,138,0.085517
5,DLS-ACC,intermediate,DLS,139,0.096588
5,DLS-ACC,intermediate,DLS,140,0.0
5,DLS-ACC,intermediate,DLS,141,0.0
5,DLS-ACC,intermediate,DLS,142,0.0
5,DLS-ACC,intermediate,DLS,143,0.038481
5,DLS-ACC,intermediate,DLS,144,0.0
5,DLS-ACC,intermediate,DLS,145,0.161035
5,DLS-ACC,intermediate,DLS,146,0.025363
5,DLS-ACC,intermediate,DLS,147,0.039159
5,DLS-ACC,intermediate,DLS,148,0.025576
5,DLS-ACC,intermediate,DLS,149,0.154168
5,DLS-ACC,intermediate,DLS,150,0.084858
5,DLS-ACC,intermediate,DLS,151,0.04209
5,DLS-ACC,intermediate,DLS,152,0.066116
5,DLS-ACC,intermediate,DLS,153,0.091402
5,DLS-ACC,intermediate,DLS,154,0.092896
5,DLS-ACC,intermediate,DLS,155,0.079556
5,DLS-ACC,intermediate,DLS,156,0.100958
5,DLS-ACC,intermediate,DLS,157,0.017979
5,DLS-ACC,intermediate,DLS,158,0.073144
5,DLS-ACC,intermediate,DLS,159,0.040427
5,DLS-ACC,intermediate,DLS,160,0.0
5,DLS-ACC,intermediate,DLS,161,0.079565
5,DLS-ACC,intermediate,DLS,162,0.304349
5,DLS-ACC,intermediate,DLS,163,0.287281
5,DLS-ACC,intermediate,DLS,164,0.058044
5,DLS-ACC,intermediate,DLS,165,0.15073
5,DLS-ACC,intermediate,DLS,166,0.136918
5,DLS-ACC,intermediate,DLS,167,0.062212
5,DLS-ACC,intermediate,DLS,168,0.07163
5,DLS-ACC,intermediate,DLS,169,0.475383
5,DLS-ACC,intermediate,DLS,170,0.066406
5,DLS-ACC,intermediate,DLS,171,0.019889
5,DLS-ACC,intermediate,DLS,172,0.071159
5,DLS-ACC,intermediate,DLS,173,0.417634
5,DLS-ACC,intermediate,DLS,174,0.10252
5,DLS-ACC,intermediate,DLS,175,0.123109
5,DLS-ACC,intermediate,DLS,176,0.092951
5,DLS-ACC,intermediate,DLS,177,0.180369
5,DLS-ACC,intermediate,DLS,178,0.342907
5,DLS-ACC,intermediate,DLS,179,0.226097
5,DLS-ACC,intermediate,DLS,180,0.196392
5,DLS-ACC,intermediate,DLS,181,0.087691
5,DLS-ACC,intermediate,DLS,182,0.037534
5,DLS-ACC,intermediate,DLS,183,0.016111
5,DLS-ACC,intermediate,DLS,184,0.199251
5,DLS-ACC,intermediate,DLS,185,0.016878
5,DLS-ACC,intermediate,DLS,186,0.344111
5,DLS-ACC,intermediate,DLS,187,0.0
5,DLS-ACC,intermediate,DLS,188,0.265629
5,DLS-ACC,intermediate,DLS,189,0.061787
5,DLS-ACC,intermediate,DLS,190,0.0
5,DLS-ACC,intermediate,DLS,191,0.069779
5,DLS-ACC,intermediate,DLS,192,0.113028
5,DLS-ACC,intermediate,DLS,193,0.282899
5,DLS-ACC,intermediate,DLS,194,0.005995
5,DLS-ACC,intermediate,DLS,195,0.101066
5,DLS-ACC,intermediate,DLS,196,0.35996
5,DLS-ACC,intermediate,DLS,197,0.111104
5,DLS-ACC,intermediate,DLS,198,0.181545
5,DLS-ACC,intermediate,DLS,199,0.040878
5,DLS-ACC,intermediate,DLS,200,0.043445
5,DLS-ACC,intermediate,DLS,201,0.045208
5,DLS-ACC,intermediate,DLS,202,0.104601
5,DLS-ACC,intermediate,DLS,203,0.431725
5,DLS-ACC,intermediate,DLS,204,0.026113
5,DLS-ACC,intermediate,DLS,205,0.0427
5,DLS-ACC,intermediate,DLS,206,0.191732
5,DLS-ACC,intermediate,DLS,207,0.033405
5,DLS-ACC,intermediate,DLS,208,0.059187
5,DLS-ACC,intermediate,DLS,209,0.355672
5,DLS-ACC,intermediate,DLS,210,0.005552
5,DLS-ACC,intermediate,DLS,211,0.099792
5,DLS-ACC,intermediate,DLS,212,0.045307
5,DLS-ACC,intermediate,DLS,213,0.084669
5,DLS-ACC,intermediate,DLS,214,0.134965
5,DLS-ACC,intermediate,DLS,215,0.038694
5,DLS-ACC,intermediate,DLS,216,0.543319
5,DLS-ACC,intermediate,DLS,217,0.232171
5,DLS-ACC,intermediate,DLS,218,0.15942
5,DLS-ACC,intermediate,DLS,219,0.032653
5,DLS-ACC,intermediate,DLS,220,0.046181
5,DLS-ACC,intermediate,DLS,221,0.129158
5,DLS-ACC,intermediate,DLS,222,0.148307
5,DLS-ACC,intermediate,DLS,223,0.268486
5,DLS-ACC,intermediate,DLS,224,0.119149
5,DLS-ACC,intermediate,DLS,225,0.0187
5,DLS-ACC,intermediate,ACC,0,0.146383
5,DLS-ACC,intermediate,ACC,1,0.043081
5,DLS-ACC,intermediate,ACC,2,0.13671
5,DLS-ACC,intermediate,ACC,3,0.081333
5,DLS-ACC,intermediate,ACC,4,0.646443
5,DLS-ACC,intermediate,ACC,5,0.108387
5,DLS-ACC,intermediate,ACC,6,0.073792
5,DLS-ACC,intermediate,ACC,7,0.0941
5,DLS-ACC,intermediate,ACC,8,0.102886
5,DLS-ACC,intermediate,ACC,9,0.148896
5,DLS-ACC,intermediate,ACC,10,0.650171
5,DLS-ACC,intermediate,ACC,11,0.121215
5,DLS-ACC,intermediate,ACC,12,0.101126
5,DLS-ACC,intermediate,ACC,13,0.075113
5,DLS-ACC,intermediate,ACC,14,0.060184
5,DLS-ACC,intermediate,ACC,15,0.617942
5,DLS-ACC,intermediate,ACC,16,0.178357
5,DLS-ACC,intermediate,ACC,17,0.188439
5,DLS-ACC,intermediate,ACC,18,0.067596
5,DLS-ACC,intermediate,ACC,19,0.0
5,DLS-ACC,intermediate,ACC,20,0.041703
5,DLS-ACC,intermediate,ACC,21,0.080781
5,DLS-ACC,intermediate,ACC,22,0.490524
5,DLS-ACC,intermediate,ACC,23,0.124681
5,DLS-ACC,intermediate,ACC,24,0.12634
5,DLS-ACC,intermediate,ACC,25,0.162994
5,DLS-ACC,intermediate,ACC,26,0.180923
5,DLS-ACC,intermediate,ACC,27,0.204328
5,DLS-ACC,intermediate,ACC,28,0.025628
5,DLS-ACC,intermediate,ACC,29,0.160358
5,DLS-ACC,intermediate,ACC,30,0.02894
5,DLS-ACC,intermediate,ACC,31,0.045316
5,DLS-ACC,intermediate,ACC,32,0.209459
5,DLS-ACC,intermediate,ACC,33,0.684551
5,DLS-ACC,intermediate,ACC,34,0.095982
5,DLS-ACC,intermediate,ACC,35,0.671376
5,DLS-ACC,intermediate,ACC,36,0.600995
5,DLS-ACC,intermediate,ACC,37,0.050637
5,DLS-ACC,intermediate,ACC,38,0.062811
5,DLS-ACC,intermediate,ACC,39,0.087875
5,DLS-ACC,intermediate,ACC,40,0.18283
5,DLS-ACC,intermediate,ACC,41,0.194774
5,DLS-ACC,intermediate,ACC,42,0.03472
5,DLS-ACC,intermediate,ACC,43,0.158414
5,DLS-ACC,intermediate,ACC,44,0.088092
5,DLS-ACC,intermediate,ACC,45,0.147354
5,DLS-ACC,intermediate,ACC,46,0.104973
5,DLS-ACC,intermediate,ACC,47,0.126576
5,DLS-ACC,intermediate,ACC,48,0.117769
5,DLS-ACC,intermediate,ACC,49,0.267018
5,DLS-ACC,intermediate,ACC,50,0.047726
5,DLS-ACC,intermediate,ACC,51,0.260704
5,DLS-ACC,intermediate,ACC,52,0.220904
5,DLS-ACC,intermediate,ACC,53,0.345067
5,DLS-ACC,intermediate,ACC,54,0.381314
5,DLS-ACC,intermediate,ACC,55,0.129925
5,DLS-ACC,intermediate,ACC,56,0.188454
5,DLS-ACC,intermediate,ACC,57,0.028407
5,DLS-ACC,intermediate,ACC,58,0.689235
5,DLS-ACC,intermediate,ACC,59,0.060829
5,DLS-ACC,intermediate,ACC,60,0.113261
5,DLS-ACC,intermediate,ACC,61,0.428804
5,DLS-ACC,intermediate,ACC,62,0.400123
5,DLS-ACC,intermediate,ACC,63,0.130226
5,DLS-ACC,intermediate,ACC,64,0.100402
5,DLS-ACC,intermediate,ACC,65,0.104088
5,DLS-ACC,intermediate,ACC,66,0.275586
5,DLS-ACC,intermediate,ACC,67,0.227387
5,DLS-ACC,intermediate,ACC,68,0.368265
5,DLS-ACC,intermediate,ACC,69,0.127322
5,DLS-ACC,intermediate,ACC,70,0.113846
5,DLS-ACC,intermediate,ACC,71,0.056791
5,DLS-ACC,intermediate,ACC,72,0.066106
5,DLS-ACC,intermediate,ACC,73,0.148615
5,DLS-ACC,intermediate,ACC,74,0.118222
5,DLS-ACC,intermediate,ACC,75,0.157051
5,DLS-ACC,intermediate,ACC,76,0.025466
5,DLS-ACC,intermediate,ACC,77,0.031715
5,DLS-ACC,intermediate,ACC,78,0.102365
5,DLS-ACC,intermediate,ACC,79,0.05769
5,DLS-ACC,intermediate,ACC,80,0.034918
5,DLS-ACC,intermediate,ACC,81,0.115688
5,DLS-ACC,intermediate,ACC,82,0.016768
5,DLS-ACC,intermediate,ACC,83,0.0
5,DLS-ACC,intermediate,ACC,84,0.088577
5,DLS-ACC,intermediate,ACC,85,0.623629
5,DLS-ACC,intermediate,ACC,86,0.385992
5,DLS-ACC,intermediate,ACC,87,0.009754
5,DLS-ACC,intermediate,ACC,88,0.037787
5,DLS-ACC,intermediate,ACC,89,0.093946
5,DLS-ACC,intermediate,ACC,90,0.633061
5,DLS-ACC,intermediate,ACC,91,0.67343
5,DLS-ACC,intermediate,ACC,92,0.130403
5,DLS-ACC,intermediate,ACC,93,0.021737
5,DLS-ACC,intermediate,ACC,94,0.027419
5,DLS-ACC,intermediate,ACC,95,0.022587
5,DLS-ACC,intermediate,ACC,96,0.032277
5,DLS-ACC,intermediate,ACC,97,0.030809
5,DLS-ACC,intermediate,ACC,98,0.0
5,DLS-ACC,intermediate,ACC,99,0.01493
5,DLS-ACC,intermediate,ACC,100,0.03573
5,DLS-ACC,intermediate,ACC,101,0.264441
5,DLS-ACC,intermediate,ACC,102,0.126407
5,DLS-ACC,intermediate,ACC,103,0.015461
5,DLS-ACC,intermediate,ACC,104,0.575147
5,DLS-ACC,intermediate,ACC,105,0.053412
5,DLS-ACC,intermediate,ACC,106,0.106131
5,DLS-ACC,intermediate,ACC,107,0.52828
5,DLS-ACC,intermediate,ACC,108,0.17283
5,DLS-ACC,intermediate,ACC,109,0.100268
5,DLS-ACC,intermediate,ACC,110,0.040639
5,DLS-ACC,intermediate,ACC,111,0.091299
5,DLS-ACC,intermediate,ACC,112,0.594462
5,DLS-ACC,intermediate,ACC,113,0.552441
5,DLS-ACC,intermediate,ACC,114,0.097367
5,DLS-ACC,intermediate,ACC,115,0.110537
5,DLS-ACC,intermediate,ACC,116,0.0
5,DLS-ACC,intermediate,ACC,117,0.007603
5,DLS-ACC,intermediate,ACC,118,0.585906
5,DLS-ACC,intermediate,ACC,119,0.113577
5,DLS-ACC,intermediate,ACC,120,0.158902
5,DLS-ACC,intermediate,ACC,121,0.048775
5,DLS-ACC,intermediate,ACC,122,0.091682
5,DLS-ACC,intermediate,ACC,123,0.185072
5,DLS-ACC,intermediate,ACC,124,0.123145
5,DLS-ACC,intermediate,ACC,125,0.11611
5,DLS-ACC,intermediate,ACC,126,0.063281
5,DLS-ACC,intermediate,ACC,127,0.0838
5,DLS-ACC,intermediate,ACC,128,0.04987
5,DLS-ACC,intermediate,ACC,129,0.050839
5,DLS-ACC,intermediate,ACC,130,0.094131
5,DLS-ACC,intermediate,ACC,131,0.013758
5,DLS-ACC,intermediate,ACC,132,0.090139
5,DLS-ACC,intermediate,ACC,133,0.323691
5,DLS-ACC,intermediate,ACC,134,0.0
5,DLS-ACC,intermediate,ACC,135,0.0
5,DLS-ACC,intermediate,ACC,136,0.67829
5,DLS-ACC,intermediate,ACC,137,0.219167
5,DLS-ACC,intermediate,ACC,138,0.052044
5,DLS-ACC,intermediate,ACC,139,0.150714
5,DLS-ACC,intermediate,ACC,140,0.042129
5,DLS-ACC,intermediate,ACC,141,0.052822
5,DLS-ACC,intermediate,ACC,142,0.198137
5,DLS-ACC,intermediate,ACC,143,0.225096
5,DLS-ACC,intermediate,ACC,144,0.364236
5,DLS-ACC,intermediate,ACC,145,0.054459
5,DLS-ACC,intermediate,ACC,146,0.015519
5,DLS-ACC,intermediate,ACC,147,0.660921
5,DLS-ACC,intermediate,ACC,148,0.061259
5,DLS-ACC,intermediate,ACC,149,0.200708
5,DLS-ACC,intermediate,ACC,150,0.372332
5,DLS-ACC,intermediate,ACC,151,0.209782
5,DLS-ACC,intermediate,ACC,152,0.176573
5,DLS-ACC,intermediate,ACC,153,0.049105
5,DLS-ACC,intermediate,ACC,154,0.035501
5,DLS-ACC,intermediate,ACC,155,0.022573
5,DLS-ACC,intermediate,ACC,156,0.514127
5,DLS-ACC,intermediate,ACC,157,0.209824
5,DLS-ACC,expert,DLS,0,0.076749
5,DLS-ACC,expert,DLS,1,0.069048
5,DLS-ACC,expert,DLS,2,0.073417
5,DLS-ACC,expert,DLS,3,0.146643
5,DLS-ACC,expert,DLS,4,0.138851
5,DLS-ACC,expert,DLS,5,0.025471
5,DLS-ACC,expert,DLS,6,0.123284
5,DLS-ACC,expert,DLS,7,0.107741
5,DLS-ACC,expert,DLS,8,0.112121
5,DLS-ACC,expert,DLS,9,0.012041
5,DLS-ACC,expert,DLS,10,0.1055
5,DLS-ACC,expert,DLS,11,0.118658
5,DLS-ACC,expert,DLS,12,0.220617
5,DLS-ACC,expert,DLS,13,0.171643
5,DLS-ACC,expert,DLS,14,0.0
5,DLS-ACC,expert,DLS,15,0.200957
5,DLS-ACC,expert,DLS,16,0.050531
5,DLS-ACC,expert,DLS,17,0.159094
5,DLS-ACC,expert,DLS,18,0.079272
5,DLS-ACC,expert,DLS,19,0.098656
5,DLS-ACC,expert,DLS,20,0.037599
5,DLS-ACC,expert,DLS,21,0.192016
5,DLS-ACC,expert,DLS,22,0.189441
5,DLS-ACC,expert,DLS,23,0.032233
5,DLS-ACC,expert,DLS,24,0.0
5,DLS-ACC,expert,DLS,25,0.232311
5,DLS-ACC,expert,DLS,26,0.025703
5,DLS-ACC,expert,DLS,27,0.083262
5,DLS-ACC,expert,DLS,28,0.231752
5,DLS-ACC,expert,DLS,29,0.356912
5,DLS-ACC,expert,DLS,30,0.171266
5,DLS-ACC,expert,DLS,31,0.033255
5,DLS-ACC,expert,DLS,32,0.108634
5,DLS-ACC,expert,DLS,33,0.167074
5,DLS-ACC,expert,DLS,34,0.055188
5,DLS-ACC,expert,DLS,35,0.150376
5,DLS-ACC,expert,DLS,36,0.328029
5,DLS-ACC,expert,DLS,37,0.243373
5,DLS-ACC,expert,DLS,38,0.044568
5,DLS-ACC,expert,DLS,39,0.013343
5,DLS-ACC,expert,DLS,40,0.136736
5,DLS-ACC,expert,DLS,41,0.148941
5,DLS-ACC,expert,DLS,42,0.081106
5,DLS-ACC,expert,DLS,43,0.079895
5,DLS-ACC,expert,DLS,44,0.565415
5,DLS-ACC,expert,DLS,45,0.048265
5,DLS-ACC,expert,DLS,46,0.107398
5,DLS-ACC,expert,DLS,47,0.150508
5,DLS-ACC,expert,DLS,48,0.08858
5,DLS-ACC,expert,DLS,49,0.101315
5,DLS-ACC,expert,DLS,50,0.135913
5,DLS-ACC,expert,DLS,51,0.146143
5,DLS-ACC,expert,DLS,52,0.197645
5,DLS-ACC,expert,DLS,53,0.079269
5,DLS-ACC,expert,DLS,54,0.122551
5,DLS-ACC,expert,DLS,55,0.168189
5,DLS-ACC,expert,DLS,56,0.08519
5,DLS-ACC,expert,DLS,57,0.132163
5,DLS-ACC,expert,DLS,58,0.182864
5,DLS-ACC,expert,DLS,59,0.164326
5,DLS-ACC,expert,DLS,60,0.097694
5,DLS-ACC,expert,DLS,61,0.093344
5,DLS-ACC,expert,DLS,62,0.037058
5,DLS-ACC,expert,DLS,63,0.069801
5,DLS-ACC,expert,DLS,64,0.015395
5,DLS-ACC,expert,DLS,65,0.154994
5,DLS-ACC,expert,DLS,66,0.186139
5,DLS-ACC,expert,DLS,67,0.14554
5,DLS-ACC,expert,DLS,68,0.15314
5,DLS-ACC,expert,DLS,69,0.024241
5,DLS-ACC,expert,DLS,70,0.069124
5,DLS-ACC,expert,DLS,71,0.026523
5,DLS-ACC,expert,DLS,72,0.060032
5,DLS-ACC,expert,DLS,73,0.143562
5,DLS-ACC,expert,DLS,74,0.134696
5,DLS-ACC,expert,DLS,75,0.065055
5,DLS-ACC,expert,DLS,76,0.019162
5,DLS-ACC,expert,DLS,77,0.621818
5,DLS-ACC,expert,DLS,78,0.012746
5,DLS-ACC,expert,DLS,79,0.133295
5,DLS-ACC,expert,DLS,80,0.049735
5,DLS-ACC,expert,DLS,81,0.139408
5,DLS-ACC,expert,DLS,82,0.046164
5,DLS-ACC,expert,DLS,83,0.092422
5,DLS-ACC,expert,DLS,84,0.025909
5,DLS-ACC,expert,DLS,85,0.087397
5,DLS-ACC,expert,DLS,86,0.086037
5,DLS-ACC,expert,DLS,87,0.448893
5,DLS-ACC,expert,DLS,88,0.10426
5,DLS-ACC,expert,DLS,89,0.023855
5,DLS-ACC,expert,DLS,90,0.403617
5,DLS-ACC,expert,DLS,91,0.403897
5,DLS-ACC,expert,DLS,92,0.132793
5,DLS-ACC,expert,DLS,93,0.136268
5,DLS-ACC,expert,DLS,94,0.109226
5,DLS-ACC,expert,DLS,95,0.143558
5,DLS-ACC,expert,DLS,96,0.565322
5,DLS-ACC,expert,DLS,97,0.045532
5,DLS-ACC,expert,DLS,98,0.214611
5,DLS-ACC,expert,DLS,99,0.103228
5,DLS-ACC,expert,DLS,100,0.146672
5,DLS-ACC,expert,DLS,101,0.153525
5,DLS-ACC,expert,DLS,102,0.36247
5,DLS-ACC,expert,DLS,103,0.238906
5,DLS-ACC,expert,DLS,104,0.089257
5,DLS-ACC,expert,DLS,105,0.214535
5,DLS-ACC,expert,DLS,106,0.051274
5,DLS-ACC,expert,DLS,107,0.045254
5,DLS-ACC,expert,DLS,108,0.045809
5,DLS-ACC,expert,DLS,109,0.015045
5,DLS-ACC,expert,DLS,110,0.525602
5,DLS-ACC,expert,DLS,111,0.0
5,DLS-ACC,expert,DLS,112,0.146598
5,DLS-ACC,expert,DLS,113,0.134977
5,DLS-ACC,expert,DLS,114,0.133122
5,DLS-ACC,expert,DLS,115,0.166939
5,DLS-ACC,expert,DLS,116,0.038407
5,DLS-ACC,expert,DLS,117,0.144823
5,DLS-ACC,expert,DLS,118,0.029284
5,DLS-ACC,expert,DLS,119,0.066632
5,DLS-ACC,expert,DLS,120,0.0
5,DLS-ACC,expert,DLS,121,0.197248
5,DLS-ACC,expert,DLS,122,0.007638
5,DLS-ACC,expert,DLS,123,0.026136
5,DLS-ACC,expert,DLS,124,0.016713
5,DLS-ACC,expert,DLS,125,0.00452
5,DLS-ACC,expert,DLS,126,0.00022
5,DLS-ACC,expert,DLS,127,0.287328
5,DLS-ACC,expert,DLS,128,0.093552
5,DLS-ACC,expert,DLS,129,0.469107
5,DLS-ACC,expert,DLS,130,0.327547
5,DLS-ACC,expert,DLS,131,0.015062
5,DLS-ACC,expert,DLS,132,0.035419
5,DLS-ACC,expert,DLS,133,0.112161
5,DLS-ACC,expert,DLS,134,0.229983
5,DLS-ACC,expert,DLS,135,0.217313
5,DLS-ACC,expert,DLS,136,0.018806
5,DLS-ACC,expert,DLS,137,0.0
5,DLS-ACC,expert,DLS,138,0.26405
5,DLS-ACC,expert,DLS,139,0.611855
5,DLS-ACC,expert,DLS,140,0.0
5,DLS-ACC,expert,DLS,141,0.0
5,DLS-ACC,expert,DLS,142,0.0
5,DLS-ACC,expert,DLS,143,0.029502
5,DLS-ACC,expert,DLS,144,0.033002
5,DLS-ACC,expert,DLS,145,0.106394
5,DLS-ACC,expert,DLS,146,0.027877
5,DLS-ACC,expert,DLS,147,0.087904
5,DLS-ACC,expert,DLS,148,0.041608
5,DLS-ACC,expert,DLS,149,0.088628
5,DLS-ACC,expert,DLS,150,0.01817
5,DLS-ACC,expert,DLS,151,0.608095
5,DLS-ACC,expert,DLS,152,0.055128
5,DLS-ACC,expert,DLS,153,0.022847
5,DLS-ACC,expert,DLS,154,0.112084
5,DLS-ACC,expert,DLS,155,0.421393
5,DLS-ACC,expert,DLS,156,0.061226
5,DLS-ACC,expert,DLS,157,0.091095
5,DLS-ACC,expert,DLS,158,0.111341
5,DLS-ACC,expert,DLS,159,0.096926
5,DLS-ACC,expert,DLS,160,0.041604
5,DLS-ACC,expert,DLS,161,0.083743
5,DLS-ACC,expert,DLS,162,0.0
5,DLS-ACC,expert,DLS,163,0.0
5,DLS-ACC,expert,DLS,164,0.052828
5,DLS-ACC,expert,DLS,165,0.0
5,DLS-ACC,expert,DLS,166,0.0
5,DLS-ACC,expert,DLS,167,0.089418
5,DLS-ACC,expert,DLS,168,0.03353
5,DLS-ACC,expert,DLS,169,0.070175
5,DLS-ACC,expert,DLS,170,0.146284
5,DLS-ACC,expert,DLS,171,0.018799
5,DLS-ACC,expert,DLS,172,0.089489
5,DLS-ACC,expert,DLS,173,0.653596
5,DLS-ACC,expert,DLS,174,0.072858
5,DLS-ACC,expert,DLS,175,0.012237
5,DLS-ACC,expert,DLS,176,0.0
5,DLS-ACC,expert,DLS,177,0.223346
5,DLS-ACC,expert,DLS,178,0.12023
5,DLS-ACC,expert,DLS,179,0.234492
5,DLS-ACC,expert,DLS,180,0.621793
5,DLS-ACC,expert,DLS,181,0.084058
5,DLS-ACC,expert,DLS,182,0.028588
5,DLS-ACC,expert,DLS,183,0.057247
5,DLS-ACC,expert,DLS,184,0.087
5,DLS-ACC,expert,DLS,185,0.023331
5,DLS-ACC,expert,DLS,186,0.0
5,DLS-ACC,expert,DLS,187,0.16141
5,DLS-ACC,expert,DLS,188,0.0
5,DLS-ACC,expert,DLS,189,0.0
5,DLS-ACC,expert,DLS,190,0.0
5,DLS-ACC,expert,DLS,191,0.534504
5,DLS-ACC,expert,DLS,192,0.032411
5,DLS-ACC,expert,DLS,193,0.022625
5,DLS-ACC,expert,DLS,194,0.040417
5,DLS-ACC,expert,DLS,195,0.097561
5,DLS-ACC,expert,DLS,196,0.092099
5,DLS-ACC,expert,DLS,197,0.130584
5,DLS-ACC,expert,DLS,198,0.095301
5,DLS-ACC,expert,DLS,199,0.104916
5,DLS-ACC,expert,DLS,200,0.044943
5,DLS-ACC,expert,DLS,201,0.557176
5,DLS-ACC,expert,DLS,202,0.110649
5,DLS-ACC,expert,DLS,203,0.228772
5,DLS-ACC,expert,DLS,204,0.200885
5,DLS-ACC,expert,DLS,205,0.029729
5,DLS-ACC,expert,DLS,206,0.161263
5,DLS-ACC,expert,DLS,207,0.025689
5,DLS-ACC,expert,DLS,208,0.072165
5,DLS-ACC,expert,DLS,209,0.243944
5,DLS-ACC,expert,DLS,210,0.083294
5,DLS-ACC,expert,DLS,211,0.089025
5,DLS-ACC,expert,DLS,212,0.094204
5,DLS-ACC,expert,DLS,213,0.062526
5,DLS-ACC,expert,DLS,214,0.181203
5,DLS-ACC,expert,DLS,215,0.010831
5,DLS-ACC,expert,DLS,216,0.094932
5,DLS-ACC,expert,DLS,217,0.475857
5,DLS-ACC,expert,DLS,218,0.202491
5,DLS-ACC,expert,DLS,219,0.132318
5,DLS-ACC,expert,DLS,220,0.635137
5,DLS-ACC,expert,DLS,221,0.129228
5,DLS-ACC,expert,DLS,222,0.028343
5,DLS-ACC,expert,DLS,223,0.180869
5,DLS-ACC,expert,DLS,224,0.083243
5,DLS-ACC,expert,DLS,225,0.158859
5,DLS-ACC,expert,ACC,0,0.071354
5,DLS-ACC,expert,ACC,1,0.079406
5,DLS-ACC,expert,ACC,2,0.111634
5,DLS-ACC,expert,ACC,3,0.159116
5,DLS-ACC,expert,ACC,4,0.138061
5,DLS-ACC,expert,ACC,5,0.074558
5,DLS-ACC,expert,ACC,6,0.058018
5,DLS-ACC,expert,ACC,7,0.083616
5,DLS-ACC,expert,ACC,8,0.121664
5,DLS-ACC,expert,ACC,9,0.047142
5,DLS-ACC,expert,ACC,10,0.240792
5,DLS-ACC,expert,ACC,11,0.095299
5,DLS-ACC,expert,ACC,12,0.076954
5,DLS-ACC,expert,ACC,13,0.09731
5,DLS-ACC,expert,ACC,14,0.048198
5,DLS-ACC,expert,ACC,15,0.062411
5,DLS-ACC,expert,ACC,16,0.091896
5,DLS-ACC,expert,ACC,17,0.129158
5,DLS-ACC,expert,ACC,18,0.077425
5,DLS-ACC,expert,ACC,19,0.008945
5,DLS-ACC,expert,ACC,20,0.088412
5,DLS-ACC,expert,ACC,21,0.079546
5,DLS-ACC,expert,ACC,22,0.063677
5,DLS-ACC,expert,ACC,23,0.108595
5,DLS-ACC,expert,ACC,24,0.038959
5,DLS-ACC,expert,ACC,25,0.105303
5,DLS-ACC,expert,ACC,26,0.118672
5,DLS-ACC,expert,ACC,27,0.233324
5,DLS-ACC,expert,ACC,28,0.022465
5,DLS-ACC,expert,ACC,29,0.110443
5,DLS-ACC,expert,ACC,30,0.068649
5,DLS-ACC,expert,ACC,31,0.587217
5,DLS-ACC,expert,ACC,32,0.14648
5,DLS-ACC,expert,ACC,33,0.045548
5,DLS-ACC,expert,ACC,34,0.087747
5,DLS-ACC,expert,ACC,35,0.12289
5,DLS-ACC,expert,ACC,36,0.100027
5,DLS-ACC,expert,ACC,37,0.107825
5,DLS-ACC,expert,ACC,38,0.149552
5,DLS-ACC,expert,ACC,39,0.072083
5,DLS-ACC,expert,ACC,40,0.110839
5,DLS-ACC,expert,ACC,41,0.060825
5,DLS-ACC,expert,ACC,42,0.237973
5,DLS-ACC,expert,ACC,43,0.143516
5,DLS-ACC,expert,ACC,44,0.09354
5,DLS-ACC,expert,ACC,45,0.140645
5,DLS-ACC,expert,ACC,46,0.072713
5,DLS-ACC,expert,ACC,47,0.094222
5,DLS-ACC,expert,ACC,48,0.086252
5,DLS-ACC,expert,ACC,49,0.544989
5,DLS-ACC,expert,ACC,50,0.106353
5,DLS-ACC,expert,ACC,51,0.120072
5,DLS-ACC,expert,ACC,52,0.177876
5,DLS-ACC,expert,ACC,53,0.121198
5,DLS-ACC,expert,ACC,54,0.200934
5,DLS-ACC,expert,ACC,55,0.109085
5,DLS-ACC,expert,ACC,56,0.100544
5,DLS-ACC,expert,ACC,57,0.035686
5,DLS-ACC,expert,ACC,58,0.138683
5,DLS-ACC,expert,ACC,59,0.075863
5,DLS-ACC,expert,ACC,60,0.384946
5,DLS-ACC,expert,ACC,61,0.402111
5,DLS-ACC,expert,ACC,62,0.250951
5,DLS-ACC,expert,ACC,63,0.074493
5,DLS-ACC,expert,ACC,64,0.087698
5,DLS-ACC,expert,ACC,65,0.371291
5,DLS-ACC,expert,ACC,66,0.127348
5,DLS-ACC,expert,ACC,67,0.273502
5,DLS-ACC,expert,ACC,68,0.086644
5,DLS-ACC,expert,ACC,69,0.098894
5,DLS-ACC,expert,ACC,70,0.111496
5,DLS-ACC,expert,ACC,71,0.057436
5,DLS-ACC,expert,ACC,72,0.566081
5,DLS-ACC,expert,ACC,73,0.42179
5,DLS-ACC,expert,ACC,74,0.095753
5,DLS-ACC,expert,ACC,75,0.466761
5,DLS-ACC,expert,ACC,76,0.151478
5,DLS-ACC,expert,ACC,77,0.512318
5,DLS-ACC,expert,ACC,78,0.523961
5,DLS-ACC,expert,ACC,79,0.026103
5,DLS-ACC,expert,ACC,80,0.160091
5,DLS-ACC,expert,ACC,81,0.180872
5,DLS-ACC,expert,ACC,82,0.060913
5,DLS-ACC,expert,ACC,83,0.059223
5,DLS-ACC,expert,ACC,84,0.452852
5,DLS-ACC,expert,ACC,85,0.0
5,DLS-ACC,expert,ACC,86,0.111962
5,DLS-ACC,expert,ACC,87,0.368957
5,DLS-ACC,expert,ACC,88,0.562452
5,DLS-ACC,expert,ACC,89,0.037788
5,DLS-ACC,expert,ACC,90,0.441422
5,DLS-ACC,expert,ACC,91,0.089059
5,DLS-ACC,expert,ACC,92,0.049664
5,DLS-ACC,expert,ACC,93,0.027328
5,DLS-ACC,expert,ACC,94,0.06563
5,DLS-ACC,expert,ACC,95,0.039564
5,DLS-ACC,expert,ACC,96,0.091791
5,DLS-ACC,expert,ACC,97,0.037436
5,DLS-ACC,expert,ACC,98,0.0
5,DLS-ACC,expert,ACC,99,0.023159
5,DLS-ACC,expert,ACC,100,0.0
5,DLS-ACC,expert,ACC,101,0.317668
5,DLS-ACC,expert,ACC,102,0.049321
5,DLS-ACC,expert,ACC,103,0.010163
5,DLS-ACC,expert,ACC,104,0.092848
5,DLS-ACC,expert,ACC,105,0.036324
5,DLS-ACC,expert,ACC,106,0.074835
5,DLS-ACC,expert,ACC,107,0.562845
5,DLS-ACC,expert,ACC,108,0.112097
5,DLS-ACC,expert,ACC,109,0.595437
5,DLS-ACC,expert,ACC,110,0.62316
5,DLS-ACC,expert,ACC,111,0.644352
5,DLS-ACC,expert,ACC,112,0.048147
5,DLS-ACC,expert,ACC,113,0.049193
5,DLS-ACC,expert,ACC,114,0.121228
5,DLS-ACC,expert,ACC,115,0.219673
5,DLS-ACC,expert,ACC,116,0.0
5,DLS-ACC,expert,ACC,117,0.011881
5,DLS-ACC,expert,ACC,118,0.162663
5,DLS-ACC,expert,ACC,119,0.05997
5,DLS-ACC,expert,ACC,120,0.086618
5,DLS-ACC,expert,ACC,121,0.050515
5,DLS-ACC,expert,ACC,122,0.068449
5,DLS-ACC,expert,ACC,123,0.232014
5,DLS-ACC,expert,ACC,124,0.140868
5,DLS-ACC,expert,ACC,125,0.152752
5,DLS-ACC,expert,ACC,126,0.575138
5,DLS-ACC,expert,ACC,127,0.11012
5,DLS-ACC,expert,ACC,128,0.211511
5,DLS-ACC,expert,ACC,129,0.248195
5,DLS-ACC,expert,ACC,130,0.140114
5,DLS-ACC,expert,ACC,131,0.007864
5,DLS-ACC,expert,ACC,132,0.569228
5,DLS-ACC,expert,ACC,133,0.125431
5,DLS-ACC,expert,ACC,134,0.027876
5,DLS-ACC,expert,ACC,135,0.121724
5,DLS-ACC,expert,ACC,136,0.024536
5,DLS-ACC,expert,ACC,137,0.031206
5,DLS-ACC,expert,ACC,138,0.083508
5,DLS-ACC,expert,ACC,139,0.031119
5,DLS-ACC,expert,ACC,140,0.037692
5,DLS-ACC,expert,ACC,141,0.076792
5,DLS-ACC,expert,ACC,142,0.532059
5,DLS-ACC,expert,ACC,143,0.127816
5,DLS-ACC,expert,ACC,144,0.149438
5,DLS-ACC,expert,ACC,145,0.054348
5,DLS-ACC,expert,ACC,146,0.1728
5,DLS-ACC,expert,ACC,147,0.069052
5,DLS-ACC,expert,ACC,148,0.016587
5,DLS-ACC,expert,ACC,149,0.562339
5,DLS-ACC,expert,ACC,150,0.63244
5,DLS-ACC,expert,ACC,151,0.130999
5,DLS-ACC,expert,ACC,152,0.020219
5,DLS-ACC,expert,ACC,153,0.050827
5,DLS-ACC,expert,ACC,154,0.113468
5,DLS-ACC,expert,ACC,155,0.04471
5,DLS-ACC,expert,ACC,156,0.575512
5,DLS-ACC,expert,ACC,157,0.072336
7,DMS-ACC,naive,DMS,0,1.166261
7,DMS-ACC,naive,DMS,1,0.863355
7,DMS-ACC,naive,DMS,2,0.655209
7,DMS-ACC,naive,DMS,3,0.787915
7,DMS-ACC,naive,DMS,4,0.822775
7,DMS-ACC,naive,DMS,5,1.095303
7,DMS-ACC,naive,DMS,6,1.304667
7,DMS-ACC,naive,DMS,7,1.638889
7,DMS-ACC,naive,DMS,8,8.132881
7,DMS-ACC,naive,DMS,9,2.053425
7,DMS-ACC,naive,DMS,10,1.358554
7,DMS-ACC,naive,DMS,11,0.794209
7,DMS-ACC,naive,DMS,12,1.079279
7,DMS-ACC,naive,ACC,0,0.467489
7,DMS-ACC,naive,ACC,1,0.535672
7,DMS-ACC,naive,ACC,2,0.007542
7,DMS-ACC,naive,ACC,3,0.593545
7,DMS-ACC,naive,ACC,4,0.076239
7,DMS-ACC,naive,ACC,5,0.387648
7,DMS-ACC,naive,ACC,6,0.360649
7,DMS-ACC,naive,ACC,7,0.627695
7,DMS-ACC,naive,ACC,8,0.48018
7,DMS-ACC,naive,ACC,9,0.574631
7,DMS-ACC,naive,ACC,10,0.107663
7,DMS-ACC,naive,ACC,11,0.038554
7,DMS-ACC,naive,ACC,12,0.194538
7,DMS-ACC,naive,ACC,13,0.557108
7,DMS-ACC,naive,ACC,14,0.243466
7,DMS-ACC,naive,ACC,15,0.123231
7,DMS-ACC,naive,ACC,16,0.047369
7,DMS-ACC,naive,ACC,17,0.428763
7,DMS-ACC,naive,ACC,18,0.535746
7,DMS-ACC,naive,ACC,19,0.247005
7,DMS-ACC,naive,ACC,20,0.494225
7,DMS-ACC,naive,ACC,21,0.134773
7,DMS-ACC,naive,ACC,22,0.022536
7,DMS-ACC,naive,ACC,23,0.176534
7,DMS-ACC,naive,ACC,24,0.120646
7,DMS-ACC,naive,ACC,25,0.579915
7,DMS-ACC,naive,ACC,26,0.004619
7,DMS-ACC,naive,ACC,27,0.076975
7,DMS-ACC,naive,ACC,28,0.005667
7,DMS-ACC,naive,ACC,29,0.126122
7,DMS-ACC,naive,ACC,30,0.016936
7,DMS-ACC,naive,ACC,31,0.619145
7,DMS-ACC,naive,ACC,32,0.102708
7,DMS-ACC,naive,ACC,33,0.018019
7,DMS-ACC,naive,ACC,34,0.08262
7,DMS-ACC,naive,ACC,35,0.123819
7,DMS-ACC,naive,ACC,36,0.51819
7,DMS-ACC,naive,ACC,37,0.045001
7,DMS-ACC,naive,ACC,38,0.072956
7,DMS-ACC,naive,ACC,39,0.003676
7,DMS-ACC,naive,ACC,40,0.011487
7,DMS-ACC,naive,ACC,41,0.648529
7,DMS-ACC,naive,ACC,42,0.006261
7,DMS-ACC,naive,ACC,43,0.072589
7,DMS-ACC,naive,ACC,44,0.71284
7,DMS-ACC,naive,ACC,45,0.031523
7,DMS-ACC,naive,ACC,46,0.005197
7,DMS-ACC,naive,ACC,47,0.637442
7,DMS-ACC,naive,ACC,48,0.632773
7,DMS-ACC,naive,ACC,49,0.212627
7,DMS-ACC,naive,ACC,50,0.661858
7,DMS-ACC,naive,ACC,51,0.664973
7,DMS-ACC,naive,ACC,52,0.603577
7,DMS-ACC,naive,ACC,53,0.006974
7,DMS-ACC,naive,ACC,54,0.578461
7,DMS-ACC,naive,ACC,55,0.017106
7,DMS-ACC,intermediate,DMS,0,1.350728
7,DMS-ACC,intermediate,DMS,1,0.909575
7,DMS-ACC,intermediate,DMS,2,0.833064
7,DMS-ACC,intermediate,DMS,3,0.987016
7,DMS-ACC,intermediate,DMS,4,1.358319
7,DMS-ACC,intermediate,DMS,5,1.235893
7,DMS-ACC,intermediate,DMS,6,1.326732
7,DMS-ACC,intermediate,DMS,7,1.911243
7,DMS-ACC,intermediate,DMS,8,1.527194
7,DMS-ACC,intermediate,DMS,9,1.556308
7,DMS-ACC,intermediate,DMS,10,1.829047
7,DMS-ACC,intermediate,DMS,11,0.884901
7,DMS-ACC,intermediate,DMS,12,1.025947
7,DMS-ACC,intermediate,ACC,0,0.344588
7,DMS-ACC,intermediate,ACC,1,0.289914
7,DMS-ACC,intermediate,ACC,2,0.034051
7,DMS-ACC,intermediate,ACC,3,0.588126
7,DMS-ACC,intermediate,ACC,4,0.254968
7,DMS-ACC,intermediate,ACC,5,0.152048
7,DMS-ACC,intermediate,ACC,6,0.564377
7,DMS-ACC,intermediate,ACC,7,0.159414
7,DMS-ACC,intermediate,ACC,8,0.535168
7,DMS-ACC,intermediate,ACC,9,0.284913
7,DMS-ACC,intermediate,ACC,10,0.446846
7,DMS-ACC,intermediate,ACC,11,0.229092
7,DMS-ACC,intermediate,ACC,12,0.444213
7,DMS-ACC,intermediate,ACC,13,0.376805
7,DMS-ACC,intermediate,ACC,14,0.512417
7,DMS-ACC,intermediate,ACC,15,0.718455
7,DMS-ACC,intermediate,ACC,16,0.044345
7,DMS-ACC,intermediate,ACC,17,0.391053
7,DMS-ACC,intermediate,ACC,18,0.184753
7,DMS-ACC,intermediate,ACC,19,0.438732
7,DMS-ACC,intermediate,ACC,20,0.133118
7,DMS-ACC,intermediate,ACC,21,0.424635
7,DMS-ACC,intermediate,ACC,22,0.105059
7,DMS-ACC,intermediate,ACC,23,0.143125
7,DMS-ACC,intermediate,ACC,24,0.652424
7,DMS-ACC,intermediate,ACC,25,0.669281
7,DMS-ACC,intermediate,ACC,26,0.140884
7,DMS-ACC,intermediate,ACC,27,0.661431
7,DMS-ACC,intermediate,ACC,28,0.759205
7,DMS-ACC,intermediate,ACC,29,0.567642
7,DMS-ACC,intermediate,ACC,30,0.236008
7,DMS-ACC,intermediate,ACC,31,0.695152
7,DMS-ACC,intermediate,ACC,32,0.210307
7,DMS-ACC,intermediate,ACC,33,0.022947
7,DMS-ACC,intermediate,ACC,34,0.673097
7,DMS-ACC,intermediate,ACC,35,0.350884
7,DMS-ACC,intermediate,ACC,36,0.565055
7,DMS-ACC,intermediate,ACC,37,0.083586
7,DMS-ACC,intermediate,ACC,38,0.184256
7,DMS-ACC,intermediate,ACC,39,0.011221
7,DMS-ACC,intermediate,ACC,40,0.64299
7,DMS-ACC,intermediate,ACC,41,0.574238
7,DMS-ACC,intermediate,ACC,42,0.057656
7,DMS-ACC,intermediate,ACC,43,0.03604
7,DMS-ACC,intermediate,ACC,44,0.161144
7,DMS-ACC,intermediate,ACC,45,0.038878
7,DMS-ACC,intermediate,ACC,46,0.75171
7,DMS-ACC,intermediate,ACC,47,0.277976
7,DMS-ACC,intermediate,ACC,48,0.368091
7,DMS-ACC,intermediate,ACC,49,0.713809
7,DMS-ACC,intermediate,ACC,50,0.238553
7,DMS-ACC,intermediate,ACC,51,0.634403
7,DMS-ACC,intermediate,ACC,52,0.404633
7,DMS-ACC,intermediate,ACC,53,0.102493
7,DMS-ACC,intermediate,ACC,54,0.616063
7,DMS-ACC,intermediate,ACC,55,0.050325
7,DMS-ACC,expert,DMS,0,0.782647
7,DMS-ACC,expert,DMS,1,1.23447
7,DMS-ACC,expert,DMS,2,1.111556
7,DMS-ACC,expert,DMS,3,0.940674
7,DMS-ACC,expert,DMS,4,0.745004
7,DMS-ACC,expert,DMS,5,1.40244
7,DMS-ACC,expert,DMS,6,1.297571
7,DMS-ACC,expert,DMS,7,0.876724
7,DMS-ACC,expert,DMS,8,0.751576
7,DMS-ACC,expert,DMS,9,1.034521
7,DMS-ACC,expert,DMS,10,1.683857
7,DMS-ACC,expert,DMS,11,0.952059
7,DMS-ACC,expert,DMS,12,1.092112
7,DMS-ACC,expert,ACC,0,0.203628
7,DMS-ACC,expert,ACC,1,0.069366
7,DMS-ACC,expert,ACC,2,0.015694
7,DMS-ACC,expert,ACC,3,0.428783
7,DMS-ACC,expert,ACC,4,0.633673
7,DMS-ACC,expert,ACC,5,0.171798
7,DMS-ACC,expert,ACC,6,0.525078
7,DMS-ACC,expert,ACC,7,0.146261
7,DMS-ACC,expert,ACC,8,0.382402
7,DMS-ACC,expert,ACC,9,0.373876
7,DMS-ACC,expert,ACC,10,0.634388
7,DMS-ACC,expert,ACC,11,0.21164
7,DMS-ACC,expert,ACC,12,0.710114
7,DMS-ACC,expert,ACC,13,0.441196
7,DMS-ACC,expert,ACC,14,0.52489
7,DMS-ACC,expert,ACC,15,0.631554
7,DMS-ACC,expert,ACC,16,0.202021
7,DMS-ACC,expert,ACC,17,0.380837
7,DMS-ACC,expert,ACC,18,0.157227
7,DMS-ACC,expert,ACC,19,0.31727
7,DMS-ACC,expert,ACC,20,0.321951
7,DMS-ACC,expert,ACC,21,0.535739
7,DMS-ACC,expert,ACC,22,0.048229
7,DMS-ACC,expert,ACC,23,0.419957
7,DMS-ACC,expert,ACC,24,0.677632
7,DMS-ACC,expert,ACC,25,0.014106
7,DMS-ACC,expert,ACC,26,0.684687
7,DMS-ACC,expert,ACC,27,0.523041
7,DMS-ACC,expert,ACC,28,0.603521
7,DMS-ACC,expert,ACC,29,0.702388
7,DMS-ACC,expert,ACC,30,0.562316
7,DMS-ACC,expert,ACC,31,0.192802
7,DMS-ACC,expert,ACC,32,0.055498
7,DMS-ACC,expert,ACC,33,0.570571
7,DMS-ACC,expert,ACC,34,0.485708
7,DMS-ACC,expert,ACC,35,0.697228
7,DMS-ACC,expert,ACC,36,0.068429
7,DMS-ACC,expert,ACC,37,0.122798
7,DMS-ACC,expert,ACC,38,0.339363
7,DMS-ACC,expert,ACC,39,0.032614
7,DMS-ACC,expert,ACC,40,0.647258
7,DMS-ACC,expert,ACC,41,0.012335
7,DMS-ACC,expert,ACC,42,0.631372
7,DMS-ACC,expert,ACC,43,0.140322
7,DMS-ACC,expert,ACC,44,0.062176
7,DMS-ACC,expert,ACC,45,0.021232
7,DMS-ACC,expert,ACC,46,0.485502
7,DMS-ACC,expert,ACC,47,0.464197
7,DMS-ACC,expert,ACC,48,0.206741
7,DMS-ACC,expert,ACC,49,0.572325
7,DMS-ACC,expert,ACC,50,0.128524
7,DMS-ACC,expert,ACC,51,0.131569
7,DMS-ACC,expert,ACC,52,0.113087
7,DMS-ACC,expert,ACC,53,0.629642
7,DMS-ACC,expert,ACC,54,0.039947
7,DMS-ACC,expert,ACC,55,0.053675
9,DMS-ACC,naive,DMS,0,1.357563
9,DMS-ACC,naive,DMS,1,1.283752
9,DMS-ACC,naive,DMS,2,1.356904
9,DMS-ACC,naive,DMS,3,0.006809
9,DMS-ACC,naive,DMS,4,0.041553
9,DMS-ACC,naive,DMS,5,0.133881
9,DMS-ACC,naive,DMS,6,0.49535
9,DMS-ACC,naive,DMS,7,0.843664
9,DMS-ACC,naive,DMS,8,1.1359
9,DMS-ACC,naive,DMS,9,1.096124
9,DMS-ACC,naive,DMS,10,0.605958
9,DMS-ACC,naive,DMS,11,1.565519
9,DMS-ACC,naive,DMS,12,0.562854
9,DMS-ACC,naive,DMS,13,1.036896
9,DMS-ACC,naive,DMS,14,0.646674
9,DMS-ACC,naive,DMS,15,0.015384
9,DMS-ACC,naive,DMS,16,0.834028
9,DMS-ACC,naive,DMS,17,1.063684
9,DMS-ACC,naive,DMS,18,1.387416
9,DMS-ACC,naive,DMS,19,1.028568
9,DMS-ACC,naive,DMS,20,0.928195
9,DMS-ACC,naive,DMS,21,0.016151
9,DMS-ACC,naive,DMS,22,1.499234
9,DMS-ACC,naive,DMS,23,0.0
9,DMS-ACC,naive,DMS,24,0.742701
9,DMS-ACC,naive,DMS,25,0.669046
9,DMS-ACC,naive,ACC,0,0.751197
9,DMS-ACC,naive,ACC,1,0.830568
9,DMS-ACC,naive,ACC,2,0.693424
9,DMS-ACC,naive,ACC,3,0.794936
9,DMS-ACC,naive,ACC,4,0.06072
9,DMS-ACC,naive,ACC,5,0.7254
9,DMS-ACC,naive,ACC,6,0.536374
9,DMS-ACC,naive,ACC,7,0.091483
9,DMS-ACC,naive,ACC,8,0.576259
9,DMS-ACC,naive,ACC,9,0.024334
9,DMS-ACC,naive,ACC,10,0.437058
9,DMS-ACC,naive,ACC,11,0.51395
9,DMS-ACC,naive,ACC,12,0.613217
9,DMS-ACC,naive,ACC,13,0.515439
9,DMS-ACC,naive,ACC,14,1.028043
9,DMS-ACC,naive,ACC,15,0.79409
9,DMS-ACC,naive,ACC,16,0.318041
9,DMS-ACC,naive,ACC,17,0.470872
9,DMS-ACC,naive,ACC,18,0.867401
9,DMS-ACC,naive,ACC,19,0.135995
9,DMS-ACC,naive,ACC,20,0.035618
9,DMS-ACC,naive,ACC,21,0.928599
9,DMS-ACC,naive,ACC,22,1.055071
9,DMS-ACC,naive,ACC,23,0.050966
9,DMS-ACC,naive,ACC,24,0.588559
9,DMS-ACC,naive,ACC,25,0.756379
9,DMS-ACC,naive,ACC,26,0.938866
9,DMS-ACC,intermediate,DMS,0,1.317867
9,DMS-ACC,intermediate,DMS,1,0.004296
9,DMS-ACC,intermediate,DMS,2,0.036376
9,DMS-ACC,intermediate,DMS,3,1.209629
9,DMS-ACC,intermediate,DMS,4,0.676427
9,DMS-ACC,intermediate,DMS,5,1.035217
9,DMS-ACC,intermediate,DMS,6,0.13776
9,DMS-ACC,intermediate,DMS,7,0.945568
9,DMS-ACC,intermediate,DMS,8,1.202589
9,DMS-ACC,intermediate,DMS,9,1.718091
9,DMS-ACC,intermediate,DMS,10,0.52608
9,DMS-ACC,intermediate,DMS,11,0.040169
9,DMS-ACC,intermediate,DMS,12,1.376659
9,DMS-ACC,intermediate,DMS,13,1.22648
9,DMS-ACC,intermediate,DMS,14,0.76904
9,DMS-ACC,intermediate,DMS,15,0.801879
9,DMS-ACC,intermediate,DMS,16,0.569338
9,DMS-ACC,intermediate,DMS,17,1.07416
9,DMS-ACC,intermediate,DMS,18,0.318456
9,DMS-ACC,intermediate,DMS,19,1.53445
9,DMS-ACC,intermediate,DMS,20,0.942515
9,DMS-ACC,intermediate,DMS,21,0.954807
9,DMS-ACC,intermediate,DMS,22,0.738872
9,DMS-ACC,intermediate,DMS,23,1.200787
9,DMS-ACC,intermediate,DMS,24,1.186762
9,DMS-ACC,intermediate,DMS,25,1.338744
9,DMS-ACC,intermediate,ACC,0,0.988194
9,DMS-ACC,intermediate,ACC,1,0.992609
9,DMS-ACC,intermediate,ACC,2,0.99798
9,DMS-ACC,intermediate,ACC,3,0.992809
9,DMS-ACC,intermediate,ACC,4,1.067016
9,DMS-ACC,intermediate,ACC,5,0.98394
9,DMS-ACC,intermediate,ACC,6,0.81959
9,DMS-ACC,intermediate,ACC,7,0.827646
9,DMS-ACC,intermediate,ACC,8,0.732905
9,DMS-ACC,intermediate,ACC,9,0.276704
9,DMS-ACC,intermediate,ACC,10,1.078902
9,DMS-ACC,intermediate,ACC,11,0.929858
9,DMS-ACC,intermediate,ACC,12,0.953552
9,DMS-ACC,intermediate,ACC,13,0.884098
9,DMS-ACC,intermediate,ACC,14,0.960298
9,DMS-ACC,intermediate,ACC,15,0.432106
9,DMS-ACC,intermediate,ACC,16,1.039921
9,DMS-ACC,intermediate,ACC,17,0.083511
9,DMS-ACC,intermediate,ACC,18,0.931966
9,DMS-ACC,intermediate,ACC,19,0.042566
9,DMS-ACC,intermediate,ACC,20,0.039507
9,DMS-ACC,intermediate,ACC,21,0.942576
9,DMS-ACC,intermediate,ACC,22,0.800411
9,DMS-ACC,intermediate,ACC,23,0.149795
9,DMS-ACC,intermediate,ACC,24,0.850718
9,DMS-ACC,intermediate,ACC,25,0.849652
9,DMS-ACC,intermediate,ACC,26,0.952333
9,DMS-ACC,expert,DMS,0,0.064972
9,DMS-ACC,expert,DMS,1,1.680471
9,DMS-ACC,expert,DMS,2,0.059844
9,DMS-ACC,expert,DMS,3,0.981883
9,DMS-ACC,expert,DMS,4,0.651629
9,DMS-ACC,expert,DMS,5,1.399609
9,DMS-ACC,expert,DMS,6,1.194177
9,DMS-ACC,expert,DMS,7,1.037148
9,DMS-ACC,expert,DMS,8,1.221462
9,DMS-ACC,expert,DMS,9,0.071631
9,DMS-ACC,expert,DMS,10,1.215142
9,DMS-ACC,expert,DMS,11,1.610145
9,DMS-ACC,expert,DMS,12,1.475015
9,DMS-ACC,expert,DMS,13,1.134408
9,DMS-ACC,expert,DMS,14,1.017906
9,DMS-ACC,expert,DMS,15,1.334357
9,DMS-ACC,expert,DMS,16,0.0
9,DMS-ACC,expert,DMS,17,1.067511
9,DMS-ACC,expert,DMS,18,1.510168
9,DMS-ACC,expert,DMS,19,0.480186
9,DMS-ACC,expert,DMS,20,1.063226
9,DMS-ACC,expert,DMS,21,0.014671
9,DMS-ACC,expert,DMS,22,0.798088
9,DMS-ACC,expert,DMS,23,1.304167
9,DMS-ACC,expert,DMS,24,0.953162
9,DMS-ACC,expert,DMS,25,1.373544
9,DMS-ACC,expert,ACC,0,0.966102
9,DMS-ACC,expert,ACC,1,0.951332
9,DMS-ACC,expert,ACC,2,1.045599
9,DMS-ACC,expert,ACC,3,0.991514
9,DMS-ACC,expert,ACC,4,0.98309
9,DMS-ACC,expert,ACC,5,1.091935
9,DMS-ACC,expert,ACC,6,0.098299
9,DMS-ACC,expert,ACC,7,0.443637
9,DMS-ACC,expert,ACC,8,1.099187
9,DMS-ACC,expert,ACC,9,0.82014
9,DMS-ACC,expert,ACC,10,1.089789
9,DMS-ACC,expert,ACC,11,0.321896
9,DMS-ACC,expert,ACC,12,1.081778
9,DMS-ACC,expert,ACC,13,0.128809
9,DMS-ACC,expert,ACC,14,1.047736
9,DMS-ACC,expert,ACC,15,0.841754
9,DMS-ACC,expert,ACC,16,1.00712
9,DMS-ACC,expert,ACC,17,0.822994
9,DMS-ACC,expert,ACC,18,0.971963
9,DMS-ACC,expert,ACC,19,0.03933
9,DMS-ACC,expert,ACC,20,0.127302
9,DMS-ACC,expert,ACC,21,0.990419
9,DMS-ACC,expert,ACC,22,0.872847
9,DMS-ACC,expert,ACC,23,1.105089
9,DMS-ACC,expert,ACC,24,0.808366
9,DMS-ACC,expert,ACC,25,0.839161
9,DMS-ACC,expert,ACC,26,0.926877
9,V1-DMS,naive,V1,0,0.989581
9,V1-DMS,naive,V1,1,0.290592
9,V1-DMS,naive,V1,2,0.575843
9,V1-DMS,naive,V1,3,0.847966
9,V1-DMS,naive,V1,4,0.523131
9,V1-DMS,naive,V1,5,1.001659
9,V1-DMS,naive,V1,6,0.501649
9,V1-DMS,naive,V1,7,0.425505
9,V1-DMS,naive,V1,8,0.5523
9,V1-DMS,naive,V1,9,0.529004
9,V1-DMS,naive,V1,10,0.636378
9,V1-DMS,naive,V1,11,0.838526
9,V1-DMS,naive,V1,12,0.788684
9,V1-DMS,naive,V1,13,0.490846
9,V1-DMS,naive,V1,14,1.112037
9,V1-DMS,naive,V1,15,0.601639
9,V1-DMS,naive,V1,16,1.068067
9,V1-DMS,naive,V1,17,1.022301
9,V1-DMS,naive,V1,18,0.763122
9,V1-DMS,naive,V1,19,0.577275
9,V1-DMS,naive,V1,20,1.126642
9,V1-DMS,naive,DMS,0,1.351062
9,V1-DMS,naive,DMS,1,1.286474
9,V1-DMS,naive,DMS,2,1.358543
9,V1-DMS,naive,DMS,3,0.007227
9,V1-DMS,naive,DMS,4,0.044307
9,V1-DMS,naive,DMS,5,0.135793
9,V1-DMS,naive,DMS,6,0.497027
9,V1-DMS,naive,DMS,7,0.845763
9,V1-DMS,naive,DMS,8,1.139916
9,V1-DMS,naive,DMS,9,1.099087
9,V1-DMS,naive,DMS,10,0.606226
9,V1-DMS,naive,DMS,11,1.564
9,V1-DMS,naive,DMS,12,0.565066
9,V1-DMS,naive,DMS,13,1.039915
9,V1-DMS,naive,DMS,14,0.651087
9,V1-DMS,naive,DMS,15,0.015151
9,V1-DMS,naive,DMS,16,0.835044
9,V1-DMS,naive,DMS,17,1.064664
9,V1-DMS,naive,DMS,18,1.389254
9,V1-DMS,naive,DMS,19,1.030243
9,V1-DMS,naive,DMS,20,0.929126
9,V1-DMS,naive,DMS,21,0.027665
9,V1-DMS,naive,DMS,22,1.506929
9,V1-DMS,naive,DMS,23,0.0
9,V1-DMS,naive,DMS,24,0.74448
9,V1-DMS,naive,DMS,25,0.67333
9,V1-DMS,intermediate,V1,0,0.969231
9,V1-DMS,intermediate,V1,1,1.837029
9,V1-DMS,intermediate,V1,2,0.900761
9,V1-DMS,intermediate,V1,3,0.859891
9,V1-DMS,intermediate,V1,4,0.761553
9,V1-DMS,intermediate,V1,5,0.993551
9,V1-DMS,intermediate,V1,6,0.902621
9,V1-DMS,intermediate,V1,7,0.008157
9,V1-DMS,intermediate,V1,8,0.86441
9,V1-DMS,intermediate,V1,9,0.786297
9,V1-DMS,intermediate,V1,10,0.899655
9,V1-DMS,intermediate,V1,11,1.050261
9,V1-DMS,intermediate,V1,12,0.845831
9,V1-DMS,intermediate,V1,13,0.999339
9,V1-DMS,intermediate,V1,14,0.935329
9,V1-DMS,intermediate,V1,15,0.880165
9,V1-DMS,intermediate,V1,16,1.081584
9,V1-DMS,intermediate,V1,17,1.288558
9,V1-DMS,intermediate,V1,18,0.478259
9,V1-DMS,intermediate,V1,19,0.996482
9,V1-DMS,intermediate,V1,20,1.062854
9,V1-DMS,intermediate,DMS,0,1.319555
9,V1-DMS,intermediate,DMS,1,0.004326
9,V1-DMS,intermediate,DMS,2,0.035286
9,V1-DMS,intermediate,DMS,3,1.211781
9,V1-DMS,intermediate,DMS,4,0.679679
9,V1-DMS,intermediate,DMS,5,1.037369
9,V1-DMS,intermediate,DMS,6,0.137277
9,V1-DMS,intermediate,DMS,7,0.945562
9,V1-DMS,intermediate,DMS,8,1.207189
9,V1-DMS,intermediate,DMS,9,1.724002
9,V1-DMS,intermediate,DMS,10,0.518022
9,V1-DMS,intermediate,DMS,11,0.039076
9,V1-DMS,intermediate,DMS,12,1.376658
9,V1-DMS,intermediate,DMS,13,1.228255
9,V1-DMS,intermediate,DMS,14,0.771181
9,V1-DMS,intermediate,DMS,15,0.802744
9,V1-DMS,intermediate,DMS,16,0.562821
9,V1-DMS,intermediate,DMS,17,1.075788
9,V1-DMS,intermediate,DMS,18,0.317505
9,V1-DMS,intermediate,DMS,19,1.538409
9,V1-DMS,intermediate,DMS,20,0.942878
9,V1-DMS,intermediate,DMS,21,0.958921
9,V1-DMS,intermediate,DMS,22,0.738911
9,V1-DMS,intermediate,DMS,23,1.20288
9,V1-DMS,intermediate,DMS,24,1.18751
9,V1-DMS,intermediate,DMS,25,1.329672
9,V1-DMS,expert,V1,0,0.967799
9,V1-DMS,expert,V1,1,1.796661
9,V1-DMS,expert,V1,2,0.982739
9,V1-DMS,expert,V1,3,0.955302
9,V1-DMS,expert,V1,4,1.038375
9,V1-DMS,expert,V1,5,1.025592
9,V1-DMS,expert,V1,6,1.077015
9,V1-DMS,expert,V1,7,0.009156
9,V1-DMS,expert,V1,8,0.945929
9,V1-DMS,expert,V1,9,1.683716
9,V1-DMS,expert,V1,10,1.061155
9,V1-DMS,expert,V1,11,1.112516
9,V1-DMS,expert,V1,12,0.954926
9,V1-DMS,expert,V1,13,0.895875
9,V1-DMS,expert,V1,14,0.966294
9,V1-DMS,expert,V1,15,1.065052
9,V1-DMS,expert,V1,16,1.05994
9,V1-DMS,expert,V1,17,1.303307
9,V1-DMS,expert,V1,18,0.858251
9,V1-DMS,expert,V1,19,1.057145
9,V1-DMS,expert,V1,20,1.05997
9,V1-DMS,expert,DMS,0,0.071656
9,V1-DMS,expert,DMS,1,1.681552
9,V1-DMS,expert,DMS,2,0.211091
9,V1-DMS,expert,DMS,3,0.985757
9,V1-DMS,expert,DMS,4,0.657204
9,V1-DMS,expert,DMS,5,1.404016
9,V1-DMS,expert,DMS,6,1.189282
9,V1-DMS,expert,DMS,7,1.034494
9,V1-DMS,expert,DMS,8,1.224669
9,V1-DMS,expert,DMS,9,0.064177
9,V1-DMS,expert,DMS,10,1.21007
9,V1-DMS,expert,DMS,11,1.580864
9,V1-DMS,expert,DMS,12,1.468101
9,V1-DMS,expert,DMS,13,1.136496
9,V1-DMS,expert,DMS,14,1.017655
9,V1-DMS,expert,DMS,15,1.330941
9,V1-DMS,expert,DMS,16,0.0
9,V1-DMS,expert,DMS,17,1.068336
9,V1-DMS,expert,DMS,18,1.521494
9,V1-DMS,expert,DMS,19,0.458757
9,V1-DMS,expert,DMS,20,1.063033
9,V1-DMS,expert,DMS,21,0.018801
9,V1-DMS,expert,DMS,22,0.798435
9,V1-DMS,expert,DMS,23,1.280682
9,V1-DMS,expert,DMS,24,0.95227
9,V1-DMS,expert,DMS,25,1.365302
9,V1-ACC,naive,V1,0,0.993252
9,V1-ACC,naive,V1,1,0.290622
9,V1-ACC,naive,V1,2,0.572594
9,V1-ACC,naive,V1,3,0.849532
9,V1-ACC,naive,V1,4,0.52407
9,V1-ACC,naive,V1,5,1.002775
9,V1-ACC,naive,V1,6,0.497886
9,V1-ACC,naive,V1,7,0.424633
9,V1-ACC,naive,V1,8,0.554401
9,V1-ACC,naive,V1,9,0.52739
9,V1-ACC,naive,V1,10,0.635392
9,V1-ACC,naive,V1,11,0.833571
9,V1-ACC,naive,V1,12,0.786784
9,V1-ACC,naive,V1,13,0.491801
9,V1-ACC,naive,V1,14,1.110362
9,V1-ACC,naive,V1,15,0.601867
9,V1-ACC,naive,V1,16,1.070348
9,V1-ACC,naive,V1,17,1.012914
9,V1-ACC,naive,V1,18,0.758916
9,V1-ACC,naive,V1,19,0.577981
9,V1-ACC,naive,V1,20,1.124509
9,V1-ACC,naive,ACC,0,0.753214
9,V1-ACC,naive,ACC,1,0.830474
9,V1-ACC,naive,ACC,2,0.692184
9,V1-ACC,naive,ACC,3,0.794685
9,V1-ACC,naive,ACC,4,0.061394
9,V1-ACC,naive,ACC,5,0.725023
9,V1-ACC,naive,ACC,6,0.536597
9,V1-ACC,naive,ACC,7,0.095224
9,V1-ACC,naive,ACC,8,0.578651
9,V1-ACC,naive,ACC,9,0.023079
9,V1-ACC,naive,ACC,10,0.437479
9,V1-ACC,naive,ACC,11,0.513599
9,V1-ACC,naive,ACC,12,0.614752
9,V1-ACC,naive,ACC,13,0.518155
9,V1-ACC,naive,ACC,14,1.029611
9,V1-ACC,naive,ACC,15,0.797851
9,V1-ACC,naive,ACC,16,0.320625
9,V1-ACC,naive,ACC,17,0.471431
9,V1-ACC,naive,ACC,18,0.872809
9,V1-ACC,naive,ACC,19,0.126723
9,V1-ACC,naive,ACC,20,0.034997
9,V1-ACC,naive,ACC,21,0.931187
9,V1-ACC,naive,ACC,22,1.059359
9,V1-ACC,naive,ACC,23,0.055781
9,V1-ACC,naive,ACC,24,0.589997
9,V1-ACC,naive,ACC,25,0.756973
9,V1-ACC,naive,ACC,26,0.928684
9,V1-ACC,intermediate,V1,0,0.969717
9,V1-ACC,intermediate,V1,1,1.844628
9,V1-ACC,intermediate,V1,2,0.89481
9,V1-ACC,intermediate,V1,3,0.859835
9,V1-ACC,intermediate,V1,4,0.760865
9,V1-ACC,intermediate,V1,5,0.995401
9,V1-ACC,intermediate,V1,6,0.901815
9,V1-ACC,intermediate,V1,7,0.008221
9,V1-ACC,intermediate,V1,8,0.859048
9,V1-ACC,intermediate,V1,9,0.797472
9,V1-ACC,intermediate,V1,10,0.899143
9,V1-ACC,intermediate,V1,11,1.047571
9,V1-ACC,intermediate,V1,12,0.846326
9,V1-ACC,intermediate,V1,13,0.99919
9,V1-ACC,intermediate,V1,14,0.932905
9,V1-ACC,intermediate,V1,15,0.879614
9,V1-ACC,intermediate,V1,16,1.081956
9,V1-ACC,intermediate,V1,17,1.285661
9,V1-ACC,intermediate,V1,18,0.477632
9,V1-ACC,intermediate,V1,19,0.995111
9,V1-ACC,intermediate,V1,20,1.058891
9,V1-ACC,intermediate,ACC,0,0.988864
9,V1-ACC,intermediate,ACC,1,0.989196
9,V1-ACC,intermediate,ACC,2,0.998132
9,V1-ACC,intermediate,ACC,3,0.98215
9,V1-ACC,intermediate,ACC,4,1.069404
9,V1-ACC,intermediate,ACC,5,0.982907
9,V1-ACC,intermediate,ACC,6,0.819139
9,V1-ACC,intermediate,ACC,7,0.73165
9,V1-ACC,intermediate,ACC,8,0.736308
9,V1-ACC,intermediate,ACC,9,0.274886
9,V1-ACC,intermediate,ACC,10,1.080778
9,V1-ACC,intermediate,ACC,11,0.936017
9,V1-ACC,intermediate,ACC,12,0.959792
9,V1-ACC,intermediate,ACC,13,0.980473
9,V1-ACC,intermediate,ACC,14,0.959209
9,V1-ACC,intermediate,ACC,15,0.446648
9,V1-ACC,intermediate,ACC,16,1.04209
9,V1-ACC,intermediate,ACC,17,0.082603
9,V1-ACC,intermediate,ACC,18,0.934379
9,V1-ACC,intermediate,ACC,19,0.042391
9,V1-ACC,intermediate,ACC,20,0.040536
9,V1-ACC,intermediate,ACC,21,0.941759
9,V1-ACC,intermediate,ACC,22,0.799209
9,V1-ACC,intermediate,ACC,23,0.153049
9,V1-ACC,intermediate,ACC,24,0.849155
9,V1-ACC,intermediate,ACC,25,0.850343
9,V1-ACC,intermediate,ACC,26,0.955057
9,V1-ACC,expert,V1,0,0.967268
9,V1-ACC,expert,V1,1,1.791881
9,V1-ACC,expert,V1,2,0.980623
9,V1-ACC,expert,V1,3,0.954227
9,V1-ACC,expert,V1,4,1.040302
9,V1-ACC,expert,V1,5,1.02468
9,V1-ACC,expert,V1,6,1.096983
9,V1-ACC,expert,V1,7,0.009623
9,V1-ACC,expert,V1,8,0.942738
9,V1-ACC,expert,V1,9,1.683578
9,V1-ACC,expert,V1,10,1.060333
9,V1-ACC,expert,V1,11,1.107853
9,V1-ACC,expert,V1,12,0.954983
9,V1-ACC,expert,V1,13,0.889734
9,V1-ACC,expert,V1,14,0.964445
9,V1-ACC,expert,V1,15,1.065044
9,V1-ACC,expert,V1,16,1.059106
9,V1-ACC,expert,V1,17,1.303467
9,V1-ACC,expert,V1,18,0.913209
9,V1-ACC,expert,V1,19,1.097215
9,V1-ACC,expert,V1,20,1.058879
9,V1-ACC,expert,ACC,0,0.98064
9,V1-ACC,expert,ACC,1,0.955451
9,V1-ACC,expert,ACC,2,1.04617
9,V1-ACC,expert,ACC,3,0.990908
9,V1-ACC,expert,ACC,4,0.985243
9,V1-ACC,expert,ACC,5,1.090357
9,V1-ACC,expert,ACC,6,0.106573
9,V1-ACC,expert,ACC,7,0.464541
9,V1-ACC,expert,ACC,8,1.099708
9,V1-ACC,expert,ACC,9,0.830391
9,V1-ACC,expert,ACC,10,1.089782
9,V1-ACC,expert,ACC,11,0.356131
9,V1-ACC,expert,ACC,12,1.054954
9,V1-ACC,expert,ACC,13,0.124275
9,V1-ACC,expert,ACC,14,1.050315
9,V1-ACC,expert,ACC,15,0.841777
9,V1-ACC,expert,ACC,16,1.003143
9,V1-ACC,expert,ACC,17,0.823727
9,V1-ACC,expert,ACC,18,0.972401
9,V1-ACC,expert,ACC,19,0.039055
9,V1-ACC,expert,ACC,20,0.129597
9,V1-ACC,expert,ACC,21,0.990458
9,V1-ACC,expert,ACC,22,0.869881
9,V1-ACC,expert,ACC,23,1.097871
9,V1-ACC,expert,ACC,24,0.807444
9,V1-ACC,expert,ACC,25,0.839666
9,V1-ACC,expert,ACC,26,0.926147
10,DMS-DLS,naive,DMS,0,1.002175
10,DMS-DLS,naive,DMS,1,0.851628
10,DMS-DLS,naive,DMS,2,1.292054
10,DMS-DLS,naive,DMS,3,0.888464
10,DMS-DLS,naive,DMS,4,2.049694
10,DMS-DLS,naive,DMS,5,0.97514
10,DMS-DLS,naive,DMS,6,7.825392
10,DMS-DLS,naive,DMS,7,7.869246
10,DMS-DLS,naive,DMS,8,1.291129
10,DMS-DLS,naive,DMS,9,1.214049
10,DMS-DLS,naive,DMS,10,1.369089
10,DMS-DLS,naive,DMS,11,1.541545
10,DMS-DLS,naive,DMS,12,1.241778
10,DMS-DLS,naive,DMS,13,1.249086
10,DMS-DLS,naive,DMS,14,0.877362
10,DMS-DLS,naive,DMS,15,0.994825
10,DMS-DLS,naive,DMS,16,1.788391
10,DMS-DLS,naive,DMS,17,1.170331
10,DMS-DLS,naive,DMS,18,0.676134
10,DMS-DLS,naive,DLS,0,0.996788
10,DMS-DLS,naive,DLS,1,0.917667
10,DMS-DLS,naive,DLS,2,1.529993
10,DMS-DLS,naive,DLS,3,0.578752
10,DMS-DLS,naive,DLS,4,1.08516
10,DMS-DLS,naive,DLS,5,1.232869
10,DMS-DLS,naive,DLS,6,0.565334
10,DMS-DLS,naive,DLS,7,0.999834
10,DMS-DLS,naive,DLS,8,0.774289
10,DMS-DLS,naive,DLS,9,0.626668
10,DMS-DLS,naive,DLS,10,1.29987
10,DMS-DLS,naive,DLS,11,0.645591
10,DMS-DLS,naive,DLS,12,1.027995
10,DMS-DLS,naive,DLS,13,1.107849
10,DMS-DLS,naive,DLS,14,0.733788
10,DMS-DLS,naive,DLS,15,0.979606
10,DMS-DLS,naive,DLS,16,0.875369
10,DMS-DLS,intermediate,DMS,0,0.995038
10,DMS-DLS,intermediate,DMS,1,1.359519
10,DMS-DLS,intermediate,DMS,2,1.199791
10,DMS-DLS,intermediate,DMS,3,0.839019
10,DMS-DLS,intermediate,DMS,4,1.482738
10,DMS-DLS,intermediate,DMS,5,0.986393
10,DMS-DLS,intermediate,DMS,6,8.94107
10,DMS-DLS,intermediate,DMS,7,8.94171
10,DMS-DLS,intermediate,DMS,8,1.380766
10,DMS-DLS,intermediate,DMS,9,1.378528
10,DMS-DLS,intermediate,DMS,10,0.815579
10,DMS-DLS,intermediate,DMS,11,1.515127
10,DMS-DLS,intermediate,DMS,12,0.943559
10,DMS-DLS,intermediate,DMS,13,0.94392
10,DMS-DLS,intermediate,DMS,14,1.272995
10,DMS-DLS,intermediate,DMS,15,0.846505
10,DMS-DLS,intermediate,DMS,16,1.116859
10,DMS-DLS,intermediate,DMS,17,1.370365
10,DMS-DLS,intermediate,DMS,18,0.0
10,DMS-DLS,intermediate,DLS,0,1.13848
10,DMS-DLS,intermediate,DLS,1,1.2469
10,DMS-DLS,intermediate,DLS,2,0.964531
10,DMS-DLS,intermediate,DLS,3,1.440315
10,DMS-DLS,intermediate,DLS,4,1.163193
10,DMS-DLS,intermediate,DLS,5,0.924104
10,DMS-DLS,intermediate,DLS,6,0.762477
10,DMS-DLS,intermediate,DLS,7,1.030744
10,DMS-DLS,intermediate,DLS,8,1.463809
10,DMS-DLS,intermediate,DLS,9,2.013088
10,DMS-DLS,intermediate,DLS,10,0.746657
10,DMS-DLS,intermediate,DLS,11,1.781516
10,DMS-DLS,intermediate,DLS,12,1.019836
10,DMS-DLS,intermediate,DLS,13,0.941081
10,DMS-DLS,intermediate,DLS,14,0.742633
10,DMS-DLS,intermediate,DLS,15,1.282704
10,DMS-DLS,intermediate,DLS,16,1.14523
10,DMS-DLS,expert,DMS,0,1.020222
10,DMS-DLS,expert,DMS,1,1.186959
10,DMS-DLS,expert,DMS,2,1.478489
10,DMS-DLS,expert,DMS,3,0.815363
10,DMS-DLS,expert,DMS,4,1.557993
10,DMS-DLS,expert,DMS,5,0.977152
10,DMS-DLS,expert,DMS,6,9.902767
10,DMS-DLS,expert,DMS,7,9.902747
10,DMS-DLS,expert,DMS,8,1.948998
10,DMS-DLS,expert,DMS,9,1.419138
10,DMS-DLS,expert,DMS,10,0.976246
10,DMS-DLS,expert,DMS,11,1.575932
10,DMS-DLS,expert,DMS,12,1.01043
10,DMS-DLS,expert,DMS,13,1.143148
10,DMS-DLS,expert,DMS,14,0.989369
10,DMS-DLS,expert,DMS,15,1.071973
10,DMS-DLS,expert,DMS,16,1.047498
10,DMS-DLS,expert,DMS,17,1.322014
10,DMS-DLS,expert,DMS,18,0.695291
10,DMS-DLS,expert,DLS,0,1.031268
10,DMS-DLS,expert,DLS,1,1.66954
10,DMS-DLS,expert,DLS,2,1.260961
10,DMS-DLS,expert,DLS,3,0.0
10,DMS-DLS,expert,DLS,4,1.350993
10,DMS-DLS,expert,DLS,5,1.133395
10,DMS-DLS,expert,DLS,6,1.436497
10,DMS-DLS,expert,DLS,7,1.044899
10,DMS-DLS,expert,DLS,8,0.525786
10,DMS-DLS,expert,DLS,9,3.282812
10,DMS-DLS,expert,DLS,10,1.017824
10,DMS-DLS,expert,DLS,11,1.935395
10,DMS-DLS,expert,DLS,12,1.045394
10,DMS-DLS,expert,DLS,13,1.134505
10,DMS-DLS,expert,DLS,14,2.779041
10,DMS-DLS,expert,DLS,15,1.673573
10,DMS-DLS,expert,DLS,16,1.446244
10,DMS-ACC,naive,DMS,0,0.757829
10,DMS-ACC,naive,DMS,1,0.115342
10,DMS-ACC,naive,DMS,2,0.553678
10,DMS-ACC,naive,DMS,3,0.742711
10,DMS-ACC,naive,DMS,4,0.624275
10,DMS-ACC,naive,DMS,5,0.773414
10,DMS-ACC,naive,DMS,6,2.46375
10,DMS-ACC,naive,DMS,7,1.683591
10,DMS-ACC,naive,DMS,8,0.299033
10,DMS-ACC,naive,DMS,9,0.631661
10,DMS-ACC,naive,DMS,10,0.300776
10,DMS-ACC,naive,DMS,11,0.499313
10,DMS-ACC,naive,DMS,12,0.867345
10,DMS-ACC,naive,DMS,13,0.660346
10,DMS-ACC,naive,DMS,14,0.276495
10,DMS-ACC,naive,DMS,15,0.374299
10,DMS-ACC,naive,DMS,16,0.437637
10,DMS-ACC,naive,DMS,17,0.439092
10,DMS-ACC,naive,DMS,18,0.134907
10,DMS-ACC,naive,ACC,0,0.430958
10,DMS-ACC,naive,ACC,1,1.402943
10,DMS-ACC,naive,ACC,2,0.0
10,DMS-ACC,naive,ACC,3,1.000752
10,DMS-ACC,naive,ACC,4,0.0
10,DMS-ACC,naive,ACC,5,0.997581
10,DMS-ACC,intermediate,DMS,0,0.770563
10,DMS-ACC,intermediate,DMS,1,0.340439
10,DMS-ACC,intermediate,DMS,2,0.559208
10,DMS-ACC,intermediate,DMS,3,0.66714
10,DMS-ACC,intermediate,DMS,4,0.691295
10,DMS-ACC,intermediate,DMS,5,0.873237
10,DMS-ACC,intermediate,DMS,6,3.142101
10,DMS-ACC,intermediate,DMS,7,3.083698
10,DMS-ACC,intermediate,DMS,8,0.645782
10,DMS-ACC,intermediate,DMS,9,0.333264
10,DMS-ACC,intermediate,DMS,10,0.422547
10,DMS-ACC,intermediate,DMS,11,0.468432
10,DMS-ACC,intermediate,DMS,12,0.533627
10,DMS-ACC,intermediate,DMS,13,0.572111
10,DMS-ACC,intermediate,DMS,14,0.737177
10,DMS-ACC,intermediate,DMS,15,0.513016
10,DMS-ACC,intermediate,DMS,16,0.428577
10,DMS-ACC,intermediate,DMS,17,0.716538
10,DMS-ACC,intermediate,DMS,18,0.0
10,DMS-ACC,intermediate,ACC,0,1.546655
10,DMS-ACC,intermediate,ACC,1,1.079553
10,DMS-ACC,intermediate,ACC,2,0.0
10,DMS-ACC,intermediate,ACC,3,0.998746
10,DMS-ACC,intermediate,ACC,4,0.569318
10,DMS-ACC,intermediate,ACC,5,0.935962
10,DMS-ACC,expert,DMS,0,0.178029
10,DMS-ACC,expert,DMS,1,0.264292
10,DMS-ACC,expert,DMS,2,1.081647
10,DMS-ACC,expert,DMS,3,0.332016
10,DMS-ACC,expert,DMS,4,0.979057
10,DMS-ACC,expert,DMS,5,0.784567
10,DMS-ACC,expert,DMS,6,3.678496
10,DMS-ACC,expert,DMS,7,3.306512
10,DMS-ACC,expert,DMS,8,1.080445
10,DMS-ACC,expert,DMS,9,0.462881
10,DMS-ACC,expert,DMS,10,0.214834
10,DMS-ACC,expert,DMS,11,0.614265
10,DMS-ACC,expert,DMS,12,0.956054
10,DMS-ACC,expert,DMS,13,1.047462
10,DMS-ACC,expert,DMS,14,0.43584
10,DMS-ACC,expert,DMS,15,0.666719
10,DMS-ACC,expert,DMS,16,0.619625
10,DMS-ACC,expert,DMS,17,0.359496
10,DMS-ACC,expert,DMS,18,0.184068
10,DMS-ACC,expert,ACC,0,1.79953
10,DMS-ACC,expert,ACC,1,0.752995
10,DMS-ACC,expert,ACC,2,0.401228
10,DMS-ACC,expert,ACC,3,1.012312
10,DMS-ACC,expert,ACC,4,0.0
10,DMS-ACC,expert,ACC,5,0.821062
10,DLS-ACC,naive,DLS,0,0.881466
10,DLS-ACC,naive,DLS,1,0.471886
10,DLS-ACC,naive,DLS,2,1.216657
10,DLS-ACC,naive,DLS,3,0.144012
10,DLS-ACC,naive,DLS,4,0.536684
10,DLS-ACC,naive,DLS,5,0.337165
10,DLS-ACC,naive,DLS,6,0.138134
10,DLS-ACC,naive,DLS,7,0.360591
10,DLS-ACC,naive,DLS,8,0.384207
10,DLS-ACC,naive,DLS,9,0.267777
10,DLS-ACC,naive,DLS,10,0.2676
10,DLS-ACC,naive,DLS,11,0.134825
10,DLS-ACC,naive,DLS,12,0.79211
10,DLS-ACC,naive,DLS,13,0.288494
10,DLS-ACC,naive,DLS,14,0.356641
10,DLS-ACC,naive,DLS,15,0.576943
10,DLS-ACC,naive,DLS,16,0.23272
10,DLS-ACC,naive,ACC,0,0.426304
10,DLS-ACC,naive,ACC,1,1.404505
10,DLS-ACC,naive,ACC,2,0.0
10,DLS-ACC,naive,ACC,3,1.009423
10,DLS-ACC,naive,ACC,4,0.0
10,DLS-ACC,naive,ACC,5,0.996126
10,DLS-ACC,intermediate,DLS,0,0.872275
10,DLS-ACC,intermediate,DLS,1,0.735139
10,DLS-ACC,intermediate,DLS,2,0.958429
10,DLS-ACC,intermediate,DLS,3,0.164302
10,DLS-ACC,intermediate,DLS,4,0.596851
10,DLS-ACC,intermediate,DLS,5,0.405351
10,DLS-ACC,intermediate,DLS,6,0.235338
10,DLS-ACC,intermediate,DLS,7,0.701766
10,DLS-ACC,intermediate,DLS,8,0.767528
10,DLS-ACC,intermediate,DLS,9,0.620963
10,DLS-ACC,intermediate,DLS,10,0.205703
10,DLS-ACC,intermediate,DLS,11,0.542718
10,DLS-ACC,intermediate,DLS,12,0.438835
10,DLS-ACC,intermediate,DLS,13,0.658715
10,DLS-ACC,intermediate,DLS,14,0.279999
10,DLS-ACC,intermediate,DLS,15,0.857994
10,DLS-ACC,intermediate,DLS,16,0.923782
10,DLS-ACC,intermediate,ACC,0,1.548257
10,DLS-ACC,intermediate,ACC,1,1.079451
10,DLS-ACC,intermediate,ACC,2,0.0
10,DLS-ACC,intermediate,ACC,3,1.002298
10,DLS-ACC,intermediate,ACC,4,0.569499
10,DLS-ACC,intermediate,ACC,5,0.935946
10,DLS-ACC,expert,DLS,0,0.911354
10,DLS-ACC,expert,DLS,1,1.249307
10,DLS-ACC,expert,DLS,2,0.568965
10,DLS-ACC,expert,DLS,3,0.0
10,DLS-ACC,expert,DLS,4,1.050187
10,DLS-ACC,expert,DLS,5,0.831767
10,DLS-ACC,expert,DLS,6,0.215649
10,DLS-ACC,expert,DLS,7,0.332574
10,DLS-ACC,expert,DLS,8,0.195069
10,DLS-ACC,expert,DLS,9,0.568663
10,DLS-ACC,expert,DLS,10,0.22743
10,DLS-ACC,expert,DLS,11,0.376885
10,DLS-ACC,expert,DLS,12,0.431649
10,DLS-ACC,expert,DLS,13,0.948577
10,DLS-ACC,expert,DLS,14,1.875002
10,DLS-ACC,expert,DLS,15,0.923563
10,DLS-ACC,expert,DLS,16,1.115075
10,DLS-ACC,expert,ACC,0,1.792582
10,DLS-ACC,expert,ACC,1,0.75373
10,DLS-ACC,expert,ACC,2,0.398175
10,DLS-ACC,expert,ACC,3,1.014736
10,DLS-ACC,expert,ACC,4,0.0
10,DLS-ACC,expert,ACC,5,0.821745
10,V1-DMS,naive,V1,0,0.87649
10,V1-DMS,naive,V1,1,0.883179
10,V1-DMS,naive,V1,2,0.85573
10,V1-DMS,naive,V1,3,0.956571
10,V1-DMS,naive,V1,4,0.900647
10,V1-DMS,naive,V1,5,0.85686
10,V1-DMS,naive,DMS,0,0.654454
10,V1-DMS,naive,DMS,1,0.278648
10,V1-DMS,naive,DMS,2,0.835046
10,V1-DMS,naive,DMS,3,0.507163
10,V1-DMS,naive,DMS,4,1.350864
10,V1-DMS,naive,DMS,5,0.490539
10,V1-DMS,naive,DMS,6,3.713262
10,V1-DMS,naive,DMS,7,3.6656
10,V1-DMS,naive,DMS,8,0.732506
10,V1-DMS,naive,DMS,9,1.030366
10,V1-DMS,naive,DMS,10,0.753994
10,V1-DMS,naive,DMS,11,1.181226
10,V1-DMS,naive,DMS,12,0.734411
10,V1-DMS,naive,DMS,13,0.755613
10,V1-DMS,naive,DMS,14,0.920492
10,V1-DMS,naive,DMS,15,0.32378
10,V1-DMS,naive,DMS,16,1.051441
10,V1-DMS,naive,DMS,17,0.865468
10,V1-DMS,naive,DMS,18,0.378072
10,V1-DMS,intermediate,V1,0,0.959459
10,V1-DMS,intermediate,V1,1,0.960248
10,V1-DMS,intermediate,V1,2,1.199898
10,V1-DMS,intermediate,V1,3,1.340496
10,V1-DMS,intermediate,V1,4,1.055365
10,V1-DMS,intermediate,V1,5,1.08338
10,V1-DMS,intermediate,DMS,0,0.535511
10,V1-DMS,intermediate,DMS,1,0.70372
10,V1-DMS,intermediate,DMS,2,0.789361
10,V1-DMS,intermediate,DMS,3,0.483829
10,V1-DMS,intermediate,DMS,4,1.043388
10,V1-DMS,intermediate,DMS,5,0.649259
10,V1-DMS,intermediate,DMS,6,1.762696
10,V1-DMS,intermediate,DMS,7,1.514831
10,V1-DMS,intermediate,DMS,8,0.879674
10,V1-DMS,intermediate,DMS,9,0.753059
10,V1-DMS,intermediate,DMS,10,0.512449
10,V1-DMS,intermediate,DMS,11,1.139814
10,V1-DMS,intermediate,DMS,12,0.631573
10,V1-DMS,intermediate,DMS,13,0.678505
10,V1-DMS,intermediate,DMS,14,0.345843
10,V1-DMS,intermediate,DMS,15,0.463223
10,V1-DMS,intermediate,DMS,16,0.701716
10,V1-DMS,intermediate,DMS,17,0.792846
10,V1-DMS,intermediate,DMS,18,0.0
10,V1-DMS,expert,V1,0,1.018323
10,V1-DMS,expert,V1,1,1.055568
10,V1-DMS,expert,V1,2,1.098471
10,V1-DMS,expert,V1,3,1.579894
10,V1-DMS,expert,V1,4,1.107398
10,V1-DMS,expert,V1,5,1.193101
10,V1-DMS,expert,DMS,0,0.710698
10,V1-DMS,expert,DMS,1,0.497959
10,V1-DMS,expert,DMS,2,1.176703
10,V1-DMS,expert,DMS,3,0.504467
10,V1-DMS,expert,DMS,4,1.332558
10,V1-DMS,expert,DMS,5,0.330281
10,V1-DMS,expert,DMS,6,4.688469
10,V1-DMS,expert,DMS,7,4.409419
10,V1-DMS,expert,DMS,8,0.7665
10,V1-DMS,expert,DMS,9,0.622226
10,V1-DMS,expert,DMS,10,0.588461
10,V1-DMS,expert,DMS,11,0.642069
10,V1-DMS,expert,DMS,12,0.918051
10,V1-DMS,expert,DMS,13,0.808352
10,V1-DMS,expert,DMS,14,0.499858
10,V1-DMS,expert,DMS,15,0.380877
10,V1-DMS,expert,DMS,16,0.89497
10,V1-DMS,expert,DMS,17,0.843737
10,V1-DMS,expert,DMS,18,0.250411
10,V1-DLS,naive,V1,0,0.876127
10,V1-DLS,naive,V1,1,0.886181
10,V1-DLS,naive,V1,2,0.85773
10,V1-DLS,naive,V1,3,0.957519
10,V1-DLS,naive,V1,4,0.902228
10,V1-DLS,naive,V1,5,0.857682
10,V1-DLS,naive,DLS,0,0.77845
10,V1-DLS,naive,DLS,1,0.571618
10,V1-DLS,naive,DLS,2,1.263453
10,V1-DLS,naive,DLS,3,0.192399
10,V1-DLS,naive,DLS,4,0.667956
10,V1-DLS,naive,DLS,5,0.663269
10,V1-DLS,naive,DLS,6,0.352641
10,V1-DLS,naive,DLS,7,0.48109
10,V1-DLS,naive,DLS,8,0.36745
10,V1-DLS,naive,DLS,9,0.330914
10,V1-DLS,naive,DLS,10,0.701234
10,V1-DLS,naive,DLS,11,0.281629
10,V1-DLS,naive,DLS,12,0.688939
10,V1-DLS,naive,DLS,13,0.89778
10,V1-DLS,naive,DLS,14,0.388225
10,V1-DLS,naive,DLS,15,0.860575
10,V1-DLS,naive,DLS,16,0.447534
10,V1-DLS,intermediate,V1,0,0.95784
10,V1-DLS,intermediate,V1,1,0.960807
10,V1-DLS,intermediate,V1,2,1.202108
10,V1-DLS,intermediate,V1,3,1.340063
10,V1-DLS,intermediate,V1,4,1.057901
10,V1-DLS,intermediate,V1,5,1.084045
10,V1-DLS,intermediate,DLS,0,0.747797
10,V1-DLS,intermediate,DLS,1,0.737277
10,V1-DLS,intermediate,DLS,2,0.668195
10,V1-DLS,intermediate,DLS,3,0.322874
10,V1-DLS,intermediate,DLS,4,0.451554
10,V1-DLS,intermediate,DLS,5,0.622186
10,V1-DLS,intermediate,DLS,6,0.503506
10,V1-DLS,intermediate,DLS,7,0.452135
10,V1-DLS,intermediate,DLS,8,1.125486
10,V1-DLS,intermediate,DLS,9,1.195831
10,V1-DLS,intermediate,DLS,10,0.291466
10,V1-DLS,intermediate,DLS,11,1.331659
10,V1-DLS,intermediate,DLS,12,0.79111
10,V1-DLS,intermediate,DLS,13,0.619765
10,V1-DLS,intermediate,DLS,14,0.310919
10,V1-DLS,intermediate,DLS,15,0.974353
10,V1-DLS,intermediate,DLS,16,0.671941
10,V1-DLS,expert,V1,0,1.019679
10,V1-DLS,expert,V1,1,1.057431
10,V1-DLS,expert,V1,2,1.102524
10,V1-DLS,expert,V1,3,1.586655
10,V1-DLS,expert,V1,4,1.106459
10,V1-DLS,expert,V1,5,1.194561
10,V1-DLS,expert,DLS,0,0.371435
10,V1-DLS,expert,DLS,1,1.182991
10,V1-DLS,expert,DLS,2,0.696967
10,V1-DLS,expert,DLS,3,0.0
10,V1-DLS,expert,DLS,4,0.381429
10,V1-DLS,expert,DLS,5,0.58459
10,V1-DLS,expert,DLS,6,0.518948
10,V1-DLS,expert,DLS,7,0.908887
10,V1-DLS,expert,DLS,8,0.304735
10,V1-DLS,expert,DLS,9,1.373436
10,V1-DLS,expert,DLS,10,0.934924
10,V1-DLS,expert,DLS,11,1.941782
10,V1-DLS,expert,DLS,12,0.945342
10,V1-DLS,expert,DLS,13,0.62717
10,V1-DLS,expert,DLS,14,0.676931
10,V1-DLS,expert,DLS,15,1.633023
10,V1-DLS,expert,DLS,16,0.713796
10,V1-ACC,naive,V1,0,0.372195
10,V1-ACC,naive,V1,1,0.7605
10,V1-ACC,naive,V1,2,0.823278
10,V1-ACC,naive,V1,3,0.819613
10,V1-ACC,naive,V1,4,0.742824
10,V1-ACC,naive,V1,5,0.742208
10,V1-ACC,naive,ACC,0,0.430696
10,V1-ACC,naive,ACC,1,1.40436
10,V1-ACC,naive,ACC,2,0.0
10,V1-ACC,naive,ACC,3,1.011569
10,V1-ACC,naive,ACC,4,0.0
10,V1-ACC,naive,ACC,5,0.997238
10,V1-ACC,intermediate,V1,0,0.829473
10,V1-ACC,intermediate,V1,1,0.850032
10,V1-ACC,intermediate,V1,2,1.117025
10,V1-ACC,intermediate,V1,3,1.346862
10,V1-ACC,intermediate,V1,4,0.853167
10,V1-ACC,intermediate,V1,5,1.084735
10,V1-ACC,intermediate,ACC,0,1.548635
10,V1-ACC,intermediate,ACC,1,1.082812
10,V1-ACC,intermediate,ACC,2,0.0
10,V1-ACC,intermediate,ACC,3,1.003839
10,V1-ACC,intermediate,ACC,4,0.569946
10,V1-ACC,intermediate,ACC,5,0.93764
10,V1-ACC,expert,V1,0,1.005706
10,V1-ACC,expert,V1,1,0.814536
10,V1-ACC,expert,V1,2,1.065477
10,V1-ACC,expert,V1,3,1.170714
10,V1-ACC,expert,V1,4,1.068337
10,V1-ACC,expert,V1,5,1.195644
10,V1-ACC,expert,ACC,0,1.796041
10,V1-ACC,expert,ACC,1,0.759463
10,V1-ACC,expert,ACC,2,0.411126
10,V1-ACC,expert,ACC,3,1.016614
10,V1-ACC,expert,ACC,4,0.0
10,V1-ACC,expert,ACC,5,0.820761
11,DMS-DLS,naive,DMS,0,0.470797
11,DMS-DLS,naive,DMS,1,0.630255
11,DMS-DLS,naive,DMS,2,0.135015
11,DMS-DLS,naive,DMS,3,0.709328
11,DMS-DLS,naive,DMS,4,0.435843
11,DMS-DLS,naive,DMS,5,1.34466
11,DMS-DLS,naive,DMS,6,0.216097
11,DMS-DLS,naive,DMS,7,0.291239
11,DMS-DLS,naive,DMS,8,0.746313
11,DMS-DLS,naive,DMS,9,0.32227
11,DMS-DLS,naive,DMS,10,0.236336
11,DMS-DLS,naive,DMS,11,0.457161
11,DMS-DLS,naive,DMS,12,0.546623
11,DMS-DLS,naive,DMS,13,0.365969
11,DMS-DLS,naive,DMS,14,0.232645
11,DMS-DLS,naive,DMS,15,0.159332
11,DMS-DLS,naive,DMS,16,0.362499
11,DMS-DLS,naive,DMS,17,0.504067
11,DMS-DLS,naive,DMS,18,1.346836
11,DMS-DLS,naive,DMS,19,0.292007
11,DMS-DLS,naive,DLS,0,1.652757
11,DMS-DLS,naive,DLS,1,0.953973
11,DMS-DLS,naive,DLS,2,3.43043
11,DMS-DLS,naive,DLS,3,0.73482
11,DMS-DLS,naive,DLS,4,0.739177
11,DMS-DLS,intermediate,DMS,0,0.432314
11,DMS-DLS,intermediate,DMS,1,0.148224
11,DMS-DLS,intermediate,DMS,2,0.504016
11,DMS-DLS,intermediate,DMS,3,0.523718
11,DMS-DLS,intermediate,DMS,4,0.610953
11,DMS-DLS,intermediate,DMS,5,0.229266
11,DMS-DLS,intermediate,DMS,6,0.153052
11,DMS-DLS,intermediate,DMS,7,1.145535
11,DMS-DLS,intermediate,DMS,8,0.526424
11,DMS-DLS,intermediate,DMS,9,0.336245
11,DMS-DLS,intermediate,DMS,10,0.73688
11,DMS-DLS,intermediate,DMS,11,0.682322
11,DMS-DLS,intermediate,DMS,12,0.418566
11,DMS-DLS,intermediate,DMS,13,0.237404
11,DMS-DLS,intermediate,DMS,14,5.118487
11,DMS-DLS,intermediate,DMS,15,0.467881
11,DMS-DLS,intermediate,DMS,16,1.373177
11,DMS-DLS,intermediate,DMS,17,1.408977
11,DMS-DLS,intermediate,DMS,18,1.237104
11,DMS-DLS,intermediate,DMS,19,0.210391
11,DMS-DLS,intermediate,DLS,0,1.144349
11,DMS-DLS,intermediate,DLS,1,0.92465
11,DMS-DLS,intermediate,DLS,2,6.544818
11,DMS-DLS,intermediate,DLS,3,1.26144
11,DMS-DLS,intermediate,DLS,4,0.0
11,DMS-DLS,expert,DMS,0,0.553797
11,DMS-DLS,expert,DMS,1,0.208664
11,DMS-DLS,expert,DMS,2,0.691739
11,DMS-DLS,expert,DMS,3,0.590908
11,DMS-DLS,expert,DMS,4,0.77286
11,DMS-DLS,expert,DMS,5,0.371702
11,DMS-DLS,expert,DMS,6,1.380626
11,DMS-DLS,expert,DMS,7,0.228008
11,DMS-DLS,expert,DMS,8,0.874479
11,DMS-DLS,expert,DMS,9,0.532426
11,DMS-DLS,expert,DMS,10,0.21867
11,DMS-DLS,expert,DMS,11,0.124796
11,DMS-DLS,expert,DMS,12,0.895348
11,DMS-DLS,expert,DMS,13,0.250354
11,DMS-DLS,expert,DMS,14,1.935247
11,DMS-DLS,expert,DMS,15,0.679781
11,DMS-DLS,expert,DMS,16,0.658126
11,DMS-DLS,expert,DMS,17,0.418247
11,DMS-DLS,expert,DMS,18,2.329118
11,DMS-DLS,expert,DMS,19,0.856254
11,DMS-DLS,expert,DLS,0,0.818073
11,DMS-DLS,expert,DLS,1,0.639207
11,DMS-DLS,expert,DLS,2,5.888948
11,DMS-DLS,expert,DLS,3,1.772305
11,DMS-DLS,expert,DLS,4,1.51213
11,DMS-ACC,naive,DMS,0,1.032826
11,DMS-ACC,naive,DMS,1,1.444184
11,DMS-ACC,naive,DMS,2,0.422682
11,DMS-ACC,naive,DMS,3,0.874642
11,DMS-ACC,naive,DMS,4,1.147977
11,DMS-ACC,naive,DMS,5,1.453006
11,DMS-ACC,naive,DMS,6,0.492923
11,DMS-ACC,naive,DMS,7,0.67532
11,DMS-ACC,naive,DMS,8,2.639232
11,DMS-ACC,naive,DMS,9,1.033645
11,DMS-ACC,naive,DMS,10,1.780654
11,DMS-ACC,naive,DMS,11,2.384862
11,DMS-ACC,naive,DMS,12,0.730018
11,DMS-ACC,naive,DMS,13,1.409027
11,DMS-ACC,naive,DMS,14,0.561702
11,DMS-ACC,naive,DMS,15,0.402935
11,DMS-ACC,naive,DMS,16,0.498057
11,DMS-ACC,naive,DMS,17,0.892045
11,DMS-ACC,naive,DMS,18,2.08057
11,DMS-ACC,naive,DMS,19,0.612926
11,DMS-ACC,naive,ACC,0,0.018665
11,DMS-ACC,naive,ACC,1,0.21875
11,DMS-ACC,naive,ACC,2,0.894445
11,DMS-ACC,naive,ACC,3,0.136893
11,DMS-ACC,naive,ACC,4,0.03866
11,DMS-ACC,naive,ACC,5,0.805382
11,DMS-ACC,naive,ACC,6,0.655434
11,DMS-ACC,naive,ACC,7,0.064649
11,DMS-ACC,naive,ACC,8,0.899182
11,DMS-ACC,naive,ACC,9,0.104426
11,DMS-ACC,naive,ACC,10,0.105268
11,DMS-ACC,naive,ACC,11,0.097341
11,DMS-ACC,naive,ACC,12,0.327908
11,DMS-ACC,naive,ACC,13,0.038895
11,DMS-ACC,naive,ACC,14,0.587142
11,DMS-ACC,naive,ACC,15,0.444379
11,DMS-ACC,naive,ACC,16,0.80226
11,DMS-ACC,naive,ACC,17,0.392105
11,DMS-ACC,naive,ACC,18,0.029055
11,DMS-ACC,naive,ACC,19,0.068285
11,DMS-ACC,naive,ACC,20,0.890913
11,DMS-ACC,naive,ACC,21,0.238226
11,DMS-ACC,naive,ACC,22,0.247536
11,DMS-ACC,naive,ACC,23,0.728923
11,DMS-ACC,naive,ACC,24,0.792786
11,DMS-ACC,naive,ACC,25,0.683922
11,DMS-ACC,naive,ACC,26,0.061056
11,DMS-ACC,naive,ACC,27,0.070943
11,DMS-ACC,naive,ACC,28,0.110424
11,DMS-ACC,naive,ACC,29,0.080568
11,DMS-ACC,naive,ACC,30,0.030956
11,DMS-ACC,naive,ACC,31,0.03909
11,DMS-ACC,naive,ACC,32,0.09375
11,DMS-ACC,naive,ACC,33,0.578625
11,DMS-ACC,naive,ACC,34,0.919037
11,DMS-ACC,naive,ACC,35,0.048427
11,DMS-ACC,naive,ACC,36,0.879638
11,DMS-ACC,naive,ACC,37,0.022085
11,DMS-ACC,naive,ACC,38,0.017705
11,DMS-ACC,naive,ACC,39,0.430491
11,DMS-ACC,naive,ACC,40,0.0
11,DMS-ACC,naive,ACC,41,0.118403
11,DMS-ACC,naive,ACC,42,0.922187
11,DMS-ACC,naive,ACC,43,0.187336
11,DMS-ACC,naive,ACC,44,0.172949
11,DMS-ACC,naive,ACC,45,0.780438
11,DMS-ACC,naive,ACC,46,0.030106
11,DMS-ACC,naive,ACC,47,0.163086
11,DMS-ACC,naive,ACC,48,0.038673
11,DMS-ACC,naive,ACC,49,0.227446
11,DMS-ACC,naive,ACC,50,0.104285
11,DMS-ACC,naive,ACC,51,0.394544
11,DMS-ACC,naive,ACC,52,0.223988
11,DMS-ACC,naive,ACC,53,0.640627
11,DMS-ACC,naive,ACC,54,0.598392
11,DMS-ACC,naive,ACC,55,0.019228
11,DMS-ACC,naive,ACC,56,0.819605
11,DMS-ACC,naive,ACC,57,0.054641
11,DMS-ACC,naive,ACC,58,0.730563
11,DMS-ACC,naive,ACC,59,0.019292
11,DMS-ACC,naive,ACC,60,0.045401
11,DMS-ACC,intermediate,DMS,0,1.02665
11,DMS-ACC,intermediate,DMS,1,0.637509
11,DMS-ACC,intermediate,DMS,2,1.22699
11,DMS-ACC,intermediate,DMS,3,0.931497
11,DMS-ACC,intermediate,DMS,4,1.052614
11,DMS-ACC,intermediate,DMS,5,0.618583
11,DMS-ACC,intermediate,DMS,6,2.227757
11,DMS-ACC,intermediate,DMS,7,1.978209
11,DMS-ACC,intermediate,DMS,8,1.403328
11,DMS-ACC,intermediate,DMS,9,1.243483
11,DMS-ACC,intermediate,DMS,10,1.47482
11,DMS-ACC,intermediate,DMS,11,2.990394
11,DMS-ACC,intermediate,DMS,12,1.106162
11,DMS-ACC,intermediate,DMS,13,0.596601
11,DMS-ACC,intermediate,DMS,14,7.930417
11,DMS-ACC,intermediate,DMS,15,3.850774
11,DMS-ACC,intermediate,DMS,16,2.00958
11,DMS-ACC,intermediate,DMS,17,2.773256
11,DMS-ACC,intermediate,DMS,18,2.140304
11,DMS-ACC,intermediate,DMS,19,0.761994
11,DMS-ACC,intermediate,ACC,0,0.492872
11,DMS-ACC,intermediate,ACC,1,0.200802
11,DMS-ACC,intermediate,ACC,2,0.986043
11,DMS-ACC,intermediate,ACC,3,0.378619
11,DMS-ACC,intermediate,ACC,4,0.456073
11,DMS-ACC,intermediate,ACC,5,0.497126
11,DMS-ACC,intermediate,ACC,6,0.079755
11,DMS-ACC,intermediate,ACC,7,0.85331
11,DMS-ACC,intermediate,ACC,8,0.617208
11,DMS-ACC,intermediate,ACC,9,0.125233
11,DMS-ACC,intermediate,ACC,10,0.842558
11,DMS-ACC,intermediate,ACC,11,0.025844
11,DMS-ACC,intermediate,ACC,12,0.132583
11,DMS-ACC,intermediate,ACC,13,0.107594
11,DMS-ACC,intermediate,ACC,14,0.139919
11,DMS-ACC,intermediate,ACC,15,0.015544
11,DMS-ACC,intermediate,ACC,16,0.179998
11,DMS-ACC,intermediate,ACC,17,0.286485
11,DMS-ACC,intermediate,ACC,18,0.821286
11,DMS-ACC,intermediate,ACC,19,0.735538
11,DMS-ACC,intermediate,ACC,20,0.099234
11,DMS-ACC,intermediate,ACC,21,0.838054
11,DMS-ACC,intermediate,ACC,22,0.405668
11,DMS-ACC,intermediate,ACC,23,0.171219
11,DMS-ACC,intermediate,ACC,24,0.389022
11,DMS-ACC,intermediate,ACC,25,0.05595
11,DMS-ACC,intermediate,ACC,26,0.253485
11,DMS-ACC,intermediate,ACC,27,0.249503
11,DMS-ACC,intermediate,ACC,28,0.76197
11,DMS-ACC,intermediate,ACC,29,0.932123
11,DMS-ACC,intermediate,ACC,30,0.049824
11,DMS-ACC,intermediate,ACC,31,0.176509
11,DMS-ACC,intermediate,ACC,32,0.707665
11,DMS-ACC,intermediate,ACC,33,0.130431
11,DMS-ACC,intermediate,ACC,34,0.927565
11,DMS-ACC,intermediate,ACC,35,0.957305
11,DMS-ACC,intermediate,ACC,36,0.145377
11,DMS-ACC,intermediate,ACC,37,0.614481
11,DMS-ACC,intermediate,ACC,38,0.137571
11,DMS-ACC,intermediate,ACC,39,0.00374
11,DMS-ACC,intermediate,ACC,40,0.0
11,DMS-ACC,intermediate,ACC,41,0.863239
11,DMS-ACC,intermediate,ACC,42,0.296593
11,DMS-ACC,intermediate,ACC,43,0.041511
11,DMS-ACC,intermediate,ACC,44,0.149624
11,DMS-ACC,intermediate,ACC,45,0.051444
11,DMS-ACC,intermediate,ACC,46,0.153738
11,DMS-ACC,intermediate,ACC,47,0.726385
11,DMS-ACC,intermediate,ACC,48,0.568505
11,DMS-ACC,intermediate,ACC,49,0.302365
11,DMS-ACC,intermediate,ACC,50,0.067021
11,DMS-ACC,intermediate,ACC,51,0.0
11,DMS-ACC,intermediate,ACC,52,0.103833
11,DMS-ACC,intermediate,ACC,53,0.05949
11,DMS-ACC,intermediate,ACC,54,0.039876
11,DMS-ACC,intermediate,ACC,55,0.923798
11,DMS-ACC,intermediate,ACC,56,0.521186
11,DMS-ACC,intermediate,ACC,57,0.006999
11,DMS-ACC,intermediate,ACC,58,0.779126
11,DMS-ACC,intermediate,ACC,59,0.211216
11,DMS-ACC,intermediate,ACC,60,0.328251
11,DMS-ACC,expert,DMS,0,1.023556
11,DMS-ACC,expert,DMS,1,0.662201
11,DMS-ACC,expert,DMS,2,1.166774
11,DMS-ACC,expert,DMS,3,1.062989
11,DMS-ACC,expert,DMS,4,1.015389
11,DMS-ACC,expert,DMS,5,1.142202
11,DMS-ACC,expert,DMS,6,1.965004
11,DMS-ACC,expert,DMS,7,2.045992
11,DMS-ACC,expert,DMS,8,1.554556
11,DMS-ACC,expert,DMS,9,0.682569
11,DMS-ACC,expert,DMS,10,1.585732
11,DMS-ACC,expert,DMS,11,0.980429
11,DMS-ACC,expert,DMS,12,1.464706
11,DMS-ACC,expert,DMS,13,0.751902
11,DMS-ACC,expert,DMS,14,3.784431
11,DMS-ACC,expert,DMS,15,3.134632
11,DMS-ACC,expert,DMS,16,3.56801
11,DMS-ACC,expert,DMS,17,1.851354
11,DMS-ACC,expert,DMS,18,2.475612
11,DMS-ACC,expert,DMS,19,1.801937
11,DMS-ACC,expert,ACC,0,0.560498
11,DMS-ACC,expert,ACC,1,0.264773
11,DMS-ACC,expert,ACC,2,0.076583
11,DMS-ACC,expert,ACC,3,0.36138
11,DMS-ACC,expert,ACC,4,0.901107
11,DMS-ACC,expert,ACC,5,0.191068
11,DMS-ACC,expert,ACC,6,0.064021
11,DMS-ACC,expert,ACC,7,0.125233
11,DMS-ACC,expert,ACC,8,0.727045
11,DMS-ACC,expert,ACC,9,0.062369
11,DMS-ACC,expert,ACC,10,0.800302
11,DMS-ACC,expert,ACC,11,0.144794
11,DMS-ACC,expert,ACC,12,0.252711
11,DMS-ACC,expert,ACC,13,0.14542
11,DMS-ACC,expert,ACC,14,0.147847
11,DMS-ACC,expert,ACC,15,0.075543
11,DMS-ACC,expert,ACC,16,0.228126
11,DMS-ACC,expert,ACC,17,0.114811
11,DMS-ACC,expert,ACC,18,0.858647
11,DMS-ACC,expert,ACC,19,0.18078
11,DMS-ACC,expert,ACC,20,0.103775
11,DMS-ACC,expert,ACC,21,0.284791
11,DMS-ACC,expert,ACC,22,0.132449
11,DMS-ACC,expert,ACC,23,0.25832
11,DMS-ACC,expert,ACC,24,0.090833
11,DMS-ACC,expert,ACC,25,0.074342
11,DMS-ACC,expert,ACC,26,0.077263
11,DMS-ACC,expert,ACC,27,0.362399
11,DMS-ACC,expert,ACC,28,0.810575
11,DMS-ACC,expert,ACC,29,0.797844
11,DMS-ACC,expert,ACC,30,0.085385
11,DMS-ACC,expert,ACC,31,0.152494
11,DMS-ACC,expert,ACC,32,0.694036
11,DMS-ACC,expert,ACC,33,0.824137
11,DMS-ACC,expert,ACC,34,0.155706
11,DMS-ACC,expert,ACC,35,0.981829
11,DMS-ACC,expert,ACC,36,0.158224
11,DMS-ACC,expert,ACC,37,0.133278
11,DMS-ACC,expert,ACC,38,0.629034
11,DMS-ACC,expert,ACC,39,0.812595
11,DMS-ACC,expert,ACC,40,0.561566
11,DMS-ACC,expert,ACC,41,0.422703
11,DMS-ACC,expert,ACC,42,0.061351
11,DMS-ACC,expert,ACC,43,0.033222
11,DMS-ACC,expert,ACC,44,0.278486
11,DMS-ACC,expert,ACC,45,0.051396
11,DMS-ACC,expert,ACC,46,0.11298
11,DMS-ACC,expert,ACC,47,0.829339
11,DMS-ACC,expert,ACC,48,0.78452
11,DMS-ACC,expert,ACC,49,0.074305
11,DMS-ACC,expert,ACC,50,0.075517
11,DMS-ACC,expert,ACC,51,0.192449
11,DMS-ACC,expert,ACC,52,0.065903
11,DMS-ACC,expert,ACC,53,0.695065
11,DMS-ACC,expert,ACC,54,0.042348
11,DMS-ACC,expert,ACC,55,0.781005
11,DMS-ACC,expert,ACC,56,0.877182
11,DMS-ACC,expert,ACC,57,0.075736
11,DMS-ACC,expert,ACC,58,0.725209
11,DMS-ACC,expert,ACC,59,0.770493
11,DMS-ACC,expert,ACC,60,0.870424
11,DLS-ACC,naive,DLS,0,1.646271
11,DLS-ACC,naive,DLS,1,0.943572
11,DLS-ACC,naive,DLS,2,3.42306
11,DLS-ACC,naive,DLS,3,0.723119
11,DLS-ACC,naive,DLS,4,0.711392
11,DLS-ACC,naive,ACC,0,0.011055
11,DLS-ACC,naive,ACC,1,0.107336
11,DLS-ACC,naive,ACC,2,0.301806
11,DLS-ACC,naive,ACC,3,0.059478
11,DLS-ACC,naive,ACC,4,0.02111
11,DLS-ACC,naive,ACC,5,0.60031
11,DLS-ACC,naive,ACC,6,0.23657
11,DLS-ACC,naive,ACC,7,0.021272
11,DLS-ACC,naive,ACC,8,0.416486
11,DLS-ACC,naive,ACC,9,0.023765
11,DLS-ACC,naive,ACC,10,0.063625
11,DLS-ACC,naive,ACC,11,0.08232
11,DLS-ACC,naive,ACC,12,0.172678
11,DLS-ACC,naive,ACC,13,0.022308
11,DLS-ACC,naive,ACC,14,0.30683
11,DLS-ACC,naive,ACC,15,0.291218
11,DLS-ACC,naive,ACC,16,0.272795
11,DLS-ACC,naive,ACC,17,0.21697
11,DLS-ACC,naive,ACC,18,0.020861
11,DLS-ACC,naive,ACC,19,0.033322
11,DLS-ACC,naive,ACC,20,0.479658
11,DLS-ACC,naive,ACC,21,0.151566
11,DLS-ACC,naive,ACC,22,0.077024
11,DLS-ACC,naive,ACC,23,0.335821
11,DLS-ACC,naive,ACC,24,0.416687
11,DLS-ACC,naive,ACC,25,0.316223
11,DLS-ACC,naive,ACC,26,0.017342
11,DLS-ACC,naive,ACC,27,0.061868
11,DLS-ACC,naive,ACC,28,0.053044
11,DLS-ACC,naive,ACC,29,0.061822
11,DLS-ACC,naive,ACC,30,0.017722
11,DLS-ACC,naive,ACC,31,0.022371
11,DLS-ACC,naive,ACC,32,0.052314
11,DLS-ACC,naive,ACC,33,0.258194
11,DLS-ACC,naive,ACC,34,0.575245
11,DLS-ACC,naive,ACC,35,0.024547
11,DLS-ACC,naive,ACC,36,0.270381
11,DLS-ACC,naive,ACC,37,0.01394
11,DLS-ACC,naive,ACC,38,0.013481
11,DLS-ACC,naive,ACC,39,0.092868
11,DLS-ACC,naive,ACC,40,0.0
11,DLS-ACC,naive,ACC,41,0.071923
11,DLS-ACC,naive,ACC,42,0.370935
11,DLS-ACC,naive,ACC,43,0.138524
11,DLS-ACC,naive,ACC,44,0.045839
11,DLS-ACC,naive,ACC,45,0.307411
11,DLS-ACC,naive,ACC,46,0.017389
11,DLS-ACC,naive,ACC,47,0.041869
11,DLS-ACC,naive,ACC,48,0.021725
11,DLS-ACC,naive,ACC,49,0.130489
11,DLS-ACC,naive,ACC,50,0.058895
11,DLS-ACC,naive,ACC,51,0.131524
11,DLS-ACC,naive,ACC,52,0.093153
11,DLS-ACC,naive,ACC,53,0.16048
11,DLS-ACC,naive,ACC,54,0.349349
11,DLS-ACC,naive,ACC,55,0.008185
11,DLS-ACC,naive,ACC,56,0.569488
11,DLS-ACC,naive,ACC,57,0.026741
11,DLS-ACC,naive,ACC,58,0.384484
11,DLS-ACC,naive,ACC,59,0.007898
11,DLS-ACC,naive,ACC,60,0.010732
11,DLS-ACC,intermediate,DLS,0,1.12673
11,DLS-ACC,intermediate,DLS,1,0.912785
11,DLS-ACC,intermediate,DLS,2,6.698781
11,DLS-ACC,intermediate,DLS,3,1.257555
11,DLS-ACC,intermediate,DLS,4,0.0
11,DLS-ACC,intermediate,ACC,0,0.231977
11,DLS-ACC,intermediate,ACC,1,0.065092
11,DLS-ACC,intermediate,ACC,2,0.438175
11,DLS-ACC,intermediate,ACC,3,0.149706
11,DLS-ACC,intermediate,ACC,4,0.2667
11,DLS-ACC,intermediate,ACC,5,0.096135
11,DLS-ACC,intermediate,ACC,6,0.033027
11,DLS-ACC,intermediate,ACC,7,0.211561
11,DLS-ACC,intermediate,ACC,8,0.545222
11,DLS-ACC,intermediate,ACC,9,0.050305
11,DLS-ACC,intermediate,ACC,10,0.560726
11,DLS-ACC,intermediate,ACC,11,0.011996
11,DLS-ACC,intermediate,ACC,12,0.042478
11,DLS-ACC,intermediate,ACC,13,0.041511
11,DLS-ACC,intermediate,ACC,14,0.082008
11,DLS-ACC,intermediate,ACC,15,0.008732
11,DLS-ACC,intermediate,ACC,16,0.031443
11,DLS-ACC,intermediate,ACC,17,0.06054
11,DLS-ACC,intermediate,ACC,18,0.26506
11,DLS-ACC,intermediate,ACC,19,0.114106
11,DLS-ACC,intermediate,ACC,20,0.033865
11,DLS-ACC,intermediate,ACC,21,0.455153
11,DLS-ACC,intermediate,ACC,22,0.118881
11,DLS-ACC,intermediate,ACC,23,0.047603
11,DLS-ACC,intermediate,ACC,24,0.09655
11,DLS-ACC,intermediate,ACC,25,0.019735
11,DLS-ACC,intermediate,ACC,26,0.141286
11,DLS-ACC,intermediate,ACC,27,0.095426
11,DLS-ACC,intermediate,ACC,28,0.281882
11,DLS-ACC,intermediate,ACC,29,0.278255
11,DLS-ACC,intermediate,ACC,30,0.005072
11,DLS-ACC,intermediate,ACC,31,0.080596
11,DLS-ACC,intermediate,ACC,32,0.138563
11,DLS-ACC,intermediate,ACC,33,0.028603
11,DLS-ACC,intermediate,ACC,34,0.441932
11,DLS-ACC,intermediate,ACC,35,0.13615
11,DLS-ACC,intermediate,ACC,36,0.102775
11,DLS-ACC,intermediate,ACC,37,0.376786
11,DLS-ACC,intermediate,ACC,38,0.0195
11,DLS-ACC,intermediate,ACC,39,0.001164
11,DLS-ACC,intermediate,ACC,40,0.0
11,DLS-ACC,intermediate,ACC,41,0.161596
11,DLS-ACC,intermediate,ACC,42,0.172496
11,DLS-ACC,intermediate,ACC,43,0.022385
11,DLS-ACC,intermediate,ACC,44,0.049866
11,DLS-ACC,intermediate,ACC,45,0.020034
11,DLS-ACC,intermediate,ACC,46,0.086472
11,DLS-ACC,intermediate,ACC,47,0.403133
11,DLS-ACC,intermediate,ACC,48,0.256427
11,DLS-ACC,intermediate,ACC,49,0.130441
11,DLS-ACC,intermediate,ACC,50,0.023607
11,DLS-ACC,intermediate,ACC,51,0.0
11,DLS-ACC,intermediate,ACC,52,0.037679
11,DLS-ACC,intermediate,ACC,53,0.017462
11,DLS-ACC,intermediate,ACC,54,0.011612
11,DLS-ACC,intermediate,ACC,55,0.246346
11,DLS-ACC,intermediate,ACC,56,0.178037
11,DLS-ACC,intermediate,ACC,57,0.001967
11,DLS-ACC,intermediate,ACC,58,0.221985
11,DLS-ACC,intermediate,ACC,59,0.045073
11,DLS-ACC,intermediate,ACC,60,0.064703
11,DLS-ACC,expert,DLS,0,0.810884
11,DLS-ACC,expert,DLS,1,0.617933
11,DLS-ACC,expert,DLS,2,5.876438
11,DLS-ACC,expert,DLS,3,1.765292
11,DLS-ACC,expert,DLS,4,1.520314
11,DLS-ACC,expert,ACC,0,0.207973
11,DLS-ACC,expert,ACC,1,0.134391
11,DLS-ACC,expert,ACC,2,0.047502
11,DLS-ACC,expert,ACC,3,0.193259
11,DLS-ACC,expert,ACC,4,0.356954
11,DLS-ACC,expert,ACC,5,0.08958
11,DLS-ACC,expert,ACC,6,0.022557
11,DLS-ACC,expert,ACC,7,0.062769
11,DLS-ACC,expert,ACC,8,0.480224
11,DLS-ACC,expert,ACC,9,0.037134
11,DLS-ACC,expert,ACC,10,0.405829
11,DLS-ACC,expert,ACC,11,0.083295
11,DLS-ACC,expert,ACC,12,0.124206
11,DLS-ACC,expert,ACC,13,0.048157
11,DLS-ACC,expert,ACC,14,0.068531
11,DLS-ACC,expert,ACC,15,0.038812
11,DLS-ACC,expert,ACC,16,0.128079
11,DLS-ACC,expert,ACC,17,0.061422
11,DLS-ACC,expert,ACC,18,0.361069
11,DLS-ACC,expert,ACC,19,0.120089
11,DLS-ACC,expert,ACC,20,0.077088
11,DLS-ACC,expert,ACC,21,0.117102
11,DLS-ACC,expert,ACC,22,0.057352
11,DLS-ACC,expert,ACC,23,0.085336
11,DLS-ACC,expert,ACC,24,0.027325
11,DLS-ACC,expert,ACC,25,0.037159
11,DLS-ACC,expert,ACC,26,0.048564
11,DLS-ACC,expert,ACC,27,0.215558
11,DLS-ACC,expert,ACC,28,0.173323
11,DLS-ACC,expert,ACC,29,0.486621
11,DLS-ACC,expert,ACC,30,0.032516
11,DLS-ACC,expert,ACC,31,0.083838
11,DLS-ACC,expert,ACC,32,0.396193
11,DLS-ACC,expert,ACC,33,0.636949
11,DLS-ACC,expert,ACC,34,0.100348
11,DLS-ACC,expert,ACC,35,0.339462
11,DLS-ACC,expert,ACC,36,0.074891
11,DLS-ACC,expert,ACC,37,0.062553
11,DLS-ACC,expert,ACC,38,0.277806
11,DLS-ACC,expert,ACC,39,0.359948
11,DLS-ACC,expert,ACC,40,0.170364
11,DLS-ACC,expert,ACC,41,0.214673
11,DLS-ACC,expert,ACC,42,0.030294
11,DLS-ACC,expert,ACC,43,0.017746
11,DLS-ACC,expert,ACC,44,0.170352
11,DLS-ACC,expert,ACC,45,0.038057
11,DLS-ACC,expert,ACC,46,0.079414
11,DLS-ACC,expert,ACC,47,0.601786
11,DLS-ACC,expert,ACC,48,0.379622
11,DLS-ACC,expert,ACC,49,0.030771
11,DLS-ACC,expert,ACC,50,0.048231
11,DLS-ACC,expert,ACC,51,0.142075
11,DLS-ACC,expert,ACC,52,0.021552
11,DLS-ACC,expert,ACC,53,0.246645
11,DLS-ACC,expert,ACC,54,0.016886
11,DLS-ACC,expert,ACC,55,0.318274
11,DLS-ACC,expert,ACC,56,0.322493
11,DLS-ACC,expert,ACC,57,0.033516
11,DLS-ACC,expert,ACC,58,0.312077
11,DLS-ACC,expert,ACC,59,0.408681
11,DLS-ACC,expert,ACC,60,0.618943
11,V1-DMS,naive,V1,0,0.038301
11,V1-DMS,naive,V1,1,0.756035
11,V1-DMS,naive,V1,2,1.060698
11,V1-DMS,naive,V1,3,0.209161
11,V1-DMS,naive,V1,4,0.949427
11,V1-DMS,naive,V1,5,0.1118
11,V1-DMS,naive,V1,6,0.408304
11,V1-DMS,naive,V1,7,1.062106
11,V1-DMS,naive,V1,8,0.674379
11,V1-DMS,naive,V1,9,0.395643
11,V1-DMS,naive,V1,10,0.71798
11,V1-DMS,naive,V1,11,0.944598
11,V1-DMS,naive,V1,12,0.146331
11,V1-DMS,naive,V1,13,0.783068
11,V1-DMS,naive,V1,14,0.094206
11,V1-DMS,naive,V1,15,1.064152
11,V1-DMS,naive,V1,16,0.15575
11,V1-DMS,naive,V1,17,0.070984
11,V1-DMS,naive,V1,18,0.089676
11,V1-DMS,naive,V1,19,0.936874
11,V1-DMS,naive,V1,20,0.008589
11,V1-DMS,naive,V1,21,0.100564
11,V1-DMS,naive,V1,22,0.022335
11,V1-DMS,naive,V1,23,0.010298
11,V1-DMS,naive,V1,24,0.080988
11,V1-DMS,naive,V1,25,0.240217
11,V1-DMS,naive,V1,26,0.021092
11,V1-DMS,naive,V1,27,0.021918
11,V1-DMS,naive,V1,28,0.546149
11,V1-DMS,naive,V1,29,0.601974
11,V1-DMS,naive,V1,30,0.616583
11,V1-DMS,naive,V1,31,0.191422
11,V1-DMS,naive,V1,32,1.007514
11,V1-DMS,naive,V1,33,1.066667
11,V1-DMS,naive,V1,34,0.129069
11,V1-DMS,naive,V1,35,1.026657
11,V1-DMS,naive,V1,36,0.197185
11,V1-DMS,naive,V1,37,0.030697
11,V1-DMS,naive,V1,38,0.041054
11,V1-DMS,naive,V1,39,0.133416
11,V1-DMS,naive,V1,40,0.010632
11,V1-DMS,naive,V1,41,0.072827
11,V1-DMS,naive,V1,42,0.924454
11,V1-DMS,naive,V1,43,0.061918
11,V1-DMS,naive,V1,44,0.107159
11,V1-DMS,naive,V1,45,0.882185
11,V1-DMS,naive,V1,46,1.03509
11,V1-DMS,naive,V1,47,0.025726
11,V1-DMS,naive,V1,48,0.01521
11,V1-DMS,naive,V1,49,0.007385
11,V1-DMS,naive,V1,50,0.180988
11,V1-DMS,naive,V1,51,0.060166
11,V1-DMS,naive,V1,52,0.108747
11,V1-DMS,naive,V1,53,0.350259
11,V1-DMS,naive,DMS,0,1.033916
11,V1-DMS,naive,DMS,1,1.445393
11,V1-DMS,naive,DMS,2,0.427428
11,V1-DMS,naive,DMS,3,0.872445
11,V1-DMS,naive,DMS,4,1.148009
11,V1-DMS,naive,DMS,5,1.584328
11,V1-DMS,naive,DMS,6,0.489871
11,V1-DMS,naive,DMS,7,0.675866
11,V1-DMS,naive,DMS,8,2.633921
11,V1-DMS,naive,DMS,9,1.033615
11,V1-DMS,naive,DMS,10,1.768732
11,V1-DMS,naive,DMS,11,2.481176
11,V1-DMS,naive,DMS,12,0.734598
11,V1-DMS,naive,DMS,13,1.403413
11,V1-DMS,naive,DMS,14,0.552502
11,V1-DMS,naive,DMS,15,0.396644
11,V1-DMS,naive,DMS,16,0.495555
11,V1-DMS,naive,DMS,17,0.88976
11,V1-DMS,naive,DMS,18,2.182752
11,V1-DMS,naive,DMS,19,0.615006
11,V1-DMS,intermediate,V1,0,0.869127
11,V1-DMS,intermediate,V1,1,0.632911
11,V1-DMS,intermediate,V1,2,0.828148
11,V1-DMS,intermediate,V1,3,0.905687
11,V1-DMS,intermediate,V1,4,0.895401
11,V1-DMS,intermediate,V1,5,0.754841
11,V1-DMS,intermediate,V1,6,0.597309
11,V1-DMS,intermediate,V1,7,0.972935
11,V1-DMS,intermediate,V1,8,0.132587
11,V1-DMS,intermediate,V1,9,0.040449
11,V1-DMS,intermediate,V1,10,0.302512
11,V1-DMS,intermediate,V1,11,0.135961
11,V1-DMS,intermediate,V1,12,0.26182
11,V1-DMS,intermediate,V1,13,0.224216
11,V1-DMS,intermediate,V1,14,0.763602
11,V1-DMS,intermediate,V1,15,0.914537
11,V1-DMS,intermediate,V1,16,0.288405
11,V1-DMS,intermediate,V1,17,0.128256
11,V1-DMS,intermediate,V1,18,0.85904
11,V1-DMS,intermediate,V1,19,0.395459
11,V1-DMS,intermediate,V1,20,0.644267
11,V1-DMS,intermediate,V1,21,0.990766
11,V1-DMS,intermediate,V1,22,0.887731
11,V1-DMS,intermediate,V1,23,0.046983
11,V1-DMS,intermediate,V1,24,0.947685
11,V1-DMS,intermediate,V1,25,0.984001
11,V1-DMS,intermediate,V1,26,0.046471
11,V1-DMS,intermediate,V1,27,0.573656
11,V1-DMS,intermediate,V1,28,0.881575
11,V1-DMS,intermediate,V1,29,0.058968
11,V1-DMS,intermediate,V1,30,0.741858
11,V1-DMS,intermediate,V1,31,0.028621
11,V1-DMS,intermediate,V1,32,0.951314
11,V1-DMS,intermediate,V1,33,0.397637
11,V1-DMS,intermediate,V1,34,0.054049
11,V1-DMS,intermediate,V1,35,0.275306
11,V1-DMS,intermediate,V1,36,0.82998
11,V1-DMS,intermediate,V1,37,0.12732
11,V1-DMS,intermediate,V1,38,0.048901
11,V1-DMS,intermediate,V1,39,0.431674
11,V1-DMS,intermediate,V1,40,0.042095
11,V1-DMS,intermediate,V1,41,0.833728
11,V1-DMS,intermediate,V1,42,0.335723
11,V1-DMS,intermediate,V1,43,0.40085
11,V1-DMS,intermediate,V1,44,0.053227
11,V1-DMS,intermediate,V1,45,0.715776
11,V1-DMS,intermediate,V1,46,0.748243
11,V1-DMS,intermediate,V1,47,0.897917
11,V1-DMS,intermediate,V1,48,0.051905
11,V1-DMS,intermediate,V1,49,0.202399
11,V1-DMS,intermediate,V1,50,0.821634
11,V1-DMS,intermediate,V1,51,0.19112
11,V1-DMS,intermediate,V1,52,0.27211
11,V1-DMS,intermediate,V1,53,0.11754
11,V1-DMS,intermediate,DMS,0,1.026106
11,V1-DMS,intermediate,DMS,1,0.627922
11,V1-DMS,intermediate,DMS,2,1.330111
11,V1-DMS,intermediate,DMS,3,0.929877
11,V1-DMS,intermediate,DMS,4,1.056104
11,V1-DMS,intermediate,DMS,5,0.622413
11,V1-DMS,intermediate,DMS,6,2.218944
11,V1-DMS,intermediate,DMS,7,1.969114
11,V1-DMS,intermediate,DMS,8,1.401772
11,V1-DMS,intermediate,DMS,9,1.243208
11,V1-DMS,intermediate,DMS,10,1.473766
11,V1-DMS,intermediate,DMS,11,2.862823
11,V1-DMS,intermediate,DMS,12,1.106939
11,V1-DMS,intermediate,DMS,13,0.59724
11,V1-DMS,intermediate,DMS,14,7.806678
11,V1-DMS,intermediate,DMS,15,3.878603
11,V1-DMS,intermediate,DMS,16,1.993003
11,V1-DMS,intermediate,DMS,17,2.817886
11,V1-DMS,intermediate,DMS,18,2.148174
11,V1-DMS,intermediate,DMS,19,0.755462
11,V1-DMS,expert,V1,0,0.747943
11,V1-DMS,expert,V1,1,0.314826
11,V1-DMS,expert,V1,2,0.215387
11,V1-DMS,expert,V1,3,0.675337
11,V1-DMS,expert,V1,4,0.969516
11,V1-DMS,expert,V1,5,0.770748
11,V1-DMS,expert,V1,6,0.95508
11,V1-DMS,expert,V1,7,0.22568
11,V1-DMS,expert,V1,8,0.089656
11,V1-DMS,expert,V1,9,0.03601
11,V1-DMS,expert,V1,10,0.115125
11,V1-DMS,expert,V1,11,0.120932
11,V1-DMS,expert,V1,12,0.268277
11,V1-DMS,expert,V1,13,0.173818
11,V1-DMS,expert,V1,14,0.639024
11,V1-DMS,expert,V1,15,0.215064
11,V1-DMS,expert,V1,16,0.293326
11,V1-DMS,expert,V1,17,0.277129
11,V1-DMS,expert,V1,18,0.922689
11,V1-DMS,expert,V1,19,0.290793
11,V1-DMS,expert,V1,20,1.024146
11,V1-DMS,expert,V1,21,0.994858
11,V1-DMS,expert,V1,22,0.887062
11,V1-DMS,expert,V1,23,0.035585
11,V1-DMS,expert,V1,24,0.987951
11,V1-DMS,expert,V1,25,1.011766
11,V1-DMS,expert,V1,26,0.029829
11,V1-DMS,expert,V1,27,0.407554
11,V1-DMS,expert,V1,28,0.271683
11,V1-DMS,expert,V1,29,0.115588
11,V1-DMS,expert,V1,30,0.072378
11,V1-DMS,expert,V1,31,0.017478
11,V1-DMS,expert,V1,32,0.976886
11,V1-DMS,expert,V1,33,0.959314
11,V1-DMS,expert,V1,34,0.026354
11,V1-DMS,expert,V1,35,1.027701
11,V1-DMS,expert,V1,36,0.54079
11,V1-DMS,expert,V1,37,0.871506
11,V1-DMS,expert,V1,38,0.835051
11,V1-DMS,expert,V1,39,0.891878
11,V1-DMS,expert,V1,40,0.562486
11,V1-DMS,expert,V1,41,0.879999
11,V1-DMS,expert,V1,42,0.206469
11,V1-DMS,expert,V1,43,0.03077
11,V1-DMS,expert,V1,44,0.013168
11,V1-DMS,expert,V1,45,0.080382
11,V1-DMS,expert,V1,46,0.937561
11,V1-DMS,expert,V1,47,0.066064
11,V1-DMS,expert,V1,48,0.064361
11,V1-DMS,expert,V1,49,0.087411
11,V1-DMS,expert,V1,50,0.586819
11,V1-DMS,expert,V1,51,0.062131
11,V1-DMS,expert,V1,52,0.981846
11,V1-DMS,expert,V1,53,0.169068
11,V1-DMS,expert,DMS,0,1.02681
11,V1-DMS,expert,DMS,1,0.665068
11,V1-DMS,expert,DMS,2,1.343079
11,V1-DMS,expert,DMS,3,1.063776
11,V1-DMS,expert,DMS,4,1.023953
11,V1-DMS,expert,DMS,5,1.146933
11,V1-DMS,expert,DMS,6,1.956795
11,V1-DMS,expert,DMS,7,2.054503
11,V1-DMS,expert,DMS,8,1.545996
11,V1-DMS,expert,DMS,9,0.7072
11,V1-DMS,expert,DMS,10,1.504524
11,V1-DMS,expert,DMS,11,1.010819
11,V1-DMS,expert,DMS,12,1.480497
11,V1-DMS,expert,DMS,13,0.754028
11,V1-DMS,expert,DMS,14,3.676068
11,V1-DMS,expert,DMS,15,3.140513
11,V1-DMS,expert,DMS,16,3.573352
11,V1-DMS,expert,DMS,17,1.899233
11,V1-DMS,expert,DMS,18,2.481467
11,V1-DMS,expert,DMS,19,1.811037
11,V1-DLS,naive,V1,0,0.010676
11,V1-DLS,naive,V1,1,0.321048
11,V1-DLS,naive,V1,2,0.704598
11,V1-DLS,naive,V1,3,0.058605
11,V1-DLS,naive,V1,4,0.202273
11,V1-DLS,naive,V1,5,0.030687
11,V1-DLS,naive,V1,6,0.164525
11,V1-DLS,naive,V1,7,0.561955
11,V1-DLS,naive,V1,8,0.433935
11,V1-DLS,naive,V1,9,0.211256
11,V1-DLS,naive,V1,10,0.260263
11,V1-DLS,naive,V1,11,0.373507
11,V1-DLS,naive,V1,12,0.111834
11,V1-DLS,naive,V1,13,0.290565
11,V1-DLS,naive,V1,14,0.041355
11,V1-DLS,naive,V1,15,0.433469
11,V1-DLS,naive,V1,16,0.087468
11,V1-DLS,naive,V1,17,0.037618
11,V1-DLS,naive,V1,18,0.028147
11,V1-DLS,naive,V1,19,0.474468
11,V1-DLS,naive,V1,20,0.001833
11,V1-DLS,naive,V1,21,0.054675
11,V1-DLS,naive,V1,22,0.014805
11,V1-DLS,naive,V1,23,0.004572
11,V1-DLS,naive,V1,24,0.037197
11,V1-DLS,naive,V1,25,0.067887
11,V1-DLS,naive,V1,26,0.014046
11,V1-DLS,naive,V1,27,0.01234
11,V1-DLS,naive,V1,28,0.473023
11,V1-DLS,naive,V1,29,0.249154
11,V1-DLS,naive,V1,30,0.277664
11,V1-DLS,naive,V1,31,0.056629
11,V1-DLS,naive,V1,32,0.287178
11,V1-DLS,naive,V1,33,0.181056
11,V1-DLS,naive,V1,34,0.06105
11,V1-DLS,naive,V1,35,0.429744
11,V1-DLS,naive,V1,36,0.076299
11,V1-DLS,naive,V1,37,0.014277
11,V1-DLS,naive,V1,38,0.015769
11,V1-DLS,naive,V1,39,0.083818
11,V1-DLS,naive,V1,40,0.001196
11,V1-DLS,naive,V1,41,0.035574
11,V1-DLS,naive,V1,42,0.53115
11,V1-DLS,naive,V1,43,0.041742
11,V1-DLS,naive,V1,44,0.009228
11,V1-DLS,naive,V1,45,0.734955
11,V1-DLS,naive,V1,46,0.275569
11,V1-DLS,naive,V1,47,0.007098
11,V1-DLS,naive,V1,48,0.004456
11,V1-DLS,naive,V1,49,0.002663
11,V1-DLS,naive,V1,50,0.084211
11,V1-DLS,naive,V1,51,0.031376
11,V1-DLS,naive,V1,52,0.066589
11,V1-DLS,naive,V1,53,0.072004
11,V1-DLS,naive,DLS,0,1.638654
11,V1-DLS,naive,DLS,1,0.95603
11,V1-DLS,naive,DLS,2,3.414168
11,V1-DLS,naive,DLS,3,0.732102
11,V1-DLS,naive,DLS,4,0.749208
11,V1-DLS,intermediate,V1,0,0.305113
11,V1-DLS,intermediate,V1,1,0.223701
11,V1-DLS,intermediate,V1,2,0.351256
11,V1-DLS,intermediate,V1,3,0.37099
11,V1-DLS,intermediate,V1,4,0.365655
11,V1-DLS,intermediate,V1,5,0.324246
11,V1-DLS,intermediate,V1,6,0.091292
11,V1-DLS,intermediate,V1,7,0.764499
11,V1-DLS,intermediate,V1,8,0.056091
11,V1-DLS,intermediate,V1,9,0.022234
11,V1-DLS,intermediate,V1,10,0.185335
11,V1-DLS,intermediate,V1,11,0.024525
11,V1-DLS,intermediate,V1,12,0.112167
11,V1-DLS,intermediate,V1,13,0.049227
11,V1-DLS,intermediate,V1,14,0.19771
11,V1-DLS,intermediate,V1,15,0.579793
11,V1-DLS,intermediate,V1,16,0.132015
11,V1-DLS,intermediate,V1,17,0.055493
11,V1-DLS,intermediate,V1,18,0.179597
11,V1-DLS,intermediate,V1,19,0.169445
11,V1-DLS,intermediate,V1,20,0.164886
11,V1-DLS,intermediate,V1,21,0.184388
11,V1-DLS,intermediate,V1,22,0.249776
11,V1-DLS,intermediate,V1,23,0.02521
11,V1-DLS,intermediate,V1,24,0.210958
11,V1-DLS,intermediate,V1,25,0.112508
11,V1-DLS,intermediate,V1,26,0.021815
11,V1-DLS,intermediate,V1,27,0.211839
11,V1-DLS,intermediate,V1,28,0.406817
11,V1-DLS,intermediate,V1,29,0.047262
11,V1-DLS,intermediate,V1,30,0.523307
11,V1-DLS,intermediate,V1,31,0.011276
11,V1-DLS,intermediate,V1,32,0.324674
11,V1-DLS,intermediate,V1,33,0.166724
11,V1-DLS,intermediate,V1,34,0.006428
11,V1-DLS,intermediate,V1,35,0.128804
11,V1-DLS,intermediate,V1,36,0.342025
11,V1-DLS,intermediate,V1,37,0.034915
11,V1-DLS,intermediate,V1,38,0.00887
11,V1-DLS,intermediate,V1,39,0.184205
11,V1-DLS,intermediate,V1,40,0.013658
11,V1-DLS,intermediate,V1,41,0.380166
11,V1-DLS,intermediate,V1,42,0.192963
11,V1-DLS,intermediate,V1,43,0.103807
11,V1-DLS,intermediate,V1,44,0.032783
11,V1-DLS,intermediate,V1,45,0.483299
11,V1-DLS,intermediate,V1,46,0.540068
11,V1-DLS,intermediate,V1,47,0.345201
11,V1-DLS,intermediate,V1,48,0.026155
11,V1-DLS,intermediate,V1,49,0.093279
11,V1-DLS,intermediate,V1,50,0.404719
11,V1-DLS,intermediate,V1,51,0.078581
11,V1-DLS,intermediate,V1,52,0.141455
11,V1-DLS,intermediate,V1,53,0.047645
11,V1-DLS,intermediate,DLS,0,1.137806
11,V1-DLS,intermediate,DLS,1,0.91992
11,V1-DLS,intermediate,DLS,2,6.717533
11,V1-DLS,intermediate,DLS,3,1.254599
11,V1-DLS,intermediate,DLS,4,0.0
11,V1-DLS,expert,V1,0,0.291234
11,V1-DLS,expert,V1,1,0.205241
11,V1-DLS,expert,V1,2,0.041494
11,V1-DLS,expert,V1,3,0.453611
11,V1-DLS,expert,V1,4,0.532742
11,V1-DLS,expert,V1,5,0.698862
11,V1-DLS,expert,V1,6,0.503841
11,V1-DLS,expert,V1,7,0.093836
11,V1-DLS,expert,V1,8,0.041446
11,V1-DLS,expert,V1,9,0.02355
11,V1-DLS,expert,V1,10,0.078015
11,V1-DLS,expert,V1,11,0.052368
11,V1-DLS,expert,V1,12,0.100886
11,V1-DLS,expert,V1,13,0.051064
11,V1-DLS,expert,V1,14,0.455903
11,V1-DLS,expert,V1,15,0.11975
11,V1-DLS,expert,V1,16,0.23813
11,V1-DLS,expert,V1,17,0.147528
11,V1-DLS,expert,V1,18,0.497115
11,V1-DLS,expert,V1,19,0.113401
11,V1-DLS,expert,V1,20,0.462964
11,V1-DLS,expert,V1,21,0.610832
11,V1-DLS,expert,V1,22,0.29133
11,V1-DLS,expert,V1,23,0.029388
11,V1-DLS,expert,V1,24,0.156494
11,V1-DLS,expert,V1,25,0.784197
11,V1-DLS,expert,V1,26,0.013424
11,V1-DLS,expert,V1,27,0.169827
11,V1-DLS,expert,V1,28,0.079448
11,V1-DLS,expert,V1,29,0.04916
11,V1-DLS,expert,V1,30,0.041339
11,V1-DLS,expert,V1,31,0.009388
11,V1-DLS,expert,V1,32,0.407079
11,V1-DLS,expert,V1,33,0.183995
11,V1-DLS,expert,V1,34,0.010086
11,V1-DLS,expert,V1,35,0.223066
11,V1-DLS,expert,V1,36,0.314994
11,V1-DLS,expert,V1,37,0.401416
11,V1-DLS,expert,V1,38,0.136393
11,V1-DLS,expert,V1,39,0.73845
11,V1-DLS,expert,V1,40,0.172276
11,V1-DLS,expert,V1,41,0.291379
11,V1-DLS,expert,V1,42,0.075998
11,V1-DLS,expert,V1,43,0.014312
11,V1-DLS,expert,V1,44,0.006784
11,V1-DLS,expert,V1,45,0.041151
11,V1-DLS,expert,V1,46,0.32715
11,V1-DLS,expert,V1,47,0.023705
11,V1-DLS,expert,V1,48,0.04486
11,V1-DLS,expert,V1,49,0.045362
11,V1-DLS,expert,V1,50,0.401169
11,V1-DLS,expert,V1,51,0.040321
11,V1-DLS,expert,V1,52,0.351682
11,V1-DLS,expert,V1,53,0.109552
11,V1-DLS,expert,DLS,0,0.813183
11,V1-DLS,expert,DLS,1,0.622758
11,V1-DLS,expert,DLS,2,5.883056
11,V1-DLS,expert,DLS,3,1.771981
11,V1-DLS,expert,DLS,4,1.521324
11,V1-ACC,naive,V1,0,0.032049
11,V1-ACC,naive,V1,1,0.752817
11,V1-ACC,naive,V1,2,1.059659
11,V1-ACC,naive,V1,3,0.216597
11,V1-ACC,naive,V1,4,0.946448
11,V1-ACC,naive,V1,5,0.105651
11,V1-ACC,naive,V1,6,0.42415
11,V1-ACC,naive,V1,7,1.052702
11,V1-ACC,naive,V1,8,0.669692
11,V1-ACC,naive,V1,9,0.393313
11,V1-ACC,naive,V1,10,0.716711
11,V1-ACC,naive,V1,11,0.92911
11,V1-ACC,naive,V1,12,0.150623
11,V1-ACC,naive,V1,13,0.777893
11,V1-ACC,naive,V1,14,0.100785
11,V1-ACC,naive,V1,15,1.052182
11,V1-ACC,naive,V1,16,0.159615
11,V1-ACC,naive,V1,17,0.067747
11,V1-ACC,naive,V1,18,0.084661
11,V1-ACC,naive,V1,19,0.932869
11,V1-ACC,naive,V1,20,0.008536
11,V1-ACC,naive,V1,21,0.111015
11,V1-ACC,naive,V1,22,0.02152
11,V1-ACC,naive,V1,23,0.011105
11,V1-ACC,naive,V1,24,0.075914
11,V1-ACC,naive,V1,25,0.234689
11,V1-ACC,naive,V1,26,0.023029
11,V1-ACC,naive,V1,27,0.021562
11,V1-ACC,naive,V1,28,0.549112
11,V1-ACC,naive,V1,29,0.60345
11,V1-ACC,naive,V1,30,0.61386
11,V1-ACC,naive,V1,31,0.16387
11,V1-ACC,naive,V1,32,1.007899
11,V1-ACC,naive,V1,33,1.062105
11,V1-ACC,naive,V1,34,0.126932
11,V1-ACC,naive,V1,35,1.020885
11,V1-ACC,naive,V1,36,0.190403
11,V1-ACC,naive,V1,37,0.029051
11,V1-ACC,naive,V1,38,0.042556
11,V1-ACC,naive,V1,39,0.138309
11,V1-ACC,naive,V1,40,0.009993
11,V1-ACC,naive,V1,41,0.073518
11,V1-ACC,naive,V1,42,0.914087
11,V1-ACC,naive,V1,43,0.060376
11,V1-ACC,naive,V1,44,0.106653
11,V1-ACC,naive,V1,45,0.883303
11,V1-ACC,naive,V1,46,1.031015
11,V1-ACC,naive,V1,47,0.024208
11,V1-ACC,naive,V1,48,0.01585
11,V1-ACC,naive,V1,49,0.007259
11,V1-ACC,naive,V1,50,0.203895
11,V1-ACC,naive,V1,51,0.056059
11,V1-ACC,naive,V1,52,0.11086
11,V1-ACC,naive,V1,53,0.353349
11,V1-ACC,naive,ACC,0,0.017809
11,V1-ACC,naive,ACC,1,0.217296
11,V1-ACC,naive,ACC,2,0.882918
11,V1-ACC,naive,ACC,3,0.14648
11,V1-ACC,naive,ACC,4,0.037138
11,V1-ACC,naive,ACC,5,0.800314
11,V1-ACC,naive,ACC,6,0.653594
11,V1-ACC,naive,ACC,7,0.069896
11,V1-ACC,naive,ACC,8,0.895349
11,V1-ACC,naive,ACC,9,0.068213
11,V1-ACC,naive,ACC,10,0.107854
11,V1-ACC,naive,ACC,11,0.094965
11,V1-ACC,naive,ACC,12,0.316063
11,V1-ACC,naive,ACC,13,0.037915
11,V1-ACC,naive,ACC,14,0.587995
11,V1-ACC,naive,ACC,15,0.440575
11,V1-ACC,naive,ACC,16,0.801484
11,V1-ACC,naive,ACC,17,0.453784
11,V1-ACC,naive,ACC,18,0.029487
11,V1-ACC,naive,ACC,19,0.070488
11,V1-ACC,naive,ACC,20,0.888005
11,V1-ACC,naive,ACC,21,0.25053
11,V1-ACC,naive,ACC,22,0.230072
11,V1-ACC,naive,ACC,23,0.727964
11,V1-ACC,naive,ACC,24,0.783791
11,V1-ACC,naive,ACC,25,0.682112
11,V1-ACC,naive,ACC,26,0.062868
11,V1-ACC,naive,ACC,27,0.077493
11,V1-ACC,naive,ACC,28,0.126725
11,V1-ACC,naive,ACC,29,0.083407
11,V1-ACC,naive,ACC,30,0.028574
11,V1-ACC,naive,ACC,31,0.037182
11,V1-ACC,naive,ACC,32,0.081606
11,V1-ACC,naive,ACC,33,0.59059
11,V1-ACC,naive,ACC,34,0.929048
11,V1-ACC,naive,ACC,35,0.049082
11,V1-ACC,naive,ACC,36,0.877029
11,V1-ACC,naive,ACC,37,0.021141
11,V1-ACC,naive,ACC,38,0.017741
11,V1-ACC,naive,ACC,39,0.430887
11,V1-ACC,naive,ACC,40,0.0
11,V1-ACC,naive,ACC,41,0.082379
11,V1-ACC,naive,ACC,42,0.925402
11,V1-ACC,naive,ACC,43,0.166724
11,V1-ACC,naive,ACC,44,0.191438
11,V1-ACC,naive,ACC,45,0.768669
11,V1-ACC,naive,ACC,46,0.030096
11,V1-ACC,naive,ACC,47,0.146258
11,V1-ACC,naive,ACC,48,0.040752
11,V1-ACC,naive,ACC,49,0.240062
11,V1-ACC,naive,ACC,50,0.101403
11,V1-ACC,naive,ACC,51,0.393965
11,V1-ACC,naive,ACC,52,0.221647
11,V1-ACC,naive,ACC,53,0.636097
11,V1-ACC,naive,ACC,54,0.597378
11,V1-ACC,naive,ACC,55,0.020306
11,V1-ACC,naive,ACC,56,0.81157
11,V1-ACC,naive,ACC,57,0.055746
11,V1-ACC,naive,ACC,58,0.719223
11,V1-ACC,naive,ACC,59,0.018441
11,V1-ACC,naive,ACC,60,0.048085
11,V1-ACC,intermediate,V1,0,0.856547
11,V1-ACC,intermediate,V1,1,0.69694
11,V1-ACC,intermediate,V1,2,0.770821
11,V1-ACC,intermediate,V1,3,0.904254
11,V1-ACC,intermediate,V1,4,0.894055
11,V1-ACC,intermediate,V1,5,0.754178
11,V1-ACC,intermediate,V1,6,0.533544
11,V1-ACC,intermediate,V1,7,0.961989
11,V1-ACC,intermediate,V1,8,0.142559
11,V1-ACC,intermediate,V1,9,0.039742
11,V1-ACC,intermediate,V1,10,0.295507
11,V1-ACC,intermediate,V1,11,0.129228
11,V1-ACC,intermediate,V1,12,0.256918
11,V1-ACC,intermediate,V1,13,0.233324
11,V1-ACC,intermediate,V1,14,0.769307
11,V1-ACC,intermediate,V1,15,0.903595
11,V1-ACC,intermediate,V1,16,0.282822
11,V1-ACC,intermediate,V1,17,0.125967
11,V1-ACC,intermediate,V1,18,0.851247
11,V1-ACC,intermediate,V1,19,0.395424
11,V1-ACC,intermediate,V1,20,0.665466
11,V1-ACC,intermediate,V1,21,0.978389
11,V1-ACC,intermediate,V1,22,0.885424
11,V1-ACC,intermediate,V1,23,0.049981
11,V1-ACC,intermediate,V1,24,0.971846
11,V1-ACC,intermediate,V1,25,0.989462
11,V1-ACC,intermediate,V1,26,0.050676
11,V1-ACC,intermediate,V1,27,0.571433
11,V1-ACC,intermediate,V1,28,0.872089
11,V1-ACC,intermediate,V1,29,0.060504
11,V1-ACC,intermediate,V1,30,0.737726
11,V1-ACC,intermediate,V1,31,0.026749
11,V1-ACC,intermediate,V1,32,0.94687
11,V1-ACC,intermediate,V1,33,0.386167
11,V1-ACC,intermediate,V1,34,0.047777
11,V1-ACC,intermediate,V1,35,0.249093
11,V1-ACC,intermediate,V1,36,0.868131
11,V1-ACC,intermediate,V1,37,0.131555
11,V1-ACC,intermediate,V1,38,0.050438
11,V1-ACC,intermediate,V1,39,0.404596
11,V1-ACC,intermediate,V1,40,0.044732
11,V1-ACC,intermediate,V1,41,0.826989
11,V1-ACC,intermediate,V1,42,0.344842
11,V1-ACC,intermediate,V1,43,0.385418
11,V1-ACC,intermediate,V1,44,0.044596
11,V1-ACC,intermediate,V1,45,0.661296
11,V1-ACC,intermediate,V1,46,0.782282
11,V1-ACC,intermediate,V1,47,0.885722
11,V1-ACC,intermediate,V1,48,0.049281
11,V1-ACC,intermediate,V1,49,0.203944
11,V1-ACC,intermediate,V1,50,0.829628
11,V1-ACC,intermediate,V1,51,0.164078
11,V1-ACC,intermediate,V1,52,0.273653
11,V1-ACC,intermediate,V1,53,0.111206
11,V1-ACC,intermediate,ACC,0,0.487781
11,V1-ACC,intermediate,ACC,1,0.198164
11,V1-ACC,intermediate,ACC,2,0.976645
11,V1-ACC,intermediate,ACC,3,0.371108
11,V1-ACC,intermediate,ACC,4,0.475001
11,V1-ACC,intermediate,ACC,5,0.501184
11,V1-ACC,intermediate,ACC,6,0.071951
11,V1-ACC,intermediate,ACC,7,0.843475
11,V1-ACC,intermediate,ACC,8,0.612069
11,V1-ACC,intermediate,ACC,9,0.1222
11,V1-ACC,intermediate,ACC,10,0.814745
11,V1-ACC,intermediate,ACC,11,0.027773
11,V1-ACC,intermediate,ACC,12,0.133488
11,V1-ACC,intermediate,ACC,13,0.104985
11,V1-ACC,intermediate,ACC,14,0.144525
11,V1-ACC,intermediate,ACC,15,0.014533
11,V1-ACC,intermediate,ACC,16,0.180681
11,V1-ACC,intermediate,ACC,17,0.282819
11,V1-ACC,intermediate,ACC,18,0.817285
11,V1-ACC,intermediate,ACC,19,0.746096
11,V1-ACC,intermediate,ACC,20,0.096398
11,V1-ACC,intermediate,ACC,21,0.834763
11,V1-ACC,intermediate,ACC,22,0.423031
11,V1-ACC,intermediate,ACC,23,0.16579
11,V1-ACC,intermediate,ACC,24,0.333396
11,V1-ACC,intermediate,ACC,25,0.054296
11,V1-ACC,intermediate,ACC,26,0.252439
11,V1-ACC,intermediate,ACC,27,0.241196
11,V1-ACC,intermediate,ACC,28,0.768112
11,V1-ACC,intermediate,ACC,29,0.920853
11,V1-ACC,intermediate,ACC,30,0.0509
11,V1-ACC,intermediate,ACC,31,0.178836
11,V1-ACC,intermediate,ACC,32,0.701295
11,V1-ACC,intermediate,ACC,33,0.123532
11,V1-ACC,intermediate,ACC,34,0.921691
11,V1-ACC,intermediate,ACC,35,0.953276
11,V1-ACC,intermediate,ACC,36,0.150279
11,V1-ACC,intermediate,ACC,37,0.612254
11,V1-ACC,intermediate,ACC,38,0.136319
11,V1-ACC,intermediate,ACC,39,0.00375
11,V1-ACC,intermediate,ACC,40,0.0
11,V1-ACC,intermediate,ACC,41,0.85953
11,V1-ACC,intermediate,ACC,42,0.296402
11,V1-ACC,intermediate,ACC,43,0.038791
11,V1-ACC,intermediate,ACC,44,0.154461
11,V1-ACC,intermediate,ACC,45,0.049858
11,V1-ACC,intermediate,ACC,46,0.157356
11,V1-ACC,intermediate,ACC,47,0.722499
11,V1-ACC,intermediate,ACC,48,0.564987
11,V1-ACC,intermediate,ACC,49,0.326895
11,V1-ACC,intermediate,ACC,50,0.067137
11,V1-ACC,intermediate,ACC,51,0.0
11,V1-ACC,intermediate,ACC,52,0.095496
11,V1-ACC,intermediate,ACC,53,0.059092
11,V1-ACC,intermediate,ACC,54,0.037882
11,V1-ACC,intermediate,ACC,55,0.921509
11,V1-ACC,intermediate,ACC,56,0.521679
11,V1-ACC,intermediate,ACC,57,0.006627
11,V1-ACC,intermediate,ACC,58,0.773454
11,V1-ACC,intermediate,ACC,59,0.222003
11,V1-ACC,intermediate,ACC,60,0.315693
11,V1-ACC,expert,V1,0,0.736526
11,V1-ACC,expert,V1,1,0.328586
11,V1-ACC,expert,V1,2,0.209457
11,V1-ACC,expert,V1,3,0.64656
11,V1-ACC,expert,V1,4,0.967232
11,V1-ACC,expert,V1,5,0.760673
11,V1-ACC,expert,V1,6,0.948119
11,V1-ACC,expert,V1,7,0.246879
11,V1-ACC,expert,V1,8,0.091762
11,V1-ACC,expert,V1,9,0.035674
11,V1-ACC,expert,V1,10,0.116382
11,V1-ACC,expert,V1,11,0.109267
11,V1-ACC,expert,V1,12,0.259208
11,V1-ACC,expert,V1,13,0.155804
11,V1-ACC,expert,V1,14,0.628874
11,V1-ACC,expert,V1,15,0.21837
11,V1-ACC,expert,V1,16,0.296915
11,V1-ACC,expert,V1,17,0.271568
11,V1-ACC,expert,V1,18,0.921233
11,V1-ACC,expert,V1,19,0.288162
11,V1-ACC,expert,V1,20,1.015074
11,V1-ACC,expert,V1,21,0.990323
11,V1-ACC,expert,V1,22,0.868999
11,V1-ACC,expert,V1,23,0.03721
11,V1-ACC,expert,V1,24,0.98913
11,V1-ACC,expert,V1,25,1.00468
11,V1-ACC,expert,V1,26,0.030221
11,V1-ACC,expert,V1,27,0.365936
11,V1-ACC,expert,V1,28,0.264578
11,V1-ACC,expert,V1,29,0.11596
11,V1-ACC,expert,V1,30,0.071526
11,V1-ACC,expert,V1,31,0.017122
11,V1-ACC,expert,V1,32,0.96532
11,V1-ACC,expert,V1,33,0.958617
11,V1-ACC,expert,V1,34,0.025872
11,V1-ACC,expert,V1,35,1.014314
11,V1-ACC,expert,V1,36,0.553614
11,V1-ACC,expert,V1,37,0.86469
11,V1-ACC,expert,V1,38,0.843231
11,V1-ACC,expert,V1,39,0.950145
11,V1-ACC,expert,V1,40,0.54258
11,V1-ACC,expert,V1,41,0.871071
11,V1-ACC,expert,V1,42,0.203736
11,V1-ACC,expert,V1,43,0.0315
11,V1-ACC,expert,V1,44,0.013144
11,V1-ACC,expert,V1,45,0.072676
11,V1-ACC,expert,V1,46,0.934123
11,V1-ACC,expert,V1,47,0.067566
11,V1-ACC,expert,V1,48,0.065785
11,V1-ACC,expert,V1,49,0.087384
11,V1-ACC,expert,V1,50,0.536582
11,V1-ACC,expert,V1,51,0.060373
11,V1-ACC,expert,V1,52,0.976842
11,V1-ACC,expert,V1,53,0.165345
11,V1-ACC,expert,ACC,0,0.558305
11,V1-ACC,expert,ACC,1,0.262871
11,V1-ACC,expert,ACC,2,0.085378
11,V1-ACC,expert,ACC,3,0.378225
11,V1-ACC,expert,ACC,4,0.901116
11,V1-ACC,expert,ACC,5,0.195392
11,V1-ACC,expert,ACC,6,0.061026
11,V1-ACC,expert,ACC,7,0.116264
11,V1-ACC,expert,ACC,8,0.719375
11,V1-ACC,expert,ACC,9,0.062418
11,V1-ACC,expert,ACC,10,0.794757
11,V1-ACC,expert,ACC,11,0.142067
11,V1-ACC,expert,ACC,12,0.247653
11,V1-ACC,expert,ACC,13,0.142985
11,V1-ACC,expert,ACC,14,0.138839
11,V1-ACC,expert,ACC,15,0.077019
11,V1-ACC,expert,ACC,16,0.232183
11,V1-ACC,expert,ACC,17,0.113816
11,V1-ACC,expert,ACC,18,0.855458
11,V1-ACC,expert,ACC,19,0.191197
11,V1-ACC,expert,ACC,20,0.096763
11,V1-ACC,expert,ACC,21,0.294705
11,V1-ACC,expert,ACC,22,0.131647
11,V1-ACC,expert,ACC,23,0.252522
11,V1-ACC,expert,ACC,24,0.093677
11,V1-ACC,expert,ACC,25,0.070726
11,V1-ACC,expert,ACC,26,0.084265
11,V1-ACC,expert,ACC,27,0.363186
11,V1-ACC,expert,ACC,28,0.803886
11,V1-ACC,expert,ACC,29,0.796954
11,V1-ACC,expert,ACC,30,0.080984
11,V1-ACC,expert,ACC,31,0.149389
11,V1-ACC,expert,ACC,32,0.690894
11,V1-ACC,expert,ACC,33,0.822988
11,V1-ACC,expert,ACC,34,0.141078
11,V1-ACC,expert,ACC,35,0.988789
11,V1-ACC,expert,ACC,36,0.16451
11,V1-ACC,expert,ACC,37,0.144251
11,V1-ACC,expert,ACC,38,0.632999
11,V1-ACC,expert,ACC,39,0.802218
11,V1-ACC,expert,ACC,40,0.556516
11,V1-ACC,expert,ACC,41,0.41581
11,V1-ACC,expert,ACC,42,0.050443
11,V1-ACC,expert,ACC,43,0.032036
11,V1-ACC,expert,ACC,44,0.270483
11,V1-ACC,expert,ACC,45,0.048844
11,V1-ACC,expert,ACC,46,0.117244
11,V1-ACC,expert,ACC,47,0.814074
11,V1-ACC,expert,ACC,48,0.782083
11,V1-ACC,expert,ACC,49,0.065744
11,V1-ACC,expert,ACC,50,0.073674
11,V1-ACC,expert,ACC,51,0.192104
11,V1-ACC,expert,ACC,52,0.063789
11,V1-ACC,expert,ACC,53,0.743909
11,V1-ACC,expert,ACC,54,0.040102
11,V1-ACC,expert,ACC,55,0.777117
11,V1-ACC,expert,ACC,56,0.877559
11,V1-ACC,expert,ACC,57,0.074002
11,V1-ACC,expert,ACC,58,0.727225
11,V1-ACC,expert,ACC,59,0.78014
11,V1-ACC,expert,ACC,60,0.863453
11,CA1-DMS,naive,CA1,0,2.7806
11,CA1-DMS,naive,CA1,1,1.390563
11,CA1-DMS,naive,CA1,2,1.914971
11,CA1-DMS,naive,CA1,3,1.682205
11,CA1-DMS,naive,CA1,4,2.180973
11,CA1-DMS,naive,CA1,5,0.10529
11,CA1-DMS,naive,CA1,6,3.929745
11,CA1-DMS,naive,CA1,7,1.010925
11,CA1-DMS,naive,CA1,8,1.955214
11,CA1-DMS,naive,CA1,9,0.93465
11,CA1-DMS,naive,CA1,10,1.171209
11,CA1-DMS,naive,CA1,11,0.0
11,CA1-DMS,naive,CA1,12,0.638509
11,CA1-DMS,naive,CA1,13,1.20225
11,CA1-DMS,naive,CA1,14,1.148797
11,CA1-DMS,naive,CA1,15,1.568953
11,CA1-DMS,naive,CA1,16,0.980747
11,CA1-DMS,naive,CA1,17,1.101519
11,CA1-DMS,naive,CA1,18,1.279608
11,CA1-DMS,naive,CA1,19,0.561767
11,CA1-DMS,naive,CA1,20,0.426783
11,CA1-DMS,naive,CA1,21,0.829979
11,CA1-DMS,naive,DMS,0,1.03736
11,CA1-DMS,naive,DMS,1,1.454126
11,CA1-DMS,naive,DMS,2,0.430866
11,CA1-DMS,naive,DMS,3,0.878016
11,CA1-DMS,naive,DMS,4,1.151875
11,CA1-DMS,naive,DMS,5,1.589156
11,CA1-DMS,naive,DMS,6,0.495375
11,CA1-DMS,naive,DMS,7,0.679775
11,CA1-DMS,naive,DMS,8,2.634253
11,CA1-DMS,naive,DMS,9,1.039072
11,CA1-DMS,naive,DMS,10,1.794077
11,CA1-DMS,naive,DMS,11,2.489277
11,CA1-DMS,naive,DMS,12,0.742654
11,CA1-DMS,naive,DMS,13,1.413655
11,CA1-DMS,naive,DMS,14,0.566329
11,CA1-DMS,naive,DMS,15,0.405048
11,CA1-DMS,naive,DMS,16,0.502125
11,CA1-DMS,naive,DMS,17,0.900596
11,CA1-DMS,naive,DMS,18,2.191511
11,CA1-DMS,naive,DMS,19,0.62022
11,CA1-DMS,intermediate,CA1,0,0.84338
11,CA1-DMS,intermediate,CA1,1,1.236776
11,CA1-DMS,intermediate,CA1,2,0.749751
11,CA1-DMS,intermediate,CA1,3,0.684646
11,CA1-DMS,intermediate,CA1,4,0.011963
11,CA1-DMS,intermediate,CA1,5,0.024767
11,CA1-DMS,intermediate,CA1,6,1.203657
11,CA1-DMS,intermediate,CA1,7,1.055126
11,CA1-DMS,intermediate,CA1,8,0.69302
11,CA1-DMS,intermediate,CA1,9,0.973831
11,CA1-DMS,intermediate,CA1,10,1.433374
11,CA1-DMS,intermediate,CA1,11,2.230954
11,CA1-DMS,intermediate,CA1,12,1.421002
11,CA1-DMS,intermediate,CA1,13,0.79358
11,CA1-DMS,intermediate,CA1,14,1.23598
11,CA1-DMS,intermediate,CA1,15,0.76268
11,CA1-DMS,intermediate,CA1,16,1.30954
11,CA1-DMS,intermediate,CA1,17,0.936108
11,CA1-DMS,intermediate,CA1,18,1.400883
11,CA1-DMS,intermediate,CA1,19,1.268568
11,CA1-DMS,intermediate,CA1,20,2.20963
11,CA1-DMS,intermediate,CA1,21,1.279899
11,CA1-DMS,intermediate,DMS,0,1.027829
11,CA1-DMS,intermediate,DMS,1,0.642404
11,CA1-DMS,intermediate,DMS,2,1.336655
11,CA1-DMS,intermediate,DMS,3,0.933202
11,CA1-DMS,intermediate,DMS,4,1.057989
11,CA1-DMS,intermediate,DMS,5,0.619402
11,CA1-DMS,intermediate,DMS,6,2.228791
11,CA1-DMS,intermediate,DMS,7,1.97682
11,CA1-DMS,intermediate,DMS,8,1.406054
11,CA1-DMS,intermediate,DMS,9,1.248791
11,CA1-DMS,intermediate,DMS,10,1.469527
11,CA1-DMS,intermediate,DMS,11,2.998007
11,CA1-DMS,intermediate,DMS,12,1.112981
11,CA1-DMS,intermediate,DMS,13,0.601647
11,CA1-DMS,intermediate,DMS,14,7.941885
11,CA1-DMS,intermediate,DMS,15,3.937314
11,CA1-DMS,intermediate,DMS,16,2.018509
11,CA1-DMS,intermediate,DMS,17,2.815597
11,CA1-DMS,intermediate,DMS,18,2.169026
11,CA1-DMS,intermediate,DMS,19,0.762082
11,CA1-DMS,expert,CA1,0,0.77604
11,CA1-DMS,expert,CA1,1,1.193776
11,CA1-DMS,expert,CA1,2,0.783979
11,CA1-DMS,expert,CA1,3,0.765284
11,CA1-DMS,expert,CA1,4,0.881622
11,CA1-DMS,expert,CA1,5,2.05834
11,CA1-DMS,expert,CA1,6,1.066499
11,CA1-DMS,expert,CA1,7,1.067572
11,CA1-DMS,expert,CA1,8,0.802518
11,CA1-DMS,expert,CA1,9,1.082377
11,CA1-DMS,expert,CA1,10,0.957815
11,CA1-DMS,expert,CA1,11,0.051013
11,CA1-DMS,expert,CA1,12,1.431058
11,CA1-DMS,expert,CA1,13,0.958434
11,CA1-DMS,expert,CA1,14,0.859219
11,CA1-DMS,expert,CA1,15,0.739135
11,CA1-DMS,expert,CA1,16,1.462365
11,CA1-DMS,expert,CA1,17,1.059008
11,CA1-DMS,expert,CA1,18,1.156688
11,CA1-DMS,expert,CA1,19,1.326032
11,CA1-DMS,expert,CA1,20,1.017162
11,CA1-DMS,expert,CA1,21,1.42109
11,CA1-DMS,expert,DMS,0,1.029826
11,CA1-DMS,expert,DMS,1,0.673865
11,CA1-DMS,expert,DMS,2,1.351916
11,CA1-DMS,expert,DMS,3,1.067999
11,CA1-DMS,expert,DMS,4,1.028648
11,CA1-DMS,expert,DMS,5,1.148867
11,CA1-DMS,expert,DMS,6,1.971393
11,CA1-DMS,expert,DMS,7,2.062448
11,CA1-DMS,expert,DMS,8,1.56392
11,CA1-DMS,expert,DMS,9,0.715223
11,CA1-DMS,expert,DMS,10,1.586394
11,CA1-DMS,expert,DMS,11,1.015119
11,CA1-DMS,expert,DMS,12,1.484457
11,CA1-DMS,expert,DMS,13,0.758189
11,CA1-DMS,expert,DMS,14,3.784888
11,CA1-DMS,expert,DMS,15,3.147557
11,CA1-DMS,expert,DMS,16,3.592929
11,CA1-DMS,expert,DMS,17,1.902998
11,CA1-DMS,expert,DMS,18,2.492879
11,CA1-DMS,expert,DMS,19,1.821358
11,CA1-DLS,naive,CA1,0,1.473705
11,CA1-DLS,naive,CA1,1,0.513143
11,CA1-DLS,naive,CA1,2,0.600159
11,CA1-DLS,naive,CA1,3,0.74406
11,CA1-DLS,naive,CA1,4,0.51728
11,CA1-DLS,naive,CA1,5,0.052895
11,CA1-DLS,naive,CA1,6,1.954256
11,CA1-DLS,naive,CA1,7,0.591995
11,CA1-DLS,naive,CA1,8,0.388834
11,CA1-DLS,naive,CA1,9,0.266345
11,CA1-DLS,naive,CA1,10,0.462338
11,CA1-DLS,naive,CA1,11,0.0
11,CA1-DLS,naive,CA1,12,0.409071
11,CA1-DLS,naive,CA1,13,0.978454
11,CA1-DLS,naive,CA1,14,0.661845
11,CA1-DLS,naive,CA1,15,0.612508
11,CA1-DLS,naive,CA1,16,0.465989
11,CA1-DLS,naive,CA1,17,0.618968
11,CA1-DLS,naive,CA1,18,0.414392
11,CA1-DLS,naive,CA1,19,0.273068
11,CA1-DLS,naive,CA1,20,0.331639
11,CA1-DLS,naive,CA1,21,0.550352
11,CA1-DLS,naive,DLS,0,1.654852
11,CA1-DLS,naive,DLS,1,0.956197
11,CA1-DLS,naive,DLS,2,3.426334
11,CA1-DLS,naive,DLS,3,0.735792
11,CA1-DLS,naive,DLS,4,0.752611
11,CA1-DLS,intermediate,CA1,0,0.379713
11,CA1-DLS,intermediate,CA1,1,0.58362
11,CA1-DLS,intermediate,CA1,2,0.703751
11,CA1-DLS,intermediate,CA1,3,0.268196
11,CA1-DLS,intermediate,CA1,4,0.008612
11,CA1-DLS,intermediate,CA1,5,0.011385
11,CA1-DLS,intermediate,CA1,6,0.528065
11,CA1-DLS,intermediate,CA1,7,0.569453
11,CA1-DLS,intermediate,CA1,8,0.091266
11,CA1-DLS,intermediate,CA1,9,0.393473
11,CA1-DLS,intermediate,CA1,10,0.71458
11,CA1-DLS,intermediate,CA1,11,0.313867
11,CA1-DLS,intermediate,CA1,12,0.72525
11,CA1-DLS,intermediate,CA1,13,0.186286
11,CA1-DLS,intermediate,CA1,14,0.120382
11,CA1-DLS,intermediate,CA1,15,0.42021
11,CA1-DLS,intermediate,CA1,16,0.398852
11,CA1-DLS,intermediate,CA1,17,0.524277
11,CA1-DLS,intermediate,CA1,18,0.060269
11,CA1-DLS,intermediate,CA1,19,0.51747
11,CA1-DLS,intermediate,CA1,20,0.358418
11,CA1-DLS,intermediate,CA1,21,0.775774
11,CA1-DLS,intermediate,DLS,0,1.145931
11,CA1-DLS,intermediate,DLS,1,0.925353
11,CA1-DLS,intermediate,DLS,2,6.759015
11,CA1-DLS,intermediate,DLS,3,1.253829
11,CA1-DLS,intermediate,DLS,4,0.0
11,CA1-DLS,expert,CA1,0,0.263437
11,CA1-DLS,expert,CA1,1,1.01176
11,CA1-DLS,expert,CA1,2,0.261701
11,CA1-DLS,expert,CA1,3,0.504305
11,CA1-DLS,expert,CA1,4,0.600387
11,CA1-DLS,expert,CA1,5,0.541377
11,CA1-DLS,expert,CA1,6,0.382469
11,CA1-DLS,expert,CA1,7,0.555518
11,CA1-DLS,expert,CA1,8,0.171654
11,CA1-DLS,expert,CA1,9,0.259847
11,CA1-DLS,expert,CA1,10,0.349391
11,CA1-DLS,expert,CA1,11,0.031896
11,CA1-DLS,expert,CA1,12,0.98902
11,CA1-DLS,expert,CA1,13,0.350321
11,CA1-DLS,expert,CA1,14,0.231306
11,CA1-DLS,expert,CA1,15,0.540758
11,CA1-DLS,expert,CA1,16,0.343656
11,CA1-DLS,expert,CA1,17,0.539654
11,CA1-DLS,expert,CA1,18,0.825907
11,CA1-DLS,expert,CA1,19,0.678945
11,CA1-DLS,expert,CA1,20,0.273776
11,CA1-DLS,expert,CA1,21,0.522925
11,CA1-DLS,expert,DLS,0,0.81807
11,CA1-DLS,expert,DLS,1,0.633901
11,CA1-DLS,expert,DLS,2,5.905938
11,CA1-DLS,expert,DLS,3,1.773972
11,CA1-DLS,expert,DLS,4,1.52375
11,CA1-ACC,naive,CA1,0,2.767174
11,CA1-ACC,naive,CA1,1,1.383384
11,CA1-ACC,naive,CA1,2,1.906256
11,CA1-ACC,naive,CA1,3,1.668405
11,CA1-ACC,naive,CA1,4,2.179077
11,CA1-ACC,naive,CA1,5,0.104427
11,CA1-ACC,naive,CA1,6,3.925234
11,CA1-ACC,naive,CA1,7,0.997183
11,CA1-ACC,naive,CA1,8,1.95676
11,CA1-ACC,naive,CA1,9,0.930659
11,CA1-ACC,naive,CA1,10,1.165646
11,CA1-ACC,naive,CA1,11,0.0
11,CA1-ACC,naive,CA1,12,0.634246
11,CA1-ACC,naive,CA1,13,1.197519
11,CA1-ACC,naive,CA1,14,1.140109
11,CA1-ACC,naive,CA1,15,1.562407
11,CA1-ACC,naive,CA1,16,0.978582
11,CA1-ACC,naive,CA1,17,1.099065
11,CA1-ACC,naive,CA1,18,1.252832
11,CA1-ACC,naive,CA1,19,0.558343
11,CA1-ACC,naive,CA1,20,0.424023
11,CA1-ACC,naive,CA1,21,0.826774
11,CA1-ACC,naive,ACC,0,0.017872
11,CA1-ACC,naive,ACC,1,0.2198
11,CA1-ACC,naive,ACC,2,0.894048
11,CA1-ACC,naive,ACC,3,0.138185
11,CA1-ACC,naive,ACC,4,0.038019
11,CA1-ACC,naive,ACC,5,0.800506
11,CA1-ACC,naive,ACC,6,0.652263
11,CA1-ACC,naive,ACC,7,0.06768
11,CA1-ACC,naive,ACC,8,0.899731
11,CA1-ACC,naive,ACC,9,0.069221
11,CA1-ACC,naive,ACC,10,0.108331
11,CA1-ACC,naive,ACC,11,0.097796
11,CA1-ACC,naive,ACC,12,0.313909
11,CA1-ACC,naive,ACC,13,0.039342
11,CA1-ACC,naive,ACC,14,0.590368
11,CA1-ACC,naive,ACC,15,0.442734
11,CA1-ACC,naive,ACC,16,0.801783
11,CA1-ACC,naive,ACC,17,0.433921
11,CA1-ACC,naive,ACC,18,0.029743
11,CA1-ACC,naive,ACC,19,0.067576
11,CA1-ACC,naive,ACC,20,0.891873
11,CA1-ACC,naive,ACC,21,0.243003
11,CA1-ACC,naive,ACC,22,0.250137
11,CA1-ACC,naive,ACC,23,0.730364
11,CA1-ACC,naive,ACC,24,0.785664
11,CA1-ACC,naive,ACC,25,0.684466
11,CA1-ACC,naive,ACC,26,0.062514
11,CA1-ACC,naive,ACC,27,0.077014
11,CA1-ACC,naive,ACC,28,0.12643
11,CA1-ACC,naive,ACC,29,0.085237
11,CA1-ACC,naive,ACC,30,0.027819
11,CA1-ACC,naive,ACC,31,0.037854
11,CA1-ACC,naive,ACC,32,0.084908
11,CA1-ACC,naive,ACC,33,0.596746
11,CA1-ACC,naive,ACC,34,0.934037
11,CA1-ACC,naive,ACC,35,0.050009
11,CA1-ACC,naive,ACC,36,0.886657
11,CA1-ACC,naive,ACC,37,0.021843
11,CA1-ACC,naive,ACC,38,0.019405
11,CA1-ACC,naive,ACC,39,0.431774
11,CA1-ACC,naive,ACC,40,0.0
11,CA1-ACC,naive,ACC,41,0.081547
11,CA1-ACC,naive,ACC,42,0.929747
11,CA1-ACC,naive,ACC,43,0.170797
11,CA1-ACC,naive,ACC,44,0.172136
11,CA1-ACC,naive,ACC,45,0.778759
11,CA1-ACC,naive,ACC,46,0.029593
11,CA1-ACC,naive,ACC,47,0.14773
11,CA1-ACC,naive,ACC,48,0.040277
11,CA1-ACC,naive,ACC,49,0.240158
11,CA1-ACC,naive,ACC,50,0.103531
11,CA1-ACC,naive,ACC,51,0.394839
11,CA1-ACC,naive,ACC,52,0.21131
11,CA1-ACC,naive,ACC,53,0.641345
11,CA1-ACC,naive,ACC,54,0.599587
11,CA1-ACC,naive,ACC,55,0.01984
11,CA1-ACC,naive,ACC,56,0.817843
11,CA1-ACC,naive,ACC,57,0.056641
11,CA1-ACC,naive,ACC,58,0.731129
11,CA1-ACC,naive,ACC,59,0.018988
11,CA1-ACC,naive,ACC,60,0.044952
11,CA1-ACC,intermediate,CA1,0,0.836999
11,CA1-ACC,intermediate,CA1,1,1.230296
11,CA1-ACC,intermediate,CA1,2,0.744704
11,CA1-ACC,intermediate,CA1,3,0.679975
11,CA1-ACC,intermediate,CA1,4,0.012022
11,CA1-ACC,intermediate,CA1,5,0.029863
11,CA1-ACC,intermediate,CA1,6,1.198352
11,CA1-ACC,intermediate,CA1,7,1.044288
11,CA1-ACC,intermediate,CA1,8,0.687903
11,CA1-ACC,intermediate,CA1,9,0.975211
11,CA1-ACC,intermediate,CA1,10,1.429603
11,CA1-ACC,intermediate,CA1,11,2.164069
11,CA1-ACC,intermediate,CA1,12,1.398417
11,CA1-ACC,intermediate,CA1,13,0.785211
11,CA1-ACC,intermediate,CA1,14,1.226118
11,CA1-ACC,intermediate,CA1,15,0.75367
11,CA1-ACC,intermediate,CA1,16,1.302749
11,CA1-ACC,intermediate,CA1,17,0.930454
11,CA1-ACC,intermediate,CA1,18,1.390852
11,CA1-ACC,intermediate,CA1,19,1.262588
11,CA1-ACC,intermediate,CA1,20,2.203194
11,CA1-ACC,intermediate,CA1,21,1.272195
11,CA1-ACC,intermediate,ACC,0,0.493551
11,CA1-ACC,intermediate,ACC,1,0.207191
11,CA1-ACC,intermediate,ACC,2,0.982654
11,CA1-ACC,intermediate,ACC,3,0.394547
11,CA1-ACC,intermediate,ACC,4,0.45436
11,CA1-ACC,intermediate,ACC,5,0.474444
11,CA1-ACC,intermediate,ACC,6,0.076342
11,CA1-ACC,intermediate,ACC,7,0.841683
11,CA1-ACC,intermediate,ACC,8,0.617979
11,CA1-ACC,intermediate,ACC,9,0.117922
11,CA1-ACC,intermediate,ACC,10,0.841537
11,CA1-ACC,intermediate,ACC,11,0.026749
11,CA1-ACC,intermediate,ACC,12,0.135071
11,CA1-ACC,intermediate,ACC,13,0.105056
11,CA1-ACC,intermediate,ACC,14,0.135445
11,CA1-ACC,intermediate,ACC,15,0.016501
11,CA1-ACC,intermediate,ACC,16,0.186934
11,CA1-ACC,intermediate,ACC,17,0.303953
11,CA1-ACC,intermediate,ACC,18,0.819868
11,CA1-ACC,intermediate,ACC,19,0.749657
11,CA1-ACC,intermediate,ACC,20,0.093422
11,CA1-ACC,intermediate,ACC,21,0.836055
11,CA1-ACC,intermediate,ACC,22,0.381241
11,CA1-ACC,intermediate,ACC,23,0.168406
11,CA1-ACC,intermediate,ACC,24,0.344889
11,CA1-ACC,intermediate,ACC,25,0.057489
11,CA1-ACC,intermediate,ACC,26,0.235844
11,CA1-ACC,intermediate,ACC,27,0.244541
11,CA1-ACC,intermediate,ACC,28,0.751323
11,CA1-ACC,intermediate,ACC,29,0.927774
11,CA1-ACC,intermediate,ACC,30,0.052715
11,CA1-ACC,intermediate,ACC,31,0.177421
11,CA1-ACC,intermediate,ACC,32,0.705941
11,CA1-ACC,intermediate,ACC,33,0.12434
11,CA1-ACC,intermediate,ACC,34,0.926197
11,CA1-ACC,intermediate,ACC,35,0.960444
11,CA1-ACC,intermediate,ACC,36,0.15065
11,CA1-ACC,intermediate,ACC,37,0.617011
11,CA1-ACC,intermediate,ACC,38,0.137942
11,CA1-ACC,intermediate,ACC,39,0.003872
11,CA1-ACC,intermediate,ACC,40,0.0
11,CA1-ACC,intermediate,ACC,41,0.862503
11,CA1-ACC,intermediate,ACC,42,0.314303
11,CA1-ACC,intermediate,ACC,43,0.039498
11,CA1-ACC,intermediate,ACC,44,0.156711
11,CA1-ACC,intermediate,ACC,45,0.052592
11,CA1-ACC,intermediate,ACC,46,0.164863
11,CA1-ACC,intermediate,ACC,47,0.723946
11,CA1-ACC,intermediate,ACC,48,0.567955
11,CA1-ACC,intermediate,ACC,49,0.327666
11,CA1-ACC,intermediate,ACC,50,0.066446
11,CA1-ACC,intermediate,ACC,51,0.0
11,CA1-ACC,intermediate,ACC,52,0.103822
11,CA1-ACC,intermediate,ACC,53,0.054351
11,CA1-ACC,intermediate,ACC,54,0.037971
11,CA1-ACC,intermediate,ACC,55,0.925898
11,CA1-ACC,intermediate,ACC,56,0.521951
11,CA1-ACC,intermediate,ACC,57,0.007052
11,CA1-ACC,intermediate,ACC,58,0.777385
11,CA1-ACC,intermediate,ACC,59,0.199748
11,CA1-ACC,intermediate,ACC,60,0.327518
11,CA1-ACC,expert,CA1,0,0.7697
11,CA1-ACC,expert,CA1,1,1.184019
11,CA1-ACC,expert,CA1,2,0.77606
11,CA1-ACC,expert,CA1,3,0.760496
11,CA1-ACC,expert,CA1,4,0.878957
11,CA1-ACC,expert,CA1,5,1.978353
11,CA1-ACC,expert,CA1,6,1.061768
11,CA1-ACC,expert,CA1,7,1.058413
11,CA1-ACC,expert,CA1,8,0.799632
11,CA1-ACC,expert,CA1,9,1.074294
11,CA1-ACC,expert,CA1,10,0.950213
11,CA1-ACC,expert,CA1,11,0.049546
11,CA1-ACC,expert,CA1,12,1.420306
11,CA1-ACC,expert,CA1,13,0.95084
11,CA1-ACC,expert,CA1,14,0.851688
11,CA1-ACC,expert,CA1,15,0.736215
11,CA1-ACC,expert,CA1,16,1.453788
11,CA1-ACC,expert,CA1,17,1.053281
11,CA1-ACC,expert,CA1,18,1.147276
11,CA1-ACC,expert,CA1,19,1.313775
11,CA1-ACC,expert,CA1,20,1.104203
11,CA1-ACC,expert,CA1,21,1.407078
11,CA1-ACC,expert,ACC,0,0.560591
11,CA1-ACC,expert,ACC,1,0.264011
11,CA1-ACC,expert,ACC,2,0.076582
11,CA1-ACC,expert,ACC,3,0.38123
11,CA1-ACC,expert,ACC,4,0.891931
11,CA1-ACC,expert,ACC,5,0.194549
11,CA1-ACC,expert,ACC,6,0.061718
11,CA1-ACC,expert,ACC,7,0.119796
11,CA1-ACC,expert,ACC,8,0.727164
11,CA1-ACC,expert,ACC,9,0.062095
11,CA1-ACC,expert,ACC,10,0.78772
11,CA1-ACC,expert,ACC,11,0.143866
11,CA1-ACC,expert,ACC,12,0.274953
11,CA1-ACC,expert,ACC,13,0.134872
11,CA1-ACC,expert,ACC,14,0.146598
11,CA1-ACC,expert,ACC,15,0.074729
11,CA1-ACC,expert,ACC,16,0.232297
11,CA1-ACC,expert,ACC,17,0.102117
11,CA1-ACC,expert,ACC,18,0.857748
11,CA1-ACC,expert,ACC,19,0.181266
11,CA1-ACC,expert,ACC,20,0.092614
11,CA1-ACC,expert,ACC,21,0.290542
11,CA1-ACC,expert,ACC,22,0.1329
11,CA1-ACC,expert,ACC,23,0.26315
11,CA1-ACC,expert,ACC,24,0.088502
11,CA1-ACC,expert,ACC,25,0.072647
11,CA1-ACC,expert,ACC,26,0.081529
11,CA1-ACC,expert,ACC,27,0.345407
11,CA1-ACC,expert,ACC,28,0.808207
11,CA1-ACC,expert,ACC,29,0.801286
11,CA1-ACC,expert,ACC,30,0.081958
11,CA1-ACC,expert,ACC,31,0.152767
11,CA1-ACC,expert,ACC,32,0.695046
11,CA1-ACC,expert,ACC,33,0.823795
11,CA1-ACC,expert,ACC,34,0.151128
11,CA1-ACC,expert,ACC,35,0.989396
11,CA1-ACC,expert,ACC,36,0.163071
11,CA1-ACC,expert,ACC,37,0.132654
11,CA1-ACC,expert,ACC,38,0.65866
11,CA1-ACC,expert,ACC,39,0.806667
11,CA1-ACC,expert,ACC,40,0.5548
11,CA1-ACC,expert,ACC,41,0.418564
11,CA1-ACC,expert,ACC,42,0.057316
11,CA1-ACC,expert,ACC,43,0.034469
11,CA1-ACC,expert,ACC,44,0.272233
11,CA1-ACC,expert,ACC,45,0.049802
11,CA1-ACC,expert,ACC,46,0.115532
11,CA1-ACC,expert,ACC,47,0.837042
11,CA1-ACC,expert,ACC,48,0.786775
11,CA1-ACC,expert,ACC,49,0.070639
11,CA1-ACC,expert,ACC,50,0.075793
11,CA1-ACC,expert,ACC,51,0.187855
11,CA1-ACC,expert,ACC,52,0.064031
11,CA1-ACC,expert,ACC,53,0.748756
11,CA1-ACC,expert,ACC,54,0.043192
11,CA1-ACC,expert,ACC,55,0.789038
11,CA1-ACC,expert,ACC,56,0.877181
11,CA1-ACC,expert,ACC,57,0.072542
11,CA1-ACC,expert,ACC,58,0.737403
11,CA1-ACC,expert,ACC,59,0.801458
11,CA1-ACC,expert,ACC,60,0.873395
11,CA1-V1,naive,CA1,0,2.771931
11,CA1-V1,naive,CA1,1,1.383397
11,CA1-V1,naive,CA1,2,1.913067
11,CA1-V1,naive,CA1,3,1.671903
11,CA1-V1,naive,CA1,4,2.178144
11,CA1-V1,naive,CA1,5,0.101515
11,CA1-V1,naive,CA1,6,3.91623
11,CA1-V1,naive,CA1,7,1.001265
11,CA1-V1,naive,CA1,8,1.957812
11,CA1-V1,naive,CA1,9,0.931559
11,CA1-V1,naive,CA1,10,1.167607
11,CA1-V1,naive,CA1,11,0.0
11,CA1-V1,naive,CA1,12,0.6348
11,CA1-V1,naive,CA1,13,1.196027
11,CA1-V1,naive,CA1,14,1.132977
11,CA1-V1,naive,CA1,15,1.565189
11,CA1-V1,naive,CA1,16,0.976702
11,CA1-V1,naive,CA1,17,1.093203
11,CA1-V1,naive,CA1,18,1.263272
11,CA1-V1,naive,CA1,19,0.559731
11,CA1-V1,naive,CA1,20,0.425142
11,CA1-V1,naive,CA1,21,0.825356
11,CA1-V1,naive,V1,0,0.031956
11,CA1-V1,naive,V1,1,0.756531
11,CA1-V1,naive,V1,2,1.064875
11,CA1-V1,naive,V1,3,0.213738
11,CA1-V1,naive,V1,4,0.951036
11,CA1-V1,naive,V1,5,0.103414
11,CA1-V1,naive,V1,6,0.415908
11,CA1-V1,naive,V1,7,1.061292
11,CA1-V1,naive,V1,8,0.674541
11,CA1-V1,naive,V1,9,0.395876
11,CA1-V1,naive,V1,10,0.720176
11,CA1-V1,naive,V1,11,0.943043
11,CA1-V1,naive,V1,12,0.155587
11,CA1-V1,naive,V1,13,0.784186
11,CA1-V1,naive,V1,14,0.097488
11,CA1-V1,naive,V1,15,1.059438
11,CA1-V1,naive,V1,16,0.15914
11,CA1-V1,naive,V1,17,0.077516
11,CA1-V1,naive,V1,18,0.082553
11,CA1-V1,naive,V1,19,0.93955
11,CA1-V1,naive,V1,20,0.008861
11,CA1-V1,naive,V1,21,0.103839
11,CA1-V1,naive,V1,22,0.023029
11,CA1-V1,naive,V1,23,0.010155
11,CA1-V1,naive,V1,24,0.073553
11,CA1-V1,naive,V1,25,0.231885
11,CA1-V1,naive,V1,26,0.021302
11,CA1-V1,naive,V1,27,0.022827
11,CA1-V1,naive,V1,28,0.55102
11,CA1-V1,naive,V1,29,0.604334
11,CA1-V1,naive,V1,30,0.617508
11,CA1-V1,naive,V1,31,0.170776
11,CA1-V1,naive,V1,32,1.013694
11,CA1-V1,naive,V1,33,1.069188
11,CA1-V1,naive,V1,34,0.124727
11,CA1-V1,naive,V1,35,1.040769
11,CA1-V1,naive,V1,36,0.202132
11,CA1-V1,naive,V1,37,0.029623
11,CA1-V1,naive,V1,38,0.040915
11,CA1-V1,naive,V1,39,0.135448
11,CA1-V1,naive,V1,40,0.010275
11,CA1-V1,naive,V1,41,0.073128
11,CA1-V1,naive,V1,42,0.92784
11,CA1-V1,naive,V1,43,0.061277
11,CA1-V1,naive,V1,44,0.103008
11,CA1-V1,naive,V1,45,0.885549
11,CA1-V1,naive,V1,46,1.038004
11,CA1-V1,naive,V1,47,0.026205
11,CA1-V1,naive,V1,48,0.015245
11,CA1-V1,naive,V1,49,0.006866
11,CA1-V1,naive,V1,50,0.196664
11,CA1-V1,naive,V1,51,0.055655
11,CA1-V1,naive,V1,52,0.107308
11,CA1-V1,naive,V1,53,0.315666
11,CA1-V1,intermediate,CA1,0,0.838156
11,CA1-V1,intermediate,CA1,1,1.233151
11,CA1-V1,intermediate,CA1,2,0.748172
11,CA1-V1,intermediate,CA1,3,0.681477
11,CA1-V1,intermediate,CA1,4,0.012716
11,CA1-V1,intermediate,CA1,5,0.032487
11,CA1-V1,intermediate,CA1,6,1.197096
11,CA1-V1,intermediate,CA1,7,1.049933
11,CA1-V1,intermediate,CA1,8,0.686724
11,CA1-V1,intermediate,CA1,9,0.980802
11,CA1-V1,intermediate,CA1,10,1.420512
11,CA1-V1,intermediate,CA1,11,2.221139
11,CA1-V1,intermediate,CA1,12,1.4181
11,CA1-V1,intermediate,CA1,13,0.786704
11,CA1-V1,intermediate,CA1,14,1.231701
11,CA1-V1,intermediate,CA1,15,0.758283
11,CA1-V1,intermediate,CA1,16,1.301629
11,CA1-V1,intermediate,CA1,17,0.93243
11,CA1-V1,intermediate,CA1,18,1.352645
11,CA1-V1,intermediate,CA1,19,1.254237
11,CA1-V1,intermediate,CA1,20,2.205436
11,CA1-V1,intermediate,CA1,21,1.271737
11,CA1-V1,intermediate,V1,0,0.872962
11,CA1-V1,intermediate,V1,1,0.686695
11,CA1-V1,intermediate,V1,2,0.74916
11,CA1-V1,intermediate,V1,3,0.879168
11,CA1-V1,intermediate,V1,4,0.895973
11,CA1-V1,intermediate,V1,5,0.765017
11,CA1-V1,intermediate,V1,6,0.548978
11,CA1-V1,intermediate,V1,7,0.970884
11,CA1-V1,intermediate,V1,8,0.135493
11,CA1-V1,intermediate,V1,9,0.041841
11,CA1-V1,intermediate,V1,10,0.297278
11,CA1-V1,intermediate,V1,11,0.127534
11,CA1-V1,intermediate,V1,12,0.246054
11,CA1-V1,intermediate,V1,13,0.218787
11,CA1-V1,intermediate,V1,14,0.778608
11,CA1-V1,intermediate,V1,15,0.90464
11,CA1-V1,intermediate,V1,16,0.286744
11,CA1-V1,intermediate,V1,17,0.125489
11,CA1-V1,intermediate,V1,18,0.853663
11,CA1-V1,intermediate,V1,19,0.406043
11,CA1-V1,intermediate,V1,20,0.682391
11,CA1-V1,intermediate,V1,21,0.977752
11,CA1-V1,intermediate,V1,22,0.892343
11,CA1-V1,intermediate,V1,23,0.046299
11,CA1-V1,intermediate,V1,24,0.965298
11,CA1-V1,intermediate,V1,25,0.988565
11,CA1-V1,intermediate,V1,26,0.049653
11,CA1-V1,intermediate,V1,27,0.589985
11,CA1-V1,intermediate,V1,28,0.873242
11,CA1-V1,intermediate,V1,29,0.057754
11,CA1-V1,intermediate,V1,30,0.742153
11,CA1-V1,intermediate,V1,31,0.027088
11,CA1-V1,intermediate,V1,32,0.949499
11,CA1-V1,intermediate,V1,33,0.403371
11,CA1-V1,intermediate,V1,34,0.053726
11,CA1-V1,intermediate,V1,35,0.264781
11,CA1-V1,intermediate,V1,36,0.87805
11,CA1-V1,intermediate,V1,37,0.128013
11,CA1-V1,intermediate,V1,38,0.051976
11,CA1-V1,intermediate,V1,39,0.410915
11,CA1-V1,intermediate,V1,40,0.042516
11,CA1-V1,intermediate,V1,41,0.830455
11,CA1-V1,intermediate,V1,42,0.356099
11,CA1-V1,intermediate,V1,43,0.408361
11,CA1-V1,intermediate,V1,44,0.049539
11,CA1-V1,intermediate,V1,45,0.662283
11,CA1-V1,intermediate,V1,46,0.782656
11,CA1-V1,intermediate,V1,47,0.897203
11,CA1-V1,intermediate,V1,48,0.052122
11,CA1-V1,intermediate,V1,49,0.188571
11,CA1-V1,intermediate,V1,50,0.832637
11,CA1-V1,intermediate,V1,51,0.179777
11,CA1-V1,intermediate,V1,52,0.360247
11,CA1-V1,intermediate,V1,53,0.111551
11,CA1-V1,expert,CA1,0,0.771674
11,CA1-V1,expert,CA1,1,1.18587
11,CA1-V1,expert,CA1,2,0.779431
11,CA1-V1,expert,CA1,3,0.760135
11,CA1-V1,expert,CA1,4,0.874166
11,CA1-V1,expert,CA1,5,1.938877
11,CA1-V1,expert,CA1,6,1.061791
11,CA1-V1,expert,CA1,7,1.063208
11,CA1-V1,expert,CA1,8,0.798644
11,CA1-V1,expert,CA1,9,1.076694
11,CA1-V1,expert,CA1,10,0.937072
11,CA1-V1,expert,CA1,11,0.050893
11,CA1-V1,expert,CA1,12,1.419731
11,CA1-V1,expert,CA1,13,0.952058
11,CA1-V1,expert,CA1,14,0.836965
11,CA1-V1,expert,CA1,15,0.733936
11,CA1-V1,expert,CA1,16,1.450055
11,CA1-V1,expert,CA1,17,1.053722
11,CA1-V1,expert,CA1,18,1.153903
11,CA1-V1,expert,CA1,19,1.312716
11,CA1-V1,expert,CA1,20,1.156569
11,CA1-V1,expert,CA1,21,1.402281
11,CA1-V1,expert,V1,0,0.748244
11,CA1-V1,expert,V1,1,0.316632
11,CA1-V1,expert,V1,2,0.216983
11,CA1-V1,expert,V1,3,0.671612
11,CA1-V1,expert,V1,4,0.969911
11,CA1-V1,expert,V1,5,0.773348
11,CA1-V1,expert,V1,6,0.953407
11,CA1-V1,expert,V1,7,0.230377
11,CA1-V1,expert,V1,8,0.091976
11,CA1-V1,expert,V1,9,0.042877
11,CA1-V1,expert,V1,10,0.114386
11,CA1-V1,expert,V1,11,0.104308
11,CA1-V1,expert,V1,12,0.270946
11,CA1-V1,expert,V1,13,0.162971
11,CA1-V1,expert,V1,14,0.636963
11,CA1-V1,expert,V1,15,0.214421
11,CA1-V1,expert,V1,16,0.287355
11,CA1-V1,expert,V1,17,0.274655
11,CA1-V1,expert,V1,18,0.921339
11,CA1-V1,expert,V1,19,0.280969
11,CA1-V1,expert,V1,20,1.021016
11,CA1-V1,expert,V1,21,0.997149
11,CA1-V1,expert,V1,22,0.888122
11,CA1-V1,expert,V1,23,0.038992
11,CA1-V1,expert,V1,24,0.98926
11,CA1-V1,expert,V1,25,1.009405
11,CA1-V1,expert,V1,26,0.030786
11,CA1-V1,expert,V1,27,0.386891
11,CA1-V1,expert,V1,28,0.264475
11,CA1-V1,expert,V1,29,0.1153
11,CA1-V1,expert,V1,30,0.074473
11,CA1-V1,expert,V1,31,0.017623
11,CA1-V1,expert,V1,32,0.972366
11,CA1-V1,expert,V1,33,0.968457
11,CA1-V1,expert,V1,34,0.026329
11,CA1-V1,expert,V1,35,1.028335
11,CA1-V1,expert,V1,36,0.566553
11,CA1-V1,expert,V1,37,0.875454
11,CA1-V1,expert,V1,38,0.843081
11,CA1-V1,expert,V1,39,0.884209
11,CA1-V1,expert,V1,40,0.554121
11,CA1-V1,expert,V1,41,0.877756
11,CA1-V1,expert,V1,42,0.207877
11,CA1-V1,expert,V1,43,0.031736
11,CA1-V1,expert,V1,44,0.013324
11,CA1-V1,expert,V1,45,0.069243
11,CA1-V1,expert,V1,46,0.936412
11,CA1-V1,expert,V1,47,0.066608
11,CA1-V1,expert,V1,48,0.073407
11,CA1-V1,expert,V1,49,0.089215
11,CA1-V1,expert,V1,50,0.584194
11,CA1-V1,expert,V1,51,0.063464
11,CA1-V1,expert,V1,52,0.965172
11,CA1-V1,expert,V1,53,0.168437
13,CA1-V1,naive,CA1,0,0.719811
13,CA1-V1,naive,CA1,1,0.0
13,CA1-V1,naive,CA1,2,1.087193
13,CA1-V1,naive,CA1,3,2.256997
13,CA1-V1,naive,CA1,4,0.976278
13,CA1-V1,naive,CA1,5,0.806893
13,CA1-V1,naive,CA1,6,1.24818
13,CA1-V1,naive,CA1,7,1.007262
13,CA1-V1,naive,CA1,8,1.791419
13,CA1-V1,naive,CA1,9,8.213055
13,CA1-V1,naive,CA1,10,1.390286
13,CA1-V1,naive,CA1,11,0.874055
13,CA1-V1,naive,CA1,12,0.887188
13,CA1-V1,naive,CA1,13,3.42327
13,CA1-V1,naive,CA1,14,1.3755
13,CA1-V1,naive,CA1,15,2.204674
13,CA1-V1,naive,CA1,16,1.030738
13,CA1-V1,naive,CA1,17,0.838072
13,CA1-V1,naive,CA1,18,5.249846
13,CA1-V1,naive,CA1,19,0.710734
13,CA1-V1,naive,CA1,20,0.656633
13,CA1-V1,naive,V1,0,0.378944
13,CA1-V1,naive,V1,1,1.025578
13,CA1-V1,naive,V1,2,0.007841
13,CA1-V1,naive,V1,3,0.011771
13,CA1-V1,naive,V1,4,0.067644
13,CA1-V1,naive,V1,5,0.0
13,CA1-V1,naive,V1,6,0.295556
13,CA1-V1,naive,V1,7,0.135679
13,CA1-V1,naive,V1,8,0.74258
13,CA1-V1,naive,V1,9,0.985566
13,CA1-V1,naive,V1,10,1.114343
13,CA1-V1,naive,V1,11,0.132098
13,CA1-V1,naive,V1,12,0.129409
13,CA1-V1,naive,V1,13,0.510436
13,CA1-V1,naive,V1,14,0.010957
13,CA1-V1,naive,V1,15,0.045457
13,CA1-V1,naive,V1,16,0.061439
13,CA1-V1,naive,V1,17,0.968055
13,CA1-V1,naive,V1,18,0.032225
13,CA1-V1,naive,V1,19,1.027689
13,CA1-V1,naive,V1,20,0.086815
13,CA1-V1,naive,V1,21,0.456325
13,CA1-V1,naive,V1,22,0.048969
13,CA1-V1,naive,V1,23,0.556365
13,CA1-V1,naive,V1,24,0.339038
13,CA1-V1,naive,V1,25,0.94668
13,CA1-V1,naive,V1,26,0.937031
13,CA1-V1,naive,V1,27,0.210704
13,CA1-V1,naive,V1,28,0.770333
13,CA1-V1,naive,V1,29,0.024387
13,CA1-V1,naive,V1,30,0.903012
13,CA1-V1,naive,V1,31,0.011416
13,CA1-V1,naive,V1,32,0.094269
13,CA1-V1,naive,V1,33,0.999962
13,CA1-V1,naive,V1,34,0.933558
13,CA1-V1,naive,V1,35,0.991946
13,CA1-V1,naive,V1,36,1.01349
13,CA1-V1,naive,V1,37,0.050943
13,CA1-V1,naive,V1,38,0.570775
13,CA1-V1,naive,V1,39,0.569364
13,CA1-V1,naive,V1,40,0.653363
13,CA1-V1,naive,V1,41,0.0
13,CA1-V1,naive,V1,42,0.007923
13,CA1-V1,naive,V1,43,0.140216
13,CA1-V1,naive,V1,44,0.635636
13,CA1-V1,naive,V1,45,0.70577
13,CA1-V1,naive,V1,46,0.931777
13,CA1-V1,naive,V1,47,0.560293
13,CA1-V1,naive,V1,48,0.909912
13,CA1-V1,naive,V1,49,0.0
13,CA1-V1,naive,V1,50,0.011857
13,CA1-V1,naive,V1,51,0.866293
13,CA1-V1,naive,V1,52,0.039112
13,CA1-V1,naive,V1,53,0.259387
13,CA1-V1,naive,V1,54,0.100918
13,CA1-V1,naive,V1,55,0.025649
13,CA1-V1,naive,V1,56,0.093583
13,CA1-V1,intermediate,CA1,0,0.883284
13,CA1-V1,intermediate,CA1,1,0.0
13,CA1-V1,intermediate,CA1,2,1.101112
13,CA1-V1,intermediate,CA1,3,2.13582
13,CA1-V1,intermediate,CA1,4,1.026067
13,CA1-V1,intermediate,CA1,5,1.03236
13,CA1-V1,intermediate,CA1,6,0.923144
13,CA1-V1,intermediate,CA1,7,0.921519
13,CA1-V1,intermediate,CA1,8,1.392711
13,CA1-V1,intermediate,CA1,9,0.764107
13,CA1-V1,intermediate,CA1,10,1.080995
13,CA1-V1,intermediate,CA1,11,0.885235
13,CA1-V1,intermediate,CA1,12,0.906411
13,CA1-V1,intermediate,CA1,13,3.622639
13,CA1-V1,intermediate,CA1,14,0.0
13,CA1-V1,intermediate,CA1,15,2.370478
13,CA1-V1,intermediate,CA1,16,1.085109
13,CA1-V1,intermediate,CA1,17,0.558794
13,CA1-V1,intermediate,CA1,18,0.570569
13,CA1-V1,intermediate,CA1,19,0.700635
13,CA1-V1,intermediate,CA1,20,0.788913
13,CA1-V1,intermediate,V1,0,0.448199
13,CA1-V1,intermediate,V1,1,0.838092
13,CA1-V1,intermediate,V1,2,0.084487
13,CA1-V1,intermediate,V1,3,0.008991
13,CA1-V1,intermediate,V1,4,0.164508
13,CA1-V1,intermediate,V1,5,0.0
13,CA1-V1,intermediate,V1,6,0.136927
13,CA1-V1,intermediate,V1,7,0.015771
13,CA1-V1,intermediate,V1,8,0.848883
13,CA1-V1,intermediate,V1,9,0.179495
13,CA1-V1,intermediate,V1,10,0.055237
13,CA1-V1,intermediate,V1,11,0.040737
13,CA1-V1,intermediate,V1,12,0.054829
13,CA1-V1,intermediate,V1,13,0.243652
13,CA1-V1,intermediate,V1,14,0.016087
13,CA1-V1,intermediate,V1,15,0.825018
13,CA1-V1,intermediate,V1,16,0.03263
13,CA1-V1,intermediate,V1,17,0.750966
13,CA1-V1,intermediate,V1,18,0.046039
13,CA1-V1,intermediate,V1,19,0.974592
13,CA1-V1,intermediate,V1,20,0.077824
13,CA1-V1,intermediate,V1,21,0.277897
13,CA1-V1,intermediate,V1,22,0.242123
13,CA1-V1,intermediate,V1,23,0.450826
13,CA1-V1,intermediate,V1,24,0.565529
13,CA1-V1,intermediate,V1,25,0.884377
13,CA1-V1,intermediate,V1,26,0.933817
13,CA1-V1,intermediate,V1,27,0.269446
13,CA1-V1,intermediate,V1,28,0.857634
13,CA1-V1,intermediate,V1,29,0.131465
13,CA1-V1,intermediate,V1,30,0.710447
13,CA1-V1,intermediate,V1,31,0.804434
13,CA1-V1,intermediate,V1,32,1.004572
13,CA1-V1,intermediate,V1,33,0.505613
13,CA1-V1,intermediate,V1,34,0.868624
13,CA1-V1,intermediate,V1,35,0.870711
13,CA1-V1,intermediate,V1,36,0.970604
13,CA1-V1,intermediate,V1,37,0.026398
13,CA1-V1,intermediate,V1,38,0.716807
13,CA1-V1,intermediate,V1,39,0.155145
13,CA1-V1,intermediate,V1,40,0.751021
13,CA1-V1,intermediate,V1,41,0.003891
13,CA1-V1,intermediate,V1,42,0.018835
13,CA1-V1,intermediate,V1,43,0.0121
13,CA1-V1,intermediate,V1,44,0.96015
13,CA1-V1,intermediate,V1,45,0.056806
13,CA1-V1,intermediate,V1,46,0.917588
13,CA1-V1,intermediate,V1,47,0.334676
13,CA1-V1,intermediate,V1,48,0.982936
13,CA1-V1,intermediate,V1,49,0.012546
13,CA1-V1,intermediate,V1,50,0.008674
13,CA1-V1,intermediate,V1,51,0.847567
13,CA1-V1,intermediate,V1,52,0.050073
13,CA1-V1,intermediate,V1,53,0.128785
13,CA1-V1,intermediate,V1,54,0.074308
13,CA1-V1,intermediate,V1,55,0.605648
13,CA1-V1,intermediate,V1,56,0.10687
13,CA1-V1,expert,CA1,0,1.49623
13,CA1-V1,expert,CA1,1,0.016141
13,CA1-V1,expert,CA1,2,1.056522
13,CA1-V1,expert,CA1,3,3.018775
13,CA1-V1,expert,CA1,4,0.986142
13,CA1-V1,expert,CA1,5,1.040139
13,CA1-V1,expert,CA1,6,1.052316
13,CA1-V1,expert,CA1,7,0.950094
13,CA1-V1,expert,CA1,8,1.018292
13,CA1-V1,expert,CA1,9,0.416293
13,CA1-V1,expert,CA1,10,0.788877
13,CA1-V1,expert,CA1,11,0.953282
13,CA1-V1,expert,CA1,12,0.963313
13,CA1-V1,expert,CA1,13,1.491683
13,CA1-V1,expert,CA1,14,1.481077
13,CA1-V1,expert,CA1,15,2.081823
13,CA1-V1,expert,CA1,16,1.060879
13,CA1-V1,expert,CA1,17,0.698975
13,CA1-V1,expert,CA1,18,0.579322
13,CA1-V1,expert,CA1,19,0.852972
13,CA1-V1,expert,CA1,20,0.886179
13,CA1-V1,expert,V1,0,0.154324
13,CA1-V1,expert,V1,1,1.040692
13,CA1-V1,expert,V1,2,0.903691
13,CA1-V1,expert,V1,3,0.01557
13,CA1-V1,expert,V1,4,0.178424
13,CA1-V1,expert,V1,5,0.047446
13,CA1-V1,expert,V1,6,0.931587
13,CA1-V1,expert,V1,7,0.019956
13,CA1-V1,expert,V1,8,0.333249
13,CA1-V1,expert,V1,9,0.480538
13,CA1-V1,expert,V1,10,0.029654
13,CA1-V1,expert,V1,11,0.739226
13,CA1-V1,expert,V1,12,0.18142
13,CA1-V1,expert,V1,13,0.240407
13,CA1-V1,expert,V1,14,0.04042
13,CA1-V1,expert,V1,15,0.742988
13,CA1-V1,expert,V1,16,0.033233
13,CA1-V1,expert,V1,17,0.505282
13,CA1-V1,expert,V1,18,0.1008
13,CA1-V1,expert,V1,19,0.185752
13,CA1-V1,expert,V1,20,0.187601
13,CA1-V1,expert,V1,21,0.09268
13,CA1-V1,expert,V1,22,0.523578
13,CA1-V1,expert,V1,23,0.758412
13,CA1-V1,expert,V1,24,0.701609
13,CA1-V1,expert,V1,25,0.893251
13,CA1-V1,expert,V1,26,0.959482
13,CA1-V1,expert,V1,27,0.151922
13,CA1-V1,expert,V1,28,0.956173
13,CA1-V1,expert,V1,29,0.047312
13,CA1-V1,expert,V1,30,0.058341
13,CA1-V1,expert,V1,31,0.465629
13,CA1-V1,expert,V1,32,0.13488
13,CA1-V1,expert,V1,33,0.248055
13,CA1-V1,expert,V1,34,0.937761
13,CA1-V1,expert,V1,35,0.852395
13,CA1-V1,expert,V1,36,0.920793
13,CA1-V1,expert,V1,37,0.060167
13,CA1-V1,expert,V1,38,0.080408
13,CA1-V1,expert,V1,39,0.051659
13,CA1-V1,expert,V1,40,0.74955
13,CA1-V1,expert,V1,41,0.027869
13,CA1-V1,expert,V1,42,0.031596
13,CA1-V1,expert,V1,43,0.01833
13,CA1-V1,expert,V1,44,0.213716
13,CA1-V1,expert,V1,45,1.016623
13,CA1-V1,expert,V1,46,0.877257
13,CA1-V1,expert,V1,47,0.812939
13,CA1-V1,expert,V1,48,0.880086
13,CA1-V1,expert,V1,49,0.02526
13,CA1-V1,expert,V1,50,0.018858
13,CA1-V1,expert,V1,51,0.907126
13,CA1-V1,expert,V1,52,0.046783
13,CA1-V1,expert,V1,53,0.973943
13,CA1-V1,expert,V1,54,0.12416
13,CA1-V1,expert,V1,55,0.035368
13,CA1-V1,expert,V1,56,0.401517
14,DMS-DLS,naive,DMS,0,0.707977
14,DMS-DLS,naive,DMS,1,1.51149
14,DMS-DLS,naive,DMS,2,0.638543
14,DMS-DLS,naive,DMS,3,0.957296
14,DMS-DLS,naive,DMS,4,0.624895
14,DMS-DLS,naive,DMS,5,0.820909
14,DMS-DLS,naive,DMS,6,0.101604
14,DMS-DLS,naive,DMS,7,0.788033
14,DMS-DLS,naive,DMS,8,0.642208
14,DMS-DLS,naive,DMS,9,0.966283
14,DMS-DLS,naive,DMS,10,0.457025
14,DMS-DLS,naive,DMS,11,0.012145
14,DMS-DLS,naive,DMS,12,0.0
14,DMS-DLS,naive,DMS,13,0.0
14,DMS-DLS,naive,DMS,14,0.500565
14,DMS-DLS,naive,DMS,15,0.001817
14,DMS-DLS,naive,DMS,16,0.013307
14,DMS-DLS,naive,DMS,17,0.690533
14,DMS-DLS,naive,DMS,18,0.46576
14,DMS-DLS,naive,DMS,19,0.374834
14,DMS-DLS,naive,DMS,20,0.12499
14,DMS-DLS,naive,DMS,21,0.777205
14,DMS-DLS,naive,DMS,22,0.747
14,DMS-DLS,naive,DMS,23,1.34519
14,DMS-DLS,naive,DMS,24,0.383209
14,DMS-DLS,naive,DMS,25,0.090576
14,DMS-DLS,naive,DMS,26,0.792789
14,DMS-DLS,naive,DMS,27,0.6744
14,DMS-DLS,naive,DMS,28,0.124742
14,DMS-DLS,naive,DLS,0,3.207624
14,DMS-DLS,naive,DLS,1,0.996978
14,DMS-DLS,naive,DLS,2,0.831687
14,DMS-DLS,naive,DLS,3,1.866095
14,DMS-DLS,naive,DLS,4,0.992251
14,DMS-DLS,naive,DLS,5,0.948511
14,DMS-DLS,naive,DLS,6,2.507252
14,DMS-DLS,naive,DLS,7,1.119364
14,DMS-DLS,naive,DLS,8,1.034669
14,DMS-DLS,naive,DLS,9,0.993905
14,DMS-DLS,naive,DLS,10,1.027435
14,DMS-DLS,naive,DLS,11,0.972568
14,DMS-DLS,naive,DLS,12,1.351035
14,DMS-DLS,intermediate,DMS,0,0.722723
14,DMS-DLS,intermediate,DMS,1,1.145815
14,DMS-DLS,intermediate,DMS,2,1.235532
14,DMS-DLS,intermediate,DMS,3,1.257774
14,DMS-DLS,intermediate,DMS,4,1.048244
14,DMS-DLS,intermediate,DMS,5,0.975115
14,DMS-DLS,intermediate,DMS,6,1.782189
14,DMS-DLS,intermediate,DMS,7,0.69549
14,DMS-DLS,intermediate,DMS,8,0.737499
14,DMS-DLS,intermediate,DMS,9,0.622967
14,DMS-DLS,intermediate,DMS,10,0.871531
14,DMS-DLS,intermediate,DMS,11,0.96238
14,DMS-DLS,intermediate,DMS,12,0.0
14,DMS-DLS,intermediate,DMS,13,0.0727
14,DMS-DLS,intermediate,DMS,14,0.758284
14,DMS-DLS,intermediate,DMS,15,0.0
14,DMS-DLS,intermediate,DMS,16,0.0
14,DMS-DLS,intermediate,DMS,17,1.585273
14,DMS-DLS,intermediate,DMS,18,0.013918
14,DMS-DLS,intermediate,DMS,19,0.0
14,DMS-DLS,intermediate,DMS,20,0.0
14,DMS-DLS,intermediate,DMS,21,0.0
14,DMS-DLS,intermediate,DMS,22,0.542979
14,DMS-DLS,intermediate,DMS,23,0.966203
14,DMS-DLS,intermediate,DMS,24,2.022401
14,DMS-DLS,intermediate,DMS,25,2.159207
14,DMS-DLS,intermediate,DMS,26,0.778488
14,DMS-DLS,intermediate,DMS,27,1.199803
14,DMS-DLS,intermediate,DMS,28,0.112206
14,DMS-DLS,intermediate,DLS,0,1.993976
14,DMS-DLS,intermediate,DLS,1,1.246218
14,DMS-DLS,intermediate,DLS,2,0.0
14,DMS-DLS,intermediate,DLS,3,1.600973
14,DMS-DLS,intermediate,DLS,4,1.236888
14,DMS-DLS,intermediate,DLS,5,0.922361
14,DMS-DLS,intermediate,DLS,6,2.951273
14,DMS-DLS,intermediate,DLS,7,1.050122
14,DMS-DLS,intermediate,DLS,8,1.003434
14,DMS-DLS,intermediate,DLS,9,1.008424
14,DMS-DLS,intermediate,DLS,10,2.92486
14,DMS-DLS,intermediate,DLS,11,1.121377
14,DMS-DLS,intermediate,DLS,12,1.14846
14,DMS-DLS,expert,DMS,0,0.0
14,DMS-DLS,expert,DMS,1,0.927651
14,DMS-DLS,expert,DMS,2,1.547484
14,DMS-DLS,expert,DMS,3,0.862318
14,DMS-DLS,expert,DMS,4,0.921459
14,DMS-DLS,expert,DMS,5,0.645544
14,DMS-DLS,expert,DMS,6,0.304591
14,DMS-DLS,expert,DMS,7,0.38387
14,DMS-DLS,expert,DMS,8,0.961818
14,DMS-DLS,expert,DMS,9,0.841615
14,DMS-DLS,expert,DMS,10,1.658791
14,DMS-DLS,expert,DMS,11,0.805109
14,DMS-DLS,expert,DMS,12,0.0
14,DMS-DLS,expert,DMS,13,0.0
14,DMS-DLS,expert,DMS,14,1.301645
14,DMS-DLS,expert,DMS,15,1.552862
14,DMS-DLS,expert,DMS,16,0.06991
14,DMS-DLS,expert,DMS,17,0.89936
14,DMS-DLS,expert,DMS,18,1.027781
14,DMS-DLS,expert,DMS,19,0.0
14,DMS-DLS,expert,DMS,20,0.0
14,DMS-DLS,expert,DMS,21,0.0
14,DMS-DLS,expert,DMS,22,0.823563
14,DMS-DLS,expert,DMS,23,0.890686
14,DMS-DLS,expert,DMS,24,1.880661
14,DMS-DLS,expert,DMS,25,1.835198
14,DMS-DLS,expert,DMS,26,0.655909
14,DMS-DLS,expert,DMS,27,0.007124
14,DMS-DLS,expert,DMS,28,0.00926
14,DMS-DLS,expert,DLS,0,1.002961
14,DMS-DLS,expert,DLS,1,1.136854
14,DMS-DLS,expert,DLS,2,1.273612
14,DMS-DLS,expert,DLS,3,0.747535
14,DMS-DLS,expert,DLS,4,1.07734
14,DMS-DLS,expert,DLS,5,2.620043
14,DMS-DLS,expert,DLS,6,2.659315
14,DMS-DLS,expert,DLS,7,0.992011
14,DMS-DLS,expert,DLS,8,1.010999
14,DMS-DLS,expert,DLS,9,0.977767
14,DMS-DLS,expert,DLS,10,3.324821
14,DMS-DLS,expert,DLS,11,0.980256
14,DMS-DLS,expert,DLS,12,0.528159
14,DMS-ACC,naive,DMS,0,0.784791
14,DMS-ACC,naive,DMS,1,1.042877
14,DMS-ACC,naive,DMS,2,0.56097
14,DMS-ACC,naive,DMS,3,1.035795
14,DMS-ACC,naive,DMS,4,0.734791
14,DMS-ACC,naive,DMS,5,0.947006
14,DMS-ACC,naive,DMS,6,0.062042
14,DMS-ACC,naive,DMS,7,0.857384
14,DMS-ACC,naive,DMS,8,0.714022
14,DMS-ACC,naive,DMS,9,1.063511
14,DMS-ACC,naive,DMS,10,0.64149
14,DMS-ACC,naive,DMS,11,0.011077
14,DMS-ACC,naive,DMS,12,0.0
14,DMS-ACC,naive,DMS,13,0.0
14,DMS-ACC,naive,DMS,14,0.432203
14,DMS-ACC,naive,DMS,15,0.001723
14,DMS-ACC,naive,DMS,16,0.014171
14,DMS-ACC,naive,DMS,17,0.521762
14,DMS-ACC,naive,DMS,18,0.884768
14,DMS-ACC,naive,DMS,19,0.284413
14,DMS-ACC,naive,DMS,20,0.08281
14,DMS-ACC,naive,DMS,21,0.301161
14,DMS-ACC,naive,DMS,22,0.79009
14,DMS-ACC,naive,DMS,23,0.977001
14,DMS-ACC,naive,DMS,24,0.393432
14,DMS-ACC,naive,DMS,25,0.097298
14,DMS-ACC,naive,DMS,26,1.123977
14,DMS-ACC,naive,DMS,27,0.414456
14,DMS-ACC,naive,DMS,28,0.157391
14,DMS-ACC,naive,ACC,0,0.0
14,DMS-ACC,naive,ACC,1,0.0
14,DMS-ACC,naive,ACC,2,49.993094
14,DMS-ACC,naive,ACC,3,187.85017
14,DMS-ACC,naive,ACC,4,0.0
14,DMS-ACC,naive,ACC,5,0.872461
14,DMS-ACC,naive,ACC,6,2.337046
14,DMS-ACC,naive,ACC,7,7.568574
14,DMS-ACC,naive,ACC,8,0.0
14,DMS-ACC,naive,ACC,9,2.589313
14,DMS-ACC,naive,ACC,10,3.920818
14,DMS-ACC,naive,ACC,11,1.120702
14,DMS-ACC,naive,ACC,12,1.990574
14,DMS-ACC,naive,ACC,13,1.37526
14,DMS-ACC,naive,ACC,14,0.0
14,DMS-ACC,naive,ACC,15,0.0
14,DMS-ACC,naive,ACC,16,0.0
14,DMS-ACC,naive,ACC,17,2.741549
14,DMS-ACC,naive,ACC,18,0.795436
14,DMS-ACC,naive,ACC,19,0.0
14,DMS-ACC,naive,ACC,20,1.61292
14,DMS-ACC,intermediate,DMS,0,0.47572
14,DMS-ACC,intermediate,DMS,1,2.010492
14,DMS-ACC,intermediate,DMS,2,1.462163
14,DMS-ACC,intermediate,DMS,3,1.465473
14,DMS-ACC,intermediate,DMS,4,1.068866
14,DMS-ACC,intermediate,DMS,5,1.018574
14,DMS-ACC,intermediate,DMS,6,0.950183
14,DMS-ACC,intermediate,DMS,7,0.951113
14,DMS-ACC,intermediate,DMS,8,1.073019
14,DMS-ACC,intermediate,DMS,9,0.991652
14,DMS-ACC,intermediate,DMS,10,1.211453
14,DMS-ACC,intermediate,DMS,11,1.189998
14,DMS-ACC,intermediate,DMS,12,0.0
14,DMS-ACC,intermediate,DMS,13,0.082977
14,DMS-ACC,intermediate,DMS,14,1.036789
14,DMS-ACC,intermediate,DMS,15,0.0
14,DMS-ACC,intermediate,DMS,16,0.0
14,DMS-ACC,intermediate,DMS,17,1.446333
14,DMS-ACC,intermediate,DMS,18,0.018058
14,DMS-ACC,intermediate,DMS,19,0.0
14,DMS-ACC,intermediate,DMS,20,0.0
14,DMS-ACC,intermediate,DMS,21,0.0
14,DMS-ACC,intermediate,DMS,22,0.661831
14,DMS-ACC,intermediate,DMS,23,1.197237
14,DMS-ACC,intermediate,DMS,24,2.073334
14,DMS-ACC,intermediate,DMS,25,2.952627
14,DMS-ACC,intermediate,DMS,26,1.16507
14,DMS-ACC,intermediate,DMS,27,1.742908
14,DMS-ACC,intermediate,DMS,28,0.12794
14,DMS-ACC,intermediate,ACC,0,1.768408
14,DMS-ACC,intermediate,ACC,1,1.504365
14,DMS-ACC,intermediate,ACC,2,1.115789
14,DMS-ACC,intermediate,ACC,3,4.258602
14,DMS-ACC,intermediate,ACC,4,0.0
14,DMS-ACC,intermediate,ACC,5,0.0
14,DMS-ACC,intermediate,ACC,6,0.950377
14,DMS-ACC,intermediate,ACC,7,0.968464
14,DMS-ACC,intermediate,ACC,8,1.894601
14,DMS-ACC,intermediate,ACC,9,1.360881
14,DMS-ACC,intermediate,ACC,10,2.314351
14,DMS-ACC,intermediate,ACC,11,1.123173
14,DMS-ACC,intermediate,ACC,12,1.668976
14,DMS-ACC,intermediate,ACC,13,0.979094
14,DMS-ACC,intermediate,ACC,14,2.58506
14,DMS-ACC,intermediate,ACC,15,0.0
14,DMS-ACC,intermediate,ACC,16,2.029419
14,DMS-ACC,intermediate,ACC,17,6.523132
14,DMS-ACC,intermediate,ACC,18,0.0
14,DMS-ACC,intermediate,ACC,19,0.815687
14,DMS-ACC,intermediate,ACC,20,1.294903
14,DMS-ACC,expert,DMS,0,0.0
14,DMS-ACC,expert,DMS,1,1.374978
14,DMS-ACC,expert,DMS,2,1.635861
14,DMS-ACC,expert,DMS,3,1.004619
14,DMS-ACC,expert,DMS,4,1.021607
14,DMS-ACC,expert,DMS,5,1.000865
14,DMS-ACC,expert,DMS,6,0.354527
14,DMS-ACC,expert,DMS,7,0.531501
14,DMS-ACC,expert,DMS,8,1.079036
14,DMS-ACC,expert,DMS,9,1.08104
14,DMS-ACC,expert,DMS,10,1.856902
14,DMS-ACC,expert,DMS,11,0.592121
14,DMS-ACC,expert,DMS,12,0.0
14,DMS-ACC,expert,DMS,13,0.0
14,DMS-ACC,expert,DMS,14,0.983961
14,DMS-ACC,expert,DMS,15,1.232302
14,DMS-ACC,expert,DMS,16,0.034467
14,DMS-ACC,expert,DMS,17,0.849765
14,DMS-ACC,expert,DMS,18,2.365318
14,DMS-ACC,expert,DMS,19,0.0
14,DMS-ACC,expert,DMS,20,0.0
14,DMS-ACC,expert,DMS,21,0.0
14,DMS-ACC,expert,DMS,22,0.817742
14,DMS-ACC,expert,DMS,23,1.093884
14,DMS-ACC,expert,DMS,24,1.000614
14,DMS-ACC,expert,DMS,25,1.410949
14,DMS-ACC,expert,DMS,26,1.015381
14,DMS-ACC,expert,DMS,27,0.007654
14,DMS-ACC,expert,DMS,28,0.013167
14,DMS-ACC,expert,ACC,0,1.188731
14,DMS-ACC,expert,ACC,1,1.786336
14,DMS-ACC,expert,ACC,2,1.053994
14,DMS-ACC,expert,ACC,3,1.403852
14,DMS-ACC,expert,ACC,4,0.0
14,DMS-ACC,expert,ACC,5,0.0
14,DMS-ACC,expert,ACC,6,0.983684
14,DMS-ACC,expert,ACC,7,1.511737
14,DMS-ACC,expert,ACC,8,0.84684
14,DMS-ACC,expert,ACC,9,1.124668
14,DMS-ACC,expert,ACC,10,1.087211
14,DMS-ACC,expert,ACC,11,1.138512
14,DMS-ACC,expert,ACC,12,1.773128
14,DMS-ACC,expert,ACC,13,0.897101
14,DMS-ACC,expert,ACC,14,0.0
14,DMS-ACC,expert,ACC,15,0.0
14,DMS-ACC,expert,ACC,16,1.312348
14,DMS-ACC,expert,ACC,17,2.203992
14,DMS-ACC,expert,ACC,18,0.0
14,DMS-ACC,expert,ACC,19,2.050271
14,DMS-ACC,expert,ACC,20,1.522365
14,DLS-ACC,naive,DLS,0,3.210838
14,DLS-ACC,naive,DLS,1,0.984904
14,DLS-ACC,naive,DLS,2,0.832315
14,DLS-ACC,naive,DLS,3,1.867864
14,DLS-ACC,naive,DLS,4,0.996544
14,DLS-ACC,naive,DLS,5,0.953423
14,DLS-ACC,naive,DLS,6,2.505426
14,DLS-ACC,naive,DLS,7,1.123986
14,DLS-ACC,naive,DLS,8,1.038117
14,DLS-ACC,naive,DLS,9,1.002731
14,DLS-ACC,naive,DLS,10,1.035222
14,DLS-ACC,naive,DLS,11,0.992034
14,DLS-ACC,naive,DLS,12,1.351505
14,DLS-ACC,naive,ACC,0,0.0
14,DLS-ACC,naive,ACC,1,0.0
14,DLS-ACC,naive,ACC,2,50.255852
14,DLS-ACC,naive,ACC,3,188.656932
14,DLS-ACC,naive,ACC,4,0.0
14,DLS-ACC,naive,ACC,5,0.873466
14,DLS-ACC,naive,ACC,6,2.346653
14,DLS-ACC,naive,ACC,7,7.569138
14,DLS-ACC,naive,ACC,8,0.0
14,DLS-ACC,naive,ACC,9,2.605323
14,DLS-ACC,naive,ACC,10,3.932233
14,DLS-ACC,naive,ACC,11,1.121688
14,DLS-ACC,naive,ACC,12,2.063164
14,DLS-ACC,naive,ACC,13,1.375328
14,DLS-ACC,naive,ACC,14,0.0
14,DLS-ACC,naive,ACC,15,0.0
14,DLS-ACC,naive,ACC,16,0.0
14,DLS-ACC,naive,ACC,17,2.706591
14,DLS-ACC,naive,ACC,18,0.795574
14,DLS-ACC,naive,ACC,19,0.0
14,DLS-ACC,naive,ACC,20,1.630833
14,DLS-ACC,intermediate,DLS,0,1.992268
14,DLS-ACC,intermediate,DLS,1,1.241387
14,DLS-ACC,intermediate,DLS,2,0.0
14,DLS-ACC,intermediate,DLS,3,1.607306
14,DLS-ACC,intermediate,DLS,4,1.241813
14,DLS-ACC,intermediate,DLS,5,0.928504
14,DLS-ACC,intermediate,DLS,6,3.073982
14,DLS-ACC,intermediate,DLS,7,1.054232
14,DLS-ACC,intermediate,DLS,8,1.002769
14,DLS-ACC,intermediate,DLS,9,1.009402
14,DLS-ACC,intermediate,DLS,10,2.945
14,DLS-ACC,intermediate,DLS,11,1.12593
14,DLS-ACC,intermediate,DLS,12,1.148135
14,DLS-ACC,intermediate,ACC,0,1.305611
14,DLS-ACC,intermediate,ACC,1,0.713493
14,DLS-ACC,intermediate,ACC,2,0.7619
14,DLS-ACC,intermediate,ACC,3,2.339029
14,DLS-ACC,intermediate,ACC,4,0.0
14,DLS-ACC,intermediate,ACC,5,0.0
14,DLS-ACC,intermediate,ACC,6,0.879215
14,DLS-ACC,intermediate,ACC,7,0.964645
14,DLS-ACC,intermediate,ACC,8,1.516513
14,DLS-ACC,intermediate,ACC,9,1.367014
14,DLS-ACC,intermediate,ACC,10,2.178154
14,DLS-ACC,intermediate,ACC,11,1.119748
14,DLS-ACC,intermediate,ACC,12,1.535038
14,DLS-ACC,intermediate,ACC,13,0.977164
14,DLS-ACC,intermediate,ACC,14,1.401481
14,DLS-ACC,intermediate,ACC,15,0.0
14,DLS-ACC,intermediate,ACC,16,2.020937
14,DLS-ACC,intermediate,ACC,17,4.197919
14,DLS-ACC,intermediate,ACC,18,0.0
14,DLS-ACC,intermediate,ACC,19,0.619981
14,DLS-ACC,intermediate,ACC,20,1.279406
14,DLS-ACC,expert,DLS,0,1.005713
14,DLS-ACC,expert,DLS,1,1.137693
14,DLS-ACC,expert,DLS,2,1.274022
14,DLS-ACC,expert,DLS,3,0.757313
14,DLS-ACC,expert,DLS,4,1.075426
14,DLS-ACC,expert,DLS,5,2.62084
14,DLS-ACC,expert,DLS,6,2.675938
14,DLS-ACC,expert,DLS,7,0.990491
14,DLS-ACC,expert,DLS,8,1.010403
14,DLS-ACC,expert,DLS,9,0.97732
14,DLS-ACC,expert,DLS,10,3.328594
14,DLS-ACC,expert,DLS,11,0.996551
14,DLS-ACC,expert,DLS,12,0.537295
14,DLS-ACC,expert,ACC,0,0.902138
14,DLS-ACC,expert,ACC,1,1.276797
14,DLS-ACC,expert,ACC,2,0.874071
14,DLS-ACC,expert,ACC,3,1.338986
14,DLS-ACC,expert,ACC,4,0.0
14,DLS-ACC,expert,ACC,5,0.0
14,DLS-ACC,expert,ACC,6,0.71908
14,DLS-ACC,expert,ACC,7,1.503731
14,DLS-ACC,expert,ACC,8,0.61221
14,DLS-ACC,expert,ACC,9,1.116253
14,DLS-ACC,expert,ACC,10,1.052882
14,DLS-ACC,expert,ACC,11,1.091816
14,DLS-ACC,expert,ACC,12,1.55872
14,DLS-ACC,expert,ACC,13,0.88272
14,DLS-ACC,expert,ACC,14,0.0
14,DLS-ACC,expert,ACC,15,0.0
14,DLS-ACC,expert,ACC,16,1.166504
14,DLS-ACC,expert,ACC,17,2.072794
14,DLS-ACC,expert,ACC,18,0.0
14,DLS-ACC,expert,ACC,19,2.00772
14,DLS-ACC,expert,ACC,20,1.403951
