cohort,mouse_id,probe,learning_point,epoch,n_trials,reference,measure,band,area_a,area_b,raw_r,orth_r,mi,mi_surrogate_mean,z,p,n_surrogates,mi_corrected
task,1105,striatum,44,All,131,monopolar,same_freq,theta,ACC,DLS,0.40629018869498057,0.17327656328524557,,,,,,
task,1105,striatum,44,All,131,monopolar,same_freq,low_gamma,ACC,DLS,0.10246474083564391,0.007111967084651316,,,,,,
task,1105,striatum,44,All,131,monopolar,same_freq,high_gamma,ACC,DLS,0.295281868429709,0.10308674879186067,,,,,,
task,1105,striatum,44,All,131,monopolar,same_freq,theta,ACC,DMS,0.5281631506972437,0.29925832598248436,,,,,,
task,1105,striatum,44,All,131,monopolar,same_freq,low_gamma,ACC,DMS,0.19521237492191262,0.024324465199238136,,,,,,
task,1105,striatum,44,All,131,monopolar,same_freq,high_gamma,ACC,DMS,0.43935983630216,0.11664699075670387,,,,,,
task,1105,striatum,44,All,131,monopolar,same_freq,theta,DLS,DMS,0.5792628044439055,0.08248072157269293,,,,,,
task,1105,striatum,44,All,131,monopolar,same_freq,low_gamma,DLS,DMS,0.5285864006545182,0.07677043117452712,,,,,,
task,1105,striatum,44,All,131,monopolar,same_freq,high_gamma,DLS,DMS,0.502168744575824,0.09831919350824103,,,,,,
task,1105,striatum,44,All,131,monopolar,pac_within,low_gamma,ACC,ACC,,,0.00010710086659928093,2.7818771110172046e-06,78.31862626699775,0.009900990099009901,100,0.00010431898948826373
task,1105,striatum,44,All,131,monopolar,pac_within,high_gamma,ACC,ACC,,,0.00018496846075490646,3.2421177831727037e-06,134.76267345155924,0.009900990099009901,100,0.00018172634297173375
task,1105,striatum,44,All,131,monopolar,pac_within,low_gamma,DLS,DLS,,,0.0006265367283140713,2.8955153024617425e-06,470.01117377334594,0.009900990099009901,100,0.0006236412130116095
task,1105,striatum,44,All,131,monopolar,pac_within,high_gamma,DLS,DLS,,,0.00037014977144497323,3.122423096923736e-06,259.9252281468551,0.009900990099009901,100,0.0003670273483480495
task,1105,striatum,44,All,131,monopolar,pac_within,low_gamma,DMS,DMS,,,1.1248162753228144e-05,2.4510084195506774e-06,7.212659250326778,0.009900990099009901,100,8.797154333677468e-06
task,1105,striatum,44,All,131,monopolar,pac_within,high_gamma,DMS,DMS,,,6.251518625206181e-05,2.9950818024165443e-06,43.63311816898713,0.009900990099009901,100,5.952010444964526e-05
task,1105,striatum,44,All,131,monopolar,pac_between,low_gamma,ACC,DLS,,,0.00040446916179390696,2.7126444172024406e-06,340.2843656776652,0.009900990099009901,100,0.00040175651737670454
task,1105,striatum,44,All,131,monopolar,pac_between,high_gamma,ACC,DLS,,,0.00020610695409330437,3.2140133703609026e-06,130.61488580580874,0.009900990099009901,100,0.00020289294072294348
task,1105,striatum,44,All,131,monopolar,pac_between,low_gamma,ACC,DMS,,,2.6572706377029805e-05,2.5141764837932293e-06,21.15697766103378,0.009900990099009901,100,2.4058529893236575e-05
task,1105,striatum,44,All,131,monopolar,pac_between,high_gamma,ACC,DMS,,,0.00010543769918203134,2.6198347755007637e-06,103.20440075016958,0.009900990099009901,100,0.00010281786440653057
task,1105,striatum,44,All,131,monopolar,pac_between,low_gamma,DLS,ACC,,,2.1988801360997556e-05,2.8039157548028442e-06,12.257828797640505,0.009900990099009901,100,1.9184885606194713e-05
task,1105,striatum,44,All,131,monopolar,pac_between,high_gamma,DLS,ACC,,,0.00039223452578739,3.123125842125232e-06,277.59038548765767,0.009900990099009901,100,0.00038911139994526477
task,1105,striatum,44,All,131,monopolar,pac_between,low_gamma,DLS,DMS,,,3.577911387666463e-05,2.3773867299678257e-06,32.437185655373845,0.009900990099009901,100,3.3401727146696806e-05
task,1105,striatum,44,All,131,monopolar,pac_between,high_gamma,DLS,DMS,,,0.00020135865865584696,2.6992629399567615e-06,147.63986122693424,0.009900990099009901,100,0.00019865939571589021
task,1105,striatum,44,All,131,monopolar,pac_between,low_gamma,DMS,ACC,,,6.995227775179972e-06,2.933732639491659e-06,2.5222393108597054,0.0297029702970297,100,4.061495135688313e-06
task,1105,striatum,44,All,131,monopolar,pac_between,high_gamma,DMS,ACC,,,0.00024541457607249613,3.5697064913867373e-06,144.57952644397034,0.009900990099009901,100,0.0002418448695811094
task,1105,striatum,44,All,131,monopolar,pac_between,low_gamma,DMS,DLS,,,0.0002680848882085241,2.89484613298652e-06,178.5715721512198,0.009900990099009901,100,0.0002651900420755376
task,1105,striatum,44,All,131,monopolar,pac_between,high_gamma,DMS,DLS,,,0.00019769569762944928,3.1935239554193272e-06,147.33570969187917,0.009900990099009901,100,0.00019450217367402995
task,1105,striatum,44,All,131,bipolar,same_freq,theta,ACC,DLS,0.620217576187966,0.46991813240160024,,,,,,
task,1105,striatum,44,All,131,bipolar,same_freq,low_gamma,ACC,DLS,0.4549295815993937,0.10071447557674083,,,,,,
task,1105,striatum,44,All,131,bipolar,same_freq,high_gamma,ACC,DLS,0.4052182164191144,0.18563799621679755,,,,,,
task,1105,striatum,44,All,131,bipolar,same_freq,theta,ACC,DMS,0.46577218639958917,0.2688586508707467,,,,,,
task,1105,striatum,44,All,131,bipolar,same_freq,low_gamma,ACC,DMS,0.6381778991894086,0.1740268788654208,,,,,,
task,1105,striatum,44,All,131,bipolar,same_freq,high_gamma,ACC,DMS,0.45959289348563753,0.16223114627178925,,,,,,
task,1105,striatum,44,All,131,bipolar,same_freq,theta,DLS,DMS,0.4520773801732994,0.38807008322033376,,,,,,
task,1105,striatum,44,All,131,bipolar,same_freq,low_gamma,DLS,DMS,0.45403037364454735,0.055756940399407345,,,,,,
task,1105,striatum,44,All,131,bipolar,same_freq,high_gamma,DLS,DMS,0.5218693686139119,0.2021980278698258,,,,,,
task,1105,striatum,44,All,131,bipolar,pac_within,low_gamma,ACC,ACC,,,2.9934034180840546e-05,1.4508306842245292e-06,28.63979869130818,0.009900990099009901,100,2.8483203496616017e-05
task,1105,striatum,44,All,131,bipolar,pac_within,high_gamma,ACC,ACC,,,4.412485328820894e-05,4.073870423992563e-06,23.381673328819552,0.009900990099009901,100,4.005098286421638e-05
task,1105,striatum,44,All,131,bipolar,pac_within,low_gamma,DLS,DLS,,,0.00013801254869939068,2.8895941626910705e-06,71.35338134626035,0.009900990099009901,100,0.00013512295453669963
task,1105,striatum,44,All,131,bipolar,pac_within,high_gamma,DLS,DLS,,,0.0003657872812795988,8.72143045633781e-06,80.14817227867533,0.009900990099009901,100,0.00035706585082326096
task,1105,striatum,44,All,131,bipolar,pac_within,low_gamma,DMS,DMS,,,3.618194765208009e-05,4.4717766629608364e-06,13.034216549442796,0.009900990099009901,100,3.171017098911925e-05
task,1105,striatum,44,All,131,bipolar,pac_within,high_gamma,DMS,DMS,,,5.0728362274854924e-05,4.917918093188411e-06,21.795514384020453,0.009900990099009901,100,4.5810444181666515e-05
task,1105,striatum,44,All,131,bipolar,pac_between,low_gamma,ACC,DLS,,,6.470425998404218e-05,3.1626202312921656e-06,30.317543752806525,0.009900990099009901,100,6.154163975275002e-05
task,1105,striatum,44,All,131,bipolar,pac_between,high_gamma,ACC,DLS,,,0.0001122208280614641,9.523792633171782e-06,19.08425650414839,0.009900990099009901,100,0.00010269703542829232
task,1105,striatum,44,All,131,bipolar,pac_between,low_gamma,ACC,DMS,,,7.168177349948809e-05,4.273305341795724e-06,25.29406678346892,0.009900990099009901,100,6.740846815769236e-05
task,1105,striatum,44,All,131,bipolar,pac_between,high_gamma,ACC,DMS,,,6.779432140543926e-05,5.299028237251966e-06,21.512120542957305,0.009900990099009901,100,6.24952931681873e-05
task,1105,striatum,44,All,131,bipolar,pac_between,low_gamma,DLS,ACC,,,7.526357818287148e-05,1.3575588609854313e-06,84.60373006869776,0.009900990099009901,100,7.390601932188604e-05
task,1105,striatum,44,All,131,bipolar,pac_between,high_gamma,DLS,ACC,,,0.00010702322924316327,4.030515313885235e-06,55.59107535953394,0.009900990099009901,100,0.00010299271392927803
task,1105,striatum,44,All,131,bipolar,pac_between,low_gamma,DLS,DMS,,,0.0001602585129584654,4.130396835741333e-06,69.24011507396682,0.009900990099009901,100,0.00015612811612272407
task,1105,striatum,44,All,131,bipolar,pac_between,high_gamma,DLS,DMS,,,0.00016990560287660943,5.371870564044991e-06,63.580388428884376,0.009900990099009901,100,0.00016453373231256445
task,1105,striatum,44,All,131,bipolar,pac_between,low_gamma,DMS,ACC,,,3.0138481054963766e-05,1.4113584992357058e-06,33.48760016106371,0.009900990099009901,100,2.872712255572806e-05
task,1105,striatum,44,All,131,bipolar,pac_between,high_gamma,DMS,ACC,,,3.359393906464378e-05,3.919601162660473e-06,18.130729219375436,0.009900990099009901,100,2.967433790198331e-05
task,1105,striatum,44,All,131,bipolar,pac_between,low_gamma,DMS,DLS,,,4.1391143569177174e-05,3.1166781730784756e-06,23.088612986966748,0.009900990099009901,100,3.82744653960987e-05
task,1105,striatum,44,All,131,bipolar,pac_between,high_gamma,DMS,DLS,,,6.6780000077716e-05,9.937806845007717e-06,11.315610982670082,0.009900990099009901,100,5.6842193232708286e-05
task,1105,striatum,44,Naive,10,monopolar,same_freq,theta,ACC,DLS,0.22756642507784292,-0.032260654855688416,,,,,,
task,1105,striatum,44,Naive,10,monopolar,same_freq,low_gamma,ACC,DLS,0.31729831459873215,0.09857441954170065,,,,,,
task,1105,striatum,44,Naive,10,monopolar,same_freq,high_gamma,ACC,DLS,0.3140939444556385,0.10624315457358374,,,,,,
task,1105,striatum,44,Naive,10,monopolar,same_freq,theta,ACC,DMS,0.15981650157789745,0.0032944234312226425,,,,,,
task,1105,striatum,44,Naive,10,monopolar,same_freq,low_gamma,ACC,DMS,0.5099741068501242,0.10145207178477966,,,,,,
task,1105,striatum,44,Naive,10,monopolar,same_freq,high_gamma,ACC,DMS,0.4733609631197627,0.1311600560031954,,,,,,
task,1105,striatum,44,Naive,10,monopolar,same_freq,theta,DLS,DMS,0.7793795178321584,0.07270946516526972,,,,,,
task,1105,striatum,44,Naive,10,monopolar,same_freq,low_gamma,DLS,DMS,0.4764749890237633,0.07563703771125707,,,,,,
task,1105,striatum,44,Naive,10,monopolar,same_freq,high_gamma,DLS,DMS,0.5076509946320181,0.1138203811127087,,,,,,
task,1105,striatum,44,Naive,10,monopolar,pac_within,low_gamma,ACC,ACC,,,0.00011860115022071011,7.436034863291153e-05,1.392824050732955,0.0891089108910891,100,4.4240801587798576e-05
task,1105,striatum,44,Naive,10,monopolar,pac_within,high_gamma,ACC,ACC,,,0.0004047602899396479,7.66702398213947e-05,10.540746807457582,0.009900990099009901,100,0.0003280900501182532
task,1105,striatum,44,Naive,10,monopolar,pac_within,low_gamma,DLS,DLS,,,0.0012339550577624824,7.775485384432455e-05,28.075443548387998,0.009900990099009901,100,0.0011562002039181578
task,1105,striatum,44,Naive,10,monopolar,pac_within,high_gamma,DLS,DLS,,,0.0005179438462220928,7.573755705837474e-05,13.352454590090067,0.009900990099009901,100,0.0004422062891637181
task,1105,striatum,44,Naive,10,monopolar,pac_within,low_gamma,DMS,DMS,,,4.012849316793524e-05,7.32987753194298e-05,-0.9460244168983876,0.8613861386138614,100,-3.3170282151494554e-05
task,1105,striatum,44,Naive,10,monopolar,pac_within,high_gamma,DMS,DMS,,,0.00010559602851747242,7.156422322726784e-05,1.0784485253956795,0.12871287128712872,100,3.403180529020458e-05
task,1105,striatum,44,Naive,10,monopolar,pac_between,low_gamma,ACC,DLS,,,0.0009993788836359615,8.255817120594253e-05,21.120918012171643,0.009900990099009901,100,0.0009168207124300189
task,1105,striatum,44,Naive,10,monopolar,pac_between,high_gamma,ACC,DLS,,,0.0004667052487552413,8.132925471032039e-05,9.022344420766562,0.009900990099009901,100,0.00038537599404492095
task,1105,striatum,44,Naive,10,monopolar,pac_between,low_gamma,ACC,DMS,,,8.159923717308762e-05,8.273162002763094e-05,-0.029119205980418478,0.40594059405940597,100,-1.1323828545433176e-06
task,1105,striatum,44,Naive,10,monopolar,pac_between,high_gamma,ACC,DMS,,,0.00019869407200016675,7.01084491954215e-05,4.420737472897331,0.009900990099009901,100,0.00012858562280474524
task,1105,striatum,44,Naive,10,monopolar,pac_between,low_gamma,DLS,ACC,,,7.476460723568687e-05,6.32261558243889e-05,0.3802267190320169,0.3069306930693069,100,1.1538451411297973e-05
task,1105,striatum,44,Naive,10,monopolar,pac_between,high_gamma,DLS,ACC,,,0.0005936656350985992,7.828283549500701e-05,15.062175666591644,0.009900990099009901,100,0.0005153827996035922
task,1105,striatum,44,Naive,10,monopolar,pac_between,low_gamma,DLS,DMS,,,3.443543797207214e-05,6.830036691055301e-05,-0.9059319819289997,0.900990099009901,100,-3.386492893848087e-05
task,1105,striatum,44,Naive,10,monopolar,pac_between,high_gamma,DLS,DMS,,,0.00015645045028036294,6.881900692414633e-05,2.580149069711431,0.0297029702970297,100,8.763144335621661e-05
task,1105,striatum,44,Naive,10,monopolar,pac_between,low_gamma,DMS,ACC,,,4.4210541380956394e-05,7.164864190654852e-05,-0.7527879293320647,0.7524752475247525,100,-2.7438100525592127e-05
task,1105,striatum,44,Naive,10,monopolar,pac_between,high_gamma,DMS,ACC,,,0.0006126571306422468,8.464867570538754e-05,13.545591447726395,0.009900990099009901,100,0.0005280084549368592
task,1105,striatum,44,Naive,10,monopolar,pac_between,low_gamma,DMS,DLS,,,0.0006895450551459474,7.681583597557764e-05,17.29567341413594,0.009900990099009901,100,0.0006127292191703698
task,1105,striatum,44,Naive,10,monopolar,pac_between,high_gamma,DMS,DLS,,,0.0004577381102692943,7.336802927234723e-05,10.34785247285584,0.009900990099009901,100,0.0003843700809969471
task,1105,striatum,44,Naive,10,bipolar,same_freq,theta,ACC,DLS,0.712461396253012,0.5525575296241372,,,,,,
task,1105,striatum,44,Naive,10,bipolar,same_freq,low_gamma,ACC,DLS,0.4961193227133212,0.12646864955163706,,,,,,
task,1105,striatum,44,Naive,10,bipolar,same_freq,high_gamma,ACC,DLS,0.45086316754849737,0.16934497685353916,,,,,,
task,1105,striatum,44,Naive,10,bipolar,same_freq,theta,ACC,DMS,0.6276873970059221,0.24981850617487938,,,,,,
task,1105,striatum,44,Naive,10,bipolar,same_freq,low_gamma,ACC,DMS,0.626239431328121,0.15741692381224126,,,,,,
task,1105,striatum,44,Naive,10,bipolar,same_freq,high_gamma,ACC,DMS,0.4694802272413159,0.155365647921002,,,,,,
task,1105,striatum,44,Naive,10,bipolar,same_freq,theta,DLS,DMS,0.5582937197997228,0.4006645844319663,,,,,,
task,1105,striatum,44,Naive,10,bipolar,same_freq,low_gamma,DLS,DMS,0.550801203296628,0.23896498052127735,,,,,,
task,1105,striatum,44,Naive,10,bipolar,same_freq,high_gamma,DLS,DMS,0.611271324713791,0.24906377798190302,,,,,,
task,1105,striatum,44,Naive,10,bipolar,pac_within,low_gamma,ACC,ACC,,,0.00016882641656338636,5.7937649122542465e-05,3.4236413595086423,0.0297029702970297,100,0.0001108887674408439
task,1105,striatum,44,Naive,10,bipolar,pac_within,high_gamma,ACC,ACC,,,0.0001471019053646571,0.00011827467362377948,0.5022576715568141,0.26732673267326734,100,2.8827231740877614e-05
task,1105,striatum,44,Naive,10,bipolar,pac_within,low_gamma,DLS,DLS,,,0.00051981984342574,0.00011262884817959299,5.97540882571512,0.009900990099009901,100,0.000407190995246147
task,1105,striatum,44,Naive,10,bipolar,pac_within,high_gamma,DLS,DLS,,,0.0008493206689189023,0.0002622466708072198,4.174569853857796,0.009900990099009901,100,0.0005870739981116825
task,1105,striatum,44,Naive,10,bipolar,pac_within,low_gamma,DMS,DMS,,,0.0002472531148982322,0.00012294770953682539,1.8208241568584813,0.06930693069306931,100,0.00012430540536140683
task,1105,striatum,44,Naive,10,bipolar,pac_within,high_gamma,DMS,DMS,,,0.000464698248439337,0.00016648082561783743,3.9156892166839183,0.009900990099009901,100,0.0002982174228214996
task,1105,striatum,44,Naive,10,bipolar,pac_between,low_gamma,ACC,DLS,,,0.0001581154015934667,0.00014666296660728937,0.13579974084383012,0.32673267326732675,100,1.1452434986177325e-05
task,1105,striatum,44,Naive,10,bipolar,pac_between,high_gamma,ACC,DLS,,,0.000320460965714447,0.0003129649043305355,0.042076085910700174,0.36633663366336633,100,7.496061383911474e-06
task,1105,striatum,44,Naive,10,bipolar,pac_between,low_gamma,ACC,DMS,,,6.647552008104061e-05,0.00013915863908757806,-0.889665062902204,0.801980198019802,100,-7.268311900653745e-05
task,1105,striatum,44,Naive,10,bipolar,pac_between,high_gamma,ACC,DMS,,,0.00024645955615922743,0.00018274148623888923,0.7494029522751855,0.21782178217821782,100,6.37180699203382e-05
task,1105,striatum,44,Naive,10,bipolar,pac_between,low_gamma,DLS,ACC,,,0.0002994721876560828,4.396749031107195e-05,9.998245373598206,0.009900990099009901,100,0.0002555046973450108
task,1105,striatum,44,Naive,10,bipolar,pac_between,high_gamma,DLS,ACC,,,0.00030938657290466634,0.00010258968268760911,4.768473921594157,0.009900990099009901,100,0.00020679689021705722
task,1105,striatum,44,Naive,10,bipolar,pac_between,low_gamma,DLS,DMS,,,0.0004357105504062659,0.00010566310183980087,5.607317697268591,0.009900990099009901,100,0.000330047448566465
task,1105,striatum,44,Naive,10,bipolar,pac_between,high_gamma,DLS,DMS,,,0.0005033058756828654,0.0001552598502071432,4.311164512688901,0.019801980198019802,100,0.0003480460254757222
task,1105,striatum,44,Naive,10,bipolar,pac_between,low_gamma,DMS,ACC,,,0.00019611148256520753,5.281160884627258e-05,4.626724508071996,0.009900990099009901,100,0.00014329987371893495
task,1105,striatum,44,Naive,10,bipolar,pac_between,high_gamma,DMS,ACC,,,0.0001622284182082787,0.0001016907062514772,1.2783698628871423,0.12871287128712872,100,6.0537711956801504e-05
task,1105,striatum,44,Naive,10,bipolar,pac_between,low_gamma,DMS,DLS,,,0.0002901364003907932,0.00012554197187082748,1.781338753838522,0.0594059405940594,100,0.00016459442851996572
task,1105,striatum,44,Naive,10,bipolar,pac_between,high_gamma,DMS,DLS,,,0.000617861188921369,0.0002866966466310229,1.998998185919523,0.0594059405940594,100,0.00033116454229034615
task,1105,striatum,44,Intermediate,10,monopolar,same_freq,theta,ACC,DLS,0.11016056502687523,-0.013929105149899921,,,,,,
task,1105,striatum,44,Intermediate,10,monopolar,same_freq,low_gamma,ACC,DLS,0.20267619989006433,0.0041955384889729224,,,,,,
task,1105,striatum,44,Intermediate,10,monopolar,same_freq,high_gamma,ACC,DLS,0.22720019864410004,0.03810156830304305,,,,,,
task,1105,striatum,44,Intermediate,10,monopolar,same_freq,theta,ACC,DMS,0.12586737154645303,0.025563778518737257,,,,,,
task,1105,striatum,44,Intermediate,10,monopolar,same_freq,low_gamma,ACC,DMS,0.4689614697065901,0.017736408477268477,,,,,,
task,1105,striatum,44,Intermediate,10,monopolar,same_freq,high_gamma,ACC,DMS,0.4354120142610148,0.056201640126169225,,,,,,
task,1105,striatum,44,Intermediate,10,monopolar,same_freq,theta,DLS,DMS,0.7100669879050321,0.04072920666438712,,,,,,
task,1105,striatum,44,Intermediate,10,monopolar,same_freq,low_gamma,DLS,DMS,0.4203968154410772,0.044080500762311084,,,,,,
task,1105,striatum,44,Intermediate,10,monopolar,same_freq,high_gamma,DLS,DMS,0.41505180048134255,0.057202160639356514,,,,,,
task,1105,striatum,44,Intermediate,10,monopolar,pac_within,low_gamma,ACC,ACC,,,0.0002556946295783367,6.575026811310612e-05,5.695732047666653,0.009900990099009901,100,0.0001899443614652306
task,1105,striatum,44,Intermediate,10,monopolar,pac_within,high_gamma,ACC,ACC,,,0.0002139709330170508,6.782165750094697e-05,4.799063912329612,0.009900990099009901,100,0.00014614927551610384
task,1105,striatum,44,Intermediate,10,monopolar,pac_within,low_gamma,DLS,DLS,,,0.0006639357036577665,5.965412469674622e-05,22.22795397211868,0.009900990099009901,100,0.0006042815789610203
task,1105,striatum,44,Intermediate,10,monopolar,pac_within,high_gamma,DLS,DLS,,,0.0007368845678099629,5.9538979355072704e-05,23.8788859730733,0.009900990099009901,100,0.0006773455884548903
task,1105,striatum,44,Intermediate,10,monopolar,pac_within,low_gamma,DMS,DMS,,,2.7021524796624503e-05,5.9886479017367976e-05,-1.3009871639595634,0.9405940594059405,100,-3.286495422074347e-05
task,1105,striatum,44,Intermediate,10,monopolar,pac_within,high_gamma,DMS,DMS,,,0.00016421982115502555,5.831152548894942e-05,4.35139549697795,0.009900990099009901,100,0.00010590829566607614
task,1105,striatum,44,Intermediate,10,monopolar,pac_between,low_gamma,ACC,DLS,,,0.0006042698199290303,6.456726098641772e-05,18.818752062781535,0.009900990099009901,100,0.0005397025589426127
task,1105,striatum,44,Intermediate,10,monopolar,pac_between,high_gamma,ACC,DLS,,,0.0003782945136082518,5.837370072492726e-05,12.085896682448263,0.009900990099009901,100,0.0003199208128833245
task,1105,striatum,44,Intermediate,10,monopolar,pac_between,low_gamma,ACC,DMS,,,6.019455135996885e-05,6.344086931232226e-05,-0.11991144622011135,0.5148514851485149,100,-3.2463179523534063e-06
task,1105,striatum,44,Intermediate,10,monopolar,pac_between,high_gamma,ACC,DMS,,,0.00016535904590481035,5.9323311789530664e-05,3.955595913736924,0.009900990099009901,100,0.00010603573411527968
task,1105,striatum,44,Intermediate,10,monopolar,pac_between,low_gamma,DLS,ACC,,,0.00014850303993344335,5.798966949343385e-05,3.316089287919385,0.009900990099009901,100,9.05133704400095e-05
task,1105,striatum,44,Intermediate,10,monopolar,pac_between,high_gamma,DLS,ACC,,,0.0008566081676313888,5.899337887976684e-05,31.396742093586138,0.009900990099009901,100,0.0007976147887516219
task,1105,striatum,44,Intermediate,10,monopolar,pac_between,low_gamma,DLS,DMS,,,5.745838465896042e-05,5.629624482118907e-05,0.04575783306913142,0.43564356435643564,100,1.1621398377713538e-06
task,1105,striatum,44,Intermediate,10,monopolar,pac_between,high_gamma,DLS,DMS,,,0.0004024741466563911,5.1931544807626694e-05,17.026175004272947,0.009900990099009901,100,0.00035054260184876437
task,1105,striatum,44,Intermediate,10,monopolar,pac_between,low_gamma,DMS,ACC,,,9.162908471433193e-05,6.729230746646337e-05,0.868180412599926,0.19801980198019803,100,2.4336777247868557e-05
task,1105,striatum,44,Intermediate,10,monopolar,pac_between,high_gamma,DMS,ACC,,,0.00045313756788519996,5.681758977873836e-05,15.569332382282985,0.009900990099009901,100,0.0003963199781064616
task,1105,striatum,44,Intermediate,10,monopolar,pac_between,low_gamma,DMS,DLS,,,0.00035865090512742545,7.151901551090016e-05,8.933809504177596,0.009900990099009901,100,0.0002871318896165253
task,1105,striatum,44,Intermediate,10,monopolar,pac_between,high_gamma,DMS,DLS,,,0.00048412783260416475,6.428240849934896e-05,14.794404546417237,0.009900990099009901,100,0.0004198454241048158
task,1105,striatum,44,Intermediate,10,bipolar,same_freq,theta,ACC,DLS,0.586134721097774,0.4724884546313963,,,,,,
task,1105,striatum,44,Intermediate,10,bipolar,same_freq,low_gamma,ACC,DLS,0.598798202795616,0.07758491794566472,,,,,,
task,1105,striatum,44,Intermediate,10,bipolar,same_freq,high_gamma,ACC,DLS,0.2955648306081362,0.17194347884419686,,,,,,
task,1105,striatum,44,Intermediate,10,bipolar,same_freq,theta,ACC,DMS,0.19870621691339313,0.08835575910826962,,,,,,
task,1105,striatum,44,Intermediate,10,bipolar,same_freq,low_gamma,ACC,DMS,0.6828580591273299,0.09658337755424061,,,,,,
task,1105,striatum,44,Intermediate,10,bipolar,same_freq,high_gamma,ACC,DMS,0.37764361073734953,0.11369397954534022,,,,,,
task,1105,striatum,44,Intermediate,10,bipolar,same_freq,theta,DLS,DMS,0.3307847629918586,0.31818849904468305,,,,,,
task,1105,striatum,44,Intermediate,10,bipolar,same_freq,low_gamma,DLS,DMS,0.5854138009951257,0.03611693819245017,,,,,,
task,1105,striatum,44,Intermediate,10,bipolar,same_freq,high_gamma,DLS,DMS,0.5153549389775074,0.21248662677250518,,,,,,
task,1105,striatum,44,Intermediate,10,bipolar,pac_within,low_gamma,ACC,ACC,,,9.012144664405297e-05,4.5873677189781565e-05,1.347467658814946,0.10891089108910891,100,4.424776945427141e-05
task,1105,striatum,44,Intermediate,10,bipolar,pac_within,high_gamma,ACC,ACC,,,0.0002119223599212623,7.880262890394723e-05,3.4889277423840825,0.019801980198019802,100,0.00013311973101731508
task,1105,striatum,44,Intermediate,10,bipolar,pac_within,low_gamma,DLS,DLS,,,0.0003900525590316362,5.87665038232532e-05,11.038373206591736,0.009900990099009901,100,0.000331286055208383
task,1105,striatum,44,Intermediate,10,bipolar,pac_within,high_gamma,DLS,DLS,,,0.0011107624388740308,0.0001581075906937034,13.606908341004216,0.009900990099009901,100,0.0009526548481803274
task,1105,striatum,44,Intermediate,10,bipolar,pac_within,low_gamma,DMS,DMS,,,0.00018915486878772958,0.00010721231977736304,1.2143677878495465,0.12871287128712872,100,8.194254901036654e-05
task,1105,striatum,44,Intermediate,10,bipolar,pac_within,high_gamma,DMS,DMS,,,0.0003226419299714195,0.00011258357281478407,4.2153415020365586,0.009900990099009901,100,0.00021005835715663543
task,1105,striatum,44,Intermediate,10,bipolar,pac_between,low_gamma,ACC,DLS,,,0.0002327946226885224,6.622065137883752e-05,4.139394430319322,0.019801980198019802,100,0.00016657397130968486
task,1105,striatum,44,Intermediate,10,bipolar,pac_between,high_gamma,ACC,DLS,,,0.00031101644841142947,0.00019536146736663028,1.303887028141616,0.0891089108910891,100,0.00011565498104479919
task,1105,striatum,44,Intermediate,10,bipolar,pac_between,low_gamma,ACC,DMS,,,0.00038242171993535957,0.00013643087927472244,2.5214621659174536,0.04950495049504951,100,0.0002459908406606371
task,1105,striatum,44,Intermediate,10,bipolar,pac_between,high_gamma,ACC,DMS,,,0.00012535209615842176,0.00012271855077519361,0.041433181218529916,0.39603960396039606,100,2.6335453832281486e-06
task,1105,striatum,44,Intermediate,10,bipolar,pac_between,low_gamma,DLS,ACC,,,0.0002452487346651276,3.319884243759201e-05,9.855491073311324,0.009900990099009901,100,0.0002120498922275356
task,1105,striatum,44,Intermediate,10,bipolar,pac_between,high_gamma,DLS,ACC,,,0.0003431351322089717,6.928845529395762e-05,9.174140092238842,0.009900990099009901,100,0.00027384667691501407
task,1105,striatum,44,Intermediate,10,bipolar,pac_between,low_gamma,DLS,DMS,,,0.0008067311562026353,0.00011415454517180477,9.392840753125014,0.009900990099009901,100,0.0006925766110308306
task,1105,striatum,44,Intermediate,10,bipolar,pac_between,high_gamma,DLS,DMS,,,0.0005073848141300409,0.00010340872249846295,8.496778617207873,0.009900990099009901,100,0.00040397609163157793
task,1105,striatum,44,Intermediate,10,bipolar,pac_between,low_gamma,DMS,ACC,,,0.00013349128575570977,3.6455939501188905e-05,4.261581504755004,0.019801980198019802,100,9.703534625452086e-05
task,1105,striatum,44,Intermediate,10,bipolar,pac_between,high_gamma,DMS,ACC,,,0.00012382672035032713,7.722346038142085e-05,1.4959522266072927,0.0891089108910891,100,4.660325996890628e-05
task,1105,striatum,44,Intermediate,10,bipolar,pac_between,low_gamma,DMS,DLS,,,0.00020868368189611738,5.665556058841248e-05,4.4660574656578635,0.009900990099009901,100,0.0001520281213077049
task,1105,striatum,44,Intermediate,10,bipolar,pac_between,high_gamma,DMS,DLS,,,0.00024843681119538196,0.0001624419973548323,1.2119949221444968,0.1485148514851485,100,8.599481384054966e-05
task,1105,striatum,44,Expert,10,monopolar,same_freq,theta,ACC,DLS,0.07874640481172096,-0.06712569002381762,,,,,,
task,1105,striatum,44,Expert,10,monopolar,same_freq,low_gamma,ACC,DLS,0.19974769554911007,0.0007897106543661705,,,,,,
task,1105,striatum,44,Expert,10,monopolar,same_freq,high_gamma,ACC,DLS,0.2248727995461644,0.01634097845574603,,,,,,
task,1105,striatum,44,Expert,10,monopolar,same_freq,theta,ACC,DMS,0.22789156827804186,0.09649528162864204,,,,,,
task,1105,striatum,44,Expert,10,monopolar,same_freq,low_gamma,ACC,DMS,0.4857878626361199,0.03728657034907907,,,,,,
task,1105,striatum,44,Expert,10,monopolar,same_freq,high_gamma,ACC,DMS,0.428708125638069,0.04153626305391092,,,,,,
task,1105,striatum,44,Expert,10,monopolar,same_freq,theta,DLS,DMS,0.6359856574970254,0.006345574359341797,,,,,,
task,1105,striatum,44,Expert,10,monopolar,same_freq,low_gamma,DLS,DMS,0.40536604535247933,0.039069808547698745,,,,,,
task,1105,striatum,44,Expert,10,monopolar,same_freq,high_gamma,DLS,DMS,0.40996339706767504,0.03389864931383793,,,,,,
task,1105,striatum,44,Expert,10,monopolar,pac_within,low_gamma,ACC,ACC,,,0.00010936309148166403,5.07439825520551e-05,2.60439203127836,0.039603960396039604,100,5.8619108929608933e-05
task,1105,striatum,44,Expert,10,monopolar,pac_within,high_gamma,ACC,ACC,,,0.00032535385192901633,4.951359547995354e-05,12.018209632341057,0.009900990099009901,100,0.0002758402564490628
task,1105,striatum,44,Expert,10,monopolar,pac_within,low_gamma,DLS,DLS,,,0.0011039445157926416,5.4258074479067344e-05,33.56566060743812,0.009900990099009901,100,0.0010496864413135742
task,1105,striatum,44,Expert,10,monopolar,pac_within,high_gamma,DLS,DLS,,,0.0007292474324039296,4.6129826441173985e-05,30.682570940880435,0.009900990099009901,100,0.0006831176059627557
task,1105,striatum,44,Expert,10,monopolar,pac_within,low_gamma,DMS,DMS,,,5.503353475100074e-05,5.115224486321075e-05,0.18398778627627832,0.38613861386138615,100,3.881289887789994e-06
task,1105,striatum,44,Expert,10,monopolar,pac_within,high_gamma,DMS,DMS,,,0.00014680206555019794,4.820996144142358e-05,4.88405145554031,0.009900990099009901,100,9.859210410877436e-05
task,1105,striatum,44,Expert,10,monopolar,pac_between,low_gamma,ACC,DLS,,,0.0004787474476097821,5.2870141098412034e-05,16.505785579606005,0.009900990099009901,100,0.00042587730651137007
task,1105,striatum,44,Expert,10,monopolar,pac_between,high_gamma,ACC,DLS,,,0.0003671842734132371,4.801995954871655e-05,15.331905824000017,0.009900990099009901,100,0.00031916431386452056
task,1105,striatum,44,Expert,10,monopolar,pac_between,low_gamma,ACC,DMS,,,0.00010510016911902223,5.052855269126039e-05,2.4598130712721304,0.0297029702970297,100,5.4571616427761845e-05
task,1105,striatum,44,Expert,10,monopolar,pac_between,high_gamma,ACC,DMS,,,0.00018570490949400978,4.809281642477725e-05,7.752952727161694,0.009900990099009901,100,0.00013761209306923253
task,1105,striatum,44,Expert,10,monopolar,pac_between,low_gamma,DLS,ACC,,,0.00010884440393246406,4.836915481193118e-05,2.64462069254695,0.039603960396039604,100,6.047524912053288e-05
task,1105,striatum,44,Expert,10,monopolar,pac_between,high_gamma,DLS,ACC,,,0.0006190800460499372,4.9026560756968015e-05,27.20601512790178,0.009900990099009901,100,0.0005700534852929693
task,1105,striatum,44,Expert,10,monopolar,pac_between,low_gamma,DLS,DMS,,,8.841573190571976e-05,4.626808003257739e-05,2.300826150340663,0.039603960396039604,100,4.214765187314237e-05
task,1105,striatum,44,Expert,10,monopolar,pac_between,high_gamma,DLS,DMS,,,0.000346924246216436,4.336255572204571e-05,17.731219326493346,0.009900990099009901,100,0.0003035616904943903
task,1105,striatum,44,Expert,10,monopolar,pac_between,low_gamma,DMS,ACC,,,9.656831042124951e-05,5.1628382291303744e-05,1.8113150967350318,0.06930693069306931,100,4.493992812994577e-05
task,1105,striatum,44,Expert,10,monopolar,pac_between,high_gamma,DMS,ACC,,,0.0004133835244738161,5.2189677812961674e-05,15.75455263113993,0.009900990099009901,100,0.00036119384666085443
task,1105,striatum,44,Expert,10,monopolar,pac_between,low_gamma,DMS,DLS,,,0.0005024652484794187,5.561588829660534e-05,17.95035706563645,0.009900990099009901,100,0.00044684936018281335
task,1105,striatum,44,Expert,10,monopolar,pac_between,high_gamma,DMS,DLS,,,0.00047192974884234295,4.8904028388702384e-05,22.893810378024927,0.009900990099009901,100,0.0004230257204536406
task,1105,striatum,44,Expert,10,bipolar,same_freq,theta,ACC,DLS,0.5697142925824111,0.458833056525053,,,,,,
task,1105,striatum,44,Expert,10,bipolar,same_freq,low_gamma,ACC,DLS,0.510125383201887,0.040275380456602394,,,,,,
task,1105,striatum,44,Expert,10,bipolar,same_freq,high_gamma,ACC,DLS,0.31630843840929646,0.1633755316876593,,,,,,
task,1105,striatum,44,Expert,10,bipolar,same_freq,theta,ACC,DMS,0.17808674656324897,0.11265100965963422,,,,,,
task,1105,striatum,44,Expert,10,bipolar,same_freq,low_gamma,ACC,DMS,0.6610295834560868,0.07098023447038707,,,,,,
task,1105,striatum,44,Expert,10,bipolar,same_freq,high_gamma,ACC,DMS,0.3841475651705993,0.07856924418401193,,,,,,
task,1105,striatum,44,Expert,10,bipolar,same_freq,theta,DLS,DMS,0.337618205951645,0.30772929678817623,,,,,,
task,1105,striatum,44,Expert,10,bipolar,same_freq,low_gamma,DLS,DMS,0.4911815923192081,-0.006383760631555442,,,,,,
task,1105,striatum,44,Expert,10,bipolar,same_freq,high_gamma,DLS,DMS,0.5015963190453201,0.18437721406058719,,,,,,
task,1105,striatum,44,Expert,10,bipolar,pac_within,low_gamma,ACC,ACC,,,4.174919665655448e-05,2.706438387904798e-05,0.6808982708873524,0.18811881188118812,100,1.4684812777506502e-05
task,1105,striatum,44,Expert,10,bipolar,pac_within,high_gamma,ACC,ACC,,,0.00013119325980248344,6.266832035827228e-05,2.5775309661853023,0.0297029702970297,100,6.852493944421117e-05
task,1105,striatum,44,Expert,10,bipolar,pac_within,low_gamma,DLS,DLS,,,0.00017368738653312471,4.4591873460637423e-05,5.174688599483641,0.009900990099009901,100,0.0001290955130724873
task,1105,striatum,44,Expert,10,bipolar,pac_within,high_gamma,DLS,DLS,,,0.0006795531408443606,0.00012329630795647692,10.553149025689637,0.009900990099009901,100,0.0005562568328878838
task,1105,striatum,44,Expert,10,bipolar,pac_within,low_gamma,DMS,DMS,,,0.0001864581069624263,9.832067667749908e-05,1.4977380432579184,0.09900990099009901,100,8.813743028492722e-05
task,1105,striatum,44,Expert,10,bipolar,pac_within,high_gamma,DMS,DMS,,,0.000236847239355664,9.79001854904661e-05,3.1564992364467046,0.0297029702970297,100,0.0001389470538651979
task,1105,striatum,44,Expert,10,bipolar,pac_between,low_gamma,ACC,DLS,,,0.0001989579555706994,4.533662150398195e-05,6.91886171472049,0.009900990099009901,100,0.00015362133406671746
task,1105,striatum,44,Expert,10,bipolar,pac_between,high_gamma,ACC,DLS,,,0.00034710989717817655,0.00012333987642696947,3.734753336036169,0.009900990099009901,100,0.00022377002075120708
task,1105,striatum,44,Expert,10,bipolar,pac_between,low_gamma,ACC,DMS,,,0.00023665109047106442,8.234144095092289e-05,2.917364732687252,0.039603960396039604,100,0.00015430964952014154
task,1105,striatum,44,Expert,10,bipolar,pac_between,high_gamma,ACC,DMS,,,0.00011316216142948958,8.54983485502625e-05,0.7813105026193894,0.2079207920792079,100,2.7663812879227074e-05
task,1105,striatum,44,Expert,10,bipolar,pac_between,low_gamma,DLS,ACC,,,0.0002226683870044225,2.429184060860007e-05,12.148612642697929,0.009900990099009901,100,0.0001983765463958224
task,1105,striatum,44,Expert,10,bipolar,pac_between,high_gamma,DLS,ACC,,,0.0001891915869583059,6.325309935390405e-05,4.062706074972783,0.009900990099009901,100,0.00012593848760440184
task,1105,striatum,44,Expert,10,bipolar,pac_between,low_gamma,DLS,DMS,,,0.0005867491116144422,8.367092670958307e-05,8.991456453785863,0.009900990099009901,100,0.0005030781849048591
task,1105,striatum,44,Expert,10,bipolar,pac_between,high_gamma,DLS,DMS,,,0.0004265307970562086,8.465278375291729e-05,8.647914646353652,0.009900990099009901,100,0.0003418780133032913
task,1105,striatum,44,Expert,10,bipolar,pac_between,low_gamma,DMS,ACC,,,0.00010045554015877684,3.1799073799116034e-05,2.8573950339270056,0.0297029702970297,100,6.86564663596608e-05
task,1105,striatum,44,Expert,10,bipolar,pac_between,high_gamma,DMS,ACC,,,7.245104763390557e-05,6.18799570380783e-05,0.4486180397899545,0.27722772277227725,100,1.0571090595827272e-05
task,1105,striatum,44,Expert,10,bipolar,pac_between,low_gamma,DMS,DLS,,,0.0001432000774664604,5.479109757322545e-05,2.8776944997046074,0.019801980198019802,100,8.840897989323494e-05
task,1105,striatum,44,Expert,10,bipolar,pac_between,high_gamma,DMS,DLS,,,0.00012121405963570712,0.00014668582721337413,-0.35139198549598816,0.5643564356435643,100,-2.547176757766701e-05
task,1106,striatum,67,All,79,monopolar,same_freq,theta,ACC,DLS,0.028637114804509367,-0.06987127564544765,,,,,,
task,1106,striatum,67,All,79,monopolar,same_freq,low_gamma,ACC,DLS,0.47066538656624796,0.010039608407653796,,,,,,
task,1106,striatum,67,All,79,monopolar,same_freq,high_gamma,ACC,DLS,0.22613231920510432,0.015778072025046053,,,,,,
task,1106,striatum,67,All,79,monopolar,same_freq,theta,ACC,DMS,0.0484542656308679,0.05472458740916833,,,,,,
task,1106,striatum,67,All,79,monopolar,same_freq,low_gamma,ACC,DMS,0.1312475157774305,0.013354508970044214,,,,,,
task,1106,striatum,67,All,79,monopolar,same_freq,high_gamma,ACC,DMS,0.04808709323141029,0.016322432383917663,,,,,,
task,1106,striatum,67,All,79,monopolar,same_freq,theta,DLS,DMS,0.2453297721491147,-0.014394503121681597,,,,,,
task,1106,striatum,67,All,79,monopolar,same_freq,low_gamma,DLS,DMS,0.34646564182649925,0.03437907106749887,,,,,,
task,1106,striatum,67,All,79,monopolar,same_freq,high_gamma,DLS,DMS,0.17913112900320022,0.02641002326410339,,,,,,
task,1106,striatum,67,All,79,monopolar,pac_within,low_gamma,ACC,ACC,,,0.00012160297210961933,9.003366021192876e-06,28.832102208497922,0.009900990099009901,100,0.00011259960608842645
task,1106,striatum,67,All,79,monopolar,pac_within,high_gamma,ACC,ACC,,,4.01018105913925e-05,7.43034784495264e-06,11.829805974750498,0.009900990099009901,100,3.267146274643986e-05
task,1106,striatum,67,All,79,monopolar,pac_within,low_gamma,DLS,DLS,,,0.00010386687811812459,8.889299762694077e-06,25.81031686575321,0.009900990099009901,100,9.49775783554305e-05
task,1106,striatum,67,All,79,monopolar,pac_within,high_gamma,DLS,DLS,,,0.00036240370122359836,7.951171452787972e-06,98.19471525653952,0.009900990099009901,100,0.0003544525297708104
task,1106,striatum,67,All,79,monopolar,pac_within,low_gamma,DMS,DMS,,,3.363222972293986e-05,7.590504767584448e-06,7.806843399574274,0.009900990099009901,100,2.6041724955355414e-05
task,1106,striatum,67,All,79,monopolar,pac_within,high_gamma,DMS,DMS,,,1.1114631778259166e-05,7.18425988914226e-06,1.3107345942558448,0.1188118811881188,100,3.930371889116906e-06
task,1106,striatum,67,All,79,monopolar,pac_between,low_gamma,ACC,DLS,,,9.207642538452512e-05,9.191234512026864e-06,16.778367606644213,0.009900990099009901,100,8.288519087249826e-05
task,1106,striatum,67,All,79,monopolar,pac_between,high_gamma,ACC,DLS,,,0.00032423542353946096,8.008231644329878e-06,95.8208160531011,0.009900990099009901,100,0.0003162271918951311
task,1106,striatum,67,All,79,monopolar,pac_between,low_gamma,ACC,DMS,,,4.1529659848999417e-05,8.873265339254398e-06,8.098624068774107,0.009900990099009901,100,3.2656394509745015e-05
task,1106,striatum,67,All,79,monopolar,pac_between,high_gamma,ACC,DMS,,,9.525130806905414e-05,7.991986056043919e-06,27.878848605061524,0.009900990099009901,100,8.725932201301022e-05
task,1106,striatum,67,All,79,monopolar,pac_between,low_gamma,DLS,ACC,,,0.00010026675418358732,8.682731502362919e-06,25.118581742399428,0.009900990099009901,100,9.15840226812244e-05
task,1106,striatum,67,All,79,monopolar,pac_between,high_gamma,DLS,ACC,,,4.8703932184739025e-05,8.351199836157433e-06,13.442577540108783,0.009900990099009901,100,4.0352732348581595e-05
task,1106,striatum,67,All,79,monopolar,pac_between,low_gamma,DLS,DMS,,,0.00014958327906811156,8.591157724290815e-06,38.984108518973514,0.009900990099009901,100,0.00014099212134382076
task,1106,striatum,67,All,79,monopolar,pac_between,high_gamma,DLS,DMS,,,9.036493561628252e-05,7.502915772492067e-06,29.639183610144187,0.009900990099009901,100,8.286201984379045e-05
task,1106,striatum,67,All,79,monopolar,pac_between,low_gamma,DMS,ACC,,,1.1359165653873742e-05,8.016014542329383e-06,0.941192807990444,0.16831683168316833,100,3.343151111544359e-06
task,1106,striatum,67,All,79,monopolar,pac_between,high_gamma,DMS,ACC,,,3.32933852322928e-06,7.403120298467228e-06,-1.2984011050629236,0.9504950495049505,100,-4.073781775237948e-06
task,1106,striatum,67,All,79,monopolar,pac_between,low_gamma,DMS,DLS,,,1.974939936074678e-05,7.565004152318949e-06,3.2052221524135813,0.0297029702970297,100,1.2184395208427831e-05
task,1106,striatum,67,All,79,monopolar,pac_between,high_gamma,DMS,DLS,,,1.537213334320049e-05,7.70581892037208e-06,2.4940392428479408,0.0297029702970297,100,7.66631442282841e-06
task,1106,striatum,67,All,79,bipolar,same_freq,theta,ACC,DLS,0.10522125937370168,0.09243083461802004,,,,,,
task,1106,striatum,67,All,79,bipolar,same_freq,low_gamma,ACC,DLS,-0.005649344801727116,-0.007386139413157734,,,,,,
task,1106,striatum,67,All,79,bipolar,same_freq,high_gamma,ACC,DLS,0.015595692785034632,0.013437982514894085,,,,,,
task,1106,striatum,67,All,79,bipolar,same_freq,theta,ACC,DMS,0.1819251945144051,0.08484194028255587,,,,,,
task,1106,striatum,67,All,79,bipolar,same_freq,low_gamma,ACC,DMS,0.0705051034359019,0.025295070614184807,,,,,,
task,1106,striatum,67,All,79,bipolar,same_freq,high_gamma,ACC,DMS,0.018749942258599626,0.00987961935495116,,,,,,
task,1106,striatum,67,All,79,bipolar,same_freq,theta,DLS,DMS,0.3684544251722485,0.16373143659117176,,,,,,
task,1106,striatum,67,All,79,bipolar,same_freq,low_gamma,DLS,DMS,0.050673532356139,0.019962683986552855,,,,,,
task,1106,striatum,67,All,79,bipolar,same_freq,high_gamma,DLS,DMS,0.03437713230834858,0.011664762685187048,,,,,,
task,1106,striatum,67,All,79,bipolar,pac_within,low_gamma,ACC,ACC,,,5.4774775060208485e-05,8.195806015415671e-06,11.835853341045654,0.009900990099009901,100,4.6578969044792814e-05
task,1106,striatum,67,All,79,bipolar,pac_within,high_gamma,ACC,ACC,,,3.0449792095108145e-05,8.004356127118594e-06,7.392356782480684,0.009900990099009901,100,2.2445435967989553e-05
task,1106,striatum,67,All,79,bipolar,pac_within,low_gamma,DLS,DLS,,,1.2776884009415685e-05,8.871588359934705e-06,0.9342382568101575,0.1782178217821782,100,3.90529564948098e-06
task,1106,striatum,67,All,79,bipolar,pac_within,high_gamma,DLS,DLS,,,1.08951408605757e-05,7.672449571357215e-06,1.1212695737902867,0.13861386138613863,100,3.222691289218486e-06
task,1106,striatum,67,All,79,bipolar,pac_within,low_gamma,DMS,DMS,,,1.6007607959261423e-05,8.950778812999801e-06,1.9556784661692175,0.039603960396039604,100,7.056829146261622e-06
task,1106,striatum,67,All,79,bipolar,pac_within,high_gamma,DMS,DMS,,,1.2622252035015395e-05,7.740615882047964e-06,1.6182909808084596,0.07920792079207921,100,4.881636152967431e-06
task,1106,striatum,67,All,79,bipolar,pac_between,low_gamma,ACC,DLS,,,2.2801134766755404e-05,8.363576010436303e-06,3.6749942878282105,0.009900990099009901,100,1.44375587563191e-05
task,1106,striatum,67,All,79,bipolar,pac_between,high_gamma,ACC,DLS,,,6.8006778860941354e-06,7.162895242786625e-06,-0.12305532127039694,0.45544554455445546,100,-3.6221735669248963e-07
task,1106,striatum,67,All,79,bipolar,pac_between,low_gamma,ACC,DMS,,,7.211053146798819e-06,8.283000485355271e-06,-0.28278494809749327,0.5841584158415841,100,-1.0719473385564518e-06
task,1106,striatum,67,All,79,bipolar,pac_between,high_gamma,ACC,DMS,,,3.819984906414651e-06,8.126828998256741e-06,-1.4752262308653707,0.9603960396039604,100,-4.30684409184209e-06
task,1106,striatum,67,All,79,bipolar,pac_between,low_gamma,DLS,ACC,,,0.00024735595361926997,8.525715363687473e-06,67.6924213377113,0.009900990099009901,100,0.0002388302382555825
task,1106,striatum,67,All,79,bipolar,pac_between,high_gamma,DLS,ACC,,,0.00011762321881844764,9.184658222802329e-06,30.69522231324263,0.009900990099009901,100,0.00010843856059564531
task,1106,striatum,67,All,79,bipolar,pac_between,low_gamma,DLS,DMS,,,1.1293997576524074e-05,9.112841474320296e-06,0.5433502866168275,0.26732673267326734,100,2.181156102203778e-06
task,1106,striatum,67,All,79,bipolar,pac_between,high_gamma,DLS,DMS,,,1.009314156486609e-05,7.524246077865151e-06,0.8739004544078001,0.19801980198019803,100,2.568895487000939e-06
task,1106,striatum,67,All,79,bipolar,pac_between,low_gamma,DMS,ACC,,,0.00023765562341063277,8.565127586555025e-06,55.198803551122836,0.009900990099009901,100,0.00022909049582407775
task,1106,striatum,67,All,79,bipolar,pac_between,high_gamma,DMS,ACC,,,0.00010484400212853853,8.01032038350543e-06,34.95782771686095,0.009900990099009901,100,9.683368174503309e-05
task,1106,striatum,67,All,79,bipolar,pac_between,low_gamma,DMS,DLS,,,1.1385114016132141e-05,8.852266245014433e-06,0.7499231394833064,0.21782178217821782,100,2.5328477711177082e-06
task,1106,striatum,67,All,79,bipolar,pac_between,high_gamma,DMS,DLS,,,6.7094896887490835e-06,7.564719632891804e-06,-0.3014240876819383,0.5841584158415841,100,-8.552299441427209e-07
task,1106,striatum,67,Naive,10,monopolar,same_freq,theta,ACC,DLS,0.03644428745648968,-0.0689892414484655,,,,,,
task,1106,striatum,67,Naive,10,monopolar,same_freq,low_gamma,ACC,DLS,0.5092320134401467,0.05391223233878177,,,,,,
task,1106,striatum,67,Naive,10,monopolar,same_freq,high_gamma,ACC,DLS,0.2891071710014578,0.07792109213205614,,,,,,
task,1106,striatum,67,Naive,10,monopolar,same_freq,theta,ACC,DMS,0.14122385093537196,0.11555876289302261,,,,,,
task,1106,striatum,67,Naive,10,monopolar,same_freq,low_gamma,ACC,DMS,0.2009628146054492,0.061384241859982355,,,,,,
task,1106,striatum,67,Naive,10,monopolar,same_freq,high_gamma,ACC,DMS,0.12767381227338895,0.07963121781590562,,,,,,
task,1106,striatum,67,Naive,10,monopolar,same_freq,theta,DLS,DMS,0.33672431208503106,0.0680318646057292,,,,,,
task,1106,striatum,67,Naive,10,monopolar,same_freq,low_gamma,DLS,DMS,0.38546058865466315,0.06179061256144401,,,,,,
task,1106,striatum,67,Naive,10,monopolar,same_freq,high_gamma,DLS,DMS,0.2523463574979778,0.0661152970416495,,,,,,
task,1106,striatum,67,Naive,10,monopolar,pac_within,low_gamma,ACC,ACC,,,0.00020442149693756972,8.425069266557322e-05,2.9720332792462494,0.009900990099009901,100,0.0001201708042719965
task,1106,striatum,67,Naive,10,monopolar,pac_within,high_gamma,ACC,ACC,,,0.00015951747771570908,7.349346604738106e-05,2.4430221615466925,0.039603960396039604,100,8.602401166832802e-05
task,1106,striatum,67,Naive,10,monopolar,pac_within,low_gamma,DLS,DLS,,,0.0002279962267173283,8.197928046404299e-05,3.9554552480150043,0.009900990099009901,100,0.00014601694625328531
task,1106,striatum,67,Naive,10,monopolar,pac_within,high_gamma,DLS,DLS,,,0.0003364435631593124,7.312275128563826e-05,7.613104512434944,0.009900990099009901,100,0.00026332081187367413
task,1106,striatum,67,Naive,10,monopolar,pac_within,low_gamma,DMS,DMS,,,8.93333282332467e-05,7.028179288414022e-05,0.5965260232271242,0.26732673267326734,100,1.905153534910648e-05
task,1106,striatum,67,Naive,10,monopolar,pac_within,high_gamma,DMS,DMS,,,3.0514877873337524e-05,6.483600128583087e-05,-1.2062378989431233,0.9207920792079208,100,-3.4321123412493345e-05
task,1106,striatum,67,Naive,10,monopolar,pac_between,low_gamma,ACC,DLS,,,0.0006963215492333404,8.060937517331467e-05,17.021281957834287,0.009900990099009901,100,0.0006157121740600258
task,1106,striatum,67,Naive,10,monopolar,pac_between,high_gamma,ACC,DLS,,,0.00032291751653487367,7.535706457061099e-05,10.245967483385948,0.009900990099009901,100,0.0002475604519642627
task,1106,striatum,67,Naive,10,monopolar,pac_between,low_gamma,ACC,DMS,,,0.00030487825224009894,8.456876903394585e-05,5.526331523644063,0.009900990099009901,100,0.0002203094832061531
task,1106,striatum,67,Naive,10,monopolar,pac_between,high_gamma,ACC,DMS,,,0.00040077663252304705,7.195822998222367e-05,12.087965753464045,0.009900990099009901,100,0.0003288184025408234
task,1106,striatum,67,Naive,10,monopolar,pac_between,low_gamma,DLS,ACC,,,0.00011045554928323425,8.202252655905722e-05,0.7681154172235269,0.25742574257425743,100,2.8433022724177036e-05
task,1106,striatum,67,Naive,10,monopolar,pac_between,high_gamma,DLS,ACC,,,6.673077048004663e-05,7.770394009402472e-05,-0.4239493459974501,0.6237623762376238,100,-1.0973169613978087e-05
task,1106,striatum,67,Naive,10,monopolar,pac_between,low_gamma,DLS,DMS,,,0.0002049384046486621,7.78613501422201e-05,3.9550619472108157,0.009900990099009901,100,0.000127077054506442
task,1106,striatum,67,Naive,10,monopolar,pac_between,high_gamma,DLS,DMS,,,0.00011208231427528921,7.249206473659401e-05,1.2404944846418469,0.10891089108910891,100,3.95902495386952e-05
task,1106,striatum,67,Naive,10,monopolar,pac_between,low_gamma,DMS,ACC,,,0.00011616203941842294,6.94857642466217e-05,1.502349956942573,0.10891089108910891,100,4.667627517180124e-05
task,1106,striatum,67,Naive,10,monopolar,pac_between,high_gamma,DMS,ACC,,,8.427231914676743e-05,6.580543069412042e-05,0.6929120572544891,0.2376237623762376,100,1.8466888452647005e-05
task,1106,striatum,67,Naive,10,monopolar,pac_between,low_gamma,DMS,DLS,,,0.00011727534825685938,7.66527173383711e-05,1.0242867954806307,0.19801980198019803,100,4.0622630918488276e-05
task,1106,striatum,67,Naive,10,monopolar,pac_between,high_gamma,DMS,DLS,,,2.142582231898474e-05,6.626166609343687e-05,-1.8652307168439899,0.9900990099009901,100,-4.483584377445213e-05
task,1106,striatum,67,Naive,10,bipolar,same_freq,theta,ACC,DLS,0.10729446284259304,0.13367974289500784,,,,,,
task,1106,striatum,67,Naive,10,bipolar,same_freq,low_gamma,ACC,DLS,-0.04376795131324628,-0.03897954326231104,,,,,,
task,1106,striatum,67,Naive,10,bipolar,same_freq,high_gamma,ACC,DLS,0.005081603897774443,0.006785023747192123,,,,,,
task,1106,striatum,67,Naive,10,bipolar,same_freq,theta,ACC,DMS,0.3614017413595834,0.28210634693152703,,,,,,
task,1106,striatum,67,Naive,10,bipolar,same_freq,low_gamma,ACC,DMS,0.06425796346663003,0.03494584983498294,,,,,,
task,1106,striatum,67,Naive,10,bipolar,same_freq,high_gamma,ACC,DMS,0.0452825481701888,0.02744470720924313,,,,,,
task,1106,striatum,67,Naive,10,bipolar,same_freq,theta,DLS,DMS,0.3880454028471688,0.21291038179896155,,,,,,
task,1106,striatum,67,Naive,10,bipolar,same_freq,low_gamma,DLS,DMS,0.0704722373691005,0.011144112208479584,,,,,,
task,1106,striatum,67,Naive,10,bipolar,same_freq,high_gamma,DLS,DMS,0.05723320633820501,0.01866046984767382,,,,,,
task,1106,striatum,67,Naive,10,bipolar,pac_within,low_gamma,ACC,ACC,,,6.010548278299908e-05,7.50360584355621e-05,-0.47698381904183423,0.6138613861386139,100,-1.493057565256302e-05
task,1106,striatum,67,Naive,10,bipolar,pac_within,high_gamma,ACC,ACC,,,9.377759872149613e-05,7.315608720099408e-05,0.693797110011607,0.18811881188118812,100,2.0621511520502053e-05
task,1106,striatum,67,Naive,10,bipolar,pac_within,low_gamma,DLS,DLS,,,7.716802949638609e-05,7.571923084417388e-05,0.04484697034385563,0.39603960396039606,100,1.4487986522122116e-06
task,1106,striatum,67,Naive,10,bipolar,pac_within,high_gamma,DLS,DLS,,,5.436588799333904e-05,7.402053362327213e-05,-0.8231972930403065,0.8316831683168316,100,-1.9654645629933086e-05
task,1106,striatum,67,Naive,10,bipolar,pac_within,low_gamma,DMS,DMS,,,8.430618884425638e-05,8.612692499723412e-05,-0.05596197062703021,0.504950495049505,100,-1.8207361529777344e-06
task,1106,striatum,67,Naive,10,bipolar,pac_within,high_gamma,DMS,DMS,,,0.00012209858866415316,7.060545625147123e-05,1.761391481811332,0.06930693069306931,100,5.1493132412681924e-05
task,1106,striatum,67,Naive,10,bipolar,pac_between,low_gamma,ACC,DLS,,,0.00017529212780370858,6.946596646709574e-05,3.6584068227023057,0.009900990099009901,100,0.00010582616133661284
task,1106,striatum,67,Naive,10,bipolar,pac_between,high_gamma,ACC,DLS,,,7.625745119301265e-05,6.724498724894379e-05,0.3344976922673792,0.33663366336633666,100,9.01246394406886e-06
task,1106,striatum,67,Naive,10,bipolar,pac_between,low_gamma,ACC,DMS,,,5.9159703107769916e-05,7.767977468146184e-05,-0.46767524901230983,0.6336633663366337,100,-1.8520071573691925e-05
task,1106,striatum,67,Naive,10,bipolar,pac_between,high_gamma,ACC,DMS,,,3.372236282444284e-05,6.45659097078267e-05,-1.2288404146321066,0.9405940594059405,100,-3.0843546883383864e-05
task,1106,striatum,67,Naive,10,bipolar,pac_between,low_gamma,DLS,ACC,,,0.0002911577315489719,9.044800257686262e-05,5.666969500276601,0.009900990099009901,100,0.00020070972897210927
task,1106,striatum,67,Naive,10,bipolar,pac_between,high_gamma,DLS,ACC,,,0.00020655562768422708,7.864118329705868e-05,3.6955982770915217,0.009900990099009901,100,0.00012791444438716842
task,1106,striatum,67,Naive,10,bipolar,pac_between,low_gamma,DLS,DMS,,,6.49789347993486e-05,8.020409874072201e-05,-0.40346422986709946,0.6237623762376238,100,-1.5225163941373407e-05
task,1106,striatum,67,Naive,10,bipolar,pac_between,high_gamma,DLS,DMS,,,7.439058165638564e-05,7.146933925750129e-05,0.11273504662815725,0.42574257425742573,100,2.9212423988843523e-06
task,1106,striatum,67,Naive,10,bipolar,pac_between,low_gamma,DMS,ACC,,,0.0002480018401716059,7.643924465944937e-05,4.998144341924625,0.009900990099009901,100,0.00017156259551215656
task,1106,striatum,67,Naive,10,bipolar,pac_between,high_gamma,DMS,ACC,,,0.00011749582991415587,7.47427238037674e-05,1.455072173129844,0.0891089108910891,100,4.2753106110388477e-05
task,1106,striatum,67,Naive,10,bipolar,pac_between,low_gamma,DMS,DLS,,,4.066399592373734e-05,7.233749435634803e-05,-1.063148075470711,0.9108910891089109,100,-3.1673498432610696e-05
task,1106,striatum,67,Naive,10,bipolar,pac_between,high_gamma,DMS,DLS,,,9.944534816894491e-05,6.9377364622367e-05,1.0833584542897283,0.1485148514851485,100,3.0067983546577904e-05
task,1106,striatum,67,Intermediate,10,monopolar,same_freq,theta,ACC,DLS,-0.04944141103318724,-0.07055430298949508,,,,,,
task,1106,striatum,67,Intermediate,10,monopolar,same_freq,low_gamma,ACC,DLS,0.46204190438978243,0.01012053995444722,,,,,,
task,1106,striatum,67,Intermediate,10,monopolar,same_freq,high_gamma,ACC,DLS,0.1959280463270497,0.0028234454735574553,,,,,,
task,1106,striatum,67,Intermediate,10,monopolar,same_freq,theta,ACC,DMS,0.039792982854210526,0.05608521706491725,,,,,,
task,1106,striatum,67,Intermediate,10,monopolar,same_freq,low_gamma,ACC,DMS,0.09917727249802644,-0.00619371993984726,,,,,,
task,1106,striatum,67,Intermediate,10,monopolar,same_freq,high_gamma,ACC,DMS,0.020959109760708715,0.0034558605392584433,,,,,,
task,1106,striatum,67,Intermediate,10,monopolar,same_freq,theta,DLS,DMS,0.22454851198040254,-0.019781486347998162,,,,,,
task,1106,striatum,67,Intermediate,10,monopolar,same_freq,low_gamma,DLS,DMS,0.32797281256938193,0.010560174783891216,,,,,,
task,1106,striatum,67,Intermediate,10,monopolar,same_freq,high_gamma,DLS,DMS,0.15417171527664159,0.015533051952558719,,,,,,
task,1106,striatum,67,Intermediate,10,monopolar,pac_within,low_gamma,ACC,ACC,,,0.00024423506916081903,6.964424067045557e-05,5.903971561712497,0.009900990099009901,100,0.00017459082849036347
task,1106,striatum,67,Intermediate,10,monopolar,pac_within,high_gamma,ACC,ACC,,,5.449992640372634e-05,6.298133492012643e-05,-0.32299022017303025,0.6039603960396039,100,-8.481408516400092e-06
task,1106,striatum,67,Intermediate,10,monopolar,pac_within,low_gamma,DLS,DLS,,,0.0002492406023048523,7.002956190568624e-05,5.966705219669419,0.009900990099009901,100,0.00017921104039916603
task,1106,striatum,67,Intermediate,10,monopolar,pac_within,high_gamma,DLS,DLS,,,0.000476934289865808,6.30472404204393e-05,15.62291467419782,0.009900990099009901,100,0.0004138870494453687
task,1106,striatum,67,Intermediate,10,monopolar,pac_within,low_gamma,DMS,DMS,,,8.468043088920215e-05,5.3800622311444855e-05,1.216231613632138,0.1188118811881188,100,3.0879808577757294e-05
task,1106,striatum,67,Intermediate,10,monopolar,pac_within,high_gamma,DMS,DMS,,,2.920454042869819e-05,5.679663774013707e-05,-1.4887037903427565,0.9504950495049505,100,-2.7592097311438878e-05
task,1106,striatum,67,Intermediate,10,monopolar,pac_between,low_gamma,ACC,DLS,,,0.00011099154212954713,7.037298370177703e-05,1.3562577448015067,0.09900990099009901,100,4.06185584277701e-05
task,1106,striatum,67,Intermediate,10,monopolar,pac_between,high_gamma,ACC,DLS,,,0.00042480994891293353,6.222987810435112e-05,13.76808341464614,0.009900990099009901,100,0.0003625800708085824
task,1106,striatum,67,Intermediate,10,monopolar,pac_between,low_gamma,ACC,DMS,,,3.607074893251398e-05,6.613843812559076e-05,-1.1122490689709568,0.9207920792079208,100,-3.0067689193076783e-05
task,1106,striatum,67,Intermediate,10,monopolar,pac_between,high_gamma,ACC,DMS,,,9.171681285383101e-05,6.103865076305788e-05,1.4093860489212924,0.07920792079207921,100,3.067816209077313e-05
task,1106,striatum,67,Intermediate,10,monopolar,pac_between,low_gamma,DLS,ACC,,,9.300359649111767e-05,6.397270057018753e-05,0.9269454004511728,0.19801980198019803,100,2.9030895920930134e-05
task,1106,striatum,67,Intermediate,10,monopolar,pac_between,high_gamma,DLS,ACC,,,0.00012637075297999322,5.736031685916562e-05,3.311374581779634,0.019801980198019802,100,6.90104361208276e-05
task,1106,striatum,67,Intermediate,10,monopolar,pac_between,low_gamma,DLS,DMS,,,0.0002840827183177874,7.126596953399451e-05,6.571474425769598,0.009900990099009901,100,0.0002128167487837929
task,1106,striatum,67,Intermediate,10,monopolar,pac_between,high_gamma,DLS,DMS,,,0.00015260279894597478,5.766066457256497e-05,4.303159511101658,0.019801980198019802,100,9.494213437340982e-05
task,1106,striatum,67,Intermediate,10,monopolar,pac_between,low_gamma,DMS,ACC,,,5.616588297368054e-05,6.361834200042161e-05,-0.2273535611550274,0.5445544554455446,100,-7.452459026741065e-06
task,1106,striatum,67,Intermediate,10,monopolar,pac_between,high_gamma,DMS,ACC,,,3.901747991825546e-05,6.003371247887257e-05,-0.8210432420589957,0.8415841584158416,100,-2.101623256061711e-05
task,1106,striatum,67,Intermediate,10,monopolar,pac_between,low_gamma,DMS,DLS,,,3.61253374391826e-05,6.0344176761349735e-05,-0.7968843660996442,0.8118811881188119,100,-2.4218839322167138e-05
task,1106,striatum,67,Intermediate,10,monopolar,pac_between,high_gamma,DMS,DLS,,,6.326994868592574e-05,5.44203957149308e-05,0.3858161932198663,0.31683168316831684,100,8.849552970994938e-06
task,1106,striatum,67,Intermediate,10,bipolar,same_freq,theta,ACC,DLS,0.15793781282689523,0.11222843991873085,,,,,,
task,1106,striatum,67,Intermediate,10,bipolar,same_freq,low_gamma,ACC,DLS,0.012942047307564685,0.010021492015397489,,,,,,
task,1106,striatum,67,Intermediate,10,bipolar,same_freq,high_gamma,ACC,DLS,0.002305979841203865,0.0008862809848536836,,,,,,
task,1106,striatum,67,Intermediate,10,bipolar,same_freq,theta,ACC,DMS,0.13212863558234136,0.06872954238796627,,,,,,
task,1106,striatum,67,Intermediate,10,bipolar,same_freq,low_gamma,ACC,DMS,0.07124823423005999,0.0222713786832167,,,,,,
task,1106,striatum,67,Intermediate,10,bipolar,same_freq,high_gamma,ACC,DMS,0.00616003652875375,-0.0031620443495519453,,,,,,
task,1106,striatum,67,Intermediate,10,bipolar,same_freq,theta,DLS,DMS,0.3388863277227739,0.16203573177066294,,,,,,
task,1106,striatum,67,Intermediate,10,bipolar,same_freq,low_gamma,DLS,DMS,0.07529182031879127,0.03150211540764826,,,,,,
task,1106,striatum,67,Intermediate,10,bipolar,same_freq,high_gamma,DLS,DMS,0.03841762100247559,0.01575831142211038,,,,,,
task,1106,striatum,67,Intermediate,10,bipolar,pac_within,low_gamma,ACC,ACC,,,0.0002334974142918327,6.476591706797169e-05,6.175677877251393,0.009900990099009901,100,0.00016873149722386102
task,1106,striatum,67,Intermediate,10,bipolar,pac_within,high_gamma,ACC,ACC,,,6.105974299564404e-05,6.228856787651854e-05,-0.04700104134630033,0.48514851485148514,100,-1.2288248808744984e-06
task,1106,striatum,67,Intermediate,10,bipolar,pac_within,low_gamma,DLS,DLS,,,0.0001581373511840106,7.246950301236489e-05,2.345144589998476,0.0297029702970297,100,8.56678481716457e-05
task,1106,striatum,67,Intermediate,10,bipolar,pac_within,high_gamma,DLS,DLS,,,0.00016312975669195896,6.395289920216782e-05,4.251035440102994,0.009900990099009901,100,9.917685748979114e-05
task,1106,striatum,67,Intermediate,10,bipolar,pac_within,low_gamma,DMS,DMS,,,4.6522921289954325e-05,6.59560849553462e-05,-0.6889235102716625,0.7524752475247525,100,-1.9433163665391876e-05
task,1106,striatum,67,Intermediate,10,bipolar,pac_within,high_gamma,DMS,DMS,,,9.372126245089406e-05,6.422339606554063e-05,1.3269517061994593,0.13861386138613863,100,2.9497866385353426e-05
task,1106,striatum,67,Intermediate,10,bipolar,pac_between,low_gamma,ACC,DLS,,,0.00013387454284331457,6.33023581439931e-05,2.54779846352755,0.019801980198019802,100,7.057218469932147e-05
task,1106,striatum,67,Intermediate,10,bipolar,pac_between,high_gamma,ACC,DLS,,,5.883161881068637e-05,5.881745565087971e-05,0.0006661106384140992,0.44554455445544555,100,1.4163159806659638e-08
task,1106,striatum,67,Intermediate,10,bipolar,pac_between,low_gamma,ACC,DMS,,,3.224040695052696e-05,6.459467939312062e-05,-1.0109272444846884,0.8910891089108911,100,-3.235427244259366e-05
task,1106,striatum,67,Intermediate,10,bipolar,pac_between,high_gamma,ACC,DMS,,,5.418789913751393e-05,6.213633800231841e-05,-0.3116343038510808,0.5643564356435643,100,-7.948438864804482e-06
task,1106,striatum,67,Intermediate,10,bipolar,pac_between,low_gamma,DLS,ACC,,,0.000420363388995682,6.863027635744142e-05,12.298352039673432,0.009900990099009901,100,0.0003517331126382406
task,1106,striatum,67,Intermediate,10,bipolar,pac_between,high_gamma,DLS,ACC,,,0.0002560871619710201,6.645063206655598e-05,7.707675752406042,0.009900990099009901,100,0.0001896365299044641
task,1106,striatum,67,Intermediate,10,bipolar,pac_between,low_gamma,DLS,DMS,,,4.7016005357696774e-05,7.147913001704261e-05,-0.7288975246167618,0.7920792079207921,100,-2.4463124659345834e-05
task,1106,striatum,67,Intermediate,10,bipolar,pac_between,high_gamma,DLS,DMS,,,6.510600753681232e-05,6.077283723948212e-05,0.187943550513873,0.3564356435643564,100,4.333170297330193e-06
task,1106,striatum,67,Intermediate,10,bipolar,pac_between,low_gamma,DMS,ACC,,,0.0002955725066430609,7.407078803496264e-05,6.906931887040905,0.009900990099009901,100,0.00022150171860809827
task,1106,striatum,67,Intermediate,10,bipolar,pac_between,high_gamma,DMS,ACC,,,0.00021554611562842716,6.26023548931002e-05,6.328484248780131,0.009900990099009901,100,0.00015294376073532695
task,1106,striatum,67,Intermediate,10,bipolar,pac_between,low_gamma,DMS,DLS,,,7.821826528753528e-05,6.77177843479901e-05,0.38590168368790745,0.3564356435643564,100,1.0500480939545185e-05
task,1106,striatum,67,Intermediate,10,bipolar,pac_between,high_gamma,DMS,DLS,,,7.74125245320988e-05,6.865937730764552e-05,0.3216206484251553,0.3564356435643564,100,8.75314722445328e-06
task,1106,striatum,67,Expert,10,monopolar,same_freq,theta,ACC,DLS,0.1707835414576858,0.049320926002835025,,,,,,
task,1106,striatum,67,Expert,10,monopolar,same_freq,low_gamma,ACC,DLS,0.476690509483641,0.02429744337013349,,,,,,
task,1106,striatum,67,Expert,10,monopolar,same_freq,high_gamma,ACC,DLS,0.18312043713181042,0.007472192665229652,,,,,,
task,1106,striatum,67,Expert,10,monopolar,same_freq,theta,ACC,DMS,0.1200840878391795,0.05945555937556447,,,,,,
task,1106,striatum,67,Expert,10,monopolar,same_freq,low_gamma,ACC,DMS,0.12791390444910258,0.012594132404299678,,,,,,
task,1106,striatum,67,Expert,10,monopolar,same_freq,high_gamma,ACC,DMS,0.03310336633477004,0.0056697440016596065,,,,,,
task,1106,striatum,67,Expert,10,monopolar,same_freq,theta,DLS,DMS,0.2620254367328463,0.026412623547612413,,,,,,
task,1106,striatum,67,Expert,10,monopolar,same_freq,low_gamma,DLS,DMS,0.3670918703452607,0.0405802502131393,,,,,,
task,1106,striatum,67,Expert,10,monopolar,same_freq,high_gamma,DLS,DMS,0.16106799061597346,0.019910750999760037,,,,,,
task,1106,striatum,67,Expert,10,monopolar,pac_within,low_gamma,ACC,ACC,,,0.00018375314610330067,4.108042045163468e-05,7.292842641333985,0.009900990099009901,100,0.00014267272565166597
task,1106,striatum,67,Expert,10,monopolar,pac_within,high_gamma,ACC,ACC,,,2.5736133603260605e-05,3.7078569148781645e-05,-0.6674591243040718,0.7227722772277227,100,-1.134243554552104e-05
task,1106,striatum,67,Expert,10,monopolar,pac_within,low_gamma,DLS,DLS,,,0.0003441999269191085,4.34010883564197e-05,15.029701940344056,0.009900990099009901,100,0.00030079883856268876
task,1106,striatum,67,Expert,10,monopolar,pac_within,high_gamma,DLS,DLS,,,0.0002086837189449874,3.9255477658635e-05,8.86331608401457,0.009900990099009901,100,0.0001694282412863524
task,1106,striatum,67,Expert,10,monopolar,pac_within,low_gamma,DMS,DMS,,,0.0001399156243440233,4.0186640668300256e-05,5.03898015729305,0.009900990099009901,100,9.972898367572303e-05
task,1106,striatum,67,Expert,10,monopolar,pac_within,high_gamma,DMS,DMS,,,5.49609916979378e-05,3.57464640004743e-05,1.3415984543985955,0.0594059405940594,100,1.92145276974635e-05
task,1106,striatum,67,Expert,10,monopolar,pac_between,low_gamma,ACC,DLS,,,0.00010210421994155128,4.669830849087696e-05,2.351313497766391,0.0297029702970297,100,5.540591145067432e-05
task,1106,striatum,67,Expert,10,monopolar,pac_between,high_gamma,ACC,DLS,,,0.000270840686580654,3.78524711311457e-05,14.826743390986906,0.009900990099009901,100,0.00023298821544950828
task,1106,striatum,67,Expert,10,monopolar,pac_between,low_gamma,ACC,DMS,,,2.809357172388761e-05,4.079602274259957e-05,-0.7668057183529949,0.7623762376237624,100,-1.2702451018711962e-05
task,1106,striatum,67,Expert,10,monopolar,pac_between,high_gamma,ACC,DMS,,,7.554778419910438e-05,3.800796116452902e-05,2.909374334603549,0.009900990099009901,100,3.7539823034575355e-05
task,1106,striatum,67,Expert,10,monopolar,pac_between,low_gamma,DLS,ACC,,,6.600048528525829e-05,4.448238542479902e-05,0.9803919961987009,0.15841584158415842,100,2.1518099860459264e-05
task,1106,striatum,67,Expert,10,monopolar,pac_between,high_gamma,DLS,ACC,,,3.612154998971532e-05,3.581114563424555e-05,0.02447643201161267,0.46534653465346537,100,3.1040435546977066e-07
task,1106,striatum,67,Expert,10,monopolar,pac_between,low_gamma,DLS,DMS,,,0.00022402753656745162,3.817443653862073e-05,12.41516235181216,0.009900990099009901,100,0.00018585310002883088
task,1106,striatum,67,Expert,10,monopolar,pac_between,high_gamma,DLS,DMS,,,7.672921022762086e-05,3.7992606347575744e-05,2.721698011038068,0.019801980198019802,100,3.873660388004512e-05
task,1106,striatum,67,Expert,10,monopolar,pac_between,low_gamma,DMS,ACC,,,3.4138363427075934e-05,4.039537463669229e-05,-0.31368434831014624,0.5742574257425742,100,-6.257011209616356e-06
task,1106,striatum,67,Expert,10,monopolar,pac_between,high_gamma,DMS,ACC,,,2.8396751224163033e-05,3.65197513991838e-05,-0.6758574174474761,0.693069306930693,100,-8.123000175020768e-06
task,1106,striatum,67,Expert,10,monopolar,pac_between,low_gamma,DMS,DLS,,,0.00012662696474258607,3.8695750345662524e-05,4.70999370472627,0.009900990099009901,100,8.793121439692355e-05
task,1106,striatum,67,Expert,10,monopolar,pac_between,high_gamma,DMS,DLS,,,5.738151260413648e-05,3.596089611324244e-05,1.356717830070229,0.13861386138613863,100,2.1420616490894035e-05
task,1106,striatum,67,Expert,10,bipolar,same_freq,theta,ACC,DLS,0.08725509783351618,0.03449734267270403,,,,,,
task,1106,striatum,67,Expert,10,bipolar,same_freq,low_gamma,ACC,DLS,-0.001019278825580571,0.0030304994486765736,,,,,,
task,1106,striatum,67,Expert,10,bipolar,same_freq,high_gamma,ACC,DLS,0.022050692950244147,0.01848745500082686,,,,,,
task,1106,striatum,67,Expert,10,bipolar,same_freq,theta,ACC,DMS,0.09481105978251887,0.049432411528373056,,,,,,
task,1106,striatum,67,Expert,10,bipolar,same_freq,low_gamma,ACC,DMS,0.11039189669104456,0.050606024359810674,,,,,,
task,1106,striatum,67,Expert,10,bipolar,same_freq,high_gamma,ACC,DMS,0.023397294298509088,0.01022953465779108,,,,,,
task,1106,striatum,67,Expert,10,bipolar,same_freq,theta,DLS,DMS,0.40874366278825697,0.0655811310348118,,,,,,
task,1106,striatum,67,Expert,10,bipolar,same_freq,low_gamma,DLS,DMS,0.08257064114766881,0.038508366670598294,,,,,,
task,1106,striatum,67,Expert,10,bipolar,same_freq,high_gamma,DLS,DMS,0.04476662509452476,0.020297069262264735,,,,,,
task,1106,striatum,67,Expert,10,bipolar,pac_within,low_gamma,ACC,ACC,,,0.0001664528413014313,4.1421669232978274e-05,5.514973141213585,0.009900990099009901,100,0.00012503117206845302
task,1106,striatum,67,Expert,10,bipolar,pac_within,high_gamma,ACC,ACC,,,8.077161086652168e-05,3.6576386339303515e-05,3.3461132027526967,0.009900990099009901,100,4.419522452721816e-05
task,1106,striatum,67,Expert,10,bipolar,pac_within,low_gamma,DLS,DLS,,,9.477087901839621e-05,4.21262672167494e-05,2.745669715749247,0.0297029702970297,100,5.264461180164681e-05
task,1106,striatum,67,Expert,10,bipolar,pac_within,high_gamma,DLS,DLS,,,3.4949777186906974e-05,3.9107735982094676e-05,-0.27986200996112676,0.5841584158415841,100,-4.157958795187702e-06
task,1106,striatum,67,Expert,10,bipolar,pac_within,low_gamma,DMS,DMS,,,4.883832353426461e-05,4.351437736157918e-05,0.3231566489814396,0.31683168316831684,100,5.323946172685424e-06
task,1106,striatum,67,Expert,10,bipolar,pac_within,high_gamma,DMS,DMS,,,4.314963634815128e-05,4.045524766857129e-05,0.15211897087701762,0.3465346534653465,100,2.694388679579988e-06
task,1106,striatum,67,Expert,10,bipolar,pac_between,low_gamma,ACC,DLS,,,3.64991799064097e-05,3.9337486133888623e-05,-0.16732685731873753,0.4752475247524752,100,-2.8383062274789237e-06
task,1106,striatum,67,Expert,10,bipolar,pac_between,high_gamma,ACC,DLS,,,2.2887413439085247e-05,3.840197952870851e-05,-0.9611896689910274,0.8712871287128713,100,-1.5514566089623264e-05
task,1106,striatum,67,Expert,10,bipolar,pac_between,low_gamma,ACC,DMS,,,2.8707730827384742e-05,4.340028362365199e-05,-0.7129605696510389,0.7524752475247525,100,-1.4692552796267245e-05
task,1106,striatum,67,Expert,10,bipolar,pac_between,high_gamma,ACC,DMS,,,5.454375105256801e-05,3.6610762854376236e-05,1.3456147273563523,0.0891089108910891,100,1.793298819819177e-05
task,1106,striatum,67,Expert,10,bipolar,pac_between,low_gamma,DLS,ACC,,,0.0002301655297219324,4.050432417256736e-05,9.773110221927638,0.009900990099009901,100,0.00018966120554936503
task,1106,striatum,67,Expert,10,bipolar,pac_between,high_gamma,DLS,ACC,,,0.0001325238447644818,3.9477625886698e-05,6.7617602722737535,0.009900990099009901,100,9.30462188777838e-05
task,1106,striatum,67,Expert,10,bipolar,pac_between,low_gamma,DLS,DMS,,,0.00010422531524271193,4.567769434931856e-05,2.762757019439285,0.019801980198019802,100,5.854762089339337e-05
task,1106,striatum,67,Expert,10,bipolar,pac_between,high_gamma,DLS,DMS,,,2.3201811944216543e-05,3.9539444291616276e-05,-1.0368053747459098,0.8712871287128713,100,-1.6337632347399733e-05
task,1106,striatum,67,Expert,10,bipolar,pac_between,low_gamma,DMS,ACC,,,0.00015493418158567292,4.067716075196091e-05,5.881586343938877,0.009900990099009901,100,0.00011425702083371202
task,1106,striatum,67,Expert,10,bipolar,pac_between,high_gamma,DMS,ACC,,,0.00013101387158689733,3.809135056467252e-05,6.2696611329570295,0.009900990099009901,100,9.292252102222481e-05
task,1106,striatum,67,Expert,10,bipolar,pac_between,low_gamma,DMS,DLS,,,4.754591419675098e-05,4.01133182840091e-05,0.4106956039498292,0.297029702970297,100,7.432595912741881e-06
task,1106,striatum,67,Expert,10,bipolar,pac_between,high_gamma,DMS,DLS,,,5.094289490373453e-05,3.9860458565959295e-05,0.8175527564572194,0.24752475247524752,100,1.1082436337775238e-05
task,1201,striatum,84,All,182,monopolar,same_freq,theta,ACC,DLS,0.29014180698803976,0.1791621462063378,,,,,,
task,1201,striatum,84,All,182,monopolar,same_freq,low_gamma,ACC,DLS,0.17713325414891995,0.12924619368264642,,,,,,
task,1201,striatum,84,All,182,monopolar,same_freq,high_gamma,ACC,DLS,0.19951299445083845,0.13844632443427785,,,,,,
task,1201,striatum,84,All,182,monopolar,same_freq,theta,ACC,DMS,0.28960435162315123,0.11577267239379647,,,,,,
task,1201,striatum,84,All,182,monopolar,same_freq,low_gamma,ACC,DMS,0.21834863226689982,0.15219921277947168,,,,,,
task,1201,striatum,84,All,182,monopolar,same_freq,high_gamma,ACC,DMS,0.2406230020732879,0.15931512196057152,,,,,,
task,1201,striatum,84,All,182,monopolar,same_freq,theta,DLS,DMS,0.8782417638561244,0.5202541544988233,,,,,,
task,1201,striatum,84,All,182,monopolar,same_freq,low_gamma,DLS,DMS,0.7445760514772284,0.2443199948703092,,,,,,
task,1201,striatum,84,All,182,monopolar,same_freq,high_gamma,DLS,DMS,0.6692828595821604,0.24318864868956921,,,,,,
task,1201,striatum,84,All,182,monopolar,pac_within,low_gamma,ACC,ACC,,,6.231700388746892e-06,2.6168011413877635e-06,2.950424148921885,0.0297029702970297,100,3.6148992473591282e-06
task,1201,striatum,84,All,182,monopolar,pac_within,high_gamma,ACC,ACC,,,0.0003050349435499127,2.7365332111486804e-06,248.4039894869007,0.009900990099009901,100,0.00030229841033876405
task,1201,striatum,84,All,182,monopolar,pac_within,low_gamma,DLS,DLS,,,0.0006464926002741984,2.7591171782973385e-06,508.1972955430138,0.009900990099009901,100,0.0006437334830959011
task,1201,striatum,84,All,182,monopolar,pac_within,high_gamma,DLS,DLS,,,0.00010654705930300059,2.476629263729269e-06,110.63292135721342,0.009900990099009901,100,0.00010407043003927132
task,1201,striatum,84,All,182,monopolar,pac_within,low_gamma,DMS,DMS,,,0.0004935057983986858,3.0993106765893747e-06,317.9936849854801,0.009900990099009901,100,0.0004904064877220964
task,1201,striatum,84,All,182,monopolar,pac_within,high_gamma,DMS,DMS,,,0.00014820443806893159,2.862808776784723e-06,130.2080114301377,0.009900990099009901,100,0.00014534162929214685
task,1201,striatum,84,All,182,monopolar,pac_between,low_gamma,ACC,DLS,,,0.00031730725927327593,3.106718915501005e-06,215.95424805868973,0.009900990099009901,100,0.0003142005403577749
task,1201,striatum,84,All,182,monopolar,pac_between,high_gamma,ACC,DLS,,,3.0861194157899314e-05,2.747015372732185e-06,24.100165627952684,0.009900990099009901,100,2.8114178785167127e-05
task,1201,striatum,84,All,182,monopolar,pac_between,low_gamma,ACC,DMS,,,0.0002793948914679868,3.277961669830298e-06,164.79245233810013,0.009900990099009901,100,0.0002761169297981565
task,1201,striatum,84,All,182,monopolar,pac_between,high_gamma,ACC,DMS,,,4.3546587493158295e-05,2.737244039671694e-06,37.10114970204015,0.009900990099009901,100,4.08093434534866e-05
task,1201,striatum,84,All,182,monopolar,pac_between,low_gamma,DLS,ACC,,,2.996934116933984e-05,2.3514007077790507e-06,27.4193821853161,0.009900990099009901,100,2.761794046156079e-05
task,1201,striatum,84,All,182,monopolar,pac_between,high_gamma,DLS,ACC,,,0.000386410642504275,2.6834432916131426e-06,314.5198114459585,0.009900990099009901,100,0.0003837271992126619
task,1201,striatum,84,All,182,monopolar,pac_between,low_gamma,DLS,DMS,,,0.0005092660384318378,2.969071805430979e-06,405.03962376556825,0.009900990099009901,100,0.0005062969666264068
task,1201,striatum,84,All,182,monopolar,pac_between,high_gamma,DLS,DMS,,,0.00012553768704369586,2.7975632888837674e-06,103.79522059471059,0.009900990099009901,100,0.0001227401237548121
task,1201,striatum,84,All,182,monopolar,pac_between,low_gamma,DMS,ACC,,,3.077899123800604e-05,2.3099095154544726e-06,29.58493979367467,0.009900990099009901,100,2.8469081722551565e-05
task,1201,striatum,84,All,182,monopolar,pac_between,high_gamma,DMS,ACC,,,0.0004362629176845028,2.678643526153102e-06,414.77511499582334,0.009900990099009901,100,0.0004335842741583497
task,1201,striatum,84,All,182,monopolar,pac_between,low_gamma,DMS,DLS,,,0.000628891846891409,2.923397476062559e-06,421.8928707166393,0.009900990099009901,100,0.0006259684494153465
task,1201,striatum,84,All,182,monopolar,pac_between,high_gamma,DMS,DLS,,,0.0001321393686250276,2.5631280603344893e-06,123.73619502483176,0.009900990099009901,100,0.0001295762405646931
task,1201,striatum,84,All,182,bipolar,same_freq,theta,ACC,DLS,0.21850812718276058,0.0917580291402271,,,,,,
task,1201,striatum,84,All,182,bipolar,same_freq,low_gamma,ACC,DLS,0.09489939168423628,0.06016711524463589,,,,,,
task,1201,striatum,84,All,182,bipolar,same_freq,high_gamma,ACC,DLS,0.09466017890006244,0.06516665588872905,,,,,,
task,1201,striatum,84,All,182,bipolar,same_freq,theta,ACC,DMS,0.15646089175533756,0.04024410043838285,,,,,,
task,1201,striatum,84,All,182,bipolar,same_freq,low_gamma,ACC,DMS,0.08427561207918442,0.05926510218956971,,,,,,
task,1201,striatum,84,All,182,bipolar,same_freq,high_gamma,ACC,DMS,0.11159891395235076,0.07790706870974891,,,,,,
task,1201,striatum,84,All,182,bipolar,same_freq,theta,DLS,DMS,0.39411067213013234,0.1300893821374306,,,,,,
task,1201,striatum,84,All,182,bipolar,same_freq,low_gamma,DLS,DMS,0.21040161943955163,0.018644521597566164,,,,,,
task,1201,striatum,84,All,182,bipolar,same_freq,high_gamma,DLS,DMS,0.18740289278623637,0.09057942453120535,,,,,,
task,1201,striatum,84,All,182,bipolar,pac_within,low_gamma,ACC,ACC,,,3.26287031284847e-06,2.5796463621407833e-06,0.6912858330590903,0.2871287128712871,100,6.832239507076866e-07
task,1201,striatum,84,All,182,bipolar,pac_within,high_gamma,ACC,ACC,,,3.965582516061036e-05,2.4602292728018057e-06,33.637891901202835,0.009900990099009901,100,3.719559588780855e-05
task,1201,striatum,84,All,182,bipolar,pac_within,low_gamma,DLS,DLS,,,0.00025315103323186427,3.0138361295990263e-06,169.45172746389005,0.009900990099009901,100,0.0002501371971022652
task,1201,striatum,84,All,182,bipolar,pac_within,high_gamma,DLS,DLS,,,1.7283280470902068e-05,2.6845173938770723e-06,11.528726343267236,0.009900990099009901,100,1.4598763077024996e-05
task,1201,striatum,84,All,182,bipolar,pac_within,low_gamma,DMS,DMS,,,7.964780885145297e-05,2.7362217303925574e-06,59.03647221666478,0.009900990099009901,100,7.691158712106041e-05
task,1201,striatum,84,All,182,bipolar,pac_within,high_gamma,DMS,DMS,,,9.328230939495242e-06,2.3399320422246092e-06,8.44603247973392,0.009900990099009901,100,6.988298897270632e-06
task,1201,striatum,84,All,182,bipolar,pac_between,low_gamma,ACC,DLS,,,8.826230400976143e-05,3.247452879835595e-06,66.66481453641822,0.009900990099009901,100,8.501485112992584e-05
task,1201,striatum,84,All,182,bipolar,pac_between,high_gamma,ACC,DLS,,,3.844416312927966e-06,2.512729974997787e-06,1.4832906429835275,0.09900990099009901,100,1.3316863379301792e-06
task,1201,striatum,84,All,182,bipolar,pac_between,low_gamma,ACC,DMS,,,1.1513877825847285e-05,2.7798444358727963e-06,7.197194296373273,0.009900990099009901,100,8.734033389974489e-06
task,1201,striatum,84,All,182,bipolar,pac_between,high_gamma,ACC,DMS,,,9.981113915283082e-06,2.6152005989614584e-06,6.550654747537149,0.009900990099009901,100,7.365913316321623e-06
task,1201,striatum,84,All,182,bipolar,pac_between,low_gamma,DLS,ACC,,,4.094996746534099e-06,2.3994228902312757e-06,1.8238273454830032,0.07920792079207921,100,1.6955738563028231e-06
task,1201,striatum,84,All,182,bipolar,pac_between,high_gamma,DLS,ACC,,,3.5281972970408983e-05,2.2931719229562417e-06,36.56565695096746,0.009900990099009901,100,3.298880104745274e-05
task,1201,striatum,84,All,182,bipolar,pac_between,low_gamma,DLS,DMS,,,4.5014269777577285e-05,2.5725154975085206e-06,34.83026193148652,0.009900990099009901,100,4.2441754280068766e-05
task,1201,striatum,84,All,182,bipolar,pac_between,high_gamma,DLS,DMS,,,1.0528725655761186e-05,2.4599710246301443e-06,8.62280301484987,0.009900990099009901,100,8.068754631131043e-06
task,1201,striatum,84,All,182,bipolar,pac_between,low_gamma,DMS,ACC,,,2.876889428070769e-06,2.368383912289701e-06,0.45685058593366235,0.297029702970297,100,5.085055157810678e-07
task,1201,striatum,84,All,182,bipolar,pac_between,high_gamma,DMS,ACC,,,5.144650882346992e-05,2.5462018947727665e-06,46.84277070520986,0.009900990099009901,100,4.890030692869715e-05
task,1201,striatum,84,All,182,bipolar,pac_between,low_gamma,DMS,DLS,,,0.0002099860230513727,3.193708825709964e-06,136.25675593654367,0.009900990099009901,100,0.00020679231422566274
task,1201,striatum,84,All,182,bipolar,pac_between,high_gamma,DMS,DLS,,,2.1178644030992056e-05,2.5498505052075886e-06,17.5277436626737,0.009900990099009901,100,1.8628793525784468e-05
task,1201,striatum,84,Naive,10,monopolar,same_freq,theta,ACC,DLS,0.13106054712124396,0.05261646397351862,,,,,,
task,1201,striatum,84,Naive,10,monopolar,same_freq,low_gamma,ACC,DLS,0.07033948758846034,0.056387100428173395,,,,,,
task,1201,striatum,84,Naive,10,monopolar,same_freq,high_gamma,ACC,DLS,0.10854029855991679,0.07145116768895812,,,,,,
task,1201,striatum,84,Naive,10,monopolar,same_freq,theta,ACC,DMS,0.14208507712020282,0.0016139900663517323,,,,,,
task,1201,striatum,84,Naive,10,monopolar,same_freq,low_gamma,ACC,DMS,0.08608975659589747,0.0653914383914459,,,,,,
task,1201,striatum,84,Naive,10,monopolar,same_freq,high_gamma,ACC,DMS,0.12123223147205714,0.06513918879957942,,,,,,
task,1201,striatum,84,Naive,10,monopolar,same_freq,theta,DLS,DMS,0.875435494395811,0.5266685400107681,,,,,,
task,1201,striatum,84,Naive,10,monopolar,same_freq,low_gamma,DLS,DMS,0.7511718343236639,0.19185589240989026,,,,,,
task,1201,striatum,84,Naive,10,monopolar,same_freq,high_gamma,DLS,DMS,0.6646160305487235,0.18554287175205403,,,,,,
task,1201,striatum,84,Naive,10,monopolar,pac_within,low_gamma,ACC,ACC,,,5.459771134340199e-05,4.1914039846450045e-05,0.7117630507902091,0.2376237623762376,100,1.2683671496951942e-05
task,1201,striatum,84,Naive,10,monopolar,pac_within,high_gamma,ACC,ACC,,,0.00043059048917729303,4.5098280574662144e-05,21.433244625254087,0.009900990099009901,100,0.0003854922086026309
task,1201,striatum,84,Naive,10,monopolar,pac_within,low_gamma,DLS,DLS,,,0.0006640468528072186,4.8289946757355623e-05,28.382354000411954,0.009900990099009901,100,0.0006157569060498629
task,1201,striatum,84,Naive,10,monopolar,pac_within,high_gamma,DLS,DLS,,,0.00015982489099867415,4.281657975274717e-05,6.1713394983004255,0.009900990099009901,100,0.00011700831124592698
task,1201,striatum,84,Naive,10,monopolar,pac_within,low_gamma,DMS,DMS,,,0.0007192640976764306,4.276592407095654e-05,32.38181877585725,0.009900990099009901,100,0.0006764981736054741
task,1201,striatum,84,Naive,10,monopolar,pac_within,high_gamma,DMS,DMS,,,0.00013969389184632805,4.0129244352918706e-05,5.5005151944142865,0.009900990099009901,100,9.956464749340935e-05
task,1201,striatum,84,Naive,10,monopolar,pac_between,low_gamma,ACC,DLS,,,0.0004546672720949209,4.712600581262374e-05,21.498410841698835,0.009900990099009901,100,0.00040754126628229714
task,1201,striatum,84,Naive,10,monopolar,pac_between,high_gamma,ACC,DLS,,,3.498810379075318e-05,4.86377366026198e-05,-0.6230600458473957,0.7227722772277227,100,-1.364963281186662e-05
task,1201,striatum,84,Naive,10,monopolar,pac_between,low_gamma,ACC,DMS,,,0.0005080253002755826,4.996028380867038e-05,19.454454080515355,0.009900990099009901,100,0.00045806501646691216
task,1201,striatum,84,Naive,10,monopolar,pac_between,high_gamma,ACC,DMS,,,6.728053806423909e-05,4.13710063053844e-05,1.6176772013925054,0.07920792079207921,100,2.5909531758854688e-05
task,1201,striatum,84,Naive,10,monopolar,pac_between,low_gamma,DLS,ACC,,,7.480740033222053e-05,4.1229519815379815e-05,1.5547759720419716,0.09900990099009901,100,3.3577880516840715e-05
task,1201,striatum,84,Naive,10,monopolar,pac_between,high_gamma,DLS,ACC,,,0.000508399589120128,4.038706804692772e-05,27.1890896400775,0.009900990099009901,100,0.0004680125210732003
task,1201,striatum,84,Naive,10,monopolar,pac_between,low_gamma,DLS,DMS,,,0.000668183176827218,4.5110395205662514e-05,28.435939974045667,0.009900990099009901,100,0.0006230727816215556
task,1201,striatum,84,Naive,10,monopolar,pac_between,high_gamma,DLS,DMS,,,0.00014638631402990164,4.14981815738927e-05,5.58510744838266,0.009900990099009901,100,0.00010488813245600895
task,1201,striatum,84,Naive,10,monopolar,pac_between,low_gamma,DMS,ACC,,,8.06301090971393e-05,4.1205024519934385e-05,1.9024723987093564,0.0594059405940594,100,3.9425084577204916e-05
task,1201,striatum,84,Naive,10,monopolar,pac_between,high_gamma,DMS,ACC,,,0.0005368403527729214,4.165831488376598e-05,29.261683135394563,0.009900990099009901,100,0.0004951820378891554
task,1201,striatum,84,Naive,10,monopolar,pac_between,low_gamma,DMS,DLS,,,0.0007091905782863913,4.688917793391277e-05,30.610134309429256,0.009900990099009901,100,0.0006623014003524785
task,1201,striatum,84,Naive,10,monopolar,pac_between,high_gamma,DMS,DLS,,,0.00014570464514856418,4.3605882226320874e-05,6.065668758395506,0.009900990099009901,100,0.00010209876292224331
task,1201,striatum,84,Naive,10,bipolar,same_freq,theta,ACC,DLS,0.14077467492410775,0.02633400310239951,,,,,,
task,1201,striatum,84,Naive,10,bipolar,same_freq,low_gamma,ACC,DLS,0.07236117353485973,0.044502331232747286,,,,,,
task,1201,striatum,84,Naive,10,bipolar,same_freq,high_gamma,ACC,DLS,0.017400977196211843,0.008722730651720578,,,,,,
task,1201,striatum,84,Naive,10,bipolar,same_freq,theta,ACC,DMS,0.15857480218446682,0.026098710870940494,,,,,,
task,1201,striatum,84,Naive,10,bipolar,same_freq,low_gamma,ACC,DMS,0.05308400183425533,0.03117098144729629,,,,,,
task,1201,striatum,84,Naive,10,bipolar,same_freq,high_gamma,ACC,DMS,0.011558372945205382,0.008799030219980984,,,,,,
task,1201,striatum,84,Naive,10,bipolar,same_freq,theta,DLS,DMS,0.5468817896151936,0.15009339539760136,,,,,,
task,1201,striatum,84,Naive,10,bipolar,same_freq,low_gamma,DLS,DMS,0.36914432886474247,-0.018829604821774374,,,,,,
task,1201,striatum,84,Naive,10,bipolar,same_freq,high_gamma,DLS,DMS,0.2212321703837745,0.0011619960510929946,,,,,,
task,1201,striatum,84,Naive,10,bipolar,pac_within,low_gamma,ACC,ACC,,,3.290100916210588e-05,4.4995083390557885e-05,-0.5648037064788379,0.7029702970297029,100,-1.2094074228452008e-05
task,1201,striatum,84,Naive,10,bipolar,pac_within,high_gamma,ACC,ACC,,,9.965669240480417e-05,4.0175092450404964e-05,4.4011330487320866,0.009900990099009901,100,5.9481599954399205e-05
task,1201,striatum,84,Naive,10,bipolar,pac_within,low_gamma,DLS,DLS,,,0.0005230811571860896,4.650277589777768e-05,21.866637202899852,0.009900990099009901,100,0.00047657838128831187
task,1201,striatum,84,Naive,10,bipolar,pac_within,high_gamma,DLS,DLS,,,0.00020299914575368973,3.834748016862362e-05,10.518520511514986,0.009900990099009901,100,0.0001646516655850661
task,1201,striatum,84,Naive,10,bipolar,pac_within,low_gamma,DMS,DMS,,,0.00023461056178913456,3.886501328179762e-05,9.98768678485366,0.009900990099009901,100,0.00019574554850733693
task,1201,striatum,84,Naive,10,bipolar,pac_within,high_gamma,DMS,DMS,,,8.412298384542899e-05,3.677788116636941e-05,3.0197047521638827,0.009900990099009901,100,4.734510267905958e-05
task,1201,striatum,84,Naive,10,bipolar,pac_between,low_gamma,ACC,DLS,,,0.0002925909394299533,4.749770900115006e-05,13.065553331499173,0.009900990099009901,100,0.0002450932304288032
task,1201,striatum,84,Naive,10,bipolar,pac_between,high_gamma,ACC,DLS,,,5.162437252308842e-05,3.611326528043408e-05,1.1013548348601658,0.1782178217821782,100,1.551110724265434e-05
task,1201,striatum,84,Naive,10,bipolar,pac_between,low_gamma,ACC,DMS,,,0.00014730603662998845,4.381337355205002e-05,4.963024739088101,0.009900990099009901,100,0.00010349266307793843
task,1201,striatum,84,Naive,10,bipolar,pac_between,high_gamma,ACC,DMS,,,5.546310638771992e-05,3.887706754380044e-05,1.234459307760963,0.1485148514851485,100,1.6586038843919475e-05
task,1201,striatum,84,Naive,10,bipolar,pac_between,low_gamma,DLS,ACC,,,8.765843407043165e-05,4.237047498772896e-05,2.4313861671128953,0.039603960396039604,100,4.528795908270269e-05
task,1201,striatum,84,Naive,10,bipolar,pac_between,high_gamma,DLS,ACC,,,0.0001455059716651191,3.8291157460613026e-05,6.764449382013652,0.009900990099009901,100,0.00010721481420450607
task,1201,striatum,84,Naive,10,bipolar,pac_between,low_gamma,DLS,DMS,,,0.00020633965700425866,4.0764919905373065e-05,8.01562946813695,0.009900990099009901,100,0.0001655747370988856
task,1201,striatum,84,Naive,10,bipolar,pac_between,high_gamma,DLS,DMS,,,0.00010318929916552439,3.953204947911656e-05,4.513097937138233,0.009900990099009901,100,6.365724968640784e-05
task,1201,striatum,84,Naive,10,bipolar,pac_between,low_gamma,DMS,ACC,,,4.450679109270791e-05,4.301042104191782e-05,0.06947720076313284,0.38613861386138615,100,1.4963700507900939e-06
task,1201,striatum,84,Naive,10,bipolar,pac_between,high_gamma,DMS,ACC,,,0.00013917897181462473,3.665977735234365e-05,6.6667275676191515,0.009900990099009901,100,0.00010251919446228107
task,1201,striatum,84,Naive,10,bipolar,pac_between,low_gamma,DMS,DLS,,,0.0004876916213421171,4.539719952544341e-05,21.884037439255287,0.009900990099009901,100,0.0004422944218166737
task,1201,striatum,84,Naive,10,bipolar,pac_between,high_gamma,DMS,DLS,,,0.00011869362377833836,3.5886757829053046e-05,4.972846486489668,0.009900990099009901,100,8.280686594928531e-05
task,1201,striatum,84,Intermediate,10,monopolar,same_freq,theta,ACC,DLS,0.2617159481799626,0.10451748023074209,,,,,,
task,1201,striatum,84,Intermediate,10,monopolar,same_freq,low_gamma,ACC,DLS,0.14464748483487117,0.11076552277719058,,,,,,
task,1201,striatum,84,Intermediate,10,monopolar,same_freq,high_gamma,ACC,DLS,0.14329144555900258,0.09757661325028244,,,,,,
task,1201,striatum,84,Intermediate,10,monopolar,same_freq,theta,ACC,DMS,0.2866979701697728,0.12394398285602201,,,,,,
task,1201,striatum,84,Intermediate,10,monopolar,same_freq,low_gamma,ACC,DMS,0.16557402832678295,0.1128920392064168,,,,,,
task,1201,striatum,84,Intermediate,10,monopolar,same_freq,high_gamma,ACC,DMS,0.16678663713475186,0.10920139432679493,,,,,,
task,1201,striatum,84,Intermediate,10,monopolar,same_freq,theta,DLS,DMS,0.8582866505221985,0.4561028025444882,,,,,,
task,1201,striatum,84,Intermediate,10,monopolar,same_freq,low_gamma,DLS,DMS,0.7176982945079738,0.19912904513638224,,,,,,
task,1201,striatum,84,Intermediate,10,monopolar,same_freq,high_gamma,DLS,DMS,0.6181804101613861,0.19197087661730022,,,,,,
task,1201,striatum,84,Intermediate,10,monopolar,pac_within,low_gamma,ACC,ACC,,,7.357359175614751e-05,4.753371470517974e-05,1.3737765144110885,0.09900990099009901,100,2.6039877050967773e-05
task,1201,striatum,84,Intermediate,10,monopolar,pac_within,high_gamma,ACC,ACC,,,0.0005064349367848589,4.474908413408183e-05,22.26481980535185,0.009900990099009901,100,0.0004616858526507771
task,1201,striatum,84,Intermediate,10,monopolar,pac_within,low_gamma,DLS,DLS,,,0.0008817525409921371,5.1547892012774246e-05,33.89664960616075,0.009900990099009901,100,0.0008302046489793628
task,1201,striatum,84,Intermediate,10,monopolar,pac_within,high_gamma,DLS,DLS,,,0.0001572403176247969,4.4956826504406976e-05,4.994181826009274,0.009900990099009901,100,0.00011228349112038993
task,1201,striatum,84,Intermediate,10,monopolar,pac_within,low_gamma,DMS,DMS,,,0.0007522561669419954,5.8149645491796036e-05,23.316205386787388,0.009900990099009901,100,0.0006941065214501993
task,1201,striatum,84,Intermediate,10,monopolar,pac_within,high_gamma,DMS,DMS,,,0.0001349364859958006,4.813414643488002e-05,3.95249290990938,0.009900990099009901,100,8.680233956092057e-05
task,1201,striatum,84,Intermediate,10,monopolar,pac_between,low_gamma,ACC,DLS,,,0.0005259157002389547,5.124635398697102e-05,20.247866359844508,0.009900990099009901,100,0.0004746693462519836
task,1201,striatum,84,Intermediate,10,monopolar,pac_between,high_gamma,ACC,DLS,,,4.8318710530306935e-05,4.526128053068396e-05,0.17364313999191908,0.36633663366336633,100,3.057429999622973e-06
task,1201,striatum,84,Intermediate,10,monopolar,pac_between,low_gamma,ACC,DMS,,,0.0005066791111879177,5.4745412210496915e-05,16.708549348241082,0.009900990099009901,100,0.0004519336989774208
task,1201,striatum,84,Intermediate,10,monopolar,pac_between,high_gamma,ACC,DMS,,,7.730786883481609e-05,5.039711001430187e-05,1.3472002657191953,0.10891089108910891,100,2.6910758820514214e-05
task,1201,striatum,84,Intermediate,10,monopolar,pac_between,low_gamma,DLS,ACC,,,3.2290220334241355e-05,4.542043426537523e-05,-0.5767150934294814,0.693069306930693,100,-1.3130213931133873e-05
task,1201,striatum,84,Intermediate,10,monopolar,pac_between,high_gamma,DLS,ACC,,,0.0005281660131129849,4.2635296172993344e-05,26.804368598780457,0.009900990099009901,100,0.0004855307169399916
task,1201,striatum,84,Intermediate,10,monopolar,pac_between,low_gamma,DLS,DMS,,,0.0006187739263701196,5.544826748913229e-05,20.620920354692224,0.009900990099009901,100,0.0005633256588809873
task,1201,striatum,84,Intermediate,10,monopolar,pac_between,high_gamma,DLS,DMS,,,0.00010935040757330115,4.737666675823931e-05,2.8327744634913157,0.0297029702970297,100,6.197374081506184e-05
task,1201,striatum,84,Intermediate,10,monopolar,pac_between,low_gamma,DMS,ACC,,,5.053530104407112e-05,4.5103554741525704e-05,0.253565368640199,0.32673267326732675,100,5.4317463025454135e-06
task,1201,striatum,84,Intermediate,10,monopolar,pac_between,high_gamma,DMS,ACC,,,0.0005916693349901349,4.0665292011668404e-05,28.509326206588387,0.009900990099009901,100,0.0005510040429784665
task,1201,striatum,84,Intermediate,10,monopolar,pac_between,low_gamma,DMS,DLS,,,0.0008612203812084856,5.3505683946699626e-05,30.600672742597098,0.009900990099009901,100,0.0008077146972617859
task,1201,striatum,84,Intermediate,10,monopolar,pac_between,high_gamma,DMS,DLS,,,0.00012714710201154654,4.529994654027248e-05,3.946347874965878,0.009900990099009901,100,8.184715547127406e-05
task,1201,striatum,84,Intermediate,10,bipolar,same_freq,theta,ACC,DLS,0.09992862739050999,-0.06512347523630795,,,,,,
task,1201,striatum,84,Intermediate,10,bipolar,same_freq,low_gamma,ACC,DLS,0.0031220733761978705,-0.007385852605372766,,,,,,
task,1201,striatum,84,Intermediate,10,bipolar,same_freq,high_gamma,ACC,DLS,0.03257493908318758,0.03113127255283432,,,,,,
task,1201,striatum,84,Intermediate,10,bipolar,same_freq,theta,ACC,DMS,0.14476900466487136,0.02350008953809218,,,,,,
task,1201,striatum,84,Intermediate,10,bipolar,same_freq,low_gamma,ACC,DMS,0.02755029740532752,0.02026956020312257,,,,,,
task,1201,striatum,84,Intermediate,10,bipolar,same_freq,high_gamma,ACC,DMS,0.06963940314454833,0.04928283954743501,,,,,,
task,1201,striatum,84,Intermediate,10,bipolar,same_freq,theta,DLS,DMS,0.4842251978555306,0.15818552905117514,,,,,,
task,1201,striatum,84,Intermediate,10,bipolar,same_freq,low_gamma,DLS,DMS,0.10404809683561315,-0.03934681773281669,,,,,,
task,1201,striatum,84,Intermediate,10,bipolar,same_freq,high_gamma,DLS,DMS,0.0702907079434473,0.01958404770485228,,,,,,
task,1201,striatum,84,Intermediate,10,bipolar,pac_within,low_gamma,ACC,ACC,,,4.852328698083028e-05,4.2601366262196164e-05,0.3062570724154176,0.31683168316831684,100,5.9219207186341126e-06
task,1201,striatum,84,Intermediate,10,bipolar,pac_within,high_gamma,ACC,ACC,,,7.702590134583593e-05,4.208147449766942e-05,2.1650799869004165,0.04950495049504951,100,3.494442684816651e-05
task,1201,striatum,84,Intermediate,10,bipolar,pac_within,low_gamma,DLS,DLS,,,0.0001631592064068942,5.3146278744474445e-05,4.1188923548212335,0.0297029702970297,100,0.00011001292766241974
task,1201,striatum,84,Intermediate,10,bipolar,pac_within,high_gamma,DLS,DLS,,,3.702770578708067e-05,4.21471498153844e-05,-0.2875487706185597,0.594059405940594,100,-5.119444028303725e-06
task,1201,striatum,84,Intermediate,10,bipolar,pac_within,low_gamma,DMS,DMS,,,0.00012124489789338212,4.589959396845828e-05,3.580708562736813,0.009900990099009901,100,7.534530392492383e-05
task,1201,striatum,84,Intermediate,10,bipolar,pac_within,high_gamma,DMS,DMS,,,3.183223861843004e-05,4.039384696854239e-05,-0.5732244488122149,0.6732673267326733,100,-8.561608350112352e-06
task,1201,striatum,84,Intermediate,10,bipolar,pac_between,low_gamma,ACC,DLS,,,9.951786690825479e-05,5.4823368937186425e-05,2.0315599811003002,0.039603960396039604,100,4.469449797106837e-05
task,1201,striatum,84,Intermediate,10,bipolar,pac_between,high_gamma,ACC,DLS,,,4.993147984486876e-05,4.267194485578465e-05,0.404880590749386,0.26732673267326734,100,7.259534989084113e-06
task,1201,striatum,84,Intermediate,10,bipolar,pac_between,low_gamma,ACC,DMS,,,3.248675404547552e-05,5.195976900700959e-05,-0.7924114641535633,0.8316831683168316,100,-1.9473014961534068e-05
task,1201,striatum,84,Intermediate,10,bipolar,pac_between,high_gamma,ACC,DMS,,,7.247434813969474e-05,4.225700984666358e-05,1.9051026971001428,0.04950495049504951,100,3.0217338293031153e-05
task,1201,striatum,84,Intermediate,10,bipolar,pac_between,low_gamma,DLS,ACC,,,1.77339030744691e-05,4.201529851106126e-05,-1.3619739593104796,0.9603960396039604,100,-2.428139543659216e-05
task,1201,striatum,84,Intermediate,10,bipolar,pac_between,high_gamma,DLS,ACC,,,5.594244986841359e-05,4.378131183400139e-05,0.696618539404369,0.22772277227722773,100,1.2161138034412203e-05
task,1201,striatum,84,Intermediate,10,bipolar,pac_between,low_gamma,DLS,DMS,,,7.277754488516253e-05,4.831013009657625e-05,0.9643428794712207,0.13861386138613863,100,2.446741478858628e-05
task,1201,striatum,84,Intermediate,10,bipolar,pac_between,high_gamma,DLS,DMS,,,6.67524976192705e-05,4.112829507105456e-05,1.9000923783429946,0.04950495049504951,100,2.5624202548215936e-05
task,1201,striatum,84,Intermediate,10,bipolar,pac_between,low_gamma,DMS,ACC,,,3.564676713052034e-05,4.2576929730160495e-05,-0.3526072465650498,0.6138613861386139,100,-6.930162599640156e-06
task,1201,striatum,84,Intermediate,10,bipolar,pac_between,high_gamma,DMS,ACC,,,4.953041036935695e-05,4.413325412201184e-05,0.2817590737162152,0.3465346534653465,100,5.397156247345116e-06
task,1201,striatum,84,Intermediate,10,bipolar,pac_between,low_gamma,DMS,DLS,,,0.00015809816505618274,5.182652398595874e-05,4.718836020209371,0.009900990099009901,100,0.00010627164107022399
task,1201,striatum,84,Intermediate,10,bipolar,pac_between,high_gamma,DMS,DLS,,,5.013227732954972e-05,4.1661230856118225e-05,0.5626824074263116,0.24752475247524752,100,8.471046473431495e-06
task,1201,striatum,84,Expert,10,monopolar,same_freq,theta,ACC,DLS,0.4521517876310161,0.34288508633506687,,,,,,
task,1201,striatum,84,Expert,10,monopolar,same_freq,low_gamma,ACC,DLS,0.23140581967682872,0.17368152893594535,,,,,,
task,1201,striatum,84,Expert,10,monopolar,same_freq,high_gamma,ACC,DLS,0.2475896881411946,0.17292906580937673,,,,,,
task,1201,striatum,84,Expert,10,monopolar,same_freq,theta,ACC,DMS,0.41372497638101113,0.22191177455444894,,,,,,
task,1201,striatum,84,Expert,10,monopolar,same_freq,low_gamma,ACC,DMS,0.26283739608326745,0.1834627556193253,,,,,,
task,1201,striatum,84,Expert,10,monopolar,same_freq,high_gamma,ACC,DMS,0.2681646161974247,0.1836713445684927,,,,,,
task,1201,striatum,84,Expert,10,monopolar,same_freq,theta,DLS,DMS,0.8954616786647245,0.5398982572672852,,,,,,
task,1201,striatum,84,Expert,10,monopolar,same_freq,low_gamma,DLS,DMS,0.7625155931042404,0.24592808566182875,,,,,,
task,1201,striatum,84,Expert,10,monopolar,same_freq,high_gamma,DLS,DMS,0.6817316546729661,0.23688098898424453,,,,,,
task,1201,striatum,84,Expert,10,monopolar,pac_within,low_gamma,ACC,ACC,,,3.8783475103211924e-05,5.298591283953239e-05,-0.6251493265378739,0.6732673267326733,100,-1.4202437736320468e-05
task,1201,striatum,84,Expert,10,monopolar,pac_within,high_gamma,ACC,ACC,,,0.0002798438501711472,5.5014395793570314e-05,8.693900442931591,0.009900990099009901,100,0.00022482945437757686
task,1201,striatum,84,Expert,10,monopolar,pac_within,low_gamma,DLS,DLS,,,0.0008458656012837998,5.2076881611905245e-05,32.78994626050751,0.009900990099009901,100,0.0007937887196718945
task,1201,striatum,84,Expert,10,monopolar,pac_within,high_gamma,DLS,DLS,,,0.00015505617523993483,4.8193780469391254e-05,5.257368370469511,0.009900990099009901,100,0.00010686239477054357
task,1201,striatum,84,Expert,10,monopolar,pac_within,low_gamma,DMS,DMS,,,0.0006192276208984723,5.569696843251515e-05,23.944233000409877,0.009900990099009901,100,0.0005635306524659572
task,1201,striatum,84,Expert,10,monopolar,pac_within,high_gamma,DMS,DMS,,,0.00028418242598601953,5.1953376388448473e-05,10.941513414053157,0.009900990099009901,100,0.00023222904959757106
task,1201,striatum,84,Expert,10,monopolar,pac_between,low_gamma,ACC,DLS,,,0.00033038527860748516,5.6970724259089664e-05,10.442079930012557,0.009900990099009901,100,0.0002734145543483955
task,1201,striatum,84,Expert,10,monopolar,pac_between,high_gamma,ACC,DLS,,,6.0328200037243784e-05,5.376816549174077e-05,0.25616735152741577,0.33663366336633666,100,6.560034545503012e-06
task,1201,striatum,84,Expert,10,monopolar,pac_between,low_gamma,ACC,DMS,,,0.0002826997391687533,6.206352153905185e-05,7.527917329312356,0.009900990099009901,100,0.00022063621762970144
task,1201,striatum,84,Expert,10,monopolar,pac_between,high_gamma,ACC,DMS,,,8.680842559264907e-05,5.582452887432112e-05,1.3251752194954096,0.10891089108910891,100,3.098389671832795e-05
task,1201,striatum,84,Expert,10,monopolar,pac_between,low_gamma,DLS,ACC,,,5.6827797436679234e-05,4.6557647579869735e-05,0.442790193236126,0.26732673267326734,100,1.0270149856809499e-05
task,1201,striatum,84,Expert,10,monopolar,pac_between,high_gamma,DLS,ACC,,,0.00023052676120515492,4.737443412180515e-05,9.398353199424514,0.009900990099009901,100,0.00018315232708334978
task,1201,striatum,84,Expert,10,monopolar,pac_between,low_gamma,DLS,DMS,,,0.0007194058862306226,5.63401145694192e-05,29.532417935886073,0.009900990099009901,100,0.0006630657716612035
task,1201,striatum,84,Expert,10,monopolar,pac_between,high_gamma,DLS,DMS,,,0.0002328053338421984,5.029651180953479e-05,9.272126373795563,0.009900990099009901,100,0.0001825088220326636
task,1201,striatum,84,Expert,10,monopolar,pac_between,low_gamma,DMS,ACC,,,5.2920150639892604e-05,4.7434541101436004e-05,0.28053514958255277,0.3069306930693069,100,5.4856095384566e-06
task,1201,striatum,84,Expert,10,monopolar,pac_between,high_gamma,DMS,ACC,,,0.00027065609499912747,4.8889931284994866e-05,11.178467956983342,0.009900990099009901,100,0.00022176616371413261
task,1201,striatum,84,Expert,10,monopolar,pac_between,low_gamma,DMS,DLS,,,0.0006910496553745144,5.017985989053206e-05,29.240560878917037,0.009900990099009901,100,0.0006408697954839824
task,1201,striatum,84,Expert,10,monopolar,pac_between,high_gamma,DMS,DLS,,,0.00021898312566527654,4.981313246962123e-05,7.532755050454309,0.009900990099009901,100,0.00016916999319565532
task,1201,striatum,84,Expert,10,bipolar,same_freq,theta,ACC,DLS,0.21798785159711734,0.05076287370231468,,,,,,
task,1201,striatum,84,Expert,10,bipolar,same_freq,low_gamma,ACC,DLS,0.09706717592258754,0.05328492757589709,,,,,,
task,1201,striatum,84,Expert,10,bipolar,same_freq,high_gamma,ACC,DLS,0.09515082655135965,0.053511680991441865,,,,,,
task,1201,striatum,84,Expert,10,bipolar,same_freq,theta,ACC,DMS,0.20784487471605692,0.047840528365895876,,,,,,
task,1201,striatum,84,Expert,10,bipolar,same_freq,low_gamma,ACC,DMS,0.05331740589668323,0.028254740404211026,,,,,,
task,1201,striatum,84,Expert,10,bipolar,same_freq,high_gamma,ACC,DMS,0.07813740546702665,0.05105602101864591,,,,,,
task,1201,striatum,84,Expert,10,bipolar,same_freq,theta,DLS,DMS,0.6530913323027625,0.30562944562226574,,,,,,
task,1201,striatum,84,Expert,10,bipolar,same_freq,low_gamma,DLS,DMS,0.39922050189709213,0.10957861433382055,,,,,,
task,1201,striatum,84,Expert,10,bipolar,same_freq,high_gamma,DLS,DMS,0.28225354577886225,0.11451206431058733,,,,,,
task,1201,striatum,84,Expert,10,bipolar,pac_within,low_gamma,ACC,ACC,,,5.3204318801083725e-05,4.703410172033568e-05,0.31924272342277693,0.38613861386138615,100,6.170217080748048e-06
task,1201,striatum,84,Expert,10,bipolar,pac_within,high_gamma,ACC,ACC,,,0.00013885324644340408,4.3751762867974474e-05,5.610841812920391,0.009900990099009901,100,9.51014835754296e-05
task,1201,striatum,84,Expert,10,bipolar,pac_within,low_gamma,DLS,DLS,,,0.0006666867315927868,5.096229566539297e-05,25.673685952138534,0.009900990099009901,100,0.0006157244359273938
task,1201,striatum,84,Expert,10,bipolar,pac_within,high_gamma,DLS,DLS,,,3.0466158608511103e-05,4.558809300422055e-05,-0.7989117348938666,0.7623762376237624,100,-1.5121934395709444e-05
task,1201,striatum,84,Expert,10,bipolar,pac_within,low_gamma,DMS,DMS,,,0.00027695456816293954,4.719843193081567e-05,11.333379584094956,0.009900990099009901,100,0.00022975613623212388
task,1201,striatum,84,Expert,10,bipolar,pac_within,high_gamma,DMS,DMS,,,5.292849561492549e-05,4.954086624714146e-05,0.18607594034421496,0.4158415841584158,100,3.3876293677840305e-06
task,1201,striatum,84,Expert,10,bipolar,pac_between,low_gamma,ACC,DLS,,,0.00037496921259677006,5.327025017325519e-05,12.533270099389167,0.009900990099009901,100,0.0003216989624235149
task,1201,striatum,84,Expert,10,bipolar,pac_between,high_gamma,ACC,DLS,,,2.6232078137719848e-05,4.4189923014438535e-05,-1.0294453903407252,0.900990099009901,100,-1.7957844876718687e-05
task,1201,striatum,84,Expert,10,bipolar,pac_between,low_gamma,ACC,DMS,,,0.00016293393847467764,5.217843442199392e-05,4.1489503366553695,0.009900990099009901,100,0.00011075550405268371
task,1201,striatum,84,Expert,10,bipolar,pac_between,high_gamma,ACC,DMS,,,8.072344399036939e-05,4.912086282881231e-05,1.6707872464179618,0.06930693069306931,100,3.1602581161557084e-05
task,1201,striatum,84,Expert,10,bipolar,pac_between,low_gamma,DLS,ACC,,,5.75807195354446e-05,4.614673941825432e-05,0.550882139384307,0.26732673267326734,100,1.1433980117190279e-05
task,1201,striatum,84,Expert,10,bipolar,pac_between,high_gamma,DLS,ACC,,,0.0001355345861736848,3.9651358410791446e-05,6.059567664063159,0.009900990099009901,100,9.588322776289335e-05
task,1201,striatum,84,Expert,10,bipolar,pac_between,low_gamma,DLS,DMS,,,0.00033751399850313603,4.516181638861355e-05,14.801297948536664,0.009900990099009901,100,0.0002923521821145225
task,1201,striatum,84,Expert,10,bipolar,pac_between,high_gamma,DLS,DMS,,,0.00011424777210318127,4.5570646484049974e-05,4.082502886366719,0.009900990099009901,100,6.867712561913129e-05
task,1201,striatum,84,Expert,10,bipolar,pac_between,low_gamma,DMS,ACC,,,5.405051398934326e-05,4.2864703589323625e-05,0.5701540506673973,0.2376237623762376,100,1.1185810400019635e-05
task,1201,striatum,84,Expert,10,bipolar,pac_between,high_gamma,DMS,ACC,,,9.034758711807366e-05,4.4287690608573635e-05,2.351832355049835,0.039603960396039604,100,4.6059896509500026e-05
task,1201,striatum,84,Expert,10,bipolar,pac_between,low_gamma,DMS,DLS,,,0.0005212054794225091,5.1638331279405345e-05,25.60715310769622,0.009900990099009901,100,0.0004695671481431038
task,1201,striatum,84,Expert,10,bipolar,pac_between,high_gamma,DMS,DLS,,,5.757625360847554e-05,4.303096188907963e-05,0.8192008823529716,0.15841584158415842,100,1.454529171939591e-05
task,1201,visual,84,All,182,monopolar,same_freq,theta,CA1,DG,0.12837821352196205,0.16474450069902136,,,,,,
task,1201,visual,84,All,182,monopolar,same_freq,low_gamma,CA1,DG,0.3486408589188736,0.05575337143587749,,,,,,
task,1201,visual,84,All,182,monopolar,same_freq,high_gamma,CA1,DG,0.3293297759899565,0.07625876185823356,,,,,,
task,1201,visual,84,All,182,monopolar,same_freq,theta,CA1,V1,0.1532124153927211,0.14903847924119223,,,,,,
task,1201,visual,84,All,182,monopolar,same_freq,low_gamma,CA1,V1,0.4890319971617422,0.06572579645338736,,,,,,
task,1201,visual,84,All,182,monopolar,same_freq,high_gamma,CA1,V1,0.5299676723827504,0.0694617871420053,,,,,,
task,1201,visual,84,All,182,monopolar,same_freq,theta,DG,V1,0.7241703801061129,0.022184748193093132,,,,,,
task,1201,visual,84,All,182,monopolar,same_freq,low_gamma,DG,V1,0.5062779083374475,0.05360535789881276,,,,,,
task,1201,visual,84,All,182,monopolar,same_freq,high_gamma,DG,V1,0.24795973872762686,0.06102005046236352,,,,,,
task,1201,visual,84,All,182,monopolar,pac_within,low_gamma,CA1,CA1,,,0.0005203637480659711,2.839608667000192e-06,410.1438961250862,0.009900990099009901,100,0.0005175241393989709
task,1201,visual,84,All,182,monopolar,pac_within,high_gamma,CA1,CA1,,,0.0006710426408313625,2.7053600238422124e-06,562.620309017689,0.009900990099009901,100,0.0006683372808075203
task,1201,visual,84,All,182,monopolar,pac_within,low_gamma,DG,DG,,,0.0018878794992352108,2.7550908194774453e-06,1215.0532000638318,0.009900990099009901,100,0.0018851244084157333
task,1201,visual,84,All,182,monopolar,pac_within,high_gamma,DG,DG,,,0.001376758352500084,2.763620108997241e-06,1063.6456247335755,0.009900990099009901,100,0.001373994732391087
task,1201,visual,84,All,182,monopolar,pac_within,low_gamma,V1,V1,,,0.0018402550876796047,3.1266338187790724e-06,1047.7103895126875,0.009900990099009901,100,0.0018371284538608256
task,1201,visual,84,All,182,monopolar,pac_within,high_gamma,V1,V1,,,0.0012977232203015179,3.0421697317027577e-06,1009.1667280966795,0.009900990099009901,100,0.001294681050569815
task,1201,visual,84,All,182,monopolar,pac_between,low_gamma,CA1,DG,,,0.0007141973160847254,2.607590582843982e-06,514.6702216839041,0.009900990099009901,100,0.0007115897255018814
task,1201,visual,84,All,182,monopolar,pac_between,high_gamma,CA1,DG,,,0.0006705741863210675,2.719502186328465e-06,551.6107726147868,0.009900990099009901,100,0.000667854684134739
task,1201,visual,84,All,182,monopolar,pac_between,low_gamma,CA1,V1,,,0.0006388239499785639,3.0075903733154286e-06,391.0202691506762,0.009900990099009901,100,0.0006358163596052485
task,1201,visual,84,All,182,monopolar,pac_between,high_gamma,CA1,V1,,,0.0005271889326991475,2.9524733523536867e-06,383.17252315474866,0.009900990099009901,100,0.0005242364593467938
task,1201,visual,84,All,182,monopolar,pac_between,low_gamma,DG,CA1,,,0.001650495093192609,2.8724853055198097e-06,1115.7660487230628,0.009900990099009901,100,0.0016476226078870893
task,1201,visual,84,All,182,monopolar,pac_between,high_gamma,DG,CA1,,,0.0009867362058460327,2.721824558452479e-06,751.866340235879,0.009900990099009901,100,0.0009840143812875801
task,1201,visual,84,All,182,monopolar,pac_between,low_gamma,DG,V1,,,0.001665770108013632,3.188295541388924e-06,889.3478301666839,0.009900990099009901,100,0.001662581812472243
task,1201,visual,84,All,182,monopolar,pac_between,high_gamma,DG,V1,,,0.0012477142470134833,3.0349487275741606e-06,1007.2363678079771,0.009900990099009901,100,0.001244679298285909
task,1201,visual,84,All,182,monopolar,pac_between,low_gamma,V1,CA1,,,0.0016752367481423958,2.6500199936609907e-06,1267.311584999818,0.009900990099009901,100,0.0016725867281487349
task,1201,visual,84,All,182,monopolar,pac_between,high_gamma,V1,CA1,,,0.0009200957219666175,2.789650498299491e-06,638.5176731764061,0.009900990099009901,100,0.0009173060714683179
task,1201,visual,84,All,182,monopolar,pac_between,low_gamma,V1,DG,,,0.0018028069753825398,2.7644769562443434e-06,1317.437673934359,0.009900990099009901,100,0.0018000424984262954
task,1201,visual,84,All,182,monopolar,pac_between,high_gamma,V1,DG,,,0.0012593128914339688,2.7594052566217194e-06,926.4989472431469,0.009900990099009901,100,0.0012565534861773472
task,1201,visual,84,All,182,bipolar,same_freq,theta,CA1,DG,0.18990675015211092,0.141960915354989,,,,,,
task,1201,visual,84,All,182,bipolar,same_freq,low_gamma,CA1,DG,0.0203245726145838,-0.0002367858647198606,,,,,,
task,1201,visual,84,All,182,bipolar,same_freq,high_gamma,CA1,DG,0.07724434155535201,0.037589710741183,,,,,,
task,1201,visual,84,All,182,bipolar,same_freq,theta,CA1,V1,0.15765284967755747,0.04757632379826389,,,,,,
task,1201,visual,84,All,182,bipolar,same_freq,low_gamma,CA1,V1,0.043835832066000044,0.000764328175980889,,,,,,
task,1201,visual,84,All,182,bipolar,same_freq,high_gamma,CA1,V1,0.05902220055133926,0.02777000416572606,,,,,,
task,1201,visual,84,All,182,bipolar,same_freq,theta,DG,V1,0.13874536723116573,0.12640071892425464,,,,,,
task,1201,visual,84,All,182,bipolar,same_freq,low_gamma,DG,V1,0.11806530102102093,0.061145200988029044,,,,,,
task,1201,visual,84,All,182,bipolar,same_freq,high_gamma,DG,V1,0.11539770005877495,0.049354293200324265,,,,,,
task,1201,visual,84,All,182,bipolar,pac_within,low_gamma,CA1,CA1,,,1.2770242708234256e-05,1.0503155758524925e-06,22.70478431287658,0.009900990099009901,100,1.1719927132381763e-05
task,1201,visual,84,All,182,bipolar,pac_within,high_gamma,CA1,CA1,,,0.00017718174410660974,2.611263483665642e-06,176.97119692351768,0.009900990099009901,100,0.0001745704806229441
task,1201,visual,84,All,182,bipolar,pac_within,low_gamma,DG,DG,,,0.0019808199180918144,3.258100852106977e-06,1002.3603312780994,0.009900990099009901,100,0.0019775618172397074
task,1201,visual,84,All,182,bipolar,pac_within,high_gamma,DG,DG,,,0.0015084623111267545,2.8203725109081004e-06,1128.1554983498056,0.009900990099009901,100,0.0015056419386158463
task,1201,visual,84,All,182,bipolar,pac_within,low_gamma,V1,V1,,,0.00018907170280663336,2.804427098582415e-06,134.99878433428887,0.009900990099009901,100,0.00018626727570805095
task,1201,visual,84,All,182,bipolar,pac_within,high_gamma,V1,V1,,,1.034884149888851e-05,2.402614718766328e-06,8.171024752925087,0.009900990099009901,100,7.946226780122182e-06
task,1201,visual,84,All,182,bipolar,pac_between,low_gamma,CA1,DG,,,0.000643988326863224,3.08706741622483e-06,442.27423766143517,0.009900990099009901,100,0.0006409012594469991
task,1201,visual,84,All,182,bipolar,pac_between,high_gamma,CA1,DG,,,0.00028144392815217695,3.0534523276527846e-06,202.71939954128965,0.009900990099009901,100,0.00027839047582452415
task,1201,visual,84,All,182,bipolar,pac_between,low_gamma,CA1,V1,,,8.368793127600439e-05,2.7154647985134973e-06,67.18762607364239,0.009900990099009901,100,8.09724664774909e-05
task,1201,visual,84,All,182,bipolar,pac_between,high_gamma,CA1,V1,,,1.2950144394694948e-05,2.590666388471311e-06,9.962202324230669,0.009900990099009901,100,1.0359478006223637e-05
task,1201,visual,84,All,182,bipolar,pac_between,low_gamma,DG,CA1,,,1.3572333786759949e-05,1.08077735779524e-06,24.47100625702577,0.009900990099009901,100,1.2491556428964709e-05
task,1201,visual,84,All,182,bipolar,pac_between,high_gamma,DG,CA1,,,0.00046261219986794364,2.4228046974251994e-06,482.8507177151503,0.009900990099009901,100,0.00046018939517051844
task,1201,visual,84,All,182,bipolar,pac_between,low_gamma,DG,V1,,,0.0002837704191472179,3.0210154018631793e-06,193.60267182637546,0.009900990099009901,100,0.0002807494037453547
task,1201,visual,84,All,182,bipolar,pac_between,high_gamma,DG,V1,,,5.4102697560127524e-05,2.3443684194341567e-06,55.85217771892703,0.009900990099009901,100,5.175832914069337e-05
task,1201,visual,84,All,182,bipolar,pac_between,low_gamma,V1,CA1,,,1.1337244883778159e-05,1.0515053676817617e-06,19.598897679605237,0.009900990099009901,100,1.0285739516096398e-05
task,1201,visual,84,All,182,bipolar,pac_between,high_gamma,V1,CA1,,,0.00032007733135597444,2.4348243637523435e-06,325.9416688479609,0.009900990099009901,100,0.0003176425069922221
task,1201,visual,84,All,182,bipolar,pac_between,low_gamma,V1,DG,,,0.0012411578052321638,2.942324562269999e-06,856.6287672018052,0.009900990099009901,100,0.0012382154806698938
task,1201,visual,84,All,182,bipolar,pac_between,high_gamma,V1,DG,,,0.0004141953015794227,2.750352940702824e-06,329.4382572153241,0.009900990099009901,100,0.0004114449486387199
task,1201,visual,84,Naive,10,monopolar,same_freq,theta,CA1,DG,-0.03722237526211399,0.0663716201026743,,,,,,
task,1201,visual,84,Naive,10,monopolar,same_freq,low_gamma,CA1,DG,0.3629400938449664,0.050767570671754844,,,,,,
task,1201,visual,84,Naive,10,monopolar,same_freq,high_gamma,CA1,DG,0.36642282303226575,0.06064937134921115,,,,,,
task,1201,visual,84,Naive,10,monopolar,same_freq,theta,CA1,V1,-0.018996687087451652,0.07792705479474467,,,,,,
task,1201,visual,84,Naive,10,monopolar,same_freq,low_gamma,CA1,V1,0.45619060275628054,0.03677204205387857,,,,,,
task,1201,visual,84,Naive,10,monopolar,same_freq,high_gamma,CA1,V1,0.49860618032495657,0.03742397295304136,,,,,,
task,1201,visual,84,Naive,10,monopolar,same_freq,theta,DG,V1,0.6941178157596987,0.02582560026924437,,,,,,
task,1201,visual,84,Naive,10,monopolar,same_freq,low_gamma,DG,V1,0.5516394019784282,0.04307082795550256,,,,,,
task,1201,visual,84,Naive,10,monopolar,same_freq,high_gamma,DG,V1,0.290662894662164,0.04433269892443041,,,,,,
task,1201,visual,84,Naive,10,monopolar,pac_within,low_gamma,CA1,CA1,,,0.0009973367160492515,4.935936314376475e-05,39.93049184017027,0.009900990099009901,100,0.0009479773529054868
task,1201,visual,84,Naive,10,monopolar,pac_within,high_gamma,CA1,CA1,,,0.0013428983667241635,4.862222382904745e-05,49.00840640745972,0.009900990099009901,100,0.0012942761428951161
task,1201,visual,84,Naive,10,monopolar,pac_within,low_gamma,DG,DG,,,0.002462634963752289,4.7980020720726395e-05,116.75684616319093,0.009900990099009901,100,0.0024146549430315626
task,1201,visual,84,Naive,10,monopolar,pac_within,high_gamma,DG,DG,,,0.0016135308746255156,4.6099324024122976e-05,67.89952985087547,0.009900990099009901,100,0.0015674315506013926
task,1201,visual,84,Naive,10,monopolar,pac_within,low_gamma,V1,V1,,,0.002281148171964215,4.662938152179037e-05,108.70521617306882,0.009900990099009901,100,0.0022345187904424246
task,1201,visual,84,Naive,10,monopolar,pac_within,high_gamma,V1,V1,,,0.0016446640449193223,4.8208056845578236e-05,88.12796874301058,0.009900990099009901,100,0.001596455988073744
task,1201,visual,84,Naive,10,monopolar,pac_between,low_gamma,CA1,DG,,,0.0010144314267004006,4.7170672894453635e-05,42.149357683342316,0.009900990099009901,100,0.000967260753805947
task,1201,visual,84,Naive,10,monopolar,pac_between,high_gamma,CA1,DG,,,0.0011418168886415262,4.455347443515098e-05,60.51477511815144,0.009900990099009901,100,0.0010972634142063752
task,1201,visual,84,Naive,10,monopolar,pac_between,low_gamma,CA1,V1,,,0.0008193206589580411,4.406911506490406e-05,40.691209649025154,0.009900990099009901,100,0.000775251543893137
task,1201,visual,84,Naive,10,monopolar,pac_between,high_gamma,CA1,V1,,,0.001100803726052799,4.355105921735043e-05,50.977268879610264,0.009900990099009901,100,0.0010572526668354487
task,1201,visual,84,Naive,10,monopolar,pac_between,low_gamma,DG,CA1,,,0.0025917664879445625,4.931996912220744e-05,111.67950923732266,0.009900990099009901,100,0.002542446518822355
task,1201,visual,84,Naive,10,monopolar,pac_between,high_gamma,DG,CA1,,,0.0015195696160712905,4.958805258205307e-05,58.1670266883468,0.009900990099009901,100,0.0014699815634892375
task,1201,visual,84,Naive,10,monopolar,pac_between,low_gamma,DG,V1,,,0.0021479180251475416,4.5933870584685616e-05,95.80422608362299,0.009900990099009901,100,0.002101984154562856
task,1201,visual,84,Naive,10,monopolar,pac_between,high_gamma,DG,V1,,,0.0016823617575225935,4.9081216667818744e-05,79.0272509533313,0.009900990099009901,100,0.0016332805408547748
task,1201,visual,84,Naive,10,monopolar,pac_between,low_gamma,V1,CA1,,,0.0025313394334484404,4.933396092333421e-05,107.66790682690106,0.009900990099009901,100,0.002482005472525106
task,1201,visual,84,Naive,10,monopolar,pac_between,high_gamma,V1,CA1,,,0.0014824502460581896,4.800488623046776e-05,56.649181228447226,0.009900990099009901,100,0.0014344453598277218
task,1201,visual,84,Naive,10,monopolar,pac_between,low_gamma,V1,DG,,,0.002404815493534416,4.890433929372404e-05,99.31525474878512,0.009900990099009901,100,0.002355911154240692
task,1201,visual,84,Naive,10,monopolar,pac_between,high_gamma,V1,DG,,,0.0016000355859024642,4.55709987662712e-05,69.25671659433654,0.009900990099009901,100,0.001554464587136193
task,1201,visual,84,Naive,10,bipolar,same_freq,theta,CA1,DG,0.06106820490179393,-0.023096067734196785,,,,,,
task,1201,visual,84,Naive,10,bipolar,same_freq,low_gamma,CA1,DG,0.012201334595588729,-0.015250414833542347,,,,,,
task,1201,visual,84,Naive,10,bipolar,same_freq,high_gamma,CA1,DG,0.05316027428718895,0.01685464095522933,,,,,,
task,1201,visual,84,Naive,10,bipolar,same_freq,theta,CA1,V1,0.16754703310755278,0.07039732547562974,,,,,,
task,1201,visual,84,Naive,10,bipolar,same_freq,low_gamma,CA1,V1,0.08396086179300437,0.02974133377256509,,,,,,
task,1201,visual,84,Naive,10,bipolar,same_freq,high_gamma,CA1,V1,0.0447586349670322,0.006848175751723336,,,,,,
task,1201,visual,84,Naive,10,bipolar,same_freq,theta,DG,V1,0.05295589334121164,0.07085735551901799,,,,,,
task,1201,visual,84,Naive,10,bipolar,same_freq,low_gamma,DG,V1,0.07394310249449272,0.04123038700805902,,,,,,
task,1201,visual,84,Naive,10,bipolar,same_freq,high_gamma,DG,V1,0.07315722855436214,0.029513584538637824,,,,,,
task,1201,visual,84,Naive,10,bipolar,pac_within,low_gamma,CA1,CA1,,,5.113333052252043e-05,1.893248685917862e-05,2.9214491424159053,0.019801980198019802,100,3.220084366334181e-05
task,1201,visual,84,Naive,10,bipolar,pac_within,high_gamma,CA1,CA1,,,0.0003019661241533074,4.2463869266557684e-05,16.166665656062523,0.009900990099009901,100,0.0002595022548867497
task,1201,visual,84,Naive,10,bipolar,pac_within,low_gamma,DG,DG,,,0.0030476276533483162,5.6997369310534136e-05,118.49756949518552,0.009900990099009901,100,0.002990630284037782
task,1201,visual,84,Naive,10,bipolar,pac_within,high_gamma,DG,DG,,,0.001970195831102659,4.794959217282799e-05,74.12266931379979,0.009900990099009901,100,0.001922246238929831
task,1201,visual,84,Naive,10,bipolar,pac_within,low_gamma,V1,V1,,,0.0005698774025065491,4.172628375095186e-05,26.328001307025055,0.009900990099009901,100,0.0005281511187555973
task,1201,visual,84,Naive,10,bipolar,pac_within,high_gamma,V1,V1,,,2.804585349653128e-05,3.550463308466672e-05,-0.5606779890312374,0.7029702970297029,100,-7.4587795881354394e-06
task,1201,visual,84,Naive,10,bipolar,pac_between,low_gamma,CA1,DG,,,0.0011419052866112709,5.397679055963376e-05,40.120917575999734,0.009900990099009901,100,0.0010879284960516372
task,1201,visual,84,Naive,10,bipolar,pac_between,high_gamma,CA1,DG,,,0.0006620138059003996,4.686000209740608e-05,27.275448396917927,0.009900990099009901,100,0.0006151538038029936
task,1201,visual,84,Naive,10,bipolar,pac_between,low_gamma,CA1,V1,,,0.0002311849693640914,4.532926379034656e-05,7.497755720003015,0.009900990099009901,100,0.00018585570557374484
task,1201,visual,84,Naive,10,bipolar,pac_between,high_gamma,CA1,V1,,,2.8685545466401777e-05,3.9466155171449947e-05,-0.6749671793810581,0.7722772277227723,100,-1.078060970504817e-05
task,1201,visual,84,Naive,10,bipolar,pac_between,low_gamma,DG,CA1,,,2.593956598328306e-05,1.762417334752457e-05,1.0117462458489448,0.1485148514851485,100,8.315392635758491e-06
task,1201,visual,84,Naive,10,bipolar,pac_between,high_gamma,DG,CA1,,,0.0007822427349095665,4.011190589712091e-05,48.04703161174258,0.009900990099009901,100,0.0007421308290124456
task,1201,visual,84,Naive,10,bipolar,pac_between,low_gamma,DG,V1,,,0.0006547189202526794,4.2194461714657246e-05,33.47563933254949,0.009900990099009901,100,0.0006125244585380221
task,1201,visual,84,Naive,10,bipolar,pac_between,high_gamma,DG,V1,,,4.033893820454681e-05,3.625213137769843e-05,0.3332357297474297,0.3564356435643564,100,4.086806826848382e-06
task,1201,visual,84,Naive,10,bipolar,pac_between,low_gamma,V1,CA1,,,8.828597129988604e-06,1.67838791882999e-05,-0.8294668624081134,0.8118811881188119,100,-7.955282058311295e-06
task,1201,visual,84,Naive,10,bipolar,pac_between,high_gamma,V1,CA1,,,0.0005582709042959499,3.941943327637381e-05,32.58474776468869,0.009900990099009901,100,0.0005188514710195761
task,1201,visual,84,Naive,10,bipolar,pac_between,low_gamma,V1,DG,,,0.0022220877573749767,5.4514502157600705e-05,85.61105832991986,0.009900990099009901,100,0.002167573255217376
task,1201,visual,84,Naive,10,bipolar,pac_between,high_gamma,V1,DG,,,0.0009386881188238682,4.676543102806614e-05,34.74450656439102,0.009900990099009901,100,0.000891922687795802
task,1201,visual,84,Intermediate,10,monopolar,same_freq,theta,CA1,DG,0.1903084114833821,0.19720950740570464,,,,,,
task,1201,visual,84,Intermediate,10,monopolar,same_freq,low_gamma,CA1,DG,0.3454577914813906,0.05395063644616978,,,,,,
task,1201,visual,84,Intermediate,10,monopolar,same_freq,high_gamma,CA1,DG,0.33574921800178714,0.08525726821663744,,,,,,
task,1201,visual,84,Intermediate,10,monopolar,same_freq,theta,CA1,V1,0.177016045641724,0.15631683138377228,,,,,,
task,1201,visual,84,Intermediate,10,monopolar,same_freq,low_gamma,CA1,V1,0.47361510229747433,0.03374520785087007,,,,,,
task,1201,visual,84,Intermediate,10,monopolar,same_freq,high_gamma,CA1,V1,0.5207429719417854,0.04118239612445203,,,,,,
task,1201,visual,84,Intermediate,10,monopolar,same_freq,theta,DG,V1,0.7650190876256232,0.004420841489373613,,,,,,
task,1201,visual,84,Intermediate,10,monopolar,same_freq,low_gamma,DG,V1,0.5033510084664744,0.07267767146991226,,,,,,
task,1201,visual,84,Intermediate,10,monopolar,same_freq,high_gamma,DG,V1,0.2512512137202733,0.06425220619490958,,,,,,
task,1201,visual,84,Intermediate,10,monopolar,pac_within,low_gamma,CA1,CA1,,,0.0005043557670584488,5.440074915876121e-05,18.586343665965188,0.009900990099009901,100,0.00044995501789968763
task,1201,visual,84,Intermediate,10,monopolar,pac_within,high_gamma,CA1,CA1,,,0.0006576046018872101,4.99071015476173e-05,28.963465456763515,0.009900990099009901,100,0.0006076975003395928
task,1201,visual,84,Intermediate,10,monopolar,pac_within,low_gamma,DG,DG,,,0.0019266934048872142,4.9053457404660785e-05,69.20458516726079,0.009900990099009901,100,0.0018776399474825533
task,1201,visual,84,Intermediate,10,monopolar,pac_within,high_gamma,DG,DG,,,0.0012649133659587571,4.843545028027702e-05,63.98983223105598,0.009900990099009901,100,0.0012164779156784802
task,1201,visual,84,Intermediate,10,monopolar,pac_within,low_gamma,V1,V1,,,0.0018249384104041888,4.918042643410293e-05,78.35895221215964,0.009900990099009901,100,0.001775757983970086
task,1201,visual,84,Intermediate,10,monopolar,pac_within,high_gamma,V1,V1,,,0.001201877539889435,5.013223363415692e-05,44.51840602965719,0.009900990099009901,100,0.001151745306255278
task,1201,visual,84,Intermediate,10,monopolar,pac_between,low_gamma,CA1,DG,,,0.0007863536000755064,5.630021377022564e-05,26.98830200640226,0.009900990099009901,100,0.0007300533863052808
task,1201,visual,84,Intermediate,10,monopolar,pac_between,high_gamma,CA1,DG,,,0.0006215157512949388,4.991897010845478e-05,27.831520562543872,0.009900990099009901,100,0.000571596781186484
task,1201,visual,84,Intermediate,10,monopolar,pac_between,low_gamma,CA1,V1,,,0.0006067063885936653,5.46166230583769e-05,20.341284152422357,0.009900990099009901,100,0.0005520897655352884
task,1201,visual,84,Intermediate,10,monopolar,pac_between,high_gamma,CA1,V1,,,0.00048277489150490467,5.408483841845913e-05,17.48686787207024,0.009900990099009901,100,0.0004286900530864455
task,1201,visual,84,Intermediate,10,monopolar,pac_between,low_gamma,DG,CA1,,,0.0014807985426848287,4.785630061493139e-05,61.156822295103794,0.009900990099009901,100,0.0014329422420698973
task,1201,visual,84,Intermediate,10,monopolar,pac_between,high_gamma,DG,CA1,,,0.000733261133507822,4.7871214443349033e-05,35.206650356051014,0.009900990099009901,100,0.000685389919064473
task,1201,visual,84,Intermediate,10,monopolar,pac_between,low_gamma,DG,V1,,,0.0016533087533372442,4.8860968188809476e-05,73.38823491348596,0.009900990099009901,100,0.0016044477851484347
task,1201,visual,84,Intermediate,10,monopolar,pac_between,high_gamma,DG,V1,,,0.0011843522145752543,4.9151937509324734e-05,44.10487339387999,0.009900990099009901,100,0.0011352002770659295
task,1201,visual,84,Intermediate,10,monopolar,pac_between,low_gamma,V1,CA1,,,0.0016154289568745387,4.932388714907374e-05,69.89246564163327,0.009900990099009901,100,0.001566105069725465
task,1201,visual,84,Intermediate,10,monopolar,pac_between,high_gamma,V1,CA1,,,0.0006348420444257416,4.515234790058563e-05,30.450313170623094,0.009900990099009901,100,0.0005896896965251559
task,1201,visual,84,Intermediate,10,monopolar,pac_between,low_gamma,V1,DG,,,0.0020315340249382387,4.846767614191731e-05,75.6351664746496,0.009900990099009901,100,0.0019830663487963216
task,1201,visual,84,Intermediate,10,monopolar,pac_between,high_gamma,V1,DG,,,0.0011785062299798246,4.76793272318507e-05,57.60878055110991,0.009900990099009901,100,0.001130826902747974
task,1201,visual,84,Intermediate,10,bipolar,same_freq,theta,CA1,DG,0.27904039364625316,0.2642934095707913,,,,,,
task,1201,visual,84,Intermediate,10,bipolar,same_freq,low_gamma,CA1,DG,-0.007191728791789992,-0.012875559110084093,,,,,,
task,1201,visual,84,Intermediate,10,bipolar,same_freq,high_gamma,CA1,DG,0.04792427804832962,0.02595485427537416,,,,,,
task,1201,visual,84,Intermediate,10,bipolar,same_freq,theta,CA1,V1,0.30110165425125157,0.12627628076695793,,,,,,
task,1201,visual,84,Intermediate,10,bipolar,same_freq,low_gamma,CA1,V1,0.05112734507046166,-0.0032464155601364653,,,,,,
task,1201,visual,84,Intermediate,10,bipolar,same_freq,high_gamma,CA1,V1,0.039392695664593996,0.014224924482475303,,,,,,
task,1201,visual,84,Intermediate,10,bipolar,same_freq,theta,DG,V1,0.19169155668773427,0.150302189280128,,,,,,
task,1201,visual,84,Intermediate,10,bipolar,same_freq,low_gamma,DG,V1,0.10985050421969166,0.05278455675711957,,,,,,
task,1201,visual,84,Intermediate,10,bipolar,same_freq,high_gamma,DG,V1,0.09791859169486966,0.03247531464617394,,,,,,
task,1201,visual,84,Intermediate,10,bipolar,pac_within,low_gamma,CA1,CA1,,,4.9061683917369166e-05,1.974404268607553e-05,2.6217376355184308,0.019801980198019802,100,2.9317641231293636e-05
task,1201,visual,84,Intermediate,10,bipolar,pac_within,high_gamma,CA1,CA1,,,0.0002928332363296619,4.289161751015974e-05,12.153310125767083,0.009900990099009901,100,0.00024994161881950215
task,1201,visual,84,Intermediate,10,bipolar,pac_within,low_gamma,DG,DG,,,0.0018884909613146727,5.04710833944524e-05,68.65466820231933,0.009900990099009901,100,0.0018380198779202202
task,1201,visual,84,Intermediate,10,bipolar,pac_within,high_gamma,DG,DG,,,0.0011933420564393944,4.816536468230039e-05,53.86553229502507,0.009900990099009901,100,0.001145176691757094
task,1201,visual,84,Intermediate,10,bipolar,pac_within,low_gamma,V1,V1,,,0.0001299394870299499,4.5900653892249e-05,4.238174934296969,0.009900990099009901,100,8.40388331377009e-05
task,1201,visual,84,Intermediate,10,bipolar,pac_within,high_gamma,V1,V1,,,9.992269722756847e-05,4.094488587751241e-05,3.273303220544519,0.019801980198019802,100,5.897781135005606e-05
task,1201,visual,84,Intermediate,10,bipolar,pac_between,low_gamma,CA1,DG,,,0.0011293901035175856,5.09879231215259e-05,42.15812770157423,0.009900990099009901,100,0.0010784021803960596
task,1201,visual,84,Intermediate,10,bipolar,pac_between,high_gamma,CA1,DG,,,0.0004168192348350335,4.670432022364516e-05,16.053076063229607,0.009900990099009901,100,0.0003701149146113883
task,1201,visual,84,Intermediate,10,bipolar,pac_between,low_gamma,CA1,V1,,,0.0001039040740537105,4.919127221028574e-05,2.7508568020491384,0.0297029702970297,100,5.4712801843424755e-05
task,1201,visual,84,Intermediate,10,bipolar,pac_between,high_gamma,CA1,V1,,,8.384851563011153e-05,4.227017627555986e-05,2.4126461998988913,0.0297029702970297,100,4.157833935455167e-05
task,1201,visual,84,Intermediate,10,bipolar,pac_between,low_gamma,DG,CA1,,,5.7279146579996715e-05,1.9527967030416956e-05,4.133819890244902,0.009900990099009901,100,3.775117954957976e-05
task,1201,visual,84,Intermediate,10,bipolar,pac_between,high_gamma,DG,CA1,,,0.00036310954420284167,4.174779820325351e-05,19.1279854550673,0.009900990099009901,100,0.00032136174599958815
task,1201,visual,84,Intermediate,10,bipolar,pac_between,low_gamma,DG,V1,,,0.00021555362566333817,4.142149388374972e-05,9.269236444402985,0.009900990099009901,100,0.00017413213177958845
task,1201,visual,84,Intermediate,10,bipolar,pac_between,high_gamma,DG,V1,,,9.115267049521493e-05,4.220181626984473e-05,2.7046963688116055,0.019801980198019802,100,4.89508542253702e-05
task,1201,visual,84,Intermediate,10,bipolar,pac_between,low_gamma,V1,CA1,,,4.509106644312705e-05,2.0862403068424013e-05,1.8807124434730682,0.04950495049504951,100,2.4228663374703035e-05
task,1201,visual,84,Intermediate,10,bipolar,pac_between,high_gamma,V1,CA1,,,0.00032415080945233057,4.391325329831241e-05,15.404478126825836,0.009900990099009901,100,0.00028023755615401815
task,1201,visual,84,Intermediate,10,bipolar,pac_between,low_gamma,V1,DG,,,0.0014483731506014477,5.5806772142811496e-05,45.73237389440892,0.009900990099009901,100,0.0013925663784586362
task,1201,visual,84,Intermediate,10,bipolar,pac_between,high_gamma,V1,DG,,,0.00023928968223514694,4.8274237371670895e-05,10.386546260098154,0.009900990099009901,100,0.00019101544486347603
task,1201,visual,84,Expert,10,monopolar,same_freq,theta,CA1,DG,0.16619572013559075,0.19345645893365915,,,,,,
task,1201,visual,84,Expert,10,monopolar,same_freq,low_gamma,CA1,DG,0.3391423449294899,0.032015702370960186,,,,,,
task,1201,visual,84,Expert,10,monopolar,same_freq,high_gamma,CA1,DG,0.31696984387312727,0.06800907758887417,,,,,,
task,1201,visual,84,Expert,10,monopolar,same_freq,theta,CA1,V1,0.17511497169146634,0.19050685446154023,,,,,,
task,1201,visual,84,Expert,10,monopolar,same_freq,low_gamma,CA1,V1,0.48603547718628404,0.046829647408682604,,,,,,
task,1201,visual,84,Expert,10,monopolar,same_freq,high_gamma,CA1,V1,0.5159034349597004,0.06383653806928993,,,,,,
task,1201,visual,84,Expert,10,monopolar,same_freq,theta,DG,V1,0.7640676745128276,-0.012549112480569362,,,,,,
task,1201,visual,84,Expert,10,monopolar,same_freq,low_gamma,DG,V1,0.48774724662285535,0.0536517257501925,,,,,,
task,1201,visual,84,Expert,10,monopolar,same_freq,high_gamma,DG,V1,0.21648550995277518,0.04050031256693163,,,,,,
task,1201,visual,84,Expert,10,monopolar,pac_within,low_gamma,CA1,CA1,,,0.0004020061124937614,4.88067337908904e-05,13.71899902055519,0.009900990099009901,100,0.000353199378702871
task,1201,visual,84,Expert,10,monopolar,pac_within,high_gamma,CA1,CA1,,,0.0007881749720156929,5.335609964644713e-05,26.294469405549513,0.009900990099009901,100,0.0007348188723692458
task,1201,visual,84,Expert,10,monopolar,pac_within,low_gamma,DG,DG,,,0.0020408857884983028,5.138749129503714e-05,91.36616117402667,0.009900990099009901,100,0.0019894982972032656
task,1201,visual,84,Expert,10,monopolar,pac_within,high_gamma,DG,DG,,,0.0012313839874905442,4.427492148960582e-05,61.09437318306673,0.009900990099009901,100,0.0011871090660009384
task,1201,visual,84,Expert,10,monopolar,pac_within,low_gamma,V1,V1,,,0.0014413401346740193,4.9006704755193716e-05,55.626526079276424,0.009900990099009901,100,0.0013923334299188255
task,1201,visual,84,Expert,10,monopolar,pac_within,high_gamma,V1,V1,,,0.0012401575743737202,4.9197401849500964e-05,60.009757628829206,0.009900990099009901,100,0.0011909601725242193
task,1201,visual,84,Expert,10,monopolar,pac_between,low_gamma,CA1,DG,,,0.0007582511222689038,5.102642315897247e-05,32.25983068910892,0.009900990099009901,100,0.0007072246991099313
task,1201,visual,84,Expert,10,monopolar,pac_between,high_gamma,CA1,DG,,,0.0006492185256297618,4.607907658472771e-05,32.802286281845085,0.009900990099009901,100,0.0006031394490450342
task,1201,visual,84,Expert,10,monopolar,pac_between,low_gamma,CA1,V1,,,0.0004592428600733746,5.6261412138604876e-05,15.192915462017377,0.009900990099009901,100,0.00040298144793476974
task,1201,visual,84,Expert,10,monopolar,pac_between,high_gamma,CA1,V1,,,0.000502005159182033,4.987161407802467e-05,23.034432231186713,0.009900990099009901,100,0.0004521335451040084
task,1201,visual,84,Expert,10,monopolar,pac_between,low_gamma,DG,CA1,,,0.0014512505230488567,4.8855680742559354e-05,66.78895019209159,0.009900990099009901,100,0.0014023948423062974
task,1201,visual,84,Expert,10,monopolar,pac_between,high_gamma,DG,CA1,,,0.0009025326859731866,4.664675789916713e-05,39.848266023516594,0.009900990099009901,100,0.0008558859280740195
task,1201,visual,84,Expert,10,monopolar,pac_between,low_gamma,DG,V1,,,0.001245146079938438,4.6430193129748536e-05,58.5590790830977,0.009900990099009901,100,0.0011987158868086894
task,1201,visual,84,Expert,10,monopolar,pac_between,high_gamma,DG,V1,,,0.0011145142711286413,4.999368572014718e-05,53.445264445185366,0.009900990099009901,100,0.001064520585408494
task,1201,visual,84,Expert,10,monopolar,pac_between,low_gamma,V1,CA1,,,0.0014985842065814168,4.781200252549943e-05,69.97709672800677,0.009900990099009901,100,0.0014507722040559173
task,1201,visual,84,Expert,10,monopolar,pac_between,high_gamma,V1,CA1,,,0.0008966626008453671,4.43790094391797e-05,40.455143997584955,0.009900990099009901,100,0.0008522835914061874
task,1201,visual,84,Expert,10,monopolar,pac_between,low_gamma,V1,DG,,,0.0018270226892422008,5.401001200673066e-05,78.82858349738322,0.009900990099009901,100,0.0017730126772354702
task,1201,visual,84,Expert,10,monopolar,pac_between,high_gamma,V1,DG,,,0.001053189829536798,4.30610510755145e-05,49.318433024351066,0.009900990099009901,100,0.0010101287784612834
task,1201,visual,84,Expert,10,bipolar,same_freq,theta,CA1,DG,0.12516664657047583,0.1406643926816694,,,,,,
task,1201,visual,84,Expert,10,bipolar,same_freq,low_gamma,CA1,DG,0.012218099713367809,0.012201538816642172,,,,,,
task,1201,visual,84,Expert,10,bipolar,same_freq,high_gamma,CA1,DG,0.0503061549495799,0.028790887929823872,,,,,,
task,1201,visual,84,Expert,10,bipolar,same_freq,theta,CA1,V1,0.17134274107369574,0.050789522016330364,,,,,,
task,1201,visual,84,Expert,10,bipolar,same_freq,low_gamma,CA1,V1,0.02780128970262631,-0.010819937484237034,,,,,,
task,1201,visual,84,Expert,10,bipolar,same_freq,high_gamma,CA1,V1,0.051123886173272834,0.025782272672355024,,,,,,
task,1201,visual,84,Expert,10,bipolar,same_freq,theta,DG,V1,0.12653915301980317,0.07764747858128702,,,,,,
task,1201,visual,84,Expert,10,bipolar,same_freq,low_gamma,DG,V1,0.097390441317987,0.04584065918880602,,,,,,
task,1201,visual,84,Expert,10,bipolar,same_freq,high_gamma,DG,V1,0.07972041331068297,0.024259328872814727,,,,,,
task,1201,visual,84,Expert,10,bipolar,pac_within,low_gamma,CA1,CA1,,,4.5040137727774954e-05,1.931919644227583e-05,2.798989624198154,0.019801980198019802,100,2.5720941285499125e-05
task,1201,visual,84,Expert,10,bipolar,pac_within,high_gamma,CA1,CA1,,,0.00030341365091874646,4.449766481539144e-05,12.028920382655466,0.009900990099009901,100,0.00025891598610335503
task,1201,visual,84,Expert,10,bipolar,pac_within,low_gamma,DG,DG,,,0.0015626688168247737,4.588575397000378e-05,65.51473177022513,0.009900990099009901,100,0.00151678306285477
task,1201,visual,84,Expert,10,bipolar,pac_within,high_gamma,DG,DG,,,0.0019552913792232497,4.775168041648253e-05,98.97791166813809,0.009900990099009901,100,0.0019075396988067672
task,1201,visual,84,Expert,10,bipolar,pac_within,low_gamma,V1,V1,,,0.0001050851348725922,5.1214563749462424e-05,2.346521923804603,0.039603960396039604,100,5.387057112312977e-05
task,1201,visual,84,Expert,10,bipolar,pac_within,high_gamma,V1,V1,,,1.9049388037027813e-05,4.447943382213486e-05,-1.35512171082784,0.9702970297029703,100,-2.5430045785107045e-05
task,1201,visual,84,Expert,10,bipolar,pac_between,low_gamma,CA1,DG,,,0.0007331461294266263,4.787963301945283e-05,35.042116515799336,0.009900990099009901,100,0.0006852664964071734
task,1201,visual,84,Expert,10,bipolar,pac_between,high_gamma,CA1,DG,,,0.0004703148446746468,4.822005893063296e-05,18.47041242128184,0.009900990099009901,100,0.00042209478574401383
task,1201,visual,84,Expert,10,bipolar,pac_between,low_gamma,CA1,V1,,,0.0001487354474410633,5.226522774447538e-05,4.679157425225938,0.009900990099009901,100,9.647021969658792e-05
task,1201,visual,84,Expert,10,bipolar,pac_between,high_gamma,CA1,V1,,,5.07533059745591e-05,4.154937193773278e-05,0.61021513602927,0.297029702970297,100,9.203934036826317e-06
task,1201,visual,84,Expert,10,bipolar,pac_between,low_gamma,DG,CA1,,,3.901193446922361e-05,1.6640177328225732e-05,2.7903885695529134,0.039603960396039604,100,2.2371757140997877e-05
task,1201,visual,84,Expert,10,bipolar,pac_between,high_gamma,DG,CA1,,,0.00041836477770217946,4.5389187082695806e-05,20.748218305551518,0.009900990099009901,100,0.00037297559061948366
task,1201,visual,84,Expert,10,bipolar,pac_between,low_gamma,DG,V1,,,0.00018253422945707038,4.608608527555406e-05,6.2687765126445925,0.009900990099009901,100,0.00013644814418151631
task,1201,visual,84,Expert,10,bipolar,pac_between,high_gamma,DG,V1,,,1.8560140059011262e-05,4.404398748549875e-05,-1.5012643514010573,0.9900990099009901,100,-2.548384742648749e-05
task,1201,visual,84,Expert,10,bipolar,pac_between,low_gamma,V1,CA1,,,2.1119445461925565e-05,1.7873059808728994e-05,0.36310999243233877,0.3465346534653465,100,3.2463856531965713e-06
task,1201,visual,84,Expert,10,bipolar,pac_between,high_gamma,V1,CA1,,,0.00036265518841621376,4.534428033593355e-05,18.08093565485707,0.009900990099009901,100,0.0003173109080802802
task,1201,visual,84,Expert,10,bipolar,pac_between,low_gamma,V1,DG,,,0.0009360599906855445,4.577282483161457e-05,39.6645509686863,0.009900990099009901,100,0.0008902871658539299
task,1201,visual,84,Expert,10,bipolar,pac_between,high_gamma,V1,DG,,,0.00036394766813757683,4.825404588116726e-05,18.025833818623504,0.009900990099009901,100,0.00031569362225640957
task,1206,visual,41,All,100,monopolar,same_freq,theta,CA1,DG,0.2546917955901249,0.23890706946981158,,,,,,
task,1206,visual,41,All,100,monopolar,same_freq,low_gamma,CA1,DG,0.5290980319068005,0.18574844587898176,,,,,,
task,1206,visual,41,All,100,monopolar,same_freq,high_gamma,CA1,DG,0.45501937263695474,0.17515611931538666,,,,,,
task,1206,visual,41,All,100,monopolar,same_freq,theta,CA1,V1,0.2909307783207036,0.24312850094395028,,,,,,
task,1206,visual,41,All,100,monopolar,same_freq,low_gamma,CA1,V1,0.3763653075338677,0.22884560006290888,,,,,,
task,1206,visual,41,All,100,monopolar,same_freq,high_gamma,CA1,V1,0.303430966132018,0.18562098829377816,,,,,,
task,1206,visual,41,All,100,monopolar,same_freq,theta,DG,V1,0.6195692894584243,0.14216395095070783,,,,,,
task,1206,visual,41,All,100,monopolar,same_freq,low_gamma,DG,V1,0.6503997783594863,0.12737212678968254,,,,,,
task,1206,visual,41,All,100,monopolar,same_freq,high_gamma,DG,V1,0.3351287610839447,0.1167947520308144,,,,,,
task,1206,visual,41,All,100,monopolar,pac_within,low_gamma,CA1,CA1,,,0.00022190348297853623,1.4147287859660452e-06,353.76740620725184,0.009900990099009901,100,0.00022048875419257018
task,1206,visual,41,All,100,monopolar,pac_within,high_gamma,CA1,CA1,,,0.0002461920775695225,1.461194784135684e-06,399.1629615516919,0.009900990099009901,100,0.0002447308827853868
task,1206,visual,41,All,100,monopolar,pac_within,low_gamma,DG,DG,,,0.0005035875325383642,1.7294330705136785e-06,540.421254976274,0.009900990099009901,100,0.0005018580994678505
task,1206,visual,41,All,100,monopolar,pac_within,high_gamma,DG,DG,,,8.424457540389543e-05,1.4956757923524568e-06,122.04722844392394,0.009900990099009901,100,8.274889961154298e-05
task,1206,visual,41,All,100,monopolar,pac_within,low_gamma,V1,V1,,,7.33952513906909e-05,1.391110728272919e-06,112.87855970111507,0.009900990099009901,100,7.200414066241798e-05
task,1206,visual,41,All,100,monopolar,pac_within,high_gamma,V1,V1,,,7.988093758856831e-05,1.3503032156117955e-06,136.7981146604399,0.009900990099009901,100,7.853063437295652e-05
task,1206,visual,41,All,100,monopolar,pac_between,low_gamma,CA1,DG,,,0.0004107950341445942,1.5821886394820446e-06,533.9121091377003,0.009900990099009901,100,0.00040921284550511216
task,1206,visual,41,All,100,monopolar,pac_between,high_gamma,CA1,DG,,,0.0002711796383798759,1.571091290447909e-06,401.36011164732423,0.009900990099009901,100,0.00026960854708942797
task,1206,visual,41,All,100,monopolar,pac_between,low_gamma,CA1,V1,,,8.342811682247094e-05,1.4571932643096555e-06,117.97973048087715,0.009900990099009901,100,8.197092355816129e-05
task,1206,visual,41,All,100,monopolar,pac_between,high_gamma,CA1,V1,,,6.435916437826951e-05,1.3456497505320067e-06,123.95640238884295,0.009900990099009901,100,6.301351462773751e-05
task,1206,visual,41,All,100,monopolar,pac_between,low_gamma,DG,CA1,,,0.0003027596875048684,1.40385869989893e-06,432.7666881896752,0.009900990099009901,100,0.0003013558288049695
task,1206,visual,41,All,100,monopolar,pac_between,high_gamma,DG,CA1,,,6.378842040203485e-05,1.4001975634816734e-06,102.84921167884976,0.009900990099009901,100,6.238822283855318e-05
task,1206,visual,41,All,100,monopolar,pac_between,low_gamma,DG,V1,,,0.00011976453363913066,1.6226750234039876e-06,138.0231694973172,0.009900990099009901,100,0.00011814185861572667
task,1206,visual,41,All,100,monopolar,pac_between,high_gamma,DG,V1,,,2.425216785511146e-05,1.380898711842092e-06,44.77089006614458,0.009900990099009901,100,2.287126914326937e-05
task,1206,visual,41,All,100,monopolar,pac_between,low_gamma,V1,CA1,,,0.000327134469939346,1.371082943824939e-06,536.3457870654665,0.009900990099009901,100,0.00032576338699552104
task,1206,visual,41,All,100,monopolar,pac_between,high_gamma,V1,CA1,,,0.00013237251859194715,1.3775465015813701e-06,240.89164812790062,0.009900990099009901,100,0.00013099497209036578
task,1206,visual,41,All,100,monopolar,pac_between,low_gamma,V1,DG,,,0.0006754486431937168,1.530922494030859e-06,980.1900475968856,0.009900990099009901,100,0.0006739177206996859
task,1206,visual,41,All,100,monopolar,pac_between,high_gamma,V1,DG,,,4.163965947818648e-05,1.551214644218903e-06,60.74608637306166,0.009900990099009901,100,4.008844483396758e-05
task,1206,visual,41,All,100,bipolar,same_freq,theta,CA1,DG,0.09740548770790111,0.06160686569176789,,,,,,
task,1206,visual,41,All,100,bipolar,same_freq,low_gamma,CA1,DG,0.17940846670563337,0.10727069856293309,,,,,,
task,1206,visual,41,All,100,bipolar,same_freq,high_gamma,CA1,DG,0.15838399091224437,0.11739971241737354,,,,,,
task,1206,visual,41,All,100,bipolar,same_freq,theta,CA1,V1,0.27281794310145047,0.177439900210494,,,,,,
task,1206,visual,41,All,100,bipolar,same_freq,low_gamma,CA1,V1,0.1202899080002811,0.07530731846001787,,,,,,
task,1206,visual,41,All,100,bipolar,same_freq,high_gamma,CA1,V1,0.1490805691955705,0.10887563569926116,,,,,,
task,1206,visual,41,All,100,bipolar,same_freq,theta,DG,V1,0.1367138583470541,0.06749803028995735,,,,,,
task,1206,visual,41,All,100,bipolar,same_freq,low_gamma,DG,V1,0.10261002280043419,0.050745715787061677,,,,,,
task,1206,visual,41,All,100,bipolar,same_freq,high_gamma,DG,V1,0.10905626614945493,0.07394115541434967,,,,,,
task,1206,visual,41,All,100,bipolar,pac_within,low_gamma,CA1,CA1,,,0.00038064821595829387,1.3830719188644212e-06,633.6808911975335,0.009900990099009901,100,0.00037926514403942947
task,1206,visual,41,All,100,bipolar,pac_within,high_gamma,CA1,CA1,,,0.0004451079714965232,1.4831902367661536e-06,742.1561216870501,0.009900990099009901,100,0.000443624781259757
task,1206,visual,41,All,100,bipolar,pac_within,low_gamma,DG,DG,,,6.176424689163772e-05,1.3547937015210689e-06,95.85081932547347,0.009900990099009901,100,6.0409453190116656e-05
task,1206,visual,41,All,100,bipolar,pac_within,high_gamma,DG,DG,,,9.095523457161426e-06,1.3051808995536723e-06,16.746560337816156,0.009900990099009901,100,7.790342557607754e-06
task,1206,visual,41,All,100,bipolar,pac_within,low_gamma,V1,V1,,,1.676608751128954e-05,9.075576594807254e-07,33.85254141939047,0.009900990099009901,100,1.5858529851808814e-05
task,1206,visual,41,All,100,bipolar,pac_within,high_gamma,V1,V1,,,7.05217849508541e-06,1.1850222398365994e-06,16.042310372320266,0.009900990099009901,100,5.867156255248811e-06
task,1206,visual,41,All,100,bipolar,pac_between,low_gamma,CA1,DG,,,0.00021885553139875446,1.4050522462238785e-06,352.6724000974638,0.009900990099009901,100,0.0002174504791525306
task,1206,visual,41,All,100,bipolar,pac_between,high_gamma,CA1,DG,,,7.72257747620919e-05,1.1934612815054764e-06,154.90427582469727,0.009900990099009901,100,7.603231348058643e-05
task,1206,visual,41,All,100,bipolar,pac_between,low_gamma,CA1,V1,,,1.4109715197630094e-05,8.070956955284276e-07,33.60878962942608,0.009900990099009901,100,1.3302619502101667e-05
task,1206,visual,41,All,100,bipolar,pac_between,high_gamma,CA1,V1,,,5.105967628421913e-06,1.1414433625331826e-06,9.570030979868951,0.009900990099009901,100,3.96452426588873e-06
task,1206,visual,41,All,100,bipolar,pac_between,low_gamma,DG,CA1,,,7.854045830265225e-05,1.476413196340293e-06,127.80151169975551,0.009900990099009901,100,7.706404510631195e-05
task,1206,visual,41,All,100,bipolar,pac_between,high_gamma,DG,CA1,,,8.842407201760256e-06,1.5848349959432756e-06,11.096333474888098,0.009900990099009901,100,7.25757220581698e-06
task,1206,visual,41,All,100,bipolar,pac_between,low_gamma,DG,V1,,,4.183641420201526e-06,9.946648340447963e-07,6.81842836721793,0.009900990099009901,100,3.1889765861567298e-06
task,1206,visual,41,All,100,bipolar,pac_between,high_gamma,DG,V1,,,2.5014694981207435e-06,1.2584011620701998e-06,2.884523112159218,0.009900990099009901,100,1.2430683360505436e-06
task,1206,visual,41,All,100,bipolar,pac_between,low_gamma,V1,CA1,,,0.00018759248955884842,1.446169732703758e-06,309.8277486871287,0.009900990099009901,100,0.00018614631982614467
task,1206,visual,41,All,100,bipolar,pac_between,high_gamma,V1,CA1,,,0.0002804069469855278,1.5874771847592446e-06,466.5507916164957,0.009900990099009901,100,0.0002788194698007685
task,1206,visual,41,All,100,bipolar,pac_between,low_gamma,V1,DG,,,0.0001435089262037716,1.2430729419862091e-06,258.5078287652863,0.009900990099009901,100,0.00014226585326178537
task,1206,visual,41,All,100,bipolar,pac_between,high_gamma,V1,DG,,,5.103133435836817e-05,1.1903386635764695e-06,108.94559875507701,0.009900990099009901,100,4.9840995694791696e-05
task,1206,visual,41,Naive,10,monopolar,same_freq,theta,CA1,DG,0.2969683153874158,0.3073692067659999,,,,,,
task,1206,visual,41,Naive,10,monopolar,same_freq,low_gamma,CA1,DG,0.46517798966287777,0.11832915841704375,,,,,,
task,1206,visual,41,Naive,10,monopolar,same_freq,high_gamma,CA1,DG,0.41319641321124745,0.12950924456565002,,,,,,
task,1206,visual,41,Naive,10,monopolar,same_freq,theta,CA1,V1,0.36290673977791427,0.28409494925203765,,,,,,
task,1206,visual,41,Naive,10,monopolar,same_freq,low_gamma,CA1,V1,0.2968898170833809,0.15137120558252032,,,,,,
task,1206,visual,41,Naive,10,monopolar,same_freq,high_gamma,CA1,V1,0.2527771795157768,0.12750579281185598,,,,,,
task,1206,visual,41,Naive,10,monopolar,same_freq,theta,DG,V1,0.692705883830521,0.19988544167944494,,,,,,
task,1206,visual,41,Naive,10,monopolar,same_freq,low_gamma,DG,V1,0.6335623883646512,0.07599872000222314,,,,,,
task,1206,visual,41,Naive,10,monopolar,same_freq,high_gamma,DG,V1,0.3106972807536299,0.07638070236389102,,,,,,
task,1206,visual,41,Naive,10,monopolar,pac_within,low_gamma,CA1,CA1,,,0.000209508641730668,1.512056872213116e-05,29.683552889676097,0.009900990099009901,100,0.00019438807300853683
task,1206,visual,41,Naive,10,monopolar,pac_within,high_gamma,CA1,CA1,,,0.00023105267311945306,1.4694407232890872e-05,31.930483513596712,0.009900990099009901,100,0.0002163582658865622
task,1206,visual,41,Naive,10,monopolar,pac_within,low_gamma,DG,DG,,,0.0005172832485729821,1.6775452645624295e-05,58.496188619260906,0.009900990099009901,100,0.0005005077959273577
task,1206,visual,41,Naive,10,monopolar,pac_within,high_gamma,DG,DG,,,2.9379662144572656e-05,1.5718522358763836e-05,1.9779989850001214,0.04950495049504951,100,1.366113978580882e-05
task,1206,visual,41,Naive,10,monopolar,pac_within,low_gamma,V1,V1,,,0.0001379509015528456,1.5400835290710546e-05,15.360513647532427,0.009900990099009901,100,0.00012255006626213507
task,1206,visual,41,Naive,10,monopolar,pac_within,high_gamma,V1,V1,,,7.380824663156085e-05,1.4219920808426138e-05,10.306756421544668,0.009900990099009901,100,5.958832582313471e-05
task,1206,visual,41,Naive,10,monopolar,pac_between,low_gamma,CA1,DG,,,0.0004383374883078109,1.7062531678743106e-05,55.53215635773231,0.009900990099009901,100,0.0004212749566290678
task,1206,visual,41,Naive,10,monopolar,pac_between,high_gamma,CA1,DG,,,0.0003423641373337378,1.5985934612168524e-05,43.41574265929647,0.009900990099009901,100,0.0003263782027215693
task,1206,visual,41,Naive,10,monopolar,pac_between,low_gamma,CA1,V1,,,7.733631755945003e-05,1.5410210467642287e-05,7.348016650353615,0.009900990099009901,100,6.192610709180774e-05
task,1206,visual,41,Naive,10,monopolar,pac_between,high_gamma,CA1,V1,,,0.00010195995137624962,1.355162037485488e-05,18.73538337457125,0.009900990099009901,100,8.840833100139475e-05
task,1206,visual,41,Naive,10,monopolar,pac_between,low_gamma,DG,CA1,,,0.00033528324453028146,1.5659354906983868e-05,42.76834591008316,0.009900990099009901,100,0.0003196238896232976
task,1206,visual,41,Naive,10,monopolar,pac_between,high_gamma,DG,CA1,,,4.3761884054053416e-05,1.4108493897978093e-05,5.047134100294391,0.009900990099009901,100,2.9653390156075323e-05
task,1206,visual,41,Naive,10,monopolar,pac_between,low_gamma,DG,V1,,,0.00015645861431861803,1.7044518371632384e-05,16.957962609768355,0.009900990099009901,100,0.00013941409594698563
task,1206,visual,41,Naive,10,monopolar,pac_between,high_gamma,DG,V1,,,3.510541359278043e-05,1.539403547916824e-05,3.042517662816292,0.0297029702970297,100,1.971137811361219e-05
task,1206,visual,41,Naive,10,monopolar,pac_between,low_gamma,V1,CA1,,,0.00040981831701307714,1.5969192180782182e-05,49.34899087002111,0.009900990099009901,100,0.00039384912483229494
task,1206,visual,41,Naive,10,monopolar,pac_between,high_gamma,V1,CA1,,,0.00010228478737746446,1.4435340189762353e-05,15.250223360525727,0.009900990099009901,100,8.78494471877021e-05
task,1206,visual,41,Naive,10,monopolar,pac_between,low_gamma,V1,DG,,,0.0006069847851192573,1.6543257343485156e-05,72.3547369597596,0.009900990099009901,100,0.0005904415277757722
task,1206,visual,41,Naive,10,monopolar,pac_between,high_gamma,V1,DG,,,9.696559799201034e-05,1.598268005993066e-05,10.806837841852735,0.009900990099009901,100,8.098291793207968e-05
task,1206,visual,41,Naive,10,bipolar,same_freq,theta,CA1,DG,0.021035111701928264,0.035847197635599466,,,,,,
task,1206,visual,41,Naive,10,bipolar,same_freq,low_gamma,CA1,DG,0.11135249595315319,0.06771701914090311,,,,,,
task,1206,visual,41,Naive,10,bipolar,same_freq,high_gamma,CA1,DG,0.10990460824077569,0.07845433731465938,,,,,,
task,1206,visual,41,Naive,10,bipolar,same_freq,theta,CA1,V1,0.21728814104461147,0.10924835856908496,,,,,,
task,1206,visual,41,Naive,10,bipolar,same_freq,low_gamma,CA1,V1,0.03726785245700766,0.014406952294570811,,,,,,
task,1206,visual,41,Naive,10,bipolar,same_freq,high_gamma,CA1,V1,0.06716801518875803,0.045389913832610235,,,,,,
task,1206,visual,41,Naive,10,bipolar,same_freq,theta,DG,V1,0.08396656301310429,0.056523728019859804,,,,,,
task,1206,visual,41,Naive,10,bipolar,same_freq,low_gamma,DG,V1,0.07974036638159035,0.01351884350879985,,,,,,
task,1206,visual,41,Naive,10,bipolar,same_freq,high_gamma,DG,V1,0.07850925831171997,0.04878315638722937,,,,,,
task,1206,visual,41,Naive,10,bipolar,pac_within,low_gamma,CA1,CA1,,,0.00041727139865985435,1.4105271784051414e-05,61.954396200212095,0.009900990099009901,100,0.00040316612687580294
task,1206,visual,41,Naive,10,bipolar,pac_within,high_gamma,CA1,CA1,,,0.000591048341560865,1.5025172536820993e-05,84.86266367484396,0.009900990099009901,100,0.000576023169024044
task,1206,visual,41,Naive,10,bipolar,pac_within,low_gamma,DG,DG,,,0.0001330914063090958,1.4666319497486537e-05,16.17701492449295,0.009900990099009901,100,0.00011842508681160927
task,1206,visual,41,Naive,10,bipolar,pac_within,high_gamma,DG,DG,,,5.708824647460447e-05,1.354098628647753e-05,8.325953908023033,0.009900990099009901,100,4.354726018812694e-05
task,1206,visual,41,Naive,10,bipolar,pac_within,low_gamma,V1,V1,,,1.1808951830656459e-05,7.638791300495274e-06,1.0813460686816871,0.12871287128712872,100,4.1701605301611845e-06
task,1206,visual,41,Naive,10,bipolar,pac_within,high_gamma,V1,V1,,,1.5799155693811737e-05,1.2766777172631713e-05,0.5493295958599346,0.24752475247524752,100,3.0323785211800244e-06
task,1206,visual,41,Naive,10,bipolar,pac_between,low_gamma,CA1,DG,,,0.000197887837792789,1.3065401643477921e-05,33.07327927746113,0.009900990099009901,100,0.00018482243614931107
task,1206,visual,41,Naive,10,bipolar,pac_between,high_gamma,CA1,DG,,,0.00016676341286236135,1.1923766145007695e-05,31.451300789849885,0.009900990099009901,100,0.00015483964671735365
task,1206,visual,41,Naive,10,bipolar,pac_between,low_gamma,CA1,V1,,,1.1092422434319362e-05,8.503402263478717e-06,0.5522285629686252,0.22772277227722773,100,2.589020170840645e-06
task,1206,visual,41,Naive,10,bipolar,pac_between,high_gamma,CA1,V1,,,2.792813509863187e-05,1.2148263296119737e-05,3.07952682755445,0.019801980198019802,100,1.577987180251213e-05
task,1206,visual,41,Naive,10,bipolar,pac_between,low_gamma,DG,CA1,,,0.00013683662869508025,1.509351505561205e-05,16.971323468896482,0.009900990099009901,100,0.0001217431136394682
task,1206,visual,41,Naive,10,bipolar,pac_between,high_gamma,DG,CA1,,,2.5813294092573375e-05,1.533124243261327e-05,1.6475440911027106,0.06930693069306931,100,1.0482051659960105e-05
task,1206,visual,41,Naive,10,bipolar,pac_between,low_gamma,DG,V1,,,1.5511054116898775e-05,8.26944801775203e-06,2.1061825706567356,0.039603960396039604,100,7.241606099146745e-06
task,1206,visual,41,Naive,10,bipolar,pac_between,high_gamma,DG,V1,,,5.956663513206996e-06,1.2627327344423792e-05,-1.4200804730470573,0.9801980198019802,100,-6.670663831216796e-06
task,1206,visual,41,Naive,10,bipolar,pac_between,low_gamma,V1,CA1,,,0.0002428126481237771,1.3317628386486474e-05,40.01557190720912,0.009900990099009901,100,0.00022949501973729063
task,1206,visual,41,Naive,10,bipolar,pac_between,high_gamma,V1,CA1,,,0.00024408097393164256,1.5847010485428734e-05,42.08824428049129,0.009900990099009901,100,0.00022823396344621384
task,1206,visual,41,Naive,10,bipolar,pac_between,low_gamma,V1,DG,,,0.00011112685660043409,1.3768534610626025e-05,13.93773432101523,0.009900990099009901,100,9.735832198980807e-05
task,1206,visual,41,Naive,10,bipolar,pac_between,high_gamma,V1,DG,,,7.48630041261019e-05,1.2976570600081865e-05,12.432174207024197,0.009900990099009901,100,6.188643352602004e-05
task,1206,visual,41,Intermediate,10,monopolar,same_freq,theta,CA1,DG,0.24943662763956234,0.2137176872741378,,,,,,
task,1206,visual,41,Intermediate,10,monopolar,same_freq,low_gamma,CA1,DG,0.5638655098942383,0.23352904080848624,,,,,,
task,1206,visual,41,Intermediate,10,monopolar,same_freq,high_gamma,CA1,DG,0.506266587027106,0.19911008084975412,,,,,,
task,1206,visual,41,Intermediate,10,monopolar,same_freq,theta,CA1,V1,0.2959209668530903,0.26317895896360965,,,,,,
task,1206,visual,41,Intermediate,10,monopolar,same_freq,low_gamma,CA1,V1,0.41624500992181734,0.27204442534452666,,,,,,
task,1206,visual,41,Intermediate,10,monopolar,same_freq,high_gamma,CA1,V1,0.3319558566093438,0.21724503324451577,,,,,,
task,1206,visual,41,Intermediate,10,monopolar,same_freq,theta,DG,V1,0.61626935181464,0.11934160246458861,,,,,,
task,1206,visual,41,Intermediate,10,monopolar,same_freq,low_gamma,DG,V1,0.6874696011844402,0.16734502202208615,,,,,,
task,1206,visual,41,Intermediate,10,monopolar,same_freq,high_gamma,DG,V1,0.38124425077677554,0.16230101350092818,,,,,,
task,1206,visual,41,Intermediate,10,monopolar,pac_within,low_gamma,CA1,CA1,,,0.0003020013527262003,1.6900126370473443e-05,37.46039046553774,0.009900990099009901,100,0.00028510122635572687
task,1206,visual,41,Intermediate,10,monopolar,pac_within,high_gamma,CA1,CA1,,,0.00036938481556289906,1.695003780989598e-05,48.13762366900516,0.009900990099009901,100,0.00035243477775300305
task,1206,visual,41,Intermediate,10,monopolar,pac_within,low_gamma,DG,DG,,,0.0006170138105192592,1.851490752733245e-05,68.37516569714397,0.009900990099009901,100,0.0005984989029919267
task,1206,visual,41,Intermediate,10,monopolar,pac_within,high_gamma,DG,DG,,,9.100523260645797e-05,1.867763024683088e-05,9.112388159655415,0.009900990099009901,100,7.232760235962709e-05
task,1206,visual,41,Intermediate,10,monopolar,pac_within,low_gamma,V1,V1,,,0.000116413800840495,1.874613622322551e-05,10.821707340038108,0.009900990099009901,100,9.766766461726949e-05
task,1206,visual,41,Intermediate,10,monopolar,pac_within,high_gamma,V1,V1,,,9.332962388006073e-05,1.5488813319979583e-05,12.563374570873,0.009900990099009901,100,7.784081056008115e-05
task,1206,visual,41,Intermediate,10,monopolar,pac_between,low_gamma,CA1,DG,,,0.00047015683503386107,1.8345548222238068e-05,49.4458099844618,0.009900990099009901,100,0.000451811286811623
task,1206,visual,41,Intermediate,10,monopolar,pac_between,high_gamma,CA1,DG,,,0.00042920801031752617,1.8667302059720565e-05,50.08179178840793,0.009900990099009901,100,0.00041054070825780563
task,1206,visual,41,Intermediate,10,monopolar,pac_between,low_gamma,CA1,V1,,,0.0001578378590568195,1.793656711472311e-05,14.632239383747603,0.009900990099009901,100,0.0001399012919420964
task,1206,visual,41,Intermediate,10,monopolar,pac_between,high_gamma,CA1,V1,,,0.00011004569400500418,1.633217521445487e-05,15.232053023639782,0.009900990099009901,100,9.37135187905493e-05
task,1206,visual,41,Intermediate,10,monopolar,pac_between,low_gamma,DG,CA1,,,0.0003360297492354263,1.710718252244849e-05,44.32880551519062,0.009900990099009901,100,0.00031892256671297784
task,1206,visual,41,Intermediate,10,monopolar,pac_between,high_gamma,DG,CA1,,,8.79285931332981e-05,1.6639978339055904e-05,11.15893518342293,0.009900990099009901,100,7.12886147942422e-05
task,1206,visual,41,Intermediate,10,monopolar,pac_between,low_gamma,DG,V1,,,0.00016104468723468094,1.7419272415383414e-05,17.877975919306447,0.009900990099009901,100,0.00014362541481929755
task,1206,visual,41,Intermediate,10,monopolar,pac_between,high_gamma,DG,V1,,,3.8053575626963436e-05,1.5854118041476744e-05,3.384726708071023,0.019801980198019802,100,2.2199457585486692e-05
task,1206,visual,41,Intermediate,10,monopolar,pac_between,low_gamma,V1,CA1,,,0.00033748279207110543,1.726417331739157e-05,39.436786356611755,0.009900990099009901,100,0.0003202186187537139
task,1206,visual,41,Intermediate,10,monopolar,pac_between,high_gamma,V1,CA1,,,0.00012081962550351085,1.623941787684658e-05,17.069052465159793,0.009900990099009901,100,0.00010458020762666427
task,1206,visual,41,Intermediate,10,monopolar,pac_between,low_gamma,V1,DG,,,0.0007231667167124429,1.8715994137047412e-05,73.99115645803826,0.009900990099009901,100,0.0007044507225753955
task,1206,visual,41,Intermediate,10,monopolar,pac_between,high_gamma,V1,DG,,,3.0181137646352952e-05,1.921333632521493e-05,1.5710485837385149,0.0891089108910891,100,1.0967801321138023e-05
task,1206,visual,41,Intermediate,10,bipolar,same_freq,theta,CA1,DG,0.26753358404683525,0.13373327848447814,,,,,,
task,1206,visual,41,Intermediate,10,bipolar,same_freq,low_gamma,CA1,DG,0.18674632241883382,0.11248452729424442,,,,,,
task,1206,visual,41,Intermediate,10,bipolar,same_freq,high_gamma,CA1,DG,0.19138308848896768,0.14794466217117616,,,,,,
task,1206,visual,41,Intermediate,10,bipolar,same_freq,theta,CA1,V1,0.30696266151517126,0.18919903490629425,,,,,,
task,1206,visual,41,Intermediate,10,bipolar,same_freq,low_gamma,CA1,V1,0.23377754515341753,0.16732738802704578,,,,,,
task,1206,visual,41,Intermediate,10,bipolar,same_freq,high_gamma,CA1,V1,0.2015398795592223,0.1495127686001345,,,,,,
task,1206,visual,41,Intermediate,10,bipolar,same_freq,theta,DG,V1,0.2987655983801964,0.1255784896352427,,,,,,
task,1206,visual,41,Intermediate,10,bipolar,same_freq,low_gamma,DG,V1,0.1503705752233916,0.08482103523550236,,,,,,
task,1206,visual,41,Intermediate,10,bipolar,same_freq,high_gamma,DG,V1,0.13841032291203084,0.09696176271650862,,,,,,
task,1206,visual,41,Intermediate,10,bipolar,pac_within,low_gamma,CA1,CA1,,,0.0004632756128627358,1.657342436387665e-05,56.855672420060365,0.009900990099009901,100,0.00044670218849885915
task,1206,visual,41,Intermediate,10,bipolar,pac_within,high_gamma,CA1,CA1,,,0.0005296957556480529,1.6817436753273513e-05,73.24603348573856,0.009900990099009901,100,0.0005128783188947793
task,1206,visual,41,Intermediate,10,bipolar,pac_within,low_gamma,DG,DG,,,1.6524225636427582e-05,1.5077253106206217e-05,0.1836443213393837,0.32673267326732675,100,1.4469725302213644e-06
task,1206,visual,41,Intermediate,10,bipolar,pac_within,high_gamma,DG,DG,,,9.501793569736876e-06,1.4133771889457798e-05,-0.8118910091039687,0.8118811881188119,100,-4.631978319720921e-06
task,1206,visual,41,Intermediate,10,bipolar,pac_within,low_gamma,V1,V1,,,4.9573573072518626e-05,1.5015439669195819e-05,4.3473360683325115,0.009900990099009901,100,3.455813340332281e-05
task,1206,visual,41,Intermediate,10,bipolar,pac_within,high_gamma,V1,V1,,,4.828775661256631e-05,1.3971944537222403e-05,6.426359522974573,0.009900990099009901,100,3.4315812075343906e-05
task,1206,visual,41,Intermediate,10,bipolar,pac_between,low_gamma,CA1,DG,,,0.0002608042258147308,1.5045526608805256e-05,34.49648937251524,0.009900990099009901,100,0.0002457586992059255
task,1206,visual,41,Intermediate,10,bipolar,pac_between,high_gamma,CA1,DG,,,0.00012536267785046997,1.4810932773497123e-05,20.83026950626583,0.009900990099009901,100,0.00011055174507697285
task,1206,visual,41,Intermediate,10,bipolar,pac_between,low_gamma,CA1,V1,,,2.0723501596496517e-05,1.4440039339821355e-05,0.8196816848737426,0.18811881188118812,100,6.283462256675162e-06
task,1206,visual,41,Intermediate,10,bipolar,pac_between,high_gamma,CA1,V1,,,2.2632773869522357e-05,1.4095298101867137e-05,1.7072979975961557,0.07920792079207921,100,8.53747576765522e-06
task,1206,visual,41,Intermediate,10,bipolar,pac_between,low_gamma,DG,CA1,,,1.6714947630868384e-05,1.7367056468108304e-05,-0.0913760677603132,0.5247524752475248,100,-6.521088372399202e-07
task,1206,visual,41,Intermediate,10,bipolar,pac_between,high_gamma,DG,CA1,,,0.00010231021701682441,1.84403601919398e-05,12.132826463263898,0.009900990099009901,100,8.386985682488461e-05
task,1206,visual,41,Intermediate,10,bipolar,pac_between,low_gamma,DG,V1,,,5.888485463381723e-06,1.5158143708134834e-05,-1.3983633610965978,0.9702970297029703,100,-9.26965824475311e-06
task,1206,visual,41,Intermediate,10,bipolar,pac_between,high_gamma,DG,V1,,,3.289530255539075e-05,1.3751163346105179e-05,3.7452183848109586,0.009900990099009901,100,1.914413920928557e-05
task,1206,visual,41,Intermediate,10,bipolar,pac_between,low_gamma,V1,CA1,,,0.00020552183248102057,1.707702114160565e-05,22.72997907236964,0.009900990099009901,100,0.00018844481133941494
task,1206,visual,41,Intermediate,10,bipolar,pac_between,high_gamma,V1,CA1,,,0.000250468605998385,1.7920080921272207e-05,26.67128001352642,0.009900990099009901,100,0.0002325485250771128
task,1206,visual,41,Intermediate,10,bipolar,pac_between,low_gamma,V1,DG,,,0.00019312806355636407,1.4505811216286315e-05,30.324605155239247,0.009900990099009901,100,0.00017862225234007776
task,1206,visual,41,Intermediate,10,bipolar,pac_between,high_gamma,V1,DG,,,6.462911985580224e-05,1.496820900721505e-05,8.557080109976866,0.009900990099009901,100,4.966091084858719e-05
task,1206,visual,41,Expert,10,monopolar,same_freq,theta,CA1,DG,0.14336643860379744,0.16019923795792962,,,,,,
task,1206,visual,41,Expert,10,monopolar,same_freq,low_gamma,CA1,DG,0.49355434660439135,0.13757700018214064,,,,,,
task,1206,visual,41,Expert,10,monopolar,same_freq,high_gamma,CA1,DG,0.4082095226871794,0.05620258220597078,,,,,,
task,1206,visual,41,Expert,10,monopolar,same_freq,theta,CA1,V1,0.2919751839883821,0.21730699803435294,,,,,,
task,1206,visual,41,Expert,10,monopolar,same_freq,low_gamma,CA1,V1,0.26987885980157655,0.15486872552133185,,,,,,
task,1206,visual,41,Expert,10,monopolar,same_freq,high_gamma,CA1,V1,0.14829704689468073,0.0670447719498839,,,,,,
task,1206,visual,41,Expert,10,monopolar,same_freq,theta,DG,V1,0.6635043126303565,0.07346005895639536,,,,,,
task,1206,visual,41,Expert,10,monopolar,same_freq,low_gamma,DG,V1,0.6362284184377763,0.04858395211307638,,,,,,
task,1206,visual,41,Expert,10,monopolar,same_freq,high_gamma,DG,V1,0.26768569986120627,0.043369080008098006,,,,,,
task,1206,visual,41,Expert,10,monopolar,pac_within,low_gamma,CA1,CA1,,,0.0004335586401909194,3.350482147528885e-05,26.500971600618506,0.009900990099009901,100,0.00040005381871563054
task,1206,visual,41,Expert,10,monopolar,pac_within,high_gamma,CA1,CA1,,,0.00037798277767349186,3.117723135264414e-05,26.93804429112635,0.009900990099009901,100,0.0003468055463208477
task,1206,visual,41,Expert,10,monopolar,pac_within,low_gamma,DG,DG,,,0.0012940294889784772,3.440804393477228e-05,82.54972752149281,0.009900990099009901,100,0.0012596214450437048
task,1206,visual,41,Expert,10,monopolar,pac_within,high_gamma,DG,DG,,,9.807506499734247e-05,3.3690543170292176e-05,4.297108095542309,0.009900990099009901,100,6.438452182705029e-05
task,1206,visual,41,Expert,10,monopolar,pac_within,low_gamma,V1,V1,,,0.00032665239186750484,3.369660501850267e-05,19.850428774676537,0.009900990099009901,100,0.00029295578684900215
task,1206,visual,41,Expert,10,monopolar,pac_within,high_gamma,V1,V1,,,9.693615288440741e-05,3.1674414598810106e-05,4.227729319128136,0.019801980198019802,100,6.526173828559731e-05
task,1206,visual,41,Expert,10,monopolar,pac_between,low_gamma,CA1,DG,,,0.001353119615583777,3.672473199440033e-05,80.75984139074022,0.009900990099009901,100,0.0013163948835893766
task,1206,visual,41,Expert,10,monopolar,pac_between,high_gamma,CA1,DG,,,0.0002194166358348417,3.407878307465713e-05,11.465897603008738,0.009900990099009901,100,0.00018533785276018456
task,1206,visual,41,Expert,10,monopolar,pac_between,low_gamma,CA1,V1,,,0.0003671774610097436,3.3018293825108776e-05,18.522192908479077,0.009900990099009901,100,0.00033415916718463484
task,1206,visual,41,Expert,10,monopolar,pac_between,high_gamma,CA1,V1,,,6.59223427452262e-05,3.125649382329565e-05,2.4384861391258252,0.019801980198019802,100,3.466584892193055e-05
task,1206,visual,41,Expert,10,monopolar,pac_between,low_gamma,DG,CA1,,,0.00048125184146976206,3.10670598763588e-05,32.26070179543798,0.009900990099009901,100,0.00045018478159340324
task,1206,visual,41,Expert,10,monopolar,pac_between,high_gamma,DG,CA1,,,0.00024026227951999708,2.94060016659348e-05,16.901915241315862,0.009900990099009901,100,0.00021085627785406228
task,1206,visual,41,Expert,10,monopolar,pac_between,low_gamma,DG,V1,,,0.0003780852626048164,3.3472445719208043e-05,24.5686855098014,0.009900990099009901,100,0.0003446128168856083
task,1206,visual,41,Expert,10,monopolar,pac_between,high_gamma,DG,V1,,,6.319583011266503e-05,3.2332409463091934e-05,2.072070712007862,0.019801980198019802,100,3.0863420649573096e-05
task,1206,visual,41,Expert,10,monopolar,pac_between,low_gamma,V1,CA1,,,0.0005343871962086258,3.422110061102927e-05,31.97601384769968,0.009900990099009901,100,0.0005001660955975966
task,1206,visual,41,Expert,10,monopolar,pac_between,high_gamma,V1,CA1,,,0.00032268850984015627,2.991370805529427e-05,25.244339010223065,0.009900990099009901,100,0.000292774801784862
task,1206,visual,41,Expert,10,monopolar,pac_between,low_gamma,V1,DG,,,0.001662087149864488,3.5743199402422146e-05,94.12960820637086,0.009900990099009901,100,0.001626343950462066
task,1206,visual,41,Expert,10,monopolar,pac_between,high_gamma,V1,DG,,,0.00022453073809614642,3.1592683387877224e-05,12.82956558744853,0.009900990099009901,100,0.0001929380547082692
task,1206,visual,41,Expert,10,bipolar,same_freq,theta,CA1,DG,0.07470806298256588,0.07723832869274375,,,,,,
task,1206,visual,41,Expert,10,bipolar,same_freq,low_gamma,CA1,DG,0.10691245330383391,0.06297429050138129,,,,,,
task,1206,visual,41,Expert,10,bipolar,same_freq,high_gamma,CA1,DG,0.06317301812836369,0.03571477679241425,,,,,,
task,1206,visual,41,Expert,10,bipolar,same_freq,theta,CA1,V1,0.14609566962436663,0.057320113700743136,,,,,,
task,1206,visual,41,Expert,10,bipolar,same_freq,low_gamma,CA1,V1,0.030384188111124838,0.010285931821078582,,,,,,
task,1206,visual,41,Expert,10,bipolar,same_freq,high_gamma,CA1,V1,0.048269571977433194,0.03312736300139629,,,,,,
task,1206,visual,41,Expert,10,bipolar,same_freq,theta,DG,V1,0.09336578141022335,0.06012799481610145,,,,,,
task,1206,visual,41,Expert,10,bipolar,same_freq,low_gamma,DG,V1,0.03566898724990741,0.013715370464123529,,,,,,
task,1206,visual,41,Expert,10,bipolar,same_freq,high_gamma,DG,V1,0.04278371022820583,0.022515798161916283,,,,,,
task,1206,visual,41,Expert,10,bipolar,pac_within,low_gamma,CA1,CA1,,,0.0004264135247238831,3.0888465625998804e-05,30.576076270104483,0.009900990099009901,100,0.0003955250590978843
task,1206,visual,41,Expert,10,bipolar,pac_within,high_gamma,CA1,CA1,,,0.0005417989931809015,3.324345590737747e-05,38.048831739617434,0.009900990099009901,100,0.000508555537273524
task,1206,visual,41,Expert,10,bipolar,pac_within,low_gamma,DG,DG,,,0.0003130377425528634,3.408405050219981e-05,20.426784826970703,0.009900990099009901,100,0.0002789536920506636
task,1206,visual,41,Expert,10,bipolar,pac_within,high_gamma,DG,DG,,,4.519640448283446e-05,2.7415343110492723e-05,1.7916788203206055,0.06930693069306931,100,1.7781061372341736e-05
task,1206,visual,41,Expert,10,bipolar,pac_within,low_gamma,V1,V1,,,7.841726580722239e-05,2.515537645800347e-05,4.32344916905859,0.009900990099009901,100,5.326188934921892e-05
task,1206,visual,41,Expert,10,bipolar,pac_within,high_gamma,V1,V1,,,3.394296713385078e-05,2.7822827541530865e-05,0.5695219693339723,0.2079207920792079,100,6.120139592319917e-06
task,1206,visual,41,Expert,10,bipolar,pac_between,low_gamma,CA1,DG,,,0.000500194215682902,3.11023672528392e-05,32.56289757325991,0.009900990099009901,100,0.0004690918484300628
task,1206,visual,41,Expert,10,bipolar,pac_between,high_gamma,CA1,DG,,,0.00011618005336017843,2.6718935584329912e-05,8.672211530207068,0.009900990099009901,100,8.946111777584852e-05
task,1206,visual,41,Expert,10,bipolar,pac_between,low_gamma,CA1,V1,,,3.91285889966537e-05,2.4922055085766836e-05,0.9495342611968756,0.15841584158415842,100,1.4206533910886862e-05
task,1206,visual,41,Expert,10,bipolar,pac_between,high_gamma,CA1,V1,,,3.76232887988171e-05,2.981155594173545e-05,0.5905182109305769,0.2079207920792079,100,7.811732857081647e-06
task,1206,visual,41,Expert,10,bipolar,pac_between,low_gamma,DG,CA1,,,9.437637066615905e-05,3.568518129740124e-05,3.519477412049447,0.019801980198019802,100,5.8691189368757814e-05
task,1206,visual,41,Expert,10,bipolar,pac_between,high_gamma,DG,CA1,,,5.440795979000822e-05,3.5677207977525356e-05,1.4994627661551905,0.06930693069306931,100,1.8730751812482866e-05
task,1206,visual,41,Expert,10,bipolar,pac_between,low_gamma,DG,V1,,,1.235869921461528e-05,2.4289196689512422e-05,-1.1101810179298508,0.9108910891089109,100,-1.1930497474897142e-05
task,1206,visual,41,Expert,10,bipolar,pac_between,high_gamma,DG,V1,,,4.6272992009129125e-05,2.9655757391147622e-05,1.4399242031938138,0.09900990099009901,100,1.6617234617981503e-05
task,1206,visual,41,Expert,10,bipolar,pac_between,low_gamma,V1,CA1,,,0.0002632162437265522,3.4504451609852874e-05,14.981556517419673,0.009900990099009901,100,0.00022871179211669934
task,1206,visual,41,Expert,10,bipolar,pac_between,high_gamma,V1,CA1,,,0.0003073581762605139,3.476007287665941e-05,21.776001502070066,0.009900990099009901,100,0.0002725981033838545
task,1206,visual,41,Expert,10,bipolar,pac_between,low_gamma,V1,DG,,,0.0003007964326579725,3.356163213578802e-05,18.943649270270793,0.009900990099009901,100,0.00026723480052218444
task,1206,visual,41,Expert,10,bipolar,pac_between,high_gamma,V1,DG,,,9.223713891355976e-05,3.0247124135756223e-05,4.826618088350429,0.009900990099009901,100,6.199001477780354e-05
task,1212,striatum,23,All,154,monopolar,same_freq,theta,ACC,DLS,0.6338864784562914,0.29052639624061166,,,,,,
task,1212,striatum,23,All,154,monopolar,same_freq,low_gamma,ACC,DLS,0.3364436046188967,0.10024062094483366,,,,,,
task,1212,striatum,23,All,154,monopolar,same_freq,high_gamma,ACC,DLS,0.13749742940428872,0.0923304124754596,,,,,,
task,1212,striatum,23,All,154,monopolar,same_freq,theta,ACC,DMS,0.7074370304492161,0.10507693965524678,,,,,,
task,1212,striatum,23,All,154,monopolar,same_freq,low_gamma,ACC,DMS,0.5020948276583214,0.09691229587805814,,,,,,
task,1212,striatum,23,All,154,monopolar,same_freq,high_gamma,ACC,DMS,0.1340835268763723,0.07595979780610607,,,,,,
task,1212,striatum,23,All,154,monopolar,same_freq,theta,DLS,DMS,0.8657805748466751,0.3753341821674509,,,,,,
task,1212,striatum,23,All,154,monopolar,same_freq,low_gamma,DLS,DMS,0.7046363984041574,0.09010598357020422,,,,,,
task,1212,striatum,23,All,154,monopolar,same_freq,high_gamma,DLS,DMS,0.47857223735578314,0.08218120623754745,,,,,,
task,1212,striatum,23,All,154,monopolar,pac_within,low_gamma,ACC,ACC,,,0.0004132943835767711,7.241634169738567e-07,1021.8244896477829,0.009900990099009901,100,0.00041257022015979726
task,1212,striatum,23,All,154,monopolar,pac_within,high_gamma,ACC,ACC,,,7.263352693526069e-05,7.94024359103665e-07,223.948908987977,0.009900990099009901,100,7.183950257615703e-05
task,1212,striatum,23,All,154,monopolar,pac_within,low_gamma,DLS,DLS,,,0.0013102834564087374,8.69199394895738e-07,2796.653579586625,0.009900990099009901,100,0.0013094142570138417
task,1212,striatum,23,All,154,monopolar,pac_within,high_gamma,DLS,DLS,,,4.084534517340683e-05,7.303951993601202e-07,138.61626891557378,0.009900990099009901,100,4.011494997404671e-05
task,1212,striatum,23,All,154,monopolar,pac_within,low_gamma,DMS,DMS,,,0.0014187578905545566,8.06300219407074e-07,3905.6475492447576,0.009900990099009901,100,0.0014179515903351494
task,1212,striatum,23,All,154,monopolar,pac_within,high_gamma,DMS,DMS,,,7.08795202936298e-05,6.989002233982794e-07,270.05238806723463,0.009900990099009901,100,7.018062007023153e-05
task,1212,striatum,23,All,154,monopolar,pac_between,low_gamma,ACC,DLS,,,0.0010709216630761752,8.977991254224836e-07,2649.4280153843983,0.009900990099009901,100,0.0010700238639507528
task,1212,striatum,23,All,154,monopolar,pac_between,high_gamma,ACC,DLS,,,4.203428374046859e-05,6.77479181222731e-07,132.11798151148204,0.009900990099009901,100,4.135680455924586e-05
task,1212,striatum,23,All,154,monopolar,pac_between,low_gamma,ACC,DMS,,,0.0012803413781820165,8.035394808614206e-07,3171.598043248439,0.009900990099009901,100,0.001279537838701155
task,1212,striatum,23,All,154,monopolar,pac_between,high_gamma,ACC,DMS,,,5.4148121574919407e-05,6.732606030876281e-07,179.21163576136757,0.009900990099009901,100,5.3474860971831776e-05
task,1212,striatum,23,All,154,monopolar,pac_between,low_gamma,DLS,ACC,,,0.00047363311786561305,7.300756214959737e-07,1382.903028683872,0.009900990099009901,100,0.00047290304224411705
task,1212,striatum,23,All,154,monopolar,pac_between,high_gamma,DLS,ACC,,,1.9489143665917442e-05,7.477043147771902e-07,63.506192459299974,0.009900990099009901,100,1.8741439351140253e-05
task,1212,striatum,23,All,154,monopolar,pac_between,low_gamma,DLS,DMS,,,0.00138915044865414,8.086972390627261e-07,3594.6471320003807,0.009900990099009901,100,0.0013883417514150773
task,1212,striatum,23,All,154,monopolar,pac_between,high_gamma,DLS,DMS,,,7.291325614420183e-05,6.904178267632651e-07,255.83364336798772,0.009900990099009901,100,7.222283831743857e-05
task,1212,striatum,23,All,154,monopolar,pac_between,low_gamma,DMS,ACC,,,0.000500975443573754,7.387487698817249e-07,1391.2737024197183,0.009900990099009901,100,0.0005002366948038722
task,1212,striatum,23,All,154,monopolar,pac_between,high_gamma,DMS,ACC,,,4.5427259596646395e-05,7.618206964729025e-07,177.83038633854193,0.009900990099009901,100,4.4665438900173495e-05
task,1212,striatum,23,All,154,monopolar,pac_between,low_gamma,DMS,DLS,,,0.0012643478627948107,9.246027712082854e-07,2561.5856826014465,0.009900990099009901,100,0.0012634232600236025
task,1212,striatum,23,All,154,monopolar,pac_between,high_gamma,DMS,DLS,,,6.061565348263777e-05,6.837439969846378e-07,209.2071462395755,0.009900990099009901,100,5.993190948565313e-05
task,1212,striatum,23,All,154,bipolar,same_freq,theta,ACC,DLS,0.23808690636389196,0.09233067644236594,,,,,,
task,1212,striatum,23,All,154,bipolar,same_freq,low_gamma,ACC,DLS,0.8761381636997133,0.6624319310308434,,,,,,
task,1212,striatum,23,All,154,bipolar,same_freq,high_gamma,ACC,DLS,0.34230027250419093,0.16410598608342267,,,,,,
task,1212,striatum,23,All,154,bipolar,same_freq,theta,ACC,DMS,0.3048720953770611,0.08412699319389472,,,,,,
task,1212,striatum,23,All,154,bipolar,same_freq,low_gamma,ACC,DMS,0.7922422419631018,0.1345409878011085,,,,,,
task,1212,striatum,23,All,154,bipolar,same_freq,high_gamma,ACC,DMS,0.27643202998721206,0.08414097594718073,,,,,,
task,1212,striatum,23,All,154,bipolar,same_freq,theta,DLS,DMS,0.35898415207587786,0.07370519356643954,,,,,,
task,1212,striatum,23,All,154,bipolar,same_freq,low_gamma,DLS,DMS,0.7933913518176681,0.4136358959692714,,,,,,
task,1212,striatum,23,All,154,bipolar,same_freq,high_gamma,DLS,DMS,0.20535003112739417,0.11007139792664433,,,,,,
task,1212,striatum,23,All,154,bipolar,pac_within,low_gamma,ACC,ACC,,,1.7996409916127573e-05,2.20748468848287e-07,170.60206410152986,0.009900990099009901,100,1.7775661447279285e-05
task,1212,striatum,23,All,154,bipolar,pac_within,high_gamma,ACC,ACC,,,3.0500723777793032e-05,7.394767425344887e-07,104.06978253374676,0.009900990099009901,100,2.9761247035258543e-05
task,1212,striatum,23,All,154,bipolar,pac_within,low_gamma,DLS,DLS,,,1.7162201725097932e-05,1.7710530554356933e-07,201.95182942331533,0.009900990099009901,100,1.6985096419554362e-05
task,1212,striatum,23,All,154,bipolar,pac_within,high_gamma,DLS,DLS,,,5.78868123353417e-06,6.496085399680796e-07,24.699644092534975,0.009900990099009901,100,5.13907269356609e-06
task,1212,striatum,23,All,154,bipolar,pac_within,low_gamma,DMS,DMS,,,6.676391727592904e-05,3.0319923421235697e-07,439.4890739417108,0.009900990099009901,100,6.646071804171669e-05
task,1212,striatum,23,All,154,bipolar,pac_within,high_gamma,DMS,DMS,,,0.0001673597420280824,7.876590630985561e-07,457.1077982092129,0.009900990099009901,100,0.00016657208296498385
task,1212,striatum,23,All,154,bipolar,pac_between,low_gamma,ACC,DLS,,,1.4702345051949335e-05,2.0173195836037036e-07,135.40866439321033,0.009900990099009901,100,1.4500613093588965e-05
task,1212,striatum,23,All,154,bipolar,pac_between,high_gamma,ACC,DLS,,,9.983075985851065e-06,7.305139782610662e-07,34.75404033404025,0.009900990099009901,100,9.25256200759e-06
task,1212,striatum,23,All,154,bipolar,pac_between,low_gamma,ACC,DMS,,,3.2782451833173346e-05,3.1189245698167e-07,212.46240046661651,0.009900990099009901,100,3.2470559376191674e-05
task,1212,striatum,23,All,154,bipolar,pac_between,high_gamma,ACC,DMS,,,0.000328676350219617,8.470685956481488e-07,1043.763097972237,0.009900990099009901,100,0.00032782928162396885
task,1212,striatum,23,All,154,bipolar,pac_between,low_gamma,DLS,ACC,,,4.880997970537508e-06,1.9647097524441888e-07,44.710391465911265,0.009900990099009901,100,4.684526995293089e-06
task,1212,striatum,23,All,154,bipolar,pac_between,high_gamma,DLS,ACC,,,6.581268966541734e-06,7.161293995458608e-07,21.779242064716193,0.009900990099009901,100,5.865139566995873e-06
task,1212,striatum,23,All,154,bipolar,pac_between,low_gamma,DLS,DMS,,,1.0930391401226503e-05,2.7779000030568964e-07,75.60578445287139,0.009900990099009901,100,1.0652601400920814e-05
task,1212,striatum,23,All,154,bipolar,pac_between,high_gamma,DLS,DMS,,,0.00020671411858543074,6.995762605058299e-07,724.9506102288145,0.009900990099009901,100,0.0002060145423249249
task,1212,striatum,23,All,154,bipolar,pac_between,low_gamma,DMS,ACC,,,1.4075079733458774e-05,2.269816457718771e-07,130.69503287242793,0.009900990099009901,100,1.3848098087686897e-05
task,1212,striatum,23,All,154,bipolar,pac_between,high_gamma,DMS,ACC,,,7.830821568043412e-06,7.39123301094504e-07,27.46068971493448,0.009900990099009901,100,7.091698266948908e-06
task,1212,striatum,23,All,154,bipolar,pac_between,low_gamma,DMS,DLS,,,2.2993621847144207e-05,2.243878807926632e-07,172.39351074651006,0.009900990099009901,100,2.2769233966351543e-05
task,1212,striatum,23,All,154,bipolar,pac_between,high_gamma,DMS,DLS,,,2.4355727094117737e-06,7.258683426746922e-07,6.040624206375933,0.009900990099009901,100,1.7097043667370816e-06
task,1212,striatum,23,Naive,10,monopolar,same_freq,theta,ACC,DLS,0.6447066575356963,0.2669809567074834,,,,,,
task,1212,striatum,23,Naive,10,monopolar,same_freq,low_gamma,ACC,DLS,0.36246976710499684,0.028713960964658707,,,,,,
task,1212,striatum,23,Naive,10,monopolar,same_freq,high_gamma,ACC,DLS,0.09203607594227513,0.054044100642190035,,,,,,
task,1212,striatum,23,Naive,10,monopolar,same_freq,theta,ACC,DMS,0.7147410912127135,0.07322973756316552,,,,,,
task,1212,striatum,23,Naive,10,monopolar,same_freq,low_gamma,ACC,DMS,0.4508733073855125,0.026882451637119945,,,,,,
task,1212,striatum,23,Naive,10,monopolar,same_freq,high_gamma,ACC,DMS,0.11208301136675212,0.04255288757852474,,,,,,
task,1212,striatum,23,Naive,10,monopolar,same_freq,theta,DLS,DMS,0.8995350391675148,0.3332052139427172,,,,,,
task,1212,striatum,23,Naive,10,monopolar,same_freq,low_gamma,DLS,DMS,0.7933228461691669,0.055686940574238626,,,,,,
task,1212,striatum,23,Naive,10,monopolar,same_freq,high_gamma,DLS,DMS,0.4732809959273134,0.032653529144364236,,,,,,
task,1212,striatum,23,Naive,10,monopolar,pac_within,low_gamma,ACC,ACC,,,0.00275872456263988,3.117667546902415e-05,174.11465658435,0.009900990099009901,100,0.002727547887170856
task,1212,striatum,23,Naive,10,monopolar,pac_within,high_gamma,ACC,ACC,,,0.00022183413701921796,2.497554680939026e-05,20.23321961576236,0.009900990099009901,100,0.00019685859020982768
task,1212,striatum,23,Naive,10,monopolar,pac_within,low_gamma,DLS,DLS,,,0.0030958400032078115,3.3514614263512916e-05,174.90512130857883,0.009900990099009901,100,0.0030623253889442985
task,1212,striatum,23,Naive,10,monopolar,pac_within,high_gamma,DLS,DLS,,,0.0002495617841338307,2.192148816352673e-05,26.843345325857992,0.009900990099009901,100,0.00022764029597030397
task,1212,striatum,23,Naive,10,monopolar,pac_within,low_gamma,DMS,DMS,,,0.005598598659385352,3.9888820764700726e-05,248.19102457509098,0.009900990099009901,100,0.005558709838620651
task,1212,striatum,23,Naive,10,monopolar,pac_within,high_gamma,DMS,DMS,,,0.0003915697435296086,2.5010325685006046e-05,35.81715936085482,0.009900990099009901,100,0.00036655941784460253
task,1212,striatum,23,Naive,10,monopolar,pac_between,low_gamma,ACC,DLS,,,0.002874455496469704,3.464274949929742e-05,160.72492681944033,0.009900990099009901,100,0.0028398127469704067
task,1212,striatum,23,Naive,10,monopolar,pac_between,high_gamma,ACC,DLS,,,0.00022455089284091262,2.231638124019733e-05,26.12310987859601,0.009900990099009901,100,0.0002022345116007153
task,1212,striatum,23,Naive,10,monopolar,pac_between,low_gamma,ACC,DMS,,,0.005196687058273813,3.7821263473612627e-05,255.0577021129002,0.009900990099009901,100,0.005158865794800201
task,1212,striatum,23,Naive,10,monopolar,pac_between,high_gamma,ACC,DMS,,,0.0003769994782119425,2.4405201778219175e-05,36.35531496120568,0.009900990099009901,100,0.00035259427643372337
task,1212,striatum,23,Naive,10,monopolar,pac_between,low_gamma,DLS,ACC,,,0.002904274824072233,3.107220924623157e-05,184.40324055290208,0.009900990099009901,100,0.0028732026148260014
task,1212,striatum,23,Naive,10,monopolar,pac_between,high_gamma,DLS,ACC,,,0.00022942300163867558,2.5163524312096977e-05,19.973106548952742,0.009900990099009901,100,0.0002042594773265786
task,1212,striatum,23,Naive,10,monopolar,pac_between,low_gamma,DLS,DMS,,,0.005480231230272217,4.052608703440496e-05,252.80200476259728,0.009900990099009901,100,0.005439705143237813
task,1212,striatum,23,Naive,10,monopolar,pac_between,high_gamma,DLS,DMS,,,0.0003912453387840378,2.4637013310865822e-05,35.590156753096664,0.009900990099009901,100,0.000366608325473172
task,1212,striatum,23,Naive,10,monopolar,pac_between,low_gamma,DMS,ACC,,,0.0030181373121899386,3.163844303343185e-05,181.15609799169175,0.009900990099009901,100,0.0029864988691565065
task,1212,striatum,23,Naive,10,monopolar,pac_between,high_gamma,DMS,ACC,,,0.00023407793777173935,2.579937901011139e-05,20.78317102693354,0.009900990099009901,100,0.00020827855876162795
task,1212,striatum,23,Naive,10,monopolar,pac_between,low_gamma,DMS,DLS,,,0.0032045707932736238,3.3892810873207786e-05,177.2875887050172,0.009900990099009901,100,0.003170677982400416
task,1212,striatum,23,Naive,10,monopolar,pac_between,high_gamma,DMS,DLS,,,0.00025350932937288244,2.2859239499923707e-05,24.913724625269314,0.009900990099009901,100,0.00023065008987295873
task,1212,striatum,23,Naive,10,bipolar,same_freq,theta,ACC,DLS,-0.20981577354963288,-0.04272319605156015,,,,,,
task,1212,striatum,23,Naive,10,bipolar,same_freq,low_gamma,ACC,DLS,0.056142046235601546,0.033027428151567985,,,,,,
task,1212,striatum,23,Naive,10,bipolar,same_freq,high_gamma,ACC,DLS,0.24676808599834757,0.10972912633178092,,,,,,
task,1212,striatum,23,Naive,10,bipolar,same_freq,theta,ACC,DMS,-0.15083601932032967,-0.058558033259577445,,,,,,
task,1212,striatum,23,Naive,10,bipolar,same_freq,low_gamma,ACC,DMS,0.07108736246340493,0.0016206145481861183,,,,,,
task,1212,striatum,23,Naive,10,bipolar,same_freq,high_gamma,ACC,DMS,0.20435310566674664,0.057422421841653803,,,,,,
task,1212,striatum,23,Naive,10,bipolar,same_freq,theta,DLS,DMS,0.6421537035104191,0.11595870012240311,,,,,,
task,1212,striatum,23,Naive,10,bipolar,same_freq,low_gamma,DLS,DMS,0.20505551271485842,0.07924367308090276,,,,,,
task,1212,striatum,23,Naive,10,bipolar,same_freq,high_gamma,DLS,DMS,0.19493355473558763,0.11287533699909756,,,,,,
task,1212,striatum,23,Naive,10,bipolar,pac_within,low_gamma,ACC,ACC,,,0.0006788843255527955,2.567150012621699e-05,58.7995768887613,0.009900990099009901,100,0.0006532128254265785
task,1212,striatum,23,Naive,10,bipolar,pac_within,high_gamma,ACC,ACC,,,6.768751145635103e-05,2.0576657334781795e-05,5.968551446318215,0.009900990099009901,100,4.7110854121569236e-05
task,1212,striatum,23,Naive,10,bipolar,pac_within,low_gamma,DLS,DLS,,,0.000592386969258926,2.616277754421237e-05,52.31930516217448,0.009900990099009901,100,0.0005662241917147137
task,1212,striatum,23,Naive,10,bipolar,pac_within,high_gamma,DLS,DLS,,,5.1646353490261246e-05,2.5155198341980232e-05,2.418098187230481,0.0594059405940594,100,2.6491155148281013e-05
task,1212,striatum,23,Naive,10,bipolar,pac_within,low_gamma,DMS,DMS,,,6.409981270389304e-05,2.729185548941758e-05,3.5674467412410804,0.009900990099009901,100,3.6807957214475464e-05
task,1212,striatum,23,Naive,10,bipolar,pac_within,high_gamma,DMS,DMS,,,0.0001752830535907773,2.660090921094667e-05,14.273942388362103,0.009900990099009901,100,0.00014868214437983063
task,1212,striatum,23,Naive,10,bipolar,pac_between,low_gamma,ACC,DLS,,,0.0005895733699560596,2.610258039311795e-05,48.61221149994396,0.009900990099009901,100,0.0005634707895629417
task,1212,striatum,23,Naive,10,bipolar,pac_between,high_gamma,ACC,DLS,,,8.051179878971226e-05,2.2815199274932118e-05,6.514692078052371,0.009900990099009901,100,5.769659951478014e-05
task,1212,striatum,23,Naive,10,bipolar,pac_between,low_gamma,ACC,DMS,,,9.817398978445115e-05,2.3121452888581205e-05,8.454114258605737,0.009900990099009901,100,7.505253689586994e-05
task,1212,striatum,23,Naive,10,bipolar,pac_between,high_gamma,ACC,DMS,,,0.00047353147123676274,2.7283296802594928e-05,43.99669030838076,0.009900990099009901,100,0.0004462481744341678
task,1212,striatum,23,Naive,10,bipolar,pac_between,low_gamma,DLS,ACC,,,0.0005177079358903445,2.7975916559392225e-05,36.1767596847228,0.009900990099009901,100,0.0004897320193309522
task,1212,striatum,23,Naive,10,bipolar,pac_between,high_gamma,DLS,ACC,,,7.06079973888067e-05,2.346450078197665e-05,5.6191634090121,0.009900990099009901,100,4.7143496606830046e-05
task,1212,striatum,23,Naive,10,bipolar,pac_between,low_gamma,DLS,DMS,,,7.820067809088752e-05,2.462991058446575e-05,5.084233035975324,0.009900990099009901,100,5.357076750642177e-05
task,1212,striatum,23,Naive,10,bipolar,pac_between,high_gamma,DLS,DMS,,,0.0003127735786882254,2.637071802918538e-05,26.592032942493596,0.009900990099009901,100,0.00028640286065904
task,1212,striatum,23,Naive,10,bipolar,pac_between,low_gamma,DMS,ACC,,,0.0004474295387530663,2.7096162723382985e-05,30.29820184034579,0.009900990099009901,100,0.0004203333760296833
task,1212,striatum,23,Naive,10,bipolar,pac_between,high_gamma,DMS,ACC,,,6.851658357719245e-05,2.2425647119887952e-05,5.358248624530857,0.009900990099009901,100,4.60909364573045e-05
task,1212,striatum,23,Naive,10,bipolar,pac_between,low_gamma,DMS,DLS,,,0.0003818884909489766,2.519680858651135e-05,34.11590925215943,0.009900990099009901,100,0.00035669168236246527
task,1212,striatum,23,Naive,10,bipolar,pac_between,high_gamma,DMS,DLS,,,4.7348180532885836e-05,2.4690721356981834e-05,1.94572346171539,0.07920792079207921,100,2.2657459175904002e-05
task,1212,striatum,23,Intermediate,10,monopolar,same_freq,theta,ACC,DLS,0.6482961445327509,0.25625727725623265,,,,,,
task,1212,striatum,23,Intermediate,10,monopolar,same_freq,low_gamma,ACC,DLS,0.36807023784613735,0.03434944298676304,,,,,,
task,1212,striatum,23,Intermediate,10,monopolar,same_freq,high_gamma,ACC,DLS,0.0755262713265049,0.05131481426472369,,,,,,
task,1212,striatum,23,Intermediate,10,monopolar,same_freq,theta,ACC,DMS,0.7378851664254191,0.0468046338070652,,,,,,
task,1212,striatum,23,Intermediate,10,monopolar,same_freq,low_gamma,ACC,DMS,0.46428550887298037,0.04709075982681549,,,,,,
task,1212,striatum,23,Intermediate,10,monopolar,same_freq,high_gamma,ACC,DMS,0.12394813878612262,0.04389115586068973,,,,,,
task,1212,striatum,23,Intermediate,10,monopolar,same_freq,theta,DLS,DMS,0.8910246636892374,0.36259594914649473,,,,,,
task,1212,striatum,23,Intermediate,10,monopolar,same_freq,low_gamma,DLS,DMS,0.7887073426288869,0.04169806050117478,,,,,,
task,1212,striatum,23,Intermediate,10,monopolar,same_freq,high_gamma,DLS,DMS,0.3984268553192019,0.029975663812179285,,,,,,
task,1212,striatum,23,Intermediate,10,monopolar,pac_within,low_gamma,ACC,ACC,,,0.0019024009598264688,2.7929186437298715e-05,141.90052753786736,0.009900990099009901,100,0.0018744717733891701
task,1212,striatum,23,Intermediate,10,monopolar,pac_within,high_gamma,ACC,ACC,,,4.286917023768659e-05,2.008165353848199e-05,2.9208928380490473,0.019801980198019802,100,2.27875166992046e-05
task,1212,striatum,23,Intermediate,10,monopolar,pac_within,low_gamma,DLS,DLS,,,0.0033055812359195453,2.751392007481906e-05,203.47120668514995,0.009900990099009901,100,0.003278067315844726
task,1212,striatum,23,Intermediate,10,monopolar,pac_within,high_gamma,DLS,DLS,,,0.00016276660044608278,1.9051981140771033e-05,17.806047777243506,0.009900990099009901,100,0.00014371461930531176
task,1212,striatum,23,Intermediate,10,monopolar,pac_within,low_gamma,DMS,DMS,,,0.0058865075709631605,3.2719403344030447e-05,266.99999900454225,0.009900990099009901,100,0.00585378816761913
task,1212,striatum,23,Intermediate,10,monopolar,pac_within,high_gamma,DMS,DMS,,,0.0001719606432544835,1.8269407380106056e-05,24.235319783423314,0.009900990099009901,100,0.00015369123587437745
task,1212,striatum,23,Intermediate,10,monopolar,pac_between,low_gamma,ACC,DLS,,,0.003109973455912558,2.619473654103084e-05,199.2897903138648,0.009900990099009901,100,0.0030837787193715273
task,1212,striatum,23,Intermediate,10,monopolar,pac_between,high_gamma,ACC,DLS,,,0.00017447223169960452,1.7983642187533342e-05,21.31653619762601,0.009900990099009901,100,0.0001564885895120712
task,1212,striatum,23,Intermediate,10,monopolar,pac_between,low_gamma,ACC,DMS,,,0.005792018786084602,3.247840865021466e-05,273.146784681738,0.009900990099009901,100,0.005759540377434387
task,1212,striatum,23,Intermediate,10,monopolar,pac_between,high_gamma,ACC,DMS,,,0.0001440680671960179,1.9025718686608125e-05,17.441992750482868,0.009900990099009901,100,0.00012504234850940977
task,1212,striatum,23,Intermediate,10,monopolar,pac_between,low_gamma,DLS,ACC,,,0.002060331622255816,2.7094489800609873e-05,147.80052102296958,0.009900990099009901,100,0.0020332371324552063
task,1212,striatum,23,Intermediate,10,monopolar,pac_between,high_gamma,DLS,ACC,,,4.6398308377501817e-05,2.099240136332103e-05,3.3016405849234665,0.009900990099009901,100,2.5405907014180788e-05
task,1212,striatum,23,Intermediate,10,monopolar,pac_between,low_gamma,DLS,DMS,,,0.005894673484665361,3.29712604006112e-05,276.38235588362204,0.009900990099009901,100,0.00586170222426475
task,1212,striatum,23,Intermediate,10,monopolar,pac_between,high_gamma,DLS,DMS,,,0.00015665891177814631,1.911328395507925e-05,19.511367240040563,0.009900990099009901,100,0.00013754562782306707
task,1212,striatum,23,Intermediate,10,monopolar,pac_between,low_gamma,DMS,ACC,,,0.0020283842898601713,2.5932114529243133e-05,156.02119021046147,0.009900990099009901,100,0.002002452175330928
task,1212,striatum,23,Intermediate,10,monopolar,pac_between,high_gamma,DMS,ACC,,,5.038305897345563e-05,2.0443631280987764e-05,3.7833537496304035,0.009900990099009901,100,2.9939427692467866e-05
task,1212,striatum,23,Intermediate,10,monopolar,pac_between,low_gamma,DMS,DLS,,,0.0032444466198858807,2.7422925300000953e-05,187.12956071711253,0.009900990099009901,100,0.0032170236945858795
task,1212,striatum,23,Intermediate,10,monopolar,pac_between,high_gamma,DMS,DLS,,,0.00018038416735383713,1.8315895400797053e-05,24.01964212195625,0.009900990099009901,100,0.00016206827195304008
task,1212,striatum,23,Intermediate,10,bipolar,same_freq,theta,ACC,DLS,0.019236207056749388,-0.05600738225787216,,,,,,
task,1212,striatum,23,Intermediate,10,bipolar,same_freq,low_gamma,ACC,DLS,0.2097828138424035,0.10465991010403808,,,,,,
task,1212,striatum,23,Intermediate,10,bipolar,same_freq,high_gamma,ACC,DLS,0.4036374946908529,0.1901271978836223,,,,,,
task,1212,striatum,23,Intermediate,10,bipolar,same_freq,theta,ACC,DMS,0.3336889239140621,-0.016525050030550797,,,,,,
task,1212,striatum,23,Intermediate,10,bipolar,same_freq,low_gamma,ACC,DMS,0.3149395626502559,0.003767733574906741,,,,,,
task,1212,striatum,23,Intermediate,10,bipolar,same_freq,high_gamma,ACC,DMS,0.2944171161797638,0.02788244943922869,,,,,,
task,1212,striatum,23,Intermediate,10,bipolar,same_freq,theta,DLS,DMS,0.0396682339106377,-0.02215038843808667,,,,,,
task,1212,striatum,23,Intermediate,10,bipolar,same_freq,low_gamma,DLS,DMS,0.2012984444253866,0.122566106847145,,,,,,
task,1212,striatum,23,Intermediate,10,bipolar,same_freq,high_gamma,DLS,DMS,0.18510938318441372,0.072466556871968,,,,,,
task,1212,striatum,23,Intermediate,10,bipolar,pac_within,low_gamma,ACC,ACC,,,0.00011294857614538154,1.8758651640369434e-05,11.339855607902065,0.009900990099009901,100,9.418992450501211e-05
task,1212,striatum,23,Intermediate,10,bipolar,pac_within,high_gamma,ACC,ACC,,,1.6299365037741433e-05,1.9521747742798745e-05,-0.42331812649646083,0.5742574257425742,100,-3.222382705057312e-06
task,1212,striatum,23,Intermediate,10,bipolar,pac_within,low_gamma,DLS,DLS,,,0.00013192862690414894,1.860444725324442e-05,13.348030942515866,0.009900990099009901,100,0.00011332417965090452
task,1212,striatum,23,Intermediate,10,bipolar,pac_within,high_gamma,DLS,DLS,,,1.8988155801904762e-05,1.8409790148675296e-05,0.07201208199285183,0.4158415841584158,100,5.783656532294664e-07
task,1212,striatum,23,Intermediate,10,bipolar,pac_within,low_gamma,DMS,DMS,,,0.0001808628719654598,2.1256092351000654e-05,17.514542795897302,0.009900990099009901,100,0.00015960677961445916
task,1212,striatum,23,Intermediate,10,bipolar,pac_within,high_gamma,DMS,DMS,,,0.0005305501407991276,2.1342142430851506e-05,67.00988828404772,0.009900990099009901,100,0.0005092079983682761
task,1212,striatum,23,Intermediate,10,bipolar,pac_between,low_gamma,ACC,DLS,,,9.501832201911624e-05,1.774902905582889e-05,10.047346460563372,0.009900990099009901,100,7.726929296328735e-05
task,1212,striatum,23,Intermediate,10,bipolar,pac_between,high_gamma,ACC,DLS,,,3.120148537654464e-05,1.835852360511938e-05,1.588156838820538,0.0594059405940594,100,1.2842961771425264e-05
task,1212,striatum,23,Intermediate,10,bipolar,pac_between,low_gamma,ACC,DMS,,,0.00015592304293466014,2.1317735398699323e-05,15.860908858496451,0.009900990099009901,100,0.00013460530753596083
task,1212,striatum,23,Intermediate,10,bipolar,pac_between,high_gamma,ACC,DMS,,,0.0006437831653369651,2.04228029045726e-05,75.8662176703079,0.009900990099009901,100,0.0006233603624323926
task,1212,striatum,23,Intermediate,10,bipolar,pac_between,low_gamma,DLS,ACC,,,6.271693830848233e-05,1.865473155901752e-05,4.76350922999367,0.009900990099009901,100,4.406220674946481e-05
task,1212,striatum,23,Intermediate,10,bipolar,pac_between,high_gamma,DLS,ACC,,,2.685808039140846e-05,1.9434443825899498e-05,1.0643841512541046,0.13861386138613863,100,7.423636565508963e-06
task,1212,striatum,23,Intermediate,10,bipolar,pac_between,low_gamma,DLS,DMS,,,0.00010027458710542177,1.979854538027755e-05,8.959102988559524,0.009900990099009901,100,8.047604172514422e-05
task,1212,striatum,23,Intermediate,10,bipolar,pac_between,high_gamma,DLS,DMS,,,0.0002641708205322346,1.889982553887238e-05,35.67115511415284,0.009900990099009901,100,0.00024527099499336224
task,1212,striatum,23,Intermediate,10,bipolar,pac_between,low_gamma,DMS,ACC,,,3.788949275322713e-05,2.0158063094357788e-05,2.0245354734147836,0.06930693069306931,100,1.7731429658869345e-05
task,1212,striatum,23,Intermediate,10,bipolar,pac_between,high_gamma,DMS,ACC,,,1.7842719200800903e-05,1.9854573276605823e-05,-0.28979488077543897,0.5643564356435643,100,-2.01185407580492e-06
task,1212,striatum,23,Intermediate,10,bipolar,pac_between,low_gamma,DMS,DLS,,,5.5308982473916695e-05,1.7576670292494793e-05,5.436007557577337,0.009900990099009901,100,3.7732312181421905e-05
task,1212,striatum,23,Intermediate,10,bipolar,pac_between,high_gamma,DMS,DLS,,,2.355457972513896e-05,1.8499195406359347e-05,0.6733627513754076,0.21782178217821782,100,5.055384318779612e-06
task,1212,striatum,23,Expert,10,monopolar,same_freq,theta,ACC,DLS,0.6851438564230642,0.3451291521126493,,,,,,
task,1212,striatum,23,Expert,10,monopolar,same_freq,low_gamma,ACC,DLS,0.35666353278494584,0.028546733723782157,,,,,,
task,1212,striatum,23,Expert,10,monopolar,same_freq,high_gamma,ACC,DLS,0.06430583065067456,0.039732804422754724,,,,,,
task,1212,striatum,23,Expert,10,monopolar,same_freq,theta,ACC,DMS,0.76395536131699,0.06968591059603987,,,,,,
task,1212,striatum,23,Expert,10,monopolar,same_freq,low_gamma,ACC,DMS,0.4581625837202711,0.027904545976268694,,,,,,
task,1212,striatum,23,Expert,10,monopolar,same_freq,high_gamma,ACC,DMS,0.11149498976116048,0.03153215665081545,,,,,,
task,1212,striatum,23,Expert,10,monopolar,same_freq,theta,DLS,DMS,0.90158424169761,0.44441601204883563,,,,,,
task,1212,striatum,23,Expert,10,monopolar,same_freq,low_gamma,DLS,DMS,0.7813484105951567,0.04004128145575114,,,,,,
task,1212,striatum,23,Expert,10,monopolar,same_freq,high_gamma,DLS,DMS,0.3704147517919449,0.024244060151274484,,,,,,
task,1212,striatum,23,Expert,10,monopolar,pac_within,low_gamma,ACC,ACC,,,0.0015875049394706315,2.151190494893992e-05,152.6615588705424,0.009900990099009901,100,0.0015659930345216916
task,1212,striatum,23,Expert,10,monopolar,pac_within,high_gamma,ACC,ACC,,,1.7099410817798925e-05,1.6344850673727492e-05,0.11282374823132096,0.38613861386138615,100,7.545601440714326e-07
task,1212,striatum,23,Expert,10,monopolar,pac_within,low_gamma,DLS,DLS,,,0.0028591611163384296,2.2436152770040816e-05,244.66499193898247,0.009900990099009901,100,0.002836724963568389
task,1212,striatum,23,Expert,10,monopolar,pac_within,high_gamma,DLS,DLS,,,8.822011885108475e-05,1.7830139158421308e-05,9.638676280966262,0.009900990099009901,100,7.038997969266344e-05
task,1212,striatum,23,Expert,10,monopolar,pac_within,low_gamma,DMS,DMS,,,0.0045617917681468395,2.6539594494776166e-05,340.0065178001674,0.009900990099009901,100,0.004535252173652063
task,1212,striatum,23,Expert,10,monopolar,pac_within,high_gamma,DMS,DMS,,,9.53932373061335e-05,1.7804740736811296e-05,10.263373377358882,0.009900990099009901,100,7.75884965693222e-05
task,1212,striatum,23,Expert,10,monopolar,pac_between,low_gamma,ACC,DLS,,,0.002528053899439118,2.1402189217513554e-05,258.01435381916764,0.009900990099009901,100,0.0025066517102216045
task,1212,striatum,23,Expert,10,monopolar,pac_between,high_gamma,ACC,DLS,,,7.536202769062842e-05,1.7729102398196292e-05,8.352484544747373,0.009900990099009901,100,5.763292529243213e-05
task,1212,striatum,23,Expert,10,monopolar,pac_between,low_gamma,ACC,DMS,,,0.00435562225931277,2.5587895763331617e-05,317.5679719807335,0.009900990099009901,100,0.004330034363549439
task,1212,striatum,23,Expert,10,monopolar,pac_between,high_gamma,ACC,DMS,,,7.400472219932778e-05,1.7410227449924127e-05,9.950803953352963,0.009900990099009901,100,5.659449474940366e-05
task,1212,striatum,23,Expert,10,monopolar,pac_between,low_gamma,DLS,ACC,,,0.0016991218315131084,2.134372090334949e-05,153.23365438656597,0.009900990099009901,100,0.001677778110609759
task,1212,striatum,23,Expert,10,monopolar,pac_between,high_gamma,DLS,ACC,,,2.888927826194366e-05,1.6515665892776283e-05,2.360026389376489,0.019801980198019802,100,1.2373612369167376e-05
task,1212,striatum,23,Expert,10,monopolar,pac_between,low_gamma,DLS,DMS,,,0.004686857903377561,2.580421840105057e-05,337.33352354245886,0.009900990099009901,100,0.0046610536849765105
task,1212,striatum,23,Expert,10,monopolar,pac_between,high_gamma,DLS,DMS,,,0.00010103714003853998,1.7644959336668562e-05,12.038543242045826,0.009900990099009901,100,8.339218070187143e-05
task,1212,striatum,23,Expert,10,monopolar,pac_between,low_gamma,DMS,ACC,,,0.0016627553173215288,2.16166043211715e-05,159.54824195255114,0.009900990099009901,100,0.0016411387130003572
task,1212,striatum,23,Expert,10,monopolar,pac_between,high_gamma,DMS,ACC,,,2.23950209146041e-05,1.6262950262010824e-05,1.0221769657540811,0.1782178217821782,100,6.1320706525932745e-06
task,1212,striatum,23,Expert,10,monopolar,pac_between,low_gamma,DMS,DLS,,,0.0027166410786703937,2.254782033799427e-05,251.5311994228076,0.009900990099009901,100,0.0026940932583323996
task,1212,striatum,23,Expert,10,monopolar,pac_between,high_gamma,DMS,DLS,,,9.118741144773681e-05,1.8041246421333468e-05,10.799529740649678,0.009900990099009901,100,7.314616502640334e-05
task,1212,striatum,23,Expert,10,bipolar,same_freq,theta,ACC,DLS,0.254259166193598,0.029181589030963833,,,,,,
task,1212,striatum,23,Expert,10,bipolar,same_freq,low_gamma,ACC,DLS,0.2714191232228084,0.13045489575984792,,,,,,
task,1212,striatum,23,Expert,10,bipolar,same_freq,high_gamma,ACC,DLS,0.42677199398869137,0.19327194666864422,,,,,,
task,1212,striatum,23,Expert,10,bipolar,same_freq,theta,ACC,DMS,0.4146782230632858,-0.02774092377586033,,,,,,
task,1212,striatum,23,Expert,10,bipolar,same_freq,low_gamma,ACC,DMS,0.3437213648887881,0.0004712289013362389,,,,,,
task,1212,striatum,23,Expert,10,bipolar,same_freq,high_gamma,ACC,DMS,0.30645463021429675,0.022098787835454825,,,,,,
task,1212,striatum,23,Expert,10,bipolar,same_freq,theta,DLS,DMS,0.13468364081816225,0.08228808629185617,,,,,,
task,1212,striatum,23,Expert,10,bipolar,same_freq,low_gamma,DLS,DMS,0.21772818055748444,0.12417604734536354,,,,,,
task,1212,striatum,23,Expert,10,bipolar,same_freq,high_gamma,DLS,DMS,0.19674908070775626,0.06543940372415896,,,,,,
task,1212,striatum,23,Expert,10,bipolar,pac_within,low_gamma,ACC,ACC,,,5.74146401539165e-05,1.702315422455934e-05,6.00804063900454,0.009900990099009901,100,4.039148592935716e-05
task,1212,striatum,23,Expert,10,bipolar,pac_within,high_gamma,ACC,ACC,,,1.5133284842192143e-05,1.6131211083050434e-05,-0.15047989912666862,0.5643564356435643,100,-9.979262408582914e-07
task,1212,striatum,23,Expert,10,bipolar,pac_within,low_gamma,DLS,DLS,,,6.223039483974502e-05,1.806979003759045e-05,6.426445679857663,0.009900990099009901,100,4.4160604802154576e-05
task,1212,striatum,23,Expert,10,bipolar,pac_within,high_gamma,DLS,DLS,,,2.4158440520941473e-05,1.5878027393770797e-05,1.2067398331149377,0.1485148514851485,100,8.280413127170676e-06
task,1212,striatum,23,Expert,10,bipolar,pac_within,low_gamma,DMS,DMS,,,0.00020877137546226378,1.7945218770761823e-05,23.908078498065695,0.009900990099009901,100,0.00019082615669150196
task,1212,striatum,23,Expert,10,bipolar,pac_within,high_gamma,DMS,DMS,,,0.0005467854040750844,1.8646060680136636e-05,76.98137107257676,0.009900990099009901,100,0.0005281393433949477
task,1212,striatum,23,Expert,10,bipolar,pac_between,low_gamma,ACC,DLS,,,4.523418984459483e-05,1.66841678820007e-05,4.1986175568553294,0.009900990099009901,100,2.8550021962594134e-05
task,1212,striatum,23,Expert,10,bipolar,pac_between,high_gamma,ACC,DLS,,,1.7160986316001778e-05,1.4991222236457357e-05,0.38094618867557256,0.3465346534653465,100,2.169764079544421e-06
task,1212,striatum,23,Expert,10,bipolar,pac_between,low_gamma,ACC,DMS,,,0.00017899601047441773,1.7252256446351134e-05,19.676510751976654,0.009900990099009901,100,0.0001617437540280666
task,1212,striatum,23,Expert,10,bipolar,pac_between,high_gamma,ACC,DMS,,,0.0004960165723794028,1.965398586043747e-05,52.7265224648893,0.009900990099009901,100,0.00047636258651896537
task,1212,striatum,23,Expert,10,bipolar,pac_between,low_gamma,DLS,ACC,,,2.354892293667347e-05,1.7408967412033633e-05,0.781122395479712,0.19801980198019803,100,6.1399555246398365e-06
task,1212,striatum,23,Expert,10,bipolar,pac_between,high_gamma,DLS,ACC,,,2.3545912826839838e-05,1.706008862394054e-05,0.906180591137662,0.1485148514851485,100,6.485824202899299e-06
task,1212,striatum,23,Expert,10,bipolar,pac_between,low_gamma,DLS,DMS,,,7.476570832603233e-05,1.866729543923128e-05,7.1807374303641325,0.009900990099009901,100,5.609841288680105e-05
task,1212,striatum,23,Expert,10,bipolar,pac_between,high_gamma,DLS,DMS,,,0.00024682033690501314,1.9502225057358265e-05,28.051602724199196,0.009900990099009901,100,0.00022731811184765487
task,1212,striatum,23,Expert,10,bipolar,pac_between,low_gamma,DMS,ACC,,,4.905314600071299e-05,1.7127400731736647e-05,4.170146837290211,0.009900990099009901,100,3.1925745268976344e-05
task,1212,striatum,23,Expert,10,bipolar,pac_between,high_gamma,DMS,ACC,,,3.0458724302274565e-05,1.54983166181937e-05,2.624672469283639,0.019801980198019802,100,1.4960407684080867e-05
task,1212,striatum,23,Expert,10,bipolar,pac_between,low_gamma,DMS,DLS,,,4.231366031909654e-05,1.7423847319891845e-05,3.5697944676346074,0.009900990099009901,100,2.4889812999204696e-05
task,1212,striatum,23,Expert,10,bipolar,pac_between,high_gamma,DMS,DLS,,,2.3147932430194905e-05,1.5793398353179062e-05,1.4138208710945972,0.1188118811881188,100,7.354534077015842e-06
task,1212,visual,23,All,154,monopolar,same_freq,theta,CA1,DG,0.7044439800747356,0.29066511534477285,,,,,,
task,1212,visual,23,All,154,monopolar,same_freq,low_gamma,CA1,DG,0.8053594178572018,0.2134111531523259,,,,,,
task,1212,visual,23,All,154,monopolar,same_freq,high_gamma,CA1,DG,0.7330627719708098,0.297147680399927,,,,,,
task,1212,visual,23,All,154,monopolar,same_freq,theta,CA1,V1,0.4527691707795949,0.11122587619719046,,,,,,
task,1212,visual,23,All,154,monopolar,same_freq,low_gamma,CA1,V1,0.5981342192096483,0.07882939763624963,,,,,,
task,1212,visual,23,All,154,monopolar,same_freq,high_gamma,CA1,V1,0.4482800802248829,0.07980276383255007,,,,,,
task,1212,visual,23,All,154,monopolar,same_freq,theta,DG,V1,0.22901508115754413,0.1186659544813457,,,,,,
task,1212,visual,23,All,154,monopolar,same_freq,low_gamma,DG,V1,0.5448436493577175,0.06710759752202435,,,,,,
task,1212,visual,23,All,154,monopolar,same_freq,high_gamma,DG,V1,0.34876339976900905,0.09722387629453044,,,,,,
task,1212,visual,23,All,154,monopolar,pac_within,low_gamma,CA1,CA1,,,0.0008210125435734041,9.54296066435624e-07,1634.5156258069776,0.009900990099009901,100,0.0008200582475069685
task,1212,visual,23,All,154,monopolar,pac_within,high_gamma,CA1,CA1,,,0.00161724744498685,9.581410681944166e-07,3895.557491728371,0.009900990099009901,100,0.0016162893039186556
task,1212,visual,23,All,154,monopolar,pac_within,low_gamma,DG,DG,,,0.0006761042000909648,9.342154609164521e-07,1773.267621307908,0.009900990099009901,100,0.0006751699846300484
task,1212,visual,23,All,154,monopolar,pac_within,high_gamma,DG,DG,,,0.00040770601906730495,9.96792604403257e-07,824.1618359537763,0.009900990099009901,100,0.0004067092264629017
task,1212,visual,23,All,154,monopolar,pac_within,low_gamma,V1,V1,,,0.0005926376253370096,9.630594046346876e-07,1175.8218493054494,0.009900990099009901,100,0.0005916745659323749
task,1212,visual,23,All,154,monopolar,pac_within,high_gamma,V1,V1,,,0.000331259551410341,8.49702540048065e-07,859.0331346586896,0.009900990099009901,100,0.0003304098488702929
task,1212,visual,23,All,154,monopolar,pac_between,low_gamma,CA1,DG,,,0.00045398960688808825,8.894119522853126e-07,1028.9276843166003,0.009900990099009901,100,0.0004531001949358029
task,1212,visual,23,All,154,monopolar,pac_between,high_gamma,CA1,DG,,,0.0010517634173712318,9.208287164745285e-07,2807.8233909495534,0.009900990099009901,100,0.0010508425886547573
task,1212,visual,23,All,154,monopolar,pac_between,low_gamma,CA1,V1,,,0.00035230279444257306,9.042013751702531e-07,677.8868905518973,0.009900990099009901,100,0.0003513985930674028
task,1212,visual,23,All,154,monopolar,pac_between,high_gamma,CA1,V1,,,0.00035429170272376857,8.262285680106695e-07,988.2416251391063,0.009900990099009901,100,0.0003534654741557579
task,1212,visual,23,All,154,monopolar,pac_between,low_gamma,DG,CA1,,,0.000799327980968905,9.670769427785959e-07,1982.4821834998056,0.009900990099009901,100,0.0007983609040261264
task,1212,visual,23,All,154,monopolar,pac_between,high_gamma,DG,CA1,,,0.0010380226653883544,9.848336572352273e-07,2203.8884936224495,0.009900990099009901,100,0.0010370378317311193
task,1212,visual,23,All,154,monopolar,pac_between,low_gamma,DG,V1,,,0.000511507610199666,9.408395637946808e-07,1187.005760526677,0.009900990099009901,100,0.0005105667706358713
task,1212,visual,23,All,154,monopolar,pac_between,high_gamma,DG,V1,,,0.000352059226173126,8.381833902972615e-07,1031.7429136892044,0.009900990099009901,100,0.00035122104278282874
task,1212,visual,23,All,154,monopolar,pac_between,low_gamma,V1,CA1,,,0.0005354077903752454,9.52765931515389e-07,1244.5166134874025,0.009900990099009901,100,0.00053445502444373
task,1212,visual,23,All,154,monopolar,pac_between,high_gamma,V1,CA1,,,0.0006514088469169181,9.723810985724522e-07,1141.5487908868547,0.009900990099009901,100,0.0006504364658183457
task,1212,visual,23,All,154,monopolar,pac_between,low_gamma,V1,DG,,,0.00025017122571071345,8.27468432713549e-07,737.1715881335386,0.009900990099009901,100,0.0002493437572779999
task,1212,visual,23,All,154,monopolar,pac_between,high_gamma,V1,DG,,,0.0005583072198010176,9.702864992703125e-07,1256.5955612213434,0.009900990099009901,100,0.0005573369333017473
task,1212,visual,23,All,154,bipolar,same_freq,theta,CA1,DG,0.42236082142580406,0.16805934047611054,,,,,,
task,1212,visual,23,All,154,bipolar,same_freq,low_gamma,CA1,DG,0.3519152952966927,0.11121133290659775,,,,,,
task,1212,visual,23,All,154,bipolar,same_freq,high_gamma,CA1,DG,0.3161289265224081,0.1294495512974957,,,,,,
task,1212,visual,23,All,154,bipolar,same_freq,theta,CA1,V1,0.013992286674025882,0.010683401362468247,,,,,,
task,1212,visual,23,All,154,bipolar,same_freq,low_gamma,CA1,V1,0.07670634516264876,0.04385729830321969,,,,,,
task,1212,visual,23,All,154,bipolar,same_freq,high_gamma,CA1,V1,0.07498205557521838,0.050184140766589634,,,,,,
task,1212,visual,23,All,154,bipolar,same_freq,theta,DG,V1,0.07293308765745879,0.05416834054712376,,,,,,
task,1212,visual,23,All,154,bipolar,same_freq,low_gamma,DG,V1,0.12514965053707064,0.053798763782815215,,,,,,
task,1212,visual,23,All,154,bipolar,same_freq,high_gamma,DG,V1,0.08386743027713242,0.05361080811281453,,,,,,
task,1212,visual,23,All,154,bipolar,pac_within,low_gamma,CA1,CA1,,,0.0007457087432839038,9.930103987936465e-07,1611.7561223500647,0.009900990099009901,100,0.0007447157328851102
task,1212,visual,23,All,154,bipolar,pac_within,high_gamma,CA1,CA1,,,0.0007276411816424101,8.18739898648625e-07,1912.838454081455,0.009900990099009901,100,0.0007268224417437615
task,1212,visual,23,All,154,bipolar,pac_within,low_gamma,DG,DG,,,0.00013553517272609585,8.860740635375949e-07,300.8668910336118,0.009900990099009901,100,0.00013464909866255824
task,1212,visual,23,All,154,bipolar,pac_within,high_gamma,DG,DG,,,0.00041169626881818085,8.639918677661663e-07,1081.1843881877005,0.009900990099009901,100,0.00041083227695041467
task,1212,visual,23,All,154,bipolar,pac_within,low_gamma,V1,V1,,,3.4735315760340122e-06,7.113669561154574e-07,9.573276798109704,0.009900990099009901,100,2.762164619918555e-06
task,1212,visual,23,All,154,bipolar,pac_within,high_gamma,V1,V1,,,1.4673787006768143e-05,7.526277825829069e-07,46.85006161448632,0.009900990099009901,100,1.3921159224185236e-05
task,1212,visual,23,All,154,bipolar,pac_between,low_gamma,CA1,DG,,,0.0003941886665637127,8.08619967153931e-07,1061.7330880567717,0.009900990099009901,100,0.0003933800465965588
task,1212,visual,23,All,154,bipolar,pac_between,high_gamma,CA1,DG,,,0.0007262112446259583,8.417477846161667e-07,2290.1914291659077,0.009900990099009901,100,0.0007253694968413422
task,1212,visual,23,All,154,bipolar,pac_between,low_gamma,CA1,V1,,,4.182440782362962e-05,7.615925181006923e-07,122.35335804645861,0.009900990099009901,100,4.106281530552893e-05
task,1212,visual,23,All,154,bipolar,pac_between,high_gamma,CA1,V1,,,8.704392665418043e-05,7.738331981225408e-07,264.034008401553,0.009900990099009901,100,8.627009345605789e-05
task,1212,visual,23,All,154,bipolar,pac_between,low_gamma,DG,CA1,,,0.0004939365420614903,9.292700491077747e-07,1133.2378052140086,0.009900990099009901,100,0.0004930072720123825
task,1212,visual,23,All,154,bipolar,pac_between,high_gamma,DG,CA1,,,0.0005815551880153452,8.443269142884305e-07,1679.0386813092587,0.009900990099009901,100,0.0005807108611010568
task,1212,visual,23,All,154,bipolar,pac_between,low_gamma,DG,V1,,,6.389868926093867e-05,7.036140629899216e-07,187.2721896633074,0.009900990099009901,100,6.319507519794875e-05
task,1212,visual,23,All,154,bipolar,pac_between,high_gamma,DG,V1,,,0.0001914602388604336,7.851250212622367e-07,540.6634520462871,0.009900990099009901,100,0.00019067511383917134
task,1212,visual,23,All,154,bipolar,pac_between,low_gamma,V1,CA1,,,6.697520778544169e-05,8.494559852141621e-07,197.06917966958156,0.009900990099009901,100,6.612575180022752e-05
task,1212,visual,23,All,154,bipolar,pac_between,high_gamma,V1,CA1,,,3.860642074549568e-05,8.326433793018514e-07,103.41956644874244,0.009900990099009901,100,3.777377736619383e-05
task,1212,visual,23,All,154,bipolar,pac_between,low_gamma,V1,DG,,,1.2792699959899995e-05,8.679992649038982e-07,31.805242680457482,0.009900990099009901,100,1.1924700694996098e-05
task,1212,visual,23,All,154,bipolar,pac_between,high_gamma,V1,DG,,,7.618169534728911e-05,8.09665708664127e-07,257.6678900945844,0.009900990099009901,100,7.537202963862499e-05
task,1212,visual,23,Naive,10,monopolar,same_freq,theta,CA1,DG,0.4921852185392407,0.27825736875379004,,,,,,
task,1212,visual,23,Naive,10,monopolar,same_freq,low_gamma,CA1,DG,0.8147686707279732,0.15351237393288886,,,,,,
task,1212,visual,23,Naive,10,monopolar,same_freq,high_gamma,CA1,DG,0.6442918914696807,0.22527972686231001,,,,,,
task,1212,visual,23,Naive,10,monopolar,same_freq,theta,CA1,V1,0.4065208778184068,0.05594345374892004,,,,,,
task,1212,visual,23,Naive,10,monopolar,same_freq,low_gamma,CA1,V1,0.599932797226041,0.03465229883524844,,,,,,
task,1212,visual,23,Naive,10,monopolar,same_freq,high_gamma,CA1,V1,0.44076146079806205,0.05370802794248637,,,,,,
task,1212,visual,23,Naive,10,monopolar,same_freq,theta,DG,V1,0.0684761541655837,0.09809823755833635,,,,,,
task,1212,visual,23,Naive,10,monopolar,same_freq,low_gamma,DG,V1,0.5348845697008665,0.020847032628515706,,,,,,
task,1212,visual,23,Naive,10,monopolar,same_freq,high_gamma,DG,V1,0.3087123948012167,0.06119564106980586,,,,,,
task,1212,visual,23,Naive,10,monopolar,pac_within,low_gamma,CA1,CA1,,,0.002691417216133516,2.936327702006546e-05,171.74632740409396,0.009900990099009901,100,0.0026620539391134504
task,1212,visual,23,Naive,10,monopolar,pac_within,high_gamma,CA1,CA1,,,0.0016935086002923423,3.5601855866945315e-05,78.07802328232539,0.009900990099009901,100,0.001657906744425397
task,1212,visual,23,Naive,10,monopolar,pac_within,low_gamma,DG,DG,,,0.0014952701978244143,3.4309624180353596e-05,85.59929714188394,0.009900990099009901,100,0.0014609605736440607
task,1212,visual,23,Naive,10,monopolar,pac_within,high_gamma,DG,DG,,,0.0006116223004338834,2.9797414570809393e-05,44.0971853511412,0.009900990099009901,100,0.0005818248858630741
task,1212,visual,23,Naive,10,monopolar,pac_within,low_gamma,V1,V1,,,0.0018081881268837098,2.961170963302562e-05,107.32379083538461,0.009900990099009901,100,0.0017785764172506841
task,1212,visual,23,Naive,10,monopolar,pac_within,high_gamma,V1,V1,,,0.0012194569233403782,3.0747319491879156e-05,78.47187672172029,0.009900990099009901,100,0.001188709603848499
task,1212,visual,23,Naive,10,monopolar,pac_between,low_gamma,CA1,DG,,,0.001561256178617035,3.0700892643164755e-05,82.60588854576504,0.009900990099009901,100,0.0015305552859738703
task,1212,visual,23,Naive,10,monopolar,pac_between,high_gamma,CA1,DG,,,0.000920863539601565,3.0970416930114074e-05,62.35309574069253,0.009900990099009901,100,0.0008898931226714509
task,1212,visual,23,Naive,10,monopolar,pac_between,low_gamma,CA1,V1,,,0.0014507088835490724,2.839050623958416e-05,104.3653977658858,0.009900990099009901,100,0.0014223183773094882
task,1212,visual,23,Naive,10,monopolar,pac_between,high_gamma,CA1,V1,,,0.0010874436312589815,3.2245109013385775e-05,83.97220415855699,0.009900990099009901,100,0.0010551985222455958
task,1212,visual,23,Naive,10,monopolar,pac_between,low_gamma,DG,CA1,,,0.002204953644864314,3.542670453292273e-05,109.5221556583928,0.009900990099009901,100,0.002169526940331391
task,1212,visual,23,Naive,10,monopolar,pac_between,high_gamma,DG,CA1,,,0.0012930805052417335,3.548732750779977e-05,73.2242053986551,0.009900990099009901,100,0.0012575931777339337
task,1212,visual,23,Naive,10,monopolar,pac_between,low_gamma,DG,V1,,,0.0013073294982326859,3.153630420905752e-05,81.35735123706867,0.009900990099009901,100,0.0012757931940236284
task,1212,visual,23,Naive,10,monopolar,pac_between,high_gamma,DG,V1,,,0.0008340166242375651,3.221611296143204e-05,60.72751043048916,0.009900990099009901,100,0.0008018005112761331
task,1212,visual,23,Naive,10,monopolar,pac_between,low_gamma,V1,CA1,,,0.002487552230183196,3.016473788983909e-05,148.67260349851776,0.009900990099009901,100,0.002457387492293357
task,1212,visual,23,Naive,10,monopolar,pac_between,high_gamma,V1,CA1,,,0.0010869898440205692,3.304743270503499e-05,67.06825998281911,0.009900990099009901,100,0.0010539424113155341
task,1212,visual,23,Naive,10,monopolar,pac_between,low_gamma,V1,DG,,,0.001429987434884094,2.8960135536691676e-05,79.9171007315352,0.009900990099009901,100,0.0014010272993474023
task,1212,visual,23,Naive,10,monopolar,pac_between,high_gamma,V1,DG,,,0.0005319855701615997,2.8650741018796544e-05,35.526119844354135,0.009900990099009901,100,0.0005033348291428032
task,1212,visual,23,Naive,10,bipolar,same_freq,theta,CA1,DG,0.20728155882369767,-0.0017060429652958858,,,,,,
task,1212,visual,23,Naive,10,bipolar,same_freq,low_gamma,CA1,DG,0.18714082582211036,0.11862494760227395,,,,,,
task,1212,visual,23,Naive,10,bipolar,same_freq,high_gamma,CA1,DG,0.15829985799598925,0.09472343330636135,,,,,,
task,1212,visual,23,Naive,10,bipolar,same_freq,theta,CA1,V1,0.0887083945414666,-0.00482032642900864,,,,,,
task,1212,visual,23,Naive,10,bipolar,same_freq,low_gamma,CA1,V1,0.09932811672188951,0.060327780014553994,,,,,,
task,1212,visual,23,Naive,10,bipolar,same_freq,high_gamma,CA1,V1,0.028418038801230158,0.019478807201947647,,,,,,
task,1212,visual,23,Naive,10,bipolar,same_freq,theta,DG,V1,0.2779196110271595,0.10747540129573804,,,,,,
task,1212,visual,23,Naive,10,bipolar,same_freq,low_gamma,DG,V1,0.22636576256195806,0.014585895080634554,,,,,,
task,1212,visual,23,Naive,10,bipolar,same_freq,high_gamma,DG,V1,0.029143316565745172,-0.0007558331717735932,,,,,,
task,1212,visual,23,Naive,10,bipolar,pac_within,low_gamma,CA1,CA1,,,0.00142988169841224,2.9067616237175524e-05,100.7647164569119,0.009900990099009901,100,0.0014008140821750645
task,1212,visual,23,Naive,10,bipolar,pac_within,high_gamma,CA1,CA1,,,0.001773493666683107,2.583031686217481e-05,163.28569643010826,0.009900990099009901,100,0.0017476633498209322
task,1212,visual,23,Naive,10,bipolar,pac_within,low_gamma,DG,DG,,,0.0009234933228398559,3.255361214371157e-05,60.82166047627935,0.009900990099009901,100,0.0008909397106961444
task,1212,visual,23,Naive,10,bipolar,pac_within,high_gamma,DG,DG,,,0.0008864215097134378,3.0544208163091545e-05,59.93213246290517,0.009900990099009901,100,0.0008558773015503462
task,1212,visual,23,Naive,10,bipolar,pac_within,low_gamma,V1,V1,,,0.0005641135601338231,2.5248923583894052e-05,44.081974642464765,0.009900990099009901,100,0.0005388646365499291
task,1212,visual,23,Naive,10,bipolar,pac_within,high_gamma,V1,V1,,,0.00010485272927046913,2.450346012376763e-05,8.897307451731594,0.009900990099009901,100,8.03492691467015e-05
task,1212,visual,23,Naive,10,bipolar,pac_between,low_gamma,CA1,DG,,,0.0007669910126997803,3.269328513539941e-05,46.75614606678287,0.009900990099009901,100,0.0007342977275643809
task,1212,visual,23,Naive,10,bipolar,pac_between,high_gamma,CA1,DG,,,0.0008936859196449304,3.145382441502173e-05,55.48854017320552,0.009900990099009901,100,0.0008622320952299087
task,1212,visual,23,Naive,10,bipolar,pac_between,low_gamma,CA1,V1,,,0.0005792214653773819,2.4537947445861084e-05,45.314364520823645,0.009900990099009901,100,0.0005546835179315208
task,1212,visual,23,Naive,10,bipolar,pac_between,high_gamma,CA1,V1,,,0.00015542156723010413,2.441093760253169e-05,13.186832545095015,0.009900990099009901,100,0.00013101062962757244
task,1212,visual,23,Naive,10,bipolar,pac_between,low_gamma,DG,CA1,,,0.0011737513368901549,2.78278102882415e-05,65.73789463971089,0.009900990099009901,100,0.0011459235266019134
task,1212,visual,23,Naive,10,bipolar,pac_between,high_gamma,DG,CA1,,,0.0012745846794707109,2.822747601218153e-05,112.79328288560157,0.009900990099009901,100,0.0012463572034585293
task,1212,visual,23,Naive,10,bipolar,pac_between,low_gamma,DG,V1,,,0.0007785740416015656,2.7021318002083417e-05,66.41416092794455,0.009900990099009901,100,0.0007515527235994821
task,1212,visual,23,Naive,10,bipolar,pac_between,high_gamma,DG,V1,,,0.00022536765577883342,2.485059568147956e-05,18.458027882487,0.009900990099009901,100,0.00020051706009735384
task,1212,visual,23,Naive,10,bipolar,pac_between,low_gamma,V1,CA1,,,0.00044836450061135075,2.9133909750369717e-05,29.050185892247573,0.009900990099009901,100,0.00041923059086098106
task,1212,visual,23,Naive,10,bipolar,pac_between,high_gamma,V1,CA1,,,0.0006286730784196231,2.7095138055721878e-05,63.98223289127628,0.009900990099009901,100,0.0006015779403639012
task,1212,visual,23,Naive,10,bipolar,pac_between,low_gamma,V1,DG,,,0.0005158486067664156,3.364574625990876e-05,32.20939638473337,0.009900990099009901,100,0.00048220286050650686
task,1212,visual,23,Naive,10,bipolar,pac_between,high_gamma,V1,DG,,,0.00041795180156897836,3.20497529864211e-05,29.220088953244147,0.009900990099009901,100,0.0003859020485825573
task,1212,visual,23,Intermediate,10,monopolar,same_freq,theta,CA1,DG,0.6428383361803008,0.331567932215309,,,,,,
task,1212,visual,23,Intermediate,10,monopolar,same_freq,low_gamma,CA1,DG,0.8275236459799603,0.15951098313967974,,,,,,
task,1212,visual,23,Intermediate,10,monopolar,same_freq,high_gamma,CA1,DG,0.7013917025656798,0.23224162455300437,,,,,,
task,1212,visual,23,Intermediate,10,monopolar,same_freq,theta,CA1,V1,0.429378920133211,0.06306331000362923,,,,,,
task,1212,visual,23,Intermediate,10,monopolar,same_freq,low_gamma,CA1,V1,0.6200628522898762,0.05111055158207463,,,,,,
task,1212,visual,23,Intermediate,10,monopolar,same_freq,high_gamma,CA1,V1,0.4661201640446133,0.03995839600978437,,,,,,
task,1212,visual,23,Intermediate,10,monopolar,same_freq,theta,DG,V1,0.09448841689426983,0.09127081840911752,,,,,,
task,1212,visual,23,Intermediate,10,monopolar,same_freq,low_gamma,DG,V1,0.5680239566433138,0.019776817278638385,,,,,,
task,1212,visual,23,Intermediate,10,monopolar,same_freq,high_gamma,DG,V1,0.354518474528843,0.07409558068441673,,,,,,
task,1212,visual,23,Intermediate,10,monopolar,pac_within,low_gamma,CA1,CA1,,,0.001663103477857583,2.7599084761347898e-05,100.02879435258907,0.009900990099009901,100,0.0016355043930962351
task,1212,visual,23,Intermediate,10,monopolar,pac_within,high_gamma,CA1,CA1,,,0.0012604500509539294,2.637575897142563e-05,101.622390044276,0.009900990099009901,100,0.0012340742919825039
task,1212,visual,23,Intermediate,10,monopolar,pac_within,low_gamma,DG,DG,,,0.001483753852500712,2.629764368982608e-05,109.16195795270497,0.009900990099009901,100,0.0014574562088108859
task,1212,visual,23,Intermediate,10,monopolar,pac_within,high_gamma,DG,DG,,,0.0004907723085459083,2.659104606515401e-05,37.90543199925293,0.009900990099009901,100,0.00046418126248075434
task,1212,visual,23,Intermediate,10,monopolar,pac_within,low_gamma,V1,V1,,,0.0015438565713984298,2.4606591402579277e-05,114.36689928769007,0.009900990099009901,100,0.0015192499799958506
task,1212,visual,23,Intermediate,10,monopolar,pac_within,high_gamma,V1,V1,,,0.0008128338702575197,2.2320138325315164e-05,80.35670520031333,0.009900990099009901,100,0.0007905137319322046
task,1212,visual,23,Intermediate,10,monopolar,pac_between,low_gamma,CA1,DG,,,0.0010087752241006824,2.7658737231828816e-05,67.96898041907939,0.009900990099009901,100,0.0009811164868688536
task,1212,visual,23,Intermediate,10,monopolar,pac_between,high_gamma,CA1,DG,,,0.0007009330864476958,2.730856282279737e-05,57.52887995660707,0.009900990099009901,100,0.0006736245236248985
task,1212,visual,23,Intermediate,10,monopolar,pac_between,low_gamma,CA1,V1,,,0.0008048537035352347,2.3761663465536144e-05,67.29617600411216,0.009900990099009901,100,0.0007810920400696986
task,1212,visual,23,Intermediate,10,monopolar,pac_between,high_gamma,CA1,V1,,,0.0005471307643711524,2.2800389662295162e-05,53.35960036944881,0.009900990099009901,100,0.0005243303747088572
task,1212,visual,23,Intermediate,10,monopolar,pac_between,low_gamma,DG,CA1,,,0.002006782775946076,2.699038429000928e-05,144.39785884972412,0.009900990099009901,100,0.0019797923916560667
task,1212,visual,23,Intermediate,10,monopolar,pac_between,high_gamma,DG,CA1,,,0.0011205069410036308,2.6046554457117613e-05,88.96208800057623,0.009900990099009901,100,0.0010944603865465131
task,1212,visual,23,Intermediate,10,monopolar,pac_between,low_gamma,DG,V1,,,0.001285826848440621,2.381407253647541e-05,117.18967587446302,0.009900990099009901,100,0.0012620127759041457
task,1212,visual,23,Intermediate,10,monopolar,pac_between,high_gamma,DG,V1,,,0.0007274214059540404,2.2248337787309362e-05,73.97461528683846,0.009900990099009901,100,0.000705173068166731
task,1212,visual,23,Intermediate,10,monopolar,pac_between,low_gamma,V1,CA1,,,0.0018418626768912055,2.619572827460586e-05,123.4465608954323,0.009900990099009901,100,0.0018156669486165996
task,1212,visual,23,Intermediate,10,monopolar,pac_between,high_gamma,V1,CA1,,,0.0008128251090243723,2.5355799577445924e-05,59.033281540336496,0.009900990099009901,100,0.0007874693094469264
task,1212,visual,23,Intermediate,10,monopolar,pac_between,low_gamma,V1,DG,,,0.0012437012830601717,2.4172676530037366e-05,109.7416312252735,0.009900990099009901,100,0.0012195286065301344
task,1212,visual,23,Intermediate,10,monopolar,pac_between,high_gamma,V1,DG,,,0.0004809510685300061,2.3552256216314303e-05,48.526947778987285,0.009900990099009901,100,0.00045739881231369176
task,1212,visual,23,Intermediate,10,bipolar,same_freq,theta,CA1,DG,0.2515509451383291,-0.04484039189306463,,,,,,
task,1212,visual,23,Intermediate,10,bipolar,same_freq,low_gamma,CA1,DG,0.2098521526712992,0.07865791748269765,,,,,,
task,1212,visual,23,Intermediate,10,bipolar,same_freq,high_gamma,CA1,DG,0.21136277227430664,0.08403974193548949,,,,,,
task,1212,visual,23,Intermediate,10,bipolar,same_freq,theta,CA1,V1,-0.04032065496164913,-0.025464671769367266,,,,,,
task,1212,visual,23,Intermediate,10,bipolar,same_freq,low_gamma,CA1,V1,0.04098485817500443,0.029728749341313095,,,,,,
task,1212,visual,23,Intermediate,10,bipolar,same_freq,high_gamma,CA1,V1,0.03375067022464919,0.022147791239076748,,,,,,
task,1212,visual,23,Intermediate,10,bipolar,same_freq,theta,DG,V1,0.03771750696414485,0.01592450025861871,,,,,,
task,1212,visual,23,Intermediate,10,bipolar,same_freq,low_gamma,DG,V1,0.10851758228136428,0.01686057165036069,,,,,,
task,1212,visual,23,Intermediate,10,bipolar,same_freq,high_gamma,DG,V1,0.035880926706561185,0.01354512569639122,,,,,,
task,1212,visual,23,Intermediate,10,bipolar,pac_within,low_gamma,CA1,CA1,,,0.0013505625748763555,2.3943455369829556e-05,107.31674038857867,0.009900990099009901,100,0.001326619119506526
task,1212,visual,23,Intermediate,10,bipolar,pac_within,high_gamma,CA1,CA1,,,0.0011840802617728494,2.2369704293179023e-05,110.71873455502288,0.009900990099009901,100,0.0011617105574796703
task,1212,visual,23,Intermediate,10,bipolar,pac_within,low_gamma,DG,DG,,,0.0004829001998258487,2.0884116340266006e-05,48.802149651661,0.009900990099009901,100,0.0004620160834855827
task,1212,visual,23,Intermediate,10,bipolar,pac_within,high_gamma,DG,DG,,,0.0007972382163602352,2.1494448489389088e-05,90.00236739857358,0.009900990099009901,100,0.0007757437678708461
task,1212,visual,23,Intermediate,10,bipolar,pac_within,low_gamma,V1,V1,,,6.637849255025714e-05,2.208823113619637e-05,4.451888889156013,0.009900990099009901,100,4.4290261414060765e-05
task,1212,visual,23,Intermediate,10,bipolar,pac_within,high_gamma,V1,V1,,,4.1126388233973363e-05,2.1010251397313527e-05,2.6074634208108796,0.0297029702970297,100,2.0116136836659837e-05
task,1212,visual,23,Intermediate,10,bipolar,pac_between,low_gamma,CA1,DG,,,0.0005993947846127028,2.1122252125519686e-05,58.486029684016295,0.009900990099009901,100,0.000578272532487183
task,1212,visual,23,Intermediate,10,bipolar,pac_between,high_gamma,CA1,DG,,,0.0008284693495067751,2.2491680215686185e-05,82.96403405646574,0.009900990099009901,100,0.0008059776692910888
task,1212,visual,23,Intermediate,10,bipolar,pac_between,low_gamma,CA1,V1,,,0.00012276727486329787,2.1920121145912468e-05,11.537503207821313,0.009900990099009901,100,0.0001008471537173854
task,1212,visual,23,Intermediate,10,bipolar,pac_between,high_gamma,CA1,V1,,,0.00011629338357283119,1.9424757069104898e-05,12.06112664082423,0.009900990099009901,100,9.686862650372629e-05
task,1212,visual,23,Intermediate,10,bipolar,pac_between,low_gamma,DG,CA1,,,0.0012839305388797136,2.3281568082561274e-05,110.49481117995967,0.009900990099009901,100,0.0012606489707971524
task,1212,visual,23,Intermediate,10,bipolar,pac_between,high_gamma,DG,CA1,,,0.0010583665320146676,2.1202984397965206e-05,134.91392128075003,0.009900990099009901,100,0.0010371635476167024
task,1212,visual,23,Intermediate,10,bipolar,pac_between,low_gamma,DG,V1,,,0.00013350581434530816,1.9784895922772256e-05,13.112451412504754,0.009900990099009901,100,0.0001137209184225359
task,1212,visual,23,Intermediate,10,bipolar,pac_between,high_gamma,DG,V1,,,0.00022236078343619082,1.9933014166177424e-05,27.423499438297764,0.009900990099009901,100,0.0002024277692700134
task,1212,visual,23,Intermediate,10,bipolar,pac_between,low_gamma,V1,CA1,,,0.00020581169164035377,2.3406746876869036e-05,19.161094002592783,0.009900990099009901,100,0.00018240494476348473
task,1212,visual,23,Intermediate,10,bipolar,pac_between,high_gamma,V1,CA1,,,0.00011151694517676913,2.26988755529619e-05,10.152637238249572,0.009900990099009901,100,8.881806962380724e-05
task,1212,visual,23,Intermediate,10,bipolar,pac_between,low_gamma,V1,DG,,,0.000119868028601342,2.4017549836747805e-05,8.617840553958613,0.009900990099009901,100,9.585047876459418e-05
task,1212,visual,23,Intermediate,10,bipolar,pac_between,high_gamma,V1,DG,,,8.110152336740904e-05,2.284409795307426e-05,6.864604448124827,0.009900990099009901,100,5.825742541433478e-05
task,1212,visual,23,Expert,10,monopolar,same_freq,theta,CA1,DG,0.6457990553188242,0.2832968289966181,,,,,,
task,1212,visual,23,Expert,10,monopolar,same_freq,low_gamma,CA1,DG,0.8108261524809133,0.1745501931620802,,,,,,
task,1212,visual,23,Expert,10,monopolar,same_freq,high_gamma,CA1,DG,0.6994617211943022,0.24372427373959243,,,,,,
task,1212,visual,23,Expert,10,monopolar,same_freq,theta,CA1,V1,0.3859333044322996,-0.012485726092387616,,,,,,
task,1212,visual,23,Expert,10,monopolar,same_freq,low_gamma,CA1,V1,0.5966316243177814,0.030493850320759998,,,,,,
task,1212,visual,23,Expert,10,monopolar,same_freq,high_gamma,CA1,V1,0.44951069667450555,0.0434745940341216,,,,,,
task,1212,visual,23,Expert,10,monopolar,same_freq,theta,DG,V1,0.05107243606414947,0.031336228656751335,,,,,,
task,1212,visual,23,Expert,10,monopolar,same_freq,low_gamma,DG,V1,0.53900548149396,0.01722828657525879,,,,,,
task,1212,visual,23,Expert,10,monopolar,same_freq,high_gamma,DG,V1,0.3349802438190389,0.0593846554338892,,,,,,
task,1212,visual,23,Expert,10,monopolar,pac_within,low_gamma,CA1,CA1,,,0.0008649933928492486,2.388927731868251e-05,70.97602513955897,0.009900990099009901,100,0.0008411041155305661
task,1212,visual,23,Expert,10,monopolar,pac_within,high_gamma,CA1,CA1,,,0.001226013403613595,2.472940055047773e-05,101.3200052192519,0.009900990099009901,100,0.0012012840030631172
task,1212,visual,23,Expert,10,monopolar,pac_within,low_gamma,DG,DG,,,0.0010132004215040356,2.3208904266580572e-05,83.19813355550522,0.009900990099009901,100,0.000989991517237455
task,1212,visual,23,Expert,10,monopolar,pac_within,high_gamma,DG,DG,,,0.00044898760236276056,2.5049443866245862e-05,41.81535259371719,0.009900990099009901,100,0.0004239381584965147
task,1212,visual,23,Expert,10,monopolar,pac_within,low_gamma,V1,V1,,,0.001273876977808625,2.1394125376367463e-05,117.00310062759381,0.009900990099009901,100,0.0012524828524322577
task,1212,visual,23,Expert,10,monopolar,pac_within,high_gamma,V1,V1,,,0.000562970588742503,2.056164338596669e-05,58.39701532264431,0.009900990099009901,100,0.0005424089453565363
task,1212,visual,23,Expert,10,monopolar,pac_between,low_gamma,CA1,DG,,,0.0004431997401605542,2.3108659492894773e-05,35.782392104423714,0.009900990099009901,100,0.0004200910806676594
task,1212,visual,23,Expert,10,monopolar,pac_between,high_gamma,CA1,DG,,,0.0008160363101565651,2.4114105786386066e-05,72.50478439244766,0.009900990099009901,100,0.000791922204370179
task,1212,visual,23,Expert,10,monopolar,pac_between,low_gamma,CA1,V1,,,0.0004752531107947205,2.2429768084492508e-05,48.428923628651354,0.009900990099009901,100,0.00045282334271022796
task,1212,visual,23,Expert,10,monopolar,pac_between,high_gamma,CA1,V1,,,0.000408928731846826,1.988121412045444e-05,45.077457042638265,0.009900990099009901,100,0.00038904751772637154
task,1212,visual,23,Expert,10,monopolar,pac_between,low_gamma,DG,CA1,,,0.0013231701463944973,2.3481617696342214e-05,119.36658214492807,0.009900990099009901,100,0.001299688528698155
task,1212,visual,23,Expert,10,monopolar,pac_between,high_gamma,DG,CA1,,,0.0010122821658785813,2.4880709795215363e-05,85.88979450383705,0.009900990099009901,100,0.000987401456083366
task,1212,visual,23,Expert,10,monopolar,pac_between,low_gamma,DG,V1,,,0.0007333207990877174,2.2271043801645654e-05,68.42691913018224,0.009900990099009901,100,0.0007110497552860718
task,1212,visual,23,Expert,10,monopolar,pac_between,high_gamma,DG,V1,,,0.00047629489003847835,1.9392777326927357e-05,54.309482826270035,0.009900990099009901,100,0.000456902112711551
task,1212,visual,23,Expert,10,monopolar,pac_between,low_gamma,V1,CA1,,,0.001223572958129968,2.4936057171766175e-05,84.32328477598745,0.009900990099009901,100,0.0011986369009582018
task,1212,visual,23,Expert,10,monopolar,pac_between,high_gamma,V1,CA1,,,0.00039811291127915256,2.1929543470005736e-05,31.24874006900276,0.009900990099009901,100,0.00037618336780914684
task,1212,visual,23,Expert,10,monopolar,pac_between,low_gamma,V1,DG,,,0.0008173187114309566,2.3634417433835156e-05,58.602003142063985,0.009900990099009901,100,0.0007936842939971215
task,1212,visual,23,Expert,10,monopolar,pac_between,high_gamma,V1,DG,,,0.0003040998975930257,2.1824975674465092e-05,27.70638665466578,0.009900990099009901,100,0.0002822749219185606
task,1212,visual,23,Expert,10,bipolar,same_freq,theta,CA1,DG,0.46624313544914525,0.03742918303073674,,,,,,
task,1212,visual,23,Expert,10,bipolar,same_freq,low_gamma,CA1,DG,0.28722353433192505,0.06926645651173022,,,,,,
task,1212,visual,23,Expert,10,bipolar,same_freq,high_gamma,CA1,DG,0.24863283868882174,0.06846474234116731,,,,,,
task,1212,visual,23,Expert,10,bipolar,same_freq,theta,CA1,V1,-0.08162987978865605,-0.06652738077652103,,,,,,
task,1212,visual,23,Expert,10,bipolar,same_freq,low_gamma,CA1,V1,0.023504616462430773,0.010306986535020565,,,,,,
task,1212,visual,23,Expert,10,bipolar,same_freq,high_gamma,CA1,V1,0.027074706173328616,0.009536655245741698,,,,,,
task,1212,visual,23,Expert,10,bipolar,same_freq,theta,DG,V1,0.015445354455704672,0.03191571692972196,,,,,,
task,1212,visual,23,Expert,10,bipolar,same_freq,low_gamma,DG,V1,0.052499493783598174,0.01504947752122426,,,,,,
task,1212,visual,23,Expert,10,bipolar,same_freq,high_gamma,DG,V1,0.019511569140173705,0.007710183558942664,,,,,,
task,1212,visual,23,Expert,10,bipolar,pac_within,low_gamma,CA1,CA1,,,0.001825211799225583,2.354836067359218e-05,166.93253923669423,0.009900990099009901,100,0.001801663438551991
task,1212,visual,23,Expert,10,bipolar,pac_within,high_gamma,CA1,CA1,,,0.0012644411244820525,2.085568404783701e-05,133.80806408145963,0.009900990099009901,100,0.0012435854404342155
task,1212,visual,23,Expert,10,bipolar,pac_within,low_gamma,DG,DG,,,0.0005027089431531253,2.3816935510149768e-05,41.99211705875596,0.009900990099009901,100,0.0004788920076429755
task,1212,visual,23,Expert,10,bipolar,pac_within,high_gamma,DG,DG,,,0.0006602506023126017,1.943125811017448e-05,79.63119525130777,0.009900990099009901,100,0.0006408193442024272
task,1212,visual,23,Expert,10,bipolar,pac_within,low_gamma,V1,V1,,,1.1302653818821223e-05,1.940077569559843e-05,-0.9662578611815948,0.8415841584158416,100,-8.098121876777206e-06
task,1212,visual,23,Expert,10,bipolar,pac_within,high_gamma,V1,V1,,,2.896655727494494e-05,1.6542597057010205e-05,1.8583021433761802,0.07920792079207921,100,1.2423960217934736e-05
task,1212,visual,23,Expert,10,bipolar,pac_between,low_gamma,CA1,DG,,,0.0007517571151059917,2.2187910185595316e-05,70.77375117978433,0.009900990099009901,100,0.0007295692049203964
task,1212,visual,23,Expert,10,bipolar,pac_between,high_gamma,CA1,DG,,,0.0009502185783996084,1.899960232178578e-05,127.19043342552432,0.009900990099009901,100,0.0009312189760778227
task,1212,visual,23,Expert,10,bipolar,pac_between,low_gamma,CA1,V1,,,9.035147445110028e-05,1.6934392997157157e-05,9.323703239348466,0.009900990099009901,100,7.341708145394312e-05
task,1212,visual,23,Expert,10,bipolar,pac_between,high_gamma,CA1,V1,,,0.00020549676447568474,1.844059960476027e-05,29.38884839882808,0.009900990099009901,100,0.00018705616487092448
task,1212,visual,23,Expert,10,bipolar,pac_between,low_gamma,DG,CA1,,,0.0013119586101608563,2.3640466798519767e-05,117.82820728102648,0.009900990099009901,100,0.0012883181433623366
task,1212,visual,23,Expert,10,bipolar,pac_between,high_gamma,DG,CA1,,,0.0009634354685966188,2.2101282714701863e-05,101.48630894518566,0.009900990099009901,100,0.0009413341858819169
task,1212,visual,23,Expert,10,bipolar,pac_between,low_gamma,DG,V1,,,8.096548914523873e-05,1.7860042993537426e-05,7.732248670715992,0.009900990099009901,100,6.31054461517013e-05
task,1212,visual,23,Expert,10,bipolar,pac_between,high_gamma,DG,V1,,,0.00029318548789685124,1.861316990296227e-05,39.61818787212776,0.009900990099009901,100,0.000274572317993889
task,1212,visual,23,Expert,10,bipolar,pac_between,low_gamma,V1,CA1,,,0.000128289789594762,2.403261409594606e-05,9.785406752406617,0.009900990099009901,100,0.00010425717549881593
task,1212,visual,23,Expert,10,bipolar,pac_between,high_gamma,V1,CA1,,,8.957044508330895e-05,2.1210926010916823e-05,7.9185446494915785,0.009900990099009901,100,6.835951907239213e-05
task,1212,visual,23,Expert,10,bipolar,pac_between,low_gamma,V1,DG,,,3.675028573230703e-05,2.1093467527586205e-05,1.668582895825173,0.0594059405940594,100,1.5656818204720824e-05
task,1212,visual,23,Expert,10,bipolar,pac_between,high_gamma,V1,DG,,,4.799267892797562e-05,1.9057644548591916e-05,3.317621237709281,0.019801980198019802,100,2.8935034379383702e-05
task,409,striatum,39,All,112,monopolar,same_freq,theta,ACC,DLS,0.22652599040465837,0.003652457959549445,,,,,,
task,409,striatum,39,All,112,monopolar,same_freq,low_gamma,ACC,DLS,0.11541962894588034,0.06651274915592092,,,,,,
task,409,striatum,39,All,112,monopolar,same_freq,high_gamma,ACC,DLS,0.07923342262370457,0.048546551071563214,,,,,,
task,409,striatum,39,All,112,monopolar,same_freq,theta,ACC,DMS,0.21818968154639803,-0.05566980682421792,,,,,,
task,409,striatum,39,All,112,monopolar,same_freq,low_gamma,ACC,DMS,0.09721393487895988,0.0596195449495307,,,,,,
task,409,striatum,39,All,112,monopolar,same_freq,high_gamma,ACC,DMS,0.07233893756432308,0.04460414041955672,,,,,,
task,409,striatum,39,All,112,monopolar,same_freq,theta,DLS,DMS,0.7574559703043593,0.09154280774016235,,,,,,
task,409,striatum,39,All,112,monopolar,same_freq,low_gamma,DLS,DMS,0.46933127372392774,0.04732417073534593,,,,,,
task,409,striatum,39,All,112,monopolar,same_freq,high_gamma,DLS,DMS,0.2438091814656524,0.03774587131489523,,,,,,
task,409,striatum,39,All,112,monopolar,pac_within,low_gamma,ACC,ACC,,,4.417644520697344e-05,3.1114942000106924e-06,31.06159460001922,0.009900990099009901,100,4.1064951006962746e-05
task,409,striatum,39,All,112,monopolar,pac_within,high_gamma,ACC,ACC,,,0.00030917146486535466,3.098686840195627e-06,230.84531064000237,0.009900990099009901,100,0.00030607277802515906
task,409,striatum,39,All,112,monopolar,pac_within,low_gamma,DLS,DLS,,,0.001158152370576924,3.6738569791409785e-06,674.058703835307,0.009900990099009901,100,0.001154478513597783
task,409,striatum,39,All,112,monopolar,pac_within,high_gamma,DLS,DLS,,,9.085891444202987e-05,3.0225845527831886e-06,67.76521377374792,0.009900990099009901,100,8.783632988924669e-05
task,409,striatum,39,All,112,monopolar,pac_within,low_gamma,DMS,DMS,,,0.001398313710720542,3.3170730571056254e-06,952.9475022544148,0.009900990099009901,100,0.0013949966376634365
task,409,striatum,39,All,112,monopolar,pac_within,high_gamma,DMS,DMS,,,0.00010294007211161843,2.9700399033744465e-06,86.34203350965866,0.009900990099009901,100,9.997003220824399e-05
task,409,striatum,39,All,112,monopolar,pac_between,low_gamma,ACC,DLS,,,0.0006921821255165759,3.492221323141497e-06,431.4596561756712,0.009900990099009901,100,0.0006886899041934345
task,409,striatum,39,All,112,monopolar,pac_between,high_gamma,ACC,DLS,,,4.407451824053646e-05,3.047127260587943e-06,30.486264309380633,0.009900990099009901,100,4.1027390979948516e-05
task,409,striatum,39,All,112,monopolar,pac_between,low_gamma,ACC,DMS,,,0.0008333101172336804,3.428591452653146e-06,477.3532913490135,0.009900990099009901,100,0.0008298815257810273
task,409,striatum,39,All,112,monopolar,pac_between,high_gamma,ACC,DMS,,,4.446539928939539e-05,2.9067141266659613e-06,37.81394904356418,0.009900990099009901,100,4.1558685162729433e-05
task,409,striatum,39,All,112,monopolar,pac_between,low_gamma,DLS,ACC,,,5.591733731406018e-05,2.9011196721859935e-06,47.246279313795206,0.009900990099009901,100,5.301621764187419e-05
task,409,striatum,39,All,112,monopolar,pac_between,high_gamma,DLS,ACC,,,0.00018923578389164246,2.9991949501157755e-06,148.2318938705262,0.009900990099009901,100,0.00018623658894152667
task,409,striatum,39,All,112,monopolar,pac_between,low_gamma,DLS,DMS,,,0.0014137345581141882,3.36399000677248e-06,982.254147861951,0.009900990099009901,100,0.0014103705681074157
task,409,striatum,39,All,112,monopolar,pac_between,high_gamma,DLS,DMS,,,9.971696473027661e-05,2.8542815794780744e-06,79.14407162489027,0.009900990099009901,100,9.686268315079854e-05
task,409,striatum,39,All,112,monopolar,pac_between,low_gamma,DMS,ACC,,,6.016926148685412e-05,3.045897762693082e-06,49.441828155064854,0.009900990099009901,100,5.712336372416104e-05
task,409,striatum,39,All,112,monopolar,pac_between,high_gamma,DMS,ACC,,,0.00025454083533099907,2.9928500056655125e-06,199.13217706541468,0.009900990099009901,100,0.00025154798532533355
task,409,striatum,39,All,112,monopolar,pac_between,low_gamma,DMS,DLS,,,0.001137773725184992,3.699797890235131e-06,632.2935186863979,0.009900990099009901,100,0.0011340739272947568
task,409,striatum,39,All,112,monopolar,pac_between,high_gamma,DMS,DLS,,,0.00010019940889228816,2.9265457858527714e-06,76.22857790983228,0.009900990099009901,100,9.727286310643539e-05
task,409,striatum,39,All,112,bipolar,same_freq,theta,ACC,DLS,0.08303810674788961,0.014247481746565864,,,,,,
task,409,striatum,39,All,112,bipolar,same_freq,low_gamma,ACC,DLS,0.04737418513310456,0.030534663528958644,,,,,,
task,409,striatum,39,All,112,bipolar,same_freq,high_gamma,ACC,DLS,0.03912551961114222,0.028040609175537197,,,,,,
task,409,striatum,39,All,112,bipolar,same_freq,theta,ACC,DMS,0.07688915701711942,0.0364596355519218,,,,,,
task,409,striatum,39,All,112,bipolar,same_freq,low_gamma,ACC,DMS,0.038307196333194043,0.02531749499524511,,,,,,
task,409,striatum,39,All,112,bipolar,same_freq,high_gamma,ACC,DMS,0.030088903933702945,0.02073547114006309,,,,,,
task,409,striatum,39,All,112,bipolar,same_freq,theta,DLS,DMS,0.3119014127632337,0.014951829778992358,,,,,,
task,409,striatum,39,All,112,bipolar,same_freq,low_gamma,DLS,DMS,0.031077027917027454,0.019001241373936408,,,,,,
task,409,striatum,39,All,112,bipolar,same_freq,high_gamma,DLS,DMS,0.02203152515470215,0.013810240740669062,,,,,,
task,409,striatum,39,All,112,bipolar,pac_within,low_gamma,ACC,ACC,,,3.0835215020836814e-05,3.203115677598732e-06,23.07963697741005,0.009900990099009901,100,2.7632099343238082e-05
task,409,striatum,39,All,112,bipolar,pac_within,high_gamma,ACC,ACC,,,0.00011380815333251077,2.900498458906449e-06,102.81358410568814,0.009900990099009901,100,0.00011090765487360432
task,409,striatum,39,All,112,bipolar,pac_within,low_gamma,DLS,DLS,,,1.7086728741030006e-05,2.9276723147982816e-06,10.89222462078906,0.009900990099009901,100,1.4159056426231725e-05
task,409,striatum,39,All,112,bipolar,pac_within,high_gamma,DLS,DLS,,,2.746031752456221e-06,2.9732551076178837e-06,-0.1973904116117207,0.5742574257425742,100,-2.2722335516166284e-07
task,409,striatum,39,All,112,bipolar,pac_within,low_gamma,DMS,DMS,,,3.409473422656467e-06,2.947337066265998e-06,0.4064744045360055,0.33663366336633666,100,4.62136356390469e-07
task,409,striatum,39,All,112,bipolar,pac_within,high_gamma,DMS,DMS,,,3.1657504856159396e-06,2.713904636580682e-06,0.46424723153894,0.32673267326732675,100,4.518458490352576e-07
task,409,striatum,39,All,112,bipolar,pac_between,low_gamma,ACC,DLS,,,1.999045249599223e-06,3.2112923926504324e-06,-0.8478890820989345,0.8316831683168316,100,-1.2122471430512095e-06
task,409,striatum,39,All,112,bipolar,pac_between,high_gamma,ACC,DLS,,,2.7419387303978336e-06,2.8598200831873453e-06,-0.10544284603436596,0.48514851485148514,100,-1.1788135278951166e-07
task,409,striatum,39,All,112,bipolar,pac_between,low_gamma,ACC,DMS,,,2.437568430390999e-06,2.9024651205112067e-06,-0.333854175209431,0.5643564356435643,100,-4.648966901202076e-07
task,409,striatum,39,All,112,bipolar,pac_between,high_gamma,ACC,DMS,,,3.326526748549229e-06,2.827744250653772e-06,0.4979567962302417,0.24752475247524752,100,4.987824978954571e-07
task,409,striatum,39,All,112,bipolar,pac_between,low_gamma,DLS,ACC,,,1.0423577349737256e-05,2.870258885155435e-06,7.318820229761855,0.009900990099009901,100,7.553318464581821e-06
task,409,striatum,39,All,112,bipolar,pac_between,high_gamma,DLS,ACC,,,3.47222575633458e-05,3.0447976427835984e-06,23.69991644455727,0.009900990099009901,100,3.16774599205622e-05
task,409,striatum,39,All,112,bipolar,pac_between,low_gamma,DLS,DMS,,,4.930805393159493e-06,3.179603629662003e-06,1.2327886075727887,0.10891089108910891,100,1.7512017634974896e-06
task,409,striatum,39,All,112,bipolar,pac_between,high_gamma,DLS,DMS,,,3.5171534481720308e-06,2.876808486444159e-06,0.5602818266562093,0.27722772277227725,100,6.403449617278719e-07
task,409,striatum,39,All,112,bipolar,pac_between,low_gamma,DMS,ACC,,,3.513550902578961e-06,3.2007750501554257e-06,0.22824586369587982,0.32673267326732675,100,3.127758524235354e-07
task,409,striatum,39,All,112,bipolar,pac_between,high_gamma,DMS,ACC,,,1.0923599082272492e-05,3.09474896499804e-06,6.126202014557318,0.009900990099009901,100,7.828850117274451e-06
task,409,striatum,39,All,112,bipolar,pac_between,low_gamma,DMS,DLS,,,4.354613712108762e-06,3.426709756622871e-06,0.600595424487021,0.24752475247524752,100,9.279039554858908e-07
task,409,striatum,39,All,112,bipolar,pac_between,high_gamma,DMS,DLS,,,1.817684581083703e-06,2.998310073808448e-06,-0.9498293702784167,0.8613861386138614,100,-1.1806254927247448e-06
task,409,striatum,39,Naive,10,monopolar,same_freq,theta,ACC,DLS,0.29295979434224834,-0.009322584443816943,,,,,,
task,409,striatum,39,Naive,10,monopolar,same_freq,low_gamma,ACC,DLS,0.25621178429097563,0.17936588670294426,,,,,,
task,409,striatum,39,Naive,10,monopolar,same_freq,high_gamma,ACC,DLS,0.18422459652297246,0.12096455577081819,,,,,,
task,409,striatum,39,Naive,10,monopolar,same_freq,theta,ACC,DMS,0.2716489660545484,-0.0840300251534076,,,,,,
task,409,striatum,39,Naive,10,monopolar,same_freq,low_gamma,ACC,DMS,0.2053797216794935,0.14041367095387677,,,,,,
task,409,striatum,39,Naive,10,monopolar,same_freq,high_gamma,ACC,DMS,0.13974050155977724,0.08843650409337742,,,,,,
task,409,striatum,39,Naive,10,monopolar,same_freq,theta,DLS,DMS,0.7629069103919714,0.05663413152944874,,,,,,
task,409,striatum,39,Naive,10,monopolar,same_freq,low_gamma,DLS,DMS,0.5531923856914215,0.11263076191083238,,,,,,
task,409,striatum,39,Naive,10,monopolar,same_freq,high_gamma,DLS,DMS,0.30591279644596736,0.08614052791210491,,,,,,
task,409,striatum,39,Naive,10,monopolar,pac_within,low_gamma,ACC,ACC,,,5.7106349489812075e-05,2.0633920568057652e-05,3.5599309703598228,0.009900990099009901,100,3.647242892175442e-05
task,409,striatum,39,Naive,10,monopolar,pac_within,high_gamma,ACC,ACC,,,0.00025779920742330023,1.955013196880916e-05,27.653147250807002,0.009900990099009901,100,0.00023824907545449107
task,409,striatum,39,Naive,10,monopolar,pac_within,low_gamma,DLS,DLS,,,0.0010166005530424583,2.266721639081665e-05,110.07492882621399,0.009900990099009901,100,0.0009939333366516417
task,409,striatum,39,Naive,10,monopolar,pac_within,high_gamma,DLS,DLS,,,8.657860357726796e-05,1.7866078714478693e-05,9.881529036320181,0.009900990099009901,100,6.871252486278926e-05
task,409,striatum,39,Naive,10,monopolar,pac_within,low_gamma,DMS,DMS,,,0.0012996031098665092,2.489899780001841e-05,90.72217665000653,0.009900990099009901,100,0.0012747041120664908
task,409,striatum,39,Naive,10,monopolar,pac_within,high_gamma,DMS,DMS,,,0.00014189370655788122,1.8699545132163014e-05,16.40419522690714,0.009900990099009901,100,0.0001231941614257182
task,409,striatum,39,Naive,10,monopolar,pac_between,low_gamma,ACC,DLS,,,0.0009297584335395551,2.3022394880793477e-05,85.52743133732311,0.009900990099009901,100,0.0009067360386587616
task,409,striatum,39,Naive,10,monopolar,pac_between,high_gamma,ACC,DLS,,,4.738128813118239e-05,1.969541610565315e-05,3.7653204143337944,0.009900990099009901,100,2.7685872025529243e-05
task,409,striatum,39,Naive,10,monopolar,pac_between,low_gamma,ACC,DMS,,,0.00096564172590699,2.2953142148079303e-05,91.83853806844894,0.009900990099009901,100,0.0009426885837589107
task,409,striatum,39,Naive,10,monopolar,pac_between,high_gamma,ACC,DMS,,,4.531298337546673e-05,1.8552162057508375e-05,3.258754282657514,0.019801980198019802,100,2.6760821317958357e-05
task,409,striatum,39,Naive,10,monopolar,pac_between,low_gamma,DLS,ACC,,,3.604809660126421e-05,2.223420957375939e-05,1.4101508051764298,0.10891089108910891,100,1.3813887027504821e-05
task,409,striatum,39,Naive,10,monopolar,pac_between,high_gamma,DLS,ACC,,,0.0002177922310583401,2.0754894278938663e-05,21.255522544714474,0.009900990099009901,100,0.00019703733677940144
task,409,striatum,39,Naive,10,monopolar,pac_between,low_gamma,DLS,DMS,,,0.0013201388626595117,2.331552584611182e-05,107.75233328248328,0.009900990099009901,100,0.0012968233368134
task,409,striatum,39,Naive,10,monopolar,pac_between,high_gamma,DLS,DMS,,,0.00011806453444300541,1.79099793936724e-05,13.398348391490462,0.009900990099009901,100,0.00010015455504933301
task,409,striatum,39,Naive,10,monopolar,pac_between,low_gamma,DMS,ACC,,,4.885730096711987e-05,2.1062372095469067e-05,2.510391259309146,0.039603960396039604,100,2.77949288716508e-05
task,409,striatum,39,Naive,10,monopolar,pac_between,high_gamma,DMS,ACC,,,0.0003022812785686842,2.0306374691887453e-05,31.248546213047096,0.009900990099009901,100,0.0002819749038767967
task,409,striatum,39,Naive,10,monopolar,pac_between,low_gamma,DMS,DLS,,,0.001014416243323104,2.3675501344247685e-05,99.08634415482382,0.009900990099009901,100,0.0009907407419788563
task,409,striatum,39,Naive,10,monopolar,pac_between,high_gamma,DMS,DLS,,,0.0001145990287493274,1.933034202477219e-05,10.89951043893218,0.009900990099009901,100,9.526868672455522e-05
task,409,striatum,39,Naive,10,bipolar,same_freq,theta,ACC,DLS,0.034300193477718684,0.0023917904396958097,,,,,,
task,409,striatum,39,Naive,10,bipolar,same_freq,low_gamma,ACC,DLS,0.1255337216474613,0.08813390947881591,,,,,,
task,409,striatum,39,Naive,10,bipolar,same_freq,high_gamma,ACC,DLS,0.10467964371141583,0.0778980881972194,,,,,,
task,409,striatum,39,Naive,10,bipolar,same_freq,theta,ACC,DMS,0.09868574003391864,0.07520747358386573,,,,,,
task,409,striatum,39,Naive,10,bipolar,same_freq,low_gamma,ACC,DMS,0.06636414809093591,0.04121306557390855,,,,,,
task,409,striatum,39,Naive,10,bipolar,same_freq,high_gamma,ACC,DMS,0.05780306870877575,0.03747807291780146,,,,,,
task,409,striatum,39,Naive,10,bipolar,same_freq,theta,DLS,DMS,0.16476966096251353,-0.004577796645202132,,,,,,
task,409,striatum,39,Naive,10,bipolar,same_freq,low_gamma,DLS,DMS,0.05718178140326162,0.039261088034158634,,,,,,
task,409,striatum,39,Naive,10,bipolar,same_freq,high_gamma,DLS,DMS,0.047972124535985185,0.03050715058257623,,,,,,
task,409,striatum,39,Naive,10,bipolar,pac_within,low_gamma,ACC,ACC,,,0.00010884367386703735,1.9867112941096198e-05,10.927441221290218,0.009900990099009901,100,8.897656092594116e-05
task,409,striatum,39,Naive,10,bipolar,pac_within,high_gamma,ACC,ACC,,,0.00021380607315322169,1.9024546732625013e-05,26.63486744872276,0.009900990099009901,100,0.00019478152642059667
task,409,striatum,39,Naive,10,bipolar,pac_within,low_gamma,DLS,DLS,,,1.4586878050090156e-05,2.032223251577029e-05,-0.5923977561750646,0.7128712871287128,100,-5.735354465680132e-06
task,409,striatum,39,Naive,10,bipolar,pac_within,high_gamma,DLS,DLS,,,9.000234235808039e-06,1.7858337378191757e-05,-1.3761931052485132,0.9603960396039604,100,-8.858103142383718e-06
task,409,striatum,39,Naive,10,bipolar,pac_within,low_gamma,DMS,DMS,,,6.929269327314387e-06,1.784912311380838e-05,-1.3186416665265244,0.9306930693069307,100,-1.0919853786493993e-05
task,409,striatum,39,Naive,10,bipolar,pac_within,high_gamma,DMS,DMS,,,1.617943197047966e-05,1.6930560224501557e-05,-0.10640070837651196,0.46534653465346537,100,-7.51128254021898e-07
task,409,striatum,39,Naive,10,bipolar,pac_between,low_gamma,ACC,DLS,,,1.5631417305294975e-05,2.0288869490420777e-05,-0.5640402226387368,0.6534653465346535,100,-4.6574521851258026e-06
task,409,striatum,39,Naive,10,bipolar,pac_between,high_gamma,ACC,DLS,,,1.003071758187251e-05,1.6731546613931008e-05,-1.0821769043970468,0.8811881188118812,100,-6.7008290320584975e-06
task,409,striatum,39,Naive,10,bipolar,pac_between,low_gamma,ACC,DMS,,,5.058675145487837e-06,2.0049625086875172e-05,-1.6204134658223568,0.9900990099009901,100,-1.4990949941387335e-05
task,409,striatum,39,Naive,10,bipolar,pac_between,high_gamma,ACC,DMS,,,1.4328567947475239e-05,1.7841770971651067e-05,-0.5036484373428189,0.6633663366336634,100,-3.5132030241758284e-06
task,409,striatum,39,Naive,10,bipolar,pac_between,low_gamma,DLS,ACC,,,2.0450807529069183e-05,2.0075151722783825e-05,0.04943332576803595,0.44554455445544555,100,3.756558062853574e-07
task,409,striatum,39,Naive,10,bipolar,pac_between,high_gamma,DLS,ACC,,,4.858428974800437e-05,2.0017517400455005e-05,3.609676510277328,0.019801980198019802,100,2.8566772347549367e-05
task,409,striatum,39,Naive,10,bipolar,pac_between,low_gamma,DLS,DMS,,,1.900961085915867e-05,1.8161316853736155e-05,0.10335765853015025,0.3564356435643564,100,8.482940054225154e-07
task,409,striatum,39,Naive,10,bipolar,pac_between,high_gamma,DLS,DMS,,,2.362711407332918e-05,1.6840370068806597e-05,1.0540205918055265,0.12871287128712872,100,6.786744004522584e-06
task,409,striatum,39,Naive,10,bipolar,pac_between,low_gamma,DMS,ACC,,,1.7096579055989922e-05,2.024467523964494e-05,-0.34759674231326765,0.6237623762376238,100,-3.148096183655019e-06
task,409,striatum,39,Naive,10,bipolar,pac_between,high_gamma,DMS,ACC,,,1.579023477658376e-05,2.033420856160164e-05,-0.5807298189255318,0.693069306930693,100,-4.543973785017879e-06
task,409,striatum,39,Naive,10,bipolar,pac_between,low_gamma,DMS,DLS,,,2.5050150971358515e-05,2.0919066520813808e-05,0.4553988612976241,0.2871287128712871,100,4.131084450544707e-06
task,409,striatum,39,Naive,10,bipolar,pac_between,high_gamma,DMS,DLS,,,2.4063375081621608e-05,1.8666350858092387e-05,0.7474120345925309,0.24752475247524752,100,5.3970242235292216e-06
task,409,striatum,39,Intermediate,10,monopolar,same_freq,theta,ACC,DLS,0.1573924284590345,-0.013900330540047707,,,,,,
task,409,striatum,39,Intermediate,10,monopolar,same_freq,low_gamma,ACC,DLS,0.0496896028952178,0.015995291291899347,,,,,,
task,409,striatum,39,Intermediate,10,monopolar,same_freq,high_gamma,ACC,DLS,0.0229055325953182,0.00785538008285693,,,,,,
task,409,striatum,39,Intermediate,10,monopolar,same_freq,theta,ACC,DMS,0.1415599509871044,-0.047798338829245314,,,,,,
task,409,striatum,39,Intermediate,10,monopolar,same_freq,low_gamma,ACC,DMS,0.05030612413984743,0.023515357057781898,,,,,,
task,409,striatum,39,Intermediate,10,monopolar,same_freq,high_gamma,ACC,DMS,0.024225651569080735,0.006240779616601643,,,,,,
task,409,striatum,39,Intermediate,10,monopolar,same_freq,theta,DLS,DMS,0.718689749865283,0.07541015974570672,,,,,,
task,409,striatum,39,Intermediate,10,monopolar,same_freq,low_gamma,DLS,DMS,0.44912259342831673,0.009919570639075587,,,,,,
task,409,striatum,39,Intermediate,10,monopolar,same_freq,high_gamma,DLS,DMS,0.22077310763394442,0.009310576316970931,,,,,,
task,409,striatum,39,Intermediate,10,monopolar,pac_within,low_gamma,ACC,ACC,,,0.0002098092248705198,3.982749249263763e-05,9.839083255164772,0.009900990099009901,100,0.00016998173237788217
task,409,striatum,39,Intermediate,10,monopolar,pac_within,high_gamma,ACC,ACC,,,0.0003218393828774672,4.073503682026223e-05,16.407611588674747,0.009900990099009901,100,0.00028110434605720493
task,409,striatum,39,Intermediate,10,monopolar,pac_within,low_gamma,DLS,DLS,,,0.0021043713562267333,5.287489514936704e-05,71.93789538221968,0.009900990099009901,100,0.0020514964610773663
task,409,striatum,39,Intermediate,10,monopolar,pac_within,high_gamma,DLS,DLS,,,9.726220834263171e-05,4.059086756703523e-05,4.076019577938047,0.009900990099009901,100,5.667134077559648e-05
task,409,striatum,39,Intermediate,10,monopolar,pac_within,low_gamma,DMS,DMS,,,0.002249369190868718,5.380375008128308e-05,97.27900054957723,0.009900990099009901,100,0.002195565440787435
task,409,striatum,39,Intermediate,10,monopolar,pac_within,high_gamma,DMS,DMS,,,0.00019305003785269855,3.841808326614612e-05,9.330277970130076,0.009900990099009901,100,0.00015463195458655243
task,409,striatum,39,Intermediate,10,monopolar,pac_between,low_gamma,ACC,DLS,,,0.001273332696148581,5.3855583761404496e-05,46.18903473131549,0.009900990099009901,100,0.0012194771123871764
task,409,striatum,39,Intermediate,10,monopolar,pac_between,high_gamma,ACC,DLS,,,6.730294292826119e-05,3.849720289650593e-05,2.096858124829543,0.04950495049504951,100,2.8805740031755255e-05
task,409,striatum,39,Intermediate,10,monopolar,pac_between,low_gamma,ACC,DMS,,,0.0015347108203452135,5.446242741894682e-05,58.88796120020675,0.009900990099009901,100,0.0014802483929262668
task,409,striatum,39,Intermediate,10,monopolar,pac_between,high_gamma,ACC,DMS,,,0.00012436907798136907,3.968563169232548e-05,4.620756182321328,0.019801980198019802,100,8.468344628904359e-05
task,409,striatum,39,Intermediate,10,monopolar,pac_between,low_gamma,DLS,ACC,,,0.0002991955735622681,3.9761052048039816e-05,13.429210174672383,0.009900990099009901,100,0.0002594345215142283
task,409,striatum,39,Intermediate,10,monopolar,pac_between,high_gamma,DLS,ACC,,,0.00022773177988962942,4.0347626055578756e-05,11.208454247173794,0.009900990099009901,100,0.00018738415383405066
task,409,striatum,39,Intermediate,10,monopolar,pac_between,low_gamma,DLS,DMS,,,0.002271284434178906,5.5143351974949766e-05,90.91760383420909,0.009900990099009901,100,0.0022161410822039563
task,409,striatum,39,Intermediate,10,monopolar,pac_between,high_gamma,DLS,DMS,,,0.00018236708763888176,3.876242750114707e-05,9.212099812512962,0.009900990099009901,100,0.00014360466013773468
task,409,striatum,39,Intermediate,10,monopolar,pac_between,low_gamma,DMS,ACC,,,0.00025431697622364834,3.914265912382453e-05,11.090665545513644,0.009900990099009901,100,0.00021517431709982383
task,409,striatum,39,Intermediate,10,monopolar,pac_between,high_gamma,DMS,ACC,,,0.0002716452232398258,4.147134588833833e-05,13.078929717265598,0.009900990099009901,100,0.0002301738773514875
task,409,striatum,39,Intermediate,10,monopolar,pac_between,low_gamma,DMS,DLS,,,0.0020113705212171317,5.264514727282117e-05,71.04680016723349,0.009900990099009901,100,0.0019587253739443105
task,409,striatum,39,Intermediate,10,monopolar,pac_between,high_gamma,DMS,DLS,,,0.00012180011790311242,3.8732313430298e-05,6.066394005949057,0.009900990099009901,100,8.306780447281442e-05
task,409,striatum,39,Intermediate,10,bipolar,same_freq,theta,ACC,DLS,0.16774095296377584,0.05448914388386075,,,,,,
task,409,striatum,39,Intermediate,10,bipolar,same_freq,low_gamma,ACC,DLS,-0.004436221482720762,-0.012873443566702066,,,,,,
task,409,striatum,39,Intermediate,10,bipolar,same_freq,high_gamma,ACC,DLS,0.0043226655698793606,0.0012225543779644187,,,,,,
task,409,striatum,39,Intermediate,10,bipolar,same_freq,theta,ACC,DMS,0.1433246142094557,0.05137467480982309,,,,,,
task,409,striatum,39,Intermediate,10,bipolar,same_freq,low_gamma,ACC,DMS,0.02037412928946946,0.014801536706677033,,,,,,
task,409,striatum,39,Intermediate,10,bipolar,same_freq,high_gamma,ACC,DMS,-0.001943902837224757,-0.007061726166637978,,,,,,
task,409,striatum,39,Intermediate,10,bipolar,same_freq,theta,DLS,DMS,0.3995945077057355,0.0792611349557094,,,,,,
task,409,striatum,39,Intermediate,10,bipolar,same_freq,low_gamma,DLS,DMS,0.006401691995405429,-0.007973981482555218,,,,,,
task,409,striatum,39,Intermediate,10,bipolar,same_freq,high_gamma,DLS,DMS,0.0031262833995233646,-0.005355143716892103,,,,,,
task,409,striatum,39,Intermediate,10,bipolar,pac_within,low_gamma,ACC,ACC,,,4.646146336468892e-05,4.1765596462208404e-05,0.2606752908642646,0.33663366336633666,100,4.695866902480514e-06
task,409,striatum,39,Intermediate,10,bipolar,pac_within,high_gamma,ACC,ACC,,,0.00014729952925579976,4.021150001402039e-05,7.584750834825538,0.009900990099009901,100,0.00010708802924177938
task,409,striatum,39,Intermediate,10,bipolar,pac_within,low_gamma,DLS,DLS,,,6.604589085535657e-05,4.049096408233784e-05,1.3112361333984661,0.09900990099009901,100,2.5554926773018733e-05
task,409,striatum,39,Intermediate,10,bipolar,pac_within,high_gamma,DLS,DLS,,,2.6453454325934945e-05,3.963561346350453e-05,-0.8432808292719497,0.7920792079207921,100,-1.3182159137569587e-05
task,409,striatum,39,Intermediate,10,bipolar,pac_within,low_gamma,DMS,DMS,,,4.385506671018959e-05,4.099561850200891e-05,0.17482933493994118,0.39603960396039606,100,2.859448208180681e-06
task,409,striatum,39,Intermediate,10,bipolar,pac_within,high_gamma,DMS,DMS,,,3.588181050466755e-05,3.7109803856754354e-05,-0.09055676343046805,0.46534653465346537,100,-1.2279933520868052e-06
task,409,striatum,39,Intermediate,10,bipolar,pac_between,low_gamma,ACC,DLS,,,1.3204420011894531e-05,4.131393498670557e-05,-1.561724876492236,0.9801980198019802,100,-2.8109514974811036e-05
task,409,striatum,39,Intermediate,10,bipolar,pac_between,high_gamma,ACC,DLS,,,2.6950750405120225e-05,3.809094642810864e-05,-0.7258822180708778,0.7128712871287128,100,-1.1140196022988418e-05
task,409,striatum,39,Intermediate,10,bipolar,pac_between,low_gamma,ACC,DMS,,,5.1999974453803186e-05,4.3380236559756194e-05,0.42602499016904244,0.26732673267326734,100,8.619737894046992e-06
task,409,striatum,39,Intermediate,10,bipolar,pac_between,high_gamma,ACC,DMS,,,1.7510096103707173e-05,3.940276553180287e-05,-1.484537060452277,0.9900990099009901,100,-2.18926694280957e-05
task,409,striatum,39,Intermediate,10,bipolar,pac_between,low_gamma,DLS,ACC,,,5.787848048061207e-05,3.972972048067054e-05,1.0613261556588507,0.12871287128712872,100,1.814875999994153e-05
task,409,striatum,39,Intermediate,10,bipolar,pac_between,high_gamma,DLS,ACC,,,6.375351050037245e-05,4.053063371100976e-05,1.4390871613990672,0.06930693069306931,100,2.3222876789362694e-05
task,409,striatum,39,Intermediate,10,bipolar,pac_between,low_gamma,DLS,DMS,,,4.217929515317542e-05,4.1181570716020474e-05,0.05140398718715837,0.46534653465346537,100,9.977244371549488e-07
task,409,striatum,39,Intermediate,10,bipolar,pac_between,high_gamma,DLS,DMS,,,3.2728440792851495e-05,3.7759446768003644e-05,-0.3454755458425203,0.5742574257425742,100,-5.031005975152149e-06
task,409,striatum,39,Intermediate,10,bipolar,pac_between,low_gamma,DMS,ACC,,,9.680657058787996e-05,4.1388767455272974e-05,3.474472157398244,0.009900990099009901,100,5.5417803132606984e-05
task,409,striatum,39,Intermediate,10,bipolar,pac_between,high_gamma,DMS,ACC,,,7.046595406943527e-05,3.880224572883815e-05,1.9907802359139388,0.0594059405940594,100,3.166370834059712e-05
task,409,striatum,39,Intermediate,10,bipolar,pac_between,low_gamma,DMS,DLS,,,6.74458554571987e-05,4.19498000392134e-05,1.3132368094210434,0.12871287128712872,100,2.5496055417985306e-05
task,409,striatum,39,Intermediate,10,bipolar,pac_between,high_gamma,DMS,DLS,,,3.881433507282703e-05,3.842573329338383e-05,0.023014692330366352,0.43564356435643564,100,3.886017794432021e-07
task,409,striatum,39,Expert,10,monopolar,same_freq,theta,ACC,DLS,0.06689345234866936,-0.09466807874269517,,,,,,
task,409,striatum,39,Expert,10,monopolar,same_freq,low_gamma,ACC,DLS,0.06960984277325356,0.031771155985141714,,,,,,
task,409,striatum,39,Expert,10,monopolar,same_freq,high_gamma,ACC,DLS,0.02488596946504145,0.01184633471279654,,,,,,
task,409,striatum,39,Expert,10,monopolar,same_freq,theta,ACC,DMS,0.06817449797907016,-0.1290812945711453,,,,,,
task,409,striatum,39,Expert,10,monopolar,same_freq,low_gamma,ACC,DMS,0.06424887721484993,0.03544823096777801,,,,,,
task,409,striatum,39,Expert,10,monopolar,same_freq,high_gamma,ACC,DMS,0.022404646767345666,0.007802020836918502,,,,,,
task,409,striatum,39,Expert,10,monopolar,same_freq,theta,DLS,DMS,0.7638648700048796,0.03914926676540241,,,,,,
task,409,striatum,39,Expert,10,monopolar,same_freq,low_gamma,DLS,DMS,0.44365114776608766,9.326415414969542e-05,,,,,,
task,409,striatum,39,Expert,10,monopolar,same_freq,high_gamma,DLS,DMS,0.21838164486765363,-0.00015816875924447218,,,,,,
task,409,striatum,39,Expert,10,monopolar,pac_within,low_gamma,ACC,ACC,,,0.00016992150889047621,4.235655477650275e-05,7.08548953595927,0.009900990099009901,100,0.00012756495411397347
task,409,striatum,39,Expert,10,monopolar,pac_within,high_gamma,ACC,ACC,,,0.0003400469307702482,4.666552473922158e-05,16.68882062451935,0.009900990099009901,100,0.0002933814060310266
task,409,striatum,39,Expert,10,monopolar,pac_within,low_gamma,DLS,DLS,,,0.0018689470752751337,5.2829753580519924e-05,71.37458061814296,0.009900990099009901,100,0.0018161173216946138
task,409,striatum,39,Expert,10,monopolar,pac_within,high_gamma,DLS,DLS,,,0.00011561819336937871,4.140344531881623e-05,4.2097312345054005,0.009900990099009901,100,7.421474805056248e-05
task,409,striatum,39,Expert,10,monopolar,pac_within,low_gamma,DMS,DMS,,,0.0021364830769780552,5.98766308220882e-05,62.13608273724823,0.009900990099009901,100,0.002076606446155967
task,409,striatum,39,Expert,10,monopolar,pac_within,high_gamma,DMS,DMS,,,0.00016049514405570337,4.041846988160878e-05,6.8301028067995695,0.009900990099009901,100,0.0001200766741740946
task,409,striatum,39,Expert,10,monopolar,pac_between,low_gamma,ACC,DLS,,,0.0009848273479425255,5.2451389784000313e-05,30.970496843236763,0.009900990099009901,100,0.0009323759581585251
task,409,striatum,39,Expert,10,monopolar,pac_between,high_gamma,ACC,DLS,,,0.00011103540501877053,4.2131195947586065e-05,4.123245400300593,0.009900990099009901,100,6.890420907118447e-05
task,409,striatum,39,Expert,10,monopolar,pac_between,low_gamma,ACC,DMS,,,0.0013963758083267081,5.387047710752061e-05,50.088931757504085,0.009900990099009901,100,0.0013425053312191876
task,409,striatum,39,Expert,10,monopolar,pac_between,high_gamma,ACC,DMS,,,7.790363965845281e-05,4.22018530003591e-05,2.159571884798423,0.04950495049504951,100,3.570178665809371e-05
task,409,striatum,39,Expert,10,monopolar,pac_between,low_gamma,DLS,ACC,,,0.00018833638414333782,3.9991731859881126e-05,8.15692572461072,0.009900990099009901,100,0.0001483446522834567
task,409,striatum,39,Expert,10,monopolar,pac_between,high_gamma,DLS,ACC,,,0.00032013164999760704,4.6550128508708964e-05,15.103091473270489,0.009900990099009901,100,0.0002735815214888981
task,409,striatum,39,Expert,10,monopolar,pac_between,low_gamma,DLS,DMS,,,0.0022539633263564795,5.872096285109217e-05,79.20617228656718,0.009900990099009901,100,0.0021952423635053873
task,409,striatum,39,Expert,10,monopolar,pac_between,high_gamma,DLS,DMS,,,0.0001483356890544983,3.93392064641459e-05,7.019343691517214,0.009900990099009901,100,0.0001089964825903524
task,409,striatum,39,Expert,10,monopolar,pac_between,low_gamma,DMS,ACC,,,0.00020153609190414937,3.981527639795055e-05,9.029295941312114,0.009900990099009901,100,0.00016172081550619883
task,409,striatum,39,Expert,10,monopolar,pac_between,high_gamma,DMS,ACC,,,0.00035532658482242887,4.494171000371158e-05,16.372140756828728,0.009900990099009901,100,0.0003103848748187173
task,409,striatum,39,Expert,10,monopolar,pac_between,low_gamma,DMS,DLS,,,0.0017734099139251253,5.497125701086606e-05,64.64044974095627,0.009900990099009901,100,0.0017184386569142592
task,409,striatum,39,Expert,10,monopolar,pac_between,high_gamma,DMS,DLS,,,0.00011161132624217906,4.16963378453761e-05,3.6034371467987674,0.019801980198019802,100,6.991498839680296e-05
task,409,striatum,39,Expert,10,bipolar,same_freq,theta,ACC,DLS,0.057932071075498005,0.0011700386458672607,,,,,,
task,409,striatum,39,Expert,10,bipolar,same_freq,low_gamma,ACC,DLS,0.008567032280771334,0.0009601996099901532,,,,,,
task,409,striatum,39,Expert,10,bipolar,same_freq,high_gamma,ACC,DLS,0.008363621807873133,0.010450829188696881,,,,,,
task,409,striatum,39,Expert,10,bipolar,same_freq,theta,ACC,DMS,0.04501180707878572,0.005983369758573618,,,,,,
task,409,striatum,39,Expert,10,bipolar,same_freq,low_gamma,ACC,DMS,0.019367816142841894,0.018363104024435258,,,,,,
task,409,striatum,39,Expert,10,bipolar,same_freq,high_gamma,ACC,DMS,0.009798612629041262,0.0018884080044585907,,,,,,
task,409,striatum,39,Expert,10,bipolar,same_freq,theta,DLS,DMS,0.35884182381815155,-0.032343887060815146,,,,,,
task,409,striatum,39,Expert,10,bipolar,same_freq,low_gamma,DLS,DMS,-0.018058993931184895,-0.014181647641231712,,,,,,
task,409,striatum,39,Expert,10,bipolar,same_freq,high_gamma,DLS,DMS,-0.003596504029097565,-0.006359151092585013,,,,,,
task,409,striatum,39,Expert,10,bipolar,pac_within,low_gamma,ACC,ACC,,,7.53193244833982e-05,4.741452721932858e-05,1.4257800556452205,0.09900990099009901,100,2.790479726406962e-05
task,409,striatum,39,Expert,10,bipolar,pac_within,high_gamma,ACC,ACC,,,0.0002349552318523736,4.382808193425077e-05,13.271998361309807,0.009900990099009901,100,0.00019112714991812284
task,409,striatum,39,Expert,10,bipolar,pac_within,low_gamma,DLS,DLS,,,5.149929149464339e-05,4.33315413816165e-05,0.4802113458072042,0.2871287128712871,100,8.167750113026887e-06
task,409,striatum,39,Expert,10,bipolar,pac_within,high_gamma,DLS,DLS,,,6.437145824607775e-05,4.511899303291842e-05,1.2078487544085128,0.13861386138613863,100,1.9252465213159328e-05
task,409,striatum,39,Expert,10,bipolar,pac_within,low_gamma,DMS,DMS,,,2.1203277565829973e-05,5.178919040589117e-05,-1.2579954051073687,0.9306930693069307,100,-3.0585912840061196e-05
task,409,striatum,39,Expert,10,bipolar,pac_within,high_gamma,DMS,DMS,,,4.2705401635575626e-05,4.200635837456027e-05,0.04326739380370659,0.39603960396039606,100,6.990432610153564e-07
task,409,striatum,39,Expert,10,bipolar,pac_between,low_gamma,ACC,DLS,,,6.868745426226564e-05,4.7386652956139505e-05,0.9964495864128287,0.15841584158415842,100,2.130080130612613e-05
task,409,striatum,39,Expert,10,bipolar,pac_between,high_gamma,ACC,DLS,,,5.7513521363039705e-05,3.9795090344304894e-05,0.9906513684385823,0.1782178217821782,100,1.771843101873481e-05
task,409,striatum,39,Expert,10,bipolar,pac_between,low_gamma,ACC,DMS,,,7.8715971961659e-05,4.472696712252233e-05,1.8611531465096733,0.04950495049504951,100,3.3989004839136676e-05
task,409,striatum,39,Expert,10,bipolar,pac_between,high_gamma,ACC,DMS,,,3.023585384359128e-05,4.1530765532853794e-05,-0.6588734644127338,0.7326732673267327,100,-1.1294911689262513e-05
task,409,striatum,39,Expert,10,bipolar,pac_between,low_gamma,DLS,ACC,,,5.1660859332510434e-05,4.6931989949735056e-05,0.22300656964192914,0.27722772277227725,100,4.728869382775378e-06
task,409,striatum,39,Expert,10,bipolar,pac_between,high_gamma,DLS,ACC,,,6.324813262950604e-05,4.2771633294901276e-05,1.1033424877374087,0.15841584158415842,100,2.0476499334604764e-05
task,409,striatum,39,Expert,10,bipolar,pac_between,low_gamma,DLS,DMS,,,7.038039339776537e-05,4.88960008324253e-05,0.9406566800600866,0.15841584158415842,100,2.148439256534007e-05
task,409,striatum,39,Expert,10,bipolar,pac_between,high_gamma,DLS,DMS,,,4.513927653312777e-05,4.105916891348151e-05,0.24241443409587646,0.40594059405940597,100,4.080107619646262e-06
task,409,striatum,39,Expert,10,bipolar,pac_between,low_gamma,DMS,ACC,,,8.153830696598116e-05,4.829768917013767e-05,1.5178060352360623,0.06930693069306931,100,3.3240617795843495e-05
task,409,striatum,39,Expert,10,bipolar,pac_between,high_gamma,DMS,ACC,,,5.222706704955108e-05,4.5676555407150184e-05,0.33706887875312297,0.32673267326732675,100,6.550511642400895e-06
task,409,striatum,39,Expert,10,bipolar,pac_between,low_gamma,DMS,DLS,,,5.357248256002445e-05,4.808968910307648e-05,0.26964254046254543,0.38613861386138615,100,5.4827934569479716e-06
task,409,striatum,39,Expert,10,bipolar,pac_between,high_gamma,DMS,DLS,,,6.871077908073235e-05,3.8967382341919994e-05,2.2458815621204646,0.039603960396039604,100,2.974339673881236e-05
task,418,striatum,26,All,27,monopolar,same_freq,theta,ACC,DLS,0.3121293154526259,-0.11918141300909635,,,,,,
task,418,striatum,26,All,27,monopolar,same_freq,low_gamma,ACC,DLS,0.08059823550186408,0.026252006680545843,,,,,,
task,418,striatum,26,All,27,monopolar,same_freq,high_gamma,ACC,DLS,0.04271509202118142,0.0188811301219206,,,,,,
task,418,striatum,26,All,27,monopolar,same_freq,theta,ACC,DMS,0.2689502122860112,-0.07908791479677488,,,,,,
task,418,striatum,26,All,27,monopolar,same_freq,low_gamma,ACC,DMS,0.06402225745711734,0.02979630521336008,,,,,,
task,418,striatum,26,All,27,monopolar,same_freq,high_gamma,ACC,DMS,0.06662915281701029,0.03869660755499311,,,,,,
task,418,striatum,26,All,27,monopolar,same_freq,theta,DLS,DMS,0.803520280087757,0.25542913936819955,,,,,,
task,418,striatum,26,All,27,monopolar,same_freq,low_gamma,DLS,DMS,0.6909596294297216,0.017897319507470644,,,,,,
task,418,striatum,26,All,27,monopolar,same_freq,high_gamma,DLS,DMS,0.41051667009789233,0.01815562013122524,,,,,,
task,418,striatum,26,All,27,monopolar,pac_within,low_gamma,ACC,ACC,,,0.00013894654665188934,1.1990669440267022e-05,22.471242917120538,0.009900990099009901,100,0.00012695587721162232
task,418,striatum,26,All,27,monopolar,pac_within,high_gamma,ACC,ACC,,,0.00013532015765004956,1.05242827397366e-05,24.24241313849946,0.009900990099009901,100,0.00012479587491031295
task,418,striatum,26,All,27,monopolar,pac_within,low_gamma,DLS,DLS,,,0.002211983804256323,1.4632167037052306e-05,294.93605361956935,0.009900990099009901,100,0.0021973516372192706
task,418,striatum,26,All,27,monopolar,pac_within,high_gamma,DLS,DLS,,,0.00013179501415951802,1.0493883836867949e-05,24.302036508418865,0.009900990099009901,100,0.00012130113032265007
task,418,striatum,26,All,27,monopolar,pac_within,low_gamma,DMS,DMS,,,0.00399954358190329,1.65883219498278e-05,486.28652737416786,0.009900990099009901,100,0.003982955259953462
task,418,striatum,26,All,27,monopolar,pac_within,high_gamma,DMS,DMS,,,0.000470494133088566,1.1709436400537934e-05,88.31308177611669,0.009900990099009901,100,0.00045878469668802807
task,418,striatum,26,All,27,monopolar,pac_between,low_gamma,ACC,DLS,,,0.0013730364815775647,1.4554731682196927e-05,186.26381600125973,0.009900990099009901,100,0.0013584817498953677
task,418,striatum,26,All,27,monopolar,pac_between,high_gamma,ACC,DLS,,,8.488892414157947e-05,1.1245823409624504e-05,16.341186417637093,0.009900990099009901,100,7.364310073195496e-05
task,418,striatum,26,All,27,monopolar,pac_between,low_gamma,ACC,DMS,,,0.002719181670241256,1.627241929952155e-05,300.0078607633541,0.009900990099009901,100,0.0027029092509417343
task,418,striatum,26,All,27,monopolar,pac_between,high_gamma,ACC,DMS,,,0.0003224875040331335,1.2174768400794605e-05,57.368291490583836,0.009900990099009901,100,0.00031031273563233893
task,418,striatum,26,All,27,monopolar,pac_between,low_gamma,DLS,ACC,,,0.0001856352305716198,1.2011060340008678e-05,34.90571185214969,0.009900990099009901,100,0.0001736241702316111
task,418,striatum,26,All,27,monopolar,pac_between,high_gamma,DLS,ACC,,,0.00017654814856675593,1.0380308126369726e-05,33.40942063964506,0.009900990099009901,100,0.0001661678404403862
task,418,striatum,26,All,27,monopolar,pac_between,low_gamma,DLS,DMS,,,0.0040749207077003064,1.6866570524109903e-05,459.2349828009012,0.009900990099009901,100,0.004058054137176197
task,418,striatum,26,All,27,monopolar,pac_between,high_gamma,DLS,DMS,,,0.0004933154542863099,1.1775092399218649e-05,96.09746171354448,0.009900990099009901,100,0.00048154036188709123
task,418,striatum,26,All,27,monopolar,pac_between,low_gamma,DMS,ACC,,,0.00019349180336550103,1.2407618214846635e-05,33.9433862851466,0.009900990099009901,100,0.0001810841851506544
task,418,striatum,26,All,27,monopolar,pac_between,high_gamma,DMS,ACC,,,0.00017776687461643626,1.0654246369045175e-05,31.424282495471992,0.009900990099009901,100,0.0001671126282473911
task,418,striatum,26,All,27,monopolar,pac_between,low_gamma,DMS,DLS,,,0.0021361719204675317,1.4451169189449473e-05,307.9705141601497,0.009900990099009901,100,0.0021217207512780824
task,418,striatum,26,All,27,monopolar,pac_between,high_gamma,DMS,DLS,,,0.00012735493535787225,1.0354467261833094e-05,24.141208759990345,0.009900990099009901,100,0.00011700046809603916
task,418,striatum,26,All,27,bipolar,same_freq,theta,ACC,DLS,0.19657630099468784,0.031967138831529296,,,,,,
task,418,striatum,26,All,27,bipolar,same_freq,low_gamma,ACC,DLS,0.018533303026105313,0.011667727120283347,,,,,,
task,418,striatum,26,All,27,bipolar,same_freq,high_gamma,ACC,DLS,0.017407382445139133,0.010437289074509151,,,,,,
task,418,striatum,26,All,27,bipolar,same_freq,theta,ACC,DMS,0.15712500538567095,0.11805948444485899,,,,,,
task,418,striatum,26,All,27,bipolar,same_freq,low_gamma,ACC,DMS,0.03682532677252408,0.022282818309623805,,,,,,
task,418,striatum,26,All,27,bipolar,same_freq,high_gamma,ACC,DMS,0.011084261419925712,0.002775421356687215,,,,,,
task,418,striatum,26,All,27,bipolar,same_freq,theta,DLS,DMS,0.3516228148510111,0.2244244560883174,,,,,,
task,418,striatum,26,All,27,bipolar,same_freq,low_gamma,DLS,DMS,0.05270950509354351,0.033823326103879926,,,,,,
task,418,striatum,26,All,27,bipolar,same_freq,high_gamma,DLS,DMS,0.012014663773041393,0.008546417856276916,,,,,,
task,418,striatum,26,All,27,bipolar,pac_within,low_gamma,ACC,ACC,,,1.1326546053298652e-05,1.1264263894095133e-05,0.013440346717320162,0.42574257425742573,100,6.228215920351872e-08
task,418,striatum,26,All,27,bipolar,pac_within,high_gamma,ACC,ACC,,,6.853232976685503e-06,1.0580541580286858e-05,-0.934612309822914,0.7821782178217822,100,-3.727308603601355e-06
task,418,striatum,26,All,27,bipolar,pac_within,low_gamma,DLS,DLS,,,3.3056531510577626e-05,1.1905720923890892e-05,4.813875866218737,0.009900990099009901,100,2.1150810586686734e-05
task,418,striatum,26,All,27,bipolar,pac_within,high_gamma,DLS,DLS,,,1.3923949984742347e-05,1.0481137204302905e-05,0.945475799829008,0.16831683168316833,100,3.442812780439442e-06
task,418,striatum,26,All,27,bipolar,pac_within,low_gamma,DMS,DMS,,,1.310878915040632e-05,1.1613446353403186e-05,0.3001076353753335,0.3069306930693069,100,1.4953427970031332e-06
task,418,striatum,26,All,27,bipolar,pac_within,high_gamma,DMS,DMS,,,1.9112693503464148e-05,1.0698029798304827e-05,2.204117757279796,0.019801980198019802,100,8.414663705159321e-06
task,418,striatum,26,All,27,bipolar,pac_between,low_gamma,ACC,DLS,,,6.085748120282782e-06,1.078227512309508e-05,-1.1839324409094274,0.8811881188118812,100,-4.696527002812298e-06
task,418,striatum,26,All,27,bipolar,pac_between,high_gamma,ACC,DLS,,,1.0974094004544504e-05,1.0116777733840028e-05,0.21745171731630455,0.3564356435643564,100,8.573162707044758e-07
task,418,striatum,26,All,27,bipolar,pac_between,low_gamma,ACC,DMS,,,1.4576384815533965e-05,1.2574540698593089e-05,0.4139889855932804,0.3069306930693069,100,2.001844116940876e-06
task,418,striatum,26,All,27,bipolar,pac_between,high_gamma,ACC,DMS,,,1.3853331843060759e-05,1.1468432663818094e-05,0.5284116036593951,0.3069306930693069,100,2.384899179242665e-06
task,418,striatum,26,All,27,bipolar,pac_between,low_gamma,DLS,ACC,,,2.9189613809040397e-05,1.1708557481004084e-05,3.848725474205547,0.009900990099009901,100,1.7481056328036315e-05
task,418,striatum,26,All,27,bipolar,pac_between,high_gamma,DLS,ACC,,,1.4308681871931312e-05,1.044478190815821e-05,1.0477979903273678,0.2079207920792079,100,3.863899963773103e-06
task,418,striatum,26,All,27,bipolar,pac_between,low_gamma,DLS,DMS,,,2.354526621409499e-05,1.1910617907908008e-05,2.0407305795103285,0.04950495049504951,100,1.1634648306186983e-05
task,418,striatum,26,All,27,bipolar,pac_between,high_gamma,DLS,DMS,,,7.135808982147163e-06,1.1141033465641329e-05,-0.8503197587017678,0.7920792079207921,100,-4.005224483494166e-06
task,418,striatum,26,All,27,bipolar,pac_between,low_gamma,DMS,ACC,,,8.805591744674594e-06,1.1415848953702152e-05,-0.4848453710524407,0.6534653465346535,100,-2.6102572090275586e-06
task,418,striatum,26,All,27,bipolar,pac_between,high_gamma,DMS,ACC,,,1.173907870368685e-05,1.0463880026703449e-05,0.3633131189263541,0.33663366336633666,100,1.275198676983401e-06
task,418,striatum,26,All,27,bipolar,pac_between,low_gamma,DMS,DLS,,,1.0856069133698263e-05,1.1376533139785968e-05,-0.10508574806526039,0.46534653465346537,100,-5.204640060877048e-07
task,418,striatum,26,All,27,bipolar,pac_between,high_gamma,DMS,DLS,,,1.3532622462537418e-05,9.755868118834501e-06,1.1260792049273454,0.15841584158415842,100,3.776754343702917e-06
task,418,striatum,26,Naive,10,monopolar,same_freq,theta,ACC,DLS,0.33538404073979955,-0.1297791394874856,,,,,,
task,418,striatum,26,Naive,10,monopolar,same_freq,low_gamma,ACC,DLS,0.0789730063255246,0.020667602020208516,,,,,,
task,418,striatum,26,Naive,10,monopolar,same_freq,high_gamma,ACC,DLS,0.05200396434205242,0.025606516824002876,,,,,,
task,418,striatum,26,Naive,10,monopolar,same_freq,theta,ACC,DMS,0.28739165000369576,-0.056713811071790236,,,,,,
task,418,striatum,26,Naive,10,monopolar,same_freq,low_gamma,ACC,DMS,0.07044112674058249,0.022536690306485148,,,,,,
task,418,striatum,26,Naive,10,monopolar,same_freq,high_gamma,ACC,DMS,0.0785453080049845,0.04676925018100868,,,,,,
task,418,striatum,26,Naive,10,monopolar,same_freq,theta,DLS,DMS,0.8130039583867785,0.2941278172516304,,,,,,
task,418,striatum,26,Naive,10,monopolar,same_freq,low_gamma,DLS,DMS,0.6993922145428103,0.028975161749178274,,,,,,
task,418,striatum,26,Naive,10,monopolar,same_freq,high_gamma,DLS,DMS,0.408760693131281,0.01612311557869364,,,,,,
task,418,striatum,26,Naive,10,monopolar,pac_within,low_gamma,ACC,ACC,,,0.00022109621507581946,2.891475309097961e-05,13.056139662713662,0.009900990099009901,100,0.00019218146198483985
task,418,striatum,26,Naive,10,monopolar,pac_within,high_gamma,ACC,ACC,,,0.00012138943196145021,2.7365516546897944e-05,7.2597571480412,0.009900990099009901,100,9.402391541455227e-05
task,418,striatum,26,Naive,10,monopolar,pac_within,low_gamma,DLS,DLS,,,0.00234763748389604,3.218425762006265e-05,133.4392407530401,0.009900990099009901,100,0.0023154532262759774
task,418,striatum,26,Naive,10,monopolar,pac_within,high_gamma,DLS,DLS,,,0.00021091060840145817,2.643858931612623e-05,15.673966803318326,0.009900990099009901,100,0.00018447201908533195
task,418,striatum,26,Naive,10,monopolar,pac_within,low_gamma,DMS,DMS,,,0.004358619486843267,3.778058235466172e-05,198.71138853210758,0.009900990099009901,100,0.004320838904488606
task,418,striatum,26,Naive,10,monopolar,pac_within,high_gamma,DMS,DMS,,,0.0006523234048682045,2.8057710371104783e-05,61.19966060985776,0.009900990099009901,100,0.0006242656944970997
task,418,striatum,26,Naive,10,monopolar,pac_between,low_gamma,ACC,DLS,,,0.0015909073735053522,3.283806901548114e-05,88.02235363463818,0.009900990099009901,100,0.001558069304489871
task,418,striatum,26,Naive,10,monopolar,pac_between,high_gamma,ACC,DLS,,,0.00012795694768495306,2.731067752773739e-05,9.214741005007673,0.009900990099009901,100,0.00010064627015721567
task,418,striatum,26,Naive,10,monopolar,pac_between,low_gamma,ACC,DMS,,,0.0032515408132189195,3.9664386910898e-05,155.012989952841,0.009900990099009901,100,0.0032118764263080217
task,418,striatum,26,Naive,10,monopolar,pac_between,high_gamma,ACC,DMS,,,0.0004947916745499183,2.7236861154496563e-05,44.26794759687364,0.009900990099009901,100,0.0004675548133954217
task,418,striatum,26,Naive,10,monopolar,pac_between,low_gamma,DLS,ACC,,,0.000285537822013339,2.51227954821483e-05,22.20322276382227,0.009900990099009901,100,0.0002604150265311907
task,418,striatum,26,Naive,10,monopolar,pac_between,high_gamma,DLS,ACC,,,0.00014931891648374825,2.8440971902399925e-05,10.5091348405406,0.009900990099009901,100,0.00012087794458134832
task,418,striatum,26,Naive,10,monopolar,pac_between,low_gamma,DLS,DMS,,,0.004431959299867997,3.832360533630314e-05,205.5594062590593,0.009900990099009901,100,0.004393635694531693
task,418,striatum,26,Naive,10,monopolar,pac_between,high_gamma,DLS,DMS,,,0.0006733798053161713,2.807054257628688e-05,59.36376891287544,0.009900990099009901,100,0.0006453092627398844
task,418,striatum,26,Naive,10,monopolar,pac_between,low_gamma,DMS,ACC,,,0.0002743944297693425,2.6264145904253758e-05,20.505848781953333,0.009900990099009901,100,0.00024813028386508877
task,418,striatum,26,Naive,10,monopolar,pac_between,high_gamma,DMS,ACC,,,0.0001736274401322776,2.857646571570524e-05,13.103424849455338,0.009900990099009901,100,0.00014505097441657236
task,418,striatum,26,Naive,10,monopolar,pac_between,low_gamma,DMS,DLS,,,0.0022777806720210726,3.1711745324711605e-05,131.2615912647319,0.009900990099009901,100,0.002246068926696361
task,418,striatum,26,Naive,10,monopolar,pac_between,high_gamma,DMS,DLS,,,0.00020370798864600758,2.670339704173159e-05,14.8161866680098,0.009900990099009901,100,0.00017700459160427599
task,418,striatum,26,Naive,10,bipolar,same_freq,theta,ACC,DLS,0.17099805657938574,0.009275483198744845,,,,,,
task,418,striatum,26,Naive,10,bipolar,same_freq,low_gamma,ACC,DLS,0.012830310699067999,0.008060768547150095,,,,,,
task,418,striatum,26,Naive,10,bipolar,same_freq,high_gamma,ACC,DLS,0.01815259178152143,0.008988830584959931,,,,,,
task,418,striatum,26,Naive,10,bipolar,same_freq,theta,ACC,DMS,0.14505799031675987,0.09211979659931512,,,,,,
task,418,striatum,26,Naive,10,bipolar,same_freq,low_gamma,ACC,DMS,0.03595252896902342,0.02814816459701741,,,,,,
task,418,striatum,26,Naive,10,bipolar,same_freq,high_gamma,ACC,DMS,0.005265726370688183,-0.0012479353980017433,,,,,,
task,418,striatum,26,Naive,10,bipolar,same_freq,theta,DLS,DMS,0.38533852438622584,0.23148118087786296,,,,,,
task,418,striatum,26,Naive,10,bipolar,same_freq,low_gamma,DLS,DMS,0.048601866416183435,0.030403415547618995,,,,,,
task,418,striatum,26,Naive,10,bipolar,same_freq,high_gamma,DLS,DMS,0.012791622844936856,0.012951155979786421,,,,,,
task,418,striatum,26,Naive,10,bipolar,pac_within,low_gamma,ACC,ACC,,,7.008992512857631e-05,2.706581269193697e-05,3.9740010141538455,0.009900990099009901,100,4.3024112436639345e-05
task,418,striatum,26,Naive,10,bipolar,pac_within,high_gamma,ACC,ACC,,,3.55163022321731e-05,2.5364175380525278e-05,0.9809449180286179,0.1485148514851485,100,1.0152126851647825e-05
task,418,striatum,26,Naive,10,bipolar,pac_within,low_gamma,DLS,DLS,,,5.8009467463749174e-05,2.7763758896606152e-05,2.5685711254621717,0.0297029702970297,100,3.0245708567143022e-05
task,418,striatum,26,Naive,10,bipolar,pac_within,high_gamma,DLS,DLS,,,5.200758346070179e-05,2.8047735091538876e-05,2.1597920051076933,0.039603960396039604,100,2.3959848369162913e-05
task,418,striatum,26,Naive,10,bipolar,pac_within,low_gamma,DMS,DMS,,,5.1290396823273844e-05,3.1791798892384674e-05,1.3478655997509927,0.0891089108910891,100,1.949859793088917e-05
task,418,striatum,26,Naive,10,bipolar,pac_within,high_gamma,DMS,DMS,,,6.501094221272569e-05,2.8090488018674056e-05,3.7323877202255447,0.019801980198019802,100,3.692045419405164e-05
task,418,striatum,26,Naive,10,bipolar,pac_between,low_gamma,ACC,DLS,,,1.2830497608443174e-05,2.920440082984078e-05,-1.3298766251507745,0.9504950495049505,100,-1.6373903221397608e-05
task,418,striatum,26,Naive,10,bipolar,pac_between,high_gamma,ACC,DLS,,,2.672543767221667e-05,2.7477003556561016e-05,-0.08821514754270736,0.5742574257425742,100,-7.515658843443444e-07
task,418,striatum,26,Naive,10,bipolar,pac_between,low_gamma,ACC,DMS,,,8.032064120993036e-06,2.9725389763322695e-05,-1.5913017196917945,0.9900990099009901,100,-2.169332564232966e-05
task,418,striatum,26,Naive,10,bipolar,pac_between,high_gamma,ACC,DMS,,,3.380567195948794e-05,2.6276132937944995e-05,0.8478846419963986,0.18811881188118812,100,7.529539021542948e-06
task,418,striatum,26,Naive,10,bipolar,pac_between,low_gamma,DLS,ACC,,,5.407774811320383e-05,2.972650261900518e-05,2.1079122642923296,0.0297029702970297,100,2.435124549419865e-05
task,418,striatum,26,Naive,10,bipolar,pac_between,high_gamma,DLS,ACC,,,4.19024655092827e-05,2.8490457538465323e-05,1.4608385647747812,0.1188118811881188,100,1.3412007970817375e-05
task,418,striatum,26,Naive,10,bipolar,pac_between,low_gamma,DLS,DMS,,,4.1946022085656635e-05,3.2173060831406025e-05,0.6828174610981864,0.2376237623762376,100,9.77296125425061e-06
task,418,striatum,26,Naive,10,bipolar,pac_between,high_gamma,DLS,DMS,,,4.2613321650016775e-05,2.746968504664957e-05,1.2370300854788971,0.09900990099009901,100,1.5143636603367207e-05
task,418,striatum,26,Naive,10,bipolar,pac_between,low_gamma,DMS,ACC,,,3.008978182796892e-05,2.8213937649846132e-05,0.16106722456662795,0.3465346534653465,100,1.8758441781227891e-06
task,418,striatum,26,Naive,10,bipolar,pac_between,high_gamma,DMS,ACC,,,2.0033386831759227e-05,2.724365213748707e-05,-0.7863765693692873,0.7722772277227723,100,-7.210265305727844e-06
task,418,striatum,26,Naive,10,bipolar,pac_between,low_gamma,DMS,DLS,,,2.8242116606312176e-05,3.159356735719907e-05,-0.22393451569315193,0.5346534653465347,100,-3.3514507508868946e-06
task,418,striatum,26,Naive,10,bipolar,pac_between,high_gamma,DMS,DLS,,,2.2425141060995234e-05,2.8267105725565776e-05,-0.5531725617197929,0.6633663366336634,100,-5.841964664570542e-06
task,418,striatum,26,Intermediate,10,monopolar,same_freq,theta,ACC,DLS,0.24977782395986023,-0.1401629375773895,,,,,,
task,418,striatum,26,Intermediate,10,monopolar,same_freq,low_gamma,ACC,DLS,0.07482708067238254,0.021317332966126132,,,,,,
task,418,striatum,26,Intermediate,10,monopolar,same_freq,high_gamma,ACC,DLS,0.03140178897479967,0.010864717979934683,,,,,,
task,418,striatum,26,Intermediate,10,monopolar,same_freq,theta,ACC,DMS,0.21156588421702793,-0.11244703984035634,,,,,,
task,418,striatum,26,Intermediate,10,monopolar,same_freq,low_gamma,ACC,DMS,0.05290983421436568,0.02415525106373631,,,,,,
task,418,striatum,26,Intermediate,10,monopolar,same_freq,high_gamma,ACC,DMS,0.04790706701422795,0.027282066358515315,,,,,,
task,418,striatum,26,Intermediate,10,monopolar,same_freq,theta,DLS,DMS,0.7973957752216987,0.22352869829890076,,,,,,
task,418,striatum,26,Intermediate,10,monopolar,same_freq,low_gamma,DLS,DMS,0.679679193070075,0.007095779762488302,,,,,,
task,418,striatum,26,Intermediate,10,monopolar,same_freq,high_gamma,DLS,DMS,0.3918312087988991,0.023737292793757983,,,,,,
task,418,striatum,26,Intermediate,10,monopolar,pac_within,low_gamma,ACC,ACC,,,0.0001471644962825141,3.44001620475832e-05,6.874757155283494,0.009900990099009901,100,0.00011276433423493092
task,418,striatum,26,Intermediate,10,monopolar,pac_within,high_gamma,ACC,ACC,,,0.00018734798612970004,2.8903481935814492e-05,12.178449135507108,0.009900990099009901,100,0.00015844450419388555
task,418,striatum,26,Intermediate,10,monopolar,pac_within,low_gamma,DLS,DLS,,,0.002091146209260052,3.700155097128708e-05,101.8754512620789,0.009900990099009901,100,0.002054144658288765
task,418,striatum,26,Intermediate,10,monopolar,pac_within,high_gamma,DLS,DLS,,,0.00010475771153540666,2.93029391051578e-05,6.321288677061144,0.009900990099009901,100,7.545477243024886e-05
task,418,striatum,26,Intermediate,10,monopolar,pac_within,low_gamma,DMS,DMS,,,0.003735860727142492,4.566503063292631e-05,110.69661368688446,0.009900990099009901,100,0.003690195696509566
task,418,striatum,26,Intermediate,10,monopolar,pac_within,high_gamma,DMS,DMS,,,0.0003069620067599472,3.278981423412672e-05,19.050092011528132,0.009900990099009901,100,0.00027417219252582047
task,418,striatum,26,Intermediate,10,monopolar,pac_between,low_gamma,ACC,DLS,,,0.0011739088432439191,3.900093033839077e-05,56.576331128981074,0.009900990099009901,100,0.0011349079129055284
task,418,striatum,26,Intermediate,10,monopolar,pac_between,high_gamma,ACC,DLS,,,5.954201311056933e-05,3.0460874024192214e-05,2.5294376073578086,0.019801980198019802,100,2.908113908637712e-05
task,418,striatum,26,Intermediate,10,monopolar,pac_between,low_gamma,ACC,DMS,,,0.002282612406099145,4.641312041091723e-05,76.5048297825605,0.009900990099009901,100,0.0022361992856882278
task,418,striatum,26,Intermediate,10,monopolar,pac_between,high_gamma,ACC,DMS,,,0.00020472683726071103,3.428454717000549e-05,11.14242938568986,0.009900990099009901,100,0.00017044229009070553
task,418,striatum,26,Intermediate,10,monopolar,pac_between,low_gamma,DLS,ACC,,,0.00016867435253442874,3.375258351670174e-05,9.034691118695111,0.009900990099009901,100,0.000134921769017727
task,418,striatum,26,Intermediate,10,monopolar,pac_between,high_gamma,DLS,ACC,,,0.00020184724158933118,3.0116766963000645e-05,13.869470755650843,0.009900990099009901,100,0.00017173047462633052
task,418,striatum,26,Intermediate,10,monopolar,pac_between,low_gamma,DLS,DMS,,,0.0038259429651455222,4.727428353130686e-05,110.07524277004549,0.009900990099009901,100,0.0037786686816142154
task,418,striatum,26,Intermediate,10,monopolar,pac_between,high_gamma,DLS,DMS,,,0.00033090122091353045,3.3829419483206184e-05,19.507781001599948,0.009900990099009901,100,0.0002970718014303243
task,418,striatum,26,Intermediate,10,monopolar,pac_between,low_gamma,DMS,ACC,,,0.00018648278862127792,3.2819299627340095e-05,10.483534002755446,0.009900990099009901,100,0.00015366348899393783
task,418,striatum,26,Intermediate,10,monopolar,pac_between,high_gamma,DMS,ACC,,,0.00018184955690820574,3.0155983963958813e-05,12.630680026319355,0.009900990099009901,100,0.00015169357294424692
task,418,striatum,26,Intermediate,10,monopolar,pac_between,low_gamma,DMS,DLS,,,0.0020426160227214473,3.633142903629067e-05,105.10165361520536,0.009900990099009901,100,0.0020062845936851567
task,418,striatum,26,Intermediate,10,monopolar,pac_between,high_gamma,DMS,DLS,,,8.291617371941977e-05,2.819525575312e-05,4.562213679883136,0.009900990099009901,100,5.472091796629977e-05
task,418,striatum,26,Intermediate,10,bipolar,same_freq,theta,ACC,DLS,0.23064255043743603,0.04859322039652492,,,,,,
task,418,striatum,26,Intermediate,10,bipolar,same_freq,low_gamma,ACC,DLS,0.018857275926005324,0.010822070110240509,,,,,,
task,418,striatum,26,Intermediate,10,bipolar,same_freq,high_gamma,ACC,DLS,0.021023145821766353,0.014040191055742869,,,,,,
task,418,striatum,26,Intermediate,10,bipolar,same_freq,theta,ACC,DMS,0.17324524260382967,0.14368140615849473,,,,,,
task,418,striatum,26,Intermediate,10,bipolar,same_freq,low_gamma,ACC,DMS,0.02027231674390859,0.01170836877395675,,,,,,
task,418,striatum,26,Intermediate,10,bipolar,same_freq,high_gamma,ACC,DMS,0.008516406681518476,-0.0025457659893771884,,,,,,
task,418,striatum,26,Intermediate,10,bipolar,same_freq,theta,DLS,DMS,0.37406645335039707,0.2636195165208051,,,,,,
task,418,striatum,26,Intermediate,10,bipolar,same_freq,low_gamma,DLS,DMS,0.04621371640055823,0.02774856489316345,,,,,,
task,418,striatum,26,Intermediate,10,bipolar,same_freq,high_gamma,DLS,DMS,0.0038919425341467067,-0.0024734668234885765,,,,,,
task,418,striatum,26,Intermediate,10,bipolar,pac_within,low_gamma,ACC,ACC,,,4.8502246085367745e-05,3.351380712949341e-05,0.9606972295562679,0.16831683168316833,100,1.4988438955874334e-05
task,418,striatum,26,Intermediate,10,bipolar,pac_within,high_gamma,ACC,ACC,,,2.1162575110815966e-05,2.9962793834971687e-05,-0.7634894096513413,0.801980198019802,100,-8.800218724155721e-06
task,418,striatum,26,Intermediate,10,bipolar,pac_within,low_gamma,DLS,DLS,,,4.9317953290898025e-05,3.4261408769826686e-05,0.9785403547605064,0.1188118811881188,100,1.505654452107134e-05
task,418,striatum,26,Intermediate,10,bipolar,pac_within,high_gamma,DLS,DLS,,,2.7778414112094382e-05,3.06079656554921e-05,-0.24558499005107037,0.5346534653465347,100,-2.8295515433977176e-06
task,418,striatum,26,Intermediate,10,bipolar,pac_within,low_gamma,DMS,DMS,,,3.324109586079907e-05,3.5836843625904086e-05,-0.14239946577002724,0.48514851485148514,100,-2.595747765105015e-06
task,418,striatum,26,Intermediate,10,bipolar,pac_within,high_gamma,DMS,DMS,,,4.043405272001423e-05,2.900334734721528e-05,0.973477650468519,0.18811881188118812,100,1.1430705372798952e-05
task,418,striatum,26,Intermediate,10,bipolar,pac_between,low_gamma,ACC,DLS,,,2.9940212046496445e-05,3.520461150575086e-05,-0.3090846438113735,0.5445544554455446,100,-5.264399459254414e-06
task,418,striatum,26,Intermediate,10,bipolar,pac_between,high_gamma,ACC,DLS,,,2.1841050063635417e-05,3.0153764568311187e-05,-0.7467844021932033,0.7425742574257426,100,-8.31271450467577e-06
task,418,striatum,26,Intermediate,10,bipolar,pac_between,low_gamma,ACC,DMS,,,2.248664247559335e-05,3.59593028186567e-05,-0.7756328713813075,0.7326732673267327,100,-1.3472660343063347e-05
task,418,striatum,26,Intermediate,10,bipolar,pac_between,high_gamma,ACC,DMS,,,1.7888539286379796e-05,3.057093598444249e-05,-1.0351918024826774,0.900990099009901,100,-1.2682396698062696e-05
task,418,striatum,26,Intermediate,10,bipolar,pac_between,low_gamma,DLS,ACC,,,5.881208493171772e-05,3.144369427187827e-05,1.8691345056995337,0.0594059405940594,100,2.7368390659839445e-05
task,418,striatum,26,Intermediate,10,bipolar,pac_between,high_gamma,DLS,ACC,,,2.346976614729602e-05,3.0340626976344317e-05,-0.5863370743546894,0.7128712871287128,100,-6.870860829048296e-06
task,418,striatum,26,Intermediate,10,bipolar,pac_between,low_gamma,DLS,DMS,,,4.991514220292405e-05,3.922121972751623e-05,0.6005842592554687,0.21782178217821782,100,1.0693922475407822e-05
task,418,striatum,26,Intermediate,10,bipolar,pac_between,high_gamma,DLS,DMS,,,3.593026959372983e-05,2.8687129201213206e-05,0.6803321590977466,0.19801980198019803,100,7.243140392516624e-06
task,418,striatum,26,Intermediate,10,bipolar,pac_between,low_gamma,DMS,ACC,,,1.9459496587168048e-05,3.229495225823528e-05,-0.9301255278834233,0.7920792079207921,100,-1.2835455671067229e-05
task,418,striatum,26,Intermediate,10,bipolar,pac_between,high_gamma,DMS,ACC,,,3.1695138912371366e-05,3.046438299287213e-05,0.10198510146145814,0.42574257425742573,100,1.230755919499237e-06
task,418,striatum,26,Intermediate,10,bipolar,pac_between,low_gamma,DMS,DLS,,,2.3932230759016283e-05,3.485794579860519e-05,-0.6206278007543697,0.6534653465346535,100,-1.0925715039588904e-05
task,418,striatum,26,Intermediate,10,bipolar,pac_between,high_gamma,DMS,DLS,,,3.4885071928354524e-05,2.9820963014600097e-05,0.45229995657283345,0.32673267326732675,100,5.064108913754427e-06
task,523,striatum,22,All,125,monopolar,same_freq,theta,ACC,DLS,0.1800554876867954,-0.07546673399694734,,,,,,
task,523,striatum,22,All,125,monopolar,same_freq,low_gamma,ACC,DLS,0.02752322313937573,0.007349660017567145,,,,,,
task,523,striatum,22,All,125,monopolar,same_freq,high_gamma,ACC,DLS,0.028085036707600833,0.012247733215066831,,,,,,
task,523,striatum,22,All,125,monopolar,same_freq,theta,ACC,DMS,0.13916052835259737,-0.08786406698116686,,,,,,
task,523,striatum,22,All,125,monopolar,same_freq,low_gamma,ACC,DMS,0.02730512386790238,0.02176556324702421,,,,,,
task,523,striatum,22,All,125,monopolar,same_freq,high_gamma,ACC,DMS,0.024579966017999923,0.01609467443328238,,,,,,
task,523,striatum,22,All,125,monopolar,same_freq,theta,DLS,DMS,0.6674068172736601,0.16690850713818248,,,,,,
task,523,striatum,22,All,125,monopolar,same_freq,low_gamma,DLS,DMS,0.30008742746222844,0.008232933712147037,,,,,,
task,523,striatum,22,All,125,monopolar,same_freq,high_gamma,DLS,DMS,0.17887271153305234,0.013149273187841244,,,,,,
task,523,striatum,22,All,125,monopolar,pac_within,low_gamma,ACC,ACC,,,4.290666373008567e-06,3.727811505132439e-06,0.3581938842547772,0.297029702970297,100,5.628548678761281e-07
task,523,striatum,22,All,125,monopolar,pac_within,high_gamma,ACC,ACC,,,0.0001939424310456301,3.657610403906886e-06,122.22798126845879,0.009900990099009901,100,0.00019028482064172323
task,523,striatum,22,All,125,monopolar,pac_within,low_gamma,DLS,DLS,,,7.3029709865724e-05,3.8129856934025925e-06,44.10942709324417,0.009900990099009901,100,6.921672417232142e-05
task,523,striatum,22,All,125,monopolar,pac_within,high_gamma,DLS,DLS,,,2.203552713007547e-05,3.377342017564597e-06,14.956678664581561,0.009900990099009901,100,1.8658185112510874e-05
task,523,striatum,22,All,125,monopolar,pac_within,low_gamma,DMS,DMS,,,0.0003169143907171096,3.617321885360251e-06,150.87641102386593,0.009900990099009901,100,0.00031329706883174936
task,523,striatum,22,All,125,monopolar,pac_within,high_gamma,DMS,DMS,,,2.9323343168329135e-05,3.3931001059582035e-06,19.445405615121068,0.009900990099009901,100,2.593024306237093e-05
task,523,striatum,22,All,125,monopolar,pac_between,low_gamma,ACC,DLS,,,3.485849358427365e-05,3.9231964325956714e-06,16.293888055916245,0.009900990099009901,100,3.093529715167798e-05
task,523,striatum,22,All,125,monopolar,pac_between,high_gamma,ACC,DLS,,,1.8316167593143555e-05,3.534589515168029e-06,10.628296918723468,0.009900990099009901,100,1.4781578077975526e-05
task,523,striatum,22,All,125,monopolar,pac_between,low_gamma,ACC,DMS,,,0.00014597915820190423,3.6634951600659584e-06,76.46985333203651,0.009900990099009901,100,0.00014231566304183827
task,523,striatum,22,All,125,monopolar,pac_between,high_gamma,ACC,DMS,,,2.3948727040413833e-05,3.3155880958516634e-06,14.642098316395003,0.009900990099009901,100,2.063313894456217e-05
task,523,striatum,22,All,125,monopolar,pac_between,low_gamma,DLS,ACC,,,2.8223675812819793e-05,3.652207387390074e-06,14.773058757949306,0.009900990099009901,100,2.4571468425429717e-05
task,523,striatum,22,All,125,monopolar,pac_between,high_gamma,DLS,ACC,,,0.0003656640955563497,3.2869174638707877e-06,254.70730817653924,0.009900990099009901,100,0.0003623771780924789
task,523,striatum,22,All,125,monopolar,pac_between,low_gamma,DLS,DMS,,,0.00029039759216734345,3.6840123773133227e-06,168.39033152603787,0.009900990099009901,100,0.00028671357979003013
task,523,striatum,22,All,125,monopolar,pac_between,high_gamma,DLS,DMS,,,3.2410520492819936e-05,3.3636275490150494e-06,21.539000199416456,0.009900990099009901,100,2.9046892943804885e-05
task,523,striatum,22,All,125,monopolar,pac_between,low_gamma,DMS,ACC,,,3.0545404052198946e-05,3.6289030590915023e-06,15.991686790955027,0.009900990099009901,100,2.6916500993107444e-05
task,523,striatum,22,All,125,monopolar,pac_between,high_gamma,DMS,ACC,,,0.0003831162220467528,3.428560135280235e-06,231.35291268927025,0.009900990099009901,100,0.0003796876619114726
task,523,striatum,22,All,125,monopolar,pac_between,low_gamma,DMS,DLS,,,6.621575338277449e-05,3.478472040981028e-06,44.59517768908652,0.009900990099009901,100,6.273728134179346e-05
task,523,striatum,22,All,125,monopolar,pac_between,high_gamma,DMS,DLS,,,2.666810058861886e-05,3.330645951973487e-06,18.43828681877171,0.009900990099009901,100,2.3337454636645375e-05
task,523,striatum,22,All,125,bipolar,same_freq,theta,ACC,DLS,0.25321779510428366,0.04704281631302042,,,,,,
task,523,striatum,22,All,125,bipolar,same_freq,low_gamma,ACC,DLS,0.015152366014884268,0.005588383462666725,,,,,,
task,523,striatum,22,All,125,bipolar,same_freq,high_gamma,ACC,DLS,0.008290835612107899,0.0026302310594661527,,,,,,
task,523,striatum,22,All,125,bipolar,same_freq,theta,ACC,DMS,0.1769616788012743,0.1612074513703082,,,,,,
task,523,striatum,22,All,125,bipolar,same_freq,low_gamma,ACC,DMS,0.009301635307486684,-0.0037327272170697076,,,,,,
task,523,striatum,22,All,125,bipolar,same_freq,high_gamma,ACC,DMS,0.003839314382046863,-0.0003567458243266381,,,,,,
task,523,striatum,22,All,125,bipolar,same_freq,theta,DLS,DMS,0.18222183959052163,0.08825729866019626,,,,,,
task,523,striatum,22,All,125,bipolar,same_freq,low_gamma,DLS,DMS,0.024009187540200927,0.00029833752908165693,,,,,,
task,523,striatum,22,All,125,bipolar,same_freq,high_gamma,DLS,DMS,0.008809147065936903,0.004087062456086911,,,,,,
task,523,striatum,22,All,125,bipolar,pac_within,low_gamma,ACC,ACC,,,3.641416765355194e-05,3.948387853118998e-06,22.218629602673715,0.009900990099009901,100,3.246577980043294e-05
task,523,striatum,22,All,125,bipolar,pac_within,high_gamma,ACC,ACC,,,1.2841046450106126e-05,3.660934800146441e-06,6.556972691281989,0.009900990099009901,100,9.180111649959684e-06
task,523,striatum,22,All,125,bipolar,pac_within,low_gamma,DLS,DLS,,,1.0646384361458593e-05,3.5309463299280552e-06,5.462206404602011,0.009900990099009901,100,7.1154380315305375e-06
task,523,striatum,22,All,125,bipolar,pac_within,high_gamma,DLS,DLS,,,1.4302648736307749e-05,3.267752920736635e-06,9.339977518113367,0.009900990099009901,100,1.1034895815571114e-05
task,523,striatum,22,All,125,bipolar,pac_within,low_gamma,DMS,DMS,,,4.03548665556861e-05,3.7401260810548276e-06,20.495498749726607,0.009900990099009901,100,3.6614740474631276e-05
task,523,striatum,22,All,125,bipolar,pac_within,high_gamma,DMS,DMS,,,1.652372683751026e-05,3.445235271456723e-06,9.602535377178253,0.009900990099009901,100,1.3078491566053537e-05
task,523,striatum,22,All,125,bipolar,pac_between,low_gamma,ACC,DLS,,,8.796306935772822e-06,4.142642095514781e-06,2.606749817237349,0.039603960396039604,100,4.653664840258041e-06
task,523,striatum,22,All,125,bipolar,pac_between,high_gamma,ACC,DLS,,,5.114117532474847e-06,3.533981935217815e-06,1.1991903180044765,0.1188118811881188,100,1.580135597257032e-06
task,523,striatum,22,All,125,bipolar,pac_between,low_gamma,ACC,DMS,,,7.059004322176021e-06,3.828499679519009e-06,1.9750358387215554,0.04950495049504951,100,3.2305046426570116e-06
task,523,striatum,22,All,125,bipolar,pac_between,high_gamma,ACC,DMS,,,1.0378201432378593e-05,3.5668609298746506e-06,4.374383369767688,0.009900990099009901,100,6.811340502503942e-06
task,523,striatum,22,All,125,bipolar,pac_between,low_gamma,DLS,ACC,,,3.6229655277824543e-05,3.929543732550138e-06,18.552907655339794,0.009900990099009901,100,3.2300111545274406e-05
task,523,striatum,22,All,125,bipolar,pac_between,high_gamma,DLS,ACC,,,5.507006873337809e-06,3.4692781115327912e-06,1.69824453338546,0.0891089108910891,100,2.037728761805018e-06
task,523,striatum,22,All,125,bipolar,pac_between,low_gamma,DLS,DMS,,,3.3332758678054454e-05,4.100754216172693e-06,13.692413413902239,0.009900990099009901,100,2.9232004461881762e-05
task,523,striatum,22,All,125,bipolar,pac_between,high_gamma,DLS,DMS,,,2.013411336004917e-05,3.6027208940677195e-06,11.224082153380364,0.009900990099009901,100,1.6531392465981448e-05
task,523,striatum,22,All,125,bipolar,pac_between,low_gamma,DMS,ACC,,,4.8899196916479413e-05,3.5989247801745825e-06,25.993890603858972,0.009900990099009901,100,4.5300272136304834e-05
task,523,striatum,22,All,125,bipolar,pac_between,high_gamma,DMS,ACC,,,5.062324840067726e-06,3.4139509890879066e-06,1.3174367797854147,0.12871287128712872,100,1.6483738509798197e-06
task,523,striatum,22,All,125,bipolar,pac_between,low_gamma,DMS,DLS,,,1.7039740982877664e-05,3.632973483477915e-06,7.636968903727785,0.009900990099009901,100,1.3406767499399748e-05
task,523,striatum,22,All,125,bipolar,pac_between,high_gamma,DMS,DLS,,,6.574496443275848e-06,3.389461437905861e-06,2.333753923685766,0.04950495049504951,100,3.185035005369987e-06
task,523,striatum,22,Naive,10,monopolar,same_freq,theta,ACC,DLS,0.16049087438820023,-0.10223309770898054,,,,,,
task,523,striatum,22,Naive,10,monopolar,same_freq,low_gamma,ACC,DLS,0.02721699400787126,0.0060721474826575215,,,,,,
task,523,striatum,22,Naive,10,monopolar,same_freq,high_gamma,ACC,DLS,0.03215980652516653,0.008170804135396677,,,,,,
task,523,striatum,22,Naive,10,monopolar,same_freq,theta,ACC,DMS,0.14786451414302135,-0.09154662935294444,,,,,,
task,523,striatum,22,Naive,10,monopolar,same_freq,low_gamma,ACC,DMS,0.03355865872097422,0.029914218644367354,,,,,,
task,523,striatum,22,Naive,10,monopolar,same_freq,high_gamma,ACC,DMS,0.027473520648930477,0.015221004886462022,,,,,,
task,523,striatum,22,Naive,10,monopolar,same_freq,theta,DLS,DMS,0.6261064567005953,0.18622203278308957,,,,,,
task,523,striatum,22,Naive,10,monopolar,same_freq,low_gamma,DLS,DMS,0.33819248869904267,0.013714035243136812,,,,,,
task,523,striatum,22,Naive,10,monopolar,same_freq,high_gamma,DLS,DMS,0.2180558232288648,0.02508951376867545,,,,,,
task,523,striatum,22,Naive,10,monopolar,pac_within,low_gamma,ACC,ACC,,,5.3049419448534404e-05,4.0587205779660784e-05,0.693036449631022,0.21782178217821782,100,1.246221366887362e-05
task,523,striatum,22,Naive,10,monopolar,pac_within,high_gamma,ACC,ACC,,,0.0003329378490823628,3.942002016084864e-05,18.35447347638952,0.009900990099009901,100,0.00029351782892151414
task,523,striatum,22,Naive,10,monopolar,pac_within,low_gamma,DLS,DLS,,,0.00011159867788096658,4.145297840640332e-05,3.6668991530204926,0.019801980198019802,100,7.014569947456326e-05
task,523,striatum,22,Naive,10,monopolar,pac_within,high_gamma,DLS,DLS,,,6.482828120713937e-05,3.7162067819544144e-05,1.9172211526289493,0.0594059405940594,100,2.7666213387595228e-05
task,523,striatum,22,Naive,10,monopolar,pac_within,low_gamma,DMS,DMS,,,0.0004149508092340356,4.086367841495022e-05,20.506001792655216,0.009900990099009901,100,0.0003740871308190854
task,523,striatum,22,Naive,10,monopolar,pac_within,high_gamma,DMS,DMS,,,4.313055684706807e-05,3.513090388505266e-05,0.5814794330986511,0.25742574257425743,100,7.999652962015413e-06
task,523,striatum,22,Naive,10,monopolar,pac_between,low_gamma,ACC,DLS,,,0.00010422052390613332,4.3427459128920236e-05,3.1034363812779415,0.019801980198019802,100,6.0793064777213086e-05
task,523,striatum,22,Naive,10,monopolar,pac_between,high_gamma,ACC,DLS,,,5.9585634005990394e-05,3.770050610863959e-05,1.329634201731328,0.09900990099009901,100,2.1885127897350803e-05
task,523,striatum,22,Naive,10,monopolar,pac_between,low_gamma,ACC,DMS,,,0.0001830416080299113,3.9711732634622673e-05,6.632513963820103,0.009900990099009901,100,0.00014332987539528863
task,523,striatum,22,Naive,10,monopolar,pac_between,high_gamma,ACC,DMS,,,5.16074384285071e-05,3.838304159036444e-05,0.7684630625143736,0.21782178217821782,100,1.3224396838142656e-05
task,523,striatum,22,Naive,10,monopolar,pac_between,low_gamma,DLS,ACC,,,6.502759053363057e-05,3.902036389444185e-05,1.6868671750642057,0.06930693069306931,100,2.6007226639188716e-05
task,523,striatum,22,Naive,10,monopolar,pac_between,high_gamma,DLS,ACC,,,0.0005972158689294344,3.6955209481811564e-05,39.58492057732254,0.009900990099009901,100,0.0005602606594476228
task,523,striatum,22,Naive,10,monopolar,pac_between,low_gamma,DLS,DMS,,,0.00033056780207436166,3.9090773384240675e-05,14.468747359607015,0.009900990099009901,100,0.00029147702869012097
task,523,striatum,22,Naive,10,monopolar,pac_between,high_gamma,DLS,DMS,,,3.601646772724238e-05,3.400751838762985e-05,0.14500279799373444,0.42574257425742573,100,2.008949339612535e-06
task,523,striatum,22,Naive,10,monopolar,pac_between,low_gamma,DMS,ACC,,,6.882628140403843e-05,3.839598478276593e-05,2.078894192048174,0.06930693069306931,100,3.04302966212725e-05
task,523,striatum,22,Naive,10,monopolar,pac_between,high_gamma,DMS,ACC,,,0.0006418939705234604,3.567250897512009e-05,42.49977426210404,0.009900990099009901,100,0.0006062214615483402
task,523,striatum,22,Naive,10,monopolar,pac_between,low_gamma,DMS,DLS,,,0.00012459848682120172,3.983544744542873e-05,4.136084058513573,0.019801980198019802,100,8.476303937577299e-05
task,523,striatum,22,Naive,10,monopolar,pac_between,high_gamma,DMS,DLS,,,7.409994404457297e-05,3.671395895300794e-05,2.961914958691136,0.019801980198019802,100,3.7385985091565024e-05
task,523,striatum,22,Naive,10,bipolar,same_freq,theta,ACC,DLS,0.1612601745261164,0.03808153503861361,,,,,,
task,523,striatum,22,Naive,10,bipolar,same_freq,low_gamma,ACC,DLS,0.01976189865096087,0.020317933070281836,,,,,,
task,523,striatum,22,Naive,10,bipolar,same_freq,high_gamma,ACC,DLS,0.018143473944034004,0.009572305496184076,,,,,,
task,523,striatum,22,Naive,10,bipolar,same_freq,theta,ACC,DMS,0.19862140189076669,0.1610257867932149,,,,,,
task,523,striatum,22,Naive,10,bipolar,same_freq,low_gamma,ACC,DMS,0.018694320857124004,0.008138799243075694,,,,,,
task,523,striatum,22,Naive,10,bipolar,same_freq,high_gamma,ACC,DMS,0.012916654503204823,0.006633349845698138,,,,,,
task,523,striatum,22,Naive,10,bipolar,same_freq,theta,DLS,DMS,0.13837353028199473,0.05019279524485698,,,,,,
task,523,striatum,22,Naive,10,bipolar,same_freq,low_gamma,DLS,DMS,0.027481266194527378,-0.0020175305410166876,,,,,,
task,523,striatum,22,Naive,10,bipolar,same_freq,high_gamma,DLS,DMS,0.0016107967674469125,-0.0004277365816622024,,,,,,
task,523,striatum,22,Naive,10,bipolar,pac_within,low_gamma,ACC,ACC,,,3.007490200268685e-05,4.0195014300151806e-05,-0.610720818125317,0.693069306930693,100,-1.0120112297464955e-05
task,523,striatum,22,Naive,10,bipolar,pac_within,high_gamma,ACC,ACC,,,5.6096514845483947e-05,3.3708447439793194e-05,1.763755123253609,0.07920792079207921,100,2.2388067405690753e-05
task,523,striatum,22,Naive,10,bipolar,pac_within,low_gamma,DLS,DLS,,,4.764694462567451e-05,4.1639305909959215e-05,0.32407756267262156,0.33663366336633666,100,6.007638715715299e-06
task,523,striatum,22,Naive,10,bipolar,pac_within,high_gamma,DLS,DLS,,,4.6074028464101816e-05,4.019641368670529e-05,0.44112168363936005,0.297029702970297,100,5.877614777396523e-06
task,523,striatum,22,Naive,10,bipolar,pac_within,low_gamma,DMS,DMS,,,7.590848521716112e-05,4.092761473971301e-05,1.743105962532132,0.0594059405940594,100,3.498087047744811e-05
task,523,striatum,22,Naive,10,bipolar,pac_within,high_gamma,DMS,DMS,,,3.186219200757057e-05,3.625273008473359e-05,-0.3108014305523869,0.5742574257425742,100,-4.390538077163023e-06
task,523,striatum,22,Naive,10,bipolar,pac_between,low_gamma,ACC,DLS,,,5.404131052220401e-05,4.140039192362656e-05,0.6548309307792483,0.2376237623762376,100,1.2640918598577454e-05
task,523,striatum,22,Naive,10,bipolar,pac_between,high_gamma,ACC,DLS,,,3.139235127702328e-05,3.821398826093935e-05,-0.5165875416469204,0.6831683168316832,100,-6.821636983916075e-06
task,523,striatum,22,Naive,10,bipolar,pac_between,low_gamma,ACC,DMS,,,4.161161609370151e-05,4.072304339721039e-05,0.047057217611177475,0.4158415841584158,100,8.885726964911236e-07
task,523,striatum,22,Naive,10,bipolar,pac_between,high_gamma,ACC,DMS,,,4.487453859676066e-05,4.0140194514571624e-05,0.2997018197691377,0.31683168316831684,100,4.734344082189037e-06
task,523,striatum,22,Naive,10,bipolar,pac_between,low_gamma,DLS,ACC,,,2.8188279813094345e-05,3.6794744125823555e-05,-0.6237020425861479,0.7326732673267327,100,-8.60646431272921e-06
task,523,striatum,22,Naive,10,bipolar,pac_between,high_gamma,DLS,ACC,,,2.069423887991491e-05,3.828328964384831e-05,-1.2114316670657106,0.9108910891089109,100,-1.7589050763933405e-05
task,523,striatum,22,Naive,10,bipolar,pac_between,low_gamma,DLS,DMS,,,3.188011550352288e-05,4.4254163751894565e-05,-0.647046519751404,0.7227722772277227,100,-1.2374048248371688e-05
task,523,striatum,22,Naive,10,bipolar,pac_between,high_gamma,DLS,DMS,,,3.458440566170046e-05,3.522852833208988e-05,-0.05224256420824131,0.43564356435643564,100,-6.441226703894198e-07
task,523,striatum,22,Naive,10,bipolar,pac_between,low_gamma,DMS,ACC,,,4.2293664763061624e-05,3.70134498116731e-05,0.31867711807067306,0.3069306930693069,100,5.280214951388527e-06
task,523,striatum,22,Naive,10,bipolar,pac_between,high_gamma,DMS,ACC,,,2.814478992972595e-05,3.8298629894637655e-05,-0.8432668168504909,0.7920792079207921,100,-1.0153839964911705e-05
task,523,striatum,22,Naive,10,bipolar,pac_between,low_gamma,DMS,DLS,,,2.9604977430583912e-05,3.909329829088033e-05,-0.5740253621364856,0.693069306930693,100,-9.48832086029642e-06
task,523,striatum,22,Naive,10,bipolar,pac_between,high_gamma,DMS,DLS,,,2.155733656226707e-05,3.88281524681352e-05,-1.0904739871292122,0.8811881188118812,100,-1.727081590586813e-05
task,523,striatum,22,Intermediate,10,monopolar,same_freq,theta,ACC,DLS,0.22455022758714954,-0.06786650815913557,,,,,,
task,523,striatum,22,Intermediate,10,monopolar,same_freq,low_gamma,ACC,DLS,0.01362670882137254,-0.00911696048768388,,,,,,
task,523,striatum,22,Intermediate,10,monopolar,same_freq,high_gamma,ACC,DLS,0.029723962711151006,0.015528060269537163,,,,,,
task,523,striatum,22,Intermediate,10,monopolar,same_freq,theta,ACC,DMS,0.1293371290155187,-0.07624029788817903,,,,,,
task,523,striatum,22,Intermediate,10,monopolar,same_freq,low_gamma,ACC,DMS,0.02323190727973093,0.01634502902289243,,,,,,
task,523,striatum,22,Intermediate,10,monopolar,same_freq,high_gamma,ACC,DMS,0.01259915517455911,0.00646819871716842,,,,,,
task,523,striatum,22,Intermediate,10,monopolar,same_freq,theta,DLS,DMS,0.6516148345043103,0.16811737841551144,,,,,,
task,523,striatum,22,Intermediate,10,monopolar,same_freq,low_gamma,DLS,DMS,0.298319370998817,0.016679436965770632,,,,,,
task,523,striatum,22,Intermediate,10,monopolar,same_freq,high_gamma,DLS,DMS,0.1953246712319834,0.007609055772499151,,,,,,
task,523,striatum,22,Intermediate,10,monopolar,pac_within,low_gamma,ACC,ACC,,,2.0723230968001846e-05,4.979984898960974e-05,-1.179645093977401,0.9504950495049505,100,-2.9076618021607897e-05
task,523,striatum,22,Intermediate,10,monopolar,pac_within,high_gamma,ACC,ACC,,,0.00022196529247058884,4.2277326604592345e-05,9.788614957976248,0.009900990099009901,100,0.0001796879658659965
task,523,striatum,22,Intermediate,10,monopolar,pac_within,low_gamma,DLS,DLS,,,0.00017294407977337502,5.096261420907103e-05,5.109212918233757,0.009900990099009901,100,0.00012198146556430398
task,523,striatum,22,Intermediate,10,monopolar,pac_within,high_gamma,DLS,DLS,,,8.526559304238411e-05,4.118018361635889e-05,2.9564199971147254,0.019801980198019802,100,4.4085409426025224e-05
task,523,striatum,22,Intermediate,10,monopolar,pac_within,low_gamma,DMS,DMS,,,0.00042071782024818977,4.875950569296298e-05,13.957421032513524,0.009900990099009901,100,0.0003719583145552268
task,523,striatum,22,Intermediate,10,monopolar,pac_within,high_gamma,DMS,DMS,,,7.732743523291283e-05,3.9526081906353886e-05,2.4693530875687015,0.039603960396039604,100,3.780135332655895e-05
task,523,striatum,22,Intermediate,10,monopolar,pac_between,low_gamma,ACC,DLS,,,6.535134553195863e-05,4.664422165937196e-05,0.7952338934732186,0.15841584158415842,100,1.870712387258667e-05
task,523,striatum,22,Intermediate,10,monopolar,pac_between,high_gamma,ACC,DLS,,,8.46291507857512e-05,4.128154396484142e-05,2.840457334062537,0.0297029702970297,100,4.334760682090978e-05
task,523,striatum,22,Intermediate,10,monopolar,pac_between,low_gamma,ACC,DMS,,,0.00013525842729680717,4.727692749035279e-05,4.421679077720789,0.009900990099009901,100,8.798149980645439e-05
task,523,striatum,22,Intermediate,10,monopolar,pac_between,high_gamma,ACC,DMS,,,3.951612334552576e-05,4.141698078532951e-05,-0.11786581217588323,0.46534653465346537,100,-1.900857439803748e-06
task,523,striatum,22,Intermediate,10,monopolar,pac_between,low_gamma,DLS,ACC,,,9.11836111002896e-05,4.7282598895234666e-05,1.8410924465452951,0.0891089108910891,100,4.390101220505494e-05
task,523,striatum,22,Intermediate,10,monopolar,pac_between,high_gamma,DLS,ACC,,,0.00039765746189771744,4.5517496106350924e-05,18.77854948214577,0.009900990099009901,100,0.0003521399657913665
task,523,striatum,22,Intermediate,10,monopolar,pac_between,low_gamma,DLS,DMS,,,0.0004125902779615844,4.695559483148877e-05,14.50883593637442,0.009900990099009901,100,0.00036563468313009567
task,523,striatum,22,Intermediate,10,monopolar,pac_between,high_gamma,DLS,DMS,,,8.59978828730562e-05,4.229143987585556e-05,2.2658879592368044,0.04950495049504951,100,4.3706442997200634e-05
task,523,striatum,22,Intermediate,10,monopolar,pac_between,low_gamma,DMS,ACC,,,9.393165394814415e-05,4.540473856059734e-05,2.377574975286966,0.039603960396039604,100,4.852691538754681e-05
task,523,striatum,22,Intermediate,10,monopolar,pac_between,high_gamma,DMS,ACC,,,0.000455511720474761,4.748346152655557e-05,21.370874233535506,0.009900990099009901,100,0.0004080282589482054
task,523,striatum,22,Intermediate,10,monopolar,pac_between,low_gamma,DMS,DLS,,,0.00017032863828565805,4.918703664039611e-05,4.8117031077094445,0.009900990099009901,100,0.00012114160164526194
task,523,striatum,22,Intermediate,10,monopolar,pac_between,high_gamma,DMS,DLS,,,7.4341054206906e-05,4.0529802505749385e-05,2.0835876709432872,0.0297029702970297,100,3.381125170115661e-05
task,523,striatum,22,Intermediate,10,bipolar,same_freq,theta,ACC,DLS,0.22643799044932808,0.04452518513202876,,,,,,
task,523,striatum,22,Intermediate,10,bipolar,same_freq,low_gamma,ACC,DLS,0.026627161373929686,0.012781703197661233,,,,,,
task,523,striatum,22,Intermediate,10,bipolar,same_freq,high_gamma,ACC,DLS,0.006466943336668994,0.010461067940599209,,,,,,
task,523,striatum,22,Intermediate,10,bipolar,same_freq,theta,ACC,DMS,0.12639861003208025,0.14087709190817,,,,,,
task,523,striatum,22,Intermediate,10,bipolar,same_freq,low_gamma,ACC,DMS,0.009339830606603178,-0.0023010182831643806,,,,,,
task,523,striatum,22,Intermediate,10,bipolar,same_freq,high_gamma,ACC,DMS,0.003679568484381247,0.0068020426415121155,,,,,,
task,523,striatum,22,Intermediate,10,bipolar,same_freq,theta,DLS,DMS,0.16539675641615914,0.05337981226312087,,,,,,
task,523,striatum,22,Intermediate,10,bipolar,same_freq,low_gamma,DLS,DMS,0.03822031793164537,0.004819691561677157,,,,,,
task,523,striatum,22,Intermediate,10,bipolar,same_freq,high_gamma,DLS,DMS,0.013297238623059739,0.002059744970245718,,,,,,
task,523,striatum,22,Intermediate,10,bipolar,pac_within,low_gamma,ACC,ACC,,,3.589981914984232e-05,4.4276092040756345e-05,-0.4364022204983785,0.6237623762376238,100,-8.376272890914024e-06
task,523,striatum,22,Intermediate,10,bipolar,pac_within,high_gamma,ACC,ACC,,,7.290982196267169e-05,4.324596798549259e-05,1.6963604983787615,0.06930693069306931,100,2.9663853977179103e-05
task,523,striatum,22,Intermediate,10,bipolar,pac_within,low_gamma,DLS,DLS,,,3.626640367300464e-05,4.9376427139539534e-05,-0.570250017040135,0.6435643564356436,100,-1.3110023466534896e-05
task,523,striatum,22,Intermediate,10,bipolar,pac_within,high_gamma,DLS,DLS,,,7.546271420302284e-05,4.311164098003357e-05,2.0692028624593592,0.0297029702970297,100,3.235107322298927e-05
task,523,striatum,22,Intermediate,10,bipolar,pac_within,low_gamma,DMS,DMS,,,3.4490139416997224e-05,4.612818253460744e-05,-0.5808237641681224,0.6534653465346535,100,-1.1638043117610217e-05
task,523,striatum,22,Intermediate,10,bipolar,pac_within,high_gamma,DMS,DMS,,,4.1864189053253186e-05,4.5294076212264795e-05,-0.1713991605320752,0.4752475247524752,100,-3.4298871590116082e-06
task,523,striatum,22,Intermediate,10,bipolar,pac_between,low_gamma,ACC,DLS,,,4.14227926887577e-05,4.6934909454766644e-05,-0.21745742830370104,0.49504950495049505,100,-5.5121167660089415e-06
task,523,striatum,22,Intermediate,10,bipolar,pac_between,high_gamma,ACC,DLS,,,2.323993254129452e-05,4.329762092256017e-05,-1.2463229651492407,0.9306930693069307,100,-2.005768838126565e-05
task,523,striatum,22,Intermediate,10,bipolar,pac_between,low_gamma,ACC,DMS,,,3.293156673664811e-05,5.250059362495827e-05,-0.881240022425837,0.7821782178217822,100,-1.9569026888310157e-05
task,523,striatum,22,Intermediate,10,bipolar,pac_between,high_gamma,ACC,DMS,,,5.531664496716948e-05,4.909050955694608e-05,0.3685982681117931,0.2871287128712871,100,6.226135410223396e-06
task,523,striatum,22,Intermediate,10,bipolar,pac_between,low_gamma,DLS,ACC,,,7.815454822301673e-05,5.2205148397900324e-05,1.0154445547947613,0.1485148514851485,100,2.5949399825116407e-05
task,523,striatum,22,Intermediate,10,bipolar,pac_between,high_gamma,DLS,ACC,,,3.193565492688628e-05,4.269064001995457e-05,-0.6780421915536999,0.7821782178217822,100,-1.0754985093068287e-05
task,523,striatum,22,Intermediate,10,bipolar,pac_between,low_gamma,DLS,DMS,,,7.856590892414177e-05,4.6858185304016303e-05,1.6632038612968392,0.09900990099009901,100,3.170772362012546e-05
task,523,striatum,22,Intermediate,10,bipolar,pac_between,high_gamma,DLS,DMS,,,4.435855381220866e-05,4.6864195602820505e-05,-0.14102762609868968,0.504950495049505,100,-2.5056417906118428e-06
task,523,striatum,22,Intermediate,10,bipolar,pac_between,low_gamma,DMS,ACC,,,7.285381300779062e-05,4.7985169710655186e-05,1.1006437109227254,0.13861386138613863,100,2.4868643297135436e-05
task,523,striatum,22,Intermediate,10,bipolar,pac_between,high_gamma,DMS,ACC,,,8.418521786596269e-05,4.2874856107938647e-05,2.604460386675353,0.019801980198019802,100,4.1310361758024045e-05
task,523,striatum,22,Intermediate,10,bipolar,pac_between,low_gamma,DMS,DLS,,,7.306109657293999e-05,5.211790408662146e-05,0.768258762960139,0.15841584158415842,100,2.094319248631853e-05
task,523,striatum,22,Intermediate,10,bipolar,pac_between,high_gamma,DMS,DLS,,,3.944820585403899e-05,4.311540319632327e-05,-0.21630808263752443,0.5445544554455446,100,-3.667197342284282e-06
task,523,striatum,22,Expert,10,monopolar,same_freq,theta,ACC,DLS,0.18185022745233956,-0.09929711495187049,,,,,,
task,523,striatum,22,Expert,10,monopolar,same_freq,low_gamma,ACC,DLS,0.03962801305013997,0.01731318317983834,,,,,,
task,523,striatum,22,Expert,10,monopolar,same_freq,high_gamma,ACC,DLS,0.006663832578765796,-0.012953590825215801,,,,,,
task,523,striatum,22,Expert,10,monopolar,same_freq,theta,ACC,DMS,0.12518545287701788,-0.07659674109907413,,,,,,
task,523,striatum,22,Expert,10,monopolar,same_freq,low_gamma,ACC,DMS,0.02840345581155064,0.021502738169270695,,,,,,
task,523,striatum,22,Expert,10,monopolar,same_freq,high_gamma,ACC,DMS,0.014497851917277874,0.012466285518236628,,,,,,
task,523,striatum,22,Expert,10,monopolar,same_freq,theta,DLS,DMS,0.6424356027594255,0.06763299510737737,,,,,,
task,523,striatum,22,Expert,10,monopolar,same_freq,low_gamma,DLS,DMS,0.3202008241256584,0.01835932304571973,,,,,,
task,523,striatum,22,Expert,10,monopolar,same_freq,high_gamma,DLS,DMS,0.19876560980566677,0.010238994821834506,,,,,,
task,523,striatum,22,Expert,10,monopolar,pac_within,low_gamma,ACC,ACC,,,4.040786742207824e-05,5.040726997479486e-05,-0.4125199856703641,0.6336633663366337,100,-9.999402552716622e-06
task,523,striatum,22,Expert,10,monopolar,pac_within,high_gamma,ACC,ACC,,,0.000207479514302648,4.472690733680318e-05,8.911282927602715,0.009900990099009901,100,0.0001627526069658448
task,523,striatum,22,Expert,10,monopolar,pac_within,low_gamma,DLS,DLS,,,0.00011690454579573178,4.5034803300906055e-05,3.7675902906206806,0.009900990099009901,100,7.186974249482573e-05
task,523,striatum,22,Expert,10,monopolar,pac_within,high_gamma,DLS,DLS,,,4.7751606699964814e-05,4.291596685001662e-05,0.23537775009875103,0.297029702970297,100,4.835639849948196e-06
task,523,striatum,22,Expert,10,monopolar,pac_within,low_gamma,DMS,DMS,,,0.0003284734915090828,4.825216025885774e-05,12.122171191975497,0.009900990099009901,100,0.00028022133125022504
task,523,striatum,22,Expert,10,monopolar,pac_within,high_gamma,DMS,DMS,,,9.807067833209908e-05,4.809117486972015e-05,2.7129164619548125,0.0297029702970297,100,4.9979503462378934e-05
task,523,striatum,22,Expert,10,monopolar,pac_between,low_gamma,ACC,DLS,,,7.460599106273605e-05,4.938959755159879e-05,1.1531915240046622,0.09900990099009901,100,2.521639351113726e-05
task,523,striatum,22,Expert,10,monopolar,pac_between,high_gamma,ACC,DLS,,,2.2669330540249488e-05,4.6627150016476495e-05,-1.3923479537025711,0.9405940594059405,100,-2.3957819476227007e-05
task,523,striatum,22,Expert,10,monopolar,pac_between,low_gamma,ACC,DMS,,,0.0001473554422803899,5.045009026999036e-05,4.343553338829572,0.009900990099009901,100,9.690535201039956e-05
task,523,striatum,22,Expert,10,monopolar,pac_between,high_gamma,ACC,DMS,,,5.133352083787331e-05,4.799574185623161e-05,0.177544593765911,0.39603960396039606,100,3.3377789816417023e-06
task,523,striatum,22,Expert,10,monopolar,pac_between,low_gamma,DLS,ACC,,,8.070981783484625e-05,4.6832954203597614e-05,1.6231007554516048,0.0891089108910891,100,3.3876863631248634e-05
task,523,striatum,22,Expert,10,monopolar,pac_between,high_gamma,DLS,ACC,,,0.0003107495201612443,4.6313242788414206e-05,12.187392848664233,0.009900990099009901,100,0.0002644362773728301
task,523,striatum,22,Expert,10,monopolar,pac_between,low_gamma,DLS,DMS,,,0.00028204286177583833,4.860223627982534e-05,9.403938521869051,0.009900990099009901,100,0.000233440625496013
task,523,striatum,22,Expert,10,monopolar,pac_between,high_gamma,DLS,DMS,,,0.00011548623785176697,4.755023476084212e-05,3.708313035763286,0.009900990099009901,100,6.793600309092485e-05
task,523,striatum,22,Expert,10,monopolar,pac_between,low_gamma,DMS,ACC,,,3.350130022090932e-05,4.575583433034916e-05,-0.5699389701676367,0.7128712871287128,100,-1.2254534109439837e-05
task,523,striatum,22,Expert,10,monopolar,pac_between,high_gamma,DMS,ACC,,,0.00031981801965539497,4.665836665846735e-05,13.472218506201274,0.009900990099009901,100,0.0002731596529969276
task,523,striatum,22,Expert,10,monopolar,pac_between,low_gamma,DMS,DLS,,,0.00014806509135184163,4.4277533056896336e-05,5.194321168376788,0.009900990099009901,100,0.0001037875582949453
task,523,striatum,22,Expert,10,monopolar,pac_between,high_gamma,DMS,DLS,,,3.548289340665417e-05,4.451581184650002e-05,-0.4585102084505536,0.6534653465346535,100,-9.032918439845855e-06
task,523,striatum,22,Expert,10,bipolar,same_freq,theta,ACC,DLS,0.2194222071350466,0.04160703151214985,,,,,,
task,523,striatum,22,Expert,10,bipolar,same_freq,low_gamma,ACC,DLS,0.013393346585273701,0.0014506865409319473,,,,,,
task,523,striatum,22,Expert,10,bipolar,same_freq,high_gamma,ACC,DLS,-0.010240445985237165,-0.012157138150224272,,,,,,
task,523,striatum,22,Expert,10,bipolar,same_freq,theta,ACC,DMS,0.16730558296611414,0.13205388168078197,,,,,,
task,523,striatum,22,Expert,10,bipolar,same_freq,low_gamma,ACC,DMS,0.03718514121407468,0.02200509519317205,,,,,,
task,523,striatum,22,Expert,10,bipolar,same_freq,high_gamma,ACC,DMS,0.008463887535778779,0.007751205749764077,,,,,,
task,523,striatum,22,Expert,10,bipolar,same_freq,theta,DLS,DMS,0.12021039872798987,0.047345474593258705,,,,,,
task,523,striatum,22,Expert,10,bipolar,same_freq,low_gamma,DLS,DMS,0.012824702774660413,-0.0030631460822219698,,,,,,
task,523,striatum,22,Expert,10,bipolar,same_freq,high_gamma,DLS,DMS,-0.002424212599799719,-0.005079475766577187,,,,,,
task,523,striatum,22,Expert,10,bipolar,pac_within,low_gamma,ACC,ACC,,,0.0001231963892185612,5.536682358973414e-05,2.7567002010215624,0.019801980198019802,100,6.782956562882705e-05
task,523,striatum,22,Expert,10,bipolar,pac_within,high_gamma,ACC,ACC,,,3.975426397856357e-05,4.469764955839619e-05,-0.2525290982372499,0.5445544554455446,100,-4.943385579832619e-06
task,523,striatum,22,Expert,10,bipolar,pac_within,low_gamma,DLS,DLS,,,5.303347981160507e-05,5.189498981726604e-05,0.05870340449706578,0.44554455445544555,100,1.1384899943390301e-06
task,523,striatum,22,Expert,10,bipolar,pac_within,high_gamma,DLS,DLS,,,4.580571721527861e-05,4.873991915527141e-05,-0.15321651039851514,0.49504950495049505,100,-2.9342019399928e-06
task,523,striatum,22,Expert,10,bipolar,pac_within,low_gamma,DMS,DMS,,,4.947497798492261e-05,5.1302468840442195e-05,-0.08877630563317625,0.5148514851485149,100,-1.8274908555195821e-06
task,523,striatum,22,Expert,10,bipolar,pac_within,high_gamma,DMS,DMS,,,5.90246564369393e-05,4.830331630260322e-05,0.580334915152297,0.21782178217821782,100,1.0721340134336083e-05
task,523,striatum,22,Expert,10,bipolar,pac_between,low_gamma,ACC,DLS,,,3.11163041375181e-05,5.0632650115443534e-05,-0.9710757704267834,0.8316831683168316,100,-1.9516345977925434e-05
task,523,striatum,22,Expert,10,bipolar,pac_between,high_gamma,ACC,DLS,,,4.8051844265618934e-05,4.3964232106725456e-05,0.25531439543904383,0.37623762376237624,100,4.087612158893478e-06
task,523,striatum,22,Expert,10,bipolar,pac_between,low_gamma,ACC,DMS,,,3.421881966791831e-05,4.9915977602294925e-05,-0.6627434450912338,0.8118811881188119,100,-1.5697157934376618e-05
task,523,striatum,22,Expert,10,bipolar,pac_between,high_gamma,ACC,DMS,,,4.8994660298281423e-05,5.07126244568259e-05,-0.09123606509353649,0.5148514851485149,100,-1.7179641585444771e-06
task,523,striatum,22,Expert,10,bipolar,pac_between,low_gamma,DLS,ACC,,,6.085875684372484e-05,5.248869072825921e-05,0.41305526319188046,0.3069306930693069,100,8.370066115465624e-06
task,523,striatum,22,Expert,10,bipolar,pac_between,high_gamma,DLS,ACC,,,4.391976649040008e-05,4.8330285148506654e-05,-0.21924368643556513,0.5148514851485149,100,-4.4105186581065755e-06
task,523,striatum,22,Expert,10,bipolar,pac_between,low_gamma,DLS,DMS,,,8.053409043246506e-05,5.392597103926924e-05,1.1051767872698643,0.13861386138613863,100,2.6608119393195824e-05
task,523,striatum,22,Expert,10,bipolar,pac_between,high_gamma,DLS,DMS,,,4.478457413910692e-05,4.8173611476925864e-05,-0.16682187636368753,0.5247524752475248,100,-3.389037337818944e-06
task,523,striatum,22,Expert,10,bipolar,pac_between,low_gamma,DMS,ACC,,,7.180581672906156e-05,5.133876292907391e-05,1.0171012564758686,0.1485148514851485,100,2.046705379998765e-05
task,523,striatum,22,Expert,10,bipolar,pac_between,high_gamma,DMS,ACC,,,4.333254668528547e-05,4.3513637872825064e-05,-0.013159352136006308,0.4752475247524752,100,-1.8109118753959234e-07
task,523,striatum,22,Expert,10,bipolar,pac_between,low_gamma,DMS,DLS,,,0.00010785608888752853,5.4733815826982595e-05,2.3100102177751847,0.039603960396039604,100,5.312227306054593e-05
task,523,striatum,22,Expert,10,bipolar,pac_between,high_gamma,DMS,DLS,,,3.4807687994718454e-05,4.8246310912065453e-05,-0.7696607194576585,0.7326732673267327,100,-1.3438622917347e-05
task,614,striatum,44,All,200,monopolar,same_freq,theta,ACC,DLS,0.3021562194848173,-0.04478261778723623,,,,,,
task,614,striatum,44,All,200,monopolar,same_freq,low_gamma,ACC,DLS,0.036316482061322305,0.009964189419813188,,,,,,
task,614,striatum,44,All,200,monopolar,same_freq,high_gamma,ACC,DLS,0.03525271281544003,0.005558662871124494,,,,,,
task,614,striatum,44,All,200,monopolar,same_freq,theta,ACC,DMS,0.2093526848415663,-0.017844014445839402,,,,,,
task,614,striatum,44,All,200,monopolar,same_freq,low_gamma,ACC,DMS,0.03638760180194198,0.022864870469633043,,,,,,
task,614,striatum,44,All,200,monopolar,same_freq,high_gamma,ACC,DMS,0.044549989307076814,0.011695691420806724,,,,,,
task,614,striatum,44,All,200,monopolar,same_freq,theta,DLS,DMS,0.5532972254158044,0.07369189526381309,,,,,,
task,614,striatum,44,All,200,monopolar,same_freq,low_gamma,DLS,DMS,0.23324931670956067,0.016654630657021077,,,,,,
task,614,striatum,44,All,200,monopolar,same_freq,high_gamma,DLS,DMS,0.24734949148423194,0.011401169224156476,,,,,,
task,614,striatum,44,All,200,monopolar,pac_within,low_gamma,ACC,ACC,,,1.624013323801999e-05,3.2931139123403865e-06,7.626655567521482,0.009900990099009901,100,1.2947019325679603e-05
task,614,striatum,44,All,200,monopolar,pac_within,high_gamma,ACC,ACC,,,0.00010119929892537282,3.2356769226390132e-06,72.23310191909133,0.009900990099009901,100,9.796362200273381e-05
task,614,striatum,44,All,200,monopolar,pac_within,low_gamma,DLS,DLS,,,0.00021551438894012773,3.163292081527404e-06,155.8130283088884,0.009900990099009901,100,0.00021235109685860032
task,614,striatum,44,All,200,monopolar,pac_within,high_gamma,DLS,DLS,,,0.00027712140359744867,3.137477556607219e-06,202.69223648597952,0.009900990099009901,100,0.00027398392604084144
task,614,striatum,44,All,200,monopolar,pac_within,low_gamma,DMS,DMS,,,5.029280568030139e-05,3.250632402926201e-06,30.46231789462835,0.009900990099009901,100,4.704217327737519e-05
task,614,striatum,44,All,200,monopolar,pac_within,high_gamma,DMS,DMS,,,0.00020436295390337386,3.101742512533969e-06,156.77509149712466,0.009900990099009901,100,0.0002012612113908399
task,614,striatum,44,All,200,monopolar,pac_between,low_gamma,ACC,DLS,,,8.872695155514836e-05,3.664638184353485e-06,50.12706772938415,0.009900990099009901,100,8.506231337079487e-05
task,614,striatum,44,All,200,monopolar,pac_between,high_gamma,ACC,DLS,,,8.57499035875844e-05,3.260463929931128e-06,54.03139127721195,0.009900990099009901,100,8.248943965765328e-05
task,614,striatum,44,All,200,monopolar,pac_between,low_gamma,ACC,DMS,,,1.7430685306155974e-05,3.387058009084856e-06,10.401656495705343,0.009900990099009901,100,1.4043627297071118e-05
task,614,striatum,44,All,200,monopolar,pac_between,high_gamma,ACC,DMS,,,8.133293228895407e-05,3.250264187069697e-06,63.31505036247129,0.009900990099009901,100,7.808266810188438e-05
task,614,striatum,44,All,200,monopolar,pac_between,low_gamma,DLS,ACC,,,3.531029362527903e-05,3.2122538686926194e-06,21.46963511487529,0.009900990099009901,100,3.2098039756586413e-05
task,614,striatum,44,All,200,monopolar,pac_between,high_gamma,DLS,ACC,,,0.00022005986910429826,3.0917837733555142e-06,154.15136656281499,0.009900990099009901,100,0.00021696808533094275
task,614,striatum,44,All,200,monopolar,pac_between,low_gamma,DLS,DMS,,,6.221265111656115e-05,3.104780995454361e-06,39.1517068820581,0.009900990099009901,100,5.910787012110679e-05
task,614,striatum,44,All,200,monopolar,pac_between,high_gamma,DLS,DMS,,,0.00022956382157158402,3.211020653436374e-06,191.3027324666751,0.009900990099009901,100,0.00022635280091814764
task,614,striatum,44,All,200,monopolar,pac_between,low_gamma,DMS,ACC,,,4.1561158314790765e-05,3.514959199054277e-06,22.58047830379443,0.009900990099009901,100,3.804619911573649e-05
task,614,striatum,44,All,200,monopolar,pac_between,high_gamma,DMS,ACC,,,0.00022953497544959798,2.942001617101548e-06,187.96976049389994,0.009900990099009901,100,0.00022659297383249643
task,614,striatum,44,All,200,monopolar,pac_between,low_gamma,DMS,DLS,,,0.00014488990358576878,3.028555029331351e-06,111.64607769662196,0.009900990099009901,100,0.00014186134855643742
task,614,striatum,44,All,200,monopolar,pac_between,high_gamma,DMS,DLS,,,0.00014648609603187145,3.1992442928973268e-06,131.3267109009617,0.009900990099009901,100,0.00014328685173897412
task,614,striatum,44,All,200,bipolar,same_freq,theta,ACC,DLS,0.08537257758893735,0.07684068674537267,,,,,,
task,614,striatum,44,All,200,bipolar,same_freq,low_gamma,ACC,DLS,0.0033795257994509997,-0.0008129677756991127,,,,,,
task,614,striatum,44,All,200,bipolar,same_freq,high_gamma,ACC,DLS,0.0015423446925589555,-0.0016648165858288131,,,,,,
task,614,striatum,44,All,200,bipolar,same_freq,theta,ACC,DMS,0.17645721738280168,0.175010991249118,,,,,,
task,614,striatum,44,All,200,bipolar,same_freq,low_gamma,ACC,DMS,0.0051877820696668,-0.0009856201647663197,,,,,,
task,614,striatum,44,All,200,bipolar,same_freq,high_gamma,ACC,DMS,0.007642617226148585,0.002808284295663948,,,,,,
task,614,striatum,44,All,200,bipolar,same_freq,theta,DLS,DMS,0.08364452779124099,0.02660101980600623,,,,,,
task,614,striatum,44,All,200,bipolar,same_freq,low_gamma,DLS,DMS,0.008676129215641483,0.0021965908800628915,,,,,,
task,614,striatum,44,All,200,bipolar,same_freq,high_gamma,DLS,DMS,0.010598623415354228,0.006107538750252202,,,,,,
task,614,striatum,44,All,200,bipolar,pac_within,low_gamma,ACC,ACC,,,5.5799687045894374e-06,3.53329921697756e-06,1.4012111328747514,0.1188118811881188,100,2.0466694876118773e-06
task,614,striatum,44,All,200,bipolar,pac_within,high_gamma,ACC,ACC,,,6.301052177330745e-06,3.17038765175725e-06,2.235140806821416,0.04950495049504951,100,3.1306645255734954e-06
task,614,striatum,44,All,200,bipolar,pac_within,low_gamma,DLS,DLS,,,9.593117806069531e-07,3.4649689126105157e-06,-1.4928908217790564,1.0,100,-2.5056571320035625e-06
task,614,striatum,44,All,200,bipolar,pac_within,high_gamma,DLS,DLS,,,2.887235974705026e-06,3.030629018515224e-06,-0.11672304835008947,0.49504950495049505,100,-1.4339304381019807e-07
task,614,striatum,44,All,200,bipolar,pac_within,low_gamma,DMS,DMS,,,9.407184077010984e-06,3.3006465497001964e-06,3.6203520752631637,0.009900990099009901,100,6.106537527310788e-06
task,614,striatum,44,All,200,bipolar,pac_within,high_gamma,DMS,DMS,,,3.2558791166837124e-06,3.3050916649972963e-06,-0.03887632347236395,0.5247524752475248,100,-4.9212548313583965e-08
task,614,striatum,44,All,200,bipolar,pac_between,low_gamma,ACC,DLS,,,3.338006967036639e-06,3.7061204191311068e-06,-0.24044772576914775,0.5544554455445545,100,-3.681134520944679e-07
task,614,striatum,44,All,200,bipolar,pac_between,high_gamma,ACC,DLS,,,4.399443615957158e-06,3.0363560219904266e-06,1.018835830249406,0.1485148514851485,100,1.3630875939667317e-06
task,614,striatum,44,All,200,bipolar,pac_between,low_gamma,ACC,DMS,,,6.039849673948511e-06,3.314185868814128e-06,1.7911889881241325,0.0891089108910891,100,2.725663805134383e-06
task,614,striatum,44,All,200,bipolar,pac_between,high_gamma,ACC,DMS,,,3.173534529043087e-06,3.538317471287476e-06,-0.27700744298863983,0.5544554455445545,100,-3.6478294224438896e-07
task,614,striatum,44,All,200,bipolar,pac_between,low_gamma,DLS,ACC,,,3.427993258163153e-06,3.4718283585522885e-06,-0.03107183180797006,0.44554455445544555,100,-4.383510038913558e-08
task,614,striatum,44,All,200,bipolar,pac_between,high_gamma,DLS,ACC,,,4.381587062836068e-06,3.112147423955496e-06,1.1795573109748552,0.1188118811881188,100,1.2694396388805717e-06
task,614,striatum,44,All,200,bipolar,pac_between,low_gamma,DLS,DMS,,,1.814424175430438e-06,3.653746355525206e-06,-1.2362586939436069,0.9702970297029703,100,-1.839322180094768e-06
task,614,striatum,44,All,200,bipolar,pac_between,high_gamma,DLS,DMS,,,1.687845080273303e-06,3.247468394518142e-06,-1.1399591626097554,0.9306930693069307,100,-1.559623314244839e-06
task,614,striatum,44,All,200,bipolar,pac_between,low_gamma,DMS,ACC,,,1.5304242596888182e-06,3.332971875123542e-06,-1.2204648588395575,0.9405940594059405,100,-1.802547615434724e-06
task,614,striatum,44,All,200,bipolar,pac_between,high_gamma,DMS,ACC,,,3.0389814636444077e-06,3.144444492484061e-06,-0.07903054032855487,0.45544554455445546,100,-1.054630288396534e-07
task,614,striatum,44,All,200,bipolar,pac_between,low_gamma,DMS,DLS,,,2.7476975167221755e-06,3.6648232791107943e-06,-0.6809841027131934,0.7227722772277227,100,-9.171257623886189e-07
task,614,striatum,44,All,200,bipolar,pac_between,high_gamma,DMS,DLS,,,2.715885538769371e-06,3.128404899038925e-06,-0.3664411124614924,0.6138613861386139,100,-4.1251936026955405e-07
task,614,striatum,44,Naive,10,monopolar,same_freq,theta,ACC,DLS,0.2547721388988458,-0.02762212933740308,,,,,,
task,614,striatum,44,Naive,10,monopolar,same_freq,low_gamma,ACC,DLS,0.06161086648249221,0.0328971344513863,,,,,,
task,614,striatum,44,Naive,10,monopolar,same_freq,high_gamma,ACC,DLS,0.0478857138535503,0.014208581352146355,,,,,,
task,614,striatum,44,Naive,10,monopolar,same_freq,theta,ACC,DMS,0.16172455690851767,-0.02149161424872959,,,,,,
task,614,striatum,44,Naive,10,monopolar,same_freq,low_gamma,ACC,DMS,0.04786096896738329,0.03848288570585153,,,,,,
task,614,striatum,44,Naive,10,monopolar,same_freq,high_gamma,ACC,DMS,0.072246678738365,0.03209135588198173,,,,,,
task,614,striatum,44,Naive,10,monopolar,same_freq,theta,DLS,DMS,0.5410229898718573,0.004461285125632135,,,,,,
task,614,striatum,44,Naive,10,monopolar,same_freq,low_gamma,DLS,DMS,0.2743194048960756,0.025437271577075447,,,,,,
task,614,striatum,44,Naive,10,monopolar,same_freq,high_gamma,DLS,DMS,0.3171254575925829,0.027847223759824194,,,,,,
task,614,striatum,44,Naive,10,monopolar,pac_within,low_gamma,ACC,ACC,,,9.69439836054406e-05,5.2659289629512334e-05,2.181306161574012,0.039603960396039604,100,4.428469397592826e-05
task,614,striatum,44,Naive,10,monopolar,pac_within,high_gamma,ACC,ACC,,,0.00016479351405731277,4.6054628262006773e-05,5.908883841290036,0.019801980198019802,100,0.00011873888579530599
task,614,striatum,44,Naive,10,monopolar,pac_within,low_gamma,DLS,DLS,,,0.00047202965747642677,5.699228517125107e-05,15.445475038483943,0.009900990099009901,100,0.0004150373723051757
task,614,striatum,44,Naive,10,monopolar,pac_within,high_gamma,DLS,DLS,,,0.0005946559488954555,5.193620901818016e-05,31.14300606773682,0.009900990099009901,100,0.0005427197398772753
task,614,striatum,44,Naive,10,monopolar,pac_within,low_gamma,DMS,DMS,,,0.00015036510728743175,5.075921270035361e-05,4.621279779145492,0.009900990099009901,100,9.960589458707814e-05
task,614,striatum,44,Naive,10,monopolar,pac_within,high_gamma,DMS,DMS,,,0.00025519328799728457,5.43619551099702e-05,8.05505765652778,0.009900990099009901,100,0.00020083133288731437
task,614,striatum,44,Naive,10,monopolar,pac_between,low_gamma,ACC,DLS,,,0.00040660576191134363,5.581291414144642e-05,16.860409147045015,0.009900990099009901,100,0.0003507928477698972
task,614,striatum,44,Naive,10,monopolar,pac_between,high_gamma,ACC,DLS,,,0.0002215107236939046,5.3476655547216995e-05,6.457123298346354,0.009900990099009901,100,0.0001680340681466876
task,614,striatum,44,Naive,10,monopolar,pac_between,low_gamma,ACC,DMS,,,9.737174264831181e-05,5.6361750278055055e-05,1.6319789824746076,0.0594059405940594,100,4.1009992370256756e-05
task,614,striatum,44,Naive,10,monopolar,pac_between,high_gamma,ACC,DMS,,,9.699618438193064e-05,5.425418905967616e-05,1.9103733138398256,0.0594059405940594,100,4.274199532225448e-05
task,614,striatum,44,Naive,10,monopolar,pac_between,low_gamma,DLS,ACC,,,0.00018589299223037854,4.952881869158272e-05,5.262424111138667,0.009900990099009901,100,0.0001363641735387958
task,614,striatum,44,Naive,10,monopolar,pac_between,high_gamma,DLS,ACC,,,0.00042004794624676074,5.0399375677036364e-05,15.678359724509516,0.009900990099009901,100,0.00036964857056972437
task,614,striatum,44,Naive,10,monopolar,pac_between,low_gamma,DLS,DMS,,,0.00019932586656168337,5.320384711446323e-05,6.001177738539848,0.009900990099009901,100,0.00014612201944722014
task,614,striatum,44,Naive,10,monopolar,pac_between,high_gamma,DLS,DMS,,,0.0003543413755040298,5.7151050905616794e-05,11.16075463641986,0.009900990099009901,100,0.00029719032459841305
task,614,striatum,44,Naive,10,monopolar,pac_between,low_gamma,DMS,ACC,,,0.00014598243513307986,4.949920215674534e-05,4.057199508344718,0.009900990099009901,100,9.648323297633453e-05
task,614,striatum,44,Naive,10,monopolar,pac_between,high_gamma,DMS,ACC,,,0.00043356168021407344,4.775129669310178e-05,17.661570648666192,0.009900990099009901,100,0.00038581038352097165
task,614,striatum,44,Naive,10,monopolar,pac_between,low_gamma,DMS,DLS,,,0.00027734410617021016,4.8707378059479406e-05,10.020085397842251,0.009900990099009901,100,0.00022863672811073075
task,614,striatum,44,Naive,10,monopolar,pac_between,high_gamma,DMS,DLS,,,0.00027182402998555505,5.332734835988719e-05,10.003303978917922,0.009900990099009901,100,0.00021849668162566785
task,614,striatum,44,Naive,10,bipolar,same_freq,theta,ACC,DLS,0.18079113401594407,0.2018328723817777,,,,,,
task,614,striatum,44,Naive,10,bipolar,same_freq,low_gamma,ACC,DLS,0.0020717732061299845,0.011057003639034679,,,,,,
task,614,striatum,44,Naive,10,bipolar,same_freq,high_gamma,ACC,DLS,0.0030827303804566884,0.0020486408761621142,,,,,,
task,614,striatum,44,Naive,10,bipolar,same_freq,theta,ACC,DMS,0.26283380281657254,0.2782111289841688,,,,,,
task,614,striatum,44,Naive,10,bipolar,same_freq,low_gamma,ACC,DMS,0.03236377726699726,0.01822210110034372,,,,,,
task,614,striatum,44,Naive,10,bipolar,same_freq,high_gamma,ACC,DMS,0.020220942373470455,0.021400411922061206,,,,,,
task,614,striatum,44,Naive,10,bipolar,same_freq,theta,DLS,DMS,0.17441907470590082,0.11351132876945061,,,,,,
task,614,striatum,44,Naive,10,bipolar,same_freq,low_gamma,DLS,DMS,0.017879117891419456,0.013473483687488606,,,,,,
task,614,striatum,44,Naive,10,bipolar,same_freq,high_gamma,DLS,DMS,0.01023747619548167,0.011069174143889277,,,,,,
task,614,striatum,44,Naive,10,bipolar,pac_within,low_gamma,ACC,ACC,,,6.966132834633733e-05,5.3087495112207406e-05,0.6797339164269297,0.16831683168316833,100,1.657383323412992e-05
task,614,striatum,44,Naive,10,bipolar,pac_within,high_gamma,ACC,ACC,,,2.7654774553477972e-05,5.39157284508694e-05,-1.4035151232395457,0.9603960396039604,100,-2.626095389739143e-05
task,614,striatum,44,Naive,10,bipolar,pac_within,low_gamma,DLS,DLS,,,4.39771207953754e-05,5.1619368319110815e-05,-0.35771598170981744,0.5643564356435643,100,-7.642247523735414e-06
task,614,striatum,44,Naive,10,bipolar,pac_within,high_gamma,DLS,DLS,,,5.260616415259981e-05,5.069161912447589e-05,0.09100620436419114,0.4158415841584158,100,1.9145450281239196e-06
task,614,striatum,44,Naive,10,bipolar,pac_within,low_gamma,DMS,DMS,,,5.271534615215624e-05,5.434401943118162e-05,-0.0632259198886957,0.45544554455445546,100,-1.6286732790253783e-06
task,614,striatum,44,Naive,10,bipolar,pac_within,high_gamma,DMS,DMS,,,6.0704035275171835e-05,5.035716331332622e-05,0.5952285547751143,0.25742574257425743,100,1.0346871961845615e-05
task,614,striatum,44,Naive,10,bipolar,pac_between,low_gamma,ACC,DLS,,,9.922491461492012e-05,5.8121436991181564e-05,1.4876351937297225,0.06930693069306931,100,4.1103477623738556e-05
task,614,striatum,44,Naive,10,bipolar,pac_between,high_gamma,ACC,DLS,,,4.823992175011748e-05,5.0396853080767895e-05,-0.11163302578886729,0.49504950495049505,100,-2.156931330650415e-06
task,614,striatum,44,Naive,10,bipolar,pac_between,low_gamma,ACC,DMS,,,7.145907662816011e-05,5.0703807448845937e-05,0.9480664097978307,0.16831683168316833,100,2.0755269179314174e-05
task,614,striatum,44,Naive,10,bipolar,pac_between,high_gamma,ACC,DMS,,,7.240107562702465e-05,5.4359085431182344e-05,0.8374006807957924,0.18811881188118812,100,1.8041990195842305e-05
task,614,striatum,44,Naive,10,bipolar,pac_between,low_gamma,DLS,ACC,,,3.91404327064178e-05,6.215583273570367e-05,-0.7576236076813877,0.7920792079207921,100,-2.301540002928587e-05
task,614,striatum,44,Naive,10,bipolar,pac_between,high_gamma,DLS,ACC,,,4.177881319957034e-05,5.155081748195271e-05,-0.5149707866433617,0.693069306930693,100,-9.772004282382372e-06
task,614,striatum,44,Naive,10,bipolar,pac_between,low_gamma,DLS,DMS,,,5.161196842715592e-05,5.932864540493937e-05,-0.33466049703085055,0.6336633663366337,100,-7.716676977783448e-06
task,614,striatum,44,Naive,10,bipolar,pac_between,high_gamma,DLS,DMS,,,6.83929924735396e-05,5.379354116542694e-05,0.7626346309900975,0.22772277227722773,100,1.4599451308112653e-05
task,614,striatum,44,Naive,10,bipolar,pac_between,low_gamma,DMS,ACC,,,6.686183512716211e-05,5.2101926275744645e-05,0.6973564110711306,0.27722772277227725,100,1.4759908851417464e-05
task,614,striatum,44,Naive,10,bipolar,pac_between,high_gamma,DMS,ACC,,,3.252130355394533e-05,5.2564746752104793e-05,-0.9972879421460715,0.8316831683168316,100,-2.0043443198159465e-05
task,614,striatum,44,Naive,10,bipolar,pac_between,low_gamma,DMS,DLS,,,5.2713980482293075e-05,5.5912467540443314e-05,-0.12729225078834325,0.48514851485148514,100,-3.1984870581502393e-06
task,614,striatum,44,Naive,10,bipolar,pac_between,high_gamma,DMS,DLS,,,3.90275529881366e-05,4.937610759708579e-05,-0.5251098902414839,0.6732673267326733,100,-1.034855460894919e-05
task,614,striatum,44,Intermediate,10,monopolar,same_freq,theta,ACC,DLS,0.23995818044306244,-0.06853899453751157,,,,,,
task,614,striatum,44,Intermediate,10,monopolar,same_freq,low_gamma,ACC,DLS,0.025319149903823692,0.008022438644714984,,,,,,
task,614,striatum,44,Intermediate,10,monopolar,same_freq,high_gamma,ACC,DLS,0.013429770022926927,-0.0002580903159353893,,,,,,
task,614,striatum,44,Intermediate,10,monopolar,same_freq,theta,ACC,DMS,0.15660227462271228,-0.021042042537834857,,,,,,
task,614,striatum,44,Intermediate,10,monopolar,same_freq,low_gamma,ACC,DMS,0.02088743424928139,0.009333300790766122,,,,,,
task,614,striatum,44,Intermediate,10,monopolar,same_freq,high_gamma,ACC,DMS,0.032629756993408025,0.0024038160857293464,,,,,,
task,614,striatum,44,Intermediate,10,monopolar,same_freq,theta,DLS,DMS,0.5108543496617887,0.06650169205052894,,,,,,
task,614,striatum,44,Intermediate,10,monopolar,same_freq,low_gamma,DLS,DMS,0.21846361719543306,0.013166113948584572,,,,,,
task,614,striatum,44,Intermediate,10,monopolar,same_freq,high_gamma,DLS,DMS,0.26992828054838863,0.007943890772433442,,,,,,
task,614,striatum,44,Intermediate,10,monopolar,pac_within,low_gamma,ACC,ACC,,,6.992126168370157e-05,6.404432562892945e-05,0.19915682798042594,0.42574257425742573,100,5.876936054772128e-06
task,614,striatum,44,Intermediate,10,monopolar,pac_within,high_gamma,ACC,ACC,,,0.00013198893795997486,6.892993763990225e-05,2.480852843409927,0.04950495049504951,100,6.305900032007262e-05
task,614,striatum,44,Intermediate,10,monopolar,pac_within,low_gamma,DLS,DLS,,,0.0001870479817302137,7.220374343484865e-05,2.7935962900326774,0.0297029702970297,100,0.00011484423829536505
task,614,striatum,44,Intermediate,10,monopolar,pac_within,high_gamma,DLS,DLS,,,0.0004769588048035154,6.585313836915245e-05,13.518606460995384,0.009900990099009901,100,0.000411105666434363
task,614,striatum,44,Intermediate,10,monopolar,pac_within,low_gamma,DMS,DMS,,,9.169436371043709e-05,5.958193550029788e-05,1.2656665644754577,0.0891089108910891,100,3.211242821013921e-05
task,614,striatum,44,Intermediate,10,monopolar,pac_within,high_gamma,DMS,DMS,,,0.00014662221996496416,5.9374995706420714e-05,3.359442694099465,0.019801980198019802,100,8.724722425854344e-05
task,614,striatum,44,Intermediate,10,monopolar,pac_between,low_gamma,ACC,DLS,,,0.00013257567546050473,7.535237486233514e-05,1.6229386504475858,0.10891089108910891,100,5.72233005981696e-05
task,614,striatum,44,Intermediate,10,monopolar,pac_between,high_gamma,ACC,DLS,,,0.00018068988508858436,6.506521311790624e-05,4.923881204393445,0.009900990099009901,100,0.00011562467197067812
task,614,striatum,44,Intermediate,10,monopolar,pac_between,low_gamma,ACC,DMS,,,4.2563266145128904e-05,6.564673886342502e-05,-0.8239300046119231,0.7821782178217822,100,-2.3083472718296116e-05
task,614,striatum,44,Intermediate,10,monopolar,pac_between,high_gamma,ACC,DMS,,,0.00011085099332386284,5.905245827053398e-05,2.2692991649051626,0.0297029702970297,100,5.179853505332887e-05
task,614,striatum,44,Intermediate,10,monopolar,pac_between,low_gamma,DLS,ACC,,,3.508494550071313e-05,6.071088275579313e-05,-0.9991990012494046,0.8514851485148515,100,-2.5625937255080004e-05
task,614,striatum,44,Intermediate,10,monopolar,pac_between,high_gamma,DLS,ACC,,,0.0001729714508112276,5.800114638219221e-05,4.99216682709925,0.009900990099009901,100,0.00011497030442903538
task,614,striatum,44,Intermediate,10,monopolar,pac_between,low_gamma,DLS,DMS,,,5.345275460194078e-05,5.87776907227989e-05,-0.2010177974225553,0.5346534653465347,100,-5.3249361208581225e-06
task,614,striatum,44,Intermediate,10,monopolar,pac_between,high_gamma,DLS,DMS,,,0.00019863940486156053,5.4676589052765397e-05,6.2811460954049805,0.009900990099009901,100,0.00014396281580879514
task,614,striatum,44,Intermediate,10,monopolar,pac_between,low_gamma,DMS,ACC,,,3.2590760841634844e-05,5.7308344555121475e-05,-0.9693167343057967,0.8613861386138614,100,-2.471758371348663e-05
task,614,striatum,44,Intermediate,10,monopolar,pac_between,high_gamma,DMS,ACC,,,0.00015902209433056957,5.930095039793578e-05,3.8532471996840116,0.019801980198019802,100,9.972114393263379e-05
task,614,striatum,44,Intermediate,10,monopolar,pac_between,low_gamma,DMS,DLS,,,0.0001250048396008756,6.875613384018465e-05,1.542420860997061,0.0891089108910891,100,5.6248705760690945e-05
task,614,striatum,44,Intermediate,10,monopolar,pac_between,high_gamma,DMS,DLS,,,0.00032402453998336267,6.666064977643924e-05,8.390685358446953,0.009900990099009901,100,0.0002573638902069234
task,614,striatum,44,Intermediate,10,bipolar,same_freq,theta,ACC,DLS,-0.012563391019158446,0.006428857640209849,,,,,,
task,614,striatum,44,Intermediate,10,bipolar,same_freq,low_gamma,ACC,DLS,0.006073513604755147,-0.0004233068552073787,,,,,,
task,614,striatum,44,Intermediate,10,bipolar,same_freq,high_gamma,ACC,DLS,-0.002593020478345826,-0.004980712796815955,,,,,,
task,614,striatum,44,Intermediate,10,bipolar,same_freq,theta,ACC,DMS,0.15828322890174368,0.14428659765392626,,,,,,
task,614,striatum,44,Intermediate,10,bipolar,same_freq,low_gamma,ACC,DMS,-0.001009641967785036,-0.005364962480351355,,,,,,
task,614,striatum,44,Intermediate,10,bipolar,same_freq,high_gamma,ACC,DMS,0.0033684532168691667,0.003591663826174675,,,,,,
task,614,striatum,44,Intermediate,10,bipolar,same_freq,theta,DLS,DMS,0.029931478254594506,-0.03290574717334502,,,,,,
task,614,striatum,44,Intermediate,10,bipolar,same_freq,low_gamma,DLS,DMS,0.011083590971784775,0.008167997246208031,,,,,,
task,614,striatum,44,Intermediate,10,bipolar,same_freq,high_gamma,DLS,DMS,0.012042117993203082,0.00491232076864233,,,,,,
task,614,striatum,44,Intermediate,10,bipolar,pac_within,low_gamma,ACC,ACC,,,9.559877572944341e-05,6.812520002927987e-05,0.7249018359346635,0.19801980198019803,100,2.747357570016354e-05
task,614,striatum,44,Intermediate,10,bipolar,pac_within,high_gamma,ACC,ACC,,,8.027421578523454e-05,6.067047582179427e-05,0.7566532063109468,0.21782178217821782,100,1.960373996344027e-05
task,614,striatum,44,Intermediate,10,bipolar,pac_within,low_gamma,DLS,DLS,,,3.5776624952647945e-05,6.644031765459486e-05,-1.1006505456185416,0.900990099009901,100,-3.066369270194691e-05
task,614,striatum,44,Intermediate,10,bipolar,pac_within,high_gamma,DLS,DLS,,,7.716505426181624e-05,6.182518625169752e-05,0.5945802891313026,0.2376237623762376,100,1.533986801011872e-05
task,614,striatum,44,Intermediate,10,bipolar,pac_within,low_gamma,DMS,DMS,,,3.9537928113543455e-05,7.289793584315672e-05,-1.0900373460140527,0.8910891089108911,100,-3.336000772961326e-05
task,614,striatum,44,Intermediate,10,bipolar,pac_within,high_gamma,DMS,DMS,,,3.7523257083339635e-05,5.6100393272406795e-05,-0.9020610507567864,0.8217821782178217,100,-1.857713618906716e-05
task,614,striatum,44,Intermediate,10,bipolar,pac_between,low_gamma,ACC,DLS,,,8.132807803149166e-05,6.874172196983744e-05,0.4607184459956697,0.3069306930693069,100,1.2586356061654219e-05
task,614,striatum,44,Intermediate,10,bipolar,pac_between,high_gamma,ACC,DLS,,,5.4233531950791386e-05,5.985720352749034e-05,-0.22699201395761706,0.5445544554455446,100,-5.623671576698952e-06
task,614,striatum,44,Intermediate,10,bipolar,pac_between,low_gamma,ACC,DMS,,,8.123674809172812e-05,7.091769862621554e-05,0.3092363234306173,0.3465346534653465,100,1.0319049465512585e-05
task,614,striatum,44,Intermediate,10,bipolar,pac_between,high_gamma,ACC,DMS,,,8.073756845453083e-05,6.306608225516014e-05,0.6917314898752984,0.25742574257425743,100,1.767148619937068e-05
task,614,striatum,44,Intermediate,10,bipolar,pac_between,low_gamma,DLS,ACC,,,6.893765145838043e-05,6.444648484943953e-05,0.15922577161145515,0.4158415841584158,100,4.491166608940899e-06
task,614,striatum,44,Intermediate,10,bipolar,pac_between,high_gamma,DLS,ACC,,,7.025085316982157e-05,6.41012053850411e-05,0.22294730542051297,0.3564356435643564,100,6.149647784780472e-06
task,614,striatum,44,Intermediate,10,bipolar,pac_between,low_gamma,DLS,DMS,,,5.142343222969738e-05,6.811454646000704e-05,-0.6449796589389577,0.6831683168316832,100,-1.669111423030966e-05
task,614,striatum,44,Intermediate,10,bipolar,pac_between,high_gamma,DLS,DMS,,,4.919559384422841e-05,5.881190512710958e-05,-0.4289742379588199,0.6534653465346535,100,-9.616311282881169e-06
task,614,striatum,44,Intermediate,10,bipolar,pac_between,low_gamma,DMS,ACC,,,7.7738146637434e-05,6.583448221602108e-05,0.39150018937818987,0.26732673267326734,100,1.1903664421412919e-05
task,614,striatum,44,Intermediate,10,bipolar,pac_between,high_gamma,DMS,ACC,,,7.851028691680151e-05,6.356547137872246e-05,0.6483735840758593,0.22772277227722773,100,1.4944815538079042e-05
task,614,striatum,44,Intermediate,10,bipolar,pac_between,low_gamma,DMS,DLS,,,4.7628452908615246e-05,6.662243665984217e-05,-0.7138058254136349,0.7227722772277227,100,-1.8993983751226922e-05
task,614,striatum,44,Intermediate,10,bipolar,pac_between,high_gamma,DMS,DLS,,,0.00010539173196050366,5.5942994446441854e-05,2.085359333961958,0.0594059405940594,100,4.944873751406181e-05
task,614,striatum,44,Expert,10,monopolar,same_freq,theta,ACC,DLS,0.17007371491025625,-0.04110730676249323,,,,,,
task,614,striatum,44,Expert,10,monopolar,same_freq,low_gamma,ACC,DLS,0.03829266179378589,-0.00018275973914202594,,,,,,
task,614,striatum,44,Expert,10,monopolar,same_freq,high_gamma,ACC,DLS,0.01678557542300845,-0.004874687427561674,,,,,,
task,614,striatum,44,Expert,10,monopolar,same_freq,theta,ACC,DMS,0.1056532575859763,-0.09224526629483154,,,,,,
task,614,striatum,44,Expert,10,monopolar,same_freq,low_gamma,ACC,DMS,0.029110704541812773,0.003198936150375981,,,,,,
task,614,striatum,44,Expert,10,monopolar,same_freq,high_gamma,ACC,DMS,0.07170697916807167,0.028455699957678316,,,,,,
task,614,striatum,44,Expert,10,monopolar,same_freq,theta,DLS,DMS,0.49674156218773763,0.044752432154106056,,,,,,
task,614,striatum,44,Expert,10,monopolar,same_freq,low_gamma,DLS,DMS,0.24291805675849895,0.008857085189201506,,,,,,
task,614,striatum,44,Expert,10,monopolar,same_freq,high_gamma,DLS,DMS,0.2547486234913519,-0.006676760079943657,,,,,,
task,614,striatum,44,Expert,10,monopolar,pac_within,low_gamma,ACC,ACC,,,4.101869840502817e-05,6.388201697771292e-05,-0.9199285408618452,0.8316831683168316,100,-2.2863318572684747e-05
task,614,striatum,44,Expert,10,monopolar,pac_within,high_gamma,ACC,ACC,,,9.546250726313673e-05,6.576434201556225e-05,0.9914107260112349,0.12871287128712872,100,2.969816524757448e-05
task,614,striatum,44,Expert,10,monopolar,pac_within,low_gamma,DLS,DLS,,,0.0003069904830648125,7.389091630749158e-05,5.360653335604435,0.009900990099009901,100,0.00023309956675732088
task,614,striatum,44,Expert,10,monopolar,pac_within,high_gamma,DLS,DLS,,,0.00019652469163672188,6.0437788419452043e-05,5.366728325619417,0.009900990099009901,100,0.00013608690321726985
task,614,striatum,44,Expert,10,monopolar,pac_within,low_gamma,DMS,DMS,,,2.4850854130158593e-05,6.44075367614926e-05,-1.6244433283678485,0.9702970297029703,100,-3.955668263133401e-05
task,614,striatum,44,Expert,10,monopolar,pac_within,high_gamma,DMS,DMS,,,0.00026986900474616516,6.597407189175668e-05,6.636499615320711,0.009900990099009901,100,0.00020389493285440848
task,614,striatum,44,Expert,10,monopolar,pac_between,low_gamma,ACC,DLS,,,0.00014637636815923566,8.100362804129556e-05,1.8217081303121454,0.04950495049504951,100,6.53727401179401e-05
task,614,striatum,44,Expert,10,monopolar,pac_between,high_gamma,ACC,DLS,,,0.00014362638503817948,6.652273567547609e-05,2.6683888355306427,0.0297029702970297,100,7.710364936270339e-05
task,614,striatum,44,Expert,10,monopolar,pac_between,low_gamma,ACC,DMS,,,8.818050940533943e-05,7.218800892642586e-05,0.49087822324908004,0.25742574257425743,100,1.5992500478913567e-05
task,614,striatum,44,Expert,10,monopolar,pac_between,high_gamma,ACC,DMS,,,0.00011665544333477235,6.860403530450832e-05,1.7631393124398207,0.0594059405940594,100,4.805140803026403e-05
task,614,striatum,44,Expert,10,monopolar,pac_between,low_gamma,DLS,ACC,,,7.608361798098423e-05,5.85803459125768e-05,0.6554325308529673,0.22772277227722773,100,1.7503272068407427e-05
task,614,striatum,44,Expert,10,monopolar,pac_between,high_gamma,DLS,ACC,,,0.00020083979011594,5.764005168658463e-05,6.446107485825246,0.009900990099009901,100,0.00014319973842935536
task,614,striatum,44,Expert,10,monopolar,pac_between,low_gamma,DLS,DMS,,,0.00010734216904256666,6.238228141590206e-05,1.977751011933847,0.039603960396039604,100,4.495988762666461e-05
task,614,striatum,44,Expert,10,monopolar,pac_between,high_gamma,DLS,DMS,,,0.00038954897932987417,6.464882893015384e-05,10.963220727015807,0.009900990099009901,100,0.00032490015039972033
task,614,striatum,44,Expert,10,monopolar,pac_between,low_gamma,DMS,ACC,,,7.605834093732405e-05,6.136606519961706e-05,0.5680587508730044,0.26732673267326734,100,1.4692275737706987e-05
task,614,striatum,44,Expert,10,monopolar,pac_between,high_gamma,DMS,ACC,,,0.00014559154930280963,5.973978142800948e-05,3.6583632778194337,0.009900990099009901,100,8.585176787480015e-05
task,614,striatum,44,Expert,10,monopolar,pac_between,low_gamma,DMS,DLS,,,0.00016352252917740346,7.218358508983338e-05,2.453550037273818,0.0594059405940594,100,9.133894408757008e-05
task,614,striatum,44,Expert,10,monopolar,pac_between,high_gamma,DMS,DLS,,,0.00013743188886398917,6.204429800998947e-05,3.06463606949506,0.019801980198019802,100,7.538759085399971e-05
task,614,striatum,44,Expert,10,bipolar,same_freq,theta,ACC,DLS,0.051530862939620864,0.07347662280572842,,,,,,
task,614,striatum,44,Expert,10,bipolar,same_freq,low_gamma,ACC,DLS,0.010649425986469332,-0.0026536808084220856,,,,,,
task,614,striatum,44,Expert,10,bipolar,same_freq,high_gamma,ACC,DLS,0.0007206086697879167,-0.0017567709955437184,,,,,,
task,614,striatum,44,Expert,10,bipolar,same_freq,theta,ACC,DMS,0.13794087698980043,0.06111060809713552,,,,,,
task,614,striatum,44,Expert,10,bipolar,same_freq,low_gamma,ACC,DMS,0.0016708491767209687,-0.005721089837777222,,,,,,
task,614,striatum,44,Expert,10,bipolar,same_freq,high_gamma,ACC,DMS,0.006786625321366002,-0.00761205721854561,,,,,,
task,614,striatum,44,Expert,10,bipolar,same_freq,theta,DLS,DMS,0.16320743093553794,0.13095502999965208,,,,,,
task,614,striatum,44,Expert,10,bipolar,same_freq,low_gamma,DLS,DMS,0.020874501172813913,0.004830575197716834,,,,,,
task,614,striatum,44,Expert,10,bipolar,same_freq,high_gamma,DLS,DMS,0.006814575439110158,-0.002459245791022292,,,,,,
task,614,striatum,44,Expert,10,bipolar,pac_within,low_gamma,ACC,ACC,,,1.3760285872140212e-05,7.130733198806874e-05,-1.7998931242939504,1.0,100,-5.754704611592852e-05
task,614,striatum,44,Expert,10,bipolar,pac_within,high_gamma,ACC,ACC,,,5.3774491894477194e-05,6.644888573270392e-05,-0.5307797835170115,0.693069306930693,100,-1.2674393838226728e-05
task,614,striatum,44,Expert,10,bipolar,pac_within,low_gamma,DLS,DLS,,,3.8917244270054474e-05,7.558971509710054e-05,-1.2093857567907869,0.9108910891089109,100,-3.667247082704606e-05
task,614,striatum,44,Expert,10,bipolar,pac_within,high_gamma,DLS,DLS,,,2.9912924744031276e-05,6.982128245799667e-05,-1.6117998295853142,0.9702970297029703,100,-3.9908357713965394e-05
task,614,striatum,44,Expert,10,bipolar,pac_within,low_gamma,DMS,DMS,,,0.00011459771177749312,7.067036806522225e-05,1.2705297107909994,0.07920792079207921,100,4.392734371227087e-05
task,614,striatum,44,Expert,10,bipolar,pac_within,high_gamma,DMS,DMS,,,3.477438214454354e-05,5.985436410590344e-05,-1.047492421236502,0.8712871287128713,100,-2.5079981961359903e-05
task,614,striatum,44,Expert,10,bipolar,pac_between,low_gamma,ACC,DLS,,,0.00011557924427540718,7.389285232508657e-05,1.6074652062631198,0.0891089108910891,100,4.168639195032061e-05
task,614,striatum,44,Expert,10,bipolar,pac_between,high_gamma,ACC,DLS,,,5.129755876606403e-05,6.687241511682201e-05,-0.5395301218640318,0.7128712871287128,100,-1.5574856350757982e-05
task,614,striatum,44,Expert,10,bipolar,pac_between,low_gamma,ACC,DMS,,,4.308805338821191e-05,7.455379739004657e-05,-1.0951208703644106,0.8811881188118812,100,-3.146574400183466e-05
task,614,striatum,44,Expert,10,bipolar,pac_between,high_gamma,ACC,DMS,,,6.53681838781639e-05,6.301071642551598e-05,0.09564267424982917,0.40594059405940597,100,2.3574674526479243e-06
task,614,striatum,44,Expert,10,bipolar,pac_between,low_gamma,DLS,ACC,,,2.731239503224051e-05,7.242883417561512e-05,-1.421818475206565,0.9702970297029703,100,-4.511643914337461e-05
task,614,striatum,44,Expert,10,bipolar,pac_between,high_gamma,DLS,ACC,,,5.9257469288856614e-05,6.522177619696761e-05,-0.2735373509977746,0.5445544554455446,100,-5.9643069081109985e-06
task,614,striatum,44,Expert,10,bipolar,pac_between,low_gamma,DLS,DMS,,,9.224781637027031e-05,7.452296846139515e-05,0.5701751844227897,0.2871287128712871,100,1.772484790887516e-05
task,614,striatum,44,Expert,10,bipolar,pac_between,high_gamma,DLS,DMS,,,2.25569864727836e-05,6.499996357399493e-05,-1.6409173786481182,0.9801980198019802,100,-4.2442977101211334e-05
task,614,striatum,44,Expert,10,bipolar,pac_between,low_gamma,DMS,ACC,,,9.046609753155874e-05,6.515115048354479e-05,0.9548583531552153,0.19801980198019803,100,2.5314947048013953e-05
task,614,striatum,44,Expert,10,bipolar,pac_between,high_gamma,DMS,ACC,,,3.361201395326081e-05,5.9662938406902944e-05,-1.0928305438834436,0.8910891089108911,100,-2.6050924453642133e-05
task,614,striatum,44,Expert,10,bipolar,pac_between,low_gamma,DMS,DLS,,,0.00010911199629701882,7.307454784923103e-05,1.1156953806852163,0.15841584158415842,100,3.6037448447787796e-05
task,614,striatum,44,Expert,10,bipolar,pac_between,high_gamma,DMS,DLS,,,5.249963793586956e-05,6.316731236035552e-05,-0.43572977311846073,0.6633663366336634,100,-1.0667674424485955e-05
task,624,striatum,32,All,71,monopolar,same_freq,theta,ACC,DLS,0.449359788523328,0.2959067981216568,,,,,,
task,624,striatum,32,All,71,monopolar,same_freq,low_gamma,ACC,DLS,0.2030803546817466,0.123116036223439,,,,,,
task,624,striatum,32,All,71,monopolar,same_freq,high_gamma,ACC,DLS,0.17174958503347307,0.11810659868621927,,,,,,
task,624,striatum,32,All,71,monopolar,same_freq,theta,ACC,DMS,0.3172878222374109,0.20478295205588626,,,,,,
task,624,striatum,32,All,71,monopolar,same_freq,low_gamma,ACC,DMS,0.1499206986014712,0.099768873118354,,,,,,
task,624,striatum,32,All,71,monopolar,same_freq,high_gamma,ACC,DMS,0.15557195910005728,0.09954415802413738,,,,,,
task,624,striatum,32,All,71,monopolar,same_freq,theta,DLS,DMS,0.5367405440203026,0.23869110687835188,,,,,,
task,624,striatum,32,All,71,monopolar,same_freq,low_gamma,DLS,DMS,0.2815918047836555,0.08127314742855096,,,,,,
task,624,striatum,32,All,71,monopolar,same_freq,high_gamma,DLS,DMS,0.20259894811232534,0.0723192154110843,,,,,,
task,624,striatum,32,All,71,monopolar,pac_within,low_gamma,ACC,ACC,,,3.207225517135967e-05,1.0682425669949527e-06,64.18244718369442,0.009900990099009901,100,3.100401260436472e-05
task,624,striatum,32,All,71,monopolar,pac_within,high_gamma,ACC,ACC,,,0.00027796705470227787,1.045917986540822e-06,588.1822882479868,0.009900990099009901,100,0.00027692113671573705
task,624,striatum,32,All,71,monopolar,pac_within,low_gamma,DLS,DLS,,,1.6825891239401797e-05,1.0123750341040702e-06,36.6380867455183,0.009900990099009901,100,1.5813516205297728e-05
task,624,striatum,32,All,71,monopolar,pac_within,high_gamma,DLS,DLS,,,7.727747377402191e-05,9.833248769921085e-07,213.7838047530245,0.009900990099009901,100,7.629414889702981e-05
task,624,striatum,32,All,71,monopolar,pac_within,low_gamma,DMS,DMS,,,4.1488780880627636e-05,1.028901623566539e-06,91.85073856431397,0.009900990099009901,100,4.0459879257061094e-05
task,624,striatum,32,All,71,monopolar,pac_within,high_gamma,DMS,DMS,,,0.00013212637908645696,8.962111992000947e-07,352.2858574651942,0.009900990099009901,100,0.00013123016788725686
task,624,striatum,32,All,71,monopolar,pac_between,low_gamma,ACC,DLS,,,2.603230470151184e-05,1.0917401425691443e-06,52.851167337175994,0.009900990099009901,100,2.4940564558942694e-05
task,624,striatum,32,All,71,monopolar,pac_between,high_gamma,ACC,DLS,,,9.479336900997695e-06,1.0134529293531182e-06,20.840868249205258,0.009900990099009901,100,8.465883971644577e-06
task,624,striatum,32,All,71,monopolar,pac_between,low_gamma,ACC,DMS,,,4.230050709293525e-05,1.0219241819149985e-06,83.81563988335942,0.009900990099009901,100,4.127858291102025e-05
task,624,striatum,32,All,71,monopolar,pac_between,high_gamma,ACC,DMS,,,3.882791351456683e-05,9.108190248041097e-07,94.22648558531512,0.009900990099009901,100,3.791709448976272e-05
task,624,striatum,32,All,71,monopolar,pac_between,low_gamma,DLS,ACC,,,4.0523223433737324e-05,1.0779760942182728e-06,74.25962836723453,0.009900990099009901,100,3.944524733951905e-05
task,624,striatum,32,All,71,monopolar,pac_between,high_gamma,DLS,ACC,,,0.0003773302608428791,1.0075137012468774e-06,856.3763024957389,0.009900990099009901,100,0.0003763227471416322
task,624,striatum,32,All,71,monopolar,pac_between,low_gamma,DLS,DMS,,,4.1469105785933235e-05,9.589427509840514e-07,101.36392412102346,0.009900990099009901,100,4.0510163034949185e-05
task,624,striatum,32,All,71,monopolar,pac_between,high_gamma,DLS,DMS,,,0.000169816022431429,9.095525218478479e-07,448.4024243627703,0.009900990099009901,100,0.00016890646990958113
task,624,striatum,32,All,71,monopolar,pac_between,low_gamma,DMS,ACC,,,3.368167894810028e-05,1.0990561327106286e-06,63.34554556063717,0.009900990099009901,100,3.2582622815389655e-05
task,624,striatum,32,All,71,monopolar,pac_between,high_gamma,DMS,ACC,,,0.0003427521750986927,9.27593136125554e-07,811.1820290891737,0.009900990099009901,100,0.0003418245819625671
task,624,striatum,32,All,71,monopolar,pac_between,low_gamma,DMS,DLS,,,1.4912690825417349e-05,9.534176211357257e-07,32.649895465890985,0.009900990099009901,100,1.3959273204281622e-05
task,624,striatum,32,All,71,monopolar,pac_between,high_gamma,DMS,DLS,,,7.43078715459831e-05,9.408116181356672e-07,219.90718677829855,0.009900990099009901,100,7.336705992784742e-05
task,624,striatum,32,All,71,bipolar,same_freq,theta,ACC,DLS,0.218006227500021,0.1084779918811349,,,,,,
task,624,striatum,32,All,71,bipolar,same_freq,low_gamma,ACC,DLS,0.11760879472458008,0.08254568265817505,,,,,,
task,624,striatum,32,All,71,bipolar,same_freq,high_gamma,ACC,DLS,0.11072246300645149,0.07950770081973207,,,,,,
task,624,striatum,32,All,71,bipolar,same_freq,theta,ACC,DMS,0.23654787686264986,0.12986126687967198,,,,,,
task,624,striatum,32,All,71,bipolar,same_freq,low_gamma,ACC,DMS,0.06817869742176277,0.04566829940715492,,,,,,
task,624,striatum,32,All,71,bipolar,same_freq,high_gamma,ACC,DMS,0.06280676869295185,0.04392725223942696,,,,,,
task,624,striatum,32,All,71,bipolar,same_freq,theta,DLS,DMS,0.21071197508459744,0.11322747209000417,,,,,,
task,624,striatum,32,All,71,bipolar,same_freq,low_gamma,DLS,DMS,0.05359540340875243,0.03494709577176566,,,,,,
task,624,striatum,32,All,71,bipolar,same_freq,high_gamma,DLS,DMS,0.05043286971459901,0.03382951224294243,,,,,,
task,624,striatum,32,All,71,bipolar,pac_within,low_gamma,ACC,ACC,,,5.286637905547616e-06,1.0713711184802396e-06,9.37251219985998,0.009900990099009901,100,4.215266787067376e-06
task,624,striatum,32,All,71,bipolar,pac_within,high_gamma,ACC,ACC,,,8.738585770715401e-06,9.55347866928106e-07,20.50417236313913,0.009900990099009901,100,7.783237903787295e-06
task,624,striatum,32,All,71,bipolar,pac_within,low_gamma,DLS,DLS,,,2.530382788334209e-06,1.03601785155822e-06,3.4572855748788753,0.009900990099009901,100,1.4943649367759888e-06
task,624,striatum,32,All,71,bipolar,pac_within,high_gamma,DLS,DLS,,,1.0299607096914827e-06,8.918468342439602e-07,0.4099613037126947,0.27722772277227725,100,1.3811387544752248e-07
task,624,striatum,32,All,71,bipolar,pac_within,low_gamma,DMS,DMS,,,1.1327065445779066e-05,9.429449857076218e-07,23.809423855423724,0.009900990099009901,100,1.0384120460071443e-05
task,624,striatum,32,All,71,bipolar,pac_within,high_gamma,DMS,DMS,,,5.779924669945016e-06,9.228266471986615e-07,12.222446188669934,0.009900990099009901,100,4.857098022746354e-06
task,624,striatum,32,All,71,bipolar,pac_between,low_gamma,ACC,DLS,,,1.8765429937585876e-06,1.0481606084393223e-06,1.9304188437401832,0.04950495049504951,100,8.283823853192653e-07
task,624,striatum,32,All,71,bipolar,pac_between,high_gamma,ACC,DLS,,,1.3771559262784129e-06,9.698776938395883e-07,1.0488637012044424,0.16831683168316833,100,4.072782324388246e-07
task,624,striatum,32,All,71,bipolar,pac_between,low_gamma,ACC,DMS,,,8.268002145133196e-07,9.672853492529676e-07,-0.38934760549234815,0.6138613861386139,100,-1.4048513473964795e-07
task,624,striatum,32,All,71,bipolar,pac_between,high_gamma,ACC,DMS,,,1.6709761689884173e-06,9.136742836544183e-07,1.917020146019992,0.0594059405940594,100,7.57301885333999e-07
task,624,striatum,32,All,71,bipolar,pac_between,low_gamma,DLS,ACC,,,1.5241486535045955e-06,1.1075586274380602e-06,0.9872127515362908,0.15841584158415842,100,4.165900260665353e-07
task,624,striatum,32,All,71,bipolar,pac_between,high_gamma,DLS,ACC,,,1.3886476789987394e-06,9.079989704066862e-07,1.4226335271819444,0.0891089108910891,100,4.806487085920531e-07
task,624,striatum,32,All,71,bipolar,pac_between,low_gamma,DLS,DMS,,,1.1696942151467028e-06,9.829510599903522e-07,0.4507575570923806,0.27722772277227725,100,1.8674315515635064e-07
task,624,striatum,32,All,71,bipolar,pac_between,high_gamma,DLS,DMS,,,1.2162359919221674e-06,8.958642580764929e-07,0.9272438150760438,0.15841584158415842,100,3.203717338456745e-07
task,624,striatum,32,All,71,bipolar,pac_between,low_gamma,DMS,ACC,,,4.053504104609142e-06,1.0887527899809478e-06,6.956722983505881,0.009900990099009901,100,2.964751314628194e-06
task,624,striatum,32,All,71,bipolar,pac_between,high_gamma,DMS,ACC,,,1.0132670199229093e-06,1.039279919030011e-06,-0.06249004473985291,0.45544554455445546,100,-2.6012899107101745e-08
task,624,striatum,32,All,71,bipolar,pac_between,low_gamma,DMS,DLS,,,1.504867064812528e-06,1.0138494876950458e-06,1.0545317141416168,0.1782178217821782,100,4.910175771174822e-07
task,624,striatum,32,All,71,bipolar,pac_between,high_gamma,DMS,DLS,,,6.563672272370187e-07,9.715739334753023e-07,-0.8475755400500502,0.8118811881188119,100,-3.1520670623828365e-07
task,624,striatum,32,Naive,10,monopolar,same_freq,theta,ACC,DLS,0.4085785729829074,0.09901794723270216,,,,,,
task,624,striatum,32,Naive,10,monopolar,same_freq,low_gamma,ACC,DLS,0.3436895781941271,0.23910310757850628,,,,,,
task,624,striatum,32,Naive,10,monopolar,same_freq,high_gamma,ACC,DLS,0.31570920914393075,0.23480374101329166,,,,,,
task,624,striatum,32,Naive,10,monopolar,same_freq,theta,ACC,DMS,0.36054161054396,0.17569464234328935,,,,,,
task,624,striatum,32,Naive,10,monopolar,same_freq,low_gamma,ACC,DMS,0.36658579884325615,0.2745393521198284,,,,,,
task,624,striatum,32,Naive,10,monopolar,same_freq,high_gamma,ACC,DMS,0.36788659373582994,0.2696170817675396,,,,,,
task,624,striatum,32,Naive,10,monopolar,same_freq,theta,DLS,DMS,0.6797490309678472,0.2872075362856079,,,,,,
task,624,striatum,32,Naive,10,monopolar,same_freq,low_gamma,DLS,DMS,0.44651584442185,0.23349324183527445,,,,,,
task,624,striatum,32,Naive,10,monopolar,same_freq,high_gamma,DLS,DMS,0.40608007559529996,0.23059587001850235,,,,,,
task,624,striatum,32,Naive,10,monopolar,pac_within,low_gamma,ACC,ACC,,,1.2778223830926289e-05,1.697094152250583e-05,-0.5557564713228776,0.6534653465346535,100,-4.1927176915795395e-06
task,624,striatum,32,Naive,10,monopolar,pac_within,high_gamma,ACC,ACC,,,0.00032088713748886096,1.5980404333350184e-05,46.216481236547224,0.009900990099009901,100,0.00030490673315551077
task,624,striatum,32,Naive,10,monopolar,pac_within,low_gamma,DLS,DLS,,,4.012768189687488e-05,1.6405774930258495e-05,3.008475494088403,0.009900990099009901,100,2.3721906966616385e-05
task,624,striatum,32,Naive,10,monopolar,pac_within,high_gamma,DLS,DLS,,,8.415749929617645e-05,1.3989340041882245e-05,11.803811066579843,0.009900990099009901,100,7.016815925429421e-05
task,624,striatum,32,Naive,10,monopolar,pac_within,low_gamma,DMS,DMS,,,9.384328874151468e-05,1.6527006983645707e-05,10.956972073539491,0.009900990099009901,100,7.731628175786898e-05
task,624,striatum,32,Naive,10,monopolar,pac_within,high_gamma,DMS,DMS,,,0.00025938180455567283,1.5786544053627617e-05,38.81080412044107,0.009900990099009901,100,0.00024359526050204522
task,624,striatum,32,Naive,10,monopolar,pac_between,low_gamma,ACC,DLS,,,6.57802011506442e-05,1.6471742741044675e-05,7.1966335521217175,0.009900990099009901,100,4.9308458409599515e-05
task,624,striatum,32,Naive,10,monopolar,pac_between,high_gamma,ACC,DLS,,,3.47124842576858e-05,1.5028569819752966e-05,3.0508990887233494,0.039603960396039604,100,1.9683914437932833e-05
task,624,striatum,32,Naive,10,monopolar,pac_between,low_gamma,ACC,DMS,,,5.694885283499944e-05,1.7000116602552375e-05,5.244637190513128,0.009900990099009901,100,3.994873623244707e-05
task,624,striatum,32,Naive,10,monopolar,pac_between,high_gamma,ACC,DMS,,,0.00013491371139900848,1.5789063770530805e-05,18.980843316791326,0.009900990099009901,100,0.00011912464762847768
task,624,striatum,32,Naive,10,monopolar,pac_between,low_gamma,DLS,ACC,,,3.4285833783490135e-05,1.6907575454664923e-05,2.469422468182331,0.0297029702970297,100,1.737825832882521e-05
task,624,striatum,32,Naive,10,monopolar,pac_between,high_gamma,DLS,ACC,,,0.000402208277602354,1.545746898531871e-05,59.02921085269715,0.009900990099009901,100,0.0003867508086170353
task,624,striatum,32,Naive,10,monopolar,pac_between,low_gamma,DLS,DMS,,,8.140348694234339e-05,1.729946039945745e-05,8.489303503851962,0.009900990099009901,100,6.410402654288594e-05
task,624,striatum,32,Naive,10,monopolar,pac_between,high_gamma,DLS,DMS,,,0.0003129953741780954,1.5466416451996725e-05,42.13262980516175,0.009900990099009901,100,0.00029752895772609865
task,624,striatum,32,Naive,10,monopolar,pac_between,low_gamma,DMS,ACC,,,2.710110415997362e-05,1.7156646814642574e-05,1.4000419484495323,0.10891089108910891,100,9.944457345331045e-06
task,624,striatum,32,Naive,10,monopolar,pac_between,high_gamma,DMS,ACC,,,0.0004182311347532258,1.560431830896855e-05,69.25509807035924,0.009900990099009901,100,0.00040262681644425726
task,624,striatum,32,Naive,10,monopolar,pac_between,low_gamma,DMS,DLS,,,4.57948026732409e-05,1.6596247578805657e-05,3.722263331717419,0.009900990099009901,100,2.919855509443524e-05
task,624,striatum,32,Naive,10,monopolar,pac_between,high_gamma,DMS,DLS,,,8.11967736595932e-05,1.408818876700813e-05,11.791355403686959,0.009900990099009901,100,6.710858489258507e-05
task,624,striatum,32,Naive,10,bipolar,same_freq,theta,ACC,DLS,0.2742779090077622,0.11595537301294616,,,,,,
task,624,striatum,32,Naive,10,bipolar,same_freq,low_gamma,ACC,DLS,0.17276928132693692,0.12135665052772027,,,,,,
task,624,striatum,32,Naive,10,bipolar,same_freq,high_gamma,ACC,DLS,0.1960789499564211,0.14824101928393854,,,,,,
task,624,striatum,32,Naive,10,bipolar,same_freq,theta,ACC,DMS,0.40816859384688425,0.3077494982659439,,,,,,
task,624,striatum,32,Naive,10,bipolar,same_freq,low_gamma,ACC,DMS,0.1798583154125013,0.136375165409278,,,,,,
task,624,striatum,32,Naive,10,bipolar,same_freq,high_gamma,ACC,DMS,0.22083965199674743,0.1601213736388604,,,,,,
task,624,striatum,32,Naive,10,bipolar,same_freq,theta,DLS,DMS,0.46452796242958455,0.2663035626553075,,,,,,
task,624,striatum,32,Naive,10,bipolar,same_freq,low_gamma,DLS,DMS,0.17541084668350457,0.12290692015246883,,,,,,
task,624,striatum,32,Naive,10,bipolar,same_freq,high_gamma,DLS,DMS,0.18820470146442295,0.13588294770492543,,,,,,
task,624,striatum,32,Naive,10,bipolar,pac_within,low_gamma,ACC,ACC,,,8.755347806241495e-06,1.6237346702632573e-05,-1.0181931947440512,0.8514851485148515,100,-7.481998896391078e-06
task,624,striatum,32,Naive,10,bipolar,pac_within,high_gamma,ACC,ACC,,,4.040980016793723e-05,1.551466563031146e-05,3.544285557855883,0.009900990099009901,100,2.4895134537625772e-05
task,624,striatum,32,Naive,10,bipolar,pac_within,low_gamma,DLS,DLS,,,9.297143735305046e-06,1.6371099436180833e-05,-1.0507564761959969,0.8811881188118812,100,-7.0739557008757865e-06
task,624,striatum,32,Naive,10,bipolar,pac_within,high_gamma,DLS,DLS,,,1.0444894088690039e-05,1.4154729169168064e-05,-0.7005821220922122,0.7524752475247525,100,-3.7098350804780254e-06
task,624,striatum,32,Naive,10,bipolar,pac_within,low_gamma,DMS,DMS,,,2.156413719568358e-05,1.4973411432692454e-05,1.0849657660404504,0.13861386138613863,100,6.590725762991127e-06
task,624,striatum,32,Naive,10,bipolar,pac_within,high_gamma,DMS,DMS,,,3.367117808909824e-05,1.4771178849192197e-05,3.5356590578744536,0.019801980198019802,100,1.8899999239906046e-05
task,624,striatum,32,Naive,10,bipolar,pac_between,low_gamma,ACC,DLS,,,1.2016681311269288e-05,1.513681468458406e-05,-0.48905800523608084,0.6633663366336634,100,-3.1201333733147717e-06
task,624,striatum,32,Naive,10,bipolar,pac_between,high_gamma,ACC,DLS,,,2.196766037655324e-05,1.4285151158391178e-05,1.7008166015341557,0.06930693069306931,100,7.682509218162063e-06
task,624,striatum,32,Naive,10,bipolar,pac_between,low_gamma,ACC,DMS,,,2.3222857044309594e-05,1.598899304171876e-05,1.1261423126100323,0.13861386138613863,100,7.233864002590833e-06
task,624,striatum,32,Naive,10,bipolar,pac_between,high_gamma,ACC,DMS,,,1.2122428458023523e-05,1.4874091897062866e-05,-0.4706945706385163,0.6534653465346535,100,-2.7516634390393433e-06
task,624,striatum,32,Naive,10,bipolar,pac_between,low_gamma,DLS,ACC,,,2.4619005854069958e-05,1.6542734679708165e-05,1.1955122878735676,0.12871287128712872,100,8.076271174361793e-06
task,624,striatum,32,Naive,10,bipolar,pac_between,high_gamma,DLS,ACC,,,7.614967222639203e-06,1.4282528316555846e-05,-1.1727329180221093,0.8910891089108911,100,-6.667561093916643e-06
task,624,striatum,32,Naive,10,bipolar,pac_between,low_gamma,DLS,DMS,,,2.0893038813251825e-05,1.557277800842791e-05,0.7348636178261807,0.2079207920792079,100,5.320260804823914e-06
task,624,striatum,32,Naive,10,bipolar,pac_between,high_gamma,DLS,DMS,,,7.292534802473096e-06,1.3897363451660318e-05,-1.144457786923203,0.9603960396039604,100,-6.604828649187222e-06
task,624,striatum,32,Naive,10,bipolar,pac_between,low_gamma,DMS,ACC,,,2.68149511243242e-05,1.6159157195550053e-05,1.4197372287641543,0.0891089108910891,100,1.0655793928774145e-05
task,624,striatum,32,Naive,10,bipolar,pac_between,high_gamma,DMS,ACC,,,2.943685606884404e-05,1.455125784414687e-05,2.658301695582106,0.0297029702970297,100,1.4885598224697168e-05
task,624,striatum,32,Naive,10,bipolar,pac_between,low_gamma,DMS,DLS,,,1.2384674989018147e-05,1.6230774182871753e-05,-0.6209879709985249,0.7227722772277227,100,-3.846099193853606e-06
task,624,striatum,32,Naive,10,bipolar,pac_between,high_gamma,DMS,DLS,,,7.379143837751795e-06,1.417318607414517e-05,-1.3315345582136684,0.9405940594059405,100,-6.794042236393375e-06
task,624,striatum,32,Intermediate,10,monopolar,same_freq,theta,ACC,DLS,0.4408424045304824,0.2571448400502406,,,,,,
task,624,striatum,32,Intermediate,10,monopolar,same_freq,low_gamma,ACC,DLS,0.23004307012303507,0.1489892382923534,,,,,,
task,624,striatum,32,Intermediate,10,monopolar,same_freq,high_gamma,ACC,DLS,0.19523111257399492,0.13929224891958158,,,,,,
task,624,striatum,32,Intermediate,10,monopolar,same_freq,theta,ACC,DMS,0.3009035900385423,0.1788856092152724,,,,,,
task,624,striatum,32,Intermediate,10,monopolar,same_freq,low_gamma,ACC,DMS,0.2078693571023076,0.14296992908665138,,,,,,
task,624,striatum,32,Intermediate,10,monopolar,same_freq,high_gamma,ACC,DMS,0.20928527875605782,0.14043514789548475,,,,,,
task,624,striatum,32,Intermediate,10,monopolar,same_freq,theta,DLS,DMS,0.5635636057517224,0.2135930778314714,,,,,,
task,624,striatum,32,Intermediate,10,monopolar,same_freq,low_gamma,DLS,DMS,0.342267957946856,0.11566488164770239,,,,,,
task,624,striatum,32,Intermediate,10,monopolar,same_freq,high_gamma,DLS,DMS,0.26786132811218566,0.10860193748366496,,,,,,
task,624,striatum,32,Intermediate,10,monopolar,pac_within,low_gamma,ACC,ACC,,,3.253634988972521e-05,9.229580608536182e-06,5.544182661518526,0.009900990099009901,100,2.3306769281189033e-05
task,624,striatum,32,Intermediate,10,monopolar,pac_within,high_gamma,ACC,ACC,,,0.00023487284805209,9.147323916828328e-06,65.39664878704293,0.009900990099009901,100,0.00022572552413526167
task,624,striatum,32,Intermediate,10,monopolar,pac_within,low_gamma,DLS,DLS,,,3.272122629632817e-05,8.670704837490802e-06,5.7750867082841495,0.009900990099009901,100,2.4050521458837365e-05
task,624,striatum,32,Intermediate,10,monopolar,pac_within,high_gamma,DLS,DLS,,,7.93041411966523e-05,8.496425628051175e-06,20.691645868211893,0.009900990099009901,100,7.080771556860112e-05
task,624,striatum,32,Intermediate,10,monopolar,pac_within,low_gamma,DMS,DMS,,,7.245500724152868e-05,9.699528582307249e-06,14.21674863146027,0.009900990099009901,100,6.275547865922142e-05
task,624,striatum,32,Intermediate,10,monopolar,pac_within,high_gamma,DMS,DMS,,,0.00014232435606744505,8.147502093976144e-06,44.20737985568404,0.009900990099009901,100,0.0001341768539734689
task,624,striatum,32,Intermediate,10,monopolar,pac_between,low_gamma,ACC,DLS,,,1.7641206029036204e-05,8.461251628744243e-06,2.6857632595886507,0.0297029702970297,100,9.179954400291961e-06
task,624,striatum,32,Intermediate,10,monopolar,pac_between,high_gamma,ACC,DLS,,,1.5062838700720004e-05,8.276023759724684e-06,2.249649149760944,0.0297029702970297,100,6.786814940995321e-06
task,624,striatum,32,Intermediate,10,monopolar,pac_between,low_gamma,ACC,DMS,,,4.8543958670522834e-05,9.076138344212551e-06,9.0732259455732,0.009900990099009901,100,3.9467820326310285e-05
task,624,striatum,32,Intermediate,10,monopolar,pac_between,high_gamma,ACC,DMS,,,3.234880503524095e-05,7.696481647175059e-06,8.44869003558438,0.009900990099009901,100,2.4652323388065892e-05
task,624,striatum,32,Intermediate,10,monopolar,pac_between,low_gamma,DLS,ACC,,,2.6249024069981623e-05,8.935385205364613e-06,4.432018632057176,0.009900990099009901,100,1.731363886461701e-05
task,624,striatum,32,Intermediate,10,monopolar,pac_between,high_gamma,DLS,ACC,,,0.0003615143363565713,8.437988999924966e-06,111.38999829612801,0.009900990099009901,100,0.00035307634735664634
task,624,striatum,32,Intermediate,10,monopolar,pac_between,low_gamma,DLS,DMS,,,7.707341430883339e-05,8.669437909697234e-06,16.96221612216065,0.009900990099009901,100,6.840397639913616e-05
task,624,striatum,32,Intermediate,10,monopolar,pac_between,high_gamma,DLS,DMS,,,0.00016375690089078654,8.54927878230221e-06,50.30626222399327,0.009900990099009901,100,0.00015520762210848434
task,624,striatum,32,Intermediate,10,monopolar,pac_between,low_gamma,DMS,ACC,,,2.4241618884387277e-05,9.044785386230294e-06,3.45561940556691,0.019801980198019802,100,1.5196833498156983e-05
task,624,striatum,32,Intermediate,10,monopolar,pac_between,high_gamma,DMS,ACC,,,0.00039638735398226407,8.785982768123967e-06,112.18478776979416,0.009900990099009901,100,0.0003876013712141401
task,624,striatum,32,Intermediate,10,monopolar,pac_between,low_gamma,DMS,DLS,,,1.553521023181224e-05,8.367351921075167e-06,1.9385824500874187,0.06930693069306931,100,7.167858310737074e-06
task,624,striatum,32,Intermediate,10,monopolar,pac_between,high_gamma,DMS,DLS,,,7.250417657651468e-05,8.649293599416307e-06,19.369441115356654,0.009900990099009901,100,6.385488297709837e-05
task,624,striatum,32,Intermediate,10,bipolar,same_freq,theta,ACC,DLS,0.371825379864957,0.12451558017642622,,,,,,
task,624,striatum,32,Intermediate,10,bipolar,same_freq,low_gamma,ACC,DLS,0.11860508848081561,0.08174435550568623,,,,,,
task,624,striatum,32,Intermediate,10,bipolar,same_freq,high_gamma,ACC,DLS,0.1190417042116043,0.08933482319584535,,,,,,
task,624,striatum,32,Intermediate,10,bipolar,same_freq,theta,ACC,DMS,0.4978984858493984,0.23499504800492566,,,,,,
task,624,striatum,32,Intermediate,10,bipolar,same_freq,low_gamma,ACC,DMS,0.062208566031523645,0.041475497600106,,,,,,
task,624,striatum,32,Intermediate,10,bipolar,same_freq,high_gamma,ACC,DMS,0.07072664028858772,0.05007836292623062,,,,,,
task,624,striatum,32,Intermediate,10,bipolar,same_freq,theta,DLS,DMS,0.43757663728384577,0.2525751387384275,,,,,,
task,624,striatum,32,Intermediate,10,bipolar,same_freq,low_gamma,DLS,DMS,0.04888639159099494,0.030858619523543962,,,,,,
task,624,striatum,32,Intermediate,10,bipolar,same_freq,high_gamma,DLS,DMS,0.05030477742070687,0.0364257287221686,,,,,,
task,624,striatum,32,Intermediate,10,bipolar,pac_within,low_gamma,ACC,ACC,,,2.8325084513296532e-05,9.050004483321236e-06,5.002656223887403,0.009900990099009901,100,1.9275080029975296e-05
task,624,striatum,32,Intermediate,10,bipolar,pac_within,high_gamma,ACC,ACC,,,3.3373753619311704e-05,8.425485177688103e-06,7.967330469732163,0.009900990099009901,100,2.49482684416236e-05
task,624,striatum,32,Intermediate,10,bipolar,pac_within,low_gamma,DLS,DLS,,,1.5315878485344607e-05,8.760546884769391e-06,1.7458214705394144,0.06930693069306931,100,6.555331600575216e-06
task,624,striatum,32,Intermediate,10,bipolar,pac_within,high_gamma,DLS,DLS,,,1.153854961458763e-05,7.972752407800522e-06,1.2468888094797153,0.12871287128712872,100,3.565797206787108e-06
task,624,striatum,32,Intermediate,10,bipolar,pac_within,low_gamma,DMS,DMS,,,2.265234436485225e-05,9.080252105264527e-06,3.1717798365152348,0.019801980198019802,100,1.3572092259587722e-05
task,624,striatum,32,Intermediate,10,bipolar,pac_within,high_gamma,DMS,DMS,,,5.781620502251194e-06,7.89325187455946e-06,-0.7815650704760945,0.7623762376237624,100,-2.111631372308266e-06
task,624,striatum,32,Intermediate,10,bipolar,pac_between,low_gamma,ACC,DLS,,,1.008059739847262e-05,8.060484489685384e-06,0.6126303243908015,0.2871287128712871,100,2.020112908787235e-06
task,624,striatum,32,Intermediate,10,bipolar,pac_between,high_gamma,ACC,DLS,,,9.721231662351326e-06,7.96481176330594e-06,0.5521771585136336,0.22772277227722773,100,1.7564198990453858e-06
task,624,striatum,32,Intermediate,10,bipolar,pac_between,low_gamma,ACC,DMS,,,2.3428144229806527e-05,9.642316065044766e-06,3.383839865548716,0.019801980198019802,100,1.3785828164761762e-05
task,624,striatum,32,Intermediate,10,bipolar,pac_between,high_gamma,ACC,DMS,,,7.975578153652258e-06,7.284422331407118e-06,0.2799231583113807,0.3564356435643564,100,6.911558222451401e-07
task,624,striatum,32,Intermediate,10,bipolar,pac_between,low_gamma,DLS,ACC,,,1.0583760237529718e-05,9.385900832343764e-06,0.2977232457225426,0.37623762376237624,100,1.1978594051859542e-06
task,624,striatum,32,Intermediate,10,bipolar,pac_between,high_gamma,DLS,ACC,,,1.5959345807650318e-05,8.158391170905552e-06,2.3933829744889956,0.0297029702970297,100,7.800954636744766e-06
task,624,striatum,32,Intermediate,10,bipolar,pac_between,low_gamma,DLS,DMS,,,6.459993667397228e-06,8.602200055531743e-06,-0.6546057912766216,0.6732673267326733,100,-2.142206388134515e-06
task,624,striatum,32,Intermediate,10,bipolar,pac_between,high_gamma,DLS,DMS,,,9.198269719962652e-06,7.480111628758284e-06,0.585607931055888,0.2079207920792079,100,1.7181580912043675e-06
task,624,striatum,32,Intermediate,10,bipolar,pac_between,low_gamma,DMS,ACC,,,9.874637707014137e-06,9.536162021448019e-06,0.08438188445490291,0.42574257425742573,100,3.3847568556611787e-07
task,624,striatum,32,Intermediate,10,bipolar,pac_between,high_gamma,DMS,ACC,,,1.6184230371624212e-05,8.352151817441437e-06,2.3466548955964313,0.019801980198019802,100,7.832078554182775e-06
task,624,striatum,32,Intermediate,10,bipolar,pac_between,low_gamma,DMS,DLS,,,7.552790091835067e-06,8.589738813455749e-06,-0.26836496671264815,0.5247524752475248,100,-1.0369487216206814e-06
task,624,striatum,32,Intermediate,10,bipolar,pac_between,high_gamma,DMS,DLS,,,9.467740780915782e-06,8.390445318051464e-06,0.3457227994553214,0.31683168316831684,100,1.0772954628643172e-06
task,624,striatum,32,Expert,10,monopolar,same_freq,theta,ACC,DLS,0.43634198522067275,0.2970090334918395,,,,,,
task,624,striatum,32,Expert,10,monopolar,same_freq,low_gamma,ACC,DLS,0.18309931834932366,0.1085302657338687,,,,,,
task,624,striatum,32,Expert,10,monopolar,same_freq,high_gamma,ACC,DLS,0.15024983493661387,0.1012791879410746,,,,,,
task,624,striatum,32,Expert,10,monopolar,same_freq,theta,ACC,DMS,0.28192081112044315,0.18684867301473265,,,,,,
task,624,striatum,32,Expert,10,monopolar,same_freq,low_gamma,ACC,DMS,0.13151921323495297,0.08554048887464134,,,,,,
task,624,striatum,32,Expert,10,monopolar,same_freq,high_gamma,ACC,DMS,0.13778567779661563,0.08716054920370908,,,,,,
task,624,striatum,32,Expert,10,monopolar,same_freq,theta,DLS,DMS,0.5227833730986657,0.2220759267715014,,,,,,
task,624,striatum,32,Expert,10,monopolar,same_freq,low_gamma,DLS,DMS,0.2581443854927985,0.06847082399294835,,,,,,
task,624,striatum,32,Expert,10,monopolar,same_freq,high_gamma,DLS,DMS,0.1764179822631717,0.058345472240791674,,,,,,
task,624,striatum,32,Expert,10,monopolar,pac_within,low_gamma,ACC,ACC,,,3.282032892458886e-05,5.554986935503525e-06,12.577983393432872,0.009900990099009901,100,2.7265341989085336e-05
task,624,striatum,32,Expert,10,monopolar,pac_within,high_gamma,ACC,ACC,,,0.0003330158895137585,5.5692014168558e-06,138.72551473416715,0.009900990099009901,100,0.00032744668809690265
task,624,striatum,32,Expert,10,monopolar,pac_within,low_gamma,DLS,DLS,,,1.8076406954960074e-05,5.410592106087551e-06,5.330825266362906,0.009900990099009901,100,1.2665814848872523e-05
task,624,striatum,32,Expert,10,monopolar,pac_within,high_gamma,DLS,DLS,,,8.066461568967702e-05,4.930690729388179e-06,36.36563402072816,0.009900990099009901,100,7.573392496028884e-05
task,624,striatum,32,Expert,10,monopolar,pac_within,low_gamma,DMS,DMS,,,6.871095571546914e-05,5.23106244027912e-06,28.50925013523625,0.009900990099009901,100,6.347989327519002e-05
task,624,striatum,32,Expert,10,monopolar,pac_within,high_gamma,DMS,DMS,,,0.00011373151906655134,4.992899290479976e-06,46.04937187757871,0.009900990099009901,100,0.00010873861977607135
task,624,striatum,32,Expert,10,monopolar,pac_between,low_gamma,ACC,DLS,,,2.3861707447378623e-05,5.775585692978493e-06,6.068055663159039,0.009900990099009901,100,1.808612175440013e-05
task,624,striatum,32,Expert,10,monopolar,pac_between,high_gamma,ACC,DLS,,,1.2522315053400514e-05,5.150795474545703e-06,3.5604900427954687,0.009900990099009901,100,7.371519578854811e-06
task,624,striatum,32,Expert,10,monopolar,pac_between,low_gamma,ACC,DMS,,,2.7884629568893917e-05,5.447840111662069e-06,9.243933254463293,0.009900990099009901,100,2.243678945723185e-05
task,624,striatum,32,Expert,10,monopolar,pac_between,high_gamma,ACC,DMS,,,4.1631641717930295e-05,5.35949670468825e-06,18.706315107268125,0.009900990099009901,100,3.627214501324204e-05
task,624,striatum,32,Expert,10,monopolar,pac_between,low_gamma,DLS,ACC,,,5.702082249313652e-05,5.503754699455668e-06,21.710430844417573,0.009900990099009901,100,5.1517067793680854e-05
task,624,striatum,32,Expert,10,monopolar,pac_between,high_gamma,DLS,ACC,,,0.0005028942600234301,5.4414423421673735e-06,203.6431422247426,0.009900990099009901,100,0.0004974528176812628
task,624,striatum,32,Expert,10,monopolar,pac_between,low_gamma,DLS,DMS,,,4.635716171278361e-05,4.982513553914424e-06,17.52600084002517,0.009900990099009901,100,4.137464815886919e-05
task,624,striatum,32,Expert,10,monopolar,pac_between,high_gamma,DLS,DMS,,,0.00015552661042697168,5.1304543343769136e-06,75.8571958099298,0.009900990099009901,100,0.00015039615609259476
task,624,striatum,32,Expert,10,monopolar,pac_between,low_gamma,DMS,ACC,,,5.3955304957727264e-05,5.251911830532984e-06,18.65176747282544,0.009900990099009901,100,4.870339312719428e-05
task,624,striatum,32,Expert,10,monopolar,pac_between,high_gamma,DMS,ACC,,,0.00040743384152658416,5.294156080405781e-06,143.1819331903734,0.009900990099009901,100,0.00040213968544617837
task,624,striatum,32,Expert,10,monopolar,pac_between,low_gamma,DMS,DLS,,,3.130743713359386e-05,5.34431471619641e-06,10.423202958499084,0.009900990099009901,100,2.596312241739745e-05
task,624,striatum,32,Expert,10,monopolar,pac_between,high_gamma,DMS,DLS,,,7.241212107586866e-05,5.095516172368898e-06,32.19026953627609,0.009900990099009901,100,6.731660490349976e-05
task,624,striatum,32,Expert,10,bipolar,same_freq,theta,ACC,DLS,0.11848305597136098,0.07264956365939976,,,,,,
task,624,striatum,32,Expert,10,bipolar,same_freq,low_gamma,ACC,DLS,0.07986125552972687,0.05474935083728685,,,,,,
task,624,striatum,32,Expert,10,bipolar,same_freq,high_gamma,ACC,DLS,0.07772334773491028,0.05371993862518336,,,,,,
task,624,striatum,32,Expert,10,bipolar,same_freq,theta,ACC,DMS,0.12724451888370017,0.08514089444697906,,,,,,
task,624,striatum,32,Expert,10,bipolar,same_freq,low_gamma,ACC,DMS,0.06311601562908284,0.04150174449606275,,,,,,
task,624,striatum,32,Expert,10,bipolar,same_freq,high_gamma,ACC,DMS,0.05159490977090237,0.036752459940215323,,,,,,
task,624,striatum,32,Expert,10,bipolar,same_freq,theta,DLS,DMS,0.0986765374963332,0.0625316547349571,,,,,,
task,624,striatum,32,Expert,10,bipolar,same_freq,low_gamma,DLS,DMS,0.04015152744498792,0.024700496630138874,,,,,,
task,624,striatum,32,Expert,10,bipolar,same_freq,high_gamma,DLS,DMS,0.03835587834284485,0.025171142603084156,,,,,,
task,624,striatum,32,Expert,10,bipolar,pac_within,low_gamma,ACC,ACC,,,8.530588745403095e-06,6.040987427753339e-06,0.9364867078889799,0.2079207920792079,100,2.489601317649756e-06
task,624,striatum,32,Expert,10,bipolar,pac_within,high_gamma,ACC,ACC,,,7.80281940049162e-06,5.1897063934512435e-06,1.4361335195790426,0.06930693069306931,100,2.613113007040377e-06
task,624,striatum,32,Expert,10,bipolar,pac_within,low_gamma,DLS,DLS,,,9.072921455335944e-06,5.240774803061577e-06,2.082164583542922,0.04950495049504951,100,3.832146652274367e-06
task,624,striatum,32,Expert,10,bipolar,pac_within,high_gamma,DLS,DLS,,,6.5772770939182484e-06,5.053841544567334e-06,0.7421096334777207,0.2079207920792079,100,1.5234355493509145e-06
task,624,striatum,32,Expert,10,bipolar,pac_within,low_gamma,DMS,DMS,,,7.896968833411387e-06,4.882322943793204e-06,1.5153488282634735,0.06930693069306931,100,3.014645889618183e-06
task,624,striatum,32,Expert,10,bipolar,pac_within,high_gamma,DMS,DMS,,,5.311495689036863e-06,4.690545547609087e-06,0.35615945905985924,0.3564356435643564,100,6.209501414277753e-07
task,624,striatum,32,Expert,10,bipolar,pac_between,low_gamma,ACC,DLS,,,1.1804977554763558e-05,5.299635479774666e-06,2.587987102834128,0.019801980198019802,100,6.505342074988892e-06
task,624,striatum,32,Expert,10,bipolar,pac_between,high_gamma,ACC,DLS,,,1.773906336822117e-06,4.678624756235437e-06,-1.5461524185323026,0.9702970297029703,100,-2.9047184194133202e-06
task,624,striatum,32,Expert,10,bipolar,pac_between,low_gamma,ACC,DMS,,,6.2939230074890795e-06,5.369303057064826e-06,0.4098694653242108,0.27722772277227725,100,9.246199504242536e-07
task,624,striatum,32,Expert,10,bipolar,pac_between,high_gamma,ACC,DMS,,,3.372054051504981e-06,4.935590879149762e-06,-0.7392183286852483,0.7623762376237624,100,-1.5635368276447808e-06
task,624,striatum,32,Expert,10,bipolar,pac_between,low_gamma,DLS,ACC,,,4.886192306954776e-06,5.345755097307509e-06,-0.1921434650336681,0.45544554455445546,100,-4.5956279035273303e-07
task,624,striatum,32,Expert,10,bipolar,pac_between,high_gamma,DLS,ACC,,,6.1669056285356135e-06,4.764448027070629e-06,0.7950869855999904,0.21782178217821782,100,1.4024576014649842e-06
task,624,striatum,32,Expert,10,bipolar,pac_between,low_gamma,DLS,DMS,,,1.932708065560001e-06,5.473583083279795e-06,-1.4013778323225679,0.9306930693069307,100,-3.5408750177197935e-06
task,624,striatum,32,Expert,10,bipolar,pac_between,high_gamma,DLS,DMS,,,2.0660268345196318e-06,5.019994299229209e-06,-1.5539843755036595,0.9504950495049505,100,-2.953967464709577e-06
task,624,striatum,32,Expert,10,bipolar,pac_between,low_gamma,DMS,ACC,,,7.851171267480808e-06,5.839908565582521e-06,0.8198285992999527,0.22772277227722773,100,2.0112627018982876e-06
task,624,striatum,32,Expert,10,bipolar,pac_between,high_gamma,DMS,ACC,,,8.310665104772254e-06,4.922533144796928e-06,1.9193374315031237,0.07920792079207921,100,3.3881319599753256e-06
task,624,striatum,32,Expert,10,bipolar,pac_between,low_gamma,DMS,DLS,,,5.338718767868035e-06,4.961706508412208e-06,0.18026184375140064,0.37623762376237624,100,3.77012259455827e-07
task,624,striatum,32,Expert,10,bipolar,pac_between,high_gamma,DMS,DLS,,,4.6881475056548165e-06,5.0449486615389865e-06,-0.18130498720524607,0.5346534653465347,100,-3.5680115588417e-07
task,703,striatum,41,All,51,monopolar,same_freq,theta,ACC,DMS,0.6458692562543452,0.1997569947091557,,,,,,
task,703,striatum,41,All,51,monopolar,same_freq,low_gamma,ACC,DMS,0.6397331766172043,0.10886664784768607,,,,,,
task,703,striatum,41,All,51,monopolar,same_freq,high_gamma,ACC,DMS,0.5823897104853063,0.10106882430789564,,,,,,
task,703,striatum,41,All,51,monopolar,pac_within,low_gamma,ACC,ACC,,,0.0002463094066119673,2.2968633900149158e-06,233.52059762218636,0.009900990099009901,100,0.00024401254322195239
task,703,striatum,41,All,51,monopolar,pac_within,high_gamma,ACC,ACC,,,0.00012417458652337263,2.249457366116114e-06,132.35133456184403,0.009900990099009901,100,0.00012192512915725651
task,703,striatum,41,All,51,monopolar,pac_within,low_gamma,DMS,DMS,,,0.0005557750006678815,2.4867591183379083e-06,440.9368529836518,0.009900990099009901,100,0.0005532882415495437
task,703,striatum,41,All,51,monopolar,pac_within,high_gamma,DMS,DMS,,,0.00011957718354096278,2.3642263772174546e-06,114.63805937608379,0.009900990099009901,100,0.00011721295716374532
task,703,striatum,41,All,51,monopolar,pac_between,low_gamma,ACC,DMS,,,0.0004241396727978863,2.32539294515375e-06,397.99966540576065,0.009900990099009901,100,0.0004218142798527325
task,703,striatum,41,All,51,monopolar,pac_between,high_gamma,ACC,DMS,,,0.0001491356846815152,2.2805322039434253e-06,156.33880845653454,0.009900990099009901,100,0.0001468551524775718
task,703,striatum,41,All,51,monopolar,pac_between,low_gamma,DMS,ACC,,,0.0003312594436346874,2.4461471712915846e-06,319.9817113742778,0.009900990099009901,100,0.00032881329646339584
task,703,striatum,41,All,51,monopolar,pac_between,high_gamma,DMS,ACC,,,5.8087819646235095e-05,2.4395146788556576e-06,52.03629538328707,0.009900990099009901,100,5.564830496737944e-05
task,703,striatum,41,All,51,bipolar,same_freq,theta,ACC,DMS,0.20353334324322073,0.13726748898665342,,,,,,
task,703,striatum,41,All,51,bipolar,same_freq,low_gamma,ACC,DMS,0.1593993878363125,-0.028200133966929004,,,,,,
task,703,striatum,41,All,51,bipolar,same_freq,high_gamma,ACC,DMS,0.12045193053457305,0.006549164692894417,,,,,,
task,703,striatum,41,All,51,bipolar,pac_within,low_gamma,ACC,ACC,,,0.00023056399325222684,1.2384475085478692e-06,377.05280573230345,0.009900990099009901,100,0.00022932554574367896
task,703,striatum,41,All,51,bipolar,pac_within,high_gamma,ACC,ACC,,,1.3692048775265447e-05,2.078295994543181e-06,12.287702086348201,0.009900990099009901,100,1.1613752780722266e-05
task,703,striatum,41,All,51,bipolar,pac_within,low_gamma,DMS,DMS,,,3.355925422287475e-05,1.242368606303246e-06,48.37981719863743,0.009900990099009901,100,3.23168856165715e-05
task,703,striatum,41,All,51,bipolar,pac_within,high_gamma,DMS,DMS,,,2.502388477692125e-06,1.8198214567473283e-06,0.9302570958037341,0.1782178217821782,100,6.825670209447967e-07
task,703,striatum,41,All,51,bipolar,pac_between,low_gamma,ACC,DMS,,,0.00048643267546220225,1.2626089988723476e-06,837.6057641308727,0.009900990099009901,100,0.0004851700664633299
task,703,striatum,41,All,51,bipolar,pac_between,high_gamma,ACC,DMS,,,3.1864084757661456e-06,1.6719190129462425e-06,2.1716286851179087,0.0594059405940594,100,1.514489462819903e-06
task,703,striatum,41,All,51,bipolar,pac_between,low_gamma,DMS,ACC,,,5.555135429827902e-06,1.2811749990219919e-06,6.840617559661975,0.009900990099009901,100,4.27396043080591e-06
task,703,striatum,41,All,51,bipolar,pac_between,high_gamma,DMS,ACC,,,2.7215708204207843e-06,2.069519567743831e-06,0.7660184089723867,0.22772277227722773,100,6.520512526769532e-07
task,703,striatum,41,Naive,10,monopolar,same_freq,theta,ACC,DMS,0.627553008364012,0.1792282220456079,,,,,,
task,703,striatum,41,Naive,10,monopolar,same_freq,low_gamma,ACC,DMS,0.627700842267629,0.017415645523034394,,,,,,
task,703,striatum,41,Naive,10,monopolar,same_freq,high_gamma,ACC,DMS,0.5510729655192483,0.03222095130989939,,,,,,
task,703,striatum,41,Naive,10,monopolar,pac_within,low_gamma,ACC,ACC,,,0.0006319609534136072,2.4535324343784538e-05,51.992036733823724,0.009900990099009901,100,0.0006074256290698226
task,703,striatum,41,Naive,10,monopolar,pac_within,high_gamma,ACC,ACC,,,0.00014768467067363295,2.258560775063132e-05,10.647242166673957,0.009900990099009901,100,0.00012509906292300162
task,703,striatum,41,Naive,10,monopolar,pac_within,low_gamma,DMS,DMS,,,0.0013460522584390307,2.6922478527407418e-05,98.80409296008393,0.009900990099009901,100,0.0013191297799116234
task,703,striatum,41,Naive,10,monopolar,pac_within,high_gamma,DMS,DMS,,,0.00022826611001767504,2.078515734031566e-05,21.077275239190012,0.009900990099009901,100,0.00020748095267735938
task,703,striatum,41,Naive,10,monopolar,pac_between,low_gamma,ACC,DMS,,,0.0011746290815831597,2.5760794005619965e-05,118.83562721878718,0.009900990099009901,100,0.0011488682875775396
task,703,striatum,41,Naive,10,monopolar,pac_between,high_gamma,ACC,DMS,,,0.0002600622252789341,2.0877211433370734e-05,24.774412074484296,0.009900990099009901,100,0.00023918501384556336
task,703,striatum,41,Naive,10,monopolar,pac_between,low_gamma,DMS,ACC,,,0.0008725289584704103,2.4451482029222378e-05,66.99651899786225,0.009900990099009901,100,0.0008480774764411879
task,703,striatum,41,Naive,10,monopolar,pac_between,high_gamma,DMS,ACC,,,0.00014247097499339956,2.128649939076199e-05,11.300995969078269,0.009900990099009901,100,0.00012118447560263757
task,703,striatum,41,Naive,10,bipolar,same_freq,theta,ACC,DMS,0.17725504871445458,0.11832166897330858,,,,,,
task,703,striatum,41,Naive,10,bipolar,same_freq,low_gamma,ACC,DMS,0.0414309891446005,-0.0792217132520917,,,,,,
task,703,striatum,41,Naive,10,bipolar,same_freq,high_gamma,ACC,DMS,0.055699987728605634,-0.037152163644105465,,,,,,
task,703,striatum,41,Naive,10,bipolar,pac_within,low_gamma,ACC,ACC,,,0.00030167653112975527,1.5510602448623142e-05,32.47787201553559,0.009900990099009901,100,0.0002861659286811321
task,703,striatum,41,Naive,10,bipolar,pac_within,high_gamma,ACC,ACC,,,4.356495031722739e-05,2.1705711673220602e-05,2.3045671217922594,0.04950495049504951,100,2.1859238644006786e-05
task,703,striatum,41,Naive,10,bipolar,pac_within,low_gamma,DMS,DMS,,,0.0003113861007371002,1.6004772644724003e-05,33.34105304588188,0.009900990099009901,100,0.00029538132809237623
task,703,striatum,41,Naive,10,bipolar,pac_within,high_gamma,DMS,DMS,,,1.1127848847784759e-05,1.90793640226081e-05,-0.9281481149393029,0.8712871287128713,100,-7.95151517482334e-06
task,703,striatum,41,Naive,10,bipolar,pac_between,low_gamma,ACC,DMS,,,0.0007065265940458229,1.3659577261946395e-05,112.90542978924049,0.009900990099009901,100,0.0006928670167838765
task,703,striatum,41,Naive,10,bipolar,pac_between,high_gamma,ACC,DMS,,,3.176203147423501e-05,1.7102068587301505e-05,2.2168824189783924,0.04950495049504951,100,1.4659962886933503e-05
task,703,striatum,41,Naive,10,bipolar,pac_between,low_gamma,DMS,ACC,,,0.0001130815524406859,1.623225250176976e-05,12.103703336997128,0.009900990099009901,100,9.684929993891613e-05
task,703,striatum,41,Naive,10,bipolar,pac_between,high_gamma,DMS,ACC,,,9.741291690770395e-06,2.1854082513206138e-05,-1.479331388340458,0.9801980198019802,100,-1.2112790822435744e-05
task,703,striatum,41,Intermediate,10,monopolar,same_freq,theta,ACC,DMS,0.6856619288838969,0.1968290627290225,,,,,,
task,703,striatum,41,Intermediate,10,monopolar,same_freq,low_gamma,ACC,DMS,0.6445173607310033,0.12264150580774441,,,,,,
task,703,striatum,41,Intermediate,10,monopolar,same_freq,high_gamma,ACC,DMS,0.5930946212946162,0.10565960844193024,,,,,,
task,703,striatum,41,Intermediate,10,monopolar,pac_within,low_gamma,ACC,ACC,,,0.000432533111650542,1.5627648202740508e-05,54.81141882916639,0.009900990099009901,100,0.0004169054634478015
task,703,striatum,41,Intermediate,10,monopolar,pac_within,high_gamma,ACC,ACC,,,0.00015018609641600172,1.3937524499686644e-05,24.873246483077015,0.009900990099009901,100,0.00013624857191631506
task,703,striatum,41,Intermediate,10,monopolar,pac_within,low_gamma,DMS,DMS,,,0.0006370164190843836,1.642512758978373e-05,66.20571623097666,0.009900990099009901,100,0.0006205912914945999
task,703,striatum,41,Intermediate,10,monopolar,pac_within,high_gamma,DMS,DMS,,,0.00020428703786992366,1.436291393057256e-05,34.971735948941244,0.009900990099009901,100,0.0001899241239393511
task,703,striatum,41,Intermediate,10,monopolar,pac_between,low_gamma,ACC,DMS,,,0.0005943043189198795,1.449508613948165e-05,81.37244392779535,0.009900990099009901,100,0.0005798092327803979
task,703,striatum,41,Intermediate,10,monopolar,pac_between,high_gamma,ACC,DMS,,,0.00023255474167154885,1.3252178051850354e-05,35.883825588382884,0.009900990099009901,100,0.0002193025636196985
task,703,striatum,41,Intermediate,10,monopolar,pac_between,low_gamma,DMS,ACC,,,0.0005069028777009031,1.3856520035298709e-05,63.432673589235264,0.009900990099009901,100,0.0004930463576656044
task,703,striatum,41,Intermediate,10,monopolar,pac_between,high_gamma,DMS,ACC,,,0.00011274698161710448,1.3913493712881669e-05,16.64402591093255,0.009900990099009901,100,9.883348790422281e-05
task,703,striatum,41,Intermediate,10,bipolar,same_freq,theta,ACC,DMS,0.18982880030173357,0.10949138357308252,,,,,,
task,703,striatum,41,Intermediate,10,bipolar,same_freq,low_gamma,ACC,DMS,0.12795053756186597,-0.030775792805144725,,,,,,
task,703,striatum,41,Intermediate,10,bipolar,same_freq,high_gamma,ACC,DMS,0.14106159123772408,0.02496463642944165,,,,,,
task,703,striatum,41,Intermediate,10,bipolar,pac_within,low_gamma,ACC,ACC,,,0.00015247999967722188,7.677828306630565e-06,39.343774301363396,0.009900990099009901,100,0.0001448021713705913
task,703,striatum,41,Intermediate,10,bipolar,pac_within,high_gamma,ACC,ACC,,,4.880813549091102e-05,1.148881490390301e-05,8.31549095438331,0.009900990099009901,100,3.731932058700802e-05
task,703,striatum,41,Intermediate,10,bipolar,pac_within,low_gamma,DMS,DMS,,,5.145043695167605e-05,7.551377720815266e-06,14.827234555297302,0.009900990099009901,100,4.3899059230860784e-05
task,703,striatum,41,Intermediate,10,bipolar,pac_within,high_gamma,DMS,DMS,,,1.0133622074664449e-05,1.0697235277192029e-05,-0.12795926090927856,0.5346534653465347,100,-5.636132025275798e-07
task,703,striatum,41,Intermediate,10,bipolar,pac_between,low_gamma,ACC,DMS,,,0.00039625465470413896,7.182152173709843e-06,109.10842675732576,0.009900990099009901,100,0.0003890725025304291
task,703,striatum,41,Intermediate,10,bipolar,pac_between,high_gamma,ACC,DMS,,,1.7311500639005178e-05,1.0365272333025607e-05,1.633967068126528,0.07920792079207921,100,6.946228305979571e-06
task,703,striatum,41,Intermediate,10,bipolar,pac_between,low_gamma,DMS,ACC,,,1.579012805938591e-05,7.933843087135487e-06,2.0717273176628455,0.04950495049504951,100,7.856284972250423e-06
task,703,striatum,41,Intermediate,10,bipolar,pac_between,high_gamma,DMS,ACC,,,1.1947194250997578e-05,1.2471228576659065e-05,-0.10729667178847131,0.46534653465346537,100,-5.240343256614864e-07
task,703,striatum,41,Expert,10,monopolar,same_freq,theta,ACC,DMS,0.6488382109749689,0.17887839110149495,,,,,,
task,703,striatum,41,Expert,10,monopolar,same_freq,low_gamma,ACC,DMS,0.611029693604714,0.11290786552713417,,,,,,
task,703,striatum,41,Expert,10,monopolar,same_freq,high_gamma,ACC,DMS,0.557544868554867,0.09363924685768871,,,,,,
task,703,striatum,41,Expert,10,monopolar,pac_within,low_gamma,ACC,ACC,,,8.133332846775304e-05,7.390539229447028e-06,24.094895739505834,0.009900990099009901,100,7.394278923830601e-05
task,703,striatum,41,Expert,10,monopolar,pac_within,high_gamma,ACC,ACC,,,0.00015401857320042044,8.109161156783246e-06,46.003195876262154,0.009900990099009901,100,0.0001459094120436372
task,703,striatum,41,Expert,10,monopolar,pac_within,low_gamma,DMS,DMS,,,0.00024002533014178516,8.083679387144667e-06,70.06952274239943,0.009900990099009901,100,0.0002319416507546405
task,703,striatum,41,Expert,10,monopolar,pac_within,high_gamma,DMS,DMS,,,6.109507484456289e-05,6.907428629544277e-06,18.384633934482054,0.009900990099009901,100,5.418764621501861e-05
task,703,striatum,41,Expert,10,monopolar,pac_between,low_gamma,ACC,DMS,,,0.00016112604550151923,7.59526451449093e-06,45.303874873952,0.009900990099009901,100,0.0001535307809870283
task,703,striatum,41,Expert,10,monopolar,pac_between,high_gamma,ACC,DMS,,,9.284549764489935e-05,7.47505974671042e-06,28.011367083227565,0.009900990099009901,100,8.537043789818893e-05
task,703,striatum,41,Expert,10,monopolar,pac_between,low_gamma,DMS,ACC,,,9.638274738784992e-05,7.523916726046506e-06,22.29658140842178,0.009900990099009901,100,8.885883066180342e-05
task,703,striatum,41,Expert,10,monopolar,pac_between,high_gamma,DMS,ACC,,,5.8109290298695e-05,7.921009115281833e-06,14.074223790528738,0.009900990099009901,100,5.0188281183413163e-05
task,703,striatum,41,Expert,10,bipolar,same_freq,theta,ACC,DMS,0.17609803959623826,0.11396544094164805,,,,,,
task,703,striatum,41,Expert,10,bipolar,same_freq,low_gamma,ACC,DMS,0.1874150558870759,-0.009211710792495543,,,,,,
task,703,striatum,41,Expert,10,bipolar,same_freq,high_gamma,ACC,DMS,0.1173677859272395,-0.003720391222194057,,,,,,
task,703,striatum,41,Expert,10,bipolar,pac_within,low_gamma,ACC,ACC,,,0.0001811732810793234,3.949934540921048e-06,99.7338109777166,0.009900990099009901,100,0.00017722334653840236
task,703,striatum,41,Expert,10,bipolar,pac_within,high_gamma,ACC,ACC,,,1.487977057363244e-05,5.526950144538654e-06,4.05765024146426,0.019801980198019802,100,9.352820429093787e-06
task,703,striatum,41,Expert,10,bipolar,pac_within,low_gamma,DMS,DMS,,,4.860880131444808e-06,3.7570346685230206e-06,0.5868087466055552,0.2376237623762376,100,1.1038454629217873e-06
task,703,striatum,41,Expert,10,bipolar,pac_within,high_gamma,DMS,DMS,,,7.509181230298258e-06,4.979945381827963e-06,1.3654408364724746,0.09900990099009901,100,2.5292358484702946e-06
task,703,striatum,41,Expert,10,bipolar,pac_between,low_gamma,ACC,DMS,,,0.000519002151450076,3.95666634372926e-06,239.81276938135562,0.009900990099009901,100,0.0005150454851063467
task,703,striatum,41,Expert,10,bipolar,pac_between,high_gamma,ACC,DMS,,,3.841853088053474e-06,5.021571364637137e-06,-0.5850957434944618,0.6633663366336634,100,-1.179718276583663e-06
task,703,striatum,41,Expert,10,bipolar,pac_between,low_gamma,DMS,ACC,,,1.1093382043595324e-05,4.087095477480963e-06,3.3169571262535196,0.019801980198019802,100,7.006286566114361e-06
task,703,striatum,41,Expert,10,bipolar,pac_between,high_gamma,DMS,ACC,,,6.595081838481158e-06,5.196327407175166e-06,0.7132171011935826,0.25742574257425743,100,1.398754431305992e-06
task,727,striatum,53,All,100,monopolar,same_freq,theta,ACC,DLS,0.489013125726478,0.09450240264088794,,,,,,
task,727,striatum,53,All,100,monopolar,same_freq,low_gamma,ACC,DLS,0.19890293045205343,0.0019812868195678464,,,,,,
task,727,striatum,53,All,100,monopolar,same_freq,high_gamma,ACC,DLS,0.09499605307864158,0.014855505701308853,,,,,,
task,727,striatum,53,All,100,monopolar,same_freq,theta,ACC,DMS,0.3536489847759864,0.11599547957487666,,,,,,
task,727,striatum,53,All,100,monopolar,same_freq,low_gamma,ACC,DMS,0.07421973454028234,0.016465961233266352,,,,,,
task,727,striatum,53,All,100,monopolar,same_freq,high_gamma,ACC,DMS,0.044225955714444126,0.019175118954904417,,,,,,
task,727,striatum,53,All,100,monopolar,same_freq,theta,DLS,DMS,0.42228140524547253,0.3379380673206478,,,,,,
task,727,striatum,53,All,100,monopolar,same_freq,low_gamma,DLS,DMS,0.1236970959184044,0.019507672464983156,,,,,,
task,727,striatum,53,All,100,monopolar,same_freq,high_gamma,DLS,DMS,0.14371457372835883,0.01732350387318876,,,,,,
task,727,striatum,53,All,100,monopolar,pac_within,low_gamma,ACC,ACC,,,0.0001725916412039909,4.056284044036583e-06,87.33617162674403,0.009900990099009901,100,0.00016853535715995432
task,727,striatum,53,All,100,monopolar,pac_within,high_gamma,ACC,ACC,,,0.0002462531860879326,3.97923842466276e-06,157.97950001702984,0.009900990099009901,100,0.00024227394766326984
task,727,striatum,53,All,100,monopolar,pac_within,low_gamma,DLS,DLS,,,0.00012444007160811044,4.343613481386466e-06,53.868223129249174,0.009900990099009901,100,0.00012009645812672397
task,727,striatum,53,All,100,monopolar,pac_within,high_gamma,DLS,DLS,,,8.520666653439195e-05,3.819082163053381e-06,52.46467680823765,0.009900990099009901,100,8.138758437133858e-05
task,727,striatum,53,All,100,monopolar,pac_within,low_gamma,DMS,DMS,,,0.000131834471061649,4.325610327221622e-06,62.375969702657855,0.009900990099009901,100,0.00012750886073442736
task,727,striatum,53,All,100,monopolar,pac_within,high_gamma,DMS,DMS,,,0.00014949083579838857,3.786802009504815e-06,92.2611020338728,0.009900990099009901,100,0.00014570403378888375
task,727,striatum,53,All,100,monopolar,pac_between,low_gamma,ACC,DLS,,,0.00010410735883915587,4.38816101601699e-06,49.0958480271457,0.009900990099009901,100,9.971919782313888e-05
task,727,striatum,53,All,100,monopolar,pac_between,high_gamma,ACC,DLS,,,6.404024202732992e-05,3.922991905657338e-06,40.46603191671077,0.009900990099009901,100,6.011725012167258e-05
task,727,striatum,53,All,100,monopolar,pac_between,low_gamma,ACC,DMS,,,0.00011189696581617256,4.7096794736719304e-06,47.09213453353953,0.009900990099009901,100,0.00010718728634250063
task,727,striatum,53,All,100,monopolar,pac_between,high_gamma,ACC,DMS,,,0.00012082063223227392,4.080817317831047e-06,71.18050819593962,0.009900990099009901,100,0.00011673981491444287
task,727,striatum,53,All,100,monopolar,pac_between,low_gamma,DLS,ACC,,,0.00019643895478556333,3.7990590789555033e-06,123.92893933607343,0.009900990099009901,100,0.00019263989570660783
task,727,striatum,53,All,100,monopolar,pac_between,high_gamma,DLS,ACC,,,0.00027413357398173527,4.111116062017162e-06,158.29083551990402,0.009900990099009901,100,0.0002700224579197181
task,727,striatum,53,All,100,monopolar,pac_between,low_gamma,DLS,DMS,,,0.00013475762023805278,4.4711386381991815e-06,70.07353558586095,0.009900990099009901,100,0.0001302864815998536
task,727,striatum,53,All,100,monopolar,pac_between,high_gamma,DLS,DMS,,,0.00013225123340010564,3.943434133151848e-06,88.21430040977425,0.009900990099009901,100,0.00012830779926695379
task,727,striatum,53,All,100,monopolar,pac_between,low_gamma,DMS,ACC,,,0.00016020796299526596,4.337648095314383e-06,83.55321730702273,0.009900990099009901,100,0.00015587031489995158
task,727,striatum,53,All,100,monopolar,pac_between,high_gamma,DMS,ACC,,,0.00028552917103259165,3.824253430526983e-06,178.35837850953283,0.009900990099009901,100,0.00028170491760206467
task,727,striatum,53,All,100,monopolar,pac_between,low_gamma,DMS,DLS,,,0.00012824127388730603,4.3215759716941245e-06,61.702285262836185,0.009900990099009901,100,0.00012391969791561192
task,727,striatum,53,All,100,monopolar,pac_between,high_gamma,DMS,DLS,,,6.55903808982646e-05,4.040480687328727e-06,34.95458356202261,0.009900990099009901,100,6.154990021093588e-05
task,727,striatum,53,All,100,bipolar,same_freq,theta,ACC,DLS,0.12106836680185597,0.07781419014309379,,,,,,
task,727,striatum,53,All,100,bipolar,same_freq,low_gamma,ACC,DLS,-0.005880232908299563,-0.007931523441274582,,,,,,
task,727,striatum,53,All,100,bipolar,same_freq,high_gamma,ACC,DLS,0.0009025987505147979,0.0016235670412741068,,,,,,
task,727,striatum,53,All,100,bipolar,same_freq,theta,ACC,DMS,0.2516449694179563,0.05607402396807351,,,,,,
task,727,striatum,53,All,100,bipolar,same_freq,low_gamma,ACC,DMS,-0.010194043653828335,-0.010939446110735,,,,,,
task,727,striatum,53,All,100,bipolar,same_freq,high_gamma,ACC,DMS,-0.002018722919449981,-0.004880525855477584,,,,,,
task,727,striatum,53,All,100,bipolar,same_freq,theta,DLS,DMS,0.16778469772697793,0.1601565848488366,,,,,,
task,727,striatum,53,All,100,bipolar,same_freq,low_gamma,DLS,DMS,0.009756414514981833,0.005070591198881617,,,,,,
task,727,striatum,53,All,100,bipolar,same_freq,high_gamma,DLS,DMS,0.00660183719660225,0.0035949609469241956,,,,,,
task,727,striatum,53,All,100,bipolar,pac_within,low_gamma,ACC,ACC,,,0.00012025605738547899,4.568156521723267e-06,53.728666314267706,0.009900990099009901,100,0.00011568790086375572
task,727,striatum,53,All,100,bipolar,pac_within,high_gamma,ACC,ACC,,,8.437396733925599e-05,4.145486009618643e-06,49.270742716548106,0.009900990099009901,100,8.022848132963735e-05
task,727,striatum,53,All,100,bipolar,pac_within,low_gamma,DLS,DLS,,,5.871675383583345e-06,4.506291897751986e-06,0.6953949082469644,0.2079207920792079,100,1.3653834858313592e-06
task,727,striatum,53,All,100,bipolar,pac_within,high_gamma,DLS,DLS,,,3.704689376843033e-06,4.122632677957989e-06,-0.2659581135159306,0.5445544554455446,100,-4.1794330111495604e-07
task,727,striatum,53,All,100,bipolar,pac_within,low_gamma,DMS,DMS,,,1.5417130880072122e-05,4.473757312008213e-06,5.736867546796688,0.009900990099009901,100,1.0943373568063909e-05
task,727,striatum,53,All,100,bipolar,pac_within,high_gamma,DMS,DMS,,,3.990155398665772e-06,4.3021250356523485e-06,-0.19881768029544422,0.5544554455445545,100,-3.1196963698657666e-07
task,727,striatum,53,All,100,bipolar,pac_between,low_gamma,ACC,DLS,,,1.0702084725559488e-05,4.538984173972116e-06,2.758130656387275,0.019801980198019802,100,6.163100551587372e-06
task,727,striatum,53,All,100,bipolar,pac_between,high_gamma,ACC,DLS,,,4.007458110559309e-06,4.1738963770612285e-06,-0.10774853796197632,0.504950495049505,100,-1.6643826650191986e-07
task,727,striatum,53,All,100,bipolar,pac_between,low_gamma,ACC,DMS,,,1.3390885955666762e-05,4.091090903287655e-06,4.989902351211956,0.009900990099009901,100,9.299795052379106e-06
task,727,striatum,53,All,100,bipolar,pac_between,high_gamma,ACC,DMS,,,5.356792047214435e-06,4.30768900080397e-06,0.6704437388271718,0.31683168316831684,100,1.0491030464104646e-06
task,727,striatum,53,All,100,bipolar,pac_between,low_gamma,DLS,ACC,,,9.114688675182874e-06,4.579054738775178e-06,2.3391704079791875,0.039603960396039604,100,4.535633936407696e-06
task,727,striatum,53,All,100,bipolar,pac_between,high_gamma,DLS,ACC,,,2.7447993937179072e-05,4.310936240042246e-06,14.060330917804963,0.009900990099009901,100,2.3137057697136828e-05
task,727,striatum,53,All,100,bipolar,pac_between,low_gamma,DLS,DMS,,,1.134666045844075e-05,4.478916126580301e-06,3.668057347770129,0.009900990099009901,100,6.8677443318604486e-06
task,727,striatum,53,All,100,bipolar,pac_between,high_gamma,DLS,DMS,,,3.5411583036303955e-06,4.290405891988501e-06,-0.4044931494617605,0.6138613861386139,100,-7.492475883581054e-07
task,727,striatum,53,All,100,bipolar,pac_between,low_gamma,DMS,ACC,,,4.065948355423805e-05,4.376013923581963e-06,19.197292168631634,0.009900990099009901,100,3.628346963065609e-05
task,727,striatum,53,All,100,bipolar,pac_between,high_gamma,DMS,ACC,,,6.419622097830326e-05,4.058862594205484e-06,40.65935270258253,0.009900990099009901,100,6.013735838409778e-05
task,727,striatum,53,All,100,bipolar,pac_between,low_gamma,DMS,DLS,,,6.357901236780267e-06,4.453591320280961e-06,0.8136665436058089,0.15841584158415842,100,1.9043099164993061e-06
task,727,striatum,53,All,100,bipolar,pac_between,high_gamma,DMS,DLS,,,3.579682412336264e-06,4.128835339928433e-06,-0.36810032585412356,0.6237623762376238,100,-5.491529275921694e-07
task,727,striatum,53,Naive,10,monopolar,same_freq,theta,ACC,DLS,0.5106618218206065,0.0874580786263304,,,,,,
task,727,striatum,53,Naive,10,monopolar,same_freq,low_gamma,ACC,DLS,0.22220592126821992,0.002376214931645254,,,,,,
task,727,striatum,53,Naive,10,monopolar,same_freq,high_gamma,ACC,DLS,0.11406913902461371,0.02178045208171782,,,,,,
task,727,striatum,53,Naive,10,monopolar,same_freq,theta,ACC,DMS,0.4193075208175767,0.09704642029636888,,,,,,
task,727,striatum,53,Naive,10,monopolar,same_freq,low_gamma,ACC,DMS,0.08621867471464519,0.01749080321502906,,,,,,
task,727,striatum,53,Naive,10,monopolar,same_freq,high_gamma,ACC,DMS,0.05430707195833957,0.030731552012140645,,,,,,
task,727,striatum,53,Naive,10,monopolar,same_freq,theta,DLS,DMS,0.4723889824283662,0.28284099586334954,,,,,,
task,727,striatum,53,Naive,10,monopolar,same_freq,low_gamma,DLS,DMS,0.15874645830171683,0.030289926728742866,,,,,,
task,727,striatum,53,Naive,10,monopolar,same_freq,high_gamma,DLS,DMS,0.1788131258034851,0.03626842300112864,,,,,,
task,727,striatum,53,Naive,10,monopolar,pac_within,low_gamma,ACC,ACC,,,0.00023611799866970207,2.995442757071263e-05,13.896500169868013,0.009900990099009901,100,0.00020616357109898945
task,727,striatum,53,Naive,10,monopolar,pac_within,high_gamma,ACC,ACC,,,0.0002653668977385449,3.0663680299041256e-05,20.770391931871924,0.009900990099009901,100,0.00023470321743950366
task,727,striatum,53,Naive,10,monopolar,pac_within,low_gamma,DLS,DLS,,,0.00019746955713023092,3.170053039109225e-05,8.925066655663828,0.009900990099009901,100,0.00016576902673913867
task,727,striatum,53,Naive,10,monopolar,pac_within,high_gamma,DLS,DLS,,,5.139400436575038e-05,2.9816081101241117e-05,1.5536922020838415,0.06930693069306931,100,2.1577923264509262e-05
task,727,striatum,53,Naive,10,monopolar,pac_within,low_gamma,DMS,DMS,,,0.0003002678171723937,3.052745882305445e-05,18.900032783785164,0.009900990099009901,100,0.00026974035834933927
task,727,striatum,53,Naive,10,monopolar,pac_within,high_gamma,DMS,DMS,,,0.00019390430814696018,3.0766031200552683e-05,13.124434788898295,0.009900990099009901,100,0.0001631382769464075
task,727,striatum,53,Naive,10,monopolar,pac_between,low_gamma,ACC,DLS,,,0.00022870078669058036,3.1137476653506294e-05,12.530349195787458,0.009900990099009901,100,0.00019756331003707408
task,727,striatum,53,Naive,10,monopolar,pac_between,high_gamma,ACC,DLS,,,5.893006428143873e-05,3.097756573016279e-05,1.9350059762421716,0.06930693069306931,100,2.7952498551275946e-05
task,727,striatum,53,Naive,10,monopolar,pac_between,low_gamma,ACC,DMS,,,0.0003741968550312973,3.197735420091801e-05,26.176553457178457,0.009900990099009901,100,0.0003422195008303793
task,727,striatum,53,Naive,10,monopolar,pac_between,high_gamma,ACC,DMS,,,0.00015042246426151624,3.2312759470408964e-05,8.956686049186876,0.009900990099009901,100,0.00011810970479110727
task,727,striatum,53,Naive,10,monopolar,pac_between,low_gamma,DLS,ACC,,,0.0002723439434878464,3.076521794611314e-05,19.577049239619623,0.009900990099009901,100,0.0002415787255417333
task,727,striatum,53,Naive,10,monopolar,pac_between,high_gamma,DLS,ACC,,,0.00031260527009812635,3.071926081488748e-05,24.775028928692695,0.009900990099009901,100,0.00028188600928323885
task,727,striatum,53,Naive,10,monopolar,pac_between,low_gamma,DLS,DMS,,,0.00031438149007675936,3.141044967511605e-05,22.247744713314294,0.009900990099009901,100,0.0002829710404016433
task,727,striatum,53,Naive,10,monopolar,pac_between,high_gamma,DLS,DMS,,,0.0001450224864087189,3.43242067238443e-05,8.66751234535481,0.009900990099009901,100,0.0001106982796848746
task,727,striatum,53,Naive,10,monopolar,pac_between,low_gamma,DMS,ACC,,,0.0001966527721465009,3.14778985011905e-05,12.767329504124499,0.009900990099009901,100,0.00016517487364531042
task,727,striatum,53,Naive,10,monopolar,pac_between,high_gamma,DMS,ACC,,,0.0003006088833935889,3.0110740845149104e-05,22.400810444046154,0.009900990099009901,100,0.00027049814254843983
task,727,striatum,53,Naive,10,monopolar,pac_between,low_gamma,DMS,DLS,,,0.00025351289377504335,3.392062536918417e-05,12.579783223945103,0.009900990099009901,100,0.00021959226840585918
task,727,striatum,53,Naive,10,monopolar,pac_between,high_gamma,DMS,DLS,,,5.874585812253308e-05,3.086339132801689e-05,2.136097081922124,0.039603960396039604,100,2.788246679451619e-05
task,727,striatum,53,Naive,10,bipolar,same_freq,theta,ACC,DLS,-0.12327479507684024,-0.13603145937654118,,,,,,
task,727,striatum,53,Naive,10,bipolar,same_freq,low_gamma,ACC,DLS,-0.03953054456677892,-0.03393363849864807,,,,,,
task,727,striatum,53,Naive,10,bipolar,same_freq,high_gamma,ACC,DLS,-0.010901233913207025,-0.006873917520977145,,,,,,
task,727,striatum,53,Naive,10,bipolar,same_freq,theta,ACC,DMS,0.07206662867771066,0.05143699508292688,,,,,,
task,727,striatum,53,Naive,10,bipolar,same_freq,low_gamma,ACC,DMS,-0.03264060590883653,-0.02419154258483074,,,,,,
task,727,striatum,53,Naive,10,bipolar,same_freq,high_gamma,ACC,DMS,-0.019661746198808804,-0.017309296892822013,,,,,,
task,727,striatum,53,Naive,10,bipolar,same_freq,theta,DLS,DMS,0.15318091569258693,0.1232138934209265,,,,,,
task,727,striatum,53,Naive,10,bipolar,same_freq,low_gamma,DLS,DMS,0.028705365173020803,0.01861003701985769,,,,,,
task,727,striatum,53,Naive,10,bipolar,same_freq,high_gamma,DLS,DMS,0.023686857466366878,0.020164566718638657,,,,,,
task,727,striatum,53,Naive,10,bipolar,pac_within,low_gamma,ACC,ACC,,,0.00016333644430335483,3.457141450766581e-05,8.996849629840739,0.009900990099009901,100,0.000128765029795689
task,727,striatum,53,Naive,10,bipolar,pac_within,high_gamma,ACC,ACC,,,0.0001437969278030949,2.809788384561809e-05,10.288115182459288,0.009900990099009901,100,0.0001156990439574768
task,727,striatum,53,Naive,10,bipolar,pac_within,low_gamma,DLS,DLS,,,3.9757178938926724e-05,3.234459455582253e-05,0.5775028453770903,0.24752475247524752,100,7.412584383104193e-06
task,727,striatum,53,Naive,10,bipolar,pac_within,high_gamma,DLS,DLS,,,4.4479850308431155e-05,3.1346804226920256e-05,1.2665612508020607,0.10891089108910891,100,1.3133046081510899e-05
task,727,striatum,53,Naive,10,bipolar,pac_within,low_gamma,DMS,DMS,,,2.4170439820779545e-05,3.2488566110780864e-05,-0.6247810243045342,0.693069306930693,100,-8.318126290001318e-06
task,727,striatum,53,Naive,10,bipolar,pac_within,high_gamma,DMS,DMS,,,1.626863700726883e-05,3.096862558229519e-05,-0.958771518892787,0.8712871287128713,100,-1.4699988575026357e-05
task,727,striatum,53,Naive,10,bipolar,pac_between,low_gamma,ACC,DLS,,,2.538584577659934e-05,3.115083494620324e-05,-0.405272006569515,0.6534653465346535,100,-5.7649891696039005e-06
task,727,striatum,53,Naive,10,bipolar,pac_between,high_gamma,ACC,DLS,,,4.705563109988078e-05,3.067841346078475e-05,1.3459544482091617,0.0891089108910891,100,1.637721763909603e-05
task,727,striatum,53,Naive,10,bipolar,pac_between,low_gamma,ACC,DMS,,,1.9879415239247017e-05,3.36713161606896e-05,-0.8947904817746918,0.7722772277227723,100,-1.3791900921442582e-05
task,727,striatum,53,Naive,10,bipolar,pac_between,high_gamma,ACC,DMS,,,5.4099441603091964e-06,3.1209645505195485e-05,-2.0900005888177025,1.0,100,-2.579970134488629e-05
task,727,striatum,53,Naive,10,bipolar,pac_between,low_gamma,DLS,ACC,,,2.4161136295694655e-05,3.619335522937566e-05,-0.7533892843007304,0.7821782178217822,100,-1.2032218933681008e-05
task,727,striatum,53,Naive,10,bipolar,pac_between,high_gamma,DLS,ACC,,,2.079891981619679e-05,2.9880245238330808e-05,-0.7713074979194472,0.7920792079207921,100,-9.081325422134017e-06
task,727,striatum,53,Naive,10,bipolar,pac_between,low_gamma,DLS,DMS,,,2.8285292906381795e-05,3.3840797135756364e-05,-0.41704731481412677,0.6336633663366337,100,-5.555504229374569e-06
task,727,striatum,53,Naive,10,bipolar,pac_between,high_gamma,DLS,DMS,,,3.400339254975771e-05,3.198873754421113e-05,0.1673409782991759,0.4158415841584158,100,2.014655005546578e-06
task,727,striatum,53,Naive,10,bipolar,pac_between,low_gamma,DMS,ACC,,,6.950578649886463e-05,3.31842710463898e-05,2.166957930804973,0.06930693069306931,100,3.632151545247483e-05
task,727,striatum,53,Naive,10,bipolar,pac_between,high_gamma,DMS,ACC,,,9.63413884977632e-05,3.212100827537704e-05,5.560896240542151,0.009900990099009901,100,6.422038022238616e-05
task,727,striatum,53,Naive,10,bipolar,pac_between,low_gamma,DMS,DLS,,,2.2235742253455195e-05,3.157263825717884e-05,-0.6555339302829396,0.7326732673267327,100,-9.336896003723646e-06
task,727,striatum,53,Naive,10,bipolar,pac_between,high_gamma,DMS,DLS,,,3.3178676970653844e-05,2.8885746844213465e-05,0.36242966699515083,0.2871287128712871,100,4.292930126440379e-06
task,727,striatum,53,Intermediate,10,monopolar,same_freq,theta,ACC,DLS,0.5101996301267044,0.07524477023842657,,,,,,
task,727,striatum,53,Intermediate,10,monopolar,same_freq,low_gamma,ACC,DLS,0.19681432388029882,-0.004594544497187331,,,,,,
task,727,striatum,53,Intermediate,10,monopolar,same_freq,high_gamma,ACC,DLS,0.07407810804026962,0.0027796431872763785,,,,,,
task,727,striatum,53,Intermediate,10,monopolar,same_freq,theta,ACC,DMS,0.3348958980304275,0.15792949362333286,,,,,,
task,727,striatum,53,Intermediate,10,monopolar,same_freq,low_gamma,ACC,DMS,0.056425314582704604,0.013036853212971104,,,,,,
task,727,striatum,53,Intermediate,10,monopolar,same_freq,high_gamma,ACC,DMS,0.025734161096957378,0.004406313081110896,,,,,,
task,727,striatum,53,Intermediate,10,monopolar,same_freq,theta,DLS,DMS,0.4477540325603383,0.38380319286751136,,,,,,
task,727,striatum,53,Intermediate,10,monopolar,same_freq,low_gamma,DLS,DMS,0.10961594000498465,0.01580088237402546,,,,,,
task,727,striatum,53,Intermediate,10,monopolar,same_freq,high_gamma,DLS,DMS,0.14451229287595277,0.03665310016898311,,,,,,
task,727,striatum,53,Intermediate,10,monopolar,pac_within,low_gamma,ACC,ACC,,,9.617079635156261e-05,5.2494028865772175e-05,1.8421068328494272,0.06930693069306931,100,4.3676767485790436e-05
task,727,striatum,53,Intermediate,10,monopolar,pac_within,high_gamma,ACC,ACC,,,0.00022946310496841,5.267699047966312e-05,9.38698475032815,0.009900990099009901,100,0.0001767861144887469
task,727,striatum,53,Intermediate,10,monopolar,pac_within,low_gamma,DLS,DLS,,,0.00014141861029392218,5.600373435666469e-05,2.9526687399634763,0.009900990099009901,100,8.541487593725748e-05
task,727,striatum,53,Intermediate,10,monopolar,pac_within,high_gamma,DLS,DLS,,,8.215789524263807e-05,5.15491624153663e-05,1.5626516499961627,0.06930693069306931,100,3.060873282727177e-05
task,727,striatum,53,Intermediate,10,monopolar,pac_within,low_gamma,DMS,DMS,,,0.00023474011044139653,5.244209389237711e-05,8.172868085517146,0.009900990099009901,100,0.0001822980165490194
task,727,striatum,53,Intermediate,10,monopolar,pac_within,high_gamma,DMS,DMS,,,0.00015490290649383578,5.472618979714428e-05,3.937261533486758,0.009900990099009901,100,0.0001001767166966915
task,727,striatum,53,Intermediate,10,monopolar,pac_between,low_gamma,ACC,DLS,,,0.0001358202826621446,5.7204988607071006e-05,3.0393844196507778,0.009900990099009901,100,7.861529405507359e-05
task,727,striatum,53,Intermediate,10,monopolar,pac_between,high_gamma,ACC,DLS,,,6.853637013915257e-05,5.151211767000948e-05,0.8084037099769744,0.19801980198019803,100,1.702425246914309e-05
task,727,striatum,53,Intermediate,10,monopolar,pac_between,low_gamma,ACC,DMS,,,0.00031356091141313116,5.240606632800535e-05,9.559253699108009,0.009900990099009901,100,0.00026115484508512583
task,727,striatum,53,Intermediate,10,monopolar,pac_between,high_gamma,ACC,DMS,,,0.00013464671719162045,5.789278308333635e-05,2.5173753340430998,0.039603960396039604,100,7.675393410828409e-05
task,727,striatum,53,Intermediate,10,monopolar,pac_between,low_gamma,DLS,ACC,,,0.00019049882890466492,5.126061096184872e-05,4.971102473548799,0.009900990099009901,100,0.00013923821794281622
task,727,striatum,53,Intermediate,10,monopolar,pac_between,high_gamma,DLS,ACC,,,0.0002697551782678827,4.8497973157295965e-05,11.405507053807519,0.009900990099009901,100,0.00022125720511058676
task,727,striatum,53,Intermediate,10,monopolar,pac_between,low_gamma,DLS,DMS,,,0.00023806991158076618,4.9473966691025655e-05,7.667201868218638,0.009900990099009901,100,0.0001885959448897405
task,727,striatum,53,Intermediate,10,monopolar,pac_between,high_gamma,DLS,DMS,,,0.0001565494235460964,5.413832304222144e-05,3.743457869752331,0.019801980198019802,100,0.00010241110050387498
task,727,striatum,53,Intermediate,10,monopolar,pac_between,low_gamma,DMS,ACC,,,0.00013748320926220005,5.388993939606018e-05,3.4823372350341755,0.019801980198019802,100,8.359326986613988e-05
task,727,striatum,53,Intermediate,10,monopolar,pac_between,high_gamma,DMS,ACC,,,0.0003174378521177034,4.682298330092516e-05,14.286066931292522,0.009900990099009901,100,0.00027061486881677825
task,727,striatum,53,Intermediate,10,monopolar,pac_between,low_gamma,DMS,DLS,,,0.00010288996711727978,5.3236606831355974e-05,2.0644390265208723,0.039603960396039604,100,4.965336028592381e-05
task,727,striatum,53,Intermediate,10,monopolar,pac_between,high_gamma,DMS,DLS,,,7.823566772980476e-05,5.382828770897353e-05,1.3244210921579593,0.07920792079207921,100,2.440738002083123e-05
task,727,striatum,53,Intermediate,10,bipolar,same_freq,theta,ACC,DLS,0.12060981449299098,0.050427774555068625,,,,,,
task,727,striatum,53,Intermediate,10,bipolar,same_freq,low_gamma,ACC,DLS,-0.016464672307282248,-0.018618931481366424,,,,,,
task,727,striatum,53,Intermediate,10,bipolar,same_freq,high_gamma,ACC,DLS,0.0009261314540898419,0.0012508841149635169,,,,,,
task,727,striatum,53,Intermediate,10,bipolar,same_freq,theta,ACC,DMS,0.24883558505746617,0.1082764325982472,,,,,,
task,727,striatum,53,Intermediate,10,bipolar,same_freq,low_gamma,ACC,DMS,0.0035424141705883813,0.0009650094091513206,,,,,,
task,727,striatum,53,Intermediate,10,bipolar,same_freq,high_gamma,ACC,DMS,-0.011125662464334626,-0.008951382171101373,,,,,,
task,727,striatum,53,Intermediate,10,bipolar,same_freq,theta,DLS,DMS,0.16429031710506534,0.13721447110503598,,,,,,
task,727,striatum,53,Intermediate,10,bipolar,same_freq,low_gamma,DLS,DMS,0.023705876894081965,0.02127374761286486,,,,,,
task,727,striatum,53,Intermediate,10,bipolar,same_freq,high_gamma,DLS,DMS,0.0029971511126478728,-0.0013282033167591352,,,,,,
task,727,striatum,53,Intermediate,10,bipolar,pac_within,low_gamma,ACC,ACC,,,0.00024434562115271437,5.5720708161111743e-05,7.2247929558356265,0.009900990099009901,100,0.00018862491299160262
task,727,striatum,53,Intermediate,10,bipolar,pac_within,high_gamma,ACC,ACC,,,0.00015306853683152123,4.9392973763911265e-05,5.5530719910034145,0.009900990099009901,100,0.00010367556306760997
task,727,striatum,53,Intermediate,10,bipolar,pac_within,low_gamma,DLS,DLS,,,4.801376322519359e-05,6.296963192475126e-05,-0.5802089614097933,0.6732673267326733,100,-1.4955868699557663e-05
task,727,striatum,53,Intermediate,10,bipolar,pac_within,high_gamma,DLS,DLS,,,1.1120869210743299e-05,5.6741189508644486e-05,-1.871511223269316,0.9900990099009901,100,-4.5620320297901185e-05
task,727,striatum,53,Intermediate,10,bipolar,pac_within,low_gamma,DMS,DMS,,,0.0001358941820355064,5.700457159800177e-05,3.113029164605113,0.0297029702970297,100,7.888961043750462e-05
task,727,striatum,53,Intermediate,10,bipolar,pac_within,high_gamma,DMS,DMS,,,4.131016666767415e-05,5.5104587990076726e-05,-0.6704309530575165,0.7326732673267327,100,-1.3794421322402575e-05
task,727,striatum,53,Intermediate,10,bipolar,pac_between,low_gamma,ACC,DLS,,,3.749419552143856e-05,5.5196766541661036e-05,-0.6855494056118041,0.7425742574257426,100,-1.7702571020222474e-05
task,727,striatum,53,Intermediate,10,bipolar,pac_between,high_gamma,ACC,DLS,,,5.4294071303950156e-05,5.367403915551284e-05,0.02609140996894357,0.38613861386138615,100,6.200321484373182e-07
task,727,striatum,53,Intermediate,10,bipolar,pac_between,low_gamma,ACC,DMS,,,0.0001632230959556018,5.800827435671947e-05,4.614820169706143,0.009900990099009901,100,0.00010521482159888234
task,727,striatum,53,Intermediate,10,bipolar,pac_between,high_gamma,ACC,DMS,,,4.3412367375774194e-05,5.521314460219382e-05,-0.6148015457947089,0.693069306930693,100,-1.1800777226419626e-05
task,727,striatum,53,Intermediate,10,bipolar,pac_between,low_gamma,DLS,ACC,,,4.612097208269868e-05,5.8623725182359594e-05,-0.54484413585534,0.693069306930693,100,-1.2502753099660917e-05
task,727,striatum,53,Intermediate,10,bipolar,pac_between,high_gamma,DLS,ACC,,,6.460886324362123e-05,5.7929404720885834e-05,0.31083869122839186,0.4158415841584158,100,6.6794585227353934e-06
task,727,striatum,53,Intermediate,10,bipolar,pac_between,low_gamma,DLS,DMS,,,5.21329755259446e-05,6.131477873103678e-05,-0.38983166275643694,0.6138613861386139,100,-9.181803205092185e-06
task,727,striatum,53,Intermediate,10,bipolar,pac_between,high_gamma,DLS,DMS,,,6.834647194531297e-05,5.1867591823529626e-05,0.809727149412467,0.22772277227722773,100,1.647888012178335e-05
task,727,striatum,53,Intermediate,10,bipolar,pac_between,low_gamma,DMS,ACC,,,6.615412445844604e-05,6.519837160580489e-05,0.0392493766173904,0.43564356435643564,100,9.557528526411428e-07
task,727,striatum,53,Intermediate,10,bipolar,pac_between,high_gamma,DMS,ACC,,,0.00011146536859524182,5.3291454994858096e-05,2.668981607002357,0.019801980198019802,100,5.817391360038372e-05
task,727,striatum,53,Intermediate,10,bipolar,pac_between,low_gamma,DMS,DLS,,,5.163805399486962e-05,6.168164948006616e-05,-0.3431782564566171,0.5841584158415841,100,-1.0043595485196538e-05
task,727,striatum,53,Intermediate,10,bipolar,pac_between,high_gamma,DMS,DLS,,,3.09669212052106e-05,5.382545593441513e-05,-1.1546239993723135,0.8910891089108911,100,-2.285853472920453e-05
task,727,striatum,53,Expert,10,monopolar,same_freq,theta,ACC,DLS,0.4770574630717002,0.10633348263424908,,,,,,
task,727,striatum,53,Expert,10,monopolar,same_freq,low_gamma,ACC,DLS,0.19325180833336858,-0.007175806131595813,,,,,,
task,727,striatum,53,Expert,10,monopolar,same_freq,high_gamma,ACC,DLS,0.06911939487301938,0.011746682435685878,,,,,,
task,727,striatum,53,Expert,10,monopolar,same_freq,theta,ACC,DMS,0.34606542046531236,0.07117464647641339,,,,,,
task,727,striatum,53,Expert,10,monopolar,same_freq,low_gamma,ACC,DMS,0.067708105543603,0.014291218322733057,,,,,,
task,727,striatum,53,Expert,10,monopolar,same_freq,high_gamma,ACC,DMS,0.03343179358699539,0.01888339152487049,,,,,,
task,727,striatum,53,Expert,10,monopolar,same_freq,theta,DLS,DMS,0.4010276625747556,0.3434991586082028,,,,,,
task,727,striatum,53,Expert,10,monopolar,same_freq,low_gamma,DLS,DMS,0.09806744821196524,0.015654139084310518,,,,,,
task,727,striatum,53,Expert,10,monopolar,same_freq,high_gamma,DLS,DMS,0.12031560695254248,-0.003340043765651008,,,,,,
task,727,striatum,53,Expert,10,monopolar,pac_within,low_gamma,ACC,ACC,,,0.0001674027183026036,4.619359737498213e-05,6.347425738273338,0.009900990099009901,100,0.00012120912092762147
task,727,striatum,53,Expert,10,monopolar,pac_within,high_gamma,ACC,ACC,,,0.0002800721899614677,4.500279874770559e-05,12.782605159392403,0.009900990099009901,100,0.0002350693912137621
task,727,striatum,53,Expert,10,monopolar,pac_within,low_gamma,DLS,DLS,,,0.00011981601083167973,4.5981119187494176e-05,3.6762858855306133,0.009900990099009901,100,7.383489164418555e-05
task,727,striatum,53,Expert,10,monopolar,pac_within,high_gamma,DLS,DLS,,,8.131758763950908e-05,5.01293030095523e-05,1.5027728945773133,0.09900990099009901,100,3.1188284629956784e-05
task,727,striatum,53,Expert,10,monopolar,pac_within,low_gamma,DMS,DMS,,,0.00028311959694941007,4.530825734177361e-05,10.070608515095454,0.009900990099009901,100,0.00023781133960763646
task,727,striatum,53,Expert,10,monopolar,pac_within,high_gamma,DMS,DMS,,,0.00020145088477129157,4.379707688356753e-05,9.00168423882131,0.009900990099009901,100,0.00015765380788772403
task,727,striatum,53,Expert,10,monopolar,pac_between,low_gamma,ACC,DLS,,,7.248540550473146e-05,4.699068304596357e-05,1.4381779035801565,0.06930693069306931,100,2.549472245876789e-05
task,727,striatum,53,Expert,10,monopolar,pac_between,high_gamma,ACC,DLS,,,9.325764104630845e-05,4.661690277259529e-05,2.4128501203173864,0.0297029702970297,100,4.664073827371316e-05
task,727,striatum,53,Expert,10,monopolar,pac_between,low_gamma,ACC,DMS,,,0.00022145483128192944,4.607522463438449e-05,7.314738742431128,0.009900990099009901,100,0.00017537960664754495
task,727,striatum,53,Expert,10,monopolar,pac_between,high_gamma,ACC,DMS,,,0.00017621069346926999,4.36869072338059e-05,6.87572811906725,0.009900990099009901,100,0.00013252378623546408
task,727,striatum,53,Expert,10,monopolar,pac_between,low_gamma,DLS,ACC,,,0.0003079554197268758,4.632655654318053e-05,12.422876576200698,0.009900990099009901,100,0.0002616288631836953
task,727,striatum,53,Expert,10,monopolar,pac_between,high_gamma,DLS,ACC,,,0.0002813475795870233,4.406621136224783e-05,14.129437525213666,0.009900990099009901,100,0.00023728136822477545
task,727,striatum,53,Expert,10,monopolar,pac_between,low_gamma,DLS,DMS,,,0.00030408276472217795,4.5187420620571345e-05,10.333490308270456,0.009900990099009901,100,0.0002588953441016066
task,727,striatum,53,Expert,10,monopolar,pac_between,high_gamma,DLS,DMS,,,0.00016092709804428162,4.2267410108947745e-05,6.1165166101714625,0.009900990099009901,100,0.00011865968793533388
task,727,striatum,53,Expert,10,monopolar,pac_between,low_gamma,DMS,ACC,,,0.0001837274051253855,4.3575450893457806e-05,6.86866813907171,0.009900990099009901,100,0.0001401519542319277
task,727,striatum,53,Expert,10,monopolar,pac_between,high_gamma,DMS,ACC,,,0.00031604455125925425,4.653877709817268e-05,15.438941054247223,0.009900990099009901,100,0.00026950577416108156
task,727,striatum,53,Expert,10,monopolar,pac_between,low_gamma,DMS,DLS,,,8.013866814940895e-05,4.6120099005759055e-05,1.7693418542933255,0.07920792079207921,100,3.40185691436499e-05
task,727,striatum,53,Expert,10,monopolar,pac_between,high_gamma,DMS,DLS,,,9.449785052551051e-05,4.542885545247377e-05,3.1948286250678133,0.009900990099009901,100,4.906899507303674e-05
task,727,striatum,53,Expert,10,bipolar,same_freq,theta,ACC,DLS,0.14243085922145132,0.08356823785171286,,,,,,
task,727,striatum,53,Expert,10,bipolar,same_freq,low_gamma,ACC,DLS,-0.008501207305518364,-0.006812778547865019,,,,,,
task,727,striatum,53,Expert,10,bipolar,same_freq,high_gamma,ACC,DLS,-0.008332984783293118,-0.0011409701680545755,,,,,,
task,727,striatum,53,Expert,10,bipolar,same_freq,theta,ACC,DMS,0.16005801667018985,0.047569633051153644,,,,,,
task,727,striatum,53,Expert,10,bipolar,same_freq,low_gamma,ACC,DMS,0.001484156956180889,-0.00046275062653835467,,,,,,
task,727,striatum,53,Expert,10,bipolar,same_freq,high_gamma,ACC,DMS,-0.007020719744471834,-0.008304711945761739,,,,,,
task,727,striatum,53,Expert,10,bipolar,same_freq,theta,DLS,DMS,0.15469743180213752,0.16631426245161474,,,,,,
task,727,striatum,53,Expert,10,bipolar,same_freq,low_gamma,DLS,DMS,0.012329438564296854,0.0022502499787243314,,,,,,
task,727,striatum,53,Expert,10,bipolar,same_freq,high_gamma,DLS,DMS,0.008043714108002094,-0.001804122792128791,,,,,,
task,727,striatum,53,Expert,10,bipolar,pac_within,low_gamma,ACC,ACC,,,0.000201516343891857,4.6464699192131894e-05,8.211068174150087,0.009900990099009901,100,0.0001550516446997251
task,727,striatum,53,Expert,10,bipolar,pac_within,high_gamma,ACC,ACC,,,0.0001983058989303368,4.935978286290044e-05,6.9676220526947645,0.009900990099009901,100,0.00014894611606743635
task,727,striatum,53,Expert,10,bipolar,pac_within,low_gamma,DLS,DLS,,,5.90772373210322e-05,5.202298057594312e-05,0.3124404489237915,0.3069306930693069,100,7.05425674508908e-06
task,727,striatum,53,Expert,10,bipolar,pac_within,high_gamma,DLS,DLS,,,4.328782329674628e-05,4.4984180734206804e-05,-0.10658557595536217,0.4752475247524752,100,-1.6963574374605217e-06
task,727,striatum,53,Expert,10,bipolar,pac_within,low_gamma,DMS,DMS,,,2.7196944206362868e-05,5.1434782185775056e-05,-0.9215985351895145,0.8217821782178217,100,-2.4237837979412187e-05
task,727,striatum,53,Expert,10,bipolar,pac_within,high_gamma,DMS,DMS,,,6.470561147069066e-05,4.7076415708647296e-05,0.9556614523107273,0.2079207920792079,100,1.7629195762043366e-05
task,727,striatum,53,Expert,10,bipolar,pac_between,low_gamma,ACC,DLS,,,4.1471909035658064e-05,4.7760523717361874e-05,-0.2914436978427681,0.5544554455445545,100,-6.2886146817038094e-06
task,727,striatum,53,Expert,10,bipolar,pac_between,high_gamma,ACC,DLS,,,0.00010427500195989603,4.5080356276377644e-05,3.1199642812824773,0.019801980198019802,100,5.919464568351839e-05
task,727,striatum,53,Expert,10,bipolar,pac_between,low_gamma,ACC,DMS,,,2.2224860915645613e-05,4.875126964291235e-05,-1.311914778784667,0.9405940594059405,100,-2.6526408727266736e-05
task,727,striatum,53,Expert,10,bipolar,pac_between,high_gamma,ACC,DMS,,,2.5602097089612466e-05,4.5084421463694386e-05,-1.1041612327368546,0.9405940594059405,100,-1.948232437408192e-05
task,727,striatum,53,Expert,10,bipolar,pac_between,low_gamma,DLS,ACC,,,0.00010481798644041363,5.332737590411661e-05,2.3617095777297807,0.0297029702970297,100,5.149061053629702e-05
task,727,striatum,53,Expert,10,bipolar,pac_between,high_gamma,DLS,ACC,,,0.0001377488004993392,4.677536133417353e-05,5.052537153995407,0.009900990099009901,100,9.097343916516566e-05
task,727,striatum,53,Expert,10,bipolar,pac_between,low_gamma,DLS,DMS,,,6.169435290284204e-05,5.3788600035777725e-05,0.3800739254340526,0.3069306930693069,100,7.905752867064311e-06
task,727,striatum,53,Expert,10,bipolar,pac_between,high_gamma,DLS,DMS,,,8.212728573861957e-05,4.823403785646385e-05,1.8771853914122203,0.06930693069306931,100,3.3893247882155715e-05
task,727,striatum,53,Expert,10,bipolar,pac_between,low_gamma,DMS,ACC,,,5.202798281614041e-05,4.806948135308255e-05,0.1935928601086169,0.3564356435643564,100,3.958501463057858e-06
task,727,striatum,53,Expert,10,bipolar,pac_between,high_gamma,DMS,ACC,,,0.00014588790415813384,4.779185395680017e-05,5.182873628385976,0.009900990099009901,100,9.809605020133367e-05
task,727,striatum,53,Expert,10,bipolar,pac_between,low_gamma,DMS,DLS,,,0.00015263789849405068,5.00846473141249e-05,4.5005440814389015,0.009900990099009901,100,0.00010255325117992578
task,727,striatum,53,Expert,10,bipolar,pac_between,high_gamma,DMS,DLS,,,2.5978214629162564e-05,4.665899284486482e-05,-1.0953527409673434,0.900990099009901,100,-2.0680778215702256e-05
task,730,striatum,54,All,109,monopolar,same_freq,theta,ACC,DLS,0.617363647478219,-0.004501743924210041,,,,,,
task,730,striatum,54,All,109,monopolar,same_freq,low_gamma,ACC,DLS,0.3618022246501097,0.01049435530903661,,,,,,
task,730,striatum,54,All,109,monopolar,same_freq,high_gamma,ACC,DLS,0.23441918987551108,0.017984555654457102,,,,,,
task,730,striatum,54,All,109,monopolar,same_freq,theta,ACC,DMS,0.2234078711262055,0.14525878480617094,,,,,,
task,730,striatum,54,All,109,monopolar,same_freq,low_gamma,ACC,DMS,0.08021033052551205,0.020398653786789386,,,,,,
task,730,striatum,54,All,109,monopolar,same_freq,high_gamma,ACC,DMS,0.05611009669443347,0.022411713215776882,,,,,,
task,730,striatum,54,All,109,monopolar,same_freq,theta,DLS,DMS,0.26114830994397853,0.20381784709360284,,,,,,
task,730,striatum,54,All,109,monopolar,same_freq,low_gamma,DLS,DMS,0.08601632960975492,0.02663450429085321,,,,,,
task,730,striatum,54,All,109,monopolar,same_freq,high_gamma,DLS,DMS,0.10151238251095146,0.01659004596403156,,,,,,
task,730,striatum,54,All,109,monopolar,pac_within,low_gamma,ACC,ACC,,,2.7456995771343013e-05,4.844672377510869e-06,10.847999943224059,0.009900990099009901,100,2.2612323393832143e-05
task,730,striatum,54,All,109,monopolar,pac_within,high_gamma,ACC,ACC,,,0.0004131189703469147,4.64156477304165e-06,197.23750517424995,0.009900990099009901,100,0.00040847740557387307
task,730,striatum,54,All,109,monopolar,pac_within,low_gamma,DLS,DLS,,,6.364091985051656e-05,4.7731778411740575e-06,25.018141126415163,0.009900990099009901,100,5.886774200934251e-05
task,730,striatum,54,All,109,monopolar,pac_within,high_gamma,DLS,DLS,,,0.00010956264247269777,4.461343433790622e-06,55.85235149781356,0.009900990099009901,100,0.00010510129903890714
task,730,striatum,54,All,109,monopolar,pac_within,low_gamma,DMS,DMS,,,8.636973762970445e-05,4.997158202038094e-06,36.00303722158702,0.009900990099009901,100,8.137257942766636e-05
task,730,striatum,54,All,109,monopolar,pac_within,high_gamma,DMS,DMS,,,7.929047221892009e-05,4.126006912900306e-06,44.28407123139603,0.009900990099009901,100,7.516446530601979e-05
task,730,striatum,54,All,109,monopolar,pac_between,low_gamma,ACC,DLS,,,5.51937509250674e-05,4.755345234006109e-06,23.71865790331412,0.009900990099009901,100,5.043840569106129e-05
task,730,striatum,54,All,109,monopolar,pac_between,high_gamma,ACC,DLS,,,8.694257552315574e-05,4.562631316354148e-06,42.25719616957984,0.009900990099009901,100,8.237994420680159e-05
task,730,striatum,54,All,109,monopolar,pac_between,low_gamma,ACC,DMS,,,8.123596316652064e-05,4.858421378649728e-06,35.04608891232724,0.009900990099009901,100,7.63775417878709e-05
task,730,striatum,54,All,109,monopolar,pac_between,high_gamma,ACC,DMS,,,5.926011380648109e-05,4.524324441940024e-06,26.879729258502437,0.009900990099009901,100,5.473578936454107e-05
task,730,striatum,54,All,109,monopolar,pac_between,low_gamma,DLS,ACC,,,2.9477506594074493e-05,4.712635467801188e-06,10.798913420750496,0.009900990099009901,100,2.4764871126273305e-05
task,730,striatum,54,All,109,monopolar,pac_between,high_gamma,DLS,ACC,,,0.0004735459731314284,4.528941683895851e-06,288.9480492534282,0.009900990099009901,100,0.0004690170314475325
task,730,striatum,54,All,109,monopolar,pac_between,low_gamma,DLS,DMS,,,8.915727377695442e-05,4.90020354788794e-06,39.75077082345303,0.009900990099009901,100,8.425707022906648e-05
task,730,striatum,54,All,109,monopolar,pac_between,high_gamma,DLS,DMS,,,6.762507084089864e-05,4.3111248384201756e-06,34.5800276991461,0.009900990099009901,100,6.331394600247846e-05
task,730,striatum,54,All,109,monopolar,pac_between,low_gamma,DMS,ACC,,,3.148370235471175e-05,4.435560528587718e-06,14.230000615134667,0.009900990099009901,100,2.704814182612403e-05
task,730,striatum,54,All,109,monopolar,pac_between,high_gamma,DMS,ACC,,,0.00043803207989426897,4.593627300332285e-06,248.1578117388584,0.009900990099009901,100,0.0004334384525939367
task,730,striatum,54,All,109,monopolar,pac_between,low_gamma,DMS,DLS,,,6.185167647071892e-05,4.7472970609902215e-06,24.867185194808272,0.009900990099009901,100,5.71043794097287e-05
task,730,striatum,54,All,109,monopolar,pac_between,high_gamma,DMS,DLS,,,4.9540780096463755e-05,4.2916600332081085e-06,26.013513246161814,0.009900990099009901,100,4.524912006325564e-05
task,730,striatum,54,All,109,bipolar,same_freq,theta,ACC,DLS,0.030587873996713602,0.019821569409336427,,,,,,
task,730,striatum,54,All,109,bipolar,same_freq,low_gamma,ACC,DLS,0.0031071924394574617,0.0010196853838252767,,,,,,
task,730,striatum,54,All,109,bipolar,same_freq,high_gamma,ACC,DLS,-0.00584582856601106,-0.0046101081798346245,,,,,,
task,730,striatum,54,All,109,bipolar,same_freq,theta,ACC,DMS,0.05598412278565068,0.014037185968744516,,,,,,
task,730,striatum,54,All,109,bipolar,same_freq,low_gamma,ACC,DMS,-0.0013262314838923116,-0.0025095765478490195,,,,,,
task,730,striatum,54,All,109,bipolar,same_freq,high_gamma,ACC,DMS,0.007466629342812093,0.002993417112797316,,,,,,
task,730,striatum,54,All,109,bipolar,same_freq,theta,DLS,DMS,0.15857578913417694,0.11217901596064739,,,,,,
task,730,striatum,54,All,109,bipolar,same_freq,low_gamma,DLS,DMS,0.017461714876615284,0.00882729337107591,,,,,,
task,730,striatum,54,All,109,bipolar,same_freq,high_gamma,DLS,DMS,0.013793491590590979,0.010916063829250394,,,,,,
task,730,striatum,54,All,109,bipolar,pac_within,low_gamma,ACC,ACC,,,7.97285308215335e-06,4.899377128061278e-06,1.4467051475176609,0.06930693069306931,100,3.0734759540920726e-06
task,730,striatum,54,All,109,bipolar,pac_within,high_gamma,ACC,ACC,,,7.770741084869134e-06,4.75152395100199e-06,1.6981879976613081,0.04950495049504951,100,3.019217133867144e-06
task,730,striatum,54,All,109,bipolar,pac_within,low_gamma,DLS,DLS,,,3.5590669839679915e-06,5.239219224733763e-06,-0.7806102054736987,0.7623762376237624,100,-1.6801522407657711e-06
task,730,striatum,54,All,109,bipolar,pac_within,high_gamma,DLS,DLS,,,5.202048061954812e-06,4.712857190424624e-06,0.2876054375205678,0.36633663366336633,100,4.891908715301883e-07
task,730,striatum,54,All,109,bipolar,pac_within,low_gamma,DMS,DMS,,,1.6185260681717865e-06,5.425316689141794e-06,-1.4070531219977902,0.9801980198019802,100,-3.8067906209700077e-06
task,730,striatum,54,All,109,bipolar,pac_within,high_gamma,DMS,DMS,,,5.087534849939246e-06,4.787005963291182e-06,0.16384898746926443,0.39603960396039606,100,3.0052888664806394e-07
task,730,striatum,54,All,109,bipolar,pac_between,low_gamma,ACC,DLS,,,3.403023303256258e-06,5.0265515664108755e-06,-0.7565671121000216,0.7524752475247525,100,-1.6235282631546173e-06
task,730,striatum,54,All,109,bipolar,pac_between,high_gamma,ACC,DLS,,,3.6359217246132652e-06,4.442397723574366e-06,-0.49595749600924316,0.6633663366336634,100,-8.064759989611005e-07
task,730,striatum,54,All,109,bipolar,pac_between,low_gamma,ACC,DMS,,,3.284065412820467e-06,5.353492897779186e-06,-0.8042279447737288,0.7524752475247525,100,-2.069427484958719e-06
task,730,striatum,54,All,109,bipolar,pac_between,high_gamma,ACC,DMS,,,3.6031358180409515e-06,4.228088439619401e-06,-0.3954964980447318,0.6435643564356436,100,-6.249526215784493e-07
task,730,striatum,54,All,109,bipolar,pac_between,low_gamma,DLS,ACC,,,3.2406396980814017e-06,4.906420229709198e-06,-0.770745861395862,0.801980198019802,100,-1.6657805316277967e-06
task,730,striatum,54,All,109,bipolar,pac_between,high_gamma,DLS,ACC,,,6.810708115943477e-06,4.3793147860039055e-06,1.4646188197655579,0.0891089108910891,100,2.4313933299395713e-06
task,730,striatum,54,All,109,bipolar,pac_between,low_gamma,DLS,DMS,,,3.0284966724583017e-06,5.2564092079432316e-06,-1.056499810184031,0.8811881188118812,100,-2.22791253548493e-06
task,730,striatum,54,All,109,bipolar,pac_between,high_gamma,DLS,DMS,,,1.5266866167941972e-06,4.519906461989464e-06,-1.6861113772106655,1.0,100,-2.993219845195267e-06
task,730,striatum,54,All,109,bipolar,pac_between,low_gamma,DMS,ACC,,,5.3895069399955726e-06,4.7365841313717465e-06,0.31676436011689313,0.3465346534653465,100,6.529228086238261e-07
task,730,striatum,54,All,109,bipolar,pac_between,high_gamma,DMS,ACC,,,5.045787606466164e-06,4.76566732900535e-06,0.1497616930768499,0.40594059405940597,100,2.801202774608137e-07
task,730,striatum,54,All,109,bipolar,pac_between,low_gamma,DMS,DLS,,,5.703825969681933e-06,5.166191462596983e-06,0.2546406749852828,0.43564356435643564,100,5.376345070849494e-07
task,730,striatum,54,All,109,bipolar,pac_between,high_gamma,DMS,DLS,,,6.2642444261224235e-06,4.9222779444676874e-06,0.7171579774594288,0.19801980198019803,100,1.341966481654736e-06
task,730,striatum,54,Naive,10,monopolar,same_freq,theta,ACC,DLS,0.614609579029115,0.0029262404594977906,,,,,,
task,730,striatum,54,Naive,10,monopolar,same_freq,low_gamma,ACC,DLS,0.34446643817622813,0.006929431102949543,,,,,,
task,730,striatum,54,Naive,10,monopolar,same_freq,high_gamma,ACC,DLS,0.22403223329625244,0.015382975525275094,,,,,,
task,730,striatum,54,Naive,10,monopolar,same_freq,theta,ACC,DMS,0.22594908899095584,0.1261435053839584,,,,,,
task,730,striatum,54,Naive,10,monopolar,same_freq,low_gamma,ACC,DMS,0.05795098252513372,0.014377467098167312,,,,,,
task,730,striatum,54,Naive,10,monopolar,same_freq,high_gamma,ACC,DMS,0.04246942803991729,0.01646829002333634,,,,,,
task,730,striatum,54,Naive,10,monopolar,same_freq,theta,DLS,DMS,0.2303659580726684,0.14449167609163882,,,,,,
task,730,striatum,54,Naive,10,monopolar,same_freq,low_gamma,DLS,DMS,0.09514874469036325,0.021257106522665298,,,,,,
task,730,striatum,54,Naive,10,monopolar,same_freq,high_gamma,DLS,DMS,0.09286487098979877,0.00279438873536394,,,,,,
task,730,striatum,54,Naive,10,monopolar,pac_within,low_gamma,ACC,ACC,,,2.8505544949920874e-05,4.0570601426458683e-05,-0.5970435707110683,0.7029702970297029,100,-1.206505647653781e-05
task,730,striatum,54,Naive,10,monopolar,pac_within,high_gamma,ACC,ACC,,,0.0004881746657047648,4.646716000025934e-05,22.767434880369915,0.009900990099009901,100,0.00044170750570450546
task,730,striatum,54,Naive,10,monopolar,pac_within,low_gamma,DLS,DLS,,,6.702025791307475e-05,4.136473408590055e-05,1.3759344318515003,0.1485148514851485,100,2.5655523827174194e-05
task,730,striatum,54,Naive,10,monopolar,pac_within,high_gamma,DLS,DLS,,,0.0001248071047135407,3.8467265118071034e-05,5.215241179599101,0.009900990099009901,100,8.633983959546967e-05
task,730,striatum,54,Naive,10,monopolar,pac_within,low_gamma,DMS,DMS,,,0.0001399544578559805,4.7161849430102636e-05,4.09125589946033,0.019801980198019802,100,9.279260842587786e-05
task,730,striatum,54,Naive,10,monopolar,pac_within,high_gamma,DMS,DMS,,,0.0001294934826664998,4.125001568162215e-05,4.838533948435899,0.009900990099009901,100,8.824346698487764e-05
task,730,striatum,54,Naive,10,monopolar,pac_between,low_gamma,ACC,DLS,,,4.606818722086446e-05,4.192777638896106e-05,0.25146935416621524,0.31683168316831684,100,4.1404108319034e-06
task,730,striatum,54,Naive,10,monopolar,pac_between,high_gamma,ACC,DLS,,,0.0001438222662384169,3.825483025864456e-05,6.498859454669872,0.009900990099009901,100,0.00010556743597977235
task,730,striatum,54,Naive,10,monopolar,pac_between,low_gamma,ACC,DMS,,,0.00014612182737928453,4.1510000117193114e-05,4.779342271604881,0.009900990099009901,100,0.00010461182726209141
task,730,striatum,54,Naive,10,monopolar,pac_between,high_gamma,ACC,DMS,,,8.681297798203862e-05,3.811080975077832e-05,3.4857166173573098,0.019801980198019802,100,4.8702168231260305e-05
task,730,striatum,54,Naive,10,monopolar,pac_between,low_gamma,DLS,ACC,,,1.877155064678567e-05,4.3038676146856126e-05,-1.0536253471487815,0.8910891089108911,100,-2.4267125500070456e-05
task,730,striatum,54,Naive,10,monopolar,pac_between,high_gamma,DLS,ACC,,,0.0006087779051282963,4.3450387947133435e-05,30.31613398270511,0.009900990099009901,100,0.0005653275171811629
task,730,striatum,54,Naive,10,monopolar,pac_between,low_gamma,DLS,DMS,,,0.00014715565646536614,4.359592904156597e-05,4.979399100200078,0.009900990099009901,100,0.00010355972742380017
task,730,striatum,54,Naive,10,monopolar,pac_between,high_gamma,DLS,DMS,,,0.00011628359958320596,3.937354794705941e-05,4.8189378785499555,0.009900990099009901,100,7.691005163614655e-05
task,730,striatum,54,Naive,10,monopolar,pac_between,low_gamma,DMS,ACC,,,3.155489435455684e-05,3.996629485705558e-05,-0.49593673905439606,0.6336633663366337,100,-8.411400502498737e-06
task,730,striatum,54,Naive,10,monopolar,pac_between,high_gamma,DMS,ACC,,,0.0005120863312426899,4.2072929371781965e-05,25.196774030550884,0.009900990099009901,100,0.0004700134018709079
task,730,striatum,54,Naive,10,monopolar,pac_between,low_gamma,DMS,DLS,,,8.781038694847724e-05,4.51798335172227e-05,1.808855454973775,0.06930693069306931,100,4.2630553431254536e-05
task,730,striatum,54,Naive,10,monopolar,pac_between,high_gamma,DMS,DLS,,,8.049401400754157e-05,3.916942408932032e-05,2.433375314192924,0.0297029702970297,100,4.1324589918221246e-05
task,730,striatum,54,Naive,10,bipolar,same_freq,theta,ACC,DLS,0.00785466373191718,0.009814414787052032,,,,,,
task,730,striatum,54,Naive,10,bipolar,same_freq,low_gamma,ACC,DLS,0.01398853754033248,0.006772025560627889,,,,,,
task,730,striatum,54,Naive,10,bipolar,same_freq,high_gamma,ACC,DLS,0.0018350161130742744,-0.0009867731656364562,,,,,,
task,730,striatum,54,Naive,10,bipolar,same_freq,theta,ACC,DMS,0.05904051947950705,0.011468087482061753,,,,,,
task,730,striatum,54,Naive,10,bipolar,same_freq,low_gamma,ACC,DMS,-0.006086727895300185,-0.016513463849465226,,,,,,
task,730,striatum,54,Naive,10,bipolar,same_freq,high_gamma,ACC,DMS,0.020028322777398702,0.010311814157882996,,,,,,
task,730,striatum,54,Naive,10,bipolar,same_freq,theta,DLS,DMS,0.29003261017737714,0.172337285903632,,,,,,
task,730,striatum,54,Naive,10,bipolar,same_freq,low_gamma,DLS,DMS,0.02781357930083443,0.0036014648461307496,,,,,,
task,730,striatum,54,Naive,10,bipolar,same_freq,high_gamma,DLS,DMS,0.004175012951543366,0.002912525430020202,,,,,,
task,730,striatum,54,Naive,10,bipolar,pac_within,low_gamma,ACC,ACC,,,4.1216958816481086e-05,4.786739917300343e-05,-0.369548071830506,0.6237623762376238,100,-6.650440356522343e-06
task,730,striatum,54,Naive,10,bipolar,pac_within,high_gamma,ACC,ACC,,,3.147075758871122e-05,4.204781177169676e-05,-0.7683582256394917,0.8217821782178217,100,-1.0577054182985535e-05
task,730,striatum,54,Naive,10,bipolar,pac_within,low_gamma,DLS,DLS,,,3.339541943032882e-05,5.142598875730651e-05,-0.7040737408918191,0.7623762376237624,100,-1.8030569326977687e-05
task,730,striatum,54,Naive,10,bipolar,pac_within,high_gamma,DLS,DLS,,,4.760043037443303e-05,4.5748093455867885e-05,0.11559336653475082,0.44554455445544555,100,1.852336918565145e-06
task,730,striatum,54,Naive,10,bipolar,pac_within,low_gamma,DMS,DMS,,,4.241345599909849e-05,4.663891896872422e-05,-0.21164659936166982,0.5445544554455446,100,-4.2254629696257315e-06
task,730,striatum,54,Naive,10,bipolar,pac_within,high_gamma,DMS,DMS,,,5.075071665073816e-05,4.8772563432495145e-05,0.09800601202233686,0.3564356435643564,100,1.9781532182430183e-06
task,730,striatum,54,Naive,10,bipolar,pac_between,low_gamma,ACC,DLS,,,5.5586561150166786e-05,4.391040887565814e-05,0.5494965205595681,0.18811881188118812,100,1.1676152274508644e-05
task,730,striatum,54,Naive,10,bipolar,pac_between,high_gamma,ACC,DLS,,,2.7147519103668338e-05,4.328000807421229e-05,-0.8734293865710596,0.8415841584158416,100,-1.6132488970543953e-05
task,730,striatum,54,Naive,10,bipolar,pac_between,low_gamma,ACC,DMS,,,3.3862276143843166e-05,5.1564487196129823e-05,-0.7197417405328457,0.7425742574257426,100,-1.7702211052286658e-05
task,730,striatum,54,Naive,10,bipolar,pac_between,high_gamma,ACC,DMS,,,3.0351016378176608e-05,4.450014016878874e-05,-0.9402926861121668,0.8118811881188119,100,-1.414912379061213e-05
task,730,striatum,54,Naive,10,bipolar,pac_between,low_gamma,DLS,ACC,,,3.258831770562357e-05,4.6471399649156816e-05,-0.653136006598334,0.7326732673267327,100,-1.3883081943533247e-05
task,730,striatum,54,Naive,10,bipolar,pac_between,high_gamma,DLS,ACC,,,3.930605529292798e-05,4.413329500546462e-05,-0.30075683988156726,0.5643564356435643,100,-4.827239712536645e-06
task,730,striatum,54,Naive,10,bipolar,pac_between,low_gamma,DLS,DMS,,,1.860011361890736e-05,4.626724885355947e-05,-1.2576674031083812,0.9801980198019802,100,-2.766713523465211e-05
task,730,striatum,54,Naive,10,bipolar,pac_between,high_gamma,DLS,DMS,,,6.450151624447884e-05,4.777174236642512e-05,0.8971189518759397,0.18811881188118812,100,1.6729773878053723e-05
task,730,striatum,54,Naive,10,bipolar,pac_between,low_gamma,DMS,ACC,,,2.87014585177931e-05,4.4208447566119136e-05,-0.8758992784554355,0.801980198019802,100,-1.5506989048326037e-05
task,730,striatum,54,Naive,10,bipolar,pac_between,high_gamma,DMS,ACC,,,4.3540586510374765e-05,4.367588812596726e-05,-0.007538149536350117,0.4158415841584158,100,-1.3530161559249175e-07
task,730,striatum,54,Naive,10,bipolar,pac_between,low_gamma,DMS,DLS,,,8.421981988376243e-05,4.571003323435729e-05,2.321838493282152,0.019801980198019802,100,3.850978664940514e-05
task,730,striatum,54,Naive,10,bipolar,pac_between,high_gamma,DMS,DLS,,,6.452195342361579e-05,4.0827445666335894e-05,1.4201457058187041,0.12871287128712872,100,2.3694507757279894e-05
task,730,striatum,54,Intermediate,10,monopolar,same_freq,theta,ACC,DLS,0.5950810754248962,-0.052813449170479754,,,,,,
task,730,striatum,54,Intermediate,10,monopolar,same_freq,low_gamma,ACC,DLS,0.3599374913099053,-0.02420992804668528,,,,,,
task,730,striatum,54,Intermediate,10,monopolar,same_freq,high_gamma,ACC,DLS,0.23941402073902923,0.017952963580061012,,,,,,
task,730,striatum,54,Intermediate,10,monopolar,same_freq,theta,ACC,DMS,0.2609230772364748,0.12453535362644613,,,,,,
task,730,striatum,54,Intermediate,10,monopolar,same_freq,low_gamma,ACC,DMS,0.06852898139602512,0.004025652894086676,,,,,,
task,730,striatum,54,Intermediate,10,monopolar,same_freq,high_gamma,ACC,DMS,0.03967515215133181,0.005691324999900611,,,,,,
task,730,striatum,54,Intermediate,10,monopolar,same_freq,theta,DLS,DMS,0.24306613347564976,0.17490595131260864,,,,,,
task,730,striatum,54,Intermediate,10,monopolar,same_freq,low_gamma,DLS,DMS,0.06355096893511256,0.004316240091451879,,,,,,
task,730,striatum,54,Intermediate,10,monopolar,same_freq,high_gamma,DLS,DMS,0.07300098557367612,0.0035577708830797,,,,,,
task,730,striatum,54,Intermediate,10,monopolar,pac_within,low_gamma,ACC,ACC,,,0.00015500669450908426,4.813969536804424e-05,5.270247052226499,0.009900990099009901,100,0.00010686699914104002
task,730,striatum,54,Intermediate,10,monopolar,pac_within,high_gamma,ACC,ACC,,,0.00041033142514033456,5.2706955857355154e-05,16.199117381545907,0.009900990099009901,100,0.0003576244692829794
task,730,striatum,54,Intermediate,10,monopolar,pac_within,low_gamma,DLS,DLS,,,0.00019469454632379653,5.370851771420122e-05,5.017182117946933,0.009900990099009901,100,0.0001409860286095953
task,730,striatum,54,Intermediate,10,monopolar,pac_within,high_gamma,DLS,DLS,,,0.0001936838720024921,4.3694705685802456e-05,8.46000853346477,0.009900990099009901,100,0.00014998916631668964
task,730,striatum,54,Intermediate,10,monopolar,pac_within,low_gamma,DMS,DMS,,,0.0001303373703293753,5.2638711911176304e-05,3.207172104397252,0.009900990099009901,100,7.769865841819899e-05
task,730,striatum,54,Intermediate,10,monopolar,pac_within,high_gamma,DMS,DMS,,,9.127538493478648e-05,4.9086228477440727e-05,1.8100203798223766,0.04950495049504951,100,4.218915645734575e-05
task,730,striatum,54,Intermediate,10,monopolar,pac_between,low_gamma,ACC,DLS,,,0.00012736316186867698,5.65767105770273e-05,2.7641982592844667,0.0297029702970297,100,7.078645129164968e-05
task,730,striatum,54,Intermediate,10,monopolar,pac_between,high_gamma,ACC,DLS,,,0.00013536232848984363,4.59820291693698e-05,4.98595762541954,0.009900990099009901,100,8.938029932047383e-05
task,730,striatum,54,Intermediate,10,monopolar,pac_between,low_gamma,ACC,DMS,,,0.00016084760098220382,5.136672623980298e-05,4.016622254523874,0.019801980198019802,100,0.00010948087474240084
task,730,striatum,54,Intermediate,10,monopolar,pac_between,high_gamma,ACC,DMS,,,9.251771189732494e-05,4.8401577666180955e-05,1.9592863980453479,0.07920792079207921,100,4.4116134231143984e-05
task,730,striatum,54,Intermediate,10,monopolar,pac_between,low_gamma,DLS,ACC,,,8.632086021954535e-05,4.357298003549366e-05,1.7704159259082517,0.0594059405940594,100,4.274788018405169e-05
task,730,striatum,54,Intermediate,10,monopolar,pac_between,high_gamma,DLS,ACC,,,0.000497888508220787,5.529176477084852e-05,16.739083816006225,0.009900990099009901,100,0.0004425967434499385
task,730,striatum,54,Intermediate,10,monopolar,pac_between,low_gamma,DLS,DMS,,,0.00015642505110728932,5.593082202394728e-05,3.289207028995891,0.0297029702970297,100,0.00010049422908334205
task,730,striatum,54,Intermediate,10,monopolar,pac_between,high_gamma,DLS,DMS,,,7.281880306569807e-05,4.778188547970295e-05,1.0962653372090438,0.10891089108910891,100,2.5036917585995117e-05
task,730,striatum,54,Intermediate,10,monopolar,pac_between,low_gamma,DMS,ACC,,,0.00014429699858043425,4.966807029631036e-05,3.73500396993687,0.009900990099009901,100,9.462892828412389e-05
task,730,striatum,54,Intermediate,10,monopolar,pac_between,high_gamma,DMS,ACC,,,0.0003104239232896844,5.061749919137995e-05,10.928145939024555,0.009900990099009901,100,0.00025980642409830445
task,730,striatum,54,Intermediate,10,monopolar,pac_between,low_gamma,DMS,DLS,,,0.00016350330408910625,5.528912173380988e-05,4.145465374234265,0.009900990099009901,100,0.00010821418235529637
task,730,striatum,54,Intermediate,10,monopolar,pac_between,high_gamma,DMS,DLS,,,0.000120106775733665,4.812484784980272e-05,3.8260676175981336,0.019801980198019802,100,7.198192788386229e-05
task,730,striatum,54,Intermediate,10,bipolar,same_freq,theta,ACC,DLS,-0.005661392451393137,0.017650890840233406,,,,,,
task,730,striatum,54,Intermediate,10,bipolar,same_freq,low_gamma,ACC,DLS,0.0051377892450013155,-0.007371063709277259,,,,,,
task,730,striatum,54,Intermediate,10,bipolar,same_freq,high_gamma,ACC,DLS,-0.016431803771998123,-0.019084714332473378,,,,,,
task,730,striatum,54,Intermediate,10,bipolar,same_freq,theta,ACC,DMS,0.052287825909912544,-0.00903490854382074,,,,,,
task,730,striatum,54,Intermediate,10,bipolar,same_freq,low_gamma,ACC,DMS,0.002343419733581619,-0.010435240466259587,,,,,,
task,730,striatum,54,Intermediate,10,bipolar,same_freq,high_gamma,ACC,DMS,-0.008443379825930951,-0.00970497389931267,,,,,,
task,730,striatum,54,Intermediate,10,bipolar,same_freq,theta,DLS,DMS,0.11094556077512252,0.09250997371631031,,,,,,
task,730,striatum,54,Intermediate,10,bipolar,same_freq,low_gamma,DLS,DMS,0.004750997661120693,0.0061050264695054176,,,,,,
task,730,striatum,54,Intermediate,10,bipolar,same_freq,high_gamma,DLS,DMS,0.004050138943823408,-0.0024163470825464208,,,,,,
task,730,striatum,54,Intermediate,10,bipolar,pac_within,low_gamma,ACC,ACC,,,7.300466524167386e-05,5.681274179604862e-05,0.5869881760271088,0.21782178217821782,100,1.619192344562524e-05
task,730,striatum,54,Intermediate,10,bipolar,pac_within,high_gamma,ACC,ACC,,,4.292903360115245e-05,5.0827595568628126e-05,-0.419312380231233,0.6138613861386139,100,-7.898561967475678e-06
task,730,striatum,54,Intermediate,10,bipolar,pac_within,low_gamma,DLS,DLS,,,4.445738455823702e-05,5.41318755341463e-05,-0.4881739767436937,0.7029702970297029,100,-9.674490975909284e-06
task,730,striatum,54,Intermediate,10,bipolar,pac_within,high_gamma,DLS,DLS,,,6.232329952211241e-05,5.274966854535731e-05,0.48074929057212085,0.27722772277227725,100,9.573630976755103e-06
task,730,striatum,54,Intermediate,10,bipolar,pac_within,low_gamma,DMS,DMS,,,3.0694118781815074e-05,6.216963528051372e-05,-1.241843466676649,0.8712871287128713,100,-3.147551649869865e-05
task,730,striatum,54,Intermediate,10,bipolar,pac_within,high_gamma,DMS,DMS,,,6.589907352357208e-05,5.3452279630254094e-05,0.6280820549726659,0.22772277227722773,100,1.2446793893317984e-05
task,730,striatum,54,Intermediate,10,bipolar,pac_between,low_gamma,ACC,DLS,,,7.058366625349734e-05,5.661186366585976e-05,0.6655457315773848,0.25742574257425743,100,1.3971802587637584e-05
task,730,striatum,54,Intermediate,10,bipolar,pac_between,high_gamma,ACC,DLS,,,6.45001086716606e-05,4.939149869573532e-05,0.7506112158194842,0.18811881188118812,100,1.5108609975925284e-05
task,730,striatum,54,Intermediate,10,bipolar,pac_between,low_gamma,ACC,DMS,,,2.1888100999564856e-05,5.6308948999074565e-05,-1.1401023915623836,0.9405940594059405,100,-3.442084799950971e-05
task,730,striatum,54,Intermediate,10,bipolar,pac_between,high_gamma,ACC,DMS,,,3.9757180499645747e-05,5.3022454736558984e-05,-0.6493364673046076,0.7326732673267327,100,-1.3265274236913237e-05
task,730,striatum,54,Intermediate,10,bipolar,pac_between,low_gamma,DLS,ACC,,,3.213197252232403e-05,5.904853142953385e-05,-1.1323686109121285,0.9108910891089109,100,-2.6916558907209818e-05
task,730,striatum,54,Intermediate,10,bipolar,pac_between,high_gamma,DLS,ACC,,,6.409506592708714e-05,5.188787799152988e-05,0.544299722284946,0.22772277227722773,100,1.220718793555726e-05
task,730,striatum,54,Intermediate,10,bipolar,pac_between,low_gamma,DLS,DMS,,,8.930135894932014e-05,6.035378117533527e-05,1.213521037138946,0.10891089108910891,100,2.894757777398487e-05
task,730,striatum,54,Intermediate,10,bipolar,pac_between,high_gamma,DLS,DMS,,,3.1262646106521976e-05,5.509747739883121e-05,-1.0969192065698876,0.8811881188118812,100,-2.3834831292309236e-05
task,730,striatum,54,Intermediate,10,bipolar,pac_between,low_gamma,DMS,ACC,,,4.097198429171584e-05,5.968080167561914e-05,-0.765722080614975,0.7524752475247525,100,-1.8708817383903303e-05
task,730,striatum,54,Intermediate,10,bipolar,pac_between,high_gamma,DMS,ACC,,,6.986140808602248e-05,5.2704325600415914e-05,0.86875622265208,0.18811881188118812,100,1.7157082485606567e-05
task,730,striatum,54,Intermediate,10,bipolar,pac_between,low_gamma,DMS,DLS,,,3.088876337849031e-05,6.06974221387032e-05,-1.0797017663449986,0.9603960396039604,100,-2.9808658760212893e-05
task,730,striatum,54,Intermediate,10,bipolar,pac_between,high_gamma,DMS,DLS,,,4.5571273720343674e-05,5.589758716807068e-05,-0.5145526148691602,0.6633663366336634,100,-1.0326313447727005e-05
task,730,striatum,54,Expert,10,monopolar,same_freq,theta,ACC,DLS,0.60970577050013,-0.06263795378826678,,,,,,
task,730,striatum,54,Expert,10,monopolar,same_freq,low_gamma,ACC,DLS,0.34797871033188327,0.0012028513854809224,,,,,,
task,730,striatum,54,Expert,10,monopolar,same_freq,high_gamma,ACC,DLS,0.2253430189779972,0.019746091709119645,,,,,,
task,730,striatum,54,Expert,10,monopolar,same_freq,theta,ACC,DMS,0.1698575381843152,0.12854257194554994,,,,,,
task,730,striatum,54,Expert,10,monopolar,same_freq,low_gamma,ACC,DMS,0.06640302009359061,0.019121441928862348,,,,,,
task,730,striatum,54,Expert,10,monopolar,same_freq,high_gamma,ACC,DMS,0.048609025951878854,0.002662351955508389,,,,,,
task,730,striatum,54,Expert,10,monopolar,same_freq,theta,DLS,DMS,0.2503505313466088,0.17625458446269088,,,,,,
task,730,striatum,54,Expert,10,monopolar,same_freq,low_gamma,DLS,DMS,0.07248472724311324,0.028480009273826094,,,,,,
task,730,striatum,54,Expert,10,monopolar,same_freq,high_gamma,DLS,DMS,0.09518946541040639,0.0010837778513671187,,,,,,
task,730,striatum,54,Expert,10,monopolar,pac_within,low_gamma,ACC,ACC,,,8.77386329184695e-05,5.3847764839440955e-05,1.3048012476989082,0.1188118811881188,100,3.3890868079028543e-05
task,730,striatum,54,Expert,10,monopolar,pac_within,high_gamma,ACC,ACC,,,0.0005521034780470084,5.860012209674487e-05,21.12950642876727,0.009900990099009901,100,0.0004935033559502636
task,730,striatum,54,Expert,10,monopolar,pac_within,low_gamma,DLS,DLS,,,0.00016656652854369513,5.89168192549751e-05,4.0400544047557165,0.009900990099009901,100,0.00010764970928872003
task,730,striatum,54,Expert,10,monopolar,pac_within,high_gamma,DLS,DLS,,,0.00012345114993190924,5.594695166960495e-05,2.766837792496958,0.0297029702970297,100,6.750419826230428e-05
task,730,striatum,54,Expert,10,monopolar,pac_within,low_gamma,DMS,DMS,,,0.00015855568593981794,5.600184714211138e-05,3.29420488654748,0.019801980198019802,100,0.00010255383879770656
task,730,striatum,54,Expert,10,monopolar,pac_within,high_gamma,DMS,DMS,,,0.00014897125488258668,4.855797467484636e-05,4.512699476499508,0.009900990099009901,100,0.00010041328020774033
task,730,striatum,54,Expert,10,monopolar,pac_between,low_gamma,ACC,DLS,,,0.0001035506308465089,5.626011500015383e-05,1.5784052818461132,0.06930693069306931,100,4.729051584635507e-05
task,730,striatum,54,Expert,10,monopolar,pac_between,high_gamma,ACC,DLS,,,0.0001299059245161664,5.1167652535149124e-05,3.3559319626173982,0.0297029702970297,100,7.873827198101729e-05
task,730,striatum,54,Expert,10,monopolar,pac_between,low_gamma,ACC,DMS,,,0.00016432947743586022,5.0235354606343044e-05,5.032096273316022,0.009900990099009901,100,0.00011409412282951717
task,730,striatum,54,Expert,10,monopolar,pac_between,high_gamma,ACC,DMS,,,7.914848206970282e-05,4.8570206578603125e-05,1.5243886281597157,0.09900990099009901,100,3.05782754910997e-05
task,730,striatum,54,Expert,10,monopolar,pac_between,low_gamma,DLS,ACC,,,4.2562837862963373e-05,5.39984857690984e-05,-0.3999738839959186,0.594059405940594,100,-1.1435647906135028e-05
task,730,striatum,54,Expert,10,monopolar,pac_between,high_gamma,DLS,ACC,,,0.00057003852323698,5.842814587396378e-05,20.192289155479134,0.009900990099009901,100,0.0005116103773630163
task,730,striatum,54,Expert,10,monopolar,pac_between,low_gamma,DLS,DMS,,,0.00017792075384428133,5.3336948992927195e-05,4.741876584830741,0.009900990099009901,100,0.00012458380485135413
task,730,striatum,54,Expert,10,monopolar,pac_between,high_gamma,DLS,DMS,,,0.00012145658309257296,4.78874550825839e-05,4.184368635071298,0.009900990099009901,100,7.356912800998906e-05
task,730,striatum,54,Expert,10,monopolar,pac_between,low_gamma,DMS,ACC,,,4.4268088223009495e-05,5.35314635884833e-05,-0.3055753091251684,0.5247524752475248,100,-9.263375365473807e-06
task,730,striatum,54,Expert,10,monopolar,pac_between,high_gamma,DMS,ACC,,,0.0005285354638940258,5.626076840322947e-05,19.921091129246122,0.009900990099009901,100,0.00047227469549079637
task,730,striatum,54,Expert,10,monopolar,pac_between,low_gamma,DMS,DLS,,,0.00014728753127038886,5.183783378235441e-05,3.9513757455883396,0.019801980198019802,100,9.544969748803445e-05
task,730,striatum,54,Expert,10,monopolar,pac_between,high_gamma,DMS,DLS,,,9.36746979711726e-05,5.2290989768986215e-05,1.972962522919549,0.04950495049504951,100,4.138370820218638e-05
task,730,striatum,54,Expert,10,bipolar,same_freq,theta,ACC,DLS,0.04379185646772351,0.012731230393151261,,,,,,
task,730,striatum,54,Expert,10,bipolar,same_freq,low_gamma,ACC,DLS,0.015810878170837886,0.00210756701887698,,,,,,
task,730,striatum,54,Expert,10,bipolar,same_freq,high_gamma,ACC,DLS,-0.0037302904887879093,-0.0008512990229346405,,,,,,
task,730,striatum,54,Expert,10,bipolar,same_freq,theta,ACC,DMS,-0.007311683438441361,-0.03552677442830813,,,,,,
task,730,striatum,54,Expert,10,bipolar,same_freq,low_gamma,ACC,DMS,0.02071644369559862,0.01223035809162373,,,,,,
task,730,striatum,54,Expert,10,bipolar,same_freq,high_gamma,ACC,DMS,0.007463451647845286,0.004355086233483673,,,,,,
task,730,striatum,54,Expert,10,bipolar,same_freq,theta,DLS,DMS,0.17048672338493318,0.12397674643670875,,,,,,
task,730,striatum,54,Expert,10,bipolar,same_freq,low_gamma,DLS,DMS,0.017357635520459005,0.013652074712778356,,,,,,
task,730,striatum,54,Expert,10,bipolar,same_freq,high_gamma,DLS,DMS,0.023278992411288692,0.021534595581168853,,,,,,
task,730,striatum,54,Expert,10,bipolar,pac_within,low_gamma,ACC,ACC,,,3.975487818802814e-05,5.4509502517759815e-05,-0.6212528148222694,0.6831683168316832,100,-1.4754624329731673e-05
task,730,striatum,54,Expert,10,bipolar,pac_within,high_gamma,ACC,ACC,,,7.033010254357754e-05,5.006523692926009e-05,1.0987838352376302,0.12871287128712872,100,2.026486561431745e-05
task,730,striatum,54,Expert,10,bipolar,pac_within,low_gamma,DLS,DLS,,,4.258665180014053e-05,5.736863331578418e-05,-0.5762855090697503,0.7326732673267327,100,-1.478198151564365e-05
task,730,striatum,54,Expert,10,bipolar,pac_within,high_gamma,DLS,DLS,,,5.799464750367261e-05,5.017135875722853e-05,0.4349417018623292,0.3069306930693069,100,7.823288746444075e-06
task,730,striatum,54,Expert,10,bipolar,pac_within,low_gamma,DMS,DMS,,,6.0951906246620336e-05,6.098709207559056e-05,-0.0012359319614577231,0.45544554455445546,100,-3.518582897022197e-08
task,730,striatum,54,Expert,10,bipolar,pac_within,high_gamma,DMS,DMS,,,4.934559671954565e-05,5.454926401806041e-05,-0.25492728587254637,0.5841584158415841,100,-5.203667298514755e-06
task,730,striatum,54,Expert,10,bipolar,pac_between,low_gamma,ACC,DLS,,,6.847865586934504e-05,5.358957598410137e-05,0.659841984173066,0.24752475247524752,100,1.4889079885243676e-05
task,730,striatum,54,Expert,10,bipolar,pac_between,high_gamma,ACC,DLS,,,7.889396519788374e-05,5.1845535760738395e-05,1.341649100713835,0.10891089108910891,100,2.7048429437145345e-05
task,730,striatum,54,Expert,10,bipolar,pac_between,low_gamma,ACC,DMS,,,5.766336210472495e-05,5.850537087029061e-05,-0.03298265430638425,0.40594059405940597,100,-8.420087655656622e-07
task,730,striatum,54,Expert,10,bipolar,pac_between,high_gamma,ACC,DMS,,,8.714278002233786e-05,5.2353726497678875e-05,1.6699515205874051,0.06930693069306931,100,3.4789053524658984e-05
task,730,striatum,54,Expert,10,bipolar,pac_between,low_gamma,DLS,ACC,,,8.057234148494232e-05,5.728254342834572e-05,0.8886552313198396,0.16831683168316833,100,2.3289798056596603e-05
task,730,striatum,54,Expert,10,bipolar,pac_between,high_gamma,DLS,ACC,,,4.411902955581499e-05,5.236373979992787e-05,-0.39443534796952906,0.6336633663366337,100,-8.244710244112876e-06
task,730,striatum,54,Expert,10,bipolar,pac_between,low_gamma,DLS,DMS,,,3.6642047697039805e-05,6.284115736630124e-05,-0.8202743649072245,0.8118811881188119,100,-2.6199109669261436e-05
task,730,striatum,54,Expert,10,bipolar,pac_between,high_gamma,DLS,DMS,,,3.245046722780017e-05,5.5942240036786726e-05,-1.0192031124042629,0.8613861386138614,100,-2.349177280898656e-05
task,730,striatum,54,Expert,10,bipolar,pac_between,low_gamma,DMS,ACC,,,6.441692940524713e-05,5.999628923359179e-05,0.17588528248506283,0.43564356435643564,100,4.420640171655339e-06
task,730,striatum,54,Expert,10,bipolar,pac_between,high_gamma,DMS,ACC,,,5.890440569529138e-05,5.071797564748878e-05,0.37508702040766534,0.297029702970297,100,8.186430047802598e-06
task,730,striatum,54,Expert,10,bipolar,pac_between,low_gamma,DMS,DLS,,,7.62750078602263e-05,5.363281026509481e-05,1.0865737446936008,0.12871287128712872,100,2.264219759513149e-05
task,730,striatum,54,Expert,10,bipolar,pac_between,high_gamma,DMS,DLS,,,3.168304263607819e-05,5.340269249241972e-05,-0.9588365868557432,0.8613861386138614,100,-2.171964985634153e-05
task,731,striatum,36,All,76,monopolar,same_freq,theta,ACC,DMS,0.7181874964730096,0.22063772743416388,,,,,,
task,731,striatum,36,All,76,monopolar,same_freq,low_gamma,ACC,DMS,0.43477339772892487,0.12252275888966344,,,,,,
task,731,striatum,36,All,76,monopolar,same_freq,high_gamma,ACC,DMS,0.23313372176827185,0.14897847031868416,,,,,,
task,731,striatum,36,All,76,monopolar,pac_within,low_gamma,ACC,ACC,,,0.0006544366580317906,1.3920847089087137e-06,1030.2855796408971,0.009900990099009901,100,0.0006530445733228819
task,731,striatum,36,All,76,monopolar,pac_within,high_gamma,ACC,ACC,,,0.000683292097333253,1.2856055908252604e-06,1281.7373408248707,0.009900990099009901,100,0.0006820064917424277
task,731,striatum,36,All,76,monopolar,pac_within,low_gamma,DMS,DMS,,,9.105203856312225e-05,1.1836782686832392e-06,171.7728486215,0.009900990099009901,100,8.986836029443902e-05
task,731,striatum,36,All,76,monopolar,pac_within,high_gamma,DMS,DMS,,,0.00013158722520195887,1.019045405494965e-06,312.84191356545506,0.009900990099009901,100,0.00013056817979646392
task,731,striatum,36,All,76,monopolar,pac_between,low_gamma,ACC,DMS,,,8.650394536289525e-05,1.207447826077409e-06,172.92219930027733,0.009900990099009901,100,8.529649753681783e-05
task,731,striatum,36,All,76,monopolar,pac_between,high_gamma,ACC,DMS,,,0.000131850639485422,1.0481228502503288e-06,314.9422323704412,0.009900990099009901,100,0.00013080251663517167
task,731,striatum,36,All,76,monopolar,pac_between,low_gamma,DMS,ACC,,,0.000620611974201609,1.3493028652206814e-06,993.849236654078,0.009900990099009901,100,0.0006192626713363884
task,731,striatum,36,All,76,monopolar,pac_between,high_gamma,DMS,ACC,,,0.0005263313376658964,1.1959038453406836e-06,1079.0677181421522,0.009900990099009901,100,0.0005251354338205558
task,731,striatum,36,All,76,bipolar,same_freq,theta,ACC,DMS,0.12157585222061361,0.05111754667775198,,,,,,
task,731,striatum,36,All,76,bipolar,same_freq,low_gamma,ACC,DMS,0.11390050679957442,0.08059645891250279,,,,,,
task,731,striatum,36,All,76,bipolar,same_freq,high_gamma,ACC,DMS,0.11281047284310954,0.08212739503422326,,,,,,
task,731,striatum,36,All,76,bipolar,pac_within,low_gamma,ACC,ACC,,,0.0001563234097734833,1.1699714929574091e-06,338.4165733104669,0.009900990099009901,100,0.0001551534382805259
task,731,striatum,36,All,76,bipolar,pac_within,high_gamma,ACC,ACC,,,9.112755514176925e-05,9.45513674799546e-07,246.67128698126197,0.009900990099009901,100,9.018204146696971e-05
task,731,striatum,36,All,76,bipolar,pac_within,low_gamma,DMS,DMS,,,2.6313705871040813e-06,1.0293629955274431e-06,3.5136521156181337,0.009900990099009901,100,1.6020075915766382e-06
task,731,striatum,36,All,76,bipolar,pac_within,high_gamma,DMS,DMS,,,1.4603538366621846e-06,9.25497517271957e-07,1.4643253822323117,0.0891089108910891,100,5.348563193902276e-07
task,731,striatum,36,All,76,bipolar,pac_between,low_gamma,ACC,DMS,,,1.4084611193429571e-06,1.0049436997635633e-06,0.9359368918991924,0.21782178217821782,100,4.0351741957939384e-07
task,731,striatum,36,All,76,bipolar,pac_between,high_gamma,ACC,DMS,,,1.2113880223536533e-06,9.39696991058599e-07,0.737636035677961,0.2079207920792079,100,2.7169103129505435e-07
task,731,striatum,36,All,76,bipolar,pac_between,low_gamma,DMS,ACC,,,5.357579047849429e-07,1.192835580453505e-06,-1.29331146318217,0.9108910891089109,100,-6.570776756685621e-07
task,731,striatum,36,All,76,bipolar,pac_between,high_gamma,DMS,ACC,,,1.852633572166336e-06,9.931453834447173e-07,2.321801612969591,0.04950495049504951,100,8.594881887216186e-07
task,731,striatum,36,Naive,10,monopolar,same_freq,theta,ACC,DMS,0.7094746005885961,0.20009679784685003,,,,,,
task,731,striatum,36,Naive,10,monopolar,same_freq,low_gamma,ACC,DMS,0.5207357454983018,0.1360183235187465,,,,,,
task,731,striatum,36,Naive,10,monopolar,same_freq,high_gamma,ACC,DMS,0.26057742780538723,0.169096942060307,,,,,,
task,731,striatum,36,Naive,10,monopolar,pac_within,low_gamma,ACC,ACC,,,0.002815637004871505,4.185261028618663e-05,132.7602210265827,0.009900990099009901,100,0.002773784394585318
task,731,striatum,36,Naive,10,monopolar,pac_within,high_gamma,ACC,ACC,,,0.00045604882243073107,3.173459218454308e-05,32.274480590342336,0.009900990099009901,100,0.00042431423024618796
task,731,striatum,36,Naive,10,monopolar,pac_within,low_gamma,DMS,DMS,,,0.0017261890950123725,3.951177512595289e-05,71.44206091591523,0.009900990099009901,100,0.0016866773198864196
task,731,striatum,36,Naive,10,monopolar,pac_within,high_gamma,DMS,DMS,,,0.00021557914039261388,3.2859926852054157e-05,12.649969396210727,0.009900990099009901,100,0.00018271921354055972
task,731,striatum,36,Naive,10,monopolar,pac_between,low_gamma,ACC,DMS,,,0.001686891769333205,4.0970115623582515e-05,66.08841086647743,0.009900990099009901,100,0.0016459216537096225
task,731,striatum,36,Naive,10,monopolar,pac_between,high_gamma,ACC,DMS,,,0.0002255987251550303,3.22774985394779e-05,16.028372655927125,0.009900990099009901,100,0.0001933212266155524
task,731,striatum,36,Naive,10,monopolar,pac_between,low_gamma,DMS,ACC,,,0.002914186772178777,4.272602701940612e-05,141.3102022799996,0.009900990099009901,100,0.002871460745159371
task,731,striatum,36,Naive,10,monopolar,pac_between,high_gamma,DMS,ACC,,,0.0003941430345873359,3.1128340452089484e-05,26.110415722877583,0.009900990099009901,100,0.0003630146941352464
task,731,striatum,36,Naive,10,bipolar,same_freq,theta,ACC,DMS,0.15924810414630294,-0.026274714076153262,,,,,,
task,731,striatum,36,Naive,10,bipolar,same_freq,low_gamma,ACC,DMS,0.08468554951841369,0.06071324261110565,,,,,,
task,731,striatum,36,Naive,10,bipolar,same_freq,high_gamma,ACC,DMS,0.14423845036167515,0.10633969490446651,,,,,,
task,731,striatum,36,Naive,10,bipolar,pac_within,low_gamma,ACC,ACC,,,5.768682385485278e-05,3.939669100943074e-05,1.043138493023521,0.13861386138613863,100,1.8290132845422037e-05
task,731,striatum,36,Naive,10,bipolar,pac_within,high_gamma,ACC,ACC,,,3.63840827000074e-05,3.28224850644342e-05,0.28136210733465833,0.36633663366336633,100,3.5615976355732e-06
task,731,striatum,36,Naive,10,bipolar,pac_within,low_gamma,DMS,DMS,,,5.073585866061895e-05,3.527923012904693e-05,1.0837335084938473,0.15841584158415842,100,1.545662853157202e-05
task,731,striatum,36,Naive,10,bipolar,pac_within,high_gamma,DMS,DMS,,,5.6539907498213493e-05,3.223593497482522e-05,1.8799835551847277,0.04950495049504951,100,2.430397252338827e-05
task,731,striatum,36,Naive,10,bipolar,pac_between,low_gamma,ACC,DMS,,,5.125583117984554e-05,3.810022413026604e-05,0.7091685792444276,0.1782178217821782,100,1.31556070495795e-05
task,731,striatum,36,Naive,10,bipolar,pac_between,high_gamma,ACC,DMS,,,2.3349781843493877e-05,3.276649586372349e-05,-0.6948511863804944,0.7425742574257426,100,-9.416714020229616e-06
task,731,striatum,36,Naive,10,bipolar,pac_between,low_gamma,DMS,ACC,,,2.6461286215433203e-05,3.629884602262627e-05,-0.6649192612033739,0.7425742574257426,100,-9.837559807193064e-06
task,731,striatum,36,Naive,10,bipolar,pac_between,high_gamma,DMS,ACC,,,3.0454859291770602e-05,3.157562038964589e-05,-0.07826277583933225,0.4158415841584158,100,-1.120761097875285e-06
task,731,striatum,36,Intermediate,10,monopolar,same_freq,theta,ACC,DMS,0.5805295021958341,-0.0040528973338991095,,,,,,
task,731,striatum,36,Intermediate,10,monopolar,same_freq,low_gamma,ACC,DMS,0.4290919293046078,0.004990757801860126,,,,,,
task,731,striatum,36,Intermediate,10,monopolar,same_freq,high_gamma,ACC,DMS,0.08739838635623928,0.01952936819927464,,,,,,
task,731,striatum,36,Intermediate,10,monopolar,pac_within,low_gamma,ACC,ACC,,,0.0032953500712540793,4.560475391607174e-05,117.21665590964734,0.009900990099009901,100,0.0032497453173380075
task,731,striatum,36,Intermediate,10,monopolar,pac_within,high_gamma,ACC,ACC,,,0.0003707312132874157,3.120989075640647e-05,31.676895883072316,0.009900990099009901,100,0.0003395213225310092
task,731,striatum,36,Intermediate,10,monopolar,pac_within,low_gamma,DMS,DMS,,,0.002542265731127605,4.106514887032685e-05,115.17673435519508,0.009900990099009901,100,0.002501200582257278
task,731,striatum,36,Intermediate,10,monopolar,pac_within,high_gamma,DMS,DMS,,,9.562600478887982e-05,3.070566286838354e-05,5.0862200365511745,0.009900990099009901,100,6.492034192049628e-05
task,731,striatum,36,Intermediate,10,monopolar,pac_between,low_gamma,ACC,DMS,,,0.002351846713830591,4.080306242642647e-05,103.0167360358606,0.009900990099009901,100,0.0023110436514041646
task,731,striatum,36,Intermediate,10,monopolar,pac_between,high_gamma,ACC,DMS,,,9.883100424054675e-05,3.262646947331494e-05,4.38501340747,0.009900990099009901,100,6.62045347672318e-05
task,731,striatum,36,Intermediate,10,monopolar,pac_between,low_gamma,DMS,ACC,,,0.0035047326206870425,4.486011571138003e-05,128.01005492990222,0.009900990099009901,100,0.0034598725049756625
task,731,striatum,36,Intermediate,10,monopolar,pac_between,high_gamma,DMS,ACC,,,0.0003202230028501947,3.095976498166285e-05,24.121541007663243,0.009900990099009901,100,0.00028926323786853184
task,731,striatum,36,Intermediate,10,bipolar,same_freq,theta,ACC,DMS,0.00015815154041651385,-0.009930271234908935,,,,,,
task,731,striatum,36,Intermediate,10,bipolar,same_freq,low_gamma,ACC,DMS,0.015935799263634462,0.007225427285294633,,,,,,
task,731,striatum,36,Intermediate,10,bipolar,same_freq,high_gamma,ACC,DMS,0.005912484686937579,0.00575339568671677,,,,,,
task,731,striatum,36,Intermediate,10,bipolar,pac_within,low_gamma,ACC,ACC,,,5.305650518343345e-05,3.37731387124026e-05,1.40769955018627,0.09900990099009901,100,1.9283366471030854e-05
task,731,striatum,36,Intermediate,10,bipolar,pac_within,high_gamma,ACC,ACC,,,4.560472608820261e-05,3.228474865080122e-05,1.01727556844201,0.1188118811881188,100,1.3319977437401388e-05
task,731,striatum,36,Intermediate,10,bipolar,pac_within,low_gamma,DMS,DMS,,,4.4242527463124e-05,3.4311891324021146e-05,0.6889494965871575,0.2376237623762376,100,9.930636139102855e-06
task,731,striatum,36,Intermediate,10,bipolar,pac_within,high_gamma,DMS,DMS,,,7.04718442242671e-05,3.111114423714927e-05,3.1525682652886373,0.019801980198019802,100,3.9360699987117826e-05
task,731,striatum,36,Intermediate,10,bipolar,pac_between,low_gamma,ACC,DMS,,,4.213410965014459e-05,3.686502157976232e-05,0.3246250783220608,0.3465346534653465,100,5.269088070382272e-06
task,731,striatum,36,Intermediate,10,bipolar,pac_between,high_gamma,ACC,DMS,,,3.0930836708376185e-05,3.276865696595471e-05,-0.14334462844116763,0.5346534653465347,100,-1.837820257578524e-06
task,731,striatum,36,Intermediate,10,bipolar,pac_between,low_gamma,DMS,ACC,,,7.778484672793634e-05,3.1994715286311984e-05,3.0673357070406766,0.0297029702970297,100,4.5790131441624356e-05
task,731,striatum,36,Intermediate,10,bipolar,pac_between,high_gamma,DMS,ACC,,,8.578969727038758e-05,3.166893276680143e-05,4.2601241631477045,0.009900990099009901,100,5.4120764503586146e-05
task,731,striatum,36,Expert,10,monopolar,same_freq,theta,ACC,DMS,0.6978579340057005,0.1468290517568267,,,,,,
task,731,striatum,36,Expert,10,monopolar,same_freq,low_gamma,ACC,DMS,0.470621742372774,0.05472118273311704,,,,,,
task,731,striatum,36,Expert,10,monopolar,same_freq,high_gamma,ACC,DMS,0.17105896974165477,0.09118666290296533,,,,,,
task,731,striatum,36,Expert,10,monopolar,pac_within,low_gamma,ACC,ACC,,,0.002625258951712981,3.5376530639138513e-05,140.34842387217122,0.009900990099009901,100,0.0025898824210738424
task,731,striatum,36,Expert,10,monopolar,pac_within,high_gamma,ACC,ACC,,,0.0003893729871648313,2.8422721507531387e-05,30.14764094853571,0.009900990099009901,100,0.0003609502656572999
task,731,striatum,36,Expert,10,monopolar,pac_within,low_gamma,DMS,DMS,,,0.0026186569969714035,3.59198154228723e-05,125.14568563683663,0.009900990099009901,100,0.0025827371815485313
task,731,striatum,36,Expert,10,monopolar,pac_within,high_gamma,DMS,DMS,,,0.00010313827342946763,2.901008775306383e-05,5.559646696375941,0.009900990099009901,100,7.41281856764038e-05
task,731,striatum,36,Expert,10,monopolar,pac_between,low_gamma,ACC,DMS,,,0.0025641051635517565,3.559251866813828e-05,127.38789691620656,0.009900990099009901,100,0.002528512644883618
task,731,striatum,36,Expert,10,monopolar,pac_between,high_gamma,ACC,DMS,,,0.00010381550850133783,2.8361484751355015e-05,5.439865198731884,0.009900990099009901,100,7.545402374998281e-05
task,731,striatum,36,Expert,10,monopolar,pac_between,low_gamma,DMS,ACC,,,0.00283388517061951,3.431537255520398e-05,154.01954088041626,0.009900990099009901,100,0.0027995697980643056
task,731,striatum,36,Expert,10,monopolar,pac_between,high_gamma,DMS,ACC,,,0.0003653036594306305,2.7268142753012502e-05,27.307116469679865,0.009900990099009901,100,0.00033803551667761805
task,731,striatum,36,Expert,10,bipolar,same_freq,theta,ACC,DMS,0.2776515758914028,0.012970552459500405,,,,,,
task,731,striatum,36,Expert,10,bipolar,same_freq,low_gamma,ACC,DMS,0.05359812483518297,0.03417128771660557,,,,,,
task,731,striatum,36,Expert,10,bipolar,same_freq,high_gamma,ACC,DMS,0.08112388093069678,0.05865885274911159,,,,,,
task,731,striatum,36,Expert,10,bipolar,pac_within,low_gamma,ACC,ACC,,,5.00415478158186e-05,3.073289227193869e-05,1.4442675703047256,0.1188118811881188,100,1.9308655543879907e-05
task,731,striatum,36,Expert,10,bipolar,pac_within,high_gamma,ACC,ACC,,,4.520130078260735e-05,2.8335062189117732e-05,1.601600626734367,0.0891089108910891,100,1.6866238593489615e-05
task,731,striatum,36,Expert,10,bipolar,pac_within,low_gamma,DMS,DMS,,,3.2504534377492064e-05,3.035773635369226e-05,0.1261064769528173,0.33663366336633666,100,2.1467980237998054e-06
task,731,striatum,36,Expert,10,bipolar,pac_within,high_gamma,DMS,DMS,,,3.998581811150859e-05,3.047513617104203e-05,0.7936111118378647,0.19801980198019803,100,9.510681940466558e-06
task,731,striatum,36,Expert,10,bipolar,pac_between,low_gamma,ACC,DMS,,,2.5830829384327972e-05,3.2520207337663315e-05,-0.48851731130019893,0.6831683168316832,100,-6.689377953335343e-06
task,731,striatum,36,Expert,10,bipolar,pac_between,high_gamma,ACC,DMS,,,2.8861868567947814e-05,2.896298723397441e-05,-0.009078512864979849,0.4158415841584158,100,-1.0111866602659803e-07
task,731,striatum,36,Expert,10,bipolar,pac_between,low_gamma,DMS,ACC,,,4.541478185176895e-05,2.6659752199057558e-05,1.4908803499699852,0.09900990099009901,100,1.8755029652711394e-05
task,731,striatum,36,Expert,10,bipolar,pac_between,high_gamma,DMS,ACC,,,4.391814446483157e-05,2.917747390892042e-05,1.502545063171986,0.0891089108910891,100,1.4740670555911153e-05
task,822,striatum,33,All,90,monopolar,same_freq,theta,ACC,DLS,0.5868011660971655,0.2542884431640617,,,,,,
task,822,striatum,33,All,90,monopolar,same_freq,low_gamma,ACC,DLS,0.38227498840502766,0.05136817098083085,,,,,,
task,822,striatum,33,All,90,monopolar,same_freq,high_gamma,ACC,DLS,0.3728444018534647,0.08723306598349025,,,,,,
task,822,striatum,33,All,90,monopolar,same_freq,theta,ACC,DMS,0.5064676805927326,0.4399380729676662,,,,,,
task,822,striatum,33,All,90,monopolar,same_freq,low_gamma,ACC,DMS,0.37588271279341445,0.12665643542513513,,,,,,
task,822,striatum,33,All,90,monopolar,same_freq,high_gamma,ACC,DMS,0.4861101277444522,0.15298880012500135,,,,,,
task,822,striatum,33,All,90,monopolar,same_freq,theta,DLS,DMS,0.3354116388890339,0.28183072179248686,,,,,,
task,822,striatum,33,All,90,monopolar,same_freq,low_gamma,DLS,DMS,0.18999144320289887,0.09035152942766207,,,,,,
task,822,striatum,33,All,90,monopolar,same_freq,high_gamma,DLS,DMS,0.2838425817221512,0.1258135684017923,,,,,,
task,822,striatum,33,All,90,monopolar,pac_within,low_gamma,ACC,ACC,,,4.2387166405706454e-05,1.1837589192752374e-06,77.18642062377977,0.009900990099009901,100,4.120340748643122e-05
task,822,striatum,33,All,90,monopolar,pac_within,high_gamma,ACC,ACC,,,0.00019469660552569313,1.1032846996610607e-06,451.6980191832461,0.009900990099009901,100,0.00019359332082603207
task,822,striatum,33,All,90,monopolar,pac_within,low_gamma,DLS,DLS,,,0.00013556634567057823,1.0349243613981699e-06,311.5933628155126,0.009900990099009901,100,0.00013453142130918005
task,822,striatum,33,All,90,monopolar,pac_within,high_gamma,DLS,DLS,,,0.00031037127414065087,1.051047085346852e-06,638.9016841538432,0.009900990099009901,100,0.000309320227055304
task,822,striatum,33,All,90,monopolar,pac_within,low_gamma,DMS,DMS,,,9.499953459297043e-05,1.0803097524764995e-06,169.7006734090468,0.009900990099009901,100,9.391922484049393e-05
task,822,striatum,33,All,90,monopolar,pac_within,high_gamma,DMS,DMS,,,0.00045077594959146025,1.2111761207183175e-06,803.6646488602727,0.009900990099009901,100,0.00044956477347074194
task,822,striatum,33,All,90,monopolar,pac_between,low_gamma,ACC,DLS,,,8.572361558564026e-05,1.0602421453007938e-06,172.53825004706536,0.009900990099009901,100,8.466337344033947e-05
task,822,striatum,33,All,90,monopolar,pac_between,high_gamma,ACC,DLS,,,0.00022555001383853197,1.0335524304935385e-06,553.1766245695412,0.009900990099009901,100,0.00022451646140803842
task,822,striatum,33,All,90,monopolar,pac_between,low_gamma,ACC,DMS,,,0.00011447981272198762,1.2253874444754224e-06,207.89663255001244,0.009900990099009901,100,0.0001132544252775122
task,822,striatum,33,All,90,monopolar,pac_between,high_gamma,ACC,DMS,,,0.00035123641989375756,1.144018710752871e-06,906.9405847836683,0.009900990099009901,100,0.0003500924011830047
task,822,striatum,33,All,90,monopolar,pac_between,low_gamma,DLS,ACC,,,2.8833066528668862e-05,1.012307106889049e-06,64.7873101141828,0.009900990099009901,100,2.7820759421779813e-05
task,822,striatum,33,All,90,monopolar,pac_between,high_gamma,DLS,ACC,,,0.00012869394668306656,1.098223007518479e-06,267.9469769674664,0.009900990099009901,100,0.00012759572367554808
task,822,striatum,33,All,90,monopolar,pac_between,low_gamma,DLS,DMS,,,0.00010278477509499048,1.1049414081905825e-06,218.387288627913,0.009900990099009901,100,0.00010167983368679989
task,822,striatum,33,All,90,monopolar,pac_between,high_gamma,DLS,DMS,,,0.0004423069729563192,1.0753029705853178e-06,1002.0486949014897,0.009900990099009901,100,0.0004412316699857339
task,822,striatum,33,All,90,monopolar,pac_between,low_gamma,DMS,ACC,,,2.963933926374322e-05,1.2102398458403917e-06,59.04412725772422,0.009900990099009901,100,2.8429099417902826e-05
task,822,striatum,33,All,90,monopolar,pac_between,high_gamma,DMS,ACC,,,0.000116362926499254,1.1174159503475185e-06,257.35931915816445,0.009900990099009901,100,0.00011524551054890648
task,822,striatum,33,All,90,monopolar,pac_between,low_gamma,DMS,DLS,,,7.11229256343355e-05,1.1138593776016636e-06,126.47910509367118,0.009900990099009901,100,7.000906625673384e-05
task,822,striatum,33,All,90,monopolar,pac_between,high_gamma,DMS,DLS,,,4.333570867422175e-05,1.1065273269838338e-06,93.45458211784045,0.009900990099009901,100,4.222918134723791e-05
task,822,striatum,33,All,90,bipolar,same_freq,theta,ACC,DLS,0.10331559099801252,0.03620012856360198,,,,,,
task,822,striatum,33,All,90,bipolar,same_freq,low_gamma,ACC,DLS,0.06451903088125176,0.03545938867904957,,,,,,
task,822,striatum,33,All,90,bipolar,same_freq,high_gamma,ACC,DLS,0.05965401921023948,0.04043739654041327,,,,,,
task,822,striatum,33,All,90,bipolar,same_freq,theta,ACC,DMS,0.2282950347907324,0.15586132467024394,,,,,,
task,822,striatum,33,All,90,bipolar,same_freq,low_gamma,ACC,DMS,0.061258309067565894,0.04240142308697748,,,,,,
task,822,striatum,33,All,90,bipolar,same_freq,high_gamma,ACC,DMS,0.14110240225420898,0.10255161427646475,,,,,,
task,822,striatum,33,All,90,bipolar,same_freq,theta,DLS,DMS,0.22832357233073328,0.07981370615573288,,,,,,
task,822,striatum,33,All,90,bipolar,same_freq,low_gamma,DLS,DMS,0.10700132286553087,0.06315028599795733,,,,,,
task,822,striatum,33,All,90,bipolar,same_freq,high_gamma,DLS,DMS,0.04803265151915339,0.031072294401201697,,,,,,
task,822,striatum,33,All,90,bipolar,pac_within,low_gamma,ACC,ACC,,,1.7893892311262435e-06,1.082724539389497e-06,1.486458256708112,0.09900990099009901,100,7.066646917367464e-07
task,822,striatum,33,All,90,bipolar,pac_within,high_gamma,ACC,ACC,,,6.541148272233301e-06,9.80038755885552e-07,15.643413286670093,0.009900990099009901,100,5.56110951634775e-06
task,822,striatum,33,All,90,bipolar,pac_within,low_gamma,DLS,DLS,,,2.726755014161763e-05,1.0357815956092534e-06,58.95957099538509,0.009900990099009901,100,2.6231768546008376e-05
task,822,striatum,33,All,90,bipolar,pac_within,high_gamma,DLS,DLS,,,3.3527999728288156e-06,8.868285428243322e-07,7.013557790988638,0.009900990099009901,100,2.4659714300044834e-06
task,822,striatum,33,All,90,bipolar,pac_within,low_gamma,DMS,DMS,,,0.00010193021232431883,1.1051769934605722e-06,209.14659726113265,0.009900990099009901,100,0.00010082503533085826
task,822,striatum,33,All,90,bipolar,pac_within,high_gamma,DMS,DMS,,,0.00013517001427099435,1.0369171473851923e-06,350.70217431109205,0.009900990099009901,100,0.00013413309712360916
task,822,striatum,33,All,90,bipolar,pac_between,low_gamma,ACC,DLS,,,1.052765668629774e-05,9.26756985662871e-07,28.22872275975041,0.009900990099009901,100,9.600899700634868e-06
task,822,striatum,33,All,90,bipolar,pac_between,high_gamma,ACC,DLS,,,2.9160606345766126e-06,8.893046913432769e-07,5.902768116693942,0.009900990099009901,100,2.0267559432333357e-06
task,822,striatum,33,All,90,bipolar,pac_between,low_gamma,ACC,DMS,,,2.1151049204499244e-05,1.1469349870827193e-06,42.20387754683753,0.009900990099009901,100,2.0004114217416524e-05
task,822,striatum,33,All,90,bipolar,pac_between,high_gamma,ACC,DMS,,,2.767991749114976e-05,1.0532511721384787e-06,56.72776109762185,0.009900990099009901,100,2.662666631901128e-05
task,822,striatum,33,All,90,bipolar,pac_between,low_gamma,DLS,ACC,,,1.1751550792455858e-05,1.0147246844515543e-06,23.87354856343569,0.009900990099009901,100,1.0736826108004303e-05
task,822,striatum,33,All,90,bipolar,pac_between,high_gamma,DLS,ACC,,,7.821234804413392e-06,9.752178973939214e-07,18.05323352141376,0.009900990099009901,100,6.8460169070194705e-06
task,822,striatum,33,All,90,bipolar,pac_between,low_gamma,DLS,DMS,,,2.8736780980887596e-05,1.0428247767650396e-06,57.29546399563435,0.009900990099009901,100,2.7693956204122556e-05
task,822,striatum,33,All,90,bipolar,pac_between,high_gamma,DLS,DMS,,,3.099564286515507e-05,1.015775875552243e-06,72.75079663816742,0.009900990099009901,100,2.9979866989602823e-05
task,822,striatum,33,All,90,bipolar,pac_between,low_gamma,DMS,ACC,,,8.205875125424768e-06,9.480608670580182e-07,14.669418060598973,0.009900990099009901,100,7.25781425836675e-06
task,822,striatum,33,All,90,bipolar,pac_between,high_gamma,DMS,ACC,,,3.3282229375407026e-05,1.0107457954170702e-06,71.10017581492212,0.009900990099009901,100,3.227148357998995e-05
task,822,striatum,33,All,90,bipolar,pac_between,low_gamma,DMS,DLS,,,1.3463953573338938e-05,1.0590746925754696e-06,27.59740085650723,0.009900990099009901,100,1.2404878880763468e-05
task,822,striatum,33,All,90,bipolar,pac_between,high_gamma,DMS,DLS,,,6.043386050616819e-07,8.864604574041757e-07,-0.9181145207459188,0.801980198019802,100,-2.8212185234249373e-07
task,822,striatum,33,Naive,10,monopolar,same_freq,theta,ACC,DLS,0.26446054117437695,-0.026089668357880198,,,,,,
task,822,striatum,33,Naive,10,monopolar,same_freq,low_gamma,ACC,DLS,0.3584904470455464,-0.009715866668519195,,,,,,
task,822,striatum,33,Naive,10,monopolar,same_freq,high_gamma,ACC,DLS,0.30798844476479004,-0.0044933996672803355,,,,,,
task,822,striatum,33,Naive,10,monopolar,same_freq,theta,ACC,DMS,0.11993288865088815,0.08675880304343891,,,,,,
task,822,striatum,33,Naive,10,monopolar,same_freq,low_gamma,ACC,DMS,0.2684897919701461,0.0018643591853825946,,,,,,
task,822,striatum,33,Naive,10,monopolar,same_freq,high_gamma,ACC,DMS,0.3702956858516587,0.003926524466850839,,,,,,
task,822,striatum,33,Naive,10,monopolar,same_freq,theta,DLS,DMS,-0.08985290667033374,-0.05430247592884674,,,,,,
task,822,striatum,33,Naive,10,monopolar,same_freq,low_gamma,DLS,DMS,0.08817039367344427,0.010654485441305657,,,,,,
task,822,striatum,33,Naive,10,monopolar,same_freq,high_gamma,DLS,DMS,0.18388529852039426,0.021696590468337544,,,,,,
task,822,striatum,33,Naive,10,monopolar,pac_within,low_gamma,ACC,ACC,,,6.0675731772539344e-05,2.7995029181514388e-05,2.751469710367234,0.019801980198019802,100,3.2680702591024956e-05
task,822,striatum,33,Naive,10,monopolar,pac_within,high_gamma,ACC,ACC,,,8.53351616917857e-05,2.7637781534492206e-05,4.889596053975203,0.009900990099009901,100,5.7697380157293496e-05
task,822,striatum,33,Naive,10,monopolar,pac_within,low_gamma,DLS,DLS,,,0.0003444266710483043,2.8389565315785498e-05,24.727045460076514,0.009900990099009901,100,0.00031603710573251885
task,822,striatum,33,Naive,10,monopolar,pac_within,high_gamma,DLS,DLS,,,0.0002874987282955305,2.7209159052725167e-05,17.87090380755736,0.009900990099009901,100,0.0002602895692428053
task,822,striatum,33,Naive,10,monopolar,pac_within,low_gamma,DMS,DMS,,,2.535233531797317e-05,2.9276041868475682e-05,-0.30761276776763036,0.5544554455445545,100,-3.923706550502512e-06
task,822,striatum,33,Naive,10,monopolar,pac_within,high_gamma,DMS,DMS,,,0.0001278373473023595,2.9349512445496627e-05,6.873660530923373,0.009900990099009901,100,9.848783485686289e-05
task,822,striatum,33,Naive,10,monopolar,pac_between,low_gamma,ACC,DLS,,,0.00018201081738029878,2.9831190489745457e-05,10.402937521259025,0.009900990099009901,100,0.0001521796268905533
task,822,striatum,33,Naive,10,monopolar,pac_between,high_gamma,ACC,DLS,,,0.00018199577527250335,2.7793629255532937e-05,11.987415488881416,0.009900990099009901,100,0.00015420214601697042
task,822,striatum,33,Naive,10,monopolar,pac_between,low_gamma,ACC,DMS,,,3.368378619595922e-05,2.818296818730253e-05,0.4424646079423954,0.25742574257425743,100,5.500818008656693e-06
task,822,striatum,33,Naive,10,monopolar,pac_between,high_gamma,ACC,DMS,,,0.00027167470133302097,2.9169721834448704e-05,19.56108688790264,0.009900990099009901,100,0.00024250497949857225
task,822,striatum,33,Naive,10,monopolar,pac_between,low_gamma,DLS,ACC,,,7.198977360527823e-05,2.5911948595421353e-05,3.87830234621302,0.019801980198019802,100,4.607782500985688e-05
task,822,striatum,33,Naive,10,monopolar,pac_between,high_gamma,DLS,ACC,,,0.00012488155464475092,2.5475135596264532e-05,10.195805976988156,0.009900990099009901,100,9.940641904848638e-05
task,822,striatum,33,Naive,10,monopolar,pac_between,low_gamma,DLS,DMS,,,2.3280081022946853e-05,2.6659521478074627e-05,-0.29458937919745,0.5445544554455446,100,-3.3794404551277733e-06
task,822,striatum,33,Naive,10,monopolar,pac_between,high_gamma,DLS,DMS,,,0.00037431350431131285,2.62873263099652e-05,28.044740232926877,0.009900990099009901,100,0.00034802617800134763
task,822,striatum,33,Naive,10,monopolar,pac_between,low_gamma,DMS,ACC,,,1.6245812811477542e-05,3.024567663596565e-05,-1.1297754667614162,0.8811881188118812,100,-1.3999863824488108e-05
task,822,striatum,33,Naive,10,monopolar,pac_between,high_gamma,DMS,ACC,,,8.362078182298494e-05,3.1835863841255176e-05,4.4376523721690075,0.009900990099009901,100,5.178491798172976e-05
task,822,striatum,33,Naive,10,monopolar,pac_between,low_gamma,DMS,DLS,,,4.696988053043527e-05,3.2072074991157226e-05,1.078385732628458,0.10891089108910891,100,1.4897805539278046e-05
task,822,striatum,33,Naive,10,monopolar,pac_between,high_gamma,DMS,DLS,,,2.8933188558122687e-05,3.086390478746341e-05,-0.18099220402467384,0.5247524752475248,100,-1.930716229340722e-06
task,822,striatum,33,Naive,10,bipolar,same_freq,theta,ACC,DLS,0.10292488941829822,0.02326793903377909,,,,,,
task,822,striatum,33,Naive,10,bipolar,same_freq,low_gamma,ACC,DLS,0.046338781492955214,0.016448358066847864,,,,,,
task,822,striatum,33,Naive,10,bipolar,same_freq,high_gamma,ACC,DLS,0.007577139446759565,0.0049557004669360345,,,,,,
task,822,striatum,33,Naive,10,bipolar,same_freq,theta,ACC,DMS,0.15605938251984153,0.08606142950170384,,,,,,
task,822,striatum,33,Naive,10,bipolar,same_freq,low_gamma,ACC,DMS,0.00745663711847008,0.008036271512584785,,,,,,
task,822,striatum,33,Naive,10,bipolar,same_freq,high_gamma,ACC,DMS,0.02260739398216128,0.011066493237837427,,,,,,
task,822,striatum,33,Naive,10,bipolar,same_freq,theta,DLS,DMS,0.2691214855006139,0.08531723354485442,,,,,,
task,822,striatum,33,Naive,10,bipolar,same_freq,low_gamma,DLS,DMS,0.043743416301808946,0.014492293608909381,,,,,,
task,822,striatum,33,Naive,10,bipolar,same_freq,high_gamma,DLS,DMS,0.01867605482868402,0.0031166693482303446,,,,,,
task,822,striatum,33,Naive,10,bipolar,pac_within,low_gamma,ACC,ACC,,,2.952447655790965e-05,3.0664877095547446e-05,-0.08009647891218581,0.44554455445544555,100,-1.1404005376377953e-06
task,822,striatum,33,Naive,10,bipolar,pac_within,high_gamma,ACC,ACC,,,4.1850685972824314e-05,2.740997903514322e-05,1.3558932268264474,0.09900990099009901,100,1.4440706937681094e-05
task,822,striatum,33,Naive,10,bipolar,pac_within,low_gamma,DLS,DLS,,,0.00010649306466958769,2.893484735958748e-05,5.311211418708809,0.009900990099009901,100,7.755821731000021e-05
task,822,striatum,33,Naive,10,bipolar,pac_within,high_gamma,DLS,DLS,,,3.7492797102288105e-05,2.482363146140258e-05,1.1765516093031034,0.1485148514851485,100,1.2669165640885526e-05
task,822,striatum,33,Naive,10,bipolar,pac_within,low_gamma,DMS,DMS,,,1.4296491597885502e-05,3.0229694753119457e-05,-1.2561403282045964,0.9405940594059405,100,-1.5933203155233953e-05
task,822,striatum,33,Naive,10,bipolar,pac_within,high_gamma,DMS,DMS,,,5.891499796744126e-05,2.899436354720885e-05,2.8346697097944116,0.0297029702970297,100,2.992063442023241e-05
task,822,striatum,33,Naive,10,bipolar,pac_between,low_gamma,ACC,DLS,,,0.00010087585292144856,2.9953915277100787e-05,6.025271983347863,0.009900990099009901,100,7.092193764434777e-05
task,822,striatum,33,Naive,10,bipolar,pac_between,high_gamma,ACC,DLS,,,3.607481021964489e-05,2.5296806084335023e-05,1.2431059206128685,0.1485148514851485,100,1.0778004135309866e-05
task,822,striatum,33,Naive,10,bipolar,pac_between,low_gamma,ACC,DMS,,,2.6569635022571944e-05,2.9745017858056055e-05,-0.24751231005099486,0.504950495049505,100,-3.1753828354841113e-06
task,822,striatum,33,Naive,10,bipolar,pac_between,high_gamma,ACC,DMS,,,1.266508401800516e-05,2.8697057731388917e-05,-1.3898233729289922,0.9900990099009901,100,-1.6031973713383757e-05
task,822,striatum,33,Naive,10,bipolar,pac_between,low_gamma,DLS,ACC,,,3.078295621795651e-05,2.513151561476346e-05,0.42264189833677945,0.26732673267326734,100,5.6514406031930505e-06
task,822,striatum,33,Naive,10,bipolar,pac_between,high_gamma,DLS,ACC,,,1.6631222307770578e-05,2.4846314625996486e-05,-0.7945193410271904,0.7623762376237624,100,-8.215092318225908e-06
task,822,striatum,33,Naive,10,bipolar,pac_between,low_gamma,DLS,DMS,,,2.3264004708176824e-05,2.655945607232597e-05,-0.2856396610825408,0.5346534653465347,100,-3.2954513641491458e-06
task,822,striatum,33,Naive,10,bipolar,pac_between,high_gamma,DLS,DMS,,,7.485207839937211e-05,2.450880969617785e-05,5.572596061071376,0.009900990099009901,100,5.034326870319426e-05
task,822,striatum,33,Naive,10,bipolar,pac_between,low_gamma,DMS,ACC,,,3.485247927822271e-05,2.8459883286100782e-05,0.469779531772222,0.22772277227722773,100,6.392595992121929e-06
task,822,striatum,33,Naive,10,bipolar,pac_between,high_gamma,DMS,ACC,,,2.0730338754241316e-05,2.7401006375662274e-05,-0.5942278238358586,0.7029702970297029,100,-6.670667621420958e-06
task,822,striatum,33,Naive,10,bipolar,pac_between,low_gamma,DMS,DLS,,,0.00011529658645680223,3.0298225146388607e-05,5.826045389587548,0.009900990099009901,100,8.499836131041362e-05
task,822,striatum,33,Naive,10,bipolar,pac_between,high_gamma,DMS,DLS,,,3.7016607881299435e-05,2.6821123173878753e-05,1.0804414323405998,0.13861386138613863,100,1.0195484707420681e-05
task,822,striatum,33,Intermediate,10,monopolar,same_freq,theta,ACC,DLS,0.5135776991651567,0.2016763905108225,,,,,,
task,822,striatum,33,Intermediate,10,monopolar,same_freq,low_gamma,ACC,DLS,0.37665702501687615,0.050187869609012455,,,,,,
task,822,striatum,33,Intermediate,10,monopolar,same_freq,high_gamma,ACC,DLS,0.36656627714630685,0.0741614310774521,,,,,,
task,822,striatum,33,Intermediate,10,monopolar,same_freq,theta,ACC,DMS,0.48554913525665455,0.3681557683088266,,,,,,
task,822,striatum,33,Intermediate,10,monopolar,same_freq,low_gamma,ACC,DMS,0.33491811196579596,0.09914647061108858,,,,,,
task,822,striatum,33,Intermediate,10,monopolar,same_freq,high_gamma,ACC,DMS,0.47324091426094067,0.1328745655555162,,,,,,
task,822,striatum,33,Intermediate,10,monopolar,same_freq,theta,DLS,DMS,0.2737249450838518,0.2067972377435675,,,,,,
task,822,striatum,33,Intermediate,10,monopolar,same_freq,low_gamma,DLS,DMS,0.18171302447322502,0.0870366259685009,,,,,,
task,822,striatum,33,Intermediate,10,monopolar,same_freq,high_gamma,DLS,DMS,0.285504219192319,0.12088472244513947,,,,,,
task,822,striatum,33,Intermediate,10,monopolar,pac_within,low_gamma,ACC,ACC,,,5.884761903955885e-05,1.151007496667033e-05,8.806517596030336,0.009900990099009901,100,4.733754407288852e-05
task,822,striatum,33,Intermediate,10,monopolar,pac_within,high_gamma,ACC,ACC,,,0.00015518597357282458,1.2291683018770003e-05,27.754462981762543,0.009900990099009901,100,0.00014289429055405458
task,822,striatum,33,Intermediate,10,monopolar,pac_within,low_gamma,DLS,DLS,,,0.00018893943947475983,1.1921571974654163e-05,33.296466077969974,0.009900990099009901,100,0.00017701786750010567
task,822,striatum,33,Intermediate,10,monopolar,pac_within,high_gamma,DLS,DLS,,,0.0002763311506626142,1.1434000597996881e-05,57.977652198765085,0.009900990099009901,100,0.00026489715006461736
task,822,striatum,33,Intermediate,10,monopolar,pac_within,low_gamma,DMS,DMS,,,8.389356072005455e-05,1.3373894597294945e-05,11.01644554090456,0.009900990099009901,100,7.05196661227596e-05
task,822,striatum,33,Intermediate,10,monopolar,pac_within,high_gamma,DMS,DMS,,,0.00039421282022830657,1.3335445226108661e-05,73.42005447586386,0.009900990099009901,100,0.0003808773750021979
task,822,striatum,33,Intermediate,10,monopolar,pac_between,low_gamma,ACC,DLS,,,0.00013761710707896747,1.2038321925728407e-05,21.00628300644656,0.009900990099009901,100,0.00012557878515323908
task,822,striatum,33,Intermediate,10,monopolar,pac_between,high_gamma,ACC,DLS,,,0.00017545779597648919,1.1446845271323545e-05,38.48218006786763,0.009900990099009901,100,0.00016401095070516563
task,822,striatum,33,Intermediate,10,monopolar,pac_between,low_gamma,ACC,DMS,,,7.590615844598199e-05,1.3223194738172486e-05,10.675500857237546,0.009900990099009901,100,6.268296370780951e-05
task,822,striatum,33,Intermediate,10,monopolar,pac_between,high_gamma,ACC,DMS,,,0.0003173746519249765,1.2458990150803772e-05,59.550708163472734,0.009900990099009901,100,0.00030491566177417274
task,822,striatum,33,Intermediate,10,monopolar,pac_between,low_gamma,DLS,ACC,,,8.148460341880445e-05,1.1129778319400276e-05,13.496440234628897,0.009900990099009901,100,7.035482509940418e-05
task,822,striatum,33,Intermediate,10,monopolar,pac_between,high_gamma,DLS,ACC,,,0.00013335656753956553,1.1713601468625366e-05,21.223264410173698,0.009900990099009901,100,0.00012164296607094016
task,822,striatum,33,Intermediate,10,monopolar,pac_between,low_gamma,DLS,DMS,,,8.898836694595251e-05,1.2105008314775784e-05,14.44511115469519,0.009900990099009901,100,7.688335863117673e-05
task,822,striatum,33,Intermediate,10,monopolar,pac_between,high_gamma,DLS,DMS,,,0.00043119140273006293,1.3122152135267203e-05,84.29046218359916,0.009900990099009901,100,0.00041806925059479575
task,822,striatum,33,Intermediate,10,monopolar,pac_between,low_gamma,DMS,ACC,,,1.1716487259223684e-05,1.30205716833619e-05,-0.2119321825954115,0.5247524752475248,100,-1.3040844241382156e-06
task,822,striatum,33,Intermediate,10,monopolar,pac_between,high_gamma,DMS,ACC,,,6.593099878916853e-05,1.2282758929040286e-05,12.070469460037815,0.009900990099009901,100,5.3648239860128245e-05
task,822,striatum,33,Intermediate,10,monopolar,pac_between,low_gamma,DMS,DLS,,,9.308414254075386e-05,1.2875454436136163e-05,13.551290115480557,0.009900990099009901,100,8.020868810461771e-05
task,822,striatum,33,Intermediate,10,monopolar,pac_between,high_gamma,DMS,DLS,,,3.0204707351130005e-05,1.1748582320036902e-05,3.652393930182429,0.009900990099009901,100,1.8456125031093105e-05
task,822,striatum,33,Intermediate,10,bipolar,same_freq,theta,ACC,DLS,0.3602348731157802,0.1472725608969692,,,,,,
task,822,striatum,33,Intermediate,10,bipolar,same_freq,low_gamma,ACC,DLS,0.06063407192191719,0.03209063074837101,,,,,,
task,822,striatum,33,Intermediate,10,bipolar,same_freq,high_gamma,ACC,DLS,0.04275639197009783,0.029985559223191585,,,,,,
task,822,striatum,33,Intermediate,10,bipolar,same_freq,theta,ACC,DMS,0.43320205450139737,0.2806683574120056,,,,,,
task,822,striatum,33,Intermediate,10,bipolar,same_freq,low_gamma,ACC,DMS,0.04352586919996996,0.02844806471798421,,,,,,
task,822,striatum,33,Intermediate,10,bipolar,same_freq,high_gamma,ACC,DMS,0.13103133790868096,0.09426976712644863,,,,,,
task,822,striatum,33,Intermediate,10,bipolar,same_freq,theta,DLS,DMS,0.5898983206668089,0.2287903128573303,,,,,,
task,822,striatum,33,Intermediate,10,bipolar,same_freq,low_gamma,DLS,DMS,0.13644908185737434,0.058319204776688935,,,,,,
task,822,striatum,33,Intermediate,10,bipolar,same_freq,high_gamma,DLS,DMS,0.06256845890583211,0.038026485041184915,,,,,,
task,822,striatum,33,Intermediate,10,bipolar,pac_within,low_gamma,ACC,ACC,,,1.34362515499707e-05,1.1659590671905054e-05,0.33388022056221367,0.3069306930693069,100,1.776660878065646e-06
task,822,striatum,33,Intermediate,10,bipolar,pac_within,high_gamma,ACC,ACC,,,1.3516622648965533e-05,1.1664750874841036e-05,0.4492629451659308,0.297029702970297,100,1.8518717741244972e-06
task,822,striatum,33,Intermediate,10,bipolar,pac_within,low_gamma,DLS,DLS,,,0.0001030140112899221,1.2260678559901647e-05,15.614839694069172,0.009900990099009901,100,9.075333273002045e-05
task,822,striatum,33,Intermediate,10,bipolar,pac_within,high_gamma,DLS,DLS,,,1.4969162441302915e-05,1.016877118644435e-05,1.057496993227761,0.1485148514851485,100,4.800391254858566e-06
task,822,striatum,33,Intermediate,10,bipolar,pac_within,low_gamma,DMS,DMS,,,0.00012168944821244498,1.1722623343171383e-05,24.330328795662876,0.009900990099009901,100,0.00010996682486927359
task,822,striatum,33,Intermediate,10,bipolar,pac_within,high_gamma,DMS,DMS,,,0.00010341648462728084,1.144924036049821e-05,21.25345558906675,0.009900990099009901,100,9.196724426678263e-05
task,822,striatum,33,Intermediate,10,bipolar,pac_between,low_gamma,ACC,DLS,,,5.5852407526301875e-05,1.120953529107186e-05,8.538378284433968,0.009900990099009901,100,4.464287223523002e-05
task,822,striatum,33,Intermediate,10,bipolar,pac_between,high_gamma,ACC,DLS,,,4.540075690103768e-06,1.0021158434360552e-05,-1.355666308719084,0.9306930693069307,100,-5.481082744256784e-06
task,822,striatum,33,Intermediate,10,bipolar,pac_between,low_gamma,ACC,DMS,,,3.93751476091314e-06,1.1298763536951373e-05,-1.5246571460251699,0.9702970297029703,100,-7.361248776038233e-06
task,822,striatum,33,Intermediate,10,bipolar,pac_between,high_gamma,ACC,DMS,,,1.5823692141263348e-05,1.159677065861589e-05,0.9740213979774058,0.1782178217821782,100,4.226921482647458e-06
task,822,striatum,33,Intermediate,10,bipolar,pac_between,low_gamma,DLS,ACC,,,1.5822483510032822e-05,1.1805670452504034e-05,0.725721420859859,0.19801980198019803,100,4.016813057528788e-06
task,822,striatum,33,Intermediate,10,bipolar,pac_between,high_gamma,DLS,ACC,,,2.8477031769035426e-05,1.1306873871325706e-05,3.9710347853484143,0.009900990099009901,100,1.717015789770972e-05
task,822,striatum,33,Intermediate,10,bipolar,pac_between,low_gamma,DLS,DMS,,,4.472843986899737e-05,1.2405029472400453e-05,5.8004815290919405,0.009900990099009901,100,3.2323410396596916e-05
task,822,striatum,33,Intermediate,10,bipolar,pac_between,high_gamma,DLS,DMS,,,8.498434609703108e-05,1.1206379707627302e-05,17.349931527921672,0.009900990099009901,100,7.377796638940377e-05
task,822,striatum,33,Intermediate,10,bipolar,pac_between,low_gamma,DMS,ACC,,,1.1247664260370312e-05,1.0955272730214939e-05,0.06545841999995776,0.44554455445544555,100,2.923915301553733e-07
task,822,striatum,33,Intermediate,10,bipolar,pac_between,high_gamma,DMS,ACC,,,2.3797440727211148e-05,1.236675303022966e-05,2.39193293273701,0.039603960396039604,100,1.1430687696981488e-05
task,822,striatum,33,Intermediate,10,bipolar,pac_between,low_gamma,DMS,DLS,,,2.231051021550636e-05,1.1162184733510892e-05,2.4723460344526207,0.039603960396039604,100,1.1148325481995469e-05
task,822,striatum,33,Intermediate,10,bipolar,pac_between,high_gamma,DMS,DLS,,,7.553632795604524e-06,1.062259676220319e-05,-0.7038062615647915,0.7227722772277227,100,-3.0689639665986665e-06
task,822,striatum,33,Expert,10,monopolar,same_freq,theta,ACC,DLS,0.5996739314294639,0.2696471772950916,,,,,,
task,822,striatum,33,Expert,10,monopolar,same_freq,low_gamma,ACC,DLS,0.3443046943355987,0.04335798902883435,,,,,,
task,822,striatum,33,Expert,10,monopolar,same_freq,high_gamma,ACC,DLS,0.35622040827867174,0.05850052614791013,,,,,,
task,822,striatum,33,Expert,10,monopolar,same_freq,theta,ACC,DMS,0.5081200608997462,0.44046341848155,,,,,,
task,822,striatum,33,Expert,10,monopolar,same_freq,low_gamma,ACC,DMS,0.332375746147122,0.09838198408234768,,,,,,
task,822,striatum,33,Expert,10,monopolar,same_freq,high_gamma,ACC,DMS,0.48634941918225993,0.13859513077952898,,,,,,
task,822,striatum,33,Expert,10,monopolar,same_freq,theta,DLS,DMS,0.32509037960194304,0.25972595078274563,,,,,,
task,822,striatum,33,Expert,10,monopolar,same_freq,low_gamma,DLS,DMS,0.16122276023557383,0.07651639534928442,,,,,,
task,822,striatum,33,Expert,10,monopolar,same_freq,high_gamma,DLS,DMS,0.2730316113509103,0.1136162604696517,,,,,,
task,822,striatum,33,Expert,10,monopolar,pac_within,low_gamma,ACC,ACC,,,6.820188632373627e-05,1.1981044301933264e-05,11.998865442189853,0.009900990099009901,100,5.6220842021803005e-05
task,822,striatum,33,Expert,10,monopolar,pac_within,high_gamma,ACC,ACC,,,0.00014473091445920202,1.2327928967770083e-05,27.411292050940222,0.009900990099009901,100,0.00013240298549143195
task,822,striatum,33,Expert,10,monopolar,pac_within,low_gamma,DLS,DLS,,,0.00012912679152570115,1.2059078100712513e-05,21.058012890436316,0.009900990099009901,100,0.00011706771342498864
task,822,striatum,33,Expert,10,monopolar,pac_within,high_gamma,DLS,DLS,,,0.0002934816734817647,1.224331743814928e-05,53.87054819681821,0.009900990099009901,100,0.00028123835604361544
task,822,striatum,33,Expert,10,monopolar,pac_within,low_gamma,DMS,DMS,,,0.00013352743430609392,1.4557052265538427e-05,17.03982715532351,0.009900990099009901,100,0.00011897038204055549
task,822,striatum,33,Expert,10,monopolar,pac_within,high_gamma,DMS,DMS,,,0.0004239477314860987,1.4358384219485987e-05,63.73360821946736,0.009900990099009901,100,0.0004095893472666127
task,822,striatum,33,Expert,10,monopolar,pac_between,low_gamma,ACC,DLS,,,6.60255818003736e-05,1.4036473837650781e-05,8.616535796370258,0.009900990099009901,100,5.198910796272282e-05
task,822,striatum,33,Expert,10,monopolar,pac_between,high_gamma,ACC,DLS,,,0.0001966294742297722,1.161619787431431e-05,36.852171011450416,0.009900990099009901,100,0.0001850132763554579
task,822,striatum,33,Expert,10,monopolar,pac_between,low_gamma,ACC,DMS,,,9.137224887323875e-05,1.353149746383558e-05,11.605279023601064,0.009900990099009901,100,7.784075140940318e-05
task,822,striatum,33,Expert,10,monopolar,pac_between,high_gamma,ACC,DMS,,,0.00039182437935009635,1.257274637749845e-05,77.74862576487315,0.009900990099009901,100,0.0003792516329725979
task,822,striatum,33,Expert,10,monopolar,pac_between,low_gamma,DLS,ACC,,,5.580737362059001e-05,1.1466397157377574e-05,8.717043097277964,0.009900990099009901,100,4.434097646321244e-05
task,822,striatum,33,Expert,10,monopolar,pac_between,high_gamma,DLS,ACC,,,0.00013838529473461455,1.2212466533231143e-05,26.385025398961243,0.009900990099009901,100,0.0001261728282013834
task,822,striatum,33,Expert,10,monopolar,pac_between,low_gamma,DLS,DMS,,,0.00010415939269829793,1.2862796840864571e-05,16.310049419016003,0.009900990099009901,100,9.129659585743336e-05
task,822,striatum,33,Expert,10,monopolar,pac_between,high_gamma,DLS,DMS,,,0.00040750009770718564,1.2760668681735454e-05,75.1964105832274,0.009900990099009901,100,0.00039473942902545017
task,822,striatum,33,Expert,10,monopolar,pac_between,low_gamma,DMS,ACC,,,5.1372118624101965e-05,1.2742505950514059e-05,6.99145448001714,0.009900990099009901,100,3.862961267358791e-05
task,822,striatum,33,Expert,10,monopolar,pac_between,high_gamma,DMS,ACC,,,9.089733490196866e-05,1.2944525748925659e-05,15.395022700458714,0.009900990099009901,100,7.7952809153043e-05
task,822,striatum,33,Expert,10,monopolar,pac_between,low_gamma,DMS,DLS,,,8.187252281325424e-05,1.4085170472768849e-05,9.367646967197002,0.009900990099009901,100,6.77873523404854e-05
task,822,striatum,33,Expert,10,monopolar,pac_between,high_gamma,DMS,DLS,,,4.054002143033162e-05,1.2174527688809983e-05,5.361370717311172,0.009900990099009901,100,2.8365493741521637e-05
task,822,striatum,33,Expert,10,bipolar,same_freq,theta,ACC,DLS,0.018650769135463943,-0.01827499038817805,,,,,,
task,822,striatum,33,Expert,10,bipolar,same_freq,low_gamma,ACC,DLS,0.06368708829145638,0.031549428668249085,,,,,,
task,822,striatum,33,Expert,10,bipolar,same_freq,high_gamma,ACC,DLS,0.03763937351884517,0.02508052086292768,,,,,,
task,822,striatum,33,Expert,10,bipolar,same_freq,theta,ACC,DMS,0.23408151822636422,0.17998941923594708,,,,,,
task,822,striatum,33,Expert,10,bipolar,same_freq,low_gamma,ACC,DMS,0.0977363861011408,0.06859838478713752,,,,,,
task,822,striatum,33,Expert,10,bipolar,same_freq,high_gamma,ACC,DMS,0.13313298303286417,0.09574123541691457,,,,,,
task,822,striatum,33,Expert,10,bipolar,same_freq,theta,DLS,DMS,0.07100380021055398,-0.03241373333923773,,,,,,
task,822,striatum,33,Expert,10,bipolar,same_freq,low_gamma,DLS,DMS,0.106592805064741,0.06450173840824233,,,,,,
task,822,striatum,33,Expert,10,bipolar,same_freq,high_gamma,DLS,DMS,0.04470485840637018,0.03005206140059374,,,,,,
task,822,striatum,33,Expert,10,bipolar,pac_within,low_gamma,ACC,ACC,,,1.1727331575665592e-05,1.1901484209776655e-05,-0.03210167115684805,0.43564356435643564,100,-1.7415263411106283e-07
task,822,striatum,33,Expert,10,bipolar,pac_within,high_gamma,ACC,ACC,,,2.8863272132800264e-05,1.1897481742572049e-05,3.600041274248639,0.009900990099009901,100,1.6965790390228213e-05
task,822,striatum,33,Expert,10,bipolar,pac_within,low_gamma,DLS,DLS,,,7.988204214605155e-05,1.1552916490634491e-05,12.521898561011545,0.009900990099009901,100,6.832912565541705e-05
task,822,striatum,33,Expert,10,bipolar,pac_within,high_gamma,DLS,DLS,,,2.4916700917473903e-05,1.0599919650496501e-05,3.2844324779091205,0.009900990099009901,100,1.4316781266977402e-05
task,822,striatum,33,Expert,10,bipolar,pac_within,low_gamma,DMS,DMS,,,9.749350249908929e-05,1.2684588194516425e-05,12.454843402750438,0.009900990099009901,100,8.480891430457287e-05
task,822,striatum,33,Expert,10,bipolar,pac_within,high_gamma,DMS,DMS,,,0.00011829333394835419,1.242776943110798e-05,24.370723921010566,0.009900990099009901,100,0.00010586556451724621
task,822,striatum,33,Expert,10,bipolar,pac_between,low_gamma,ACC,DLS,,,3.5194063618801466e-05,1.314866191676769e-05,3.3088473709461086,0.019801980198019802,100,2.2045401702033775e-05
task,822,striatum,33,Expert,10,bipolar,pac_between,high_gamma,ACC,DLS,,,2.267195168734339e-05,1.1347160677660013e-05,2.675038177142706,0.0297029702970297,100,1.1324791009683376e-05
task,822,striatum,33,Expert,10,bipolar,pac_between,low_gamma,ACC,DMS,,,4.5287673592198866e-05,1.2964216443847156e-05,6.188475914288905,0.009900990099009901,100,3.232345714835171e-05
task,822,striatum,33,Expert,10,bipolar,pac_between,high_gamma,ACC,DMS,,,2.711894644737303e-05,1.2321745171984172e-05,2.869631113645289,0.0297029702970297,100,1.4797201275388857e-05
task,822,striatum,33,Expert,10,bipolar,pac_between,low_gamma,DLS,ACC,,,1.753633071394204e-05,1.2941904055466402e-05,0.748137246013751,0.19801980198019803,100,4.594426658475638e-06
task,822,striatum,33,Expert,10,bipolar,pac_between,high_gamma,DLS,ACC,,,2.817845679197277e-05,1.131616855232843e-05,3.6705905387343676,0.019801980198019802,100,1.686228823964434e-05
task,822,striatum,33,Expert,10,bipolar,pac_between,low_gamma,DLS,DMS,,,5.6015874354677593e-05,1.2303889021355888e-05,10.03477112863866,0.009900990099009901,100,4.3711985333321705e-05
task,822,striatum,33,Expert,10,bipolar,pac_between,high_gamma,DLS,DMS,,,4.6776921643517324e-05,1.0784522720620529e-05,8.295315300897327,0.009900990099009901,100,3.5992398922896795e-05
task,822,striatum,33,Expert,10,bipolar,pac_between,low_gamma,DMS,ACC,,,2.390145122174295e-05,1.1970509148346189e-05,2.0931888902956413,0.0297029702970297,100,1.1930942073396761e-05
task,822,striatum,33,Expert,10,bipolar,pac_between,high_gamma,DMS,ACC,,,3.6198601314276185e-05,1.100967504282263e-05,6.29949887956863,0.009900990099009901,100,2.5188926271453554e-05
task,822,striatum,33,Expert,10,bipolar,pac_between,low_gamma,DMS,DLS,,,3.2725703325943244e-05,1.2120830691504554e-05,4.205350627913452,0.009900990099009901,100,2.060487263443869e-05
task,822,striatum,33,Expert,10,bipolar,pac_between,high_gamma,DMS,DLS,,,1.4096618927419067e-05,1.1234154199452745e-05,0.7213540985510913,0.18811881188118812,100,2.862464727966322e-06
task,823,striatum,14,All,92,monopolar,same_freq,theta,ACC,DMS,0.1227006209222019,-0.03427774899301741,,,,,,
task,823,striatum,14,All,92,monopolar,same_freq,low_gamma,ACC,DMS,0.07364497054131429,0.0351659765658026,,,,,,
task,823,striatum,14,All,92,monopolar,same_freq,high_gamma,ACC,DMS,0.09069639513013407,0.03323606554978133,,,,,,
task,823,striatum,14,All,92,monopolar,pac_within,low_gamma,ACC,ACC,,,4.146217651780266e-05,4.500201962775524e-06,16.85283534231139,0.009900990099009901,100,3.696197455502713e-05
task,823,striatum,14,All,92,monopolar,pac_within,high_gamma,ACC,ACC,,,0.0003208568709647558,4.635114143932548e-06,146.6013216346594,0.009900990099009901,100,0.00031622175682082324
task,823,striatum,14,All,92,monopolar,pac_within,low_gamma,DMS,DMS,,,0.0015396354250619129,4.930835178855227e-06,567.2580442323742,0.009900990099009901,100,0.0015347045898830576
task,823,striatum,14,All,92,monopolar,pac_within,high_gamma,DMS,DMS,,,0.0002016852653075462,3.999545350657804e-06,106.20087205774205,0.009900990099009901,100,0.0001976857199568884
task,823,striatum,14,All,92,monopolar,pac_between,low_gamma,ACC,DMS,,,0.0009265086811423298,5.607462818392088e-06,300.9612306454736,0.009900990099009901,100,0.0009209012183239377
task,823,striatum,14,All,92,monopolar,pac_between,high_gamma,ACC,DMS,,,0.00011561211310090099,4.544147972540162e-06,60.651002652211574,0.009900990099009901,100,0.00011106796512836083
task,823,striatum,14,All,92,monopolar,pac_between,low_gamma,DMS,ACC,,,4.016461666953189e-05,4.660800446025291e-06,17.288867171625487,0.009900990099009901,100,3.55038162235066e-05
task,823,striatum,14,All,92,monopolar,pac_between,high_gamma,DMS,ACC,,,0.0005812219869729954,4.18222114224389e-06,344.71178101130874,0.009900990099009901,100,0.0005770397658307516
task,823,striatum,14,All,92,bipolar,same_freq,theta,ACC,DMS,0.09509079038099987,0.04739095301875377,,,,,,
task,823,striatum,14,All,92,bipolar,same_freq,low_gamma,ACC,DMS,0.018997097108116544,0.008429291729012581,,,,,,
task,823,striatum,14,All,92,bipolar,same_freq,high_gamma,ACC,DMS,0.01515240596632911,0.007715170272761937,,,,,,
task,823,striatum,14,All,92,bipolar,pac_within,low_gamma,ACC,ACC,,,1.981977140493984e-05,4.89045717317376e-06,7.752327867969473,0.009900990099009901,100,1.4929314231766078e-05
task,823,striatum,14,All,92,bipolar,pac_within,high_gamma,ACC,ACC,,,4.165481733439303e-06,4.674493873061725e-06,-0.280547099510953,0.5643564356435643,100,-5.090121396224216e-07
task,823,striatum,14,All,92,bipolar,pac_within,low_gamma,DMS,DMS,,,1.0800381116301463e-05,4.703056286292614e-06,2.4956802231299555,0.039603960396039604,100,6.097324830008849e-06
task,823,striatum,14,All,92,bipolar,pac_within,high_gamma,DMS,DMS,,,4.787922581953153e-06,4.495019779992892e-06,0.16908840687480933,0.39603960396039606,100,2.929028019602606e-07
task,823,striatum,14,All,92,bipolar,pac_between,low_gamma,ACC,DMS,,,6.225113883891133e-06,5.094481327530677e-06,0.5119888282202526,0.31683168316831684,100,1.1306325563604563e-06
task,823,striatum,14,All,92,bipolar,pac_between,high_gamma,ACC,DMS,,,4.918082954641691e-06,5.047010873463035e-06,-0.06591459376395227,0.4752475247524752,100,-1.289279188213437e-07
task,823,striatum,14,All,92,bipolar,pac_between,low_gamma,DMS,ACC,,,2.655496023394785e-06,5.0642179376498275e-06,-1.015401678985093,0.900990099009901,100,-2.4087219142550425e-06
task,823,striatum,14,All,92,bipolar,pac_between,high_gamma,DMS,ACC,,,1.1346822137746497e-05,4.587393032867414e-06,3.748895578016641,0.009900990099009901,100,6.759429104879083e-06
task,823,striatum,14,Naive,10,monopolar,same_freq,theta,ACC,DMS,0.07749414014551674,-0.02048430376604416,,,,,,
task,823,striatum,14,Naive,10,monopolar,same_freq,low_gamma,ACC,DMS,0.03212531916371261,0.004938689262981797,,,,,,
task,823,striatum,14,Naive,10,monopolar,same_freq,high_gamma,ACC,DMS,0.06536879235397769,0.004362427141183277,,,,,,
task,823,striatum,14,Naive,10,monopolar,pac_within,low_gamma,ACC,ACC,,,7.522430551795201e-05,4.3119734156436346e-05,1.4288096224409554,0.0891089108910891,100,3.2104571361515666e-05
task,823,striatum,14,Naive,10,monopolar,pac_within,high_gamma,ACC,ACC,,,0.00033949754517242133,4.191931220694956e-05,17.179588502336628,0.009900990099009901,100,0.0002975782329654718
task,823,striatum,14,Naive,10,monopolar,pac_within,low_gamma,DMS,DMS,,,0.0016358116725791298,4.3372111164867314e-05,66.9156378941621,0.009900990099009901,100,0.0015924395614142625
task,823,striatum,14,Naive,10,monopolar,pac_within,high_gamma,DMS,DMS,,,0.0002035733863989077,3.8980463302439195e-05,9.66773118870341,0.009900990099009901,100,0.0001645929230964685
task,823,striatum,14,Naive,10,monopolar,pac_between,low_gamma,ACC,DMS,,,0.0009888577415655703,4.532561747312854e-05,42.20641638238456,0.009900990099009901,100,0.0009435321240924418
task,823,striatum,14,Naive,10,monopolar,pac_between,high_gamma,ACC,DMS,,,6.114192081727634e-05,3.630854229501937e-05,1.8348368917687259,0.039603960396039604,100,2.4833378522256973e-05
task,823,striatum,14,Naive,10,monopolar,pac_between,low_gamma,DMS,ACC,,,5.691524558075754e-05,3.841463075395871e-05,1.1921520174719986,0.13861386138613863,100,1.850061482679883e-05
task,823,striatum,14,Naive,10,monopolar,pac_between,high_gamma,DMS,ACC,,,0.000590289721333171,4.1236630851838944e-05,32.430887668625395,0.009900990099009901,100,0.000549053090481332
task,823,striatum,14,Naive,10,bipolar,same_freq,theta,ACC,DMS,0.0755700562075411,0.06206025791205236,,,,,,
task,823,striatum,14,Naive,10,bipolar,same_freq,low_gamma,ACC,DMS,0.016280648368556437,0.001773325314676073,,,,,,
task,823,striatum,14,Naive,10,bipolar,same_freq,high_gamma,ACC,DMS,0.005346411159600013,-0.0020733929695317035,,,,,,
task,823,striatum,14,Naive,10,bipolar,pac_within,low_gamma,ACC,ACC,,,8.454022021457001e-05,4.7362342197564215e-05,1.8122411370722333,0.06930693069306931,100,3.7177878017005794e-05
task,823,striatum,14,Naive,10,bipolar,pac_within,high_gamma,ACC,ACC,,,6.280788225883107e-05,4.204329938644585e-05,1.3496058778580131,0.09900990099009901,100,2.0764582872385218e-05
task,823,striatum,14,Naive,10,bipolar,pac_within,low_gamma,DMS,DMS,,,3.7888469322097075e-05,4.2876261127463274e-05,-0.26946880236790716,0.5247524752475248,100,-4.987791805366199e-06
task,823,striatum,14,Naive,10,bipolar,pac_within,high_gamma,DMS,DMS,,,2.522364345405566e-05,4.063566608992502e-05,-1.0084427212716858,0.8415841584158416,100,-1.5412022635869356e-05
task,823,striatum,14,Naive,10,bipolar,pac_between,low_gamma,ACC,DMS,,,6.377090804461459e-05,4.327644377139471e-05,1.2023782011825157,0.12871287128712872,100,2.0494464273219882e-05
task,823,striatum,14,Naive,10,bipolar,pac_between,high_gamma,ACC,DMS,,,4.3402171520725624e-05,4.0437145954652735e-05,0.18766299889718072,0.36633663366336633,100,2.965025566072889e-06
task,823,striatum,14,Naive,10,bipolar,pac_between,low_gamma,DMS,ACC,,,3.598029546600549e-05,4.6174531069533986e-05,-0.5571035185641119,0.6633663366336634,100,-1.0194235603528499e-05
task,823,striatum,14,Naive,10,bipolar,pac_between,high_gamma,DMS,ACC,,,2.3532151972722165e-05,4.197030934510412e-05,-1.1448845660047042,0.9207920792079208,100,-1.8438157372381953e-05
task,823,striatum,14,Intermediate,10,monopolar,same_freq,theta,ACC,DMS,0.057839175647346426,-0.02241389515988263,,,,,,
task,823,striatum,14,Intermediate,10,monopolar,same_freq,low_gamma,ACC,DMS,0.031100303511383123,0.007929349674322246,,,,,,
task,823,striatum,14,Intermediate,10,monopolar,same_freq,high_gamma,ACC,DMS,0.07037829389365426,0.014942390900379507,,,,,,
task,823,striatum,14,Intermediate,10,monopolar,pac_within,low_gamma,ACC,ACC,,,0.00010846777500791469,4.561561638783046e-05,3.180602425405294,0.019801980198019802,100,6.285215862008423e-05
task,823,striatum,14,Intermediate,10,monopolar,pac_within,high_gamma,ACC,ACC,,,0.0004391793237168934,4.437431904455316e-05,21.441759160313612,0.009900990099009901,100,0.00039480500467234023
task,823,striatum,14,Intermediate,10,monopolar,pac_within,low_gamma,DMS,DMS,,,0.0017031858281906813,5.072946564182512e-05,60.951803129393035,0.009900990099009901,100,0.0016524563625488562
task,823,striatum,14,Intermediate,10,monopolar,pac_within,high_gamma,DMS,DMS,,,0.0002052596752375046,4.0489806385546083e-05,9.641595807088798,0.009900990099009901,100,0.0001647698688519585
task,823,striatum,14,Intermediate,10,monopolar,pac_between,low_gamma,ACC,DMS,,,0.0009668115548138171,5.175008720615276e-05,36.09186962350909,0.009900990099009901,100,0.0009150614676076644
task,823,striatum,14,Intermediate,10,monopolar,pac_between,high_gamma,ACC,DMS,,,9.224309036095286e-05,4.3857311560901804e-05,2.32286173496494,0.04950495049504951,100,4.838577880005105e-05
task,823,striatum,14,Intermediate,10,monopolar,pac_between,low_gamma,DMS,ACC,,,8.545365831415641e-05,4.453447548144151e-05,1.8418289281922435,0.07920792079207921,100,4.09191828327149e-05
task,823,striatum,14,Intermediate,10,monopolar,pac_between,high_gamma,DMS,ACC,,,0.000696130088999595,4.4565055047519654e-05,31.27237034576156,0.009900990099009901,100,0.0006515650339520753
task,823,striatum,14,Intermediate,10,bipolar,same_freq,theta,ACC,DMS,0.11218459138966143,0.082908112872559,,,,,,
task,823,striatum,14,Intermediate,10,bipolar,same_freq,low_gamma,ACC,DMS,0.01830352849300702,0.001200623855941799,,,,,,
task,823,striatum,14,Intermediate,10,bipolar,same_freq,high_gamma,ACC,DMS,0.00893316925155488,-0.00026118690077490004,,,,,,
task,823,striatum,14,Intermediate,10,bipolar,pac_within,low_gamma,ACC,ACC,,,0.00013440364635719005,5.4111580843378716e-05,2.9663220673281634,0.0297029702970297,100,8.029206551381135e-05
task,823,striatum,14,Intermediate,10,bipolar,pac_within,high_gamma,ACC,ACC,,,0.00010396571528310544,4.534119846777755e-05,3.199941192115437,0.019801980198019802,100,5.8624516815327885e-05
task,823,striatum,14,Intermediate,10,bipolar,pac_within,low_gamma,DMS,DMS,,,6.131438008799952e-05,4.982790052079142e-05,0.5179988928043683,0.24752475247524752,100,1.1486479567208093e-05
task,823,striatum,14,Intermediate,10,bipolar,pac_within,high_gamma,DMS,DMS,,,3.462398247523546e-05,4.329015754015431e-05,-0.5657057719589255,0.7227722772277227,100,-8.666175064918848e-06
task,823,striatum,14,Intermediate,10,bipolar,pac_between,low_gamma,ACC,DMS,,,0.00010092384432979268,5.160574724495572e-05,2.0533053060743023,0.039603960396039604,100,4.931809708483696e-05
task,823,striatum,14,Intermediate,10,bipolar,pac_between,high_gamma,ACC,DMS,,,3.186535139223559e-05,4.447042005664424e-05,-0.7936187594936428,0.8118811881188119,100,-1.260506866440865e-05
task,823,striatum,14,Intermediate,10,bipolar,pac_between,low_gamma,DMS,ACC,,,2.596321012827332e-05,4.91871058776318e-05,-1.1761858692355862,0.9207920792079208,100,-2.3223895749358477e-05
task,823,striatum,14,Intermediate,10,bipolar,pac_between,high_gamma,DMS,ACC,,,4.711090724355745e-05,4.229769066282761e-05,0.3044651807144212,0.3465346534653465,100,4.813216580729841e-06
task,823,striatum,14,Expert,10,monopolar,same_freq,theta,ACC,DMS,0.06004548338007276,-0.029234867333423734,,,,,,
task,823,striatum,14,Expert,10,monopolar,same_freq,low_gamma,ACC,DMS,0.07645748292169362,0.03934066860062384,,,,,,
task,823,striatum,14,Expert,10,monopolar,same_freq,high_gamma,ACC,DMS,0.06703760520147253,0.02691656592940017,,,,,,
task,823,striatum,14,Expert,10,monopolar,pac_within,low_gamma,ACC,ACC,,,2.4244731784116238e-05,4.372438901737218e-05,-1.130125806954219,0.900990099009901,100,-1.947965723325594e-05
task,823,striatum,14,Expert,10,monopolar,pac_within,high_gamma,ACC,ACC,,,0.00034459224668479706,4.612933376132002e-05,17.100541716633167,0.009900990099009901,100,0.00029846291292347704
task,823,striatum,14,Expert,10,monopolar,pac_within,low_gamma,DMS,DMS,,,0.0021325161051623104,6.0065744053366305e-05,60.45628815399123,0.009900990099009901,100,0.002072450361108944
task,823,striatum,14,Expert,10,monopolar,pac_within,high_gamma,DMS,DMS,,,0.0004027510416630368,4.290461428563759e-05,21.84402154744711,0.009900990099009901,100,0.00035984642737739924
task,823,striatum,14,Expert,10,monopolar,pac_between,low_gamma,ACC,DMS,,,0.0014017326488204357,5.649007879581292e-05,43.985693513082694,0.009900990099009901,100,0.0013452425700246227
task,823,striatum,14,Expert,10,monopolar,pac_between,high_gamma,ACC,DMS,,,0.0002688852395997374,4.391674229809482e-05,12.240027600882975,0.009900990099009901,100,0.0002249684973016426
task,823,striatum,14,Expert,10,monopolar,pac_between,low_gamma,DMS,ACC,,,6.63813322218295e-05,3.8757995274256316e-05,1.7013107091671975,0.07920792079207921,100,2.7623336947573185e-05
task,823,striatum,14,Expert,10,monopolar,pac_between,high_gamma,DMS,ACC,,,0.000651156848470823,4.5179554766594414e-05,29.13763593534139,0.009900990099009901,100,0.0006059772937042285
task,823,striatum,14,Expert,10,bipolar,same_freq,theta,ACC,DMS,0.10116671244424041,-0.012087094927260457,,,,,,
task,823,striatum,14,Expert,10,bipolar,same_freq,low_gamma,ACC,DMS,0.008022133271048684,0.0019054690476935534,,,,,,
task,823,striatum,14,Expert,10,bipolar,same_freq,high_gamma,ACC,DMS,0.0022785236138122738,0.002310196997027286,,,,,,
task,823,striatum,14,Expert,10,bipolar,pac_within,low_gamma,ACC,ACC,,,4.4742134428816514e-05,5.186399177600117e-05,-0.337549586403605,0.594059405940594,100,-7.121857347184656e-06
task,823,striatum,14,Expert,10,bipolar,pac_within,high_gamma,ACC,ACC,,,3.9002923368463305e-05,4.740298712789814e-05,-0.44890688285908387,0.6237623762376238,100,-8.400063759434833e-06
task,823,striatum,14,Expert,10,bipolar,pac_within,low_gamma,DMS,DMS,,,6.978751670247272e-05,5.058190289201231e-05,0.9170816011731348,0.18811881188118812,100,1.920561381046041e-05
task,823,striatum,14,Expert,10,bipolar,pac_within,high_gamma,DMS,DMS,,,3.2567947139750765e-05,4.6206132857658175e-05,-0.7701048990680719,0.7821782178217822,100,-1.363818571790741e-05
task,823,striatum,14,Expert,10,bipolar,pac_between,low_gamma,ACC,DMS,,,2.2245277144610997e-05,5.431052798959721e-05,-1.3684259626786464,0.9405940594059405,100,-3.206525084498621e-05
task,823,striatum,14,Expert,10,bipolar,pac_between,high_gamma,ACC,DMS,,,5.481092244796605e-05,4.7828671996863534e-05,0.37122203560271083,0.32673267326732675,100,6.982250451102513e-06
task,823,striatum,14,Expert,10,bipolar,pac_between,low_gamma,DMS,ACC,,,6.793316384803552e-05,4.704746519458753e-05,1.023438543891004,0.15841584158415842,100,2.0885698653447996e-05
task,823,striatum,14,Expert,10,bipolar,pac_between,high_gamma,DMS,ACC,,,2.076261357296248e-05,4.2994095267445187e-05,-1.3500651851319814,0.9504950495049505,100,-2.2231481694482707e-05
