mouse_id,probe,learning_point,n_trials,area,band,window,n_window_trials,n_channels,n_samples,r2,mae_bins,mae_cm,null_r2_median,chance_mae_bins
1105,striatum,44,200,DMS,theta,All,200,60,9997,-0.0053653159380115945,12.481086457303281,62.4054322865164,-0.011391303805994513,12.498698093973555
1105,striatum,44,200,DMS,theta,Trials 4-10,7,60,350,-0.18812510603060906,12.763377270525313,63.81688635262656,-0.3767265705643681,12.5
1105,striatum,44,200,DMS,theta,Intermediate,10,60,500,-0.3759655208266246,13.921929770869712,69.60964885434856,-0.22404596571964674,12.5
1105,striatum,44,200,DMS,theta,Expert,10,60,500,-0.1904034551335383,13.03019456368882,65.1509728184441,-0.19973863069612463,12.5
1105,striatum,44,200,DMS,beta,All,200,60,9997,-0.00773072282554943,12.514737355596306,62.573686777981536,-0.0071275535962822545,12.498698093973555
1105,striatum,44,200,DMS,beta,Trials 4-10,7,60,350,-0.27377064680109253,13.482462168017888,67.41231084008943,-0.2422604420366412,12.5
1105,striatum,44,200,DMS,beta,Intermediate,10,60,500,-0.19797241489336415,12.88251951540801,64.41259757704005,-0.15920665168002612,12.5
1105,striatum,44,200,DMS,beta,Expert,10,60,500,-0.07681159127229109,12.177633716842578,60.88816858421289,-0.20521296619864682,12.5
1105,striatum,44,200,DMS,low_gamma,All,200,60,9997,-0.0036917388569652765,12.474287092412926,62.371435462064625,-0.007915330371338403,12.498698093973555
1105,striatum,44,200,DMS,low_gamma,Trials 4-10,7,60,350,-0.22985118679905292,13.372700873764902,66.86350436882451,-0.31971580615269324,12.5
1105,striatum,44,200,DMS,low_gamma,Intermediate,10,60,500,-0.18817989795590284,12.840675736485657,64.20337868242828,-0.12712657360151103,12.5
1105,striatum,44,200,DMS,low_gamma,Expert,10,60,500,-0.11925692530794318,12.784302021218595,63.921510106092974,-0.1723725222160435,12.5
1105,striatum,44,200,DMS,high_gamma,All,200,60,9997,0.0032041057129827966,12.381427731151314,61.90713865575657,-0.007751098981421789,12.498698093973555
1105,striatum,44,200,DMS,high_gamma,Trials 4-10,7,60,350,-0.2016377271977685,13.192740124525209,65.96370062262605,-0.3231909221078515,12.5
1105,striatum,44,200,DMS,high_gamma,Intermediate,10,60,500,-0.109502810688336,12.578322779893895,62.891613899469476,-0.21839489732920137,12.5
1105,striatum,44,200,DMS,high_gamma,Expert,10,60,500,-0.1510459540543101,12.679027083988231,63.395135419941155,-0.15425957386441902,12.5
1105,striatum,44,200,DMS,total,All,200,60,9997,0.010267427902573067,12.33173945192041,61.65869725960205,-0.008914724389134765,12.498698093973555
1105,striatum,44,200,DMS,total,Trials 4-10,7,60,350,-0.0947435001141308,12.27863520434401,61.39317602172005,-0.23552139720271992,12.5
1105,striatum,44,200,DMS,total,Intermediate,10,60,500,-0.12687202938233888,12.669624667442779,63.34812333721389,-0.1585943834736141,12.5
1105,striatum,44,200,DMS,total,Expert,10,60,500,-0.1815942369008008,13.119505996537034,65.59752998268517,-0.18774287661254885,12.5
1105,striatum,44,200,DLS,theta,All,200,66,9997,-0.01092970885592126,12.51476586605188,62.5738293302594,-0.013616218466067531,12.498698093973555
1105,striatum,44,200,DLS,theta,Trials 4-10,7,66,350,-0.2646529541977145,13.700368837687778,68.5018441884389,-0.38283736272127267,12.5
1105,striatum,44,200,DLS,theta,Intermediate,10,66,500,-0.24413576092717504,13.360179871381119,66.80089935690559,-0.1618912367499299,12.5
1105,striatum,44,200,DLS,theta,Expert,10,66,500,-0.09601672479636458,12.562963358549931,62.81481679274965,-0.15172513043629876,12.5
1105,striatum,44,200,DLS,beta,All,200,66,9997,-0.0075471703578260385,12.501760171984053,62.508800859920264,-0.008644834891031072,12.498698093973555
1105,striatum,44,200,DLS,beta,Trials 4-10,7,66,350,-0.3630971446396327,14.067174354043317,70.33587177021658,-0.3281781354119686,12.5
1105,striatum,44,200,DLS,beta,Intermediate,10,66,500,-0.26348569274182787,13.239770693234677,66.19885346617339,-0.20667843258546004,12.5
1105,striatum,44,200,DLS,beta,Expert,10,66,500,-0.3026121945165532,13.41433656721887,67.07168283609435,-0.1723320880695296,12.5
1105,striatum,44,200,DLS,low_gamma,All,200,66,9997,-0.006915824194127174,12.486823954560544,62.43411977280272,-0.008128389404318037,12.498698093973555
1105,striatum,44,200,DLS,low_gamma,Trials 4-10,7,66,350,-0.25271782450162394,13.28089409409488,66.4044704704744,-0.2246651345095685,12.5
1105,striatum,44,200,DLS,low_gamma,Intermediate,10,66,500,-0.25380301912675374,13.312611265344549,66.56305632672274,-0.13186216660911287,12.5
1105,striatum,44,200,DLS,low_gamma,Expert,10,66,500,-0.21404397856845825,13.105096676560603,65.52548338280302,-0.21350982457441936,12.5
1105,striatum,44,200,DLS,high_gamma,All,200,66,9997,-0.004884090297925692,12.443340378891312,62.21670189445656,-0.010626039596163261,12.498698093973555
1105,striatum,44,200,DLS,high_gamma,Trials 4-10,7,66,350,-0.39093298687961076,13.913617664808168,69.56808832404084,-0.3140780119946236,12.5
1105,striatum,44,200,DLS,high_gamma,Intermediate,10,66,500,-0.2688981102906276,13.153566078674475,65.76783039337238,-0.20639024988821664,12.5
1105,striatum,44,200,DLS,high_gamma,Expert,10,66,500,-0.2565417397318326,13.22002893647781,66.10014468238904,-0.19492812195938614,12.5
1105,striatum,44,200,DLS,total,All,200,66,9997,0.003761663153954986,12.385581923723421,61.92790961861711,-0.007497112407860884,12.498698093973555
1105,striatum,44,200,DLS,total,Trials 4-10,7,66,350,-0.2628247581269769,13.40239869068566,67.0119934534283,-0.26452418878595974,12.5
1105,striatum,44,200,DLS,total,Intermediate,10,66,500,-0.26369587186631915,13.320854429845076,66.60427214922538,-0.18164030143291887,12.5
1105,striatum,44,200,DLS,total,Expert,10,66,500,-0.12809878941423847,12.820441984282473,64.10220992141237,-0.14414158577763136,12.5
1105,striatum,44,200,ACC,theta,All,200,50,9997,-0.002191752693847304,12.4439322109464,62.219661054732,-0.010859017118710623,12.498698093973555
1105,striatum,44,200,ACC,theta,Trials 4-10,7,50,350,-0.10894116420046274,12.403423292166652,62.01711646083326,-0.32940495265700087,12.5
1105,striatum,44,200,ACC,theta,Intermediate,10,50,500,-0.2563701158930958,13.483289092241783,67.41644546120892,-0.2595991757875844,12.5
1105,striatum,44,200,ACC,theta,Expert,10,50,500,-0.17007487823079548,12.975518508742306,64.87759254371153,-0.21874488209527887,12.5
1105,striatum,44,200,ACC,beta,All,200,50,9997,-0.007669658576431759,12.523707470428825,62.61853735214412,-0.006628963672326904,12.498698093973555
1105,striatum,44,200,ACC,beta,Trials 4-10,7,50,350,-0.14972478266969436,12.565974343903106,62.82987171951553,-0.20431542775646006,12.5
1105,striatum,44,200,ACC,beta,Intermediate,10,50,500,-0.12249926567788294,12.59956545044019,62.99782725220095,-0.1534729833836228,12.5
1105,striatum,44,200,ACC,beta,Expert,10,50,500,-0.2288956810930578,13.301251555390474,66.50625777695237,-0.13626199103020165,12.5
1105,striatum,44,200,ACC,low_gamma,All,200,50,9997,-0.0012913458212042705,12.436221870544834,62.18110935272417,-0.008483852457383811,12.498698093973555
1105,striatum,44,200,ACC,low_gamma,Trials 4-10,7,50,350,-0.18947071967923623,13.046476497859905,65.23238248929952,-0.26717299056896593,12.5
1105,striatum,44,200,ACC,low_gamma,Intermediate,10,50,500,-0.19860499422747457,12.99460814898767,64.97304074493834,-0.14867834368159993,12.5
1105,striatum,44,200,ACC,low_gamma,Expert,10,50,500,-0.053959852308307354,12.260808101927212,61.30404050963606,-0.14758220323337,12.5
1105,striatum,44,200,ACC,high_gamma,All,200,50,9997,0.024503701279456003,12.069401305657033,60.34700652828516,-0.006291985775441544,12.498698093973555
1105,striatum,44,200,ACC,high_gamma,Trials 4-10,7,50,350,-0.16131179482892866,12.88091924712803,64.40459623564016,-0.3156699581431588,12.5
1105,striatum,44,200,ACC,high_gamma,Intermediate,10,50,500,-0.011967956251019762,11.788446030296289,58.94223015148144,-0.160961371177208,12.5
1105,striatum,44,200,ACC,high_gamma,Expert,10,50,500,-0.051193697646116254,12.02688049511664,60.1344024755832,-0.13918346996922826,12.5
1105,striatum,44,200,ACC,total,All,200,50,9997,0.017755059913802884,12.230503893084698,61.152519465423495,-0.00870831470370792,12.498698093973555
1105,striatum,44,200,ACC,total,Trials 4-10,7,50,350,-0.05741036724881288,11.96501269546735,59.82506347733675,-0.27816524263964837,12.5
1105,striatum,44,200,ACC,total,Intermediate,10,50,500,-0.1405000112174779,12.852959472164429,64.26479736082214,-0.15116681408946886,12.5
1105,striatum,44,200,ACC,total,Expert,10,50,500,-0.11091734544806564,12.61710923288261,63.08554616441305,-0.12358829696376272,12.5
1105,visual,44,200,V1,theta,All,200,92,9997,-0.008018201803597469,12.463567945912347,62.31783972956173,-0.017846899151018558,12.498698093973555
1105,visual,44,200,V1,theta,Trials 4-10,7,92,350,-0.2588010666037599,13.117007588215893,65.58503794107946,-0.6384502218530994,12.5
1105,visual,44,200,V1,theta,Intermediate,10,92,500,-0.14833001542456659,12.505166507871248,62.525832539356244,-0.30523487805151395,12.5
1105,visual,44,200,V1,theta,Expert,10,92,500,-0.41442847374229896,14.17079561853942,70.8539780926971,-0.29116157836081813,12.5
1105,visual,44,200,V1,beta,All,200,92,9997,0.0020267695775949557,12.340021573947519,61.70010786973759,-0.013375320527060364,12.498698093973555
1105,visual,44,200,V1,beta,Trials 4-10,7,92,350,-0.36554637884576824,13.498207192457134,67.49103596228566,-0.46035034324131696,12.5
1105,visual,44,200,V1,beta,Intermediate,10,92,500,-0.21408625838798012,12.738494774287993,63.692473871439965,-0.35677440843168684,12.5
1105,visual,44,200,V1,beta,Expert,10,92,500,-0.20699789878346486,12.58781856826249,62.93909284131245,-0.30853493663080434,12.5
1105,visual,44,200,V1,low_gamma,All,200,92,9997,0.02277512845197527,12.137450741664548,60.68725370832274,-0.01205477744909289,12.498698093973555
1105,visual,44,200,V1,low_gamma,Trials 4-10,7,92,350,-0.18861452785648036,12.802180787403769,64.01090393701884,-0.5049112662617112,12.5
1105,visual,44,200,V1,low_gamma,Intermediate,10,92,500,-0.20194857191227622,12.836851045297596,64.18425522648798,-0.3337735056912148,12.5
1105,visual,44,200,V1,low_gamma,Expert,10,92,500,-0.2943517605043804,13.220383029263008,66.10191514631504,-0.2847094677519042,12.5
1105,visual,44,200,V1,high_gamma,All,200,92,9997,0.024611220716445836,12.218496081554843,61.09248040777422,-0.015433105683337,12.498698093973555
1105,visual,44,200,V1,high_gamma,Trials 4-10,7,92,350,-0.5578501275200225,14.418431376119011,72.09215688059506,-0.6237024608137385,12.5
1105,visual,44,200,V1,high_gamma,Intermediate,10,92,500,-0.1643652275509282,12.676231906985464,63.38115953492732,-0.28825749758972075,12.5
1105,visual,44,200,V1,high_gamma,Expert,10,92,500,-0.22156824083887616,12.640528680972006,63.20264340486003,-0.2726108018019582,12.5
1105,visual,44,200,V1,total,All,200,92,9997,0.03514613006892797,12.033166612049543,60.165833060247714,-0.01035346134858206,12.498698093973555
1105,visual,44,200,V1,total,Trials 4-10,7,92,350,-0.10937179339302139,11.976616043716572,59.88308021858286,-0.47545775201175755,12.5
1105,visual,44,200,V1,total,Intermediate,10,92,500,-0.13708644349619803,12.53261186488024,62.663059324401196,-0.2632470929791939,12.5
1105,visual,44,200,V1,total,Expert,10,92,500,-0.27777037854065356,13.373397447627655,66.86698723813828,-0.23469902696106626,12.5
1106,striatum,67,189,DMS,theta,All,189,52,9141,-0.009263199037838232,12.428410784456885,62.142053922284425,-0.01044974004677579,12.44403849829557
1106,striatum,67,189,DMS,theta,Trials 4-10,7,52,350,-0.5417168661528915,14.61295022381394,73.0647511190697,-0.41520992702303694,12.5
1106,striatum,67,189,DMS,theta,Intermediate,10,52,488,-0.2568510282126697,13.21002657338457,66.05013286692285,-0.306522940401571,12.40341977962913
1106,striatum,67,189,DMS,theta,Expert,10,52,492,-0.2329727699299422,13.004971246490097,65.02485623245049,-0.22652089496637706,12.475518871042368
1106,striatum,67,189,DMS,beta,All,189,52,9141,-0.006636793089119353,12.46098156603662,62.304907830183105,-0.007442605986085926,12.44403849829557
1106,striatum,67,189,DMS,beta,Trials 4-10,7,52,350,-0.2779905109695697,13.44851230482105,67.24256152410524,-0.33483249298345474,12.5
1106,striatum,67,189,DMS,beta,Intermediate,10,52,488,-0.15369574656561547,12.749114819039415,63.74557409519707,-0.13776364080445136,12.40341977962913
1106,striatum,67,189,DMS,beta,Expert,10,52,492,-0.1662473642548694,12.8919402008433,64.4597010042165,-0.17794734054084604,12.475518871042368
1106,striatum,67,189,DMS,low_gamma,All,189,52,9141,-0.007973336514209173,12.4468460095989,62.2342300479945,-0.008529000423793898,12.44403849829557
1106,striatum,67,189,DMS,low_gamma,Trials 4-10,7,52,350,-0.3541966506789329,13.904636877436683,69.52318438718342,-0.2529580367747384,12.5
1106,striatum,67,189,DMS,low_gamma,Intermediate,10,52,488,-0.22328479693035996,13.265400279286952,66.32700139643477,-0.21993017306896934,12.40341977962913
1106,striatum,67,189,DMS,low_gamma,Expert,10,52,492,-0.15266369409570735,12.624351414928034,63.12175707464017,-0.1313631406591873,12.475518871042368
1106,striatum,67,189,DMS,high_gamma,All,189,52,9141,0.015308325090500619,12.241960539091652,61.20980269545826,-0.008140825878433677,12.44403849829557
1106,striatum,67,189,DMS,high_gamma,Trials 4-10,7,52,350,-0.0899551667991858,12.569839582092094,62.84919791046047,-0.24789127292288482,12.5
1106,striatum,67,189,DMS,high_gamma,Intermediate,10,52,488,-0.19048785133864343,12.882145419093197,64.41072709546599,-0.11048574877456097,12.40341977962913
1106,striatum,67,189,DMS,high_gamma,Expert,10,52,492,-0.17124738458452127,12.710882960296429,63.554414801482146,-0.2000071580671725,12.475518871042368
1106,striatum,67,189,DMS,total,All,189,52,9141,0.0030487659603685158,12.345081985379103,61.725409926895516,-0.010829703988328498,12.44403849829557
1106,striatum,67,189,DMS,total,Trials 4-10,7,52,350,-0.25203420504348273,13.329996275764097,66.64998137882048,-0.3644896833520044,12.5
1106,striatum,67,189,DMS,total,Intermediate,10,52,488,-0.2309110655551787,13.259647616831037,66.29823808415519,-0.15463803991713343,12.40341977962913
1106,striatum,67,189,DMS,total,Expert,10,52,492,-0.1541006493426016,12.748429072890675,63.74214536445337,-0.17442038135026072,12.475518871042368
1106,striatum,67,189,DLS,theta,All,189,82,9141,-0.008133056701983499,12.377322569327818,61.88661284663909,-0.01862292155365397,12.44403849829557
1106,striatum,67,189,DLS,theta,Trials 4-10,7,82,350,-0.8362971769518881,15.594103742330029,77.97051871165014,-0.5569892086754,12.5
1106,striatum,67,189,DLS,theta,Intermediate,10,82,488,-0.32024901065347855,13.290014335725465,66.45007167862732,-0.4643425372569123,12.40341977962913
1106,striatum,67,189,DLS,theta,Expert,10,82,492,-0.48955375330334605,14.01083016646494,70.0541508323247,-0.3994166444337752,12.475518871042368
1106,striatum,67,189,DLS,beta,All,189,82,9141,-0.0023776438746085926,12.343038051606941,61.7151902580347,-0.013535496177092154,12.44403849829557
1106,striatum,67,189,DLS,beta,Trials 4-10,7,82,350,-0.5300918909567911,14.13787863450706,70.6893931725353,-0.4457615305614364,12.5
1106,striatum,67,189,DLS,beta,Intermediate,10,82,488,-0.301306310789079,13.131751870599157,65.65875935299579,-0.2821072458303784,12.40341977962913
1106,striatum,67,189,DLS,beta,Expert,10,82,492,-0.33451548767855854,13.32805572999092,66.6402786499546,-0.3010841928152719,12.475518871042368
1106,striatum,67,189,DLS,low_gamma,All,189,82,9141,0.02709096528021815,11.999584808522034,59.997924042610165,-0.013752492141260397,12.44403849829557
1106,striatum,67,189,DLS,low_gamma,Trials 4-10,7,82,350,-0.47219090035788636,13.646598567344606,68.23299283672303,-0.39893411206758445,12.5
1106,striatum,67,189,DLS,low_gamma,Intermediate,10,82,488,-0.16486334630751687,12.5812567595159,62.906283797579505,-0.21481149992775483,12.40341977962913
1106,striatum,67,189,DLS,low_gamma,Expert,10,82,492,-0.10626440047255259,12.084848282114049,60.42424141057025,-0.2721866666485959,12.475518871042368
1106,striatum,67,189,DLS,high_gamma,All,189,82,9141,-0.0027956244823694743,12.352756331924358,61.763781659621785,-0.013693979902363651,12.44403849829557
1106,striatum,67,189,DLS,high_gamma,Trials 4-10,7,82,350,-0.2498412024863328,12.966360402300387,64.83180201150194,-0.4084170260562334,12.5
1106,striatum,67,189,DLS,high_gamma,Intermediate,10,82,488,-0.2752247072131986,13.335366795669753,66.67683397834877,-0.2736998994500195,12.40341977962913
1106,striatum,67,189,DLS,high_gamma,Expert,10,82,492,-0.44747991011869614,14.076743092082545,70.38371546041273,-0.27645140327805007,12.475518871042368
1106,striatum,67,189,DLS,total,All,189,82,9141,0.037422418722651396,11.91286693611361,59.56433468056805,-0.014487630104837113,12.44403849829557
1106,striatum,67,189,DLS,total,Trials 4-10,7,82,350,-0.458898331826604,13.202732087117937,66.01366043558968,-0.5854286148062,12.5
1106,striatum,67,189,DLS,total,Intermediate,10,82,488,-0.20146603913297856,12.609064142227002,63.045320711135005,-0.29530114826883413,12.40341977962913
1106,striatum,67,189,DLS,total,Expert,10,82,492,-0.07978062668872976,11.974331851405749,59.871659257028746,-0.30728219558225867,12.475518871042368
1106,striatum,67,189,ACC,theta,All,189,72,9141,-0.00408766875185651,12.345177797663375,61.725888988316875,-0.018498037068239492,12.44403849829557
1106,striatum,67,189,ACC,theta,Trials 4-10,7,72,350,-0.5926384206667152,14.633103148911514,73.16551574455757,-0.5280557041109628,12.5
1106,striatum,67,189,ACC,theta,Intermediate,10,72,488,-0.3241784385406785,13.390523780975883,66.95261890487942,-0.40260301492414396,12.40341977962913
1106,striatum,67,189,ACC,theta,Expert,10,72,492,-0.25026805149930387,12.76530949472688,63.8265474736344,-0.38288577510518373,12.475518871042368
1106,striatum,67,189,ACC,beta,All,189,72,9141,-0.006100766670999125,12.423628229424274,62.11814114712137,-0.009749786463748578,12.44403849829557
1106,striatum,67,189,ACC,beta,Trials 4-10,7,72,350,-0.5359921621034069,14.504324476783182,72.52162238391591,-0.3792807171896273,12.5
1106,striatum,67,189,ACC,beta,Intermediate,10,72,488,-0.18191858002004824,12.492681907736813,62.46340953868406,-0.27317042525446533,12.40341977962913
1106,striatum,67,189,ACC,beta,Expert,10,72,492,-0.11937460141402778,12.217140543344263,61.085702716721315,-0.2513981476464324,12.475518871042368
1106,striatum,67,189,ACC,low_gamma,All,189,72,9141,-0.001240789753051974,12.357740349545185,61.78870174772592,-0.011101250167865784,12.44403849829557
1106,striatum,67,189,ACC,low_gamma,Trials 4-10,7,72,350,-0.3637359814719603,13.68352867804131,68.41764339020655,-0.43179459350160965,12.5
1106,striatum,67,189,ACC,low_gamma,Intermediate,10,72,488,-0.2695417600678902,12.923586401814884,64.61793200907442,-0.2638921153502505,12.40341977962913
1106,striatum,67,189,ACC,low_gamma,Expert,10,72,492,-0.15915778689639648,12.304009445041677,61.52004722520839,-0.2881441005727363,12.475518871042368
1106,striatum,67,189,ACC,high_gamma,All,189,72,9141,0.00317913653646984,12.345353542517884,61.72676771258942,-0.009536079166301059,12.44403849829557
1106,striatum,67,189,ACC,high_gamma,Trials 4-10,7,72,350,-0.4927315359963833,14.249335565776128,71.24667782888065,-0.39457973621863696,12.5
1106,striatum,67,189,ACC,high_gamma,Intermediate,10,72,488,-0.3232792153685984,13.595941892097333,67.97970946048666,-0.21779151467185143,12.40341977962913
1106,striatum,67,189,ACC,high_gamma,Expert,10,72,492,-0.12999206228966043,12.236304787010702,61.18152393505351,-0.2510922443903123,12.475518871042368
1106,striatum,67,189,ACC,total,All,189,72,9141,0.005691794852873189,12.274948112477635,61.37474056238817,-0.010672415424793913,12.44403849829557
1106,striatum,67,189,ACC,total,Trials 4-10,7,72,350,-0.7221287397917782,15.028478000698778,75.14239000349389,-0.4416772096375685,12.5
1106,striatum,67,189,ACC,total,Intermediate,10,72,488,-0.17925835911965105,12.539385350204086,62.69692675102043,-0.23704197378037595,12.40341977962913
1106,striatum,67,189,ACC,total,Expert,10,72,492,-0.2379836334644585,12.75439074823547,63.771953741177356,-0.25328457410717364,12.475518871042368
1106,visual,67,189,V1,theta,All,189,52,9141,0.019740618945504385,12.245972151119776,61.22986075559888,-0.01001534677418392,12.44403849829557
1106,visual,67,189,V1,theta,Trials 4-10,7,52,350,-0.36827849436582727,14.026364470278697,70.13182235139348,-0.35663405806224446,12.5
1106,visual,67,189,V1,theta,Intermediate,10,52,488,-0.23643685842729578,13.239715346116382,66.1985767305819,-0.17981613672346963,12.40341977962913
1106,visual,67,189,V1,theta,Expert,10,52,492,0.03556973766942706,11.363384381846387,56.81692190923194,-0.25602766368549656,12.475518871042368
1106,visual,67,189,V1,beta,All,189,52,9141,0.019552471365068436,12.181626658408982,60.90813329204491,-0.007219708716855067,12.44403849829557
1106,visual,67,189,V1,beta,Trials 4-10,7,52,350,-0.27661971692855714,13.237102186054658,66.1855109302733,-0.2259025140963864,12.5
1106,visual,67,189,V1,beta,Intermediate,10,52,488,-0.08467643434895211,12.233058026867292,61.16529013433646,-0.18449488409780246,12.40341977962913
1106,visual,67,189,V1,beta,Expert,10,52,492,0.016476926560147986,11.33197064877757,56.65985324388785,-0.17271506033229778,12.475518871042368
1106,visual,67,189,V1,low_gamma,All,189,52,9141,0.034232223186709154,12.024232402416374,60.12116201208187,-0.00911799967406357,12.44403849829557
1106,visual,67,189,V1,low_gamma,Trials 4-10,7,52,350,-0.21052852912825926,13.192019369123729,65.96009684561865,-0.1821127737497361,12.5
1106,visual,67,189,V1,low_gamma,Intermediate,10,52,488,-0.10156370420802374,12.411615593175611,62.058077965878056,-0.1859166495043727,12.40341977962913
1106,visual,67,189,V1,low_gamma,Expert,10,52,492,0.10633081194818028,10.873644548001014,54.368222740005066,-0.16563446198114162,12.475518871042368
1106,visual,67,189,V1,high_gamma,All,189,52,9141,0.041128790680810434,11.993668261584313,59.96834130792156,-0.006738280444052558,12.44403849829557
1106,visual,67,189,V1,high_gamma,Trials 4-10,7,52,350,-0.10029445455173991,12.389349551819478,61.94674775909739,-0.2339096062173347,12.5
1106,visual,67,189,V1,high_gamma,Intermediate,10,52,488,-0.07623322165202451,12.071956221681013,60.359781108405066,-0.1772235848581487,12.40341977962913
1106,visual,67,189,V1,high_gamma,Expert,10,52,492,-0.045443475123735144,12.01512449012447,60.07562245062235,-0.15660702257653147,12.475518871042368
1106,visual,67,189,V1,total,All,189,52,9141,0.06355673143767415,11.822255941543538,59.11127970771769,-0.010389248448782196,12.44403849829557
1106,visual,67,189,V1,total,Trials 4-10,7,52,350,-0.14970184587343716,12.809679599734986,64.04839799867493,-0.4081921939563242,12.5
1106,visual,67,189,V1,total,Intermediate,10,52,488,0.044085266261893574,11.518449610641811,57.592248053209055,-0.17980035911005743,12.40341977962913
1106,visual,67,189,V1,total,Expert,10,52,492,0.13161844337243234,10.685976536135028,53.42988268067514,-0.12182801724056791,12.475518871042368
1201,striatum,84,200,DMS,theta,All,200,60,9959,0.025711941246759462,12.074993153601593,60.37496576800797,-0.012941135345057253,12.4816936708302
1201,striatum,84,200,DMS,theta,Trials 4-10,7,60,350,-0.2311197268132532,13.24864726578222,66.2432363289111,-0.37331464614386456,12.5
1201,striatum,84,200,DMS,theta,Intermediate,10,60,500,-0.24848409974998642,13.362102167507746,66.81051083753873,-0.1969895011684859,12.5
1201,striatum,84,200,DMS,theta,Expert,10,60,500,-0.3474065053211277,13.495140950141412,67.47570475070705,-0.2948916428279891,12.5
1201,striatum,84,200,DMS,beta,All,200,60,9959,0.011960199922133374,12.200096409023267,61.000482045116335,-0.009956184000053492,12.4816936708302
1201,striatum,84,200,DMS,beta,Trials 4-10,7,60,350,-0.41579721959796134,13.844068226697397,69.22034113348698,-0.28473285394683856,12.5
1201,striatum,84,200,DMS,beta,Intermediate,10,60,500,-0.14862850976134379,12.734648869134537,63.673244345672686,-0.25955919889073686,12.5
1201,striatum,84,200,DMS,beta,Expert,10,60,500,-0.12539641435997106,12.378993779303503,61.89496889651751,-0.20110975837516776,12.5
1201,striatum,84,200,DMS,low_gamma,All,200,60,9959,0.029914150914832738,11.970181433646575,59.85090716823287,-0.009816235274167306,12.4816936708302
1201,striatum,84,200,DMS,low_gamma,Trials 4-10,7,60,350,-0.30307388808421165,13.408179384254483,67.04089692127242,-0.5499479769428426,12.5
1201,striatum,84,200,DMS,low_gamma,Intermediate,10,60,500,-0.2646205750386357,13.343943794950219,66.71971897475109,-0.20124989139640426,12.5
1201,striatum,84,200,DMS,low_gamma,Expert,10,60,500,-0.10788932883570368,11.928257760913155,59.641288804565775,-0.2318875642884075,12.5
1201,striatum,84,200,DMS,high_gamma,All,200,60,9959,0.05190759629048336,11.71945375237263,58.59726876186315,-0.010298784033716313,12.4816936708302
1201,striatum,84,200,DMS,high_gamma,Trials 4-10,7,60,350,-0.5809046383477343,14.68733797804563,73.43668989022815,-0.34331518966687957,12.5
1201,striatum,84,200,DMS,high_gamma,Intermediate,10,60,500,-0.15918134006561724,12.448968165556275,62.244840827781374,-0.21176823783090337,12.5
1201,striatum,84,200,DMS,high_gamma,Expert,10,60,500,-0.15363756277745733,12.312498344308766,61.56249172154383,-0.23076668277940993,12.5
1201,striatum,84,200,DMS,total,All,200,60,9959,0.03639225739024976,11.997492071303665,59.987460356518326,-0.012043844278250893,12.4816936708302
1201,striatum,84,200,DMS,total,Trials 4-10,7,60,350,-0.34699946652926217,13.883999517893972,69.41999758946986,-0.3461465470602023,12.5
1201,striatum,84,200,DMS,total,Intermediate,10,60,500,-0.23779134845830274,12.71571407010771,63.57857035053855,-0.2284677916657365,12.5
1201,striatum,84,200,DMS,total,Expert,10,60,500,0.02548979596932288,11.458623400201718,57.29311700100859,-0.22749450428132056,12.5
1201,striatum,84,200,DLS,theta,All,200,46,9959,0.02840201077433213,12.034268021710501,60.171340108552506,-0.010334178192018983,12.4816936708302
1201,striatum,84,200,DLS,theta,Trials 4-10,7,46,350,-0.37492296240794865,13.657595655225846,68.28797827612922,-0.4167335299174677,12.5
1201,striatum,84,200,DLS,theta,Intermediate,10,46,500,-0.17089891615600172,12.496875328416543,62.484376642082715,-0.16938220751797295,12.5
1201,striatum,84,200,DLS,theta,Expert,10,46,500,-0.08398320911570667,12.160387399699525,60.801936998497624,-0.1767917917085955,12.5
1201,striatum,84,200,DLS,beta,All,200,46,9959,0.009609824856119276,12.297162078176864,61.485810390884325,-0.006834029193317548,12.4816936708302
1201,striatum,84,200,DLS,beta,Trials 4-10,7,46,350,-0.4117019400628348,14.044087396129974,70.22043698064988,-0.29925259277246474,12.5
1201,striatum,84,200,DLS,beta,Intermediate,10,46,500,-0.16024865671624222,12.715390905169002,63.57695452584501,-0.16996892317725676,12.5
1201,striatum,84,200,DLS,beta,Expert,10,46,500,-0.26606022934985085,13.352014195079995,66.76007097539997,-0.15668841422847546,12.5
1201,striatum,84,200,DLS,low_gamma,All,200,46,9959,0.024455981559022733,12.077047089857635,60.385235449288174,-0.007218228432342766,12.4816936708302
1201,striatum,84,200,DLS,low_gamma,Trials 4-10,7,46,350,-0.06879385820825745,12.116801931842529,60.58400965921265,-0.20212132726035303,12.5
1201,striatum,84,200,DLS,low_gamma,Intermediate,10,46,500,-0.15788406551087752,12.708429790246281,63.54214895123141,-0.1372540948912091,12.5
1201,striatum,84,200,DLS,low_gamma,Expert,10,46,500,-0.12782415159899818,12.23548751721239,61.17743758606195,-0.15988729467576568,12.5
1201,striatum,84,200,DLS,high_gamma,All,200,46,9959,0.018406736518757794,12.130651045774506,60.65325522887253,-0.007881121950571446,12.4816936708302
1201,striatum,84,200,DLS,high_gamma,Trials 4-10,7,46,350,-0.24535807113685326,13.010421115675214,65.05210557837607,-0.24145550066370358,12.5
1201,striatum,84,200,DLS,high_gamma,Intermediate,10,46,500,-0.09104895176405381,12.231419698013898,61.15709849006949,-0.15547391043878522,12.5
1201,striatum,84,200,DLS,high_gamma,Expert,10,46,500,-0.014634679192227384,11.762271754003374,58.81135877001687,-0.1759624178698418,12.5
1201,striatum,84,200,DLS,total,All,200,46,9959,0.011529570232051256,12.234875336653051,61.17437668326525,-0.007113097895076859,12.4816936708302
1201,striatum,84,200,DLS,total,Trials 4-10,7,46,350,-0.668586222720791,13.705934724386765,68.52967362193382,-0.34947490980638274,12.5
1201,striatum,84,200,DLS,total,Intermediate,10,46,500,-0.1026602782469761,12.517648486453256,62.58824243226628,-0.2770407870644074,12.5
1201,striatum,84,200,DLS,total,Expert,10,46,500,-0.3493423550359951,13.390341943391617,66.95170971695808,-0.3109512664953089,12.5
1201,striatum,84,200,ACC,theta,All,200,50,9959,0.023886262255877977,12.086531041379509,60.43265520689754,-0.010306126209580269,12.4816936708302
1201,striatum,84,200,ACC,theta,Trials 4-10,7,50,350,-0.3888977257822772,13.595338960441275,67.97669480220637,-0.34881098414067035,12.5
1201,striatum,84,200,ACC,theta,Intermediate,10,50,500,-0.21151183227970605,12.921175526777239,64.6058776338862,-0.2464202986300834,12.5
1201,striatum,84,200,ACC,theta,Expert,10,50,500,-0.15241543699788074,12.373083690490873,61.865418452454364,-0.25463034009735686,12.5
1201,striatum,84,200,ACC,beta,All,200,50,9959,0.007276313231734388,12.293362716459448,61.46681358229724,-0.008489801756194959,12.4816936708302
1201,striatum,84,200,ACC,beta,Trials 4-10,7,50,350,-0.34325735717102046,13.861388916660232,69.30694458330116,-0.23152830381685274,12.5
1201,striatum,84,200,ACC,beta,Intermediate,10,50,500,-0.13909890840257666,12.683105214276889,63.41552607138445,-0.15643155117164365,12.5
1201,striatum,84,200,ACC,beta,Expert,10,50,500,-0.29857554134522823,13.72207800279489,68.61039001397445,-0.18485088490963486,12.5
1201,striatum,84,200,ACC,low_gamma,All,200,50,9959,0.027908506172467096,12.008380586834551,60.041902934172754,-0.006877175355673559,12.4816936708302
1201,striatum,84,200,ACC,low_gamma,Trials 4-10,7,50,350,-0.231017684002357,13.062564514190207,65.31282257095103,-0.2143151150320366,12.5
1201,striatum,84,200,ACC,low_gamma,Intermediate,10,50,500,-0.16535186216442477,12.809867638803189,64.04933819401595,-0.1700314932393976,12.5
1201,striatum,84,200,ACC,low_gamma,Expert,10,50,500,-0.14064562685279447,12.660048072604551,63.30024036302276,-0.12575296219900145,12.5
1201,striatum,84,200,ACC,high_gamma,All,200,50,9959,0.02371267460987947,12.064668729345332,60.323343646726656,-0.00885013134135959,12.4816936708302
1201,striatum,84,200,ACC,high_gamma,Trials 4-10,7,50,350,-0.26033516354826935,13.107526572288592,65.53763286144296,-0.35870511067040933,12.5
1201,striatum,84,200,ACC,high_gamma,Intermediate,10,50,500,-0.25020738705981693,13.307918454903307,66.53959227451654,-0.19682012672938098,12.5
1201,striatum,84,200,ACC,high_gamma,Expert,10,50,500,-0.17990518835383873,12.770770420042338,63.85385210021169,-0.22244092911696023,12.5
1201,striatum,84,200,ACC,total,All,200,50,9959,0.021612107498616195,12.161787725085981,60.8089386254299,-0.012363499487240581,12.4816936708302
1201,striatum,84,200,ACC,total,Trials 4-10,7,50,350,-0.30878957245070926,13.840957187151346,69.20478593575673,-0.3814632756705125,12.5
1201,striatum,84,200,ACC,total,Intermediate,10,50,500,-0.036094589993627135,11.90627530298211,59.53137651491055,-0.2240468533743405,12.5
1201,striatum,84,200,ACC,total,Expert,10,50,500,-0.40139281677854854,13.352653763099926,66.76326881549963,-0.3463573028080267,12.5
1206,striatum,,104,DMS,theta,All,104,72,5167,-0.007631301162823068,12.345201754824007,61.72600877412003,-0.028590303533418293,12.512981831634702
1206,striatum,,104,DMS,theta,Trials 4-10,7,72,350,-0.5318526155561791,15.018425215793041,75.09212607896521,-0.37122828122091156,12.5
1206,striatum,,104,DMS,beta,All,104,72,5167,-0.01937153310768136,12.503373824631096,62.51686912315548,-0.0195836980277595,12.512981831634702
1206,striatum,,104,DMS,beta,Trials 4-10,7,72,350,-0.32380033171615885,13.441387043536082,67.20693521768041,-0.44700059333774167,12.5
1206,striatum,,104,DMS,low_gamma,All,104,72,5167,-0.006875731620794356,12.393782408057575,61.968912040287876,-0.02107405792282635,12.512981831634702
1206,striatum,,104,DMS,low_gamma,Trials 4-10,7,72,350,-0.3138852294565271,13.382761564112823,66.91380782056412,-0.361063777618021,12.5
1206,striatum,,104,DMS,high_gamma,All,104,72,5167,-0.013281254916738927,12.40898887485774,62.044944374288704,-0.013671750212935319,12.512981831634702
1206,striatum,,104,DMS,high_gamma,Trials 4-10,7,72,350,-0.43583996157273086,14.239791668615139,71.19895834307569,-0.3378237836541145,12.5
1206,striatum,,104,DMS,total,All,104,72,5167,-0.007794288031168328,12.42891032509109,62.14455162545545,-0.01874977224846086,12.512981831634702
1206,striatum,,104,DMS,total,Trials 4-10,7,72,350,-0.4067204472338024,14.2032069645065,71.0160348225325,-0.3483688735035675,12.5
1206,visual,,104,V1,theta,All,104,94,5167,0.15417593238071692,10.859257651254563,54.29628825627282,-0.03689988741749706,12.512981831634702
1206,visual,,104,V1,theta,Trials 4-10,7,94,350,-0.006927527956175572,11.84203578150906,59.2101789075453,-0.35077941643720023,12.5
1206,visual,,104,V1,beta,All,104,94,5167,0.08136080548243341,11.381949180446583,56.90974590223291,-0.025472213995989534,12.512981831634702
1206,visual,,104,V1,beta,Trials 4-10,7,94,350,-0.3267850065733109,13.592494385160867,67.96247192580434,-0.38779475426551824,12.5
1206,visual,,104,V1,low_gamma,All,104,94,5167,0.17410866112430512,10.650642517274813,53.25321258637406,-0.026131537778392833,12.512981831634702
1206,visual,,104,V1,low_gamma,Trials 4-10,7,94,350,-0.22009256301781788,13.213447826844712,66.06723913422356,-0.365310796675262,12.5
1206,visual,,104,V1,high_gamma,All,104,94,5167,0.13780000718418473,10.919062972335617,54.595314861678084,-0.027834774958289676,12.512981831634702
1206,visual,,104,V1,high_gamma,Trials 4-10,7,94,350,-0.30851970254758454,13.39867991670422,66.9933995835211,-0.5440280700456261,12.5
1206,visual,,104,V1,total,All,104,94,5167,0.17977502365884257,10.612012950348708,53.06006475174354,-0.03869240645805294,12.512981831634702
1206,visual,,104,V1,total,Trials 4-10,7,94,350,-0.21695339752101006,12.881426558929673,64.40713279464836,-0.373357210840515,12.5
1206,visual,,104,CA1,theta,All,104,60,5167,0.07736394126570811,11.483770891337644,57.418854456688216,-0.02277039856047547,12.512981831634702
1206,visual,,104,CA1,theta,Trials 4-10,7,60,350,-0.023409333577298685,11.797249200220005,58.98624600110003,-0.29376751617279706,12.5
1206,visual,,104,CA1,beta,All,104,60,5167,0.014427846401881106,12.162992132932258,60.81496066466129,-0.0173933748739159,12.512981831634702
1206,visual,,104,CA1,beta,Trials 4-10,7,60,350,-0.15036626718108215,12.852042121199572,64.26021060599786,-0.1832439269109718,12.5
1206,visual,,104,CA1,low_gamma,All,104,60,5167,0.033359907945475054,11.836829853857923,59.18414926928961,-0.015656919096274757,12.512981831634702
1206,visual,,104,CA1,low_gamma,Trials 4-10,7,60,350,-0.1261372231348623,12.66625052656208,63.331252632810404,-0.15590475096417133,12.5
1206,visual,,104,CA1,high_gamma,All,104,60,5167,0.09461388983106622,11.458520154938617,57.292600774693085,-0.01673030916316187,12.512981831634702
1206,visual,,104,CA1,high_gamma,Trials 4-10,7,60,350,-0.19520316401680704,12.928134421515585,64.64067210757793,-0.23121038205794253,12.5
1206,visual,,104,CA1,total,All,104,60,5167,0.07051276354838243,11.520385760632172,57.60192880316086,-0.02031664828468993,12.512981831634702
1206,visual,,104,CA1,total,Trials 4-10,7,60,350,-0.1640404728388669,12.853071423841767,64.26535711920883,-0.1545924873823845,12.5
1206,visual,,104,DG,theta,All,104,78,5167,0.12777640319992312,10.977108027172292,54.88554013586146,-0.03170964865661663,12.512981831634702
1206,visual,,104,DG,theta,Trials 4-10,7,78,350,-0.07315774764340466,11.91027314786196,59.551365739309794,-0.12992034387930285,12.5
1206,visual,,104,DG,beta,All,104,78,5167,0.03711225155932141,11.920839929338738,59.604199646693694,-0.022917469144418945,12.512981831634702
1206,visual,,104,DG,beta,Trials 4-10,7,78,350,-0.12630245423266429,13.126304255249748,65.63152127624873,-0.18662580960368147,12.5
1206,visual,,104,DG,low_gamma,All,104,78,5167,0.06879060001056458,11.531511582915217,57.65755791457608,-0.019920328336800353,12.512981831634702
1206,visual,,104,DG,low_gamma,Trials 4-10,7,78,350,-0.017281411233718735,11.968366086172573,59.84183043086286,-0.08161975548695688,12.5
1206,visual,,104,DG,high_gamma,All,104,78,5167,0.021893434268887124,12.064879531557047,60.324397657785234,-0.028237819928034424,12.512981831634702
1206,visual,,104,DG,high_gamma,Trials 4-10,7,78,350,-0.13630540709449845,12.54926935196732,62.7463467598366,-0.24236469858013376,12.5
1206,visual,,104,DG,total,All,104,78,5167,0.1263318344039358,10.968516060768602,54.84258030384301,-0.02723306136085868,12.512981831634702
1206,visual,,104,DG,total,Trials 4-10,7,78,350,0.01720016382241807,11.53475540886342,57.6737770443171,-0.1772877871598737,12.5
1212,striatum,23,155,DMS,theta,All,155,62,5341,0.0025155678242321233,12.236813399315075,61.184066996575375,-0.022534249608503476,12.494338115788734
1212,striatum,23,155,DMS,theta,Trials 4-10,7,62,350,-0.22794687715742157,13.130934778967637,65.65467389483818,-0.3874170968623445,12.5
1212,striatum,23,155,DMS,theta,Intermediate,10,62,500,-0.2530951117232765,13.37200155821751,66.86000779108755,-0.16612534100801768,12.5
1212,striatum,23,155,DMS,theta,Expert,10,62,500,-0.1976684550195238,13.195121016089626,65.97560508044813,-0.223108928170201,12.5
1212,striatum,23,155,DMS,beta,All,155,62,5341,-0.007748337129267924,12.430588735359605,62.152943676798024,-0.014550737093425692,12.494338115788734
1212,striatum,23,155,DMS,beta,Trials 4-10,7,62,350,-0.2824901275108507,13.182514326993795,65.91257163496897,-0.34948090564348555,12.5
1212,striatum,23,155,DMS,beta,Intermediate,10,62,500,-0.20436238314956667,13.100360136213729,65.50180068106864,-0.18976839595018835,12.5
1212,striatum,23,155,DMS,beta,Expert,10,62,500,-0.23462132464539787,13.264876338022871,66.32438169011435,-0.15728582418274373,12.5
1212,striatum,23,155,DMS,low_gamma,All,155,62,5341,0.007779949511885098,12.218483148239914,61.09241574119957,-0.01690333944299338,12.494338115788734
1212,striatum,23,155,DMS,low_gamma,Trials 4-10,7,62,350,-0.261071277163057,13.111951429694772,65.55975714847386,-0.2598996136520002,12.5
1212,striatum,23,155,DMS,low_gamma,Intermediate,10,62,500,-0.20623280728573246,13.062008095430073,65.31004047715037,-0.19398270531952666,12.5
1212,striatum,23,155,DMS,low_gamma,Expert,10,62,500,-0.23599028237528774,13.375265487957614,66.87632743978807,-0.20021797302943112,12.5
1212,striatum,23,155,DMS,high_gamma,All,155,62,5341,0.011724866981220106,12.192940782687307,60.96470391343654,-0.018187722736262346,12.494338115788734
1212,striatum,23,155,DMS,high_gamma,Trials 4-10,7,62,350,-0.33591386380735244,13.395518306469562,66.97759153234782,-0.21972915411686667,12.5
1212,striatum,23,155,DMS,high_gamma,Intermediate,10,62,500,-0.24243950692601368,13.179489801771982,65.89744900885991,-0.19820351514392098,12.5
1212,striatum,23,155,DMS,high_gamma,Expert,10,62,500,-0.1598550733334403,12.719752005987223,63.598760029936116,-0.19208368241369111,12.5
1212,striatum,23,155,DMS,total,All,155,62,5341,-0.0008732692983834944,12.293365883919233,61.466829419596166,-0.015044696171171656,12.494338115788734
1212,striatum,23,155,DMS,total,Trials 4-10,7,62,350,-0.22595181354036797,12.986752393752145,64.93376196876072,-0.2441877689150107,12.5
1212,striatum,23,155,DMS,total,Intermediate,10,62,500,-0.17639753592530738,12.86396655170466,64.3198327585233,-0.15285179123725934,12.5
1212,striatum,23,155,DMS,total,Expert,10,62,500,-0.18424918079464447,12.915928336202398,64.57964168101199,-0.1928159576866344,12.5
1212,striatum,23,155,DLS,theta,All,155,32,5341,-0.008194637805521543,12.420193459342226,62.10096729671113,-0.01300026087109063,12.494338115788734
1212,striatum,23,155,DLS,theta,Trials 4-10,7,32,350,-0.2072949282438461,13.064375895606284,65.32187947803142,-0.19672686657524774,12.5
1212,striatum,23,155,DLS,theta,Intermediate,10,32,500,-0.16959124754419652,13.322117014271658,66.61058507135829,-0.08904224287401852,12.5
1212,striatum,23,155,DLS,theta,Expert,10,32,500,-0.029795392274401422,12.130885834600894,60.65442917300447,-0.11299716399498694,12.5
1212,striatum,23,155,DLS,beta,All,155,32,5341,-0.00786999508186148,12.50343325974801,62.517166298740044,-0.006990575537928478,12.494338115788734
1212,striatum,23,155,DLS,beta,Trials 4-10,7,32,350,-0.1629367229513039,13.295022376997093,66.47511188498547,-0.1502647215639259,12.5
1212,striatum,23,155,DLS,beta,Intermediate,10,32,500,-0.08746609923600146,12.706155556641791,63.530777783208954,-0.11000262419089091,12.5
1212,striatum,23,155,DLS,beta,Expert,10,32,500,-0.15164261249179445,13.162187801847864,65.81093900923932,-0.08338267617854256,12.5
1212,striatum,23,155,DLS,low_gamma,All,155,32,5341,0.010018597579482202,12.275320751812897,61.37660375906449,-0.005560736380141762,12.494338115788734
1212,striatum,23,155,DLS,low_gamma,Trials 4-10,7,32,350,-0.2170587526493848,13.394582839897655,66.97291419948827,-0.11640958284032021,12.5
1212,striatum,23,155,DLS,low_gamma,Intermediate,10,32,500,-0.1324537397053096,12.878303201276522,64.3915160063826,-0.1252765540155789,12.5
1212,striatum,23,155,DLS,low_gamma,Expert,10,32,500,-0.09074287935164982,12.667387126674715,63.33693563337357,-0.11132888983694489,12.5
1212,striatum,23,155,DLS,high_gamma,All,155,32,5341,0.015102400066549282,12.17085452025959,60.85427260129795,-0.006420962520546469,12.494338115788734
1212,striatum,23,155,DLS,high_gamma,Trials 4-10,7,32,350,-0.1688041373819713,12.88504930766409,64.42524653832045,-0.17954992064142927,12.5
1212,striatum,23,155,DLS,high_gamma,Intermediate,10,32,500,-0.13939290562638362,13.03440677216318,65.1720338608159,-0.07321475234458141,12.5
1212,striatum,23,155,DLS,high_gamma,Expert,10,32,500,-0.11504088371574506,12.811447043610718,64.05723521805359,-0.11176848825108143,12.5
1212,striatum,23,155,DLS,total,All,155,32,5341,0.00834512305074786,12.314072919934045,61.57036459967023,-0.008515217575702394,12.494338115788734
1212,striatum,23,155,DLS,total,Trials 4-10,7,32,350,-0.13434630728142527,12.723365859857843,63.616829299289215,-0.2556229282858413,12.5
1212,striatum,23,155,DLS,total,Intermediate,10,32,500,-0.15671210133971059,12.939939087996967,64.69969543998484,-0.08573535696903978,12.5
1212,striatum,23,155,DLS,total,Expert,10,32,500,-0.11624240665428132,12.495581755439389,62.477908777196944,-0.09639275315316165,12.5
1212,striatum,23,155,ACC,theta,All,155,42,5341,0.03668660782215294,11.973620981643634,59.86810490821817,-0.016957072252551608,12.494338115788734
1212,striatum,23,155,ACC,theta,Trials 4-10,7,42,350,-0.3942046234407002,13.940037035858362,69.70018517929181,-0.23165056698899567,12.5
1212,striatum,23,155,ACC,theta,Intermediate,10,42,500,-0.1582254373342209,12.849296543050146,64.24648271525074,-0.16248657959550283,12.5
1212,striatum,23,155,ACC,theta,Expert,10,42,500,-0.11066262661592075,12.458464659611163,62.29232329805582,-0.16560178895265354,12.5
1212,striatum,23,155,ACC,beta,All,155,42,5341,-0.006712820494512384,12.477606556530718,62.38803278265359,-0.010357278679945958,12.494338115788734
1212,striatum,23,155,ACC,beta,Trials 4-10,7,42,350,-0.2409615501465039,13.230020859976921,66.1501042998846,-0.15728376883701456,12.5
1212,striatum,23,155,ACC,beta,Intermediate,10,42,500,-0.12251377028029586,12.986627082267768,64.93313541133884,-0.14137893228867848,12.5
1212,striatum,23,155,ACC,beta,Expert,10,42,500,-0.09683642389934732,12.71655156225784,63.5827578112892,-0.16314976024010952,12.5
1212,striatum,23,155,ACC,low_gamma,All,155,42,5341,0.011939597660152623,12.229166476143707,61.14583238071853,-0.011925878258647993,12.494338115788734
1212,striatum,23,155,ACC,low_gamma,Trials 4-10,7,42,350,-0.3006090368841696,13.606208880592915,68.03104440296457,-0.21127955653916564,12.5
1212,striatum,23,155,ACC,low_gamma,Intermediate,10,42,500,-0.13997661417881369,12.813448651336403,64.06724325668202,-0.10537544878949334,12.5
1212,striatum,23,155,ACC,low_gamma,Expert,10,42,500,-0.15620609347726133,12.88654144845578,64.4327072422789,-0.12128157780565507,12.5
1212,striatum,23,155,ACC,high_gamma,All,155,42,5341,0.00938713829160509,12.228387552564387,61.14193776282193,-0.0077451365878959955,12.494338115788734
1212,striatum,23,155,ACC,high_gamma,Trials 4-10,7,42,350,-0.29202824573171915,13.36376911385148,66.8188455692574,-0.19957055407814872,12.5
1212,striatum,23,155,ACC,high_gamma,Intermediate,10,42,500,-0.21898956731849206,13.22216670820642,66.1108335410321,-0.11875960283206632,12.5
1212,striatum,23,155,ACC,high_gamma,Expert,10,42,500,-0.19479889611821455,13.159948809650064,65.79974404825032,-0.16150977631007502,12.5
1212,striatum,23,155,ACC,total,All,155,42,5341,0.02499547657228418,12.126422421710505,60.63211210855252,-0.009910392450523275,12.494338115788734
1212,striatum,23,155,ACC,total,Trials 4-10,7,42,350,-0.349345933068947,13.54591427191384,67.7295713595692,-0.1945658844949023,12.5
1212,striatum,23,155,ACC,total,Intermediate,10,42,500,-0.05582358036995916,12.333130402449212,61.66565201224606,-0.11904870037606852,12.5
1212,striatum,23,155,ACC,total,Expert,10,42,500,-0.08334505324045116,12.263962812627454,61.31981406313727,-0.13190828883834937,12.5
1212,visual,23,155,V1,theta,All,155,126,5341,0.04572925512477277,11.680475931286878,58.40237965643439,-0.039603226405199976,12.494338115788734
1212,visual,23,155,V1,theta,Trials 4-10,7,126,350,-0.16691701844426188,12.658452151702015,63.292260758510075,-0.3973738160100122,12.5
1212,visual,23,155,V1,theta,Intermediate,10,126,500,-0.36014308244495874,13.429776308899106,67.14888154449552,-0.3236309187920403,12.5
1212,visual,23,155,V1,theta,Expert,10,126,500,-0.3383777594170785,13.650309296242874,68.25154648121438,-0.3557725047284752,12.5
1212,visual,23,155,V1,beta,All,155,126,5341,0.018055146499961428,11.858817308175436,59.294086540877174,-0.03401094129012372,12.494338115788734
1212,visual,23,155,V1,beta,Trials 4-10,7,126,350,-0.4908342833185395,14.18850580096494,70.9425290048247,-0.3829484741961391,12.5
1212,visual,23,155,V1,beta,Intermediate,10,126,500,-0.4249052408940315,13.628412757461923,68.14206378730961,-0.35460205163474456,12.5
1212,visual,23,155,V1,beta,Expert,10,126,500,-0.4641088288901285,14.23600571244373,71.18002856221865,-0.426286546222574,12.5
1212,visual,23,155,V1,low_gamma,All,155,126,5341,0.06190107701585157,11.44352064553839,57.21760322769195,-0.03433448647548332,12.494338115788734
1212,visual,23,155,V1,low_gamma,Trials 4-10,7,126,350,-0.10631829726168829,12.216553138453392,61.08276569226696,-0.4452443915618183,12.5
1212,visual,23,155,V1,low_gamma,Intermediate,10,126,500,-0.24855611527103338,13.174385582618171,65.87192791309086,-0.23049811238565066,12.5
1212,visual,23,155,V1,low_gamma,Expert,10,126,500,-0.2019875625079266,12.889480518431629,64.44740259215814,-0.3677170841390369,12.5
1212,visual,23,155,V1,high_gamma,All,155,126,5341,0.11865466397271418,11.062287496300506,55.31143748150253,-0.030766556616048435,12.494338115788734
1212,visual,23,155,V1,high_gamma,Trials 4-10,7,126,350,-0.3398899028161979,13.130197054612683,65.65098527306341,-0.6443444475163409,12.5
1212,visual,23,155,V1,high_gamma,Intermediate,10,126,500,-0.4245179495584759,14.13825994006246,70.6912997003123,-0.5413886342428793,12.5
1212,visual,23,155,V1,high_gamma,Expert,10,126,500,-0.22921611686397037,12.531206888439684,62.65603444219842,-0.4328928528383613,12.5
1212,visual,23,155,V1,total,All,155,126,5341,0.09505782961313547,11.258999936958892,56.29499968479446,-0.031247574015112578,12.494338115788734
1212,visual,23,155,V1,total,Trials 4-10,7,126,350,-0.17108684779129857,12.358600059032474,61.79300029516237,-0.4007140678113974,12.5
1212,visual,23,155,V1,total,Intermediate,10,126,500,-0.1664815283511898,12.560591300020278,62.80295650010139,-0.319967933994439,12.5
1212,visual,23,155,V1,total,Expert,10,126,500,-0.278198116626758,13.140439682886393,65.70219841443196,-0.38839904336329756,12.5
1212,visual,23,155,CA1,theta,All,155,44,5341,0.027219036729486,12.024331586361413,60.121657931807064,-0.011623846765738799,12.494338115788734
1212,visual,23,155,CA1,theta,Trials 4-10,7,44,350,0.00305606454984253,12.292391807356752,61.46195903678376,-0.10579116461960991,12.5
1212,visual,23,155,CA1,theta,Intermediate,10,44,500,-0.0574765954695311,12.330631063785873,61.653155318929365,-0.06608422640184353,12.5
1212,visual,23,155,CA1,theta,Expert,10,44,500,-0.06294745935551815,12.503584121946604,62.51792060973302,-0.026996946416601775,12.5
1212,visual,23,155,CA1,beta,All,155,44,5341,0.018993905747627937,12.115185019133895,60.575925095669476,-0.009793253306390692,12.494338115788734
1212,visual,23,155,CA1,beta,Trials 4-10,7,44,350,0.018281072058653147,12.14755786001214,60.737789300060705,-0.07058717953650473,12.5
1212,visual,23,155,CA1,beta,Intermediate,10,44,500,-0.04046815720549457,12.406356960218774,62.03178480109387,-0.03457221033802371,12.5
1212,visual,23,155,CA1,beta,Expert,10,44,500,-0.05619964741990402,12.622527134409033,63.112635672045165,-0.05185489065319926,12.5
1212,visual,23,155,CA1,low_gamma,All,155,44,5341,0.034251109821128556,11.99825852038038,59.991292601901904,-0.009875020025061909,12.494338115788734
1212,visual,23,155,CA1,low_gamma,Trials 4-10,7,44,350,-0.034546315882634016,12.358116128228513,61.79058064114257,-0.06749801943197076,12.5
1212,visual,23,155,CA1,low_gamma,Intermediate,10,44,500,-0.009439207703754171,12.196257203183295,60.981286015916474,-0.03716174273776662,12.5
1212,visual,23,155,CA1,low_gamma,Expert,10,44,500,-0.036324859349029515,12.521571195213745,62.60785597606873,-0.04124055039600871,12.5
1212,visual,23,155,CA1,high_gamma,All,155,44,5341,0.019903120554854326,12.118553188863755,60.59276594431878,-0.010542984411209488,12.494338115788734
1212,visual,23,155,CA1,high_gamma,Trials 4-10,7,44,350,-0.14175895191373722,13.083238511068002,65.41619255534,-0.1083367527009016,12.5
1212,visual,23,155,CA1,high_gamma,Intermediate,10,44,500,-0.07719556544920003,12.558545020818203,62.79272510409101,-0.04733132442298715,12.5
1212,visual,23,155,CA1,high_gamma,Expert,10,44,500,-0.11792946815475447,12.901000803326063,64.50500401663032,-0.07716704760455562,12.5
1212,visual,23,155,CA1,total,All,155,44,5341,0.05055778917225495,11.751965326369062,58.75982663184531,-0.010898684713313678,12.494338115788734
1212,visual,23,155,CA1,total,Trials 4-10,7,44,350,-0.0589429995983739,12.679687399414163,63.39843699707082,-0.09430181916504243,12.5
1212,visual,23,155,CA1,total,Intermediate,10,44,500,-0.06712143955348027,12.281332696462357,61.406663482311785,-0.04869171020024177,12.5
1212,visual,23,155,CA1,total,Expert,10,44,500,0.012942545457491517,12.151695676930089,60.758478384650445,-0.047111804359037945,12.5
1212,visual,23,155,DG,theta,All,155,22,5341,0.03138999030031897,11.888125730899658,59.44062865449829,-0.004396595107158285,12.494338115788734
1212,visual,23,155,DG,theta,Trials 4-10,7,22,350,0.014530302801802675,11.987342938451333,59.936714692256665,-0.07533672232038624,12.5
1212,visual,23,155,DG,theta,Intermediate,10,22,500,-0.05838546990676896,12.290212625287802,61.45106312643901,-0.0294677716649967,12.5
1212,visual,23,155,DG,theta,Expert,10,22,500,-0.11850980331022565,12.645795694932822,63.22897847466411,-0.050547107170762384,12.5
1212,visual,23,155,DG,beta,All,155,22,5341,0.014542008896360148,12.237755818887088,61.18877909443544,-0.005262183291408817,12.494338115788734
1212,visual,23,155,DG,beta,Trials 4-10,7,22,350,0.019380986271790412,12.125516074259524,60.62758037129762,-0.06809888038909406,12.5
1212,visual,23,155,DG,beta,Intermediate,10,22,500,-0.023290993514971214,12.333215286268501,61.6660764313425,-0.03427400589783147,12.5
1212,visual,23,155,DG,beta,Expert,10,22,500,-0.06581391252630975,12.520086859596718,62.60043429798359,-0.06088028271366652,12.5
1212,visual,23,155,DG,low_gamma,All,155,22,5341,0.018607956100840428,12.206498228019964,61.03249114009982,-0.007322616901017653,12.494338115788734
1212,visual,23,155,DG,low_gamma,Trials 4-10,7,22,350,-0.011636779419781806,12.17377705255934,60.868885262796695,-0.04625411851148842,12.5
1212,visual,23,155,DG,low_gamma,Intermediate,10,22,500,-0.038281995271605584,12.54474178604711,62.72370893023555,-0.012626232060219067,12.5
1212,visual,23,155,DG,low_gamma,Expert,10,22,500,-0.05300998861557993,12.427030001481793,62.13515000740897,-0.039430490542062824,12.5
1212,visual,23,155,DG,high_gamma,All,155,22,5341,0.021443724828464905,12.171491287497293,60.85745643748646,-0.00357206775303176,12.494338115788734
1212,visual,23,155,DG,high_gamma,Trials 4-10,7,22,350,-0.17109358096644534,13.293347278910405,66.46673639455203,-0.058466147025786785,12.5
1212,visual,23,155,DG,high_gamma,Intermediate,10,22,500,-0.008740019582818448,12.298680185680999,61.493400928404995,-0.05341370900791298,12.5
1212,visual,23,155,DG,high_gamma,Expert,10,22,500,-0.039115431423863756,12.502079081288597,62.51039540644299,-0.056349576201463636,12.5
1212,visual,23,155,DG,total,All,155,22,5341,0.04723816731779762,11.784541582433013,58.922707912165066,-0.005726536180600261,12.494338115788734
1212,visual,23,155,DG,total,Trials 4-10,7,22,350,-0.008010055508695935,12.274908756381958,61.37454378190979,-0.09718827115375173,12.5
1212,visual,23,155,DG,total,Intermediate,10,22,500,-0.04430110990505942,12.135383114826585,60.67691557413292,-0.024119311623029827,12.5
1212,visual,23,155,DG,total,Expert,10,22,500,-0.08935209932152888,12.651134146399508,63.25567073199754,-0.06734090662874515,12.5
523,striatum,22,200,DMS,theta,All,200,52,10000,0.021471946854642376,12.10230336499045,60.511516824952245,-0.009419541813069587,12.5
523,striatum,22,200,DMS,theta,Trials 4-10,7,52,350,-0.32063509297300286,13.985335305670093,69.92667652835047,-0.3063470800617043,12.5
523,striatum,22,200,DMS,theta,Intermediate,10,52,500,-0.09442177937431429,12.300008539899475,61.50004269949737,-0.2606937461529315,12.5
523,striatum,22,200,DMS,theta,Expert,10,52,500,-0.052778746323243864,12.07908878665347,60.39544393326735,-0.2398961372204056,12.5
523,striatum,22,200,DMS,beta,All,200,52,10000,-0.0059145346813489486,12.485451992871662,62.427259964358306,-0.005657645764352015,12.5
523,striatum,22,200,DMS,beta,Trials 4-10,7,52,350,-0.22098937572069177,12.964544620229749,64.82272310114874,-0.31738919004137367,12.5
523,striatum,22,200,DMS,beta,Intermediate,10,52,500,-0.2603562525806653,13.337462575367907,66.68731287683953,-0.1601232968160493,12.5
523,striatum,22,200,DMS,beta,Expert,10,52,500,-0.10959121713376718,12.522627583465205,62.61313791732603,-0.16183178729416414,12.5
523,striatum,22,200,DMS,low_gamma,All,200,52,10000,-0.0011046521528752518,12.436292955811398,62.18146477905699,-0.00802075595305074,12.5
523,striatum,22,200,DMS,low_gamma,Trials 4-10,7,52,350,-0.1449157557912646,12.522510031517694,62.61255015758847,-0.19928822665162738,12.5
523,striatum,22,200,DMS,low_gamma,Intermediate,10,52,500,-0.01256129092543623,11.905122357225263,59.52561178612632,-0.15266203308090787,12.5
523,striatum,22,200,DMS,low_gamma,Expert,10,52,500,-0.10690995457207197,12.2131868570275,61.0659342851375,-0.14904768006404212,12.5
523,striatum,22,200,DMS,high_gamma,All,200,52,10000,0.026653732832727206,12.0594573127412,60.297286563706,-0.007696049306683106,12.5
523,striatum,22,200,DMS,high_gamma,Trials 4-10,7,52,350,-0.2241849791374746,13.090063593835573,65.45031796917786,-0.23677252870673393,12.5
523,striatum,22,200,DMS,high_gamma,Intermediate,10,52,500,-0.04722399059012283,11.864803212496023,59.32401606248011,-0.17614726364455136,12.5
523,striatum,22,200,DMS,high_gamma,Expert,10,52,500,0.0009076848169002893,11.598986995156476,57.994934975782385,-0.14979564413411683,12.5
523,striatum,22,200,DMS,total,All,200,52,10000,0.011800514763012804,12.353912036376126,61.769560181880635,-0.006814419969515484,12.5
523,striatum,22,200,DMS,total,Trials 4-10,7,52,350,-0.1855446887866996,12.785682939002156,63.92841469501078,-0.36341240166343747,12.5
523,striatum,22,200,DMS,total,Intermediate,10,52,500,-0.09649343862564952,12.41612227613443,62.08061138067215,-0.15748657385778042,12.5
523,striatum,22,200,DMS,total,Expert,10,52,500,-0.016800537120067238,11.931533598506059,59.65766799253029,-0.16921675563227434,12.5
523,striatum,22,200,DLS,theta,All,200,52,10000,0.0027771921589929693,12.309417866532517,61.54708933266258,-0.010381187769423761,12.5
523,striatum,22,200,DLS,theta,Trials 4-10,7,52,350,-0.39892408140434976,14.121346751166033,70.60673375583016,-0.2695327088128754,12.5
523,striatum,22,200,DLS,theta,Intermediate,10,52,500,-0.24831880185208366,13.16422299462058,65.82111497310291,-0.17727081193563032,12.5
523,striatum,22,200,DLS,theta,Expert,10,52,500,-0.0024722647650259333,11.67600712759308,58.3800356379654,-0.18816589671540984,12.5
523,striatum,22,200,DLS,beta,All,200,52,10000,0.0010415500289963076,12.413694415768303,62.068472078841516,-0.0054728757904605185,12.5
523,striatum,22,200,DLS,beta,Trials 4-10,7,52,350,-0.248340463510615,13.304865795162103,66.52432897581052,-0.2676990657237437,12.5
523,striatum,22,200,DLS,beta,Intermediate,10,52,500,-0.11276282151334627,12.636251282264366,63.18125641132183,-0.1888546567348115,12.5
523,striatum,22,200,DLS,beta,Expert,10,52,500,-0.16196003861484987,12.773401713398787,63.86700856699393,-0.22157285308528163,12.5
523,striatum,22,200,DLS,low_gamma,All,200,52,10000,0.01776211056845245,12.276732398098657,61.38366199049329,-0.006523274197116624,12.5
523,striatum,22,200,DLS,low_gamma,Trials 4-10,7,52,350,-0.21100944901382634,13.526524218349602,67.632621091748,-0.2519476457698522,12.5
523,striatum,22,200,DLS,low_gamma,Intermediate,10,52,500,-0.027325990004875234,11.975070832778515,59.875354163892574,-0.18314318147581266,12.5
523,striatum,22,200,DLS,low_gamma,Expert,10,52,500,-0.11835641215028692,12.455952074022676,62.27976037011338,-0.17387150027919374,12.5
523,striatum,22,200,DLS,high_gamma,All,200,52,10000,0.024505037062927726,12.187848617456268,60.93924308728134,-0.009479046646214462,12.5
523,striatum,22,200,DLS,high_gamma,Trials 4-10,7,52,350,-0.2243312577184584,13.01365241861857,65.06826209309284,-0.3089993399725621,12.5
523,striatum,22,200,DLS,high_gamma,Intermediate,10,52,500,-0.09002595826510973,12.531635639911805,62.658178199559025,-0.16584067072377384,12.5
523,striatum,22,200,DLS,high_gamma,Expert,10,52,500,-0.16056003077603553,12.680335897950627,63.401679489753135,-0.1632358578334261,12.5
523,striatum,22,200,DLS,total,All,200,52,10000,0.013055970977387754,12.283475252394888,61.41737626197444,-0.006741940161956617,12.5
523,striatum,22,200,DLS,total,Trials 4-10,7,52,350,-0.2623941992017387,13.58386657295785,67.91933286478925,-0.2480374929330067,12.5
523,striatum,22,200,DLS,total,Intermediate,10,52,500,-0.0653642105740424,12.082950871099088,60.41475435549544,-0.18142942033630405,12.5
523,striatum,22,200,DLS,total,Expert,10,52,500,-0.03780895932347805,11.858931109747251,59.29465554873626,-0.13332149638926438,12.5
523,striatum,22,200,ACC,theta,All,200,52,10000,0.028229685334647092,12.041631831035675,60.20815915517837,-0.01113563350122937,12.5
523,striatum,22,200,ACC,theta,Trials 4-10,7,52,350,-0.13944139072031847,12.692939320848756,63.464696604243784,-0.3559681825327887,12.5
523,striatum,22,200,ACC,theta,Intermediate,10,52,500,-0.04321985434326514,11.65957819855245,58.297890992762255,-0.2449074478673976,12.5
523,striatum,22,200,ACC,theta,Expert,10,52,500,-0.05887589131216164,11.854643940695995,59.273219703479974,-0.3107937788531778,12.5
523,striatum,22,200,ACC,beta,All,200,52,10000,0.001035423091958254,12.383088582314286,61.91544291157143,-0.00643337953787082,12.5
523,striatum,22,200,ACC,beta,Trials 4-10,7,52,350,-0.21305126455777756,13.283068554935552,66.41534277467775,-0.23902540328926825,12.5
523,striatum,22,200,ACC,beta,Intermediate,10,52,500,-0.13493147790122495,12.794821209139881,63.97410604569941,-0.18251994285358686,12.5
523,striatum,22,200,ACC,beta,Expert,10,52,500,-0.18354744103249598,12.730564476937019,63.652822384685095,-0.1409504987020429,12.5
523,striatum,22,200,ACC,low_gamma,All,200,52,10000,0.022985281835541826,12.11694577659733,60.58472888298665,-0.00734338649969879,12.5
523,striatum,22,200,ACC,low_gamma,Trials 4-10,7,52,350,-0.29705712950524443,13.547478284428747,67.73739142214373,-0.2088769735151057,12.5
523,striatum,22,200,ACC,low_gamma,Intermediate,10,52,500,-0.03939568158598927,11.871397529975228,59.35698764987614,-0.15674497418822342,12.5
523,striatum,22,200,ACC,low_gamma,Expert,10,52,500,-0.08903293613519514,12.287252956129032,61.43626478064516,-0.19945635104451953,12.5
523,striatum,22,200,ACC,high_gamma,All,200,52,10000,0.018308957301878315,12.21480819313519,61.07404096567595,-0.007932150220975931,12.5
523,striatum,22,200,ACC,high_gamma,Trials 4-10,7,52,350,-0.17542019667589348,13.008463265937847,65.04231632968923,-0.1979320106669178,12.5
523,striatum,22,200,ACC,high_gamma,Intermediate,10,52,500,-0.046212325491716166,12.163279720606072,60.81639860303036,-0.17810365221077817,12.5
523,striatum,22,200,ACC,high_gamma,Expert,10,52,500,-0.15263445481787485,12.614956779696685,63.074783898483425,-0.14033574253343128,12.5
523,striatum,22,200,ACC,total,All,200,52,10000,0.026560567702756943,12.058476645328174,60.292383226640865,-0.008828799803976217,12.5
523,striatum,22,200,ACC,total,Trials 4-10,7,52,350,-0.17366941350458176,12.86508599310946,64.3254299655473,-0.2772146187899842,12.5
523,striatum,22,200,ACC,total,Intermediate,10,52,500,-0.017390885301345582,11.9347202313122,59.673601156561,-0.21776359177408589,12.5
523,striatum,22,200,ACC,total,Expert,10,52,500,-0.0654936763901155,12.058855094793985,60.294275473969925,-0.19398869531562313,12.5
614,striatum,44,200,DMS,theta,All,200,50,10000,0.03725977860118568,12.013912829363756,60.06956414681878,-0.009440825360288008,12.5
614,striatum,44,200,DMS,theta,Trials 4-10,7,50,350,-0.35039744102662285,13.65596395772835,68.27981978864175,-0.28661289331436035,12.5
614,striatum,44,200,DMS,theta,Intermediate,10,50,500,-0.0022711718389993862,11.504860288979588,57.52430144489794,-0.2998182126374891,12.5
614,striatum,44,200,DMS,theta,Expert,10,50,500,-0.2619451111282718,13.24896767239428,66.2448383619714,-0.19215927488653617,12.5
614,striatum,44,200,DMS,beta,All,200,50,10000,0.013100221307050686,12.201275949265728,61.00637974632864,-0.006481629065047123,12.5
614,striatum,44,200,DMS,beta,Trials 4-10,7,50,350,-0.09171175791001307,12.193382867142022,60.96691433571011,-0.17690609777658772,12.5
614,striatum,44,200,DMS,beta,Intermediate,10,50,500,-0.20364053298299245,12.781935061649099,63.9096753082455,-0.1923849870778922,12.5
614,striatum,44,200,DMS,beta,Expert,10,50,500,-0.16309001343552598,12.528724678257673,62.643623391288365,-0.16679845510750368,12.5
614,striatum,44,200,DMS,low_gamma,All,200,50,10000,0.048252112149223425,11.8207129786758,59.103564893379,-0.006721251543471585,12.5
614,striatum,44,200,DMS,low_gamma,Trials 4-10,7,50,350,-0.2291176185350352,13.244190566282388,66.22095283141194,-0.2385170548830291,12.5
614,striatum,44,200,DMS,low_gamma,Intermediate,10,50,500,-0.11273109488064637,12.371020827811051,61.85510413905526,-0.16363254050379306,12.5
614,striatum,44,200,DMS,low_gamma,Expert,10,50,500,0.015554969855704148,11.640654988012614,58.20327494006307,-0.17228003038058204,12.5
614,striatum,44,200,DMS,high_gamma,All,200,50,10000,0.05613790574197797,11.669159918338488,58.34579959169244,-0.007117429821445143,12.5
614,striatum,44,200,DMS,high_gamma,Trials 4-10,7,50,350,-0.13913818485785745,12.365703768942204,61.82851884471102,-0.26200268701342977,12.5
614,striatum,44,200,DMS,high_gamma,Intermediate,10,50,500,-0.08344873552684429,11.985848922102965,59.92924461051483,-0.17005149969263633,12.5
614,striatum,44,200,DMS,high_gamma,Expert,10,50,500,-0.09436913070868336,12.031931837275051,60.15965918637526,-0.16165672422493627,12.5
614,striatum,44,200,DMS,total,All,200,50,10000,0.0633904883925841,11.668054346441874,58.340271732209374,-0.008761161013272734,12.5
614,striatum,44,200,DMS,total,Trials 4-10,7,50,350,-0.030146288151475575,12.039761791156161,60.198808955780805,-0.26342440015546953,12.5
614,striatum,44,200,DMS,total,Intermediate,10,50,500,-0.038106611883678365,11.775417526333388,58.87708763166694,-0.18694367625004937,12.5
614,striatum,44,200,DMS,total,Expert,10,50,500,-0.08798826826892614,12.148957825114161,60.744789125570804,-0.16579584260850755,12.5
614,striatum,44,200,DLS,theta,All,200,46,10000,0.043107669385951786,11.857648082738105,59.28824041369053,-0.007010521885446819,12.5
614,striatum,44,200,DLS,theta,Trials 4-10,7,46,350,-0.24566415322981894,12.951226426031655,64.75613213015828,-0.2997200153290347,12.5
614,striatum,44,200,DLS,theta,Intermediate,10,46,500,-0.0490239125227403,11.910405056532579,59.552025282662896,-0.2061783595320863,12.5
614,striatum,44,200,DLS,theta,Expert,10,46,500,-0.2290823558144277,12.941331992751639,64.7066599637582,-0.16514862258256335,12.5
614,striatum,44,200,DLS,beta,All,200,46,10000,0.018950889171922003,12.180041252488497,60.90020626244248,-0.006723174182548641,12.5
614,striatum,44,200,DLS,beta,Trials 4-10,7,46,350,-0.07569439101695008,12.103835755236732,60.51917877618366,-0.245537691313632,12.5
614,striatum,44,200,DLS,beta,Intermediate,10,46,500,-0.15990988541176354,12.6011857820669,63.0059289103345,-0.1733711944442664,12.5
614,striatum,44,200,DLS,beta,Expert,10,46,500,-0.11306124793776262,12.417474822786266,62.08737411393133,-0.16134846601169062,12.5
614,striatum,44,200,DLS,low_gamma,All,200,46,10000,0.03819924377274475,11.942044253950366,59.71022126975183,-0.0064011938142354285,12.5
614,striatum,44,200,DLS,low_gamma,Trials 4-10,7,46,350,0.049841237189629184,11.325727304694293,56.62863652347147,-0.2841013443021443,12.5
614,striatum,44,200,DLS,low_gamma,Intermediate,10,46,500,-0.04913831300893645,11.952043367053733,59.760216835268665,-0.14148625097013312,12.5
614,striatum,44,200,DLS,low_gamma,Expert,10,46,500,-0.09767416701432441,12.179929405141296,60.89964702570648,-0.12801415869195387,12.5
614,striatum,44,200,DLS,high_gamma,All,200,46,10000,0.04020072443108236,11.929185650538583,59.64592825269292,-0.006556728373804832,12.5
614,striatum,44,200,DLS,high_gamma,Trials 4-10,7,46,350,0.08263828569081877,11.257361095516455,56.28680547758228,-0.2737799481451013,12.5
614,striatum,44,200,DLS,high_gamma,Intermediate,10,46,500,-0.0757170559386926,12.061323919945139,60.30661959972569,-0.14323156711170193,12.5
614,striatum,44,200,DLS,high_gamma,Expert,10,46,500,-0.07528664292575771,11.91274766222012,59.5637383111006,-0.15679080939795154,12.5
614,striatum,44,200,DLS,total,All,200,46,10000,0.06157516693196641,11.693689736831331,58.468448684156655,-0.006243903867173328,12.5
614,striatum,44,200,DLS,total,Trials 4-10,7,46,350,0.04502699925820375,11.373006300868509,56.86503150434255,-0.2633113476778026,12.5
614,striatum,44,200,DLS,total,Intermediate,10,46,500,-0.018661619206939983,11.784270609553571,58.92135304776786,-0.1281326012606656,12.5
614,striatum,44,200,DLS,total,Expert,10,46,500,-0.13776051626135888,12.431302986774142,62.15651493387071,-0.13072493175134725,12.5
614,striatum,44,200,ACC,theta,All,200,52,10000,0.08314535759847208,11.45500207505076,57.2750103752538,-0.01296900414404245,12.5
614,striatum,44,200,ACC,theta,Trials 4-10,7,52,350,-0.26062439752499045,13.1822698085204,65.911349042602,-0.31128278229939577,12.5
614,striatum,44,200,ACC,theta,Intermediate,10,52,500,0.034594400715210805,11.552353641298138,57.76176820649069,-0.22211313219228246,12.5
614,striatum,44,200,ACC,theta,Expert,10,52,500,0.03395860029823794,11.330903408253288,56.654517041266445,-0.2896530387189489,12.5
614,striatum,44,200,ACC,beta,All,200,52,10000,0.042951597866318636,11.904717497613706,59.52358748806853,-0.006733118406052396,12.5
614,striatum,44,200,ACC,beta,Trials 4-10,7,52,350,-0.16732335485953742,12.844015826556461,64.2200791327823,-0.1802595630614312,12.5
614,striatum,44,200,ACC,beta,Intermediate,10,52,500,-0.11347897736280554,12.41329433479237,62.06647167396185,-0.15830749495383012,12.5
614,striatum,44,200,ACC,beta,Expert,10,52,500,-0.08860999616421084,11.914463187566966,59.57231593783483,-0.21597789058130856,12.5
614,striatum,44,200,ACC,low_gamma,All,200,52,10000,0.08458938517108971,11.47624074388879,57.381203719443945,-0.007632601628792424,12.5
614,striatum,44,200,ACC,low_gamma,Trials 4-10,7,52,350,0.017945428331359148,11.547532015146642,57.73766007573321,-0.24549885934830806,12.5
614,striatum,44,200,ACC,low_gamma,Intermediate,10,52,500,0.14386398098721076,10.605496055096129,53.02748027548064,-0.1718827392087947,12.5
614,striatum,44,200,ACC,low_gamma,Expert,10,52,500,0.08628315934907593,11.263780919543624,56.31890459771812,-0.19285009217510662,12.5
614,striatum,44,200,ACC,high_gamma,All,200,52,10000,0.06601043848534993,11.627169822207232,58.135849111036165,-0.00811021236210685,12.5
614,striatum,44,200,ACC,high_gamma,Trials 4-10,7,52,350,-0.021547611079762552,11.87530424800206,59.3765212400103,-0.23680863373181604,12.5
614,striatum,44,200,ACC,high_gamma,Intermediate,10,52,500,-0.02153125544060841,11.721298663220281,58.60649331610141,-0.1638962315903767,12.5
614,striatum,44,200,ACC,high_gamma,Expert,10,52,500,0.02460393287167917,11.53430549466484,57.671527473324204,-0.16971714557610174,12.5
614,striatum,44,200,ACC,total,All,200,52,10000,0.1326755003947655,11.018364571174269,55.09182285587134,-0.008139544864582016,12.5
614,striatum,44,200,ACC,total,Trials 4-10,7,52,350,0.05799828862294332,11.24429162462746,56.221458123137296,-0.31430049845231256,12.5
614,striatum,44,200,ACC,total,Intermediate,10,52,500,0.08982125554405995,10.964032228032778,54.82016114016389,-0.15313738844584512,12.5
614,striatum,44,200,ACC,total,Expert,10,52,500,0.1457366626648554,10.679837648659886,53.39918824329943,-0.13301898247236887,12.5
624,striatum,32,71,DMS,theta,All,71,52,3544,0.00911051605707014,12.160299698105671,60.80149849052836,-0.020581351692297245,12.483853420909153
624,striatum,32,71,DMS,theta,Trials 4-10,7,52,350,-0.30138894107406333,13.679013188401706,68.39506594200853,-0.24970004178507987,12.5
624,striatum,32,71,DMS,theta,Intermediate,10,52,500,-0.1791591582261085,12.977268619861054,64.88634309930526,-0.20641632503709406,12.5
624,striatum,32,71,DMS,theta,Expert,10,52,500,-0.006957543320007975,11.633389986654786,58.166949933273926,-0.2125208341039455,12.5
624,striatum,32,71,DMS,beta,All,71,52,3544,-0.020697354761252562,12.472434874167636,62.362174370838176,-0.02092018829901221,12.483853420909153
624,striatum,32,71,DMS,beta,Trials 4-10,7,52,350,-0.1213893287694856,12.706346510487089,63.53173255243544,-0.22566218422609885,12.5
624,striatum,32,71,DMS,beta,Intermediate,10,52,500,-0.2422685950595207,13.398594299097768,66.99297149548885,-0.17933875061085947,12.5
624,striatum,32,71,DMS,beta,Expert,10,52,500,-0.20623993000699525,12.90364116604998,64.5182058302499,-0.15221046366854396,12.5
624,striatum,32,71,DMS,low_gamma,All,71,52,3544,-0.003407788440514814,12.229261186556508,61.14630593278254,-0.019996055792291578,12.483853420909153
624,striatum,32,71,DMS,low_gamma,Trials 4-10,7,52,350,-0.14352824457053304,12.797802083850597,63.989010419252985,-0.19190175142175447,12.5
624,striatum,32,71,DMS,low_gamma,Intermediate,10,52,500,-0.07615370905937735,12.252217543250033,61.26108771625017,-0.17763182394468635,12.5
624,striatum,32,71,DMS,low_gamma,Expert,10,52,500,-0.24232036636209497,13.131520757870414,65.65760378935207,-0.15497981673099592,12.5
624,striatum,32,71,DMS,high_gamma,All,71,52,3544,0.01491080002297307,12.058547510711838,60.29273755355919,-0.018820945788825316,12.483853420909153
624,striatum,32,71,DMS,high_gamma,Trials 4-10,7,52,350,-0.08495362138212625,12.5024319379721,62.512159689860496,-0.20321553129442238,12.5
624,striatum,32,71,DMS,high_gamma,Intermediate,10,52,500,-0.11226318972973459,12.435316232028596,62.17658116014298,-0.1776783110248481,12.5
624,striatum,32,71,DMS,high_gamma,Expert,10,52,500,-0.11259704444135044,12.294338062261968,61.47169031130984,-0.1540485998995622,12.5
624,striatum,32,71,DMS,total,All,71,52,3544,-0.004175292172658995,12.192482006183765,60.962410030918825,-0.026328953657460463,12.483853420909153
624,striatum,32,71,DMS,total,Trials 4-10,7,52,350,-0.22992386808987209,13.261317184753706,66.30658592376852,-0.3100779612749405,12.5
624,striatum,32,71,DMS,total,Intermediate,10,52,500,-0.13514675092980544,12.678791203156795,63.39395601578397,-0.17016853325963055,12.5
624,striatum,32,71,DMS,total,Expert,10,52,500,-0.10964885109589395,12.390270555788621,61.951352778943104,-0.16244108809731994,12.5
624,striatum,32,71,DLS,theta,All,71,32,3544,0.005476295863316438,12.278488812933004,61.39244406466502,-0.012667635236083497,12.483853420909153
624,striatum,32,71,DLS,theta,Trials 4-10,7,32,350,-0.1649773762844602,13.159818584883828,65.79909292441914,-0.13287033679796156,12.5
624,striatum,32,71,DLS,theta,Intermediate,10,32,500,-0.07039842550948938,12.612499406896418,63.06249703448209,-0.08168373636525739,12.5
624,striatum,32,71,DLS,theta,Expert,10,32,500,-0.06424125978956918,12.444261523932697,62.221307619663484,-0.11030369881970103,12.5
624,striatum,32,71,DLS,beta,All,71,32,3544,0.002270403530652554,12.383817798032737,61.91908899016369,-0.014144176867134872,12.483853420909153
624,striatum,32,71,DLS,beta,Trials 4-10,7,32,350,-0.18210737095615537,13.433578901926106,67.16789450963053,-0.1737225221045342,12.5
624,striatum,32,71,DLS,beta,Intermediate,10,32,500,-0.09031766251015383,12.56429610416374,62.821480520818696,-0.11078038311398375,12.5
624,striatum,32,71,DLS,beta,Expert,10,32,500,-0.1282453365830465,12.913950440718617,64.56975220359308,-0.09384336396153259,12.5
624,striatum,32,71,DLS,low_gamma,All,71,32,3544,-0.0018427143625130427,12.425981761276198,62.12990880638099,-0.010342039790119495,12.483853420909153
624,striatum,32,71,DLS,low_gamma,Trials 4-10,7,32,350,-0.06529504577575151,12.610958937099166,63.054794685495835,-0.17542497753367714,12.5
624,striatum,32,71,DLS,low_gamma,Intermediate,10,32,500,-0.07405743812916654,12.793843733315427,63.969218666577135,-0.0899532776234524,12.5
624,striatum,32,71,DLS,low_gamma,Expert,10,32,500,-0.05029142987847601,12.361216579478514,61.80608289739257,-0.10407963674041554,12.5
624,striatum,32,71,DLS,high_gamma,All,71,32,3544,0.008225100942113706,12.23187670861904,61.1593835430952,-0.010010368424225868,12.483853420909153
624,striatum,32,71,DLS,high_gamma,Trials 4-10,7,32,350,-0.20359383705955625,13.196785406987583,65.98392703493792,-0.1745949929453443,12.5
624,striatum,32,71,DLS,high_gamma,Intermediate,10,32,500,-0.13668681919151648,13.028531231085793,65.14265615542897,-0.11209586513283254,12.5
624,striatum,32,71,DLS,high_gamma,Expert,10,32,500,-0.20121880171487905,13.282151501949494,66.41075750974747,-0.103649301965828,12.5
624,striatum,32,71,DLS,total,All,71,32,3544,0.014395283791203473,12.175483563338764,60.87741781669382,-0.012963916207615611,12.483853420909153
624,striatum,32,71,DLS,total,Trials 4-10,7,32,350,-0.03631976144276505,12.31536558793154,61.5768279396577,-0.1801897480580048,12.5
624,striatum,32,71,DLS,total,Intermediate,10,32,500,-0.1034184442589321,12.643021177001353,63.215105885006764,-0.10780861227618166,12.5
624,striatum,32,71,DLS,total,Expert,10,32,500,-0.04953544569554125,12.28736240064789,61.43681200323945,-0.09824715782620008,12.5
624,striatum,32,71,ACC,theta,All,71,72,3544,0.07025550686472604,11.380161429115848,56.900807145579236,-0.033412744655735516,12.483853420909153
624,striatum,32,71,ACC,theta,Trials 4-10,7,72,350,-0.5378592862265057,14.536567433463487,72.68283716731743,-0.31229736949234743,12.5
624,striatum,32,71,ACC,theta,Intermediate,10,72,500,-0.14773761729488144,12.49360550267914,62.4680275133957,-0.23641088513177455,12.5
624,striatum,32,71,ACC,theta,Expert,10,72,500,-0.09272799798876963,12.040246950363152,60.20123475181576,-0.24887059137112932,12.5
624,striatum,32,71,ACC,beta,All,71,72,3544,-0.009399070503720797,12.307653165452871,61.538265827264354,-0.03148493217735493,12.483853420909153
624,striatum,32,71,ACC,beta,Trials 4-10,7,72,350,-0.16014744896397248,12.628201353885613,63.14100676942807,-0.29234705230683344,12.5
624,striatum,32,71,ACC,beta,Intermediate,10,72,500,-0.17264056471816236,12.880518667509023,64.40259333754511,-0.200030256955533,12.5
624,striatum,32,71,ACC,beta,Expert,10,72,500,-0.232176336870062,13.040282178778583,65.20141089389291,-0.27435873476254447,12.5
624,striatum,32,71,ACC,low_gamma,All,71,72,3544,0.0514212275178445,11.631275489843613,58.15637744921807,-0.029322449618822688,12.483853420909153
624,striatum,32,71,ACC,low_gamma,Trials 4-10,7,72,350,-0.3893547741272656,13.705873533096334,68.52936766548167,-0.2984660282383724,12.5
624,striatum,32,71,ACC,low_gamma,Intermediate,10,72,500,-0.13914844386596292,12.508035380107282,62.54017690053641,-0.2069848234357745,12.5
624,striatum,32,71,ACC,low_gamma,Expert,10,72,500,-0.1004838487051889,12.197899167716333,60.98949583858166,-0.22478115725421133,12.5
624,striatum,32,71,ACC,high_gamma,All,71,72,3544,0.043350537541441136,11.536373675231978,57.68186837615989,-0.028765934799006798,12.483853420909153
624,striatum,32,71,ACC,high_gamma,Trials 4-10,7,72,350,-0.3643880447763348,13.7733429476755,68.8667147383775,-0.3191873912383465,12.5
624,striatum,32,71,ACC,high_gamma,Intermediate,10,72,500,-0.13529057517773246,12.521333439949364,62.60666719974682,-0.21524377304152442,12.5
624,striatum,32,71,ACC,high_gamma,Expert,10,72,500,-0.16045948038244662,12.412007502837053,62.06003751418527,-0.2232918265902164,12.5
624,striatum,32,71,ACC,total,All,71,72,3544,0.08029130828586084,11.34240835620144,56.7120417810072,-0.033220221857665155,12.483853420909153
624,striatum,32,71,ACC,total,Trials 4-10,7,72,350,-0.2382088532198876,13.064357820391127,65.32178910195563,-0.41975293234945754,12.5
624,striatum,32,71,ACC,total,Intermediate,10,72,500,-0.054184980769801605,11.806232192949311,59.031160964746554,-0.19783840365483307,12.5
624,striatum,32,71,ACC,total,Expert,10,72,500,-0.1381702338617261,12.129918496153289,60.649592480766444,-0.20044168582379385,12.5
727,striatum,53,200,DMS,theta,All,200,52,10000,0.01761914698194178,12.22453968094883,61.12269840474415,-0.00806051788423412,12.5
727,striatum,53,200,DMS,theta,Trials 4-10,7,52,350,-0.2634236428905643,13.242500818224736,66.21250409112368,-0.38356619677126647,12.5
727,striatum,53,200,DMS,theta,Intermediate,10,52,500,-0.3102938448166055,13.474312946673527,67.37156473336763,-0.2492761137220978,12.5
727,striatum,53,200,DMS,theta,Expert,10,52,500,-0.30345834898195445,13.647971397916956,68.23985698958478,-0.24643683696313734,12.5
727,striatum,53,200,DMS,beta,All,200,52,10000,0.0039080107531446195,12.360798622417732,61.80399311208866,-0.005590385319750979,12.5
727,striatum,53,200,DMS,beta,Trials 4-10,7,52,350,-0.10862636268010761,12.197611886618178,60.98805943309089,-0.29981578013088206,12.5
727,striatum,53,200,DMS,beta,Intermediate,10,52,500,-0.22427004434538045,13.20389195581241,66.01945977906205,-0.1930892499568031,12.5
727,striatum,53,200,DMS,beta,Expert,10,52,500,-0.24898967182436138,13.456687113535637,67.28343556767818,-0.1622852822777514,12.5
727,striatum,53,200,DMS,low_gamma,All,200,52,10000,0.015143036807534593,12.171141553087217,60.85570776543609,-0.0069997040714273595,12.5
727,striatum,53,200,DMS,low_gamma,Trials 4-10,7,52,350,-0.04099536896932987,12.058306668812193,60.291533344060966,-0.27075614803628234,12.5
727,striatum,53,200,DMS,low_gamma,Intermediate,10,52,500,-0.13883595185382314,12.45322277762304,62.2661138881152,-0.17938185876851076,12.5
727,striatum,53,200,DMS,low_gamma,Expert,10,52,500,-0.11277388520323761,12.440561714065877,62.20280857032939,-0.1956638385326872,12.5
727,striatum,53,200,DMS,high_gamma,All,200,52,10000,0.021419333136161733,12.100241723055253,60.50120861527627,-0.009318920279844711,12.5
727,striatum,53,200,DMS,high_gamma,Trials 4-10,7,52,350,-0.10895571001849258,12.293114678403384,61.46557339201692,-0.23339188675390043,12.5
727,striatum,53,200,DMS,high_gamma,Intermediate,10,52,500,-0.08284413056918827,12.227049089367876,61.13524544683938,-0.18731102193992855,12.5
727,striatum,53,200,DMS,high_gamma,Expert,10,52,500,-0.146098217511611,12.739127080423392,63.69563540211696,-0.17592640649660796,12.5
727,striatum,53,200,DMS,total,All,200,52,10000,0.046315559996217504,11.932968815250257,59.664844076251285,-0.008584436691096986,12.5
727,striatum,53,200,DMS,total,Trials 4-10,7,52,350,-0.03169921642210127,12.09176483614587,60.45882418072935,-0.3083383993690598,12.5
727,striatum,53,200,DMS,total,Intermediate,10,52,500,0.0023685766764248717,11.552229160939863,57.76114580469931,-0.16279653097656643,12.5
727,striatum,53,200,DMS,total,Expert,10,52,500,-0.07933573628809687,12.393941806366042,61.96970903183021,-0.2179265515195037,12.5
727,striatum,53,200,DLS,theta,All,200,110,10000,-0.009302891477369402,12.421058879665805,62.10529439832903,-0.018754196548916635,12.5
727,striatum,53,200,DLS,theta,Trials 4-10,7,110,350,-0.6323818232744416,14.392535416211194,71.96267708105597,-0.661862896022078,12.5
727,striatum,53,200,DLS,theta,Intermediate,10,110,500,-0.24209391330884844,12.734099737515512,63.67049868757756,-0.5809731039775938,12.5
727,striatum,53,200,DLS,theta,Expert,10,110,500,-0.6296458019648123,14.835169020081763,74.17584510040881,-0.5692799347839506,12.5
727,striatum,53,200,DLS,beta,All,200,110,10000,-0.010332061576407536,12.479947421995218,62.399737109976094,-0.01550703587340374,12.5
727,striatum,53,200,DLS,beta,Trials 4-10,7,110,350,-0.6955534093474929,14.772448851665052,73.86224425832526,-0.5998724541524998,12.5
727,striatum,53,200,DLS,beta,Intermediate,10,110,500,-0.3788454224608726,13.772332258458007,68.86166129229004,-0.41598379023068666,12.5
727,striatum,53,200,DLS,beta,Expert,10,110,500,-0.4177521935352102,13.775409227308012,68.87704613654006,-0.46122448106460134,12.5
727,striatum,53,200,DLS,low_gamma,All,200,110,10000,0.0031435556030270373,12.297702567221771,61.48851283610885,-0.014338302475756626,12.5
727,striatum,53,200,DLS,low_gamma,Trials 4-10,7,110,350,-0.39570518765779994,14.077178278479012,70.38589139239507,-0.7091610947408526,12.5
727,striatum,53,200,DLS,low_gamma,Intermediate,10,110,500,-0.20313327329595254,12.721711351783,63.608556758915,-0.4173764955022352,12.5
727,striatum,53,200,DLS,low_gamma,Expert,10,110,500,-0.1132440694046648,11.966339507532922,59.83169753766461,-0.4022892846879127,12.5
727,striatum,53,200,DLS,high_gamma,All,200,110,10000,0.018042221416648796,12.141380327889268,60.706901639446336,-0.016409309886134205,12.5
727,striatum,53,200,DLS,high_gamma,Trials 4-10,7,110,350,-0.41786136120143835,13.472264128565904,67.36132064282953,-0.686850627080573,12.5
727,striatum,53,200,DLS,high_gamma,Intermediate,10,110,500,-0.2202118016594934,12.874425304692016,64.37212652346008,-0.47950806594829043,12.5
727,striatum,53,200,DLS,high_gamma,Expert,10,110,500,-0.1738268816582924,12.53964203016722,62.698210150836104,-0.43228591221355184,12.5
727,striatum,53,200,DLS,total,All,200,110,10000,0.022134668317953632,12.158283554538706,60.79141777269353,-0.013549764579017465,12.5
727,striatum,53,200,DLS,total,Trials 4-10,7,110,350,-0.29933010344250066,13.465966505407257,67.32983252703629,-0.6290705164890378,12.5
727,striatum,53,200,DLS,total,Intermediate,10,110,500,-0.12552005251644993,12.163227876625221,60.81613938312611,-0.4552282614170493,12.5
727,striatum,53,200,DLS,total,Expert,10,110,500,-0.3101282694373517,13.033588033983586,65.16794016991793,-0.36657181937217653,12.5
727,striatum,53,200,ACC,theta,All,200,52,10000,0.04254362752115781,12.057148622441861,60.2857431122093,-0.007188752879829785,12.5
727,striatum,53,200,ACC,theta,Trials 4-10,7,52,350,-0.01920347936600386,11.937084792728534,59.68542396364267,-0.22126982137768558,12.5
727,striatum,53,200,ACC,theta,Intermediate,10,52,500,-0.04557724398901897,12.270201698498802,61.35100849249401,-0.3078645883863056,12.5
727,striatum,53,200,ACC,theta,Expert,10,52,500,-0.0022709178227677818,11.891855300354512,59.459276501772564,-0.2085390843974777,12.5
727,striatum,53,200,ACC,beta,All,200,52,10000,0.004666393810102143,12.351924546727368,61.75962273363684,-0.008122869178562864,12.5
727,striatum,53,200,ACC,beta,Trials 4-10,7,52,350,-0.11284307600175225,12.547963950573237,62.73981975286618,-0.2078704641990896,12.5
727,striatum,53,200,ACC,beta,Intermediate,10,52,500,-0.12024175083153077,12.773170151162722,63.86585075581361,-0.19791606807858986,12.5
727,striatum,53,200,ACC,beta,Expert,10,52,500,-0.14904380910187265,12.761894131556556,63.80947065778278,-0.19506524897116084,12.5
727,striatum,53,200,ACC,low_gamma,All,200,52,10000,0.014183291812020271,12.246121304270185,61.23060652135092,-0.007218919309115224,12.5
727,striatum,53,200,ACC,low_gamma,Trials 4-10,7,52,350,-0.10016171084565939,12.426858791105401,62.134293955527006,-0.2141423379022167,12.5
727,striatum,53,200,ACC,low_gamma,Intermediate,10,52,500,-0.03836005968821521,11.89525363593968,59.4762681796984,-0.14716485235425636,12.5
727,striatum,53,200,ACC,low_gamma,Expert,10,52,500,-0.14209705732054,12.59075730573028,62.9537865286514,-0.11961491768586385,12.5
727,striatum,53,200,ACC,high_gamma,All,200,52,10000,0.008337279843127154,12.23322527576956,61.16612637884779,-0.006047632102087919,12.5
727,striatum,53,200,ACC,high_gamma,Trials 4-10,7,52,350,-0.11230035600296162,12.599311466720296,62.99655733360148,-0.23418274634085812,12.5
727,striatum,53,200,ACC,high_gamma,Intermediate,10,52,500,-0.13682804506209423,12.592798505765007,62.96399252882503,-0.16877060218866924,12.5
727,striatum,53,200,ACC,high_gamma,Expert,10,52,500,-0.03614798371553585,11.721267772855267,58.60633886427634,-0.15672141783203375,12.5
727,striatum,53,200,ACC,total,All,200,52,10000,0.050996091921745146,11.901252423665383,59.506262118326916,-0.007037222457807468,12.5
727,striatum,53,200,ACC,total,Trials 4-10,7,52,350,0.06432653757445483,11.336747518765117,56.68373759382558,-0.19406847693392315,12.5
727,striatum,53,200,ACC,total,Intermediate,10,52,500,0.0157443052924382,11.840110869618433,59.20055434809217,-0.17794573472667907,12.5
727,striatum,53,200,ACC,total,Expert,10,52,500,-0.04074223225892748,11.81352531981839,59.06762659909195,-0.16924282247858047,12.5
730,striatum,54,200,DMS,theta,All,200,52,10000,0.010288526266590825,12.378619315604038,61.89309657802019,-0.011091871366150086,12.5
730,striatum,54,200,DMS,theta,Trials 4-10,7,52,350,-0.11758040248801094,12.678347237951488,63.39173618975744,-0.3092940597704701,12.5
730,striatum,54,200,DMS,theta,Intermediate,10,52,500,-0.2595691396258497,13.421596496709663,67.10798248354831,-0.17503744604175053,12.5
730,striatum,54,200,DMS,theta,Expert,10,52,500,-0.1287688579111843,12.611616054722127,63.058080273610635,-0.2002213675651474,12.5
730,striatum,54,200,DMS,beta,All,200,52,10000,0.022865383304548015,12.225709373126266,61.12854686563133,-0.00813561671745533,12.5
730,striatum,54,200,DMS,beta,Trials 4-10,7,52,350,-0.28353050978801275,13.55208459655254,67.76042298276269,-0.2879604828375426,12.5
730,striatum,54,200,DMS,beta,Intermediate,10,52,500,0.012655317682468192,11.598063154581897,57.99031577290948,-0.11275908244255461,12.5
730,striatum,54,200,DMS,beta,Expert,10,52,500,-0.05737354833754038,11.970248293361953,59.85124146680977,-0.10164152403672122,12.5
730,striatum,54,200,DMS,low_gamma,All,200,52,10000,0.08031380938025445,11.689860741698757,58.44930370849379,-0.007262089337493505,12.5
730,striatum,54,200,DMS,low_gamma,Trials 4-10,7,52,350,-0.1418069836925966,12.334985742322491,61.67492871161245,-0.38180649834799474,12.5
730,striatum,54,200,DMS,low_gamma,Intermediate,10,52,500,0.2756328508537246,9.37394588877818,46.869729443890904,-0.1257267805714799,12.5
730,striatum,54,200,DMS,low_gamma,Expert,10,52,500,0.100560227165722,11.032251943544852,55.161259717724256,-0.1104004863111967,12.5
730,striatum,54,200,DMS,high_gamma,All,200,52,10000,0.05802535366556638,11.855726977219506,59.27863488609753,-0.008023036959752039,12.5
730,striatum,54,200,DMS,high_gamma,Trials 4-10,7,52,350,-0.12157383379577591,12.223427597490328,61.11713798745164,-0.2853297739581375,12.5
730,striatum,54,200,DMS,high_gamma,Intermediate,10,52,500,0.21101022748477016,10.217791885827431,51.088959429137155,-0.16722928166504825,12.5
730,striatum,54,200,DMS,high_gamma,Expert,10,52,500,0.039305057501834884,11.473893639834179,57.369468199170896,-0.14765716207296276,12.5
730,striatum,54,200,DMS,total,All,200,52,10000,0.0731587324122226,11.680579609408193,58.40289804704096,-0.011101787490255699,12.5
730,striatum,54,200,DMS,total,Trials 4-10,7,52,350,-0.10710087571618954,12.317677445146662,61.588387225733314,-0.3337975224072982,12.5
730,striatum,54,200,DMS,total,Intermediate,10,52,500,0.22559416827387002,9.969406217891036,49.84703108945518,-0.15551494473140925,12.5
730,striatum,54,200,DMS,total,Expert,10,52,500,0.12213991606964125,10.728084860352418,53.64042430176209,-0.17620093007636473,12.5
730,striatum,54,200,DLS,theta,All,200,140,10000,0.01317934933935272,12.135783636966735,60.67891818483368,-0.026326355671574042,12.5
730,striatum,54,200,DLS,theta,Trials 4-10,7,140,350,-0.7538640168682766,15.401669371792101,77.00834685896051,-0.9711262182828224,12.5
730,striatum,54,200,DLS,theta,Intermediate,10,140,500,-0.4113055733204398,13.76333752829222,68.8166876414611,-0.713741197216581,12.5
730,striatum,54,200,DLS,theta,Expert,10,140,500,-0.2758552928857425,12.95480981842467,64.77404909212335,-0.7722686208237957,12.5
730,striatum,54,200,DLS,beta,All,200,140,10000,0.011751794593074849,12.17489719317099,60.87448596585495,-0.0195032703494602,12.5
730,striatum,54,200,DLS,beta,Trials 4-10,7,140,350,-0.8526728293728794,15.484781163571549,77.42390581785774,-1.0058821446687718,12.5
730,striatum,54,200,DLS,beta,Intermediate,10,140,500,-0.2920657338135213,13.058275521826298,65.29137760913149,-0.5489594913552194,12.5
730,striatum,54,200,DLS,beta,Expert,10,140,500,-0.24315184846682514,12.64603493318642,63.230174665932104,-0.6665984544059977,12.5
730,striatum,54,200,DLS,low_gamma,All,200,140,10000,0.05616619199857442,11.718244755650208,58.591223778251035,-0.023524595180668184,12.5
730,striatum,54,200,DLS,low_gamma,Trials 4-10,7,140,350,-0.6991808408637252,14.794098061726526,73.97049030863263,-1.2388817872099493,12.5
730,striatum,54,200,DLS,low_gamma,Intermediate,10,140,500,-0.015747665395368093,11.375915616126095,56.87957808063047,-0.5509191243514018,12.5
730,striatum,54,200,DLS,low_gamma,Expert,10,140,500,0.0306166206009707,11.216654318383224,56.083271591916116,-0.5869415986671067,12.5
730,striatum,54,200,DLS,high_gamma,All,200,140,10000,0.06086418463271848,11.68567497355969,58.42837486779845,-0.022097436971252327,12.5
730,striatum,54,200,DLS,high_gamma,Trials 4-10,7,140,350,-0.4353869785201221,13.686961198411888,68.43480599205944,-1.2580503051545828,12.5
730,striatum,54,200,DLS,high_gamma,Intermediate,10,140,500,-0.15378707484758936,12.224984599532663,61.12492299766331,-0.48768091734111163,12.5
730,striatum,54,200,DLS,high_gamma,Expert,10,140,500,-0.03377131992909188,11.595830748383218,57.97915374191609,-0.49070945878225714,12.5
730,striatum,54,200,DLS,total,All,200,140,10000,0.08357603283286763,11.456616944414922,57.283084722074605,-0.023636081805745723,12.5
730,striatum,54,200,DLS,total,Trials 4-10,7,140,350,-0.4619037506332109,13.58271261010832,67.9135630505416,-1.0948480468289894,12.5
730,striatum,54,200,DLS,total,Intermediate,10,140,500,0.010418171603320703,11.121901900321125,55.60950950160563,-0.46203067605467996,12.5
730,striatum,54,200,DLS,total,Expert,10,140,500,0.06852409963874762,10.855150932886922,54.27575466443461,-0.562036531411753,12.5
730,striatum,54,200,ACC,theta,All,200,102,10000,0.05297254856491518,11.839311165102052,59.19655582551026,-0.02227106749653407,12.5
730,striatum,54,200,ACC,theta,Trials 4-10,7,102,350,-0.0014205066578796277,11.407978529802712,57.03989264901356,-0.6014061491011369,12.5
730,striatum,54,200,ACC,theta,Intermediate,10,102,500,-0.06350809628059251,11.749949659201674,58.74974829600837,-0.40805610454410224,12.5
730,striatum,54,200,ACC,theta,Expert,10,102,500,0.06204631224351975,11.0914378361618,55.457189180809,-0.3418636037817986,12.5
730,striatum,54,200,ACC,beta,All,200,102,10000,0.026588660410439946,12.053657619194679,60.268288095973396,-0.016995050623486163,12.5
730,striatum,54,200,ACC,beta,Trials 4-10,7,102,350,-0.4112006828037498,14.013649572583272,70.06824786291637,-0.5337812979503556,12.5
730,striatum,54,200,ACC,beta,Intermediate,10,102,500,-0.17871896539774457,12.583951241905986,62.91975620952993,-0.35902836802812543,12.5
730,striatum,54,200,ACC,beta,Expert,10,102,500,-0.04637801492865701,11.669182442051174,58.34591221025587,-0.34811315723580316,12.5
730,striatum,54,200,ACC,low_gamma,All,200,102,10000,0.07821330396869497,11.561626618967283,57.808133094836414,-0.015416690146676126,12.5
730,striatum,54,200,ACC,low_gamma,Trials 4-10,7,102,350,-0.15776454657227013,12.30275556687918,61.513777834395896,-0.5351953882743359,12.5
730,striatum,54,200,ACC,low_gamma,Intermediate,10,102,500,0.18248282937170746,10.504921402900456,52.52460701450228,-0.3013361738457292,12.5
730,striatum,54,200,ACC,low_gamma,Expert,10,102,500,0.1171657420952158,10.372749293554538,51.863746467772685,-0.2672763213730849,12.5
730,striatum,54,200,ACC,high_gamma,All,200,102,10000,0.07610745640500716,11.508150647173217,57.540753235866084,-0.015798804474984163,12.5
730,striatum,54,200,ACC,high_gamma,Trials 4-10,7,102,350,-0.07154770127472543,12.1651340889671,60.8256704448355,-0.6271683304933664,12.5
730,striatum,54,200,ACC,high_gamma,Intermediate,10,102,500,-0.12629505664850038,12.138304730657786,60.69152365328893,-0.311223421821589,12.5
730,striatum,54,200,ACC,high_gamma,Expert,10,102,500,0.14092582962389066,10.444848123366745,52.224240616833725,-0.3218479131475054,12.5
730,striatum,54,200,ACC,total,All,200,102,10000,0.10380844088269814,11.272576103227324,56.36288051613662,-0.018261250196556666,12.5
730,striatum,54,200,ACC,total,Trials 4-10,7,102,350,0.05808367030321393,10.763010008467388,53.81505004233694,-0.6860758216314398,12.5
730,striatum,54,200,ACC,total,Intermediate,10,102,500,0.1541569899275187,10.55485149654402,52.774257482720095,-0.3962047925148604,12.5
730,striatum,54,200,ACC,total,Expert,10,102,500,0.21123972195973706,9.788991154903396,48.944955774516984,-0.39752530614971504,12.5
731,striatum,36,76,DMS,theta,All,76,32,3782,0.09667241595886644,11.422250273984702,57.11125136992351,-0.010019637584380181,12.482979718844112
731,striatum,36,76,DMS,theta,Trials 4-10,7,32,350,-0.01190222189391954,11.796385599868625,58.98192799934313,-0.17188066058674734,12.5
731,striatum,36,76,DMS,theta,Intermediate,10,32,500,0.1614993137915841,10.56177082866537,52.808854143326855,-0.13642744870975632,12.5
731,striatum,36,76,DMS,theta,Expert,10,32,500,-0.0895326461292989,11.870486234054107,59.352431170270535,-0.14785829286793506,12.5
731,striatum,36,76,DMS,beta,All,76,32,3782,0.020683804508824233,12.108821449833224,60.54410724916612,-0.010041509751303357,12.482979718844112
731,striatum,36,76,DMS,beta,Trials 4-10,7,32,350,-0.05987574433941578,12.125952741623475,60.62976370811738,-0.19749270673328856,12.5
731,striatum,36,76,DMS,beta,Intermediate,10,32,500,0.026076696474905736,11.702817936397702,58.51408968198851,-0.08427849043974756,12.5
731,striatum,36,76,DMS,beta,Expert,10,32,500,-0.02680805938820008,12.122731773633165,60.61365886816582,-0.08897576362576776,12.5
731,striatum,36,76,DMS,low_gamma,All,76,32,3782,0.08503851785493877,11.471958570945185,57.359792854725924,-0.01610223080178863,12.482979718844112
731,striatum,36,76,DMS,low_gamma,Trials 4-10,7,32,350,-0.10088702943554773,12.467527832900622,62.33763916450311,-0.14880318673573245,12.5
731,striatum,36,76,DMS,low_gamma,Intermediate,10,32,500,0.1850650663886364,10.559207183059138,52.79603591529569,-0.13128286316249627,12.5
731,striatum,36,76,DMS,low_gamma,Expert,10,32,500,0.09932392930274381,11.280785323329685,56.40392661664842,-0.13828063668670598,12.5
731,striatum,36,76,DMS,high_gamma,All,76,32,3782,0.10184416897121484,11.283445373913924,56.41722686956962,-0.017218942491731726,12.482979718844112
731,striatum,36,76,DMS,high_gamma,Trials 4-10,7,32,350,0.019473767011694565,11.285034284953,56.425171424765,-0.19877423063253374,12.5
731,striatum,36,76,DMS,high_gamma,Intermediate,10,32,500,0.148367626708502,10.76117267507375,53.80586337536875,-0.16851496269664135,12.5
731,striatum,36,76,DMS,high_gamma,Expert,10,32,500,0.100003753484458,11.095110475354668,55.47555237677334,-0.09326709556155377,12.5
731,striatum,36,76,DMS,total,All,76,32,3782,0.10376783345645813,11.304589260610951,56.52294630305476,-0.013924844623381505,12.482979718844112
731,striatum,36,76,DMS,total,Trials 4-10,7,32,350,0.04967635261994163,11.25958451215862,56.2979225607931,-0.13641973363472326,12.5
731,striatum,36,76,DMS,total,Intermediate,10,32,500,0.18269245404604062,10.493216841809339,52.4660842090467,-0.07968830021655693,12.5
731,striatum,36,76,DMS,total,Expert,10,32,500,-0.10681899225158076,11.842693205147851,59.21346602573926,-0.15223353024341502,12.5
731,striatum,36,76,ACC,theta,All,76,72,3782,0.16718565000003316,10.625941642664579,53.12970821332289,-0.03281513790629531,12.482979718844112
731,striatum,36,76,ACC,theta,Trials 4-10,7,72,350,0.06889632702747206,10.731815916832028,53.65907958416014,-0.40402408285182156,12.5
731,striatum,36,76,ACC,theta,Intermediate,10,72,500,0.2354348311775768,9.980834563122537,49.90417281561268,-0.23372355517863652,12.5
731,striatum,36,76,ACC,theta,Expert,10,72,500,0.14431452283975899,10.487980875644844,52.43990437822422,-0.2988768556692416,12.5
731,striatum,36,76,ACC,beta,All,76,72,3782,0.058581922129387176,11.586446292753262,57.932231463766314,-0.02569425813985249,12.482979718844112
731,striatum,36,76,ACC,beta,Trials 4-10,7,72,350,-0.012363261205316833,11.677790931751819,58.38895465875909,-0.45660268493174017,12.5
731,striatum,36,76,ACC,beta,Intermediate,10,72,500,0.05596518148183005,11.247576377634571,56.23788188817286,-0.2202176582770694,12.5
731,striatum,36,76,ACC,beta,Expert,10,72,500,-0.08107476522356238,12.196652565686506,60.98326282843253,-0.2187741352123065,12.5
731,striatum,36,76,ACC,low_gamma,All,76,72,3782,0.10156930968382871,11.246609939364596,56.23304969682298,-0.02370127851481696,12.482979718844112
731,striatum,36,76,ACC,low_gamma,Trials 4-10,7,72,350,-0.03189918536780456,11.450335595420352,57.251677977101764,-0.26899075502596537,12.5
731,striatum,36,76,ACC,low_gamma,Intermediate,10,72,500,0.14664636662055863,10.48995890324522,52.449794516226106,-0.1786866967196019,12.5
731,striatum,36,76,ACC,low_gamma,Expert,10,72,500,0.026583441252687523,11.560784967630367,57.803924838151836,-0.22951883785461247,12.5
731,striatum,36,76,ACC,high_gamma,All,76,72,3782,0.05886658764088171,11.651402029838676,58.257010149193384,-0.026027277069264443,12.482979718844112
731,striatum,36,76,ACC,high_gamma,Trials 4-10,7,72,350,-0.18611283434748693,12.497727230338445,62.48863615169222,-0.39632108615811346,12.5
731,striatum,36,76,ACC,high_gamma,Intermediate,10,72,500,0.03496448525364326,11.314899325326351,56.574496626631756,-0.2155599386623015,12.5
731,striatum,36,76,ACC,high_gamma,Expert,10,72,500,-0.16397957650726536,12.650413760744343,63.25206880372171,-0.20069075882768406,12.5
731,striatum,36,76,ACC,total,All,76,72,3782,0.16930471843675277,10.60813349779436,53.040667488971806,-0.02487529932397603,12.482979718844112
731,striatum,36,76,ACC,total,Trials 4-10,7,72,350,-0.10538881656573662,10.8558283738643,54.2791418693215,-1.5331478151966964,12.5
731,striatum,36,76,ACC,total,Intermediate,10,72,500,0.23354036742080664,9.937369408947527,49.68684704473763,-0.17633305552646905,12.5
731,striatum,36,76,ACC,total,Expert,10,72,500,0.10866453802903653,10.754884179200811,53.77442089600406,-0.5954536792814409,12.5
822,striatum,33,90,DMS,theta,All,90,50,4478,-0.006712196590972885,12.28492789005663,61.42463945028315,-0.014830654240592489,12.492292725429927
822,striatum,33,90,DMS,theta,Trials 4-10,7,50,350,-0.33271727339556256,13.490610115493137,67.45305057746569,-0.25019392159430054,12.5
822,striatum,33,90,DMS,theta,Intermediate,10,50,500,-0.12058682636059026,12.59057083785808,62.9528541892904,-0.198998023584966,12.5
822,striatum,33,90,DMS,theta,Expert,10,50,500,-0.19041567459134456,13.052938240242396,65.26469120121197,-0.15682361380756404,12.5
822,striatum,33,90,DMS,beta,All,90,50,4478,-0.005909282351241885,12.36960267577037,61.848013378851846,-0.016120890032784052,12.492292725429927
822,striatum,33,90,DMS,beta,Trials 4-10,7,50,350,-0.23692985098409225,13.029294149285816,65.14647074642907,-0.23656018028172343,12.5
822,striatum,33,90,DMS,beta,Intermediate,10,50,500,-0.1437707070499048,12.823343390216323,64.11671695108161,-0.14734488535227563,12.5
822,striatum,33,90,DMS,beta,Expert,10,50,500,-0.12246083690472553,12.852980390753011,64.26490195376505,-0.16335816197496555,12.5
822,striatum,33,90,DMS,low_gamma,All,90,50,4478,-0.0032181218528808397,12.327046812878672,61.63523406439336,-0.013969677559702687,12.492292725429927
822,striatum,33,90,DMS,low_gamma,Trials 4-10,7,50,350,-0.16259499631223662,12.75149502832116,63.7574751416058,-0.17224742955156502,12.5
822,striatum,33,90,DMS,low_gamma,Intermediate,10,50,500,-0.17365344371870695,13.134242776567467,65.67121388283734,-0.11736607422648526,12.5
822,striatum,33,90,DMS,low_gamma,Expert,10,50,500,-0.03939054821370602,12.019800635941385,60.099003179706926,-0.16091107174881536,12.5
822,striatum,33,90,DMS,high_gamma,All,90,50,4478,0.03744174101950937,11.835823023145704,59.17911511572852,-0.014302802062303055,12.492292725429927
822,striatum,33,90,DMS,high_gamma,Trials 4-10,7,50,350,-0.08167367816333693,12.261362996244404,61.30681498122202,-0.23695615501361278,12.5
822,striatum,33,90,DMS,high_gamma,Intermediate,10,50,500,-0.11269802700663378,12.466906314070803,62.33453157035402,-0.1712248638917755,12.5
822,striatum,33,90,DMS,high_gamma,Expert,10,50,500,-0.08108631957378898,12.154107970478652,60.770539852393256,-0.15053662836684079,12.5
822,striatum,33,90,DMS,total,All,90,50,4478,0.018212173629531092,12.03574053928113,60.17870269640565,-0.021735050828288305,12.492292725429927
822,striatum,33,90,DMS,total,Trials 4-10,7,50,350,-0.17643207812951722,12.540406611748061,62.702033058740305,-0.24668814869819,12.5
822,striatum,33,90,DMS,total,Intermediate,10,50,500,-0.08044392436995951,12.368122152178989,61.84061076089495,-0.1284144582461828,12.5
822,striatum,33,90,DMS,total,Expert,10,50,500,-0.08491747801895455,12.270861361559712,61.35430680779856,-0.15155711073298694,12.5
822,striatum,33,90,DLS,theta,All,90,96,4478,-0.02449376261541869,12.485236293589718,62.426181467948595,-0.03437320177398595,12.492292725429927
822,striatum,33,90,DLS,theta,Trials 4-10,7,96,350,-0.297259631464313,13.602643754089563,68.01321877044782,-0.3492872050519482,12.5
822,striatum,33,90,DLS,theta,Intermediate,10,96,500,-0.2164475028868451,13.369582256037447,66.84791128018723,-0.3884783014521005,12.5
822,striatum,33,90,DLS,theta,Expert,10,96,500,-0.19582264786711345,13.202469012912687,66.01234506456343,-0.2496746059950965,12.5
822,striatum,33,90,DLS,beta,All,90,96,4478,-0.024345715372851018,12.457964857053911,62.28982428526955,-0.02672375784076997,12.492292725429927
822,striatum,33,90,DLS,beta,Trials 4-10,7,96,350,-0.8375085663509059,15.484017171621613,77.42008585810807,-0.40645885125147374,12.5
822,striatum,33,90,DLS,beta,Intermediate,10,96,500,-0.2914120634516699,13.416193094020864,67.08096547010432,-0.30270587217092726,12.5
822,striatum,33,90,DLS,beta,Expert,10,96,500,-0.15081596362137772,12.560815373943676,62.80407686971838,-0.341044663205339,12.5
822,striatum,33,90,DLS,low_gamma,All,90,96,4478,-0.03330529611290567,12.568571088596501,62.842855442982504,-0.027733957594580083,12.492292725429927
822,striatum,33,90,DLS,low_gamma,Trials 4-10,7,96,350,-0.37399762518145985,13.405250433169702,67.0262521658485,-0.4183676636983169,12.5
822,striatum,33,90,DLS,low_gamma,Intermediate,10,96,500,-0.27057470477839196,13.31323258181521,66.56616290907606,-0.30417938864390814,12.5
822,striatum,33,90,DLS,low_gamma,Expert,10,96,500,-0.3019279448803107,13.23845708685106,66.1922854342553,-0.3553656694576002,12.5
822,striatum,33,90,DLS,high_gamma,All,90,96,4478,-0.018575009784823404,12.369117668852569,61.84558834426284,-0.029066251865287773,12.492292725429927
822,striatum,33,90,DLS,high_gamma,Trials 4-10,7,96,350,-0.5584445143198469,14.289667868966397,71.448339344832,-0.4965571176214283,12.5
822,striatum,33,90,DLS,high_gamma,Intermediate,10,96,500,-0.34393539174488574,13.624905285762052,68.12452642881026,-0.28086861223051507,12.5
822,striatum,33,90,DLS,high_gamma,Expert,10,96,500,-0.263049109904576,13.373808579532742,66.86904289766372,-0.34206526349560407,12.5
822,striatum,33,90,DLS,total,All,90,96,4478,-0.022638956342281746,12.389278731259669,61.94639365629834,-0.033484373915757315,12.492292725429927
822,striatum,33,90,DLS,total,Trials 4-10,7,96,350,-0.34661016285345303,13.567907190950809,67.83953595475404,-0.40005536284225074,12.5
822,striatum,33,90,DLS,total,Intermediate,10,96,500,-0.12815950909024187,12.571668450585326,62.85834225292663,-0.3678581993409811,12.5
822,striatum,33,90,DLS,total,Expert,10,96,500,-0.31408693930773746,13.663775445571511,68.31887722785756,-0.23838044882596243,12.5
822,striatum,33,90,ACC,theta,All,90,66,4478,-0.005009616103713199,12.294473492872562,61.47236746436281,-0.0202266472295054,12.492292725429927
822,striatum,33,90,ACC,theta,Trials 4-10,7,66,350,-0.4765108383632497,14.63941745925227,73.19708729626134,-0.25500432693004904,12.5
822,striatum,33,90,ACC,theta,Intermediate,10,66,500,-0.23679230801284445,13.267228561729379,66.3361428086469,-0.2552852723998853,12.5
822,striatum,33,90,ACC,theta,Expert,10,66,500,-0.13137005167003468,12.757694614247828,63.78847307123914,-0.25415283825284596,12.5
822,striatum,33,90,ACC,beta,All,90,66,4478,0.0020947811084854884,12.31885116180426,61.5942558090213,-0.020590474736338793,12.492292725429927
822,striatum,33,90,ACC,beta,Trials 4-10,7,66,350,-0.29299276251038453,13.21901288412515,66.09506442062575,-0.4196984446573171,12.5
822,striatum,33,90,ACC,beta,Intermediate,10,66,500,-0.16239436330328694,13.050312620372093,65.25156310186047,-0.20644577907179396,12.5
822,striatum,33,90,ACC,beta,Expert,10,66,500,-0.1879314113263415,12.998283909058557,64.99141954529279,-0.19348560844791995,12.5
822,striatum,33,90,ACC,low_gamma,All,90,66,4478,0.010043907617738324,12.233378505794914,61.16689252897457,-0.01858017427253933,12.492292725429927
822,striatum,33,90,ACC,low_gamma,Trials 4-10,7,66,350,-0.2034318754425306,12.753723277266534,63.76861638633267,-0.3712897884755111,12.5
822,striatum,33,90,ACC,low_gamma,Intermediate,10,66,500,-0.20747800314097953,13.302150657103342,66.51075328551671,-0.21771437333028776,12.5
822,striatum,33,90,ACC,low_gamma,Expert,10,66,500,-0.16176305084371645,12.825908413698276,64.12954206849138,-0.1948095838079804,12.5
822,striatum,33,90,ACC,high_gamma,All,90,66,4478,0.04702985380693403,11.753834409997895,58.76917204998947,-0.01731980892783258,12.492292725429927
822,striatum,33,90,ACC,high_gamma,Trials 4-10,7,66,350,-0.030331846293809583,11.68352618847115,58.41763094235575,-0.29909823032876526,12.5
822,striatum,33,90,ACC,high_gamma,Intermediate,10,66,500,-0.08630342525275392,12.300067444448334,61.50033722224167,-0.25776966436367954,12.5
822,striatum,33,90,ACC,high_gamma,Expert,10,66,500,0.00635215113832055,11.715250549175153,58.57625274587576,-0.1945145240636712,12.5
822,striatum,33,90,ACC,total,All,90,66,4478,0.005665772520796697,12.311239535436712,61.55619767718356,-0.02236831523091909,12.492292725429927
822,striatum,33,90,ACC,total,Trials 4-10,7,66,350,-0.293088777303246,13.46587623489568,67.3293811744784,-0.42366720778961553,12.5
822,striatum,33,90,ACC,total,Intermediate,10,66,500,-0.06613585641286246,12.24179402954367,61.20897014771835,-0.23724289122555775,12.5
822,striatum,33,90,ACC,total,Expert,10,66,500,-0.1582548073939447,12.77856442501063,63.89282212505315,-0.1798686691351281,12.5
823,striatum,14,200,DMS,theta,All,200,52,10000,-0.001907632136126658,12.460064382973215,62.300321914866075,-0.00733548210588153,12.5
823,striatum,14,200,DMS,theta,Trials 4-10,7,52,350,-0.15637417718228197,12.593597139833946,62.96798569916973,-0.29063879682411975,12.5
823,striatum,14,200,DMS,theta,Intermediate,10,52,500,-0.16269666134856386,12.8226010763497,64.11300538174851,-0.2580261790622955,12.5
823,striatum,14,200,DMS,theta,Expert,10,52,500,-0.10556929110869628,12.631250635663585,63.156253178317925,-0.1760958679960445,12.5
823,striatum,14,200,DMS,beta,All,200,52,10000,-0.0039040623022108534,12.492770559573918,62.46385279786959,-0.006986032847896784,12.5
823,striatum,14,200,DMS,beta,Trials 4-10,7,52,350,-0.24908139016708808,13.089137700312717,65.44568850156358,-0.3417153461667355,12.5
823,striatum,14,200,DMS,beta,Intermediate,10,52,500,-0.17919993154869096,12.910139224099538,64.55069612049769,-0.13203957909042718,12.5
823,striatum,14,200,DMS,beta,Expert,10,52,500,-0.21781176103947164,13.053276202828354,65.26638101414177,-0.20039774877395122,12.5
823,striatum,14,200,DMS,low_gamma,All,200,52,10000,-0.0023745429484631764,12.489201749177784,62.44600874588892,-0.0068407659592542025,12.5
823,striatum,14,200,DMS,low_gamma,Trials 4-10,7,52,350,-0.2488847247278514,12.993141263507376,64.96570631753687,-0.24306702355911947,12.5
823,striatum,14,200,DMS,low_gamma,Intermediate,10,52,500,-0.15338474050042383,12.82483158381135,64.12415791905674,-0.15461864760106114,12.5
823,striatum,14,200,DMS,low_gamma,Expert,10,52,500,-0.1640273125296512,13.008569445789124,65.04284722894562,-0.1708400886496242,12.5
823,striatum,14,200,DMS,high_gamma,All,200,52,10000,-0.0019149544769248017,12.442381152173807,62.21190576086904,-0.00660650762690862,12.5
823,striatum,14,200,DMS,high_gamma,Trials 4-10,7,52,350,-0.1954670793231359,13.107560159384398,65.537800796922,-0.2670344418712087,12.5
823,striatum,14,200,DMS,high_gamma,Intermediate,10,52,500,-0.13617022812090895,12.89018244770076,64.4509122385038,-0.16088535784282598,12.5
823,striatum,14,200,DMS,high_gamma,Expert,10,52,500,-0.1567620392139617,12.890414081476347,64.45207040738174,-0.197688412632965,12.5
823,striatum,14,200,DMS,total,All,200,52,10000,0.024373829979721817,12.298384526195186,61.49192263097593,-0.00704461382796806,12.5
823,striatum,14,200,DMS,total,Trials 4-10,7,52,350,-0.06232227448393912,11.850437492748494,59.25218746374247,-0.2691735050100279,12.5
823,striatum,14,200,DMS,total,Intermediate,10,52,500,-0.017687602076602582,11.900666355150046,59.503331775750226,-0.18815488543602688,12.5
823,striatum,14,200,DMS,total,Expert,10,52,500,-0.007671010319360905,12.002658920222053,60.01329460111027,-0.13053602303432443,12.5
823,striatum,14,200,ACC,theta,All,200,82,10000,0.033005792540026,12.202468698009529,61.01234349004764,-0.016929058780520645,12.5
823,striatum,14,200,ACC,theta,Trials 4-10,7,82,350,-0.04213954341983439,11.690367744847983,58.45183872423991,-0.5079867103304849,12.5
823,striatum,14,200,ACC,theta,Intermediate,10,82,500,0.06774380295885385,11.077882105217512,55.38941052608756,-0.3744012897666955,12.5
823,striatum,14,200,ACC,theta,Expert,10,82,500,-0.16432952316713734,12.715861409191982,63.57930704595991,-0.2834181303311103,12.5
823,striatum,14,200,ACC,beta,All,200,82,10000,0.003572586301405556,12.436729207147698,62.18364603573849,-0.013761874995868117,12.5
823,striatum,14,200,ACC,beta,Trials 4-10,7,82,350,-0.30567731300425316,13.116761597107677,65.58380798553839,-0.44310232359104007,12.5
823,striatum,14,200,ACC,beta,Intermediate,10,82,500,-0.18959207868220895,12.902077747820739,64.51038873910369,-0.2988584614141778,12.5
823,striatum,14,200,ACC,beta,Expert,10,82,500,-0.2986163776805255,13.420306540798634,67.10153270399317,-0.2379040247104809,12.5
823,striatum,14,200,ACC,low_gamma,All,200,82,10000,0.011319760394879919,12.390679492159968,61.95339746079984,-0.009814480755197641,12.5
823,striatum,14,200,ACC,low_gamma,Trials 4-10,7,82,350,-0.31534768842846606,13.5044995516955,67.5224977584775,-0.43672053194736593,12.5
823,striatum,14,200,ACC,low_gamma,Intermediate,10,82,500,-0.11090329749335415,12.334831144564927,61.674155722824636,-0.31777710614396626,12.5
823,striatum,14,200,ACC,low_gamma,Expert,10,82,500,-0.17849754284039876,12.871378613242472,64.35689306621236,-0.23664836748050866,12.5
823,striatum,14,200,ACC,high_gamma,All,200,82,10000,0.013698953085298449,12.298915498006176,61.49457749003088,-0.010882760874734831,12.5
823,striatum,14,200,ACC,high_gamma,Trials 4-10,7,82,350,-0.25600743105301715,12.953400620136854,64.76700310068426,-0.48708995418448464,12.5
823,striatum,14,200,ACC,high_gamma,Intermediate,10,82,500,-0.09896471809573781,12.4601601918379,62.3008009591895,-0.21024043766527023,12.5
823,striatum,14,200,ACC,high_gamma,Expert,10,82,500,-0.1146519680053526,12.29053033341997,61.45265166709984,-0.26207078185385746,12.5
823,striatum,14,200,ACC,total,All,200,82,10000,0.03784805530032875,12.185060625725056,60.92530312862528,-0.013008107054597984,12.5
823,striatum,14,200,ACC,total,Trials 4-10,7,82,350,0.0959640273751119,11.080635235028614,55.403176175143074,-0.5894991545133952,12.5
823,striatum,14,200,ACC,total,Intermediate,10,82,500,0.03414041046969596,11.37115366761518,56.855768338075904,-0.26121066360070455,12.5
823,striatum,14,200,ACC,total,Expert,10,82,500,-0.07884288592651179,12.19576646852676,60.978832342633794,-0.34071371557376384,12.5
