mouse_id,probe,learning_point,n_trials,area,band,window,n_window_trials,n_channels,r_profile_vs_speed,split_half_r,split_half_r_p25,split_half_r_p75,mean_pairwise_r
1105,striatum,44,200,DMS,theta,All,200,60,-0.5016312304294803,0.7766635488691607,0.6683447165956872,0.8263058770288229,0.013233104912878482
1105,striatum,44,200,DMS,theta,Trials 4-10,7,60,0.16192353426123002,0.050356894156135326,-0.10087611398584252,0.23980108832225788,0.024780291302059575
1105,striatum,44,200,DMS,theta,Intermediate,10,60,-0.285065041491081,0.18575201238276887,0.08652475961212502,0.27238278700364815,0.01792037840329735
1105,striatum,44,200,DMS,theta,Expert,10,60,-0.08423869242005352,0.22084558851687214,0.10169050648872943,0.34146817367573246,0.01775017165023525
1105,striatum,44,200,DMS,beta,All,200,60,-0.6118550436392366,0.5229137698732553,0.38404780813802897,0.6529869161289643,0.002452539630342817
1105,striatum,44,200,DMS,beta,Trials 4-10,7,60,-0.3019928763051649,0.3136738609424362,0.23144827279130373,0.40496839801859946,0.052385129995158874
1105,striatum,44,200,DMS,beta,Intermediate,10,60,-0.17831530912264787,0.20095115821327297,0.04878634068588099,0.2639863160132808,0.016818977460003746
1105,striatum,44,200,DMS,beta,Expert,10,60,-0.5093052552414947,0.17545912783921658,0.09825581586322588,0.28472498665846,0.017518413796473523
1105,striatum,44,200,DMS,low_gamma,All,200,60,-0.4360134147428043,0.6215820633645778,0.4402076816038197,0.795816052434698,0.016223780527300453
1105,striatum,44,200,DMS,low_gamma,Trials 4-10,7,60,-0.23407786984026244,0.21695348850393548,0.04160056147142809,0.2984696908714381,0.015167181045351592
1105,striatum,44,200,DMS,low_gamma,Intermediate,10,60,-0.27925259770551936,-0.002977935485395149,-0.1615466304683706,0.17787025690668437,-0.0011661437999101868
1105,striatum,44,200,DMS,low_gamma,Expert,10,60,-0.31780240197416765,0.2243928315162622,0.09782129382624401,0.3938594994133492,0.02772784505138389
1105,striatum,44,200,DMS,high_gamma,All,200,60,-0.7227600289264327,0.8130812027384746,0.711134414651249,0.8823586567319521,0.028059557332409422
1105,striatum,44,200,DMS,high_gamma,Trials 4-10,7,60,-0.2941206372098599,0.16486547961188372,0.028084281752600238,0.2934863764567257,0.05825761951350407
1105,striatum,44,200,DMS,high_gamma,Intermediate,10,60,-0.3456770919937745,0.3250662264046631,-0.0038214299733350795,0.4193326506948808,0.027633645682330024
1105,striatum,44,200,DMS,high_gamma,Expert,10,60,-0.39985324979480086,0.33375571627739886,0.19430415867163897,0.44061130212857824,0.03673462294544214
1105,striatum,44,200,DMS,total,All,200,60,-0.5860723118375055,0.8486183324398151,0.6607408926548727,0.9093504900411515,0.02243554647579265
1105,striatum,44,200,DMS,total,Trials 4-10,7,60,-0.2651756139957484,0.11517091191585514,-0.19015919810155768,0.3623536862000375,0.04745029746630716
1105,striatum,44,200,DMS,total,Intermediate,10,60,-0.39432749023118213,0.3972034779468956,0.29346181025237456,0.46754312529541897,0.05659457752250649
1105,striatum,44,200,DMS,total,Expert,10,60,-0.388246551552179,0.33348612229197844,-0.06461671845782094,0.5016657737777319,0.033197781114109357
1105,striatum,44,200,DLS,theta,All,200,66,0.5369825786195083,0.7549086459777561,0.7361973599557757,0.7733423093426635,0.0062332201411639514
1105,striatum,44,200,DLS,theta,Trials 4-10,7,66,0.18743297065977366,-0.30451446947664773,-0.39796345780803616,-0.23013694433187737,0.01218922039368588
1105,striatum,44,200,DLS,theta,Intermediate,10,66,0.07724962967892422,0.46956975171920046,0.4327789898685809,0.4989593671887836,0.06171643661261491
1105,striatum,44,200,DLS,theta,Expert,10,66,0.5960093710494776,0.1663113958044612,0.12320796109816234,0.19163959470909492,0.0317903550443963
1105,striatum,44,200,DLS,beta,All,200,66,-0.8084756444415391,0.8520650553941356,0.8362839499598178,0.8724682920714307,0.015418813901097827
1105,striatum,44,200,DLS,beta,Trials 4-10,7,66,-0.5040889852433449,0.3189705484511671,0.2639070254330544,0.35581772108384824,0.08142393621763075
1105,striatum,44,200,DLS,beta,Intermediate,10,66,-0.36386162483902706,0.09830796979801301,0.03469220463230427,0.19597816597917567,0.012723463040579568
1105,striatum,44,200,DLS,beta,Expert,10,66,-0.6042198592634862,-0.025930236163831045,-0.07030233864629898,0.03410081773605388,-0.0010382620079798458
1105,striatum,44,200,DLS,low_gamma,All,200,66,-0.5034232658550862,0.7804355106296668,0.7140587734974296,0.8354055998516722,0.02908754271474206
1105,striatum,44,200,DLS,low_gamma,Trials 4-10,7,66,-0.344837944566974,0.08732512896097808,0.02819054435121834,0.14348180518591216,-0.0017184559073385294
1105,striatum,44,200,DLS,low_gamma,Intermediate,10,66,-0.47577112935964105,0.19216595365481243,0.0608403595849908,0.35541700744020466,0.029094180057439842
1105,striatum,44,200,DLS,low_gamma,Expert,10,66,-0.30071261662883375,0.2190009057874145,0.1259172965920717,0.36861857914001106,0.006400957515043826
1105,striatum,44,200,DLS,high_gamma,All,200,66,-0.7314576847514203,0.828007450456025,0.7846448314109372,0.8787136531061022,0.035487280734576604
1105,striatum,44,200,DLS,high_gamma,Trials 4-10,7,66,-0.2862626394467886,0.5044558021319674,0.4609707101636198,0.5345755023467593,0.10149856868216017
1105,striatum,44,200,DLS,high_gamma,Intermediate,10,66,-0.5805365263057681,0.4887549442781436,0.4142864872766381,0.5782865085848574,0.07133580327701962
1105,striatum,44,200,DLS,high_gamma,Expert,10,66,-0.43980367136034426,0.5299361420116424,0.420238996451905,0.600917309770339,0.06707884562320313
1105,striatum,44,200,DLS,total,All,200,66,-0.6265904552259615,0.5479918271095905,0.39889699829051306,0.6531839425770661,0.0017724080511667996
1105,striatum,44,200,DLS,total,Trials 4-10,7,66,-0.3452265592419511,-0.14988728605969098,-0.22262919106053183,-0.08643433631381559,-0.008681668036459199
1105,striatum,44,200,DLS,total,Intermediate,10,66,-0.2918141848429855,0.42118009143996243,0.378699018019949,0.46547657012354493,0.049400619662493775
1105,striatum,44,200,DLS,total,Expert,10,66,-0.15143782680648726,-0.48438776025585273,-0.6449162759027122,-0.32884892239986574,-0.019291676803218936
1105,striatum,44,200,ACC,theta,All,200,50,-0.4860261621421167,0.702849483590918,0.6314966325408921,0.8598502827391223,0.005809869671134079
1105,striatum,44,200,ACC,theta,Trials 4-10,7,50,-0.0468644127925693,0.06831569615988752,-0.18129700544161498,0.29266763785876276,0.09144231915009984
1105,striatum,44,200,ACC,theta,Intermediate,10,50,-0.40023985050470545,0.3544338933725253,0.25932241429677216,0.4660140139772502,0.021254480336959383
1105,striatum,44,200,ACC,theta,Expert,10,50,0.03532158573918119,-0.0431992997844681,-0.12514761338393915,0.10278213683910392,0.01650951079018155
1105,striatum,44,200,ACC,beta,All,200,50,-0.7122616790718528,0.6867059237203026,0.6291383003658071,0.7628979144210742,0.006709302911523961
1105,striatum,44,200,ACC,beta,Trials 4-10,7,50,-0.3604375361360103,-0.4074366756664596,-0.4899949253317514,-0.27070469950146553,-0.020242095346530806
1105,striatum,44,200,ACC,beta,Intermediate,10,50,-0.3630676125305936,0.17434545630728782,0.03143097827695592,0.27623712414070195,0.016088693459906458
1105,striatum,44,200,ACC,beta,Expert,10,50,-0.4066518501610281,0.34360771763576137,0.2800280590260962,0.4268728159045916,0.03965438604834674
1105,striatum,44,200,ACC,low_gamma,All,200,50,-0.5709110578256283,0.7887885761583148,0.7416572822545036,0.8607914743127831,0.01391546364496294
1105,striatum,44,200,ACC,low_gamma,Trials 4-10,7,50,-0.4754013972554172,-0.13765720214031832,-0.34744937848920193,0.062093098182332135,0.03149528716270099
1105,striatum,44,200,ACC,low_gamma,Intermediate,10,50,-0.34775335197889523,0.3983665715894149,0.2528177133509806,0.5167900326818164,0.05222580903500505
1105,striatum,44,200,ACC,low_gamma,Expert,10,50,-0.4184417558027294,-0.09098008821758868,-0.35220642634619753,0.1549215817291477,0.018210441848605208
1105,striatum,44,200,ACC,high_gamma,All,200,50,-0.7958121964688261,0.9446374615491233,0.9203548319357614,0.9690390456272079,0.074439947741182
1105,striatum,44,200,ACC,high_gamma,Trials 4-10,7,50,-0.3894159498539991,0.3901740701093681,0.2886450185639444,0.46633463515455076,0.14829762510353256
1105,striatum,44,200,ACC,high_gamma,Intermediate,10,50,-0.5113637124104078,0.5700739293983411,0.48920123467738263,0.6901450429156573,0.08818830945163054
1105,striatum,44,200,ACC,high_gamma,Expert,10,50,-0.5044398244180941,0.4813336802681123,0.38187535725122734,0.5878232067441999,0.12896522792354814
1105,striatum,44,200,ACC,total,All,200,50,-0.747209888629778,0.9229104432741428,0.8945259240687109,0.9425269912293341,0.04592301885924781
1105,striatum,44,200,ACC,total,Trials 4-10,7,50,-0.4511170886551645,0.4579311999065187,0.3805864629311094,0.547904149205289,0.16845411955418668
1105,striatum,44,200,ACC,total,Intermediate,10,50,-0.5276655569433659,0.4899708443032476,0.38050712249237517,0.5981979472247847,0.06598029722805057
1105,striatum,44,200,ACC,total,Expert,10,50,-0.40937922614128597,0.4890950317919186,0.38792532327240237,0.5782637930567197,0.08868930934949223
1105,visual,44,200,V1,theta,All,200,92,0.30181064419258385,0.5897067439427632,0.4891159875775364,0.6530634522672253,0.010372085456890372
1105,visual,44,200,V1,theta,Trials 4-10,7,92,0.004219995651276622,-0.1491678324016092,-0.2745104277485407,0.00010664437431976434,-0.0002828237678469066
1105,visual,44,200,V1,theta,Intermediate,10,92,-0.10299216195120128,0.3182790097295328,0.1992711558940523,0.40755773930240957,0.06368330279828396
1105,visual,44,200,V1,theta,Expert,10,92,0.26614579372244623,0.17234589604643957,0.10278150551483262,0.26838644021000907,0.03171459008016393
1105,visual,44,200,V1,beta,All,200,92,-0.8063890927262747,0.8462559510857219,0.7008704501466505,0.9367517589544073,0.030192254010460197
1105,visual,44,200,V1,beta,Trials 4-10,7,92,-0.4038860217146782,0.3048447005706274,0.08418681840638988,0.4096730546535268,0.06346906127857702
1105,visual,44,200,V1,beta,Intermediate,10,92,-0.47136474952759366,0.17650030436534503,-0.0068233736393396634,0.4459723767358335,0.028259813701781593
1105,visual,44,200,V1,beta,Expert,10,92,-0.45701399015779426,0.4381218739508065,0.23257850102071828,0.5129739293253216,0.043578047767403705
1105,visual,44,200,V1,low_gamma,All,200,92,-0.6978389014220985,0.7774978601385955,0.7049281169099493,0.8548175448451127,0.032128572465206506
1105,visual,44,200,V1,low_gamma,Trials 4-10,7,92,-0.4457362472575734,0.26882274432034375,0.17023554360948284,0.37657274934913054,0.07437738537346633
1105,visual,44,200,V1,low_gamma,Intermediate,10,92,-0.57361717395022,0.49824860625532436,0.3733715097269926,0.6171503264690438,0.058954023366875066
1105,visual,44,200,V1,low_gamma,Expert,10,92,-0.4281411832904897,0.3262149543044721,0.1818310409794478,0.5053243801536296,0.04274971781584372
1105,visual,44,200,V1,high_gamma,All,200,92,-0.47986294118727324,0.7421706182491364,0.5542512108854919,0.8503853751395181,0.02367564022477643
1105,visual,44,200,V1,high_gamma,Trials 4-10,7,92,-0.23149576497100996,0.21142847507428997,0.05969772718473783,0.3459118981893408,0.028558665478180423
1105,visual,44,200,V1,high_gamma,Intermediate,10,92,-0.32227029329142753,0.4665200338137274,0.3562225194416007,0.5463079304333655,0.0460871284475448
1105,visual,44,200,V1,high_gamma,Expert,10,92,-0.2811146530816143,0.2645361586071002,0.07121811293202406,0.4714114724072952,0.03633789810558176
1105,visual,44,200,V1,total,All,200,92,-0.679303539403919,0.8500182674316383,0.809212174675224,0.8771007273254777,0.03196522636496907
1105,visual,44,200,V1,total,Trials 4-10,7,92,-0.4908008914813623,0.19425250304021796,0.04835105428791191,0.2865067535833172,0.08554663723321569
1105,visual,44,200,V1,total,Intermediate,10,92,-0.4653080958774024,0.4747546903776612,0.3721995854161884,0.5608189987858515,0.07027220304588527
1105,visual,44,200,V1,total,Expert,10,92,-0.4432188025311017,0.3062598663024517,0.17529056542450866,0.38678676711946786,0.05030040189269272
1106,striatum,67,189,DMS,theta,All,189,52,-0.8003231312783752,0.8075834773568777,0.7922132663679375,0.8317368499128956,0.01526485808664773
1106,striatum,67,189,DMS,theta,Trials 4-10,7,52,-0.4116183518774838,0.3426929448757452,0.20755659847184904,0.4217125490553879,0.01625753395678513
1106,striatum,67,189,DMS,theta,Intermediate,10,52,-0.5611740645915011,0.36246205140965204,0.15996179474087036,0.5363059294308561,0.019950319015887764
1106,striatum,67,189,DMS,theta,Expert,10,52,-0.47936796292573247,0.5148149393989548,0.3929258798709591,0.6040041965771415,0.03039208617369972
1106,striatum,67,189,DMS,beta,All,189,52,-0.7539839414092836,0.5282986115963464,0.4457163183058151,0.5989133295383653,0.003170834603943346
1106,striatum,67,189,DMS,beta,Trials 4-10,7,52,-0.1904639386641941,0.000756813007741433,-0.2903476803874297,0.1740457526337187,-0.012609324052579661
1106,striatum,67,189,DMS,beta,Intermediate,10,52,-0.3518392719354913,0.07673482681625851,-0.1100042354278889,0.2669306942261182,0.05094776053824553
1106,striatum,67,189,DMS,beta,Expert,10,52,-0.36417439840107296,-0.026881342544915213,-0.22415216353279704,0.14942536047538968,-0.0034427346548856993
1106,striatum,67,189,DMS,low_gamma,All,189,52,-0.596403555605916,0.5040735872909153,0.43066511499889026,0.6094343080565128,0.0038657682158553495
1106,striatum,67,189,DMS,low_gamma,Trials 4-10,7,52,-0.1315456737643016,-0.03597029863396376,-0.23311466736055703,0.17424554674174786,-0.0006593267937215618
1106,striatum,67,189,DMS,low_gamma,Intermediate,10,52,-0.3115764455090776,0.2664716933057778,0.06467853172776872,0.37125421581076173,0.09022180875872829
1106,striatum,67,189,DMS,low_gamma,Expert,10,52,-0.22055603509076688,0.24989704665650228,0.10919597152063815,0.4017527160525708,0.006729419256626349
1106,striatum,67,189,DMS,high_gamma,All,189,52,-0.6342718225345563,0.5242118903862606,0.40453058362897387,0.6171951812588035,0.006257761853239598
1106,striatum,67,189,DMS,high_gamma,Trials 4-10,7,52,-0.2783502223433275,0.09518680678818159,-0.041683944954438716,0.2519431383688723,0.015584635433868102
1106,striatum,67,189,DMS,high_gamma,Intermediate,10,52,-0.29062867996454445,0.14119871414263807,-0.08304437383319148,0.3750229701942799,-0.024670829018165516
1106,striatum,67,189,DMS,high_gamma,Expert,10,52,-0.2732478351629121,0.1122500809395656,-0.17341927451674133,0.2740758700202957,0.03001595806863292
1106,striatum,67,189,DMS,total,All,189,52,-0.8304926064419521,0.8017129185228404,0.7633444426137974,0.8536248235093372,0.030074264033361574
1106,striatum,67,189,DMS,total,Trials 4-10,7,52,-0.5135290781993516,0.23381265766554704,-0.08061689531540972,0.39564957230483916,0.03953727434286632
1106,striatum,67,189,DMS,total,Intermediate,10,52,-0.5448770937559795,0.3562862934710598,0.18455944596960133,0.48985775642497753,0.04527632822517802
1106,striatum,67,189,DMS,total,Expert,10,52,-0.5138123894616795,0.38821855013064255,0.31865190880519567,0.5039471163257108,0.017778461185006294
1106,striatum,67,189,DLS,theta,All,189,82,-0.7507498520488156,0.46406915054944287,0.3796561099744552,0.5370197391300273,0.019454495195475305
1106,striatum,67,189,DLS,theta,Trials 4-10,7,82,-0.12372693312750158,0.0748292590064748,-0.0046721184325933755,0.15151042824391883,0.018408976059548443
1106,striatum,67,189,DLS,theta,Intermediate,10,82,-0.3445374296274711,0.5135152394940308,0.3551757286716706,0.628157558017277,0.15910110646835715
1106,striatum,67,189,DLS,theta,Expert,10,82,-0.2101475934767237,0.3201434829371873,0.06578636394595583,0.38425530956403914,-0.0504257609478408
1106,striatum,67,189,DLS,beta,All,189,82,-0.8421472987140671,0.6701392760380334,0.6430437335603526,0.6919719456801872,0.002081966117946146
1106,striatum,67,189,DLS,beta,Trials 4-10,7,82,-0.20481028915065602,0.2623096117966942,0.10798815772411258,0.3210487304113846,-0.0021439206996906107
1106,striatum,67,189,DLS,beta,Intermediate,10,82,-0.4529761034934756,0.07460452537439613,-0.09597473264519843,0.17860030788060827,0.07005903050011696
1106,striatum,67,189,DLS,beta,Expert,10,82,-0.5332457949865297,0.02915266047989823,-0.1223592784337631,0.1400165970383722,-0.026431820664557105
1106,striatum,67,189,DLS,low_gamma,All,189,82,-0.691966106950581,0.5951951088083213,0.5635650696771723,0.6405467419803084,-0.006211891415542301
1106,striatum,67,189,DLS,low_gamma,Trials 4-10,7,82,0.031292886598152415,-0.04446363615188667,-0.18296694552174309,0.02225617751867185,-0.03352428967133093
1106,striatum,67,189,DLS,low_gamma,Intermediate,10,82,-0.42988968966563224,0.23238513916725378,0.14182237066439146,0.3002572773056062,0.14562175901314733
1106,striatum,67,189,DLS,low_gamma,Expert,10,82,-0.3671763010830086,0.3541017221040995,0.2937947890187249,0.39296370301205524,0.024265358014528768
1106,striatum,67,189,DLS,high_gamma,All,189,82,-0.6835566302652394,0.47723382264852116,0.4022015693282304,0.5598763910046033,0.017569987589444433
1106,striatum,67,189,DLS,high_gamma,Trials 4-10,7,82,-0.37380933822587215,0.3101048002970468,0.16571456481936533,0.3975490327504856,0.04071135652061025
1106,striatum,67,189,DLS,high_gamma,Intermediate,10,82,-0.18986231570517687,-0.027398609433516193,-0.18114996716235715,0.10989792383261422,0.05312474141770715
1106,striatum,67,189,DLS,high_gamma,Expert,10,82,-0.22403375308330364,0.1360366229376998,-0.08966845402179924,0.2483777594956334,0.05499245448518063
1106,striatum,67,189,DLS,total,All,189,82,-0.8382665396492628,0.7226054505281477,0.6917811618617208,0.7585534498911866,0.01059868246756918
1106,striatum,67,189,DLS,total,Trials 4-10,7,82,-0.4966166790326969,-0.09666813180856504,-0.20688222160413988,-0.007451508629275519,-0.01073556027833475
1106,striatum,67,189,DLS,total,Intermediate,10,82,-0.5040752631305304,0.3533365583914527,0.2865415652977999,0.40988393885972835,0.1802652557685409
1106,striatum,67,189,DLS,total,Expert,10,82,-0.39089031151053366,0.3559187734066567,0.3020864266119094,0.4099071796569172,-0.0356624070526025
1106,striatum,67,189,ACC,theta,All,189,72,-0.7961040831870247,0.7330750479999629,0.6866879256935441,0.7754886310465217,0.0034383815599664906
1106,striatum,67,189,ACC,theta,Trials 4-10,7,72,-0.17370926645275522,-0.15356812618213272,-0.40149033400338635,0.022615549660078615,-0.015220944437786842
1106,striatum,67,189,ACC,theta,Intermediate,10,72,-0.42296568874147666,0.37117451431334003,0.2602083901815763,0.44306966704926537,0.11272969409838492
1106,striatum,67,189,ACC,theta,Expert,10,72,-0.5838100022141349,0.2612663976682098,0.1164832601226444,0.404649485914227,-0.01196131250310969
1106,striatum,67,189,ACC,beta,All,189,72,-0.683575734418095,0.6047955837121178,0.5241402996854689,0.6967430105985966,0.006861112305361722
1106,striatum,67,189,ACC,beta,Trials 4-10,7,72,-0.15101438402102724,2.4352161595250906e-05,-0.2547484650812096,0.15112410216234085,-0.011905430782070292
1106,striatum,67,189,ACC,beta,Intermediate,10,72,-0.34158366734091616,-0.04712216998478094,-0.2554330947781012,0.1217522380282823,0.03354518573696541
1106,striatum,67,189,ACC,beta,Expert,10,72,-0.4459320668905754,0.18237037535962303,0.011531805852125853,0.34359577057212687,0.01373695472116252
1106,striatum,67,189,ACC,low_gamma,All,189,72,-0.5617674509341732,0.5908804545700801,0.47599805839261694,0.696627437050447,0.003987982289934518
1106,striatum,67,189,ACC,low_gamma,Trials 4-10,7,72,-0.1471177270198658,0.03859405571822886,-0.12971881418241005,0.18052111611461585,-0.003405551209541992
1106,striatum,67,189,ACC,low_gamma,Intermediate,10,72,-0.41405227742432205,0.3032594374957145,0.1412019286682685,0.4477707235779114,0.05259794218045699
1106,striatum,67,189,ACC,low_gamma,Expert,10,72,-0.37666430165878956,0.10438742195297276,-0.05664151500838346,0.23037034563230924,-0.02208067720050239
1106,striatum,67,189,ACC,high_gamma,All,189,72,-0.5776534529770414,0.5466822851297746,0.457486384741719,0.6328894401820294,0.004618370087204492
1106,striatum,67,189,ACC,high_gamma,Trials 4-10,7,72,-0.2632563129111818,-0.04604157037903218,-0.23711014672265524,0.11729117578101429,-0.006505606016424847
1106,striatum,67,189,ACC,high_gamma,Intermediate,10,72,-0.3052976305992173,0.03490506727535718,-0.2083788523932113,0.19835029543113378,0.019550076565399914
1106,striatum,67,189,ACC,high_gamma,Expert,10,72,-0.30646191801687117,0.16327344588887988,0.0035918001956021274,0.26465115981071874,0.05640977102787789
1106,striatum,67,189,ACC,total,All,189,72,-0.7596895646493174,0.8322626007677011,0.7881842591316892,0.8745753636626454,0.018358414081346325
1106,striatum,67,189,ACC,total,Trials 4-10,7,72,-0.4584890383596887,0.2743592078560215,0.14892805662316938,0.41580451716834566,0.050380243456252014
1106,striatum,67,189,ACC,total,Intermediate,10,72,-0.5294462752310662,0.35541263338410045,0.20434374385670132,0.4662699977910587,0.13875932732569773
1106,striatum,67,189,ACC,total,Expert,10,72,-0.576810524178458,0.3801631310349861,0.21504957293009072,0.5188578847908708,0.04015281893456146
1106,visual,67,189,V1,theta,All,189,52,-0.4645892565871292,0.9276907216399348,0.8691553515106365,0.9427775060225779,0.04942359071353989
1106,visual,67,189,V1,theta,Trials 4-10,7,52,-0.03888920195698846,0.15779062660902343,0.05765513297984183,0.2851454728801506,0.05110958965878881
1106,visual,67,189,V1,theta,Intermediate,10,52,-0.268139293377557,0.3761391535011024,0.14621714793893711,0.512916657489625,0.20537516535091266
1106,visual,67,189,V1,theta,Expert,10,52,-0.4117311176200035,0.5219707722068994,0.05783618435341937,0.6015566354351227,0.15758822261998195
1106,visual,67,189,V1,beta,All,189,52,-0.6449656718762526,0.6003146252550912,0.5467043433658638,0.6545791634274069,0.007997434145907832
1106,visual,67,189,V1,beta,Trials 4-10,7,52,-0.22579594296345729,-0.2825924023485496,-0.5936761909490359,0.04637492010545801,-0.025747264574043055
1106,visual,67,189,V1,beta,Intermediate,10,52,-0.20622653790822643,0.08470022955345574,-0.10600679057052562,0.3245364516118415,0.0023651721126173074
1106,visual,67,189,V1,beta,Expert,10,52,-0.29557888866487536,0.3297783545821347,0.22798060986400412,0.4357400162313632,0.10461011610399046
1106,visual,67,189,V1,low_gamma,All,189,52,-0.36999188339693145,0.45636255935491804,0.32638871637907946,0.5825254949997327,0.012921011931000644
1106,visual,67,189,V1,low_gamma,Trials 4-10,7,52,-0.004136767864308006,-0.13089584623256914,-0.2517711886479757,-0.055197945240919546,-0.021184772577867488
1106,visual,67,189,V1,low_gamma,Intermediate,10,52,-0.15060755886305122,0.047882260791094144,-0.14696262836902307,0.15451425388468332,0.00024271893529906807
1106,visual,67,189,V1,low_gamma,Expert,10,52,-0.18862970377037908,0.06766304761120215,-0.06472376765394136,0.20536905643057382,0.1196619020059902
1106,visual,67,189,V1,high_gamma,All,189,52,-0.2476535403034461,0.585448046231317,0.40179083029548074,0.6446458908569179,-0.0025841380846600382
1106,visual,67,189,V1,high_gamma,Trials 4-10,7,52,-0.01659266537983234,0.14301534102640823,-2.54737446381281e-06,0.27477857019059176,0.023344994448840646
1106,visual,67,189,V1,high_gamma,Intermediate,10,52,-0.03643557399840684,0.2249626983240694,0.08348170824628338,0.3241198955777413,-0.046762512151793945
1106,visual,67,189,V1,high_gamma,Expert,10,52,-0.040043992594315306,0.006935026918968355,-0.13999676214942874,0.15630753622307608,0.05389992630068259
1106,visual,67,189,V1,total,All,189,52,-0.5744188426712573,0.960704427633636,0.9100678835080088,0.9684277685001186,0.11322632290921253
1106,visual,67,189,V1,total,Trials 4-10,7,52,-0.36372534696920555,0.6394205753297464,0.5213213105567076,0.7155677587275444,0.22041142412995518
1106,visual,67,189,V1,total,Intermediate,10,52,-0.24253184002139583,0.5060216327141666,0.25064496526002483,0.6535189129899612,0.17304566453143705
1106,visual,67,189,V1,total,Expert,10,52,-0.4339747419262333,0.6216509462520079,0.45150473289997517,0.6925487412504594,0.21677863350923926
1201,striatum,84,200,DMS,theta,All,200,60,0.7454354896047629,0.8872485865460236,0.8157377717446475,0.9128733335927605,0.031212215241087686
1201,striatum,84,200,DMS,theta,Trials 4-10,7,60,0.3767575683771145,0.4389219185985733,0.2966912160349997,0.5181886233703986,0.05695589077810956
1201,striatum,84,200,DMS,theta,Intermediate,10,60,0.6660833139742666,0.31269397142342914,0.21887306052141076,0.4010870066374145,0.04651444540441399
1201,striatum,84,200,DMS,theta,Expert,10,60,0.5555487788895446,0.24360433922801977,-0.09838857642405847,0.34723333111067656,0.06611860275382428
1201,striatum,84,200,DMS,beta,All,200,60,-0.8096966457226582,0.8243672324452933,0.8009188758436856,0.8497966979833219,0.02077197922257623
1201,striatum,84,200,DMS,beta,Trials 4-10,7,60,-0.45050227903088413,-0.008643137148926932,-0.11644885520924617,0.10951198863920318,0.004897945906037988
1201,striatum,84,200,DMS,beta,Intermediate,10,60,-0.269321816430168,0.05953832768736882,-0.1441217817332198,0.1669873671091373,0.01624885499973953
1201,striatum,84,200,DMS,beta,Expert,10,60,-0.4032737623973942,0.2476041274441118,0.16439219543968397,0.40819579687610863,0.05874783865496391
1201,striatum,84,200,DMS,low_gamma,All,200,60,-0.5918513758426718,0.5322301856409895,0.41569193852618724,0.608819328849216,-0.0038148905389320037
1201,striatum,84,200,DMS,low_gamma,Trials 4-10,7,60,-0.0160039060306318,0.07004689236873622,-0.14779146948181165,0.22793478321752278,0.005431731528427009
1201,striatum,84,200,DMS,low_gamma,Intermediate,10,60,-0.12445744733206707,0.20046615356852565,0.06255067135689524,0.30935036607855687,0.01455351422799138
1201,striatum,84,200,DMS,low_gamma,Expert,10,60,-0.1080136278781661,0.0699933473893474,-0.08032811379785199,0.28234826668266483,0.0064318373567532824
1201,striatum,84,200,DMS,high_gamma,All,200,60,-0.7012961870710239,0.7763120380470078,0.6957210638210923,0.8356984597840457,0.02129932033710828
1201,striatum,84,200,DMS,high_gamma,Trials 4-10,7,60,-0.09215956767777114,-0.15273588327994697,-0.3800838470442536,0.017931993025268905,0.004890770102358614
1201,striatum,84,200,DMS,high_gamma,Intermediate,10,60,-0.1771376895487219,0.2281289367655447,0.016970619695279836,0.3430862895996202,0.03300350701781524
1201,striatum,84,200,DMS,high_gamma,Expert,10,60,-0.36147560426302394,0.38210987772690624,0.10037298868776874,0.5281527170008808,0.050176342655079406
1201,striatum,84,200,DMS,total,All,200,60,-0.36635550875818845,0.6279624337396077,0.5457112671618201,0.7494975703726479,0.008729967011208008
1201,striatum,84,200,DMS,total,Trials 4-10,7,60,-0.4161643745984177,0.1163155522390007,0.029887149767005666,0.25810341200487547,0.046265579565599346
1201,striatum,84,200,DMS,total,Intermediate,10,60,0.027583609145529767,0.03269438219122287,-0.10802235646950521,0.15951353581859973,0.005680109647759138
1201,striatum,84,200,DMS,total,Expert,10,60,-0.12602035891183327,-0.012120637468354565,-0.1583923256295379,0.14613890387239725,0.0025462294732984
1201,striatum,84,200,DLS,theta,All,200,46,0.6778676959935777,0.9095771146443881,0.8857236271466811,0.9220991580543784,0.0440288694514014
1201,striatum,84,200,DLS,theta,Trials 4-10,7,46,0.13295967092136873,0.19227160568647356,0.08126561763789346,0.3465655329738484,0.04642938602974826
1201,striatum,84,200,DLS,theta,Intermediate,10,46,0.6314220474994159,0.5304259743484008,0.4395711373155953,0.5751374328501466,0.09077459508613309
1201,striatum,84,200,DLS,theta,Expert,10,46,0.5627264886513661,0.44639520814615236,0.3070663505447314,0.5210694062410524,0.11043134763299417
1201,striatum,84,200,DLS,beta,All,200,46,-0.825531565831146,0.8389450045362172,0.8196612859884378,0.859856007334477,0.030677821389270055
1201,striatum,84,200,DLS,beta,Trials 4-10,7,46,-0.6092035001539564,0.26473824783252015,0.20634583538800688,0.33659078569276224,0.07028780714506441
1201,striatum,84,200,DLS,beta,Intermediate,10,46,-0.28620594165845303,0.17455374039041988,0.06280256842521512,0.3007183265633363,0.03633647432971662
1201,striatum,84,200,DLS,beta,Expert,10,46,-0.4471605763158326,0.37695016644864393,0.3049502568354933,0.4379258675167195,0.07156533033781244
1201,striatum,84,200,DLS,low_gamma,All,200,46,-0.6953355656964066,0.6041590738172948,0.5692593338677455,0.6467106786476637,0.002956201520653649
1201,striatum,84,200,DLS,low_gamma,Trials 4-10,7,46,-0.037769005438622244,-0.11939330913644756,-0.29176130848671844,-0.013810013721282727,-0.006679799362750985
1201,striatum,84,200,DLS,low_gamma,Intermediate,10,46,-0.2219187660394797,0.0617019041436168,-0.006699564664597186,0.16882823454361381,-0.0010734625980723857
1201,striatum,84,200,DLS,low_gamma,Expert,10,46,-0.23956352409324377,0.007200622913273364,-0.07974852450554543,0.1261337513463402,-0.018513582221180446
1201,striatum,84,200,DLS,high_gamma,All,200,46,-0.7787209001770753,0.7464748032759638,0.6971273792927337,0.774446084594451,0.021867660561431808
1201,striatum,84,200,DLS,high_gamma,Trials 4-10,7,46,-0.23844037535151846,0.09965836320195474,-0.07527295950245537,0.2103665036237181,0.0016683501345080007
1201,striatum,84,200,DLS,high_gamma,Intermediate,10,46,-0.26016660682069503,0.10812328234451257,-0.03566910991007155,0.24599471365372128,0.04324853124735247
1201,striatum,84,200,DLS,high_gamma,Expert,10,46,-0.3810459515064254,0.21601022992129654,0.0870041165093102,0.3532179018072845,0.024664668504633794
1201,striatum,84,200,DLS,total,All,200,46,-0.2450135467388352,0.5899772679763513,0.4943143253556798,0.7061802325563002,0.018309946693654294
1201,striatum,84,200,DLS,total,Trials 4-10,7,46,-0.6410524098532124,0.18232929311180102,0.06963107348919258,0.30837501577282256,0.0938621311833886
1201,striatum,84,200,DLS,total,Intermediate,10,46,0.04698819534291189,-0.14498521600349265,-0.23199892859002158,0.01438863230622247,-0.007235244603236483
1201,striatum,84,200,DLS,total,Expert,10,46,-0.17237754088089535,-0.27071023815118167,-0.4902754911428532,-0.009960361388097989,-0.005061719901167628
1201,striatum,84,200,ACC,theta,All,200,50,-0.3176290714609257,0.8329812922386204,0.8014901894512605,0.8569650788474031,0.005226919420676351
1201,striatum,84,200,ACC,theta,Trials 4-10,7,50,-0.23443517262075697,0.2730702146009998,0.04338522386229996,0.43039386190245776,0.026383253946165322
1201,striatum,84,200,ACC,theta,Intermediate,10,50,-0.0485730016333605,0.2434495214128375,0.054755736252545005,0.45263802104013584,0.03616154689857525
1201,striatum,84,200,ACC,theta,Expert,10,50,0.07676308138794627,-0.08089593066087793,-0.35194388316101466,0.15361436296709183,0.016384953022482825
1201,striatum,84,200,ACC,beta,All,200,50,-0.6897989857084414,0.6544893281049546,0.5892595720301964,0.699473074553803,-0.0026081318030930292
1201,striatum,84,200,ACC,beta,Trials 4-10,7,50,-0.31563944606541283,-0.08607985170649822,-0.23100485632024803,0.023557781932156713,0.0053871313575937566
1201,striatum,84,200,ACC,beta,Intermediate,10,50,-0.20176025705300277,0.15495534347158557,0.04237382807925345,0.2402866343632758,-0.005026634341834297
1201,striatum,84,200,ACC,beta,Expert,10,50,-0.29490226214337534,0.07762403425427253,-0.04970627658338521,0.20680776505922033,0.00786100776650388
1201,striatum,84,200,ACC,low_gamma,All,200,50,-0.12696301142189398,0.2921694217179577,0.18905363045799528,0.41096356130142003,-4.697852856756529e-05
1201,striatum,84,200,ACC,low_gamma,Trials 4-10,7,50,0.03050741413257729,0.07476994882327194,-0.10287738107923255,0.2565664886333028,-0.004078140849354012
1201,striatum,84,200,ACC,low_gamma,Intermediate,10,50,0.13338685527721256,0.09622330306781585,-0.042680936511520204,0.18245935919884226,0.009035412649497816
1201,striatum,84,200,ACC,low_gamma,Expert,10,50,0.17612894085974995,-0.3844732580567837,-0.6907025772861402,-0.1873747069258232,-0.005707479717752307
1201,striatum,84,200,ACC,high_gamma,All,200,50,0.1933600876626157,0.5242261386224725,0.47240606759765913,0.6358384077820288,0.003898345292816274
1201,striatum,84,200,ACC,high_gamma,Trials 4-10,7,50,-0.1731295783704776,0.1222091900842088,-0.017507408548125842,0.2379752955673565,0.005342099899427409
1201,striatum,84,200,ACC,high_gamma,Intermediate,10,50,0.20061242164621895,0.10083817999915023,-0.08917172916053476,0.30561315187457555,-0.007925782620877574
1201,striatum,84,200,ACC,high_gamma,Expert,10,50,0.29395903883576824,-0.01958340137657048,-0.2446762861414198,0.15030700475853737,0.011345828023279294
1201,striatum,84,200,ACC,total,All,200,50,-0.341768228699709,0.7701172657202343,0.721965866663398,0.80676583115551,0.0031752855270940497
1201,striatum,84,200,ACC,total,Trials 4-10,7,50,-0.3532853508574658,0.22461446208613456,0.03215084286099833,0.33396095527420333,0.04088382323640417
1201,striatum,84,200,ACC,total,Intermediate,10,50,0.002098149427160665,0.2816234442541335,0.18503090649684734,0.40137280817710896,0.027743279441775327
1201,striatum,84,200,ACC,total,Expert,10,50,-0.06503707351971344,-0.3334086757501368,-0.43900072005138,-0.18223502212147327,0.010859413522270406
1206,striatum,,104,DMS,theta,All,104,72,0.7369444823400788,0.9027387237198304,0.887999292406783,0.910111695850237,0.0784930982446737
1206,striatum,,104,DMS,theta,Trials 4-10,7,72,0.2898525427923587,0.4968847900570081,0.4389097431866554,0.5200446993719345,0.11235457918649688
1206,striatum,,104,DMS,beta,All,104,72,-0.1863643034089411,0.7339775236421686,0.7170147719354636,0.7500879983257382,0.03031075122580268
1206,striatum,,104,DMS,beta,Trials 4-10,7,72,-0.1467854554672462,0.2733197221172955,0.20924177707140867,0.3341486934264765,0.03641603341189556
1206,striatum,,104,DMS,low_gamma,All,104,72,0.18551068214953964,-0.04532606381604162,-0.1132658413524966,0.04572628933710361,0.0014605540790127666
1206,striatum,,104,DMS,low_gamma,Trials 4-10,7,72,0.15656543374320278,-0.40423916534418075,-0.5044760738341161,-0.20776695627313607,-0.01874875376430915
1206,striatum,,104,DMS,high_gamma,All,104,72,-0.13797499750483483,0.6171048250245237,0.5559990458388808,0.6585768785913959,0.019754880672654747
1206,striatum,,104,DMS,high_gamma,Trials 4-10,7,72,-0.056661444485908236,0.16718233885954203,0.061477674251497944,0.24537077468991741,0.025550175111557098
1206,striatum,,104,DMS,total,All,104,72,0.41056317554391186,0.8428877130277688,0.8297734646573635,0.8581738748706259,0.0557184582567131
1206,striatum,,104,DMS,total,Trials 4-10,7,72,0.010167501343810254,0.4980572718808164,0.45345280610530836,0.5366665022244232,0.07780866277212556
1206,visual,,104,V1,theta,All,104,94,0.06127251286569866,0.8831770869091295,0.8240631940985064,0.9139836314950085,0.06442445274695052
1206,visual,,104,V1,theta,Trials 4-10,7,94,0.062391774266690306,0.4831979586447802,0.3532322769416406,0.5451991366955464,0.1346104227438273
1206,visual,,104,V1,beta,All,104,94,-0.177730703371199,0.978944966151917,0.9728077792829073,0.9828889811936508,0.23998395680342538
1206,visual,,104,V1,beta,Trials 4-10,7,94,-0.08565311926805146,0.5435720040508955,0.33392209027722414,0.6256641714119684,0.13345466094304734
1206,visual,,104,V1,low_gamma,All,104,94,0.04327475291360553,0.947077923077825,0.9148095104893231,0.9656829290170239,0.1255206617209111
1206,visual,,104,V1,low_gamma,Trials 4-10,7,94,0.14476699920551406,0.6042775496075556,0.47604333471284216,0.7261341105999994,0.13350474856641034
1206,visual,,104,V1,high_gamma,All,104,94,0.04297427537434598,0.9578026405626097,0.8845852557632017,0.9727469506679578,0.1711914349378787
1206,visual,,104,V1,high_gamma,Trials 4-10,7,94,0.11376963727784153,0.704666599293452,0.6169548665816031,0.7707392690999038,0.24193709213997294
1206,visual,,104,V1,total,All,104,94,-0.2049643793158532,0.9628132201314572,0.9502872008303989,0.9694433792832072,0.21057942055033346
1206,visual,,104,V1,total,Trials 4-10,7,94,-0.12833483614572005,0.6653802669175087,0.5508488301442718,0.7450240909018082,0.21435587311323093
1206,visual,,104,CA1,theta,All,104,60,-0.12718314823567467,0.8998316982140029,0.8587706532606286,0.9254982531957405,0.06145969413796913
1206,visual,,104,CA1,theta,Trials 4-10,7,60,0.008552459157078484,0.3762445373621853,0.20085959719424404,0.5577701378489507,0.0791642486117913
1206,visual,,104,CA1,beta,All,104,60,-0.3984927708264977,0.8758777343662998,0.8106945936600966,0.9123985170113466,0.0417534749623287
1206,visual,,104,CA1,beta,Trials 4-10,7,60,-0.04768758838458201,0.2870502710377887,0.15147947208965107,0.5400216807197111,0.041499386011157845
1206,visual,,104,CA1,low_gamma,All,104,60,-0.5161903680322515,0.6992182752100728,0.6614927944744122,0.7699782876067682,0.03139512216516936
1206,visual,,104,CA1,low_gamma,Trials 4-10,7,60,-0.1518496543338676,0.06966930187653114,-0.07698121084365198,0.22103139069089428,0.017027590032014886
1206,visual,,104,CA1,high_gamma,All,104,60,-0.632732307477333,0.8233562574171752,0.776469772357147,0.8919362797208892,0.058865930290726995
1206,visual,,104,CA1,high_gamma,Trials 4-10,7,60,-0.1062316710904271,0.32601634579412087,0.21499366995291783,0.43604643706748314,0.09847995063140697
1206,visual,,104,CA1,total,All,104,60,-0.4746181656901534,0.9150602873855272,0.8795574469715004,0.938718034231609,0.08610232592375594
1206,visual,,104,CA1,total,Trials 4-10,7,60,-0.25187885727155945,0.534433643418883,0.44797032379990465,0.588752210967497,0.09961135591734854
1206,visual,,104,DG,theta,All,104,78,0.2546036299222812,0.8026086275727788,0.6775275240611155,0.8326502842346475,0.050348752316448836
1206,visual,,104,DG,theta,Trials 4-10,7,78,0.16214631211485292,0.38911262202902297,-0.1935414120196145,0.68851833533748,0.12208160712580049
1206,visual,,104,DG,beta,All,104,78,-0.536367887810736,0.7360861483063361,0.5886750741089735,0.7966185342165772,0.020159388065188612
1206,visual,,104,DG,beta,Trials 4-10,7,78,-0.15184523512062598,0.180134576137988,0.053034804299134125,0.24491410377384196,0.03905602989164211
1206,visual,,104,DG,low_gamma,All,104,78,-0.48211398729721866,0.5257271302685447,0.4544320993466861,0.5786535115123612,0.018121030043065582
1206,visual,,104,DG,low_gamma,Trials 4-10,7,78,-0.14781095126782628,0.1428617622072029,0.09138073519777307,0.2639917995020265,0.023118088080775583
1206,visual,,104,DG,high_gamma,All,104,78,-0.7653191914178815,0.6907840636378508,0.6287893731019111,0.7388959302634259,0.019600663883304663
1206,visual,,104,DG,high_gamma,Trials 4-10,7,78,-0.23768917240907877,0.06872215540702795,-0.06478121000114814,0.21623908251367396,0.008196128973096694
1206,visual,,104,DG,total,All,104,78,-0.38785306529263863,0.6910045820855679,0.637639554257978,0.7952062815310385,0.023066859394385512
1206,visual,,104,DG,total,Trials 4-10,7,78,-0.03821399228576891,0.15882497002876228,0.02648825184580296,0.5429637880176812,0.005752602371645835
1212,striatum,23,155,DMS,theta,All,155,62,0.7417355168256476,0.9511470459167135,0.9457485103305935,0.9588742034305939,0.1303248268267425
1212,striatum,23,155,DMS,theta,Trials 4-10,7,62,0.18083433477527258,0.08427118181329943,-0.07003342261625715,0.1868395132271768,0.00026237507719982815
1212,striatum,23,155,DMS,theta,Intermediate,10,62,0.23551621928843133,0.5158015193089498,0.43630564398009564,0.5667783134373974,0.10641465240346426
1212,striatum,23,155,DMS,theta,Expert,10,62,0.8020232453068823,0.6691640710862274,0.6324987772836594,0.7271347927954548,0.199238372295288
1212,striatum,23,155,DMS,beta,All,155,62,-0.1698570825700385,0.4800211598522888,0.39231197907805926,0.5854130574508679,0.015383751649410506
1212,striatum,23,155,DMS,beta,Trials 4-10,7,62,-0.45939555362224527,0.37544202464343157,0.2651491919981468,0.4924595854304932,0.037297113316989504
1212,striatum,23,155,DMS,beta,Intermediate,10,62,-0.16401023512605417,0.15843063902186413,0.019026302001990104,0.28510872384111524,0.033319362209761796
1212,striatum,23,155,DMS,beta,Expert,10,62,-0.20704621334164208,-0.06282874121955348,-0.17916446645335374,0.11716206840762279,0.017938799036001048
1212,striatum,23,155,DMS,low_gamma,All,155,62,0.2273957902018763,0.8076163106608236,0.7842882328476626,0.8215591414987116,0.033702882056364056
1212,striatum,23,155,DMS,low_gamma,Trials 4-10,7,62,-0.42662824582111286,0.5293772819651188,0.4567558464802517,0.5866751127880443,0.08819081518474978
1212,striatum,23,155,DMS,low_gamma,Intermediate,10,62,-0.04661182178494179,0.44652011238990397,0.3904105908623561,0.5350798141129678,0.1133586134330984
1212,striatum,23,155,DMS,low_gamma,Expert,10,62,-0.15499534178258012,0.17069690416856115,0.0523910861955454,0.28306545918393183,0.013074325605034635
1212,striatum,23,155,DMS,high_gamma,All,155,62,0.02191737451175483,0.8824841296663247,0.8567975382208829,0.8958277881295836,0.0816639713706509
1212,striatum,23,155,DMS,high_gamma,Trials 4-10,7,62,-0.4803198092413845,0.566726081289295,0.5362206932055829,0.6012247340104322,0.08600227981440792
1212,striatum,23,155,DMS,high_gamma,Intermediate,10,62,0.03731118900051248,0.6257253334808924,0.5982576718955103,0.6565075936887833,0.16896298313416436
1212,striatum,23,155,DMS,high_gamma,Expert,10,62,-0.06488103687910457,0.2692443542364458,0.19359105722878353,0.3258286233791121,0.07955947144592579
1212,striatum,23,155,DMS,total,All,155,62,0.6805835836774834,0.9139930928070169,0.9021977774885803,0.9268905269147109,0.05324128387583949
1212,striatum,23,155,DMS,total,Trials 4-10,7,62,-0.30158882652578084,0.2755128250187776,0.10234756231349659,0.39857478937122215,0.028669762375112706
1212,striatum,23,155,DMS,total,Intermediate,10,62,0.034158418375802455,0.1458807420735285,-0.1423470272979942,0.2557290978592144,0.022561581571853416
1212,striatum,23,155,DMS,total,Expert,10,62,0.3842097189746418,0.5575060793834665,0.4753323586520125,0.6045293551735399,0.07755448744669063
1212,striatum,23,155,DLS,theta,All,155,32,0.6784145913632602,0.9380855621810569,0.9200101449592333,0.9454082981674459,0.07578011933346715
1212,striatum,23,155,DLS,theta,Trials 4-10,7,32,0.054352310417772456,0.21292684417797503,0.12108015987272279,0.3747516910049663,-0.003511343188076689
1212,striatum,23,155,DLS,theta,Intermediate,10,32,0.21323488743431213,0.5387429701126031,0.47015630424772914,0.5889889460053225,0.10280674695785619
1212,striatum,23,155,DLS,theta,Expert,10,32,0.6803209722144348,0.5821163894776882,0.4905110228867126,0.6805459843382677,0.13826453099268915
1212,striatum,23,155,DLS,beta,All,155,32,-0.4149538940028292,0.54545408544206,0.45019935091776525,0.6594162914783219,0.010196241549734024
1212,striatum,23,155,DLS,beta,Trials 4-10,7,32,-0.49572967437397175,0.40991736998252837,0.32947390558271805,0.4702051074919932,0.059188581471326746
1212,striatum,23,155,DLS,beta,Intermediate,10,32,-0.18112719742527467,0.09767065134987929,-0.04883835905022611,0.15822459727760566,0.020133204817403473
1212,striatum,23,155,DLS,beta,Expert,10,32,-0.3578264730789307,0.08970912264520639,-0.1101527814402302,0.3951221906374765,0.02454081257382408
1212,striatum,23,155,DLS,low_gamma,All,155,32,0.06680633968548197,0.7329711734220611,0.6969612955059852,0.7712686365180391,0.017498239456383125
1212,striatum,23,155,DLS,low_gamma,Trials 4-10,7,32,-0.421213639578488,0.5747634439357862,0.5183202520989861,0.6477348083683794,0.09319518976973391
1212,striatum,23,155,DLS,low_gamma,Intermediate,10,32,-0.14760759435785978,0.360481105575683,0.30263289506634655,0.4782464511376541,0.0929460292759584
1212,striatum,23,155,DLS,low_gamma,Expert,10,32,-0.269625451129608,0.2226934793952033,0.13465689776509993,0.2757995796101115,0.02062486544352243
1212,striatum,23,155,DLS,high_gamma,All,155,32,-0.019140621062200686,0.8417270058326021,0.803614926471568,0.8631172877431976,0.06881208300190206
1212,striatum,23,155,DLS,high_gamma,Trials 4-10,7,32,-0.49525182367724546,0.5605394316223972,0.49594672748220203,0.6011954719671722,0.08964870024203979
1212,striatum,23,155,DLS,high_gamma,Intermediate,10,32,0.0250515299440046,0.636022437089744,0.6080461053247186,0.6546960969355732,0.15833242301018444
1212,striatum,23,155,DLS,high_gamma,Expert,10,32,-0.04421238236079765,0.1911530289981006,0.1209077230622714,0.29280532614317173,0.06787244365985345
1212,striatum,23,155,DLS,total,All,155,32,0.5311860285422869,0.8830562206956587,0.8621594878633979,0.9036993493299041,0.02300244523327484
1212,striatum,23,155,DLS,total,Trials 4-10,7,32,-0.4271145825066538,0.41213705223131336,0.33864962432126666,0.49797772373952087,0.037596711627106566
1212,striatum,23,155,DLS,total,Intermediate,10,32,-0.1190594618461977,0.3225248172921895,0.18041700378452682,0.4225616189697248,0.03707864392500439
1212,striatum,23,155,DLS,total,Expert,10,32,0.14606814041343352,0.5135031216432231,0.4332472957611669,0.5487730223891157,0.08256886460749319
1212,striatum,23,155,ACC,theta,All,155,42,0.4410725880431765,0.7488551046898109,0.6810543555896911,0.8299517123827439,0.014640977295704901
1212,striatum,23,155,ACC,theta,Trials 4-10,7,42,-0.15565672802493125,0.3038458799408362,0.23928187304819806,0.393574645318465,0.05745433175510366
1212,striatum,23,155,ACC,theta,Intermediate,10,42,-0.2167548386389304,0.4462222674373769,0.27691205300699523,0.5323619245842637,0.039950551626697445
1212,striatum,23,155,ACC,theta,Expert,10,42,0.24456563487727756,0.4025515896121385,0.20093922475846526,0.6224119940063718,0.06986192884349665
1212,striatum,23,155,ACC,beta,All,155,42,-0.37694854782474324,0.6085717669757243,0.40375953989045427,0.7344006786753379,0.008711528512820756
1212,striatum,23,155,ACC,beta,Trials 4-10,7,42,-0.45230467979660416,0.12138675920699879,-0.10681401171046219,0.3053296285150363,0.020560266175851893
1212,striatum,23,155,ACC,beta,Intermediate,10,42,-0.2752085672912691,0.18230328099211396,-0.01305476137909872,0.3434741259567031,0.01713899127506119
1212,striatum,23,155,ACC,beta,Expert,10,42,-0.3519198555782016,0.03712591007613804,-0.28411125159509765,0.2072088382044738,0.006562046401559019
1212,striatum,23,155,ACC,low_gamma,All,155,42,0.2127419304537235,0.7144979110096161,0.4670216531154632,0.7883581015277552,0.012767753280692786
1212,striatum,23,155,ACC,low_gamma,Trials 4-10,7,42,-0.3595068325928197,0.4611318692243488,0.24886206882196382,0.5501398574797725,0.03903869190329573
1212,striatum,23,155,ACC,low_gamma,Intermediate,10,42,-0.14206443923452433,0.4140425362758624,0.2765834010559065,0.5073338392911917,0.06332761518137886
1212,striatum,23,155,ACC,low_gamma,Expert,10,42,-0.1688010116613109,0.17435298242072866,0.036386413631241836,0.25976132833509347,0.0062811723337682515
1212,striatum,23,155,ACC,high_gamma,All,155,42,0.16286096789689214,0.7950546574927293,0.7101230004038135,0.831659343653964,0.04460144751848989
1212,striatum,23,155,ACC,high_gamma,Trials 4-10,7,42,-0.46106024050017325,0.5309284847976787,0.331740983431011,0.6314939118842463,0.11282071113569826
1212,striatum,23,155,ACC,high_gamma,Intermediate,10,42,-0.052235875836797285,0.6245892176720955,0.4852942020746809,0.7090485872603232,0.1591319684755095
1212,striatum,23,155,ACC,high_gamma,Expert,10,42,-0.009904949383769183,0.3424861976079498,0.1975677975668842,0.43254754666429424,0.06940313243567103
1212,striatum,23,155,ACC,total,All,155,42,0.1130214284893081,0.7538397209648838,0.7000903050316074,0.8063383291110308,0.017583175331271406
1212,striatum,23,155,ACC,total,Trials 4-10,7,42,-0.5070995149784088,0.5437390878240721,0.43688985666496516,0.5954655198120127,0.13560345372918114
1212,striatum,23,155,ACC,total,Intermediate,10,42,-0.286740835188513,0.40603321038663365,0.028723037251187734,0.49511109458186053,0.058691645550362534
1212,striatum,23,155,ACC,total,Expert,10,42,-0.25392922270067675,0.5342120849205045,0.4565914938631313,0.6454557453679188,0.07392164035778766
1212,visual,23,155,V1,theta,All,155,126,-0.28468768657046656,0.8727413445192927,0.808746223912725,0.912554961644799,0.04125155621463947
1212,visual,23,155,V1,theta,Trials 4-10,7,126,-0.1685913818899678,0.16065778162197875,-0.3039516082877033,0.26352388165808244,-1.280327440593323e-05
1212,visual,23,155,V1,theta,Intermediate,10,126,-0.3143534983288543,0.32371250270362667,0.1258173476949744,0.4914242990691481,0.055836842038011446
1212,visual,23,155,V1,theta,Expert,10,126,-0.029367301820921933,0.48053999081412124,0.4034809556963673,0.5876806982457147,0.07737117674719277
1212,visual,23,155,V1,beta,All,155,126,-0.46237204013900984,0.9553433405369436,0.8873306625316215,0.9783025191445169,0.13944608905703149
1212,visual,23,155,V1,beta,Trials 4-10,7,126,-0.48049891080794704,0.5757244684045615,0.4285447000465341,0.7374826440535492,0.1101805026478446
1212,visual,23,155,V1,beta,Intermediate,10,126,-0.23638182621724507,0.6717847791285538,0.48266914183888593,0.8289298702963335,0.17732422944793974
1212,visual,23,155,V1,beta,Expert,10,126,-0.5799652107068749,0.7038072938539972,0.5039073485854533,0.8036261494144994,0.1591244276885449
1212,visual,23,155,V1,low_gamma,All,155,126,-0.022777679358682187,0.8199665404544985,0.711619005715941,0.882887693073504,0.03793927960641791
1212,visual,23,155,V1,low_gamma,Trials 4-10,7,126,-0.1670129719907658,0.3307778699120729,0.22660108530263384,0.4351893317801931,0.07597306386828706
1212,visual,23,155,V1,low_gamma,Intermediate,10,126,-0.10037713201079282,0.5170457333552905,0.36164393220324365,0.6873583141045603,0.0884634630533267
1212,visual,23,155,V1,low_gamma,Expert,10,126,-0.19213912439008252,0.2883174933444288,0.06462707608574561,0.5098514338066397,0.024390913900390214
1212,visual,23,155,V1,high_gamma,All,155,126,-0.10092849372645363,0.8816901911738503,0.8355441611694728,0.9569786438325792,0.07313323018154377
1212,visual,23,155,V1,high_gamma,Trials 4-10,7,126,-0.3098124224789563,0.4429640693238951,0.12974444781421063,0.748418310665685,0.09768534633188142
1212,visual,23,155,V1,high_gamma,Intermediate,10,126,-0.0603760732102759,0.5303876066591002,0.19746218383558425,0.7809118298536175,0.10762717445610716
1212,visual,23,155,V1,high_gamma,Expert,10,126,-0.1559400756552763,0.6149778152287648,0.4483358679636553,0.754867769905462,0.09853108853751175
1212,visual,23,155,V1,total,All,155,126,-0.4810987860436761,0.9660224109836584,0.8950705959355651,0.9780369358204383,0.13364499808901953
1212,visual,23,155,V1,total,Trials 4-10,7,126,-0.379229750391076,0.529383948989057,0.39159819683989744,0.6911932627347809,0.12198398356923598
1212,visual,23,155,V1,total,Intermediate,10,126,-0.41757497058152493,0.745619698223658,0.5592809070066702,0.8046330040156551,0.1990893142864919
1212,visual,23,155,V1,total,Expert,10,126,-0.4269794217507557,0.6613249842529356,0.5539220730179416,0.845554367663939,0.1476867024997468
1212,visual,23,155,CA1,theta,All,155,44,0.48595895790227733,0.9313243497831722,0.8689750321159417,0.9516105680091251,0.09097849517108944
1212,visual,23,155,CA1,theta,Trials 4-10,7,44,0.2612404952755333,0.4413900376727551,0.2840948102812117,0.4976735953380308,0.06518764190966475
1212,visual,23,155,CA1,theta,Intermediate,10,44,0.13198740933959302,0.2754402552088624,0.199695388945707,0.32442007976786097,0.05911119668966734
1212,visual,23,155,CA1,theta,Expert,10,44,0.38612039996201614,0.6834235118664094,0.5561593149843878,0.7604391356910465,0.15115614165694707
1212,visual,23,155,CA1,beta,All,155,44,-0.39924292920896476,0.1231282430768266,0.10046793230587561,0.17685542932368345,0.007652295118585286
1212,visual,23,155,CA1,beta,Trials 4-10,7,44,-0.09258529932951537,0.12709323803269854,0.09473988670728462,0.20255939535225914,0.02738229127826427
1212,visual,23,155,CA1,beta,Intermediate,10,44,-0.33678225265125794,-0.040093896102824544,-0.19669562294419338,0.26660009031033893,-0.004225899125159541
1212,visual,23,155,CA1,beta,Expert,10,44,-0.42771256571661836,0.18584072238540972,0.10208382062788689,0.24365334361766294,0.005123623796300127
1212,visual,23,155,CA1,low_gamma,All,155,44,0.22245388119986226,0.5602240219954975,0.5053567577148801,0.6030871947430801,0.02625305311164381
1212,visual,23,155,CA1,low_gamma,Trials 4-10,7,44,0.13404305884161852,0.2817613513407974,0.24224604953724033,0.3243300298866029,0.0676616069394024
1212,visual,23,155,CA1,low_gamma,Intermediate,10,44,0.0045781789551503325,-0.05867329743450361,-0.10334717388431788,-0.016662315173651743,0.02098523623994968
1212,visual,23,155,CA1,low_gamma,Expert,10,44,-0.1309562694928671,0.38293048242523875,0.2564780803769319,0.4146103156077957,0.0472673027784342
1212,visual,23,155,CA1,high_gamma,All,155,44,0.03660343303358115,0.7283155485508148,0.66192279121007,0.7573343389982661,0.04030236476631093
1212,visual,23,155,CA1,high_gamma,Trials 4-10,7,44,-0.11383601098433879,0.4877469948566389,0.46386006558186216,0.5151690155659572,0.028429750969679
1212,visual,23,155,CA1,high_gamma,Intermediate,10,44,-0.002976514679340639,-0.09353397464670486,-0.13452228221660728,-0.027289982422492077,0.002345819923845214
1212,visual,23,155,CA1,high_gamma,Expert,10,44,-0.388038804350192,0.16736024083035056,0.11866963593097485,0.18929470991490072,0.02524381557766089
1212,visual,23,155,CA1,total,All,155,44,0.35976617272530437,0.8800346944799174,0.7925656227263715,0.9007504292833923,0.06447083371017603
1212,visual,23,155,CA1,total,Trials 4-10,7,44,0.21504522606383467,0.131346440654424,-0.09499877847387579,0.2110999444831804,0.04733570359001407
1212,visual,23,155,CA1,total,Intermediate,10,44,0.009661620179411927,-0.008690485601498057,-0.05626106182612942,0.2800799851892324,0.04020829801362575
1212,visual,23,155,CA1,total,Expert,10,44,0.0488761056173124,0.34064297274202654,0.21893271652991148,0.39217797069457805,0.026046284889342085
1212,visual,23,155,DG,theta,All,155,22,0.19999131753124755,0.9224770757606114,0.8907320283116988,0.9361348883611551,0.076809308939706
1212,visual,23,155,DG,theta,Trials 4-10,7,22,-0.3989846007033106,0.2677066125282894,0.1444699760903351,0.4164128524728126,0.01748868011812644
1212,visual,23,155,DG,theta,Intermediate,10,22,-0.38187983319526664,0.16389936442114944,0.06016894416511458,0.3012006652413399,0.01753317755658413
1212,visual,23,155,DG,theta,Expert,10,22,-0.17726295960948238,0.3910321841994542,0.07840326382088306,0.4625016626151167,0.06412588376011977
1212,visual,23,155,DG,beta,All,155,22,-0.48683248832794457,0.45254292830797116,0.25216005368241695,0.5311976304829321,0.022838199177431795
1212,visual,23,155,DG,beta,Trials 4-10,7,22,-0.09143067096474339,-0.09600703735692293,-0.15972668243283025,0.04840297052913368,0.002787963809608723
1212,visual,23,155,DG,beta,Intermediate,10,22,-0.43651101932919134,0.3832804709651789,0.324978122200796,0.48809122234812996,0.013084047184943139
1212,visual,23,155,DG,beta,Expert,10,22,-0.4191544948130697,0.05810152632819324,-0.013546886763929528,0.10787033769723516,0.015435122112498088
1212,visual,23,155,DG,low_gamma,All,155,22,-0.06833116109818316,0.4924340441516758,0.4470994861012481,0.5022366116777086,0.020962959793286287
1212,visual,23,155,DG,low_gamma,Trials 4-10,7,22,0.04112372135761415,0.16691748278402413,0.11179265895773574,0.2926873121568265,0.032388183025794964
1212,visual,23,155,DG,low_gamma,Intermediate,10,22,-0.042707498850613236,-0.13308311632486075,-0.1871368343457822,-0.006645732354938852,0.0029066667882551465
1212,visual,23,155,DG,low_gamma,Expert,10,22,-0.36539028202942614,0.05177444651689362,-0.05101904909951159,0.234268302121378,0.013443076330101
1212,visual,23,155,DG,high_gamma,All,155,22,0.03181161168078453,0.6873004013811563,0.6680692702323565,0.7155962552337662,0.03620886566467073
1212,visual,23,155,DG,high_gamma,Trials 4-10,7,22,-0.06795129962809718,0.3883902519449873,0.25749941147449984,0.4805464773422212,-0.019327002151922137
1212,visual,23,155,DG,high_gamma,Intermediate,10,22,-0.005868446071212875,0.09177651685254747,0.05542182409721658,0.19030790808874906,0.0022510558352965204
1212,visual,23,155,DG,high_gamma,Expert,10,22,-0.49459765733963235,0.42968761157737384,0.2497367149276979,0.5037771623128119,0.06393890209283805
1212,visual,23,155,DG,total,All,155,22,-0.012643172737724202,0.8523529348014984,0.8364839517541263,0.8737725778924331,0.05267137343326532
1212,visual,23,155,DG,total,Trials 4-10,7,22,-0.4406873604133115,0.10182359370939811,0.0730386673304659,0.13731843250753162,0.0004143506483792242
1212,visual,23,155,DG,total,Intermediate,10,22,-0.4712920753089087,0.30857919345674073,0.14007503928988302,0.3364061020755411,0.04018290794701669
1212,visual,23,155,DG,total,Expert,10,22,-0.4338453567310293,0.14612386213834716,0.10793491968130609,0.26912202456597323,0.021181282187919984
523,striatum,22,200,DMS,theta,All,200,52,0.2067500341559737,0.7631618850249768,0.708849910976682,0.8091946473060982,0.01597946970448238
523,striatum,22,200,DMS,theta,Trials 4-10,7,52,0.040923322847459156,0.08989510441576055,-0.1493417971742696,0.22550347745599367,-0.0001223991063781895
523,striatum,22,200,DMS,theta,Intermediate,10,52,-0.15646031326870813,-0.05989339861581057,-0.26049153026976846,0.17236085146242652,0.005660359695286284
523,striatum,22,200,DMS,theta,Expert,10,52,0.1460263270561118,0.1236224732785233,-0.07990803071015583,0.2868383478195844,0.03969861731747054
523,striatum,22,200,DMS,beta,All,200,52,-0.5913326703265984,0.5332725381570174,0.44729320258833094,0.6091151021139493,0.0069561731896960926
523,striatum,22,200,DMS,beta,Trials 4-10,7,52,-0.08528848287692042,-0.09358890476727219,-0.2500590718915391,0.08917096802157973,-0.0014506013663793497
523,striatum,22,200,DMS,beta,Intermediate,10,52,-0.35948609070749316,-0.0018063187162457289,-0.24627831057715788,0.16553204689633128,-0.00957818094251215
523,striatum,22,200,DMS,beta,Expert,10,52,-0.08756160581177316,0.23112899445656082,0.13625367071850972,0.29300822688880945,0.015930288393415527
523,striatum,22,200,DMS,low_gamma,All,200,52,-0.37414254608111563,0.2885477816375174,0.13881716943236938,0.4084256942296192,-0.00048812179119389566
523,striatum,22,200,DMS,low_gamma,Trials 4-10,7,52,-0.21221112667174274,0.09350261988037598,-0.022766717183352127,0.25104613333050313,0.020886982050258594
523,striatum,22,200,DMS,low_gamma,Intermediate,10,52,-0.2903191081066472,0.08716004615655437,-0.019463896563915218,0.20153428617401156,0.01275658603977842
523,striatum,22,200,DMS,low_gamma,Expert,10,52,-0.165032023614827,-0.2129794493433549,-0.4909132465340365,-0.01445039482380667,-0.01577706204124505
523,striatum,22,200,DMS,high_gamma,All,200,52,-0.41031780781864724,0.6977299726201086,0.6200019537195474,0.7742380935630739,0.011539070100964362
523,striatum,22,200,DMS,high_gamma,Trials 4-10,7,52,-0.11408392520350776,0.1751697510419047,0.053533804881615396,0.343393413022196,0.02825070989032305
523,striatum,22,200,DMS,high_gamma,Intermediate,10,52,-0.10498804791223196,0.21446071033359893,-0.008889732980389357,0.406213351345113,0.025281936082196588
523,striatum,22,200,DMS,high_gamma,Expert,10,52,0.07675610074680253,0.02863751390025477,-0.25404475866249454,0.16438842163497236,0.005862988818130542
523,striatum,22,200,DMS,total,All,200,52,-0.4587773979079856,0.8769146669848799,0.8196654572392683,0.9156836369971151,0.020947899623399432
523,striatum,22,200,DMS,total,Trials 4-10,7,52,-0.12449726984973353,0.37159048735430855,0.19743701210971723,0.48350651307099585,0.05500466410979686
523,striatum,22,200,DMS,total,Intermediate,10,52,-0.28849946779590885,0.41158453453445804,0.30820805539373375,0.4967534147248499,0.06374669416595752
523,striatum,22,200,DMS,total,Expert,10,52,-0.06902524740671415,0.049410728913268295,-0.13167292886508852,0.2707795644238312,0.01476175664075054
523,striatum,22,200,DLS,theta,All,200,52,0.0005159914150126353,0.7671582162983643,0.731318314845137,0.8030754055764034,0.006725683279558705
523,striatum,22,200,DLS,theta,Trials 4-10,7,52,-0.029640537858817755,-0.24826769488796868,-0.38742299841391986,-0.03605727465657793,-0.02643412111048995
523,striatum,22,200,DLS,theta,Intermediate,10,52,-0.3412077731530025,-0.2241014923234673,-0.3602603974760163,-0.060386689654183076,-0.021296518727311954
523,striatum,22,200,DLS,theta,Expert,10,52,-0.09786239243529798,0.3367905444757877,0.28751089818714376,0.388189564438266,0.0793809401857245
523,striatum,22,200,DLS,beta,All,200,52,-0.6861862752916805,0.5880437290783491,0.5311778200200872,0.6885946669616442,0.006481778307850682
523,striatum,22,200,DLS,beta,Trials 4-10,7,52,-0.07676449891332124,0.24072415800220318,0.07576298122085574,0.39217242495059723,0.014925528922712254
523,striatum,22,200,DLS,beta,Intermediate,10,52,-0.38330204667639933,0.138858545203432,-0.009319521503087704,0.21771344800529074,0.015900051083634625
523,striatum,22,200,DLS,beta,Expert,10,52,-0.2771911969455055,0.28747595676149523,0.12185477777700549,0.34183400989957313,0.02210029864070492
523,striatum,22,200,DLS,low_gamma,All,200,52,-0.27453506170568975,0.39174614007557484,0.1951998399325969,0.47584317572649515,0.001982217435727374
523,striatum,22,200,DLS,low_gamma,Trials 4-10,7,52,-0.17320918031392163,0.11571012705308115,0.015548461861057183,0.26249520390248526,0.007066642309727525
523,striatum,22,200,DLS,low_gamma,Intermediate,10,52,-0.22473967450869745,0.29428844025066736,0.1746584222145484,0.3716032429878503,0.04618054971190514
523,striatum,22,200,DLS,low_gamma,Expert,10,52,-0.009694836956893974,0.3014625738207967,-0.01885611101641602,0.41773425147528015,0.023204917854483437
523,striatum,22,200,DLS,high_gamma,All,200,52,-0.5531758804556253,0.5529811470940641,0.46773708266387415,0.6243465673861974,0.0026201694827386055
523,striatum,22,200,DLS,high_gamma,Trials 4-10,7,52,-0.14852813176748303,-0.03147681151349787,-0.15899554693562573,0.08813602453743255,0.012556684826997259
523,striatum,22,200,DLS,high_gamma,Intermediate,10,52,-0.21425738196728164,0.2528473907660981,0.10135975558862476,0.3193783200569742,0.023366979871129432
523,striatum,22,200,DLS,high_gamma,Expert,10,52,-0.2509517737621653,0.14582713661550784,-0.04790386391258883,0.2920623167925386,0.008826564976080878
523,striatum,22,200,DLS,total,All,200,52,-0.47254326662538726,0.8133054948689121,0.7840965754991487,0.8428789016196514,0.010656605117572389
523,striatum,22,200,DLS,total,Trials 4-10,7,52,-0.3704719335749703,0.0312064067958171,-0.10013870880563293,0.1730415982963948,0.008833554212163908
523,striatum,22,200,DLS,total,Intermediate,10,52,-0.3956111779697866,0.2958848064980905,0.17732020061850173,0.40813631735248646,0.0429706477127543
523,striatum,22,200,DLS,total,Expert,10,52,-0.32556062651375717,0.19837481114389227,0.0906160708619679,0.2605957973696851,0.02785963357202361
523,striatum,22,200,ACC,theta,All,200,52,-0.6569673410722687,0.8296261095418214,0.7774563417140959,0.8811126802040942,0.015609889330605703
523,striatum,22,200,ACC,theta,Trials 4-10,7,52,-0.10431284525458799,0.2527908173487131,0.13942654102394447,0.29901402207869476,0.056495807456017774
523,striatum,22,200,ACC,theta,Intermediate,10,52,-0.20668393715148337,0.30730149317369626,-0.1288067485466638,0.4835788520633031,0.036153032645530325
523,striatum,22,200,ACC,theta,Expert,10,52,-0.32431204315016027,0.3178559501768646,0.2475259870150546,0.35682433274270675,0.08999037119567037
523,striatum,22,200,ACC,beta,All,200,52,-0.6242418143789774,0.5110663682359707,0.4117483644466722,0.6062784451650012,0.00498794888679333
523,striatum,22,200,ACC,beta,Trials 4-10,7,52,-0.21392342386370342,-0.06651191258928502,-0.23999037827450223,0.08579435667464935,-0.008469561283626595
523,striatum,22,200,ACC,beta,Intermediate,10,52,-0.08536857382600946,0.048080156403464386,-0.28042510639712814,0.3654472852291546,0.008023773917218145
523,striatum,22,200,ACC,beta,Expert,10,52,-0.45613140529769447,0.33106434655740574,0.19786631847058672,0.441445934116385,0.019745469307723043
523,striatum,22,200,ACC,low_gamma,All,200,52,-0.5466992465986504,0.5062968120291653,0.46665427646072194,0.5949809434990334,0.003842388818236191
523,striatum,22,200,ACC,low_gamma,Trials 4-10,7,52,0.09005709930897149,0.3340384800138011,0.2546222080658313,0.3888818076513103,0.021942954588375432
523,striatum,22,200,ACC,low_gamma,Intermediate,10,52,-0.11160411676755855,-0.01378017487960998,-0.1348525255329204,0.23597948919905448,0.01909645051235689
523,striatum,22,200,ACC,low_gamma,Expert,10,52,-0.11639320501313173,0.14303322524326664,0.013603985281699607,0.19810220670853587,0.0057603757510578096
523,striatum,22,200,ACC,high_gamma,All,200,52,-0.5334859766798015,0.5194682295704152,0.4209120137589635,0.5888780449340634,0.008526151298378741
523,striatum,22,200,ACC,high_gamma,Trials 4-10,7,52,-0.16078102578921305,0.11903866022404039,-0.08414252958306553,0.29564781807466256,0.014234330750487504
523,striatum,22,200,ACC,high_gamma,Intermediate,10,52,0.010598704729134992,0.16008597883008918,0.08170471949401135,0.2661465458829312,0.022210439881583062
523,striatum,22,200,ACC,high_gamma,Expert,10,52,0.11007711320202673,0.07130537661073134,-0.11758675595713781,0.292804491465492,-0.0003566205527156559
523,striatum,22,200,ACC,total,All,200,52,-0.6927250503238147,0.8399391293860914,0.7982104344182569,0.8748001560079235,0.011676709189643565
523,striatum,22,200,ACC,total,Trials 4-10,7,52,-0.13303807332458145,0.48381873226044,0.21555606908476715,0.5906205606347127,0.08126694391741161
523,striatum,22,200,ACC,total,Intermediate,10,52,-0.2414096240958471,0.236182146793113,0.09129798470167247,0.31467946919853895,0.03585130057741085
523,striatum,22,200,ACC,total,Expert,10,52,-0.2695961625528974,0.4585633749943957,0.35325758259923484,0.6106781111270037,0.05743744839681775
614,striatum,44,200,DMS,theta,All,200,50,-0.11955422482719154,0.7220182557063056,0.6667439047379651,0.7984591044305729,0.007400463145100462
614,striatum,44,200,DMS,theta,Trials 4-10,7,50,0.20781332593411111,0.1618928049317134,0.04029726117204559,0.2856504748495077,0.03519001800391629
614,striatum,44,200,DMS,theta,Intermediate,10,50,-0.06105334916643539,0.2583563934532053,0.13289728092137398,0.35798796838692115,0.04021910118549182
614,striatum,44,200,DMS,theta,Expert,10,50,-0.19936600908869445,0.13463001485347767,0.026208322666468133,0.2162255450100976,0.029657479575210262
614,striatum,44,200,DMS,beta,All,200,50,-0.6756614496303902,0.5063039820933306,0.41805681820841156,0.5887079023703602,0.007362528377667564
614,striatum,44,200,DMS,beta,Trials 4-10,7,50,0.03875366049798468,-0.09501653332502545,-0.19179888411280277,0.06825730967878102,0.001897247209467848
614,striatum,44,200,DMS,beta,Intermediate,10,50,-0.2280188621013991,0.18721636671258385,0.047003478803548895,0.30482713593114263,0.006455196068352126
614,striatum,44,200,DMS,beta,Expert,10,50,-0.2867625886878208,-0.03205505799310194,-0.2221552343397521,0.19043514413989177,0.0011880851034296715
614,striatum,44,200,DMS,low_gamma,All,200,50,-0.11732453040154407,0.45272089705405294,0.2789119666378272,0.5545761607709361,0.0013530504518279767
614,striatum,44,200,DMS,low_gamma,Trials 4-10,7,50,0.2008072733741556,0.1867479027322882,0.10673095829711896,0.27308728774371044,0.036444462796414105
614,striatum,44,200,DMS,low_gamma,Intermediate,10,50,-0.048371686489120894,0.1278759251296168,-0.06184012387835865,0.2386279620741873,0.005008580738124317
614,striatum,44,200,DMS,low_gamma,Expert,10,50,0.13283436478849361,0.19912850761603756,-0.023519056772917105,0.28513492148766406,0.02095347286544224
614,striatum,44,200,DMS,high_gamma,All,200,50,-0.32688360296548274,0.4268819644682481,0.29293791090235,0.5819358901754434,0.009795569179568132
614,striatum,44,200,DMS,high_gamma,Trials 4-10,7,50,0.14164139554052813,0.15747071431547638,0.06095141438585318,0.31755343962986315,0.011319348435596264
614,striatum,44,200,DMS,high_gamma,Intermediate,10,50,-0.02734893584583771,0.06383572015842232,-0.2554052252039731,0.2092090991086974,0.0013876112692495649
614,striatum,44,200,DMS,high_gamma,Expert,10,50,-0.10611357864599366,0.06647606468156783,-0.1418356477695737,0.15901581784994884,0.0069167746064830535
614,striatum,44,200,DMS,total,All,200,50,-0.2934486673447164,0.8384998180751793,0.7490279349892831,0.905653869711877,0.018026319517822027
614,striatum,44,200,DMS,total,Trials 4-10,7,50,-0.08237861547624459,0.2590915664846498,0.01818723181509744,0.3894255530577875,0.05298002327945305
614,striatum,44,200,DMS,total,Intermediate,10,50,-0.2851371775600846,0.3493180847644708,0.21779980606052954,0.5214637153599923,0.06169691631230331
614,striatum,44,200,DMS,total,Expert,10,50,-0.32483900966478385,0.12561619689680545,-0.1276953295022858,0.4116114255348817,0.01811766777605694
614,striatum,44,200,DLS,theta,All,200,46,-0.22077223148833766,0.692616134155974,0.6159383787524702,0.766540163101026,0.0018705431627635157
614,striatum,44,200,DLS,theta,Trials 4-10,7,46,0.182138621473951,0.12600826427359987,-0.1322549602107747,0.3190464952727932,0.016362215045029636
614,striatum,44,200,DLS,theta,Intermediate,10,46,0.19658350371863986,0.08194703329665731,-0.03482693861991997,0.18055530955076565,0.0044048715179025805
614,striatum,44,200,DLS,theta,Expert,10,46,-0.08949981977089429,0.09037874558975856,-0.019531359563801122,0.16810660516896597,0.03518538184048492
614,striatum,44,200,DLS,beta,All,200,46,-0.26681686993310777,0.5663690614384751,0.515389209769215,0.6166797055577508,0.0021624131247739795
614,striatum,44,200,DLS,beta,Trials 4-10,7,46,-0.18176540857396523,-0.08284928092093742,-0.3457231484075595,0.122597938969398,-0.03448271013250129
614,striatum,44,200,DLS,beta,Intermediate,10,46,-0.02082303371399685,0.010384752664577652,-0.2649617136453009,0.13670223245500446,-0.0015882868491909113
614,striatum,44,200,DLS,beta,Expert,10,46,-0.00985653143594474,0.16539707768752662,0.04795702933768135,0.2708566182580663,0.009294154962005124
614,striatum,44,200,DLS,low_gamma,All,200,46,-0.015294449820320341,0.6512419672655734,0.6034844813858807,0.7191237564840935,0.007051884018689112
614,striatum,44,200,DLS,low_gamma,Trials 4-10,7,46,0.12718498260917838,-0.006267684916874322,-0.11797853254278962,0.21716803986708888,0.02262857122265887
614,striatum,44,200,DLS,low_gamma,Intermediate,10,46,0.1580630380232186,0.2636699879731779,0.18312196481222276,0.35602467724180187,0.022696454867322337
614,striatum,44,200,DLS,low_gamma,Expert,10,46,0.22937082655684551,0.22439354490456004,0.12953025759450879,0.33591903476474977,0.01700372980148655
614,striatum,44,200,DLS,high_gamma,All,200,46,-0.2020669637486131,0.6696036676888046,0.6118954202129859,0.730348310955258,0.005871431848950441
614,striatum,44,200,DLS,high_gamma,Trials 4-10,7,46,0.03713722573690416,-0.00039420941450462807,-0.3384899664512334,0.1697507728721227,-0.0035408760911901246
614,striatum,44,200,DLS,high_gamma,Intermediate,10,46,0.11298555239344428,0.1831961088076629,-0.09660745732477594,0.28311643043522505,0.021962782787066017
614,striatum,44,200,DLS,high_gamma,Expert,10,46,-0.08519862267090557,0.2168309830250185,0.07510126639997662,0.37709728973673884,0.014897910636423593
614,striatum,44,200,DLS,total,All,200,46,-0.23232879947964735,0.7755230096182082,0.7413752577650157,0.8305080037979407,0.01288046812051179
614,striatum,44,200,DLS,total,Trials 4-10,7,46,0.15741533649228667,0.23912492338136304,0.1391195522638105,0.3650083995053217,0.00819290861124046
614,striatum,44,200,DLS,total,Intermediate,10,46,-0.06176886231173541,0.08689873234133924,-0.06398570673781617,0.20154838450675983,0.01207444405514479
614,striatum,44,200,DLS,total,Expert,10,46,-0.04737609004538936,0.26687622228354646,0.1972516230228022,0.35411425484890985,0.024553485623110764
614,striatum,44,200,ACC,theta,All,200,52,-0.7106070208664576,0.8182240223053086,0.7705102241905567,0.8481745406330644,0.017226588913775678
614,striatum,44,200,ACC,theta,Trials 4-10,7,52,-0.04978956379876965,0.17782210629581477,0.039974078901305,0.29062810246332216,0.013686792053585702
614,striatum,44,200,ACC,theta,Intermediate,10,52,-0.3982130094639759,0.1366023638926186,-0.04188865594819197,0.28619337621448454,0.02712801364183411
614,striatum,44,200,ACC,theta,Expert,10,52,-0.413851800069427,0.18342828484340779,-0.03399871278844424,0.31597109141778035,0.031273103304115285
614,striatum,44,200,ACC,beta,All,200,52,-0.7716173446583785,0.6918972204207094,0.6348632592310741,0.7527215961381909,0.007394081807477207
614,striatum,44,200,ACC,beta,Trials 4-10,7,52,-0.12851319822307894,0.04966484779943167,-0.19395828076753596,0.17669930798961994,0.011651467247312437
614,striatum,44,200,ACC,beta,Intermediate,10,52,-0.3258846046783599,-0.06714247685157967,-0.34112395986201355,0.15901518664699454,-0.006027925867292727
614,striatum,44,200,ACC,beta,Expert,10,52,-0.3061769124293113,0.01569492798153206,-0.14141389370763005,0.13494699851861064,-0.00911899065969284
614,striatum,44,200,ACC,low_gamma,All,200,52,-0.5201349927395323,0.5405408730286094,0.46480196651838507,0.6057265145020263,0.004220231573264186
614,striatum,44,200,ACC,low_gamma,Trials 4-10,7,52,-0.008729384007779967,-0.027322053384551716,-0.15509752906517615,0.1346731010373275,0.006830976601143972
614,striatum,44,200,ACC,low_gamma,Intermediate,10,52,-0.10882708359612106,0.018138815870321144,-0.2832575900040591,0.15522392009628616,-0.011659639185716563
614,striatum,44,200,ACC,low_gamma,Expert,10,52,-0.06474827114463458,0.13151132441621655,-0.06347471821485866,0.30121065949978176,0.00034998027013374833
614,striatum,44,200,ACC,high_gamma,All,200,52,-0.6458387047378306,0.7780583468110032,0.7229321145561153,0.8082959117944614,0.01756217456696807
614,striatum,44,200,ACC,high_gamma,Trials 4-10,7,52,-0.07300359758400052,0.13616579227568182,-0.12387082053998305,0.26499118969909036,0.015456263461299484
614,striatum,44,200,ACC,high_gamma,Intermediate,10,52,-0.17227248353044416,0.06611964173838336,-0.05168671744719714,0.18334175095062644,0.012632128370507555
614,striatum,44,200,ACC,high_gamma,Expert,10,52,-0.3673818437715269,0.23142642484806725,-0.012279003781212789,0.3577673792428121,0.0097751504450325
614,striatum,44,200,ACC,total,All,200,52,-0.5261622931505527,0.8308692137258271,0.7907514335411028,0.8736444413401725,0.014174939496032893
614,striatum,44,200,ACC,total,Trials 4-10,7,52,-0.00123211548964136,0.25939351047646725,0.19484558471383023,0.3764374733695069,0.037322953687639125
614,striatum,44,200,ACC,total,Intermediate,10,52,-0.34916036096043,0.31791644439177175,0.17947348467942278,0.41223456793048013,0.03037432271443253
614,striatum,44,200,ACC,total,Expert,10,52,-0.2706899910030285,0.2574797824944973,0.09103952017039842,0.40653457457448067,0.04151527594492062
624,striatum,32,71,DMS,theta,All,71,52,0.23743014702638776,0.6311755674741129,0.5905044179365214,0.6975308390107529,0.027187545702008833
624,striatum,32,71,DMS,theta,Trials 4-10,7,52,0.32543070161262944,0.45263562272165286,0.39208153906026183,0.48471185718363985,0.14450642067744618
624,striatum,32,71,DMS,theta,Intermediate,10,52,-0.28468796412122327,0.503042470705691,0.3413572466598338,0.6350440008396927,0.0460183856138376
624,striatum,32,71,DMS,theta,Expert,10,52,-0.13856964856939646,0.33577898011770113,0.2493173888002899,0.4306395693349913,0.025809148262464464
624,striatum,32,71,DMS,beta,All,71,52,-0.4541385502332,0.6212113958618576,0.5733865429797537,0.664789160133764,0.023907733176515157
624,striatum,32,71,DMS,beta,Trials 4-10,7,52,-0.21948480132814396,0.1436135842236996,0.03270731588712599,0.2847752534066281,0.016258112272294383
624,striatum,32,71,DMS,beta,Intermediate,10,52,-0.3747138858734229,0.15919648436458564,-0.024484539548520534,0.3312699034801721,0.029223557294754857
624,striatum,32,71,DMS,beta,Expert,10,52,-0.3111625060150819,0.12602931753717872,-0.06982190364656923,0.225789738491643,0.004635532241174139
624,striatum,32,71,DMS,low_gamma,All,71,52,0.23385339166475982,0.6470938414714216,0.5665486910531551,0.7210006852714342,0.017732788728307823
624,striatum,32,71,DMS,low_gamma,Trials 4-10,7,52,-0.007423797183771135,0.1683022714809118,-0.08237813861121071,0.30508222543985336,0.04776651915506922
624,striatum,32,71,DMS,low_gamma,Intermediate,10,52,-0.16377375398472926,0.020655739795662202,-0.18432411175238622,0.14848680156524424,0.006649288027562284
624,striatum,32,71,DMS,low_gamma,Expert,10,52,-0.05944013331169289,0.38344494136924123,0.07989574156560336,0.48915687522950124,0.029337777920655766
624,striatum,32,71,DMS,high_gamma,All,71,52,0.256841089368158,0.7030320096431367,0.653905684678415,0.7815922901496971,0.023681200411592475
624,striatum,32,71,DMS,high_gamma,Trials 4-10,7,52,0.08650646294122777,0.35437339940829105,0.1739837209581868,0.517172813078725,0.06431860856838735
624,striatum,32,71,DMS,high_gamma,Intermediate,10,52,0.23591214744261058,0.192876322363778,0.06135296889360616,0.3273538202988505,0.023711281244980315
624,striatum,32,71,DMS,high_gamma,Expert,10,52,0.07479211950915432,0.11160359003248943,-0.15190369842712764,0.24030894114504944,0.009870866456380994
624,striatum,32,71,DMS,total,All,71,52,0.1687358812511042,0.8113735862193563,0.7807385197767212,0.8529342268560753,0.05292872150804463
624,striatum,32,71,DMS,total,Trials 4-10,7,52,-0.04441375337710891,0.607724992689426,0.5766344351275223,0.6477774181904952,0.11738501219553174
624,striatum,32,71,DMS,total,Intermediate,10,52,-0.03547558339195988,0.4055391642741105,0.3227798141610265,0.5243583339331266,0.04216315700723566
624,striatum,32,71,DMS,total,Expert,10,52,0.18778330367940949,0.4025591247804593,0.3292540486687343,0.5704892878928365,0.06953230631972263
624,striatum,32,71,DLS,theta,All,71,32,0.08975684315338762,0.5460398468090035,0.5195353983732219,0.6132618661913489,0.012983855294901883
624,striatum,32,71,DLS,theta,Trials 4-10,7,32,0.34957038783522465,0.27516585559514234,0.12182680322508309,0.42307329292039275,0.05609630512834701
624,striatum,32,71,DLS,theta,Intermediate,10,32,-0.37589642999374806,0.5794305922398117,0.5310627082235726,0.63295955425515,0.08036935865790983
624,striatum,32,71,DLS,theta,Expert,10,32,-0.14821318588244026,0.3700368373805218,0.3276656873646137,0.46277951302889986,0.04482539654091981
624,striatum,32,71,DLS,beta,All,71,32,-0.4951181997274623,0.6727765586145739,0.6451303797631223,0.7257879740550046,0.02134163495582849
624,striatum,32,71,DLS,beta,Trials 4-10,7,32,-0.20993462769846605,0.355135234161967,0.31077334168686227,0.4272319416178568,0.025632367585104957
624,striatum,32,71,DLS,beta,Intermediate,10,32,-0.4937975270653699,0.2581926255673246,0.09936158004413978,0.3518539667213071,0.026372569252899613
624,striatum,32,71,DLS,beta,Expert,10,32,-0.15754445387327654,0.2701391569108881,0.13774441911726742,0.40184614151098774,0.04639842978240477
624,striatum,32,71,DLS,low_gamma,All,71,32,0.14454139431481988,0.5365538580941609,0.45153759579120495,0.5989319715361507,0.014060343460528438
624,striatum,32,71,DLS,low_gamma,Trials 4-10,7,32,0.013814241085717069,0.36943119821260373,0.25880229600440197,0.45136763667735513,0.04332055225171365
624,striatum,32,71,DLS,low_gamma,Intermediate,10,32,0.05002257731430718,0.22433069428679236,0.06769253970790368,0.44263876716219186,0.007977371191958797
624,striatum,32,71,DLS,low_gamma,Expert,10,32,-0.03914974038969847,-0.053656513300993136,-0.16424858022809768,0.1272547169810599,0.006091809632702193
624,striatum,32,71,DLS,high_gamma,All,71,32,-0.09270763090339333,0.650541440523425,0.4105153497072059,0.7445294994571342,0.024787771203400408
624,striatum,32,71,DLS,high_gamma,Trials 4-10,7,32,-0.11806656997262491,0.09304990839126627,0.010444711872922301,0.2845414790448849,0.026164254399382095
624,striatum,32,71,DLS,high_gamma,Intermediate,10,32,0.035969896890109807,0.08784723571202907,-0.060184565801857146,0.20475716876625333,0.00027462866638312865
624,striatum,32,71,DLS,high_gamma,Expert,10,32,-0.04056458854535813,-0.12856282960514565,-0.45869594549938947,0.06699323305853452,-0.005247618371453954
624,striatum,32,71,DLS,total,All,71,32,-0.18452170910168142,0.7406724068028541,0.7090010724114006,0.7699860745756383,0.030163244895450185
624,striatum,32,71,DLS,total,Trials 4-10,7,32,-0.05141153097389024,0.4522311859467457,0.3885571982943281,0.5043862516998462,0.10387808981352734
624,striatum,32,71,DLS,total,Intermediate,10,32,-0.21801454915052415,0.2370841420824246,0.07456101769810358,0.32337833613184624,0.03384710711631285
624,striatum,32,71,DLS,total,Expert,10,32,0.0038797500211078463,0.3611794179995105,0.30274224093609176,0.4270968399099429,0.07255983318522966
624,striatum,32,71,ACC,theta,All,71,72,-0.457005541161549,0.7921354676117517,0.7582705269906826,0.8261909762105484,0.03765629894876203
624,striatum,32,71,ACC,theta,Trials 4-10,7,72,-0.11615135127466181,-0.06085178739094092,-0.23496618830541452,0.0710828850574519,0.006339826198478719
624,striatum,32,71,ACC,theta,Intermediate,10,72,-0.3505811312304644,0.42848373891133007,0.24982867913664683,0.6397057317268855,0.06698006757746339
624,striatum,32,71,ACC,theta,Expert,10,72,-0.24020334802620374,0.3960842621765891,0.25439110011268967,0.5758893263959588,0.05596523401345935
624,striatum,32,71,ACC,beta,All,71,72,-0.567726868865982,0.3493002215531038,0.23869773835103325,0.5958755527554237,0.012692437754353731
624,striatum,32,71,ACC,beta,Trials 4-10,7,72,-0.23283509216334475,0.10461706646924476,-0.23100018289996763,0.22864586658054803,0.013132999663202543
624,striatum,32,71,ACC,beta,Intermediate,10,72,-0.16191241601250644,0.15753961410782136,0.038996441458978015,0.2942246013890486,0.0345690976648966
624,striatum,32,71,ACC,beta,Expert,10,72,-0.2287718705109097,0.13623478702311298,-0.013896732607173723,0.23807346058175746,0.006986281396725136
624,striatum,32,71,ACC,low_gamma,All,71,72,0.3165665599952423,0.7584987695098161,0.7047938456929765,0.7977336096247072,0.02751649152285121
624,striatum,32,71,ACC,low_gamma,Trials 4-10,7,72,0.059372393428652685,0.1832043171261292,0.009716244762630263,0.2769894999135756,0.005917672306179467
624,striatum,32,71,ACC,low_gamma,Intermediate,10,72,0.04388299398543226,0.20621754242055876,0.07788494589888659,0.31395452644119887,0.018118829996973104
624,striatum,32,71,ACC,low_gamma,Expert,10,72,0.08544862085907762,0.37605139743004723,0.2941728340421412,0.43290008209888187,0.04034020250170388
624,striatum,32,71,ACC,high_gamma,All,71,72,0.4693695394765701,0.6671705963550763,0.57201078503091,0.7170082738565033,0.021587446302162444
624,striatum,32,71,ACC,high_gamma,Trials 4-10,7,72,0.018126503394342415,0.3185164494164192,0.19189409165659668,0.4131422655830595,0.04402567047809881
624,striatum,32,71,ACC,high_gamma,Intermediate,10,72,0.3021697411461063,0.3591673043817716,0.19309382477489975,0.4000272993174286,0.03812255246135514
624,striatum,32,71,ACC,high_gamma,Expert,10,72,0.2813278218188575,0.5291798029798571,0.4480267799709409,0.5912366110530675,0.06296617611973007
624,striatum,32,71,ACC,total,All,71,72,-0.278535907030702,0.8067872997357439,0.7599449225420726,0.8576887269169798,0.03928111275952407
624,striatum,32,71,ACC,total,Trials 4-10,7,72,-0.2118413384481453,0.36152352915663594,0.17838310576077326,0.43897544141763456,0.045526596459718516
624,striatum,32,71,ACC,total,Intermediate,10,72,-0.20571283701459137,0.4276168751933912,0.28147233030519403,0.5434518529430362,0.043364321826246256
624,striatum,32,71,ACC,total,Expert,10,72,-0.031676695184071096,0.47411578849686153,0.3707044193172956,0.5820882347610687,0.06227299201297503
727,striatum,53,200,DMS,theta,All,200,52,0.08835176938654321,0.8708111391068207,0.8420533052308401,0.9113571357955059,0.035777380970980766
727,striatum,53,200,DMS,theta,Trials 4-10,7,52,-0.2546815818940015,0.3472467197036003,0.23871094315125513,0.3953962015214707,0.0810226710661863
727,striatum,53,200,DMS,theta,Intermediate,10,52,0.2699046817905928,0.525868532743212,0.31923736041542233,0.6557786555875006,0.04991254985733603
727,striatum,53,200,DMS,theta,Expert,10,52,0.1261994166381842,0.23064338329351186,-0.03428467379155125,0.3066617681748772,0.01450253337409476
727,striatum,53,200,DMS,beta,All,200,52,-0.5526817012861454,0.7729664394999997,0.6113791687362198,0.817350704559194,0.009832969691908684
727,striatum,53,200,DMS,beta,Trials 4-10,7,52,-0.35125153078431814,0.28069753822429655,0.18164198239244786,0.38084432485493425,0.02799997861461022
727,striatum,53,200,DMS,beta,Intermediate,10,52,0.012219451533603105,0.25799626678806215,0.1261253532328338,0.4418655993116055,0.034574211444565794
727,striatum,53,200,DMS,beta,Expert,10,52,-0.2099819273308395,0.27963608221780756,0.20348278797782626,0.4311057457807941,0.032438905711099406
727,striatum,53,200,DMS,low_gamma,All,200,52,-0.580585646072141,0.6457586253169594,0.521909166046113,0.8173700895006891,0.01274168625327365
727,striatum,53,200,DMS,low_gamma,Trials 4-10,7,52,-0.34605686215520093,0.22457567479348667,0.03067104755473599,0.3889937504607338,0.04348716122335367
727,striatum,53,200,DMS,low_gamma,Intermediate,10,52,-0.38646160039770666,0.11313418537332848,-0.009285412794150696,0.3327726859466764,0.017397122624402447
727,striatum,53,200,DMS,low_gamma,Expert,10,52,-0.37104679955470554,0.21462534072117556,0.0672186433736619,0.4695535445676572,0.03557992299129342
727,striatum,53,200,DMS,high_gamma,All,200,52,-0.35540807070760394,0.6165296555817014,0.43393520235820787,0.7735610319289172,0.008052293214930577
727,striatum,53,200,DMS,high_gamma,Trials 4-10,7,52,-0.19366334452584877,0.22116511008248013,0.10946617535735362,0.38831909894905103,0.031816496032275446
727,striatum,53,200,DMS,high_gamma,Intermediate,10,52,0.025787624416918856,0.19784372529081062,0.021792658887550977,0.3043464600632454,0.024445302969963716
727,striatum,53,200,DMS,high_gamma,Expert,10,52,-0.15830350741907007,0.14596873062182153,-0.06561445270363858,0.2833191739212414,0.01377621757411111
727,striatum,53,200,DMS,total,All,200,52,-0.3459442661436639,0.9212569631629656,0.9026571770785135,0.947262037586768,0.0533239042956213
727,striatum,53,200,DMS,total,Trials 4-10,7,52,-0.4864748882421551,0.544739930429379,0.47019146167049225,0.6483108037224217,0.13977533790118934
727,striatum,53,200,DMS,total,Intermediate,10,52,0.22825079875047,0.5619714759454235,0.42294446538099373,0.6847425588899912,0.10450878899233268
727,striatum,53,200,DMS,total,Expert,10,52,-0.053490802271558044,0.26563496735669756,0.09071641074692617,0.5187868129974551,0.03460456739679248
727,striatum,53,200,DLS,theta,All,200,110,-0.049857539701000556,0.7785297370932958,0.6767319429583765,0.8242762649187231,0.01994263495905845
727,striatum,53,200,DLS,theta,Trials 4-10,7,110,-0.093428209409012,0.39352995621551534,0.14611931511870413,0.5202270182224797,0.06461404915557498
727,striatum,53,200,DLS,theta,Intermediate,10,110,-0.29359552807949685,0.04273418392900086,-0.16234974268040314,0.25549196332583235,0.014055897896636877
727,striatum,53,200,DLS,theta,Expert,10,110,0.01781620185729193,0.28014511329424163,0.2300292808605519,0.3818066816723426,0.053312923467633465
727,striatum,53,200,DLS,beta,All,200,110,-0.6664731450663166,0.7180545928450521,0.6030370322414778,0.786841895658205,0.005302424540231835
727,striatum,53,200,DLS,beta,Trials 4-10,7,110,-0.3646130016633835,0.285870710991005,0.13111630997318371,0.38719966553724594,0.03815189556844449
727,striatum,53,200,DLS,beta,Intermediate,10,110,-0.45260429326391094,0.2648702194250848,0.08417588868740433,0.38064736774286734,0.03875006430461864
727,striatum,53,200,DLS,beta,Expert,10,110,-0.4944212073934655,0.4391335020392467,0.17720054389364132,0.5694657472365009,0.048988297497857144
727,striatum,53,200,DLS,low_gamma,All,200,110,-0.41825204433614915,0.6246154697885824,0.5573208246295541,0.673778847608844,0.007647792848058428
727,striatum,53,200,DLS,low_gamma,Trials 4-10,7,110,-0.42310342913962484,0.3069935184483091,0.2142827248923209,0.42647703803972287,0.064766031431399
727,striatum,53,200,DLS,low_gamma,Intermediate,10,110,-0.4596933435079458,0.25931621603201593,0.086154893038669,0.33116323426788147,0.026651597795140404
727,striatum,53,200,DLS,low_gamma,Expert,10,110,-0.4217882844390791,0.15375719494741252,-0.03456516069943349,0.25289451245696376,0.0001621626769065058
727,striatum,53,200,DLS,high_gamma,All,200,110,-0.4019374848966975,0.6031378929537818,0.49988588029736447,0.6943757326373439,0.007503603774838465
727,striatum,53,200,DLS,high_gamma,Trials 4-10,7,110,-0.31693255901628614,0.35140990100550484,0.22379065768319154,0.4608709727848129,0.05523252103615911
727,striatum,53,200,DLS,high_gamma,Intermediate,10,110,-0.2592845012994189,0.2555428749090224,-0.02148852759654392,0.39324166829856494,0.02018038114577918
727,striatum,53,200,DLS,high_gamma,Expert,10,110,-0.272566708371872,0.18962182983582693,0.006030486642366894,0.3090653717608406,0.01729276889192697
727,striatum,53,200,DLS,total,All,200,110,-0.48085665422429974,0.8771656643297191,0.855552064546371,0.9020879850974352,0.03403233468352168
727,striatum,53,200,DLS,total,Trials 4-10,7,110,-0.43207315766878224,0.6298510372305373,0.551820354435416,0.6866605037348663,0.13761598145034176
727,striatum,53,200,DLS,total,Intermediate,10,110,-0.4596991406903287,0.524650393989192,0.18713370553175204,0.6729705577615465,0.06108165770475009
727,striatum,53,200,DLS,total,Expert,10,110,-0.3949788831761568,0.3121970152403504,0.2198378095782107,0.4056815992811789,0.051750591900761304
727,striatum,53,200,ACC,theta,All,200,52,-0.08991035848679535,0.9361052487041646,0.910024294027509,0.9571970952593729,0.05619989156452295
727,striatum,53,200,ACC,theta,Trials 4-10,7,52,-0.018137126284455976,0.5856135045314013,0.48301075983914815,0.6275988097226928,0.1380995794314765
727,striatum,53,200,ACC,theta,Intermediate,10,52,0.35898712479948436,0.6249657349355655,0.3893823934414906,0.7067267639838943,0.08189955925257279
727,striatum,53,200,ACC,theta,Expert,10,52,0.328696852557433,0.3667736236394857,0.23352942566643414,0.5551850333041066,0.07309300318110043
727,striatum,53,200,ACC,beta,All,200,52,-0.5596115162741254,0.7372840726860135,0.69511860166854,0.7807945172103873,0.013843693482685469
727,striatum,53,200,ACC,beta,Trials 4-10,7,52,-0.07786302543049636,0.20965212350578313,-0.028833642622565936,0.3487321641595127,0.04647671797456637
727,striatum,53,200,ACC,beta,Intermediate,10,52,0.040454464812009205,0.3060628107336516,0.10398241217109183,0.4136173538223565,0.020367736483357882
727,striatum,53,200,ACC,beta,Expert,10,52,-0.3651326791404426,0.06979827578115734,-0.0987614503692473,0.21224368995962384,0.016030091458925068
727,striatum,53,200,ACC,low_gamma,All,200,52,-0.524352240578711,0.5495377769002092,0.48410238004088585,0.5839766415076183,0.007943973306284258
727,striatum,53,200,ACC,low_gamma,Trials 4-10,7,52,-0.1096282307304817,-0.048336930617411546,-0.2625501340880231,0.2389431726277756,-0.000704330040167477
727,striatum,53,200,ACC,low_gamma,Intermediate,10,52,-0.3202574653633037,0.029962562550656595,-0.26029979180168883,0.17917623561236148,0.012011106082967083
727,striatum,53,200,ACC,low_gamma,Expert,10,52,-0.31283806128194963,0.2547741609877596,0.06579795875077103,0.3736669021639151,0.026192900385102365
727,striatum,53,200,ACC,high_gamma,All,200,52,-0.3334137744212061,0.7333834415005545,0.6167302225074116,0.8498948593862137,0.014651501705646351
727,striatum,53,200,ACC,high_gamma,Trials 4-10,7,52,-0.28793573975759623,0.30394533442380695,0.17050246879816677,0.5579995445486197,0.09125372939825876
727,striatum,53,200,ACC,high_gamma,Intermediate,10,52,-0.028492797398403474,0.09648077876051683,-0.10271407742721546,0.3598645510447438,0.006950802546192505
727,striatum,53,200,ACC,high_gamma,Expert,10,52,-0.13840378052724223,0.14422390532237872,0.06332716902398106,0.2795099388701221,0.004375324581390884
727,striatum,53,200,ACC,total,All,200,52,-0.25424091346956956,0.96893336913046,0.9313811355802292,0.9737516266647861,0.07219676009738317
727,striatum,53,200,ACC,total,Trials 4-10,7,52,-0.006527267686877867,0.6487621702642141,0.6043381556964048,0.6798316279851784,0.1722574153657282
727,striatum,53,200,ACC,total,Intermediate,10,52,0.3277028689163979,0.8130167906110366,0.5159096783055742,0.8479443308780931,0.19326079772025961
727,striatum,53,200,ACC,total,Expert,10,52,0.09924051882462169,0.5217191541948916,0.34297655661535836,0.6697347465621739,0.13157907621194503
730,striatum,54,200,DMS,theta,All,200,52,-0.3819778574789455,0.5339564185390535,0.39910443711009813,0.6680759695391842,0.0023748958274550794
730,striatum,54,200,DMS,theta,Trials 4-10,7,52,-0.35788625382174877,0.41931096065445334,0.3010737403416359,0.4902859453695103,0.04613175021427808
730,striatum,54,200,DMS,theta,Intermediate,10,52,0.0063508868347872775,0.36473769449255666,0.2988964742240351,0.46233060352164856,0.028031366031138386
730,striatum,54,200,DMS,theta,Expert,10,52,-0.17070478691110452,0.061688628059004214,-0.11811423789770459,0.36685519566328356,0.01976493437218771
730,striatum,54,200,DMS,beta,All,200,52,-0.17348609789935182,0.46608653624545304,0.38393010547302675,0.580825339593273,-0.00237439686491566
730,striatum,54,200,DMS,beta,Trials 4-10,7,52,-0.04137633182731877,0.2553971652144488,0.16542080729602132,0.4245673642604011,0.030587394130097673
730,striatum,54,200,DMS,beta,Intermediate,10,52,0.029557665095353937,0.09808652297756446,-0.09897896951808886,0.2189861722537112,0.008185708115456845
730,striatum,54,200,DMS,beta,Expert,10,52,-0.01751030890124297,-0.07788829563435731,-0.29365042461406693,0.10472032137424706,-0.0012459151572706277
730,striatum,54,200,DMS,low_gamma,All,200,52,-0.17373691102328162,0.46627916421392523,0.3583418536842863,0.5758167956727815,0.001567020738482047
730,striatum,54,200,DMS,low_gamma,Trials 4-10,7,52,0.00543182340287236,-0.15755475486469128,-0.44938887751870327,0.05387327752568666,-0.00900666253489349
730,striatum,54,200,DMS,low_gamma,Intermediate,10,52,0.10248008862417396,0.10792710586536622,-0.17900572295549705,0.24390028647683384,0.009108713884324462
730,striatum,54,200,DMS,low_gamma,Expert,10,52,0.10822807018726524,0.23323597325680265,0.03383320376653044,0.3841920352057837,0.030538471857627324
730,striatum,54,200,DMS,high_gamma,All,200,52,-0.31004362705214294,0.48927223379608076,0.3479491177090953,0.6464796427567532,0.010594374080848293
730,striatum,54,200,DMS,high_gamma,Trials 4-10,7,52,-0.016223253516233646,0.09807986916178393,-0.11599926213406407,0.27046455106040934,0.018764382632684068
730,striatum,54,200,DMS,high_gamma,Intermediate,10,52,-0.06573220174183098,0.057326534750380104,-0.14186792233758294,0.3148924064888495,0.012665472068883975
730,striatum,54,200,DMS,high_gamma,Expert,10,52,-0.053626880177609734,0.2070402754320445,-0.03389265510671665,0.31336818624856577,0.022080723344575115
730,striatum,54,200,DMS,total,All,200,52,-0.4531981538665849,0.8219598936736576,0.7312186989032021,0.8912803408942045,0.022195682536582197
730,striatum,54,200,DMS,total,Trials 4-10,7,52,-0.21208714411976975,0.1755151198244804,-0.03237466585309749,0.39326562037576773,0.043553716057772016
730,striatum,54,200,DMS,total,Intermediate,10,52,0.06851283194418445,0.484189864811088,0.3800101646335533,0.5777311918001417,0.073075320262425
730,striatum,54,200,DMS,total,Expert,10,52,-0.2504591398178703,0.5044701552856582,0.4198143643871506,0.5880421220239503,0.08021611220338223
730,striatum,54,200,DLS,theta,All,200,140,-0.08424370142899024,0.43527918015859,0.3344486244103879,0.5966568315761444,0.003177471270865862
730,striatum,54,200,DLS,theta,Trials 4-10,7,140,-0.05334710402228052,0.011936597011632185,-0.20414056700624722,0.10316997730670951,0.0115182653062397
730,striatum,54,200,DLS,theta,Intermediate,10,140,-0.04710233917157704,-0.007545623139633377,-0.2336417804259439,0.21950200982029988,0.008187467704014517
730,striatum,54,200,DLS,theta,Expert,10,140,-0.065471019975198,0.00882736922703415,-0.13779323229599083,0.13965175986055575,0.008287716392548938
730,striatum,54,200,DLS,beta,All,200,140,-0.3631368605966936,0.47782001221772796,0.33474548564335127,0.5636319361748965,-0.00047574905940107924
730,striatum,54,200,DLS,beta,Trials 4-10,7,140,-0.05663292890239896,-0.011242492874578477,-0.25643450353555,0.1815738516984154,-0.010869177378013042
730,striatum,54,200,DLS,beta,Intermediate,10,140,-0.13070095970333506,0.07576176436903342,-0.061817503731348235,0.22169218102318788,0.004991514204659507
730,striatum,54,200,DLS,beta,Expert,10,140,-0.1507225370849151,0.1607427664731501,-0.001710740614276201,0.27757142129961754,0.015706415430780038
730,striatum,54,200,DLS,low_gamma,All,200,140,-0.031103086101581554,0.5427816761192792,0.3922891134189742,0.6534621333121841,0.0049431931287972405
730,striatum,54,200,DLS,low_gamma,Trials 4-10,7,140,-0.06509587449319842,-0.012540032512738646,-0.25297489616838326,0.13204486722665912,-0.006945996640550527
730,striatum,54,200,DLS,low_gamma,Intermediate,10,140,-0.00736004350221017,0.058707990194761965,-0.1910211482417678,0.23801583227233708,0.00803331842105649
730,striatum,54,200,DLS,low_gamma,Expert,10,140,0.035958117109808285,0.2721065496145269,0.11497711142605377,0.39570394513492424,0.03943995001654267
730,striatum,54,200,DLS,high_gamma,All,200,140,-0.3358182657340104,0.43855725544563784,0.271205317015828,0.5754291485673597,0.005208359217100165
730,striatum,54,200,DLS,high_gamma,Trials 4-10,7,140,-0.20884923629104937,0.15572026146665857,-0.0547331585476179,0.3000256125596519,0.023694903394165516
730,striatum,54,200,DLS,high_gamma,Intermediate,10,140,-0.03731051604230176,0.023455186852546002,-0.22295666751407256,0.20910708951189722,0.002571118245824373
730,striatum,54,200,DLS,high_gamma,Expert,10,140,-0.10429139569958948,0.04970314630316379,-0.12412425357411833,0.2522135575202061,0.010470103398120212
730,striatum,54,200,DLS,total,All,200,140,-0.41178835548132164,0.7668882513362638,0.7005411918100657,0.8457521245096924,0.016178793303676893
730,striatum,54,200,DLS,total,Trials 4-10,7,140,-0.14799660869052572,0.2987583308207483,0.19970535911410764,0.4206855448765181,0.030389109091240908
730,striatum,54,200,DLS,total,Intermediate,10,140,-0.21946250335366815,0.499880741749668,0.3870059835707339,0.6154980433735168,0.07499260102969353
730,striatum,54,200,DLS,total,Expert,10,140,-0.2682366492332151,0.3106982600174264,0.20781156297913664,0.46872150042925353,0.056840583907590364
730,striatum,54,200,ACC,theta,All,200,102,-0.5438217697991227,0.7321612721671433,0.6601598799351879,0.7786072987981231,0.005200153372265693
730,striatum,54,200,ACC,theta,Trials 4-10,7,102,-0.42825285164771054,0.22060135625080785,0.1037230855100745,0.3098047543468623,0.032401477178460564
730,striatum,54,200,ACC,theta,Intermediate,10,102,-0.25332790810658845,0.1579671543639164,-0.01918413715021124,0.28674334354343906,0.01397825942643477
730,striatum,54,200,ACC,theta,Expert,10,102,-0.400403398141299,0.11801185620912727,-0.0631905911068235,0.24486618235167368,0.0010341185483855944
730,striatum,54,200,ACC,beta,All,200,102,-0.616431124066355,0.37628508141979766,0.2135241746361944,0.5489516011297723,-0.0001947756212998333
730,striatum,54,200,ACC,beta,Trials 4-10,7,102,-0.16656997108187144,0.09121840796738105,-0.0890301601239739,0.23616401858889055,0.015378472032705037
730,striatum,54,200,ACC,beta,Intermediate,10,102,-0.1792584628115399,0.11439441273556783,-0.11853958894289202,0.2882605018729154,-0.0002401923919744799
730,striatum,54,200,ACC,beta,Expert,10,102,-0.15171835822124277,-0.010758607400382435,-0.27348103499063126,0.18677884461209543,0.011155842953615318
730,striatum,54,200,ACC,low_gamma,All,200,102,-0.14926357377264987,0.3603363149477353,0.27375243732228727,0.5225214496485063,0.001317785801253839
730,striatum,54,200,ACC,low_gamma,Trials 4-10,7,102,-0.07886701881380057,0.015240929619414798,-0.10809040422538017,0.14910699931253057,0.001053041366798156
730,striatum,54,200,ACC,low_gamma,Intermediate,10,102,0.29214896974493065,0.1217293311398037,-0.10784705097600118,0.35990117405527533,0.018476405064342907
730,striatum,54,200,ACC,low_gamma,Expert,10,102,0.1559423770118475,0.1599095101337898,-0.018463062487687764,0.3467293302274833,-0.0013612114037331556
730,striatum,54,200,ACC,high_gamma,All,200,102,-0.26560876027292035,0.5774091637527021,0.43250027748206443,0.6701649591196853,0.010333421158242272
730,striatum,54,200,ACC,high_gamma,Trials 4-10,7,102,0.24815742918367317,0.37742228887255147,0.30257072712035615,0.4421103052658207,0.08452085529093831
730,striatum,54,200,ACC,high_gamma,Intermediate,10,102,0.2724180966169143,0.358298127624442,0.25834345573652573,0.4571099925187479,0.034595245528654034
730,striatum,54,200,ACC,high_gamma,Expert,10,102,0.2725660464384614,0.15496426010259062,0.008931697040502524,0.36525540825931285,0.054799566504296335
730,striatum,54,200,ACC,total,All,200,102,-0.4333246094318284,0.7655613838442092,0.6917147988858445,0.826371545037727,0.01447264262377691
730,striatum,54,200,ACC,total,Trials 4-10,7,102,-0.11286802957618136,0.08471091397498094,-0.07656002806470143,0.2648703423349783,0.050443387028408185
730,striatum,54,200,ACC,total,Intermediate,10,102,0.20723935775393426,0.39877891848745256,0.22090564138908494,0.4639866243103856,0.054206735646241844
730,striatum,54,200,ACC,total,Expert,10,102,-0.02568847026937894,0.13719990338637306,-0.15615389365513102,0.3435204109984263,0.02971525468987473
731,striatum,36,76,DMS,theta,All,76,32,0.6865703782149246,0.8969791541071517,0.8719260754026478,0.9063784087973477,0.05911387258041327
731,striatum,36,76,DMS,theta,Trials 4-10,7,32,0.5627121159611357,0.5383659575148523,0.4833302626959306,0.5797555437943026,0.10871293563278034
731,striatum,36,76,DMS,theta,Intermediate,10,32,0.49824661944339654,0.7117556877441877,0.6893169844388252,0.7412750256533122,0.2260745707946198
731,striatum,36,76,DMS,theta,Expert,10,32,0.46231421597745714,0.4925361518534216,0.4286893625834449,0.5383542359862323,0.08448325680780258
731,striatum,36,76,DMS,beta,All,76,32,-0.0030086083581988415,0.7429212078847798,0.7158766596725865,0.7777532486332241,0.02160578486923729
731,striatum,36,76,DMS,beta,Trials 4-10,7,32,-0.044840114814292675,0.4921126540124542,0.4332255771903993,0.5805636929570673,0.08595599552400632
731,striatum,36,76,DMS,beta,Intermediate,10,32,0.09852469648255463,0.31255281712261324,0.16279420336662478,0.381155089324918,0.05202387830686115
731,striatum,36,76,DMS,beta,Expert,10,32,0.04404911223665037,0.2625135188570994,0.18593790517200562,0.3075849150421454,0.035361638904860195
731,striatum,36,76,DMS,low_gamma,All,76,32,0.39715201753400153,0.6556961551673298,0.6123571821824556,0.715499510087096,0.015496220992568335
731,striatum,36,76,DMS,low_gamma,Trials 4-10,7,32,0.26925576388658196,0.3401653246130734,0.2794224087847992,0.3930836205462903,0.08585871275081017
731,striatum,36,76,DMS,low_gamma,Intermediate,10,32,0.14561845067765455,0.40441192477431864,0.35609124576307827,0.444841824796137,0.06419320573676467
731,striatum,36,76,DMS,low_gamma,Expert,10,32,0.059843781257032935,0.17831689977955723,0.06228100585465303,0.2503133156411581,0.024093094326901106
731,striatum,36,76,DMS,high_gamma,All,76,32,0.16458351672904337,0.6917068101238444,0.6237554815660908,0.736840525704985,0.021761555651912824
731,striatum,36,76,DMS,high_gamma,Trials 4-10,7,32,-0.018808295792210245,0.32026539480502236,0.20327501890076122,0.47939123033334036,0.07559691924783138
731,striatum,36,76,DMS,high_gamma,Intermediate,10,32,0.1427521871770795,0.25579008950521426,0.1121574689435559,0.39584697618122394,0.029514069902301203
731,striatum,36,76,DMS,high_gamma,Expert,10,32,0.2486424242489626,0.29598335090452543,0.16221798840078783,0.41181439029245154,0.049842461843297145
731,striatum,36,76,DMS,total,All,76,32,0.44642864453870723,0.9022770186162563,0.8786178190572413,0.9130013724254675,0.06511921446786467
731,striatum,36,76,DMS,total,Trials 4-10,7,32,0.28459420876288855,0.5743109617323184,0.5061462762450809,0.6765083072956154,0.18036351125005495
731,striatum,36,76,DMS,total,Intermediate,10,32,0.34402933899683136,0.7387484373056663,0.7026591426809417,0.7660081357224339,0.23228592263302444
731,striatum,36,76,DMS,total,Expert,10,32,0.27190780895974764,0.6848731085493953,0.621424982152851,0.737720574387866,0.13399268893493665
731,striatum,36,76,ACC,theta,All,76,72,0.0928719440440714,0.7031359480277278,0.6320363267340664,0.7849110339716289,0.04476995942645417
731,striatum,36,76,ACC,theta,Trials 4-10,7,72,0.13073607511271307,0.5204606592244019,0.1733613482096747,0.6055693598088279,0.1346124543237553
731,striatum,36,76,ACC,theta,Intermediate,10,72,-0.02280505127563246,0.33429655704290406,0.21949202915674298,0.40782904568804307,0.0245455757388609
731,striatum,36,76,ACC,theta,Expert,10,72,0.17588451706457642,0.3167915357237404,-0.012572448972657819,0.4728721937813456,0.044630685785234575
731,striatum,36,76,ACC,beta,All,76,72,-0.24079383360440748,0.3703628208092828,0.28130904519590516,0.4392339764935874,0.010623007290738121
731,striatum,36,76,ACC,beta,Trials 4-10,7,72,-0.16265293226908187,-0.1759539394932365,-0.31793944054300993,0.005699164644199376,-0.007248802342682549
731,striatum,36,76,ACC,beta,Intermediate,10,72,-0.22335571108635432,0.2787359879503209,0.1909953622996069,0.3688114868527936,0.021909210801143837
731,striatum,36,76,ACC,beta,Expert,10,72,-0.11920133911732914,0.18315068889549435,0.046700860497872296,0.3209088067651555,0.013261157236117283
731,striatum,36,76,ACC,low_gamma,All,76,72,-0.006005297812710733,0.1707405104262968,-0.13723282827022998,0.27068709350134323,0.0005454847484074252
731,striatum,36,76,ACC,low_gamma,Trials 4-10,7,72,0.06816864256817048,-0.14680588506840575,-0.3364053350571897,0.09110523172001912,-0.006701350887516857
731,striatum,36,76,ACC,low_gamma,Intermediate,10,72,-0.1266089260709884,0.11558367018344215,-0.05224734209475222,0.2589537460794511,0.013936965155541
731,striatum,36,76,ACC,low_gamma,Expert,10,72,-0.030459507179992587,0.1221925156264315,-0.04153325232558358,0.21706846598050722,0.01799284164880878
731,striatum,36,76,ACC,high_gamma,All,76,72,0.07852388838931275,0.7390107626339923,0.6792720177030904,0.7807871609681614,0.026350121222956973
731,striatum,36,76,ACC,high_gamma,Trials 4-10,7,72,-0.0013236386115170562,0.39551567687435935,0.3209219120950298,0.5184781500263522,0.05740263513811528
731,striatum,36,76,ACC,high_gamma,Intermediate,10,72,-0.16875714199666855,0.2857200820228716,0.17711587508862503,0.3846100363282237,0.040989394315406075
731,striatum,36,76,ACC,high_gamma,Expert,10,72,0.08354967804828639,0.059312857081193604,-0.11167348698490852,0.2329094134630071,0.021453454135894334
731,striatum,36,76,ACC,total,All,76,72,-0.2179945787287988,0.5697022941170652,0.5273726304968349,0.6307898396111385,0.022221217061393413
731,striatum,36,76,ACC,total,Trials 4-10,7,72,-0.11163396577763708,0.15599012693496545,0.07999002481562278,0.2263807981443474,0.056561140606853445
731,striatum,36,76,ACC,total,Intermediate,10,72,-0.2668937022765002,0.23192386370432333,0.10864886120465216,0.2848469178719806,0.016278838664186127
731,striatum,36,76,ACC,total,Expert,10,72,-0.07040805175604878,-0.09501087491519289,-0.3233483838079523,0.17149334438084995,-0.0008228816418004729
822,striatum,33,90,DMS,theta,All,90,50,-0.6756886944058373,0.6932634626576861,0.6125850213126721,0.7736815212226866,0.026759100028031127
822,striatum,33,90,DMS,theta,Trials 4-10,7,50,-0.2150012335020765,0.04799700808046374,-0.12392116742364945,0.2865129063170524,0.007672747604771972
822,striatum,33,90,DMS,theta,Intermediate,10,50,-0.12899726222236427,0.24373171812005934,0.19390274859877984,0.3446205008580745,0.022633049641806305
822,striatum,33,90,DMS,theta,Expert,10,50,-0.3436870686375397,-0.08328050472437741,-0.3799032105793586,0.08522016239290725,-0.002192603025294504
822,striatum,33,90,DMS,beta,All,90,50,-0.5882225892308205,0.5263179242364704,0.40494277427406833,0.5824374125320189,0.01169327675103445
822,striatum,33,90,DMS,beta,Trials 4-10,7,50,-0.3592261088184911,0.03405956733860614,-0.13104138721449915,0.14087017777658914,0.007464875892074007
822,striatum,33,90,DMS,beta,Intermediate,10,50,-0.2050734938483773,-0.23270537360028343,-0.5445453584881679,-0.02447956180626756,-0.010166657398195632
822,striatum,33,90,DMS,beta,Expert,10,50,-0.08034909440864346,0.09007615078483408,0.026850202699692315,0.18541875469674493,0.0019525170246128814
822,striatum,33,90,DMS,low_gamma,All,90,50,0.020996078468439656,0.238181007903417,0.15531789750233432,0.3392229131528728,0.0017616718933855247
822,striatum,33,90,DMS,low_gamma,Trials 4-10,7,50,-0.23569522637005014,0.4388687043329819,0.37663864670441377,0.489893312055678,0.043790712565535087
822,striatum,33,90,DMS,low_gamma,Intermediate,10,50,0.09911577501294874,0.20754754252043747,0.018544264762824784,0.44143451056219246,0.028319150103674834
822,striatum,33,90,DMS,low_gamma,Expert,10,50,-0.1622949748391334,-0.11815667253556247,-0.3118753186681806,-0.017648111295456244,-0.011525748941121218
822,striatum,33,90,DMS,high_gamma,All,90,50,-0.08733618995419123,0.6685733989635956,0.5722259301696937,0.7577030833407494,0.026327280263016433
822,striatum,33,90,DMS,high_gamma,Trials 4-10,7,50,-0.0027963276226302793,0.25407688540334783,0.08556363335400974,0.3475811267702663,0.04068699475794392
822,striatum,33,90,DMS,high_gamma,Intermediate,10,50,-0.08618883180328403,0.2651818500413966,0.13612628463701068,0.3832248885414462,0.04743720260063677
822,striatum,33,90,DMS,high_gamma,Expert,10,50,0.009357174130284956,0.49331779297620404,0.4349862759891281,0.571594962576609,0.08173985505772036
822,striatum,33,90,DMS,total,All,90,50,-0.5630167585379804,0.5659887147528615,0.39536296451152564,0.6808817733170048,0.012965096695228221
822,striatum,33,90,DMS,total,Trials 4-10,7,50,-0.2819456897614354,0.1873510345616052,0.10935199186029967,0.285618816468706,0.02955376004758123
822,striatum,33,90,DMS,total,Intermediate,10,50,0.034144759331804456,0.16336600246066318,0.08799422295293219,0.25792417654581967,0.03082198864283181
822,striatum,33,90,DMS,total,Expert,10,50,-0.07440455187750589,0.07348240499758409,-0.01022063123182199,0.20335830472269428,0.013874936620989809
822,striatum,33,90,DLS,theta,All,90,96,0.6583905771954714,0.9110163376658917,0.9038965629010532,0.9152058082595523,0.0759745684312868
822,striatum,33,90,DLS,theta,Trials 4-10,7,96,0.3434813353533235,0.42474694242542554,0.3758293481011351,0.4786094255999167,0.1103279761747376
822,striatum,33,90,DLS,theta,Intermediate,10,96,0.15051943333719103,0.6771055183731614,0.6374216771420759,0.7069887347305313,0.1931881736235483
822,striatum,33,90,DLS,theta,Expert,10,96,0.3531378372844609,0.6440851877985687,0.5939948475689686,0.6756230995779449,0.11061043337714158
822,striatum,33,90,DLS,beta,All,90,96,0.24756192979814434,0.7179350750403981,0.677194007439811,0.7443752186528194,0.02146761043443965
822,striatum,33,90,DLS,beta,Trials 4-10,7,96,-0.24978865108680254,0.5752681260378043,0.5107529672220611,0.6228665276984684,0.15198699509110836
822,striatum,33,90,DLS,beta,Intermediate,10,96,0.3166194734342653,0.3227576058976732,0.25647567200847726,0.3799863971761946,0.031239046730010822
822,striatum,33,90,DLS,beta,Expert,10,96,0.38060754698091104,0.5409206200180673,0.4432289469817221,0.5994118500211664,0.06125460279579352
822,striatum,33,90,DLS,low_gamma,All,90,96,0.010110418569754847,0.47655515636325474,0.43293346284673573,0.5240418230190698,0.003693285320241234
822,striatum,33,90,DLS,low_gamma,Trials 4-10,7,96,-0.24366770083699968,0.3556991906885121,0.28348872207728143,0.39929017865005917,0.03760443893870602
822,striatum,33,90,DLS,low_gamma,Intermediate,10,96,0.09416612419388799,0.12875777604357325,0.057276004673237214,0.22725613999250782,-0.010962391982299088
822,striatum,33,90,DLS,low_gamma,Expert,10,96,-0.17275404343531617,-0.11418456334139794,-0.22752497821574041,-0.04684003306970198,0.009872387345571401
822,striatum,33,90,DLS,high_gamma,All,90,96,0.2703142938741649,0.6443759848170686,0.5954655405203348,0.6910593402641156,0.014696232489012185
822,striatum,33,90,DLS,high_gamma,Trials 4-10,7,96,0.05351160075327588,0.06414887073921258,-0.06542024475982411,0.18635816760794546,0.0010800548837748684
822,striatum,33,90,DLS,high_gamma,Intermediate,10,96,0.1788123876524717,0.2506935629506585,0.15960565931170326,0.3316730679032727,0.01738316092239159
822,striatum,33,90,DLS,high_gamma,Expert,10,96,0.1789843168110753,0.005610220484774953,-0.12478499658593908,0.1402716578513926,-0.013139028319778312
822,striatum,33,90,DLS,total,All,90,96,0.6694767145904361,0.8293437120008237,0.740485665819766,0.8644186200054962,0.022612843355248203
822,striatum,33,90,DLS,total,Trials 4-10,7,96,0.0005602064719464505,0.10103068954526306,-0.018846309814533942,0.16654711023456317,-0.010033968182337781
822,striatum,33,90,DLS,total,Intermediate,10,96,0.26388001434824204,0.22941438287743304,0.1332055481137601,0.3721331784875407,0.007263154007791837
822,striatum,33,90,DLS,total,Expert,10,96,0.5194556884303692,0.3392467267713223,0.1685920203788537,0.44446725846857205,0.07480455820843304
822,striatum,33,90,ACC,theta,All,90,66,-0.16266479868626918,0.7503972841069184,0.5936181446243711,0.816746873808749,0.024916806411711206
822,striatum,33,90,ACC,theta,Trials 4-10,7,66,-0.14286712169018242,0.39159833231958824,0.211166741367929,0.4783987170551676,0.04196465793713978
822,striatum,33,90,ACC,theta,Intermediate,10,66,-0.39527280042270185,0.49599610127619187,0.4114253919092927,0.5472828365594078,0.0601716038581101
822,striatum,33,90,ACC,theta,Expert,10,66,-0.12709710239726857,0.31983921953806893,0.11646651005730795,0.5087163963732566,0.038944805205444105
822,striatum,33,90,ACC,beta,All,90,66,-0.5941452358378969,0.7140390763827068,0.6978359839103602,0.752981728694129,0.014838131692177058
822,striatum,33,90,ACC,beta,Trials 4-10,7,66,-0.40884200929260833,0.3313539810672748,0.2257428812387366,0.4541915570855095,0.02984781560523188
822,striatum,33,90,ACC,beta,Intermediate,10,66,-0.10419807644822125,-0.037935659488020294,-0.14080896930475284,0.0546153593531653,0.007796623584430411
822,striatum,33,90,ACC,beta,Expert,10,66,-0.24922703947749897,0.28023718350764604,0.13303269456889896,0.3990192663105094,0.031205293901710333
822,striatum,33,90,ACC,low_gamma,All,90,66,-0.3913474677587607,0.5861091906067993,0.468015687102422,0.6777369044672503,0.014289469842947686
822,striatum,33,90,ACC,low_gamma,Trials 4-10,7,66,-0.2339322045057683,0.1819367590348661,0.05565623627924492,0.31581783971455424,0.03971461458905812
822,striatum,33,90,ACC,low_gamma,Intermediate,10,66,-0.22328078865063516,0.16991991890306316,0.0384324196413019,0.344325195952817,0.029500251959293896
822,striatum,33,90,ACC,low_gamma,Expert,10,66,-0.16594090745715184,0.17647807412906902,-0.03521255450436598,0.28816844573382855,0.007151582517208148
822,striatum,33,90,ACC,high_gamma,All,90,66,-0.29940576811493735,0.8737238993879906,0.8195073664203223,0.9218011522106159,0.061398236050427595
822,striatum,33,90,ACC,high_gamma,Trials 4-10,7,66,0.016297755569723887,0.557579368492642,0.3981610440599993,0.7080511930585629,0.11833972007264656
822,striatum,33,90,ACC,high_gamma,Intermediate,10,66,-0.1659548405529778,0.5032749946308774,0.39660631677317193,0.579807001113092,0.09402100841983593
822,striatum,33,90,ACC,high_gamma,Expert,10,66,-0.03465340829518125,0.53438673964046,0.4064174298663576,0.6191376827824211,0.12237466424836994
822,striatum,33,90,ACC,total,All,90,66,-0.6736216103095843,0.667926247249097,0.5337302989000593,0.7607163117112993,0.023473119984054838
822,striatum,33,90,ACC,total,Trials 4-10,7,66,-0.38301866887620406,0.23614474611944763,0.07726062960940884,0.41968762118965974,0.01874017320208369
822,striatum,33,90,ACC,total,Intermediate,10,66,-0.34245520487354003,0.2579116216008158,0.06899408777804864,0.35384616911298883,0.02909877643046294
822,striatum,33,90,ACC,total,Expert,10,66,-0.3533063498391445,0.21992806162892964,0.12161427959530248,0.3099045622829917,0.044993970024392524
823,striatum,14,200,DMS,theta,All,200,52,0.19293746545272963,0.6235409477475887,0.512164637760867,0.7504136226106899,0.011959222151353296
823,striatum,14,200,DMS,theta,Trials 4-10,7,52,0.16564735577143297,0.3228692855722991,0.1746662426997107,0.3903801480919937,0.07585531559242932
823,striatum,14,200,DMS,theta,Intermediate,10,52,0.17703039552596952,0.3584946154913078,0.27467288053540284,0.44757128811031954,0.05291239293335264
823,striatum,14,200,DMS,theta,Expert,10,52,0.4576634717392112,0.3469349171472198,0.2755535789844738,0.401815024091965,0.06259553914951345
823,striatum,14,200,DMS,beta,All,200,52,-0.6788945044308388,0.5781320547895157,0.533864025049796,0.6159276866338361,0.0037469716115379435
823,striatum,14,200,DMS,beta,Trials 4-10,7,52,0.15001704568864727,0.3130801654738293,0.21561666948406283,0.3721395921127627,0.06003332052883703
823,striatum,14,200,DMS,beta,Intermediate,10,52,0.20759977666148285,0.26454018638355686,0.18445412771110647,0.35928090997068296,0.03919103727129242
823,striatum,14,200,DMS,beta,Expert,10,52,-0.4301383565640239,0.2261853602749984,0.04366436390541463,0.3317120984818086,0.011857484549253767
823,striatum,14,200,DMS,low_gamma,All,200,52,-0.48445232481906686,0.3684027407695159,0.28877784665325174,0.43813286254976597,0.00673441658273409
823,striatum,14,200,DMS,low_gamma,Trials 4-10,7,52,0.0032672624931033224,0.3196299028152249,0.15133509681813878,0.37869905344224236,0.006450144101019529
823,striatum,14,200,DMS,low_gamma,Intermediate,10,52,-0.037643624203700474,0.2442655888788329,0.1437676890074791,0.32617511551174905,0.006190383046901438
823,striatum,14,200,DMS,low_gamma,Expert,10,52,-0.084613694895339,-0.13699986145374507,-0.2433275240702732,-0.02205428442989036,0.010103546461610238
823,striatum,14,200,DMS,high_gamma,All,200,52,-0.5748478127255807,0.51944438720308,0.4252262037871963,0.5731712467361098,0.008031387949542786
823,striatum,14,200,DMS,high_gamma,Trials 4-10,7,52,-0.024066254871489667,0.08922309824550145,-0.11271998950005341,0.2452627033293097,0.007624882556823284
823,striatum,14,200,DMS,high_gamma,Intermediate,10,52,-0.08448222479238557,0.08231282960816116,-0.10615757512847099,0.20825016886767445,0.004648944772654678
823,striatum,14,200,DMS,high_gamma,Expert,10,52,-0.333793727381572,0.12922480308938863,-0.011872866171537643,0.25334802626948816,0.014589805383867904
823,striatum,14,200,DMS,total,All,200,52,0.48316053695238215,0.48188804178778577,0.33649027578654134,0.617130961988598,0.006586911979517109
823,striatum,14,200,DMS,total,Trials 4-10,7,52,0.4121228272798243,0.40674347370361047,0.31743539808973625,0.49886471789364695,0.03463450658329709
823,striatum,14,200,DMS,total,Intermediate,10,52,0.46974966147514097,0.29488011980755957,0.1887408520905235,0.4223079344460957,0.020524568142172142
823,striatum,14,200,DMS,total,Expert,10,52,0.31753600581712804,0.15001214273542401,-0.032988766717638465,0.33318878302977956,0.006295967587872948
823,striatum,14,200,ACC,theta,All,200,82,-0.2079060791082871,0.6238963513684994,0.4526278440121426,0.7086496276996439,0.009085785371969175
823,striatum,14,200,ACC,theta,Trials 4-10,7,82,-0.06513225168645609,0.35821439841186825,0.22322183277412133,0.4663024681705841,0.042277952928823845
823,striatum,14,200,ACC,theta,Intermediate,10,82,-0.11027417946369128,0.36476744917184034,0.2084126629386549,0.471754242388434,0.0322656498570109
823,striatum,14,200,ACC,theta,Expert,10,82,0.0019128170771320029,-0.0756062792860771,-0.2778060800222507,0.06845114076842243,0.008729438570368153
823,striatum,14,200,ACC,beta,All,200,82,-0.6271405838745507,0.5764332851879719,0.4704526145173377,0.6872853334500015,0.006859048626450969
823,striatum,14,200,ACC,beta,Trials 4-10,7,82,-0.12388535098469886,0.08558821952959562,-0.05332525496209095,0.18443127900368733,0.017852886068960273
823,striatum,14,200,ACC,beta,Intermediate,10,82,-0.15523233616234763,-0.01942343971348227,-0.28386146779042776,0.11583752829437162,0.02453224471010073
823,striatum,14,200,ACC,beta,Expert,10,82,-0.3309390271990144,0.2803892025412862,0.08210243184098007,0.3700608017422551,0.01744952425086678
823,striatum,14,200,ACC,low_gamma,All,200,82,-0.4044195438668105,0.4282858349218624,0.2902117826601037,0.5655254035819294,0.005054842472447373
823,striatum,14,200,ACC,low_gamma,Trials 4-10,7,82,-0.021182160940082177,0.16329621756270124,0.025625913160131013,0.22273318756521188,0.004312995353346178
823,striatum,14,200,ACC,low_gamma,Intermediate,10,82,-0.0018380899764042008,0.1624007372153935,0.06881161648634065,0.22786471675290004,0.016380488556605892
823,striatum,14,200,ACC,low_gamma,Expert,10,82,-0.20764769219460638,-0.014184616262020954,-0.37242899293439696,0.14297123648799426,-0.0014711112297041342
823,striatum,14,200,ACC,high_gamma,All,200,82,-0.44109462665026045,0.5127518076741597,0.3594931385227611,0.6217433580830386,0.0052672756124140935
823,striatum,14,200,ACC,high_gamma,Trials 4-10,7,82,0.09739581795392764,0.17815827127669287,0.04263334606855139,0.306100113470924,0.008496373160184291
823,striatum,14,200,ACC,high_gamma,Intermediate,10,82,0.1368541664550636,0.22146127115450837,0.0809316091766106,0.3325006648227424,0.02672900616053125
823,striatum,14,200,ACC,high_gamma,Expert,10,82,-0.2394259103574825,0.13871294224820113,-0.09587954919096832,0.23626138081636258,0.009814950073716775
823,striatum,14,200,ACC,total,All,200,82,0.36402834401305184,0.630358617111099,0.499437771650831,0.762758254122418,0.011704752283187878
823,striatum,14,200,ACC,total,Trials 4-10,7,82,0.4002019231834642,0.44799330534469983,0.2668250078375916,0.5566790020791501,0.05269261579849552
823,striatum,14,200,ACC,total,Intermediate,10,82,0.3555053713484809,0.40153381336982114,0.25141500051245236,0.4947574420630316,0.058598568219871715
823,striatum,14,200,ACC,total,Expert,10,82,0.13514170474680032,0.28531820450202106,0.17315310242256887,0.39107668233764004,0.010917613786835718
