cohort,mouse_id,probe,learning_point,lp_source,disengagement_point,n_trials,area,band,epoch,n_epoch_trials,n_channels,z_corridor,z_dark,z_corridor_speed_resid,log_corridor,log_dark,frac_of_total_corridor,frac_of_total_dark,mean_speed_cm_s
task,1105,striatum,44,measured,131.0,131,DMS,theta,Naive,10,60,0.5043830230503699,0.5193413846162693,0.4856825673174885,-8.585151646320362,-8.619867537505101,0.3093036282959294,0.303938328651598,48.426964125669656
task,1105,striatum,44,measured,131.0,131,DMS,theta,Intermediate,10,60,0.2903165305084737,0.23038227957603094,0.29703406284322814,-8.685729925213515,-8.717063754413541,0.2550778000926447,0.25911488917673947,41.74664472099989
task,1105,striatum,44,measured,131.0,131,DMS,theta,Expert,10,60,0.21458925948384805,0.248383185540964,0.20625340706293852,-8.721672952501303,-8.715414223448128,0.22689066383418938,0.2634370688424899,35.21529871985367
task,1105,striatum,44,measured,131.0,131,DMS,beta,Naive,10,60,-0.11998995350333733,-0.09095158136744369,-0.08924486064462553,-9.08303280383451,-9.086075578683921,0.11052928321611838,0.11256528125680018,48.426964125669656
task,1105,striatum,44,measured,131.0,131,DMS,beta,Intermediate,10,60,0.07534221181651582,-0.04938985466437777,0.08520252376632409,-9.06102756158701,-9.081780776064386,0.12355446580922466,0.12055682611335891,41.74664472099989
task,1105,striatum,44,measured,131.0,131,DMS,beta,Expert,10,60,-0.035597575056312364,-0.12673919424978727,-0.0483996131551272,-9.106729412820968,-9.127663977076178,0.11500504736034196,0.11209990569695383,35.21529871985367
task,1105,striatum,44,measured,131.0,131,DMS,low_gamma,Naive,10,60,-0.014223585530311375,-0.02192513874420902,0.01169445160836758,-8.696815877790309,-8.715339585798827,0.24731356383778602,0.25317019755071657,48.426964125669656
task,1105,striatum,44,measured,131.0,131,DMS,low_gamma,Intermediate,10,60,-0.09671981471479889,-0.17309191112254976,-0.08652741398610272,-8.770462059490123,-8.790928060661333,0.2404467646688661,0.2414557656594694,41.74664472099989
task,1105,striatum,44,measured,131.0,131,DMS,low_gamma,Expert,10,60,-0.029755560202283947,-0.08617232485789955,-0.04227141307109538,-8.767397210809069,-8.768427023248837,0.2502524318504735,0.2574271992296389,35.21529871985367
task,1105,striatum,44,measured,131.0,131,DMS,high_gamma,Naive,10,60,-0.02229121051935752,-0.16533986889146257,-0.000863695473241674,-9.274658919965361,-9.302231884010705,0.0689243133953502,0.06696899608063751,48.426964125669656
task,1105,striatum,44,measured,131.0,131,DMS,high_gamma,Intermediate,10,60,0.045597049670903333,-0.20606657138631768,0.06221993967751778,-9.300701110859992,-9.3489310168647,0.0718781568601416,0.06774553307721053,41.74664472099989
task,1105,striatum,44,measured,131.0,131,DMS,high_gamma,Expert,10,60,0.04289855366479369,-0.2076279103858514,0.024059667358661378,-9.300708023357506,-9.34497928128447,0.07333409053548803,0.0707814399980508,35.21529871985367
task,1105,striatum,44,measured,131.0,131,DMS,total,Naive,10,60,0.3818744721811804,0.22238235259177266,0.39954416848875063,-7.973343769013301,-8.02858128982129,1.0,1.0,48.426964125669656
task,1105,striatum,44,measured,131.0,131,DMS,total,Intermediate,10,60,0.2488507914590335,0.12700446746952299,0.2632448437009418,-8.04422577419451,-8.065116164661383,1.0,1.0,41.74664472099989
task,1105,striatum,44,measured,131.0,131,DMS,total,Expert,10,60,0.14685831457227078,0.09332142637224015,0.12917568822933045,-8.067888396253858,-8.07569427129241,1.0,1.0,35.21529871985367
task,1105,striatum,44,measured,131.0,131,DLS,theta,Naive,10,64,0.3215907824048875,0.32002727187413754,0.28944155055097703,-8.032596240203992,-8.036543390054087,0.6379683753965306,0.6517159423830668,48.426964125669656
task,1105,striatum,44,measured,131.0,131,DLS,theta,Intermediate,10,64,0.10853202014360401,0.0032588614125924203,0.09787565129882944,-8.088295366795673,-8.097527396701755,0.5867517228562387,0.6026703379579113,41.74664472099989
task,1105,striatum,44,measured,131.0,131,DLS,theta,Expert,10,64,0.07258245529353027,0.05438750211547573,0.08535247511078287,-8.115576689842806,-8.088380560540784,0.5679579411668922,0.6054316013374206,35.21529871985367
task,1105,striatum,44,measured,131.0,131,DLS,beta,Naive,10,64,0.04876293768035071,0.03155632697940816,0.092825716096855,-9.118748059611946,-9.14869746715884,0.05746314139774379,0.057479697597525164,48.426964125669656
task,1105,striatum,44,measured,131.0,131,DLS,beta,Intermediate,10,64,0.16552239218884135,0.03589089239611809,0.18204023319918167,-9.12724515356529,-9.137966116092558,0.062361059888868975,0.06328481642353209,41.74664472099989
task,1105,striatum,44,measured,131.0,131,DLS,beta,Expert,10,64,0.1137399113837238,-0.07774671031377553,0.09479206328352943,-9.13878648336263,-9.195321830764854,0.059029897143900306,0.057352806362005446,35.21529871985367
task,1105,striatum,44,measured,131.0,131,DLS,low_gamma,Naive,10,64,0.15373804084342135,0.042166510805341395,0.19154567368686637,-8.72238068731002,-8.765777619022206,0.1334375531751666,0.13303517545914417,48.426964125669656
task,1105,striatum,44,measured,131.0,131,DLS,low_gamma,Intermediate,10,64,-0.14107486333982222,-0.1933148729619422,-0.1309280756126241,-8.831764563084214,-8.836475693307985,0.12148566363668015,0.1331817330403136,41.74664472099989
task,1105,striatum,44,measured,131.0,131,DLS,low_gamma,Expert,10,64,0.023231354801296122,-0.11471860033625064,0.008238633092566228,-8.803562974463322,-8.81797583971332,0.12746504465516728,0.13601539064390458,35.21529871985367
task,1105,striatum,44,measured,131.0,131,DLS,high_gamma,Naive,10,64,0.22040421280387645,0.14620190301399527,0.25188078816225423,-9.431858774330134,-9.469557681431644,0.02788442333489296,0.028714487632571728,48.426964125669656
task,1105,striatum,44,measured,131.0,131,DLS,high_gamma,Intermediate,10,64,-0.017168200568687075,-0.2301722863391144,-0.0076062283695609596,-9.519217355023674,-9.557796518748617,0.02531956142337376,0.025792272349811473,41.74664472099989
task,1105,striatum,44,measured,131.0,131,DLS,high_gamma,Expert,10,64,-0.032635987356808144,-0.2552384490975791,-0.04413516604816361,-9.527833757929827,-9.55712961503276,0.02492492301550183,0.025061015455850946,35.21529871985367
task,1105,striatum,44,measured,131.0,131,DLS,total,Naive,10,64,0.3977306994310851,0.26972736899529043,0.41665918347462344,-7.787026400388337,-7.827869522251657,1.0,1.0,48.426964125669656
task,1105,striatum,44,measured,131.0,131,DLS,total,Intermediate,10,64,0.22831583647815823,0.11294626376042136,0.23431395030046148,-7.84076281968712,-7.850292583569859,1.0,1.0,41.74664472099989
task,1105,striatum,44,measured,131.0,131,DLS,total,Expert,10,64,0.20526526365608583,0.1354284693437266,0.19738608831654741,-7.8530954609036305,-7.847579276806636,1.0,1.0,35.21529871985367
task,1105,striatum,44,measured,131.0,131,ACC,theta,Naive,10,50,0.16099238884343745,0.043043605833060605,0.18388951966615102,-8.809486931787402,-8.903651774493646,0.18607834241320065,0.18031545038033,48.426964125669656
task,1105,striatum,44,measured,131.0,131,ACC,theta,Intermediate,10,50,0.06763702510057407,-0.22315843410296649,0.0752891319659267,-8.895856977334468,-8.994738312233423,0.17861081502562057,0.16619048844453965,41.74664472099989
task,1105,striatum,44,measured,131.0,131,ACC,theta,Expert,10,50,-0.16973069878944502,-0.29163514927635537,-0.1838261572722107,-8.971050023162501,-9.03866046073102,0.1640211000920767,0.15834735590134538,35.21529871985367
task,1105,striatum,44,measured,131.0,131,ACC,beta,Naive,10,50,0.2324594619872843,0.22080015474137926,0.2633072857150459,-9.068273367943016,-9.103692887408435,0.11943550869383851,0.12418368671946986,48.426964125669656
task,1105,striatum,44,measured,131.0,131,ACC,beta,Intermediate,10,50,0.17124043859023158,0.03162179685774035,0.18215273883848326,-9.170075010971013,-9.193002414325111,0.12319453681036771,0.13276789456862237,41.74664472099989
task,1105,striatum,44,measured,131.0,131,ACC,beta,Expert,10,50,0.10414714559548535,-0.06625684715315705,0.08304688110351766,-9.186269091213575,-9.227238401743168,0.1268090413102646,0.12784750688158888,35.21529871985367
task,1105,striatum,44,measured,131.0,131,ACC,low_gamma,Naive,10,50,0.44930134547297385,0.41223594206758507,0.47945546073842327,-8.667365845470961,-8.684932873987712,0.29399943830146974,0.31387848711652944,48.426964125669656
task,1105,striatum,44,measured,131.0,131,ACC,low_gamma,Intermediate,10,50,0.11999895599673992,-0.0077530177220597836,0.13336452802435464,-8.779064664010392,-8.81603381609024,0.28453266798372845,0.3134362158349867,41.74664472099989
task,1105,striatum,44,measured,131.0,131,ACC,low_gamma,Expert,10,50,0.0285205089216472,-0.01560457700773863,0.010388340083091162,-8.805856865399779,-8.81732161441235,0.28519508299134455,0.3185209788691516,35.21529871985367
task,1105,striatum,44,measured,131.0,131,ACC,high_gamma,Naive,10,50,0.6003291242035731,0.35516581070019737,0.6277764860279426,-9.121658772770077,-9.204806545559098,0.10174368013144702,0.10180597884418269,48.426964125669656
task,1105,striatum,44,measured,131.0,131,ACC,high_gamma,Intermediate,10,50,0.32927377494938115,-0.06103637827651255,0.3392316375176939,-9.244771240183525,-9.335507484531291,0.10300219735942381,0.09919534548180309,41.74664472099989
task,1105,striatum,44,measured,131.0,131,ACC,high_gamma,Expert,10,50,0.22589455270460193,-0.19400700929834033,0.20383080550398297,-9.273694211487026,-9.36400961982911,0.10383562108952578,0.09883120919071402,35.21529871985367
task,1105,striatum,44,measured,131.0,131,ACC,total,Naive,10,50,0.6699893839766968,0.43994459966802807,0.7189147501976296,-8.085309458952219,-8.145575915744967,1.0,1.0,48.426964125669656
task,1105,striatum,44,measured,131.0,131,ACC,total,Intermediate,10,50,0.2562754695091992,-0.00042456566252176554,0.2740339611082463,-8.206558390854518,-8.264757730539039,1.0,1.0,41.74664472099989
task,1105,striatum,44,measured,131.0,131,ACC,total,Expert,10,50,0.05593807147788296,-0.14201706739902503,0.03423550106805949,-8.243464678210948,-8.291264114114423,1.0,1.0,35.21529871985367
task,1105,visual,44,measured,131.0,131,V1,theta,Naive,10,91,-0.09366154554299465,-0.19484545348724003,-0.10724624119129979,-8.385584076700116,-8.433267890498753,0.6264064998272084,0.6142342344125653,48.426964125669656
task,1105,visual,44,measured,131.0,131,V1,theta,Intermediate,10,91,-0.16787713546447205,-0.40441776150106723,-0.16765770425343496,-8.451320295447704,-8.52415093026723,0.584437758061747,0.585145362396322,41.74664472099989
task,1105,visual,44,measured,131.0,131,V1,theta,Expert,10,91,-0.3148485877228694,-0.40791199278745055,-0.309617927323305,-8.483638170538587,-8.498327759607731,0.5591231653097677,0.5937732193138316,35.21529871985367
task,1105,visual,44,measured,131.0,131,V1,beta,Naive,10,91,0.015133678458042425,-0.030432286136958076,0.06920845932572865,-9.36326717822632,-9.424820257073693,0.06473353373193118,0.06419784993409372,48.426964125669656
task,1105,visual,44,measured,131.0,131,V1,beta,Intermediate,10,91,-0.07764679187306092,-0.11894306138064989,-0.05717579527883723,-9.433320926650199,-9.438573092586205,0.060477642840300785,0.07114796107615948,41.74664472099989
task,1105,visual,44,measured,131.0,131,V1,beta,Expert,10,91,0.023074615722504542,-0.17309673090020294,-0.0009283165777888129,-9.417944345693986,-9.471474430590447,0.06554443473082613,0.06496947612032976,35.21529871985367
task,1105,visual,44,measured,131.0,131,V1,low_gamma,Naive,10,91,0.12800446073366126,0.044030585676363976,0.16328596669100726,-9.004313881215838,-9.068674679510636,0.13560987789102066,0.1408920974504088,48.426964125669656
task,1105,visual,44,measured,131.0,131,V1,low_gamma,Intermediate,10,91,-0.17618038857870771,-0.36721423421921584,-0.16336009928194756,-9.125101420159755,-9.163814863111577,0.12182838812773668,0.12840264830069822,41.74664472099989
task,1105,visual,44,measured,131.0,131,V1,low_gamma,Expert,10,91,-0.17207266099584245,-0.2747452428158241,-0.19000578576284038,-9.125665651157089,-9.150181568227493,0.1235378620590594,0.1325832508521005,35.21529871985367
task,1105,visual,44,measured,131.0,131,V1,high_gamma,Naive,10,91,0.12774251055588878,0.040490856154366164,0.1410274479854447,-9.546052369352168,-9.584338614944555,0.045210126069837035,0.04742149816277604,48.426964125669656
task,1105,visual,44,measured,131.0,131,V1,high_gamma,Intermediate,10,91,-0.19479826147450033,-0.15777837724778362,-0.19862545941894102,-9.646809548530854,-9.639045635359647,0.04105979356586057,0.04803603677364389,41.74664472099989
task,1105,visual,44,measured,131.0,131,V1,high_gamma,Expert,10,91,-0.22509041251010592,-0.23614537560107351,-0.22629590528581253,-9.660374077792104,-9.658669388187416,0.04089289461419228,0.046028767349965485,35.21529871985367
task,1105,visual,44,measured,131.0,131,V1,total,Naive,10,91,-0.02417942626625164,-0.24210754581484428,0.011958394771808585,-8.073228684611239,-8.170065374596378,1.0,1.0,48.426964125669656
task,1105,visual,44,measured,131.0,131,V1,total,Intermediate,10,91,-0.15908800051320798,-0.403195572118423,-0.14289069855128306,-8.18392861522461,-8.228590208238924,1.0,1.0,41.74664472099989
task,1105,visual,44,measured,131.0,131,V1,total,Expert,10,91,-0.2427836314873362,-0.4454028467489278,-0.25837806252391643,-8.208172684433004,-8.233828733929135,1.0,1.0,35.21529871985367
task,1106,striatum,67,measured,79.0,79,DMS,theta,Naive,10,52,0.2344660269413046,0.08893368889747315,0.23810198958425371,-9.68355650989244,-9.821342737908639,0.2172960955821388,0.2040175956312162,52.57263925538849
task,1106,striatum,67,measured,79.0,79,DMS,theta,Intermediate,10,52,0.034338019986383236,-0.08768610076095128,0.06319810631195272,-9.855418989340786,-9.901624548480001,0.18328923445251571,0.1774738681395545,63.84927465800333
task,1106,striatum,67,measured,79.0,79,DMS,theta,Expert,10,52,-0.04077695496938753,-0.05719417439542113,-0.01682634098959358,-9.862470817995664,-9.895398753006841,0.17997573574570427,0.17389071655139235,65.98988716950946
task,1106,striatum,67,measured,79.0,79,DMS,beta,Naive,10,52,-0.1570965609754427,-0.20793202192335694,-0.15460828812797955,-10.044856286279103,-10.074376456080074,0.11984283215134267,0.12031191327455351,52.57263925538849
task,1106,striatum,67,measured,79.0,79,DMS,beta,Intermediate,10,52,-0.14330785355357362,-0.1395473300166231,-0.12312878346926892,-10.036631380561978,-10.040420436768908,0.12588845750123567,0.13244233944314432,63.84927465800333
task,1106,striatum,67,measured,79.0,79,DMS,beta,Expert,10,52,-0.12049579189347813,-0.10233019705920296,-0.10400691532341354,-10.020804956426577,-10.039031630351785,0.12985013435796544,0.13000392452273396,65.98988716950946
task,1106,striatum,67,measured,79.0,79,DMS,low_gamma,Naive,10,52,-0.3555403864443101,-0.39776467988702996,-0.35374763590015645,-9.732517370956351,-9.747398984405162,0.2541419385897779,0.25896351188730304,52.57263925538849
task,1106,striatum,67,measured,79.0,79,DMS,low_gamma,Intermediate,10,52,-0.2055124133209859,-0.2802540950530287,-0.19124925615941737,-9.69381284846548,-9.716590495037543,0.2820108137218218,0.2858055544821021,63.84927465800333
task,1106,striatum,67,measured,79.0,79,DMS,low_gamma,Expert,10,52,-0.10305791737512529,-0.15067267629589548,-0.09300281891322229,-9.674256190965062,-9.690937358904517,0.2958584978877583,0.2886565978976859,65.98988716950946
task,1106,striatum,67,measured,79.0,79,DMS,high_gamma,Naive,10,52,-0.23422549983250326,-0.21646992292607864,-0.23294896174035734,-9.981543395451265,-9.975348103625333,0.14585251909225078,0.1536286851700454,52.57263925538849
task,1106,striatum,67,measured,79.0,79,DMS,high_gamma,Intermediate,10,52,-0.09689757479413952,-0.11998823144246928,-0.0825168485859804,-9.946223836822163,-9.96144969070631,0.16049199662164274,0.1682196938355242,63.84927465800333
task,1106,striatum,67,measured,79.0,79,DMS,high_gamma,Expert,10,52,-0.10828187523717853,-0.09756282130215184,-0.0980604953530512,-9.944652209802346,-9.94965519003867,0.16311946068543448,0.15887404912739372,65.98988716950946
task,1106,striatum,67,measured,79.0,79,DMS,total,Naive,10,52,-0.01763823010697131,-0.1542741786010117,-0.01382361885620497,-8.988344041262181,-9.109748232360321,1.0,1.0,52.57263925538849
task,1106,striatum,67,measured,79.0,79,DMS,total,Intermediate,10,52,-0.08717703309669189,-0.289884109729707,-0.048000308087736865,-9.096928336322435,-9.14729289601119,1.0,1.0,63.84927465800333
task,1106,striatum,67,measured,79.0,79,DMS,total,Expert,10,52,-0.126826079071514,-0.17780421206869645,-0.09983659456933977,-9.105883603381777,-9.127750433142554,1.0,1.0,65.98988716950946
task,1106,striatum,67,measured,79.0,79,DLS,theta,Naive,10,80,0.23188704709770092,0.165112090749401,0.2354152264414192,-9.164012571051272,-9.271603034712527,0.2329563221535199,0.21764521755691255,52.57263925538849
task,1106,striatum,67,measured,79.0,79,DLS,theta,Intermediate,10,80,-0.10156254173318899,-0.007058928585897193,-0.07015193357377629,-9.40488259121678,-9.379282118364193,0.18842475875155584,0.20079540183587744,63.84927465800333
task,1106,striatum,67,measured,79.0,79,DLS,theta,Expert,10,80,-0.0003289792878327719,-0.15545720071477348,0.02039264636217119,-9.370648010216097,-9.438441550360498,0.18767054689436913,0.17000254871706527,65.98988716950946
task,1106,striatum,67,measured,79.0,79,DLS,beta,Naive,10,80,0.17370859501493846,0.1142437831626327,0.176902199533104,-9.42677235793625,-9.499017634063325,0.13274831407274545,0.13516815509844982,52.57263925538849
task,1106,striatum,67,measured,79.0,79,DLS,beta,Intermediate,10,80,-0.24112723088782217,-0.09621688887409882,-0.2136835066612906,-9.61215933129592,-9.586320900494904,0.11361949329531823,0.12478977665956927,63.84927465800333
task,1106,striatum,67,measured,79.0,79,DLS,beta,Expert,10,80,-0.11622567780367515,-0.19157151744155237,-0.0950813107831473,-9.583336083266394,-9.617296658954274,0.11280748842833223,0.11529250552908621,65.98988716950946
task,1106,striatum,67,measured,79.0,79,DLS,low_gamma,Naive,10,80,-0.25650210308010307,-0.2744322474177917,-0.255037279492982,-9.106908296261523,-9.115590056476332,0.33119565754287367,0.34025544050555834,52.57263925538849
task,1106,striatum,67,measured,79.0,79,DLS,low_gamma,Intermediate,10,80,-0.264107206169198,-0.35326691296035423,-0.250278164781905,-9.094300694893398,-9.144359834078465,0.37162159387699867,0.3629298119313197,63.84927465800333
task,1106,striatum,67,measured,79.0,79,DLS,low_gamma,Expert,10,80,-0.13474552051296745,-0.24683822101527741,-0.12426508152749238,-9.069889690206512,-9.116404086367837,0.37464690620767804,0.36924739053097844,65.98988716950946
task,1106,striatum,67,measured,79.0,79,DLS,high_gamma,Naive,10,80,-0.08943274541260522,-0.07692578164153088,-0.08751506693588185,-9.766690052440286,-9.77243460511638,0.07397951495300592,0.07593125208030577,52.57263925538849
task,1106,striatum,67,measured,79.0,79,DLS,high_gamma,Intermediate,10,80,-0.011858066183556249,-0.048399751873137706,0.0038147620567819994,-9.751173002061673,-9.755461694827792,0.08459608418186693,0.0838786033784652,63.84927465800333
task,1106,striatum,67,measured,79.0,79,DLS,high_gamma,Expert,10,80,-0.12845386155330257,-0.09517590213896968,-0.1156718978655957,-9.759138449817632,-9.766649676374804,0.07507286893699289,0.07887392443972674,65.98988716950946
task,1106,striatum,67,measured,79.0,79,DLS,total,Naive,10,80,-0.02358145820101427,-0.1332381279526341,-0.020544485711501352,-8.511077793267269,-8.601152967509655,1.0,1.0,52.57263925538849
task,1106,striatum,67,measured,79.0,79,DLS,total,Intermediate,10,80,-0.2498514676872729,-0.3286769267178892,-0.2216471241048551,-8.62461069615945,-8.653316524227492,1.0,1.0,63.84927465800333
task,1106,striatum,67,measured,79.0,79,DLS,total,Expert,10,80,-0.078587375895466,-0.251846871648743,-0.05373355009440242,-8.590751907220888,-8.640162000039883,1.0,1.0,65.98988716950946
task,1106,striatum,67,measured,79.0,79,ACC,theta,Naive,10,71,0.2111500274936147,0.08164245159420495,0.21410254776882187,-9.901796850178718,-10.012928759798465,0.17875199226986738,0.1697636137269737,52.57263925538849
task,1106,striatum,67,measured,79.0,79,ACC,theta,Intermediate,10,71,-0.07175450450506154,-0.10903191744463792,-0.04271239261502742,-10.086408483415887,-10.118571542693962,0.1424376647614634,0.14128333118464398,63.84927465800333
task,1106,striatum,67,measured,79.0,79,ACC,theta,Expert,10,71,-0.11926828972726668,-0.13422846869493152,-0.0961617707413911,-10.112491811406583,-10.12116791722587,0.13820837255990373,0.14211312390947556,65.98988716950946
task,1106,striatum,67,measured,79.0,79,ACC,beta,Naive,10,71,-0.06870063207162252,-0.10202237585015447,-0.06581978610735824,-10.129648054073593,-10.137584646505985,0.13140655367154344,0.13443817098187166,52.57263925538849
task,1106,striatum,67,measured,79.0,79,ACC,beta,Intermediate,10,71,-0.14375614701792128,-0.11953144243776419,-0.12075219313065085,-10.153351003445763,-10.144614233369069,0.1331243678933473,0.13920450575304982,63.84927465800333
task,1106,striatum,67,measured,79.0,79,ACC,beta,Expert,10,71,-0.15634626610106975,-0.13279025287488241,-0.1385396182137963,-10.151129417316476,-10.151181085601557,0.133108235399845,0.13600203651561896,65.98988716950946
task,1106,striatum,67,measured,79.0,79,ACC,low_gamma,Naive,10,71,-0.27162686984504225,-0.29405540930259205,-0.2698933496281883,-9.812407037627024,-9.818173069972463,0.28829381141602073,0.2887444899295016,52.57263925538849
task,1106,striatum,67,measured,79.0,79,ACC,low_gamma,Intermediate,10,71,-0.2220436889160326,-0.2823140547995167,-0.20591608257459518,-9.786879955464178,-9.81346197043959,0.3045889396314917,0.30749912512999317,63.84927465800333
task,1106,striatum,67,measured,79.0,79,ACC,low_gamma,Expert,10,71,-0.1804285982816847,-0.2677463465854621,-0.16809985008615713,-9.78242403054151,-9.811376597992359,0.31517159131804423,0.30718866606942347,65.98988716950946
task,1106,striatum,67,measured,79.0,79,ACC,high_gamma,Naive,10,71,-0.18053116403017264,-0.16143675449646705,-0.17883015483485934,-10.094701281793597,-10.08749672960997,0.16071339092089743,0.16471806096627056,52.57263925538849
task,1106,striatum,67,measured,79.0,79,ACC,high_gamma,Intermediate,10,71,-0.14359348021064516,-0.11752229799618215,-0.128939853713952,-10.071173438575919,-10.077666551001263,0.1705096982652884,0.17633349328691228,63.84927465800333
task,1106,striatum,67,measured,79.0,79,ACC,high_gamma,Expert,10,71,-0.13212027078598781,-0.12260493847879937,-0.12016032930345656,-10.065692737181987,-10.071888441693671,0.17264585113320988,0.17536955852726355,65.98988716950946
task,1106,striatum,67,measured,79.0,79,ACC,total,Naive,10,71,-0.042194132922094604,-0.1762233533424406,-0.03889262689402151,-9.128129943557333,-9.236783194345163,1.0,1.0,52.57263925538849
task,1106,striatum,67,measured,79.0,79,ACC,total,Intermediate,10,71,-0.17680348252578434,-0.3047228967739204,-0.1429601761506362,-9.225583504298385,-9.266947701453267,1.0,1.0,63.84927465800333
task,1106,striatum,67,measured,79.0,79,ACC,total,Expert,10,71,-0.18993874107323452,-0.2989605977409026,-0.16707014889061722,-9.239312679186964,-9.259182420039146,1.0,1.0,65.98988716950946
task,1106,visual,67,measured,79.0,79,V1,theta,Naive,10,52,0.20207852020638306,0.11379909616466674,0.2066637554272317,-9.32638926481519,-9.352707951217532,0.23268850546581973,0.23933039335615236,52.57263925538849
task,1106,visual,67,measured,79.0,79,V1,theta,Intermediate,10,52,-0.0014814639079231157,0.04309531884560012,0.03651484379456176,-9.405054611351238,-9.392077131047014,0.2340816118371476,0.23925885273469846,63.84927465800333
task,1106,visual,67,measured,79.0,79,V1,theta,Expert,10,52,0.07117736562191734,0.07235824221816792,0.10098147412941097,-9.377247934041598,-9.385964449461952,0.2560732491718416,0.234420398071142,65.98988716950946
task,1106,visual,67,measured,79.0,79,V1,beta,Naive,10,52,0.0073491814629015485,0.06728778788307477,0.010675314175131546,-9.585493684505245,-9.599715499255812,0.14034263060745888,0.15568297931211514,52.57263925538849
task,1106,visual,67,measured,79.0,79,V1,beta,Intermediate,10,52,-0.10336688697047162,-0.025570979362555993,-0.07688692700284774,-9.629614538373426,-9.619906511615149,0.15442026965264116,0.15730557371997855,63.84927465800333
task,1106,visual,67,measured,79.0,79,V1,beta,Expert,10,52,-0.12451205443615691,-0.04597224134051946,-0.10276931643622174,-9.644724731372058,-9.634805397399049,0.15333452446533175,0.15397654747889714,65.98988716950946
task,1106,visual,67,measured,79.0,79,V1,low_gamma,Naive,10,52,-0.052676991364370956,-0.09144659970367333,-0.05086158885248295,-9.41424890036954,-9.424489482401855,0.2180631834261409,0.22718916483944512,52.57263925538849
task,1106,visual,67,measured,79.0,79,V1,low_gamma,Intermediate,10,52,-0.29094684885268635,-0.1537393961359782,-0.27862211188547126,-9.468981167462001,-9.439273793525407,0.23207552940557646,0.23957351838764313,63.84927465800333
task,1106,visual,67,measured,79.0,79,V1,low_gamma,Expert,10,52,-0.3013640546127437,-0.19236333545862988,-0.2891187298872551,-9.470265009876488,-9.449785952480013,0.2362763400078777,0.23730001495191594,65.98988716950946
task,1106,visual,67,measured,79.0,79,V1,high_gamma,Naive,10,52,0.1284534222303232,-0.15781794869007443,0.12907135209258538,-9.946420097156516,-9.99871233183838,0.06985948482646612,0.06742170709362638,52.57263925538849
task,1106,visual,67,measured,79.0,79,V1,high_gamma,Intermediate,10,52,-0.2662042979899292,-0.11882028197222327,-0.2626321267482092,-10.0179745190286,-9.988297057672185,0.07056452957317641,0.07294633973469497,63.84927465800333
task,1106,visual,67,measured,79.0,79,V1,high_gamma,Expert,10,52,-0.29644837967239046,-0.15066506253873657,-0.29240104534720357,-10.018541349082547,-9.995615494186534,0.07165696945246702,0.07134337403677568,65.98988716950946
task,1106,visual,67,measured,79.0,79,V1,total,Naive,10,52,0.18429291878420537,-0.012160701202629009,0.1902714829257335,-8.636943285130156,-8.719818117147339,1.0,1.0,52.57263925538849
task,1106,visual,67,measured,79.0,79,V1,total,Intermediate,10,52,-0.10566864180895252,-0.1419047601974125,-0.06125801656364732,-8.735632313040972,-8.755355326907145,1.0,1.0,63.84927465800333
task,1106,visual,67,measured,79.0,79,V1,total,Expert,10,52,-0.14116387172719325,-0.12285557308245787,-0.10554355705429481,-8.739763676657162,-8.751207576740189,1.0,1.0,65.98988716950946
task,1201,striatum,84,measured,182.0,182,DMS,theta,Naive,10,60,0.1563688433651244,-0.016391148773347235,0.23355074639155582,-9.143239190470386,-9.150231519104512,0.46908479707549533,0.4750053138061782,29.86000482061501
task,1201,striatum,84,measured,182.0,182,DMS,theta,Intermediate,10,60,-0.056499337404516584,0.040259907798703906,-0.0502435413187488,-9.17987161706625,-9.157953012904947,0.46658751789166963,0.5058052232849157,43.444633440396615
task,1201,striatum,84,measured,182.0,182,DMS,theta,Expert,10,60,-0.0969252906225597,0.260599713482331,-0.07997516058240087,-9.190252046401216,-9.10117500017222,0.4395644485799898,0.5261773173797989,41.6593125210294
task,1201,striatum,84,measured,182.0,182,DMS,beta,Naive,10,60,-0.0033226724028493594,-0.07347058612438481,-0.08131238483546396,-9.942369625002094,-9.908300251144958,0.07876217626792005,0.08967842823296565,29.86000482061501
task,1201,striatum,84,measured,182.0,182,DMS,beta,Intermediate,10,60,-0.016692987200845163,-0.01902804552582176,-0.02361038720889832,-9.926234406450796,-9.916957132195378,0.09053261853404806,0.09393195592486152,43.444633440396615
task,1201,striatum,84,measured,182.0,182,DMS,beta,Expert,10,60,-0.023563865523860913,-0.05266814977806948,-0.04575521693758432,-9.931074700065432,-9.912686276976949,0.08638423633463252,0.08872776703878411,41.6593125210294
task,1201,striatum,84,measured,182.0,182,DMS,low_gamma,Naive,10,60,-0.0018805128940040602,-0.08548759305412476,-0.045383915549261314,-9.587654675354663,-9.581068221567774,0.1819023353402719,0.19648098137361397,29.86000482061501
task,1201,striatum,84,measured,182.0,182,DMS,low_gamma,Intermediate,10,60,0.00039079090964280814,-0.07661929549833285,-0.0032331326249830585,-9.588225471047544,-9.595652836906513,0.20050790914841998,0.1995718996825923,43.444633440396615
task,1201,striatum,84,measured,182.0,182,DMS,low_gamma,Expert,10,60,-0.03409728047030251,-0.020231151948197502,-0.04561042589785355,-9.594865802124199,-9.579381325275019,0.19517387422197496,0.19440149169548082,41.6593125210294
task,1201,striatum,84,measured,182.0,182,DMS,high_gamma,Naive,10,60,-0.0037590252597984627,-0.10355088939790999,-0.05281692753417763,-10.106686573950832,-10.109941666318333,0.0532440787962294,0.05840353707049384,29.86000482061501
task,1201,striatum,84,measured,182.0,182,DMS,high_gamma,Intermediate,10,60,-0.005381206079331225,-0.06884064305768756,-0.009852327810951762,-10.118323923879979,-10.126703101956986,0.06090838941060252,0.06183943752734071,43.444633440396615
task,1201,striatum,84,measured,182.0,182,DMS,high_gamma,Expert,10,60,-0.12143360643005421,-0.0711037520596603,-0.13528858358017834,-10.132929714404703,-10.122825078930763,0.056636136305164196,0.05829675374640475,41.6593125210294
task,1201,striatum,84,measured,182.0,182,DMS,total,Naive,10,60,0.1097733875797065,0.012596688531511267,0.07008414499239465,-8.77642461018855,-8.776436015656312,1.0,1.0,29.86000482061501
task,1201,striatum,84,measured,182.0,182,DMS,total,Intermediate,10,60,-0.08712088171768079,-0.10461118606929723,-0.08955593344776991,-8.830093970371305,-8.836710666931648,1.0,1.0,43.444633440396615
task,1201,striatum,84,measured,182.0,182,DMS,total,Expert,10,60,-0.0013764389291037109,0.020084983561670704,-0.014160165844208062,-8.800355615247092,-8.804716231702647,1.0,1.0,41.6593125210294
task,1201,striatum,84,measured,182.0,182,DLS,theta,Naive,10,44,0.11905937207945474,0.0685576949832889,0.17079652619419133,-8.953616863707364,-8.932358609803519,0.4959030954428516,0.5359462598029068,29.86000482061501
task,1201,striatum,84,measured,182.0,182,DLS,theta,Intermediate,10,44,-0.16603365969517372,-0.04189681156296687,-0.15973725542286243,-9.018380794889612,-8.984085625248754,0.49177438460337636,0.5418014295359236,43.444633440396615
task,1201,striatum,84,measured,182.0,182,DLS,theta,Expert,10,44,-0.16484585429130855,0.14522374527062826,-0.14774441230279306,-8.987782733524234,-8.948130078090713,0.48017843386444126,0.5515421558267144,41.6593125210294
task,1201,striatum,84,measured,182.0,182,DLS,beta,Naive,10,44,0.07633435110695876,-0.044924688375042106,-0.006829795582743074,-9.789192313780674,-9.788658003325406,0.07364463676510102,0.07769146924725695,29.86000482061501
task,1201,striatum,84,measured,182.0,182,DLS,beta,Intermediate,10,44,-0.01076979160368341,-0.09662289877097399,-0.018359170563610527,-9.805282113172646,-9.82355088178015,0.08348030166200843,0.08266522428930592,43.444633440396615
task,1201,striatum,84,measured,182.0,182,DLS,beta,Expert,10,44,-0.0003293562693664827,-0.01414465814172736,-0.023315748108956133,-9.786557931253185,-9.799987051593739,0.0804438647594572,0.07924791141774458,41.6593125210294
task,1201,striatum,84,measured,182.0,182,DLS,low_gamma,Naive,10,44,0.09496708256946114,-0.12345261773433064,0.05283384171432977,-9.42979612903012,-9.460163809275949,0.1756523542525351,0.1753043189881608,29.86000482061501
task,1201,striatum,84,measured,182.0,182,DLS,low_gamma,Intermediate,10,44,0.04545923934014134,-0.11580681809930433,0.04133229754495409,-9.443607218256805,-9.467991407456136,0.19861150533195981,0.1955732907737397,43.444633440396615
task,1201,striatum,84,measured,182.0,182,DLS,low_gamma,Expert,10,44,0.02908655693614451,-0.008889965289614702,0.01808635448091163,-9.43920817938013,-9.436790566368959,0.19180744343656303,0.18752671642158714,41.6593125210294
task,1201,striatum,84,measured,182.0,182,DLS,high_gamma,Naive,10,44,0.12295617222244919,0.012629516880728777,0.07271764203123976,-10.090170891863494,-10.086443370478335,0.0410760752876213,0.043947142901883514,29.86000482061501
task,1201,striatum,84,measured,182.0,182,DLS,high_gamma,Intermediate,10,44,0.029609452992318864,-0.03308153047040149,0.024307232967105165,-10.090900138525948,-10.098711827766763,0.04598578803074187,0.0471450976152559,43.444633440396615
task,1201,striatum,84,measured,182.0,182,DLS,high_gamma,Expert,10,44,-0.037926490356215155,-0.06509420268724256,-0.05178184227309019,-10.102302411814101,-10.103698545209117,0.04329923780520408,0.04291937349995998,41.6593125210294
task,1201,striatum,84,measured,182.0,182,DLS,total,Naive,10,44,0.12349054989214112,0.08272190692502143,0.07788683737847277,-8.569997397564396,-8.557242774881416,1.0,1.0,29.86000482061501
task,1201,striatum,84,measured,182.0,182,DLS,total,Intermediate,10,44,-0.14030604103029237,-0.19937275756018197,-0.1455838396614405,-8.667358965598346,-8.678593971882757,1.0,1.0,43.444633440396615
task,1201,striatum,84,measured,182.0,182,DLS,total,Expert,10,44,-0.0380779484397514,-0.024030607158602856,-0.05492834529273327,-8.598533589315835,-8.654329607533477,1.0,1.0,41.6593125210294
task,1201,striatum,84,measured,182.0,182,ACC,theta,Naive,10,50,0.05081956841494269,-0.1220397603161094,0.032649015055768796,-9.43087807153359,-9.461362559285908,0.1434407156402762,0.14333642623686937,29.86000482061501
task,1201,striatum,84,measured,182.0,182,ACC,theta,Intermediate,10,50,0.10961364400642898,-0.05388431928938772,0.10574262689705594,-9.344455590962454,-9.407639930107916,0.17369198600802854,0.1532073486753492,43.444633440396615
task,1201,striatum,84,measured,182.0,182,ACC,theta,Expert,10,50,0.18795457905904425,0.05429242316397729,0.17892510074474233,-9.311201825796829,-9.337410567268556,0.17421570797498648,0.16458920191378057,41.6593125210294
task,1201,striatum,84,measured,182.0,182,ACC,beta,Naive,10,50,0.20776172029102474,0.04915835085882923,0.1529028482505796,-9.468742662388415,-9.446814884492309,0.15042320903748074,0.15021270265948955,29.86000482061501
task,1201,striatum,84,measured,182.0,182,ACC,beta,Intermediate,10,50,-0.010309757226176514,-0.14357713885538684,-0.016374401216377368,-9.47771489711237,-9.499783364750222,0.1425557950836246,0.13486836001802333,43.444633440396615
task,1201,striatum,84,measured,182.0,182,ACC,beta,Expert,10,50,0.08849676873887488,0.03980790044559511,0.07398430958451749,-9.461602873576858,-9.463185468083953,0.13503348842534496,0.14097018038684006,41.6593125210294
task,1201,striatum,84,measured,182.0,182,ACC,low_gamma,Naive,10,50,0.18818889291597107,0.030803795179384207,0.16756141006109415,-9.109654878050783,-9.117697280118012,0.32444440477013814,0.3376936843103557,29.86000482061501
task,1201,striatum,84,measured,182.0,182,ACC,low_gamma,Intermediate,10,50,-0.059748448838421106,-0.06492195605959979,-0.06146847021326396,-9.1262500487837,-9.128638270049482,0.30968689959494955,0.32187723095475645,43.444633440396615
task,1201,striatum,84,measured,182.0,182,ACC,low_gamma,Expert,10,50,0.10932542112354794,0.14504841649340533,0.1040783588134087,-9.114761518139957,-9.100011331045934,0.30856223662523213,0.31743168212817463,41.6593125210294
task,1201,striatum,84,measured,182.0,182,ACC,high_gamma,Naive,10,50,0.11573114819839114,-0.11000314838471831,0.11365596093794152,-9.602468580073147,-9.62348453399405,0.10874568265053383,0.1085866153129279,29.86000482061501
task,1201,striatum,84,measured,182.0,182,ACC,high_gamma,Intermediate,10,50,0.0024451546127462398,-0.035948826534999714,0.0017481330911662488,-9.583812050411964,-9.5780003216148,0.11440192511839092,0.11875321532451345,43.444633440396615
task,1201,striatum,84,measured,182.0,182,ACC,high_gamma,Expert,10,50,0.13445326943339847,0.23337029094117157,0.13417108412919465,-9.57411929196116,-9.559159158021991,0.11170944656893496,0.11953605487755051,41.6593125210294
task,1201,striatum,84,measured,182.0,182,ACC,total,Naive,10,50,0.06834167291178972,-0.09643291063164183,0.04297608094956466,-8.587466580451853,-8.611530848231467,1.0,1.0,29.86000482061501
task,1201,striatum,84,measured,182.0,182,ACC,total,Intermediate,10,50,-0.028657754426534704,-0.10214187777065431,-0.032789678121314544,-8.57482932227196,-8.586268042056798,1.0,1.0,43.444633440396615
task,1201,striatum,84,measured,182.0,182,ACC,total,Expert,10,50,0.15933954121669724,0.1356666407091178,0.14859860355139282,-8.527403866400252,-8.551655250377818,1.0,1.0,41.6593125210294
task,1201,visual,84,measured,182.0,182,V1,theta,Naive,10,102,0.12683344205753988,-0.13776081640268184,0.13417907137124654,-8.28773967361888,-8.34553360813948,0.5275284661096471,0.5454578206002466,29.86000482061501
task,1201,visual,84,measured,182.0,182,V1,theta,Intermediate,10,102,-0.20453148383315078,0.11411343874960526,-0.20274245702621593,-8.355118319738239,-8.282404840088107,0.5197952709777661,0.5815850612519158,43.444633440396615
task,1201,visual,84,measured,182.0,182,V1,theta,Expert,10,102,-0.17452484782581523,0.3090762861955105,-0.17034859812941203,-8.335634167036881,-8.234829902752711,0.5090123632125474,0.6186226935657324,41.6593125210294
task,1201,visual,84,measured,182.0,182,V1,beta,Naive,10,102,0.2133325577092922,-0.023132761927840414,0.11018247061217112,-9.12359260377161,-9.160577986855667,0.08100483159153024,0.08547142959103074,29.86000482061501
task,1201,visual,84,measured,182.0,182,V1,beta,Intermediate,10,102,0.11206323376256452,-0.04494163023411102,0.1020556420062774,-9.129719209255517,-9.172717467491463,0.08809927014838108,0.07980512413574087,43.444633440396615
task,1201,visual,84,measured,182.0,182,V1,beta,Expert,10,102,0.12101994790149644,-0.11793213384998852,0.09479565531504122,-9.12192314102382,-9.20855102381099,0.08829283497493945,0.07130425490300968,41.6593125210294
task,1201,visual,84,measured,182.0,182,V1,low_gamma,Naive,10,102,0.23694007493928915,-0.1770688388183339,0.2029625656863699,-8.78256204183593,-8.853163592524334,0.1794088933626613,0.17393782296926696,29.86000482061501
task,1201,visual,84,measured,182.0,182,V1,low_gamma,Intermediate,10,102,0.11959548199330255,-0.020885452956294216,0.1154071656072442,-8.782921771943755,-8.809186621453794,0.19638259119934653,0.18086255985855582,43.444633440396615
task,1201,visual,84,measured,182.0,182,V1,low_gamma,Expert,10,102,0.03617413108427467,-0.05228999262838678,0.024375979268731272,-8.804105986043206,-8.814439784754093,0.1875693256995074,0.17145769796808208,41.6593125210294
task,1201,visual,84,measured,182.0,182,V1,high_gamma,Naive,10,102,0.07288041096541786,-0.14853428323570111,0.043132811686846684,-9.568846502101827,-9.60046497249695,0.02933715477854358,0.03099769331913649,29.86000482061501
task,1201,visual,84,measured,182.0,182,V1,high_gamma,Intermediate,10,102,-0.007578801952442731,0.09687279677391508,-0.010576872286169783,-9.567327871432582,-9.538278441984588,0.03297000330794805,0.033906612763770896,43.444633440396615
task,1201,visual,84,measured,182.0,182,V1,high_gamma,Expert,10,102,0.023338691013077544,0.10064951985325878,0.013863395057939031,-9.558753620914157,-9.543054778655783,0.032698549954500555,0.031924688310735236,41.6593125210294
task,1201,visual,84,measured,182.0,182,V1,total,Naive,10,102,0.13725286002232628,-0.12068983199861974,0.04903082140221997,-7.991267452480454,-8.023283742716924,1.0,1.0,29.86000482061501
task,1201,visual,84,measured,182.0,182,V1,total,Intermediate,10,102,-0.12682813690536482,-0.04566757388027165,-0.13550972699200683,-8.026933608865825,-8.015923363353748,1.0,1.0,43.444633440396615
task,1201,visual,84,measured,182.0,182,V1,total,Expert,10,102,-0.08232111581925713,0.07100579292386577,-0.10410356774639637,-8.006513882356161,-7.994091423140878,1.0,1.0,41.6593125210294
task,1201,visual,84,measured,182.0,182,CA1,theta,Naive,10,59,0.26046287588032047,0.10758996864094315,0.23204540561307907,-8.103028581401981,-8.14457670944518,0.4688022721797393,0.4645466638232051,29.86000482061501
task,1201,visual,84,measured,182.0,182,CA1,theta,Intermediate,10,59,-0.19216524263292506,0.010916740115367933,-0.19138719446668187,-8.185693730058418,-8.112625069938963,0.4026705680744623,0.46538518319572447,43.444633440396615
task,1201,visual,84,measured,182.0,182,CA1,theta,Expert,10,59,-0.1319110672941922,0.1035653114279107,-0.13042656345778295,-8.18159691351386,-8.065252733869533,0.4232264915521973,0.495475944786722,41.6593125210294
task,1201,visual,84,measured,182.0,182,CA1,beta,Naive,10,59,0.11226765445098914,0.044797373020629375,0.043945563325091794,-8.782386645485643,-8.75349093087599,0.09923747811454064,0.11625191625877014,29.86000482061501
task,1201,visual,84,measured,182.0,182,CA1,beta,Intermediate,10,59,0.05395227839315974,-0.017765394904718484,0.04777850413404695,-8.779424166087248,-8.78164816529821,0.10997834926208035,0.10185846777982138,43.444633440396615
task,1201,visual,84,measured,182.0,182,CA1,beta,Expert,10,59,0.052384211130102824,-0.028271743443854927,0.030529207262435867,-8.772953976961405,-8.78543574853773,0.11056667271023628,0.09873355297421829,41.6593125210294
task,1201,visual,84,measured,182.0,182,CA1,low_gamma,Naive,10,59,0.025939273406184717,-0.15406898599047544,-0.007878743268957987,-8.416273274361739,-8.437643344637056,0.2312707658833029,0.2360407025612613,29.86000482061501
task,1201,visual,84,measured,182.0,182,CA1,low_gamma,Intermediate,10,59,0.1179131595624691,0.07653512773626572,0.11410268967120529,-8.37730452004399,-8.381129444393322,0.2624557067728832,0.24387198071317012,43.444633440396615
task,1201,visual,84,measured,182.0,182,CA1,low_gamma,Expert,10,59,0.07681798838258366,0.022855309218063093,0.06981065578657973,-8.391976800243132,-8.39091851719006,0.25146763990672294,0.23519541826009327,41.6593125210294
task,1201,visual,84,measured,182.0,182,CA1,high_gamma,Naive,10,59,-0.18464932990791558,-0.1800359577467393,-0.2206121070695098,-9.14492441061866,-9.115414536608677,0.03764378130610821,0.042634672848250114,29.86000482061501
task,1201,visual,84,measured,182.0,182,CA1,high_gamma,Intermediate,10,59,0.017198412805597214,0.20105673106134825,0.012983202770584469,-9.086781528548428,-9.030826338134004,0.046880090059501056,0.049917765356463015,43.444633440396615
task,1201,visual,84,measured,182.0,182,CA1,high_gamma,Expert,10,59,0.09845338038601145,0.19176910184814155,0.08966382087636009,-9.068396459886602,-9.03097637563492,0.04919180039110547,0.04527803462268318,41.6593125210294
task,1201,visual,84,measured,182.0,182,CA1,total,Naive,10,59,0.16551156383917215,0.009747476498190091,0.09816641461634992,-7.754882129530701,-7.761311821182022,1.0,1.0,29.86000482061501
task,1201,visual,84,measured,182.0,182,CA1,total,Intermediate,10,59,-0.09223747141292976,-0.02437559393989465,-0.10049173718758096,-7.80174283312491,-7.771875725088124,1.0,1.0,43.444633440396615
task,1201,visual,84,measured,182.0,182,CA1,total,Expert,10,59,-0.10034847027877682,-0.011914706137130172,-0.11968327593164342,-7.793754093063972,-7.753070049825412,1.0,1.0,41.6593125210294
task,1201,visual,84,measured,182.0,182,DG,theta,Naive,10,42,0.03059430624457412,-0.13283398269156077,0.026619466560874633,-7.2016515480766214,-7.254283513641282,0.6721048804240217,0.6498676931070889,29.86000482061501
task,1201,visual,84,measured,182.0,182,DG,theta,Intermediate,10,42,-0.3224070135709329,0.04543265388083814,-0.32073435043045007,-7.266836266366457,-7.176058914307994,0.6424783574975362,0.7088459148495321,43.444633440396615
task,1201,visual,84,measured,182.0,182,DG,theta,Expert,10,42,-0.26254209553732494,0.17739126303140584,-0.25977162311343743,-7.244761083076822,-7.147537153860911,0.6407288723885537,0.7284836645013164,41.6593125210294
task,1201,visual,84,measured,182.0,182,DG,beta,Naive,10,42,0.12026884147735822,0.045213570909788545,0.031243078419698284,-8.156873781907617,-8.115142493744955,0.06424632569506337,0.07288519113293562,29.86000482061501
task,1201,visual,84,measured,182.0,182,DG,beta,Intermediate,10,42,-0.01648145514743344,-0.15558875957831825,-0.025279212712804935,-8.164340276679724,-8.200881375440648,0.06832947069696434,0.05684143621731666,43.444633440396615
task,1201,visual,84,measured,182.0,182,DG,beta,Expert,10,42,-0.024540900526481356,-0.06551043757000782,-0.0496923504738897,-8.170928482434924,-8.15889047846926,0.06706642709625349,0.058670400784273526,41.6593125210294
task,1201,visual,84,measured,182.0,182,DG,low_gamma,Naive,10,42,0.013629952380268234,-0.05560854615779284,-0.026539319780634237,-7.925753662647352,-7.937726333864767,0.1166648405255139,0.1237990879159234,29.86000482061501
task,1201,visual,84,measured,182.0,182,DG,low_gamma,Intermediate,10,42,0.008342774852857487,0.03644853619455651,0.0037235601503511984,-7.907575953991425,-7.8993500926039335,0.1287713883476811,0.11644001938788573,43.444633440396615
task,1201,visual,84,measured,182.0,182,DG,low_gamma,Expert,10,42,0.017117902186749287,-0.031365676327685055,0.0029197743858781484,-7.9116200815589,-7.911065033457559,0.1228785826613503,0.10684143753543032,41.6593125210294
task,1201,visual,84,measured,182.0,182,DG,high_gamma,Naive,10,42,-0.06382945017903727,-0.09241162008072117,-0.11823517124426083,-8.812893824639954,-8.803218778345602,0.016179446706621713,0.017507087694801447,29.86000482061501
task,1201,visual,84,measured,182.0,182,DG,high_gamma,Intermediate,10,42,-0.08117127243739501,0.07110547705663128,-0.08603930888222276,-8.79827323846126,-8.766064014918285,0.01630841149914959,0.014235663716981843,43.444633440396615
task,1201,visual,84,measured,182.0,182,DG,high_gamma,Expert,10,42,0.03783515908229558,0.1439662066419524,0.016936196151686504,-8.783240064072949,-8.758583483792576,0.015816298721364693,0.014265722639886201,41.6593125210294
task,1201,visual,84,measured,182.0,182,DG,total,Naive,10,42,-0.019146842196795966,-0.0841728572110495,-0.11119913154003078,-6.9652707679600585,-6.9408748179786945,1.0,1.0,29.86000482061501
task,1201,visual,84,measured,182.0,182,DG,total,Intermediate,10,42,-0.27698849796622016,-0.04707408078473112,-0.28211908532927654,-6.979861919205273,-6.953198363166378,1.0,1.0,43.444633440396615
task,1201,visual,84,measured,182.0,182,DG,total,Expert,10,42,-0.23389635858247573,0.011357032796891613,-0.24776249767701616,-6.9584113744188665,-6.946606731755383,1.0,1.0,41.6593125210294
task,1206,striatum,41,cohort_average,100.0,100,DMS,theta,Naive,10,70,0.19256694382487868,0.03997048703059527,0.2050229335226677,-8.797496248302668,-8.806877473538382,0.5665188609774761,0.6032746708433038,24.73412428248867
task,1206,striatum,41,cohort_average,100.0,100,DMS,theta,Intermediate,10,70,-0.01990839348228698,0.02589017622250405,-0.028630037690180042,-8.821649942024688,-8.802733964530848,0.5309812643801719,0.5702158410685468,29.71532424164335
task,1206,striatum,41,cohort_average,100.0,100,DMS,theta,Expert,10,70,-0.18965434586680957,-0.07969739204548383,-0.20133156386701292,-8.860899329752204,-8.8280537523014,0.509504507288126,0.561786164086554,30.34460899177932
task,1206,striatum,41,cohort_average,100.0,100,DMS,beta,Naive,10,70,-0.10372598342867796,-0.3356858795310864,-0.11637767579632746,-9.71589579522966,-9.732092159385349,0.0713191143437798,0.07351505942485004,24.73412428248867
task,1206,striatum,41,cohort_average,100.0,100,DMS,beta,Intermediate,10,70,0.08093202718737899,-0.05283869091876397,0.08948226594251649,-9.624192829396435,-9.65394105567136,0.08461144296286825,0.08126277581888089,29.71532424164335
task,1206,striatum,41,cohort_average,100.0,100,DMS,beta,Expert,10,70,0.07484969677835174,-0.1030098274059514,0.08796690830079162,-9.641704719134973,-9.672878781229628,0.08547511519364473,0.08323965503314648,30.34460899177932
task,1206,striatum,41,cohort_average,100.0,100,DMS,low_gamma,Naive,10,70,-0.24727967580453925,-0.3091503040785114,-0.2426782564827758,-9.351700890051205,-9.345404279798199,0.16473923432428783,0.18251670169655906,24.73412428248867
task,1206,striatum,41,cohort_average,100.0,100,DMS,low_gamma,Intermediate,10,70,0.006557843507808454,-0.08719160691777975,0.004100170788908262,-9.301422243922307,-9.301993541292221,0.1843581662732644,0.1896314278618909,29.71532424164335
task,1206,striatum,41,cohort_average,100.0,100,DMS,low_gamma,Expert,10,70,0.025421212827846887,-0.12061755283230108,0.021771413685042568,-9.296153084270095,-9.304529811388445,0.19088502266610652,0.1936921282085372,30.34460899177932
task,1206,striatum,41,cohort_average,100.0,100,DMS,high_gamma,Naive,10,70,-0.02291995742921167,-0.10601170639212287,-0.023512069503384744,-10.149279273000449,-10.14505273599767,0.026006337458178923,0.02927609808391346,24.73412428248867
task,1206,striatum,41,cohort_average,100.0,100,DMS,high_gamma,Intermediate,10,70,0.06202021748688381,0.015178668897741832,0.062055385583488144,-10.129996844539303,-10.122073781310661,0.02771371812190654,0.029355521345384612,29.71532424164335
task,1206,striatum,41,cohort_average,100.0,100,DMS,high_gamma,Expert,10,70,0.08123396348815698,-0.11252931538166894,0.08254945094350924,-10.12428229497888,-10.14499428411769,0.029007876814003214,0.029030362627179944,30.34460899177932
task,1206,striatum,41,cohort_average,100.0,100,DMS,total,Naive,10,70,0.014701432565350503,-0.1437686905447751,0.008736728504864014,-8.547011632993913,-8.555109311074958,1.0,1.0,24.73412428248867
task,1206,striatum,41,cohort_average,100.0,100,DMS,total,Intermediate,10,70,-0.007077745795752884,-0.033279662763528534,-0.002928051360002883,-8.544136156336,-8.532085655611493,1.0,1.0,29.71532424164335
task,1206,striatum,41,cohort_average,100.0,100,DMS,total,Expert,10,70,-0.10411199049190319,-0.14956351482284713,-0.09716019582284999,-8.559144275307846,-8.55503383893462,1.0,1.0,30.34460899177932
task,1206,visual,41,cohort_average,100.0,100,V1,theta,Naive,10,93,0.20197202120380847,0.028691884505867585,0.1854946899462528,-8.497515320763185,-8.52296284483009,0.47117939763780975,0.5204274345765743,24.73412428248867
task,1206,visual,41,cohort_average,100.0,100,V1,theta,Intermediate,10,93,0.016025129634036885,-0.07912507264149009,0.0270509123029041,-8.534544369237269,-8.518913638387215,0.4318219553860542,0.4829721010219472,29.71532424164335
task,1206,visual,41,cohort_average,100.0,100,V1,theta,Expert,10,93,-0.08444216827372178,-0.07368284415649701,-0.07132354482945817,-8.554727949049225,-8.51589824513124,0.4333167418835337,0.4730752668343156,30.34460899177932
task,1206,visual,41,cohort_average,100.0,100,V1,beta,Naive,10,93,-0.10498080464499496,-0.3858728562690172,-0.11786364631125298,-9.181746432502571,-9.251235020310881,0.1020551241941745,0.1095307200667543,24.73412428248867
task,1206,visual,41,cohort_average,100.0,100,V1,beta,Intermediate,10,93,0.09590443038326557,-0.07696783525682459,0.10311696671604594,-9.08014565395483,-9.144327099736861,0.1215847513241853,0.13109220055527898,29.71532424164335
task,1206,visual,41,cohort_average,100.0,100,V1,beta,Expert,10,93,0.07950143983502507,-0.14736585963730742,0.09023143546402503,-9.08098742518672,-9.153370903864568,0.12434062689039002,0.13324448324593707,30.34460899177932
task,1206,visual,41,cohort_average,100.0,100,V1,low_gamma,Naive,10,93,0.1229842223622212,-0.42401633708882736,0.13134065750653282,-8.908630053834937,-9.018843971466737,0.1970313124624354,0.18876923418451763,24.73412428248867
task,1206,visual,41,cohort_average,100.0,100,V1,low_gamma,Intermediate,10,93,0.2711032847559927,-0.4137198995417171,0.26591994540735636,-8.861898432252353,-8.999952981600071,0.21882860453916794,0.1866790697911857,29.71532424164335
task,1206,visual,41,cohort_average,100.0,100,V1,low_gamma,Expert,10,93,0.2441932387789846,-0.32238075955306744,0.2346975286152733,-8.864840301571428,-8.990888778192588,0.2246959040381975,0.19242034510342668,30.34460899177932
task,1206,visual,41,cohort_average,100.0,100,V1,high_gamma,Naive,10,93,0.023429360382675783,-0.31767870196686704,0.031138686137603,-9.72263158270757,-9.764345433123871,0.02986690254845704,0.03328773300051017,24.73412428248867
task,1206,visual,41,cohort_average,100.0,100,V1,high_gamma,Intermediate,10,93,0.08157927714031182,-0.2785305553940036,0.0778002223161325,-9.709743928935993,-9.76144727549691,0.03211131202657139,0.032253925245730106,29.71532424164335
task,1206,visual,41,cohort_average,100.0,100,V1,high_gamma,Expert,10,93,0.02665614293775836,-0.33291181816960824,0.01855834385255944,-9.719637651586982,-9.77982473598264,0.03306007985506734,0.03184218120619182,30.34460899177932
task,1206,visual,41,cohort_average,100.0,100,V1,total,Naive,10,93,0.11705468373996626,-0.21947528043762748,0.09646290962410399,-8.139926209973726,-8.196741624134981,1.0,1.0,24.73412428248867
task,1206,visual,41,cohort_average,100.0,100,V1,total,Intermediate,10,93,0.0887801823192955,-0.16688887425475232,0.10508744479733984,-8.14048682377677,-8.161439723155294,1.0,1.0,29.71532424164335
task,1206,visual,41,cohort_average,100.0,100,V1,total,Expert,10,93,0.004168089704454321,-0.20309320866322073,0.02424309067073959,-8.152012874576432,-8.167252461339015,1.0,1.0,30.34460899177932
task,1206,visual,41,cohort_average,100.0,100,CA1,theta,Naive,10,60,0.2831827199290222,0.059078766355865044,0.2769497441875779,-8.365662518785594,-8.403046492547412,0.40590725741785844,0.4211691676387991,24.73412428248867
task,1206,visual,41,cohort_average,100.0,100,CA1,theta,Intermediate,10,60,0.03679862054769686,-0.10324461787504496,0.040813152805049865,-8.452489010743736,-8.482278850773849,0.33428209540837006,0.37090086052239635,29.71532424164335
task,1206,visual,41,cohort_average,100.0,100,CA1,theta,Expert,10,60,-0.013926771311643948,-0.20894040065480557,-0.005643552417466264,-8.46221379928121,-8.500395407369567,0.3289365537282449,0.34897745851043255,30.34460899177932
task,1206,visual,41,cohort_average,100.0,100,CA1,beta,Naive,10,60,0.02966951761188416,-0.3464301045027587,0.01700145065055549,-8.870466270094104,-8.937988422102432,0.11882671504091451,0.1148331517292765,24.73412428248867
task,1206,visual,41,cohort_average,100.0,100,CA1,beta,Intermediate,10,60,0.12397336863217515,-0.13454539449617064,0.1338150678895811,-8.807337288847297,-8.845262977122463,0.1277576702914516,0.13419182733741902,29.71532424164335
task,1206,visual,41,cohort_average,100.0,100,CA1,beta,Expert,10,60,0.05816421916042161,-0.10608673318582737,0.07290570934927679,-8.84687541339757,-8.856974566594186,0.1258729486726528,0.13945664796028992,30.34460899177932
task,1206,visual,41,cohort_average,100.0,100,CA1,low_gamma,Naive,10,60,-0.19977573036997454,-0.4530952980895071,-0.19981891052787926,-8.609216182709378,-8.647732140832904,0.2354201405195091,0.244819005242083,24.73412428248867
task,1206,visual,41,cohort_average,100.0,100,CA1,low_gamma,Intermediate,10,60,0.15056121136158912,-0.2509256117811818,0.15128856285376907,-8.526538906669884,-8.593462321832561,0.26611259631956596,0.2670983967511116,29.71532424164335
task,1206,visual,41,cohort_average,100.0,100,CA1,low_gamma,Expert,10,60,0.08360146976051884,-0.16016073450068075,0.08489523621752418,-8.542958728730719,-8.576216606568336,0.2715088086759837,0.28312954948059793,30.34460899177932
task,1206,visual,41,cohort_average,100.0,100,CA1,high_gamma,Naive,10,60,-0.3352144198967669,-0.46954159890991853,-0.33961240036124557,-9.213389211313068,-9.217351873734978,0.05178093331513982,0.0613110406332338,24.73412428248867
task,1206,visual,41,cohort_average,100.0,100,CA1,high_gamma,Intermediate,10,60,0.05319395546980635,-0.226120170738776,0.0545702635799651,-9.120842396438082,-9.166951893346088,0.05627943331270091,0.062764781570271,29.71532424164335
task,1206,visual,41,cohort_average,100.0,100,CA1,high_gamma,Expert,10,60,0.07296873451967542,-0.3156338452728361,0.07214902879763907,-9.115313466897977,-9.181989649462084,0.06182984107679439,0.06046986465217656,30.34460899177932
task,1206,visual,41,cohort_average,100.0,100,CA1,total,Naive,10,60,0.10207646135792911,-0.16227118861088607,0.07357052903832367,-7.96427048370983,-8.001339915801207,1.0,1.0,24.73412428248867
task,1206,visual,41,cohort_average,100.0,100,CA1,total,Intermediate,10,60,0.0933657843677271,-0.193974765811067,0.10816370657027768,-7.9637048422701895,-8.007055543374042,1.0,1.0,29.71532424164335
task,1206,visual,41,cohort_average,100.0,100,CA1,total,Expert,10,60,0.012898122737713718,-0.22531814221169993,0.034555232898965026,-7.978068787671784,-8.015454017746972,1.0,1.0,30.34460899177932
task,1206,visual,41,cohort_average,100.0,100,DG,theta,Naive,10,78,0.25394803271245375,0.05048105295480955,0.24241604728922334,-7.901385401065452,-7.901022736254729,0.4318932423298323,0.46480695258857185,24.73412428248867
task,1206,visual,41,cohort_average,100.0,100,DG,theta,Intermediate,10,78,-0.09164056930049821,-0.0892476741205257,-0.0723421165070917,-8.06674838381251,-8.021499186731784,0.36060649939310213,0.3910290570056446,29.71532424164335
task,1206,visual,41,cohort_average,100.0,100,DG,theta,Expert,10,78,-0.1368416287597467,-0.11161129499371654,-0.11862319153247486,-8.097908120521929,-8.020547831722899,0.35154770697217563,0.3769392290325859,30.34460899177932
task,1206,visual,41,cohort_average,100.0,100,DG,beta,Naive,10,78,0.047888723068909234,-0.2280846659641621,0.031272684283633854,-8.267274628176033,-8.286479741303815,0.10444139297712418,0.10749120623901207,24.73412428248867
task,1206,visual,41,cohort_average,100.0,100,DG,beta,Intermediate,10,78,0.1179317883577735,-0.08624019525764076,0.12933289056003366,-8.231596915016716,-8.259680589222736,0.12243780405754556,0.1231858185140492,29.71532424164335
task,1206,visual,41,cohort_average,100.0,100,DG,beta,Expert,10,78,0.01994063958966441,-0.11811911596797978,0.036382630331594945,-8.25082085575135,-8.265768986510302,0.12027000057670809,0.11788662868161062,30.34460899177932
task,1206,visual,41,cohort_average,100.0,100,DG,low_gamma,Naive,10,78,-0.10219644530506142,-0.25485729897945286,-0.11074323929155579,-8.00549730236457,-8.029761791745713,0.2115606482627464,0.227373451204008,24.73412428248867
task,1206,visual,41,cohort_average,100.0,100,DG,low_gamma,Intermediate,10,78,-0.011563516284229504,-0.19631096542743043,-0.00472755814705742,-7.972791860327613,-7.991894784559228,0.25394344085453235,0.24857476807524437,29.71532424164335
task,1206,visual,41,cohort_average,100.0,100,DG,low_gamma,Expert,10,78,-0.03154590116398054,-0.12447912536992016,-0.025746198560636306,-7.98214818106056,-7.985875113557896,0.2575188368913033,0.26900320743712974,30.34460899177932
task,1206,visual,41,cohort_average,100.0,100,DG,high_gamma,Naive,10,78,-0.023413390452925415,0.1430233629144385,-0.03531376438112073,-8.983364795568274,-8.987089421989218,0.031440572367565686,0.0396289754907385,24.73412428248867
task,1206,visual,41,cohort_average,100.0,100,DG,high_gamma,Intermediate,10,78,-0.1374947340680549,-0.13187982254128966,-0.12331914304841446,-8.969692985481643,-8.98683604055709,0.03352911421509866,0.03737142053412543,29.71532424164335
task,1206,visual,41,cohort_average,100.0,100,DG,high_gamma,Expert,10,78,-0.0607209139623987,-0.17394538472100068,-0.03665742227429155,-8.97305675061928,-8.993161057368766,0.03413019669159807,0.034818373596025534,30.34460899177932
task,1206,visual,41,cohort_average,100.0,100,DG,total,Naive,10,78,0.14797569039900904,-0.012104924644643793,0.11993906317500057,-7.239495125181778,-7.228249209651052,1.0,1.0,24.73412428248867
task,1206,visual,41,cohort_average,100.0,100,DG,total,Intermediate,10,78,-0.1021504634660886,-0.1395248852225448,-0.08140351902906728,-7.288336211406748,-7.268223238261912,1.0,1.0,29.71532424164335
task,1206,visual,41,cohort_average,100.0,100,DG,total,Expert,10,78,-0.1288578452858697,-0.1363949661611235,-0.09265129231620023,-7.302039455960584,-7.2725075764381355,1.0,1.0,30.34460899177932
task,1212,striatum,23,measured,nan,155,DMS,theta,Naive,10,62,0.19255985610844834,0.04676329874072799,0.21091569909824312,-8.460039610000596,-8.465227489017638,0.5123268410588191,0.561022535675097,18.116928609946513
task,1212,striatum,23,measured,nan,155,DMS,theta,Intermediate,10,62,-0.0671083679745963,-0.2430140485161311,-0.01254319459127256,-8.526682353845663,-8.550137716436154,0.4971981736115936,0.5556324555919268,16.924681985799428
task,1212,striatum,23,measured,nan,155,DMS,theta,Expert,10,62,0.04690473905011404,-0.43467842900795084,0.06741884778283697,-8.493694572217308,-8.570443586820025,0.5379614268952682,0.5245961597334459,21.07300402156834
task,1212,striatum,23,measured,nan,155,DMS,beta,Naive,10,62,0.5754937060123395,-0.09417709961724524,0.5717277400312927,-9.243698268393205,-9.389512992163159,0.09164524189865497,0.07148818595133957,18.116928609946513
task,1212,striatum,23,measured,nan,155,DMS,beta,Intermediate,10,62,0.7771040619207596,-0.037868958153681256,0.7648436681990318,-9.170409228742534,-9.391880676892661,0.11684327923298879,0.08577400392210138,16.924681985799428
task,1212,striatum,23,measured,nan,155,DMS,beta,Expert,10,62,0.6872301088750701,-0.0016812202887561303,0.6824682761445844,-9.194792949117325,-9.380420672844197,0.10973749810326461,0.08709033276816983,21.07300402156834
task,1212,striatum,23,measured,nan,155,DMS,low_gamma,Naive,10,62,-0.094454596158937,0.018434776249781366,-0.09196331297113619,-9.22617608087179,-9.16471885016405,0.0947780156669015,0.12136042786765878,18.116928609946513
task,1212,striatum,23,measured,nan,155,DMS,low_gamma,Intermediate,10,62,0.1275830225744532,0.1505603219144076,0.1290651304077533,-9.177728573344947,-9.156189801591486,0.11895279272940662,0.14607027682306334,16.924681985799428
task,1212,striatum,23,measured,nan,155,DMS,low_gamma,Expert,10,62,0.1291689203284436,0.15242813633588512,0.1287893799428756,-9.178284775214857,-9.152497967917522,0.11733823260949205,0.14721238701461353,21.07300402156834
task,1212,striatum,23,measured,nan,155,DMS,high_gamma,Naive,10,62,0.16577479702864384,0.2251173736569114,0.1571539894591668,-9.50382590462592,-9.462631339140643,0.04741095122550289,0.05981827029263725,18.116928609946513
task,1212,striatum,23,measured,nan,155,DMS,high_gamma,Intermediate,10,62,0.6248401326179023,0.5976479330218034,0.597195287625401,-9.417863409795228,-9.420050794709425,0.06586746662198695,0.07868860043759009,16.924681985799428
task,1212,striatum,23,measured,nan,155,DMS,high_gamma,Expert,10,62,0.5859214231507964,0.730405090643051,0.5751889540828528,-9.429872205801825,-9.395743306579753,0.06257591921356703,0.08281273929651073,21.07300402156834
task,1212,striatum,23,measured,nan,155,DMS,total,Naive,10,62,0.4613716275301498,0.28521602192602635,0.469860552867697,-8.16746865695012,-8.159987442202564,1.0,1.0,18.116928609946513
task,1212,striatum,23,measured,nan,155,DMS,total,Intermediate,10,62,0.10611188469965116,-0.21736719189202183,0.13181188512803593,-8.236586173171956,-8.264550636442928,1.0,1.0,16.924681985799428
task,1212,striatum,23,measured,nan,155,DMS,total,Expert,10,62,0.13862785634593358,-0.21024996990573658,0.1477359653128288,-8.233259053170702,-8.275723695753424,1.0,1.0,21.07300402156834
task,1212,striatum,23,measured,nan,155,DLS,theta,Naive,10,30,0.22536610662859635,0.0950895246990903,0.23936506174891914,-8.535056421384308,-8.543699435900272,0.50499012410115,0.5575653034556574,18.116928609946513
task,1212,striatum,23,measured,nan,155,DLS,theta,Intermediate,10,30,-0.00356723913532929,-0.1535426077507543,0.036433195613368344,-8.592295791173747,-8.612143642858339,0.4964995485187792,0.5402191742030282,16.924681985799428
task,1212,striatum,23,measured,nan,155,DLS,theta,Expert,10,30,0.09281276869313534,-0.29353680415020134,0.10312357904803535,-8.566910514373113,-8.630458917008571,0.5206721660806847,0.5215151601267758,21.07300402156834
task,1212,striatum,23,measured,nan,155,DLS,beta,Naive,10,30,0.4753409974000471,-0.06623724206022902,0.4691293192540188,-9.299340208398366,-9.405842670970037,0.09130152558171942,0.07961554413777053,18.116928609946513
task,1212,striatum,23,measured,nan,155,DLS,beta,Intermediate,10,30,0.6571670660364768,-0.04026690220144105,0.6403928991391307,-9.251830029853394,-9.41292010932016,0.11408858798194485,0.08916085707344004,16.924681985799428
task,1212,striatum,23,measured,nan,155,DLS,beta,Expert,10,30,0.5471634983959157,-0.034794981507967324,0.5409150008820726,-9.279195372506955,-9.414447196900417,0.10600508054662029,0.08964392202245894,21.07300402156834
task,1212,striatum,23,measured,nan,155,DLS,low_gamma,Naive,10,30,-0.09184503189152515,-0.03157214583276359,-0.08744582869457956,-9.211012772762663,-9.170083373399386,0.11286802931390733,0.1371459542594088,18.116928609946513
task,1212,striatum,23,measured,nan,155,DLS,low_gamma,Intermediate,10,30,0.09906076887764474,0.04963718833637548,0.10408509638608404,-9.176872012509524,-9.159280533310055,0.13472127380408783,0.15988007550597227,16.924681985799428
task,1212,striatum,23,measured,nan,155,DLS,low_gamma,Expert,10,30,0.10712207842911639,0.09618101333066448,0.1095773572600317,-9.176485317166623,-9.161396659458843,0.13575509320384688,0.16377206866065144,21.07300402156834
task,1212,striatum,23,measured,nan,155,DLS,high_gamma,Naive,10,30,0.1421081251142386,0.18392167221060135,0.1342459150705216,-9.541528378047115,-9.488783630736977,0.0498566532360961,0.06325227536938789,18.116928609946513
task,1212,striatum,23,measured,nan,155,DLS,high_gamma,Intermediate,10,30,0.5991543179654664,0.5140062008449344,0.5749612895083105,-9.462249148826029,-9.46221187197937,0.06745232107761837,0.07948759948838116,16.924681985799428
task,1212,striatum,23,measured,nan,155,DLS,high_gamma,Expert,10,30,0.5554815092021238,0.6353487111938774,0.5474689721615111,-9.480746551247499,-9.447418463878908,0.06506115669917965,0.08215876653090129,21.07300402156834
task,1212,striatum,23,measured,nan,155,DLS,total,Naive,10,30,0.38433156335179064,0.21026828251067536,0.3867360990733859,-8.235322947619718,-8.228717040184979,1.0,1.0,18.116928609946513
task,1212,striatum,23,measured,nan,155,DLS,total,Intermediate,10,30,0.06782273300717952,-0.21261452290326702,0.07556246723033189,-8.299747489023034,-8.324915096186896,1.0,1.0,16.924681985799428
task,1212,striatum,23,measured,nan,155,DLS,total,Expert,10,30,0.08230275593426298,-0.17718155451356715,0.08470755848021415,-8.295302137977327,-8.320733704471092,1.0,1.0,21.07300402156834
task,1212,striatum,23,measured,nan,155,ACC,theta,Naive,10,42,0.21023026613333004,0.015612236997267995,0.21753578690883696,-8.695586096599246,-8.734202104781232,0.3521523978030078,0.3754392951736085,18.116928609946513
task,1212,striatum,23,measured,nan,155,ACC,theta,Intermediate,10,42,0.10694770564320312,-0.15670246317663847,0.1312770046815271,-8.71361260454549,-8.768365305500257,0.34715500788546255,0.37071764375842253,16.924681985799428
task,1212,striatum,23,measured,nan,155,ACC,theta,Expert,10,42,0.10128869912660186,-0.362003594837259,0.11058641259969058,-8.720524278284145,-8.807083102110688,0.3551601072572471,0.3449550422150517,21.07300402156834
task,1212,striatum,23,measured,nan,155,ACC,beta,Naive,10,42,0.3540291434352847,-0.22973439624069025,0.3488751950194215,-9.255281409366095,-9.37213802220791,0.11867985548940709,0.1100339636023798,18.116928609946513
task,1212,striatum,23,measured,nan,155,ACC,beta,Intermediate,10,42,0.5133631191968713,-0.12340904126676178,0.4970880238314596,-9.189622205382939,-9.34561948320875,0.13390734540271898,0.11719699779261583,16.924681985799428
task,1212,striatum,23,measured,nan,155,ACC,beta,Expert,10,42,0.47950130779769135,-0.0625453421302963,0.4715237153605515,-9.214219691215078,-9.332908555890382,0.13147110930515876,0.12095938682227228,21.07300402156834
task,1212,striatum,23,measured,nan,155,ACC,low_gamma,Naive,10,42,-0.1361522180744697,-0.10611094140058647,-0.13469309699185364,-9.153823215608469,-9.12608400867315,0.16244505116104418,0.19238938825332086,18.116928609946513
task,1212,striatum,23,measured,nan,155,ACC,low_gamma,Intermediate,10,42,0.053230147528609405,0.027317531496135777,0.05933239197461158,-9.108545122664113,-9.084115709639804,0.1733675507715568,0.21643484421609827,16.924681985799428
task,1212,striatum,23,measured,nan,155,ACC,low_gamma,Expert,10,42,0.11370527590877205,0.0654065615153237,0.11713676704428143,-9.09799710773467,-9.087374245196253,0.18055352741648234,0.20870784372446188,21.07300402156834
task,1212,striatum,23,measured,nan,155,ACC,high_gamma,Naive,10,42,0.07676918896002406,0.021514436138830174,0.07218104182594369,-9.452124763498865,-9.437046647071876,0.07578070966120429,0.08899608779524701,18.116928609946513
task,1212,striatum,23,measured,nan,155,ACC,high_gamma,Intermediate,10,42,0.4429366586868463,0.3090082894186179,0.42931357670577086,-9.388828051043465,-9.406887553058038,0.08211185887315159,0.09401475511194277,16.924681985799428
task,1212,striatum,23,measured,nan,155,ACC,high_gamma,Expert,10,42,0.4872164153841606,0.504265909172153,0.4817776142232362,-9.37935533472222,-9.367741317730044,0.08407387695869536,0.09928596710320961,21.07300402156834
task,1212,striatum,23,measured,nan,155,ACC,total,Naive,10,42,0.2837676650357306,0.014024929002935066,0.276843776018384,-8.321074553669511,-8.345850889235454,1.0,1.0,18.116928609946513
task,1212,striatum,23,measured,nan,155,ACC,total,Intermediate,10,42,0.22252065467031856,-0.05321018934117471,0.22543488517415483,-8.314057866620825,-8.336791229085458,1.0,1.0,16.924681985799428
task,1212,striatum,23,measured,nan,155,ACC,total,Expert,10,42,0.15415768562763144,-0.15189272717181562,0.15043624738740374,-8.31045495725219,-8.342765135687827,1.0,1.0,21.07300402156834
task,1212,visual,23,measured,nan,155,V1,theta,Naive,10,125,0.5858115416651019,0.36445852085805347,0.5747690561471671,-8.383842089413717,-8.37681122838819,0.4019074822877711,0.47128231774488943,18.116928609946513
task,1212,visual,23,measured,nan,155,V1,theta,Intermediate,10,125,0.24803638911954312,0.08924301545287426,0.23863981095925482,-8.530697619619133,-8.51799748996004,0.34350768689273126,0.3923462278985766,16.924681985799428
task,1212,visual,23,measured,nan,155,V1,theta,Expert,10,125,0.3152608388463334,-0.0655757058620811,0.3075677381469005,-8.512554940021568,-8.5672425968542,0.37228333650449175,0.35492802452710215,21.07300402156834
task,1212,visual,23,measured,nan,155,V1,beta,Naive,10,125,0.2876740587989458,0.06413075022302833,0.2754473870143287,-8.913333605441185,-8.948025974036181,0.09800141482042156,0.11713013717690902,18.116928609946513
task,1212,visual,23,measured,nan,155,V1,beta,Intermediate,10,125,0.24605286672655236,-0.08454028237012601,0.2096386646999078,-8.921470025172592,-8.972817545020106,0.11407521379036309,0.12056663126218983,16.924681985799428
task,1212,visual,23,measured,nan,155,V1,beta,Expert,10,125,0.14991335171270842,0.10147231181785486,0.1379899755040003,-8.933932079318183,-8.923785062981294,0.10998899928355009,0.1385642920853717,21.07300402156834
task,1212,visual,23,measured,nan,155,V1,low_gamma,Naive,10,125,0.49131396010249345,0.17883579526808563,0.48994620086091567,-8.65743427354669,-8.725939316569237,0.1794819304518084,0.19633875596162376,18.116928609946513
task,1212,visual,23,measured,nan,155,V1,low_gamma,Intermediate,10,125,0.5036351256474938,0.1796200994999956,0.4995610501413157,-8.63573431857831,-8.753615063304553,0.22150059123815077,0.22489324272454417,16.924681985799428
task,1212,visual,23,measured,nan,155,V1,low_gamma,Expert,10,125,0.48197764925182934,0.04509687064489518,0.4820892643449791,-8.639993755163324,-8.782195306403286,0.22317168515741015,0.2127800714526462,21.07300402156834
task,1212,visual,23,measured,nan,155,V1,high_gamma,Naive,10,125,0.5184488952987162,0.052724339861762705,0.521949968778873,-9.485763626268852,-9.532255778546766,0.03179646371724815,0.034356525083528024,18.116928609946513
task,1212,visual,23,measured,nan,155,V1,high_gamma,Intermediate,10,125,0.3687013951463337,0.1328647272433162,0.3812417261882684,-9.484013076869555,-9.514137899904396,0.03503156564911293,0.04034146095619654,16.924681985799428
task,1212,visual,23,measured,nan,155,V1,high_gamma,Expert,10,125,0.2950713544965117,0.03287177464282301,0.29537459166058416,-9.483802276424884,-9.516494910574256,0.034801086112897006,0.041305008525952765,21.07300402156834
task,1212,visual,23,measured,nan,155,V1,total,Naive,10,125,0.661670317558651,0.33624456488343063,0.6475042310477365,-7.941865748039326,-7.972995101335558,1.0,1.0,18.116928609946513
task,1212,visual,23,measured,nan,155,V1,total,Intermediate,10,125,0.32031180644949003,0.04689973703965798,0.28526101063334774,-8.001486577310965,-8.029219957744969,1.0,1.0,16.924681985799428
task,1212,visual,23,measured,nan,155,V1,total,Expert,10,125,0.3262998364365729,0.12183745531541104,0.31522534426820564,-8.002067230675243,-8.033608780371557,1.0,1.0,21.07300402156834
task,1212,visual,23,measured,nan,155,CA1,theta,Naive,10,44,0.13237385388626402,0.15320393709931995,0.14063535485774414,-7.339973522022429,-7.302450427026756,0.3185614669159278,0.37169480191182513,18.116928609946513
task,1212,visual,23,measured,nan,155,CA1,theta,Intermediate,10,44,-0.31429732275461786,-0.31130252066500197,-0.3126158753651397,-7.521060786439639,-7.456806471941021,0.263761234674091,0.3131834450189961,16.924681985799428
task,1212,visual,23,measured,nan,155,CA1,theta,Expert,10,44,-0.31618686793988454,-0.3355047207652081,-0.3081876297130247,-7.532847919514564,-7.4700178988210695,0.25688149745255084,0.2986933417832343,21.07300402156834
task,1212,visual,23,measured,nan,155,CA1,beta,Naive,10,44,-0.11519109630302772,-0.24546085307749413,-0.12395820022686568,-7.8446204316341905,-7.830291980690612,0.11260958219890768,0.11930366922907634,18.116928609946513
task,1212,visual,23,measured,nan,155,CA1,beta,Intermediate,10,44,-0.24004004539678334,-0.31201920174326525,-0.2684918225555523,-7.8959933719374265,-7.844300687537857,0.12113105545529865,0.13381997932519638,16.924681985799428
task,1212,visual,23,measured,nan,155,CA1,beta,Expert,10,44,-0.16151722297096963,-0.2099306215119901,-0.1708940214331443,-7.866311979177712,-7.810928004038376,0.13196546649208332,0.13787979508779635,21.07300402156834
task,1212,visual,23,measured,nan,155,CA1,low_gamma,Naive,10,44,0.1257908945180779,-0.03347596282923257,0.12079608708502841,-7.471513961128807,-7.472028729144483,0.2549024517421445,0.27391442523810927,18.116928609946513
task,1212,visual,23,measured,nan,155,CA1,low_gamma,Intermediate,10,44,0.13865306984504772,-0.07022971996890941,0.12301287825183972,-7.476634742476961,-7.47331266857572,0.3013092536454301,0.30061280378252364,16.924681985799428
task,1212,visual,23,measured,nan,155,CA1,low_gamma,Expert,10,44,0.004663569478649338,0.016606260133952437,-0.0008796968345116607,-7.502472079192431,-7.468438133296249,0.2871151415205333,0.2947487448499153,21.07300402156834
task,1212,visual,23,measured,nan,155,CA1,high_gamma,Naive,10,44,0.20485286282254667,0.04538618782149264,0.19669048674137907,-8.426932786697627,-8.421885157699244,0.02950108914106056,0.03155501094301318,18.116928609946513
task,1212,visual,23,measured,nan,155,CA1,high_gamma,Intermediate,10,44,0.1870237258985853,0.06624056358113856,0.163999327000746,-8.420683192689367,-8.397219506574455,0.033879112830502836,0.03772546350971768,16.924681985799428
task,1212,visual,23,measured,nan,155,CA1,high_gamma,Expert,10,44,-0.07491716209656024,0.06787384897707595,-0.08347473157865296,-8.474396261592855,-8.399129527679651,0.03143102386154825,0.0360581304957157,21.07300402156834
task,1212,visual,23,measured,nan,155,CA1,total,Naive,10,44,0.09234020418934356,0.027491974048971815,0.09075479052225963,-6.857326077282802,-6.8445603007590465,1.0,1.0,18.116928609946513
task,1212,visual,23,measured,nan,155,CA1,total,Intermediate,10,44,-0.2807997328810672,-0.2841043135339866,-0.2931355845530884,-6.9417666487018455,-6.914058310703564,1.0,1.0,16.924681985799428
task,1212,visual,23,measured,nan,155,CA1,total,Expert,10,44,-0.2911267310451748,-0.15288544533778609,-0.29675385506104396,-6.945658225699981,-6.9012181298263915,1.0,1.0,21.07300402156834
task,1212,visual,23,measured,nan,155,DG,theta,Naive,10,20,-0.18664983364873367,-0.4669611684220095,-0.18400606647613063,-7.935976431922999,-8.009951262140572,0.22216871347298772,0.22073385071684637,18.116928609946513
task,1212,visual,23,measured,nan,155,DG,theta,Intermediate,10,20,-0.32129821945699033,-0.5232086988912767,-0.32470629622384983,-8.012459646315811,-8.00695169751586,0.20026341586717408,0.21722540146544028,16.924681985799428
task,1212,visual,23,measured,nan,155,DG,theta,Expert,10,20,-0.38486194508917315,-0.26299276647432346,-0.38009783260666713,-8.052085898391395,-7.920310106876096,0.1962517929988968,0.24901142024766867,21.07300402156834
task,1212,visual,23,measured,nan,155,DG,beta,Naive,10,20,-0.006261165989567716,-0.27273407995643606,-0.016248094923035174,-8.2835963249723,-8.300662000838628,0.11254803721510892,0.12609999219597745,18.116928609946513
task,1212,visual,23,measured,nan,155,DG,beta,Intermediate,10,20,-0.1602192142296619,-0.2683217267140017,-0.19100836672913207,-8.339282952516154,-8.292996765720495,0.10909509277212327,0.12291395488902918,16.924681985799428
task,1212,visual,23,measured,nan,155,DG,beta,Expert,10,20,-0.18066246340103925,-0.1617915182299922,-0.19217516316542932,-8.33478873128755,-8.254153226461101,0.11679825349481987,0.12368546534929636,21.07300402156834
task,1212,visual,23,measured,nan,155,DG,low_gamma,Naive,10,20,0.07389314844186712,0.010856468227206166,0.06688249954633885,-7.9309363639849835,-7.923058342046211,0.24862066945344924,0.29557580859361215,18.116928609946513
task,1212,visual,23,measured,nan,155,DG,low_gamma,Intermediate,10,20,0.21688193991375593,0.04772069108313822,0.19659119081756793,-7.907799315697786,-7.906435758343123,0.28669776633442423,0.2919253708033819,16.924681985799428
task,1212,visual,23,measured,nan,155,DG,low_gamma,Expert,10,20,0.07978368872843253,0.04000722776365215,0.07223924197697837,-7.93926955577993,-7.908237453678185,0.28274622925397824,0.27109116100547015,21.07300402156834
task,1212,visual,23,measured,nan,155,DG,high_gamma,Naive,10,20,0.19331822447712166,0.03352687649589316,0.18749523612405883,-8.76604207579681,-8.768026533727266,0.037322012661001644,0.04475935706634872,18.116928609946513
task,1212,visual,23,measured,nan,155,DG,high_gamma,Intermediate,10,20,0.0704484586665589,-0.028109187646583093,0.052388591989111964,-8.786861471674959,-8.77053868761016,0.037860255578347116,0.041632333270215455,16.924681985799428
task,1212,visual,23,measured,nan,155,DG,high_gamma,Expert,10,20,-0.18169690424528673,0.0015621920459498273,-0.18770177658970139,-8.838600695675453,-8.761259610382755,0.03572204402112392,0.03991333005779912,21.07300402156834
task,1212,visual,23,measured,nan,155,DG,total,Naive,10,20,-0.018241363223871054,-0.28065983403183536,-0.027411199018802485,-7.287150569565705,-7.326837450491455,1.0,1.0,18.116928609946513
task,1212,visual,23,measured,nan,155,DG,total,Intermediate,10,20,-0.19526671994683445,-0.24164713675064237,-0.22378768504272956,-7.330192110986555,-7.302989703362725,1.0,1.0,16.924681985799428
task,1212,visual,23,measured,nan,155,DG,total,Expert,10,20,-0.2845484651460238,-0.09093832183925944,-0.2988147295232984,-7.35273994879646,-7.276916937764429,1.0,1.0,21.07300402156834
task,409,striatum,39,measured,112.0,112,DMS,theta,Naive,10,52,0.3692046523907237,-0.004658102804241604,0.4326448958701327,-8.52521851218577,-8.577500447842754,0.4630575560936879,0.4601525615421415,22.977519243147082
task,409,striatum,39,measured,112.0,112,DMS,theta,Intermediate,10,52,0.02448716710276052,0.06694587175839592,0.05867735337682081,-8.611990105032605,-8.59759963980067,0.41921986700979885,0.4513155383857357,30.47595015599128
task,409,striatum,39,measured,112.0,112,DMS,theta,Expert,10,52,-0.016505893315901115,0.0707618759093146,-0.00016177121415447094,-8.630186181312492,-8.581558000394548,0.424051907808822,0.4522702765095195,37.587037742575866
task,409,striatum,39,measured,112.0,112,DMS,beta,Naive,10,52,0.011241997386364893,-0.21709143485375593,-0.09454549752158892,-9.231993180891747,-9.258018299519716,0.0934631177069965,0.10183027756525802,22.977519243147082
task,409,striatum,39,measured,112.0,112,DMS,beta,Intermediate,10,52,-0.0011780509754097102,-0.09201503950152268,-0.054165096551602177,-9.236632581523896,-9.208993154000755,0.10674248134284625,0.11378193424037182,30.47595015599128
task,409,striatum,39,measured,112.0,112,DMS,beta,Expert,10,52,-0.01910047577362179,-0.08851369903708742,-0.045176456701950224,-9.225640817632886,-9.21845123995654,0.11035675525137204,0.10884875373234004,37.587037742575866
task,409,striatum,39,measured,112.0,112,DMS,low_gamma,Naive,10,52,-0.07897100515223306,-0.4001620257082925,-0.1441442256097588,-8.943272377196951,-8.978144978702545,0.18694105276089795,0.19771064602954921,22.977519243147082
task,409,striatum,39,measured,112.0,112,DMS,low_gamma,Intermediate,10,52,-0.09520207278470844,-0.15491301568608945,-0.12702993369064486,-8.949442532721847,-8.944786824479586,0.21179599238054853,0.21574757111843657,30.47595015599128
task,409,striatum,39,measured,112.0,112,DMS,low_gamma,Expert,10,52,-0.10323783219631913,-0.152298993445273,-0.11915712814603142,-8.954349161623208,-8.948506360550823,0.2148735583635016,0.21385210672646843,37.587037742575866
task,409,striatum,39,measured,112.0,112,DMS,high_gamma,Naive,10,52,-0.4413459171659345,-0.5414452517925401,-0.5087738067490084,-9.492736709902044,-9.500401674966295,0.05317553451719555,0.06335107310203389,22.977519243147082
task,409,striatum,39,measured,112.0,112,DMS,high_gamma,Intermediate,10,52,-0.2056865153948996,-0.2730303238127909,-0.2381916677866615,-9.46816539929879,-9.463101815264732,0.06703737350789557,0.0699285036562256,30.47595015599128
task,409,striatum,39,measured,112.0,112,DMS,high_gamma,Expert,10,52,-0.17806045981926089,-0.2115692315447783,-0.19241346588455888,-9.456131849926365,-9.447795995533344,0.06924486532626417,0.06931983544631445,37.587037742575866
task,409,striatum,39,measured,112.0,112,DMS,total,Naive,10,52,0.1818052931838613,-0.10780500661217476,0.1056667383471301,-8.178810198387946,-8.20838943110898,1.0,1.0,22.977519243147082
task,409,striatum,39,measured,112.0,112,DMS,total,Intermediate,10,52,-0.10169875888267216,-0.11224579448052917,-0.14083422039017898,-8.231168621345951,-8.222940501599632,1.0,1.0,30.47595015599128
task,409,striatum,39,measured,112.0,112,DMS,total,Expert,10,52,-0.12075910109290236,-0.07708639519153831,-0.13862750933535903,-8.231570687773168,-8.213696120852095,1.0,1.0,37.587037742575866
task,409,striatum,39,measured,112.0,112,DLS,theta,Naive,10,44,0.34754058665055765,-0.12447457912691987,0.41529008216604607,-8.388233032590513,-8.463322182519288,0.49943738079918043,0.48363442128288275,22.977519243147082
task,409,striatum,39,measured,112.0,112,DLS,theta,Intermediate,10,44,-0.07573597024964093,0.003762090899848824,-0.04360391818915199,-8.499560696579948,-8.462633379521709,0.44707159006567054,0.49527450464454936,30.47595015599128
task,409,striatum,39,measured,112.0,112,DLS,theta,Expert,10,44,-0.15536744171528524,-0.02719419001593594,-0.14030476155951394,-8.507941161875763,-8.456761522106724,0.45188565460765795,0.4967972999447806,37.587037742575866
task,409,striatum,39,measured,112.0,112,DLS,beta,Naive,10,44,0.14241424295426125,-0.09131896377806942,0.01989247592136996,-9.148051704320507,-9.170923910461436,0.09102580930380454,0.09999196734732158,22.977519243147082
task,409,striatum,39,measured,112.0,112,DLS,beta,Intermediate,10,44,0.03643000005717403,-0.0771367617516124,-0.02506773656138407,-9.171236392363404,-9.183105180673142,0.09946688753414595,0.10165842161925598,30.47595015599128
task,409,striatum,39,measured,112.0,112,DLS,beta,Expert,10,44,0.003902588837349792,-0.05460958772534166,-0.026366241082699977,-9.172563138272604,-9.181332100549408,0.104851929000321,0.10240710708064452,37.587037742575866
task,409,striatum,39,measured,112.0,112,DLS,low_gamma,Naive,10,44,0.0344932705426042,-0.2633430737706065,-0.0420984273255636,-8.869814576768988,-8.901810133473838,0.17282850254875068,0.19040138257689398,22.977519243147082
task,409,striatum,39,measured,112.0,112,DLS,low_gamma,Intermediate,10,44,-0.0721398039762475,-0.12498877833654803,-0.11220361596793507,-8.892098644791385,-8.888317316392271,0.1953528839489903,0.20390298284153469,30.47595015599128
task,409,striatum,39,measured,112.0,112,DLS,low_gamma,Expert,10,44,-0.043990563697197296,-0.15925137027294223,-0.06018309968930281,-8.878576081529037,-8.892136320273746,0.2055178557084653,0.19961950102951803,37.587037742575866
task,409,striatum,39,measured,112.0,112,DLS,high_gamma,Naive,10,44,-0.21693230133551192,-0.32161400947168817,-0.27587072741845153,-9.54158080811791,-9.546752897873438,0.03861652522291046,0.046969705385154936,22.977519243147082
task,409,striatum,39,measured,112.0,112,DLS,high_gamma,Intermediate,10,44,-0.08364120811719872,-0.14859995437408952,-0.1072421750385121,-9.5032005012691,-9.511959329725508,0.04912874497790135,0.05179103822585043,30.47595015599128
task,409,striatum,39,measured,112.0,112,DLS,high_gamma,Expert,10,44,-0.05166006624786593,-0.08720750244627451,-0.0668158981081717,-9.495397196117615,-9.494819462522242,0.052613001398668854,0.051477574456730575,37.587037742575866
task,409,striatum,39,measured,112.0,112,DLS,total,Naive,10,44,0.24685467782293535,-0.017322706704883045,0.17425391572611418,-8.084407917792326,-8.092974051758612,1.0,1.0,22.977519243147082
task,409,striatum,39,measured,112.0,112,DLS,total,Intermediate,10,44,-0.10072383301613022,-0.12357352771238792,-0.13548467781379248,-8.143827323698448,-8.132690920109734,1.0,1.0,30.47595015599128
task,409,striatum,39,measured,112.0,112,DLS,total,Expert,10,44,-0.15092346573083543,-0.10709681381598754,-0.1661903522819947,-8.147056911953722,-8.126614060751319,1.0,1.0,37.587037742575866
task,409,striatum,39,measured,112.0,112,ACC,theta,Naive,10,26,0.21091854151375736,0.03944426909579539,0.15133862071274667,-8.603184962478345,-8.577168660037696,0.22773257929014312,0.2427908657823225,22.977519243147082
task,409,striatum,39,measured,112.0,112,ACC,theta,Intermediate,10,26,0.03373263633997767,-0.03330483710973707,-0.0003145627170344483,-8.642172566787476,-8.639426231629702,0.20762927751596494,0.21898929858079572,30.47595015599128
task,409,striatum,39,measured,112.0,112,ACC,theta,Expert,10,26,-0.019291640860214156,-0.011606401165796759,-0.03640704366330622,-8.639623929524156,-8.617131590117516,0.2070070127843261,0.21690947818222706,37.587037742575866
task,409,striatum,39,measured,112.0,112,ACC,beta,Naive,10,26,-0.023344730536078585,-0.2050489522150588,-0.09881741878483105,-8.86613755216565,-8.872574735524022,0.13503681082030278,0.13759922693375676,22.977519243147082
task,409,striatum,39,measured,112.0,112,ACC,beta,Intermediate,10,26,-0.05595238148559134,-0.21586765834562216,-0.09665349536977395,-8.849517132965243,-8.859935110814508,0.13820582998873762,0.13965004953331922,30.47595015599128
task,409,striatum,39,measured,112.0,112,ACC,beta,Expert,10,26,-0.1185878428637479,-0.21328625696273085,-0.13630536831732945,-8.854489443365663,-8.850889906046529,0.1347703020712702,0.13072839273321762,37.587037742575866
task,409,striatum,39,measured,112.0,112,ACC,low_gamma,Naive,10,26,-0.18022420097001307,-0.3603514486567758,-0.20955757574666758,-8.609227061537437,-8.622393453229867,0.24913180245111766,0.2570191703513396,22.977519243147082
task,409,striatum,39,measured,112.0,112,ACC,low_gamma,Intermediate,10,26,-0.18778707560223595,-0.1321203197549522,-0.1940680149491964,-8.610562050907271,-8.578211276968515,0.25778447608138033,0.28338880546389755,30.47595015599128
task,409,striatum,39,measured,112.0,112,ACC,low_gamma,Expert,10,26,-0.09627881572804169,-0.12005177855302387,-0.10256387099500403,-8.580570257492289,-8.57221902745776,0.27205102560903943,0.26919014606796987,37.587037742575866
task,409,striatum,39,measured,112.0,112,ACC,high_gamma,Naive,10,26,-0.5146721304215753,-0.5959348206432815,-0.534695182031127,-9.1572705488926,-9.140480718005037,0.06864452732491601,0.07772406186848407,22.977519243147082
task,409,striatum,39,measured,112.0,112,ACC,high_gamma,Intermediate,10,26,-0.28876314293505256,-0.21320034604556035,-0.2982727508500611,-9.110113662034209,-9.088821466755078,0.08125376532492792,0.08932878918930508,30.47595015599128
task,409,striatum,39,measured,112.0,112,ACC,high_gamma,Expert,10,26,-0.20838537450342448,-0.24155493711016773,-0.2138466468905615,-9.08837287737834,-9.092355213442382,0.08569697701500553,0.08544985263226687,37.587037742575866
task,409,striatum,39,measured,112.0,112,ACC,total,Naive,10,26,-0.08180618192020464,-0.14726460001577274,-0.16664495707873916,-7.961704309797192,-7.9269063269843025,1.0,1.0,22.977519243147082
task,409,striatum,39,measured,112.0,112,ACC,total,Intermediate,10,26,-0.1531312247374264,-0.19796973583835575,-0.197571781854546,-7.977896309232547,-7.95803201578744,1.0,1.0,30.47595015599128
task,409,striatum,39,measured,112.0,112,ACC,total,Expert,10,26,-0.15801611647916755,-0.09765551271922279,-0.1757376920508899,-7.960018876368059,-7.9341230420251465,1.0,1.0,37.587037742575866
task,418,striatum,26,measured,27.0,27,DMS,theta,Naive,10,52,0.2627852797506817,0.09818929287810979,0.35882019712007907,-8.55982667493014,-8.569623487996193,0.530392951616218,0.5857576351770719,17.40546746773859
task,418,striatum,26,measured,27.0,27,DMS,theta,Intermediate,10,52,0.05070567080338349,-0.003304346220331594,0.1250910537972045,-8.612434609103907,-8.600133967075637,0.5188807314359953,0.560715172250958,20.77987692263145
task,418,striatum,26,measured,27.0,27,DMS,beta,Naive,10,52,0.3233006705366712,0.039553529024154606,0.2497335442138944,-9.358320271873147,-9.36633075752056,0.08637942189213069,0.09538084580552061,17.40546746773859
task,418,striatum,26,measured,27.0,27,DMS,beta,Intermediate,10,52,0.08788861062355938,0.046801779096866086,0.033311094939253806,-9.417611031440796,-9.383622518742882,0.08281896747449694,0.0919351856995308,20.77987692263145
task,418,striatum,26,measured,27.0,27,DMS,low_gamma,Naive,10,52,0.21835781717273864,0.029879517167165505,0.18946373246395082,-9.091440380443021,-9.095137302915656,0.16299146230686,0.18593812803904164,17.40546746773859
task,418,striatum,26,measured,27.0,27,DMS,low_gamma,Intermediate,10,52,0.09360254175406016,0.09081930205948936,0.07198789398208473,-9.099044373873372,-9.070675264017412,0.1740765238365434,0.1933812211003565,20.77987692263145
task,418,striatum,26,measured,27.0,27,DMS,high_gamma,Naive,10,52,0.019838737079488536,-0.20193549651432963,0.009633538413892945,-9.871961508265485,-9.883414245562172,0.027910919484125142,0.032448093498743,17.40546746773859
task,418,striatum,26,measured,27.0,27,DMS,high_gamma,Intermediate,10,52,0.04060124002530839,-0.04528921155061416,0.03539081042553596,-9.84231165940854,-9.832039898134934,0.03200414112845611,0.03544778729444528,20.77987692263145
task,418,striatum,26,measured,27.0,27,DMS,total,Naive,10,52,0.2491022806723342,0.012990431653615419,0.23713761729875527,-8.26737993736174,-8.277183325985693,1.0,1.0,17.40546746773859
task,418,striatum,26,measured,27.0,27,DMS,total,Intermediate,10,52,-0.016726584465758153,-0.0768539864742043,-0.020634006796467277,-8.310936072366376,-8.299066274292898,1.0,1.0,20.77987692263145
task,418,striatum,26,measured,27.0,27,DLS,theta,Naive,10,40,0.31809388091679963,0.11052360601682074,0.3609411913545866,-8.306532601699278,-8.327177151498848,0.5082184880955617,0.5407502656107694,17.40546746773859
task,418,striatum,26,measured,27.0,27,DLS,theta,Intermediate,10,40,0.15293067205567093,0.027783505583662903,0.18567580793635347,-8.346315606007947,-8.363241305215485,0.5105080194017988,0.5248035708141956,20.77987692263145
task,418,striatum,26,measured,27.0,27,DLS,beta,Naive,10,40,0.36596521122845616,0.09010221464801452,0.28865599578362594,-9.06533053733445,-9.075354502751654,0.0909744419837147,0.09962249545020224,17.40546746773859
task,418,striatum,26,measured,27.0,27,DLS,beta,Intermediate,10,40,0.12426148665714393,-0.03244192627049663,0.06926136133619179,-9.139412388640736,-9.129142818092214,0.0842063514354685,0.09142215355715066,20.77987692263145
task,418,striatum,26,measured,27.0,27,DLS,low_gamma,Naive,10,40,0.13454737695132124,-0.06610992170001828,0.10153590263805341,-8.811589788959754,-8.814231880367256,0.16535248398937302,0.18590576893136349,17.40546746773859
task,418,striatum,26,measured,27.0,27,DLS,low_gamma,Intermediate,10,40,0.0033844700218705797,-0.0085280259034828,-0.01931807114467842,-8.842719906005073,-8.813273725470147,0.1734150628619561,0.19578986875639393,20.77987692263145
task,418,striatum,26,measured,27.0,27,DLS,high_gamma,Naive,10,40,0.11677699461275837,0.009775846486204696,0.10232452205529394,-9.436628954472466,-9.430891204346223,0.039195185379302416,0.04688655658195241,17.40546746773859
task,418,striatum,26,measured,27.0,27,DLS,high_gamma,Intermediate,10,40,0.18892243518023938,0.14599927970087254,0.1682955065671316,-9.447984666001675,-9.436853801960453,0.04373441417581228,0.049234797845251796,20.77987692263145
task,418,striatum,26,measured,27.0,27,DLS,total,Naive,10,40,0.282534355331005,0.0724034441273678,0.22842267230605523,-8.016324353514564,-8.0166299642128,1.0,1.0,17.40546746773859
task,418,striatum,26,measured,27.0,27,DLS,total,Intermediate,10,40,0.03641700775049388,-0.05112141027989822,0.002941062961036328,-8.05706937533347,-8.048436016693234,1.0,1.0,20.77987692263145
task,418,striatum,26,measured,27.0,27,ACC,theta,Naive,10,52,-0.0015798075399870441,-0.205499590949937,-0.038026827459703025,-8.82898673492343,-8.859856591213255,0.1802782321109337,0.18969982416231113,17.40546746773859
task,418,striatum,26,measured,27.0,27,ACC,theta,Intermediate,10,52,-0.00824546992300038,-0.24258661746290053,-0.02623495839335966,-8.8112941184596,-8.851013308214489,0.1838477394888937,0.18785790149857123,20.77987692263145
task,418,striatum,26,measured,27.0,27,ACC,beta,Naive,10,52,0.09400474946764148,-0.08298787123575488,0.010710296990982372,-8.940042068638462,-8.93571252347802,0.16256382522380675,0.16748959490628168,17.40546746773859
task,418,striatum,26,measured,27.0,27,ACC,beta,Intermediate,10,52,0.14933352336249806,-0.13380402624486204,0.09032940768169005,-8.924229008075278,-8.963277866851266,0.16637723186163544,0.16460230509462861,20.77987692263145
task,418,striatum,26,measured,27.0,27,ACC,low_gamma,Naive,10,52,0.0790605982474041,-0.10262206500619177,0.04953991698058692,-8.663847365117444,-8.674303713869566,0.2893682426767744,0.29738164603258077,17.40546746773859
task,418,striatum,26,measured,27.0,27,ACC,low_gamma,Intermediate,10,52,0.04853428222448142,0.018300072775842682,0.025435396282006,-8.67041524954999,-8.647216813053653,0.28567153851837723,0.3131499189217297,20.77987692263145
task,418,striatum,26,measured,27.0,27,ACC,high_gamma,Naive,10,52,-0.3326607257550859,-0.4570551199896561,-0.36539606586043394,-9.319146874549254,-9.316996343735656,0.06417444709479316,0.07056117345692717,17.40546746773859
task,418,striatum,26,measured,27.0,27,ACC,high_gamma,Intermediate,10,52,-0.17761588046730353,-0.2621926469822081,-0.187287548705157,-9.286868723165322,-9.28681576384136,0.0698933139615607,0.07457657430463155,20.77987692263145
task,418,striatum,26,measured,27.0,27,ACC,total,Naive,10,52,-0.07820008240959987,-0.16473524322781347,-0.15049208388625135,-8.132068459531116,-8.125480778749207,1.0,1.0,17.40546746773859
task,418,striatum,26,measured,27.0,27,ACC,total,Intermediate,10,52,-0.06173713029823028,-0.1608258212178705,-0.10912359545760054,-8.124972157413126,-8.130033828460766,1.0,1.0,20.77987692263145
task,523,striatum,22,measured,125.0,125,DMS,theta,Naive,10,52,0.042737797195942506,-0.14954874762488674,0.08426178969513033,-12.194763642650862,-12.210612543688846,0.32876472766358267,0.33508520399744546,23.34695871927132
task,523,striatum,22,measured,125.0,125,DMS,theta,Intermediate,10,52,0.11380515959140425,-0.07917265810483107,0.14209158484152357,-12.163808948031411,-12.200038327776607,0.3465349724417213,0.3423830083921825,28.632640228261973
task,523,striatum,22,measured,125.0,125,DMS,theta,Expert,10,52,0.03242356240401503,-0.1836290301961397,0.050428496488259325,-12.174148287760843,-12.228758666354647,0.3354005985953635,0.32567982018209046,35.468638904250476
task,523,striatum,22,measured,125.0,125,DMS,beta,Naive,10,52,0.06529407059142397,-0.14522717813763014,-0.010577761110943034,-12.663870745943807,-12.68351407260179,0.1169182032816993,0.12199789660863364,23.34695871927132
task,523,striatum,22,measured,125.0,125,DMS,beta,Intermediate,10,52,0.07285731959612148,-0.1114113722658238,0.016760737283664638,-12.661393012290194,-12.664766261410797,0.11692556062771173,0.12491851791886321,28.632640228261973
task,523,striatum,22,measured,125.0,125,DMS,beta,Expert,10,52,0.08045298972773166,-0.07609040937474812,0.04575090735553476,-12.6270015990654,-12.664705551421338,0.12037282516971662,0.12968065785215177,35.468638904250476
task,523,striatum,22,measured,125.0,125,DMS,low_gamma,Naive,10,52,-0.02133122965283231,-0.20646460175554712,-0.0657855592798765,-12.365066837433567,-12.377492095077343,0.23669878630229693,0.2501477220423151,23.34695871927132
task,523,striatum,22,measured,125.0,125,DMS,low_gamma,Intermediate,10,52,-0.07634541965549468,-0.23005580542684456,-0.10051912601781073,-12.3760726061374,-12.372958915574255,0.22960634087806042,0.24598289527840297,28.632640228261973
task,523,striatum,22,measured,125.0,125,DMS,low_gamma,Expert,10,52,-0.01581913176574877,-0.23126773200028355,-0.02602970474858287,-12.35837922275708,-12.382263256946729,0.2398085041067996,0.24992221265332232,35.468638904250476
task,523,striatum,22,measured,125.0,125,DMS,high_gamma,Naive,10,52,-0.10430066951554219,-0.13538956373977368,-0.11115999327538195,-12.778201790233688,-12.755866294419544,0.08874144267142942,0.10205683074021915,23.34695871927132
task,523,striatum,22,measured,125.0,125,DMS,high_gamma,Intermediate,10,52,-0.0688598650514779,-0.21085813273006326,-0.09655002872281526,-12.76512781458352,-12.772364120438409,0.08965853766903906,0.09933322326910662,28.632640228261973
task,523,striatum,22,measured,125.0,125,DMS,high_gamma,Expert,10,52,-0.07153330338149377,-0.19304774775995248,-0.0851194957121583,-12.774510395527415,-12.776729927436893,0.09129810866615135,0.10059156413427736,35.468638904250476
task,523,striatum,22,measured,125.0,125,DMS,total,Naive,10,52,-0.01184132914558026,-0.23398477016006705,-0.07399645596675286,-11.70513120071168,-11.72109021725711,1.0,1.0,23.34695871927132
task,523,striatum,22,measured,125.0,125,DMS,total,Intermediate,10,52,0.04790997924324977,-0.1962912857623927,0.0024013242122508925,-11.688952906230789,-11.710843334757655,1.0,1.0,28.632640228261973
task,523,striatum,22,measured,125.0,125,DMS,total,Expert,10,52,0.024431332926789374,-0.23223573525630575,-0.00851610279381129,-11.683750102750524,-11.715554383490591,1.0,1.0,35.468638904250476
task,523,striatum,22,measured,125.0,125,DLS,theta,Naive,10,50,0.005383348963370459,-0.1834670452284941,0.025169708173700078,-11.852912019029432,-11.884293486395062,0.38329272819121135,0.3977300685450558,23.34695871927132
task,523,striatum,22,measured,125.0,125,DLS,theta,Intermediate,10,50,-0.003885740345414039,-0.18210580238701546,0.010305933370839113,-11.86330734001,-11.89793040284062,0.39123139830643416,0.4018684608905272,28.632640228261973
task,523,striatum,22,measured,125.0,125,DLS,theta,Expert,10,50,-0.1276687483674891,-0.3075443395587377,-0.10872939626631,-11.867921156568007,-11.918030332291718,0.3707388645946371,0.3708515493790865,35.468638904250476
task,523,striatum,22,measured,125.0,125,DLS,beta,Naive,10,50,0.1623342270962541,-0.056086681090137105,0.07370423449976651,-12.416003029772245,-12.441837741399198,0.109150112001396,0.11584171419532738,23.34695871927132
task,523,striatum,22,measured,125.0,125,DLS,beta,Intermediate,10,50,0.1224266081297163,-0.021080154714042038,0.06212557696656778,-12.418855119806125,-12.425849612440148,0.10918457820500321,0.11912196907097286,28.632640228261973
task,523,striatum,22,measured,125.0,125,DLS,beta,Expert,10,50,0.16950074465908826,0.03438297225846065,0.13144488281203587,-12.405416173061926,-12.407800069836568,0.11673599932531001,0.12228378739446655,35.468638904250476
task,523,striatum,22,measured,125.0,125,DLS,low_gamma,Naive,10,50,0.052295947170062744,-0.09649508222955464,0.01565225770851107,-12.118173757092013,-12.13169889014754,0.21631043494428254,0.23042253374059474,23.34695871927132
task,523,striatum,22,measured,125.0,125,DLS,low_gamma,Intermediate,10,50,-0.03314847002038383,-0.17066784886699732,-0.06108665365225783,-12.131595465606253,-12.143388855331311,0.2112665446792106,0.22578781613420826,28.632640228261973
task,523,striatum,22,measured,125.0,125,DLS,low_gamma,Expert,10,50,0.053805022442738396,-0.1741671308814261,0.03761279805554088,-12.111432601041905,-12.147781960938492,0.2240276140148385,0.22350326330005998,35.468638904250476
task,523,striatum,22,measured,125.0,125,DLS,high_gamma,Naive,10,50,0.07719444430178764,-0.11168690643324092,0.03621860538390459,-12.598790698908601,-12.61750062199679,0.06961086236647517,0.07716494210952513,23.34695871927132
task,523,striatum,22,measured,125.0,125,DLS,high_gamma,Intermediate,10,50,0.13421578568427847,-0.025751719882018024,0.0963291612773314,-12.584543806339912,-12.601404707548781,0.07330371864508324,0.08080963313790393,28.632640228261973
task,523,striatum,22,measured,125.0,125,DLS,high_gamma,Expert,10,50,0.11607534904699278,-0.0049636365293478125,0.09870465218152104,-12.586673355053023,-12.60246068695472,0.07645351189018106,0.08034068552514342,35.468638904250476
task,523,striatum,22,measured,125.0,125,DLS,total,Naive,10,50,0.024413190238731695,-0.18435198251258458,-0.03694890280775787,-11.43615725915078,-11.452668579261662,1.0,1.0,23.34695871927132
task,523,striatum,22,measured,125.0,125,DLS,total,Intermediate,10,50,-0.00869722376481522,-0.21650048989652018,-0.046357134835766985,-11.43897860424245,-11.459272354627078,1.0,1.0,28.632640228261973
task,523,striatum,22,measured,125.0,125,DLS,total,Expert,10,50,-0.028010672515820106,-0.22410273235784167,-0.048292854064238326,-11.43676159613715,-11.464706479715607,1.0,1.0,35.468638904250476
task,523,striatum,22,measured,125.0,125,ACC,theta,Naive,10,52,0.08760399085659457,0.03745516931792267,-0.006872146876118013,-12.417189438532297,-12.360462277801592,0.1186862615766618,0.13790853124350816,23.34695871927132
task,523,striatum,22,measured,125.0,125,ACC,theta,Intermediate,10,52,0.04786724531611834,-0.0031595110206707566,-0.020533004403532052,-12.435350494050134,-12.364722742733374,0.11671796597795797,0.1370860160320802,28.632640228261973
task,523,striatum,22,measured,125.0,125,ACC,theta,Expert,10,52,0.007581390962557587,-0.17361694422905213,-0.04140137379283822,-12.422545658151243,-12.456352956151896,0.11690635697018534,0.1141556734215898,35.468638904250476
task,523,striatum,22,measured,125.0,125,ACC,beta,Naive,10,52,0.06537252422850742,-0.07143468915975457,-0.012450331047178902,-12.332793420305652,-12.329697797341359,0.14994584671268302,0.1533027431866355,23.34695871927132
task,523,striatum,22,measured,125.0,125,ACC,beta,Intermediate,10,52,0.06367012635726053,-0.09854453376686545,0.0067016200193336815,-12.326984549893798,-12.343036359106172,0.1516764840143519,0.15407290302882098,28.632640228261973
task,523,striatum,22,measured,125.0,125,ACC,beta,Expert,10,52,-0.022943552222374927,-0.021746654718794632,-0.06001781508573717,-12.334141275130781,-12.322773568052845,0.14869821374527165,0.1571189139379458,35.468638904250476
task,523,striatum,22,measured,125.0,125,ACC,low_gamma,Naive,10,52,0.07520609755044799,-0.0027701929423401125,0.03788751073579884,-11.970778784640075,-11.953445877605164,0.3450997319274371,0.3613930889037722,23.34695871927132
task,523,striatum,22,measured,125.0,125,ACC,low_gamma,Intermediate,10,52,0.05424565792643249,-0.05578181389017363,0.02697400180947048,-11.973929678404957,-11.966573267210993,0.34612129092593447,0.35815213226015097,28.632640228261973
task,523,striatum,22,measured,125.0,125,ACC,low_gamma,Expert,10,52,0.12860315482294107,0.04107955054857672,0.10782468107183107,-11.951079697268973,-11.956098389236374,0.35783281316544324,0.361681860543524,35.468638904250476
task,523,striatum,22,measured,125.0,125,ACC,high_gamma,Naive,10,52,-0.04598479262269668,-0.09980897664903954,-0.07330471424527976,-12.630656881737227,-12.623148273184508,0.08031033725104111,0.08467098568454054,23.34695871927132
task,523,striatum,22,measured,125.0,125,ACC,high_gamma,Intermediate,10,52,-0.05327312303184452,-0.17539709650167784,-0.0721451509285426,-12.625639073830786,-12.632566657036627,0.08083211375035679,0.08612604711856875,28.632640228261973
task,523,striatum,22,measured,125.0,125,ACC,high_gamma,Expert,10,52,0.07362496216004877,-0.08189023694357411,0.060656213175295945,-12.605922113341524,-12.627304025174514,0.08706030731300979,0.08751739910998722,35.468638904250476
task,523,striatum,22,measured,125.0,125,ACC,total,Naive,10,52,0.00986567605563813,-0.051189743355153805,-0.0658386359244549,-11.487581664568856,-11.482802748031876,1.0,1.0,23.34695871927132
task,523,striatum,22,measured,125.0,125,ACC,total,Intermediate,10,52,-0.007513499999235577,-0.11272105661734552,-0.06848825664772906,-11.488805917421326,-11.494132960024244,1.0,1.0,28.632640228261973
task,523,striatum,22,measured,125.0,125,ACC,total,Expert,10,52,0.03251622180092934,-0.04887277377196194,-0.0029421448267770477,-11.482130077595304,-11.483498249025264,1.0,1.0,35.468638904250476
task,614,striatum,44,measured,225.0,200,DMS,theta,Naive,10,50,0.15002219043985307,-0.09503214112971414,0.12973961871207929,-12.081349246876194,-12.166623575233967,0.246019545380554,0.22716729138437025,33.404522928799594
task,614,striatum,44,measured,225.0,200,DMS,theta,Intermediate,10,50,0.016177418507968187,-0.2935611765705466,0.007489850467657296,-12.121868373651994,-12.211544522230383,0.2171277427767356,0.1871981539013905,45.74304248503648
task,614,striatum,44,measured,225.0,200,DMS,theta,Expert,10,50,-0.022761093571144024,-0.26282834654561454,-0.022572565023280845,-12.123754576160426,-12.199231535104477,0.21129227243932452,0.18865129323866492,49.7448554908276
task,614,striatum,44,measured,225.0,200,DMS,beta,Naive,10,50,-0.06074835391636767,-0.21462602449446908,-0.09916047605600334,-12.434711751009196,-12.461121523184154,0.1251390289828296,0.13351626418987567,33.404522928799594
task,614,striatum,44,measured,225.0,200,DMS,beta,Intermediate,10,50,0.005295376558934718,-0.07263618003138023,-0.003920537256988667,-12.398986999934486,-12.418557859204634,0.12812945363223432,0.137042074479034,45.74304248503648
task,614,striatum,44,measured,225.0,200,DMS,beta,Expert,10,50,-0.037233307067976056,-0.12066640447355487,-0.03701114732280832,-12.413015799413717,-12.443645276720883,0.12871844588699974,0.13176411826038287,49.7448554908276
task,614,striatum,44,measured,225.0,200,DMS,low_gamma,Naive,10,50,-0.18119343431444696,-0.25367465207806994,-0.1991540813090666,-12.12372603494038,-12.129555081302229,0.2585642085315379,0.28407385381328554,33.404522928799594
task,614,striatum,44,measured,225.0,200,DMS,low_gamma,Intermediate,10,50,-0.09877529367360591,-0.04907342307962709,-0.1063062103159118,-12.09816459232637,-12.099911306008238,0.26224043218616727,0.29394430795692716,45.74304248503648
task,614,striatum,44,measured,225.0,200,DMS,low_gamma,Expert,10,50,-0.006708394070994285,-0.10430427431359679,-0.006675080160179986,-12.08671564130746,-12.098672842858178,0.2778007883398256,0.2877493515873703,49.7448554908276
task,614,striatum,44,measured,225.0,200,DMS,high_gamma,Naive,10,50,-0.19237379126379545,-0.31396427852356856,-0.2148921377280018,-12.504834842315766,-12.514731430095388,0.10861723978204274,0.11835636190154916,33.404522928799594
task,614,striatum,44,measured,225.0,200,DMS,high_gamma,Intermediate,10,50,-0.0020759582486611344,-0.23110136025480857,-0.006500990349011339,-12.485425753764243,-12.5009931212211,0.11094818983839765,0.11702072865525674,45.74304248503648
task,614,striatum,44,measured,225.0,200,DMS,high_gamma,Expert,10,50,-0.04985262021806089,-0.15030512147674047,-0.04970752278882322,-12.480063229748101,-12.491814598716905,0.11366001958419078,0.11860152249673492,49.7448554908276
task,614,striatum,44,measured,225.0,200,DMS,total,Naive,10,50,-0.14027882234649142,-0.4130330239999118,-0.18262859980904803,-11.500457056036229,-11.53616747085309,1.0,1.0,33.404522928799594
task,614,striatum,44,measured,225.0,200,DMS,total,Intermediate,10,50,-0.09410594051698853,-0.32317222776806526,-0.10052184343003007,-11.482529836281067,-11.522194759126606,1.0,1.0,45.74304248503648
task,614,striatum,44,measured,225.0,200,DMS,total,Expert,10,50,-0.09637027276214181,-0.25712617310812,-0.0961918867331882,-11.48193097588064,-11.518574237864991,1.0,1.0,49.7448554908276
task,614,striatum,44,measured,225.0,200,DLS,theta,Naive,10,44,0.2563769628035206,0.025996503567903735,0.22718130492213343,-11.764911426879438,-11.836044282328928,0.273448440951592,0.2683416203951905,33.404522928799594
task,614,striatum,44,measured,225.0,200,DLS,theta,Intermediate,10,44,0.05241248471828643,-0.1739790378822651,0.04587433393754914,-11.834018421143885,-11.90194718306358,0.23572063905370622,0.2253643211861903,45.74304248503648
task,614,striatum,44,measured,225.0,200,DLS,theta,Expert,10,44,0.011663579868719187,-0.21756708379422335,0.011787413099289695,-11.843425511116662,-11.901531289334047,0.23588479134251555,0.21754288891524112,49.7448554908276
task,614,striatum,44,measured,225.0,200,DLS,beta,Naive,10,44,-0.03376440215490054,-0.14131928612662675,-0.06317932379374139,-12.17391205197176,-12.164647940833287,0.11494461600871844,0.12625127295320748,33.404522928799594
task,614,striatum,44,measured,225.0,200,DLS,beta,Intermediate,10,44,0.07954076351070082,-0.0907745290241114,0.0704511434863523,-12.125767932136789,-12.144407386974557,0.13269288411383223,0.1280230764620961,45.74304248503648
task,614,striatum,44,measured,225.0,200,DLS,beta,Expert,10,44,0.05602946893166267,-0.06018652351209282,0.05620975920028604,-12.125774402086199,-12.144440461080485,0.1315983627600996,0.13216050098191556,49.7448554908276
task,614,striatum,44,measured,225.0,200,DLS,low_gamma,Naive,10,44,-0.025827224576850792,-0.18012341542939658,-0.046993994702678336,-11.829950189625489,-11.848407623626915,0.2553957229254552,0.27887712269991777,33.404522928799594
task,614,striatum,44,measured,225.0,200,DLS,low_gamma,Intermediate,10,44,0.02554229221701896,-0.06193970624084927,0.024495821950058533,-11.802022987714025,-11.82584668672968,0.2693666331668938,0.28674213746262256,45.74304248503648
task,614,striatum,44,measured,225.0,200,DLS,low_gamma,Expert,10,44,0.0794245992437764,-0.05738725374154156,0.07953992018564389,-11.79505227156499,-11.818161888706708,0.27629527524326225,0.281953795881314,49.7448554908276
task,614,striatum,44,measured,225.0,200,DLS,high_gamma,Naive,10,44,0.08407518197406535,-0.185175642451807,0.065129961918868,-12.213879257148871,-12.252443672484315,0.10742152255243878,0.11401776856891954,33.404522928799594
task,614,striatum,44,measured,225.0,200,DLS,high_gamma,Intermediate,10,44,0.14993558129076362,-0.07446494079602578,0.14837925920348033,-12.190778045638076,-12.231117169192563,0.11258098317545952,0.11555513845223418,45.74304248503648
task,614,striatum,44,measured,225.0,200,DLS,high_gamma,Expert,10,44,0.08148625735577167,-0.1261102633142564,0.08155588658732615,-12.201534067517251,-12.237482089224596,0.11426144147144215,0.11047209073571906,49.7448554908276
task,614,striatum,44,measured,225.0,200,DLS,total,Naive,10,44,0.08160103086054799,-0.19524692835085966,0.03344030546319854,-11.193651485563686,-11.255268423998952,1.0,1.0,33.404522928799594
task,614,striatum,44,measured,225.0,200,DLS,total,Intermediate,10,44,0.04187131254922832,-0.16752792109882164,0.03207019730556389,-11.199635178390276,-11.235117740172669,1.0,1.0,45.74304248503648
task,614,striatum,44,measured,225.0,200,DLS,total,Expert,10,44,0.019670859710955807,-0.15283270807299437,0.019946376541245214,-11.194951535568958,-11.221380544959647,1.0,1.0,49.7448554908276
task,614,striatum,44,measured,225.0,200,ACC,theta,Naive,10,52,-0.061740659310242266,-0.07030655602395,-0.13996486598149266,-12.341201892000553,-12.300547876563517,0.10897073773256194,0.114202004333149,33.404522928799594
task,614,striatum,44,measured,225.0,200,ACC,theta,Intermediate,10,52,-0.06464050586349569,-0.21626819398803274,-0.08180102368468567,-12.331319516728701,-12.376297595965394,0.10882888309084413,0.09938396758099424,45.74304248503648
task,614,striatum,44,measured,225.0,200,ACC,theta,Expert,10,52,-0.1210221179728868,-0.13179934106166402,-0.12056204810583457,-12.349175163025564,-12.34671833460058,0.10143360799097116,0.10680091794061311,49.7448554908276
task,614,striatum,44,measured,225.0,200,ACC,beta,Naive,10,52,-0.01950151980064091,-0.11291869344895582,-0.07450782503309694,-12.263288980514254,-12.256876589970648,0.13286039437861064,0.13211115720984365,33.404522928799594
task,614,striatum,44,measured,225.0,200,ACC,beta,Intermediate,10,52,-0.011257715249502236,-0.02390281430442414,-0.024056012630682952,-12.245439823323018,-12.248653727368318,0.13692005824604064,0.14106971384411668,45.74304248503648
task,614,striatum,44,measured,225.0,200,ACC,beta,Expert,10,52,-0.09949774906536604,-0.06488451093362403,-0.09918776775666424,-12.254414803524497,-12.246528693322695,0.13776902465722626,0.13695156906183403,49.7448554908276
task,614,striatum,44,measured,225.0,200,ACC,low_gamma,Naive,10,52,0.04413199956560114,0.09813317673874969,0.01950441563952733,-11.811416853037954,-11.803247598297268,0.35518538483921874,0.37028056065974224,33.404522928799594
task,614,striatum,44,measured,225.0,200,ACC,low_gamma,Intermediate,10,52,-0.06952169969269881,-0.03354261689810052,-0.07433153738172954,-11.8130807014332,-11.814886154393157,0.3467500955680914,0.3623619481450734,45.74304248503648
task,614,striatum,44,measured,225.0,200,ACC,low_gamma,Expert,10,52,-0.0963249903317214,0.0067597046510239735,-0.0962694212924207,-11.824870330813113,-11.79879639171952,0.34687840933835545,0.3650045445254722,49.7448554908276
task,614,striatum,44,measured,225.0,200,ACC,high_gamma,Naive,10,52,0.02711114253230645,0.011377509066045281,-0.031176875195407766,-12.428804779935913,-12.4188538150667,0.09507941243425119,0.09602008040311798,33.404522928799594
task,614,striatum,44,measured,225.0,200,ACC,high_gamma,Intermediate,10,52,0.04611432412493581,0.09526061884238553,0.030213056231671538,-12.41761113636603,-12.397333311049263,0.09677765536762853,0.1024751432625024,45.74304248503648
task,614,striatum,44,measured,225.0,200,ACC,high_gamma,Expert,10,52,0.02666453964941557,-0.03183199643688461,0.02692301965638698,-12.413543812655094,-12.420027400361105,0.10035758144312697,0.09750677527996926,49.7448554908276
task,614,striatum,44,measured,225.0,200,ACC,total,Naive,10,52,-0.13731896855297435,-0.1387393885700493,-0.18983619247607886,-11.352089691384798,-11.332223864503385,1.0,1.0,33.404522928799594
task,614,striatum,44,measured,225.0,200,ACC,total,Intermediate,10,52,-0.11244984297254185,-0.15635301630223272,-0.1227700797261069,-11.335134173195659,-11.343100557744961,1.0,1.0,45.74304248503648
task,614,striatum,44,measured,225.0,200,ACC,total,Expert,10,52,-0.1508841471633714,-0.16861440562191507,-0.1505864803365345,-11.341106375481308,-11.337770481118653,1.0,1.0,49.7448554908276
task,624,striatum,32,measured,nan,71,DMS,theta,Naive,10,52,0.12737837548513342,-0.2927377344929595,0.1245157114105655,-12.050423996582367,-12.091635993594462,0.2727203077008403,0.2821246519926508,11.297149818522225
task,624,striatum,32,measured,nan,71,DMS,theta,Intermediate,10,52,-0.007464018175617746,-0.12821461582755023,-0.011885502226248134,-12.078219684183484,-12.05079535793167,0.25329116531655693,0.29137174570759317,11.251130124382804
task,624,striatum,32,measured,nan,71,DMS,theta,Expert,10,52,0.0039718689969393,-0.1958862294779687,0.00453829522206967,-12.067829580664814,-12.067537878894065,0.24655972641426613,0.27026933542292375,15.211880060106163
task,624,striatum,32,measured,nan,71,DMS,beta,Naive,10,52,0.06741682973367173,-0.25627284559154684,0.05380683283542062,-12.475785738694306,-12.47439882476538,0.1058225081458477,0.11555786896402209,11.297149818522225
task,624,striatum,32,measured,nan,71,DMS,beta,Intermediate,10,52,0.10390104134385475,-0.20851412382601822,0.08282759506442558,-12.471490678930655,-12.480327981020498,0.10541011486891924,0.11557225461056708,11.251130124382804
task,624,striatum,32,measured,nan,71,DMS,beta,Expert,10,52,0.1634392206533864,-0.11235813912377669,0.17300460733650347,-12.449223922180277,-12.43898705597222,0.10492692295007709,0.11267178500375463,15.211880060106163
task,624,striatum,32,measured,nan,71,DMS,low_gamma,Naive,10,52,-0.09765228219052674,-0.3600679171047476,-0.09703102968533245,-12.147008569481304,-12.159174612191634,0.22396294613047776,0.2453534752583315,11.297149818522225
task,624,striatum,32,measured,nan,71,DMS,low_gamma,Intermediate,10,52,-0.07136074511119507,-0.15939229708454788,-0.06781800138193653,-12.152208224958944,-12.142727470884402,0.22360671289060247,0.2513462484638004,11.251130124382804
task,624,striatum,32,measured,nan,71,DMS,low_gamma,Expert,10,52,0.12134826357204352,-0.015835688476017712,0.12082373008739603,-12.108077383513901,-12.104852972961659,0.2319601678038108,0.2519114706977089,15.211880060106163
task,624,striatum,32,measured,nan,71,DMS,high_gamma,Naive,10,52,-0.044814165483562284,-0.19830035022188192,-0.04328680962736166,-12.554084650704242,-12.557127665526359,0.08782489801680662,0.09894250615623643,11.297149818522225
task,624,striatum,32,measured,nan,71,DMS,high_gamma,Intermediate,10,52,-0.036191704312461104,-0.12288144582831734,-0.02943855910855618,-12.569549601194707,-12.564341751928037,0.08373042642763323,0.0978844078797185,11.251130124382804
task,624,striatum,32,measured,nan,71,DMS,high_gamma,Expert,10,52,0.15856751850712864,0.016347929016776168,0.15740120286405943,-12.533052982499655,-12.537611221752888,0.08682665167535843,0.09666775423947813,15.211880060106163
task,624,striatum,32,measured,nan,71,DMS,total,Naive,10,52,-0.009143892892905828,-0.2967585230645393,-0.018671851185993148,-11.47774140761442,-11.487835922251566,1.0,1.0,11.297149818522225
task,624,striatum,32,measured,nan,71,DMS,total,Intermediate,10,52,-0.02745620632217681,-0.23026094199486632,-0.042475519151004684,-11.483779025292645,-11.493442850418688,1.0,1.0,11.251130124382804
task,624,striatum,32,measured,nan,71,DMS,total,Expert,10,52,0.11763981919715948,-0.049911674413802225,0.12360852287907292,-11.456177716277654,-11.457887230920687,1.0,1.0,15.211880060106163
task,624,striatum,32,measured,nan,71,DLS,theta,Naive,10,32,0.12067649816330675,-0.09642902693783811,0.11454943087939579,-11.85724185070395,-11.843978191124904,0.2874495962428977,0.3218521474222665,11.297149818522225
task,624,striatum,32,measured,nan,71,DLS,theta,Intermediate,10,32,-0.06450519613311019,-0.2751962185906779,-0.07461894541986702,-11.901826789448663,-11.876433700436898,0.258578815851379,0.28372501632993663,11.251130124382804
task,624,striatum,32,measured,nan,71,DLS,theta,Expert,10,32,-0.00997624194081091,-0.05007984833672442,-0.006106167927225278,-11.875799353971868,-11.834161606709309,0.25743246687192534,0.30324027103332546,15.211880060106163
task,624,striatum,32,measured,nan,71,DLS,beta,Naive,10,32,0.05591851965220517,-0.2828128046336864,0.04155684892403062,-12.310330041132028,-12.336808613736082,0.10591040555669731,0.11599632754709999,11.297149818522225
task,624,striatum,32,measured,nan,71,DLS,beta,Intermediate,10,32,0.06447424476802807,-0.18257466811720635,0.04124962192678272,-12.317906875292547,-12.30390493284543,0.10727119377801482,0.11999199471571588,11.251130124382804
task,624,striatum,32,measured,nan,71,DLS,beta,Expert,10,32,0.2084346282026121,-0.09909400722461104,0.21789865300005348,-12.266895693182468,-12.279064956022928,0.11229062678094467,0.11197010402348444,15.211880060106163
task,624,striatum,32,measured,nan,71,DLS,low_gamma,Naive,10,32,-0.19307460465254433,-0.4230831995349142,-0.19090621865216023,-12.034427477526044,-12.042711803741238,0.20701626422332284,0.23275466201575506,11.297149818522225
task,624,striatum,32,measured,nan,71,DLS,low_gamma,Intermediate,10,32,0.004666689970167814,-0.09236922987323837,0.008788013599677545,-12.001955208799544,-11.99555856219156,0.2240873582868472,0.2512024609076008,11.251130124382804
task,624,striatum,32,measured,nan,71,DLS,low_gamma,Expert,10,32,0.13540748470525787,0.015871335475731538,0.13487834241546834,-11.976066300432116,-11.962046496039381,0.22682831937458747,0.24128042331022592,15.211880060106163
task,624,striatum,32,measured,nan,71,DLS,high_gamma,Naive,10,32,-0.06807737557375065,-0.2864178029923419,-0.07109737640955516,-12.507094641619283,-12.50082585922777,0.06885025583928947,0.08120480224076088,11.297149818522225
task,624,striatum,32,measured,nan,71,DLS,high_gamma,Intermediate,10,32,-0.015160438205149384,-0.18161206390574625,-0.014905264939137946,-12.493214134769634,-12.489894104199283,0.06983331662605524,0.07933765660548611,11.251130124382804
task,624,striatum,32,measured,nan,71,DLS,high_gamma,Expert,10,32,0.15758211346140677,-0.014357540752946566,0.15716706686792886,-12.462146503384055,-12.471432295044005,0.07009389378951425,0.07622218835294454,15.211880060106163
task,624,striatum,32,measured,nan,71,DLS,total,Naive,10,32,-0.0188461585489888,-0.29700940492878963,-0.03249358380539387,-11.325903907385445,-11.336696147017143,1.0,1.0,11.297149818522225
task,624,striatum,32,measured,nan,71,DLS,total,Intermediate,10,32,-0.013483666012007369,-0.18298905134667015,-0.043517622637994496,-11.33449152336971,-11.317703722174798,1.0,1.0,11.251130124382804
task,624,striatum,32,measured,nan,71,DLS,total,Expert,10,32,0.144422355343733,0.042178564837575414,0.15676870469093646,-11.299944402634893,-11.297849123165573,1.0,1.0,15.211880060106163
task,624,striatum,32,measured,nan,71,ACC,theta,Naive,10,72,0.13906486404871862,-0.09648958840781105,0.11321012088848749,-12.046603013706338,-12.002624378477748,0.13868886710109124,0.15505440737090304,11.297149818522225
task,624,striatum,32,measured,nan,71,ACC,theta,Intermediate,10,72,0.15067337200913966,-0.14473619346995825,0.11122205114957132,-12.027868733729052,-12.061376040499436,0.14080888217219775,0.1511903988921141,11.251130124382804
task,624,striatum,32,measured,nan,71,ACC,theta,Expert,10,72,0.11695385152652571,-0.15289125187383434,0.13100855571608064,-12.026946631176218,-12.05205714805124,0.13542940933734754,0.1342228471375397,15.211880060106163
task,624,striatum,32,measured,nan,71,ACC,beta,Naive,10,72,0.0597921333892284,-0.13953419750656637,0.0439710127679247,-12.126621316569395,-12.109695799796686,0.12612999814161202,0.1340181464975236,11.297149818522225
task,624,striatum,32,measured,nan,71,ACC,beta,Intermediate,10,72,0.1560373632898452,-0.229645265749924,0.13549297787209985,-12.109245483394938,-12.140096320177875,0.12643948372310837,0.1297342624856994,11.251130124382804
task,624,striatum,32,measured,nan,71,ACC,beta,Expert,10,72,0.19692108491912524,-0.11959873687670208,0.2054098697092358,-12.111736733751883,-12.120785635212505,0.1250888681996683,0.13024072861894273,15.211880060106163
task,624,striatum,32,measured,nan,71,ACC,low_gamma,Naive,10,72,-0.11142527031145064,-0.2801040073844422,-0.10245878328660384,-11.77104044142401,-11.777313464528994,0.28308057354993843,0.2957441913912199,11.297149818522225
task,624,striatum,32,measured,nan,71,ACC,low_gamma,Intermediate,10,72,-0.07367835937958464,-0.18577223479888566,-0.05583597004588741,-11.773404249932398,-11.772170238607018,0.27131127575285374,0.3087127363292258,11.251130124382804
task,624,striatum,32,measured,nan,71,ACC,low_gamma,Expert,10,72,0.1120495790848315,0.029678158432539965,0.10684709034701137,-11.759491072255711,-11.757646222105752,0.2828022539839308,0.2985324217170391,15.211880060106163
task,624,striatum,32,measured,nan,71,ACC,high_gamma,Naive,10,72,-0.19694177806500895,-0.40270821237128446,-0.18271558249277153,-12.170760642226295,-12.186427719575377,0.11018176768298707,0.11481735123210415,11.297149818522225
task,624,striatum,32,measured,nan,71,ACC,high_gamma,Intermediate,10,72,0.009736381578447278,-0.1498413356925697,0.0323426117898842,-12.149785264057469,-12.171710896921141,0.10876726282657175,0.12401335934456853,11.251130124382804
task,624,striatum,32,measured,nan,71,ACC,high_gamma,Expert,10,72,0.20845971328429763,0.07401435061125966,0.20044935251462487,-12.13573790066047,-12.13706933683186,0.11088628375528353,0.12265541389217782,15.211880060106163
task,624,striatum,32,measured,nan,71,ACC,total,Naive,10,72,-0.07279500272393141,-0.22055549079053066,-0.09591192935400888,-11.214536934172216,-11.199556952560366,1.0,1.0,11.297149818522225
task,624,striatum,32,measured,nan,71,ACC,total,Intermediate,10,72,-0.009390355506494134,-0.2880643112250407,-0.04262753892815701,-11.19811511917661,-11.236213053606193,1.0,1.0,11.251130124382804
task,624,striatum,32,measured,nan,71,ACC,total,Expert,10,72,0.13938144272417075,0.005167213207040473,0.15623214160627197,-11.187942290302477,-11.19384837432552,1.0,1.0,15.211880060106163
task,703,striatum,41,cohort_average,51.0,51,DMS,theta,Naive,10,60,0.3557093977628006,0.23939207195609002,0.3783123149173273,-8.47743861672216,-8.461881925113481,0.4779593898051787,0.500393401008713,20.426519910447617
task,703,striatum,41,cohort_average,51.0,51,DMS,theta,Intermediate,10,60,0.199056126970077,-0.15570928676746473,0.2045304197650432,-8.501128017282982,-8.583613243037568,0.43272887731572146,0.429383091522052,26.702553278937156
task,703,striatum,41,cohort_average,51.0,51,DMS,theta,Expert,10,60,0.06990914794129297,-0.29420437761167195,0.06478218946836453,-8.537285342815355,-8.599679855430672,0.39626310865437064,0.40481280159861377,28.87113611299487
task,703,striatum,41,cohort_average,51.0,51,DMS,beta,Naive,10,60,0.06959343477163152,-0.10349287795634206,0.04688466558212818,-9.209047422422227,-9.188271872964672,0.09173391469866181,0.09679219084595077,20.426519910447617
task,703,striatum,41,cohort_average,51.0,51,DMS,beta,Intermediate,10,60,0.07954101307887654,-0.12347022177270106,0.07450952314401668,-9.185235451582045,-9.19100100257565,0.0942129614437971,0.1070134106442274,26.702553278937156
task,703,striatum,41,cohort_average,51.0,51,DMS,beta,Expert,10,60,0.2151498331922072,-0.08053510215975676,0.22029887724579,-9.131902332897184,-9.180057392973927,0.10384271405546056,0.10849110702864036,28.87113611299487
task,703,striatum,41,cohort_average,51.0,51,DMS,low_gamma,Naive,10,60,-0.23513515527120604,-0.36843268980752963,-0.23121725970309429,-8.89929621809707,-8.896125369184539,0.1875279182809929,0.19851618054724396,20.426519910447617
task,703,striatum,41,cohort_average,51.0,51,DMS,low_gamma,Intermediate,10,60,0.05181759385028949,-0.22045575670799483,0.05255904894528622,-8.84127037395978,-8.869588617190187,0.2134176141487671,0.23262242257481952,26.702553278937156
task,703,striatum,41,cohort_average,51.0,51,DMS,low_gamma,Expert,10,60,0.11711789081017805,-0.0421508842878973,0.11613387286801566,-8.818027803594694,-8.836809897451657,0.21855200835993188,0.24825122176112613,28.87113611299487
task,703,striatum,41,cohort_average,51.0,51,DMS,high_gamma,Naive,10,60,-0.07610696351759692,-0.21509847992066666,-0.0738327556001269,-9.597527145158129,-9.599531988467643,0.037554872304159326,0.03898946410209701,20.426519910447617
task,703,striatum,41,cohort_average,51.0,51,DMS,high_gamma,Intermediate,10,60,0.1207945247900234,-0.1344008195797062,0.1230454441818703,-9.555845818966723,-9.578040898312407,0.040218187349000824,0.046282660202148086,26.702553278937156
task,703,striatum,41,cohort_average,51.0,51,DMS,high_gamma,Expert,10,60,0.16241512289395094,-0.09627979442838558,0.16135033868938106,-9.554371687866944,-9.580687079407626,0.041665212370824434,0.04634249215939555,28.87113611299487
task,703,striatum,41,cohort_average,51.0,51,DMS,total,Naive,10,60,0.11326207072236527,0.060359960554604346,0.10928009123369359,-8.149129595995023,-8.129643547075673,1.0,1.0,20.426519910447617
task,703,striatum,41,cohort_average,51.0,51,DMS,total,Intermediate,10,60,0.128851944304205,-0.22323139271240466,0.1286471659296755,-8.138692493421722,-8.179379636530868,1.0,1.0,26.702553278937156
task,703,striatum,41,cohort_average,51.0,51,DMS,total,Expert,10,60,0.1895975981879514,-0.20487487329875037,0.18959275343440335,-8.122592144219112,-8.180390720590696,1.0,1.0,28.87113611299487
task,703,striatum,41,cohort_average,51.0,51,ACC,theta,Naive,10,81,0.6339472349880964,0.5807624551339742,0.6331445381798209,-8.72344083005034,-8.736116898747387,0.4179077309685905,0.43896001824673814,20.426519910447617
task,703,striatum,41,cohort_average,51.0,51,ACC,theta,Intermediate,10,81,0.23393512063624922,-0.09761983191561806,0.23281081976891368,-8.844707911573074,-8.925553724469047,0.3588510813364877,0.34684547823663014,26.702553278937156
task,703,striatum,41,cohort_average,51.0,51,ACC,theta,Expert,10,81,0.10642310941701985,-0.3046432782564774,0.10499215927443062,-8.880307858064226,-8.988597657366265,0.32591135214791334,0.3195688642947093,28.87113611299487
task,703,striatum,41,cohort_average,51.0,51,ACC,beta,Naive,10,81,0.20508624139889411,0.044491444772613895,0.19249841482930072,-9.35595948931005,-9.353567427803942,0.10380394097372762,0.1144443981847386,20.426519910447617
task,703,striatum,41,cohort_average,51.0,51,ACC,beta,Intermediate,10,81,0.1638746084868202,-0.055868594431726086,0.16101208564802896,-9.357397622611657,-9.38588172300938,0.11862801856088252,0.12775739736811145,26.702553278937156
task,703,striatum,41,cohort_average,51.0,51,ACC,beta,Expert,10,81,0.2127819057802929,-0.12673592839559192,0.2161575476537578,-9.335397694313702,-9.409560499548407,0.12336915423027464,0.12698890606173494,28.87113611299487
task,703,striatum,41,cohort_average,51.0,51,ACC,low_gamma,Naive,10,81,0.1259738816863766,-0.0013036802417331881,0.14012989557930755,-9.133603183973468,-9.123385942357206,0.17754069688919347,0.19407325189609353,20.426519910447617
task,703,striatum,41,cohort_average,51.0,51,ACC,low_gamma,Intermediate,10,81,0.19573889558581845,-0.08728835811621256,0.19878939537134474,-9.110838370737746,-9.139651376317516,0.20772826341450373,0.224683535738522,26.702553278937156
task,703,striatum,41,cohort_average,51.0,51,ACC,low_gamma,Expert,10,81,0.2003743022812974,0.009232988725465543,0.19725768198215501,-9.115518574378623,-9.139701383291147,0.21197110780135583,0.24603475735400024,28.87113611299487
task,703,striatum,41,cohort_average,51.0,51,ACC,high_gamma,Naive,10,81,-0.0036032014570438835,-0.17517708109762486,0.010060249000133943,-9.794367758237435,-9.796152742735798,0.041179455617640096,0.04576378675812231,20.426519910447617
task,703,striatum,41,cohort_average,51.0,51,ACC,high_gamma,Intermediate,10,81,0.18858011403128552,-0.07160655030280583,0.19128718563592692,-9.746654602997816,-9.766404343338067,0.05189237349678695,0.05772097764336657,26.702553278937156
task,703,striatum,41,cohort_average,51.0,51,ACC,high_gamma,Expert,10,81,0.19534041780592679,-0.10391620261168813,0.19177164410068706,-9.752529319414776,-9.761426252956326,0.052182750500752335,0.059956294463813266,28.87113611299487
task,703,striatum,41,cohort_average,51.0,51,ACC,total,Naive,10,81,0.5059225953305727,0.45009914136481505,0.4867565355615313,-8.346598975411759,-8.334715236377042,1.0,1.0,20.426519910447617
task,703,striatum,41,cohort_average,51.0,51,ACC,total,Intermediate,10,81,0.2268353570498951,-0.1010914386220862,0.22190563583384412,-8.401563611228033,-8.43597460385602,1.0,1.0,26.702553278937156
task,703,striatum,41,cohort_average,51.0,51,ACC,total,Expert,10,81,0.19465737450741336,-0.19597123564487537,0.19800159910921916,-8.390646644003843,-8.468013104818274,1.0,1.0,28.87113611299487
task,727,striatum,53,measured,100.0,100,DMS,theta,Naive,10,52,0.2962890126432394,0.06918303747914067,0.2745900884822858,-12.08901065222984,-12.150108964634818,0.29939200178335607,0.2916109768017636,23.210659070201384
task,727,striatum,53,measured,100.0,100,DMS,theta,Intermediate,10,52,0.26509730603457154,0.049364355563248224,0.2688557438913284,-12.071396597374846,-12.12900987841067,0.3043511988534475,0.30419420780346196,41.7368973906257
task,727,striatum,53,measured,100.0,100,DMS,theta,Expert,10,52,0.19633326428506448,-0.06735168375883101,0.19382348323255227,-12.11100108202439,-12.169279453364773,0.2888264690113661,0.26322934940321246,37.71376613507634
task,727,striatum,53,measured,100.0,100,DMS,beta,Naive,10,52,0.011040671740630604,-0.18385084243692723,-0.07886915561503163,-12.52720495582116,-12.533126285443634,0.11564519485005059,0.12554853749766243,23.210659070201384
task,727,striatum,53,measured,100.0,100,DMS,beta,Intermediate,10,52,0.08000061925893961,-0.09731940247131887,0.09520608413607377,-12.492724586283181,-12.525431135607157,0.12558528913625433,0.1250167628043895,41.7368973906257
task,727,striatum,53,measured,100.0,100,DMS,beta,Expert,10,52,-0.043846374095928536,0.08037518983656411,-0.052278142569551656,-12.50766874184499,-12.463394152367545,0.12373343648408008,0.13645267748928547,37.71376613507634
task,727,striatum,53,measured,100.0,100,DMS,low_gamma,Naive,10,52,0.05922102098425655,-0.059379212413020875,-0.01605440620705674,-12.266928975627696,-12.276613014581068,0.21994922966985386,0.2464474259494739,23.210659070201384
task,727,striatum,53,measured,100.0,100,DMS,low_gamma,Intermediate,10,52,0.008321862164571819,-0.0658486070001749,0.023620527235798945,-12.25271020471061,-12.26987435307456,0.2213498469142466,0.24388704947798948,41.7368973906257
task,727,striatum,53,measured,100.0,100,DMS,low_gamma,Expert,10,52,0.009112411485776725,-0.03675389879362122,0.0002448191793114192,-12.24962070400278,-12.250529174934584,0.23235657870050336,0.24410325240527592,37.71376613507634
task,727,striatum,53,measured,100.0,100,DMS,high_gamma,Naive,10,52,0.004798701734564604,-0.0548930198426582,-0.042399315434055944,-12.667648899479836,-12.678536564786912,0.08910432257667503,0.10109085615433004,23.210659070201384
task,727,striatum,53,measured,100.0,100,DMS,high_gamma,Intermediate,10,52,0.05522361807888097,-0.04306903590522833,0.06377650651375805,-12.636983535560738,-12.667865777512937,0.09302806561958377,0.10138639218640039,41.7368973906257
task,727,striatum,53,measured,100.0,100,DMS,high_gamma,Expert,10,52,0.021816623789585526,0.05510650982499237,0.016851453647958127,-12.642519136204086,-12.63056052684579,0.09652573480205974,0.10780983768674085,37.71376613507634
task,727,striatum,53,measured,100.0,100,DMS,total,Naive,10,52,0.1707693615026912,-0.08754943089328017,0.07929188280406002,-11.5730301120843,-11.593314165122633,1.0,1.0,23.210659070201384
task,727,striatum,53,measured,100.0,100,DMS,total,Intermediate,10,52,0.21143539526214872,-0.04616165216122951,0.22501113655709903,-11.560931293747087,-11.602945179553176,1.0,1.0,41.7368973906257
task,727,striatum,53,measured,100.0,100,DMS,total,Expert,10,52,0.13007598369470713,0.0345162054214186,0.1196895691801384,-11.579140067668238,-11.586937620739505,1.0,1.0,37.71376613507634
task,727,striatum,53,measured,100.0,100,DLS,theta,Naive,10,110,0.15092923563819918,-0.001805797713582396,0.11072631022816401,-11.85266932016053,-11.89662549400171,0.31413736258781183,0.33413730949832365,23.210659070201384
task,727,striatum,53,measured,100.0,100,DLS,theta,Intermediate,10,110,0.13614301591406702,-0.12038922379963145,0.1398797081031832,-11.835418602667716,-11.911034733640044,0.33920284941497314,0.3201181407713829,41.7368973906257
task,727,striatum,53,measured,100.0,100,DLS,theta,Expert,10,110,0.08137342254778819,-0.19905909766432478,0.08038563846826671,-11.84973251655139,-11.934474660402245,0.3321568190407893,0.299381775418016,37.71376613507634
task,727,striatum,53,measured,100.0,100,DLS,beta,Naive,10,110,0.07304135473812448,-0.11819995931626248,-0.022413177199686274,-12.330275615106126,-12.351941248961921,0.11100287345969789,0.1214789134222384,23.210659070201384
task,727,striatum,53,measured,100.0,100,DLS,beta,Intermediate,10,110,0.02543070355368024,-0.12549286899134993,0.04433372724288011,-12.32540541477554,-12.351237438186686,0.11701138852741447,0.12248885563203699,41.7368973906257
task,727,striatum,53,measured,100.0,100,DLS,beta,Expert,10,110,0.038351474538079966,-0.05255319107344397,0.02830279444365586,-12.317074720459171,-12.316790195178918,0.11639306570916842,0.12429760835770533,37.71376613507634
task,727,striatum,53,measured,100.0,100,DLS,low_gamma,Naive,10,110,0.15742999984841424,0.10762582699428633,0.09161676407532855,-12.05541092315826,-12.043044528850718,0.21459202644523764,0.2476783278849642,23.210659070201384
task,727,striatum,53,measured,100.0,100,DLS,low_gamma,Intermediate,10,110,0.06494568716301197,-0.08289748370923511,0.07750199205887671,-12.049886006142517,-12.06716786458976,0.2212934423573248,0.24351240417239844,41.7368973906257
task,727,striatum,53,measured,100.0,100,DLS,low_gamma,Expert,10,110,0.0635787735398243,0.012369128090815138,0.057315014575844314,-12.061455927043516,-12.047547185474624,0.2176229817350639,0.23779526935963202,37.71376613507634
task,727,striatum,53,measured,100.0,100,DLS,high_gamma,Naive,10,110,0.08602931495679972,-0.0043935829711963395,0.03519649147938084,-12.481969712165778,-12.484134370648038,0.08257268688154953,0.09321941428771263,23.210659070201384
task,727,striatum,53,measured,100.0,100,DLS,high_gamma,Intermediate,10,110,0.1033158671896307,-0.043074195953439635,0.11334301630610283,-12.472627111340014,-12.484426574108994,0.08762818859773397,0.09867251018731754,41.7368973906257
task,727,striatum,53,measured,100.0,100,DLS,high_gamma,Expert,10,110,0.10682098576862817,-0.007433027475578851,0.10197647613643943,-12.479674819165389,-12.485590513226427,0.0877544608523606,0.09545257128103266,37.71376613507634
task,727,striatum,53,measured,100.0,100,DLS,total,Naive,10,110,0.16160901380120096,-0.06865940641716424,0.04522824815480396,-11.357241827570878,-11.382778946588054,1.0,1.0,23.210659070201384
task,727,striatum,53,measured,100.0,100,DLS,total,Intermediate,10,110,0.10718164361717425,-0.18485716421027787,0.12720304969402413,-11.353831973375975,-11.40065831850464,1.0,1.0,41.7368973906257
task,727,striatum,53,measured,100.0,100,DLS,total,Expert,10,110,0.08272898739472968,-0.09557451305036381,0.07233049944722077,-11.353845885016732,-11.38044092100024,1.0,1.0,37.71376613507634
task,727,striatum,53,measured,100.0,100,ACC,theta,Naive,10,52,0.17482083605896967,0.05522464450223195,0.1501238235454705,-11.649004742498258,-11.74659602938394,0.16799744499688063,0.1738423105792321,23.210659070201384
task,727,striatum,53,measured,100.0,100,ACC,theta,Intermediate,10,52,0.019117556277577975,0.05054564410360435,0.026921824953898346,-11.649406481952859,-11.732995647965065,0.16951995070314002,0.16677846755804154,41.7368973906257
task,727,striatum,53,measured,100.0,100,ACC,theta,Expert,10,52,-0.014686919021932627,-0.19973079059063653,-0.013161126470423477,-11.704798988931163,-11.833856747538299,0.16647625661654486,0.13649643843910134,37.71376613507634
task,727,striatum,53,measured,100.0,100,ACC,beta,Naive,10,52,0.026025693857232305,-0.172430349276796,-0.05024512242841982,-11.913283082483517,-11.902460400588751,0.1437528772234391,0.14286638124758777,23.210659070201384
task,727,striatum,53,measured,100.0,100,ACC,beta,Intermediate,10,52,-0.033033057331691096,-0.17032176208047362,-0.020748580748862537,-11.86128160434718,-11.882871664147935,0.14893265326418176,0.14289730377009716,41.7368973906257
task,727,striatum,53,measured,100.0,100,ACC,beta,Expert,10,52,0.023570886150396063,-0.07922960504176847,0.0159321333812693,-11.879408142843182,-11.870641224001266,0.1484153805781419,0.15119230186925756,37.71376613507634
task,727,striatum,53,measured,100.0,100,ACC,low_gamma,Naive,10,52,0.08840366240754068,0.01796681341679298,0.03210061466662836,-11.660643590383847,-11.657102513522435,0.2566651148157493,0.28248044394407834,23.210659070201384
task,727,striatum,53,measured,100.0,100,ACC,low_gamma,Intermediate,10,52,-0.011607223018851195,-0.00791204088780334,-0.0016416168711601883,-11.663643705829077,-11.64943939490231,0.2807981709913665,0.2730085211093871,41.7368973906257
task,727,striatum,53,measured,100.0,100,ACC,low_gamma,Expert,10,52,0.049911841671907584,0.03897954344062175,0.04471544568431371,-11.657512770715988,-11.656315160849793,0.26908971934554804,0.28909260643105095,37.71376613507634
task,727,striatum,53,measured,100.0,100,ACC,high_gamma,Naive,10,52,0.12931083042267266,0.12931284868497417,0.07476074006529815,-12.062760522075942,-12.046662354099993,0.11188647064262361,0.12624389248768936,23.210659070201384
task,727,striatum,53,measured,100.0,100,ACC,high_gamma,Intermediate,10,52,0.1727238304019047,0.2623368642872437,0.18207578207123332,-12.045580594017057,-12.027140129849204,0.12907246068592665,0.13844116923346123,41.7368973906257
task,727,striatum,53,measured,100.0,100,ACC,high_gamma,Expert,10,52,0.1919128995256853,0.2501053082906418,0.18732380768803963,-12.041294446670396,-12.032227477084092,0.12503588302677787,0.14248348854009385,37.71376613507634
task,727,striatum,53,measured,100.0,100,ACC,total,Naive,10,52,0.0865667264122831,-0.04821589556377942,0.025179745134903987,-10.966781437047452,-10.98425078395735,1.0,1.0,23.210659070201384
task,727,striatum,53,measured,100.0,100,ACC,total,Intermediate,10,52,-0.0017063942546855194,-0.02051206279339801,0.007660720268045703,-10.940411918759262,-10.970800180747663,1.0,1.0,41.7368973906257
task,727,striatum,53,measured,100.0,100,ACC,total,Expert,10,52,0.07251233047626161,-0.0865505235923201,0.06861832713339427,-10.953392040951183,-10.983627594305405,1.0,1.0,37.71376613507634
task,730,striatum,54,measured,109.0,109,DMS,theta,Naive,10,51,0.2366452400349969,-0.030737163205571606,0.21948450421800317,-12.27063919577823,-12.337790990630523,0.20383726538505678,0.18222344801896423,32.82058842083174
task,730,striatum,54,measured,109.0,109,DMS,theta,Intermediate,10,51,-0.0012327066281428553,-0.16180822032856645,-0.011082918925513744,-12.346636176631492,-12.388819448982627,0.17653185783464628,0.16312162660450444,33.68640140942983
task,730,striatum,54,measured,109.0,109,DMS,theta,Expert,10,51,0.14999127524707687,-0.025654059500618175,0.13529247190842902,-12.309490150471792,-12.33758182863055,0.18319755264088441,0.1770316267468408,33.79434789894943
task,730,striatum,54,measured,109.0,109,DMS,beta,Naive,10,51,-0.06111455059807611,-0.08250168491042618,-0.07695225170645192,-12.484649484578414,-12.440383189078572,0.1291907808702194,0.14045169406798985,32.82058842083174
task,730,striatum,54,measured,109.0,109,DMS,beta,Intermediate,10,51,0.04132302119780957,0.07213119687292299,0.030642886393420405,-12.43766175656969,-12.399673624022752,0.1430171064474543,0.15278055230265597,33.68640140942983
task,730,striatum,54,measured,109.0,109,DMS,beta,Expert,10,51,0.031466594037954106,0.0061790324200774694,0.01728942709311949,-12.429765097963404,-12.436030929396091,0.1375917217473633,0.14505808922999977,33.79434789894943
task,730,striatum,54,measured,109.0,109,DMS,low_gamma,Naive,10,51,-0.0880589605541696,-0.16136567960716316,-0.10610784104662432,-12.22545251312679,-12.211498846840348,0.23458823752019878,0.24947355932196658,32.82058842083174
task,730,striatum,54,measured,109.0,109,DMS,low_gamma,Intermediate,10,51,0.016612624489869623,-0.020123265370970554,0.01315641151104962,-12.193260536429259,-12.201907998236322,0.2582834108692351,0.2585302212486372,33.68640140942983
task,730,striatum,54,measured,109.0,109,DMS,low_gamma,Expert,10,51,0.044187177384277986,0.0599650758764898,0.03588902886536007,-12.18189224328937,-12.176012056616916,0.2603820684802848,0.27915122639793943,33.79434789894943
task,730,striatum,54,measured,109.0,109,DMS,high_gamma,Naive,10,51,-0.028497666784705607,-0.11430529292008429,-0.04996844924830303,-12.525992029754796,-12.535746259718488,0.12074143520288019,0.12086648528245539,32.82058842083174
task,730,striatum,54,measured,109.0,109,DMS,high_gamma,Intermediate,10,51,-0.01924018748425976,-0.024139068989295895,-0.023982309121813643,-12.508850551955282,-12.529064057124772,0.1297767830707219,0.1259955563045975,33.68640140942983
task,730,striatum,54,measured,109.0,109,DMS,high_gamma,Expert,10,51,0.061156796955104044,0.02423923169382229,0.05113098521170802,-12.492116582483503,-12.523107935998969,0.1288361904859424,0.1307956746000628,33.79434789894943
task,730,striatum,54,measured,109.0,109,DMS,total,Naive,10,51,0.0252076817676644,-0.07966473423223842,-0.006544051299822961,-11.563561917679902,-11.571229937164993,1.0,1.0,32.82058842083174
task,730,striatum,54,measured,109.0,109,DMS,total,Intermediate,10,51,-0.015916560424345354,-0.05859508977631468,-0.034587400983692236,-11.58093279601018,-11.559719470273238,1.0,1.0,33.68640140942983
task,730,striatum,54,measured,109.0,109,DMS,total,Expert,10,51,0.039583953101541954,-0.006679913969425815,0.01077560134527157,-11.558261359645067,-11.586208805873643,1.0,1.0,33.79434789894943
task,730,striatum,54,measured,109.0,109,DLS,theta,Naive,10,140,0.21332566524793622,-0.016653473765999773,0.2036284449099645,-11.994398628033613,-12.060133074590883,0.21545163260402544,0.20391101406778142,32.82058842083174
task,730,striatum,54,measured,109.0,109,DLS,theta,Intermediate,10,140,0.07417095405236496,-0.23743336711192248,0.06438211379054551,-12.064943692660494,-12.161138963513011,0.20429968544241822,0.18258107050846728,33.68640140942983
task,730,striatum,54,measured,109.0,109,DLS,theta,Expert,10,140,0.10453111441112695,-0.1324557439705348,0.09563445909909617,-12.03840294781693,-12.111706544072767,0.20920534035948524,0.20282151295988948,33.79434789894943
task,730,striatum,54,measured,109.0,109,DLS,beta,Naive,10,140,0.07370657425895952,-0.03382430244176452,0.05065873254897378,-12.313190521628975,-12.303102832646873,0.11482079886943086,0.12606387517387263,32.82058842083174
task,730,striatum,54,measured,109.0,109,DLS,beta,Intermediate,10,140,0.044565613068206895,-0.07174181290496556,0.030141035222983507,-12.316311413971217,-12.321846941254027,0.11594437313926714,0.13136936157388307,33.68640140942983
task,730,striatum,54,measured,109.0,109,DLS,beta,Expert,10,140,0.022549282693102586,-0.06692756359558329,0.009342847002710514,-12.326996933152621,-12.325579112011699,0.11840661025179733,0.12829106014180205,33.79434789894943
task,730,striatum,54,measured,109.0,109,DLS,low_gamma,Naive,10,140,0.060673356173747216,-0.10061853871736749,0.054259902691318175,-12.024435228063975,-12.036147697916551,0.22564829729792046,0.2396330212055321,32.82058842083174
task,730,striatum,54,measured,109.0,109,DLS,low_gamma,Intermediate,10,140,0.10891573888174039,-0.0836329965918427,0.1017637414449534,-12.020348609427023,-12.038437382543167,0.23619419141880343,0.25551098219253243,33.68640140942983
task,730,striatum,54,measured,109.0,109,DLS,low_gamma,Expert,10,140,0.08509222917723587,-0.05991421572720755,0.07943872321890608,-12.02342636509773,-12.035252550128348,0.24131709565338283,0.26101892552245376,33.79434789894943
task,730,striatum,54,measured,109.0,109,DLS,high_gamma,Naive,10,140,0.04172513364433328,-0.0672087436851386,0.021806997314005344,-12.371784740353954,-12.380068255657122,0.10245947103442792,0.11268975863023109,32.82058842083174
task,730,striatum,54,measured,109.0,109,DLS,high_gamma,Intermediate,10,140,0.03988081308620882,-0.08786508019136698,0.0297361090651399,-12.373462457539064,-12.38757860827659,0.10682391759512141,0.11842006754943274,33.68640140942983
task,730,striatum,54,measured,109.0,109,DLS,high_gamma,Expert,10,140,0.04958121845367461,-0.05064720548593783,0.04082958599176673,-12.37792561616995,-12.37975940920253,0.10790393202571583,0.12186987982665443,33.79434789894943
task,730,striatum,54,measured,109.0,109,DLS,total,Naive,10,140,0.2166787054680053,0.020660383635444,0.18734516356610892,-11.34709432536547,-11.372391204379323,1.0,1.0,32.82058842083174
task,730,striatum,54,measured,109.0,109,DLS,total,Intermediate,10,140,0.14397822570896426,-0.12604485772866808,0.12025364005874084,-11.36800324872199,-11.406471307349927,1.0,1.0,33.68640140942983
task,730,striatum,54,measured,109.0,109,DLS,total,Expert,10,140,0.07993809616832055,-0.1534179406468406,0.06399827316646384,-11.376043653053548,-11.406353425470343,1.0,1.0,33.79434789894943
task,730,striatum,54,measured,109.0,109,ACC,theta,Naive,10,102,0.13322996335756032,-0.08292836904640886,0.10364651911998271,-12.007613755562867,-12.093385629608452,0.15112133163933042,0.127292011383155,32.82058842083174
task,730,striatum,54,measured,109.0,109,ACC,theta,Intermediate,10,102,-0.004821445217139271,-0.1740692968930025,-0.026449821016490616,-12.095146496454339,-12.128958349242442,0.12440283209960076,0.12358515438271891,33.68640140942983
task,730,striatum,54,measured,109.0,109,ACC,theta,Expert,10,102,0.08894353426527421,0.04434221681855845,0.06443863814318894,-12.061196918958398,-11.996215234917134,0.1424896896320157,0.15738414756873903,33.79434789894943
task,730,striatum,54,measured,109.0,109,ACC,beta,Naive,10,102,-0.04406675083288657,-0.05222266551820305,-0.07330743825710485,-11.974928880417448,-11.93650756267874,0.12811193275650046,0.13988283225810222,32.82058842083174
task,730,striatum,54,measured,109.0,109,ACC,beta,Intermediate,10,102,0.03959982074660218,-0.01952228271326171,0.017561388450576476,-11.951902233973831,-11.939311154789113,0.1377098450692413,0.13523372240211767,33.68640140942983
task,730,striatum,54,measured,109.0,109,ACC,beta,Expert,10,102,0.022042470620377556,0.06325156722645747,0.000718790396828397,-11.953565854193945,-11.904423436833216,0.12671352238122707,0.13602197456053022,33.79434789894943
task,730,striatum,54,measured,109.0,109,ACC,low_gamma,Naive,10,102,-0.1033329456577556,-0.13945574529352556,-0.11785796741772822,-11.636152181088368,-11.63514659924458,0.29574873809701163,0.3009996421326928,32.82058842083174
task,730,striatum,54,measured,109.0,109,ACC,low_gamma,Intermediate,10,102,0.035872480301610804,0.061472455902042325,0.02859923160711548,-11.59694027103286,-11.590520912885694,0.30845577831121784,0.318278048911004,33.68640140942983
task,730,striatum,54,measured,109.0,109,ACC,low_gamma,Expert,10,102,0.17270369390795476,0.22623061086257784,0.16605150139852715,-11.57402194916147,-11.54932067964223,0.3039579652060023,0.29838407177297505,33.79434789894943
task,730,striatum,54,measured,109.0,109,ACC,high_gamma,Naive,10,102,0.024983502102584175,0.022204562402075835,0.01461867972125638,-11.97987066560314,-11.988069279039504,0.1126678942927461,0.11717159917004143,32.82058842083174
task,730,striatum,54,measured,109.0,109,ACC,high_gamma,Intermediate,10,102,-0.008247247208809465,0.180654860686828,-0.015410193163772859,-11.994928496539616,-11.957517023194802,0.10875040769207259,0.12057732152903022,33.68640140942983
task,730,striatum,54,measured,109.0,109,ACC,high_gamma,Expert,10,102,0.36036542007183336,0.47819183934936216,0.34762765222812775,-11.917602545389755,-11.881636295825512,0.11765379953554861,0.12337404624408382,33.79434789894943
task,730,striatum,54,measured,109.0,109,ACC,total,Naive,10,102,-0.02399583078344606,-0.06612810453793147,-0.05407467790011172,-10.99569195893726,-11.005124447837181,1.0,1.0,32.82058842083174
task,730,striatum,54,measured,109.0,109,ACC,total,Intermediate,10,102,0.008686798660239099,0.03781059742937714,-0.00499161592363378,-10.989012562353555,-10.992026599763012,1.0,1.0,33.68640140942983
task,730,striatum,54,measured,109.0,109,ACC,total,Expert,10,102,0.2173696593018959,0.3785914136909728,0.19019824092783272,-10.969431162795672,-10.950792967054177,1.0,1.0,33.79434789894943
task,731,striatum,36,measured,nan,76,DMS,theta,Naive,10,32,0.17652280009090018,0.03178044650010262,0.15534233589512436,-11.984217918112947,-12.004910171953666,0.4441456507928905,0.47603079849677643,16.88813749425854
task,731,striatum,36,measured,nan,76,DMS,theta,Intermediate,10,32,0.24144982182449684,0.08819606835166284,0.22162437480571107,-11.962240600822266,-11.988006771424864,0.4552105264609868,0.4985782873681661,18.052587431852537
task,731,striatum,36,measured,nan,76,DMS,theta,Expert,10,32,0.28879599245933363,0.12229169300735801,0.27132076311282466,-11.951010729609798,-11.955946159715646,0.4459953105348777,0.49547551448939536,17.394007836135692
task,731,striatum,36,measured,nan,76,DMS,beta,Naive,10,32,0.02858572731235625,-0.24745714780768113,0.05727220961731706,-12.766794770598343,-12.781862386093369,0.07599721109741528,0.08109160461668127,16.88813749425854
task,731,striatum,36,measured,nan,76,DMS,beta,Intermediate,10,32,0.08547006917893529,-0.3576395021159068,0.12129617775586338,-12.752374325824954,-12.827148036514732,0.07849268463281006,0.07358087448411813,18.052587431852537
task,731,striatum,36,measured,nan,76,DMS,beta,Expert,10,32,0.09472569510685044,-0.14348719155753006,0.1179161034746042,-12.749287150144582,-12.76399151636419,0.07364963014195247,0.08221417394318144,17.394007836135692
task,731,striatum,36,measured,nan,76,DMS,low_gamma,Naive,10,32,0.07425921034993194,-0.10195559596470102,0.05603995135051271,-12.46705905936378,-12.472640371112899,0.15314806669317088,0.17366049452081253,16.88813749425854
task,731,striatum,36,measured,nan,76,DMS,low_gamma,Intermediate,10,32,0.122447592568934,-0.24407046075920977,0.09966551432407314,-12.457214213713062,-12.503524493974734,0.15367994516796718,0.1590297225741966,18.052587431852537
task,731,striatum,36,measured,nan,76,DMS,low_gamma,Expert,10,32,0.17114193414533457,-0.15291622431421373,0.15675491372775102,-12.44907682536213,-12.481357627668213,0.14882797855827395,0.1598279758603413,17.394007836135692
task,731,striatum,36,measured,nan,76,DMS,high_gamma,Naive,10,32,0.10048610330014004,-0.05503480599843885,0.09000038685771211,-13.102129442890982,-13.113300146668289,0.038077008335625155,0.04345065283950947,16.88813749425854
task,731,striatum,36,measured,nan,76,DMS,high_gamma,Intermediate,10,32,0.07202886236029843,-0.18957021853090206,0.0539018990406653,-13.111267727664359,-13.13449447506997,0.036631140224112235,0.04070880137574555,18.052587431852537
task,731,striatum,36,measured,nan,76,DMS,high_gamma,Expert,10,32,0.13423262790219226,-0.07911826192501947,0.12324417793704856,-13.094651906277402,-13.112302902243623,0.034959451672880754,0.04105407575714111,17.394007836135692
task,731,striatum,36,measured,nan,76,DMS,total,Naive,10,32,0.11668576284568005,-0.09280147411729248,0.12731166629400237,-11.606055715256755,-11.64201352961087,1.0,1.0,16.88813749425854
task,731,striatum,36,measured,nan,76,DMS,total,Intermediate,10,32,0.15751893552872376,-0.05521999911836876,0.17449208171581237,-11.62275622015771,-11.63756518778226,1.0,1.0,18.052587431852537
task,731,striatum,36,measured,nan,76,DMS,total,Expert,10,32,0.28023081308215103,0.01858201892745246,0.2919657258270881,-11.601068700279164,-11.617102153659081,1.0,1.0,17.394007836135692
task,731,striatum,36,measured,nan,76,ACC,theta,Naive,10,72,0.055637294243624874,-0.08301641593395725,0.08933420236043868,-11.824350312515085,-11.85857020715968,0.3184503349778143,0.3491012625758348,16.88813749425854
task,731,striatum,36,measured,nan,76,ACC,theta,Intermediate,10,72,0.16204370940198398,0.09664673873456225,0.18680828582794018,-11.794772941992042,-11.767271401694277,0.3250102040466702,0.3595310815971068,18.052587431852537
task,731,striatum,36,measured,nan,76,ACC,theta,Expert,10,72,0.14638662356277726,0.0450208948231522,0.17021816128942602,-11.790980254375519,-11.780924855733954,0.3126392571789416,0.35118198946161405,17.394007836135692
task,731,striatum,36,measured,nan,76,ACC,beta,Naive,10,72,-0.0016951228349527325,-0.2682043131036681,0.03358215367878473,-12.327683240685083,-12.322936855610536,0.11496239053886757,0.12216431991723767,16.88813749425854
task,731,striatum,36,measured,nan,76,ACC,beta,Intermediate,10,72,-0.016703042112612358,-0.21015749007112733,0.03288155995596735,-12.332273066575882,-12.32290695351137,0.10940434374368715,0.115447195726843,18.052587431852537
task,731,striatum,36,measured,nan,76,ACC,beta,Expert,10,72,0.038474869356451,-0.20359696643256028,0.06723885393753422,-12.314015137219984,-12.290268663362511,0.11090149299991223,0.11991632355761646,17.394007836135692
task,731,striatum,36,measured,nan,76,ACC,low_gamma,Naive,10,72,-0.0817362140174476,-0.19783698120818322,-0.08241815501238223,-12.156086558148932,-12.147036079188384,0.1859429257773984,0.2050805709266888,16.88813749425854
task,731,striatum,36,measured,nan,76,ACC,low_gamma,Intermediate,10,72,-0.032425559899153036,-0.16031928627451403,-0.03489341019651036,-12.155718492204944,-12.13860403976896,0.18375515221836503,0.19603886496165093,18.052587431852537
task,731,striatum,36,measured,nan,76,ACC,low_gamma,Expert,10,72,-0.03662457691217141,-0.1760334484058419,-0.036725683696894204,-12.150723852017872,-12.12479050527568,0.17985562084200718,0.2032738089209385,17.394007836135692
task,731,striatum,36,measured,nan,76,ACC,high_gamma,Naive,10,72,-0.13772564844245305,-0.35163597648447836,-0.1477577652306771,-12.592385561101114,-12.581368045729008,0.06169211113782423,0.06792665950349201,16.88813749425854
task,731,striatum,36,measured,nan,76,ACC,high_gamma,Intermediate,10,72,0.0032801388295763487,-0.21693661419548657,-0.015737742689857975,-12.584045953765518,-12.584652213655605,0.060247041209314456,0.06620612452684829,18.052587431852537
task,731,striatum,36,measured,nan,76,ACC,high_gamma,Expert,10,72,0.0026081282168145883,-0.10944550325591336,-0.010431277019986408,-12.57640077641314,-12.563171636234063,0.060555413582539006,0.06933340829946816,17.394007836135692
task,731,striatum,36,measured,nan,76,ACC,total,Naive,10,72,-0.06566809688382261,-0.2907407465650981,-0.006748589649919372,-11.330262632783608,-11.366828523056721,1.0,1.0,16.88813749425854
task,731,striatum,36,measured,nan,76,ACC,total,Intermediate,10,72,0.03158385507797144,-0.04279434622403837,0.10033920374545771,-11.354374439113942,-11.334029645204296,1.0,1.0,18.052587431852537
task,731,striatum,36,measured,nan,76,ACC,total,Expert,10,72,0.05223649810124893,-0.10272260716307521,0.10210365803287233,-11.338559018952134,-11.335996913202493,1.0,1.0,17.394007836135692
task,822,striatum,33,measured,nan,90,DMS,theta,Naive,10,50,0.09808274502544301,-0.17373258744870618,0.12961499435890755,-11.926205853933528,-11.966330542162344,0.10073102500378023,0.0971464681820133,19.700728474996847
task,822,striatum,33,measured,nan,90,DMS,theta,Intermediate,10,50,0.10753148644847293,-0.06384352139376484,0.1254852710322053,-11.901872826678543,-11.905203355690094,0.09337015319425963,0.10657644789309229,18.665004968198176
task,822,striatum,33,measured,nan,90,DMS,theta,Expert,10,50,0.19178293996587248,-0.03446070100389945,0.18779009560274246,-11.861043321200922,-11.873506894770344,0.09975763279637859,0.10973005244126743,16.996640316970975
task,822,striatum,33,measured,nan,90,DMS,beta,Naive,10,50,0.08509150910238678,-0.09262676772801812,0.10089150521135197,-11.873596301267256,-11.844609243209863,0.12688146977105624,0.13699605753775207,19.700728474996847
task,822,striatum,33,measured,nan,90,DMS,beta,Intermediate,10,50,0.08788942573598865,-0.09169765722381358,0.09893822075378772,-11.864445523332094,-11.848057849353019,0.12385821217794858,0.13509732172050293,18.665004968198176
task,822,striatum,33,measured,nan,90,DMS,beta,Expert,10,50,0.17969700648415815,-0.26449606498153055,0.17700955506779636,-11.850228752100001,-11.89141301693139,0.12734518561379526,0.12812742865081028,16.996640316970975
task,822,striatum,33,measured,nan,90,DMS,low_gamma,Naive,10,50,-0.07138783035715282,-0.23308982247768525,-0.07757692000789226,-11.557473382599778,-11.564869443800566,0.2613395699259432,0.27035109278456915,19.700728474996847
task,822,striatum,33,measured,nan,90,DMS,low_gamma,Intermediate,10,50,0.02273743798526158,-0.15298476784079496,0.01876157838940841,-11.547050647696324,-11.540535106472284,0.2597675030011355,0.27676203099823404,18.665004968198176
task,822,striatum,33,measured,nan,90,DMS,low_gamma,Expert,10,50,0.0628580001361823,-0.22305315213064994,0.06376599533247237,-11.545699405312039,-11.562065567743826,0.2612890724987964,0.2856493665014356,16.996640316970975
task,822,striatum,33,measured,nan,90,DMS,high_gamma,Naive,10,50,-0.11204079164275116,-0.21716310549637824,-0.12608996038086306,-11.813868270765667,-11.827397709502431,0.137835164715985,0.14702438270335197,19.700728474996847
task,822,striatum,33,measured,nan,90,DMS,high_gamma,Intermediate,10,50,-0.0054064244850091075,-0.09958691051582336,-0.013549852312849789,-11.787565346043301,-11.780482026505759,0.14030245544005923,0.1546543030579769,18.665004968198176
task,822,striatum,33,measured,nan,90,DMS,high_gamma,Expert,10,50,0.15797651047338548,-0.0845224805221045,0.16016828037625466,-11.776148774449883,-11.79987104523401,0.14809228756988324,0.16702887849113535,16.996640316970975
task,822,striatum,33,measured,nan,90,DMS,total,Naive,10,50,-0.025800961249724887,-0.10780932529509846,8.890763762116685e-05,-10.92575937620903,-10.932049869712184,1.0,1.0,19.700728474996847
task,822,striatum,33,measured,nan,90,DMS,total,Intermediate,10,50,0.08767934358171166,-0.07209385500447957,0.10159356809923048,-10.921873302665494,-10.914428299586124,1.0,1.0,18.665004968198176
task,822,striatum,33,measured,nan,90,DMS,total,Expert,10,50,0.12546290215881178,-0.19236144258623522,0.12212308986870055,-10.930070864795102,-10.952418773773699,1.0,1.0,16.996640316970975
task,822,striatum,33,measured,nan,90,DLS,theta,Naive,10,94,0.18596990033288105,-0.13215847179604118,0.17628294606809236,-11.439914193908322,-11.481583600712987,0.32676714899498005,0.3310767489500237,19.700728474996847
task,822,striatum,33,measured,nan,90,DLS,theta,Intermediate,10,94,0.20195507575906485,0.026544774127550734,0.1955702616132543,-11.442324948551923,-11.437222083754808,0.34069928023191204,0.39943964766489976,18.665004968198176
task,822,striatum,33,measured,nan,90,DLS,theta,Expert,10,94,0.09407305697756604,-0.2304299469161758,0.09523561702837569,-11.471501529070714,-11.498685159093517,0.3161681986141128,0.3646848854377988,16.996640316970975
task,822,striatum,33,measured,nan,90,DLS,beta,Naive,10,94,0.09977746934270502,-0.12320804611291095,0.09611642284499462,-12.133808968373906,-12.149397886102694,0.07117087291871185,0.0806601923028871,19.700728474996847
task,822,striatum,33,measured,nan,90,DLS,beta,Intermediate,10,94,0.02399644779256252,-0.31904760463217474,0.021247835505597154,-12.157954967559874,-12.214212892205218,0.07124571283637289,0.07993441896179734,18.665004968198176
task,822,striatum,33,measured,nan,90,DLS,beta,Expert,10,94,0.1625943727144542,-0.12705703795411383,0.16316859431905903,-12.134293461945813,-12.147400837266247,0.07666190759560135,0.09119774715878808,16.996640316970975
task,822,striatum,33,measured,nan,90,DLS,low_gamma,Naive,10,94,0.0005928690476385876,-0.27414637579256984,-0.011582006286847,-11.975915529975367,-12.000754673751551,0.10566846996075471,0.11865343266730978,19.700728474996847
task,822,striatum,33,measured,nan,90,DLS,low_gamma,Intermediate,10,94,0.08046850049295917,-0.1079692401970413,0.07226761324241715,-11.961970683039263,-11.971917980889856,0.11518737730548217,0.14269700792715762,18.665004968198176
task,822,striatum,33,measured,nan,90,DLS,low_gamma,Expert,10,94,0.09800794422621792,-0.18106623912287234,0.09969994523092265,-11.963178902022042,-11.982805306636813,0.11673000227943006,0.14134038699033746,16.996640316970975
task,822,striatum,33,measured,nan,90,DLS,high_gamma,Naive,10,94,0.16751471084049635,-0.0019971887276527414,0.14536181735077114,-12.589874212679888,-12.591236713412876,0.025608735241012145,0.030288202600052258,19.700728474996847
task,822,striatum,33,measured,nan,90,DLS,high_gamma,Intermediate,10,94,0.09146908136053028,-0.1064876860462668,0.07816300354934841,-12.603782035501947,-12.618291002067757,0.026220448614613468,0.032316957415607396,18.665004968198176
task,822,striatum,33,measured,nan,90,DLS,high_gamma,Expert,10,94,0.08953531610241056,-0.209886622343009,0.09221759082954806,-12.606572998695697,-12.63126888310802,0.026295807483978043,0.03215610036900175,16.996640316970975
task,822,striatum,33,measured,nan,90,DLS,total,Naive,10,94,0.2898809953159668,0.06355730526708736,0.2712098327980788,-10.950180351052225,-10.959208951719388,1.0,1.0,19.700728474996847
task,822,striatum,33,measured,nan,90,DLS,total,Intermediate,10,94,0.16622310378666955,-0.1479061954743776,0.1548355857204184,-10.977100198242828,-10.994644925817095,1.0,1.0,18.665004968198176
task,822,striatum,33,measured,nan,90,DLS,total,Expert,10,94,0.1376643288661854,-0.2132208608470021,0.14052612707842246,-10.986817799920754,-11.016889636763764,1.0,1.0,16.996640316970975
task,822,striatum,33,measured,nan,90,ACC,theta,Naive,10,65,0.16359398102763398,-0.15138656494764485,0.19551282301704923,-11.824979777771247,-11.86921925543083,0.1569818461667025,0.16482310275680287,19.700728474996847
task,822,striatum,33,measured,nan,90,ACC,theta,Intermediate,10,65,0.15105189394986077,-0.10673823966118864,0.16500583100733268,-11.812486000020968,-11.836044530682068,0.16255385995923433,0.17590988155809414,18.665004968198176
task,822,striatum,33,measured,nan,90,ACC,theta,Expert,10,65,0.15345251925761683,-0.06906919196216835,0.1491970585991117,-11.828821167607273,-11.83219593623768,0.1545696308521119,0.1810773452364656,16.996640316970975
task,822,striatum,33,measured,nan,90,ACC,beta,Naive,10,65,-0.013269821778899479,-0.31956467544396056,0.00430499117877975,-12.040789395670028,-12.061997974122537,0.11022224692684633,0.11278158960031588,19.700728474996847
task,822,striatum,33,measured,nan,90,ACC,beta,Intermediate,10,65,0.04897896081584513,-0.2986928696403384,0.059815786336671055,-12.023023218342589,-12.048998667942415,0.11493669744562252,0.11895415796185839,18.665004968198176
task,822,striatum,33,measured,nan,90,ACC,beta,Expert,10,65,0.18339562405626614,-0.17857137274381155,0.1817199034749224,-11.99835653304467,-12.021022875737186,0.11697928216659641,0.12519170618879075,16.996640316970975
task,822,striatum,33,measured,nan,90,ACC,low_gamma,Naive,10,65,-0.10936706754860143,-0.42782544038979176,-0.10803637446409012,-11.759345107374367,-11.792699799758257,0.20268056888189837,0.2145829600078402,19.700728474996847
task,822,striatum,33,measured,nan,90,ACC,low_gamma,Intermediate,10,65,-0.0047143866579100425,-0.2813308836301659,-0.003169694421052241,-11.74852048162207,-11.763092447475646,0.21091453989344586,0.22465682321133063,18.665004968198176
task,822,striatum,33,measured,nan,90,ACC,low_gamma,Expert,10,65,0.07250543468354521,-0.24505542903092697,0.07203648574729825,-11.739193749597847,-11.76996425076332,0.20361960011060976,0.22202103746245894,16.996640316970975
task,822,striatum,33,measured,nan,90,ACC,high_gamma,Naive,10,65,0.046700375292288133,-0.23467740215347432,0.043415911245385436,-12.046381846479354,-12.075318601988483,0.10214219597178256,0.10936716197615988,19.700728474996847
task,822,striatum,33,measured,nan,90,ACC,high_gamma,Intermediate,10,65,-0.0194148600736529,-0.24448174164584155,-0.027510009060707327,-12.07067528221932,-12.085380420589162,0.09901442249502,0.1110234975846443,18.665004968198176
task,822,striatum,33,measured,nan,90,ACC,high_gamma,Expert,10,65,0.04113092402174273,-0.20058593637599006,0.04231046973287066,-12.060003205621237,-12.079071772966449,0.09791088179266523,0.10974382041275639,16.996640316970975
task,822,striatum,33,measured,nan,90,ACC,total,Naive,10,65,0.034573850499512566,-0.1153126414094204,0.0692352731159393,-11.040057782563391,-11.028232431088162,1.0,1.0,19.700728474996847
task,822,striatum,33,measured,nan,90,ACC,total,Intermediate,10,65,0.05465631756404079,-0.20478983513864799,0.07719263018811631,-11.035668249512796,-11.048937176645108,1.0,1.0,18.665004968198176
task,822,striatum,33,measured,nan,90,ACC,total,Expert,10,65,0.1398453602769393,-0.16906623223387213,0.13570494836451413,-11.027704166863268,-11.038946208955497,1.0,1.0,16.996640316970975
task,823,striatum,14,measured,92.0,92,DMS,theta,Naive,10,52,0.3553431106604008,0.18557662047577653,0.366206244829088,-11.510712481651776,-11.53949397606252,0.44798215469389335,0.46756354046117804,29.72454549981118
task,823,striatum,14,measured,92.0,92,DMS,theta,Intermediate,10,52,0.24266734403317625,0.17049047679112386,0.24984952252739573,-11.543599036723087,-11.548524303683578,0.42514831168785927,0.4517560079134988,29.85897437060898
task,823,striatum,14,measured,92.0,92,DMS,theta,Expert,10,52,0.14155488228776142,0.0751827697921382,0.1476874198843504,-11.568267128784349,-11.568048281789023,0.4178636314323584,0.4224149109732498,30.28369508048328
task,823,striatum,14,measured,92.0,92,DMS,beta,Naive,10,52,0.13026896168799829,-0.09627835588401472,0.10134267489158572,-12.290415690959422,-12.31323638403823,0.07482723907713318,0.07804546778877508,29.72454549981118
task,823,striatum,14,measured,92.0,92,DMS,beta,Intermediate,10,52,0.22792728544265634,0.017184852632867786,0.19989808071406787,-12.26646185984014,-12.283206686561499,0.08245883575751861,0.08230034159324426,29.85897437060898
task,823,striatum,14,measured,92.0,92,DMS,beta,Expert,10,52,0.15928487278820558,0.0891716445621226,0.1389074973438758,-12.269283130494376,-12.25942811861621,0.08304405653486982,0.08463248608564075,30.28369508048328
task,823,striatum,14,measured,92.0,92,DMS,low_gamma,Naive,10,52,0.025791480259614433,0.005556849519458686,0.015313719265328646,-12.076712521676328,-12.066351389475031,0.11932933643210669,0.13699334224956766,29.72454549981118
task,823,striatum,14,measured,92.0,92,DMS,low_gamma,Intermediate,10,52,0.01622283328961482,0.01880406878387638,0.0032655345727404766,-12.07888915902073,-12.06361056729414,0.12115002859992188,0.13597650468176947,29.85897437060898
task,823,striatum,14,measured,92.0,92,DMS,low_gamma,Expert,10,52,-0.009049121209338809,0.08565192377445623,-0.01985427807481662,-12.086634412041912,-12.056800907156632,0.12506516136476314,0.1409379893000498,30.28369508048328
task,823,striatum,14,measured,92.0,92,DMS,high_gamma,Naive,10,52,0.08084301575393854,0.00976896539132231,0.07263802622248822,-12.581305588801182,-12.585152765052857,0.036159920319878996,0.04131158043764306,29.72454549981118
task,823,striatum,14,measured,92.0,92,DMS,high_gamma,Intermediate,10,52,0.06739658338468328,0.11115966576814675,0.04896401602372322,-12.583273341266041,-12.578222818873524,0.03710026884613657,0.03992346000529236,29.85897437060898
task,823,striatum,14,measured,92.0,92,DMS,high_gamma,Expert,10,52,0.12232841617794121,0.08902733385474793,0.11330697300987358,-12.58728598429127,-12.575371897441233,0.03850063475056176,0.0399862109473038,30.28369508048328
task,823,striatum,14,measured,92.0,92,DMS,total,Naive,10,52,0.1675972132746229,0.027115974521820796,0.19771556763028872,-11.099333078162829,-11.120956164423138,1.0,1.0,29.72454549981118
task,823,striatum,14,measured,92.0,92,DMS,total,Intermediate,10,52,0.12181711791892935,0.10329326228562258,0.14673280257736188,-11.115385439987726,-11.102821228600266,1.0,1.0,29.85897437060898
task,823,striatum,14,measured,92.0,92,DMS,total,Expert,10,52,0.061244188221033995,0.1139008759372387,0.0814716602212614,-11.129310010301722,-11.093162181921745,1.0,1.0,30.28369508048328
task,823,striatum,14,measured,92.0,92,ACC,theta,Naive,10,81,0.24577584720013032,0.08178439179612403,0.2344877095095579,-11.908831905122538,-11.905965099812365,0.1571103326661919,0.15789940339779676,29.72454549981118
task,823,striatum,14,measured,92.0,92,ACC,theta,Intermediate,10,81,0.1333277505261517,-0.005319318983875425,0.13747460698396916,-11.947439754113491,-11.969692282240814,0.15009076787856077,0.13866446851819975,29.85897437060898
task,823,striatum,14,measured,92.0,92,ACC,theta,Expert,10,81,0.055868714676680295,-0.054316834828235516,0.06033901609295205,-11.98190007693216,-11.991963149752246,0.14297655490423375,0.1297951162340477,30.28369508048328
task,823,striatum,14,measured,92.0,92,ACC,beta,Naive,10,81,0.1239019430513715,-0.003530748199250969,0.09020549024397559,-12.073144178740419,-12.07569968725255,0.12220748221680583,0.12688420088173238,29.72454549981118
task,823,striatum,14,measured,92.0,92,ACC,beta,Intermediate,10,81,0.13913035813071303,0.02835516628034021,0.1126415449272628,-12.067462843912141,-12.072721305158213,0.12302608458617946,0.12531592623247467,29.85897437060898
task,823,striatum,14,measured,92.0,92,ACC,beta,Expert,10,81,0.08873426416634528,-0.03213319291071033,0.06763655346288841,-12.074908651131057,-12.092055124226752,0.12370779647644894,0.12053187786069434,30.28369508048328
task,823,striatum,14,measured,92.0,92,ACC,low_gamma,Naive,10,81,0.07541998082981416,-0.04556238080427788,0.0633028837100073,-11.849147147301531,-11.864824525261863,0.20661966786810226,0.2180177480234609,29.72454549981118
task,823,striatum,14,measured,92.0,92,ACC,low_gamma,Intermediate,10,81,0.07946388953526784,-0.06097039862065006,0.06539935669600341,-11.841804604880672,-11.85869899026829,0.21380360368412674,0.21212958294675435,29.85897437060898
task,823,striatum,14,measured,92.0,92,ACC,low_gamma,Expert,10,81,0.09374724126150939,0.0441378725454575,0.08347644383420622,-11.839223307498855,-11.843531613170185,0.21435478747031678,0.21229010972875145,30.28369508048328
task,823,striatum,14,measured,92.0,92,ACC,high_gamma,Naive,10,81,0.08488912466299428,0.0015777188375964855,0.06819121991326389,-12.178346117275892,-12.188239452910349,0.09023100496103832,0.09567869650303124,29.72454549981118
task,823,striatum,14,measured,92.0,92,ACC,high_gamma,Intermediate,10,81,0.15006045805572948,0.12141841993971249,0.13701220762424957,-12.162983934641701,-12.170450939087198,0.09491979718919932,0.1000822030550271,29.85897437060898
task,823,striatum,14,measured,92.0,92,ACC,high_gamma,Expert,10,81,0.22247546313524072,0.19604239568670154,0.2111309904932632,-12.150925921241795,-12.156162634875162,0.09809609018982877,0.10177002009038447,30.28369508048328
task,823,striatum,14,measured,92.0,92,ACC,total,Naive,10,81,0.12035615791408782,0.03447954600353378,0.14765348933772926,-11.082878551915561,-11.077943422263377,1.0,1.0,29.72454549981118
task,823,striatum,14,measured,92.0,92,ACC,total,Intermediate,10,81,0.09283168438496552,0.06119343724154866,0.11525489498543755,-11.088717075914563,-11.07736254558144,1.0,1.0,29.85897437060898
task,823,striatum,14,measured,92.0,92,ACC,total,Expert,10,81,0.048270195693232223,0.1261141703326264,0.06632187760464632,-11.09479460084236,-11.047029537317428,1.0,1.0,30.28369508048328
