cohort,mouse_id,probe,learning_point,epoch,n_trials,reference,measure,band,area_a,area_b,raw_r,orth_r,mi,mi_surrogate_mean,z,p,n_surrogates,mi_corrected
control,1205,striatum,41,All,18,monopolar,same_freq,theta,ACC,DLS,0.062428270024084694,0.06331939068322306,,,,,,
control,1205,striatum,41,All,18,monopolar,same_freq,low_gamma,ACC,DLS,0.05207251232710256,0.0036710047216462734,,,,,,
control,1205,striatum,41,All,18,monopolar,same_freq,high_gamma,ACC,DLS,0.03776116063556011,0.025143302830853177,,,,,,
control,1205,striatum,41,All,18,monopolar,same_freq,theta,ACC,DMS,0.00422144522593602,0.07264255941370641,,,,,,
control,1205,striatum,41,All,18,monopolar,same_freq,low_gamma,ACC,DMS,0.02838302773043426,0.011012228852363384,,,,,,
control,1205,striatum,41,All,18,monopolar,same_freq,high_gamma,ACC,DMS,0.03972842856569925,0.02329587826812568,,,,,,
control,1205,striatum,41,All,18,monopolar,same_freq,theta,DLS,DMS,0.6325029807623741,0.15919634212104244,,,,,,
control,1205,striatum,41,All,18,monopolar,same_freq,low_gamma,DLS,DMS,0.2859949568348956,0.018538546777171854,,,,,,
control,1205,striatum,41,All,18,monopolar,same_freq,high_gamma,DLS,DMS,0.19140293944154488,0.018449244688067537,,,,,,
control,1205,striatum,41,All,18,monopolar,pac_within,low_gamma,ACC,ACC,,,2.9183688749598714e-05,1.9648940545064973e-05,1.02202240461425,0.15841584158415842,100,9.53474820453374e-06
control,1205,striatum,41,All,18,monopolar,pac_within,high_gamma,ACC,ACC,,,0.0004012776078690422,1.8534678316581292e-05,44.29610179001629,0.009900990099009901,100,0.0003827429295524609
control,1205,striatum,41,All,18,monopolar,pac_within,low_gamma,DLS,DLS,,,0.0003011961652980511,1.6456374068208273e-05,33.36152791607859,0.009900990099009901,100,0.0002847397912298428
control,1205,striatum,41,All,18,monopolar,pac_within,high_gamma,DLS,DLS,,,0.0001353167816984884,1.4812076181233247e-05,20.66266473970288,0.009900990099009901,100,0.00012050470551725516
control,1205,striatum,41,All,18,monopolar,pac_within,low_gamma,DMS,DMS,,,0.00020202685945800764,1.4974216592840281e-05,29.05931845153039,0.009900990099009901,100,0.00018705264286516737
control,1205,striatum,41,All,18,monopolar,pac_within,high_gamma,DMS,DMS,,,0.00019008171166902673,1.4920594092848434e-05,31.520866993404887,0.009900990099009901,100,0.0001751611175761783
control,1205,striatum,41,All,18,monopolar,pac_between,low_gamma,ACC,DLS,,,8.644245524100117e-05,1.918794157759712e-05,8.445628598628957,0.009900990099009901,100,6.725451366340405e-05
control,1205,striatum,41,All,18,monopolar,pac_between,high_gamma,ACC,DLS,,,3.0027598591646708e-05,1.6764322770883013e-05,2.083398843942778,0.039603960396039604,100,1.3263275820763695e-05
control,1205,striatum,41,All,18,monopolar,pac_between,low_gamma,ACC,DMS,,,4.937312650240472e-05,1.7994465074029317e-05,4.071876237219352,0.009900990099009901,100,3.1378661428375405e-05
control,1205,striatum,41,All,18,monopolar,pac_between,high_gamma,ACC,DMS,,,6.207167569237206e-05,1.6802271496385638e-05,6.439475313354597,0.009900990099009901,100,4.526940419598642e-05
control,1205,striatum,41,All,18,monopolar,pac_between,low_gamma,DLS,ACC,,,1.6103499762738007e-05,1.5644216418619785e-05,0.05600874436020693,0.39603960396039606,100,4.592833441182218e-07
control,1205,striatum,41,All,18,monopolar,pac_between,high_gamma,DLS,ACC,,,0.0009868961344512426,1.6020452543591145e-05,143.75166542623126,0.009900990099009901,100,0.0009708756819076514
control,1205,striatum,41,All,18,monopolar,pac_between,low_gamma,DLS,DMS,,,0.00024287354016824586,1.586055820018929e-05,30.903651704827418,0.009900990099009901,100,0.00022701298196805658
control,1205,striatum,41,All,18,monopolar,pac_between,high_gamma,DLS,DMS,,,0.00016244538387489652,1.3945695408651546e-05,27.061665737497595,0.009900990099009901,100,0.00014849968846624497
control,1205,striatum,41,All,18,monopolar,pac_between,low_gamma,DMS,ACC,,,2.4572290308485247e-05,1.5729992386054078e-05,1.3970236374325233,0.0891089108910891,100,8.842297922431168e-06
control,1205,striatum,41,All,18,monopolar,pac_between,high_gamma,DMS,ACC,,,0.001006245803474271,1.6748213924674903e-05,140.85385982808208,0.009900990099009901,100,0.0009894975895495962
control,1205,striatum,41,All,18,monopolar,pac_between,low_gamma,DMS,DLS,,,0.0002644812755293631,1.6846471770215573e-05,28.83083124934937,0.009900990099009901,100,0.00024763480375914756
control,1205,striatum,41,All,18,monopolar,pac_between,high_gamma,DMS,DLS,,,0.00017876356623474236,1.4853462771698127e-05,28.570514482015867,0.009900990099009901,100,0.00016391010346304422
control,1205,striatum,41,All,18,bipolar,same_freq,theta,ACC,DLS,0.1758612679766699,0.055785409362322846,,,,,,
control,1205,striatum,41,All,18,bipolar,same_freq,low_gamma,ACC,DLS,0.015447339649852277,0.009995797800227331,,,,,,
control,1205,striatum,41,All,18,bipolar,same_freq,high_gamma,ACC,DLS,0.003295698460629239,0.0035554589711613445,,,,,,
control,1205,striatum,41,All,18,bipolar,same_freq,theta,ACC,DMS,0.0035537489227311964,0.014022406171152272,,,,,,
control,1205,striatum,41,All,18,bipolar,same_freq,low_gamma,ACC,DMS,0.007861335841658938,0.001866770169921168,,,,,,
control,1205,striatum,41,All,18,bipolar,same_freq,high_gamma,ACC,DMS,0.007666513280104189,0.004170153939602966,,,,,,
control,1205,striatum,41,All,18,bipolar,same_freq,theta,DLS,DMS,0.3283133333705441,0.048960425152000796,,,,,,
control,1205,striatum,41,All,18,bipolar,same_freq,low_gamma,DLS,DMS,0.047881669195854265,0.00013056220686810107,,,,,,
control,1205,striatum,41,All,18,bipolar,same_freq,high_gamma,DLS,DMS,0.0008528121654946991,-0.011004883646026326,,,,,,
control,1205,striatum,41,All,18,bipolar,pac_within,low_gamma,ACC,ACC,,,1.590204834923051e-05,1.901758404140151e-05,-0.42735936105938443,0.6237623762376238,100,-3.1155356921709977e-06
control,1205,striatum,41,All,18,bipolar,pac_within,high_gamma,ACC,ACC,,,1.5563318452664768e-05,1.7930461183682612e-05,-0.3309351654615624,0.5841584158415841,100,-2.3671427310178443e-06
control,1205,striatum,41,All,18,bipolar,pac_within,low_gamma,DLS,DLS,,,3.158791034565277e-05,1.82973779730951e-05,1.6683521623761768,0.0594059405940594,100,1.3290532372557669e-05
control,1205,striatum,41,All,18,bipolar,pac_within,high_gamma,DLS,DLS,,,1.67092140217782e-05,1.5813668316662966e-05,0.15225365163963334,0.40594059405940597,100,8.955457051152348e-07
control,1205,striatum,41,All,18,bipolar,pac_within,low_gamma,DMS,DMS,,,4.6791683457361066e-05,1.6061147170284047e-05,4.563184571005898,0.009900990099009901,100,3.0730536287077015e-05
control,1205,striatum,41,All,18,bipolar,pac_within,high_gamma,DMS,DMS,,,4.1825775656190265e-05,1.5873910678866778e-05,3.827824894469819,0.019801980198019802,100,2.5951864977323487e-05
control,1205,striatum,41,All,18,bipolar,pac_between,low_gamma,ACC,DLS,,,2.8202815586486668e-05,1.8518401997510327e-05,1.2778682693472925,0.1188118811881188,100,9.68441358897634e-06
control,1205,striatum,41,All,18,bipolar,pac_between,high_gamma,ACC,DLS,,,1.146884140390235e-05,1.807982712615767e-05,-0.7388712402227732,0.7425742574257426,100,-6.61098572225532e-06
control,1205,striatum,41,All,18,bipolar,pac_between,low_gamma,ACC,DMS,,,1.4615353754513446e-05,1.9078286408093344e-05,-0.5054912875690866,0.6534653465346535,100,-4.462932653579897e-06
control,1205,striatum,41,All,18,bipolar,pac_between,high_gamma,ACC,DMS,,,1.5092664337986748e-05,1.7566715467324015e-05,-0.35252587780452654,0.5841584158415841,100,-2.474051129337267e-06
control,1205,striatum,41,All,18,bipolar,pac_between,low_gamma,DLS,ACC,,,1.5274711792474418e-05,1.738376653787963e-05,-0.2591972740211492,0.5247524752475248,100,-2.1090547454052133e-06
control,1205,striatum,41,All,18,bipolar,pac_between,high_gamma,DLS,ACC,,,2.7090143952538664e-05,1.7268162513882808e-05,1.3495093640951585,0.10891089108910891,100,9.821981438655856e-06
control,1205,striatum,41,All,18,bipolar,pac_between,low_gamma,DLS,DMS,,,5.097531205363923e-05,1.697872653413343e-05,4.350669089545912,0.009900990099009901,100,3.3996585519505796e-05
control,1205,striatum,41,All,18,bipolar,pac_between,high_gamma,DLS,DMS,,,2.9566198736001642e-05,1.7497964483290737e-05,1.730319358017494,0.0594059405940594,100,1.2068234252710905e-05
control,1205,striatum,41,All,18,bipolar,pac_between,low_gamma,DMS,ACC,,,2.2635485568280387e-05,1.7655648529838684e-05,0.612934612075383,0.22772277227722773,100,4.979837038441703e-06
control,1205,striatum,41,All,18,bipolar,pac_between,high_gamma,DMS,ACC,,,8.192065095813119e-05,1.7647076934743473e-05,9.163907143397516,0.009900990099009901,100,6.427357402338771e-05
control,1205,striatum,41,All,18,bipolar,pac_between,low_gamma,DMS,DLS,,,2.1274913995090645e-05,1.9164760709305648e-05,0.2260448022110385,0.3465346534653465,100,2.1101532857849967e-06
control,1205,striatum,41,All,18,bipolar,pac_between,high_gamma,DMS,DLS,,,2.3525193473912915e-05,1.5055479883351436e-05,1.5051356997228194,0.09900990099009901,100,8.46971359056148e-06
control,1205,striatum,41,Naive,10,monopolar,same_freq,theta,ACC,DLS,0.06698948099625925,0.06081968116516118,,,,,,
control,1205,striatum,41,Naive,10,monopolar,same_freq,low_gamma,ACC,DLS,0.045101538950086395,0.003793067335591668,,,,,,
control,1205,striatum,41,Naive,10,monopolar,same_freq,high_gamma,ACC,DLS,0.035616108842596486,0.022076285753014638,,,,,,
control,1205,striatum,41,Naive,10,monopolar,same_freq,theta,ACC,DMS,-0.004597541799207213,0.06293401230286022,,,,,,
control,1205,striatum,41,Naive,10,monopolar,same_freq,low_gamma,ACC,DMS,0.020242478012188744,0.010067289959119548,,,,,,
control,1205,striatum,41,Naive,10,monopolar,same_freq,high_gamma,ACC,DMS,0.03284126964741548,0.012709772530696543,,,,,,
control,1205,striatum,41,Naive,10,monopolar,same_freq,theta,DLS,DMS,0.6300034540037004,0.15105664428344412,,,,,,
control,1205,striatum,41,Naive,10,monopolar,same_freq,low_gamma,DLS,DMS,0.2934550817590895,0.015029909537488392,,,,,,
control,1205,striatum,41,Naive,10,monopolar,same_freq,high_gamma,DLS,DMS,0.19885250375181024,0.019863220228947515,,,,,,
control,1205,striatum,41,Naive,10,monopolar,pac_within,low_gamma,ACC,ACC,,,2.78179808883531e-05,3.248737416544051e-05,-0.3422596132201319,0.6039603960396039,100,-4.6693932770874085e-06
control,1205,striatum,41,Naive,10,monopolar,pac_within,high_gamma,ACC,ACC,,,0.0004879035814480287,3.4027761536996e-05,30.810776029671416,0.009900990099009901,100,0.0004538758199110327
control,1205,striatum,41,Naive,10,monopolar,pac_within,low_gamma,DLS,DLS,,,0.0002829567676354234,2.877988417518029e-05,19.22059754662424,0.009900990099009901,100,0.0002541768834602431
control,1205,striatum,41,Naive,10,monopolar,pac_within,high_gamma,DLS,DLS,,,0.00011210081468984627,3.037285335709499e-05,5.682578633910024,0.009900990099009901,100,8.172796133275128e-05
control,1205,striatum,41,Naive,10,monopolar,pac_within,low_gamma,DMS,DMS,,,0.0002294548860563925,3.205250212216391e-05,14.592436777749437,0.009900990099009901,100,0.0001974023839342286
control,1205,striatum,41,Naive,10,monopolar,pac_within,high_gamma,DMS,DMS,,,0.0002234974746504081,2.7228913859381507e-05,17.153982896831504,0.009900990099009901,100,0.0001962685607910266
control,1205,striatum,41,Naive,10,monopolar,pac_between,low_gamma,ACC,DLS,,,0.00010789683930108128,3.3910768401844546e-05,4.89454916965508,0.009900990099009901,100,7.398607089923674e-05
control,1205,striatum,41,Naive,10,monopolar,pac_between,high_gamma,ACC,DLS,,,4.422421621637838e-05,3.067171944173502e-05,1.2439092079514207,0.13861386138613863,100,1.3552496774643362e-05
control,1205,striatum,41,Naive,10,monopolar,pac_between,low_gamma,ACC,DMS,,,0.00010944204908946134,3.576341913106059e-05,4.1297589999071205,0.009900990099009901,100,7.367862995840075e-05
control,1205,striatum,41,Naive,10,monopolar,pac_between,high_gamma,ACC,DMS,,,6.127735329007569e-05,3.228765443215448e-05,2.1196449000914046,0.0594059405940594,100,2.898969885792121e-05
control,1205,striatum,41,Naive,10,monopolar,pac_between,low_gamma,DLS,ACC,,,3.923589885504676e-05,2.969838177084486e-05,0.7393194381640341,0.19801980198019803,100,9.537517084201903e-06
control,1205,striatum,41,Naive,10,monopolar,pac_between,high_gamma,DLS,ACC,,,0.000991182309990001,3.4097855997664565e-05,63.497675631018886,0.009900990099009901,100,0.0009570844539923365
control,1205,striatum,41,Naive,10,monopolar,pac_between,low_gamma,DLS,DMS,,,0.0002646664834329637,2.9035544892468154e-05,16.802118198359636,0.009900990099009901,100,0.00023563093854049553
control,1205,striatum,41,Naive,10,monopolar,pac_between,high_gamma,DLS,DMS,,,0.00019348018638605134,2.716462840775712e-05,14.860944286394968,0.009900990099009901,100,0.0001663155579782942
control,1205,striatum,41,Naive,10,monopolar,pac_between,low_gamma,DMS,ACC,,,6.322457951739393e-05,3.0324176879194742e-05,2.2866872686347723,0.04950495049504951,100,3.290040263819919e-05
control,1205,striatum,41,Naive,10,monopolar,pac_between,high_gamma,DMS,ACC,,,0.0010108541733888205,3.2668594978901325e-05,69.20065524531654,0.009900990099009901,100,0.0009781855784099193
control,1205,striatum,41,Naive,10,monopolar,pac_between,low_gamma,DMS,DLS,,,0.00026375825843360736,2.8639135880851528e-05,18.14905430690618,0.009900990099009901,100,0.00023511912255275584
control,1205,striatum,41,Naive,10,monopolar,pac_between,high_gamma,DMS,DLS,,,0.00018637418621742492,2.9734381214747236e-05,12.31410738409707,0.009900990099009901,100,0.0001566398050026777
control,1205,striatum,41,Naive,10,bipolar,same_freq,theta,ACC,DLS,0.08535227322477901,0.04312361267401893,,,,,,
control,1205,striatum,41,Naive,10,bipolar,same_freq,low_gamma,ACC,DLS,0.011597701163959535,0.011196891353737061,,,,,,
control,1205,striatum,41,Naive,10,bipolar,same_freq,high_gamma,ACC,DLS,0.010686377619164085,0.011724009350706522,,,,,,
control,1205,striatum,41,Naive,10,bipolar,same_freq,theta,ACC,DMS,-0.020719941142579672,0.02143472647607616,,,,,,
control,1205,striatum,41,Naive,10,bipolar,same_freq,low_gamma,ACC,DMS,0.004436512469451166,0.005110276474189569,,,,,,
control,1205,striatum,41,Naive,10,bipolar,same_freq,high_gamma,ACC,DMS,0.012970341005342771,0.008025734269416277,,,,,,
control,1205,striatum,41,Naive,10,bipolar,same_freq,theta,DLS,DMS,0.28400422209744397,-0.0037091349418564836,,,,,,
control,1205,striatum,41,Naive,10,bipolar,same_freq,low_gamma,DLS,DMS,0.06418575541646676,0.0028573475444936647,,,,,,
control,1205,striatum,41,Naive,10,bipolar,same_freq,high_gamma,DLS,DMS,-0.0020564972102019193,-0.013005882961251422,,,,,,
control,1205,striatum,41,Naive,10,bipolar,pac_within,low_gamma,ACC,ACC,,,1.9480543669733788e-05,3.5961441015698376e-05,-1.1091426702375466,0.9504950495049505,100,-1.648089734596459e-05
control,1205,striatum,41,Naive,10,bipolar,pac_within,high_gamma,ACC,ACC,,,2.2203403931077328e-05,3.0073906039074673e-05,-0.660388700500963,0.7425742574257426,100,-7.870502107997345e-06
control,1205,striatum,41,Naive,10,bipolar,pac_within,low_gamma,DLS,DLS,,,4.061390598162566e-05,3.0352924891434385e-05,0.7824668054260105,0.19801980198019803,100,1.0260981090191272e-05
control,1205,striatum,41,Naive,10,bipolar,pac_within,high_gamma,DLS,DLS,,,3.2451720503922344e-05,2.9078676217212493e-05,0.2547139944470925,0.297029702970297,100,3.3730442867098514e-06
control,1205,striatum,41,Naive,10,bipolar,pac_within,low_gamma,DMS,DMS,,,5.8771810069159874e-05,3.2135561845369704e-05,1.8480211802823296,0.04950495049504951,100,2.663624822379017e-05
control,1205,striatum,41,Naive,10,bipolar,pac_within,high_gamma,DMS,DMS,,,7.06736388464643e-05,2.96043432629969e-05,3.6789878255296125,0.009900990099009901,100,4.10692955834674e-05
control,1205,striatum,41,Naive,10,bipolar,pac_between,low_gamma,ACC,DLS,,,4.0709414800509444e-05,3.127766017460502e-05,0.7357748935849686,0.19801980198019803,100,9.431754625904426e-06
control,1205,striatum,41,Naive,10,bipolar,pac_between,high_gamma,ACC,DLS,,,2.974319494794599e-05,3.0484160794590734e-05,-0.060822370127090165,0.49504950495049505,100,-7.409658466447447e-07
control,1205,striatum,41,Naive,10,bipolar,pac_between,low_gamma,ACC,DMS,,,2.067009084577093e-05,3.248370647654462e-05,-0.8613601723374951,0.8118811881188119,100,-1.1813615630773688e-05
control,1205,striatum,41,Naive,10,bipolar,pac_between,high_gamma,ACC,DMS,,,2.490602082238305e-05,3.1209426534371054e-05,-0.4823204480180241,0.7326732673267327,100,-6.303405711988003e-06
control,1205,striatum,41,Naive,10,bipolar,pac_between,low_gamma,DLS,ACC,,,3.531499390531827e-05,3.316765859678798e-05,0.15603166531534607,0.3564356435643564,100,2.1473353085302887e-06
control,1205,striatum,41,Naive,10,bipolar,pac_between,high_gamma,DLS,ACC,,,6.733809703512863e-05,3.03909881792155e-05,2.8761992480269103,0.019801980198019802,100,3.694710885591313e-05
control,1205,striatum,41,Naive,10,bipolar,pac_between,low_gamma,DLS,DMS,,,0.00010446872197328417,3.185754350500265e-05,5.258243707443105,0.009900990099009901,100,7.261117846828151e-05
control,1205,striatum,41,Naive,10,bipolar,pac_between,high_gamma,DLS,DMS,,,5.3607061155822767e-05,2.923372856991797e-05,2.1060144579092124,0.04950495049504951,100,2.4373332585904796e-05
control,1205,striatum,41,Naive,10,bipolar,pac_between,low_gamma,DMS,ACC,,,1.5391816262232006e-05,3.0984000755096134e-05,-1.3941509795717746,0.9603960396039604,100,-1.5592184492864127e-05
control,1205,striatum,41,Naive,10,bipolar,pac_between,high_gamma,DMS,ACC,,,0.00010164216185334857,3.041901521066536e-05,5.99375815366223,0.009900990099009901,100,7.12231466426832e-05
control,1205,striatum,41,Naive,10,bipolar,pac_between,low_gamma,DMS,DLS,,,2.4430426604704092e-05,3.0157175080632344e-05,-0.3985706069213146,0.5643564356435643,100,-5.726748475928252e-06
control,1205,striatum,41,Naive,10,bipolar,pac_between,high_gamma,DMS,DLS,,,2.5645970441092335e-05,2.9180948032549174e-05,-0.277610762869488,0.5247524752475248,100,-3.5349775914568385e-06
control,407,striatum,41,All,151,monopolar,same_freq,theta,DLS,DMS,0.4347251490459832,0.15107072942955727,,,,,,
control,407,striatum,41,All,151,monopolar,same_freq,low_gamma,DLS,DMS,0.14350808956195535,0.020394562281916183,,,,,,
control,407,striatum,41,All,151,monopolar,same_freq,high_gamma,DLS,DMS,0.09492198221699061,0.019701483368446085,,,,,,
control,407,striatum,41,All,151,monopolar,pac_within,low_gamma,DLS,DLS,,,1.3395647339131105e-06,9.941175349002986e-07,0.7923316859062927,0.2376237623762376,100,3.454471990128119e-07
control,407,striatum,41,All,151,monopolar,pac_within,high_gamma,DLS,DLS,,,6.449016996558302e-05,9.941685140034596e-07,168.73308625748453,0.009900990099009901,100,6.349600145157956e-05
control,407,striatum,41,All,151,monopolar,pac_within,low_gamma,DMS,DMS,,,7.5626981323496595e-06,1.048669919701174e-06,14.789853584718786,0.009900990099009901,100,6.514028212648486e-06
control,407,striatum,41,All,151,monopolar,pac_within,high_gamma,DMS,DMS,,,1.6776703643480806e-05,1.054431269793062e-06,36.1109736831876,0.009900990099009901,100,1.5722272373687745e-05
control,407,striatum,41,All,151,monopolar,pac_between,low_gamma,DLS,DMS,,,4.279159539944365e-06,1.033603289594338e-06,6.914337048787941,0.009900990099009901,100,3.2455562503500273e-06
control,407,striatum,41,All,151,monopolar,pac_between,high_gamma,DLS,DMS,,,2.09806475440711e-05,9.592204586439417e-07,44.699658468995366,0.009900990099009901,100,2.002142708542716e-05
control,407,striatum,41,All,151,monopolar,pac_between,low_gamma,DMS,DLS,,,5.184500840179526e-06,1.0885579605559912e-06,8.718574887533125,0.009900990099009901,100,4.095942879623535e-06
control,407,striatum,41,All,151,monopolar,pac_between,high_gamma,DMS,DLS,,,5.20507748703077e-05,1.0299689336943512e-06,112.6032884882748,0.009900990099009901,100,5.102080593661335e-05
control,407,striatum,41,All,151,bipolar,same_freq,theta,DLS,DMS,0.06490950925805795,0.03411571151407326,,,,,,
control,407,striatum,41,All,151,bipolar,same_freq,low_gamma,DLS,DMS,0.013629915644208174,0.00665510478573263,,,,,,
control,407,striatum,41,All,151,bipolar,same_freq,high_gamma,DLS,DMS,0.00819287591170305,0.0056035367566628184,,,,,,
control,407,striatum,41,All,151,bipolar,pac_within,low_gamma,DLS,DLS,,,2.5207140167398887e-06,1.0485587678749307e-06,3.2263274942356004,0.009900990099009901,100,1.472155248864958e-06
control,407,striatum,41,All,151,bipolar,pac_within,high_gamma,DLS,DLS,,,3.3660912593224155e-06,1.0079238489712495e-06,5.449967414616709,0.009900990099009901,100,2.358167410351166e-06
control,407,striatum,41,All,151,bipolar,pac_within,low_gamma,DMS,DMS,,,9.47459250122309e-07,1.0528625071599109e-06,-0.2521310635361158,0.5742574257425742,100,-1.0540325703760184e-07
control,407,striatum,41,All,151,bipolar,pac_within,high_gamma,DMS,DMS,,,7.267613756241443e-07,9.766003354468316e-07,-0.6417453835167628,0.6831683168316832,100,-2.498389598226873e-07
control,407,striatum,41,All,151,bipolar,pac_between,low_gamma,DLS,DMS,,,1.4529466586354068e-06,1.0440609431645774e-06,0.9748338922700372,0.16831683168316833,100,4.088857154708294e-07
control,407,striatum,41,All,151,bipolar,pac_between,high_gamma,DLS,DMS,,,1.5178018577600922e-06,9.86698308296261e-07,1.3911324843412796,0.12871287128712872,100,5.311035494638312e-07
control,407,striatum,41,All,151,bipolar,pac_between,low_gamma,DMS,DLS,,,1.5980981156836818e-06,1.0288712301383692e-06,1.250231547209269,0.1485148514851485,100,5.692268855453126e-07
control,407,striatum,41,All,151,bipolar,pac_between,high_gamma,DMS,DLS,,,2.9146692363571104e-06,9.1539449040778e-07,5.743128666017371,0.009900990099009901,100,1.9992747459493306e-06
control,407,striatum,41,Naive,10,monopolar,same_freq,theta,DLS,DMS,0.4599213896920508,0.06345755648806223,,,,,,
control,407,striatum,41,Naive,10,monopolar,same_freq,low_gamma,DLS,DMS,0.19907458219831628,0.054113172788714095,,,,,,
control,407,striatum,41,Naive,10,monopolar,same_freq,high_gamma,DLS,DMS,0.14501081860317402,0.05280071803581691,,,,,,
control,407,striatum,41,Naive,10,monopolar,pac_within,low_gamma,DLS,DLS,,,5.8598193023784135e-05,2.4032726086699496e-05,3.6237403307542717,0.009900990099009901,100,3.456546693708464e-05
control,407,striatum,41,Naive,10,monopolar,pac_within,high_gamma,DLS,DLS,,,6.226243632943543e-05,2.237260630390397e-05,4.391372158019291,0.009900990099009901,100,3.988983002553146e-05
control,407,striatum,41,Naive,10,monopolar,pac_within,low_gamma,DMS,DMS,,,3.072705827002277e-05,2.2378010348760695e-05,0.7186302954849932,0.2079207920792079,100,8.349047921262076e-06
control,407,striatum,41,Naive,10,monopolar,pac_within,high_gamma,DMS,DMS,,,2.4898472221517976e-05,2.38707099573594e-05,0.10925968050528248,0.4158415841584158,100,1.0277622641585748e-06
control,407,striatum,41,Naive,10,monopolar,pac_between,low_gamma,DLS,DMS,,,1.956067612268243e-05,2.3106071975467055e-05,-0.35805802512072815,0.6237623762376238,100,-3.545395852784624e-06
control,407,striatum,41,Naive,10,monopolar,pac_between,high_gamma,DLS,DMS,,,3.6125817096782966e-05,2.087869654958728e-05,1.842804370755639,0.07920792079207921,100,1.5247120547195684e-05
control,407,striatum,41,Naive,10,monopolar,pac_between,low_gamma,DMS,DLS,,,3.4279010005246565e-05,2.351278371717047e-05,1.0650683446446145,0.19801980198019803,100,1.0766226288076095e-05
control,407,striatum,41,Naive,10,monopolar,pac_between,high_gamma,DMS,DLS,,,0.00017152615842187897,2.3397289164233946e-05,14.73215463733377,0.009900990099009901,100,0.000148128869257645
control,407,striatum,41,Naive,10,bipolar,same_freq,theta,DLS,DMS,0.06084258866120881,0.010032910253756041,,,,,,
control,407,striatum,41,Naive,10,bipolar,same_freq,low_gamma,DLS,DMS,0.05074830674890315,0.03276158853684457,,,,,,
control,407,striatum,41,Naive,10,bipolar,same_freq,high_gamma,DLS,DMS,0.01796711314382752,0.012858757825525044,,,,,,
control,407,striatum,41,Naive,10,bipolar,pac_within,low_gamma,DLS,DLS,,,4.6300183968685616e-05,2.578805658960373e-05,1.898893511175315,0.0594059405940594,100,2.0512127379081884e-05
control,407,striatum,41,Naive,10,bipolar,pac_within,high_gamma,DLS,DLS,,,4.7648607935933354e-05,2.4014602741279784e-05,2.3935537598862515,0.019801980198019802,100,2.363400519465357e-05
control,407,striatum,41,Naive,10,bipolar,pac_within,low_gamma,DMS,DMS,,,3.7389604611818155e-05,2.4237324840515356e-05,1.347568360836559,0.13861386138613863,100,1.31522797713028e-05
control,407,striatum,41,Naive,10,bipolar,pac_within,high_gamma,DMS,DMS,,,4.0190605576529555e-05,2.453856724704022e-05,1.5069121439352922,0.09900990099009901,100,1.5652038329489334e-05
control,407,striatum,41,Naive,10,bipolar,pac_between,low_gamma,DLS,DMS,,,2.19791758296785e-05,2.3418803083397466e-05,-0.1509735215046656,0.5544554455445545,100,-1.4396272537189677e-06
control,407,striatum,41,Naive,10,bipolar,pac_between,high_gamma,DLS,DMS,,,2.254824514564095e-05,2.4069982273562225e-05,-0.18265659609312454,0.504950495049505,100,-1.5217371279212744e-06
control,407,striatum,41,Naive,10,bipolar,pac_between,low_gamma,DMS,DLS,,,2.1062503396651155e-05,2.5584689185626876e-05,-0.4714407371950599,0.6336633663366337,100,-4.522185788975721e-06
control,407,striatum,41,Naive,10,bipolar,pac_between,high_gamma,DMS,DLS,,,2.868513500682399e-05,2.21783708456067e-05,0.8299876289262891,0.1782178217821782,100,6.50676416121729e-06
control,407,striatum,41,Intermediate,10,monopolar,same_freq,theta,DLS,DMS,0.48636447045107983,0.08311088942146652,,,,,,
control,407,striatum,41,Intermediate,10,monopolar,same_freq,low_gamma,DLS,DMS,0.1447748333889123,0.009609348857372399,,,,,,
control,407,striatum,41,Intermediate,10,monopolar,same_freq,high_gamma,DLS,DMS,0.08442228186953525,0.003722483102929306,,,,,,
control,407,striatum,41,Intermediate,10,monopolar,pac_within,low_gamma,DLS,DLS,,,3.518771310547894e-05,2.7366443755680742e-05,0.5590160339891864,0.2376237623762376,100,7.821269349798194e-06
control,407,striatum,41,Intermediate,10,monopolar,pac_within,high_gamma,DLS,DLS,,,0.00016014056822388832,2.473085187546495e-05,14.098518761814802,0.009900990099009901,100,0.00013540971634842336
control,407,striatum,41,Intermediate,10,monopolar,pac_within,low_gamma,DMS,DMS,,,1.8173378634649608e-05,2.492519977813822e-05,-0.5387986214033528,0.6534653465346535,100,-6.7518211434886106e-06
control,407,striatum,41,Intermediate,10,monopolar,pac_within,high_gamma,DMS,DMS,,,3.831785522480177e-05,2.378074835043317e-05,1.5436201327241192,0.0891089108910891,100,1.4537106874368601e-05
control,407,striatum,41,Intermediate,10,monopolar,pac_between,low_gamma,DLS,DMS,,,2.767323523407685e-05,2.5207028563137743e-05,0.20458192723572843,0.33663366336633666,100,2.466206670939107e-06
control,407,striatum,41,Intermediate,10,monopolar,pac_between,high_gamma,DLS,DMS,,,5.7270197786618415e-05,2.3314834765046445e-05,3.52132770768227,0.0297029702970297,100,3.395536302157197e-05
control,407,striatum,41,Intermediate,10,monopolar,pac_between,low_gamma,DMS,DLS,,,4.657555212996217e-05,2.83596781239294e-05,1.3591124257226543,0.0891089108910891,100,1.8215874006032774e-05
control,407,striatum,41,Intermediate,10,monopolar,pac_between,high_gamma,DMS,DLS,,,0.00013576064628127713,2.5060950400906663e-05,11.900008258475317,0.009900990099009901,100,0.00011069969588037046
control,407,striatum,41,Intermediate,10,bipolar,same_freq,theta,DLS,DMS,0.0752141453137049,0.02786479205746429,,,,,,
control,407,striatum,41,Intermediate,10,bipolar,same_freq,low_gamma,DLS,DMS,0.019334941305932742,0.007812356251283698,,,,,,
control,407,striatum,41,Intermediate,10,bipolar,same_freq,high_gamma,DLS,DMS,0.009050975858651611,0.003181835795649582,,,,,,
control,407,striatum,41,Intermediate,10,bipolar,pac_within,low_gamma,DLS,DLS,,,2.6640987196315714e-05,2.5857958775599027e-05,0.08136024012437594,0.46534653465346537,100,7.830284207166866e-07
control,407,striatum,41,Intermediate,10,bipolar,pac_within,high_gamma,DLS,DLS,,,4.923745586876795e-05,2.536745929914969e-05,2.7372997601597993,0.0297029702970297,100,2.386999656961826e-05
control,407,striatum,41,Intermediate,10,bipolar,pac_within,low_gamma,DMS,DMS,,,2.1731453241309737e-05,2.6138365457532275e-05,-0.431196878502707,0.6237623762376238,100,-4.406912216222537e-06
control,407,striatum,41,Intermediate,10,bipolar,pac_within,high_gamma,DMS,DMS,,,1.3631823431922092e-05,2.5817122764584926e-05,-1.3001748266534003,0.9306930693069307,100,-1.2185299332662834e-05
control,407,striatum,41,Intermediate,10,bipolar,pac_between,low_gamma,DLS,DMS,,,2.8573561860346547e-05,2.673349592521121e-05,0.14855205173908784,0.42574257425742573,100,1.8400659351353382e-06
control,407,striatum,41,Intermediate,10,bipolar,pac_between,high_gamma,DLS,DMS,,,2.9344392494870202e-05,2.5483280127954754e-05,0.4506978638926575,0.31683168316831684,100,3.861112366915447e-06
control,407,striatum,41,Intermediate,10,bipolar,pac_between,low_gamma,DMS,DLS,,,3.026100800790005e-05,2.598550704969192e-05,0.3735935826098926,0.32673267326732675,100,4.275500958208132e-06
control,407,striatum,41,Intermediate,10,bipolar,pac_between,high_gamma,DMS,DLS,,,2.413256357548331e-05,2.6133647466779873e-05,-0.20055193809872118,0.5544554455445545,100,-2.001083891296562e-06
control,407,striatum,41,Expert,10,monopolar,same_freq,theta,DLS,DMS,0.4328433053877551,0.0752881704831099,,,,,,
control,407,striatum,41,Expert,10,monopolar,same_freq,low_gamma,DLS,DMS,0.14790410338518498,0.006509966358212776,,,,,,
control,407,striatum,41,Expert,10,monopolar,same_freq,high_gamma,DLS,DMS,0.1028477367441081,0.018182110515223893,,,,,,
control,407,striatum,41,Expert,10,monopolar,pac_within,low_gamma,DLS,DLS,,,2.716627335785133e-05,2.363245339159261e-05,0.32654178882554225,0.33663366336633666,100,3.5338199662587183e-06
control,407,striatum,41,Expert,10,monopolar,pac_within,high_gamma,DLS,DLS,,,0.00011305995769846463,2.2944822946163965e-05,9.24178341180083,0.009900990099009901,100,9.011513475230067e-05
control,407,striatum,41,Expert,10,monopolar,pac_within,low_gamma,DMS,DMS,,,3.06757805892355e-05,2.5128390696184342e-05,0.4890897566527313,0.25742574257425743,100,5.54738989305116e-06
control,407,striatum,41,Expert,10,monopolar,pac_within,high_gamma,DMS,DMS,,,5.273791003774461e-05,2.5102809588993793e-05,2.884045467539711,0.019801980198019802,100,2.7635100448750817e-05
control,407,striatum,41,Expert,10,monopolar,pac_between,low_gamma,DLS,DMS,,,4.0707016666305585e-05,2.4076938958133157e-05,1.2333977753865208,0.09900990099009901,100,1.6630077708172428e-05
control,407,striatum,41,Expert,10,monopolar,pac_between,high_gamma,DLS,DMS,,,7.490653693784758e-05,2.3579626735316164e-05,5.5422691910693525,0.009900990099009901,100,5.132691020253142e-05
control,407,striatum,41,Expert,10,monopolar,pac_between,low_gamma,DMS,DLS,,,3.168918720101732e-05,2.5913506295213122e-05,0.4284472579398757,0.24752475247524752,100,5.775680905804201e-06
control,407,striatum,41,Expert,10,monopolar,pac_between,high_gamma,DMS,DLS,,,8.107251985863234e-05,2.345816042799776e-05,6.008261572901441,0.009900990099009901,100,5.7614359430634576e-05
control,407,striatum,41,Expert,10,bipolar,same_freq,theta,DLS,DMS,0.1314465106745509,0.08284159580270639,,,,,,
control,407,striatum,41,Expert,10,bipolar,same_freq,low_gamma,DLS,DMS,-0.00046677520736773106,-0.002827858270612789,,,,,,
control,407,striatum,41,Expert,10,bipolar,same_freq,high_gamma,DLS,DMS,-0.00042961367119146777,0.00092484084778898,,,,,,
control,407,striatum,41,Expert,10,bipolar,pac_within,low_gamma,DLS,DLS,,,2.767948478372046e-05,2.547098219255444e-05,0.21067847104524134,0.4158415841584158,100,2.2085025911660217e-06
control,407,striatum,41,Expert,10,bipolar,pac_within,high_gamma,DLS,DLS,,,3.41467117039253e-05,2.2014049051907108e-05,1.331254530111775,0.1188118811881188,100,1.2132662652018193e-05
control,407,striatum,41,Expert,10,bipolar,pac_within,low_gamma,DMS,DMS,,,5.091479407517129e-05,2.708995816334436e-05,1.8460619988100324,0.04950495049504951,100,2.3824835911826927e-05
control,407,striatum,41,Expert,10,bipolar,pac_within,high_gamma,DMS,DMS,,,1.5096872731566727e-05,2.2827591064787145e-05,-0.9232370121477447,0.8217821782178217,100,-7.730718333220418e-06
control,407,striatum,41,Expert,10,bipolar,pac_between,low_gamma,DLS,DMS,,,2.8499259686115486e-05,2.695044897112178e-05,0.12741588270643486,0.3465346534653465,100,1.548810714993706e-06
control,407,striatum,41,Expert,10,bipolar,pac_between,high_gamma,DLS,DMS,,,2.578272409803871e-05,2.3364918642414188e-05,0.26220844059925896,0.33663366336633666,100,2.4178054556245207e-06
control,407,striatum,41,Expert,10,bipolar,pac_between,low_gamma,DMS,DLS,,,1.3377371584838509e-05,2.562507780470014e-05,-1.1740761735226803,0.9108910891089109,100,-1.2247706219861633e-05
control,407,striatum,41,Expert,10,bipolar,pac_between,high_gamma,DMS,DLS,,,3.632514895552131e-05,2.3710350392132404e-05,1.237107645123623,0.13861386138613863,100,1.2614798563388902e-05
control,513,striatum,41,All,108,monopolar,same_freq,theta,ACC,DLS,0.44900330708617364,0.18639158230941857,,,,,,
control,513,striatum,41,All,108,monopolar,same_freq,low_gamma,ACC,DLS,0.5161583551208535,0.3016658247403754,,,,,,
control,513,striatum,41,All,108,monopolar,same_freq,high_gamma,ACC,DLS,0.48089532501801857,0.28121727641504,,,,,,
control,513,striatum,41,All,108,monopolar,same_freq,theta,ACC,DMS,0.297641589370983,0.15290777749270107,,,,,,
control,513,striatum,41,All,108,monopolar,same_freq,low_gamma,ACC,DMS,0.3432771261016682,0.21517993718291306,,,,,,
control,513,striatum,41,All,108,monopolar,same_freq,high_gamma,ACC,DMS,0.3216908312871082,0.20642988706908666,,,,,,
control,513,striatum,41,All,108,monopolar,same_freq,theta,DLS,DMS,0.4529439425952264,0.138024605930734,,,,,,
control,513,striatum,41,All,108,monopolar,same_freq,low_gamma,DLS,DMS,0.3265021322444378,0.15927527117252016,,,,,,
control,513,striatum,41,All,108,monopolar,same_freq,high_gamma,DLS,DMS,0.2630498283186441,0.15036791660121515,,,,,,
control,513,striatum,41,All,108,monopolar,pac_within,low_gamma,ACC,ACC,,,3.805608083820015e-05,1.4808453593119374e-06,60.882792122638136,0.009900990099009901,100,3.6575235478888214e-05
control,513,striatum,41,All,108,monopolar,pac_within,high_gamma,ACC,ACC,,,0.0003050206732364201,1.6265426588751034e-06,468.88880624824617,0.009900990099009901,100,0.000303394130577545
control,513,striatum,41,All,108,monopolar,pac_within,low_gamma,DLS,DLS,,,3.236695538304034e-05,1.214380821795937e-06,62.364294358798006,0.009900990099009901,100,3.11525745612444e-05
control,513,striatum,41,All,108,monopolar,pac_within,high_gamma,DLS,DLS,,,7.129852771872261e-05,1.2451405928531994e-06,130.0357472083003,0.009900990099009901,100,7.005338712586941e-05
control,513,striatum,41,All,108,monopolar,pac_within,low_gamma,DMS,DMS,,,7.344597516479813e-06,1.081808670932805e-06,12.622378493017706,0.009900990099009901,100,6.262788845547008e-06
control,513,striatum,41,All,108,monopolar,pac_within,high_gamma,DMS,DMS,,,2.2925640985824932e-05,1.026893489396713e-06,51.513824161503884,0.009900990099009901,100,2.189874749642822e-05
control,513,striatum,41,All,108,monopolar,pac_between,low_gamma,ACC,DLS,,,2.4127368782896047e-05,1.1758491117477173e-06,40.482276215857546,0.009900990099009901,100,2.295151967114833e-05
control,513,striatum,41,All,108,monopolar,pac_between,high_gamma,ACC,DLS,,,6.390061899275699e-05,1.094522093667843e-06,138.601952304406,0.009900990099009901,100,6.280609689908914e-05
control,513,striatum,41,All,108,monopolar,pac_between,low_gamma,ACC,DMS,,,4.688846855215385e-05,1.1392984247524927e-06,83.96293671494155,0.009900990099009901,100,4.574917012740136e-05
control,513,striatum,41,All,108,monopolar,pac_between,high_gamma,ACC,DMS,,,7.039163421965407e-05,1.0361243381082882e-06,163.64878832871818,0.009900990099009901,100,6.935550988154579e-05
control,513,striatum,41,All,108,monopolar,pac_between,low_gamma,DLS,ACC,,,2.3571021263218127e-05,1.5027461824534865e-06,38.228394643963654,0.009900990099009901,100,2.206827508076464e-05
control,513,striatum,41,All,108,monopolar,pac_between,high_gamma,DLS,ACC,,,0.00025264957331733526,1.5259345312491264e-06,401.6369019142708,0.009900990099009901,100,0.0002511236387860861
control,513,striatum,41,All,108,monopolar,pac_between,low_gamma,DLS,DMS,,,4.317639740098993e-05,1.1000842739057172e-06,83.92580754238483,0.009900990099009901,100,4.207631312708421e-05
control,513,striatum,41,All,108,monopolar,pac_between,high_gamma,DLS,DMS,,,0.00011795615684891281,9.71885050738152e-07,291.3595532295572,0.009900990099009901,100,0.00011698427179817466
control,513,striatum,41,All,108,monopolar,pac_between,low_gamma,DMS,ACC,,,2.7357119855664017e-06,1.4899836486690515e-06,1.8134730652628337,0.07920792079207921,100,1.2457283368973502e-06
control,513,striatum,41,All,108,monopolar,pac_between,high_gamma,DMS,ACC,,,0.00013343837911169824,1.5512579451068493e-06,180.42387588652363,0.009900990099009901,100,0.0001318871211665914
control,513,striatum,41,All,108,monopolar,pac_between,low_gamma,DMS,DLS,,,3.8083616941064764e-05,1.3012191330880304e-06,63.55406645762249,0.009900990099009901,100,3.678239780797673e-05
control,513,striatum,41,All,108,monopolar,pac_between,high_gamma,DMS,DLS,,,3.9385112326731815e-05,1.1055711099302126e-06,81.2207413568917,0.009900990099009901,100,3.8279541216801604e-05
control,513,striatum,41,All,108,bipolar,same_freq,theta,ACC,DLS,0.19645337119432188,0.14761861437320856,,,,,,
control,513,striatum,41,All,108,bipolar,same_freq,low_gamma,ACC,DLS,0.2706849256156617,0.204866515788656,,,,,,
control,513,striatum,41,All,108,bipolar,same_freq,high_gamma,ACC,DLS,0.276251221595423,0.21044511337196836,,,,,,
control,513,striatum,41,All,108,bipolar,same_freq,theta,ACC,DMS,0.13108098134012786,0.08775689807342543,,,,,,
control,513,striatum,41,All,108,bipolar,same_freq,low_gamma,ACC,DMS,0.18508622515448545,0.139649873468493,,,,,,
control,513,striatum,41,All,108,bipolar,same_freq,high_gamma,ACC,DMS,0.19200390431673847,0.14287587767251758,,,,,,
control,513,striatum,41,All,108,bipolar,same_freq,theta,DLS,DMS,0.11884120600281484,0.07102759913003492,,,,,,
control,513,striatum,41,All,108,bipolar,same_freq,low_gamma,DLS,DMS,0.12106958830090522,0.0831749270924038,,,,,,
control,513,striatum,41,All,108,bipolar,same_freq,high_gamma,DLS,DMS,0.12900245599896798,0.0898991749587415,,,,,,
control,513,striatum,41,All,108,bipolar,pac_within,low_gamma,ACC,ACC,,,2.1537996356883257e-05,1.480023871856739e-06,27.46075444999712,0.009900990099009901,100,2.005797248502652e-05
control,513,striatum,41,All,108,bipolar,pac_within,high_gamma,ACC,ACC,,,3.1146882563745884e-05,1.4114377510405756e-06,51.51492079380876,0.009900990099009901,100,2.9735444812705308e-05
control,513,striatum,41,All,108,bipolar,pac_within,low_gamma,DLS,DLS,,,1.1610159273476164e-06,1.126217868420802e-06,0.07364965965738314,0.4158415841584158,100,3.479805892681436e-08
control,513,striatum,41,All,108,bipolar,pac_within,high_gamma,DLS,DLS,,,1.3053701361455341e-06,9.894182712658778e-07,0.8980537830681474,0.21782178217821782,100,3.159518648796563e-07
control,513,striatum,41,All,108,bipolar,pac_within,low_gamma,DMS,DMS,,,1.8282569009818974e-06,1.0342560687803135e-06,2.182462630095614,0.039603960396039604,100,7.940008322015839e-07
control,513,striatum,41,All,108,bipolar,pac_within,high_gamma,DMS,DMS,,,1.2213731958518444e-06,9.274675923849409e-07,0.9291331380894222,0.1485148514851485,100,2.9390560346690357e-07
control,513,striatum,41,All,108,bipolar,pac_between,low_gamma,ACC,DLS,,,1.8873143377515003e-06,1.0799972208884712e-06,1.6072476523245045,0.06930693069306931,100,8.073171168630291e-07
control,513,striatum,41,All,108,bipolar,pac_between,high_gamma,ACC,DLS,,,1.2300126906105781e-06,1.04572747125177e-06,0.45573569795310936,0.24752475247524752,100,1.8428521935880817e-07
control,513,striatum,41,All,108,bipolar,pac_between,low_gamma,ACC,DMS,,,3.541134837225767e-06,1.089993762998682e-06,5.84008034711252,0.009900990099009901,100,2.4511410742270847e-06
control,513,striatum,41,All,108,bipolar,pac_between,high_gamma,ACC,DMS,,,1.8540494442362885e-06,9.305297599939863e-07,2.3521658932750378,0.039603960396039604,100,9.235196842423022e-07
control,513,striatum,41,All,108,bipolar,pac_between,low_gamma,DLS,ACC,,,4.364895803567029e-06,1.4172439431912685e-06,5.312370873042592,0.009900990099009901,100,2.9476518603757604e-06
control,513,striatum,41,All,108,bipolar,pac_between,high_gamma,DLS,ACC,,,1.7918193401731862e-05,1.3355866255976671e-06,32.812267717052286,0.009900990099009901,100,1.6582606776134195e-05
control,513,striatum,41,All,108,bipolar,pac_between,low_gamma,DLS,DMS,,,2.0046814272934606e-06,1.03644256451083e-06,2.1455553330020893,0.06930693069306931,100,9.682388627826305e-07
control,513,striatum,41,All,108,bipolar,pac_between,high_gamma,DLS,DMS,,,2.7974659639279976e-06,9.568459180668216e-07,5.528368369411264,0.009900990099009901,100,1.840620045861176e-06
control,513,striatum,41,All,108,bipolar,pac_between,low_gamma,DMS,ACC,,,8.418793430925739e-06,1.4579123883277773e-06,11.654491804622696,0.009900990099009901,100,6.960881042597962e-06
control,513,striatum,41,All,108,bipolar,pac_between,high_gamma,DMS,ACC,,,2.3008439583372853e-05,1.464419305289393e-06,34.351454298137874,0.009900990099009901,100,2.154402027808346e-05
control,513,striatum,41,All,108,bipolar,pac_between,low_gamma,DMS,DLS,,,2.8870498507412502e-06,1.1098629634978423e-06,3.9413031743615567,0.009900990099009901,100,1.777186887243408e-06
control,513,striatum,41,All,108,bipolar,pac_between,high_gamma,DMS,DLS,,,9.80036610493032e-07,1.0677146790882212e-06,-0.19740210150050724,0.4752475247524752,100,-8.767806859518918e-08
control,513,striatum,41,Naive,10,monopolar,same_freq,theta,ACC,DLS,0.4289059520142345,-0.07892530607324097,,,,,,
control,513,striatum,41,Naive,10,monopolar,same_freq,low_gamma,ACC,DLS,0.24964935582507558,0.018028740359469803,,,,,,
control,513,striatum,41,Naive,10,monopolar,same_freq,high_gamma,ACC,DLS,0.20747428406788215,0.010930539161601915,,,,,,
control,513,striatum,41,Naive,10,monopolar,same_freq,theta,ACC,DMS,0.23504096165535904,-0.01698801522325627,,,,,,
control,513,striatum,41,Naive,10,monopolar,same_freq,low_gamma,ACC,DMS,0.1116520173904527,0.006892077481145222,,,,,,
control,513,striatum,41,Naive,10,monopolar,same_freq,high_gamma,ACC,DMS,0.07405670580572615,0.004919855684476952,,,,,,
control,513,striatum,41,Naive,10,monopolar,same_freq,theta,DLS,DMS,0.44183812479762935,0.005209928122784838,,,,,,
control,513,striatum,41,Naive,10,monopolar,same_freq,low_gamma,DLS,DMS,0.1710979959341345,0.009267089168319366,,,,,,
control,513,striatum,41,Naive,10,monopolar,same_freq,high_gamma,DLS,DMS,0.09382120205496598,0.008574315788239216,,,,,,
control,513,striatum,41,Naive,10,monopolar,pac_within,low_gamma,ACC,ACC,,,6.397363471844212e-05,2.959811768702079e-05,2.4952703328363026,0.039603960396039604,100,3.437551703142133e-05
control,513,striatum,41,Naive,10,monopolar,pac_within,high_gamma,ACC,ACC,,,0.0003121558098319873,2.9733611359646306e-05,21.680593478825067,0.009900990099009901,100,0.00028242219847234105
control,513,striatum,41,Naive,10,monopolar,pac_within,low_gamma,DLS,DLS,,,0.00018090236504253186,2.7474067995998875e-05,10.73245350500988,0.009900990099009901,100,0.00015342829704653298
control,513,striatum,41,Naive,10,monopolar,pac_within,high_gamma,DLS,DLS,,,0.00010917280248135284,2.5999633049820273e-05,8.212446901788944,0.009900990099009901,100,8.317316943153258e-05
control,513,striatum,41,Naive,10,monopolar,pac_within,low_gamma,DMS,DMS,,,2.8395511449689317e-05,2.6371527460752917e-05,0.1767277639704332,0.39603960396039606,100,2.0239839889364004e-06
control,513,striatum,41,Naive,10,monopolar,pac_within,high_gamma,DMS,DMS,,,6.271732006192316e-05,2.5374242174713424e-05,3.8358941439435172,0.009900990099009901,100,3.734307788720974e-05
control,513,striatum,41,Naive,10,monopolar,pac_between,low_gamma,ACC,DLS,,,0.0001627449772274228,3.1465424237928734e-05,9.921503364800715,0.009900990099009901,100,0.00013127955298949408
control,513,striatum,41,Naive,10,monopolar,pac_between,high_gamma,ACC,DLS,,,8.356181730799678e-05,2.7365906261711268e-05,4.903097483512638,0.009900990099009901,100,5.6195911046285504e-05
control,513,striatum,41,Naive,10,monopolar,pac_between,low_gamma,ACC,DMS,,,2.7314243189678806e-05,2.8700143834762937e-05,-0.10779202178094457,0.43564356435643564,100,-1.385900645084131e-06
control,513,striatum,41,Naive,10,monopolar,pac_between,high_gamma,ACC,DMS,,,5.057266296161838e-05,2.6093334836338085e-05,2.23451630287828,0.0594059405940594,100,2.4479328125280294e-05
control,513,striatum,41,Naive,10,monopolar,pac_between,low_gamma,DLS,ACC,,,1.3281848632981735e-05,2.9552553928036267e-05,-1.186493130632128,0.9108910891089109,100,-1.6270705295054532e-05
control,513,striatum,41,Naive,10,monopolar,pac_between,high_gamma,DLS,ACC,,,0.0004479328957057456,3.0582498232504285e-05,32.07036415103196,0.009900990099009901,100,0.0004173503974732413
control,513,striatum,41,Naive,10,monopolar,pac_between,low_gamma,DLS,DMS,,,5.5000366486243536e-05,2.764771564092279e-05,2.0835028264255557,0.039603960396039604,100,2.7352650845320744e-05
control,513,striatum,41,Naive,10,monopolar,pac_between,high_gamma,DLS,DMS,,,4.307977429340611e-05,2.6082573251184144e-05,1.7111863090628432,0.06930693069306931,100,1.6997201042221967e-05
control,513,striatum,41,Naive,10,monopolar,pac_between,low_gamma,DMS,ACC,,,1.8529305490643732e-05,2.8953990826675425e-05,-0.757682410029305,0.7722772277227723,100,-1.0424685336031693e-05
control,513,striatum,41,Naive,10,monopolar,pac_between,high_gamma,DMS,ACC,,,0.00039565805010577257,2.952794649284541e-05,28.669657071180158,0.009900990099009901,100,0.00036613010361292715
control,513,striatum,41,Naive,10,monopolar,pac_between,low_gamma,DMS,DLS,,,0.0001952726756865301,2.8417552796133893e-05,13.57276019687491,0.009900990099009901,100,0.00016685512289039622
control,513,striatum,41,Naive,10,monopolar,pac_between,high_gamma,DMS,DLS,,,0.00016440354295358542,2.689356361844808e-05,11.694230756674855,0.009900990099009901,100,0.00013750997933513733
control,513,striatum,41,Naive,10,bipolar,same_freq,theta,ACC,DLS,0.04404640503386773,0.03950071588831583,,,,,,
control,513,striatum,41,Naive,10,bipolar,same_freq,low_gamma,ACC,DLS,0.004122541656326462,0.008921610387050923,,,,,,
control,513,striatum,41,Naive,10,bipolar,same_freq,high_gamma,ACC,DLS,0.008438920769358968,0.007547209062478971,,,,,,
control,513,striatum,41,Naive,10,bipolar,same_freq,theta,ACC,DMS,0.06159088214983537,0.023715911080209057,,,,,,
control,513,striatum,41,Naive,10,bipolar,same_freq,low_gamma,ACC,DMS,0.00025061493402267086,-0.0034669065760574123,,,,,,
control,513,striatum,41,Naive,10,bipolar,same_freq,high_gamma,ACC,DMS,0.000530215282196591,-0.0037749423523065068,,,,,,
control,513,striatum,41,Naive,10,bipolar,same_freq,theta,DLS,DMS,0.06509808515529801,0.01191553305205852,,,,,,
control,513,striatum,41,Naive,10,bipolar,same_freq,low_gamma,DLS,DMS,0.011260992649496478,-0.003708074934820812,,,,,,
control,513,striatum,41,Naive,10,bipolar,same_freq,high_gamma,DLS,DMS,0.009814967051336618,0.004321487388346932,,,,,,
control,513,striatum,41,Naive,10,bipolar,pac_within,low_gamma,ACC,ACC,,,3.875616920701816e-05,2.8581118765266257e-05,0.8882833525501466,0.2079207920792079,100,1.0175050441751904e-05
control,513,striatum,41,Naive,10,bipolar,pac_within,high_gamma,ACC,ACC,,,7.982870747953341e-05,2.8609294864396554e-05,4.195679974965723,0.009900990099009901,100,5.1219412615136854e-05
control,513,striatum,41,Naive,10,bipolar,pac_within,low_gamma,DLS,DLS,,,2.4690559935812373e-05,2.9838481926099963e-05,-0.4353924865840742,0.6336633663366337,100,-5.14792199028759e-06
control,513,striatum,41,Naive,10,bipolar,pac_within,high_gamma,DLS,DLS,,,3.4998799987615356e-05,2.875636875913108e-05,0.5296541597767764,0.25742574257425743,100,6.242431228484276e-06
control,513,striatum,41,Naive,10,bipolar,pac_within,low_gamma,DMS,DMS,,,6.276990522239849e-05,3.115730140053926e-05,2.4580389326960366,0.019801980198019802,100,3.161260382185923e-05
control,513,striatum,41,Naive,10,bipolar,pac_within,high_gamma,DMS,DMS,,,2.7297057609609862e-05,3.1227018615888065e-05,-0.35881437751368805,0.5445544554455446,100,-3.929961006278203e-06
control,513,striatum,41,Naive,10,bipolar,pac_between,low_gamma,ACC,DLS,,,3.1921884810935215e-05,2.8137255639276148e-05,0.28293263250671197,0.3069306930693069,100,3.7846291716590672e-06
control,513,striatum,41,Naive,10,bipolar,pac_between,high_gamma,ACC,DLS,,,1.9842939651852656e-05,2.9563857732509247e-05,-0.8262752045686123,0.801980198019802,100,-9.720918080656591e-06
control,513,striatum,41,Naive,10,bipolar,pac_between,low_gamma,ACC,DMS,,,4.7078492542282315e-05,2.8783576728011118e-05,1.5964092514899098,0.0594059405940594,100,1.8294915814271198e-05
control,513,striatum,41,Naive,10,bipolar,pac_between,high_gamma,ACC,DMS,,,2.140317935512201e-05,2.9393849775362756e-05,-0.6825832650704299,0.7623762376237624,100,-7.990670420240746e-06
control,513,striatum,41,Naive,10,bipolar,pac_between,low_gamma,DLS,ACC,,,1.320158702231375e-05,3.209748131279722e-05,-1.4846954537802706,0.9504950495049505,100,-1.889589429048347e-05
control,513,striatum,41,Naive,10,bipolar,pac_between,high_gamma,DLS,ACC,,,4.8606777476096946e-05,2.8424136067721585e-05,1.763167720467673,0.039603960396039604,100,2.018264140837536e-05
control,513,striatum,41,Naive,10,bipolar,pac_between,low_gamma,DLS,DMS,,,3.0707868621171284e-05,2.7999153753852034e-05,0.25770321662141743,0.36633663366336633,100,2.708714867319249e-06
control,513,striatum,41,Naive,10,bipolar,pac_between,high_gamma,DLS,DMS,,,3.0080080934724366e-05,2.9448114165749015e-05,0.05317586447317678,0.42574257425742573,100,6.319667689753514e-07
control,513,striatum,41,Naive,10,bipolar,pac_between,low_gamma,DMS,ACC,,,2.5277272060138685e-05,2.994849216644482e-05,-0.3557781988535131,0.5643564356435643,100,-4.6712201063061365e-06
control,513,striatum,41,Naive,10,bipolar,pac_between,high_gamma,DMS,ACC,,,3.172104041941089e-05,2.9352503337212628e-05,0.20299256833284568,0.38613861386138615,100,2.368537082198263e-06
control,513,striatum,41,Naive,10,bipolar,pac_between,low_gamma,DMS,DLS,,,1.9526509112982074e-05,2.982714814980036e-05,-0.748908605045186,0.7425742574257426,100,-1.0300639036818287e-05
control,513,striatum,41,Naive,10,bipolar,pac_between,high_gamma,DMS,DLS,,,2.4607644790902864e-05,2.8839038159281012e-05,-0.3597054412108355,0.6039603960396039,100,-4.231393368378148e-06
control,513,striatum,41,Intermediate,10,monopolar,same_freq,theta,ACC,DLS,0.36466698398462416,-0.12185702756069886,,,,,,
control,513,striatum,41,Intermediate,10,monopolar,same_freq,low_gamma,ACC,DLS,0.24637643107587795,0.00854908331847579,,,,,,
control,513,striatum,41,Intermediate,10,monopolar,same_freq,high_gamma,ACC,DLS,0.19765302355817332,-0.004414328528415168,,,,,,
control,513,striatum,41,Intermediate,10,monopolar,same_freq,theta,ACC,DMS,0.22294490816775578,-0.043270414825846946,,,,,,
control,513,striatum,41,Intermediate,10,monopolar,same_freq,low_gamma,ACC,DMS,0.10732761132628676,0.008531485484130227,,,,,,
control,513,striatum,41,Intermediate,10,monopolar,same_freq,high_gamma,ACC,DMS,0.0939553194107866,0.005648199892745389,,,,,,
control,513,striatum,41,Intermediate,10,monopolar,same_freq,theta,DLS,DMS,0.4580283259947545,0.017676385200176517,,,,,,
control,513,striatum,41,Intermediate,10,monopolar,same_freq,low_gamma,DLS,DMS,0.1675863858717982,0.015535034981916234,,,,,,
control,513,striatum,41,Intermediate,10,monopolar,same_freq,high_gamma,DLS,DMS,0.08416036336931204,0.002822778702648248,,,,,,
control,513,striatum,41,Intermediate,10,monopolar,pac_within,low_gamma,ACC,ACC,,,4.53457394364758e-05,5.066865111836256e-05,-0.22963027905914704,0.5742574257425742,100,-5.322911681886757e-06
control,513,striatum,41,Intermediate,10,monopolar,pac_within,high_gamma,ACC,ACC,,,0.0003968689966356219,5.357193954698191e-05,14.376163493322194,0.009900990099009901,100,0.00034329705708863997
control,513,striatum,41,Intermediate,10,monopolar,pac_within,low_gamma,DLS,DLS,,,0.0002316980499569035,4.212502206231988e-05,9.77384008756245,0.009900990099009901,100,0.00018957302789458362
control,513,striatum,41,Intermediate,10,monopolar,pac_within,high_gamma,DLS,DLS,,,8.95505030388259e-05,4.4239777776119186e-05,2.090714709438214,0.04950495049504951,100,4.531072526270671e-05
control,513,striatum,41,Intermediate,10,monopolar,pac_within,low_gamma,DMS,DMS,,,5.2798173665104675e-05,4.818727112839854e-05,0.1885673096413258,0.33663366336633666,100,4.610902536706136e-06
control,513,striatum,41,Intermediate,10,monopolar,pac_within,high_gamma,DMS,DMS,,,0.00011442930157303145,4.402290314430777e-05,4.055946828973455,0.009900990099009901,100,7.040639842872368e-05
control,513,striatum,41,Intermediate,10,monopolar,pac_between,low_gamma,ACC,DLS,,,0.00010847742788976684,4.4459506286586286e-05,3.3277037439566706,0.009900990099009901,100,6.401792160318055e-05
control,513,striatum,41,Intermediate,10,monopolar,pac_between,high_gamma,ACC,DLS,,,9.147621510207309e-05,4.5879790596869e-05,2.5441506036410506,0.04950495049504951,100,4.559642450520409e-05
control,513,striatum,41,Intermediate,10,monopolar,pac_between,low_gamma,ACC,DMS,,,6.614318945743765e-05,4.821255654636567e-05,0.9524933022171562,0.18811881188118812,100,1.7930632911071974e-05
control,513,striatum,41,Intermediate,10,monopolar,pac_between,high_gamma,ACC,DMS,,,8.988010812999698e-05,4.78980553133207e-05,2.2921636702856287,0.019801980198019802,100,4.1982052816676284e-05
control,513,striatum,41,Intermediate,10,monopolar,pac_between,low_gamma,DLS,ACC,,,2.488470671044089e-05,4.685122227320042e-05,-1.1780903264940426,0.8613861386138614,100,-2.1966515562759527e-05
control,513,striatum,41,Intermediate,10,monopolar,pac_between,high_gamma,DLS,ACC,,,0.0005491975632104675,4.78635135268486e-05,28.885401261922365,0.009900990099009901,100,0.0005013340496836189
control,513,striatum,41,Intermediate,10,monopolar,pac_between,low_gamma,DLS,DMS,,,5.1739701069903025e-05,4.610812038854555e-05,0.25875046970129617,0.3564356435643564,100,5.631580681357478e-06
control,513,striatum,41,Intermediate,10,monopolar,pac_between,high_gamma,DLS,DMS,,,0.0001148604729571997,4.405370017964591e-05,3.45234907899018,0.009900990099009901,100,7.080677277755378e-05
control,513,striatum,41,Intermediate,10,monopolar,pac_between,low_gamma,DMS,ACC,,,6.023264231168213e-05,5.045091151660655e-05,0.41579756150155445,0.26732673267326734,100,9.781730795075577e-06
control,513,striatum,41,Intermediate,10,monopolar,pac_between,high_gamma,DMS,ACC,,,0.0006258956669919442,4.608701736482571e-05,32.68866442819289,0.009900990099009901,100,0.0005798086496271185
control,513,striatum,41,Intermediate,10,monopolar,pac_between,low_gamma,DMS,DLS,,,0.00023427071826730495,4.44683873078074e-05,10.3056717508116,0.009900990099009901,100,0.00018980233095949753
control,513,striatum,41,Intermediate,10,monopolar,pac_between,high_gamma,DMS,DLS,,,8.825024873253379e-05,4.180818471369085e-05,2.2245236240425608,0.0594059405940594,100,4.6442064018842934e-05
control,513,striatum,41,Intermediate,10,bipolar,same_freq,theta,ACC,DLS,-0.001215212432079565,-0.021262690670683836,,,,,,
control,513,striatum,41,Intermediate,10,bipolar,same_freq,low_gamma,ACC,DLS,-0.008364739584936531,-0.004951350688964284,,,,,,
control,513,striatum,41,Intermediate,10,bipolar,same_freq,high_gamma,ACC,DLS,-0.004237400881855192,-0.004903466866917889,,,,,,
control,513,striatum,41,Intermediate,10,bipolar,same_freq,theta,ACC,DMS,0.07547290690487954,0.05173137418234931,,,,,,
control,513,striatum,41,Intermediate,10,bipolar,same_freq,low_gamma,ACC,DMS,-0.0011859773815639948,-0.0076075802767394006,,,,,,
control,513,striatum,41,Intermediate,10,bipolar,same_freq,high_gamma,ACC,DMS,-0.002097829552648032,-0.0014870205444067845,,,,,,
control,513,striatum,41,Intermediate,10,bipolar,same_freq,theta,DLS,DMS,0.15476668382009096,0.10328172217453874,,,,,,
control,513,striatum,41,Intermediate,10,bipolar,same_freq,low_gamma,DLS,DMS,0.01023451868741945,0.0054064046486897764,,,,,,
control,513,striatum,41,Intermediate,10,bipolar,same_freq,high_gamma,DLS,DMS,0.007343926050337328,0.0010713843920995034,,,,,,
control,513,striatum,41,Intermediate,10,bipolar,pac_within,low_gamma,ACC,ACC,,,9.452400550173949e-05,4.7841421190126306e-05,2.438441744573723,0.019801980198019802,100,4.6682584311613185e-05
control,513,striatum,41,Intermediate,10,bipolar,pac_within,high_gamma,ACC,ACC,,,4.2915422581592425e-05,4.534527741580398e-05,-0.1377548249045817,0.5148514851485149,100,-2.4298548342115546e-06
control,513,striatum,41,Intermediate,10,bipolar,pac_within,low_gamma,DLS,DLS,,,9.970464505498521e-05,5.3286916772707294e-05,1.9543948359488204,0.04950495049504951,100,4.6417728282277915e-05
control,513,striatum,41,Intermediate,10,bipolar,pac_within,high_gamma,DLS,DLS,,,2.0361707052926153e-05,4.59110723084395e-05,-1.7041897196658704,0.9801980198019802,100,-2.5549365255513344e-05
control,513,striatum,41,Intermediate,10,bipolar,pac_within,low_gamma,DMS,DMS,,,5.809059138458493e-05,4.880239112172329e-05,0.501353962653659,0.27722772277227725,100,9.288200262861642e-06
control,513,striatum,41,Intermediate,10,bipolar,pac_within,high_gamma,DMS,DMS,,,4.9829702505262316e-05,4.724174262043808e-05,0.13920366283463206,0.40594059405940597,100,2.5879598848242344e-06
control,513,striatum,41,Intermediate,10,bipolar,pac_between,low_gamma,ACC,DLS,,,3.9907822452068414e-05,5.1617841510387344e-05,-0.546523257357307,0.693069306930693,100,-1.171001905831893e-05
control,513,striatum,41,Intermediate,10,bipolar,pac_between,high_gamma,ACC,DLS,,,3.11909814000993e-05,4.535368648651895e-05,-0.8102310659788806,0.7029702970297029,100,-1.4162705086419647e-05
control,513,striatum,41,Intermediate,10,bipolar,pac_between,low_gamma,ACC,DMS,,,4.1371582678922094e-05,5.638035426965495e-05,-0.48831392295273895,0.6732673267326733,100,-1.5008771590732858e-05
control,513,striatum,41,Intermediate,10,bipolar,pac_between,high_gamma,ACC,DMS,,,3.442178440225351e-05,4.575685871510496e-05,-0.5859584846452679,0.7029702970297029,100,-1.1335074312851444e-05
control,513,striatum,41,Intermediate,10,bipolar,pac_between,low_gamma,DLS,ACC,,,2.8375985269991298e-05,4.618442074257969e-05,-0.9397423125382605,0.8316831683168316,100,-1.7808435472588392e-05
control,513,striatum,41,Intermediate,10,bipolar,pac_between,high_gamma,DLS,ACC,,,4.911160111809119e-05,5.124112559583054e-05,-0.10694965150632207,0.43564356435643564,100,-2.129524477739355e-06
control,513,striatum,41,Intermediate,10,bipolar,pac_between,low_gamma,DLS,DMS,,,4.142944580134641e-05,5.018463478514161e-05,-0.37894771274757316,0.6435643564356436,100,-8.7551889837952e-06
control,513,striatum,41,Intermediate,10,bipolar,pac_between,high_gamma,DLS,DMS,,,2.8003404907903714e-05,4.768347833039968e-05,-1.0589818232066694,0.9108910891089109,100,-1.9680073422495966e-05
control,513,striatum,41,Intermediate,10,bipolar,pac_between,low_gamma,DMS,ACC,,,0.00010952424396730349,5.149591660441726e-05,2.3545455113181877,0.0594059405940594,100,5.802832736288623e-05
control,513,striatum,41,Intermediate,10,bipolar,pac_between,high_gamma,DMS,ACC,,,3.643206350305218e-05,4.6953659987174066e-05,-0.563858415405685,0.6831683168316832,100,-1.0521596484121884e-05
control,513,striatum,41,Intermediate,10,bipolar,pac_between,low_gamma,DMS,DLS,,,3.5319685021395557e-05,5.071110302371931e-05,-0.6735061677167629,0.7128712871287128,100,-1.5391418002323756e-05
control,513,striatum,41,Intermediate,10,bipolar,pac_between,high_gamma,DMS,DLS,,,5.1228088731734245e-05,4.68140472487389e-05,0.23530931688025214,0.37623762376237624,100,4.414041482995345e-06
control,513,striatum,41,Expert,10,monopolar,same_freq,theta,ACC,DLS,0.40666126236918965,-0.022003003181425642,,,,,,
control,513,striatum,41,Expert,10,monopolar,same_freq,low_gamma,ACC,DLS,0.2542150960289867,0.012969678041787603,,,,,,
control,513,striatum,41,Expert,10,monopolar,same_freq,high_gamma,ACC,DLS,0.20476033315840803,0.007283561642351525,,,,,,
control,513,striatum,41,Expert,10,monopolar,same_freq,theta,ACC,DMS,0.2799699252419395,-0.04041918479204687,,,,,,
control,513,striatum,41,Expert,10,monopolar,same_freq,low_gamma,ACC,DMS,0.14366120167426083,0.024359820790714276,,,,,,
control,513,striatum,41,Expert,10,monopolar,same_freq,high_gamma,ACC,DMS,0.08783235124651584,0.011316253331882766,,,,,,
control,513,striatum,41,Expert,10,monopolar,same_freq,theta,DLS,DMS,0.5104954889940436,0.025183508613498357,,,,,,
control,513,striatum,41,Expert,10,monopolar,same_freq,low_gamma,DLS,DMS,0.1634171382133034,0.004575162107619571,,,,,,
control,513,striatum,41,Expert,10,monopolar,same_freq,high_gamma,DLS,DMS,0.08518887855422369,0.0041897170628732334,,,,,,
control,513,striatum,41,Expert,10,monopolar,pac_within,low_gamma,ACC,ACC,,,7.5880047949477e-05,3.6918919626598716e-05,2.44501429732622,0.0297029702970297,100,3.8961128322878286e-05
control,513,striatum,41,Expert,10,monopolar,pac_within,high_gamma,ACC,ACC,,,0.0002313806215665315,3.547289992717464e-05,15.690001627512288,0.009900990099009901,100,0.00019590772163935688
control,513,striatum,41,Expert,10,monopolar,pac_within,low_gamma,DLS,DLS,,,0.00027492241247185553,3.547045994079362e-05,14.80303073082221,0.009900990099009901,100,0.0002394519525310619
control,513,striatum,41,Expert,10,monopolar,pac_within,high_gamma,DLS,DLS,,,9.473538731131776e-05,3.401290706102973e-05,4.209794170397311,0.009900990099009901,100,6.0722480250288036e-05
control,513,striatum,41,Expert,10,monopolar,pac_within,low_gamma,DMS,DMS,,,5.32069047590185e-05,3.8302868342835496e-05,0.9306266952714295,0.16831683168316833,100,1.4904036416183001e-05
control,513,striatum,41,Expert,10,monopolar,pac_within,high_gamma,DMS,DMS,,,7.141276536181032e-05,2.880104737157712e-05,3.628045710567838,0.019801980198019802,100,4.26117179902332e-05
control,513,striatum,41,Expert,10,monopolar,pac_between,low_gamma,ACC,DLS,,,0.00017419176161635858,3.655747221263974e-05,8.320105872433013,0.009900990099009901,100,0.00013763428940371885
control,513,striatum,41,Expert,10,monopolar,pac_between,high_gamma,ACC,DLS,,,5.030579776752401e-05,3.5928495894591746e-05,1.028625931033307,0.16831683168316833,100,1.4377301872932265e-05
control,513,striatum,41,Expert,10,monopolar,pac_between,low_gamma,ACC,DMS,,,8.230125269434307e-05,3.7332312100223135e-05,2.825442833526288,0.009900990099009901,100,4.496894059411993e-05
control,513,striatum,41,Expert,10,monopolar,pac_between,high_gamma,ACC,DMS,,,5.293881788222301e-05,3.437117056911852e-05,1.5764216950640364,0.0594059405940594,100,1.8567647313104486e-05
control,513,striatum,41,Expert,10,monopolar,pac_between,low_gamma,DLS,ACC,,,8.511288018697423e-05,3.543903502932075e-05,2.825995496430413,0.019801980198019802,100,4.967384515765348e-05
control,513,striatum,41,Expert,10,monopolar,pac_between,high_gamma,DLS,ACC,,,0.00034132845585240016,3.2905276334036014e-05,28.74632038713982,0.009900990099009901,100,0.00030842317951836415
control,513,striatum,41,Expert,10,monopolar,pac_between,low_gamma,DLS,DMS,,,5.4491064522639114e-05,3.525994068175506e-05,1.182072976654814,0.1188118811881188,100,1.9231123840884053e-05
control,513,striatum,41,Expert,10,monopolar,pac_between,high_gamma,DLS,DMS,,,7.596746636583726e-05,2.9067431830560417e-05,4.045706761854579,0.009900990099009901,100,4.690003453527685e-05
control,513,striatum,41,Expert,10,monopolar,pac_between,low_gamma,DMS,ACC,,,7.069569044316386e-05,3.5855090615833144e-05,1.9064558965374598,0.039603960396039604,100,3.484059982733072e-05
control,513,striatum,41,Expert,10,monopolar,pac_between,high_gamma,DMS,ACC,,,0.00024772112872741865,3.269449139061113e-05,15.471178948678446,0.009900990099009901,100,0.0002150266373368075
control,513,striatum,41,Expert,10,monopolar,pac_between,low_gamma,DMS,DLS,,,0.0002715905289070964,3.515320559132882e-05,16.691920031105123,0.009900990099009901,100,0.00023643732331576756
control,513,striatum,41,Expert,10,monopolar,pac_between,high_gamma,DMS,DLS,,,7.099153006638863e-05,3.2904686975816906e-05,3.0193081548378795,0.009900990099009901,100,3.808684309057173e-05
control,513,striatum,41,Expert,10,bipolar,same_freq,theta,ACC,DLS,0.08897438462588061,0.061315765642149085,,,,,,
control,513,striatum,41,Expert,10,bipolar,same_freq,low_gamma,ACC,DLS,-0.002579955140935291,0.004251220835305465,,,,,,
control,513,striatum,41,Expert,10,bipolar,same_freq,high_gamma,ACC,DLS,0.004820168261817753,-0.003231830568816645,,,,,,
control,513,striatum,41,Expert,10,bipolar,same_freq,theta,ACC,DMS,-0.012903538082192663,0.0086195728755208,,,,,,
control,513,striatum,41,Expert,10,bipolar,same_freq,low_gamma,ACC,DMS,0.00595575895856608,-0.009966159378605333,,,,,,
control,513,striatum,41,Expert,10,bipolar,same_freq,high_gamma,ACC,DMS,0.014469178675719833,0.010576117322333855,,,,,,
control,513,striatum,41,Expert,10,bipolar,same_freq,theta,DLS,DMS,0.0733204873312586,0.047672959207675544,,,,,,
control,513,striatum,41,Expert,10,bipolar,same_freq,low_gamma,DLS,DMS,0.007734368898784541,-0.004665340909245409,,,,,,
control,513,striatum,41,Expert,10,bipolar,same_freq,high_gamma,DLS,DMS,0.01704934135545028,0.005875333013048755,,,,,,
control,513,striatum,41,Expert,10,bipolar,pac_within,low_gamma,ACC,ACC,,,2.2206106836002573e-05,3.274977341136905e-05,-0.7197255348893448,0.8316831683168316,100,-1.0543666575366475e-05
control,513,striatum,41,Expert,10,bipolar,pac_within,high_gamma,ACC,ACC,,,3.88772180585538e-05,3.6710023635621115e-05,0.1341371838888426,0.32673267326732675,100,2.1671944229326837e-06
control,513,striatum,41,Expert,10,bipolar,pac_within,low_gamma,DLS,DLS,,,7.041356524765919e-05,3.7505024831202904e-05,2.4047832299817764,0.019801980198019802,100,3.2908540416456286e-05
control,513,striatum,41,Expert,10,bipolar,pac_within,high_gamma,DLS,DLS,,,3.169865290828583e-05,3.585406479662628e-05,-0.33939664274954706,0.6138613861386139,100,-4.155411888340455e-06
control,513,striatum,41,Expert,10,bipolar,pac_within,low_gamma,DMS,DMS,,,1.1764528119068445e-05,4.104901376922944e-05,-1.845563586042148,1.0,100,-2.9284485650160996e-05
control,513,striatum,41,Expert,10,bipolar,pac_within,high_gamma,DMS,DMS,,,3.706288957034896e-05,3.719234532175894e-05,-0.007929355356409701,0.42574257425742573,100,-1.294557514099778e-07
control,513,striatum,41,Expert,10,bipolar,pac_between,low_gamma,ACC,DLS,,,1.3082758627461165e-05,3.446229297939565e-05,-1.4496604685216217,0.9504950495049505,100,-2.1379534351934486e-05
control,513,striatum,41,Expert,10,bipolar,pac_between,high_gamma,ACC,DLS,,,4.7856191178955754e-05,3.5205172403272145e-05,1.0504315905300503,0.18811881188118812,100,1.2651018775683609e-05
control,513,striatum,41,Expert,10,bipolar,pac_between,low_gamma,ACC,DMS,,,5.449689491720451e-05,3.942800016913383e-05,0.7885506109436123,0.19801980198019803,100,1.5068894748070684e-05
control,513,striatum,41,Expert,10,bipolar,pac_between,high_gamma,ACC,DMS,,,4.800152034410005e-05,3.8969248999159506e-05,0.5444173666038529,0.27722772277227725,100,9.032271344940546e-06
control,513,striatum,41,Expert,10,bipolar,pac_between,low_gamma,DLS,ACC,,,4.10022415452299e-05,3.633647999075549e-05,0.3492249142049256,0.32673267326732675,100,4.665761554474413e-06
control,513,striatum,41,Expert,10,bipolar,pac_between,high_gamma,DLS,ACC,,,6.667846296884329e-05,3.62549646893515e-05,2.0434502561201606,0.039603960396039604,100,3.0423498279491788e-05
control,513,striatum,41,Expert,10,bipolar,pac_between,low_gamma,DLS,DMS,,,3.6697943482122416e-05,3.8685698893786424e-05,-0.11739542206139723,0.5247524752475248,100,-1.9877554116640077e-06
control,513,striatum,41,Expert,10,bipolar,pac_between,high_gamma,DLS,DMS,,,3.965399578557588e-05,3.587376898315559e-05,0.2860003927774521,0.37623762376237624,100,3.7802268024202904e-06
control,513,striatum,41,Expert,10,bipolar,pac_between,low_gamma,DMS,ACC,,,5.0982960114466244e-05,3.918210161964312e-05,0.7790225909903167,0.19801980198019803,100,1.1800858494823125e-05
control,513,striatum,41,Expert,10,bipolar,pac_between,high_gamma,DMS,ACC,,,1.2498739252170397e-05,3.657554479230218e-05,-1.6322977606798212,0.9801980198019802,100,-2.4076805540131782e-05
control,513,striatum,41,Expert,10,bipolar,pac_between,low_gamma,DMS,DLS,,,3.2147076796455983e-05,3.849779573379023e-05,-0.42665257871786655,0.6039603960396039,100,-6.350718937334245e-06
control,513,striatum,41,Expert,10,bipolar,pac_between,high_gamma,DMS,DLS,,,3.822522748985909e-05,3.5947204286657455e-05,0.18144571125137676,0.39603960396039606,100,2.278023203201636e-06
control,513,visual,41,All,108,monopolar,same_freq,theta,CA1,DG,nan,nan,,,,,,
control,513,visual,41,All,108,monopolar,same_freq,low_gamma,CA1,DG,nan,nan,,,,,,
control,513,visual,41,All,108,monopolar,same_freq,high_gamma,CA1,DG,nan,nan,,,,,,
control,513,visual,41,All,108,monopolar,same_freq,theta,CA1,V1,nan,nan,,,,,,
control,513,visual,41,All,108,monopolar,same_freq,low_gamma,CA1,V1,nan,nan,,,,,,
control,513,visual,41,All,108,monopolar,same_freq,high_gamma,CA1,V1,nan,nan,,,,,,
control,513,visual,41,All,108,monopolar,same_freq,theta,DG,V1,nan,nan,,,,,,
control,513,visual,41,All,108,monopolar,same_freq,low_gamma,DG,V1,nan,nan,,,,,,
control,513,visual,41,All,108,monopolar,same_freq,high_gamma,DG,V1,nan,nan,,,,,,
control,513,visual,41,All,108,monopolar,pac_within,low_gamma,CA1,CA1,,,nan,nan,nan,nan,0,nan
control,513,visual,41,All,108,monopolar,pac_within,high_gamma,CA1,CA1,,,nan,nan,nan,nan,0,nan
control,513,visual,41,All,108,monopolar,pac_within,low_gamma,DG,DG,,,nan,nan,nan,nan,0,nan
control,513,visual,41,All,108,monopolar,pac_within,high_gamma,DG,DG,,,nan,nan,nan,nan,0,nan
control,513,visual,41,All,108,monopolar,pac_within,low_gamma,V1,V1,,,nan,nan,nan,nan,0,nan
control,513,visual,41,All,108,monopolar,pac_within,high_gamma,V1,V1,,,nan,nan,nan,nan,0,nan
control,513,visual,41,All,108,monopolar,pac_between,low_gamma,CA1,DG,,,nan,nan,nan,nan,0,nan
control,513,visual,41,All,108,monopolar,pac_between,high_gamma,CA1,DG,,,nan,nan,nan,nan,0,nan
control,513,visual,41,All,108,monopolar,pac_between,low_gamma,CA1,V1,,,nan,nan,nan,nan,0,nan
control,513,visual,41,All,108,monopolar,pac_between,high_gamma,CA1,V1,,,nan,nan,nan,nan,0,nan
control,513,visual,41,All,108,monopolar,pac_between,low_gamma,DG,CA1,,,nan,nan,nan,nan,0,nan
control,513,visual,41,All,108,monopolar,pac_between,high_gamma,DG,CA1,,,nan,nan,nan,nan,0,nan
control,513,visual,41,All,108,monopolar,pac_between,low_gamma,DG,V1,,,nan,nan,nan,nan,0,nan
control,513,visual,41,All,108,monopolar,pac_between,high_gamma,DG,V1,,,nan,nan,nan,nan,0,nan
control,513,visual,41,All,108,monopolar,pac_between,low_gamma,V1,CA1,,,nan,nan,nan,nan,0,nan
control,513,visual,41,All,108,monopolar,pac_between,high_gamma,V1,CA1,,,nan,nan,nan,nan,0,nan
control,513,visual,41,All,108,monopolar,pac_between,low_gamma,V1,DG,,,nan,nan,nan,nan,0,nan
control,513,visual,41,All,108,monopolar,pac_between,high_gamma,V1,DG,,,nan,nan,nan,nan,0,nan
control,513,visual,41,All,108,bipolar,same_freq,theta,CA1,DG,nan,nan,,,,,,
control,513,visual,41,All,108,bipolar,same_freq,low_gamma,CA1,DG,nan,nan,,,,,,
control,513,visual,41,All,108,bipolar,same_freq,high_gamma,CA1,DG,nan,nan,,,,,,
control,513,visual,41,All,108,bipolar,same_freq,theta,CA1,V1,nan,nan,,,,,,
control,513,visual,41,All,108,bipolar,same_freq,low_gamma,CA1,V1,nan,nan,,,,,,
control,513,visual,41,All,108,bipolar,same_freq,high_gamma,CA1,V1,nan,nan,,,,,,
control,513,visual,41,All,108,bipolar,same_freq,theta,DG,V1,nan,nan,,,,,,
control,513,visual,41,All,108,bipolar,same_freq,low_gamma,DG,V1,nan,nan,,,,,,
control,513,visual,41,All,108,bipolar,same_freq,high_gamma,DG,V1,nan,nan,,,,,,
control,513,visual,41,All,108,bipolar,pac_within,low_gamma,CA1,CA1,,,nan,nan,nan,nan,0,nan
control,513,visual,41,All,108,bipolar,pac_within,high_gamma,CA1,CA1,,,nan,nan,nan,nan,0,nan
control,513,visual,41,All,108,bipolar,pac_within,low_gamma,DG,DG,,,nan,nan,nan,nan,0,nan
control,513,visual,41,All,108,bipolar,pac_within,high_gamma,DG,DG,,,nan,nan,nan,nan,0,nan
control,513,visual,41,All,108,bipolar,pac_within,low_gamma,V1,V1,,,nan,nan,nan,nan,0,nan
control,513,visual,41,All,108,bipolar,pac_within,high_gamma,V1,V1,,,nan,nan,nan,nan,0,nan
control,513,visual,41,All,108,bipolar,pac_between,low_gamma,CA1,DG,,,nan,nan,nan,nan,0,nan
control,513,visual,41,All,108,bipolar,pac_between,high_gamma,CA1,DG,,,nan,nan,nan,nan,0,nan
control,513,visual,41,All,108,bipolar,pac_between,low_gamma,CA1,V1,,,nan,nan,nan,nan,0,nan
control,513,visual,41,All,108,bipolar,pac_between,high_gamma,CA1,V1,,,nan,nan,nan,nan,0,nan
control,513,visual,41,All,108,bipolar,pac_between,low_gamma,DG,CA1,,,nan,nan,nan,nan,0,nan
control,513,visual,41,All,108,bipolar,pac_between,high_gamma,DG,CA1,,,nan,nan,nan,nan,0,nan
control,513,visual,41,All,108,bipolar,pac_between,low_gamma,DG,V1,,,nan,nan,nan,nan,0,nan
control,513,visual,41,All,108,bipolar,pac_between,high_gamma,DG,V1,,,nan,nan,nan,nan,0,nan
control,513,visual,41,All,108,bipolar,pac_between,low_gamma,V1,CA1,,,nan,nan,nan,nan,0,nan
control,513,visual,41,All,108,bipolar,pac_between,high_gamma,V1,CA1,,,nan,nan,nan,nan,0,nan
control,513,visual,41,All,108,bipolar,pac_between,low_gamma,V1,DG,,,nan,nan,nan,nan,0,nan
control,513,visual,41,All,108,bipolar,pac_between,high_gamma,V1,DG,,,nan,nan,nan,nan,0,nan
control,513,visual,41,Naive,10,monopolar,same_freq,theta,CA1,DG,0.7354737390911692,-0.04136951176357782,,,,,,
control,513,visual,41,Naive,10,monopolar,same_freq,low_gamma,CA1,DG,0.6996289238603897,0.1105162592336636,,,,,,
control,513,visual,41,Naive,10,monopolar,same_freq,high_gamma,CA1,DG,0.5599967982100895,0.15697351925996406,,,,,,
control,513,visual,41,Naive,10,monopolar,same_freq,theta,CA1,V1,0.6871455251915577,0.1237782807562112,,,,,,
control,513,visual,41,Naive,10,monopolar,same_freq,low_gamma,CA1,V1,0.5241566413273693,0.05517545204899116,,,,,,
control,513,visual,41,Naive,10,monopolar,same_freq,high_gamma,CA1,V1,0.38357352828516156,0.0970422872300867,,,,,,
control,513,visual,41,Naive,10,monopolar,same_freq,theta,DG,V1,0.5108620563256606,-0.033615559844784156,,,,,,
control,513,visual,41,Naive,10,monopolar,same_freq,low_gamma,DG,V1,0.37468528522042194,0.005454759810948483,,,,,,
control,513,visual,41,Naive,10,monopolar,same_freq,high_gamma,DG,V1,0.23267238660163533,0.08173724387693371,,,,,,
control,513,visual,41,Naive,10,monopolar,pac_within,low_gamma,CA1,CA1,,,0.0035918766827481804,4.317417313016187e-05,140.59379963487757,0.009900990099009901,100,0.0035487025096180187
control,513,visual,41,Naive,10,monopolar,pac_within,high_gamma,CA1,CA1,,,0.003946734747819708,4.244253124661558e-05,210.0295286556868,0.009900990099009901,100,0.003904292216573093
control,513,visual,41,Naive,10,monopolar,pac_within,low_gamma,DG,DG,,,0.002413984884584994,4.560006462415971e-05,94.75148688080841,0.009900990099009901,100,0.0023683848199608343
control,513,visual,41,Naive,10,monopolar,pac_within,high_gamma,DG,DG,,,0.0029909846709018414,4.433423744067749e-05,126.44263938512796,0.009900990099009901,100,0.002946650433461164
control,513,visual,41,Naive,10,monopolar,pac_within,low_gamma,V1,V1,,,0.0019111244638614453,4.700447338835537e-05,74.30312671850231,0.009900990099009901,100,0.0018641199904730898
control,513,visual,41,Naive,10,monopolar,pac_within,high_gamma,V1,V1,,,0.001425267083895855,4.4213008723735125e-05,67.46038357141781,0.009900990099009901,100,0.0013810540751721199
control,513,visual,41,Naive,10,monopolar,pac_between,low_gamma,CA1,DG,,,0.0021924862423256483,4.2462426665177026e-05,93.07219131069267,0.009900990099009901,100,0.002150023815660471
control,513,visual,41,Naive,10,monopolar,pac_between,high_gamma,CA1,DG,,,0.0032136402737614205,4.108738961079713e-05,127.8038514336117,0.009900990099009901,100,0.0031725528841506233
control,513,visual,41,Naive,10,monopolar,pac_between,low_gamma,CA1,V1,,,0.002733276903441621,4.651573243383824e-05,106.24183923790027,0.009900990099009901,100,0.0026867611710077828
control,513,visual,41,Naive,10,monopolar,pac_between,high_gamma,CA1,V1,,,0.001940318753770596,4.2099744137236034e-05,98.95617150080695,0.009900990099009901,100,0.00189821900963336
control,513,visual,41,Naive,10,monopolar,pac_between,low_gamma,DG,CA1,,,0.0033245532347841267,4.4013023632999475e-05,139.9266862699522,0.009900990099009901,100,0.003280540211151127
control,513,visual,41,Naive,10,monopolar,pac_between,high_gamma,DG,CA1,,,0.0034627075699118865,4.5500937559185935e-05,166.30890713692935,0.009900990099009901,100,0.0034172066323527005
control,513,visual,41,Naive,10,monopolar,pac_between,low_gamma,DG,V1,,,0.001909822974328244,4.841788881930985e-05,67.45861319213148,0.009900990099009901,100,0.0018614050855089341
control,513,visual,41,Naive,10,monopolar,pac_between,high_gamma,DG,V1,,,0.0012152813853113303,4.5885594823773595e-05,57.921904283524455,0.009900990099009901,100,0.0011693957904875566
control,513,visual,41,Naive,10,monopolar,pac_between,low_gamma,V1,CA1,,,0.002738202991854986,4.204881822138491e-05,135.92478838050872,0.009900990099009901,100,0.002696154173633601
control,513,visual,41,Naive,10,monopolar,pac_between,high_gamma,V1,CA1,,,0.003343664129879723,4.430891062670319e-05,135.02922993940487,0.009900990099009901,100,0.0032993552192530197
control,513,visual,41,Naive,10,monopolar,pac_between,low_gamma,V1,DG,,,0.0016065415084486803,4.27683004440418e-05,73.87116079485575,0.009900990099009901,100,0.0015637732080046385
control,513,visual,41,Naive,10,monopolar,pac_between,high_gamma,V1,DG,,,0.0026814676295686957,4.175746658727233e-05,125.80081142955528,0.009900990099009901,100,0.0026397101629814235
control,513,visual,41,Naive,10,bipolar,same_freq,theta,CA1,DG,0.5745329266768006,0.11208763336778829,,,,,,
control,513,visual,41,Naive,10,bipolar,same_freq,low_gamma,CA1,DG,0.23226070126404624,0.024892707082181928,,,,,,
control,513,visual,41,Naive,10,bipolar,same_freq,high_gamma,CA1,DG,0.136297251679148,0.060379530414424794,,,,,,
control,513,visual,41,Naive,10,bipolar,same_freq,theta,CA1,V1,0.17806377016626104,0.160006364696973,,,,,,
control,513,visual,41,Naive,10,bipolar,same_freq,low_gamma,CA1,V1,0.1849816743033063,0.0972217495523506,,,,,,
control,513,visual,41,Naive,10,bipolar,same_freq,high_gamma,CA1,V1,0.08818680482807346,0.02917365137196099,,,,,,
control,513,visual,41,Naive,10,bipolar,same_freq,theta,DG,V1,0.2337304345994365,0.25527074446964115,,,,,,
control,513,visual,41,Naive,10,bipolar,same_freq,low_gamma,DG,V1,0.12158236740791571,0.08795095975882468,,,,,,
control,513,visual,41,Naive,10,bipolar,same_freq,high_gamma,DG,V1,0.01268440565942083,-0.0011885177891700412,,,,,,
control,513,visual,41,Naive,10,bipolar,pac_within,low_gamma,CA1,CA1,,,0.0004835282823277868,3.055377600190328e-05,36.82645972233148,0.009900990099009901,100,0.00045297450632588354
control,513,visual,41,Naive,10,bipolar,pac_within,high_gamma,CA1,CA1,,,0.0004498256808889918,3.224665916273142e-05,24.796457562725482,0.009900990099009901,100,0.00041757902172626034
control,513,visual,41,Naive,10,bipolar,pac_within,low_gamma,DG,DG,,,0.000429803187220892,2.8680583241510013e-05,34.36940558183294,0.009900990099009901,100,0.000401122603979382
control,513,visual,41,Naive,10,bipolar,pac_within,high_gamma,DG,DG,,,0.002027929459107012,3.840982447368902e-05,109.1894573865126,0.009900990099009901,100,0.001989519634633323
control,513,visual,41,Naive,10,bipolar,pac_within,low_gamma,V1,V1,,,0.0009753975437424166,3.770043911980727e-05,38.98019247815724,0.009900990099009901,100,0.0009376971046226093
control,513,visual,41,Naive,10,bipolar,pac_within,high_gamma,V1,V1,,,0.0006439411088836509,3.153255418978855e-05,53.74224531376048,0.009900990099009901,100,0.0006124085546938623
control,513,visual,41,Naive,10,bipolar,pac_between,low_gamma,CA1,DG,,,0.00018557475562815828,3.1329929363936765e-05,9.82164891368143,0.009900990099009901,100,0.0001542448262642215
control,513,visual,41,Naive,10,bipolar,pac_between,high_gamma,CA1,DG,,,0.0006638972163431884,3.4391691676308246e-05,38.4002306341095,0.009900990099009901,100,0.0006295055246668801
control,513,visual,41,Naive,10,bipolar,pac_between,low_gamma,CA1,V1,,,0.0007373048811653945,4.087073857562739e-05,31.335291487641772,0.009900990099009901,100,0.0006964341425897671
control,513,visual,41,Naive,10,bipolar,pac_between,high_gamma,CA1,V1,,,0.00045661155945620217,2.973953108988243e-05,36.893660993883486,0.009900990099009901,100,0.0004268720283663197
control,513,visual,41,Naive,10,bipolar,pac_between,low_gamma,DG,CA1,,,0.000660503353737255,3.1531761997780785e-05,46.66152832547994,0.009900990099009901,100,0.0006289715917394742
control,513,visual,41,Naive,10,bipolar,pac_between,high_gamma,DG,CA1,,,0.0006551120459910039,3.5070153544617424e-05,41.45185341301329,0.009900990099009901,100,0.0006200418924463864
control,513,visual,41,Naive,10,bipolar,pac_between,low_gamma,DG,V1,,,0.0005945161345392851,3.8080716987451386e-05,27.17223790550169,0.009900990099009901,100,0.0005564354175518337
control,513,visual,41,Naive,10,bipolar,pac_between,high_gamma,DG,V1,,,0.0004782985144447664,3.057441845199198e-05,33.65495260820139,0.009900990099009901,100,0.0004477240959927744
control,513,visual,41,Naive,10,bipolar,pac_between,low_gamma,V1,CA1,,,0.0008006334775984237,3.113060117409271e-05,56.22536546635858,0.009900990099009901,100,0.000769502876424331
control,513,visual,41,Naive,10,bipolar,pac_between,high_gamma,V1,CA1,,,0.0003268391948359365,3.234870193524221e-05,19.487009451305042,0.009900990099009901,100,0.0002944904929006943
control,513,visual,41,Naive,10,bipolar,pac_between,low_gamma,V1,DG,,,0.00031188177008213306,2.7366161443661572e-05,24.15836445453002,0.009900990099009901,100,0.0002845156086384715
control,513,visual,41,Naive,10,bipolar,pac_between,high_gamma,V1,DG,,,0.0016595562674154457,4.094122388660994e-05,71.25073070442873,0.009900990099009901,100,0.0016186150435288358
control,513,visual,41,Intermediate,10,monopolar,same_freq,theta,CA1,DG,0.6925333833873356,-0.09442340980105088,,,,,,
control,513,visual,41,Intermediate,10,monopolar,same_freq,low_gamma,CA1,DG,0.6417523262660374,0.0726027799007736,,,,,,
control,513,visual,41,Intermediate,10,monopolar,same_freq,high_gamma,CA1,DG,0.542665790269465,0.12165186365965475,,,,,,
control,513,visual,41,Intermediate,10,monopolar,same_freq,theta,CA1,V1,0.6890063756804399,0.04762418915627127,,,,,,
control,513,visual,41,Intermediate,10,monopolar,same_freq,low_gamma,CA1,V1,0.5146440963097285,0.022759822528095934,,,,,,
control,513,visual,41,Intermediate,10,monopolar,same_freq,high_gamma,CA1,V1,0.4132787341736781,0.05357130442132722,,,,,,
control,513,visual,41,Intermediate,10,monopolar,same_freq,theta,DG,V1,0.5150752343579786,-0.046579151486209676,,,,,,
control,513,visual,41,Intermediate,10,monopolar,same_freq,low_gamma,DG,V1,0.32504059659871604,-0.0300714533542684,,,,,,
control,513,visual,41,Intermediate,10,monopolar,same_freq,high_gamma,DG,V1,0.24983683159379386,0.05848821428147841,,,,,,
control,513,visual,41,Intermediate,10,monopolar,pac_within,low_gamma,CA1,CA1,,,0.003097228294598226,6.867090713316462e-05,83.78400899069742,0.009900990099009901,100,0.0030285573874650616
control,513,visual,41,Intermediate,10,monopolar,pac_within,high_gamma,CA1,CA1,,,0.003640019430464119,7.242061218344996e-05,96.16917049137308,0.009900990099009901,100,0.0035675988182806693
control,513,visual,41,Intermediate,10,monopolar,pac_within,low_gamma,DG,DG,,,0.002349794970121964,6.444934845331987e-05,57.57887479343699,0.009900990099009901,100,0.0022853456216686443
control,513,visual,41,Intermediate,10,monopolar,pac_within,high_gamma,DG,DG,,,0.0025682448941367945,6.995928362004619e-05,73.51861942089603,0.009900990099009901,100,0.002498285610516748
control,513,visual,41,Intermediate,10,monopolar,pac_within,low_gamma,V1,V1,,,0.0019124748892217598,8.255755354929856e-05,49.895927094777285,0.009900990099009901,100,0.001829917335672461
control,513,visual,41,Intermediate,10,monopolar,pac_within,high_gamma,V1,V1,,,0.0015388494549293745,7.600073740442014e-05,45.77811760226394,0.009900990099009901,100,0.0014628487175249543
control,513,visual,41,Intermediate,10,monopolar,pac_between,low_gamma,CA1,DG,,,0.0023234048300751963,6.388601483586441e-05,55.34092083291034,0.009900990099009901,100,0.002259518815239332
control,513,visual,41,Intermediate,10,monopolar,pac_between,high_gamma,CA1,DG,,,0.00298058875383031,6.652438885641033e-05,89.12442198668559,0.009900990099009901,100,0.0029140643649738997
control,513,visual,41,Intermediate,10,monopolar,pac_between,low_gamma,CA1,V1,,,0.0032122583466153683,8.100658310263323e-05,74.28797519105068,0.009900990099009901,100,0.003131251763512735
control,513,visual,41,Intermediate,10,monopolar,pac_between,high_gamma,CA1,V1,,,0.002132206861346908,7.173171013261239e-05,59.872486126108484,0.009900990099009901,100,0.002060475151214296
control,513,visual,41,Intermediate,10,monopolar,pac_between,low_gamma,DG,CA1,,,0.00314544309128473,6.782827421574576e-05,79.9927671493011,0.009900990099009901,100,0.0030776148170689843
control,513,visual,41,Intermediate,10,monopolar,pac_between,high_gamma,DG,CA1,,,0.003360650215899756,7.04497961630371e-05,88.38601863089447,0.009900990099009901,100,0.003290200419736719
control,513,visual,41,Intermediate,10,monopolar,pac_between,low_gamma,DG,V1,,,0.0019442508605019592,8.059648215727239e-05,53.15416578072807,0.009900990099009901,100,0.001863654378344687
control,513,visual,41,Intermediate,10,monopolar,pac_between,high_gamma,DG,V1,,,0.001243960717093129,8.368614040560298e-05,26.340038296735194,0.009900990099009901,100,0.0011602745766875258
control,513,visual,41,Intermediate,10,monopolar,pac_between,low_gamma,V1,CA1,,,0.002717302441716672,6.493483444416113e-05,69.0797672273532,0.009900990099009901,100,0.0026523676072725106
control,513,visual,41,Intermediate,10,monopolar,pac_between,high_gamma,V1,CA1,,,0.003723855090497864,7.648444488751544e-05,89.36840579551695,0.009900990099009901,100,0.003647370645610348
control,513,visual,41,Intermediate,10,monopolar,pac_between,low_gamma,V1,DG,,,0.0020164988320104716,6.243832661154236e-05,50.21678908241511,0.009900990099009901,100,0.0019540605053989294
control,513,visual,41,Intermediate,10,monopolar,pac_between,high_gamma,V1,DG,,,0.0030134874214059293,7.132522169944142e-05,77.63968520000371,0.009900990099009901,100,0.002942162199706488
control,513,visual,41,Intermediate,10,bipolar,same_freq,theta,CA1,DG,0.555890811501135,0.12010314355035903,,,,,,
control,513,visual,41,Intermediate,10,bipolar,same_freq,low_gamma,CA1,DG,0.2465495684598317,0.019228848645117282,,,,,,
control,513,visual,41,Intermediate,10,bipolar,same_freq,high_gamma,CA1,DG,0.16186024285874628,0.06912777794288336,,,,,,
control,513,visual,41,Intermediate,10,bipolar,same_freq,theta,CA1,V1,0.16653077828963073,0.1169719880797935,,,,,,
control,513,visual,41,Intermediate,10,bipolar,same_freq,low_gamma,CA1,V1,0.1298181840990063,0.052171801708279925,,,,,,
control,513,visual,41,Intermediate,10,bipolar,same_freq,high_gamma,CA1,V1,0.10571641715442807,0.036055569638375425,,,,,,
control,513,visual,41,Intermediate,10,bipolar,same_freq,theta,DG,V1,0.17065376065080023,0.21749767069793297,,,,,,
control,513,visual,41,Intermediate,10,bipolar,same_freq,low_gamma,DG,V1,0.07384758872225482,0.03531012919672622,,,,,,
control,513,visual,41,Intermediate,10,bipolar,same_freq,high_gamma,DG,V1,0.028154651231455587,0.0033568404493076465,,,,,,
control,513,visual,41,Intermediate,10,bipolar,pac_within,low_gamma,CA1,CA1,,,0.0008320621058373,4.9698030511645345e-05,32.89703414324459,0.009900990099009901,100,0.0007823640753256547
control,513,visual,41,Intermediate,10,bipolar,pac_within,high_gamma,CA1,CA1,,,0.0007617710269423722,4.975571247093383e-05,32.545940941507936,0.009900990099009901,100,0.0007120153144714383
control,513,visual,41,Intermediate,10,bipolar,pac_within,low_gamma,DG,DG,,,0.0008344562809715966,4.668408113661798e-05,34.110146105103645,0.009900990099009901,100,0.0007877721998349786
control,513,visual,41,Intermediate,10,bipolar,pac_within,high_gamma,DG,DG,,,0.0025715289811438636,6.145324529140113e-05,79.0720762907174,0.009900990099009901,100,0.0025100757358524624
control,513,visual,41,Intermediate,10,bipolar,pac_within,low_gamma,V1,V1,,,0.0007311706299847345,6.060290162352156e-05,16.665331118976024,0.009900990099009901,100,0.0006705677283612129
control,513,visual,41,Intermediate,10,bipolar,pac_within,high_gamma,V1,V1,,,0.0006652772258329442,4.78571991970774e-05,38.564888017024614,0.009900990099009901,100,0.0006174200266358667
control,513,visual,41,Intermediate,10,bipolar,pac_between,low_gamma,CA1,DG,,,0.0005079805132875126,4.828305571640718e-05,22.198021097536632,0.009900990099009901,100,0.0004596974575711055
control,513,visual,41,Intermediate,10,bipolar,pac_between,high_gamma,CA1,DG,,,0.0010973328560739534,6.110125073979797e-05,33.80850298233171,0.009900990099009901,100,0.0010362316053341555
control,513,visual,41,Intermediate,10,bipolar,pac_between,low_gamma,CA1,V1,,,0.0003706499939800362,5.462350181602566e-05,9.929539981884481,0.009900990099009901,100,0.00031602649216401057
control,513,visual,41,Intermediate,10,bipolar,pac_between,high_gamma,CA1,V1,,,0.0005249514864061314,4.6139711258270894e-05,23.86954466475107,0.009900990099009901,100,0.0004788117751478605
control,513,visual,41,Intermediate,10,bipolar,pac_between,low_gamma,DG,CA1,,,0.0006421699616728235,4.896709436669913e-05,20.966011088943834,0.009900990099009901,100,0.0005932028673061243
control,513,visual,41,Intermediate,10,bipolar,pac_between,high_gamma,DG,CA1,,,0.0009110586444548828,4.9139711856840745e-05,39.90704985825581,0.009900990099009901,100,0.000861918932598042
control,513,visual,41,Intermediate,10,bipolar,pac_between,low_gamma,DG,V1,,,0.0004355718566933709,5.496366212574437e-05,12.24928732668843,0.009900990099009901,100,0.00038060819456762655
control,513,visual,41,Intermediate,10,bipolar,pac_between,high_gamma,DG,V1,,,0.00037366794128060505,4.47806564972825e-05,17.302835403624115,0.009900990099009901,100,0.00032888728478332256
control,513,visual,41,Intermediate,10,bipolar,pac_between,low_gamma,V1,CA1,,,0.0008212596494233227,4.848045196669e-05,28.344740639011242,0.009900990099009901,100,0.0007727791974566327
control,513,visual,41,Intermediate,10,bipolar,pac_between,high_gamma,V1,CA1,,,0.0007039457337031709,5.154364306856889e-05,24.69426870050135,0.009900990099009901,100,0.000652402090634602
control,513,visual,41,Intermediate,10,bipolar,pac_between,low_gamma,V1,DG,,,0.0004864240637022411,4.6615082212043414e-05,16.291700033750274,0.009900990099009901,100,0.0004398089814901977
control,513,visual,41,Intermediate,10,bipolar,pac_between,high_gamma,V1,DG,,,0.0021739811094666824,6.413069065376263e-05,69.12387076360727,0.009900990099009901,100,0.0021098504188129196
control,513,visual,41,Expert,10,monopolar,same_freq,theta,CA1,DG,0.6762139444173858,-0.084334736508128,,,,,,
control,513,visual,41,Expert,10,monopolar,same_freq,low_gamma,CA1,DG,0.6580101021780601,0.08239652729482924,,,,,,
control,513,visual,41,Expert,10,monopolar,same_freq,high_gamma,CA1,DG,0.5471208195310665,0.1474680566369232,,,,,,
control,513,visual,41,Expert,10,monopolar,same_freq,theta,CA1,V1,0.6364439270230171,0.05552677087267185,,,,,,
control,513,visual,41,Expert,10,monopolar,same_freq,low_gamma,CA1,V1,0.4882874350528927,0.04069833856022853,,,,,,
control,513,visual,41,Expert,10,monopolar,same_freq,high_gamma,CA1,V1,0.4077490863793253,0.07385426850507368,,,,,,
control,513,visual,41,Expert,10,monopolar,same_freq,theta,DG,V1,0.4726647119416446,-0.03959703490099305,,,,,,
control,513,visual,41,Expert,10,monopolar,same_freq,low_gamma,DG,V1,0.3388985647262192,-0.016496061946142285,,,,,,
control,513,visual,41,Expert,10,monopolar,same_freq,high_gamma,DG,V1,0.2521614996803361,0.06664386150301421,,,,,,
control,513,visual,41,Expert,10,monopolar,pac_within,low_gamma,CA1,CA1,,,0.0028933475301912456,5.370668922259548e-05,100.8118594787599,0.009900990099009901,100,0.0028396408409686502
control,513,visual,41,Expert,10,monopolar,pac_within,high_gamma,CA1,CA1,,,0.00466105539359948,5.783625662503643e-05,158.33242617305686,0.009900990099009901,100,0.0046032191369744435
control,513,visual,41,Expert,10,monopolar,pac_within,low_gamma,DG,DG,,,0.00210919483849631,4.969105256524762e-05,77.70075284268923,0.009900990099009901,100,0.0020595037859310627
control,513,visual,41,Expert,10,monopolar,pac_within,high_gamma,DG,DG,,,0.0028754049124345067,5.320079375075067e-05,100.00034303004479,0.009900990099009901,100,0.002822204118683756
control,513,visual,41,Expert,10,monopolar,pac_within,low_gamma,V1,V1,,,0.0018621876065468958,5.425250488866675e-05,67.6619488822197,0.009900990099009901,100,0.001807935101658229
control,513,visual,41,Expert,10,monopolar,pac_within,high_gamma,V1,V1,,,0.001633473280343591,6.869920008011105e-05,38.82073048496711,0.009900990099009901,100,0.00156477408026348
control,513,visual,41,Expert,10,monopolar,pac_between,low_gamma,CA1,DG,,,0.0021451267883156166,5.071573508623414e-05,73.9251826745606,0.009900990099009901,100,0.0020944110532293823
control,513,visual,41,Expert,10,monopolar,pac_between,high_gamma,CA1,DG,,,0.0030318359734649893,5.476583444505933e-05,98.38994721142822,0.009900990099009901,100,0.0029770701390199297
control,513,visual,41,Expert,10,monopolar,pac_between,low_gamma,CA1,V1,,,0.003191726134359569,5.554850327385395e-05,113.51800059509732,0.009900990099009901,100,0.003136177631085715
control,513,visual,41,Expert,10,monopolar,pac_between,high_gamma,CA1,V1,,,0.002099629606385102,6.426340801166687e-05,64.20854097904147,0.009900990099009901,100,0.002035366198373435
control,513,visual,41,Expert,10,monopolar,pac_between,low_gamma,DG,CA1,,,0.002552361755534103,5.3716398447724276e-05,85.23288851482872,0.009900990099009901,100,0.002498645357086379
control,513,visual,41,Expert,10,monopolar,pac_between,high_gamma,DG,CA1,,,0.004405857121697504,5.6853220545007766e-05,146.80382217384792,0.009900990099009901,100,0.004349003901152496
control,513,visual,41,Expert,10,monopolar,pac_between,low_gamma,DG,V1,,,0.0016025914903171677,5.411931879820302e-05,55.40731484387344,0.009900990099009901,100,0.0015484721715189648
control,513,visual,41,Expert,10,monopolar,pac_between,high_gamma,DG,V1,,,0.0014535857450848602,5.564095034224383e-05,49.567161607255414,0.009900990099009901,100,0.0013979447947426165
control,513,visual,41,Expert,10,monopolar,pac_between,low_gamma,V1,CA1,,,0.002258606712328319,5.0041240483429995e-05,87.84425215482975,0.009900990099009901,100,0.002208565471844889
control,513,visual,41,Expert,10,monopolar,pac_between,high_gamma,V1,CA1,,,0.0043915349017168495,6.03932222036355e-05,169.71378860172123,0.009900990099009901,100,0.004331141679513214
control,513,visual,41,Expert,10,monopolar,pac_between,low_gamma,V1,DG,,,0.0018216837898224116,5.131382447750487e-05,67.42738766501756,0.009900990099009901,100,0.0017703699653449068
control,513,visual,41,Expert,10,monopolar,pac_between,high_gamma,V1,DG,,,0.002528036149784034,5.401511834337773e-05,95.98476629306745,0.009900990099009901,100,0.0024740210314406564
control,513,visual,41,Expert,10,bipolar,same_freq,theta,CA1,DG,0.5437203618611007,0.1130784198926903,,,,,,
control,513,visual,41,Expert,10,bipolar,same_freq,low_gamma,CA1,DG,0.28278714310466135,0.03400826941425237,,,,,,
control,513,visual,41,Expert,10,bipolar,same_freq,high_gamma,CA1,DG,0.21228793428295104,0.10937384767904285,,,,,,
control,513,visual,41,Expert,10,bipolar,same_freq,theta,CA1,V1,0.1885263736541219,0.13383491440910578,,,,,,
control,513,visual,41,Expert,10,bipolar,same_freq,low_gamma,CA1,V1,0.1319392927719238,0.0567225643820075,,,,,,
control,513,visual,41,Expert,10,bipolar,same_freq,high_gamma,CA1,V1,0.08910452257066769,0.02198353996772262,,,,,,
control,513,visual,41,Expert,10,bipolar,same_freq,theta,DG,V1,0.1668319304735846,0.22569470488913426,,,,,,
control,513,visual,41,Expert,10,bipolar,same_freq,low_gamma,DG,V1,0.1015059915574947,0.04173031756789027,,,,,,
control,513,visual,41,Expert,10,bipolar,same_freq,high_gamma,DG,V1,0.01764159472138141,0.001154940354109423,,,,,,
control,513,visual,41,Expert,10,bipolar,pac_within,low_gamma,CA1,CA1,,,0.0007826767602402474,4.03052892130291e-05,34.14676146595715,0.009900990099009901,100,0.0007423714710272183
control,513,visual,41,Expert,10,bipolar,pac_within,high_gamma,CA1,CA1,,,0.0006973074206552123,4.074142179731836e-05,35.443679460205736,0.009900990099009901,100,0.0006565659988578939
control,513,visual,41,Expert,10,bipolar,pac_within,low_gamma,DG,DG,,,0.0009811200324412806,4.0169906862804226e-05,54.038834685867926,0.009900990099009901,100,0.0009409501255784764
control,513,visual,41,Expert,10,bipolar,pac_within,high_gamma,DG,DG,,,0.002690029112274908,5.120438156252056e-05,91.36942536097224,0.009900990099009901,100,0.0026388247307123874
control,513,visual,41,Expert,10,bipolar,pac_within,low_gamma,V1,V1,,,0.0006102357667438883,4.509935746907362e-05,25.34715219188828,0.009900990099009901,100,0.0005651364092748147
control,513,visual,41,Expert,10,bipolar,pac_within,high_gamma,V1,V1,,,0.0007255698166651506,3.758668260819457e-05,40.67377473122692,0.009900990099009901,100,0.0006879831340569559
control,513,visual,41,Expert,10,bipolar,pac_between,low_gamma,CA1,DG,,,0.0006051238960144103,4.282909215813665e-05,25.338400213864645,0.009900990099009901,100,0.0005622948038562736
control,513,visual,41,Expert,10,bipolar,pac_between,high_gamma,CA1,DG,,,0.0008576427984421482,5.136628440540005e-05,34.98818475658691,0.009900990099009901,100,0.0008062765140367481
control,513,visual,41,Expert,10,bipolar,pac_between,low_gamma,CA1,V1,,,0.0005322359923103641,4.4614086098992685e-05,17.27593554824118,0.009900990099009901,100,0.00048762190621137145
control,513,visual,41,Expert,10,bipolar,pac_between,high_gamma,CA1,V1,,,0.00045423188319746024,3.7928945415174295e-05,22.790728889716863,0.009900990099009901,100,0.000416302937782286
control,513,visual,41,Expert,10,bipolar,pac_between,low_gamma,DG,CA1,,,0.0007920965340697687,4.1459120979008885e-05,35.492943068681406,0.009900990099009901,100,0.0007506374130907598
control,513,visual,41,Expert,10,bipolar,pac_between,high_gamma,DG,CA1,,,0.0014315380217144226,4.2443515715801024e-05,69.94638017781712,0.009900990099009901,100,0.0013890945059986215
control,513,visual,41,Expert,10,bipolar,pac_between,low_gamma,DG,V1,,,0.0005354904499377414,4.572018268445244e-05,19.92993291473274,0.009900990099009901,100,0.0004897702672532889
control,513,visual,41,Expert,10,bipolar,pac_between,high_gamma,DG,V1,,,0.00043116713850286113,3.949570947963771e-05,22.998026056113677,0.009900990099009901,100,0.0003916714290232234
control,513,visual,41,Expert,10,bipolar,pac_between,low_gamma,V1,CA1,,,0.0010596689527834942,4.002331569767306e-05,46.66629595095701,0.009900990099009901,100,0.0010196456370858212
control,513,visual,41,Expert,10,bipolar,pac_between,high_gamma,V1,CA1,,,0.0007995802151015494,4.0242360024968895e-05,38.50733633703812,0.009900990099009901,100,0.0007593378550765804
control,513,visual,41,Expert,10,bipolar,pac_between,low_gamma,V1,DG,,,0.0005460987211091612,3.7767605851688716e-05,30.04104767933348,0.009900990099009901,100,0.0005083311152574725
control,513,visual,41,Expert,10,bipolar,pac_between,high_gamma,V1,DG,,,0.001524481257098079,5.069847558101077e-05,53.72871767464679,0.009900990099009901,100,0.0014737827815170682
control,515,striatum,41,All,107,monopolar,same_freq,theta,ACC,DLS,0.3170618467404542,0.010400175929835078,,,,,,
control,515,striatum,41,All,107,monopolar,same_freq,low_gamma,ACC,DLS,0.067463813567652,0.004632997819255072,,,,,,
control,515,striatum,41,All,107,monopolar,same_freq,high_gamma,ACC,DLS,0.06323598989857893,0.010738750263677939,,,,,,
control,515,striatum,41,All,107,monopolar,same_freq,theta,ACC,DMS,0.31823738073755925,0.008116344387889638,,,,,,
control,515,striatum,41,All,107,monopolar,same_freq,low_gamma,ACC,DMS,0.06802736728581804,0.005743373439878826,,,,,,
control,515,striatum,41,All,107,monopolar,same_freq,high_gamma,ACC,DMS,0.06298670678861891,0.018324596850359413,,,,,,
control,515,striatum,41,All,107,monopolar,same_freq,theta,DLS,DMS,0.6467366047310924,0.09923888182714533,,,,,,
control,515,striatum,41,All,107,monopolar,same_freq,low_gamma,DLS,DMS,0.16436636227112278,0.002267503227601217,,,,,,
control,515,striatum,41,All,107,monopolar,same_freq,high_gamma,DLS,DMS,0.08032945866989184,0.006227246039522123,,,,,,
control,515,striatum,41,All,107,monopolar,pac_within,low_gamma,ACC,ACC,,,2.4188770208995763e-05,3.180413587929964e-06,14.170533433568925,0.009900990099009901,100,2.10083566210658e-05
control,515,striatum,41,All,107,monopolar,pac_within,high_gamma,ACC,ACC,,,0.0002510925237838292,3.2167665352309377e-06,169.88790687727254,0.009900990099009901,100,0.00024787575724859824
control,515,striatum,41,All,107,monopolar,pac_within,low_gamma,DLS,DLS,,,5.065268701327376e-05,2.7146138001308517e-06,32.397263291123615,0.009900990099009901,100,4.7938073213142906e-05
control,515,striatum,41,All,107,monopolar,pac_within,high_gamma,DLS,DLS,,,3.2275625860267486e-05,2.8628332278512557e-06,25.19361958592905,0.009900990099009901,100,2.941279263241623e-05
control,515,striatum,41,All,107,monopolar,pac_within,low_gamma,DMS,DMS,,,2.6248546686624518e-05,2.8681975189511926e-06,18.47522603632406,0.009900990099009901,100,2.3380349167673324e-05
control,515,striatum,41,All,107,monopolar,pac_within,high_gamma,DMS,DMS,,,8.343978409201198e-05,2.9488134199440425e-06,69.65581199843088,0.009900990099009901,100,8.049097067206793e-05
control,515,striatum,41,All,107,monopolar,pac_between,low_gamma,ACC,DLS,,,3.774157605099172e-05,3.167105032679559e-06,23.316203819953248,0.009900990099009901,100,3.457447101831216e-05
control,515,striatum,41,All,107,monopolar,pac_between,high_gamma,ACC,DLS,,,1.9658998173101737e-05,2.932873472805284e-06,14.412871262028883,0.009900990099009901,100,1.6726124700296454e-05
control,515,striatum,41,All,107,monopolar,pac_between,low_gamma,ACC,DMS,,,1.9975805654502138e-05,3.0803256558725176e-06,11.371786502127119,0.009900990099009901,100,1.689547999862962e-05
control,515,striatum,41,All,107,monopolar,pac_between,high_gamma,ACC,DMS,,,5.245746483934769e-05,3.1407564684072027e-06,40.892321344346435,0.009900990099009901,100,4.9316708370940485e-05
control,515,striatum,41,All,107,monopolar,pac_between,low_gamma,DLS,ACC,,,5.17482829646345e-05,2.8723977606581676e-06,37.46349342462933,0.009900990099009901,100,4.887588520397633e-05
control,515,striatum,41,All,107,monopolar,pac_between,high_gamma,DLS,ACC,,,0.0003592996208489761,3.100498458981375e-06,239.42830570211112,0.009900990099009901,100,0.00035619912238999475
control,515,striatum,41,All,107,monopolar,pac_between,low_gamma,DLS,DMS,,,2.3958041590861645e-05,2.7495144416222747e-06,14.359069220300762,0.009900990099009901,100,2.120852714923937e-05
control,515,striatum,41,All,107,monopolar,pac_between,high_gamma,DLS,DMS,,,8.748014254451033e-05,2.9060237907156267e-06,81.00616277851178,0.009900990099009901,100,8.45741187537947e-05
control,515,striatum,41,All,107,monopolar,pac_between,low_gamma,DMS,ACC,,,5.086688669859447e-05,2.915426803925454e-06,41.152127146931015,0.009900990099009901,100,4.7951459894669014e-05
control,515,striatum,41,All,107,monopolar,pac_between,high_gamma,DMS,ACC,,,0.00042345835208748925,2.985379979448684e-06,334.0646138905013,0.009900990099009901,100,0.00042047297210804057
control,515,striatum,41,All,107,monopolar,pac_between,low_gamma,DMS,DLS,,,5.562702168789334e-05,3.030173655961729e-06,34.04061330412856,0.009900990099009901,100,5.2596848031931606e-05
control,515,striatum,41,All,107,monopolar,pac_between,high_gamma,DMS,DLS,,,2.8557710041287916e-05,3.0225404002831757e-06,17.821324323180367,0.009900990099009901,100,2.553516964100474e-05
control,515,striatum,41,All,107,bipolar,same_freq,theta,ACC,DLS,0.17727358080044225,0.057148221004214614,,,,,,
control,515,striatum,41,All,107,bipolar,same_freq,low_gamma,ACC,DLS,0.002844412462429221,0.004244363727582284,,,,,,
control,515,striatum,41,All,107,bipolar,same_freq,high_gamma,ACC,DLS,0.0010564952372155818,0.00021334397454367266,,,,,,
control,515,striatum,41,All,107,bipolar,same_freq,theta,ACC,DMS,0.07335481442237189,0.06876792770269932,,,,,,
control,515,striatum,41,All,107,bipolar,same_freq,low_gamma,ACC,DMS,0.0026551411815716355,0.0017831259871184618,,,,,,
control,515,striatum,41,All,107,bipolar,same_freq,high_gamma,ACC,DMS,-0.001615036419342364,0.0015377142807626392,,,,,,
control,515,striatum,41,All,107,bipolar,same_freq,theta,DLS,DMS,0.05294559467476035,0.059083481449394286,,,,,,
control,515,striatum,41,All,107,bipolar,same_freq,low_gamma,DLS,DMS,0.0023419872540485815,0.0032724514333079394,,,,,,
control,515,striatum,41,All,107,bipolar,same_freq,high_gamma,DLS,DMS,0.004905028619605396,0.006661102899544861,,,,,,
control,515,striatum,41,All,107,bipolar,pac_within,low_gamma,ACC,ACC,,,5.241474773898328e-06,3.183460945982497e-06,1.7140621288145985,0.06930693069306931,100,2.058013827915831e-06
control,515,striatum,41,All,107,bipolar,pac_within,high_gamma,ACC,ACC,,,4.549402954926536e-06,3.119894225919479e-06,1.3226916415617649,0.12871287128712872,100,1.4295087290070569e-06
control,515,striatum,41,All,107,bipolar,pac_within,low_gamma,DLS,DLS,,,2.485959173542118e-06,3.2438869430152717e-06,-0.518488148560965,0.6732673267326733,100,-7.579277694731537e-07
control,515,striatum,41,All,107,bipolar,pac_within,high_gamma,DLS,DLS,,,4.802853145507058e-06,3.237924716606413e-06,1.2102424509450755,0.13861386138613863,100,1.5649284289006445e-06
control,515,striatum,41,All,107,bipolar,pac_within,low_gamma,DMS,DMS,,,5.719241687461832e-06,3.3017050636828758e-06,1.7371368962152725,0.04950495049504951,100,2.4175366237789566e-06
control,515,striatum,41,All,107,bipolar,pac_within,high_gamma,DMS,DMS,,,4.5355611247198275e-06,3.0188053321647166e-06,1.4193029646567663,0.07920792079207921,100,1.5167557925551108e-06
control,515,striatum,41,All,107,bipolar,pac_between,low_gamma,ACC,DLS,,,6.935022777725061e-06,3.5688728265173696e-06,2.19547341925636,0.039603960396039604,100,3.366149951207691e-06
control,515,striatum,41,All,107,bipolar,pac_between,high_gamma,ACC,DLS,,,4.960873077543143e-06,3.0718134791052284e-06,1.663376352221907,0.0891089108910891,100,1.8890595984379144e-06
control,515,striatum,41,All,107,bipolar,pac_between,low_gamma,ACC,DMS,,,4.469234711454885e-06,3.2094840472293145e-06,0.8879930817177544,0.1782178217821782,100,1.2597506642255708e-06
control,515,striatum,41,All,107,bipolar,pac_between,high_gamma,ACC,DMS,,,4.9868005841212365e-06,2.893714388000642e-06,1.927887523966371,0.06930693069306931,100,2.0930861961205944e-06
control,515,striatum,41,All,107,bipolar,pac_between,low_gamma,DLS,ACC,,,2.855793152741433e-06,3.255094459172262e-06,-0.27491635865413555,0.5346534653465347,100,-3.993013064308289e-07
control,515,striatum,41,All,107,bipolar,pac_between,high_gamma,DLS,ACC,,,3.062500712701538e-06,3.1850591463254305e-06,-0.10452991429659529,0.4752475247524752,100,-1.2255843362389248e-07
control,515,striatum,41,All,107,bipolar,pac_between,low_gamma,DLS,DMS,,,3.6734072712962193e-06,3.363141213765098e-06,0.22015742328563165,0.38613861386138615,100,3.1026605753112124e-07
control,515,striatum,41,All,107,bipolar,pac_between,high_gamma,DLS,DMS,,,3.994596784795458e-06,3.225582320521694e-06,0.5653476549522518,0.26732673267326734,100,7.690144642737641e-07
control,515,striatum,41,All,107,bipolar,pac_between,low_gamma,DMS,ACC,,,2.688957913667883e-06,3.3858627840005584e-06,-0.47118869080741677,0.6237623762376238,100,-6.969048703326753e-07
control,515,striatum,41,All,107,bipolar,pac_between,high_gamma,DMS,ACC,,,3.951324734506069e-06,3.2354291349722867e-06,0.6668335242650905,0.25742574257425743,100,7.158955995337824e-07
control,515,striatum,41,All,107,bipolar,pac_between,low_gamma,DMS,DLS,,,3.9714431081273665e-06,3.245124965376765e-06,0.549699174287404,0.26732673267326734,100,7.263181427506017e-07
control,515,striatum,41,All,107,bipolar,pac_between,high_gamma,DMS,DLS,,,2.242714126270383e-06,3.1263469192999726e-06,-0.6959773846098611,0.7722772277227723,100,-8.836327930295896e-07
control,515,striatum,41,Naive,10,monopolar,same_freq,theta,ACC,DLS,0.31638574181959594,-0.02034668822262718,,,,,,
control,515,striatum,41,Naive,10,monopolar,same_freq,low_gamma,ACC,DLS,0.08261002846536619,0.022131633704448053,,,,,,
control,515,striatum,41,Naive,10,monopolar,same_freq,high_gamma,ACC,DLS,0.07110348544742587,0.015999606511148377,,,,,,
control,515,striatum,41,Naive,10,monopolar,same_freq,theta,ACC,DMS,0.2927899328764091,-0.031232672939276708,,,,,,
control,515,striatum,41,Naive,10,monopolar,same_freq,low_gamma,ACC,DMS,0.06700690961649522,0.0008680740161294734,,,,,,
control,515,striatum,41,Naive,10,monopolar,same_freq,high_gamma,ACC,DMS,0.041794993397354506,0.007688419796275417,,,,,,
control,515,striatum,41,Naive,10,monopolar,same_freq,theta,DLS,DMS,0.6389488026253127,0.12814346850532865,,,,,,
control,515,striatum,41,Naive,10,monopolar,same_freq,low_gamma,DLS,DMS,0.15861791379047685,-0.0007170839698714138,,,,,,
control,515,striatum,41,Naive,10,monopolar,same_freq,high_gamma,DLS,DMS,0.08738879264517455,0.0028473983744185085,,,,,,
control,515,striatum,41,Naive,10,monopolar,pac_within,low_gamma,ACC,ACC,,,6.852315321497452e-05,3.811441458257278e-05,1.6073962507003354,0.0891089108910891,100,3.0408738632401734e-05
control,515,striatum,41,Naive,10,monopolar,pac_within,high_gamma,ACC,ACC,,,0.000252684885828887,3.816814769789717e-05,13.499233892519893,0.009900990099009901,100,0.00021451673813098983
control,515,striatum,41,Naive,10,monopolar,pac_within,low_gamma,DLS,DLS,,,9.470308516541745e-05,3.3049026855226005e-05,4.176034548221267,0.009900990099009901,100,6.165405831019144e-05
control,515,striatum,41,Naive,10,monopolar,pac_within,high_gamma,DLS,DLS,,,0.00013231441333129483,3.411966835909655e-05,6.238443753845968,0.009900990099009901,100,9.819474497219828e-05
control,515,striatum,41,Naive,10,monopolar,pac_within,low_gamma,DMS,DMS,,,3.768259787010932e-05,3.402702096038477e-05,0.2283077956006038,0.32673267326732675,100,3.6555769097245462e-06
control,515,striatum,41,Naive,10,monopolar,pac_within,high_gamma,DMS,DMS,,,4.51843975490246e-05,3.42022132178799e-05,0.6875715514971072,0.19801980198019803,100,1.0982184331144699e-05
control,515,striatum,41,Naive,10,monopolar,pac_between,low_gamma,ACC,DLS,,,0.00011229806214379528,4.061863435957621e-05,3.6029296633586636,0.019801980198019802,100,7.167942778421908e-05
control,515,striatum,41,Naive,10,monopolar,pac_between,high_gamma,ACC,DLS,,,9.796577451260297e-05,3.8190941155104465e-05,3.8207549314060443,0.009900990099009901,100,5.97748333574985e-05
control,515,striatum,41,Naive,10,monopolar,pac_between,low_gamma,ACC,DMS,,,4.101785546572197e-05,3.570873003994258e-05,0.3242707311536078,0.2871287128712871,100,5.309125425779395e-06
control,515,striatum,41,Naive,10,monopolar,pac_between,high_gamma,ACC,DMS,,,3.403364343025893e-05,3.4679628816734297e-05,-0.0473538800078406,0.46534653465346537,100,-6.459853864753697e-07
control,515,striatum,41,Naive,10,monopolar,pac_between,low_gamma,DLS,ACC,,,8.885896350263222e-05,3.266841381654906e-05,3.4935050664868514,0.019801980198019802,100,5.619054968608316e-05
control,515,striatum,41,Naive,10,monopolar,pac_between,high_gamma,DLS,ACC,,,0.0003130008070012297,3.319822366116826e-05,20.29475129652978,0.009900990099009901,100,0.0002798025833400614
control,515,striatum,41,Naive,10,monopolar,pac_between,low_gamma,DLS,DMS,,,4.2628734561790415e-05,3.4468059127945686e-05,0.529227128251582,0.24752475247524752,100,8.160675433844729e-06
control,515,striatum,41,Naive,10,monopolar,pac_between,high_gamma,DLS,DMS,,,7.342098846988138e-05,3.343253763446807e-05,2.729885636572368,0.039603960396039604,100,3.998845083541332e-05
control,515,striatum,41,Naive,10,monopolar,pac_between,low_gamma,DMS,ACC,,,8.665423993103647e-05,3.2448369071128014e-05,3.687414975874339,0.009900990099009901,100,5.420587085990845e-05
control,515,striatum,41,Naive,10,monopolar,pac_between,high_gamma,DMS,ACC,,,0.0003944998889168205,3.5026654697774475e-05,25.25294626861417,0.009900990099009901,100,0.00035947323421904603
control,515,striatum,41,Naive,10,monopolar,pac_between,low_gamma,DMS,DLS,,,0.00012667326745939754,3.466575464599412e-05,5.3760319808460615,0.009900990099009901,100,9.200751281340341e-05
control,515,striatum,41,Naive,10,monopolar,pac_between,high_gamma,DMS,DLS,,,0.0001231515750045637,3.473297226477062e-05,5.967638798656951,0.009900990099009901,100,8.84186027397931e-05
control,515,striatum,41,Naive,10,bipolar,same_freq,theta,ACC,DLS,0.23109064647977542,0.04143784196323559,,,,,,
control,515,striatum,41,Naive,10,bipolar,same_freq,low_gamma,ACC,DLS,0.008693868751761381,0.011130451737301246,,,,,,
control,515,striatum,41,Naive,10,bipolar,same_freq,high_gamma,ACC,DLS,0.001780021308638374,0.0024516290525263412,,,,,,
control,515,striatum,41,Naive,10,bipolar,same_freq,theta,ACC,DMS,0.059765908824399507,0.0718063709710708,,,,,,
control,515,striatum,41,Naive,10,bipolar,same_freq,low_gamma,ACC,DMS,-0.01930530017591856,-0.01078530157675046,,,,,,
control,515,striatum,41,Naive,10,bipolar,same_freq,high_gamma,ACC,DMS,-0.01511607851428275,-0.01068040278212416,,,,,,
control,515,striatum,41,Naive,10,bipolar,same_freq,theta,DLS,DMS,0.06156312409700847,0.07128766035557352,,,,,,
control,515,striatum,41,Naive,10,bipolar,same_freq,low_gamma,DLS,DMS,-0.0015973022953115698,0.00037253307466233944,,,,,,
control,515,striatum,41,Naive,10,bipolar,same_freq,high_gamma,DLS,DMS,0.007925868777197092,0.011313984984065502,,,,,,
control,515,striatum,41,Naive,10,bipolar,pac_within,low_gamma,ACC,ACC,,,3.0322961604345313e-05,3.9510393161456367e-05,-0.49998143621814756,0.6633663366336634,100,-9.187431557111053e-06
control,515,striatum,41,Naive,10,bipolar,pac_within,high_gamma,ACC,ACC,,,3.204787242400322e-05,3.8211467576437994e-05,-0.4947044127992164,0.6732673267326733,100,-6.163595152434776e-06
control,515,striatum,41,Naive,10,bipolar,pac_within,low_gamma,DLS,DLS,,,1.3211725999617018e-05,4.320547792450096e-05,-1.6212690941413779,0.9801980198019802,100,-2.9993751924883945e-05
control,515,striatum,41,Naive,10,bipolar,pac_within,high_gamma,DLS,DLS,,,4.2744689692583314e-05,4.0331731377132194e-05,0.14331184688286805,0.33663366336633666,100,2.4129583154511197e-06
control,515,striatum,41,Naive,10,bipolar,pac_within,low_gamma,DMS,DMS,,,5.468524912895546e-05,4.110072805024464e-05,0.7702076418954104,0.22772277227722773,100,1.3584521078710817e-05
control,515,striatum,41,Naive,10,bipolar,pac_within,high_gamma,DMS,DMS,,,3.324008589090902e-05,3.7990750263241217e-05,-0.3255422170040509,0.5544554455445545,100,-4.750664372332194e-06
control,515,striatum,41,Naive,10,bipolar,pac_between,low_gamma,ACC,DLS,,,1.5480576603800924e-05,4.285884474128014e-05,-1.5188341747321186,0.9900990099009901,100,-2.7378268137479218e-05
control,515,striatum,41,Naive,10,bipolar,pac_between,high_gamma,ACC,DLS,,,2.9723859783478747e-05,3.5590294117462444e-05,-0.4460015308112634,0.6336633663366337,100,-5.866434333983697e-06
control,515,striatum,41,Naive,10,bipolar,pac_between,low_gamma,ACC,DMS,,,3.825527495879833e-05,4.163583432418435e-05,-0.18960965549165057,0.5247524752475248,100,-3.3805593653860193e-06
control,515,striatum,41,Naive,10,bipolar,pac_between,high_gamma,ACC,DMS,,,1.575257782383395e-05,3.841876398790899e-05,-1.657302111127801,0.9801980198019802,100,-2.266618616407504e-05
control,515,striatum,41,Naive,10,bipolar,pac_between,low_gamma,DLS,ACC,,,3.915938692192588e-05,4.1638742781809696e-05,-0.15078914226556764,0.48514851485148514,100,-2.4793558598838183e-06
control,515,striatum,41,Naive,10,bipolar,pac_between,high_gamma,DLS,ACC,,,2.5095145917940518e-05,4.173443512357103e-05,-0.9884728104431397,0.8514851485148515,100,-1.663928920563051e-05
control,515,striatum,41,Naive,10,bipolar,pac_between,low_gamma,DLS,DMS,,,4.658969921179699e-05,4.709784566637114e-05,-0.02812083219778591,0.44554455445544555,100,-5.081464545741448e-07
control,515,striatum,41,Naive,10,bipolar,pac_between,high_gamma,DLS,DMS,,,3.3749726556661546e-05,3.936162759655892e-05,-0.3883176476306813,0.6534653465346535,100,-5.611901039897375e-06
control,515,striatum,41,Naive,10,bipolar,pac_between,low_gamma,DMS,ACC,,,3.5319793346634885e-05,3.7367725782360464e-05,-0.1539223495807411,0.5148514851485149,100,-2.047932435725578e-06
control,515,striatum,41,Naive,10,bipolar,pac_between,high_gamma,DMS,ACC,,,2.742869963595578e-05,3.88703391696928e-05,-0.721090468968057,0.7722772277227723,100,-1.1441639533737018e-05
control,515,striatum,41,Naive,10,bipolar,pac_between,low_gamma,DMS,DLS,,,3.6408450427248554e-05,4.39139329847369e-05,-0.34626089487715916,0.5346534653465347,100,-7.505482557488343e-06
control,515,striatum,41,Naive,10,bipolar,pac_between,high_gamma,DMS,DLS,,,3.824065669438396e-05,3.809879148020998e-05,0.010059498475187376,0.40594059405940597,100,1.4186521417397854e-07
control,515,striatum,41,Intermediate,10,monopolar,same_freq,theta,ACC,DLS,0.2763180392555619,0.005490082643089238,,,,,,
control,515,striatum,41,Intermediate,10,monopolar,same_freq,low_gamma,ACC,DLS,0.05714452920457509,-0.006477380542507621,,,,,,
control,515,striatum,41,Intermediate,10,monopolar,same_freq,high_gamma,ACC,DLS,0.03740255365508516,-0.005040370864639195,,,,,,
control,515,striatum,41,Intermediate,10,monopolar,same_freq,theta,ACC,DMS,0.2730510815608481,0.041261457378700475,,,,,,
control,515,striatum,41,Intermediate,10,monopolar,same_freq,low_gamma,ACC,DMS,0.06623231707143916,0.0026510138002962596,,,,,,
control,515,striatum,41,Intermediate,10,monopolar,same_freq,high_gamma,ACC,DMS,0.06295649470462475,0.01662626874240382,,,,,,
control,515,striatum,41,Intermediate,10,monopolar,same_freq,theta,DLS,DMS,0.658716372317728,0.14698348470158282,,,,,,
control,515,striatum,41,Intermediate,10,monopolar,same_freq,low_gamma,DLS,DMS,0.16576916002652164,0.018212391763292677,,,,,,
control,515,striatum,41,Intermediate,10,monopolar,same_freq,high_gamma,DLS,DMS,0.08725360020214037,0.002135687706383446,,,,,,
control,515,striatum,41,Intermediate,10,monopolar,pac_within,low_gamma,ACC,ACC,,,4.4133331162661345e-05,4.2582290307130196e-05,0.07566281368844116,0.37623762376237624,100,1.5510408555311495e-06
control,515,striatum,41,Intermediate,10,monopolar,pac_within,high_gamma,ACC,ACC,,,0.00016253209910590424,3.992017163920759e-05,7.333907885081382,0.009900990099009901,100,0.00012261192746669666
control,515,striatum,41,Intermediate,10,monopolar,pac_within,low_gamma,DLS,DLS,,,3.532904313016238e-05,3.837656244649161e-05,-0.1498600508848549,0.45544554455445546,100,-3.047519316329231e-06
control,515,striatum,41,Intermediate,10,monopolar,pac_within,high_gamma,DLS,DLS,,,3.406180364358189e-05,3.8305361247678235e-05,-0.27042673655131844,0.5247524752475248,100,-4.243557604096346e-06
control,515,striatum,41,Intermediate,10,monopolar,pac_within,low_gamma,DMS,DMS,,,3.417080204109245e-05,3.887151952317286e-05,-0.2490859882309436,0.5346534653465347,100,-4.700717482080413e-06
control,515,striatum,41,Intermediate,10,monopolar,pac_within,high_gamma,DMS,DMS,,,0.00010109424748687017,3.907903142922093e-05,3.3760906098996206,0.009900990099009901,100,6.201521605764924e-05
control,515,striatum,41,Intermediate,10,monopolar,pac_between,low_gamma,ACC,DLS,,,3.610177706507159e-05,4.265058810666729e-05,-0.40708986899735944,0.6237623762376238,100,-6.548811041595698e-06
control,515,striatum,41,Intermediate,10,monopolar,pac_between,high_gamma,ACC,DLS,,,9.238217236254988e-05,4.015916562431004e-05,3.3211999150828104,0.019801980198019802,100,5.222300673823983e-05
control,515,striatum,41,Intermediate,10,monopolar,pac_between,low_gamma,ACC,DMS,,,3.406144519183897e-05,3.9395368759270215e-05,-0.31607733525251175,0.5841584158415841,100,-5.3339235674312434e-06
control,515,striatum,41,Intermediate,10,monopolar,pac_between,high_gamma,ACC,DMS,,,6.31120100094577e-05,4.01817617409019e-05,1.5694129986999181,0.09900990099009901,100,2.2930248268555798e-05
control,515,striatum,41,Intermediate,10,monopolar,pac_between,low_gamma,DLS,ACC,,,8.712767108202785e-05,3.941332497974388e-05,2.648292822780517,0.0297029702970297,100,4.771434610228397e-05
control,515,striatum,41,Intermediate,10,monopolar,pac_between,high_gamma,DLS,ACC,,,0.00035449703618386244,3.778743255065603e-05,18.957385107065406,0.009900990099009901,100,0.00031670960363320644
control,515,striatum,41,Intermediate,10,monopolar,pac_between,low_gamma,DLS,DMS,,,1.9617238484745842e-05,3.750114693387513e-05,-1.0849690041113378,0.8514851485148515,100,-1.7883908449129285e-05
control,515,striatum,41,Intermediate,10,monopolar,pac_between,high_gamma,DLS,DMS,,,0.00010921356549527647,3.7034212995159865e-05,4.735572490048639,0.009900990099009901,100,7.217935250011661e-05
control,515,striatum,41,Intermediate,10,monopolar,pac_between,low_gamma,DMS,ACC,,,4.524331319513139e-05,4.237433530481219e-05,0.13877266968167842,0.36633663366336633,100,2.8689778903191968e-06
control,515,striatum,41,Intermediate,10,monopolar,pac_between,high_gamma,DMS,ACC,,,0.0004747043060689205,3.874169998044803e-05,27.221526664388527,0.009900990099009901,100,0.00043596260608847246
control,515,striatum,41,Intermediate,10,monopolar,pac_between,low_gamma,DMS,DLS,,,1.8587053478466003e-05,3.938402761937596e-05,-0.9257636246748682,0.8910891089108911,100,-2.0796974140909955e-05
control,515,striatum,41,Intermediate,10,monopolar,pac_between,high_gamma,DMS,DLS,,,3.106674846634206e-05,3.892104443931421e-05,-0.4706314880561566,0.6435643564356436,100,-7.854295972972147e-06
control,515,striatum,41,Intermediate,10,bipolar,same_freq,theta,ACC,DLS,0.23826067232126805,0.05448310602868024,,,,,,
control,515,striatum,41,Intermediate,10,bipolar,same_freq,low_gamma,ACC,DLS,-0.004402897147935486,-0.004671739751913786,,,,,,
control,515,striatum,41,Intermediate,10,bipolar,same_freq,high_gamma,ACC,DLS,-0.016002143533085104,-0.015382414845613552,,,,,,
control,515,striatum,41,Intermediate,10,bipolar,same_freq,theta,ACC,DMS,0.09932700523221245,0.07994646410379971,,,,,,
control,515,striatum,41,Intermediate,10,bipolar,same_freq,low_gamma,ACC,DMS,0.010791423406046136,0.007114581511164705,,,,,,
control,515,striatum,41,Intermediate,10,bipolar,same_freq,high_gamma,ACC,DMS,-0.01526536151670655,-0.004072110466026508,,,,,,
control,515,striatum,41,Intermediate,10,bipolar,same_freq,theta,DLS,DMS,0.06903059437556278,0.056713506509756,,,,,,
control,515,striatum,41,Intermediate,10,bipolar,same_freq,low_gamma,DLS,DMS,-0.004684324201025888,-0.009612176854932836,,,,,,
control,515,striatum,41,Intermediate,10,bipolar,same_freq,high_gamma,DLS,DMS,0.011401265077563465,0.010199986294435606,,,,,,
control,515,striatum,41,Intermediate,10,bipolar,pac_within,low_gamma,ACC,ACC,,,3.762718817955595e-05,4.372906621193717e-05,-0.26460212622234874,0.5643564356435643,100,-6.101878032381219e-06
control,515,striatum,41,Intermediate,10,bipolar,pac_within,high_gamma,ACC,ACC,,,5.077980884624421e-05,4.342285310667817e-05,0.3566532135408034,0.2871287128712871,100,7.356955739566043e-06
control,515,striatum,41,Intermediate,10,bipolar,pac_within,low_gamma,DLS,DLS,,,1.5415211483600073e-05,4.8344043173672824e-05,-1.500481949673299,1.0,100,-3.292883169007275e-05
control,515,striatum,41,Intermediate,10,bipolar,pac_within,high_gamma,DLS,DLS,,,2.8353203562847247e-05,4.265123971602997e-05,-0.9519308646963096,0.8316831683168316,100,-1.429803615318272e-05
control,515,striatum,41,Intermediate,10,bipolar,pac_within,low_gamma,DMS,DMS,,,5.358573550242641e-05,4.4638097933464745e-05,0.44554925201834283,0.25742574257425743,100,8.947637568961663e-06
control,515,striatum,41,Intermediate,10,bipolar,pac_within,high_gamma,DMS,DMS,,,4.5625839095245e-05,3.887631112263538e-05,0.4356423640155842,0.2871287128712871,100,6.749527972609621e-06
control,515,striatum,41,Intermediate,10,bipolar,pac_between,low_gamma,ACC,DLS,,,0.00010606598419917044,4.271989139092626e-05,3.5767720904401514,0.019801980198019802,100,6.334609280824418e-05
control,515,striatum,41,Intermediate,10,bipolar,pac_between,high_gamma,ACC,DLS,,,3.6699541245255065e-05,4.116669657706252e-05,-0.29376932113325555,0.594059405940594,100,-4.467155331807458e-06
control,515,striatum,41,Intermediate,10,bipolar,pac_between,low_gamma,ACC,DMS,,,4.753596765266194e-05,4.376304411485053e-05,0.17808191140434085,0.3465346534653465,100,3.7729235378114153e-06
control,515,striatum,41,Intermediate,10,bipolar,pac_between,high_gamma,ACC,DMS,,,3.2983228374904016e-05,4.448567659173416e-05,-0.5887623669981351,0.7425742574257426,100,-1.1502448216830146e-05
control,515,striatum,41,Intermediate,10,bipolar,pac_between,low_gamma,DLS,ACC,,,2.553313083919004e-05,4.401455537191266e-05,-1.006094289006432,0.8316831683168316,100,-1.848142453272262e-05
control,515,striatum,41,Intermediate,10,bipolar,pac_between,high_gamma,DLS,ACC,,,9.535988551707445e-05,4.123178287592952e-05,3.7236781834888073,0.009900990099009901,100,5.412810264114493e-05
control,515,striatum,41,Intermediate,10,bipolar,pac_between,low_gamma,DLS,DMS,,,2.9486553807396306e-05,4.723814000114799e-05,-0.9412998642303898,0.8217821782178217,100,-1.775158619375168e-05
control,515,striatum,41,Intermediate,10,bipolar,pac_between,high_gamma,DLS,DMS,,,6.204280250732146e-05,4.3372269946299815e-05,1.1476054207252393,0.1188118811881188,100,1.8670532561021645e-05
control,515,striatum,41,Intermediate,10,bipolar,pac_between,low_gamma,DMS,ACC,,,0.00011934933524023825,4.891944944282617e-05,3.5338510979935083,0.009900990099009901,100,7.042988579741209e-05
control,515,striatum,41,Intermediate,10,bipolar,pac_between,high_gamma,DMS,ACC,,,2.8040466305914342e-05,4.3089459759172025e-05,-0.8725517365712911,0.801980198019802,100,-1.5048993453257683e-05
control,515,striatum,41,Intermediate,10,bipolar,pac_between,low_gamma,DMS,DLS,,,5.4268126079262464e-05,4.979818357666842e-05,0.22524764426070015,0.36633663366336633,100,4.469942502594044e-06
control,515,striatum,41,Intermediate,10,bipolar,pac_between,high_gamma,DMS,DLS,,,7.158430114887881e-05,4.037152002545342e-05,1.9375143164464204,0.039603960396039604,100,3.121278112342539e-05
control,515,striatum,41,Expert,10,monopolar,same_freq,theta,ACC,DLS,0.34050389896798133,-0.029576327143024578,,,,,,
control,515,striatum,41,Expert,10,monopolar,same_freq,low_gamma,ACC,DLS,0.055808786027477957,-0.002388735747109828,,,,,,
control,515,striatum,41,Expert,10,monopolar,same_freq,high_gamma,ACC,DLS,0.05213357547410535,0.00676031137343955,,,,,,
control,515,striatum,41,Expert,10,monopolar,same_freq,theta,ACC,DMS,0.3546929754513249,0.022585323342044286,,,,,,
control,515,striatum,41,Expert,10,monopolar,same_freq,low_gamma,ACC,DMS,0.04332179376305836,-0.008152335607621412,,,,,,
control,515,striatum,41,Expert,10,monopolar,same_freq,high_gamma,ACC,DMS,0.05571430759005711,0.020985238208333146,,,,,,
control,515,striatum,41,Expert,10,monopolar,same_freq,theta,DLS,DMS,0.6540409066727663,0.10993045740250348,,,,,,
control,515,striatum,41,Expert,10,monopolar,same_freq,low_gamma,DLS,DMS,0.1407731563761105,-0.0072303594014832585,,,,,,
control,515,striatum,41,Expert,10,monopolar,same_freq,high_gamma,DLS,DMS,0.07737132345485082,0.007844032159823742,,,,,,
control,515,striatum,41,Expert,10,monopolar,pac_within,low_gamma,ACC,ACC,,,4.334861646832807e-05,3.765948247038569e-05,0.340042349876137,0.297029702970297,100,5.68913399794238e-06
control,515,striatum,41,Expert,10,monopolar,pac_within,high_gamma,ACC,ACC,,,0.00035638070080106816,3.396325429713899e-05,21.121198489224923,0.009900990099009901,100,0.0003224174465039292
control,515,striatum,41,Expert,10,monopolar,pac_within,low_gamma,DLS,DLS,,,8.450373347782176e-05,3.135996337920144e-05,3.2593943489054973,0.019801980198019802,100,5.314377009862032e-05
control,515,striatum,41,Expert,10,monopolar,pac_within,high_gamma,DLS,DLS,,,3.0296513349990242e-05,3.0153918057819897e-05,0.01207786119114048,0.46534653465346537,100,1.4259529217034467e-07
control,515,striatum,41,Expert,10,monopolar,pac_within,low_gamma,DMS,DMS,,,5.899766515453679e-05,3.311623758332814e-05,1.9368684819435367,0.07920792079207921,100,2.5881427571208648e-05
control,515,striatum,41,Expert,10,monopolar,pac_within,high_gamma,DMS,DMS,,,0.00016330241963421032,2.9732382373674356e-05,9.852009636931461,0.009900990099009901,100,0.00013357003726053598
control,515,striatum,41,Expert,10,monopolar,pac_between,low_gamma,ACC,DLS,,,8.432815048942653e-05,3.606803467293531e-05,2.991627979759933,0.019801980198019802,100,4.826011581649122e-05
control,515,striatum,41,Expert,10,monopolar,pac_between,high_gamma,ACC,DLS,,,2.8917900093333466e-05,3.2123879183337925e-05,-0.2354443413415893,0.5346534653465347,100,-3.2059790900044593e-06
control,515,striatum,41,Expert,10,monopolar,pac_between,low_gamma,ACC,DMS,,,4.097611151899511e-05,3.404274981219362e-05,0.43676094902007384,0.25742574257425743,100,6.93336170680149e-06
control,515,striatum,41,Expert,10,monopolar,pac_between,high_gamma,ACC,DMS,,,0.00011991736235664845,3.3715564260684494e-05,6.806636014546928,0.009900990099009901,100,8.620179809596396e-05
control,515,striatum,41,Expert,10,monopolar,pac_between,low_gamma,DLS,ACC,,,1.8103984111587603e-05,3.493854211082733e-05,-1.118905925267526,0.8910891089108911,100,-1.6834557999239725e-05
control,515,striatum,41,Expert,10,monopolar,pac_between,high_gamma,DLS,ACC,,,0.00045428761575081486,3.508313248622236e-05,33.193592594306175,0.009900990099009901,100,0.0004192044832645925
control,515,striatum,41,Expert,10,monopolar,pac_between,low_gamma,DLS,DMS,,,5.751100029478707e-05,3.1963368458914874e-05,1.7607258595911732,0.07920792079207921,100,2.5547631835872194e-05
control,515,striatum,41,Expert,10,monopolar,pac_between,high_gamma,DLS,DMS,,,0.00016732310921537756,2.9476940699887747e-05,10.57422397096516,0.009900990099009901,100,0.00013784616851548982
control,515,striatum,41,Expert,10,monopolar,pac_between,low_gamma,DMS,ACC,,,1.562042686926148e-05,3.515774844979998e-05,-1.1976816068215315,0.9207920792079208,100,-1.9537321580538504e-05
control,515,striatum,41,Expert,10,monopolar,pac_between,high_gamma,DMS,ACC,,,0.0005327954197441787,3.544255034938347e-05,39.914977833268914,0.009900990099009901,100,0.0004973528693947953
control,515,striatum,41,Expert,10,monopolar,pac_between,low_gamma,DMS,DLS,,,9.44988019154298e-05,3.3380273837638724e-05,4.171476142232023,0.009900990099009901,100,6.111852807779108e-05
control,515,striatum,41,Expert,10,monopolar,pac_between,high_gamma,DMS,DLS,,,3.345352189327167e-05,2.9610409663051047e-05,0.3658630118122666,0.37623762376237624,100,3.843112230220621e-06
control,515,striatum,41,Expert,10,bipolar,same_freq,theta,ACC,DLS,0.10997072522528585,0.008740649336712317,,,,,,
control,515,striatum,41,Expert,10,bipolar,same_freq,low_gamma,ACC,DLS,0.015263360386421376,0.01888555829526632,,,,,,
control,515,striatum,41,Expert,10,bipolar,same_freq,high_gamma,ACC,DLS,-0.007167600540270304,-0.0031674220181147736,,,,,,
control,515,striatum,41,Expert,10,bipolar,same_freq,theta,ACC,DMS,0.11863221775651342,0.0917514441432372,,,,,,
control,515,striatum,41,Expert,10,bipolar,same_freq,low_gamma,ACC,DMS,0.00849557978566568,0.004928388898942632,,,,,,
control,515,striatum,41,Expert,10,bipolar,same_freq,high_gamma,ACC,DMS,-0.0024919626115448407,-0.002064718812359245,,,,,,
control,515,striatum,41,Expert,10,bipolar,same_freq,theta,DLS,DMS,0.016429043031744126,0.060401385286312594,,,,,,
control,515,striatum,41,Expert,10,bipolar,same_freq,low_gamma,DLS,DMS,-0.003981217737158555,0.0006796953992608945,,,,,,
control,515,striatum,41,Expert,10,bipolar,same_freq,high_gamma,DLS,DMS,0.009946419155165325,0.013707493987842337,,,,,,
control,515,striatum,41,Expert,10,bipolar,pac_within,low_gamma,ACC,ACC,,,5.321262627814425e-05,3.60879260783685e-05,1.1198036974706482,0.13861386138613863,100,1.7124700199775752e-05
control,515,striatum,41,Expert,10,bipolar,pac_within,high_gamma,ACC,ACC,,,3.126769541898532e-05,3.516395747783241e-05,-0.2803851787082637,0.5148514851485149,100,-3.896262058847087e-06
control,515,striatum,41,Expert,10,bipolar,pac_within,low_gamma,DLS,DLS,,,3.404804693570989e-05,3.778486287281833e-05,-0.22195337908597815,0.5247524752475248,100,-3.736815937108439e-06
control,515,striatum,41,Expert,10,bipolar,pac_within,high_gamma,DLS,DLS,,,3.614565267742766e-05,3.85484770429683e-05,-0.14883390506803862,0.5247524752475248,100,-2.402824365540642e-06
control,515,striatum,41,Expert,10,bipolar,pac_within,low_gamma,DMS,DMS,,,3.104851757864988e-05,3.9142633967172554e-05,-0.523325966239118,0.6831683168316832,100,-8.094116388522674e-06
control,515,striatum,41,Expert,10,bipolar,pac_within,high_gamma,DMS,DMS,,,3.979534001436962e-05,3.51262842729534e-05,0.356539909843152,0.32673267326732675,100,4.669055741416222e-06
control,515,striatum,41,Expert,10,bipolar,pac_between,low_gamma,ACC,DLS,,,5.3671731607329516e-05,3.649624577919697e-05,1.0373076201918143,0.1485148514851485,100,1.7175485828132543e-05
control,515,striatum,41,Expert,10,bipolar,pac_between,high_gamma,ACC,DLS,,,2.585061164731996e-05,3.637797002878254e-05,-0.802819395831929,0.7821782178217822,100,-1.052735838146258e-05
control,515,striatum,41,Expert,10,bipolar,pac_between,low_gamma,ACC,DMS,,,2.630621357912976e-05,3.770957087958029e-05,-0.7275126093605132,0.7227722772277227,100,-1.140335730045053e-05
control,515,striatum,41,Expert,10,bipolar,pac_between,high_gamma,ACC,DMS,,,4.446468869915475e-05,3.470611916036738e-05,0.7845543244078966,0.22772277227722773,100,9.758569538787372e-06
control,515,striatum,41,Expert,10,bipolar,pac_between,low_gamma,DLS,ACC,,,3.388457971369742e-05,3.745914260574657e-05,-0.24112718804726546,0.5445544554455446,100,-3.574562892049151e-06
control,515,striatum,41,Expert,10,bipolar,pac_between,high_gamma,DLS,ACC,,,2.8002492431328272e-05,3.689387860823973e-05,-0.6357585249914971,0.7128712871287128,100,-8.89138617691146e-06
control,515,striatum,41,Expert,10,bipolar,pac_between,low_gamma,DLS,DMS,,,2.2875614417233207e-05,4.016660469531666e-05,-1.0194022807349659,0.8613861386138614,100,-1.7290990278083455e-05
control,515,striatum,41,Expert,10,bipolar,pac_between,high_gamma,DLS,DMS,,,4.240556640371203e-05,3.635350279126248e-05,0.5137435675443462,0.297029702970297,100,6.052063612449552e-06
control,515,striatum,41,Expert,10,bipolar,pac_between,low_gamma,DMS,ACC,,,5.633056068002771e-05,3.6594027862504834e-05,1.1521795713421157,0.1188118811881188,100,1.973653281752288e-05
control,515,striatum,41,Expert,10,bipolar,pac_between,high_gamma,DMS,ACC,,,2.02415268476965e-05,3.546078210676704e-05,-1.1416225889768268,0.8910891089108911,100,-1.5219255259070541e-05
control,515,striatum,41,Expert,10,bipolar,pac_between,low_gamma,DMS,DLS,,,5.617158517879312e-05,3.788265799725959e-05,1.3798794501208946,0.13861386138613863,100,1.8288927181533527e-05
control,515,striatum,41,Expert,10,bipolar,pac_between,high_gamma,DMS,DLS,,,4.097222141699052e-05,3.550074853694587e-05,0.46025247523620266,0.3069306930693069,100,5.471472880044654e-06
control,515,visual,41,All,107,monopolar,same_freq,theta,CA1,DG,-0.06621155891612047,-0.051182569982050605,,,,,,
control,515,visual,41,All,107,monopolar,same_freq,low_gamma,CA1,DG,0.1962512992906175,0.059780990530266545,,,,,,
control,515,visual,41,All,107,monopolar,same_freq,high_gamma,CA1,DG,0.3127625517550373,0.14044766944161644,,,,,,
control,515,visual,41,All,107,monopolar,same_freq,theta,CA1,V1,0.14464311895343226,0.08318981731932093,,,,,,
control,515,visual,41,All,107,monopolar,same_freq,low_gamma,CA1,V1,0.8735794181620268,0.04414075027191475,,,,,,
control,515,visual,41,All,107,monopolar,same_freq,high_gamma,CA1,V1,0.8392424089164203,0.06625550748002318,,,,,,
control,515,visual,41,All,107,monopolar,same_freq,theta,DG,V1,0.055789251996934186,-0.00989786949640052,,,,,,
control,515,visual,41,All,107,monopolar,same_freq,low_gamma,DG,V1,0.18224718333435694,0.06565646814129414,,,,,,
control,515,visual,41,All,107,monopolar,same_freq,high_gamma,DG,V1,0.2578759570837009,0.13731249047467187,,,,,,
control,515,visual,41,All,107,monopolar,pac_within,low_gamma,CA1,CA1,,,0.001239237583822391,4.039458188879629e-06,616.7758331049469,0.009900990099009901,100,0.0012351981256335115
control,515,visual,41,All,107,monopolar,pac_within,high_gamma,CA1,CA1,,,0.0018033445411223471,4.728925208290626e-06,775.0954715107649,0.009900990099009901,100,0.0017986156159140565
control,515,visual,41,All,107,monopolar,pac_within,low_gamma,DG,DG,,,0.00015059260640485345,3.720515438735478e-06,80.86257145061269,0.009900990099009901,100,0.00014687209096611798
control,515,visual,41,All,107,monopolar,pac_within,high_gamma,DG,DG,,,1.3377794230869363e-05,4.360804101193527e-06,5.421082219698292,0.009900990099009901,100,9.016990129675836e-06
control,515,visual,41,All,107,monopolar,pac_within,low_gamma,V1,V1,,,0.000575844922601317,4.636468205991744e-06,265.7006355825857,0.009900990099009901,100,0.0005712084543953253
control,515,visual,41,All,107,monopolar,pac_within,high_gamma,V1,V1,,,0.0003588900357287818,5.586433349623743e-06,143.59386890403354,0.009900990099009901,100,0.00035330360237915807
control,515,visual,41,All,107,monopolar,pac_between,low_gamma,CA1,DG,,,0.0008270296872870131,3.7007768822340098e-06,490.85586767430885,0.009900990099009901,100,0.000823328910404779
control,515,visual,41,All,107,monopolar,pac_between,high_gamma,CA1,DG,,,0.001837204756919029,4.1485509549480265e-06,993.950879163639,0.009900990099009901,100,0.001833056205964081
control,515,visual,41,All,107,monopolar,pac_between,low_gamma,CA1,V1,,,0.001079842550543706,4.011895296701604e-06,537.7629267622748,0.009900990099009901,100,0.0010758306552470045
control,515,visual,41,All,107,monopolar,pac_between,high_gamma,CA1,V1,,,0.0015556226983615186,5.140339313222896e-06,525.6060439652958,0.009900990099009901,100,0.0015504823590482956
control,515,visual,41,All,107,monopolar,pac_between,low_gamma,DG,CA1,,,0.0001914410027916376,4.471450759304893e-06,99.75979220838109,0.009900990099009901,100,0.0001869695520323327
control,515,visual,41,All,107,monopolar,pac_between,high_gamma,DG,CA1,,,2.8925818178679313e-05,4.6631924263284725e-06,10.66434024802283,0.009900990099009901,100,2.426262575235084e-05
control,515,visual,41,All,107,monopolar,pac_between,low_gamma,DG,V1,,,0.00016978644418303132,4.631671579635779e-06,77.06869398034767,0.009900990099009901,100,0.00016515477260339552
control,515,visual,41,All,107,monopolar,pac_between,high_gamma,DG,V1,,,4.8526000308679056e-05,5.1432835397811415e-06,15.407965080785493,0.009900990099009901,100,4.3382716768897916e-05
control,515,visual,41,All,107,monopolar,pac_between,low_gamma,V1,CA1,,,0.0005759582594950395,4.376374029568747e-06,285.4948169189602,0.009900990099009901,100,0.0005715818854654707
control,515,visual,41,All,107,monopolar,pac_between,high_gamma,V1,CA1,,,0.00042740871559607377,5.061592661440051e-06,174.69651392786147,0.009900990099009901,100,0.0004223471229346337
control,515,visual,41,All,107,monopolar,pac_between,low_gamma,V1,DG,,,0.00019509881168525503,3.963505367751696e-06,114.50890358646936,0.009900990099009901,100,0.00019113530631750334
control,515,visual,41,All,107,monopolar,pac_between,high_gamma,V1,DG,,,0.00044706295339669083,4.288376766799232e-06,205.14437199820154,0.009900990099009901,100,0.0004427745766298916
control,515,visual,41,All,107,bipolar,same_freq,theta,CA1,DG,0.4252167737201894,0.28947555866852454,,,,,,
control,515,visual,41,All,107,bipolar,same_freq,low_gamma,CA1,DG,0.20693972205763475,0.03806927243305538,,,,,,
control,515,visual,41,All,107,bipolar,same_freq,high_gamma,CA1,DG,0.12668350674031698,0.043061906052426185,,,,,,
control,515,visual,41,All,107,bipolar,same_freq,theta,CA1,V1,0.056999888382455406,0.044939578386798545,,,,,,
control,515,visual,41,All,107,bipolar,same_freq,low_gamma,CA1,V1,0.0439616837851716,0.001698070404098628,,,,,,
control,515,visual,41,All,107,bipolar,same_freq,high_gamma,CA1,V1,0.027373947874537636,0.012663263515088934,,,,,,
control,515,visual,41,All,107,bipolar,same_freq,theta,DG,V1,0.029505847841151872,0.05186193731362865,,,,,,
control,515,visual,41,All,107,bipolar,same_freq,low_gamma,DG,V1,0.06808454680797638,0.015852124040586748,,,,,,
control,515,visual,41,All,107,bipolar,same_freq,high_gamma,DG,V1,0.03027329008349753,0.008600111952225592,,,,,,
control,515,visual,41,All,107,bipolar,pac_within,low_gamma,CA1,CA1,,,0.0001978428453642838,2.903249038612429e-06,142.58505096966925,0.009900990099009901,100,0.00019493959632567136
control,515,visual,41,All,107,bipolar,pac_within,high_gamma,CA1,CA1,,,0.0003281746074300653,3.01051647198852e-06,278.40880042063844,0.009900990099009901,100,0.0003251640909580768
control,515,visual,41,All,107,bipolar,pac_within,low_gamma,DG,DG,,,0.002815240634491742,3.5697656953009363e-06,1347.7454679449304,0.009900990099009901,100,0.0028116708687964407
control,515,visual,41,All,107,bipolar,pac_within,high_gamma,DG,DG,,,0.004380916564291211,4.17488888140529e-06,2025.0412395695903,0.009900990099009901,100,0.004376741675409806
control,515,visual,41,All,107,bipolar,pac_within,low_gamma,V1,V1,,,4.9035894102377e-05,3.7586485458937004e-06,29.57932080432689,0.009900990099009901,100,4.52772455564833e-05
control,515,visual,41,All,107,bipolar,pac_within,high_gamma,V1,V1,,,4.044192290781812e-05,3.477717253712711e-06,28.695893023207894,0.009900990099009901,100,3.696420565410541e-05
control,515,visual,41,All,107,bipolar,pac_between,low_gamma,CA1,DG,,,0.002341439295788602,3.4991870592605296e-06,1327.697776221598,0.009900990099009901,100,0.0023379401087293412
control,515,visual,41,All,107,bipolar,pac_between,high_gamma,CA1,DG,,,0.0030294834973224735,4.095433775898289e-06,1476.9313871712584,0.009900990099009901,100,0.003025388063546575
control,515,visual,41,All,107,bipolar,pac_between,low_gamma,CA1,V1,,,3.322333973513821e-05,3.24361572876238e-06,20.958798754039687,0.009900990099009901,100,2.9979724006375833e-05
control,515,visual,41,All,107,bipolar,pac_between,high_gamma,CA1,V1,,,7.912340837384224e-06,2.8731276772434788e-06,4.029264270981985,0.019801980198019802,100,5.039213160140745e-06
control,515,visual,41,All,107,bipolar,pac_between,low_gamma,DG,CA1,,,0.0002195400030290899,2.9661174977863067e-06,156.59495607204116,0.009900990099009901,100,0.00021657388553130357
control,515,visual,41,All,107,bipolar,pac_between,high_gamma,DG,CA1,,,0.00038087450842496035,2.7809362180180823e-06,333.69047963687916,0.009900990099009901,100,0.0003780935722069423
control,515,visual,41,All,107,bipolar,pac_between,low_gamma,DG,V1,,,2.3053781573606847e-05,2.986136640165217e-06,14.914545795622143,0.009900990099009901,100,2.006764493344163e-05
control,515,visual,41,All,107,bipolar,pac_between,high_gamma,DG,V1,,,4.421681684624877e-06,3.0492413070775475e-06,1.063623379243577,0.16831683168316833,100,1.3724403775473294e-06
control,515,visual,41,All,107,bipolar,pac_between,low_gamma,V1,CA1,,,2.5198784430195802e-05,3.403894086252347e-06,13.997276861255294,0.009900990099009901,100,2.1794890343943457e-05
control,515,visual,41,All,107,bipolar,pac_between,high_gamma,V1,CA1,,,4.0985688243812407e-05,3.403893861330886e-06,26.27615217491447,0.009900990099009901,100,3.758179438248152e-05
control,515,visual,41,All,107,bipolar,pac_between,low_gamma,V1,DG,,,0.0002846529234563163,4.075569727093253e-06,140.04531121808083,0.009900990099009901,100,0.000280577353729223
control,515,visual,41,All,107,bipolar,pac_between,high_gamma,V1,DG,,,0.0005000380172815895,4.701154583625169e-06,235.75680533975392,0.009900990099009901,100,0.0004953368626979644
control,515,visual,41,Naive,10,monopolar,same_freq,theta,CA1,DG,-0.10921533886851931,-0.07865935275607333,,,,,,
control,515,visual,41,Naive,10,monopolar,same_freq,low_gamma,CA1,DG,0.18731783545716013,0.051983845914842716,,,,,,
control,515,visual,41,Naive,10,monopolar,same_freq,high_gamma,CA1,DG,0.2934672509794151,0.09667630008656061,,,,,,
control,515,visual,41,Naive,10,monopolar,same_freq,theta,CA1,V1,0.19595140914674233,0.14791507506619633,,,,,,
control,515,visual,41,Naive,10,monopolar,same_freq,low_gamma,CA1,V1,0.8595416137246823,0.04936583249569633,,,,,,
control,515,visual,41,Naive,10,monopolar,same_freq,high_gamma,CA1,V1,0.8356611056497224,0.05353589444174228,,,,,,
control,515,visual,41,Naive,10,monopolar,same_freq,theta,DG,V1,0.07412784367903982,-0.04741787160566427,,,,,,
control,515,visual,41,Naive,10,monopolar,same_freq,low_gamma,DG,V1,0.16978692440205237,0.06035092168514601,,,,,,
control,515,visual,41,Naive,10,monopolar,same_freq,high_gamma,DG,V1,0.23154731956332703,0.09132342693198442,,,,,,
control,515,visual,41,Naive,10,monopolar,pac_within,low_gamma,CA1,CA1,,,0.0012309278705707758,5.259567167764885e-05,43.43216708665213,0.009900990099009901,100,0.0011783321988931268
control,515,visual,41,Naive,10,monopolar,pac_within,high_gamma,CA1,CA1,,,0.001752347282532767,5.194015264817499e-05,68.24887023291994,0.009900990099009901,100,0.001700407129884592
control,515,visual,41,Naive,10,monopolar,pac_within,low_gamma,DG,DG,,,5.8554854369602906e-05,4.8119707507506464e-05,0.46396354040222443,0.24752475247524752,100,1.0435146862096443e-05
control,515,visual,41,Naive,10,monopolar,pac_within,high_gamma,DG,DG,,,3.976554478039501e-05,5.241953093926997e-05,-0.5156203447075808,0.6237623762376238,100,-1.2653986158874954e-05
control,515,visual,41,Naive,10,monopolar,pac_within,low_gamma,V1,V1,,,0.0008911456366516347,4.9328041015171815e-05,38.31815893278828,0.009900990099009901,100,0.0008418175956364629
control,515,visual,41,Naive,10,monopolar,pac_within,high_gamma,V1,V1,,,0.0003337676697434388,5.0066294674515676e-05,11.649003409684479,0.009900990099009901,100,0.00028370137506892316
control,515,visual,41,Naive,10,monopolar,pac_between,low_gamma,CA1,DG,,,0.0011179484433331945,4.798736809240113e-05,49.769661860703565,0.009900990099009901,100,0.0010699610752407933
control,515,visual,41,Naive,10,monopolar,pac_between,high_gamma,CA1,DG,,,0.0018078827842171851,4.7475522499075306e-05,70.72916432048882,0.009900990099009901,100,0.00176040726171811
control,515,visual,41,Naive,10,monopolar,pac_between,low_gamma,CA1,V1,,,0.0011155761631711897,5.379131108048108e-05,37.660191003986505,0.009900990099009901,100,0.0010617848520907086
control,515,visual,41,Naive,10,monopolar,pac_between,high_gamma,CA1,V1,,,0.0014672618738067016,5.364929606646232e-05,59.2963042180477,0.009900990099009901,100,0.0014136125777402392
control,515,visual,41,Naive,10,monopolar,pac_between,low_gamma,DG,CA1,,,0.00020381865370752524,5.090340899269204e-05,5.785127242255791,0.009900990099009901,100,0.0001529152447148332
control,515,visual,41,Naive,10,monopolar,pac_between,high_gamma,DG,CA1,,,0.00011640987901477898,5.1240132233822366e-05,2.6561373256938676,0.039603960396039604,100,6.516974678095661e-05
control,515,visual,41,Naive,10,monopolar,pac_between,low_gamma,DG,V1,,,0.0002580404953183124,5.3919822407068366e-05,6.725209346414876,0.009900990099009901,100,0.00020412067291124405
control,515,visual,41,Naive,10,monopolar,pac_between,high_gamma,DG,V1,,,0.0001696817828543769,5.837498682871838e-05,4.327891404301638,0.009900990099009901,100,0.00011130679602565851
control,515,visual,41,Naive,10,monopolar,pac_between,low_gamma,V1,CA1,,,0.0008442048476829228,4.5800073441453645e-05,37.620783907199716,0.009900990099009901,100,0.0007984047742414691
control,515,visual,41,Naive,10,monopolar,pac_between,high_gamma,V1,CA1,,,0.000373683389661785,4.737780562469482e-05,13.791526192223747,0.009900990099009901,100,0.0003263055840370902
control,515,visual,41,Naive,10,monopolar,pac_between,low_gamma,V1,DG,,,0.0003271557616855915,5.082530406820248e-05,9.88787166476264,0.009900990099009901,100,0.000276330457617389
control,515,visual,41,Naive,10,monopolar,pac_between,high_gamma,V1,DG,,,0.0004701642009510124,4.7184025274789546e-05,19.3448243388245,0.009900990099009901,100,0.00042298017567622286
control,515,visual,41,Naive,10,bipolar,same_freq,theta,CA1,DG,0.5026982692687864,0.3359640903644929,,,,,,
control,515,visual,41,Naive,10,bipolar,same_freq,low_gamma,CA1,DG,0.19758111382335655,0.029715402318787755,,,,,,
control,515,visual,41,Naive,10,bipolar,same_freq,high_gamma,CA1,DG,0.14544603065296532,0.05054644823828569,,,,,,
control,515,visual,41,Naive,10,bipolar,same_freq,theta,CA1,V1,0.09009640636704642,0.06748319937547867,,,,,,
control,515,visual,41,Naive,10,bipolar,same_freq,low_gamma,CA1,V1,0.01762920748028064,-0.007587929185364651,,,,,,
control,515,visual,41,Naive,10,bipolar,same_freq,high_gamma,CA1,V1,0.011769725597854531,0.006298791410685018,,,,,,
control,515,visual,41,Naive,10,bipolar,same_freq,theta,DG,V1,-0.028349829200472236,0.002671750839794875,,,,,,
control,515,visual,41,Naive,10,bipolar,same_freq,low_gamma,DG,V1,0.0206518771572707,0.005346724949665936,,,,,,
control,515,visual,41,Naive,10,bipolar,same_freq,high_gamma,DG,V1,0.007934315517342864,0.0069196259284564484,,,,,,
control,515,visual,41,Naive,10,bipolar,pac_within,low_gamma,CA1,CA1,,,0.0002464015128040236,3.674957349584891e-05,9.576788796785682,0.009900990099009901,100,0.00020965193930817471
control,515,visual,41,Naive,10,bipolar,pac_within,high_gamma,CA1,CA1,,,0.0002955740265125169,3.5826545556270595e-05,19.977607969023417,0.009900990099009901,100,0.0002597474809562463
control,515,visual,41,Naive,10,bipolar,pac_within,low_gamma,DG,DG,,,0.0023242935529721493,3.935739712784977e-05,111.84911195874218,0.009900990099009901,100,0.0022849361558442993
control,515,visual,41,Naive,10,bipolar,pac_within,high_gamma,DG,DG,,,0.004089259573106284,4.4346308831437954e-05,203.28800297356474,0.009900990099009901,100,0.004044913264274847
control,515,visual,41,Naive,10,bipolar,pac_within,low_gamma,V1,V1,,,5.514741952916038e-05,4.491535452703955e-05,0.5886615067325379,0.2376237623762376,100,1.0232065002120832e-05
control,515,visual,41,Naive,10,bipolar,pac_within,high_gamma,V1,V1,,,4.2941563184241424e-05,4.0459783103379025e-05,0.17234000691209764,0.39603960396039606,100,2.4817800808623992e-06
control,515,visual,41,Naive,10,bipolar,pac_between,low_gamma,CA1,DG,,,0.0016530771915807753,4.028283130811534e-05,75.21280219514675,0.009900990099009901,100,0.0016127943602726599
control,515,visual,41,Naive,10,bipolar,pac_between,high_gamma,CA1,DG,,,0.00300563451190246,4.4161897864831996e-05,135.20182177509687,0.009900990099009901,100,0.002961472614037628
control,515,visual,41,Naive,10,bipolar,pac_between,low_gamma,CA1,V1,,,2.7584959645261316e-05,3.9944853572268215e-05,-0.6837133416781531,0.7524752475247525,100,-1.2359893927006899e-05
control,515,visual,41,Naive,10,bipolar,pac_between,high_gamma,CA1,V1,,,3.508571752225586e-05,3.657024087251676e-05,-0.09415857192857147,0.46534653465346537,100,-1.4845233502609024e-06
control,515,visual,41,Naive,10,bipolar,pac_between,low_gamma,DG,CA1,,,0.00031594401301900837,3.354103572224903e-05,16.743935097142366,0.009900990099009901,100,0.0002824029772967593
control,515,visual,41,Naive,10,bipolar,pac_between,high_gamma,DG,CA1,,,0.0003594439444103411,3.535867991352685e-05,19.45686197534706,0.009900990099009901,100,0.00032408526449681426
control,515,visual,41,Naive,10,bipolar,pac_between,low_gamma,DG,V1,,,2.0131619503896093e-05,3.927509627678629e-05,-1.1674760841840937,0.9207920792079208,100,-1.91434767728902e-05
control,515,visual,41,Naive,10,bipolar,pac_between,high_gamma,DG,V1,,,6.823286600424956e-05,3.715988157467332e-05,2.0253147131898417,0.019801980198019802,100,3.107298442957624e-05
control,515,visual,41,Naive,10,bipolar,pac_between,low_gamma,V1,CA1,,,4.234153114548952e-05,4.067217137056118e-05,0.09074894107528603,0.42574257425742573,100,1.6693597749283418e-06
control,515,visual,41,Naive,10,bipolar,pac_between,high_gamma,V1,CA1,,,3.594326762452942e-05,4.0308511340863675e-05,-0.2943828067506766,0.6039603960396039,100,-4.3652437163342535e-06
control,515,visual,41,Naive,10,bipolar,pac_between,low_gamma,V1,DG,,,0.000251440989700419,4.695192582062484e-05,9.556360457566242,0.009900990099009901,100,0.00020448906387979417
control,515,visual,41,Naive,10,bipolar,pac_between,high_gamma,V1,DG,,,0.00035953631659052624,4.911182591044675e-05,15.93951797906943,0.009900990099009901,100,0.0003104244906800795
control,515,visual,41,Intermediate,10,monopolar,same_freq,theta,CA1,DG,0.006334345622161117,0.011153802647837139,,,,,,
control,515,visual,41,Intermediate,10,monopolar,same_freq,low_gamma,CA1,DG,0.20626982943392938,0.0654588042104268,,,,,,
control,515,visual,41,Intermediate,10,monopolar,same_freq,high_gamma,CA1,DG,0.28343253367340754,0.11091326248864367,,,,,,
control,515,visual,41,Intermediate,10,monopolar,same_freq,theta,CA1,V1,0.13679620735377818,0.09084171379401265,,,,,,
control,515,visual,41,Intermediate,10,monopolar,same_freq,low_gamma,CA1,V1,0.8738999402759077,0.058168966264895816,,,,,,
control,515,visual,41,Intermediate,10,monopolar,same_freq,high_gamma,CA1,V1,0.8420321747047168,0.04742028034546113,,,,,,
control,515,visual,41,Intermediate,10,monopolar,same_freq,theta,DG,V1,0.06673068082084467,-0.013777749269106614,,,,,,
control,515,visual,41,Intermediate,10,monopolar,same_freq,low_gamma,DG,V1,0.1858248995422115,0.06471898598366041,,,,,,
control,515,visual,41,Intermediate,10,monopolar,same_freq,high_gamma,DG,V1,0.21642365428427981,0.10313222057896732,,,,,,
control,515,visual,41,Intermediate,10,monopolar,pac_within,low_gamma,CA1,CA1,,,0.0016167595813624607,5.7678773403907695e-05,47.15477083217403,0.009900990099009901,100,0.001559080807958553
control,515,visual,41,Intermediate,10,monopolar,pac_within,high_gamma,CA1,CA1,,,0.0014400934280183095,5.4236831663661875e-05,62.44988204070354,0.009900990099009901,100,0.0013858565963546477
control,515,visual,41,Intermediate,10,monopolar,pac_within,low_gamma,DG,DG,,,0.0002038970560493512,4.8502970360683594e-05,6.639196895672885,0.009900990099009901,100,0.0001553940856886676
control,515,visual,41,Intermediate,10,monopolar,pac_within,high_gamma,DG,DG,,,4.761046440390646e-05,5.20374022562729e-05,-0.1672924181007017,0.504950495049505,100,-4.4269378523664404e-06
control,515,visual,41,Intermediate,10,monopolar,pac_within,low_gamma,V1,V1,,,0.0007845916117374756,5.986550425634628e-05,24.315431274135488,0.009900990099009901,100,0.0007247261074811293
control,515,visual,41,Intermediate,10,monopolar,pac_within,high_gamma,V1,V1,,,0.0004576348205952567,5.8729594817652435e-05,12.887628459286537,0.009900990099009901,100,0.00039890522577760426
control,515,visual,41,Intermediate,10,monopolar,pac_between,low_gamma,CA1,DG,,,0.0009882891497919868,5.0741077518894374e-05,36.969611020340395,0.009900990099009901,100,0.0009375480722730924
control,515,visual,41,Intermediate,10,monopolar,pac_between,high_gamma,CA1,DG,,,0.0016127230883900034,4.848497905157567e-05,69.79547536048742,0.009900990099009901,100,0.0015642381093384278
control,515,visual,41,Intermediate,10,monopolar,pac_between,low_gamma,CA1,V1,,,0.001549849856837873,6.311917535201877e-05,41.97905638296474,0.009900990099009901,100,0.0014867306814858542
control,515,visual,41,Intermediate,10,monopolar,pac_between,high_gamma,CA1,V1,,,0.001380557730079181,5.99737264899126e-05,48.607460432656424,0.009900990099009901,100,0.0013205840035892685
control,515,visual,41,Intermediate,10,monopolar,pac_between,low_gamma,DG,CA1,,,0.00021101210348476766,5.559185497261944e-05,5.5314638166800885,0.019801980198019802,100,0.00015542024851214822
control,515,visual,41,Intermediate,10,monopolar,pac_between,high_gamma,DG,CA1,,,0.00012954505252470521,5.7514481528500435e-05,3.2899590885070364,0.009900990099009901,100,7.203057099620477e-05
control,515,visual,41,Intermediate,10,monopolar,pac_between,low_gamma,DG,V1,,,0.0001799236319245031,5.8513882291120155e-05,4.06276104279592,0.009900990099009901,100,0.00012140974963338293
control,515,visual,41,Intermediate,10,monopolar,pac_between,high_gamma,DG,V1,,,9.227325762621653e-05,6.239583875777156e-05,0.9883910769699614,0.12871287128712872,100,2.9877418868444973e-05
control,515,visual,41,Intermediate,10,monopolar,pac_between,low_gamma,V1,CA1,,,0.0007568616815794724,5.467098681115328e-05,29.035715216004384,0.009900990099009901,100,0.0007021906947683192
control,515,visual,41,Intermediate,10,monopolar,pac_between,high_gamma,V1,CA1,,,0.0006287142236055147,5.352148355515129e-05,22.332083913268377,0.009900990099009901,100,0.0005751927400503634
control,515,visual,41,Intermediate,10,monopolar,pac_between,low_gamma,V1,DG,,,0.00024791193939537536,5.0635624560456716e-05,9.199136915170538,0.009900990099009901,100,0.00019727631483491863
control,515,visual,41,Intermediate,10,monopolar,pac_between,high_gamma,V1,DG,,,0.0005524059363695666,5.3696831499374964e-05,20.667206585613304,0.009900990099009901,100,0.0004987091048701916
control,515,visual,41,Intermediate,10,bipolar,same_freq,theta,CA1,DG,0.5420525395904318,0.39729483250081526,,,,,,
control,515,visual,41,Intermediate,10,bipolar,same_freq,low_gamma,CA1,DG,0.24197310078990047,0.030848918428248873,,,,,,
control,515,visual,41,Intermediate,10,bipolar,same_freq,high_gamma,CA1,DG,0.16214054439735606,0.04016356829982164,,,,,,
control,515,visual,41,Intermediate,10,bipolar,same_freq,theta,CA1,V1,0.01299007096903555,0.007081717725123667,,,,,,
control,515,visual,41,Intermediate,10,bipolar,same_freq,low_gamma,CA1,V1,0.05592443115698287,0.010896412726697191,,,,,,
control,515,visual,41,Intermediate,10,bipolar,same_freq,high_gamma,CA1,V1,0.037613382732436265,0.024391551559182156,,,,,,
control,515,visual,41,Intermediate,10,bipolar,same_freq,theta,DG,V1,-0.0211316119367407,0.01979803488477631,,,,,,
control,515,visual,41,Intermediate,10,bipolar,same_freq,low_gamma,DG,V1,0.06400334880083101,0.012188608646430694,,,,,,
control,515,visual,41,Intermediate,10,bipolar,same_freq,high_gamma,DG,V1,0.03882168913492919,0.021193881424271293,,,,,,
control,515,visual,41,Intermediate,10,bipolar,pac_within,low_gamma,CA1,CA1,,,0.00021570849741168763,4.1171402596136654e-05,7.539805895924692,0.009900990099009901,100,0.00017453709481555097
control,515,visual,41,Intermediate,10,bipolar,pac_within,high_gamma,CA1,CA1,,,0.000368754400017406,4.06303905066882e-05,19.21387768536183,0.009900990099009901,100,0.00032812400951071785
control,515,visual,41,Intermediate,10,bipolar,pac_within,low_gamma,DG,DG,,,0.003098984861444084,5.2529503570468505e-05,110.15591811360665,0.009900990099009901,100,0.0030464553578736153
control,515,visual,41,Intermediate,10,bipolar,pac_within,high_gamma,DG,DG,,,0.004848210716042326,6.141809700336685e-05,135.24940766513157,0.009900990099009901,100,0.004786792619038959
control,515,visual,41,Intermediate,10,bipolar,pac_within,low_gamma,V1,V1,,,6.208072274083352e-05,4.797975974819661e-05,0.590869435704832,0.27722772277227725,100,1.410096299263691e-05
control,515,visual,41,Intermediate,10,bipolar,pac_within,high_gamma,V1,V1,,,8.01737009219723e-05,4.217021548570477e-05,2.204991686612459,0.039603960396039604,100,3.8003485436267527e-05
control,515,visual,41,Intermediate,10,bipolar,pac_between,low_gamma,CA1,DG,,,0.0026596201761107424,4.998524151222792e-05,101.91341690233428,0.009900990099009901,100,0.0026096349345985145
control,515,visual,41,Intermediate,10,bipolar,pac_between,high_gamma,CA1,DG,,,0.003554222786879839,5.88016404265661e-05,107.25625978252575,0.009900990099009901,100,0.003495421146453273
control,515,visual,41,Intermediate,10,bipolar,pac_between,low_gamma,CA1,V1,,,7.499000577448873e-05,4.088564438383292e-05,1.7930436507367755,0.04950495049504951,100,3.410436139065581e-05
control,515,visual,41,Intermediate,10,bipolar,pac_between,high_gamma,CA1,V1,,,3.239418035231125e-05,3.711679780880044e-05,-0.27513367948662587,0.5841584158415841,100,-4.7226174564891904e-06
control,515,visual,41,Intermediate,10,bipolar,pac_between,low_gamma,DG,CA1,,,0.00022901612825058012,3.79400467478093e-05,10.501563914282993,0.009900990099009901,100,0.00019107608150277083
control,515,visual,41,Intermediate,10,bipolar,pac_between,high_gamma,DG,CA1,,,0.00032312722775360323,3.926261359403385e-05,18.417280286897103,0.009900990099009901,100,0.0002838646141595694
control,515,visual,41,Intermediate,10,bipolar,pac_between,low_gamma,DG,V1,,,4.9233231131887766e-05,4.205936612649505e-05,0.34083855850587913,0.3069306930693069,100,7.173865005392713e-06
control,515,visual,41,Intermediate,10,bipolar,pac_between,high_gamma,DG,V1,,,2.073662878086705e-05,3.63840944102107e-05,-1.0280255896808461,0.8514851485148515,100,-1.5647465629343647e-05
control,515,visual,41,Intermediate,10,bipolar,pac_between,low_gamma,V1,CA1,,,3.2536459590695804e-05,4.726109637413523e-05,-0.5868066578922392,0.6831683168316832,100,-1.4724636783439424e-05
control,515,visual,41,Intermediate,10,bipolar,pac_between,high_gamma,V1,CA1,,,8.379961461588248e-05,4.351702814671201e-05,2.5080605062345143,0.019801980198019802,100,4.028258646917047e-05
control,515,visual,41,Intermediate,10,bipolar,pac_between,low_gamma,V1,DG,,,0.00030411248736643155,5.188476294248126e-05,10.17521447199092,0.009900990099009901,100,0.0002522277244239503
control,515,visual,41,Intermediate,10,bipolar,pac_between,high_gamma,V1,DG,,,0.0005950703991067271,6.284668322301934e-05,16.926653571041705,0.009900990099009901,100,0.0005322237158837077
control,515,visual,41,Expert,10,monopolar,same_freq,theta,CA1,DG,-0.07459985375368798,-0.05674798825271388,,,,,,
control,515,visual,41,Expert,10,monopolar,same_freq,low_gamma,CA1,DG,0.206500007998125,0.05661775178225678,,,,,,
control,515,visual,41,Expert,10,monopolar,same_freq,high_gamma,CA1,DG,0.33223728069393216,0.153934048013978,,,,,,
control,515,visual,41,Expert,10,monopolar,same_freq,theta,CA1,V1,0.13378963244383762,0.05166261946882695,,,,,,
control,515,visual,41,Expert,10,monopolar,same_freq,low_gamma,CA1,V1,0.8813616999485716,0.058148796931777685,,,,,,
control,515,visual,41,Expert,10,monopolar,same_freq,high_gamma,CA1,V1,0.8474542608823805,0.07339699879085232,,,,,,
control,515,visual,41,Expert,10,monopolar,same_freq,theta,DG,V1,0.052559805949280496,-0.04560957174848919,,,,,,
control,515,visual,41,Expert,10,monopolar,same_freq,low_gamma,DG,V1,0.18443348601978038,0.06073430981280745,,,,,,
control,515,visual,41,Expert,10,monopolar,same_freq,high_gamma,DG,V1,0.2810813554313259,0.1503209895409871,,,,,,
control,515,visual,41,Expert,10,monopolar,pac_within,low_gamma,CA1,CA1,,,0.0014015919674121727,4.7079256262820244e-05,63.776553926507326,0.009900990099009901,100,0.0013545127111493525
control,515,visual,41,Expert,10,monopolar,pac_within,high_gamma,CA1,CA1,,,0.0022740717236959824,4.613701493917587e-05,104.02120433956951,0.009900990099009901,100,0.0022279347087568067
control,515,visual,41,Expert,10,monopolar,pac_within,low_gamma,DG,DG,,,0.0001210285670184223,4.283092839679795e-05,4.513593491391741,0.009900990099009901,100,7.819763862162434e-05
control,515,visual,41,Expert,10,monopolar,pac_within,high_gamma,DG,DG,,,8.773468116499051e-05,4.774814567999195e-05,2.0279842764655482,0.0594059405940594,100,3.998653548499856e-05
control,515,visual,41,Expert,10,monopolar,pac_within,low_gamma,V1,V1,,,0.0003685580832090881,5.09668772054125e-05,9.616139722900535,0.009900990099009901,100,0.0003175912060036756
control,515,visual,41,Expert,10,monopolar,pac_within,high_gamma,V1,V1,,,0.0005172230415958201,5.455743356134852e-05,14.701908545223317,0.009900990099009901,100,0.00046266560803447164
control,515,visual,41,Expert,10,monopolar,pac_between,low_gamma,CA1,DG,,,0.0008080037725809003,4.074022358953223e-05,45.83003868755715,0.009900990099009901,100,0.000767263548991368
control,515,visual,41,Expert,10,monopolar,pac_between,high_gamma,CA1,DG,,,0.0017657995985137338,4.347082318709927e-05,88.69458593174005,0.009900990099009901,100,0.0017223287753266345
control,515,visual,41,Expert,10,monopolar,pac_between,low_gamma,CA1,V1,,,0.0011782905505206848,4.857734214029595e-05,46.139842444197605,0.009900990099009901,100,0.001129713208380389
control,515,visual,41,Expert,10,monopolar,pac_between,high_gamma,CA1,V1,,,0.0020343399704750033,5.007162464870298e-05,75.6195723501713,0.009900990099009901,100,0.0019842683458263003
control,515,visual,41,Expert,10,monopolar,pac_between,low_gamma,DG,CA1,,,0.00013463209884285532,5.3987241413072235e-05,2.949467981044721,0.0297029702970297,100,8.06448574297831e-05
control,515,visual,41,Expert,10,monopolar,pac_between,high_gamma,DG,CA1,,,7.467766850704126e-05,5.323353062271317e-05,0.91420996732994,0.18811881188118812,100,2.1444137884328087e-05
control,515,visual,41,Expert,10,monopolar,pac_between,low_gamma,DG,V1,,,0.00011477153737982555,5.492100528728589e-05,2.196493160373541,0.039603960396039604,100,5.985053209253966e-05
control,515,visual,41,Expert,10,monopolar,pac_between,high_gamma,DG,V1,,,9.586903873530582e-05,5.2940860237923075e-05,1.9413265247074167,0.0594059405940594,100,4.292817849738274e-05
control,515,visual,41,Expert,10,monopolar,pac_between,low_gamma,V1,CA1,,,0.00027667280089217777,5.065662876882015e-05,6.616516972643375,0.009900990099009901,100,0.0002260161721233576
control,515,visual,41,Expert,10,monopolar,pac_between,high_gamma,V1,CA1,,,0.000556188466607966,4.7372396505493145e-05,20.39142311229648,0.009900990099009901,100,0.0005088160701024729
control,515,visual,41,Expert,10,monopolar,pac_between,low_gamma,V1,DG,,,0.00012571688326072752,4.395042874189874e-05,4.501217369502932,0.009900990099009901,100,8.176645451882879e-05
control,515,visual,41,Expert,10,monopolar,pac_between,high_gamma,V1,DG,,,0.000446446465373606,4.367999734690787e-05,20.77463304993551,0.009900990099009901,100,0.0004027664680266981
control,515,visual,41,Expert,10,bipolar,same_freq,theta,CA1,DG,0.5238519563191012,0.3879521203040148,,,,,,
control,515,visual,41,Expert,10,bipolar,same_freq,low_gamma,CA1,DG,0.19407714782765279,0.035469940819121866,,,,,,
control,515,visual,41,Expert,10,bipolar,same_freq,high_gamma,CA1,DG,0.13449589985941715,0.051421201173144596,,,,,,
control,515,visual,41,Expert,10,bipolar,same_freq,theta,CA1,V1,0.04318391524188231,0.003072053210030728,,,,,,
control,515,visual,41,Expert,10,bipolar,same_freq,low_gamma,CA1,V1,0.0024315506877790514,-0.022500622217404946,,,,,,
control,515,visual,41,Expert,10,bipolar,same_freq,high_gamma,CA1,V1,0.011629590260453381,0.0006331333278539113,,,,,,
control,515,visual,41,Expert,10,bipolar,same_freq,theta,DG,V1,0.015074283848932847,0.021057529200988474,,,,,,
control,515,visual,41,Expert,10,bipolar,same_freq,low_gamma,DG,V1,0.033307906222908204,0.0005762793137850568,,,,,,
control,515,visual,41,Expert,10,bipolar,same_freq,high_gamma,DG,V1,0.009374710872994026,-0.0007447670578600972,,,,,,
control,515,visual,41,Expert,10,bipolar,pac_within,low_gamma,CA1,CA1,,,0.00016214651730810524,2.7679189944581894e-05,8.72773897891041,0.009900990099009901,100,0.00013446732736352335
control,515,visual,41,Expert,10,bipolar,pac_within,high_gamma,CA1,CA1,,,0.0002961389464344728,3.417860690280287e-05,18.078280941367968,0.009900990099009901,100,0.0002619603395316699
control,515,visual,41,Expert,10,bipolar,pac_within,low_gamma,DG,DG,,,0.0028764107174977464,4.4155821087423686e-05,116.17595074307853,0.009900990099009901,100,0.0028322548964103225
control,515,visual,41,Expert,10,bipolar,pac_within,high_gamma,DG,DG,,,0.004901664006448418,4.693865143076612e-05,185.91640265170332,0.009900990099009901,100,0.004854725355017652
control,515,visual,41,Expert,10,bipolar,pac_within,low_gamma,V1,V1,,,5.8185286589639735e-05,4.356360386312954e-05,0.8254231699677107,0.21782178217821782,100,1.4621682726510195e-05
control,515,visual,41,Expert,10,bipolar,pac_within,high_gamma,V1,V1,,,4.0979386530384945e-05,4.0734275847224335e-05,0.016859950142558495,0.45544554455445546,100,2.451106831606096e-07
control,515,visual,41,Expert,10,bipolar,pac_between,low_gamma,CA1,DG,,,0.002356930857756176,4.6006469599388035e-05,103.90691769938098,0.009900990099009901,100,0.002310924388156788
control,515,visual,41,Expert,10,bipolar,pac_between,high_gamma,CA1,DG,,,0.003296061301253241,4.747320707409761e-05,134.81265123820884,0.009900990099009901,100,0.0032485880941791434
control,515,visual,41,Expert,10,bipolar,pac_between,low_gamma,CA1,V1,,,3.385282510684184e-05,2.9516838130282042e-05,0.36521911447509137,0.297029702970297,100,4.335986976559798e-06
control,515,visual,41,Expert,10,bipolar,pac_between,high_gamma,CA1,V1,,,3.779324495232203e-05,3.346171237962991e-05,0.3340602876348924,0.37623762376237624,100,4.33153257269212e-06
control,515,visual,41,Expert,10,bipolar,pac_between,low_gamma,DG,CA1,,,0.00013860078325565303,2.9516914705226388e-05,7.106867097753177,0.009900990099009901,100,0.00010908386855042663
control,515,visual,41,Expert,10,bipolar,pac_between,high_gamma,DG,CA1,,,0.00033023056316503857,3.268332146981857e-05,21.132262739027745,0.009900990099009901,100,0.00029754724169522
control,515,visual,41,Expert,10,bipolar,pac_between,low_gamma,DG,V1,,,2.3213502115980247e-05,3.069242219688218e-05,-0.6037232079147246,0.6831683168316832,100,-7.478920080901935e-06
control,515,visual,41,Expert,10,bipolar,pac_between,high_gamma,DG,V1,,,2.748479230809423e-05,3.161130510290743e-05,-0.31796112968158075,0.5841584158415841,100,-4.126512794813198e-06
control,515,visual,41,Expert,10,bipolar,pac_between,low_gamma,V1,CA1,,,0.00011695398103203758,4.299564884736585e-05,4.143234754928784,0.009900990099009901,100,7.395833218467172e-05
control,515,visual,41,Expert,10,bipolar,pac_between,high_gamma,V1,CA1,,,0.00011088546976124399,3.8773089679513845e-05,5.244605881947115,0.009900990099009901,100,7.211238008173014e-05
control,515,visual,41,Expert,10,bipolar,pac_between,low_gamma,V1,DG,,,0.00020549851579848165,5.1008035250746946e-05,6.6594172671566465,0.009900990099009901,100,0.0001544904805477347
control,515,visual,41,Expert,10,bipolar,pac_between,high_gamma,V1,DG,,,0.00029888532441334686,5.153711673639626e-05,10.552276445524207,0.009900990099009901,100,0.0002473482076769506
control,817,striatum,41,All,136,monopolar,same_freq,theta,ACC,DLS,0.4535937865434611,0.233341900019029,,,,,,
control,817,striatum,41,All,136,monopolar,same_freq,low_gamma,ACC,DLS,0.2993672888486184,0.06670283877528538,,,,,,
control,817,striatum,41,All,136,monopolar,same_freq,high_gamma,ACC,DLS,0.22092861699059896,0.07009373675070507,,,,,,
control,817,striatum,41,All,136,monopolar,same_freq,theta,ACC,DMS,0.48400252082310863,0.12545134396951746,,,,,,
control,817,striatum,41,All,136,monopolar,same_freq,low_gamma,ACC,DMS,0.30995381028894187,0.03983730415096721,,,,,,
control,817,striatum,41,All,136,monopolar,same_freq,high_gamma,ACC,DMS,0.17952550691442265,0.05470956061541664,,,,,,
control,817,striatum,41,All,136,monopolar,same_freq,theta,DLS,DMS,0.6507994359588373,0.20921069882327203,,,,,,
control,817,striatum,41,All,136,monopolar,same_freq,low_gamma,DLS,DMS,0.31986623890822946,0.03734040471117143,,,,,,
control,817,striatum,41,All,136,monopolar,same_freq,high_gamma,DLS,DMS,0.14644385082177333,0.03197551246168581,,,,,,
control,817,striatum,41,All,136,monopolar,pac_within,low_gamma,ACC,ACC,,,9.301785933857177e-05,9.960476718940612e-07,194.23482851041166,0.009900990099009901,100,9.202181166667771e-05
control,817,striatum,41,All,136,monopolar,pac_within,high_gamma,ACC,ACC,,,0.0006845791456886445,1.088165102617723e-06,1547.164927722634,0.009900990099009901,100,0.0006834909805860267
control,817,striatum,41,All,136,monopolar,pac_within,low_gamma,DLS,DLS,,,2.8861033259079586e-05,9.768809681566006e-07,71.01343585796947,0.009900990099009901,100,2.7884152290922985e-05
control,817,striatum,41,All,136,monopolar,pac_within,high_gamma,DLS,DLS,,,0.00014461575994147014,9.542468905529316e-07,300.50429432410914,0.009900990099009901,100,0.0001436615130509172
control,817,striatum,41,All,136,monopolar,pac_within,low_gamma,DMS,DMS,,,0.00014767418362587268,1.001837705650882e-06,318.2417507904253,0.009900990099009901,100,0.0001466723459202218
control,817,striatum,41,All,136,monopolar,pac_within,high_gamma,DMS,DMS,,,3.6707126965973826e-05,9.592539876116386e-07,91.14655977563959,0.009900990099009901,100,3.574787297836219e-05
control,817,striatum,41,All,136,monopolar,pac_between,low_gamma,ACC,DLS,,,1.2975373757298011e-05,1.0586041449326194e-06,27.916626908115614,0.009900990099009901,100,1.1916769612365393e-05
control,817,striatum,41,All,136,monopolar,pac_between,high_gamma,ACC,DLS,,,9.802192403867185e-05,9.717234153239785e-07,227.51045884185075,0.009900990099009901,100,9.705020062334786e-05
control,817,striatum,41,All,136,monopolar,pac_between,low_gamma,ACC,DMS,,,0.00011429201163256245,9.845164807027766e-07,240.11209188790176,0.009900990099009901,100,0.00011330749515185968
control,817,striatum,41,All,136,monopolar,pac_between,high_gamma,ACC,DMS,,,3.75007712255594e-05,8.905902408133393e-07,106.9641986094414,0.009900990099009901,100,3.661018098474606e-05
control,817,striatum,41,All,136,monopolar,pac_between,low_gamma,DLS,ACC,,,0.0001019210671714993,1.0144922744151022e-06,222.127357276065,0.009900990099009901,100,0.00010090657489708419
control,817,striatum,41,All,136,monopolar,pac_between,high_gamma,DLS,ACC,,,0.00043308775162268783,9.866071059730107e-07,1016.9131435639553,0.009900990099009901,100,0.00043210114451671484
control,817,striatum,41,All,136,monopolar,pac_between,low_gamma,DLS,DMS,,,0.00011522469523532083,9.733974539528014e-07,233.45047956988293,0.009900990099009901,100,0.00011425129778136803
control,817,striatum,41,All,136,monopolar,pac_between,high_gamma,DLS,DMS,,,4.5998984985669155e-05,9.646755370400125e-07,117.61497961755671,0.009900990099009901,100,4.5034309448629145e-05
control,817,striatum,41,All,136,monopolar,pac_between,low_gamma,DMS,ACC,,,0.00010143803103312483,9.740125155656593e-07,207.39969014500352,0.009900990099009901,100,0.00010046401851755917
control,817,striatum,41,All,136,monopolar,pac_between,high_gamma,DMS,ACC,,,0.0005096429823799478,9.71152517385685e-07,1330.143314911535,0.009900990099009901,100,0.0005086718298625622
control,817,striatum,41,All,136,monopolar,pac_between,low_gamma,DMS,DLS,,,2.737303782321272e-05,9.596205771368455e-07,56.66275606917673,0.009900990099009901,100,2.641341724607587e-05
control,817,striatum,41,All,136,monopolar,pac_between,high_gamma,DMS,DLS,,,0.00012689316931080517,9.80865270172745e-07,312.589920603785,0.009900990099009901,100,0.00012591230404063243
control,817,striatum,41,All,136,bipolar,same_freq,theta,ACC,DLS,0.10186082711586811,0.07249633753776649,,,,,,
control,817,striatum,41,All,136,bipolar,same_freq,low_gamma,ACC,DLS,0.06616031831171769,0.04661769239140929,,,,,,
control,817,striatum,41,All,136,bipolar,same_freq,high_gamma,ACC,DLS,0.06415729778599737,0.046242974226037424,,,,,,
control,817,striatum,41,All,136,bipolar,same_freq,theta,ACC,DMS,0.07639078913284748,0.058420657367306165,,,,,,
control,817,striatum,41,All,136,bipolar,same_freq,low_gamma,ACC,DMS,0.05108404405046948,0.03446369077600246,,,,,,
control,817,striatum,41,All,136,bipolar,same_freq,high_gamma,ACC,DMS,0.03902771398898842,0.027313576540549826,,,,,,
control,817,striatum,41,All,136,bipolar,same_freq,theta,DLS,DMS,0.0764162428927819,0.04796284871743782,,,,,,
control,817,striatum,41,All,136,bipolar,same_freq,low_gamma,DLS,DMS,0.030513069969627816,0.0208007449973134,,,,,,
control,817,striatum,41,All,136,bipolar,same_freq,high_gamma,DLS,DMS,0.027343834342503485,0.018842964038869224,,,,,,
control,817,striatum,41,All,136,bipolar,pac_within,low_gamma,ACC,ACC,,,5.4705099429033516e-06,1.034363806941614e-06,11.050722864340633,0.009900990099009901,100,4.436146135961738e-06
control,817,striatum,41,All,136,bipolar,pac_within,high_gamma,ACC,ACC,,,1.0462835886600368e-05,1.0247750058311636e-06,25.718740354683323,0.009900990099009901,100,9.438060880769205e-06
control,817,striatum,41,All,136,bipolar,pac_within,low_gamma,DLS,DLS,,,1.650967570394274e-06,1.11799097447169e-06,1.0779855026567031,0.15841584158415842,100,5.32976595922584e-07
control,817,striatum,41,All,136,bipolar,pac_within,high_gamma,DLS,DLS,,,1.5672212416593034e-06,8.934720871898212e-07,1.8876459027734742,0.0891089108910891,100,6.737491544694822e-07
control,817,striatum,41,All,136,bipolar,pac_within,low_gamma,DMS,DMS,,,3.6240346148759936e-05,9.367056296933698e-07,83.05896869074125,0.009900990099009901,100,3.530364051906657e-05
control,817,striatum,41,All,136,bipolar,pac_within,high_gamma,DMS,DMS,,,1.1973768351729558e-05,8.725255105351011e-07,32.66120079003881,0.009900990099009901,100,1.1101242841194457e-05
control,817,striatum,41,All,136,bipolar,pac_between,low_gamma,ACC,DLS,,,1.0588869087936164e-06,1.0256254918791347e-06,0.06514099974247868,0.39603960396039606,100,3.326141691448173e-08
control,817,striatum,41,All,136,bipolar,pac_between,high_gamma,ACC,DLS,,,1.1719597120482524e-06,9.38783518585244e-07,0.7234299251283686,0.2376237623762376,100,2.3317619346300841e-07
control,817,striatum,41,All,136,bipolar,pac_between,low_gamma,ACC,DMS,,,8.405529826529683e-06,9.999699701232302e-07,17.321563956830357,0.009900990099009901,100,7.405559856406453e-06
control,817,striatum,41,All,136,bipolar,pac_between,high_gamma,ACC,DMS,,,2.544193872314655e-06,9.318280763746085e-07,4.579896244857266,0.009900990099009901,100,1.6123657959400464e-06
control,817,striatum,41,All,136,bipolar,pac_between,low_gamma,DLS,ACC,,,1.9767305672657148e-06,1.0330693071243682e-06,1.9743591746786848,0.07920792079207921,100,9.436612601413465e-07
control,817,striatum,41,All,136,bipolar,pac_between,high_gamma,DLS,ACC,,,4.413964450204738e-06,9.780965146522646e-07,8.535021309245666,0.009900990099009901,100,3.4358679355524737e-06
control,817,striatum,41,All,136,bipolar,pac_between,low_gamma,DLS,DMS,,,9.583070242989617e-06,1.015477701241008e-06,21.450282504324644,0.009900990099009901,100,8.56759254174861e-06
control,817,striatum,41,All,136,bipolar,pac_between,high_gamma,DLS,DMS,,,3.4900383095475157e-06,9.892024137609314e-07,6.2121643657436465,0.009900990099009901,100,2.5008358957865846e-06
control,817,striatum,41,All,136,bipolar,pac_between,low_gamma,DMS,ACC,,,2.3541877792914277e-06,1.0506375126302104e-06,2.888986924158495,0.019801980198019802,100,1.3035502666612173e-06
control,817,striatum,41,All,136,bipolar,pac_between,high_gamma,DMS,ACC,,,7.688258065998809e-06,9.463632688761597e-07,16.823361817977492,0.009900990099009901,100,6.741894797122649e-06
control,817,striatum,41,All,136,bipolar,pac_between,low_gamma,DMS,DLS,,,1.2620312132403873e-06,1.0464395006849263e-06,0.4491387508843274,0.31683168316831684,100,2.1559171255546102e-07
control,817,striatum,41,All,136,bipolar,pac_between,high_gamma,DMS,DLS,,,1.0619946033602249e-06,9.073324019162743e-07,0.4612646366090483,0.2871287128712871,100,1.546622014439506e-07
control,817,striatum,41,Naive,10,monopolar,same_freq,theta,ACC,DLS,0.4801273424972289,0.26860744647469786,,,,,,
control,817,striatum,41,Naive,10,monopolar,same_freq,low_gamma,ACC,DLS,0.273057985821719,0.010110486434383458,,,,,,
control,817,striatum,41,Naive,10,monopolar,same_freq,high_gamma,ACC,DLS,0.17250442961595427,-0.0006562109793413202,,,,,,
control,817,striatum,41,Naive,10,monopolar,same_freq,theta,ACC,DMS,0.635645569382604,0.1478216494426572,,,,,,
control,817,striatum,41,Naive,10,monopolar,same_freq,low_gamma,ACC,DMS,0.326779969361937,0.0006645913175860837,,,,,,
control,817,striatum,41,Naive,10,monopolar,same_freq,high_gamma,ACC,DMS,0.16368864441705577,0.015907798229075367,,,,,,
control,817,striatum,41,Naive,10,monopolar,same_freq,theta,DLS,DMS,0.6333479880242081,0.18669835035741567,,,,,,
control,817,striatum,41,Naive,10,monopolar,same_freq,low_gamma,DLS,DMS,0.32572996334382537,-0.0006629387068648857,,,,,,
control,817,striatum,41,Naive,10,monopolar,same_freq,high_gamma,DLS,DMS,0.1691172680173724,0.006004936988308393,,,,,,
control,817,striatum,41,Naive,10,monopolar,pac_within,low_gamma,ACC,ACC,,,0.0002453990529533402,2.52234096910857e-05,17.391343809344004,0.009900990099009901,100,0.00022017564326225452
control,817,striatum,41,Naive,10,monopolar,pac_within,high_gamma,ACC,ACC,,,0.0007937303799470933,2.4207762585938512e-05,70.72912559134095,0.009900990099009901,100,0.0007695226173611547
control,817,striatum,41,Naive,10,monopolar,pac_within,low_gamma,DLS,DLS,,,0.00016192759260754585,2.2333474737192308e-05,13.741204158832828,0.009900990099009901,100,0.00013959411787035355
control,817,striatum,41,Naive,10,monopolar,pac_within,high_gamma,DLS,DLS,,,0.00023365348912408442,2.4296309846455248e-05,19.336555902469584,0.009900990099009901,100,0.00020935717927762917
control,817,striatum,41,Naive,10,monopolar,pac_within,low_gamma,DMS,DMS,,,0.0007724357533493491,2.3561941154762157e-05,55.88153593573541,0.009900990099009901,100,0.0007488738121945869
control,817,striatum,41,Naive,10,monopolar,pac_within,high_gamma,DMS,DMS,,,0.00012702050344028147,2.296189784226131e-05,11.09830685865718,0.009900990099009901,100,0.00010405860559802016
control,817,striatum,41,Naive,10,monopolar,pac_between,low_gamma,ACC,DLS,,,0.0001458371310668111,2.4111924805471132e-05,10.793108910588483,0.009900990099009901,100,0.00012172520626133998
control,817,striatum,41,Naive,10,monopolar,pac_between,high_gamma,ACC,DLS,,,0.00016881949772202043,2.5597036248249193e-05,13.409004186152128,0.009900990099009901,100,0.00014322246147377123
control,817,striatum,41,Naive,10,monopolar,pac_between,low_gamma,ACC,DMS,,,0.0005995873553452037,2.5839502024717957e-05,46.402784714978935,0.009900990099009901,100,0.0005737478533204858
control,817,striatum,41,Naive,10,monopolar,pac_between,high_gamma,ACC,DMS,,,9.004936524055397e-05,2.269977393774872e-05,6.6600324677115,0.009900990099009901,100,6.734959130280524e-05
control,817,striatum,41,Naive,10,monopolar,pac_between,low_gamma,DLS,ACC,,,0.00036093173955270384,2.2119447363061766e-05,31.716684662456743,0.009900990099009901,100,0.0003388122921896421
control,817,striatum,41,Naive,10,monopolar,pac_between,high_gamma,DLS,ACC,,,0.0005927459062447276,2.3037056712691736e-05,60.436432707899414,0.009900990099009901,100,0.0005697088495320358
control,817,striatum,41,Naive,10,monopolar,pac_between,low_gamma,DLS,DMS,,,0.0007690875114900826,2.5042686647781306e-05,55.40653878952821,0.009900990099009901,100,0.0007440448248423013
control,817,striatum,41,Naive,10,monopolar,pac_between,high_gamma,DLS,DMS,,,0.00013350400868819405,2.3055080262261523e-05,11.242239356567408,0.009900990099009901,100,0.00011044892842593253
control,817,striatum,41,Naive,10,monopolar,pac_between,low_gamma,DMS,ACC,,,0.00033561884330843544,2.3544133384655216e-05,26.052816365215026,0.009900990099009901,100,0.0003120747099237802
control,817,striatum,41,Naive,10,monopolar,pac_between,high_gamma,DMS,ACC,,,0.0006430916698532106,2.3389180810235053e-05,71.67968783129851,0.009900990099009901,100,0.0006197024890429756
control,817,striatum,41,Naive,10,monopolar,pac_between,low_gamma,DMS,DLS,,,0.00016815085684810443,2.3125728836650452e-05,12.553425995181005,0.009900990099009901,100,0.00014502512801145396
control,817,striatum,41,Naive,10,monopolar,pac_between,high_gamma,DMS,DLS,,,0.0002556937491641048,2.388993210963654e-05,19.14708909079537,0.009900990099009901,100,0.00023180381705446826
control,817,striatum,41,Naive,10,bipolar,same_freq,theta,ACC,DLS,-0.0065420419799607004,0.006254099593629273,,,,,,
control,817,striatum,41,Naive,10,bipolar,same_freq,low_gamma,ACC,DLS,0.013496311659355836,0.011033375980240689,,,,,,
control,817,striatum,41,Naive,10,bipolar,same_freq,high_gamma,ACC,DLS,0.007652976740475903,0.009972909828465486,,,,,,
control,817,striatum,41,Naive,10,bipolar,same_freq,theta,ACC,DMS,0.011839758402194152,-0.00022277001594640062,,,,,,
control,817,striatum,41,Naive,10,bipolar,same_freq,low_gamma,ACC,DMS,0.0066133858714133775,0.004602902192047326,,,,,,
control,817,striatum,41,Naive,10,bipolar,same_freq,high_gamma,ACC,DMS,-0.013026683205883148,-0.00979322719453976,,,,,,
control,817,striatum,41,Naive,10,bipolar,same_freq,theta,DLS,DMS,0.04900970598192865,0.03517962785522498,,,,,,
control,817,striatum,41,Naive,10,bipolar,same_freq,low_gamma,DLS,DMS,0.0024119125755380512,-0.00037758106332480557,,,,,,
control,817,striatum,41,Naive,10,bipolar,same_freq,high_gamma,DLS,DMS,-0.0011694006305907234,-0.006978323821631504,,,,,,
control,817,striatum,41,Naive,10,bipolar,pac_within,low_gamma,ACC,ACC,,,1.0977181896969926e-05,2.6652081745131377e-05,-1.596930020204825,0.9900990099009901,100,-1.567489984816145e-05
control,817,striatum,41,Naive,10,bipolar,pac_within,high_gamma,ACC,ACC,,,2.0409985513728425e-05,2.5059942179992958e-05,-0.5020859865627715,0.6237623762376238,100,-4.649956666264533e-06
control,817,striatum,41,Naive,10,bipolar,pac_within,low_gamma,DLS,DLS,,,2.4677009994172496e-05,2.5575921017809065e-05,-0.08332605674445279,0.4158415841584158,100,-8.989110236365688e-07
control,817,striatum,41,Naive,10,bipolar,pac_within,high_gamma,DLS,DLS,,,1.8875630573801286e-05,2.5644067299865395e-05,-0.7619517587806693,0.7425742574257426,100,-6.768436726064109e-06
control,817,striatum,41,Naive,10,bipolar,pac_within,low_gamma,DMS,DMS,,,0.0001007113451678466,2.4402521194816354e-05,7.910491331221209,0.009900990099009901,100,7.630882397303024e-05
control,817,striatum,41,Naive,10,bipolar,pac_within,high_gamma,DMS,DMS,,,2.4654708518490353e-05,2.6058789185786565e-05,-0.15565131288657838,0.5247524752475248,100,-1.4040806672962126e-06
control,817,striatum,41,Naive,10,bipolar,pac_between,low_gamma,ACC,DLS,,,2.7454450931240835e-05,2.627106391145087e-05,0.11145170057191421,0.39603960396039606,100,1.1833870197899666e-06
control,817,striatum,41,Naive,10,bipolar,pac_between,high_gamma,ACC,DLS,,,4.4632973342249724e-05,2.587310836971582e-05,2.134434837017056,0.039603960396039604,100,1.8759864972533904e-05
control,817,striatum,41,Naive,10,bipolar,pac_between,low_gamma,ACC,DMS,,,1.955816676811928e-05,2.6827450039583923e-05,-0.7103119515976519,0.7722772277227723,100,-7.2692832714646425e-06
control,817,striatum,41,Naive,10,bipolar,pac_between,high_gamma,ACC,DMS,,,4.650728363725295e-05,2.489360681485226e-05,2.2306988804490873,0.04950495049504951,100,2.1613676822400687e-05
control,817,striatum,41,Naive,10,bipolar,pac_between,low_gamma,DLS,ACC,,,3.708360580183783e-05,2.9712801444240233e-05,0.521805485165961,0.2376237623762376,100,7.370804357597596e-06
control,817,striatum,41,Naive,10,bipolar,pac_between,high_gamma,DLS,ACC,,,3.5353465058511095e-05,2.5632708220688998e-05,0.9021578398289345,0.1782178217821782,100,9.720756837822097e-06
control,817,striatum,41,Naive,10,bipolar,pac_between,low_gamma,DLS,DMS,,,1.684161672579924e-05,2.6616486789347984e-05,-0.9118258634818918,0.801980198019802,100,-9.774870063548743e-06
control,817,striatum,41,Naive,10,bipolar,pac_between,high_gamma,DLS,DMS,,,4.852986308119982e-05,2.471148420273688e-05,2.5920105230265404,0.019801980198019802,100,2.381837887846294e-05
control,817,striatum,41,Naive,10,bipolar,pac_between,low_gamma,DMS,ACC,,,2.5209739362713884e-05,2.6943105874383682e-05,-0.1268052657278046,0.45544554455445546,100,-1.7333665116697976e-06
control,817,striatum,41,Naive,10,bipolar,pac_between,high_gamma,DMS,ACC,,,4.05772542520782e-05,2.559317030581252e-05,1.3776401422930544,0.07920792079207921,100,1.498408394626568e-05
control,817,striatum,41,Naive,10,bipolar,pac_between,low_gamma,DMS,DLS,,,9.257276336875287e-06,2.5325137992908044e-05,-1.3704171823373115,0.9900990099009901,100,-1.6067861656032756e-05
control,817,striatum,41,Naive,10,bipolar,pac_between,high_gamma,DMS,DLS,,,1.8516922757878737e-05,2.5815944182467185e-05,-0.6738120445224043,0.7326732673267327,100,-7.299021424588448e-06
control,817,striatum,41,Intermediate,10,monopolar,same_freq,theta,ACC,DLS,0.5101881705619902,0.29009492602370707,,,,,,
control,817,striatum,41,Intermediate,10,monopolar,same_freq,low_gamma,ACC,DLS,0.2666081286592177,0.00933727646727674,,,,,,
control,817,striatum,41,Intermediate,10,monopolar,same_freq,high_gamma,ACC,DLS,0.1697888214784256,0.0024343110356117308,,,,,,
control,817,striatum,41,Intermediate,10,monopolar,same_freq,theta,ACC,DMS,0.6514778548485788,0.16003324738720828,,,,,,
control,817,striatum,41,Intermediate,10,monopolar,same_freq,low_gamma,ACC,DMS,0.29611281769638753,-0.006135794558530691,,,,,,
control,817,striatum,41,Intermediate,10,monopolar,same_freq,high_gamma,ACC,DMS,0.15984529248923138,0.007080347515167899,,,,,,
control,817,striatum,41,Intermediate,10,monopolar,same_freq,theta,DLS,DMS,0.6235495334962082,0.18328523008551967,,,,,,
control,817,striatum,41,Intermediate,10,monopolar,same_freq,low_gamma,DLS,DMS,0.29400625754839704,0.0011361242713688348,,,,,,
control,817,striatum,41,Intermediate,10,monopolar,same_freq,high_gamma,DLS,DMS,0.1396260114843033,0.0004080733228738892,,,,,,
control,817,striatum,41,Intermediate,10,monopolar,pac_within,low_gamma,ACC,ACC,,,0.0002715573517560125,3.058851573824278e-05,16.581656123307976,0.009900990099009901,100,0.00024096883601776973
control,817,striatum,41,Intermediate,10,monopolar,pac_within,high_gamma,ACC,ACC,,,0.001075764471349791,3.604211883536078e-05,65.67335253119609,0.009900990099009901,100,0.00103972235251443
control,817,striatum,41,Intermediate,10,monopolar,pac_within,low_gamma,DLS,DLS,,,0.00012273334780746418,3.076084623299437e-05,5.495301102125967,0.009900990099009901,100,9.197250157446982e-05
control,817,striatum,41,Intermediate,10,monopolar,pac_within,high_gamma,DLS,DLS,,,0.00026901352475653247,3.07914499892602e-05,17.048204566142658,0.009900990099009901,100,0.00023822207476727227
control,817,striatum,41,Intermediate,10,monopolar,pac_within,low_gamma,DMS,DMS,,,0.000619622244170824,3.2767375730923235e-05,37.64590800181507,0.009900990099009901,100,0.0005868548684399008
control,817,striatum,41,Intermediate,10,monopolar,pac_within,high_gamma,DMS,DMS,,,0.0001510423185425883,3.005284493757076e-05,10.565755569023551,0.009900990099009901,100,0.00012098947360501754
control,817,striatum,41,Intermediate,10,monopolar,pac_between,low_gamma,ACC,DLS,,,0.0001625126030023896,3.0312074903611387e-05,9.189114350032066,0.009900990099009901,100,0.0001322005280987782
control,817,striatum,41,Intermediate,10,monopolar,pac_between,high_gamma,ACC,DLS,,,0.0001652670258534433,3.4683152499655936e-05,8.506570449361588,0.009900990099009901,100,0.00013058387335378738
control,817,striatum,41,Intermediate,10,monopolar,pac_between,low_gamma,ACC,DMS,,,0.0005553202839731989,3.2128274913235244e-05,34.683215629125414,0.009900990099009901,100,0.0005231920090599636
control,817,striatum,41,Intermediate,10,monopolar,pac_between,high_gamma,ACC,DMS,,,0.00013491019050415666,2.921025975659779e-05,8.584734325739035,0.009900990099009901,100,0.00010569993074755886
control,817,striatum,41,Intermediate,10,monopolar,pac_between,low_gamma,DLS,ACC,,,0.00041235106559517543,3.053352847776088e-05,24.947522201849086,0.009900990099009901,100,0.00038181753711741457
control,817,striatum,41,Intermediate,10,monopolar,pac_between,high_gamma,DLS,ACC,,,0.0008126096367094296,3.304765960259893e-05,50.19370579871233,0.009900990099009901,100,0.0007795619771068307
control,817,striatum,41,Intermediate,10,monopolar,pac_between,low_gamma,DLS,DMS,,,0.0005357681283191698,3.1832277122863356e-05,37.30442255125339,0.009900990099009901,100,0.0005039358511963064
control,817,striatum,41,Intermediate,10,monopolar,pac_between,high_gamma,DLS,DMS,,,0.00014187435069890658,2.977653678817718e-05,9.611645747837143,0.009900990099009901,100,0.0001120978139107294
control,817,striatum,41,Intermediate,10,monopolar,pac_between,low_gamma,DMS,ACC,,,0.0003994992195589453,3.064961805045935e-05,28.34795162931363,0.009900990099009901,100,0.00036884960150848596
control,817,striatum,41,Intermediate,10,monopolar,pac_between,high_gamma,DMS,ACC,,,0.0009440592996297516,3.4876323654185385e-05,50.25304552608074,0.009900990099009901,100,0.0009091829759755662
control,817,striatum,41,Intermediate,10,monopolar,pac_between,low_gamma,DMS,DLS,,,0.00017216999734834251,3.013150863411522e-05,8.910602783151663,0.009900990099009901,100,0.0001420384887142273
control,817,striatum,41,Intermediate,10,monopolar,pac_between,high_gamma,DMS,DLS,,,0.0002627607336253419,3.0576102157316196e-05,17.907046048313855,0.009900990099009901,100,0.0002321846314680257
control,817,striatum,41,Intermediate,10,bipolar,same_freq,theta,ACC,DLS,0.08402220115237215,0.05947343183318521,,,,,,
control,817,striatum,41,Intermediate,10,bipolar,same_freq,low_gamma,ACC,DLS,-0.01565564052661656,-0.01727050217060539,,,,,,
control,817,striatum,41,Intermediate,10,bipolar,same_freq,high_gamma,ACC,DLS,-0.010717984871725967,-0.004079657469084072,,,,,,
control,817,striatum,41,Intermediate,10,bipolar,same_freq,theta,ACC,DMS,0.05476109381222235,0.029265155760939864,,,,,,
control,817,striatum,41,Intermediate,10,bipolar,same_freq,low_gamma,ACC,DMS,-0.00022999756289130623,-0.00600163275999153,,,,,,
control,817,striatum,41,Intermediate,10,bipolar,same_freq,high_gamma,ACC,DMS,-0.004109113905729221,0.002077457549351014,,,,,,
control,817,striatum,41,Intermediate,10,bipolar,same_freq,theta,DLS,DMS,0.07889472080493863,0.0213244756821878,,,,,,
control,817,striatum,41,Intermediate,10,bipolar,same_freq,low_gamma,DLS,DMS,0.010160685681668757,0.011688763700923303,,,,,,
control,817,striatum,41,Intermediate,10,bipolar,same_freq,high_gamma,DLS,DMS,0.003970465917334968,0.0030837982869705797,,,,,,
control,817,striatum,41,Intermediate,10,bipolar,pac_within,low_gamma,ACC,ACC,,,2.794199305196647e-05,3.424330307104123e-05,-0.4042541092308962,0.6039603960396039,100,-6.301310019074759e-06
control,817,striatum,41,Intermediate,10,bipolar,pac_within,high_gamma,ACC,ACC,,,3.0305995332187227e-05,3.062394959715839e-05,-0.02797737649197017,0.46534653465346537,100,-3.1795426497116083e-07
control,817,striatum,41,Intermediate,10,bipolar,pac_within,low_gamma,DLS,DLS,,,2.9974976145535478e-05,3.4845163815353205e-05,-0.34057630195146893,0.6138613861386139,100,-4.870187669817728e-06
control,817,striatum,41,Intermediate,10,bipolar,pac_within,high_gamma,DLS,DLS,,,7.745488539289123e-05,3.057986131070939e-05,3.8490684787506932,0.009900990099009901,100,4.6875024082181833e-05
control,817,striatum,41,Intermediate,10,bipolar,pac_within,low_gamma,DMS,DMS,,,0.00010851491393640843,3.638471926787825e-05,4.687993994842112,0.009900990099009901,100,7.213019466853019e-05
control,817,striatum,41,Intermediate,10,bipolar,pac_within,high_gamma,DMS,DMS,,,5.971431845902767e-05,3.2745434073273825e-05,2.1111939495155823,0.0594059405940594,100,2.6968884385753842e-05
control,817,striatum,41,Intermediate,10,bipolar,pac_between,low_gamma,ACC,DLS,,,5.2443294592865685e-05,3.423106217412738e-05,1.170873164653805,0.13861386138613863,100,1.8212232418738302e-05
control,817,striatum,41,Intermediate,10,bipolar,pac_between,high_gamma,ACC,DLS,,,5.119781850679827e-05,3.3629759017012917e-05,1.6290287584323704,0.06930693069306931,100,1.7568059489785357e-05
control,817,striatum,41,Intermediate,10,bipolar,pac_between,low_gamma,ACC,DMS,,,5.947762498419222e-05,3.4451443412060696e-05,1.7938784486292334,0.04950495049504951,100,2.5026181572131524e-05
control,817,striatum,41,Intermediate,10,bipolar,pac_between,high_gamma,ACC,DMS,,,1.432227816668042e-05,3.034319564943726e-05,-1.4304585622047887,0.9405940594059405,100,-1.602091748275684e-05
control,817,striatum,41,Intermediate,10,bipolar,pac_between,low_gamma,DLS,ACC,,,1.3253348597136281e-05,3.501327296914671e-05,-1.6585347598623048,1.0,100,-2.1759924372010427e-05
control,817,striatum,41,Intermediate,10,bipolar,pac_between,high_gamma,DLS,ACC,,,5.1310795232263444e-05,3.339443869628143e-05,1.5712792347169624,0.0594059405940594,100,1.7916356535982015e-05
control,817,striatum,41,Intermediate,10,bipolar,pac_between,low_gamma,DLS,DMS,,,2.5751745565863077e-05,3.422608411572266e-05,-0.5844814855455673,0.6435643564356436,100,-8.474338549859585e-06
control,817,striatum,41,Intermediate,10,bipolar,pac_between,high_gamma,DLS,DMS,,,6.133910640633898e-05,3.0935500572438644e-05,2.8226144091877674,0.009900990099009901,100,3.040360583390034e-05
control,817,striatum,41,Intermediate,10,bipolar,pac_between,low_gamma,DMS,ACC,,,2.0830780942663623e-05,3.257757355737939e-05,-0.7479599256436622,0.7425742574257426,100,-1.1746792614715766e-05
control,817,striatum,41,Intermediate,10,bipolar,pac_between,high_gamma,DMS,ACC,,,3.11068911717361e-05,3.253296025744006e-05,-0.11638355159096866,0.504950495049505,100,-1.4260690857039574e-06
control,817,striatum,41,Intermediate,10,bipolar,pac_between,low_gamma,DMS,DLS,,,1.6964023004333795e-05,3.359908997995103e-05,-0.9408567448388,0.8613861386138614,100,-1.6635066975617234e-05
control,817,striatum,41,Intermediate,10,bipolar,pac_between,high_gamma,DMS,DLS,,,4.542401688943626e-05,2.988941325619417e-05,1.3411075363830862,0.1188118811881188,100,1.553460363324209e-05
control,817,striatum,41,Expert,10,monopolar,same_freq,theta,ACC,DLS,0.4619652965311205,0.22802910231683554,,,,,,
control,817,striatum,41,Expert,10,monopolar,same_freq,low_gamma,ACC,DLS,0.30539126805491923,0.0569221388755696,,,,,,
control,817,striatum,41,Expert,10,monopolar,same_freq,high_gamma,ACC,DLS,0.21141813178586752,0.05327124235015991,,,,,,
control,817,striatum,41,Expert,10,monopolar,same_freq,theta,ACC,DMS,0.5117660651685677,0.10865306636967259,,,,,,
control,817,striatum,41,Expert,10,monopolar,same_freq,low_gamma,ACC,DMS,0.31664220618454303,0.028616732483696623,,,,,,
control,817,striatum,41,Expert,10,monopolar,same_freq,high_gamma,ACC,DMS,0.17450921973491254,0.03362364384039167,,,,,,
control,817,striatum,41,Expert,10,monopolar,same_freq,theta,DLS,DMS,0.6462574338051024,0.189008028254052,,,,,,
control,817,striatum,41,Expert,10,monopolar,same_freq,low_gamma,DLS,DMS,0.31291913895631707,0.02625422480023593,,,,,,
control,817,striatum,41,Expert,10,monopolar,same_freq,high_gamma,DLS,DMS,0.13118796746566513,0.01813945343134571,,,,,,
control,817,striatum,41,Expert,10,monopolar,pac_within,low_gamma,ACC,ACC,,,9.825816406132889e-05,1.5769377095599302e-05,13.195196371185006,0.009900990099009901,100,8.248878696572959e-05
control,817,striatum,41,Expert,10,monopolar,pac_within,high_gamma,ACC,ACC,,,0.0007279397996481797,1.5079610447685796e-05,132.82556615664248,0.009900990099009901,100,0.000712860189200494
control,817,striatum,41,Expert,10,monopolar,pac_within,low_gamma,DLS,DLS,,,2.2310745265046255e-05,1.5021013380352503e-05,0.9891053279175616,0.18811881188118812,100,7.289731884693752e-06
control,817,striatum,41,Expert,10,monopolar,pac_within,high_gamma,DLS,DLS,,,0.00014319793905830374,1.4231539075052634e-05,21.06877894127868,0.009900990099009901,100,0.0001289663999832511
control,817,striatum,41,Expert,10,monopolar,pac_within,low_gamma,DMS,DMS,,,0.00015911780130653316,1.5229560018489992e-05,22.54642759118664,0.009900990099009901,100,0.00014388824128804318
control,817,striatum,41,Expert,10,monopolar,pac_within,high_gamma,DMS,DMS,,,5.1795030094114315e-05,1.417820042555128e-05,6.47733175652971,0.009900990099009901,100,3.761682966856303e-05
control,817,striatum,41,Expert,10,monopolar,pac_between,low_gamma,ACC,DLS,,,1.389341761263194e-05,1.539684170666754e-05,-0.1868596600325843,0.48514851485148514,100,-1.5034240940355993e-06
control,817,striatum,41,Expert,10,monopolar,pac_between,high_gamma,ACC,DLS,,,0.00012015854352324672,1.4669066074728723e-05,16.5665802897132,0.009900990099009901,100,0.000105489477448518
control,817,striatum,41,Expert,10,monopolar,pac_between,low_gamma,ACC,DMS,,,7.868611326044139e-05,1.547777528828142e-05,7.614504764660107,0.009900990099009901,100,6.320833797215996e-05
control,817,striatum,41,Expert,10,monopolar,pac_between,high_gamma,ACC,DMS,,,7.082703177113115e-05,1.4391803685760773e-05,10.704119840343166,0.009900990099009901,100,5.6435228085370385e-05
control,817,striatum,41,Expert,10,monopolar,pac_between,low_gamma,DLS,ACC,,,0.00010457319381669796,1.61915080905537e-05,13.547804466982763,0.009900990099009901,100,8.838168572614426e-05
control,817,striatum,41,Expert,10,monopolar,pac_between,high_gamma,DLS,ACC,,,0.0004709851071211879,1.4761667987450672e-05,80.5900162967279,0.009900990099009901,100,0.0004562234391337372
control,817,striatum,41,Expert,10,monopolar,pac_between,low_gamma,DLS,DMS,,,0.00011779995323444848,1.4908110816856824e-05,14.11486029940415,0.009900990099009901,100,0.00010289184241759166
control,817,striatum,41,Expert,10,monopolar,pac_between,high_gamma,DLS,DMS,,,4.924731009290036e-05,1.345664837967182e-05,6.899068522293601,0.009900990099009901,100,3.579066171322854e-05
control,817,striatum,41,Expert,10,monopolar,pac_between,low_gamma,DMS,ACC,,,0.00012436403297448056,1.526158918904315e-05,14.750505046764069,0.009900990099009901,100,0.00010910244378543741
control,817,striatum,41,Expert,10,monopolar,pac_between,high_gamma,DMS,ACC,,,0.0005268354530843872,1.478251649556488e-05,85.01904013203635,0.009900990099009901,100,0.0005120529365888223
control,817,striatum,41,Expert,10,monopolar,pac_between,low_gamma,DMS,DLS,,,1.6327073509254586e-05,1.5100158649451011e-05,0.1723674163783536,0.36633663366336633,100,1.226914859803575e-06
control,817,striatum,41,Expert,10,monopolar,pac_between,high_gamma,DMS,DLS,,,0.00013748577293402588,1.514577209003852e-05,17.241476248808418,0.009900990099009901,100,0.00012234000084398737
control,817,striatum,41,Expert,10,bipolar,same_freq,theta,ACC,DLS,0.0954181842570294,0.07748982395527815,,,,,,
control,817,striatum,41,Expert,10,bipolar,same_freq,low_gamma,ACC,DLS,0.0036832677947962146,0.0028870090138153454,,,,,,
control,817,striatum,41,Expert,10,bipolar,same_freq,high_gamma,ACC,DLS,0.016668016736597676,0.012611301462164208,,,,,,
control,817,striatum,41,Expert,10,bipolar,same_freq,theta,ACC,DMS,0.09110948325384978,0.08231718833241533,,,,,,
control,817,striatum,41,Expert,10,bipolar,same_freq,low_gamma,ACC,DMS,0.038076697840536425,0.026136465736541686,,,,,,
control,817,striatum,41,Expert,10,bipolar,same_freq,high_gamma,ACC,DMS,0.018679608101930735,0.009692202508566615,,,,,,
control,817,striatum,41,Expert,10,bipolar,same_freq,theta,DLS,DMS,0.11508454485888,0.08487728903332208,,,,,,
control,817,striatum,41,Expert,10,bipolar,same_freq,low_gamma,DLS,DMS,0.02078738264951174,0.009852304111790179,,,,,,
control,817,striatum,41,Expert,10,bipolar,same_freq,high_gamma,DLS,DMS,0.018880741328696722,0.0093504592684471,,,,,,
control,817,striatum,41,Expert,10,bipolar,pac_within,low_gamma,ACC,ACC,,,5.21973710512177e-06,1.562382991486498e-05,-1.5362339593899903,0.9801980198019802,100,-1.0404092809743208e-05
control,817,striatum,41,Expert,10,bipolar,pac_within,high_gamma,ACC,ACC,,,1.3807348210783026e-05,1.528274007779996e-05,-0.2629020678028098,0.5544554455445545,100,-1.4753918670169344e-06
control,817,striatum,41,Expert,10,bipolar,pac_within,low_gamma,DLS,DLS,,,2.0626071541249916e-05,1.6957882280060222e-05,0.4766022865329937,0.27722772277227725,100,3.6681892611896937e-06
control,817,striatum,41,Expert,10,bipolar,pac_within,high_gamma,DLS,DLS,,,1.666939874856757e-05,1.4749004596337283e-05,0.34026400631747244,0.26732673267326734,100,1.9203941522302873e-06
control,817,striatum,41,Expert,10,bipolar,pac_within,low_gamma,DMS,DMS,,,9.723032137441902e-05,1.6243285510928756e-05,11.15898162031858,0.009900990099009901,100,8.098703586349027e-05
control,817,striatum,41,Expert,10,bipolar,pac_within,high_gamma,DMS,DMS,,,4.433428328743342e-05,1.4938457370248627e-05,6.0846380367217225,0.009900990099009901,100,2.9395825917184794e-05
control,817,striatum,41,Expert,10,bipolar,pac_between,low_gamma,ACC,DLS,,,1.2095497408343735e-05,1.62515920153147e-05,-0.5696153481615838,0.6633663366336634,100,-4.156094606970967e-06
control,817,striatum,41,Expert,10,bipolar,pac_between,high_gamma,ACC,DLS,,,1.51975633789908e-05,1.3872936765268056e-05,0.22248556864787666,0.3069306930693069,100,1.3246266137227434e-06
control,817,striatum,41,Expert,10,bipolar,pac_between,low_gamma,ACC,DMS,,,1.8175816080443404e-05,1.6371006873367838e-05,0.27412572910215605,0.37623762376237624,100,1.8048092070755656e-06
control,817,striatum,41,Expert,10,bipolar,pac_between,high_gamma,ACC,DMS,,,1.163625947488969e-05,1.4942049391810981e-05,-0.547864199594771,0.6732673267326733,100,-3.3057899169212915e-06
control,817,striatum,41,Expert,10,bipolar,pac_between,low_gamma,DLS,ACC,,,1.8399364328609193e-05,1.744143544718171e-05,0.13939350996443306,0.37623762376237624,100,9.57928881427482e-07
control,817,striatum,41,Expert,10,bipolar,pac_between,high_gamma,DLS,ACC,,,8.412716934416122e-06,1.5048126089221125e-05,-1.4703407520123082,0.9306930693069307,100,-6.635409154805002e-06
control,817,striatum,41,Expert,10,bipolar,pac_between,low_gamma,DLS,DMS,,,2.26466025038328e-05,1.806202043322343e-05,0.6221690805956019,0.22772277227722773,100,4.584582070609372e-06
control,817,striatum,41,Expert,10,bipolar,pac_between,high_gamma,DLS,DMS,,,1.7981525730419633e-05,1.4775678482287009e-05,0.5635977236331138,0.27722772277227725,100,3.2058472481326243e-06
control,817,striatum,41,Expert,10,bipolar,pac_between,low_gamma,DMS,ACC,,,2.1827939881852874e-05,1.709439429846528e-05,0.6755300384608363,0.2376237623762376,100,4.733545583387594e-06
control,817,striatum,41,Expert,10,bipolar,pac_between,high_gamma,DMS,ACC,,,1.096072783995138e-05,1.5653564534725557e-05,-0.8508378902986619,0.801980198019802,100,-4.692836694774178e-06
control,817,striatum,41,Expert,10,bipolar,pac_between,low_gamma,DMS,DLS,,,2.178438491213761e-05,1.4960194530036886e-05,1.0142303019051735,0.1485148514851485,100,6.824190382100726e-06
control,817,striatum,41,Expert,10,bipolar,pac_between,high_gamma,DMS,DLS,,,1.3670614368883962e-05,1.4409719343743103e-05,-0.1250573307960661,0.504950495049505,100,-7.391049748591403e-07
control,817,visual,41,All,136,monopolar,same_freq,theta,CA1,DG,0.603006468431619,0.06483301211842014,,,,,,
control,817,visual,41,All,136,monopolar,same_freq,low_gamma,CA1,DG,0.6702982296600188,0.07906619824898592,,,,,,
control,817,visual,41,All,136,monopolar,same_freq,high_gamma,CA1,DG,0.597217830911573,0.17102747623926626,,,,,,
control,817,visual,41,All,136,monopolar,same_freq,theta,CA1,V1,0.36054105466008013,0.3204558178113712,,,,,,
control,817,visual,41,All,136,monopolar,same_freq,low_gamma,CA1,V1,0.5723657107952715,0.09140409535600869,,,,,,
control,817,visual,41,All,136,monopolar,same_freq,high_gamma,CA1,V1,0.6679438870382184,0.09480054954276113,,,,,,
control,817,visual,41,All,136,monopolar,same_freq,theta,DG,V1,0.323326146147913,0.2638665352194618,,,,,,
control,817,visual,41,All,136,monopolar,same_freq,low_gamma,DG,V1,0.4255666708259147,0.07151372918712405,,,,,,
control,817,visual,41,All,136,monopolar,same_freq,high_gamma,DG,V1,0.4232367194352848,0.1518921325611243,,,,,,
control,817,visual,41,All,136,monopolar,pac_within,low_gamma,CA1,CA1,,,0.0008524348571180587,1.0469059559866695e-06,1677.1704617757252,0.009900990099009901,100,0.0008513879511620721
control,817,visual,41,All,136,monopolar,pac_within,high_gamma,CA1,CA1,,,0.0009785078588814894,1.1765129273236675e-06,1705.6230879317616,0.009900990099009901,100,0.0009773313459541656
control,817,visual,41,All,136,monopolar,pac_within,low_gamma,DG,DG,,,0.001525762593031164,1.0913736406104458e-06,2539.3360617295016,0.009900990099009901,100,0.0015246712193905537
control,817,visual,41,All,136,monopolar,pac_within,high_gamma,DG,DG,,,0.0034591574105648994,1.466896733542627e-06,4909.351306097063,0.009900990099009901,100,0.0034576905138313566
control,817,visual,41,All,136,monopolar,pac_within,low_gamma,V1,V1,,,0.0009098654939564268,1.1881808760202276e-06,1569.0104019389998,0.009900990099009901,100,0.0009086773130804065
control,817,visual,41,All,136,monopolar,pac_within,high_gamma,V1,V1,,,0.00033519828229756194,1.149233208915863e-06,629.9370535958383,0.009900990099009901,100,0.00033404904908864607
control,817,visual,41,All,136,monopolar,pac_between,low_gamma,CA1,DG,,,0.0018881715936500945,1.1805869554668507e-06,3025.105381973395,0.009900990099009901,100,0.0018869910066946277
control,817,visual,41,All,136,monopolar,pac_between,high_gamma,CA1,DG,,,0.0024140910088050293,1.3160395103565612e-06,3882.5362056936456,0.009900990099009901,100,0.0024127749692946726
control,817,visual,41,All,136,monopolar,pac_between,low_gamma,CA1,V1,,,0.0006585701886270051,1.2894460484502804e-06,1129.913196147784,0.009900990099009901,100,0.0006572807425785548
control,817,visual,41,All,136,monopolar,pac_between,high_gamma,CA1,V1,,,0.000645507842671336,1.2289542325559679e-06,1255.25798220412,0.009900990099009901,100,0.00064427888843878
control,817,visual,41,All,136,monopolar,pac_between,low_gamma,DG,CA1,,,0.0005645926839950153,1.100727883875099e-06,920.9104436418758,0.009900990099009901,100,0.0005634919561111402
control,817,visual,41,All,136,monopolar,pac_between,high_gamma,DG,CA1,,,0.001288164346530274,1.1723307970803406e-06,2608.2753616896707,0.009900990099009901,100,0.0012869920157331937
control,817,visual,41,All,136,monopolar,pac_between,low_gamma,DG,V1,,,0.0003727606679326707,1.3099096745134795e-06,566.3394709805558,0.009900990099009901,100,0.0003714507582581572
control,817,visual,41,All,136,monopolar,pac_between,high_gamma,DG,V1,,,0.0007332060258004211,1.3204846834838472e-06,1306.5538212160766,0.009900990099009901,100,0.0007318855411169372
control,817,visual,41,All,136,monopolar,pac_between,low_gamma,V1,CA1,,,0.0005805221137504782,1.1062244297613656e-06,997.3604473896158,0.009900990099009901,100,0.0005794158893207168
control,817,visual,41,All,136,monopolar,pac_between,high_gamma,V1,CA1,,,0.0001273614677072528,1.1493753200192683e-06,183.01970890450733,0.009900990099009901,100,0.00012621209238723353
control,817,visual,41,All,136,monopolar,pac_between,low_gamma,V1,DG,,,0.0006957139492661896,1.1459331304133722e-06,1371.851517922363,0.009900990099009901,100,0.0006945680161357762
control,817,visual,41,All,136,monopolar,pac_between,high_gamma,V1,DG,,,0.00017350967686808507,1.3969495095843274e-06,253.18793215120942,0.009900990099009901,100,0.00017211272735850075
control,817,visual,41,All,136,bipolar,same_freq,theta,CA1,DG,0.11544460836342488,0.08728985643446216,,,,,,
control,817,visual,41,All,136,bipolar,same_freq,low_gamma,CA1,DG,0.08116514106396251,0.06941925750345522,,,,,,
control,817,visual,41,All,136,bipolar,same_freq,high_gamma,CA1,DG,0.08896301611053369,0.07260264663409917,,,,,,
control,817,visual,41,All,136,bipolar,same_freq,theta,CA1,V1,0.08729890693000125,0.07675201807448653,,,,,,
control,817,visual,41,All,136,bipolar,same_freq,low_gamma,CA1,V1,0.04905230370953266,0.036338104211594224,,,,,,
control,817,visual,41,All,136,bipolar,same_freq,high_gamma,CA1,V1,0.0558884229118049,0.038941602349579996,,,,,,
control,817,visual,41,All,136,bipolar,same_freq,theta,DG,V1,0.06740123809644105,0.06326582698897465,,,,,,
control,817,visual,41,All,136,bipolar,same_freq,low_gamma,DG,V1,0.04525028399538956,0.03259013229888393,,,,,,
control,817,visual,41,All,136,bipolar,same_freq,high_gamma,DG,V1,0.03870435896336132,0.02887652030458727,,,,,,
control,817,visual,41,All,136,bipolar,pac_within,low_gamma,CA1,CA1,,,5.6229900358305394e-05,1.0061864701817197e-06,109.37525307728241,0.009900990099009901,100,5.5223713888123674e-05
control,817,visual,41,All,136,bipolar,pac_within,high_gamma,CA1,CA1,,,1.0352968409353195e-05,1.050581642071067e-06,20.052411832088392,0.009900990099009901,100,9.302386767282128e-06
control,817,visual,41,All,136,bipolar,pac_within,low_gamma,DG,DG,,,0.000740872625768655,8.875815871284114e-07,1914.749872620968,0.009900990099009901,100,0.0007399850441815267
control,817,visual,41,All,136,bipolar,pac_within,high_gamma,DG,DG,,,0.0006050701036326984,1.0001941862203982e-06,1373.640822868482,0.009900990099009901,100,0.000604069909446478
control,817,visual,41,All,136,bipolar,pac_within,low_gamma,V1,V1,,,8.285444247304294e-06,1.091285192836433e-06,14.480047551638588,0.009900990099009901,100,7.194159054467861e-06
control,817,visual,41,All,136,bipolar,pac_within,high_gamma,V1,V1,,,7.173672824044549e-06,1.0061468306133902e-06,15.898910884312075,0.009900990099009901,100,6.167525993431159e-06
control,817,visual,41,All,136,bipolar,pac_between,low_gamma,CA1,DG,,,0.00017750603943591283,1.0460268069327813e-06,416.3369842311011,0.009900990099009901,100,0.00017646001262898006
control,817,visual,41,All,136,bipolar,pac_between,high_gamma,CA1,DG,,,0.00024213445943875424,9.523988742984015e-07,666.4674310132813,0.009900990099009901,100,0.00024118206056445584
control,817,visual,41,All,136,bipolar,pac_between,low_gamma,CA1,V1,,,2.7005611571615098e-06,9.863382961277732e-07,3.922935594587898,0.009900990099009901,100,1.7142228610337365e-06
control,817,visual,41,All,136,bipolar,pac_between,high_gamma,CA1,V1,,,1.942176737549347e-06,8.834491871195646e-07,3.1396023209397392,0.009900990099009901,100,1.0587275504297823e-06
control,817,visual,41,All,136,bipolar,pac_between,low_gamma,DG,CA1,,,0.00014982955089362852,9.268274280200837e-07,368.090850394915,0.009900990099009901,100,0.00014890272346560843
control,817,visual,41,All,136,bipolar,pac_between,high_gamma,DG,CA1,,,0.00012240378736226026,1.0486788275933582e-06,306.3399702756712,0.009900990099009901,100,0.0001213551085346669
control,817,visual,41,All,136,bipolar,pac_between,low_gamma,DG,V1,,,1.8097599938174243e-06,9.081097261977879e-07,2.191002182857589,0.039603960396039604,100,9.016502676196365e-07
control,817,visual,41,All,136,bipolar,pac_between,high_gamma,DG,V1,,,6.894542232127574e-07,9.502833651040942e-07,-0.7605797538474884,0.7227722772277227,100,-2.6082914189133684e-07
control,817,visual,41,All,136,bipolar,pac_between,low_gamma,V1,CA1,,,8.668509742129314e-06,1.026041321199999e-06,16.249318313793694,0.009900990099009901,100,7.642468420929316e-06
control,817,visual,41,All,136,bipolar,pac_between,high_gamma,V1,CA1,,,1.0335685473327666e-05,1.1657420194516998e-06,19.62491641738716,0.009900990099009901,100,9.169943453875967e-06
control,817,visual,41,All,136,bipolar,pac_between,low_gamma,V1,DG,,,3.5833372827938946e-05,1.0725574817825506e-06,66.1589102503206,0.009900990099009901,100,3.4760815346156394e-05
control,817,visual,41,All,136,bipolar,pac_between,high_gamma,V1,DG,,,2.1086642603006954e-05,1.0690480685373955e-06,46.20383538098459,0.009900990099009901,100,2.0017594534469556e-05
control,817,visual,41,Naive,10,monopolar,same_freq,theta,CA1,DG,0.6632523973573999,-0.07603958941597357,,,,,,
control,817,visual,41,Naive,10,monopolar,same_freq,low_gamma,CA1,DG,0.6615554563050761,0.04406046790664314,,,,,,
control,817,visual,41,Naive,10,monopolar,same_freq,high_gamma,CA1,DG,0.6090806362510339,0.10219598843314914,,,,,,
control,817,visual,41,Naive,10,monopolar,same_freq,theta,CA1,V1,0.2293787193973191,0.2703752455888032,,,,,,
control,817,visual,41,Naive,10,monopolar,same_freq,low_gamma,CA1,V1,0.553279377291189,0.070933905922235,,,,,,
control,817,visual,41,Naive,10,monopolar,same_freq,high_gamma,CA1,V1,0.6642054719410381,0.0445621816892613,,,,,,
control,817,visual,41,Naive,10,monopolar,same_freq,theta,DG,V1,0.2968267386551893,0.2410929195856091,,,,,,
control,817,visual,41,Naive,10,monopolar,same_freq,low_gamma,DG,V1,0.427820032468124,0.03641800298312184,,,,,,
control,817,visual,41,Naive,10,monopolar,same_freq,high_gamma,DG,V1,0.4331147726854122,0.09352078507494531,,,,,,
control,817,visual,41,Naive,10,monopolar,pac_within,low_gamma,CA1,CA1,,,0.0012847262903195546,3.142907750487225e-05,63.73286248440318,0.009900990099009901,100,0.0012532972128146823
control,817,visual,41,Naive,10,monopolar,pac_within,high_gamma,CA1,CA1,,,0.0010355171465569384,2.7715530655152776e-05,87.19388227838566,0.009900990099009901,100,0.0010078016159017855
control,817,visual,41,Naive,10,monopolar,pac_within,low_gamma,DG,DG,,,0.0022387647354494325,3.706025593290889e-05,106.85066190307293,0.009900990099009901,100,0.002201704479516524
control,817,visual,41,Naive,10,monopolar,pac_within,high_gamma,DG,DG,,,0.0033895827094150605,3.53292382736563e-05,191.51751600627085,0.009900990099009901,100,0.0033542534711414043
control,817,visual,41,Naive,10,monopolar,pac_within,low_gamma,V1,V1,,,0.001790819864482425,3.12676704073951e-05,95.47885721967644,0.009900990099009901,100,0.0017595521940750299
control,817,visual,41,Naive,10,monopolar,pac_within,high_gamma,V1,V1,,,0.000991786708946399,2.8258385939037533e-05,67.03745383722021,0.009900990099009901,100,0.0009635283230073614
control,817,visual,41,Naive,10,monopolar,pac_between,low_gamma,CA1,DG,,,0.0030281001867481934,3.659462207930157e-05,143.7732372841571,0.009900990099009901,100,0.0029915055646688917
control,817,visual,41,Naive,10,monopolar,pac_between,high_gamma,CA1,DG,,,0.0028879424474262533,3.388290443781081e-05,164.04137804568145,0.009900990099009901,100,0.0028540595429884423
control,817,visual,41,Naive,10,monopolar,pac_between,low_gamma,CA1,V1,,,0.0012259069327200368,3.081504991775145e-05,75.47560360569967,0.009900990099009901,100,0.0011950918828022854
control,817,visual,41,Naive,10,monopolar,pac_between,high_gamma,CA1,V1,,,0.0008258869028451877,2.9436399774400857e-05,57.31539204115505,0.009900990099009901,100,0.0007964505030707868
control,817,visual,41,Naive,10,monopolar,pac_between,low_gamma,DG,CA1,,,0.0008886890969997675,3.2481823920394993e-05,47.75120324536671,0.009900990099009901,100,0.0008562072730793725
control,817,visual,41,Naive,10,monopolar,pac_between,high_gamma,DG,CA1,,,0.001249294909944985,3.017910024346981e-05,90.19732517358403,0.009900990099009901,100,0.0012191158097015153
control,817,visual,41,Naive,10,monopolar,pac_between,low_gamma,DG,V1,,,0.0007614779397036902,3.19416538455705e-05,47.5617833850252,0.009900990099009901,100,0.0007295362858581196
control,817,visual,41,Naive,10,monopolar,pac_between,high_gamma,DG,V1,,,0.0008002028686749295,3.3047448310522864e-05,52.15152250860801,0.009900990099009901,100,0.0007671554203644066
control,817,visual,41,Naive,10,monopolar,pac_between,low_gamma,V1,CA1,,,0.0011986811032589399,3.24971038457557e-05,57.684219193865005,0.009900990099009901,100,0.0011661839994131843
control,817,visual,41,Naive,10,monopolar,pac_between,high_gamma,V1,CA1,,,0.00047049414592800743,2.6091877474771454e-05,33.726332940375585,0.009900990099009901,100,0.000444402268453236
control,817,visual,41,Naive,10,monopolar,pac_between,low_gamma,V1,DG,,,0.0020862740109444974,3.7245508469963806e-05,90.33179773085244,0.009900990099009901,100,0.002049028502474534
control,817,visual,41,Naive,10,monopolar,pac_between,high_gamma,V1,DG,,,0.0007822613136890274,3.06306897998492e-05,41.94408470763554,0.009900990099009901,100,0.0007516306238891782
control,817,visual,41,Naive,10,bipolar,same_freq,theta,CA1,DG,0.10074337101507562,0.09037298146673221,,,,,,
control,817,visual,41,Naive,10,bipolar,same_freq,low_gamma,CA1,DG,0.02332565797691331,0.018510954235790203,,,,,,
control,817,visual,41,Naive,10,bipolar,same_freq,high_gamma,CA1,DG,0.04429625971214258,0.03138758041958968,,,,,,
control,817,visual,41,Naive,10,bipolar,same_freq,theta,CA1,V1,0.09809980639435739,0.1117235317992569,,,,,,
control,817,visual,41,Naive,10,bipolar,same_freq,low_gamma,CA1,V1,0.012570847934280177,0.004668140238734262,,,,,,
control,817,visual,41,Naive,10,bipolar,same_freq,high_gamma,CA1,V1,0.018496654731429054,0.011239194033350863,,,,,,
control,817,visual,41,Naive,10,bipolar,same_freq,theta,DG,V1,0.04858773096852555,0.0560004880255985,,,,,,
control,817,visual,41,Naive,10,bipolar,same_freq,low_gamma,DG,V1,0.011812752134924916,0.015326181527931203,,,,,,
control,817,visual,41,Naive,10,bipolar,same_freq,high_gamma,DG,V1,0.009518306578154924,0.010531163286048903,,,,,,
control,817,visual,41,Naive,10,bipolar,pac_within,low_gamma,CA1,CA1,,,9.22106717434376e-05,2.472017886706328e-05,6.133327887395021,0.009900990099009901,100,6.749049287637431e-05
control,817,visual,41,Naive,10,bipolar,pac_within,high_gamma,CA1,CA1,,,0.00030221654646723947,2.2745528754856912e-05,32.76195830058457,0.009900990099009901,100,0.00027947101771238255
control,817,visual,41,Naive,10,bipolar,pac_within,low_gamma,DG,DG,,,0.0010081058180350213,2.435315896126743e-05,90.8934080184992,0.009900990099009901,100,0.0009837526590737538
control,817,visual,41,Naive,10,bipolar,pac_within,high_gamma,DG,DG,,,0.0009117963074175626,2.8282086951084063e-05,73.37724520816455,0.009900990099009901,100,0.0008835142204664786
control,817,visual,41,Naive,10,bipolar,pac_within,low_gamma,V1,V1,,,1.619070771234264e-05,2.844164198350222e-05,-0.8895715786338573,0.8514851485148515,100,-1.2250934271159581e-05
control,817,visual,41,Naive,10,bipolar,pac_within,high_gamma,V1,V1,,,8.91387678788315e-06,2.458428743780688e-05,-1.577994513139491,0.9900990099009901,100,-1.567041064992373e-05
control,817,visual,41,Naive,10,bipolar,pac_between,low_gamma,CA1,DG,,,0.0005133285091447308,2.6388914895704134e-05,39.36293885821302,0.009900990099009901,100,0.00048693959424902665
control,817,visual,41,Naive,10,bipolar,pac_between,high_gamma,CA1,DG,,,0.0006778111852705639,2.6654654244035537e-05,51.483547765839816,0.009900990099009901,100,0.0006511565310265284
control,817,visual,41,Naive,10,bipolar,pac_between,low_gamma,CA1,V1,,,2.61529344282372e-05,2.4453965979191572e-05,0.15897886170086398,0.36633663366336633,100,1.6989684490456275e-06
control,817,visual,41,Naive,10,bipolar,pac_between,high_gamma,CA1,V1,,,2.2534368640369015e-05,2.14764357931221e-05,0.11872616946882884,0.42574257425742573,100,1.0579328472469142e-06
control,817,visual,41,Naive,10,bipolar,pac_between,low_gamma,DG,CA1,,,0.0001689021247918152,2.3480990130231014e-05,12.608218672663686,0.009900990099009901,100,0.00014542113466158417
control,817,visual,41,Naive,10,bipolar,pac_between,high_gamma,DG,CA1,,,0.0003091251751314884,2.390899880298589e-05,27.988843076241793,0.009900990099009901,100,0.0002852161763285025
control,817,visual,41,Naive,10,bipolar,pac_between,low_gamma,DG,V1,,,1.1566571281294005e-05,2.4673398125128516e-05,-1.1773481429443702,0.9108910891089109,100,-1.3106826843834511e-05
control,817,visual,41,Naive,10,bipolar,pac_between,high_gamma,DG,V1,,,1.8152176858985453e-05,2.1670697699952734e-05,-0.38453824865750175,0.6237623762376238,100,-3.5185208409672816e-06
control,817,visual,41,Naive,10,bipolar,pac_between,low_gamma,V1,CA1,,,4.211882068969879e-05,2.7069743124884753e-05,1.192703830997594,0.16831683168316833,100,1.5049077564814036e-05
control,817,visual,41,Naive,10,bipolar,pac_between,high_gamma,V1,CA1,,,5.254469664484531e-05,2.6630845203877827e-05,2.7644221750851155,0.019801980198019802,100,2.5913851440967482e-05
control,817,visual,41,Naive,10,bipolar,pac_between,low_gamma,V1,DG,,,0.00012303042889632573,3.069265118726309e-05,6.777943848668743,0.009900990099009901,100,9.233777770906263e-05
control,817,visual,41,Naive,10,bipolar,pac_between,high_gamma,V1,DG,,,0.0001596140127059694,2.8147126801008072e-05,12.21962632271924,0.009900990099009901,100,0.00013146688590496132
control,817,visual,41,Intermediate,10,monopolar,same_freq,theta,CA1,DG,0.5908151357060972,-0.05785056224735788,,,,,,
control,817,visual,41,Intermediate,10,monopolar,same_freq,low_gamma,CA1,DG,0.6815119301788747,0.0675531536056068,,,,,,
control,817,visual,41,Intermediate,10,monopolar,same_freq,high_gamma,CA1,DG,0.629921057762737,0.1105537863837971,,,,,,
control,817,visual,41,Intermediate,10,monopolar,same_freq,theta,CA1,V1,0.22235344021827852,0.28411517221865656,,,,,,
control,817,visual,41,Intermediate,10,monopolar,same_freq,low_gamma,CA1,V1,0.560164578815015,0.06515407047288224,,,,,,
control,817,visual,41,Intermediate,10,monopolar,same_freq,high_gamma,CA1,V1,0.6711972632026705,0.04983030050753406,,,,,,
control,817,visual,41,Intermediate,10,monopolar,same_freq,theta,DG,V1,0.31049203864550756,0.24503370111123268,,,,,,
control,817,visual,41,Intermediate,10,monopolar,same_freq,low_gamma,DG,V1,0.44571023816635663,0.044342232477153784,,,,,,
control,817,visual,41,Intermediate,10,monopolar,same_freq,high_gamma,DG,V1,0.4487539978167607,0.10492230490479909,,,,,,
control,817,visual,41,Intermediate,10,monopolar,pac_within,low_gamma,CA1,CA1,,,0.0011181816634273775,3.622838812926099e-05,60.85474756931852,0.009900990099009901,100,0.0010819532752981164
control,817,visual,41,Intermediate,10,monopolar,pac_within,high_gamma,CA1,CA1,,,0.0010789895456321244,3.6676399780371384e-05,65.189842717547,0.009900990099009901,100,0.001042313145851753
control,817,visual,41,Intermediate,10,monopolar,pac_within,low_gamma,DG,DG,,,0.0019381515576179095,4.452717209658292e-05,89.09869965000767,0.009900990099009901,100,0.0018936243855213265
control,817,visual,41,Intermediate,10,monopolar,pac_within,high_gamma,DG,DG,,,0.004151536647214345,5.40806150649279e-05,131.0406045953946,0.009900990099009901,100,0.004097456032149418
control,817,visual,41,Intermediate,10,monopolar,pac_within,low_gamma,V1,V1,,,0.0013118630116029332,3.856797024449815e-05,60.09878816038203,0.009900990099009901,100,0.001273295041358435
control,817,visual,41,Intermediate,10,monopolar,pac_within,high_gamma,V1,V1,,,0.0008611440286744351,3.630944965055272e-05,44.50960880120037,0.009900990099009901,100,0.0008248345790238824
control,817,visual,41,Intermediate,10,monopolar,pac_between,low_gamma,CA1,DG,,,0.0026885263338216666,4.096392770917771e-05,131.67225720620985,0.009900990099009901,100,0.0026475624061124887
control,817,visual,41,Intermediate,10,monopolar,pac_between,high_gamma,CA1,DG,,,0.0029011176386156572,4.6792523123471646e-05,105.59878238091244,0.009900990099009901,100,0.0028543251154921857
control,817,visual,41,Intermediate,10,monopolar,pac_between,low_gamma,CA1,V1,,,0.0008069042253227046,3.7600016611827554e-05,37.2695599636615,0.009900990099009901,100,0.0007693042087108771
control,817,visual,41,Intermediate,10,monopolar,pac_between,high_gamma,CA1,V1,,,0.0007687387356727412,3.768905527846224e-05,38.295987233409335,0.009900990099009901,100,0.000731049680394279
control,817,visual,41,Intermediate,10,monopolar,pac_between,low_gamma,DG,CA1,,,0.0007872659778453569,3.714744768961882e-05,45.24428977624719,0.009900990099009901,100,0.000750118530155738
control,817,visual,41,Intermediate,10,monopolar,pac_between,high_gamma,DG,CA1,,,0.0014684710699150315,4.0183720810836215e-05,83.03958967189533,0.009900990099009901,100,0.0014282873491041953
control,817,visual,41,Intermediate,10,monopolar,pac_between,low_gamma,DG,V1,,,0.0005058910581229635,4.329494754795381e-05,25.039155374152756,0.009900990099009901,100,0.0004625961105750097
control,817,visual,41,Intermediate,10,monopolar,pac_between,high_gamma,DG,V1,,,0.0006999206748678885,4.162409569742021e-05,39.46289755223152,0.009900990099009901,100,0.0006582965791704683
control,817,visual,41,Intermediate,10,monopolar,pac_between,low_gamma,V1,CA1,,,0.0009882781765230943,3.357081690903027e-05,48.79888234986631,0.009900990099009901,100,0.0009547073596140641
control,817,visual,41,Intermediate,10,monopolar,pac_between,high_gamma,V1,CA1,,,0.0002986045295004987,3.767996569035131e-05,12.455647514082228,0.009900990099009901,100,0.0002609245638101474
control,817,visual,41,Intermediate,10,monopolar,pac_between,low_gamma,V1,DG,,,0.0018104432601948606,4.182095617397072e-05,70.98556872049603,0.009900990099009901,100,0.00176862230402089
control,817,visual,41,Intermediate,10,monopolar,pac_between,high_gamma,V1,DG,,,0.0004458974967401966,4.532609961337532e-05,15.991485684161713,0.009900990099009901,100,0.0004005713971268213
control,817,visual,41,Intermediate,10,bipolar,same_freq,theta,CA1,DG,0.1498283889826736,0.11094143166922882,,,,,,
control,817,visual,41,Intermediate,10,bipolar,same_freq,low_gamma,CA1,DG,0.009114777703333236,0.012734941127454427,,,,,,
control,817,visual,41,Intermediate,10,bipolar,same_freq,high_gamma,CA1,DG,0.03553824393411878,0.03039107807384208,,,,,,
control,817,visual,41,Intermediate,10,bipolar,same_freq,theta,CA1,V1,0.038274265602498865,0.047971057013685314,,,,,,
control,817,visual,41,Intermediate,10,bipolar,same_freq,low_gamma,CA1,V1,-0.00047500285277527485,-0.001027225865379124,,,,,,
control,817,visual,41,Intermediate,10,bipolar,same_freq,high_gamma,CA1,V1,0.021570714286562605,0.015893354865044104,,,,,,
control,817,visual,41,Intermediate,10,bipolar,same_freq,theta,DG,V1,0.08521399373254673,0.08014760520280727,,,,,,
control,817,visual,41,Intermediate,10,bipolar,same_freq,low_gamma,DG,V1,0.0018212205612488143,-0.0030233525429730207,,,,,,
control,817,visual,41,Intermediate,10,bipolar,same_freq,high_gamma,DG,V1,0.0005567292575288027,-0.0017191540919184783,,,,,,
control,817,visual,41,Intermediate,10,bipolar,pac_within,low_gamma,CA1,CA1,,,0.00013973453480841674,3.097550932054896e-05,8.401359967702476,0.009900990099009901,100,0.00010875902548786778
control,817,visual,41,Intermediate,10,bipolar,pac_within,high_gamma,CA1,CA1,,,0.00013997462888458656,2.894140771805911e-05,7.710894262030899,0.009900990099009901,100,0.00011103322116652745
control,817,visual,41,Intermediate,10,bipolar,pac_within,low_gamma,DG,DG,,,0.0010819445515757983,3.5845764487033445e-05,54.99641927988069,0.009900990099009901,100,0.001046098787088765
control,817,visual,41,Intermediate,10,bipolar,pac_within,high_gamma,DG,DG,,,0.0007631543638351563,3.397501907193893e-05,43.99992793720305,0.009900990099009901,100,0.0007291793447632174
control,817,visual,41,Intermediate,10,bipolar,pac_within,low_gamma,V1,V1,,,1.903503601840382e-05,3.327701080768377e-05,-1.028824902568092,0.8118811881188119,100,-1.424197478927995e-05
control,817,visual,41,Intermediate,10,bipolar,pac_within,high_gamma,V1,V1,,,1.618804214129762e-05,3.2656373866912804e-05,-1.3184857610486014,0.9405940594059405,100,-1.6468331725615183e-05
control,817,visual,41,Intermediate,10,bipolar,pac_between,low_gamma,CA1,DG,,,0.0005896951795659337,3.3428137454697756e-05,32.43378937121805,0.009900990099009901,100,0.000556267042111236
control,817,visual,41,Intermediate,10,bipolar,pac_between,high_gamma,CA1,DG,,,0.0004842425422243268,3.304430480172593e-05,30.795762609603404,0.009900990099009901,100,0.0004511982374226009
control,817,visual,41,Intermediate,10,bipolar,pac_between,low_gamma,CA1,V1,,,2.146640076413243e-05,3.0483607185505917e-05,-0.6317918626551866,0.7326732673267327,100,-9.01720642137349e-06
control,817,visual,41,Intermediate,10,bipolar,pac_between,high_gamma,CA1,V1,,,2.1811103245555258e-05,2.974558157817411e-05,-0.669251381138711,0.7623762376237624,100,-7.93447833261885e-06
control,817,visual,41,Intermediate,10,bipolar,pac_between,low_gamma,DG,CA1,,,0.00021086758443512478,2.8965668716798798e-05,14.161494604788881,0.009900990099009901,100,0.00018190191571832597
control,817,visual,41,Intermediate,10,bipolar,pac_between,high_gamma,DG,CA1,,,0.00017096569773506734,2.9362857187680067e-05,11.192247143382815,0.009900990099009901,100,0.00014160284054738729
control,817,visual,41,Intermediate,10,bipolar,pac_between,low_gamma,DG,V1,,,1.6649487609639927e-05,2.8306848026686938e-05,-0.9223027127719275,0.7920792079207921,100,-1.165736041704701e-05
control,817,visual,41,Intermediate,10,bipolar,pac_between,high_gamma,DG,V1,,,8.819990124090037e-06,2.8614422320159394e-05,-1.6607018275822016,0.9900990099009901,100,-1.979443219606936e-05
control,817,visual,41,Intermediate,10,bipolar,pac_between,low_gamma,V1,CA1,,,4.7203343996149235e-05,3.540514591492609e-05,0.7948365526119722,0.18811881188118812,100,1.1798198081223148e-05
control,817,visual,41,Intermediate,10,bipolar,pac_between,high_gamma,V1,CA1,,,8.12717055839511e-05,3.439434970376582e-05,3.315996864313045,0.009900990099009901,100,4.6877355880185285e-05
control,817,visual,41,Intermediate,10,bipolar,pac_between,low_gamma,V1,DG,,,0.00011908808105520805,3.678551190636034e-05,4.421411019088134,0.009900990099009901,100,8.23025691488477e-05
control,817,visual,41,Intermediate,10,bipolar,pac_between,high_gamma,V1,DG,,,0.0001242663929352288,3.448307833615036e-05,6.68929825961352,0.009900990099009901,100,8.978331459907844e-05
control,817,visual,41,Expert,10,monopolar,same_freq,theta,CA1,DG,0.5574864114489997,0.011173842710982942,,,,,,
control,817,visual,41,Expert,10,monopolar,same_freq,low_gamma,CA1,DG,0.668821081106226,0.06658012666086835,,,,,,
control,817,visual,41,Expert,10,monopolar,same_freq,high_gamma,CA1,DG,0.6151381544626743,0.15078016080417672,,,,,,
control,817,visual,41,Expert,10,monopolar,same_freq,theta,CA1,V1,0.3445340818605781,0.34708886027442376,,,,,,
control,817,visual,41,Expert,10,monopolar,same_freq,low_gamma,CA1,V1,0.5743258641376122,0.08831529636064625,,,,,,
control,817,visual,41,Expert,10,monopolar,same_freq,high_gamma,CA1,V1,0.6891687861377485,0.07840849567224642,,,,,,
control,817,visual,41,Expert,10,monopolar,same_freq,theta,DG,V1,0.29875414361659747,0.2705790427119219,,,,,,
control,817,visual,41,Expert,10,monopolar,same_freq,low_gamma,DG,V1,0.4442267022115811,0.0689395477998814,,,,,,
control,817,visual,41,Expert,10,monopolar,same_freq,high_gamma,DG,V1,0.4453159440428665,0.14437672627432008,,,,,,
control,817,visual,41,Expert,10,monopolar,pac_within,low_gamma,CA1,CA1,,,0.0008898245413649583,1.7619839558493796e-05,98.84046136474232,0.009900990099009901,100,0.0008722047018064645
control,817,visual,41,Expert,10,monopolar,pac_within,high_gamma,CA1,CA1,,,0.0009446788289729022,2.091601956077075e-05,105.65505451923825,0.009900990099009901,100,0.0009237628094121315
control,817,visual,41,Expert,10,monopolar,pac_within,low_gamma,DG,DG,,,0.0017119730426651866,1.894375757384701e-05,189.70069099834083,0.009900990099009901,100,0.0016930292850913396
control,817,visual,41,Expert,10,monopolar,pac_within,high_gamma,DG,DG,,,0.0033117440574484554,2.4465843878317397e-05,315.6059668104607,0.009900990099009901,100,0.003287278213570138
control,817,visual,41,Expert,10,monopolar,pac_within,low_gamma,V1,V1,,,0.0011548096386147762,2.0019948060774705e-05,130.0360814348847,0.009900990099009901,100,0.0011347896905540015
control,817,visual,41,Expert,10,monopolar,pac_within,high_gamma,V1,V1,,,0.0004663129587420075,1.9640414987914544e-05,64.94819510709699,0.009900990099009901,100,0.000446672543754093
control,817,visual,41,Expert,10,monopolar,pac_between,low_gamma,CA1,DG,,,0.0018838585461689343,1.9844247226857037e-05,226.1192276066216,0.009900990099009901,100,0.0018640142989420772
control,817,visual,41,Expert,10,monopolar,pac_between,high_gamma,CA1,DG,,,0.002347705484649997,2.2408340652455493e-05,232.251720102179,0.009900990099009901,100,0.0023252971439975414
control,817,visual,41,Expert,10,monopolar,pac_between,low_gamma,CA1,V1,,,0.000729738483680159,1.886134511691988e-05,81.69440886147345,0.009900990099009901,100,0.0007108771385632392
control,817,visual,41,Expert,10,monopolar,pac_between,high_gamma,CA1,V1,,,0.0007136192317700462,2.2662335595880788e-05,65.95557901467096,0.009900990099009901,100,0.0006909568961741654
control,817,visual,41,Expert,10,monopolar,pac_between,low_gamma,DG,CA1,,,0.000698470377017088,1.7463872425207176e-05,81.61466678814558,0.009900990099009901,100,0.0006810065045918808
control,817,visual,41,Expert,10,monopolar,pac_between,high_gamma,DG,CA1,,,0.0012981596199347855,2.0870772844125717e-05,138.13567508163018,0.009900990099009901,100,0.0012772888470906597
control,817,visual,41,Expert,10,monopolar,pac_between,low_gamma,DG,V1,,,0.00048476455114724454,1.988867879694498e-05,59.37890440458498,0.009900990099009901,100,0.00046487587235029954
control,817,visual,41,Expert,10,monopolar,pac_between,high_gamma,DG,V1,,,0.0008505618613611637,2.2120609699942794e-05,86.60036498624092,0.009900990099009901,100,0.0008284412516612209
control,817,visual,41,Expert,10,monopolar,pac_between,low_gamma,V1,CA1,,,0.000639396968792814,1.851745887999186e-05,66.25378685562782,0.009900990099009901,100,0.0006208795099128221
control,817,visual,41,Expert,10,monopolar,pac_between,high_gamma,V1,CA1,,,0.00016245301739728317,1.7945899521879988e-05,17.098459844799432,0.009900990099009901,100,0.00014450711787540317
control,817,visual,41,Expert,10,monopolar,pac_between,low_gamma,V1,DG,,,0.000870845793888777,1.936231951729724e-05,104.60043886961925,0.009900990099009901,100,0.0008514834743714797
control,817,visual,41,Expert,10,monopolar,pac_between,high_gamma,V1,DG,,,0.0003332397957897625,2.1284647976037944e-05,33.09127014378451,0.009900990099009901,100,0.0003119551478137246
control,817,visual,41,Expert,10,bipolar,same_freq,theta,CA1,DG,0.1927739004861609,0.16297160728640436,,,,,,
control,817,visual,41,Expert,10,bipolar,same_freq,low_gamma,CA1,DG,0.07045171093317142,0.05366959641418444,,,,,,
control,817,visual,41,Expert,10,bipolar,same_freq,high_gamma,CA1,DG,0.07701012988606344,0.05784273125034026,,,,,,
control,817,visual,41,Expert,10,bipolar,same_freq,theta,CA1,V1,0.09680232891648732,0.07420414321873042,,,,,,
control,817,visual,41,Expert,10,bipolar,same_freq,low_gamma,CA1,V1,0.05198317135944309,0.04104654907637775,,,,,,
control,817,visual,41,Expert,10,bipolar,same_freq,high_gamma,CA1,V1,0.04081798899419525,0.026798369873873365,,,,,,
control,817,visual,41,Expert,10,bipolar,same_freq,theta,DG,V1,0.15579495763513948,0.12550640095207738,,,,,,
control,817,visual,41,Expert,10,bipolar,same_freq,low_gamma,DG,V1,0.05495653532271103,0.034657501057941444,,,,,,
control,817,visual,41,Expert,10,bipolar,same_freq,high_gamma,DG,V1,0.04098671557950196,0.031011385959359906,,,,,,
control,817,visual,41,Expert,10,bipolar,pac_within,low_gamma,CA1,CA1,,,0.00012147245890979922,1.531988337209851e-05,14.012702299532352,0.009900990099009901,100,0.0001061525755377007
control,817,visual,41,Expert,10,bipolar,pac_within,high_gamma,CA1,CA1,,,2.1906122529659782e-05,1.651820605885685e-05,0.7998675481737445,0.21782178217821782,100,5.387916470802932e-06
control,817,visual,41,Expert,10,bipolar,pac_within,low_gamma,DG,DG,,,0.0008905002654821234,1.526385698883341e-05,126.90579969096487,0.009900990099009901,100,0.00087523640849329
control,817,visual,41,Expert,10,bipolar,pac_within,high_gamma,DG,DG,,,0.0006979317645519812,1.6056117285392397e-05,115.51373869352011,0.009900990099009901,100,0.0006818756472665888
control,817,visual,41,Expert,10,bipolar,pac_within,low_gamma,V1,V1,,,1.599386132369662e-05,1.583140100478128e-05,0.021779996794233706,0.45544554455445546,100,1.6246031891533935e-07
control,817,visual,41,Expert,10,bipolar,pac_within,high_gamma,V1,V1,,,1.5599769666231133e-05,1.568772236287322e-05,-0.014183460321025175,0.44554455445544555,100,-8.795269664208674e-08
control,817,visual,41,Expert,10,bipolar,pac_between,low_gamma,CA1,DG,,,0.0002849876255121227,1.63534744259891e-05,31.701021485539822,0.009900990099009901,100,0.0002686341510861336
control,817,visual,41,Expert,10,bipolar,pac_between,high_gamma,CA1,DG,,,0.0002646487322127051,1.597993724319318e-05,38.08196317795248,0.009900990099009901,100,0.00024866879496951194
control,817,visual,41,Expert,10,bipolar,pac_between,low_gamma,CA1,V1,,,1.3309973813862775e-05,1.5001522117406841e-05,-0.2672783811673094,0.5544554455445545,100,-1.6915483035440656e-06
control,817,visual,41,Expert,10,bipolar,pac_between,high_gamma,CA1,V1,,,1.1266196703776438e-05,1.4166201308271859e-05,-0.5464635907092388,0.6336633663366337,100,-2.9000046044954206e-06
control,817,visual,41,Expert,10,bipolar,pac_between,low_gamma,DG,CA1,,,0.0001689837511348087,1.5699414769146224e-05,20.882402315503484,0.009900990099009901,100,0.00015328433636566246
control,817,visual,41,Expert,10,bipolar,pac_between,high_gamma,DG,CA1,,,0.00014385812409804536,1.5112981323455073e-05,21.903485343226325,0.009900990099009901,100,0.0001287451427745903
control,817,visual,41,Expert,10,bipolar,pac_between,low_gamma,DG,V1,,,9.75304153629878e-06,1.4208207898954412e-05,-0.6902809519117411,0.7425742574257426,100,-4.455166362655631e-06
control,817,visual,41,Expert,10,bipolar,pac_between,high_gamma,DG,V1,,,1.2655740438460033e-05,1.4364198910424737e-05,-0.31761571243813375,0.594059405940594,100,-1.708458471964704e-06
control,817,visual,41,Expert,10,bipolar,pac_between,low_gamma,V1,CA1,,,1.5306684078303747e-05,1.7034169412843725e-05,-0.21813638141328934,0.49504950495049505,100,-1.727485334539978e-06
control,817,visual,41,Expert,10,bipolar,pac_between,high_gamma,V1,CA1,,,6.015818979909368e-05,1.7440857146168305e-05,6.5451531733773045,0.009900990099009901,100,4.271733265292538e-05
control,817,visual,41,Expert,10,bipolar,pac_between,low_gamma,V1,DG,,,7.483823987082824e-05,1.787390554743475e-05,7.505414185199253,0.009900990099009901,100,5.696433432339349e-05
control,817,visual,41,Expert,10,bipolar,pac_between,high_gamma,V1,DG,,,4.2138031734136724e-05,1.775266052649285e-05,2.77687318385799,0.0297029702970297,100,2.4385371207643872e-05
