cohort,mouse_id,probe,learning_point,lp_source,disengagement_point,n_trials,area,band,window,n_window_trials,n_channels,n_samples,r2,mae_bins,mae_cm,null_r2_median,chance_mae_bins
task,1105,striatum,44,measured,131.0,131,DMS,theta,All,131,60,6547,-0.00035668454623905,12.422856277630082,62.11428138815041,-0.0157043068563123,12.498010823221378
task,1105,striatum,44,measured,131.0,131,DMS,theta,First 20,20,60,1000,-0.09496828144194769,12.916013667412777,64.58006833706389,-0.16281791369432863,12.5
task,1105,striatum,44,measured,131.0,131,DMS,theta,Naive,10,60,500,-0.42024516089971864,14.170214376599493,70.85107188299746,-0.3833445162524278,12.5
task,1105,striatum,44,measured,131.0,131,DMS,theta,Intermediate,10,60,500,-0.347433158530577,13.816679837551947,69.08339918775974,-0.2073146708933229,12.5
task,1105,striatum,44,measured,131.0,131,DMS,theta,Expert,10,60,500,-0.19917512916235514,13.13370463549392,65.66852317746961,-0.18677994519387298,12.5
task,1105,striatum,44,measured,131.0,131,DMS,beta,All,131,60,6547,-0.013497179094415168,12.521252551743109,62.606262758715545,-0.010823934039622785,12.498010823221378
task,1105,striatum,44,measured,131.0,131,DMS,beta,First 20,20,60,1000,-0.09968842893321872,12.939660295343055,64.69830147671527,-0.10703465603502327,12.5
task,1105,striatum,44,measured,131.0,131,DMS,beta,Naive,10,60,500,-0.21273448692892694,13.466812951901849,67.33406475950925,-0.16986864904496346,12.5
task,1105,striatum,44,measured,131.0,131,DMS,beta,Intermediate,10,60,500,-0.19889034025449792,12.885087444704434,64.42543722352217,-0.1666598091438427,12.5
task,1105,striatum,44,measured,131.0,131,DMS,beta,Expert,10,60,500,-0.08810171774990372,12.232364531694975,61.161822658474875,-0.20619403442357198,12.5
task,1105,striatum,44,measured,131.0,131,DMS,low_gamma,All,131,60,6547,-0.011529277011367967,12.502715020851252,62.51357510425626,-0.01361692582302454,12.498010823221378
task,1105,striatum,44,measured,131.0,131,DMS,low_gamma,First 20,20,60,1000,-0.08247141998755492,12.747463621018506,63.73731810509253,-0.1170451161803816,12.5
task,1105,striatum,44,measured,131.0,131,DMS,low_gamma,Naive,10,60,500,-0.2933205414736355,13.65054923809631,68.25274619048156,-0.3430478027615085,12.5
task,1105,striatum,44,measured,131.0,131,DMS,low_gamma,Intermediate,10,60,500,-0.1727521357401669,12.822387463129733,64.11193731564866,-0.13728850985716812,12.5
task,1105,striatum,44,measured,131.0,131,DMS,low_gamma,Expert,10,60,500,-0.12939306081550406,12.895287204446031,64.47643602223016,-0.15516951397397416,12.5
task,1105,striatum,44,measured,131.0,131,DMS,high_gamma,All,131,60,6547,0.002585106843450591,12.315798000543174,61.57899000271587,-0.011745682012591852,12.498010823221378
task,1105,striatum,44,measured,131.0,131,DMS,high_gamma,First 20,20,60,1000,-0.09047799105234078,12.885891776838454,64.42945888419227,-0.0811009967554539,12.5
task,1105,striatum,44,measured,131.0,131,DMS,high_gamma,Naive,10,60,500,-0.2440388766012893,13.511597283221661,67.5579864161083,-0.25930227686351315,12.5
task,1105,striatum,44,measured,131.0,131,DMS,high_gamma,Intermediate,10,60,500,-0.1046778896481868,12.585110109887086,62.92555054943543,-0.2048343653104867,12.5
task,1105,striatum,44,measured,131.0,131,DMS,high_gamma,Expert,10,60,500,-0.16051935360698488,12.764847021531459,63.824235107657294,-0.15451033255025082,12.5
task,1105,striatum,44,measured,131.0,131,DMS,total,All,131,60,6547,0.011029841625510128,12.294287653109837,61.47143826554918,-0.01567106824558584,12.498010823221378
task,1105,striatum,44,measured,131.0,131,DMS,total,First 20,20,60,1000,-0.10470056128751848,12.684399628529231,63.42199814264616,-0.13512118551568375,12.5
task,1105,striatum,44,measured,131.0,131,DMS,total,Naive,10,60,500,-0.23304064659925716,12.96339127478994,64.8169563739497,-0.4073475766672561,12.5
task,1105,striatum,44,measured,131.0,131,DMS,total,Intermediate,10,60,500,-0.12237995073442987,12.646126287493828,63.23063143746914,-0.13755596245541257,12.5
task,1105,striatum,44,measured,131.0,131,DMS,total,Expert,10,60,500,-0.17035309186294345,13.067050776540485,65.33525388270243,-0.18448205490620095,12.5
task,1105,striatum,44,measured,131.0,131,DLS,theta,All,131,64,6547,-0.01889411414459441,12.493332543487151,62.46666271743575,-0.018080675344616992,12.498010823221378
task,1105,striatum,44,measured,131.0,131,DLS,theta,First 20,20,64,1000,-0.2102128399988752,13.399740694240506,66.99870347120253,-0.3084805323726034,12.5
task,1105,striatum,44,measured,131.0,131,DLS,theta,Naive,10,64,500,-0.3360974564150989,13.820016910977596,69.10008455488799,-0.6378312812880664,12.5
task,1105,striatum,44,measured,131.0,131,DLS,theta,Intermediate,10,64,500,-0.23614084585199402,13.280734897804965,66.40367448902482,-0.1600211116496293,12.5
task,1105,striatum,44,measured,131.0,131,DLS,theta,Expert,10,64,500,-0.09579892056000894,12.628324589721808,63.14162294860904,-0.137865335852277,12.5
task,1105,striatum,44,measured,131.0,131,DLS,beta,All,131,64,6547,-0.01404199088821767,12.510053701395906,62.55026850697953,-0.013784195516515885,12.498010823221378
task,1105,striatum,44,measured,131.0,131,DLS,beta,First 20,20,64,1000,-0.09886973073233718,12.787327133234234,63.93663566617117,-0.10331256646829123,12.5
task,1105,striatum,44,measured,131.0,131,DLS,beta,Naive,10,64,500,-0.36445110223450006,13.787621120830725,68.93810560415362,-0.27029200025354116,12.5
task,1105,striatum,44,measured,131.0,131,DLS,beta,Intermediate,10,64,500,-0.2529035900582097,13.183825802618271,65.91912901309135,-0.18944428102341404,12.5
task,1105,striatum,44,measured,131.0,131,DLS,beta,Expert,10,64,500,-0.2950258503759744,13.361794606851563,66.80897303425782,-0.16260539473000724,12.5
task,1105,striatum,44,measured,131.0,131,DLS,low_gamma,All,131,64,6547,-0.01034221977964056,12.506602517513416,62.53301258756708,-0.013807991422201349,12.498010823221378
task,1105,striatum,44,measured,131.0,131,DLS,low_gamma,First 20,20,64,1000,-0.1508810780435006,13.133550051565683,65.66775025782842,-0.1217309575963581,12.5
task,1105,striatum,44,measured,131.0,131,DLS,low_gamma,Naive,10,64,500,-0.46751482307131487,14.164248810400293,70.82124405200146,-0.24501491273069553,12.5
task,1105,striatum,44,measured,131.0,131,DLS,low_gamma,Intermediate,10,64,500,-0.24633454524134568,13.309612796722481,66.54806398361241,-0.13152473581149593,12.5
task,1105,striatum,44,measured,131.0,131,DLS,low_gamma,Expert,10,64,500,-0.21123982192358093,13.07936910749942,65.3968455374971,-0.2038734509305875,12.5
task,1105,striatum,44,measured,131.0,131,DLS,high_gamma,All,131,64,6547,-0.009409157543837532,12.407717159102464,62.03858579551232,-0.013579417054285114,12.498010823221378
task,1105,striatum,44,measured,131.0,131,DLS,high_gamma,First 20,20,64,1000,-0.1011823026281673,12.874920893245516,64.37460446622758,-0.09865407148661998,12.5
task,1105,striatum,44,measured,131.0,131,DLS,high_gamma,Naive,10,64,500,-0.22930925989672457,13.476713855766084,67.38356927883042,-0.21678549223651378,12.5
task,1105,striatum,44,measured,131.0,131,DLS,high_gamma,Intermediate,10,64,500,-0.2545561932144713,13.13784945462935,65.68924727314675,-0.20533264356484082,12.5
task,1105,striatum,44,measured,131.0,131,DLS,high_gamma,Expert,10,64,500,-0.25161567741444735,13.139556063386165,65.69778031693082,-0.18510128794884384,12.5
task,1105,striatum,44,measured,131.0,131,DLS,total,All,131,64,6547,0.0017725139252168232,12.385453094415316,61.927265472076584,-0.01596770630967792,12.498010823221378
task,1105,striatum,44,measured,131.0,131,DLS,total,First 20,20,64,1000,-0.16062102215484542,13.12627156072784,65.6313578036392,-0.14254634118954268,12.5
task,1105,striatum,44,measured,131.0,131,DLS,total,Naive,10,64,500,-0.6812768371232125,14.491387158263777,72.45693579131888,-0.5903302018392498,12.5
task,1105,striatum,44,measured,131.0,131,DLS,total,Intermediate,10,64,500,-0.2511248151337768,13.29989758931363,66.49948794656815,-0.17046598519827638,12.5
task,1105,striatum,44,measured,131.0,131,DLS,total,Expert,10,64,500,-0.11847269639884117,12.756978964318431,63.78489482159216,-0.13821374481922932,12.5
task,1105,striatum,44,measured,131.0,131,ACC,theta,All,131,50,6547,-0.017437061406185617,12.555938021579218,62.77969010789609,-0.01527052448190891,12.498010823221378
task,1105,striatum,44,measured,131.0,131,ACC,theta,First 20,20,50,1000,-0.061298900924132926,12.513173312925646,62.56586656462823,-0.0899293512986834,12.5
task,1105,striatum,44,measured,131.0,131,ACC,theta,Naive,10,50,500,-0.15670233443284487,13.00074104196886,65.0037052098443,-0.2739875996048582,12.5
task,1105,striatum,44,measured,131.0,131,ACC,theta,Intermediate,10,50,500,-0.3069609463298193,13.764323494250739,68.82161747125369,-0.26825453080518935,12.5
task,1105,striatum,44,measured,131.0,131,ACC,theta,Expert,10,50,500,-0.17029225166489814,12.99573861026846,64.97869305134229,-0.20288957432981647,12.5
task,1105,striatum,44,measured,131.0,131,ACC,beta,All,131,50,6547,-0.011585569699444243,12.527090325825425,62.635451629127125,-0.01058682702126923,12.498010823221378
task,1105,striatum,44,measured,131.0,131,ACC,beta,First 20,20,50,1000,-0.0898276629544692,12.79678305388867,63.98391526944336,-0.07257652000888526,12.5
task,1105,striatum,44,measured,131.0,131,ACC,beta,Naive,10,50,500,-0.07418395254386168,12.330516694807486,61.65258347403743,-0.16273209767189134,12.5
task,1105,striatum,44,measured,131.0,131,ACC,beta,Intermediate,10,50,500,-0.1093148448468364,12.529741301469231,62.648706507346155,-0.160103734706591,12.5
task,1105,striatum,44,measured,131.0,131,ACC,beta,Expert,10,50,500,-0.23160765686180018,13.32512360894425,66.62561804472125,-0.13562912823215,12.5
task,1105,striatum,44,measured,131.0,131,ACC,low_gamma,All,131,50,6547,-0.007583553349940653,12.451743197685495,62.258715988427475,-0.012808986068741923,12.498010823221378
task,1105,striatum,44,measured,131.0,131,ACC,low_gamma,First 20,20,50,1000,-0.038129523188230596,12.455199674246455,62.275998371232276,-0.11181016115916131,12.5
task,1105,striatum,44,measured,131.0,131,ACC,low_gamma,Naive,10,50,500,-0.11664348349491571,12.796115887310545,63.98057943655273,-0.20658656415184873,12.5
task,1105,striatum,44,measured,131.0,131,ACC,low_gamma,Intermediate,10,50,500,-0.23917214892824412,13.22066250322596,66.10331251612979,-0.13626775316637052,12.5
task,1105,striatum,44,measured,131.0,131,ACC,low_gamma,Expert,10,50,500,-0.03450175357426266,12.123617621073775,60.61808810536888,-0.12913458672220646,12.5
task,1105,striatum,44,measured,131.0,131,ACC,high_gamma,All,131,50,6547,0.03436920916960373,11.908472472606391,59.542362363031955,-0.010265999877580478,12.498010823221378
task,1105,striatum,44,measured,131.0,131,ACC,high_gamma,First 20,20,50,1000,-0.013885354607942269,12.202969044434596,61.01484522217298,-0.10207872306165933,12.5
task,1105,striatum,44,measured,131.0,131,ACC,high_gamma,Naive,10,50,500,-0.07682908984319292,12.303344231936736,61.51672115968368,-0.17876725346314148,12.5
task,1105,striatum,44,measured,131.0,131,ACC,high_gamma,Intermediate,10,50,500,-0.01421754475559478,11.830326296482301,59.1516314824115,-0.1566974499256375,12.5
task,1105,striatum,44,measured,131.0,131,ACC,high_gamma,Expert,10,50,500,-0.0488448518454927,12.064985011666526,60.324925058332624,-0.15213977641081988,12.5
task,1105,striatum,44,measured,131.0,131,ACC,total,All,131,50,6547,0.013232306432588992,12.25598459526479,61.27992297632395,-0.01226345931426076,12.498010823221378
task,1105,striatum,44,measured,131.0,131,ACC,total,First 20,20,50,1000,-0.09639168169615298,12.451561200498814,62.25780600249407,-0.11397250459034725,12.5
task,1105,striatum,44,measured,131.0,131,ACC,total,Naive,10,50,500,-0.10858703445452011,12.323979139385544,61.61989569692772,-0.1940420788883579,12.5
task,1105,striatum,44,measured,131.0,131,ACC,total,Intermediate,10,50,500,-0.12587348092074224,12.736400381364719,63.682001906823594,-0.15374425834891592,12.5
task,1105,striatum,44,measured,131.0,131,ACC,total,Expert,10,50,500,-0.10215407878595562,12.505531327365603,62.52765663682801,-0.11811500717465417,12.5
task,1105,visual,44,measured,131.0,131,V1,theta,All,131,91,6547,-0.025581954941045426,12.561028943120354,62.80514471560177,-0.022075267255970532,12.498010823221378
task,1105,visual,44,measured,131.0,131,V1,theta,First 20,20,91,1000,-0.12596231421106352,12.768703440615274,63.843517203076374,-0.2668749572256013,12.5
task,1105,visual,44,measured,131.0,131,V1,theta,Naive,10,91,500,-1.618391367954481,14.845150076280108,74.22575038140054,-0.5458609652293664,12.5
task,1105,visual,44,measured,131.0,131,V1,theta,Intermediate,10,91,500,-0.25523149572565207,13.03098959356466,65.1549479678233,-0.2986368924490719,12.5
task,1105,visual,44,measured,131.0,131,V1,theta,Expert,10,91,500,-0.40598006315534607,14.159716143965223,70.79858071982612,-0.3391145987562798,12.5
task,1105,visual,44,measured,131.0,131,V1,beta,All,131,91,6547,0.0016726026321354226,12.281911733111631,61.40955866555815,-0.015559374901017442,12.498010823221378
task,1105,visual,44,measured,131.0,131,V1,beta,First 20,20,91,1000,-0.1656936962896931,13.039572265231895,65.19786132615947,-0.15306458167701686,12.5
task,1105,visual,44,measured,131.0,131,V1,beta,Naive,10,91,500,-0.4318489307813247,13.850361083610554,69.25180541805277,-0.4117452475113337,12.5
task,1105,visual,44,measured,131.0,131,V1,beta,Intermediate,10,91,500,-0.1958656122841762,12.66569296145477,63.328464807273846,-0.335951662062389,12.5
task,1105,visual,44,measured,131.0,131,V1,beta,Expert,10,91,500,-0.22138508697154524,12.65613607882618,63.2806803941309,-0.33908339025980827,12.5
task,1105,visual,44,measured,131.0,131,V1,low_gamma,All,131,91,6547,0.011561516260292115,12.145683557665675,60.72841778832838,-0.019755048153869526,12.498010823221378
task,1105,visual,44,measured,131.0,131,V1,low_gamma,First 20,20,91,1000,-0.11887385746152446,12.596019214352156,62.98009607176078,-0.18264767114068614,12.5
task,1105,visual,44,measured,131.0,131,V1,low_gamma,Naive,10,91,500,-0.724167943585653,14.124299538742198,70.62149769371099,-0.4882667852078335,12.5
task,1105,visual,44,measured,131.0,131,V1,low_gamma,Intermediate,10,91,500,-0.21743532812997612,12.928361851674934,64.64180925837466,-0.35875978561161315,12.5
task,1105,visual,44,measured,131.0,131,V1,low_gamma,Expert,10,91,500,-0.3160416404374755,13.536122365293616,67.68061182646808,-0.27601592261015817,12.5
task,1105,visual,44,measured,131.0,131,V1,high_gamma,All,131,91,6547,0.03819382914914149,12.036465292339216,60.18232646169608,-0.022373707867868298,12.498010823221378
task,1105,visual,44,measured,131.0,131,V1,high_gamma,First 20,20,91,1000,-0.051254684695671626,12.494536626140208,62.47268313070104,-0.14035997689493307,12.5
task,1105,visual,44,measured,131.0,131,V1,high_gamma,Naive,10,91,500,-0.3843302647101101,13.874744161708287,69.37372080854144,-0.3598597553890821,12.5
task,1105,visual,44,measured,131.0,131,V1,high_gamma,Intermediate,10,91,500,-0.15314451361011083,12.642862463212728,63.21431231606364,-0.27256700542532064,12.5
task,1105,visual,44,measured,131.0,131,V1,high_gamma,Expert,10,91,500,-0.24824990264446734,12.805229252861821,64.0261462643091,-0.2622255801839899,12.5
task,1105,visual,44,measured,131.0,131,V1,total,All,131,91,6547,0.03563765195456725,12.036403284363326,60.18201642181663,-0.020637003839817147,12.498010823221378
task,1105,visual,44,measured,131.0,131,V1,total,First 20,20,91,1000,-0.07707667470040858,12.314863387026351,61.574316935131755,-0.3403949172427483,12.5
task,1105,visual,44,measured,131.0,131,V1,total,Naive,10,91,500,-0.40764860852852514,12.880314248979216,64.40157124489608,-0.9418922723895022,12.5
task,1105,visual,44,measured,131.0,131,V1,total,Intermediate,10,91,500,-0.15521731932662042,12.702596681975345,63.512983409876725,-0.30810166237715664,12.5
task,1105,visual,44,measured,131.0,131,V1,total,Expert,10,91,500,-0.3273251359147056,13.827719191976596,69.13859595988298,-0.21025663752806945,12.5
task,1106,striatum,67,measured,79.0,79,DMS,theta,All,79,52,3885,-0.02618044976549716,12.400465562041479,62.00232781020739,-0.02635347419568035,12.444896965360286
task,1106,striatum,67,measured,79.0,79,DMS,theta,First 20,20,52,989,-0.17873951787368547,12.974411160876572,64.87205580438287,-0.11461519742435877,12.450099732037243
task,1106,striatum,67,measured,79.0,79,DMS,theta,Naive,10,52,500,-0.3551450566130714,13.682781928362244,68.41390964181122,-0.2642289913784237,12.5
task,1106,striatum,67,measured,79.0,79,DMS,theta,Intermediate,10,52,488,-0.256486389568217,13.269031470925924,66.34515735462962,-0.2882347626093458,12.40341977962913
task,1106,striatum,67,measured,79.0,79,DMS,theta,Expert,10,52,492,-0.24313686316190086,13.035344946750527,65.17672473375264,-0.2257367656425997,12.475518871042368
task,1106,striatum,67,measured,79.0,79,DMS,beta,All,79,52,3885,-0.016698239554505223,12.400580001349255,62.00290000674627,-0.01931457455726515,12.444896965360286
task,1106,striatum,67,measured,79.0,79,DMS,beta,First 20,20,52,989,-0.08134489940812406,12.695005702044151,63.47502851022075,-0.07864658864013951,12.450099732037243
task,1106,striatum,67,measured,79.0,79,DMS,beta,Naive,10,52,500,-0.16431908402659756,13.016672947189713,65.08336473594856,-0.1591654061452623,12.5
task,1106,striatum,67,measured,79.0,79,DMS,beta,Intermediate,10,52,488,-0.16487511000771238,12.725178852591089,63.62589426295544,-0.13202650157566032,12.40341977962913
task,1106,striatum,67,measured,79.0,79,DMS,beta,Expert,10,52,492,-0.14264365926771405,12.803924333090063,64.01962166545032,-0.18557516226500836,12.475518871042368
task,1106,striatum,67,measured,79.0,79,DMS,low_gamma,All,79,52,3885,-0.011235403588333526,12.379772003261582,61.89886001630791,-0.017651303576153854,12.444896965360286
task,1106,striatum,67,measured,79.0,79,DMS,low_gamma,First 20,20,52,989,-0.08874787204985846,12.663342912540807,63.316714562704036,-0.06697917117660679,12.450099732037243
task,1106,striatum,67,measured,79.0,79,DMS,low_gamma,Naive,10,52,500,-0.228623506505794,13.347902804066354,66.73951402033177,-0.16741400622003533,12.5
task,1106,striatum,67,measured,79.0,79,DMS,low_gamma,Intermediate,10,52,488,-0.1882703972240154,13.059741048612652,65.29870524306327,-0.21795091249085674,12.40341977962913
task,1106,striatum,67,measured,79.0,79,DMS,low_gamma,Expert,10,52,492,-0.1374179627641876,12.525409853775555,62.62704926887778,-0.13237463255422344,12.475518871042368
task,1106,striatum,67,measured,79.0,79,DMS,high_gamma,All,79,52,3885,0.025004445679761345,12.041086499604795,60.205432498023974,-0.01894405288128298,12.444896965360286
task,1106,striatum,67,measured,79.0,79,DMS,high_gamma,First 20,20,52,989,-0.012107108046083503,12.120121103887278,60.60060551943639,-0.08183459156055761,12.450099732037243
task,1106,striatum,67,measured,79.0,79,DMS,high_gamma,Naive,10,52,500,-0.09061035413714547,12.437520507836012,62.18760253918006,-0.13886766757392532,12.5
task,1106,striatum,67,measured,79.0,79,DMS,high_gamma,Intermediate,10,52,488,-0.18784029375368916,12.835553988661458,64.17776994330728,-0.11554275780403445,12.40341977962913
task,1106,striatum,67,measured,79.0,79,DMS,high_gamma,Expert,10,52,492,-0.15581395241268758,12.66398348007634,63.3199174003817,-0.20288722275206306,12.475518871042368
task,1106,striatum,67,measured,79.0,79,DMS,total,All,79,52,3885,-7.996102116014647e-05,12.216838458290269,61.084192291451345,-0.021851162897683407,12.444896965360286
task,1106,striatum,67,measured,79.0,79,DMS,total,First 20,20,52,989,-0.06007345996800484,12.541049729608114,62.705248648040566,-0.0828571412409389,12.450099732037243
task,1106,striatum,67,measured,79.0,79,DMS,total,Naive,10,52,500,-0.15635071074063012,13.14373805650717,65.71869028253585,-0.19896236411515122,12.5
task,1106,striatum,67,measured,79.0,79,DMS,total,Intermediate,10,52,488,-0.23081990456176205,13.283541502406852,66.41770751203426,-0.15439176326493853,12.40341977962913
task,1106,striatum,67,measured,79.0,79,DMS,total,Expert,10,52,492,-0.14131243128278248,12.558149073611293,62.79074536805646,-0.18556693860659523,12.475518871042368
task,1106,striatum,67,measured,79.0,79,DLS,theta,All,79,80,3885,-0.011240298117555891,12.185445183884243,60.92722591942121,-0.044590406246185044,12.444896965360286
task,1106,striatum,67,measured,79.0,79,DLS,theta,First 20,20,80,989,-0.2232690016191401,13.09295645867929,65.46478229339644,-0.19009896984101338,12.450099732037243
task,1106,striatum,67,measured,79.0,79,DLS,theta,Naive,10,80,500,-0.43894060780331423,14.088628037479877,70.44314018739938,-0.5156525633079256,12.5
task,1106,striatum,67,measured,79.0,79,DLS,theta,Intermediate,10,80,488,-0.4020544701712756,13.568444744839804,67.84222372419902,-0.4529785784610256,12.40341977962913
task,1106,striatum,67,measured,79.0,79,DLS,theta,Expert,10,80,492,-0.46778080940461164,13.873252057716478,69.3662602885824,-0.39987906775787185,12.475518871042368
task,1106,striatum,67,measured,79.0,79,DLS,beta,All,79,80,3885,-0.004676692313805297,12.196983749180353,60.984918745901766,-0.030331777712009567,12.444896965360286
task,1106,striatum,67,measured,79.0,79,DLS,beta,First 20,20,80,989,-0.1360446123770831,12.663034226795576,63.31517113397788,-0.1365537920957245,12.450099732037243
task,1106,striatum,67,measured,79.0,79,DLS,beta,Naive,10,80,500,-0.2366432537920744,13.029845065823501,65.14922532911751,-0.29014701197137427,12.5
task,1106,striatum,67,measured,79.0,79,DLS,beta,Intermediate,10,80,488,-0.28577141040662024,13.092279277784469,65.46139638892234,-0.2788013598071408,12.40341977962913
task,1106,striatum,67,measured,79.0,79,DLS,beta,Expert,10,80,492,-0.3455314118769264,13.349246261443822,66.7462313072191,-0.2794345536266387,12.475518871042368
task,1106,striatum,67,measured,79.0,79,DLS,low_gamma,All,79,80,3885,0.07078499351675593,11.453319462724222,57.26659731362111,-0.036769879272920525,12.444896965360286
task,1106,striatum,67,measured,79.0,79,DLS,low_gamma,First 20,20,80,989,0.035510132274546136,11.475921119014505,57.37960559507252,-0.1256611642304053,12.450099732037243
task,1106,striatum,67,measured,79.0,79,DLS,low_gamma,Naive,10,80,500,-0.26857968139928334,13.320860049012936,66.60430024506468,-0.21146783244855571,12.5
task,1106,striatum,67,measured,79.0,79,DLS,low_gamma,Intermediate,10,80,488,-0.15056247696868197,12.492008305444998,62.46004152722499,-0.22436358956711433,12.40341977962913
task,1106,striatum,67,measured,79.0,79,DLS,low_gamma,Expert,10,80,492,-0.10225391809452233,12.071289382778314,60.356446913891574,-0.26241783673924024,12.475518871042368
task,1106,striatum,67,measured,79.0,79,DLS,high_gamma,All,79,80,3885,0.005015063331700653,12.156973491152547,60.784867455762736,-0.02657217085016117,12.444896965360286
task,1106,striatum,67,measured,79.0,79,DLS,high_gamma,First 20,20,80,989,-0.09991594605789089,12.58210560991983,62.91052804959915,-0.12598855845567902,12.450099732037243
task,1106,striatum,67,measured,79.0,79,DLS,high_gamma,Naive,10,80,500,-0.16868899719716524,12.836074821720267,64.18037410860134,-0.26911839703177143,12.5
task,1106,striatum,67,measured,79.0,79,DLS,high_gamma,Intermediate,10,80,488,-0.26046902720194165,13.237662370752394,66.18831185376197,-0.25472784299627493,12.40341977962913
task,1106,striatum,67,measured,79.0,79,DLS,high_gamma,Expert,10,80,492,-0.39533608691024713,13.810454782603658,69.0522739130183,-0.2736921724413215,12.475518871042368
task,1106,striatum,67,measured,79.0,79,DLS,total,All,79,80,3885,0.06646600377714984,11.510538396613727,57.552691983068634,-0.02900914857252923,12.444896965360286
task,1106,striatum,67,measured,79.0,79,DLS,total,First 20,20,80,989,-0.11716656694103245,12.170604936068283,60.85302468034142,-0.2040446452645761,12.450099732037243
task,1106,striatum,67,measured,79.0,79,DLS,total,Naive,10,80,500,-0.2004155168867663,12.487728882634817,62.43864441317409,-0.4642732625225299,12.5
task,1106,striatum,67,measured,79.0,79,DLS,total,Intermediate,10,80,488,-0.19377510733392178,12.665484632987127,63.32742316493564,-0.2834131199309,12.40341977962913
task,1106,striatum,67,measured,79.0,79,DLS,total,Expert,10,80,492,-0.0807566988536883,11.985309072204,59.926545361020004,-0.31493403462519787,12.475518871042368
task,1106,striatum,67,measured,79.0,79,ACC,theta,All,79,71,3885,-0.020859134717944094,12.208764544411908,61.04382272205954,-0.04328156969366992,12.444896965360286
task,1106,striatum,67,measured,79.0,79,ACC,theta,First 20,20,71,989,-0.10879850001551028,12.53462695865449,62.67313479327245,-0.164455134078757,12.450099732037243
task,1106,striatum,67,measured,79.0,79,ACC,theta,Naive,10,71,500,-0.4012141950513515,13.909545422095947,69.54772711047974,-0.30409062746341586,12.5
task,1106,striatum,67,measured,79.0,79,ACC,theta,Intermediate,10,71,488,-0.38691650512227516,13.475002661104785,67.37501330552392,-0.42074003164908236,12.40341977962913
task,1106,striatum,67,measured,79.0,79,ACC,theta,Expert,10,71,492,-0.2335425857053277,12.70732099927466,63.5366049963733,-0.4251940492964479,12.475518871042368
task,1106,striatum,67,measured,79.0,79,ACC,beta,All,79,71,3885,-0.006471370772492602,12.23481637689618,61.1740818844809,-0.028484732534939328,12.444896965360286
task,1106,striatum,67,measured,79.0,79,ACC,beta,First 20,20,71,989,-0.14371067009736938,12.770720946527751,63.85360473263876,-0.1010263371350053,12.450099732037243
task,1106,striatum,67,measured,79.0,79,ACC,beta,Naive,10,71,500,-0.3370120685053106,13.643243008960267,68.21621504480133,-0.2183794484346968,12.5
task,1106,striatum,67,measured,79.0,79,ACC,beta,Intermediate,10,71,488,-0.17847480115154224,12.558017152936262,62.79008576468131,-0.2699763767887895,12.40341977962913
task,1106,striatum,67,measured,79.0,79,ACC,beta,Expert,10,71,492,-0.1315317117846082,12.480459176793545,62.402295883967724,-0.2480899737034703,12.475518871042368
task,1106,striatum,67,measured,79.0,79,ACC,low_gamma,All,79,71,3885,0.0015619643211917111,12.059472274912661,60.29736137456331,-0.025896266878841168,12.444896965360286
task,1106,striatum,67,measured,79.0,79,ACC,low_gamma,First 20,20,71,989,-0.08154593209364758,12.52486986469907,62.62434932349535,-0.11460390029167478,12.450099732037243
task,1106,striatum,67,measured,79.0,79,ACC,low_gamma,Naive,10,71,500,-0.2450572249706615,13.196667169893656,65.98333584946828,-0.20757754746971213,12.5
task,1106,striatum,67,measured,79.0,79,ACC,low_gamma,Intermediate,10,71,488,-0.2693820868798833,12.903341508388174,64.51670754194086,-0.24668782346583273,12.40341977962913
task,1106,striatum,67,measured,79.0,79,ACC,low_gamma,Expert,10,71,492,-0.2434269621384071,12.79684554617946,63.9842277308973,-0.26232419335239276,12.475518871042368
task,1106,striatum,67,measured,79.0,79,ACC,high_gamma,All,79,71,3885,0.003990664114515319,12.21097241435746,61.0548620717873,-0.025935442039856982,12.444896965360286
task,1106,striatum,67,measured,79.0,79,ACC,high_gamma,First 20,20,71,989,-0.1224186417643991,12.770928443944198,63.85464221972099,-0.09767453580919638,12.450099732037243
task,1106,striatum,67,measured,79.0,79,ACC,high_gamma,Naive,10,71,500,-0.276581420650033,13.461172068106327,67.30586034053164,-0.21341945612921087,12.5
task,1106,striatum,67,measured,79.0,79,ACC,high_gamma,Intermediate,10,71,488,-0.3582693139719757,13.77354052765367,68.86770263826836,-0.21315085707194914,12.40341977962913
task,1106,striatum,67,measured,79.0,79,ACC,high_gamma,Expert,10,71,492,-0.07828899845179338,12.083456375252268,60.41728187626134,-0.2507857597203229,12.475518871042368
task,1106,striatum,67,measured,79.0,79,ACC,total,All,79,71,3885,0.022335363282594667,11.938918223122476,59.69459111561238,-0.02449960311245647,12.444896965360286
task,1106,striatum,67,measured,79.0,79,ACC,total,First 20,20,71,989,-0.09362407994538224,12.601932645422538,63.00966322711269,-0.08199920425338303,12.450099732037243
task,1106,striatum,67,measured,79.0,79,ACC,total,Naive,10,71,500,-0.36422419152686025,14.16631881347976,70.8315940673988,-0.21085869864372575,12.5
task,1106,striatum,67,measured,79.0,79,ACC,total,Intermediate,10,71,488,-0.20180490491249015,12.598853237868019,62.994266189340095,-0.21390311627195557,12.40341977962913
task,1106,striatum,67,measured,79.0,79,ACC,total,Expert,10,71,492,-0.27149145247611806,13.030070242375665,65.15035121187833,-0.2482264834897845,12.475518871042368
task,1106,visual,67,measured,79.0,79,V1,theta,All,79,52,3885,0.04942716009684367,11.944620762910025,59.72310381455013,-0.026266648475863796,12.444896965360286
task,1106,visual,67,measured,79.0,79,V1,theta,First 20,20,52,989,-0.04885581305837006,12.395311520710928,61.97655760355464,-0.12500373733282344,12.450099732037243
task,1106,visual,67,measured,79.0,79,V1,theta,Naive,10,52,500,-0.2076857972028574,13.504619559420496,67.52309779710248,-0.21918922495209991,12.5
task,1106,visual,67,measured,79.0,79,V1,theta,Intermediate,10,52,488,-0.20639986453034775,13.180511817797555,65.90255908898777,-0.2049730186049945,12.40341977962913
task,1106,visual,67,measured,79.0,79,V1,theta,Expert,10,52,492,0.038275408346277295,11.339105251034983,56.69552625517491,-0.2838143148578145,12.475518871042368
task,1106,visual,67,measured,79.0,79,V1,beta,All,79,52,3885,0.02734819515125353,12.057027579178499,60.28513789589249,-0.014419971172539015,12.444896965360286
task,1106,visual,67,measured,79.0,79,V1,beta,First 20,20,52,989,-0.04978937388817806,12.437653404631444,62.18826702315722,-0.09265431005414215,12.450099732037243
task,1106,visual,67,measured,79.0,79,V1,beta,Naive,10,52,500,-0.19996213317184552,13.1112671194145,65.55633559707249,-0.1438315148766356,12.5
task,1106,visual,67,measured,79.0,79,V1,beta,Intermediate,10,52,488,-0.07681908814291005,12.18578701456682,60.9289350728341,-0.18491541311807058,12.40341977962913
task,1106,visual,67,measured,79.0,79,V1,beta,Expert,10,52,492,0.029849091325560573,11.351181833641887,56.755909168209435,-0.18885677137661738,12.475518871042368
task,1106,visual,67,measured,79.0,79,V1,low_gamma,All,79,52,3885,0.0327262386115611,12.01115120828554,60.0557560414277,-0.019564796570071374,12.444896965360286
task,1106,visual,67,measured,79.0,79,V1,low_gamma,First 20,20,52,989,0.01757605170408605,12.059910851102615,60.29955425551307,-0.06891384370091513,12.450099732037243
task,1106,visual,67,measured,79.0,79,V1,low_gamma,Naive,10,52,500,-0.14717416246436588,12.959110976722657,64.79555488361329,-0.16773686237712715,12.5
task,1106,visual,67,measured,79.0,79,V1,low_gamma,Intermediate,10,52,488,-0.09419961385339937,12.403770101087668,62.01885050543834,-0.18035309314405157,12.40341977962913
task,1106,visual,67,measured,79.0,79,V1,low_gamma,Expert,10,52,492,0.10580351639774022,10.946619820664845,54.73309910332422,-0.1651452821450219,12.475518871042368
task,1106,visual,67,measured,79.0,79,V1,high_gamma,All,79,52,3885,0.06081707963093186,11.780650643629292,58.90325321814646,-0.02233153502378671,12.444896965360286
task,1106,visual,67,measured,79.0,79,V1,high_gamma,First 20,20,52,989,0.03148383137093569,11.861436739201851,59.307183696009254,-0.05198400735517006,12.450099732037243
task,1106,visual,67,measured,79.0,79,V1,high_gamma,Naive,10,52,500,-0.04456184024583765,12.343271443644982,61.71635721822491,-0.14412119681810598,12.5
task,1106,visual,67,measured,79.0,79,V1,high_gamma,Intermediate,10,52,488,-0.08309426140011023,12.132387365207835,60.661936826039174,-0.2076517828949933,12.40341977962913
task,1106,visual,67,measured,79.0,79,V1,high_gamma,Expert,10,52,492,-0.0513788220180722,12.001373044287817,60.006865221439085,-0.15728810440574503,12.475518871042368
task,1106,visual,67,measured,79.0,79,V1,total,All,79,52,3885,0.08481635449843872,11.625198523722041,58.125992618610205,-0.017432849356897817,12.444896965360286
task,1106,visual,67,measured,79.0,79,V1,total,First 20,20,52,989,0.061836859695195256,11.661271351602043,58.30635675801021,-0.0789507498656814,12.450099732037243
task,1106,visual,67,measured,79.0,79,V1,total,Naive,10,52,500,-0.0924179268127443,12.745915509963812,63.729577549819055,-0.19372240979127642,12.5
task,1106,visual,67,measured,79.0,79,V1,total,Intermediate,10,52,488,0.040796526131256505,11.546812857476791,57.73406428738396,-0.1642930464656982,12.40341977962913
task,1106,visual,67,measured,79.0,79,V1,total,Expert,10,52,492,0.10890889625038747,10.843963064311092,54.21981532155546,-0.12463998656393338,12.475518871042368
task,1201,striatum,84,measured,182.0,182,DMS,theta,All,182,60,9065,0.02810455044423954,11.988562308411481,59.942811542057406,-0.016303435400902844,12.482648908462476
task,1201,striatum,84,measured,182.0,182,DMS,theta,First 20,20,60,1000,-0.08547239680141838,12.553448930273376,62.76724465136688,-0.11397561129731315,12.5
task,1201,striatum,84,measured,182.0,182,DMS,theta,Naive,10,60,500,-0.37778332216245825,13.641837099713324,68.20918549856663,-0.3411633037762467,12.5
task,1201,striatum,84,measured,182.0,182,DMS,theta,Intermediate,10,60,500,-0.25860792127893695,13.337506420406092,66.68753210203046,-0.19515579311350795,12.5
task,1201,striatum,84,measured,182.0,182,DMS,theta,Expert,10,60,500,-0.3428815171411923,13.357609819327154,66.78804909663577,-0.3861275332606424,12.5
task,1201,striatum,84,measured,182.0,182,DMS,beta,All,182,60,9065,0.015216012739691087,12.149179455136707,60.74589727568353,-0.009864524041502287,12.482648908462476
task,1201,striatum,84,measured,182.0,182,DMS,beta,First 20,20,60,1000,-0.09079716403615956,12.532951714052087,62.66475857026044,-0.09814729060089711,12.5
task,1201,striatum,84,measured,182.0,182,DMS,beta,Naive,10,60,500,-0.291485051035544,13.415344866821052,67.07672433410525,-0.23125757172199446,12.5
task,1201,striatum,84,measured,182.0,182,DMS,beta,Intermediate,10,60,500,-0.17207648569175737,12.868732134538286,64.34366067269143,-0.2623913524715591,12.5
task,1201,striatum,84,measured,182.0,182,DMS,beta,Expert,10,60,500,-0.11321281165925434,12.307773021573698,61.53886510786849,-0.2404456116455027,12.5
task,1201,striatum,84,measured,182.0,182,DMS,low_gamma,All,182,60,9065,0.03583658791679001,11.866980473004087,59.33490236502044,-0.009694262493646466,12.482648908462476
task,1201,striatum,84,measured,182.0,182,DMS,low_gamma,First 20,20,60,1000,-0.12086898036402216,12.803307843259047,64.01653921629523,-0.09424544963453774,12.5
task,1201,striatum,84,measured,182.0,182,DMS,low_gamma,Naive,10,60,500,-0.23901323747043945,13.064813524366215,65.32406762183108,-0.21554345411542108,12.5
task,1201,striatum,84,measured,182.0,182,DMS,low_gamma,Intermediate,10,60,500,-0.2738661948102654,13.391113953769034,66.95556976884517,-0.20525414490331095,12.5
task,1201,striatum,84,measured,182.0,182,DMS,low_gamma,Expert,10,60,500,-0.06754256963282623,11.75008039811575,58.75040199057875,-0.26075991644264773,12.5
task,1201,striatum,84,measured,182.0,182,DMS,high_gamma,All,182,60,9065,0.05302211972622872,11.67190567946664,58.3595283973332,-0.01393771348420092,12.482648908462476
task,1201,striatum,84,measured,182.0,182,DMS,high_gamma,First 20,20,60,1000,-0.060872887780846874,12.264730883225248,61.32365441612624,-0.11751135461625961,12.5
task,1201,striatum,84,measured,182.0,182,DMS,high_gamma,Naive,10,60,500,-0.2440182406070599,13.10034556776489,65.50172783882445,-0.25130609462245657,12.5
task,1201,striatum,84,measured,182.0,182,DMS,high_gamma,Intermediate,10,60,500,-0.1355541616115643,12.388269083364637,61.94134541682318,-0.21193184118232788,12.5
task,1201,striatum,84,measured,182.0,182,DMS,high_gamma,Expert,10,60,500,-0.13012114407683328,12.128165658592962,60.64082829296481,-0.23854047885296126,12.5
task,1201,striatum,84,measured,182.0,182,DMS,total,All,182,60,9065,0.03312655220149241,11.974413617936259,59.87206808968129,-0.01543563160267869,12.482648908462476
task,1201,striatum,84,measured,182.0,182,DMS,total,First 20,20,60,1000,-0.05012916128754319,12.347093331117836,61.73546665558918,-0.1269220257030268,12.5
task,1201,striatum,84,measured,182.0,182,DMS,total,Naive,10,60,500,-0.2161153821357471,13.31063916455707,66.55319582278536,-0.2791009860948812,12.5
task,1201,striatum,84,measured,182.0,182,DMS,total,Intermediate,10,60,500,-0.276270023687921,12.917647785343423,64.58823892671711,-0.24280158468347657,12.5
task,1201,striatum,84,measured,182.0,182,DMS,total,Expert,10,60,500,0.02130951539090542,11.542558986272285,57.71279493136142,-0.26033366717790773,12.5
task,1201,striatum,84,measured,182.0,182,DLS,theta,All,182,44,9065,0.04054904066315013,11.918262083376163,59.591310416880816,-0.008753248588415863,12.482648908462476
task,1201,striatum,84,measured,182.0,182,DLS,theta,First 20,20,44,1000,-0.08797787859577744,12.525347374283726,62.62673687141863,-0.11815536401922166,12.5
task,1201,striatum,84,measured,182.0,182,DLS,theta,Naive,10,44,500,-0.17598441584361924,12.784819972208199,63.92409986104099,-0.28641039988534134,12.5
task,1201,striatum,84,measured,182.0,182,DLS,theta,Intermediate,10,44,500,-0.1807253837749312,12.5729994561692,62.864997280846,-0.16370181118486204,12.5
task,1201,striatum,84,measured,182.0,182,DLS,theta,Expert,10,44,500,-0.0943467194933445,12.192270681535799,60.961353407679,-0.1690614399932533,12.5
task,1201,striatum,84,measured,182.0,182,DLS,beta,All,182,44,9065,0.007103729261246805,12.285307076623383,61.426535383116914,-0.007671243180549681,12.482648908462476
task,1201,striatum,84,measured,182.0,182,DLS,beta,First 20,20,44,1000,-0.08990024183546619,12.746013098242582,63.73006549121291,-0.06105866535463211,12.5
task,1201,striatum,84,measured,182.0,182,DLS,beta,Naive,10,44,500,-0.22126441535482866,13.247552125870078,66.23776062935039,-0.14961889234031434,12.5
task,1201,striatum,84,measured,182.0,182,DLS,beta,Intermediate,10,44,500,-0.15582024928011617,12.674840466708968,63.374202333544844,-0.15561137237719547,12.5
task,1201,striatum,84,measured,182.0,182,DLS,beta,Expert,10,44,500,-0.23955304015161683,13.240421335937382,66.2021066796869,-0.13948099195614905,12.5
task,1201,striatum,84,measured,182.0,182,DLS,low_gamma,All,182,44,9065,0.028157048199196955,12.016445002683781,60.082225013418906,-0.007835869224571246,12.482648908462476
task,1201,striatum,84,measured,182.0,182,DLS,low_gamma,First 20,20,44,1000,-0.061449828990777666,12.46094510758239,62.30472553791195,-0.08731505455046462,12.5
task,1201,striatum,84,measured,182.0,182,DLS,low_gamma,Naive,10,44,500,-0.17971269203264995,12.97873699221938,64.8936849610969,-0.15662647676126662,12.5
task,1201,striatum,84,measured,182.0,182,DLS,low_gamma,Intermediate,10,44,500,-0.14972368094890953,12.662858931362807,63.314294656814035,-0.14043299926109176,12.5
task,1201,striatum,84,measured,182.0,182,DLS,low_gamma,Expert,10,44,500,-0.09511554792499854,12.121687301865782,60.60843650932891,-0.15319939608259459,12.5
task,1201,striatum,84,measured,182.0,182,DLS,high_gamma,All,182,44,9065,0.018668958267049396,12.106804511832012,60.53402255916006,-0.008359890787881241,12.482648908462476
task,1201,striatum,84,measured,182.0,182,DLS,high_gamma,First 20,20,44,1000,-0.04452438532333747,12.222228242838959,61.111141214194795,-0.0705164037907271,12.5
task,1201,striatum,84,measured,182.0,182,DLS,high_gamma,Naive,10,44,500,-0.10390495283581491,12.443323531755727,62.21661765877863,-0.12462079857352393,12.5
task,1201,striatum,84,measured,182.0,182,DLS,high_gamma,Intermediate,10,44,500,-0.06832534748427888,12.108603543013313,60.54301771506657,-0.1467603617719868,12.5
task,1201,striatum,84,measured,182.0,182,DLS,high_gamma,Expert,10,44,500,-0.01984206167612057,11.801038594976587,59.00519297488294,-0.16531633945840718,12.5
task,1201,striatum,84,measured,182.0,182,DLS,total,All,182,44,9065,0.019301743983798136,12.127873434129654,60.63936717064827,-0.013145289892024792,12.482648908462476
task,1201,striatum,84,measured,182.0,182,DLS,total,First 20,20,44,1000,-0.03485621115935866,12.377907848053857,61.889539240269286,-0.11443737802370446,12.5
task,1201,striatum,84,measured,182.0,182,DLS,total,Naive,10,44,500,-0.40061481236598273,13.084375186805289,65.42187593402645,-0.1409751491675213,12.5
task,1201,striatum,84,measured,182.0,182,DLS,total,Intermediate,10,44,500,-0.10799255858763646,12.460969777047403,62.304848885237014,-0.23229857934763665,12.5
task,1201,striatum,84,measured,182.0,182,DLS,total,Expert,10,44,500,-0.328677960339103,13.34017709980374,66.7008854990187,-0.284105813029808,12.5
task,1201,striatum,84,measured,182.0,182,ACC,theta,All,182,50,9065,0.03126033915542192,12.022664344140598,60.113321720702984,-0.011121274611650689,12.482648908462476
task,1201,striatum,84,measured,182.0,182,ACC,theta,First 20,20,50,1000,-0.11512360956707846,12.57383254014394,62.8691627007197,-0.07790830364661416,12.5
task,1201,striatum,84,measured,182.0,182,ACC,theta,Naive,10,50,500,-0.27640437644876603,13.446818814936435,67.23409407468218,-0.23755344309707827,12.5
task,1201,striatum,84,measured,182.0,182,ACC,theta,Intermediate,10,50,500,-0.24736556629839712,13.050797318619033,65.25398659309516,-0.24111105268693556,12.5
task,1201,striatum,84,measured,182.0,182,ACC,theta,Expert,10,50,500,-0.11986787309908165,12.077796753666245,60.38898376833123,-0.2649219382050143,12.5
task,1201,striatum,84,measured,182.0,182,ACC,beta,All,182,50,9065,0.008108739597857073,12.245980798279637,61.22990399139819,-0.008076682122430956,12.482648908462476
task,1201,striatum,84,measured,182.0,182,ACC,beta,First 20,20,50,1000,-0.13961627686950107,13.005272850289417,65.02636425144709,-0.07992838399360425,12.5
task,1201,striatum,84,measured,182.0,182,ACC,beta,Naive,10,50,500,-0.18951412176423887,13.31747219489323,66.58736097446615,-0.18763045472639361,12.5
task,1201,striatum,84,measured,182.0,182,ACC,beta,Intermediate,10,50,500,-0.11828894503609355,12.576185153463703,62.880925767318516,-0.15127425599865463,12.5
task,1201,striatum,84,measured,182.0,182,ACC,beta,Expert,10,50,500,-0.26269617105350185,13.421782722568611,67.10891361284305,-0.18817004340340038,12.5
task,1201,striatum,84,measured,182.0,182,ACC,low_gamma,All,182,50,9065,0.030973112814676074,11.943174268681393,59.71587134340696,-0.009858569276353757,12.482648908462476
task,1201,striatum,84,measured,182.0,182,ACC,low_gamma,First 20,20,50,1000,-0.0995084348970503,12.761604743362215,63.80802371681107,-0.08712659760771713,12.5
task,1201,striatum,84,measured,182.0,182,ACC,low_gamma,Naive,10,50,500,-0.10026310989913556,12.572427625148059,62.862138125740294,-0.20083735066115693,12.5
task,1201,striatum,84,measured,182.0,182,ACC,low_gamma,Intermediate,10,50,500,-0.1965536729094628,12.898921774596502,64.49460887298251,-0.16218336119270127,12.5
task,1201,striatum,84,measured,182.0,182,ACC,low_gamma,Expert,10,50,500,-0.09421070123337905,12.239088748857052,61.19544374428526,-0.12209207887859685,12.5
task,1201,striatum,84,measured,182.0,182,ACC,high_gamma,All,182,50,9065,0.023198068588940024,12.048604808888193,60.243024044440965,-0.00808719227180088,12.482648908462476
task,1201,striatum,84,measured,182.0,182,ACC,high_gamma,First 20,20,50,1000,-0.05161981189527487,12.330564270565853,61.652821352829264,-0.0915622900149895,12.5
task,1201,striatum,84,measured,182.0,182,ACC,high_gamma,Naive,10,50,500,-0.1860785984265294,13.039052441088861,65.19526220544431,-0.20596987508035358,12.5
task,1201,striatum,84,measured,182.0,182,ACC,high_gamma,Intermediate,10,50,500,-0.31403375793666344,13.645154928065411,68.22577464032706,-0.1999979858879073,12.5
task,1201,striatum,84,measured,182.0,182,ACC,high_gamma,Expert,10,50,500,-0.17100567764192331,12.609728233116869,63.04864116558434,-0.22799126063517772,12.5
task,1201,striatum,84,measured,182.0,182,ACC,total,All,182,50,9065,0.028849368004105536,12.060792794862893,60.30396397431446,-0.011340389415448904,12.482648908462476
task,1201,striatum,84,measured,182.0,182,ACC,total,First 20,20,50,1000,-0.10862146171382969,12.737762181248604,63.68881090624302,-0.13354142990370077,12.5
task,1201,striatum,84,measured,182.0,182,ACC,total,Naive,10,50,500,-0.2561973222747058,13.690305066726726,68.45152533363363,-0.2945283869209967,12.5
task,1201,striatum,84,measured,182.0,182,ACC,total,Intermediate,10,50,500,-0.09973417793706263,12.445582212392987,62.22791106196493,-0.22848626849197706,12.5
task,1201,striatum,84,measured,182.0,182,ACC,total,Expert,10,50,500,-0.34721033262241496,13.001358915701495,65.00679457850748,-0.3578844743751506,12.5
task,1201,visual,84,measured,182.0,182,V1,theta,All,182,102,9065,0.25316981986157605,10.127727692068879,50.638638460344396,-0.02970395972829687,12.482648908462476
task,1201,visual,84,measured,182.0,182,V1,theta,First 20,20,102,1000,-0.02774557126031474,12.054094812316121,60.27047406158061,-0.2338139353934119,12.5
task,1201,visual,84,measured,182.0,182,V1,theta,Naive,10,102,500,-0.10403761833692404,12.4909506730496,62.454753365247996,-0.3872309575522266,12.5
task,1201,visual,84,measured,182.0,182,V1,theta,Intermediate,10,102,500,0.05811369416053935,11.121198281519378,55.60599140759689,-0.3470129456739375,12.5
task,1201,visual,84,measured,182.0,182,V1,theta,Expert,10,102,500,0.10072630937618343,10.946147863323274,54.73073931661637,-0.2818335146582538,12.5
task,1201,visual,84,measured,182.0,182,V1,beta,All,182,102,9065,0.13858678102444233,10.981425020857618,54.907125104288085,-0.017385852265425994,12.482648908462476
task,1201,visual,84,measured,182.0,182,V1,beta,First 20,20,102,1000,-0.08357370465967606,12.27903138270566,61.395156913528304,-0.16385658606569886,12.5
task,1201,visual,84,measured,182.0,182,V1,beta,Naive,10,102,500,-0.20803017521485878,12.856413012314777,64.28206506157389,-0.31696833232598265,12.5
task,1201,visual,84,measured,182.0,182,V1,beta,Intermediate,10,102,500,-0.0876269971591459,11.81579318480846,59.07896592404229,-0.3183471672984599,12.5
task,1201,visual,84,measured,182.0,182,V1,beta,Expert,10,102,500,0.11180858283280093,10.789191533530033,53.94595766765016,-0.3018000915445995,12.5
task,1201,visual,84,measured,182.0,182,V1,low_gamma,All,182,102,9065,0.21341338030189005,10.407390410460325,52.03695205230162,-0.020056306201804208,12.482648908462476
task,1201,visual,84,measured,182.0,182,V1,low_gamma,First 20,20,102,1000,0.08512546280551747,11.240110426740003,56.200552133700015,-0.17168660579925032,12.5
task,1201,visual,84,measured,182.0,182,V1,low_gamma,Naive,10,102,500,-0.08028255929610872,11.875073297277819,59.3753664863891,-0.24547362460733324,12.5
task,1201,visual,84,measured,182.0,182,V1,low_gamma,Intermediate,10,102,500,-0.01895840327568732,11.471780250835868,57.358901254179344,-0.3111883392592152,12.5
task,1201,visual,84,measured,182.0,182,V1,low_gamma,Expert,10,102,500,0.13170257156675946,10.574504822735111,52.87252411367555,-0.34645087213141457,12.5
task,1201,visual,84,measured,182.0,182,V1,high_gamma,All,182,102,9065,0.16376679995986876,10.818121162658583,54.09060581329292,-0.01236765528355166,12.482648908462476
task,1201,visual,84,measured,182.0,182,V1,high_gamma,First 20,20,102,1000,0.06577879735524328,11.446925074165314,57.23462537082657,-0.16816453028549105,12.5
task,1201,visual,84,measured,182.0,182,V1,high_gamma,Naive,10,102,500,-0.09727630786639607,12.23858688985314,61.1929344492657,-0.3382441570039154,12.5
task,1201,visual,84,measured,182.0,182,V1,high_gamma,Intermediate,10,102,500,0.03137878835842234,11.290472651266823,56.45236325633412,-0.3279528171626933,12.5
task,1201,visual,84,measured,182.0,182,V1,high_gamma,Expert,10,102,500,-0.04611135016054457,11.779024716439707,58.895123582198536,-0.31231626088311515,12.5
task,1201,visual,84,measured,182.0,182,V1,total,All,182,102,9065,0.2809444787013887,9.856369103734565,49.281845518672824,-0.019650363452877295,12.482648908462476
task,1201,visual,84,measured,182.0,182,V1,total,First 20,20,102,1000,0.026671938492120795,11.619494233624009,58.097471168120045,-0.17933326080406586,12.5
task,1201,visual,84,measured,182.0,182,V1,total,Naive,10,102,500,-0.0651855445515892,12.132802060792622,60.66401030396311,-0.32161932861301223,12.5
task,1201,visual,84,measured,182.0,182,V1,total,Intermediate,10,102,500,0.15196117903127015,10.469354711288013,52.34677355644006,-0.3396903006137477,12.5
task,1201,visual,84,measured,182.0,182,V1,total,Expert,10,102,500,0.22043846576644155,9.775909782932201,48.87954891466101,-0.33893670855922875,12.5
task,1201,visual,84,measured,182.0,182,CA1,theta,All,182,59,9065,0.19451146068350567,10.480133555435083,52.400667777175414,-0.015012173540149831,12.482648908462476
task,1201,visual,84,measured,182.0,182,CA1,theta,First 20,20,59,1000,-0.003666658767301323,11.68734627489648,58.436731374482406,-0.11782101237485376,12.5
task,1201,visual,84,measured,182.0,182,CA1,theta,Naive,10,59,500,-0.22836895697677573,12.965055221946047,64.82527610973024,-0.1197951889991069,12.5
task,1201,visual,84,measured,182.0,182,CA1,theta,Intermediate,10,59,500,0.17024223296807262,10.542430611226012,52.712153056130056,-0.17883771472668442,12.5
task,1201,visual,84,measured,182.0,182,CA1,theta,Expert,10,59,500,0.010094346489506023,11.147426131032963,55.73713065516482,-0.23087901041261039,12.5
task,1201,visual,84,measured,182.0,182,CA1,beta,All,182,59,9065,0.05586622389933826,11.678479421751154,58.39239710875577,-0.009386807933156716,12.482648908462476
task,1201,visual,84,measured,182.0,182,CA1,beta,First 20,20,59,1000,-0.09596112187307448,12.674745641690096,63.37372820845048,-0.0842613594606012,12.5
task,1201,visual,84,measured,182.0,182,CA1,beta,Naive,10,59,500,-0.2140596151543699,13.279370312887746,66.39685156443873,-0.1675665866998992,12.5
task,1201,visual,84,measured,182.0,182,CA1,beta,Intermediate,10,59,500,-0.04427040442100316,11.859380673859407,59.296903369297034,-0.14185189126561681,12.5
task,1201,visual,84,measured,182.0,182,CA1,beta,Expert,10,59,500,-0.05574325885594589,11.998351641299323,59.99175820649661,-0.14783866285502834,12.5
task,1201,visual,84,measured,182.0,182,CA1,low_gamma,All,182,59,9065,0.12855510507648815,11.004871457763825,55.024357288819125,-0.010632252362312355,12.482648908462476
task,1201,visual,84,measured,182.0,182,CA1,low_gamma,First 20,20,59,1000,0.007114892690491148,12.029696644524668,60.14848322262334,-0.10513114329857642,12.5
task,1201,visual,84,measured,182.0,182,CA1,low_gamma,Naive,10,59,500,-0.15888240557518785,13.017016273270107,65.08508136635054,-0.13128777265083014,12.5
task,1201,visual,84,measured,182.0,182,CA1,low_gamma,Intermediate,10,59,500,0.14461773419376556,10.740900028851561,53.70450014425781,-0.1422216627529438,12.5
task,1201,visual,84,measured,182.0,182,CA1,low_gamma,Expert,10,59,500,-0.02753280878821096,11.435054147819567,57.17527073909784,-0.1764109058398844,12.5
task,1201,visual,84,measured,182.0,182,CA1,high_gamma,All,182,59,9065,0.09811619194232113,11.300342174232313,56.50171087116156,-0.009627458653296062,12.482648908462476
task,1201,visual,84,measured,182.0,182,CA1,high_gamma,First 20,20,59,1000,-0.03872100254826827,12.215987179799365,61.07993589899682,-0.0981299344868154,12.5
task,1201,visual,84,measured,182.0,182,CA1,high_gamma,Naive,10,59,500,-0.17964874805858733,12.750080738029705,63.75040369014853,-0.1671526888494761,12.5
task,1201,visual,84,measured,182.0,182,CA1,high_gamma,Intermediate,10,59,500,-0.01629432787719165,11.984986143874902,59.924930719374515,-0.19738950383831688,12.5
task,1201,visual,84,measured,182.0,182,CA1,high_gamma,Expert,10,59,500,-0.0581898098030047,11.672377630131429,58.361888150657144,-0.20391301581260945,12.5
task,1201,visual,84,measured,182.0,182,CA1,total,All,182,59,9065,0.14144944426391992,10.82311199615197,54.115559980759855,-0.01221976762933652,12.482648908462476
task,1201,visual,84,measured,182.0,182,CA1,total,First 20,20,59,1000,-0.03478796854790489,12.046817443409479,60.234087217047396,-0.13356610320094853,12.5
task,1201,visual,84,measured,182.0,182,CA1,total,Naive,10,59,500,-0.3232182013760465,13.405396863326295,67.02698431663148,-0.16502032963502078,12.5
task,1201,visual,84,measured,182.0,182,CA1,total,Intermediate,10,59,500,0.1389161748066955,10.713074210349424,53.56537105174712,-0.19041766782454417,12.5
task,1201,visual,84,measured,182.0,182,CA1,total,Expert,10,59,500,-0.0038445614307844878,11.146804882671786,55.73402441335893,-0.17941989236438527,12.5
task,1201,visual,84,measured,182.0,182,DG,theta,All,182,42,9065,0.1884037358142575,10.575062229519956,52.87531114759978,-0.007095352239696373,12.482648908462476
task,1201,visual,84,measured,182.0,182,DG,theta,First 20,20,42,1000,0.04734255568168233,11.751415333285903,58.75707666642952,-0.0640132757720695,12.5
task,1201,visual,84,measured,182.0,182,DG,theta,Naive,10,42,500,0.00307134254718322,11.93679212696957,59.68396063484785,-0.11044707598304715,12.5
task,1201,visual,84,measured,182.0,182,DG,theta,Intermediate,10,42,500,0.25863768047633284,9.930793537461737,49.653967687308686,-0.07726336650765186,12.5
task,1201,visual,84,measured,182.0,182,DG,theta,Expert,10,42,500,0.28419246672559584,9.50792518753224,47.5396259376612,-0.14711300417621076,12.5
task,1201,visual,84,measured,182.0,182,DG,beta,All,182,42,9065,0.025379029485205873,12.035904174802889,60.17952087401444,-0.007722063608299079,12.482648908462476
task,1201,visual,84,measured,182.0,182,DG,beta,First 20,20,42,1000,-0.050849372812668436,12.430640573678463,62.15320286839231,-0.04559964484626211,12.5
task,1201,visual,84,measured,182.0,182,DG,beta,Naive,10,42,500,-0.09844849752329599,12.735779376453447,63.67889688226724,-0.08971243035901977,12.5
task,1201,visual,84,measured,182.0,182,DG,beta,Intermediate,10,42,500,-0.02306099557861585,12.175194969370018,60.87597484685009,-0.08276928066671885,12.5
task,1201,visual,84,measured,182.0,182,DG,beta,Expert,10,42,500,-0.002790301790899008,12.008789308827504,60.04394654413752,-0.09369166610113355,12.5
task,1201,visual,84,measured,182.0,182,DG,low_gamma,All,182,42,9065,0.04885635796994259,11.753350475423371,58.76675237711686,-0.0055701316925673705,12.482648908462476
task,1201,visual,84,measured,182.0,182,DG,low_gamma,First 20,20,42,1000,-0.029765891147791157,12.337019526575961,61.6850976328798,-0.04428910330421143,12.5
task,1201,visual,84,measured,182.0,182,DG,low_gamma,Naive,10,42,500,-0.15013965063754453,12.999858226732446,64.99929113366223,-0.05709438210094264,12.5
task,1201,visual,84,measured,182.0,182,DG,low_gamma,Intermediate,10,42,500,0.10647010950994762,11.170008724312275,55.850043621561376,-0.07692839703108856,12.5
task,1201,visual,84,measured,182.0,182,DG,low_gamma,Expert,10,42,500,0.1113807705386608,11.051169953640844,55.25584976820422,-0.13247727890717487,12.5
task,1201,visual,84,measured,182.0,182,DG,high_gamma,All,182,42,9065,0.038798547814168693,11.86497546611939,59.32487733059695,-0.007025356629255963,12.482648908462476
task,1201,visual,84,measured,182.0,182,DG,high_gamma,First 20,20,42,1000,-0.07912069464372129,12.616269797420816,63.08134898710408,-0.054049685508531065,12.5
task,1201,visual,84,measured,182.0,182,DG,high_gamma,Naive,10,42,500,-0.159183664392746,12.849593423289372,64.24796711644686,-0.0714766147915058,12.5
task,1201,visual,84,measured,182.0,182,DG,high_gamma,Intermediate,10,42,500,-0.035253114581951905,11.92714110731693,59.635705536584645,-0.09935851977065702,12.5
task,1201,visual,84,measured,182.0,182,DG,high_gamma,Expert,10,42,500,0.0685677839797324,11.491735983907551,57.45867991953776,-0.09713391048714692,12.5
task,1201,visual,84,measured,182.0,182,DG,total,All,182,42,9065,0.13999361519960118,10.91876094405362,54.593804720268096,-0.0064428976923371906,12.482648908462476
task,1201,visual,84,measured,182.0,182,DG,total,First 20,20,42,1000,0.044257282364103534,11.732234708548424,58.66117354274212,-0.0529381647312539,12.5
task,1201,visual,84,measured,182.0,182,DG,total,Naive,10,42,500,-0.047583169708372175,12.233570690394208,61.16785345197104,-0.0841186280079178,12.5
task,1201,visual,84,measured,182.0,182,DG,total,Intermediate,10,42,500,0.171586723565039,10.573071187839929,52.865355939199645,-0.0737084671925412,12.5
task,1201,visual,84,measured,182.0,182,DG,total,Expert,10,42,500,0.23411203446893847,10.01626589723556,50.08132948617779,-0.08134499290562869,12.5
task,1206,striatum,41,cohort_average,100.0,100,DMS,theta,All,100,70,5000,0.0005901120899818313,12.27161323629558,61.3580661814779,-0.02977724316287289,12.5
task,1206,striatum,41,cohort_average,100.0,100,DMS,theta,First 20,20,70,1000,-0.05850715419798891,12.349129417182732,61.74564708591366,-0.11757102277789078,12.5
task,1206,striatum,41,cohort_average,100.0,100,DMS,theta,Naive,10,70,500,-0.2967508351565953,13.71859018848462,68.5929509424231,-0.24482057358602005,12.5
task,1206,striatum,41,cohort_average,100.0,100,DMS,theta,Intermediate,10,70,500,-0.12588205571189204,12.482426167679446,62.41213083839723,-0.2745391394097061,12.5
task,1206,striatum,41,cohort_average,100.0,100,DMS,theta,Expert,10,70,500,-0.09888136029784289,12.299740171762332,61.49870085881166,-0.32660655650550363,12.5
task,1206,striatum,41,cohort_average,100.0,100,DMS,beta,All,100,70,5000,-0.016097877612088807,12.468882490822493,62.344412454112465,-0.017675233139886837,12.5
task,1206,striatum,41,cohort_average,100.0,100,DMS,beta,First 20,20,70,1000,-0.11050200265924515,12.871151527965027,64.35575763982514,-0.10132307062187285,12.5
task,1206,striatum,41,cohort_average,100.0,100,DMS,beta,Naive,10,70,500,-0.26544446832213486,13.403999008488936,67.01999504244468,-0.20130344925188037,12.5
task,1206,striatum,41,cohort_average,100.0,100,DMS,beta,Intermediate,10,70,500,-0.30937305876616583,13.659935249421116,68.29967624710558,-0.24961128775180796,12.5
task,1206,striatum,41,cohort_average,100.0,100,DMS,beta,Expert,10,70,500,-0.17657874997592837,12.822613265600323,64.11306632800161,-0.19724187315779296,12.5
task,1206,striatum,41,cohort_average,100.0,100,DMS,low_gamma,All,100,70,5000,-0.009308457510929014,12.401367951153903,62.00683975576951,-0.020794635382220372,12.5
task,1206,striatum,41,cohort_average,100.0,100,DMS,low_gamma,First 20,20,70,1000,-0.0783711841581547,12.694913542777694,63.474567713888476,-0.09358142460880403,12.5
task,1206,striatum,41,cohort_average,100.0,100,DMS,low_gamma,Naive,10,70,500,-0.2613745791507682,13.418347423145068,67.09173711572534,-0.21175426733811742,12.5
task,1206,striatum,41,cohort_average,100.0,100,DMS,low_gamma,Intermediate,10,70,500,-0.22807739697648532,13.317777213765078,66.58888606882539,-0.20069873817384143,12.5
task,1206,striatum,41,cohort_average,100.0,100,DMS,low_gamma,Expert,10,70,500,-0.22321979139384274,13.223915359689801,66.119576798449,-0.23855565708773074,12.5
task,1206,striatum,41,cohort_average,100.0,100,DMS,high_gamma,All,100,70,5000,-0.009045113385378833,12.377629198583515,61.88814599291757,-0.01656045675909712,12.5
task,1206,striatum,41,cohort_average,100.0,100,DMS,high_gamma,First 20,20,70,1000,-0.11725343808439836,12.87930695069814,64.3965347534907,-0.08219377760521307,12.5
task,1206,striatum,41,cohort_average,100.0,100,DMS,high_gamma,Naive,10,70,500,-0.21507278156820453,13.298071508525897,66.49035754262948,-0.21097940423893258,12.5
task,1206,striatum,41,cohort_average,100.0,100,DMS,high_gamma,Intermediate,10,70,500,-0.2107734742214129,13.089769274178792,65.44884637089396,-0.24127257170863436,12.5
task,1206,striatum,41,cohort_average,100.0,100,DMS,high_gamma,Expert,10,70,500,-0.15064709751100547,12.626262527531322,63.13131263765661,-0.1902150773709379,12.5
task,1206,striatum,41,cohort_average,100.0,100,DMS,total,All,100,70,5000,-0.010134237055638318,12.410874631422926,62.05437315711463,-0.021265430200373192,12.5
task,1206,striatum,41,cohort_average,100.0,100,DMS,total,First 20,20,70,1000,-0.06522606072867165,12.33677197988096,61.683859899404794,-0.09476483591626828,12.5
task,1206,striatum,41,cohort_average,100.0,100,DMS,total,Naive,10,70,500,-0.2678818370234226,13.560084256759769,67.80042128379884,-0.21814464226157004,12.5
task,1206,striatum,41,cohort_average,100.0,100,DMS,total,Intermediate,10,70,500,-0.16962358164765412,12.846162503108124,64.23081251554062,-0.20427033910283843,12.5
task,1206,striatum,41,cohort_average,100.0,100,DMS,total,Expert,10,70,500,-0.2734699091735575,13.231936575700688,66.15968287850345,-0.25001601953012864,12.5
task,1206,visual,41,cohort_average,100.0,100,V1,theta,All,100,93,5000,0.1600943152075468,10.807199533935044,54.035997669675226,-0.03901834068741761,12.5
task,1206,visual,41,cohort_average,100.0,100,V1,theta,First 20,20,93,1000,0.15850233299682948,10.725550090596217,53.62775045298108,-0.20500630522980012,12.5
task,1206,visual,41,cohort_average,100.0,100,V1,theta,Naive,10,93,500,-0.04335375766303451,12.28836359454758,61.441817972737894,-0.35970743321476717,12.5
task,1206,visual,41,cohort_average,100.0,100,V1,theta,Intermediate,10,93,500,-0.09225512713901507,12.228957236433246,61.14478618216623,-0.2214196633837202,12.5
task,1206,visual,41,cohort_average,100.0,100,V1,theta,Expert,10,93,500,-0.022914233088640268,11.747475825299823,58.737379126499114,-0.3607495568075627,12.5
task,1206,visual,41,cohort_average,100.0,100,V1,beta,All,100,93,5000,0.07413805352017278,11.412040160965008,57.06020080482504,-0.032726926747457696,12.5
task,1206,visual,41,cohort_average,100.0,100,V1,beta,First 20,20,93,1000,0.00521541651949009,11.679726367933386,58.398631839666926,-0.11006161355497257,12.5
task,1206,visual,41,cohort_average,100.0,100,V1,beta,Naive,10,93,500,-0.20379854225842275,12.96506292183281,64.82531460916405,-0.24562065311126813,12.5
task,1206,visual,41,cohort_average,100.0,100,V1,beta,Intermediate,10,93,500,-0.1747147589483733,12.609554319905968,63.04777159952984,-0.22438327219466814,12.5
task,1206,visual,41,cohort_average,100.0,100,V1,beta,Expert,10,93,500,-0.1600967869572325,12.47339740139542,62.3669870069771,-0.29702012537991895,12.5
task,1206,visual,41,cohort_average,100.0,100,V1,low_gamma,All,100,93,5000,0.174249516670136,10.622947861913179,53.11473930956589,-0.032490118743995655,12.5
task,1206,visual,41,cohort_average,100.0,100,V1,low_gamma,First 20,20,93,1000,0.18471909658002028,10.452797145403594,52.26398572701797,-0.1423538789802714,12.5
task,1206,visual,41,cohort_average,100.0,100,V1,low_gamma,Naive,10,93,500,-0.13651893932918435,12.811247342569754,64.05623671284877,-0.2524521734407825,12.5
task,1206,visual,41,cohort_average,100.0,100,V1,low_gamma,Intermediate,10,93,500,-0.030442116926197027,11.462519473962923,57.31259736981461,-0.2688541084317455,12.5
task,1206,visual,41,cohort_average,100.0,100,V1,low_gamma,Expert,10,93,500,-0.09169559752354295,12.173093830537828,60.865469152689144,-0.314564885142967,12.5
task,1206,visual,41,cohort_average,100.0,100,V1,high_gamma,All,100,93,5000,0.1439809477765659,10.856720051739517,54.28360025869758,-0.03115277368417435,12.5
task,1206,visual,41,cohort_average,100.0,100,V1,high_gamma,First 20,20,93,1000,0.14743501640121326,10.644293332463333,53.221466662316665,-0.1564905454202834,12.5
task,1206,visual,41,cohort_average,100.0,100,V1,high_gamma,Naive,10,93,500,-0.12405108370337237,12.360236812611133,61.801184063055665,-0.2694532628030608,12.5
task,1206,visual,41,cohort_average,100.0,100,V1,high_gamma,Intermediate,10,93,500,-0.1405089215590909,12.357923454373118,61.789617271865595,-0.36826431776665136,12.5
task,1206,visual,41,cohort_average,100.0,100,V1,high_gamma,Expert,10,93,500,-0.0503666541688641,12.015378778455604,60.07689389227802,-0.3450281779440947,12.5
task,1206,visual,41,cohort_average,100.0,100,V1,total,All,100,93,5000,0.1834455835888612,10.572044299240716,52.86022149620358,-0.029149295728609248,12.5
task,1206,visual,41,cohort_average,100.0,100,V1,total,First 20,20,93,1000,0.17894389163459334,10.498996467575726,52.494982337878625,-0.174043390177399,12.5
task,1206,visual,41,cohort_average,100.0,100,V1,total,Naive,10,93,500,-0.06208560026470744,12.243081332043232,61.21540666021616,-0.355533217941467,12.5
task,1206,visual,41,cohort_average,100.0,100,V1,total,Intermediate,10,93,500,0.015892047529187603,11.381853924196168,56.90926962098084,-0.19679889045637733,12.5
task,1206,visual,41,cohort_average,100.0,100,V1,total,Expert,10,93,500,0.001511372860241611,11.608508768940725,58.04254384470362,-0.32108417674446343,12.5
task,1206,visual,41,cohort_average,100.0,100,CA1,theta,All,100,60,5000,0.08025494328489446,11.461753087292402,57.30876543646201,-0.024695713722868717,12.5
task,1206,visual,41,cohort_average,100.0,100,CA1,theta,First 20,20,60,1000,0.10839683520072418,11.03638231412738,55.1819115706369,-0.12881586586774696,12.5
task,1206,visual,41,cohort_average,100.0,100,CA1,theta,Naive,10,60,500,-0.10720415868773436,12.526904041661009,62.63452020830505,-0.13628988850210666,12.5
task,1206,visual,41,cohort_average,100.0,100,CA1,theta,Intermediate,10,60,500,-0.11039954582287836,12.135438944853886,60.677194724269434,-0.2630510467864198,12.5
task,1206,visual,41,cohort_average,100.0,100,CA1,theta,Expert,10,60,500,-0.10374055527038761,12.214206494246227,61.071032471231135,-0.13668607610804617,12.5
task,1206,visual,41,cohort_average,100.0,100,CA1,beta,All,100,60,5000,0.015714289557446137,12.117907676586842,60.58953838293421,-0.013731722291263848,12.5
task,1206,visual,41,cohort_average,100.0,100,CA1,beta,First 20,20,60,1000,0.022667737798067078,11.898401858238262,59.49200929119131,-0.09436576153534881,12.5
task,1206,visual,41,cohort_average,100.0,100,CA1,beta,Naive,10,60,500,-0.12422902627731514,12.791731168828166,63.95865584414083,-0.10575995849921438,12.5
task,1206,visual,41,cohort_average,100.0,100,CA1,beta,Intermediate,10,60,500,-0.20245306892358772,13.156024883582266,65.78012441791132,-0.16506464515752461,12.5
task,1206,visual,41,cohort_average,100.0,100,CA1,beta,Expert,10,60,500,-0.0824691177464767,12.326187851901004,61.63093925950502,-0.11844431010144962,12.5
task,1206,visual,41,cohort_average,100.0,100,CA1,low_gamma,All,100,60,5000,0.04368764130938385,11.754503928145777,58.77251964072889,-0.017778344816839375,12.5
task,1206,visual,41,cohort_average,100.0,100,CA1,low_gamma,First 20,20,60,1000,0.09455981923460133,11.292615969161988,56.463079845809936,-0.0920371072245636,12.5
task,1206,visual,41,cohort_average,100.0,100,CA1,low_gamma,Naive,10,60,500,-0.06582735684628327,12.50906162186468,62.5453081093234,-0.15012689269511825,12.5
task,1206,visual,41,cohort_average,100.0,100,CA1,low_gamma,Intermediate,10,60,500,-0.1850020983559908,12.843929405682186,64.21964702841093,-0.14855228359038564,12.5
task,1206,visual,41,cohort_average,100.0,100,CA1,low_gamma,Expert,10,60,500,-0.07708743567281084,12.153869517184397,60.769347585921984,-0.15218323821055146,12.5
task,1206,visual,41,cohort_average,100.0,100,CA1,high_gamma,All,100,60,5000,0.08796805764522453,11.474998459800306,57.374992299001526,-0.022188886563231147,12.5
task,1206,visual,41,cohort_average,100.0,100,CA1,high_gamma,First 20,20,60,1000,0.10022400666526565,11.097270389617954,55.48635194808977,-0.10874183554717942,12.5
task,1206,visual,41,cohort_average,100.0,100,CA1,high_gamma,Naive,10,60,500,-0.025377896494025,11.998866874391018,59.99433437195509,-0.2337105955318579,12.5
task,1206,visual,41,cohort_average,100.0,100,CA1,high_gamma,Intermediate,10,60,500,-0.025289890833679607,11.473934369752063,57.36967184876032,-0.1871056248036682,12.5
task,1206,visual,41,cohort_average,100.0,100,CA1,high_gamma,Expert,10,60,500,-0.0039486656661325,11.67316874517049,58.36584372585244,-0.18517744987139273,12.5
task,1206,visual,41,cohort_average,100.0,100,CA1,total,All,100,60,5000,0.07125522098174075,11.507496872968058,57.537484364840296,-0.02129457477961827,12.5
task,1206,visual,41,cohort_average,100.0,100,CA1,total,First 20,20,60,1000,0.14617484836867733,10.898400884604369,54.49200442302185,-0.11267720855887497,12.5
task,1206,visual,41,cohort_average,100.0,100,CA1,total,Naive,10,60,500,-0.1591193552696908,12.829141872788128,64.14570936394064,-0.17129950687980444,12.5
task,1206,visual,41,cohort_average,100.0,100,CA1,total,Intermediate,10,60,500,0.0066322579107847,11.813666458716678,59.068332293583396,-0.13770590154398454,12.5
task,1206,visual,41,cohort_average,100.0,100,CA1,total,Expert,10,60,500,-0.004227935515263681,11.579155287080248,57.89577643540124,-0.15984891257555223,12.5
task,1206,visual,41,cohort_average,100.0,100,DG,theta,All,100,78,5000,0.13905703652380075,10.875049675530581,54.37524837765291,-0.028723202133411174,12.5
task,1206,visual,41,cohort_average,100.0,100,DG,theta,First 20,20,78,1000,0.29336594285875506,9.58526257515857,47.926312875792846,-0.12223262292736514,12.5
task,1206,visual,41,cohort_average,100.0,100,DG,theta,Naive,10,78,500,-0.005892422265610264,11.689979077839856,58.449895389199284,-0.14431120966306388,12.5
task,1206,visual,41,cohort_average,100.0,100,DG,theta,Intermediate,10,78,500,-0.06397014445895843,11.928133834523528,59.64066917261764,-0.19946210015974208,12.5
task,1206,visual,41,cohort_average,100.0,100,DG,theta,Expert,10,78,500,-0.002633707957125031,11.664744067669584,58.323720338347925,-0.18639649941873193,12.5
task,1206,visual,41,cohort_average,100.0,100,DG,beta,All,100,78,5000,0.04346846376341129,11.831822833204903,59.159114166024516,-0.01958184707753241,12.5
task,1206,visual,41,cohort_average,100.0,100,DG,beta,First 20,20,78,1000,0.08966421647938982,11.393710627165428,56.968553135827136,-0.10054324516574997,12.5
task,1206,visual,41,cohort_average,100.0,100,DG,beta,Naive,10,78,500,-0.11006208833465614,12.829003725810225,64.14501862905112,-0.15841208101434168,12.5
task,1206,visual,41,cohort_average,100.0,100,DG,beta,Intermediate,10,78,500,-0.05640754305196771,12.176223775451845,60.881118877259226,-0.10163134415013264,12.5
task,1206,visual,41,cohort_average,100.0,100,DG,beta,Expert,10,78,500,-0.1152533763810204,12.669629218857727,63.34814609428864,-0.13950237301230062,12.5
task,1206,visual,41,cohort_average,100.0,100,DG,low_gamma,All,100,78,5000,0.09507686381172076,11.315409821256608,56.57704910628304,-0.025007549576919752,12.5
task,1206,visual,41,cohort_average,100.0,100,DG,low_gamma,First 20,20,78,1000,0.20249999798536422,10.28209244373415,51.41046221867075,-0.10341607453337609,12.5
task,1206,visual,41,cohort_average,100.0,100,DG,low_gamma,Naive,10,78,500,0.005335006876147075,11.815751204935026,59.07875602467513,-0.17045824702129253,12.5
task,1206,visual,41,cohort_average,100.0,100,DG,low_gamma,Intermediate,10,78,500,-0.03994001558784688,11.901339205823234,59.50669602911617,-0.10479174865919982,12.5
task,1206,visual,41,cohort_average,100.0,100,DG,low_gamma,Expert,10,78,500,0.0010670328953983343,11.886784047734883,59.43392023867442,-0.1598198763308647,12.5
task,1206,visual,41,cohort_average,100.0,100,DG,high_gamma,All,100,78,5000,0.03507839593633666,11.927824153871478,59.63912076935739,-0.02282976245024293,12.5
task,1206,visual,41,cohort_average,100.0,100,DG,high_gamma,First 20,20,78,1000,0.03480507342140182,11.540509969570861,57.70254984785431,-0.12261899650763475,12.5
task,1206,visual,41,cohort_average,100.0,100,DG,high_gamma,Naive,10,78,500,-0.12164307230083526,12.55352521066384,62.767626053319205,-0.22383955186387694,12.5
task,1206,visual,41,cohort_average,100.0,100,DG,high_gamma,Intermediate,10,78,500,-0.12986951952440906,12.63827644988335,63.19138224941675,-0.19105817163899408,12.5
task,1206,visual,41,cohort_average,100.0,100,DG,high_gamma,Expert,10,78,500,-0.1908320943405717,12.942302839222139,64.7115141961107,-0.22125800449248811,12.5
task,1206,visual,41,cohort_average,100.0,100,DG,total,All,100,78,5000,0.13815009442212567,10.899541804898151,54.49770902449075,-0.02762317348080323,12.5
task,1206,visual,41,cohort_average,100.0,100,DG,total,First 20,20,78,1000,0.3153051891787584,9.440054610311782,47.20027305155891,-0.08463756094428554,12.5
task,1206,visual,41,cohort_average,100.0,100,DG,total,Naive,10,78,500,0.053240496985993646,11.392808464834134,56.96404232417067,-0.15087851906326843,12.5
task,1206,visual,41,cohort_average,100.0,100,DG,total,Intermediate,10,78,500,-0.06638553776279599,11.89385061524519,59.469253076225954,-0.09524445723592945,12.5
task,1206,visual,41,cohort_average,100.0,100,DG,total,Expert,10,78,500,0.07478102014123877,11.233747962957278,56.16873981478639,-0.18315632709703578,12.5
task,1212,striatum,23,measured,nan,155,DMS,theta,All,155,62,7714,-0.0024249214817950726,12.331573558942022,61.657867794710114,-0.01481336138989442,12.492825068670621
task,1212,striatum,23,measured,nan,155,DMS,theta,First 20,20,62,1000,-0.016430703312426465,12.120929401794987,60.604647008974936,-0.10129281893215936,12.5
task,1212,striatum,23,measured,nan,155,DMS,theta,Naive,10,62,500,-0.1992970512048995,13.089716783126212,65.44858391563106,-0.21995177549329625,12.5
task,1212,striatum,23,measured,nan,155,DMS,theta,Intermediate,10,62,500,-0.26040918209220854,13.37748870636993,66.88744353184964,-0.18955013366836782,12.5
task,1212,striatum,23,measured,nan,155,DMS,theta,Expert,10,62,500,-0.2610552908812931,13.591661364308413,67.95830682154207,-0.2477316663862874,12.5
task,1212,striatum,23,measured,nan,155,DMS,beta,All,155,62,7714,0.0019387855523776976,12.370806108526276,61.85403054263138,-0.009763345721511829,12.492825068670621
task,1212,striatum,23,measured,nan,155,DMS,beta,First 20,20,62,1000,-0.06651809309201928,12.348476629843113,61.74238314921556,-0.08583087939150635,12.5
task,1212,striatum,23,measured,nan,155,DMS,beta,Naive,10,62,500,-0.21903786866502895,13.160294624239535,65.80147312119767,-0.14910149632456227,12.5
task,1212,striatum,23,measured,nan,155,DMS,beta,Intermediate,10,62,500,-0.2311952676718061,13.109022455027633,65.54511227513817,-0.22893587556528705,12.5
task,1212,striatum,23,measured,nan,155,DMS,beta,Expert,10,62,500,-0.30727008150129476,13.703146168763654,68.51573084381828,-0.18232427141698637,12.5
task,1212,striatum,23,measured,nan,155,DMS,low_gamma,All,155,62,7714,0.021345294556857075,12.158331974173576,60.79165987086788,-0.008399814121484495,12.492825068670621
task,1212,striatum,23,measured,nan,155,DMS,low_gamma,First 20,20,62,1000,-0.07719463303583396,12.411170723069095,62.05585361534547,-0.07940741573636445,12.5
task,1212,striatum,23,measured,nan,155,DMS,low_gamma,Naive,10,62,500,-0.12063451949147441,12.5293421031211,62.646710515605506,-0.161300849553341,12.5
task,1212,striatum,23,measured,nan,155,DMS,low_gamma,Intermediate,10,62,500,-0.20980252250601006,13.002542622037563,65.01271311018782,-0.1887438677329627,12.5
task,1212,striatum,23,measured,nan,155,DMS,low_gamma,Expert,10,62,500,-0.23489038007924834,13.282328148853452,66.41164074426726,-0.1962941306223609,12.5
task,1212,striatum,23,measured,nan,155,DMS,high_gamma,All,155,62,7714,0.024320620254506986,12.08885154193999,60.44425770969995,-0.00908058736523265,12.492825068670621
task,1212,striatum,23,measured,nan,155,DMS,high_gamma,First 20,20,62,1000,-0.02236774981977363,12.167343361015046,60.83671680507523,-0.09088777779813917,12.5
task,1212,striatum,23,measured,nan,155,DMS,high_gamma,Naive,10,62,500,-0.17563956765235877,12.69284854209079,63.464242710453945,-0.13843616289882799,12.5
task,1212,striatum,23,measured,nan,155,DMS,high_gamma,Intermediate,10,62,500,-0.24579606006950794,13.23004635868244,66.1502317934122,-0.19553351050649148,12.5
task,1212,striatum,23,measured,nan,155,DMS,high_gamma,Expert,10,62,500,-0.18681660388108812,12.80345516832203,64.01727584161014,-0.20305320122552617,12.5
task,1212,striatum,23,measured,nan,155,DMS,total,All,155,62,7714,0.008704258794466346,12.254693312474323,61.27346656237162,-0.013062768278679249,12.492825068670621
task,1212,striatum,23,measured,nan,155,DMS,total,First 20,20,62,1000,-0.018925577881514943,12.149517634193552,60.74758817096776,-0.12949916417284957,12.5
task,1212,striatum,23,measured,nan,155,DMS,total,Naive,10,62,500,-0.13957890851009536,12.76470539764594,63.8235269882297,-0.16568206944096908,12.5
task,1212,striatum,23,measured,nan,155,DMS,total,Intermediate,10,62,500,-0.18418189282258335,12.83470039294675,64.17350196473376,-0.1837219181689762,12.5
task,1212,striatum,23,measured,nan,155,DMS,total,Expert,10,62,500,-0.26969820655295607,13.477596195115664,67.38798097557832,-0.20783454260359746,12.5
task,1212,striatum,23,measured,nan,155,DLS,theta,All,155,30,7714,-0.001836489920254536,12.425127056992752,62.12563528496376,-0.007272658682416777,12.492825068670621
task,1212,striatum,23,measured,nan,155,DLS,theta,First 20,20,30,1000,-0.012803556768913316,12.313272224232165,61.566361121160824,-0.04303998318058011,12.5
task,1212,striatum,23,measured,nan,155,DLS,theta,Naive,10,30,500,-0.1408266833302232,12.83897967212562,64.1948983606281,-0.10129161087256389,12.5
task,1212,striatum,23,measured,nan,155,DLS,theta,Intermediate,10,30,500,-0.15627980976890155,13.24193131063642,66.2096565531821,-0.08174670625552682,12.5
task,1212,striatum,23,measured,nan,155,DLS,theta,Expert,10,30,500,-0.006757980692332355,12.00213947077289,60.01069735386445,-0.104359158825442,12.5
task,1212,striatum,23,measured,nan,155,DLS,beta,All,155,30,7714,-0.0027557145051542165,12.474320307812858,62.371601539064294,-0.0041857142085368615,12.492825068670621
task,1212,striatum,23,measured,nan,155,DLS,beta,First 20,20,30,1000,-0.019750584682323158,12.440046549763037,62.20023274881519,-0.042795885870564376,12.5
task,1212,striatum,23,measured,nan,155,DLS,beta,Naive,10,30,500,-0.07274414979464017,12.78090693712036,63.9045346856018,-0.07918853164377526,12.5
task,1212,striatum,23,measured,nan,155,DLS,beta,Intermediate,10,30,500,-0.08138434266712546,12.651794943586017,63.25897471793009,-0.1027137357294905,12.5
task,1212,striatum,23,measured,nan,155,DLS,beta,Expert,10,30,500,-0.1426491085426893,13.125593835883247,65.62796917941624,-0.08139389547355647,12.5
task,1212,striatum,23,measured,nan,155,DLS,low_gamma,All,155,30,7714,0.020365682955432618,12.19194798912621,60.95973994563104,-0.00535898800387602,12.492825068670621
task,1212,striatum,23,measured,nan,155,DLS,low_gamma,First 20,20,30,1000,-0.05153116282225412,12.596723579786472,62.98361789893236,-0.04323493810848178,12.5
task,1212,striatum,23,measured,nan,155,DLS,low_gamma,Naive,10,30,500,-0.1413070045755893,13.07360364697785,65.36801823488925,-0.101068178499502,12.5
task,1212,striatum,23,measured,nan,155,DLS,low_gamma,Intermediate,10,30,500,-0.13037207033415021,12.905080803286852,64.52540401643427,-0.11739209823454644,12.5
task,1212,striatum,23,measured,nan,155,DLS,low_gamma,Expert,10,30,500,-0.08696722079352637,12.65572382822024,63.278619141101196,-0.10012333941455265,12.5
task,1212,striatum,23,measured,nan,155,DLS,high_gamma,All,155,30,7714,0.03278549174681589,12.033096093352926,60.16548046676463,-0.004613842585051264,12.492825068670621
task,1212,striatum,23,measured,nan,155,DLS,high_gamma,First 20,20,30,1000,-0.03744907149111332,12.395394955259867,61.976974776299336,-0.046838270593568376,12.5
task,1212,striatum,23,measured,nan,155,DLS,high_gamma,Naive,10,30,500,-0.09610121735922483,12.669359128217598,63.34679564108799,-0.05826900855177963,12.5
task,1212,striatum,23,measured,nan,155,DLS,high_gamma,Intermediate,10,30,500,-0.1429314996218063,13.065273080911975,65.32636540455988,-0.0807538890574413,12.5
task,1212,striatum,23,measured,nan,155,DLS,high_gamma,Expert,10,30,500,-0.1096142066317718,12.777622115727718,63.88811057863859,-0.10266205964706798,12.5
task,1212,striatum,23,measured,nan,155,DLS,total,All,155,30,7714,0.01100715665941232,12.299183159410804,61.49591579705402,-0.0052404076689500645,12.492825068670621
task,1212,striatum,23,measured,nan,155,DLS,total,First 20,20,30,1000,0.017100069499114245,12.045233044252143,60.226165221260715,-0.05115437130387157,12.5
task,1212,striatum,23,measured,nan,155,DLS,total,Naive,10,30,500,-0.053385405829021515,12.35394330604647,61.769716530232344,-0.10257475861210752,12.5
task,1212,striatum,23,measured,nan,155,DLS,total,Intermediate,10,30,500,-0.15263813302870544,12.924365470781886,64.62182735390942,-0.08234695967681582,12.5
task,1212,striatum,23,measured,nan,155,DLS,total,Expert,10,30,500,-0.10638782695591864,12.436239175679072,62.18119587839536,-0.10233537288184835,12.5
task,1212,striatum,23,measured,nan,155,ACC,theta,All,155,42,7714,0.034553116890114643,12.058579970304253,60.29289985152126,-0.01031084467586263,12.492825068670621
task,1212,striatum,23,measured,nan,155,ACC,theta,First 20,20,42,1000,-0.032548896067593924,12.263149074746462,61.31574537373231,-0.08275446117786145,12.5
task,1212,striatum,23,measured,nan,155,ACC,theta,Naive,10,42,500,-0.2229898871324021,13.091243566344275,65.45621783172137,-0.1219052022500009,12.5
task,1212,striatum,23,measured,nan,155,ACC,theta,Intermediate,10,42,500,-0.17346627385694435,12.94831147306651,64.74155736533255,-0.16116513953704237,12.5
task,1212,striatum,23,measured,nan,155,ACC,theta,Expert,10,42,500,-0.11627101904206993,12.450387249687315,62.25193624843658,-0.16469630698965743,12.5
task,1212,striatum,23,measured,nan,155,ACC,beta,All,155,42,7714,-0.006840914392019615,12.492160512561144,62.46080256280572,-0.0074700479902587436,12.492825068670621
task,1212,striatum,23,measured,nan,155,ACC,beta,First 20,20,42,1000,-0.04365284878149622,12.472500624472588,62.36250312236294,-0.046596702180675686,12.5
task,1212,striatum,23,measured,nan,155,ACC,beta,Naive,10,42,500,-0.11334469652474422,12.731698950458826,63.65849475229413,-0.12366768840665898,12.5
task,1212,striatum,23,measured,nan,155,ACC,beta,Intermediate,10,42,500,-0.13085088087397523,13.04013736631506,65.2006868315753,-0.13684840021841893,12.5
task,1212,striatum,23,measured,nan,155,ACC,beta,Expert,10,42,500,-0.09443789116002632,12.66101468908946,63.305073445447306,-0.15416413311969812,12.5
task,1212,striatum,23,measured,nan,155,ACC,low_gamma,All,155,42,7714,0.01860199927910655,12.21413967383595,61.07069836917975,-0.009000287558005748,12.492825068670621
task,1212,striatum,23,measured,nan,155,ACC,low_gamma,First 20,20,42,1000,-0.020234726491289212,12.180766561598118,60.90383280799059,-0.05875610748684301,12.5
task,1212,striatum,23,measured,nan,155,ACC,low_gamma,Naive,10,42,500,-0.09006233596443702,12.545588761096877,62.72794380548439,-0.13494626313145863,12.5
task,1212,striatum,23,measured,nan,155,ACC,low_gamma,Intermediate,10,42,500,-0.13942824569059198,12.738736925912301,63.6936846295615,-0.10335360350576961,12.5
task,1212,striatum,23,measured,nan,155,ACC,low_gamma,Expert,10,42,500,-0.15375097286887307,12.832323334051338,64.16161667025669,-0.09084785257578032,12.5
task,1212,striatum,23,measured,nan,155,ACC,high_gamma,All,155,42,7714,0.017261177230014968,12.210585381793061,61.052926908965304,-0.008697729197940207,12.492825068670621
task,1212,striatum,23,measured,nan,155,ACC,high_gamma,First 20,20,42,1000,-0.06832649929888968,12.549752446983495,62.74876223491748,-0.06266050033371595,12.5
task,1212,striatum,23,measured,nan,155,ACC,high_gamma,Naive,10,42,500,-0.13298825209592713,12.842019356606972,64.21009678303486,-0.07953649908034621,12.5
task,1212,striatum,23,measured,nan,155,ACC,high_gamma,Intermediate,10,42,500,-0.22120436259557663,13.274016750582447,66.37008375291224,-0.14196174343891332,12.5
task,1212,striatum,23,measured,nan,155,ACC,high_gamma,Expert,10,42,500,-0.1708032455650057,13.072193335908091,65.36096667954045,-0.16004633055867967,12.5
task,1212,striatum,23,measured,nan,155,ACC,total,All,155,42,7714,0.027947224743064103,12.0941282842709,60.4706414213545,-0.007743971224124069,12.492825068670621
task,1212,striatum,23,measured,nan,155,ACC,total,First 20,20,42,1000,0.011033798326962163,11.797706163163689,58.98853081581844,-0.06353333344432022,12.5
task,1212,striatum,23,measured,nan,155,ACC,total,Naive,10,42,500,-0.11601102361414939,12.481572709036172,62.40786354518086,-0.11064611080472608,12.5
task,1212,striatum,23,measured,nan,155,ACC,total,Intermediate,10,42,500,-0.09168375471206724,12.446362867228007,62.23181433614003,-0.12686964348357455,12.5
task,1212,striatum,23,measured,nan,155,ACC,total,Expert,10,42,500,-0.06335380539116398,12.108989430258593,60.54494715129296,-0.11914772619711123,12.5
task,1212,visual,23,measured,nan,155,V1,theta,All,155,125,7714,0.0436189476838853,11.684189906896803,58.420949534484016,-0.03148198751818021,12.492825068670621
task,1212,visual,23,measured,nan,155,V1,theta,First 20,20,125,1000,-0.09103417817045734,12.13491683018726,60.6745841509363,-0.2067545238541071,12.5
task,1212,visual,23,measured,nan,155,V1,theta,Naive,10,125,500,-0.23105851296314084,13.030719728264824,65.15359864132412,-0.23294221872267307,12.5
task,1212,visual,23,measured,nan,155,V1,theta,Intermediate,10,125,500,-0.3554496109690215,13.405870149408639,67.0293507470432,-0.3007552797717181,12.5
task,1212,visual,23,measured,nan,155,V1,theta,Expert,10,125,500,-0.3240440757946008,13.59169374314996,67.9584687157498,-0.33575538497333257,12.5
task,1212,visual,23,measured,nan,155,V1,beta,All,155,125,7714,0.03222079683722767,11.791822959493564,58.95911479746782,-0.024587240263847843,12.492825068670621
task,1212,visual,23,measured,nan,155,V1,beta,First 20,20,125,1000,-0.14673879610269447,12.68588029101089,63.429401455054446,-0.16153244395224275,12.5
task,1212,visual,23,measured,nan,155,V1,beta,Naive,10,125,500,-0.3101332186346908,13.544017171602569,67.72008585801285,-0.3117168500653591,12.5
task,1212,visual,23,measured,nan,155,V1,beta,Intermediate,10,125,500,-0.41804338286269127,13.594038954833817,67.97019477416909,-0.36173178401850237,12.5
task,1212,visual,23,measured,nan,155,V1,beta,Expert,10,125,500,-0.44804006831760046,14.150025396527912,70.75012698263956,-0.4496659275966659,12.5
task,1212,visual,23,measured,nan,155,V1,low_gamma,All,155,125,7714,0.04731750110662558,11.603813183894804,58.019065919474016,-0.02402281449453647,12.492825068670621
task,1212,visual,23,measured,nan,155,V1,low_gamma,First 20,20,125,1000,-0.036316200510116525,11.922121484250567,59.61060742125284,-0.20310394937388798,12.5
task,1212,visual,23,measured,nan,155,V1,low_gamma,Naive,10,125,500,-0.09249044497976588,12.318008494160857,61.590042470804285,-0.3336496682916348,12.5
task,1212,visual,23,measured,nan,155,V1,low_gamma,Intermediate,10,125,500,-0.24325799827406214,13.14112264724719,65.70561323623595,-0.2162000661106025,12.5
task,1212,visual,23,measured,nan,155,V1,low_gamma,Expert,10,125,500,-0.19249708576410973,12.842769635641265,64.21384817820632,-0.3668810176355297,12.5
task,1212,visual,23,measured,nan,155,V1,high_gamma,All,155,125,7714,0.07126728360890366,11.390966418453326,56.95483209226663,-0.019851215341064377,12.492825068670621
task,1212,visual,23,measured,nan,155,V1,high_gamma,First 20,20,125,1000,0.01802680642736798,11.749260242016836,58.746301210084184,-0.19589620919020478,12.5
task,1212,visual,23,measured,nan,155,V1,high_gamma,Naive,10,125,500,-0.15884988320823212,12.41933265870956,62.096663293547806,-0.42920302410292144,12.5
task,1212,visual,23,measured,nan,155,V1,high_gamma,Intermediate,10,125,500,-0.3974088285983426,14.017829777588634,70.08914888794317,-0.5425387280690432,12.5
task,1212,visual,23,measured,nan,155,V1,high_gamma,Expert,10,125,500,-0.23167647022861737,12.511982320552606,62.55991160276303,-0.436041817014611,12.5
task,1212,visual,23,measured,nan,155,V1,total,All,155,125,7714,0.06818694451652241,11.462143287480844,57.31071643740422,-0.025633478799333087,12.492825068670621
task,1212,visual,23,measured,nan,155,V1,total,First 20,20,125,1000,-0.01092318619848065,11.838020581150303,59.190102905751516,-0.18869826727856642,12.5
task,1212,visual,23,measured,nan,155,V1,total,Naive,10,125,500,-0.2195361456525795,12.856416173763568,64.28208086881784,-0.2196392314862381,12.5
task,1212,visual,23,measured,nan,155,V1,total,Intermediate,10,125,500,-0.1772364786175573,12.618876010571537,63.09438005285769,-0.3042237154256753,12.5
task,1212,visual,23,measured,nan,155,V1,total,Expert,10,125,500,-0.2675325126959962,13.124656497393637,65.62328248696818,-0.377500891836307,12.5
task,1212,visual,23,measured,nan,155,CA1,theta,All,155,44,7714,0.049524634852854854,11.72547420482509,58.62737102412545,-0.013377057417698124,12.492825068670621
task,1212,visual,23,measured,nan,155,CA1,theta,First 20,20,44,1000,-0.016321098986476823,12.378483950363366,61.89241975181683,-0.05301650824099702,12.5
task,1212,visual,23,measured,nan,155,CA1,theta,Naive,10,44,500,-0.010122638681378637,12.401308972238821,62.00654486119411,-0.08011301684206362,12.5
task,1212,visual,23,measured,nan,155,CA1,theta,Intermediate,10,44,500,-0.04113046668516107,12.134493515383252,60.67246757691626,-0.06016541962685329,12.5
task,1212,visual,23,measured,nan,155,CA1,theta,Expert,10,44,500,-0.07159898153072275,12.397352666350777,61.986763331753885,-0.04395984005087694,12.5
task,1212,visual,23,measured,nan,155,CA1,beta,All,155,44,7714,0.014143936430948134,12.148614225210034,60.74307112605017,-0.008234136396458203,12.492825068670621
task,1212,visual,23,measured,nan,155,CA1,beta,First 20,20,44,1000,-0.009264109591674563,12.318749738337326,61.59374869168663,-0.03433068217384272,12.5
task,1212,visual,23,measured,nan,155,CA1,beta,Naive,10,44,500,0.009492630730375318,12.340888092806942,61.70444046403471,-0.03980324167715987,12.5
task,1212,visual,23,measured,nan,155,CA1,beta,Intermediate,10,44,500,-0.05237662281712696,12.493975414005206,62.46987707002603,-0.0414802668487213,12.5
task,1212,visual,23,measured,nan,155,CA1,beta,Expert,10,44,500,-0.04880796403015486,12.556922425848716,62.784612129243584,-0.06167274385168642,12.5
task,1212,visual,23,measured,nan,155,CA1,low_gamma,All,155,44,7714,0.022443913577834596,12.072345584170726,60.36172792085363,-0.007137364499015142,12.492825068670621
task,1212,visual,23,measured,nan,155,CA1,low_gamma,First 20,20,44,1000,0.03247967562962595,11.998768300029147,59.993841500145734,-0.04214957861313473,12.5
task,1212,visual,23,measured,nan,155,CA1,low_gamma,Naive,10,44,500,0.015148140615944605,12.051870728224632,60.259353641123155,-0.034341360341072935,12.5
task,1212,visual,23,measured,nan,155,CA1,low_gamma,Intermediate,10,44,500,0.0027777739730041606,12.038620969016073,60.19310484508036,-0.04221302816008099,12.5
task,1212,visual,23,measured,nan,155,CA1,low_gamma,Expert,10,44,500,-0.036837691430057884,12.515007674874445,62.57503837437223,-0.03916748432361894,12.5
task,1212,visual,23,measured,nan,155,CA1,high_gamma,All,155,44,7714,0.021820967469301733,12.075363469120731,60.376817345603655,-0.009627987630148827,12.492825068670621
task,1212,visual,23,measured,nan,155,CA1,high_gamma,First 20,20,44,1000,-0.014311474356260456,12.43759371801877,62.187968590093845,-0.03980739268397482,12.5
task,1212,visual,23,measured,nan,155,CA1,high_gamma,Naive,10,44,500,-0.05814240896494338,12.67918581925752,63.3959290962876,-0.057596416077033696,12.5
task,1212,visual,23,measured,nan,155,CA1,high_gamma,Intermediate,10,44,500,-0.07713857553289283,12.59336529746159,62.96682648730795,-0.04868922793438757,12.5
task,1212,visual,23,measured,nan,155,CA1,high_gamma,Expert,10,44,500,-0.10794005980221533,12.821245689433617,64.10622844716809,-0.07319125559168382,12.5
task,1212,visual,23,measured,nan,155,CA1,total,All,155,44,7714,0.05072077804178876,11.715974672668086,58.579873363340425,-0.010609004032687164,12.492825068670621
task,1212,visual,23,measured,nan,155,CA1,total,First 20,20,44,1000,0.03138249911226787,11.952485584499756,59.76242792249878,-0.04406435692871913,12.5
task,1212,visual,23,measured,nan,155,CA1,total,Naive,10,44,500,-0.019646705756197314,12.458486976511388,62.29243488255694,-0.055854646788379814,12.5
task,1212,visual,23,measured,nan,155,CA1,total,Intermediate,10,44,500,-0.05168746213462838,12.108393294486575,60.541966472432875,-0.03822819028112434,12.5
task,1212,visual,23,measured,nan,155,CA1,total,Expert,10,44,500,0.01788122627700095,12.122763159714777,60.61381579857389,-0.04290489373109896,12.5
task,1212,visual,23,measured,nan,155,DG,theta,All,155,20,7714,0.039447155498822606,11.82287989625612,59.1143994812806,-0.007306382345369178,12.492825068670621
task,1212,visual,23,measured,nan,155,DG,theta,First 20,20,20,1000,0.013712305017452686,12.099168178620538,60.49584089310269,-0.026552135914738928,12.5
task,1212,visual,23,measured,nan,155,DG,theta,Naive,10,20,500,-0.029211754361909037,12.296388223526348,61.48194111763174,-0.05931953432206383,12.5
task,1212,visual,23,measured,nan,155,DG,theta,Intermediate,10,20,500,-0.044656400741835967,12.228469011943332,61.14234505971666,-0.03320883739445857,12.5
task,1212,visual,23,measured,nan,155,DG,theta,Expert,10,20,500,-0.12528728394955224,12.746028609186096,63.73014304593048,-0.04885532797246017,12.5
task,1212,visual,23,measured,nan,155,DG,beta,All,155,20,7714,0.016203766098852546,12.232350476493298,61.16175238246649,-0.003006823426549232,12.492825068670621
task,1212,visual,23,measured,nan,155,DG,beta,First 20,20,20,1000,-0.0061686379653498324,12.389972959086023,61.949864795430116,-0.022448366683409215,12.5
task,1212,visual,23,measured,nan,155,DG,beta,Naive,10,20,500,0.0060268979525581745,12.260037069116292,61.30018534558146,-0.05732287396457858,12.5
task,1212,visual,23,measured,nan,155,DG,beta,Intermediate,10,20,500,-0.017592958124723612,12.299575098415254,61.49787549207627,-0.030277209270966,12.5
task,1212,visual,23,measured,nan,155,DG,beta,Expert,10,20,500,-0.06296029568443373,12.494081346291168,62.47040673145584,-0.05588097108730894,12.5
task,1212,visual,23,measured,nan,155,DG,low_gamma,All,155,20,7714,0.025807670300098673,12.141056004490316,60.70528002245158,-0.005500794665236564,12.492825068670621
task,1212,visual,23,measured,nan,155,DG,low_gamma,First 20,20,20,1000,0.009246248661080148,12.140196022412864,60.70098011206432,-0.016625106092785336,12.5
task,1212,visual,23,measured,nan,155,DG,low_gamma,Naive,10,20,500,0.009250826251978705,12.039172265231578,60.19586132615789,-0.06436619418510059,12.5
task,1212,visual,23,measured,nan,155,DG,low_gamma,Intermediate,10,20,500,-0.029781915609754073,12.504660070096424,62.52330035048212,-0.007384610648570211,12.5
task,1212,visual,23,measured,nan,155,DG,low_gamma,Expert,10,20,500,-0.04800787127532158,12.415770213075215,62.07885106537607,-0.03909218564493089,12.5
task,1212,visual,23,measured,nan,155,DG,high_gamma,All,155,20,7714,0.02498308681950312,12.119953234232314,60.59976617116157,-0.004360034148231051,12.492825068670621
task,1212,visual,23,measured,nan,155,DG,high_gamma,First 20,20,20,1000,0.005597277965904257,12.2238442346835,61.1192211734175,-0.02877211764716403,12.5
task,1212,visual,23,measured,nan,155,DG,high_gamma,Naive,10,20,500,-0.04061331119522538,12.58814735610045,62.94073678050225,-0.03385139815290317,12.5
task,1212,visual,23,measured,nan,155,DG,high_gamma,Intermediate,10,20,500,-0.005149925719076576,12.279781182545605,61.398905912728026,-0.05114796296653701,12.5
task,1212,visual,23,measured,nan,155,DG,high_gamma,Expert,10,20,500,-0.03959934658832598,12.47405641142166,62.3702820571083,-0.044677602146520945,12.5
task,1212,visual,23,measured,nan,155,DG,total,All,155,20,7714,0.060846769265528566,11.643349109155807,58.216745545779034,-0.0051425502991127026,12.492825068670621
task,1212,visual,23,measured,nan,155,DG,total,First 20,20,20,1000,0.03855580292639604,11.894737917867069,59.47368958933534,-0.02901037871295964,12.5
task,1212,visual,23,measured,nan,155,DG,total,Naive,10,20,500,-0.015752012676585325,12.291742934913675,61.45871467456837,-0.056908037762578356,12.5
task,1212,visual,23,measured,nan,155,DG,total,Intermediate,10,20,500,-0.038760964469743975,12.113699802234782,60.56849901117391,-0.03534781106164875,12.5
task,1212,visual,23,measured,nan,155,DG,total,Expert,10,20,500,-0.07926280544215158,12.612106199664291,63.060530998321454,-0.06470722725955436,12.5
task,409,striatum,39,measured,112.0,112,DMS,theta,All,112,52,5592,0.030185015423452644,12.073198518050553,60.365992590252766,-0.024109926421548522,12.4999977614659
task,409,striatum,39,measured,112.0,112,DMS,theta,First 20,20,52,1000,-0.022764477089416868,12.239874470311705,61.19937235155852,-0.1038962694931096,12.5
task,409,striatum,39,measured,112.0,112,DMS,theta,Naive,10,52,500,-0.04954107140684738,12.34401606062737,61.72008030313685,-0.2217326550586023,12.5
task,409,striatum,39,measured,112.0,112,DMS,theta,Intermediate,10,52,500,-0.08016123716790391,12.404380978659233,62.02190489329617,-0.18962299200015287,12.5
task,409,striatum,39,measured,112.0,112,DMS,theta,Expert,10,52,500,-0.023324876498760805,12.031603938652642,60.15801969326321,-0.2156029840943574,12.5
task,409,striatum,39,measured,112.0,112,DMS,beta,All,112,52,5592,0.00913366722199016,12.182353331236916,60.91176665618458,-0.012526455140858594,12.4999977614659
task,409,striatum,39,measured,112.0,112,DMS,beta,First 20,20,52,1000,-0.08423437213130258,12.625874827656185,63.12937413828092,-0.0744818660253388,12.5
task,409,striatum,39,measured,112.0,112,DMS,beta,Naive,10,52,500,-0.16834483105118436,12.884996775397285,64.42498387698643,-0.17839616991824658,12.5
task,409,striatum,39,measured,112.0,112,DMS,beta,Intermediate,10,52,500,-0.1781944193432985,13.100559461052635,65.50279730526317,-0.194037220066287,12.5
task,409,striatum,39,measured,112.0,112,DMS,beta,Expert,10,52,500,-0.12281805702752813,12.608562739120806,63.04281369560403,-0.1427193522270862,12.5
task,409,striatum,39,measured,112.0,112,DMS,low_gamma,All,112,52,5592,0.03407072979652903,11.879147729896633,59.395738649483164,-0.014322801963404963,12.4999977614659
task,409,striatum,39,measured,112.0,112,DMS,low_gamma,First 20,20,52,1000,-0.05439031171342967,12.421348148096644,62.10674074048322,-0.07947569346421579,12.5
task,409,striatum,39,measured,112.0,112,DMS,low_gamma,Naive,10,52,500,-0.18094503428054187,13.103031350386704,65.51515675193352,-0.17350497887990413,12.5
task,409,striatum,39,measured,112.0,112,DMS,low_gamma,Intermediate,10,52,500,-0.07008447078513047,12.320044557417768,61.60022278708884,-0.16607266284351208,12.5
task,409,striatum,39,measured,112.0,112,DMS,low_gamma,Expert,10,52,500,-0.03914195526360498,11.711551155549886,58.55775577774943,-0.1941029942374124,12.5
task,409,striatum,39,measured,112.0,112,DMS,high_gamma,All,112,52,5592,0.06092499938723872,11.581939338705306,57.90969669352653,-0.014253130731883612,12.4999977614659
task,409,striatum,39,measured,112.0,112,DMS,high_gamma,First 20,20,52,1000,-0.020121774820061722,12.094732625040626,60.47366312520313,-0.08111744640047247,12.5
task,409,striatum,39,measured,112.0,112,DMS,high_gamma,Naive,10,52,500,-0.04252200457578548,12.036131292260201,60.180656461301005,-0.15975411722958133,12.5
task,409,striatum,39,measured,112.0,112,DMS,high_gamma,Intermediate,10,52,500,-0.18701395612097538,12.895032147395078,64.4751607369754,-0.1781680320856167,12.5
task,409,striatum,39,measured,112.0,112,DMS,high_gamma,Expert,10,52,500,-0.09634797009937102,12.135863919606917,60.67931959803459,-0.15401104992778247,12.5
task,409,striatum,39,measured,112.0,112,DMS,total,All,112,52,5592,0.03754934826603251,11.935613072122377,59.67806536061189,-0.0113213988912928,12.4999977614659
task,409,striatum,39,measured,112.0,112,DMS,total,First 20,20,52,1000,-0.04624383059644166,12.43295940697558,62.16479703487791,-0.06766377016224978,12.5
task,409,striatum,39,measured,112.0,112,DMS,total,Naive,10,52,500,-0.13863138331993352,12.805621324882479,64.02810662441239,-0.1258929322444946,12.5
task,409,striatum,39,measured,112.0,112,DMS,total,Intermediate,10,52,500,-0.060413912211307874,12.44026822768541,62.20134113842705,-0.1458464470988443,12.5
task,409,striatum,39,measured,112.0,112,DMS,total,Expert,10,52,500,0.01024920411990371,11.699839542502444,58.49919771251222,-0.13639989022013976,12.5
task,409,striatum,39,measured,112.0,112,DLS,theta,All,112,44,5592,0.035270400513932154,11.896207452018437,59.48103726009219,-0.0188363240748326,12.4999977614659
task,409,striatum,39,measured,112.0,112,DLS,theta,First 20,20,44,1000,-0.05918760891925179,12.438140021355983,62.190700106779914,-0.08440003065323776,12.5
task,409,striatum,39,measured,112.0,112,DLS,theta,Naive,10,44,500,-0.10110036225669083,12.90337927964994,64.5168963982497,-0.15277126827480747,12.5
task,409,striatum,39,measured,112.0,112,DLS,theta,Intermediate,10,44,500,-0.1559014247402548,12.606722350528496,63.033611752642486,-0.15160773935135374,12.5
task,409,striatum,39,measured,112.0,112,DLS,theta,Expert,10,44,500,-0.05888428532428858,12.17733429882074,60.8866714941037,-0.2379138455821297,12.5
task,409,striatum,39,measured,112.0,112,DLS,beta,All,112,44,5592,0.0057560440883616115,12.220538321028561,61.10269160514281,-0.011502332935654502,12.4999977614659
task,409,striatum,39,measured,112.0,112,DLS,beta,First 20,20,44,1000,-0.06550854728750144,12.612231237164984,63.06115618582492,-0.06390572343132339,12.5
task,409,striatum,39,measured,112.0,112,DLS,beta,Naive,10,44,500,-0.14072364806602167,12.904034222803581,64.5201711140179,-0.13971017259626284,12.5
task,409,striatum,39,measured,112.0,112,DLS,beta,Intermediate,10,44,500,-0.09439237298467051,12.672492576507803,63.36246288253902,-0.09901872620907959,12.5
task,409,striatum,39,measured,112.0,112,DLS,beta,Expert,10,44,500,-0.11056589830383645,12.380595639145868,61.90297819572934,-0.1381680746266598,12.5
task,409,striatum,39,measured,112.0,112,DLS,low_gamma,All,112,44,5592,0.03175110707225137,11.830114160649066,59.15057080324533,-0.01366550338965733,12.4999977614659
task,409,striatum,39,measured,112.0,112,DLS,low_gamma,First 20,20,44,1000,-0.0033394234524048994,12.050562226933875,60.25281113466938,-0.06140732765391044,12.5
task,409,striatum,39,measured,112.0,112,DLS,low_gamma,Naive,10,44,500,-0.11955640749177765,12.511331754584404,62.55665877292202,-0.1195583599053116,12.5
task,409,striatum,39,measured,112.0,112,DLS,low_gamma,Intermediate,10,44,500,-0.0188735598663079,11.925638477138058,59.62819238569029,-0.13788758427368708,12.5
task,409,striatum,39,measured,112.0,112,DLS,low_gamma,Expert,10,44,500,0.008869904426920705,11.532513116927097,57.66256558463549,-0.12335065485342067,12.5
task,409,striatum,39,measured,112.0,112,DLS,high_gamma,All,112,44,5592,0.03511903316215703,11.850232022279316,59.25116011139658,-0.008878707888159587,12.4999977614659
task,409,striatum,39,measured,112.0,112,DLS,high_gamma,First 20,20,44,1000,-0.05038938890428413,12.518305161793242,62.59152580896621,-0.07242985405378422,12.5
task,409,striatum,39,measured,112.0,112,DLS,high_gamma,Naive,10,44,500,-0.1297555454558057,12.941044020782524,64.70522010391262,-0.08354576847130435,12.5
task,409,striatum,39,measured,112.0,112,DLS,high_gamma,Intermediate,10,44,500,-0.04951291651718415,11.965268403398325,59.826342016991624,-0.15219449306346444,12.5
task,409,striatum,39,measured,112.0,112,DLS,high_gamma,Expert,10,44,500,-0.04918794163450335,11.940622512264731,59.70311256132366,-0.1369082974775131,12.5
task,409,striatum,39,measured,112.0,112,DLS,total,All,112,44,5592,0.03848649705075202,11.795064469389905,58.975322346949525,-0.012610843518136683,12.4999977614659
task,409,striatum,39,measured,112.0,112,DLS,total,First 20,20,44,1000,-0.02116626290888135,12.103783117585904,60.51891558792952,-0.0668412982377713,12.5
task,409,striatum,39,measured,112.0,112,DLS,total,Naive,10,44,500,-0.09683994582884314,12.511626916870991,62.55813458435496,-0.0997331841508502,12.5
task,409,striatum,39,measured,112.0,112,DLS,total,Intermediate,10,44,500,-0.1031875008130374,12.511825877087395,62.559129385436975,-0.08688990251432949,12.5
task,409,striatum,39,measured,112.0,112,DLS,total,Expert,10,44,500,0.0026574538564761996,11.800034347610024,59.00017173805012,-0.13628106526134687,12.5
task,409,striatum,39,measured,112.0,112,ACC,theta,All,112,26,5592,0.07312458421266266,11.478816227939573,57.39408113969787,-0.011166988378863651,12.4999977614659
task,409,striatum,39,measured,112.0,112,ACC,theta,First 20,20,26,1000,-0.008955821207507153,12.182838664823059,60.914193324115296,-0.054859041852443946,12.5
task,409,striatum,39,measured,112.0,112,ACC,theta,Naive,10,26,500,-0.07337838351403847,12.506584968016123,62.53292484008061,-0.08894879221683016,12.5
task,409,striatum,39,measured,112.0,112,ACC,theta,Intermediate,10,26,500,0.03528820392903109,11.399610754342541,56.998053771712705,-0.1170348438656934,12.5
task,409,striatum,39,measured,112.0,112,ACC,theta,Expert,10,26,500,0.06450195996821628,11.286082568252771,56.43041284126386,-0.0799998312808834,12.5
task,409,striatum,39,measured,112.0,112,ACC,beta,All,112,26,5592,0.029253715079138654,12.047580925029347,60.23790462514674,-0.005505221648936409,12.4999977614659
task,409,striatum,39,measured,112.0,112,ACC,beta,First 20,20,26,1000,-0.0012075910158044767,12.177354062002586,60.88677031001293,-0.04009945109551594,12.5
task,409,striatum,39,measured,112.0,112,ACC,beta,Naive,10,26,500,-0.06850037185271352,12.68329292602437,63.41646463012185,-0.061857687141356976,12.5
task,409,striatum,39,measured,112.0,112,ACC,beta,Intermediate,10,26,500,-0.06706578453083734,12.597454551143729,62.98727275571864,-0.0764820819603691,12.5
task,409,striatum,39,measured,112.0,112,ACC,beta,Expert,10,26,500,-0.030138596432242704,12.151393116313702,60.75696558156851,-0.09554343824222311,12.5
task,409,striatum,39,measured,112.0,112,ACC,low_gamma,All,112,26,5592,0.07720510943655923,11.456218528301449,57.28109264150724,-0.010121864402391934,12.4999977614659
task,409,striatum,39,measured,112.0,112,ACC,low_gamma,First 20,20,26,1000,-0.0088538329167962,12.14386235281803,60.71931176409015,-0.05027886344914112,12.5
task,409,striatum,39,measured,112.0,112,ACC,low_gamma,Naive,10,26,500,-0.05312126829289898,12.373897199792387,61.869485998961935,-0.06939657906490337,12.5
task,409,striatum,39,measured,112.0,112,ACC,low_gamma,Intermediate,10,26,500,0.07621685513263365,11.369184282711922,56.84592141355961,-0.07892911694959914,12.5
task,409,striatum,39,measured,112.0,112,ACC,low_gamma,Expert,10,26,500,0.07297290916349386,11.138171075651327,55.690855378256636,-0.08146015871475942,12.5
task,409,striatum,39,measured,112.0,112,ACC,high_gamma,All,112,26,5592,0.06912677370936038,11.641019903459336,58.20509951729668,-0.00698757111810977,12.4999977614659
task,409,striatum,39,measured,112.0,112,ACC,high_gamma,First 20,20,26,1000,0.033209318418563116,11.85514992383819,59.275749619190954,-0.054965500416576774,12.5
task,409,striatum,39,measured,112.0,112,ACC,high_gamma,Naive,10,26,500,0.03503296844355541,11.734768425819654,58.67384212909827,-0.07027003213978089,12.5
task,409,striatum,39,measured,112.0,112,ACC,high_gamma,Intermediate,10,26,500,0.06135721101932767,11.562569981435098,57.81284990717549,-0.0724082881589021,12.5
task,409,striatum,39,measured,112.0,112,ACC,high_gamma,Expert,10,26,500,0.0951110664631275,11.040148329710414,55.20074164855207,-0.11675037791889409,12.5
task,409,striatum,39,measured,112.0,112,ACC,total,All,112,26,5592,0.11055957868040822,11.20201537317482,56.0100768658741,-0.007829241714219615,12.4999977614659
task,409,striatum,39,measured,112.0,112,ACC,total,First 20,20,26,1000,0.0371831590988313,11.911494737922924,59.55747368961462,-0.038391743314577065,12.5
task,409,striatum,39,measured,112.0,112,ACC,total,Naive,10,26,500,0.008973665515583096,11.999729518412575,59.99864759206288,-0.08679738281683425,12.5
task,409,striatum,39,measured,112.0,112,ACC,total,Intermediate,10,26,500,0.011175377737705716,11.480175119620046,57.40087559810023,-0.06747337522841468,12.5
task,409,striatum,39,measured,112.0,112,ACC,total,Expert,10,26,500,0.08546817194598721,11.07809127476624,55.3904563738312,-0.12117589864115108,12.5
task,418,striatum,26,measured,27.0,27,DMS,theta,All,27,52,1350,-0.05142304214144677,12.613709475770248,63.06854737885124,-0.05830040725316632,12.5
task,418,striatum,26,measured,27.0,27,DMS,theta,First 20,20,52,1000,-0.08588706198926932,12.802825005848543,64.01412502924272,-0.07101160322457156,12.5
task,418,striatum,26,measured,27.0,27,DMS,theta,Naive,10,52,500,-0.22757060432451182,13.384346337832932,66.92173168916466,-0.19419977387923026,12.5
task,418,striatum,26,measured,27.0,27,DMS,theta,Intermediate,10,52,500,-0.15250595678920065,12.875852627079484,64.37926313539742,-0.21763455754876682,12.5
task,418,striatum,26,measured,27.0,27,DMS,beta,All,27,52,1350,-0.05040084459085148,12.536965085708168,62.68482542854084,-0.049128378417411245,12.5
task,418,striatum,26,measured,27.0,27,DMS,beta,First 20,20,52,1000,-0.07466381785833454,12.686954005969827,63.43477002984913,-0.06918466495504827,12.5
task,418,striatum,26,measured,27.0,27,DMS,beta,Naive,10,52,500,-0.15254220108027283,12.934449940776766,64.67224970388384,-0.16083239493221058,12.5
task,418,striatum,26,measured,27.0,27,DMS,beta,Intermediate,10,52,500,-0.13253387675203743,12.898227618069265,64.49113809034633,-0.15802452538033274,12.5
task,418,striatum,26,measured,27.0,27,DMS,low_gamma,All,27,52,1350,-0.04045069359008746,12.453892992078467,62.269464960392334,-0.05196484184605965,12.5
task,418,striatum,26,measured,27.0,27,DMS,low_gamma,First 20,20,52,1000,-0.07450981490770059,12.661077757074048,63.30538878537024,-0.06680154933233906,12.5
task,418,striatum,26,measured,27.0,27,DMS,low_gamma,Naive,10,52,500,-0.11216734878818668,12.735279057629173,63.67639528814586,-0.1423187940702173,12.5
task,418,striatum,26,measured,27.0,27,DMS,low_gamma,Intermediate,10,52,500,-0.1163177962998796,12.671089668711552,63.35544834355776,-0.15226449454747937,12.5
task,418,striatum,26,measured,27.0,27,DMS,high_gamma,All,27,52,1350,-0.04824952871947219,12.606151983108914,63.03075991554457,-0.04585601071943901,12.5
task,418,striatum,26,measured,27.0,27,DMS,high_gamma,First 20,20,52,1000,-0.07414270247811983,12.708754975713678,63.543774878568385,-0.07864220359768992,12.5
task,418,striatum,26,measured,27.0,27,DMS,high_gamma,Naive,10,52,500,-0.13479558152707827,13.1071761207844,65.535880603922,-0.17909980014148763,12.5
task,418,striatum,26,measured,27.0,27,DMS,high_gamma,Intermediate,10,52,500,-0.11232718919118034,12.768594752312842,63.84297376156421,-0.13281456440165318,12.5
task,418,striatum,26,measured,27.0,27,DMS,total,All,27,52,1350,-0.050338334087842496,12.523854661525776,62.61927330762888,-0.04516940514900947,12.5
task,418,striatum,26,measured,27.0,27,DMS,total,First 20,20,52,1000,-0.09728609385888487,12.77472073467402,63.8736036733701,-0.06854324104188736,12.5
task,418,striatum,26,measured,27.0,27,DMS,total,Naive,10,52,500,-0.23946789235843946,13.449554500697932,67.24777250348966,-0.1243449453132408,12.5
task,418,striatum,26,measured,27.0,27,DMS,total,Intermediate,10,52,500,-0.18049850367226505,13.050759979796442,65.25379989898221,-0.1299380202149223,12.5
task,418,striatum,26,measured,27.0,27,DLS,theta,All,27,40,1350,-0.04895632719552978,12.64781553735348,63.2390776867674,-0.05769482574403928,12.5
task,418,striatum,26,measured,27.0,27,DLS,theta,First 20,20,40,1000,-0.0615224371515628,12.661193642861294,63.30596821430647,-0.07694525501193783,12.5
task,418,striatum,26,measured,27.0,27,DLS,theta,Naive,10,40,500,-0.15131486449171772,13.105613236504542,65.5280661825227,-0.11867306767673491,12.5
task,418,striatum,26,measured,27.0,27,DLS,theta,Intermediate,10,40,500,-0.11621651698604496,12.895090677567714,64.47545338783857,-0.18149377380493115,12.5
task,418,striatum,26,measured,27.0,27,DLS,beta,All,27,40,1350,-0.027982079805945803,12.436371963893144,62.18185981946572,-0.029751157651923155,12.5
task,418,striatum,26,measured,27.0,27,DLS,beta,First 20,20,40,1000,-0.050744210631548325,12.514497858697515,62.57248929348758,-0.057298644016307465,12.5
task,418,striatum,26,measured,27.0,27,DLS,beta,Naive,10,40,500,-0.06084586528029301,12.521127062281879,62.605635311409394,-0.08571011683748386,12.5
task,418,striatum,26,measured,27.0,27,DLS,beta,Intermediate,10,40,500,-0.09931486450560678,12.730157952950716,63.65078976475358,-0.07806308917699756,12.5
task,418,striatum,26,measured,27.0,27,DLS,low_gamma,All,27,40,1350,-0.06792123292010155,12.848009532903061,64.2400476645153,-0.050813012092362,12.5
task,418,striatum,26,measured,27.0,27,DLS,low_gamma,First 20,20,40,1000,-0.05817615673856702,12.680576180710203,63.402880903551015,-0.055052355896238137,12.5
task,418,striatum,26,measured,27.0,27,DLS,low_gamma,Naive,10,40,500,-0.09585534518100802,12.896261003044168,64.48130501522084,-0.11835924863244207,12.5
task,418,striatum,26,measured,27.0,27,DLS,low_gamma,Intermediate,10,40,500,-0.14485984449013145,13.004453496965496,65.02226748482748,-0.11601046267000559,12.5
task,418,striatum,26,measured,27.0,27,DLS,high_gamma,All,27,40,1350,-0.01492914578925042,12.435206144640443,62.17603072320222,-0.044876413567548346,12.5
task,418,striatum,26,measured,27.0,27,DLS,high_gamma,First 20,20,40,1000,-0.026867443498112875,12.37246498074105,61.86232490370525,-0.06265372287583482,12.5
task,418,striatum,26,measured,27.0,27,DLS,high_gamma,Naive,10,40,500,-0.09513842027582387,12.624023630028853,63.120118150144265,-0.13627118160552953,12.5
task,418,striatum,26,measured,27.0,27,DLS,high_gamma,Intermediate,10,40,500,-0.13254229792873917,13.045198250563907,65.22599125281954,-0.15970252483927116,12.5
task,418,striatum,26,measured,27.0,27,DLS,total,All,27,40,1350,-0.038042015489706316,12.54952644820166,62.747632241008304,-0.04434699335226733,12.5
task,418,striatum,26,measured,27.0,27,DLS,total,First 20,20,40,1000,-0.03739895765858314,12.53648616359236,62.682430817961794,-0.04877412181262919,12.5
task,418,striatum,26,measured,27.0,27,DLS,total,Naive,10,40,500,-0.14839149540701624,13.041013894513041,65.2050694725652,-0.1003606018688834,12.5
task,418,striatum,26,measured,27.0,27,DLS,total,Intermediate,10,40,500,-0.123895737766474,12.879274246316927,64.39637123158464,-0.0914011801013288,12.5
task,418,striatum,26,measured,27.0,27,ACC,theta,All,27,52,1350,-0.024473143638696904,12.289016662187803,61.44508331093902,-0.04048242551952619,12.5
task,418,striatum,26,measured,27.0,27,ACC,theta,First 20,20,52,1000,-0.08372121838527824,12.658708660336965,63.29354330168482,-0.09832324100374867,12.5
task,418,striatum,26,measured,27.0,27,ACC,theta,Naive,10,52,500,-0.17060272891845307,13.145441707051996,65.72720853525998,-0.13919945935316513,12.5
task,418,striatum,26,measured,27.0,27,ACC,theta,Intermediate,10,52,500,-0.03937871971030549,12.070665357942504,60.35332678971252,-0.1893848300486396,12.5
task,418,striatum,26,measured,27.0,27,ACC,beta,All,27,52,1350,-0.0575023154410772,12.528519366458042,62.64259683229021,-0.05632896151809019,12.5
task,418,striatum,26,measured,27.0,27,ACC,beta,First 20,20,52,1000,-0.06399975972364436,12.652855395019555,63.26427697509778,-0.07781153866682877,12.5
task,418,striatum,26,measured,27.0,27,ACC,beta,Naive,10,52,500,-0.136853476606408,12.977332369426831,64.88666184713415,-0.14769916262279636,12.5
task,418,striatum,26,measured,27.0,27,ACC,beta,Intermediate,10,52,500,-0.10069762738906318,12.474366126224517,62.371830631122585,-0.16591205159203226,12.5
task,418,striatum,26,measured,27.0,27,ACC,low_gamma,All,27,52,1350,-0.02503414380588631,12.226369109028944,61.13184554514472,-0.05095387486561642,12.5
task,418,striatum,26,measured,27.0,27,ACC,low_gamma,First 20,20,52,1000,-0.04239199700977592,12.277901545817901,61.3895077290895,-0.07833011452595051,12.5
task,418,striatum,26,measured,27.0,27,ACC,low_gamma,Naive,10,52,500,-0.11126245659374523,12.585925713597124,62.92962856798562,-0.13062281866794834,12.5
task,418,striatum,26,measured,27.0,27,ACC,low_gamma,Intermediate,10,52,500,-0.0920247642373524,12.3871495427899,61.935747713949496,-0.16021550830431575,12.5
task,418,striatum,26,measured,27.0,27,ACC,high_gamma,All,27,52,1350,-0.03238474778718081,12.421902209768692,62.10951104884346,-0.05548118513117806,12.5
task,418,striatum,26,measured,27.0,27,ACC,high_gamma,First 20,20,52,1000,-0.040978113516575876,12.518149984185074,62.59074992092537,-0.09553878844141539,12.5
task,418,striatum,26,measured,27.0,27,ACC,high_gamma,Naive,10,52,500,-0.12375296559579185,12.915265994854613,64.57632997427307,-0.146587744222324,12.5
task,418,striatum,26,measured,27.0,27,ACC,high_gamma,Intermediate,10,52,500,-0.20142144143292806,13.454798036578651,67.27399018289326,-0.10060428005572342,12.5
task,418,striatum,26,measured,27.0,27,ACC,total,All,27,52,1350,-0.024923609052471818,12.335374957229241,61.67687478614621,-0.05848734657718646,12.5
task,418,striatum,26,measured,27.0,27,ACC,total,First 20,20,52,1000,-0.04739553910291927,12.385706966508504,61.928534832542525,-0.11199681508308523,12.5
task,418,striatum,26,measured,27.0,27,ACC,total,Naive,10,52,500,-0.1704625845907164,12.995972172307761,64.97986086153881,-0.17127740983419515,12.5
task,418,striatum,26,measured,27.0,27,ACC,total,Intermediate,10,52,500,-0.23800091136406554,13.213545195696538,66.06772597848268,-0.15668752939900288,12.5
task,523,striatum,22,measured,125.0,125,DMS,theta,All,125,52,6250,0.02361000366894761,11.995644332433839,59.9782216621692,-0.015597927298819148,12.5
task,523,striatum,22,measured,125.0,125,DMS,theta,First 20,20,52,1000,-0.08719039007964202,12.515536834805495,62.577684174027475,-0.09006099937579082,12.5
task,523,striatum,22,measured,125.0,125,DMS,theta,Naive,10,52,500,-0.2597437117432466,13.476587761369553,67.38293880684776,-0.1787003211106395,12.5
task,523,striatum,22,measured,125.0,125,DMS,theta,Intermediate,10,52,500,-0.07991449555354713,12.22322772483759,61.116138624187954,-0.25787766578978677,12.5
task,523,striatum,22,measured,125.0,125,DMS,theta,Expert,10,52,500,-0.02348847095722073,11.763686898504508,58.81843449252254,-0.23859280874475663,12.5
task,523,striatum,22,measured,125.0,125,DMS,beta,All,125,52,6250,-0.009549865668559088,12.435779259621771,62.17889629810885,-0.009772558380621854,12.5
task,523,striatum,22,measured,125.0,125,DMS,beta,First 20,20,52,1000,-0.04400376271394868,12.294517602294313,61.472588011471565,-0.07051622416881864,12.5
task,523,striatum,22,measured,125.0,125,DMS,beta,Naive,10,52,500,-0.13327164768151922,12.576647426222916,62.88323713111458,-0.18189803198301213,12.5
task,523,striatum,22,measured,125.0,125,DMS,beta,Intermediate,10,52,500,-0.24789135750381108,13.367393200288072,66.83696600144036,-0.15126422596346556,12.5
task,523,striatum,22,measured,125.0,125,DMS,beta,Expert,10,52,500,-0.09096747858677845,12.417327646366038,62.08663823183019,-0.14937534043236678,12.5
task,523,striatum,22,measured,125.0,125,DMS,low_gamma,All,125,52,6250,0.0067650035898183525,12.231148745071962,61.15574372535981,-0.012553772516346262,12.5
task,523,striatum,22,measured,125.0,125,DMS,low_gamma,First 20,20,52,1000,0.051809527524889765,11.44085546780267,57.20427733901335,-0.08132195267342568,12.5
task,523,striatum,22,measured,125.0,125,DMS,low_gamma,Naive,10,52,500,-0.10297950981926629,12.347425371611793,61.737126858058964,-0.14292183128585956,12.5
task,523,striatum,22,measured,125.0,125,DMS,low_gamma,Intermediate,10,52,500,-0.03002209774645581,11.84855591128949,59.242779556447445,-0.14835874786627756,12.5
task,523,striatum,22,measured,125.0,125,DMS,low_gamma,Expert,10,52,500,-0.1135188714572517,12.292762380348599,61.46381190174299,-0.1348819226079898,12.5
task,523,striatum,22,measured,125.0,125,DMS,high_gamma,All,125,52,6250,0.04381358886740072,11.82385214977412,59.1192607488706,-0.013022576753641601,12.5
task,523,striatum,22,measured,125.0,125,DMS,high_gamma,First 20,20,52,1000,0.04064756967501082,11.641545163678675,58.20772581839337,-0.08224369782378593,12.5
task,523,striatum,22,measured,125.0,125,DMS,high_gamma,Naive,10,52,500,-0.013663687777473177,11.915806084959899,59.57903042479949,-0.1588171516613639,12.5
task,523,striatum,22,measured,125.0,125,DMS,high_gamma,Intermediate,10,52,500,-0.07477035907332863,12.087436126518726,60.43718063259363,-0.18824896551267178,12.5
task,523,striatum,22,measured,125.0,125,DMS,high_gamma,Expert,10,52,500,0.001150392217339813,11.484690595308424,57.423452976542116,-0.13281029997547988,12.5
task,523,striatum,22,measured,125.0,125,DMS,total,All,125,52,6250,0.021921473599996077,12.1344222079583,60.6721110397915,-0.012287649083670305,12.5
task,523,striatum,22,measured,125.0,125,DMS,total,First 20,20,52,1000,0.025678978935974595,11.707300741093775,58.536503705468874,-0.09715724038492479,12.5
task,523,striatum,22,measured,125.0,125,DMS,total,Naive,10,52,500,-0.10578147937556581,12.264296412474229,61.321482062371146,-0.1546586523753848,12.5
task,523,striatum,22,measured,125.0,125,DMS,total,Intermediate,10,52,500,-0.09812876384703517,12.474185087198217,62.37092543599108,-0.1458026298440862,12.5
task,523,striatum,22,measured,125.0,125,DMS,total,Expert,10,52,500,-0.022874033013508432,11.988314983303411,59.941574916517055,-0.1798174693024257,12.5
task,523,striatum,22,measured,125.0,125,DLS,theta,All,125,50,6250,0.008117776703927548,12.173108632333113,60.86554316166556,-0.01843302221434895,12.5
task,523,striatum,22,measured,125.0,125,DLS,theta,First 20,20,50,1000,-0.10611380978008533,12.892811970214028,64.46405985107015,-0.07815697789409315,12.5
task,523,striatum,22,measured,125.0,125,DLS,theta,Naive,10,50,500,-0.2267308513986468,13.461921213865368,67.30960606932685,-0.19759055171433548,12.5
task,523,striatum,22,measured,125.0,125,DLS,theta,Intermediate,10,50,500,-0.3327989038260979,13.667789801003687,68.33894900501843,-0.16808256043396486,12.5
task,523,striatum,22,measured,125.0,125,DLS,theta,Expert,10,50,500,-0.007554414755512218,11.703300679202737,58.51650339601369,-0.19069928218765742,12.5
task,523,striatum,22,measured,125.0,125,DLS,beta,All,125,50,6250,0.0072757260706712845,12.31426862067706,61.5713431033853,-0.012657858871031769,12.5
task,523,striatum,22,measured,125.0,125,DLS,beta,First 20,20,50,1000,-0.06409766140749218,12.49664446573087,62.48322232865435,-0.07312963605292011,12.5
task,523,striatum,22,measured,125.0,125,DLS,beta,Naive,10,50,500,-0.08325685347872191,12.363979025213805,61.81989512606903,-0.15802143843504046,12.5
task,523,striatum,22,measured,125.0,125,DLS,beta,Intermediate,10,50,500,-0.11576747622137007,12.695337443304693,63.476687216523466,-0.18134963008126204,12.5
task,523,striatum,22,measured,125.0,125,DLS,beta,Expert,10,50,500,-0.13899761306173253,12.661486494944555,63.30743247472277,-0.2046566091193336,12.5
task,523,striatum,22,measured,125.0,125,DLS,low_gamma,All,125,50,6250,0.028597194075547727,12.120425512695057,60.602127563475285,-0.012609988720941212,12.5
task,523,striatum,22,measured,125.0,125,DLS,low_gamma,First 20,20,50,1000,-0.0389834149623407,12.334898318305981,61.67449159152991,-0.08112321756192964,12.5
task,523,striatum,22,measured,125.0,125,DLS,low_gamma,Naive,10,50,500,-0.12431391477104525,12.729120853743709,63.64560426871854,-0.20494371162538294,12.5
task,523,striatum,22,measured,125.0,125,DLS,low_gamma,Intermediate,10,50,500,-0.01499465589312754,11.945621162099933,59.72810581049966,-0.15889384719276545,12.5
task,523,striatum,22,measured,125.0,125,DLS,low_gamma,Expert,10,50,500,-0.1131292774082795,12.456264201248231,62.28132100624116,-0.16428151681776626,12.5
task,523,striatum,22,measured,125.0,125,DLS,high_gamma,All,125,50,6250,0.02953333978492423,12.063290651243367,60.31645325621683,-0.012998761024329175,12.5
task,523,striatum,22,measured,125.0,125,DLS,high_gamma,First 20,20,50,1000,-0.07903580629552098,12.637631376746166,63.18815688373083,-0.08958044600116954,12.5
task,523,striatum,22,measured,125.0,125,DLS,high_gamma,Naive,10,50,500,-0.15685023789057562,12.817769045970552,64.08884522985277,-0.22041983810224064,12.5
task,523,striatum,22,measured,125.0,125,DLS,high_gamma,Intermediate,10,50,500,-0.08124645705658007,12.484750241423248,62.42375120711624,-0.16792773504802327,12.5
task,523,striatum,22,measured,125.0,125,DLS,high_gamma,Expert,10,50,500,-0.13927923228205308,12.591640692418375,62.95820346209187,-0.16160158350705855,12.5
task,523,striatum,22,measured,125.0,125,DLS,total,All,125,50,6250,0.02488046865135951,12.11629424575808,60.581471228790406,-0.012706628474467463,12.5
task,523,striatum,22,measured,125.0,125,DLS,total,First 20,20,50,1000,-0.024163401024973385,12.166514669246208,60.832573346231044,-0.054478507608724414,12.5
task,523,striatum,22,measured,125.0,125,DLS,total,Naive,10,50,500,-0.11196959396964878,12.550393628381393,62.751968141906964,-0.176266850947834,12.5
task,523,striatum,22,measured,125.0,125,DLS,total,Intermediate,10,50,500,-0.06911153685326021,12.14234882625406,60.71174413127031,-0.16497735144442927,12.5
task,523,striatum,22,measured,125.0,125,DLS,total,Expert,10,50,500,-0.042309093937616504,11.92571215587729,59.628560779386454,-0.14227881810969567,12.5
task,523,striatum,22,measured,125.0,125,ACC,theta,All,125,52,6250,0.04517439356697783,11.780369515925097,58.90184757962548,-0.016762007230340936,12.5
task,523,striatum,22,measured,125.0,125,ACC,theta,First 20,20,52,1000,-0.016187983177360588,12.02344956445931,60.117247822296555,-0.1134313582603177,12.5
task,523,striatum,22,measured,125.0,125,ACC,theta,Naive,10,52,500,-0.18203193588179722,13.029925788711328,65.14962894355664,-0.21583534598055465,12.5
task,523,striatum,22,measured,125.0,125,ACC,theta,Intermediate,10,52,500,-0.0001487134428119763,11.504417887928659,57.522089439643295,-0.26818050200323706,12.5
task,523,striatum,22,measured,125.0,125,ACC,theta,Expert,10,52,500,-0.0545499291629461,11.841467037300013,59.20733518650007,-0.24989923054416185,12.5
task,523,striatum,22,measured,125.0,125,ACC,beta,All,125,52,6250,0.009941185378329442,12.251331852031944,61.25665926015972,-0.010565335609622695,12.5
task,523,striatum,22,measured,125.0,125,ACC,beta,First 20,20,52,1000,-0.05474080128033121,12.38356089356413,61.91780446782065,-0.08979704502284824,12.5
task,523,striatum,22,measured,125.0,125,ACC,beta,Naive,10,52,500,-0.1303216987175584,12.75620380578764,63.7810190289382,-0.1583946650063046,12.5
task,523,striatum,22,measured,125.0,125,ACC,beta,Intermediate,10,52,500,-0.1311609964130842,12.659528645067374,63.29764322533687,-0.17139154177953664,12.5
task,523,striatum,22,measured,125.0,125,ACC,beta,Expert,10,52,500,-0.18446831167806854,12.634249470987303,63.17124735493651,-0.14823826582061428,12.5
task,523,striatum,22,measured,125.0,125,ACC,low_gamma,All,125,52,6250,0.048206031154977014,11.841855158110967,59.209275790554834,-0.013839467891879398,12.5
task,523,striatum,22,measured,125.0,125,ACC,low_gamma,First 20,20,52,1000,0.02226390177959403,11.7663683135847,58.8318415679235,-0.08641416577356753,12.5
task,523,striatum,22,measured,125.0,125,ACC,low_gamma,Naive,10,52,500,-0.12416515896062341,12.548627783642948,62.74313891821474,-0.17235833232223285,12.5
task,523,striatum,22,measured,125.0,125,ACC,low_gamma,Intermediate,10,52,500,-0.01340325725602165,11.709502251633559,58.547511258167795,-0.15164160682319805,12.5
task,523,striatum,22,measured,125.0,125,ACC,low_gamma,Expert,10,52,500,-0.028400643712503282,11.88095754104773,59.40478770523865,-0.15041097990269647,12.5
task,523,striatum,22,measured,125.0,125,ACC,high_gamma,All,125,52,6250,0.03595993576539436,12.01703172920648,60.0851586460324,-0.011818956616086895,12.5
task,523,striatum,22,measured,125.0,125,ACC,high_gamma,First 20,20,52,1000,-0.038857308190950235,12.292921703669231,61.464608518346154,-0.0652182077543273,12.5
task,523,striatum,22,measured,125.0,125,ACC,high_gamma,Naive,10,52,500,-0.13469049788580945,12.822428110750236,64.11214055375117,-0.16556196054052874,12.5
task,523,striatum,22,measured,125.0,125,ACC,high_gamma,Intermediate,10,52,500,-0.009823198113959375,11.93881864458041,59.69409322290205,-0.16966347585734742,12.5
task,523,striatum,22,measured,125.0,125,ACC,high_gamma,Expert,10,52,500,-0.07282559454648418,12.127425830260902,60.637129151304514,-0.15354235792856574,12.5
task,523,striatum,22,measured,125.0,125,ACC,total,All,125,52,6250,0.06015241254712067,11.70038713309803,58.50193566549015,-0.015666494725222524,12.5
task,523,striatum,22,measured,125.0,125,ACC,total,First 20,20,52,1000,0.04672686350271216,11.622478774890867,58.112393874454334,-0.10073222966934892,12.5
task,523,striatum,22,measured,125.0,125,ACC,total,Naive,10,52,500,-0.08748187127844465,12.242963377744811,61.21481688872406,-0.2094998237981449,12.5
task,523,striatum,22,measured,125.0,125,ACC,total,Intermediate,10,52,500,0.0475872135370502,11.629867477674317,58.149337388371585,-0.17835824478491102,12.5
task,523,striatum,22,measured,125.0,125,ACC,total,Expert,10,52,500,-0.03550611624130462,11.869769014943326,59.348845074716635,-0.19754727024092578,12.5
task,614,striatum,44,measured,225.0,200,DMS,theta,All,200,50,10000,0.03876108785756138,11.984440069799922,59.92220034899961,-0.010391927571508974,12.5
task,614,striatum,44,measured,225.0,200,DMS,theta,First 20,20,50,1000,-0.08197650998241679,12.629034532068868,63.14517266034434,-0.08651595304971438,12.5
task,614,striatum,44,measured,225.0,200,DMS,theta,Naive,10,50,500,-0.23835936139580016,13.349957702830165,66.74978851415082,-0.20849480091593509,12.5
task,614,striatum,44,measured,225.0,200,DMS,theta,Intermediate,10,50,500,-0.007153543629498715,11.462072266756321,57.31036133378161,-0.29118781482567124,12.5
task,614,striatum,44,measured,225.0,200,DMS,theta,Expert,10,50,500,-0.281052438585063,13.314621689220244,66.57310844610122,-0.1888675483354323,12.5
task,614,striatum,44,measured,225.0,200,DMS,beta,All,200,50,10000,0.013187879378688594,12.201607346920966,61.00803673460483,-0.007006639425139571,12.5
task,614,striatum,44,measured,225.0,200,DMS,beta,First 20,20,50,1000,-0.004878146774879966,12.042736041524156,60.21368020762078,-0.0735330409765369,12.5
task,614,striatum,44,measured,225.0,200,DMS,beta,Naive,10,50,500,-0.028490414173838463,11.828177165747928,59.14088582873964,-0.18189411427509405,12.5
task,614,striatum,44,measured,225.0,200,DMS,beta,Intermediate,10,50,500,-0.1746128055760907,12.69614734742692,63.480736737134606,-0.18074897053573125,12.5
task,614,striatum,44,measured,225.0,200,DMS,beta,Expert,10,50,500,-0.13939469740749,12.390479092380192,61.952395461900956,-0.17557268242494128,12.5
task,614,striatum,44,measured,225.0,200,DMS,low_gamma,All,200,50,10000,0.049184669231000955,11.801157635604332,59.00578817802166,-0.007419217339532436,12.5
task,614,striatum,44,measured,225.0,200,DMS,low_gamma,First 20,20,50,1000,-0.013631595954089137,12.117284921299943,60.58642460649971,-0.08368149077997811,12.5
task,614,striatum,44,measured,225.0,200,DMS,low_gamma,Naive,10,50,500,-0.09741953925814961,12.386053124177968,61.93026562088984,-0.18067543899367688,12.5
task,614,striatum,44,measured,225.0,200,DMS,low_gamma,Intermediate,10,50,500,-0.10356583217111992,12.391738195929706,61.95869097964853,-0.1565552915270727,12.5
task,614,striatum,44,measured,225.0,200,DMS,low_gamma,Expert,10,50,500,0.010025814061872085,11.70233909474637,58.51169547373185,-0.1531689799660243,12.5
task,614,striatum,44,measured,225.0,200,DMS,high_gamma,All,200,50,10000,0.059696720468768505,11.631192611637779,58.155963058188895,-0.007430193615284075,12.5
task,614,striatum,44,measured,225.0,200,DMS,high_gamma,First 20,20,50,1000,-0.003699014420923019,11.995168098224797,59.97584049112398,-0.07680711723651545,12.5
task,614,striatum,44,measured,225.0,200,DMS,high_gamma,Naive,10,50,500,-0.056366896263651656,12.060301699962036,60.30150849981018,-0.1432279622017658,12.5
task,614,striatum,44,measured,225.0,200,DMS,high_gamma,Intermediate,10,50,500,-0.0636832688753739,11.796881270984606,58.98440635492303,-0.16225992887736984,12.5
task,614,striatum,44,measured,225.0,200,DMS,high_gamma,Expert,10,50,500,-0.09517894356880263,12.014884096860937,60.07442048430469,-0.1704458033684335,12.5
task,614,striatum,44,measured,225.0,200,DMS,total,All,200,50,10000,0.06894904717246952,11.610042342673362,58.05021171336681,-0.009002938063075394,12.5
task,614,striatum,44,measured,225.0,200,DMS,total,First 20,20,50,1000,0.02373951490691295,11.937987568660912,59.68993784330456,-0.06533626499777023,12.5
task,614,striatum,44,measured,225.0,200,DMS,total,Naive,10,50,500,0.0169045550275837,11.715777949817744,58.57888974908872,-0.16859413640992016,12.5
task,614,striatum,44,measured,225.0,200,DMS,total,Intermediate,10,50,500,-0.04269923734790493,11.807859479160008,59.03929739580004,-0.18939659114076624,12.5
task,614,striatum,44,measured,225.0,200,DMS,total,Expert,10,50,500,-0.0850153510778282,12.148024950863594,60.74012475431797,-0.17243717749674836,12.5
task,614,striatum,44,measured,225.0,200,DLS,theta,All,200,44,10000,0.0410796293389627,11.884372289399533,59.42186144699767,-0.006741420482126559,12.5
task,614,striatum,44,measured,225.0,200,DLS,theta,First 20,20,44,1000,-0.03660422855248946,12.351668497032547,61.758342485162736,-0.08525465680621247,12.5
task,614,striatum,44,measured,225.0,200,DLS,theta,Naive,10,44,500,-0.10377614787792244,12.42782001471521,62.139100073576046,-0.174367783685752,12.5
task,614,striatum,44,measured,225.0,200,DLS,theta,Intermediate,10,44,500,-0.015666422842049554,11.790512055598763,58.95256027799381,-0.1986822930307368,12.5
task,614,striatum,44,measured,225.0,200,DLS,theta,Expert,10,44,500,-0.21687535495891752,12.930042803189965,64.65021401594983,-0.15879423921288405,12.5
task,614,striatum,44,measured,225.0,200,DLS,beta,All,200,44,10000,0.0158230347928332,12.216622414701899,61.0831120735095,-0.005806250238658217,12.5
task,614,striatum,44,measured,225.0,200,DLS,beta,First 20,20,44,1000,-0.005907844897008241,12.198415197924046,60.99207598962023,-0.06375692226344243,12.5
task,614,striatum,44,measured,225.0,200,DLS,beta,Naive,10,44,500,0.0038347019133995186,11.966123721341237,59.83061860670618,-0.07812815890729596,12.5
task,614,striatum,44,measured,225.0,200,DLS,beta,Intermediate,10,44,500,-0.15391420058538685,12.631745901171291,63.158729505856456,-0.16954080619503098,12.5
task,614,striatum,44,measured,225.0,200,DLS,beta,Expert,10,44,500,-0.11334199476518636,12.372629095393597,61.863145476967986,-0.15118246437983407,12.5
task,614,striatum,44,measured,225.0,200,DLS,low_gamma,All,200,44,10000,0.03372802177937273,12.004690695703106,60.02345347851553,-0.006195628891261684,12.5
task,614,striatum,44,measured,225.0,200,DLS,low_gamma,First 20,20,44,1000,0.02139565144582245,11.860257550556566,59.301287752782834,-0.06857387694344586,12.5
task,614,striatum,44,measured,225.0,200,DLS,low_gamma,Naive,10,44,500,0.05041773186781062,11.458116106509037,57.290580532545185,-0.1526096221502644,12.5
task,614,striatum,44,measured,225.0,200,DLS,low_gamma,Intermediate,10,44,500,-0.0810814246941618,12.209114244522581,61.04557122261291,-0.1353471426220909,12.5
task,614,striatum,44,measured,225.0,200,DLS,low_gamma,Expert,10,44,500,-0.11601310401584342,12.291439584255302,61.45719792127651,-0.12209637982792043,12.5
task,614,striatum,44,measured,225.0,200,DLS,high_gamma,All,200,44,10000,0.03270412903450992,12.023074960521832,60.11537480260916,-0.00682519086381439,12.5
task,614,striatum,44,measured,225.0,200,DLS,high_gamma,First 20,20,44,1000,-0.014325766402221385,12.148617188373088,60.74308594186544,-0.07305187874630681,12.5
task,614,striatum,44,measured,225.0,200,DLS,high_gamma,Naive,10,44,500,0.0008148807911484424,11.566769154316303,57.833845771581515,-0.13682384833192685,12.5
task,614,striatum,44,measured,225.0,200,DLS,high_gamma,Intermediate,10,44,500,-0.09209448060228365,12.240752416426742,61.203762082133714,-0.14723087800717316,12.5
task,614,striatum,44,measured,225.0,200,DLS,high_gamma,Expert,10,44,500,-0.06895980397643209,11.992507557686213,59.962537788431064,-0.14978851720385,12.5
task,614,striatum,44,measured,225.0,200,DLS,total,All,200,44,10000,0.059455368792690755,11.718889956852957,58.59444978426478,-0.0060386810488337606,12.5
task,614,striatum,44,measured,225.0,200,DLS,total,First 20,20,44,1000,0.05431620436448237,11.606367905021502,58.03183952510751,-0.0790975571342063,12.5
task,614,striatum,44,measured,225.0,200,DLS,total,Naive,10,44,500,0.12302326525323681,11.093987266208245,55.469936331041225,-0.15481440012109893,12.5
task,614,striatum,44,measured,225.0,200,DLS,total,Intermediate,10,44,500,-0.0009235608808360052,11.706085766006566,58.53042883003283,-0.13530413833959232,12.5
task,614,striatum,44,measured,225.0,200,DLS,total,Expert,10,44,500,-0.141730694304518,12.437742256639865,62.188711283199325,-0.12123232058108013,12.5
task,614,striatum,44,measured,225.0,200,ACC,theta,All,200,52,10000,0.0655099945009534,11.58021641733383,57.90108208666915,-0.010602000843055626,12.5
task,614,striatum,44,measured,225.0,200,ACC,theta,First 20,20,52,1000,0.0038923226279991008,11.839420348118617,59.197101740593084,-0.10695753441452793,12.5
task,614,striatum,44,measured,225.0,200,ACC,theta,Naive,10,52,500,-0.13289270641869755,12.553125178363503,62.765625891817514,-0.29503259559579154,12.5
task,614,striatum,44,measured,225.0,200,ACC,theta,Intermediate,10,52,500,-0.09068512732065437,12.278117430058122,61.390587150290614,-0.2511644488588176,12.5
task,614,striatum,44,measured,225.0,200,ACC,theta,Expert,10,52,500,0.012932086433130152,11.479002356137476,57.39501178068738,-0.2946210569061072,12.5
task,614,striatum,44,measured,225.0,200,ACC,beta,All,200,52,10000,0.03705599330735687,11.954088953737495,59.770444768687476,-0.0068292071178983615,12.5
task,614,striatum,44,measured,225.0,200,ACC,beta,First 20,20,52,1000,-0.0015162689214067715,11.950833959174197,59.754169795870986,-0.07805657505231611,12.5
task,614,striatum,44,measured,225.0,200,ACC,beta,Naive,10,52,500,-0.058105853954833586,12.075713973497821,60.378569867489105,-0.18840620343246717,12.5
task,614,striatum,44,measured,225.0,200,ACC,beta,Intermediate,10,52,500,-0.15836172215631716,12.741082228688908,63.70541114344454,-0.1744918943094882,12.5
task,614,striatum,44,measured,225.0,200,ACC,beta,Expert,10,52,500,-0.09645661713922649,12.011366653120573,60.05683326560287,-0.22846834094097246,12.5
task,614,striatum,44,measured,225.0,200,ACC,low_gamma,All,200,52,10000,0.0749207901707718,11.553712879618717,57.76856439809358,-0.007419228040546955,12.5
task,614,striatum,44,measured,225.0,200,ACC,low_gamma,First 20,20,52,1000,-0.012216062298191943,12.05937167521205,60.29685837606025,-0.07469477313625972,12.5
task,614,striatum,44,measured,225.0,200,ACC,low_gamma,Naive,10,52,500,-0.10983835651441765,12.154595021865516,60.77297510932758,-0.1812681437826149,12.5
task,614,striatum,44,measured,225.0,200,ACC,low_gamma,Intermediate,10,52,500,0.11441217562300066,10.779456407837763,53.897282039188816,-0.16602312805144948,12.5
task,614,striatum,44,measured,225.0,200,ACC,low_gamma,Expert,10,52,500,0.044511551621997936,11.512153332545218,57.56076666272609,-0.17410379071828164,12.5
task,614,striatum,44,measured,225.0,200,ACC,high_gamma,All,200,52,10000,0.058757043806690556,11.683462568134262,58.41731284067131,-0.008010202177622938,12.5
task,614,striatum,44,measured,225.0,200,ACC,high_gamma,First 20,20,52,1000,-0.010014138656230465,12.05602474978571,60.280123748928546,-0.07176053855645437,12.5
task,614,striatum,44,measured,225.0,200,ACC,high_gamma,Naive,10,52,500,-0.08681929459386861,12.426486609273578,62.13243304636789,-0.13274602230186283,12.5
task,614,striatum,44,measured,225.0,200,ACC,high_gamma,Intermediate,10,52,500,-0.06859433906859858,11.957011669625718,59.78505834812859,-0.18678548979093557,12.5
task,614,striatum,44,measured,225.0,200,ACC,high_gamma,Expert,10,52,500,0.015694789618879934,11.558320430772783,57.79160215386391,-0.16350406941870133,12.5
task,614,striatum,44,measured,225.0,200,ACC,total,All,200,52,10000,0.12493855968733569,11.064155375795517,55.32077687897758,-0.007945524613693244,12.5
task,614,striatum,44,measured,225.0,200,ACC,total,First 20,20,52,1000,0.07277366495302062,11.314227208300974,56.57113604150487,-0.09117153938750655,12.5
task,614,striatum,44,measured,225.0,200,ACC,total,Naive,10,52,500,-0.07696585596917416,11.959833841100117,59.79916920550059,-0.2879752547580301,12.5
task,614,striatum,44,measured,225.0,200,ACC,total,Intermediate,10,52,500,0.061542326171542316,11.058674536143505,55.293372680717525,-0.14180074170322388,12.5
task,614,striatum,44,measured,225.0,200,ACC,total,Expert,10,52,500,0.0997996080339435,10.974624371027172,54.873121855135864,-0.13156307447311022,12.5
task,624,striatum,32,measured,nan,71,DMS,theta,All,71,52,3544,0.011303776139680699,12.140409515267397,60.70204757633698,-0.019500708653959586,12.483853420909153
task,624,striatum,32,measured,nan,71,DMS,theta,First 20,20,52,1000,-0.06738537163772618,12.603443255747107,63.01721627873554,-0.08655763755094936,12.5
task,624,striatum,32,measured,nan,71,DMS,theta,Naive,10,52,500,-0.16117904776922543,12.946321331656431,64.73160665828216,-0.1316311304309139,12.5
task,624,striatum,32,measured,nan,71,DMS,theta,Intermediate,10,52,500,-0.16757126545446832,12.913458878408841,64.5672943920442,-0.20926157136149182,12.5
task,624,striatum,32,measured,nan,71,DMS,theta,Expert,10,52,500,-0.006975405642652754,11.620739235147711,58.103696175738555,-0.21932363091172635,12.5
task,624,striatum,32,measured,nan,71,DMS,beta,All,71,52,3544,-0.01926313789094558,12.459849375257585,62.299246876287924,-0.022315904131202657,12.483853420909153
task,624,striatum,32,measured,nan,71,DMS,beta,First 20,20,52,1000,-0.09296146072262035,12.795742560978084,63.97871280489042,-0.07084860405089599,12.5
task,624,striatum,32,measured,nan,71,DMS,beta,Naive,10,52,500,-0.10817312195442041,12.788403003367614,63.94201501683807,-0.16330562254954706,12.5
task,624,striatum,32,measured,nan,71,DMS,beta,Intermediate,10,52,500,-0.22930713029848193,13.284599695564415,66.42299847782208,-0.17419136799992074,12.5
task,624,striatum,32,measured,nan,71,DMS,beta,Expert,10,52,500,-0.19345805722515785,12.843738184569698,64.2186909228485,-0.14887366912170563,12.5
task,624,striatum,32,measured,nan,71,DMS,low_gamma,All,71,52,3544,-0.0038528297198272554,12.226571618523153,61.13285809261576,-0.018835375525032116,12.483853420909153
task,624,striatum,32,measured,nan,71,DMS,low_gamma,First 20,20,52,1000,-0.06362244274779516,12.573007279098235,62.865036395491174,-0.08589489231397973,12.5
task,624,striatum,32,measured,nan,71,DMS,low_gamma,Naive,10,52,500,-0.15705834160238363,13.035675538850015,65.17837769425007,-0.14342544847500793,12.5
task,624,striatum,32,measured,nan,71,DMS,low_gamma,Intermediate,10,52,500,-0.05967885923465732,12.156007491503436,60.78003745751718,-0.17864290428544738,12.5
task,624,striatum,32,measured,nan,71,DMS,low_gamma,Expert,10,52,500,-0.23341641471569607,13.125847516657279,65.6292375832864,-0.15002766746956886,12.5
task,624,striatum,32,measured,nan,71,DMS,high_gamma,All,71,52,3544,0.014601570042707124,12.066161090926089,60.33080545463044,-0.019843474760693924,12.483853420909153
task,624,striatum,32,measured,nan,71,DMS,high_gamma,First 20,20,52,1000,-0.06998611062512294,12.551110417158577,62.755552085792885,-0.08343468051055547,12.5
task,624,striatum,32,measured,nan,71,DMS,high_gamma,Naive,10,52,500,-0.13433127264742528,12.897175572932337,64.48587786466169,-0.16444510980295202,12.5
task,624,striatum,32,measured,nan,71,DMS,high_gamma,Intermediate,10,52,500,-0.1122933597504372,12.462258166976333,62.31129083488167,-0.1758675897975892,12.5
task,624,striatum,32,measured,nan,71,DMS,high_gamma,Expert,10,52,500,-0.12305954775731442,12.331400925715876,61.65700462857938,-0.14488878090731627,12.5
task,624,striatum,32,measured,nan,71,DMS,total,All,71,52,3544,-0.002450118238433996,12.178234650403164,60.89117325201582,-0.02412031155201677,12.483853420909153
task,624,striatum,32,measured,nan,71,DMS,total,First 20,20,52,1000,-0.0819625981518266,12.51668625747677,62.58343128738385,-0.07702472564106255,12.5
task,624,striatum,32,measured,nan,71,DMS,total,Naive,10,52,500,-0.1377370945531291,12.863857561834898,64.31928780917448,-0.18207806807816174,12.5
task,624,striatum,32,measured,nan,71,DMS,total,Intermediate,10,52,500,-0.15600585033941172,12.819092572748799,64.09546286374399,-0.1677938942635071,12.5
task,624,striatum,32,measured,nan,71,DMS,total,Expert,10,52,500,-0.12421618783659039,12.517302946186446,62.58651473093223,-0.15877368198581565,12.5
task,624,striatum,32,measured,nan,71,DLS,theta,All,71,32,3544,0.003585771188382658,12.279149405163771,61.39574702581886,-0.013186197331771954,12.483853420909153
task,624,striatum,32,measured,nan,71,DLS,theta,First 20,20,32,1000,-0.04937005328525501,12.543965121925023,62.71982560962512,-0.05492733490887436,12.5
task,624,striatum,32,measured,nan,71,DLS,theta,Naive,10,32,500,-0.10892286824947428,12.877939645808882,64.38969822904441,-0.09128271421751344,12.5
task,624,striatum,32,measured,nan,71,DLS,theta,Intermediate,10,32,500,-0.07610925421876069,12.647302271831425,63.23651135915712,-0.07671610688977237,12.5
task,624,striatum,32,measured,nan,71,DLS,theta,Expert,10,32,500,-0.061943413139597725,12.443162974701428,62.21581487350714,-0.10564486906654658,12.5
task,624,striatum,32,measured,nan,71,DLS,beta,All,71,32,3544,0.0003359208116279211,12.410276618101518,62.05138309050759,-0.013440982184739658,12.483853420909153
task,624,striatum,32,measured,nan,71,DLS,beta,First 20,20,32,1000,-0.03406391629071437,12.542103848179533,62.71051924089767,-0.05558637005178935,12.5
task,624,striatum,32,measured,nan,71,DLS,beta,Naive,10,32,500,-0.11232238132213657,12.998899890322585,64.99449945161292,-0.0902304495947579,12.5
task,624,striatum,32,measured,nan,71,DLS,beta,Intermediate,10,32,500,-0.08111484527024593,12.492780517024501,62.463902585122504,-0.11558272876550157,12.5
task,624,striatum,32,measured,nan,71,DLS,beta,Expert,10,32,500,-0.14505820792145885,12.995932360886098,64.97966180443049,-0.091953069646175,12.5
task,624,striatum,32,measured,nan,71,DLS,low_gamma,All,71,32,3544,-0.0007952582117991547,12.41567380760905,62.07836903804525,-0.01082665676059924,12.483853420909153
task,624,striatum,32,measured,nan,71,DLS,low_gamma,First 20,20,32,1000,0.006021251876227263,12.162276551713326,60.81138275856663,-0.04798290654895232,12.5
task,624,striatum,32,measured,nan,71,DLS,low_gamma,Naive,10,32,500,-0.0171905887704229,12.216686895088626,61.083434475443134,-0.08340845991689982,12.5
task,624,striatum,32,measured,nan,71,DLS,low_gamma,Intermediate,10,32,500,-0.0761328016167453,12.777161242407027,63.885806212035135,-0.10078405629136267,12.5
task,624,striatum,32,measured,nan,71,DLS,low_gamma,Expert,10,32,500,-0.04961411806046523,12.341152514200218,61.70576257100109,-0.09310968435533873,12.5
task,624,striatum,32,measured,nan,71,DLS,high_gamma,All,71,32,3544,0.006461697448174486,12.248366902682026,61.241834513410126,-0.009462167382243036,12.483853420909153
task,624,striatum,32,measured,nan,71,DLS,high_gamma,First 20,20,32,1000,-0.030813369500373167,12.387396424525363,61.936982122626816,-0.052393832565438725,12.5
task,624,striatum,32,measured,nan,71,DLS,high_gamma,Naive,10,32,500,-0.11172043109285701,12.977889889212431,64.88944944606216,-0.08911352563866659,12.5
task,624,striatum,32,measured,nan,71,DLS,high_gamma,Intermediate,10,32,500,-0.11540094982634463,12.887498811430628,64.43749405715315,-0.10843808775678321,12.5
task,624,striatum,32,measured,nan,71,DLS,high_gamma,Expert,10,32,500,-0.16612957375090565,13.117921991228059,65.5896099561403,-0.10264752391031706,12.5
task,624,striatum,32,measured,nan,71,DLS,total,All,71,32,3544,0.011130624576630832,12.20079343529464,61.0039671764732,-0.010540271680559155,12.483853420909153
task,624,striatum,32,measured,nan,71,DLS,total,First 20,20,32,1000,-0.019644065333567662,12.245118695377585,61.22559347688792,-0.03846737367375974,12.5
task,624,striatum,32,measured,nan,71,DLS,total,Naive,10,32,500,-0.012907970580824157,12.164340537630382,60.82170268815191,-0.07976236717362761,12.5
task,624,striatum,32,measured,nan,71,DLS,total,Intermediate,10,32,500,-0.0829094781857187,12.518585785458471,62.592928927292355,-0.11376080434719738,12.5
task,624,striatum,32,measured,nan,71,DLS,total,Expert,10,32,500,-0.055440283346674946,12.352574858547886,61.762874292739426,-0.09519638327998803,12.5
task,624,striatum,32,measured,nan,71,ACC,theta,All,71,72,3544,0.06935410012324983,11.389826432007755,56.94913216003877,-0.034282499288932566,12.483853420909153
task,624,striatum,32,measured,nan,71,ACC,theta,First 20,20,72,1000,-0.10242532906316071,12.67362036898674,63.3681018449337,-0.10247102777915051,12.5
task,624,striatum,32,measured,nan,71,ACC,theta,Naive,10,72,500,-0.3030706510321306,13.650144381842383,68.25072190921192,-0.23534322145730546,12.5
task,624,striatum,32,measured,nan,71,ACC,theta,Intermediate,10,72,500,-0.1793368468734784,12.67557411849792,63.3778705924896,-0.23546741342255162,12.5
task,624,striatum,32,measured,nan,71,ACC,theta,Expert,10,72,500,-0.06668202750854269,11.858627934989618,59.293139674948094,-0.25705904759349374,12.5
task,624,striatum,32,measured,nan,71,ACC,beta,All,71,72,3544,-0.005361316765926771,12.265780336865806,61.328901684329026,-0.032264218664670885,12.483853420909153
task,624,striatum,32,measured,nan,71,ACC,beta,First 20,20,72,1000,-0.06142886209706511,12.446588978521927,62.23294489260964,-0.09113744349970876,12.5
task,624,striatum,32,measured,nan,71,ACC,beta,Naive,10,72,500,-0.15245392915854805,12.756080747436371,63.78040373718186,-0.18783099107379697,12.5
task,624,striatum,32,measured,nan,71,ACC,beta,Intermediate,10,72,500,-0.1797643703037235,12.899568200622062,64.49784100311031,-0.22011343255424243,12.5
task,624,striatum,32,measured,nan,71,ACC,beta,Expert,10,72,500,-0.21523770654949925,12.974308917829603,64.87154458914802,-0.26707389320725783,12.5
task,624,striatum,32,measured,nan,71,ACC,low_gamma,All,71,72,3544,0.0464973613233195,11.677507654415583,58.38753827207792,-0.030851422004938067,12.483853420909153
task,624,striatum,32,measured,nan,71,ACC,low_gamma,First 20,20,72,1000,-0.042137855834089466,12.28796609677861,61.439830483893054,-0.10819270176298446,12.5
task,624,striatum,32,measured,nan,71,ACC,low_gamma,Naive,10,72,500,-0.23359801017087434,13.265643770597016,66.32821885298509,-0.21842602246798726,12.5
task,624,striatum,32,measured,nan,71,ACC,low_gamma,Intermediate,10,72,500,-0.14570428044854422,12.516811738920266,62.58405869460133,-0.21574952973322192,12.5
task,624,striatum,32,measured,nan,71,ACC,low_gamma,Expert,10,72,500,-0.0806243636744266,12.109872916861251,60.549364584306254,-0.23503071252900853,12.5
task,624,striatum,32,measured,nan,71,ACC,high_gamma,All,71,72,3544,0.041029861585619165,11.543970801175112,57.71985400587556,-0.028843225646022486,12.483853420909153
task,624,striatum,32,measured,nan,71,ACC,high_gamma,First 20,20,72,1000,-0.05309337838237549,12.242301886753346,61.21150943376673,-0.11195269736212365,12.5
task,624,striatum,32,measured,nan,71,ACC,high_gamma,Naive,10,72,500,-0.24527563119319096,13.40125313662923,67.00626568314615,-0.25365928995289133,12.5
task,624,striatum,32,measured,nan,71,ACC,high_gamma,Intermediate,10,72,500,-0.1305255172865316,12.489943294101051,62.44971647050526,-0.22316560197478874,12.5
task,624,striatum,32,measured,nan,71,ACC,high_gamma,Expert,10,72,500,-0.17205331960749692,12.545968192830394,62.72984096415197,-0.221585150635917,12.5
task,624,striatum,32,measured,nan,71,ACC,total,All,71,72,3544,0.07720947167001457,11.379024005597142,56.89512002798571,-0.031922202312898884,12.483853420909153
task,624,striatum,32,measured,nan,71,ACC,total,First 20,20,72,1000,-0.08782648946510974,12.544327543425592,62.72163771712796,-0.12510514769325076,12.5
task,624,striatum,32,measured,nan,71,ACC,total,Naive,10,72,500,-0.13664310473958374,12.650446894806114,63.25223447403057,-0.1952852440963504,12.5
task,624,striatum,32,measured,nan,71,ACC,total,Intermediate,10,72,500,-0.0548751832685197,11.759052648711066,58.795263243555326,-0.17196228194785745,12.5
task,624,striatum,32,measured,nan,71,ACC,total,Expert,10,72,500,-0.13426571096333006,12.085842008403855,60.42921004201928,-0.20866422239572335,12.5
task,703,striatum,41,cohort_average,51.0,51,DMS,theta,All,51,60,2550,-0.03758956327661633,12.590555314417369,62.95277657208685,-0.049581428293051566,12.5
task,703,striatum,41,cohort_average,51.0,51,DMS,theta,First 20,20,60,1000,-0.11721997350432889,12.96199307885531,64.80996539427655,-0.10049026882761813,12.5
task,703,striatum,41,cohort_average,51.0,51,DMS,theta,Naive,10,60,500,-0.3242855999397283,14.049921825221043,70.24960912610521,-0.1950873279728622,12.5
task,703,striatum,41,cohort_average,51.0,51,DMS,theta,Intermediate,10,60,500,-0.2714716494622995,13.29206706239496,66.4603353119748,-0.1788050486232049,12.5
task,703,striatum,41,cohort_average,51.0,51,DMS,theta,Expert,10,60,500,-0.2342378650086394,13.494467183182175,67.47233591591088,-0.23354921518338,12.5
task,703,striatum,41,cohort_average,51.0,51,DMS,beta,All,51,60,2550,-0.02571373018689349,12.505665391537578,62.52832695768789,-0.036041130826547585,12.5
task,703,striatum,41,cohort_average,51.0,51,DMS,beta,First 20,20,60,1000,-0.05065142503624087,12.461395772502485,62.30697886251242,-0.09905492373833358,12.5
task,703,striatum,41,cohort_average,51.0,51,DMS,beta,Naive,10,60,500,-0.09634414209472819,12.616012670698533,63.08006335349266,-0.1656709221710273,12.5
task,703,striatum,41,cohort_average,51.0,51,DMS,beta,Intermediate,10,60,500,-0.15002550808059234,12.846018285881934,64.23009142940967,-0.1366814011687303,12.5
task,703,striatum,41,cohort_average,51.0,51,DMS,beta,Expert,10,60,500,-0.2854755358180652,13.621426257375393,68.10713128687696,-0.23089733748733532,12.5
task,703,striatum,41,cohort_average,51.0,51,DMS,low_gamma,All,51,60,2550,-0.027942963359821604,12.460356242524142,62.30178121262071,-0.0318951856650298,12.5
task,703,striatum,41,cohort_average,51.0,51,DMS,low_gamma,First 20,20,60,1000,-0.06287372464315077,12.601146861297188,63.00573430648594,-0.09343283114986889,12.5
task,703,striatum,41,cohort_average,51.0,51,DMS,low_gamma,Naive,10,60,500,-0.12928456768063668,12.940308705583004,64.70154352791502,-0.1907909189541379,12.5
task,703,striatum,41,cohort_average,51.0,51,DMS,low_gamma,Intermediate,10,60,500,-0.16791076734793586,13.115607439337975,65.57803719668988,-0.17992699984558946,12.5
task,703,striatum,41,cohort_average,51.0,51,DMS,low_gamma,Expert,10,60,500,-0.11790710226500734,12.54342192597477,62.717109629873846,-0.167242772234387,12.5
task,703,striatum,41,cohort_average,51.0,51,DMS,high_gamma,All,51,60,2550,-0.021479503590482674,12.41640284685573,62.08201423427865,-0.03237399112342798,12.5
task,703,striatum,41,cohort_average,51.0,51,DMS,high_gamma,First 20,20,60,1000,-0.11591600585033612,12.762092480156326,63.81046240078163,-0.09266615806214418,12.5
task,703,striatum,41,cohort_average,51.0,51,DMS,high_gamma,Naive,10,60,500,-0.26757536898177636,13.369201480652627,66.84600740326314,-0.20046381597866247,12.5
task,703,striatum,41,cohort_average,51.0,51,DMS,high_gamma,Intermediate,10,60,500,-0.19477341055200315,13.180310451203518,65.9015522560176,-0.14475164875631585,12.5
task,703,striatum,41,cohort_average,51.0,51,DMS,high_gamma,Expert,10,60,500,-0.1617742441204133,13.017892852221033,65.08946426110516,-0.18173996133989667,12.5
task,703,striatum,41,cohort_average,51.0,51,DMS,total,All,51,60,2550,-0.01031626502127847,12.270176540265272,61.350882701326356,-0.03486536894819858,12.5
task,703,striatum,41,cohort_average,51.0,51,DMS,total,First 20,20,60,1000,-0.059523705072162425,12.479176940721976,62.39588470360988,-0.09428553969936293,12.5
task,703,striatum,41,cohort_average,51.0,51,DMS,total,Naive,10,60,500,-0.20647635221314542,13.190538716587682,65.95269358293841,-0.16065255280587376,12.5
task,703,striatum,41,cohort_average,51.0,51,DMS,total,Intermediate,10,60,500,-0.22051417789453054,13.100115165917591,65.50057582958796,-0.17811451790535804,12.5
task,703,striatum,41,cohort_average,51.0,51,DMS,total,Expert,10,60,500,-0.13859530569112843,12.762563729520567,63.81281864760283,-0.1641929119593959,12.5
task,703,striatum,41,cohort_average,51.0,51,ACC,theta,All,51,81,2550,0.026612194785030407,11.725505489852482,58.62752744926241,-0.0674926651697032,12.5
task,703,striatum,41,cohort_average,51.0,51,ACC,theta,First 20,20,81,1000,-0.06300616420178651,12.184371803751837,60.921859018759186,-0.11262754736748426,12.5
task,703,striatum,41,cohort_average,51.0,51,ACC,theta,Naive,10,81,500,-0.22402203451679892,13.113686665605442,65.56843332802721,-0.23045194485565457,12.5
task,703,striatum,41,cohort_average,51.0,51,ACC,theta,Intermediate,10,81,500,-0.18029985420857964,12.391108985329465,61.95554492664733,-0.30677789748615125,12.5
task,703,striatum,41,cohort_average,51.0,51,ACC,theta,Expert,10,81,500,-0.024045469968444255,11.606306240658432,58.03153120329216,-0.3040272976695415,12.5
task,703,striatum,41,cohort_average,51.0,51,ACC,beta,All,51,81,2550,-0.04135915607574536,12.424050804000416,62.12025402000208,-0.05021347278134303,12.5
task,703,striatum,41,cohort_average,51.0,51,ACC,beta,First 20,20,81,1000,-0.1535238945891655,12.825061784050687,64.12530892025343,-0.1297544449665593,12.5
task,703,striatum,41,cohort_average,51.0,51,ACC,beta,Naive,10,81,500,-0.31187437696571374,13.442823117153447,67.21411558576723,-0.2574725996943812,12.5
task,703,striatum,41,cohort_average,51.0,51,ACC,beta,Intermediate,10,81,500,-0.2225647651510565,13.036580154264387,65.18290077132194,-0.3225556463430239,12.5
task,703,striatum,41,cohort_average,51.0,51,ACC,beta,Expert,10,81,500,-0.3403604434466092,13.713851665972395,68.56925832986198,-0.23506129396504272,12.5
task,703,striatum,41,cohort_average,51.0,51,ACC,low_gamma,All,51,81,2550,-0.01678175189209319,12.314088705887087,61.57044352943544,-0.04574435860503567,12.5
task,703,striatum,41,cohort_average,51.0,51,ACC,low_gamma,First 20,20,81,1000,-0.09241925167417486,12.611025315141443,63.05512657570722,-0.11814106249491374,12.5
task,703,striatum,41,cohort_average,51.0,51,ACC,low_gamma,Naive,10,81,500,-0.14162763926575006,12.698542713342093,63.492713566710464,-0.257968471922688,12.5
task,703,striatum,41,cohort_average,51.0,51,ACC,low_gamma,Intermediate,10,81,500,-0.26732346488385694,13.570260369793607,67.85130184896803,-0.3010212803216381,12.5
task,703,striatum,41,cohort_average,51.0,51,ACC,low_gamma,Expert,10,81,500,-0.10261792867901387,12.30592933787189,61.529646689359446,-0.23620977911395546,12.5
task,703,striatum,41,cohort_average,51.0,51,ACC,high_gamma,All,51,81,2550,0.037424464198418605,11.727530841338625,58.63765420669313,-0.05528702313497291,12.5
task,703,striatum,41,cohort_average,51.0,51,ACC,high_gamma,First 20,20,81,1000,-0.18086292619310318,12.964205870643722,64.8210293532186,-0.11229817506085138,12.5
task,703,striatum,41,cohort_average,51.0,51,ACC,high_gamma,Naive,10,81,500,-0.2888769538212106,13.315433697291125,66.57716848645562,-0.240223718802135,12.5
task,703,striatum,41,cohort_average,51.0,51,ACC,high_gamma,Intermediate,10,81,500,-0.17049399662548326,12.729576213325958,63.647881066629786,-0.2925182237283317,12.5
task,703,striatum,41,cohort_average,51.0,51,ACC,high_gamma,Expert,10,81,500,0.08887668322722764,10.854819710253327,54.27409855126663,-0.269912647075903,12.5
task,703,striatum,41,cohort_average,51.0,51,ACC,total,All,51,81,2550,0.011562842195380063,11.893335945967554,59.466679729837765,-0.056579727383351264,12.5
task,703,striatum,41,cohort_average,51.0,51,ACC,total,First 20,20,81,1000,-0.06900968764111659,12.115187551200702,60.57593775600351,-0.13870975245173622,12.5
task,703,striatum,41,cohort_average,51.0,51,ACC,total,Naive,10,81,500,-0.1312129325468796,12.570050310560022,62.85025155280011,-0.2260900164817079,12.5
task,703,striatum,41,cohort_average,51.0,51,ACC,total,Intermediate,10,81,500,-0.20935911585684996,12.846093050900656,64.23046525450329,-0.26925890045716905,12.5
task,703,striatum,41,cohort_average,51.0,51,ACC,total,Expert,10,81,500,-0.07822377241601841,12.039930520272067,60.199652601360334,-0.29638139620249015,12.5
task,727,striatum,53,measured,100.0,100,DMS,theta,All,100,52,5000,0.007878311567663832,12.254670370326098,61.27335185163049,-0.01915429916732636,12.5
task,727,striatum,53,measured,100.0,100,DMS,theta,First 20,20,52,1000,-0.040302441634733066,12.372870679195282,61.86435339597641,-0.0774520884360479,12.5
task,727,striatum,53,measured,100.0,100,DMS,theta,Naive,10,52,500,-0.11303914711698781,12.414480264965684,62.07240132482842,-0.1919125262581487,12.5
task,727,striatum,53,measured,100.0,100,DMS,theta,Intermediate,10,52,500,-0.31630822784680546,13.58075658949832,67.90378294749159,-0.2375014367142907,12.5
task,727,striatum,53,measured,100.0,100,DMS,theta,Expert,10,52,500,-0.28806166497434815,13.580591575518614,67.90295787759307,-0.24937804208229508,12.5
task,727,striatum,53,measured,100.0,100,DMS,beta,All,100,52,5000,-0.0133795026236736,12.500459942366264,62.50229971183132,-0.011278157429948976,12.5
task,727,striatum,53,measured,100.0,100,DMS,beta,First 20,20,52,1000,-0.06981864619727807,12.557898741686808,62.78949370843404,-0.059380463698615715,12.5
task,727,striatum,53,measured,100.0,100,DMS,beta,Naive,10,52,500,-0.1270415036023882,12.606802585915938,63.03401292957969,-0.10494543763555875,12.5
task,727,striatum,53,measured,100.0,100,DMS,beta,Intermediate,10,52,500,-0.19291899717535488,12.951279028562313,64.75639514281157,-0.20895810365683887,12.5
task,727,striatum,53,measured,100.0,100,DMS,beta,Expert,10,52,500,-0.26943174302182626,13.614344104990073,68.07172052495036,-0.160573242528681,12.5
task,727,striatum,53,measured,100.0,100,DMS,low_gamma,All,100,52,5000,-0.0046087384638124895,12.344627301969558,61.72313650984779,-0.017672691935573637,12.5
task,727,striatum,53,measured,100.0,100,DMS,low_gamma,First 20,20,52,1000,-0.03350781204658726,12.283581858349086,61.41790929174543,-0.08015106850701281,12.5
task,727,striatum,53,measured,100.0,100,DMS,low_gamma,Naive,10,52,500,-0.11894783669124243,12.587363644069123,62.936818220345614,-0.1796298591912895,12.5
task,727,striatum,53,measured,100.0,100,DMS,low_gamma,Intermediate,10,52,500,-0.12216321732445046,12.32841134901096,61.6420567450548,-0.18381762442515925,12.5
task,727,striatum,53,measured,100.0,100,DMS,low_gamma,Expert,10,52,500,-0.13942991022726248,12.664379451284926,63.321897256424634,-0.1899806233224015,12.5
task,727,striatum,53,measured,100.0,100,DMS,high_gamma,All,100,52,5000,0.0035829121416571796,12.243867626273541,61.21933813136771,-0.01568648407199502,12.5
task,727,striatum,53,measured,100.0,100,DMS,high_gamma,First 20,20,52,1000,-0.010534199464851568,12.059229964133825,60.29614982066913,-0.09420436514769981,12.5
task,727,striatum,53,measured,100.0,100,DMS,high_gamma,Naive,10,52,500,-0.10934622705630592,12.504800757680782,62.52400378840391,-0.13638126857022104,12.5
task,727,striatum,53,measured,100.0,100,DMS,high_gamma,Intermediate,10,52,500,-0.07296958467098857,12.170002360703144,60.85001180351572,-0.1926756414316415,12.5
task,727,striatum,53,measured,100.0,100,DMS,high_gamma,Expert,10,52,500,-0.13437001875223054,12.744834094601842,63.72417047300921,-0.18341400454916723,12.5
task,727,striatum,53,measured,100.0,100,DMS,total,All,100,52,5000,0.030573142353880423,12.051773596692517,60.25886798346258,-0.014740166788437703,12.5
task,727,striatum,53,measured,100.0,100,DMS,total,First 20,20,52,1000,0.03746152349235243,11.736839275096015,58.68419637548008,-0.0982696568730188,12.5
task,727,striatum,53,measured,100.0,100,DMS,total,Naive,10,52,500,-0.09094794447596533,12.547243762162129,62.73621881081064,-0.1850966210444851,12.5
task,727,striatum,53,measured,100.0,100,DMS,total,Intermediate,10,52,500,0.004212629550534364,11.500560726282357,57.50280363141179,-0.1530811668305354,12.5
task,727,striatum,53,measured,100.0,100,DMS,total,Expert,10,52,500,-0.07007439169810437,12.363642846207082,61.81821423103541,-0.2128619843535633,12.5
task,727,striatum,53,measured,100.0,100,DLS,theta,All,100,110,5000,-0.031247958999073733,12.440114148988842,62.20057074494421,-0.0389036259984894,12.5
task,727,striatum,53,measured,100.0,100,DLS,theta,First 20,20,110,1000,-0.1372952955408835,12.582815270835846,62.91407635417923,-0.20831125012463403,12.5
task,727,striatum,53,measured,100.0,100,DLS,theta,Naive,10,110,500,-0.18322244379242036,12.626791149162038,63.13395574581019,-0.4666310929973898,12.5
task,727,striatum,53,measured,100.0,100,DLS,theta,Intermediate,10,110,500,-0.25356534511628404,12.858040237543277,64.29020118771638,-0.568693934788276,12.5
task,727,striatum,53,measured,100.0,100,DLS,theta,Expert,10,110,500,-0.6432943909784783,14.90133812221129,74.50669061105646,-0.5720386692246038,12.5
task,727,striatum,53,measured,100.0,100,DLS,beta,All,100,110,5000,-0.006839333192324659,12.273935160033377,61.36967580016688,-0.029022106420209637,12.5
task,727,striatum,53,measured,100.0,100,DLS,beta,First 20,20,110,1000,-0.03616036890409635,12.032233968901078,60.161169844505395,-0.2075999612335464,12.5
task,727,striatum,53,measured,100.0,100,DLS,beta,Naive,10,110,500,-0.2989684180150598,13.210438171159037,66.05219085579519,-0.38281753024633924,12.5
task,727,striatum,53,measured,100.0,100,DLS,beta,Intermediate,10,110,500,-0.3674912515520339,13.68508580896066,68.4254290448033,-0.37094812198201876,12.5
task,727,striatum,53,measured,100.0,100,DLS,beta,Expert,10,110,500,-0.4314953034511977,13.815424660516177,69.07712330258089,-0.44665638823851617,12.5
task,727,striatum,53,measured,100.0,100,DLS,low_gamma,All,100,110,5000,0.024550183716789853,11.96371016275167,59.81855081375835,-0.02762196695485053,12.5
task,727,striatum,53,measured,100.0,100,DLS,low_gamma,First 20,20,110,1000,-0.036584465445205216,12.134125908781186,60.67062954390593,-0.19752155062996657,12.5
task,727,striatum,53,measured,100.0,100,DLS,low_gamma,Naive,10,110,500,-0.2923916825389883,13.685944240719968,68.42972120359984,-0.37939416619163,12.5
task,727,striatum,53,measured,100.0,100,DLS,low_gamma,Intermediate,10,110,500,-0.24994638248879775,12.990642901959978,64.95321450979989,-0.4332520667761355,12.5
task,727,striatum,53,measured,100.0,100,DLS,low_gamma,Expert,10,110,500,-0.0882493437730314,11.829645872438874,59.14822936219437,-0.39326036548157894,12.5
task,727,striatum,53,measured,100.0,100,DLS,high_gamma,All,100,110,5000,0.04252534261660312,11.7984114240417,58.9920571202085,-0.03174565574811283,12.5
task,727,striatum,53,measured,100.0,100,DLS,high_gamma,First 20,20,110,1000,0.11164462135217346,10.982887320477328,54.914436602386644,-0.19166449353678994,12.5
task,727,striatum,53,measured,100.0,100,DLS,high_gamma,Naive,10,110,500,-0.22058978948443264,12.83625099542748,64.1812549771374,-0.46921344762281647,12.5
task,727,striatum,53,measured,100.0,100,DLS,high_gamma,Intermediate,10,110,500,-0.2128026888142407,12.811475907265656,64.05737953632828,-0.4699384144281282,12.5
task,727,striatum,53,measured,100.0,100,DLS,high_gamma,Expert,10,110,500,-0.19351312807896015,12.678098046924108,63.390490234620536,-0.4464723486005757,12.5
task,727,striatum,53,measured,100.0,100,DLS,total,All,100,110,5000,0.0244995024407878,11.993867685637099,59.969338428185495,-0.03144728943659403,12.5
task,727,striatum,53,measured,100.0,100,DLS,total,First 20,20,110,1000,0.06052226222196655,11.430299002424658,57.15149501212329,-0.17311048328869805,12.5
task,727,striatum,53,measured,100.0,100,DLS,total,Naive,10,110,500,-0.1728375008770242,12.771237385061706,63.856186925308535,-0.44690918678369007,12.5
task,727,striatum,53,measured,100.0,100,DLS,total,Intermediate,10,110,500,-0.08855725202216513,11.991177694257567,59.955888471287835,-0.4227525756775381,12.5
task,727,striatum,53,measured,100.0,100,DLS,total,Expert,10,110,500,-0.3111477499550084,13.04630142405755,65.23150712028774,-0.359666151994013,12.5
task,727,striatum,53,measured,100.0,100,ACC,theta,All,100,52,5000,0.07605379622410346,11.723276644038325,58.61638322019162,-0.01724989495655005,12.5
task,727,striatum,53,measured,100.0,100,ACC,theta,First 20,20,52,1000,0.08729718491544447,11.400606498130097,57.00303249065048,-0.12226668359432069,12.5
task,727,striatum,53,measured,100.0,100,ACC,theta,Naive,10,52,500,-0.02356543066183381,12.00782679185584,60.0391339592792,-0.18595850066708564,12.5
task,727,striatum,53,measured,100.0,100,ACC,theta,Intermediate,10,52,500,-0.0685617360153028,12.374064940922903,61.87032470461452,-0.30263304305629135,12.5
task,727,striatum,53,measured,100.0,100,ACC,theta,Expert,10,52,500,-0.031298120975050026,12.083372943226744,60.416864716133716,-0.18999933105081768,12.5
task,727,striatum,53,measured,100.0,100,ACC,beta,All,100,52,5000,0.004281551176640308,12.286461585402614,61.43230792701307,-0.01394271114166501,12.5
task,727,striatum,53,measured,100.0,100,ACC,beta,First 20,20,52,1000,0.012725174286780883,11.927579774117364,59.63789887058682,-0.07833456066684352,12.5
task,727,striatum,53,measured,100.0,100,ACC,beta,Naive,10,52,500,-0.02667919336671498,12.334659335314274,61.67329667657137,-0.12492228275434902,12.5
task,727,striatum,53,measured,100.0,100,ACC,beta,Intermediate,10,52,500,-0.12050741384678387,12.780622917035169,63.90311458517584,-0.17689159244132413,12.5
task,727,striatum,53,measured,100.0,100,ACC,beta,Expert,10,52,500,-0.16691720269578614,12.810269171845627,64.05134585922814,-0.2037257175503675,12.5
task,727,striatum,53,measured,100.0,100,ACC,low_gamma,All,100,52,5000,0.01465998930066792,12.09638215505119,60.48191077525595,-0.017486069832900686,12.5
task,727,striatum,53,measured,100.0,100,ACC,low_gamma,First 20,20,52,1000,0.001503460664148415,12.09143541302591,60.45717706512954,-0.07742450112540644,12.5
task,727,striatum,53,measured,100.0,100,ACC,low_gamma,Naive,10,52,500,-0.15708543877924552,13.05022925886089,65.25114629430445,-0.13408881339604517,12.5
task,727,striatum,53,measured,100.0,100,ACC,low_gamma,Intermediate,10,52,500,-0.026779595416848823,11.857966490134976,59.28983245067488,-0.16026014244516507,12.5
task,727,striatum,53,measured,100.0,100,ACC,low_gamma,Expert,10,52,500,-0.1394295286745344,12.533398618595367,62.66699309297684,-0.12451658299853507,12.5
task,727,striatum,53,measured,100.0,100,ACC,high_gamma,All,100,52,5000,0.020462189604376513,12.018209666594412,60.091048332972065,-0.013170499843133676,12.5
task,727,striatum,53,measured,100.0,100,ACC,high_gamma,First 20,20,52,1000,0.039167312864529014,11.697941473304626,58.48970736652313,-0.09557260277332857,12.5
task,727,striatum,53,measured,100.0,100,ACC,high_gamma,Naive,10,52,500,-0.13335638607965694,12.732076679813527,63.66038339906764,-0.1969451772411006,12.5
task,727,striatum,53,measured,100.0,100,ACC,high_gamma,Intermediate,10,52,500,-0.1274671940860741,12.528868668442188,62.64434334221094,-0.17527748751430905,12.5
task,727,striatum,53,measured,100.0,100,ACC,high_gamma,Expert,10,52,500,-0.03045870285769392,11.727584377941835,58.637921889709176,-0.15803673468077228,12.5
task,727,striatum,53,measured,100.0,100,ACC,total,All,100,52,5000,0.06770903880832058,11.698659938047706,58.49329969023853,-0.014843732322832981,12.5
task,727,striatum,53,measured,100.0,100,ACC,total,First 20,20,52,1000,0.08564628804241792,11.341195022817107,56.70597511408553,-0.08807403915324441,12.5
task,727,striatum,53,measured,100.0,100,ACC,total,Naive,10,52,500,0.04110438661809168,11.605601699523584,58.02800849761792,-0.11625832401037162,12.5
task,727,striatum,53,measured,100.0,100,ACC,total,Intermediate,10,52,500,-0.0004966129726238222,11.876672070811724,59.38336035405862,-0.17194069948846624,12.5
task,727,striatum,53,measured,100.0,100,ACC,total,Expert,10,52,500,-0.056068263629656334,11.921586780105015,59.607933900525076,-0.1793409715505201,12.5
task,730,striatum,54,measured,109.0,109,DMS,theta,All,109,51,5450,0.03836135360017079,12.004745543140762,60.023727715703814,-0.017139273489227058,12.5
task,730,striatum,54,measured,109.0,109,DMS,theta,First 20,20,51,1000,-0.004694454269454695,12.149853503595892,60.74926751797946,-0.11587651974573254,12.5
task,730,striatum,54,measured,109.0,109,DMS,theta,Naive,10,51,500,-0.1509611037978731,12.830455579481317,64.15227789740658,-0.1904068661652203,12.5
task,730,striatum,54,measured,109.0,109,DMS,theta,Intermediate,10,51,500,-0.17181677604280488,12.829905146907532,64.14952573453766,-0.1794094285176433,12.5
task,730,striatum,54,measured,109.0,109,DMS,theta,Expert,10,51,500,-0.1510952169612496,12.660285515993342,63.30142757996671,-0.17269392772115277,12.5
task,730,striatum,54,measured,109.0,109,DMS,beta,All,109,51,5450,0.08580991431268081,11.447194847049188,57.23597423524594,-0.014112664944422981,12.5
task,730,striatum,54,measured,109.0,109,DMS,beta,First 20,20,51,1000,0.020847281454046906,11.756189732301692,58.78094866150846,-0.11505989195654287,12.5
task,730,striatum,54,measured,109.0,109,DMS,beta,Naive,10,51,500,-0.16435058440687267,12.709348289302861,63.546741446514304,-0.21717168673387532,12.5
task,730,striatum,54,measured,109.0,109,DMS,beta,Intermediate,10,51,500,-0.058927547386441015,12.082227174505086,60.41113587252543,-0.10899237846140197,12.5
task,730,striatum,54,measured,109.0,109,DMS,beta,Expert,10,51,500,-0.1391206392378257,12.386666724306808,61.93333362153404,-0.10260521731858341,12.5
task,730,striatum,54,measured,109.0,109,DMS,low_gamma,All,109,51,5450,0.1588262649660972,10.82539697811203,54.12698489056015,-0.011685308701597119,12.5
task,730,striatum,54,measured,109.0,109,DMS,low_gamma,First 20,20,51,1000,0.13913132382782978,10.799243536593464,53.99621768296732,-0.09970149514587989,12.5
task,730,striatum,54,measured,109.0,109,DMS,low_gamma,Naive,10,51,500,-0.07851032473584652,12.084305564489336,60.42152782244668,-0.16289433566164413,12.5
task,730,striatum,54,measured,109.0,109,DMS,low_gamma,Intermediate,10,51,500,0.08909346138892582,10.982191415078862,54.91095707539431,-0.13849629024550114,12.5
task,730,striatum,54,measured,109.0,109,DMS,low_gamma,Expert,10,51,500,0.01142812430670137,11.408556762158629,57.04278381079314,-0.1966714019688689,12.5
task,730,striatum,54,measured,109.0,109,DMS,high_gamma,All,109,51,5450,0.15712593623320903,10.752688637790607,53.76344318895303,-0.016570180706173776,12.5
task,730,striatum,54,measured,109.0,109,DMS,high_gamma,First 20,20,51,1000,0.12054191353930777,11.050580397376606,55.25290198688303,-0.12073825591243681,12.5
task,730,striatum,54,measured,109.0,109,DMS,high_gamma,Naive,10,51,500,-0.035957326296774283,11.763249939854337,58.81624969927168,-0.18103600344215387,12.5
task,730,striatum,54,measured,109.0,109,DMS,high_gamma,Intermediate,10,51,500,0.12909336030788654,10.77691465523397,53.884573276169846,-0.18309075853776124,12.5
task,730,striatum,54,measured,109.0,109,DMS,high_gamma,Expert,10,51,500,-0.003685297548657651,11.726794724069523,58.63397362034761,-0.1400151579575064,12.5
task,730,striatum,54,measured,109.0,109,DMS,total,All,109,51,5450,0.1654207279032942,10.780831908474104,53.90415954237052,-0.015633024651331207,12.5
task,730,striatum,54,measured,109.0,109,DMS,total,First 20,20,51,1000,0.1675647984982791,10.595887692170905,52.979438460854524,-0.10955075523766777,12.5
task,730,striatum,54,measured,109.0,109,DMS,total,Naive,10,51,500,0.02105487487976143,11.422000917539695,57.11000458769847,-0.16412979700532326,12.5
task,730,striatum,54,measured,109.0,109,DMS,total,Intermediate,10,51,500,0.14482352557900824,10.872759696407499,54.363798482037495,-0.11227296342600135,12.5
task,730,striatum,54,measured,109.0,109,DMS,total,Expert,10,51,500,0.0847571091535424,10.968043333446989,54.84021666723494,-0.15151195646223203,12.5
task,730,striatum,54,measured,109.0,109,DLS,theta,All,109,140,5450,0.08391699861965773,11.316738329651086,56.58369164825543,-0.050162216250717595,12.5
task,730,striatum,54,measured,109.0,109,DLS,theta,First 20,20,140,1000,-0.1608131731656135,12.687641060974583,63.438205304872916,-0.27917461665655496,12.5
task,730,striatum,54,measured,109.0,109,DLS,theta,Naive,10,140,500,-0.5704906146582585,14.423339224841794,72.11669612420897,-0.7132954958007147,12.5
task,730,striatum,54,measured,109.0,109,DLS,theta,Intermediate,10,140,500,-0.400756708377219,13.559013712055835,67.79506856027918,-0.7183354118486767,12.5
task,730,striatum,54,measured,109.0,109,DLS,theta,Expert,10,140,500,-0.2698306420417973,12.892729737954353,64.46364868977176,-0.74531216703453,12.5
task,730,striatum,54,measured,109.0,109,DLS,beta,All,109,140,5450,0.09796629108045063,11.201057213178178,56.005286065890886,-0.03781045412236139,12.5
task,730,striatum,54,measured,109.0,109,DLS,beta,First 20,20,140,1000,-0.05092237244448805,11.795876850139114,58.979384250695574,-0.21990920161609329,12.5
task,730,striatum,54,measured,109.0,109,DLS,beta,Naive,10,140,500,-0.42293610560817485,13.416165096717279,67.0808254835864,-0.5453493498138506,12.5
task,730,striatum,54,measured,109.0,109,DLS,beta,Intermediate,10,140,500,-0.2717139845064105,12.947742482443063,64.73871241221532,-0.5201021490023847,12.5
task,730,striatum,54,measured,109.0,109,DLS,beta,Expert,10,140,500,-0.26986557653334375,12.713437821139314,63.56718910569657,-0.6267017296443589,12.5
task,730,striatum,54,measured,109.0,109,DLS,low_gamma,All,109,140,5450,0.2337878945556051,10.122457083171044,50.61228541585522,-0.04017536046416392,12.5
task,730,striatum,54,measured,109.0,109,DLS,low_gamma,First 20,20,140,1000,0.06901797612026273,11.199095138688483,55.995475693442415,-0.26038588420804576,12.5
task,730,striatum,54,measured,109.0,109,DLS,low_gamma,Naive,10,140,500,-0.30643120236254107,13.058653531453627,65.29326765726813,-0.539286587925925,12.5
task,730,striatum,54,measured,109.0,109,DLS,low_gamma,Intermediate,10,140,500,-0.004537420511367518,11.303107783895692,56.51553891947846,-0.503156517423202,12.5
task,730,striatum,54,measured,109.0,109,DLS,low_gamma,Expert,10,140,500,0.01940671220949386,11.346302922643762,56.731514613218806,-0.5873679203436746,12.5
task,730,striatum,54,measured,109.0,109,DLS,high_gamma,All,109,140,5450,0.237056942373861,10.090863475199127,50.454317375995636,-0.038480107069743585,12.5
task,730,striatum,54,measured,109.0,109,DLS,high_gamma,First 20,20,140,1000,0.1509930005893304,10.60807838144667,53.04039190723336,-0.2495166258636159,12.5
task,730,striatum,54,measured,109.0,109,DLS,high_gamma,Naive,10,140,500,-0.18166144698857445,12.313159787841494,61.56579893920747,-0.5709714410846007,12.5
task,730,striatum,54,measured,109.0,109,DLS,high_gamma,Intermediate,10,140,500,-0.15807097499670597,12.157828994490234,60.78914497245117,-0.5067011029616868,12.5
task,730,striatum,54,measured,109.0,109,DLS,high_gamma,Expert,10,140,500,-0.048092848780249886,11.672951161155238,58.36475580577619,-0.5070637702142966,12.5
task,730,striatum,54,measured,109.0,109,DLS,total,All,109,140,5450,0.2926690027704998,9.555053393263545,47.77526696631773,-0.04780313707410144,12.5
task,730,striatum,54,measured,109.0,109,DLS,total,First 20,20,140,1000,0.19144222623613216,10.280777665180937,51.40388832590468,-0.28407821993224913,12.5
task,730,striatum,54,measured,109.0,109,DLS,total,Naive,10,140,500,-0.11035362211219613,12.23062218739565,61.15311093697825,-0.6678885457706141,12.5
task,730,striatum,54,measured,109.0,109,DLS,total,Intermediate,10,140,500,0.03467938528174552,10.943476934944067,54.717384674720336,-0.49079536266204493,12.5
task,730,striatum,54,measured,109.0,109,DLS,total,Expert,10,140,500,0.07697608582926974,10.870664749339717,54.353323746698585,-0.5365902988106064,12.5
task,730,striatum,54,measured,109.0,109,ACC,theta,All,109,102,5450,0.19799515896102182,10.492931344183205,52.464656720916025,-0.0361546481945747,12.5
task,730,striatum,54,measured,109.0,109,ACC,theta,First 20,20,102,1000,0.14811161447195065,10.759735565559069,53.798677827795345,-0.1773966263973228,12.5
task,730,striatum,54,measured,109.0,109,ACC,theta,Naive,10,102,500,-0.10281446060835608,12.090066430060983,60.45033215030492,-0.4196952076308784,12.5
task,730,striatum,54,measured,109.0,109,ACC,theta,Intermediate,10,102,500,-0.04502813685135809,11.704661482116279,58.523307410581396,-0.4386623844024211,12.5
task,730,striatum,54,measured,109.0,109,ACC,theta,Expert,10,102,500,0.08436887738254428,10.966538438368092,54.83269219184046,-0.36641861083806915,12.5
task,730,striatum,54,measured,109.0,109,ACC,beta,All,109,102,5450,0.13968977997970788,10.899034295345551,54.495171476727755,-0.028419049304807986,12.5
task,730,striatum,54,measured,109.0,109,ACC,beta,First 20,20,102,1000,0.0819876528569149,11.186455812134001,55.932279060670005,-0.16902282634086396,12.5
task,730,striatum,54,measured,109.0,109,ACC,beta,Naive,10,102,500,-0.24749263258632137,13.10274942048315,65.51374710241575,-0.3506658595114067,12.5
task,730,striatum,54,measured,109.0,109,ACC,beta,Intermediate,10,102,500,-0.1900678022082638,12.674964129164932,63.37482064582466,-0.3674096723973894,12.5
task,730,striatum,54,measured,109.0,109,ACC,beta,Expert,10,102,500,-0.0612204871827533,11.728212256302449,58.64106128151224,-0.35116945574997893,12.5
task,730,striatum,54,measured,109.0,109,ACC,low_gamma,All,109,102,5450,0.263708677629822,9.904300331961448,49.52150165980724,-0.027742432425704067,12.5
task,730,striatum,54,measured,109.0,109,ACC,low_gamma,First 20,20,102,1000,0.21042671680455638,10.241224337034037,51.20612168517019,-0.19819362621823133,12.5
task,730,striatum,54,measured,109.0,109,ACC,low_gamma,Naive,10,102,500,-0.05390270919394702,11.626952635868587,58.13476317934294,-0.35567696289819706,12.5
task,730,striatum,54,measured,109.0,109,ACC,low_gamma,Intermediate,10,102,500,0.1708381540386369,10.626461786403652,53.13230893201826,-0.2735504031196512,12.5
task,730,striatum,54,measured,109.0,109,ACC,low_gamma,Expert,10,102,500,0.09458780103963116,10.530353033714844,52.65176516857422,-0.27679996570392196,12.5
task,730,striatum,54,measured,109.0,109,ACC,high_gamma,All,109,102,5450,0.23732661512006714,10.092352420144685,50.461762100723426,-0.026629311017527524,12.5
task,730,striatum,54,measured,109.0,109,ACC,high_gamma,First 20,20,102,1000,0.16465934739696275,10.643810022804104,53.21905011402052,-0.19728689138321354,12.5
task,730,striatum,54,measured,109.0,109,ACC,high_gamma,Naive,10,102,500,0.002407181048629914,11.632604603151094,58.16302301575547,-0.38125243897756556,12.5
task,730,striatum,54,measured,109.0,109,ACC,high_gamma,Intermediate,10,102,500,-0.11384202191509374,12.054857668804296,60.27428834402148,-0.3263296391193935,12.5
task,730,striatum,54,measured,109.0,109,ACC,high_gamma,Expert,10,102,500,0.12489689301140827,10.54415642015157,52.720782100757845,-0.32882907792053184,12.5
task,730,striatum,54,measured,109.0,109,ACC,total,All,109,102,5450,0.31407958052087614,9.434926086384314,47.17463043192157,-0.03302127285594958,12.5
task,730,striatum,54,measured,109.0,109,ACC,total,First 20,20,102,1000,0.3067705271102279,9.493821160212587,47.46910580106294,-0.18697648320042948,12.5
task,730,striatum,54,measured,109.0,109,ACC,total,Naive,10,102,500,0.1014298480927942,10.786315654988549,53.931578274942744,-0.3494083469472604,12.5
task,730,striatum,54,measured,109.0,109,ACC,total,Intermediate,10,102,500,0.10883473806658506,10.80208149748639,54.01040748743195,-0.3744446737308029,12.5
task,730,striatum,54,measured,109.0,109,ACC,total,Expert,10,102,500,0.19519148156203925,9.915839199405314,49.57919599702657,-0.40565064775822113,12.5
task,731,striatum,36,measured,nan,76,DMS,theta,All,76,32,3782,0.10034999217177532,11.393262890170943,56.96631445085472,-0.007858071962825619,12.482979718844112
task,731,striatum,36,measured,nan,76,DMS,theta,First 20,20,32,1000,0.12364349995187396,11.229913935751192,56.14956967875596,-0.07400642343548758,12.5
task,731,striatum,36,measured,nan,76,DMS,theta,Naive,10,32,500,-0.09616058788197801,12.081222137223843,60.40611068611922,-0.1816127771935785,12.5
task,731,striatum,36,measured,nan,76,DMS,theta,Intermediate,10,32,500,0.1702550629074464,10.689053457107148,53.44526728553574,-0.12830744063281663,12.5
task,731,striatum,36,measured,nan,76,DMS,theta,Expert,10,32,500,-0.07937381377616282,11.8140373659877,59.0701868299385,-0.13485008945185406,12.5
task,731,striatum,36,measured,nan,76,DMS,beta,All,76,32,3782,0.019759567590265315,12.118560916618673,60.59280458309337,-0.009646676405649757,12.482979718844112
task,731,striatum,36,measured,nan,76,DMS,beta,First 20,20,32,1000,-0.01609778100324566,12.152290007249517,60.76145003624759,-0.05216183426775456,12.5
task,731,striatum,36,measured,nan,76,DMS,beta,Naive,10,32,500,-0.02889180413195991,12.127643840181959,60.638219200909795,-0.10339527220944555,12.5
task,731,striatum,36,measured,nan,76,DMS,beta,Intermediate,10,32,500,-0.041113195839174166,12.15146833100119,60.75734165500595,-0.08774773363069466,12.5
task,731,striatum,36,measured,nan,76,DMS,beta,Expert,10,32,500,-0.008262934270041766,11.94375993033241,59.71879965166205,-0.08179029534967519,12.5
task,731,striatum,36,measured,nan,76,DMS,low_gamma,All,76,32,3782,0.08535460817259455,11.473006530842667,57.36503265421334,-0.015566564834758045,12.482979718844112
task,731,striatum,36,measured,nan,76,DMS,low_gamma,First 20,20,32,1000,0.04076278578743131,11.642669183622319,58.21334591811159,-0.057882319961001016,12.5
task,731,striatum,36,measured,nan,76,DMS,low_gamma,Naive,10,32,500,-0.07469907661102915,12.31068476766481,61.55342383832405,-0.10996927161403414,12.5
task,731,striatum,36,measured,nan,76,DMS,low_gamma,Intermediate,10,32,500,0.17733492803969886,10.455496410614815,52.277482053074074,-0.12934427393929226,12.5
task,731,striatum,36,measured,nan,76,DMS,low_gamma,Expert,10,32,500,0.09223926476657551,11.271567340570245,56.35783670285122,-0.14133460720821378,12.5
task,731,striatum,36,measured,nan,76,DMS,high_gamma,All,76,32,3782,0.10494165013142387,11.26010218977403,56.30051094887015,-0.016562784422404775,12.482979718844112
task,731,striatum,36,measured,nan,76,DMS,high_gamma,First 20,20,32,1000,0.1019342925614316,11.073298140764761,55.36649070382381,-0.061586875849254374,12.5
task,731,striatum,36,measured,nan,76,DMS,high_gamma,Naive,10,32,500,-0.0004732907940334652,11.820927080939107,59.104635404695536,-0.13624889301297727,12.5
task,731,striatum,36,measured,nan,76,DMS,high_gamma,Intermediate,10,32,500,0.15856785390143746,10.662694274890438,53.31347137445219,-0.15268759813911448,12.5
task,731,striatum,36,measured,nan,76,DMS,high_gamma,Expert,10,32,500,0.09704287806017098,11.108735914162123,55.54367957081062,-0.09604513060290398,12.5
task,731,striatum,36,measured,nan,76,DMS,total,All,76,32,3782,0.10308165731696206,11.30898773219882,56.544938660994106,-0.014331301585505996,12.482979718844112
task,731,striatum,36,measured,nan,76,DMS,total,First 20,20,32,1000,0.13739470632127615,10.919020276480918,54.59510138240459,-0.05572707138184474,12.5
task,731,striatum,36,measured,nan,76,DMS,total,Naive,10,32,500,0.005919203435007958,11.829528929073847,59.14764464536923,-0.10930353614244881,12.5
task,731,striatum,36,measured,nan,76,DMS,total,Intermediate,10,32,500,0.18847692272295635,10.512881287464534,52.564406437322674,-0.07568435346472491,12.5
task,731,striatum,36,measured,nan,76,DMS,total,Expert,10,32,500,-0.12488683661808908,11.838038384644852,59.19019192322426,-0.1301606158069608,12.5
task,731,striatum,36,measured,nan,76,ACC,theta,All,76,72,3782,0.16861279033314458,10.611441685715455,53.057208428577276,-0.033495461718528796,12.482979718844112
task,731,striatum,36,measured,nan,76,ACC,theta,First 20,20,72,1000,0.2140627851053155,10.169105716074307,50.845528580371536,-0.18490281446597567,12.5
task,731,striatum,36,measured,nan,76,ACC,theta,Naive,10,72,500,0.017557307460255744,11.571493413512401,57.857467067562006,-0.2538243939535594,12.5
task,731,striatum,36,measured,nan,76,ACC,theta,Intermediate,10,72,500,0.24415769553547995,9.91738217011911,49.58691085059555,-0.23654873274865573,12.5
task,731,striatum,36,measured,nan,76,ACC,theta,Expert,10,72,500,0.12730150393559947,10.536034270630127,52.680171353150634,-0.2925388920914467,12.5
task,731,striatum,36,measured,nan,76,ACC,beta,All,76,72,3782,0.057798252377543546,11.580403103566557,57.90201551783278,-0.02495913842842823,12.482979718844112
task,731,striatum,36,measured,nan,76,ACC,beta,First 20,20,72,1000,0.047911157568977014,11.666716876018036,58.33358438009018,-0.11743658519606837,12.5
task,731,striatum,36,measured,nan,76,ACC,beta,Naive,10,72,500,-0.06180467324611505,12.18280328236747,60.91401641183735,-0.22363668951561033,12.5
task,731,striatum,36,measured,nan,76,ACC,beta,Intermediate,10,72,500,0.04827556493506213,11.28201046731191,56.410052336559545,-0.20924214600619284,12.5
task,731,striatum,36,measured,nan,76,ACC,beta,Expert,10,72,500,-0.07194518670976757,12.074899441205059,60.374497206025296,-0.22507690455784268,12.5
task,731,striatum,36,measured,nan,76,ACC,low_gamma,All,76,72,3782,0.10126700611639639,11.231522195361558,56.15761097680779,-0.023248542341218092,12.482979718844112
task,731,striatum,36,measured,nan,76,ACC,low_gamma,First 20,20,72,1000,0.10291113440582944,10.986061783010625,54.930308915053125,-0.11361531999068286,12.5
task,731,striatum,36,measured,nan,76,ACC,low_gamma,Naive,10,72,500,-0.09922815515600214,12.224273853003416,61.12136926501708,-0.24491469558637924,12.5
task,731,striatum,36,measured,nan,76,ACC,low_gamma,Intermediate,10,72,500,0.1459352282508657,10.527580634474605,52.63790317237302,-0.18448231023095318,12.5
task,731,striatum,36,measured,nan,76,ACC,low_gamma,Expert,10,72,500,0.02538053452637179,11.542839768730468,57.71419884365234,-0.23593730113446854,12.5
task,731,striatum,36,measured,nan,76,ACC,high_gamma,All,76,72,3782,0.059986708517139165,11.634693422959817,58.17346711479908,-0.027584747224245865,12.482979718844112
task,731,striatum,36,measured,nan,76,ACC,high_gamma,First 20,20,72,1000,0.06145583616610695,11.50066029340905,57.50330146704525,-0.12025094675470305,12.5
task,731,striatum,36,measured,nan,76,ACC,high_gamma,Naive,10,72,500,-0.1054488142730321,12.35828759356764,61.7914379678382,-0.26544327821727,12.5
task,731,striatum,36,measured,nan,76,ACC,high_gamma,Intermediate,10,72,500,0.04765838670659461,11.158337616216318,55.79168808108159,-0.19885719749479103,12.5
task,731,striatum,36,measured,nan,76,ACC,high_gamma,Expert,10,72,500,-0.1519368183905334,12.568364082468484,62.84182041234242,-0.22047341143079313,12.5
task,731,striatum,36,measured,nan,76,ACC,total,All,76,72,3782,0.17015861646700425,10.594104794213791,52.97052397106896,-0.023815855358209292,12.482979718844112
task,731,striatum,36,measured,nan,76,ACC,total,First 20,20,72,1000,0.04736995040981962,10.430863105163606,52.154315525818035,-0.24061364247731132,12.5
task,731,striatum,36,measured,nan,76,ACC,total,Naive,10,72,500,-0.3799998883710727,12.33103150904437,61.655157545221854,-0.40011075633334237,12.5
task,731,striatum,36,measured,nan,76,ACC,total,Intermediate,10,72,500,0.24057046398356374,9.885836897308758,49.42918448654379,-0.17776925604257388,12.5
task,731,striatum,36,measured,nan,76,ACC,total,Expert,10,72,500,0.11336051238012601,10.743617845776148,53.71808922888074,-0.3908186644607554,12.5
task,822,striatum,33,measured,nan,90,DMS,theta,All,90,50,4478,-0.004283231568009471,12.267803883756505,61.33901941878253,-0.014843420780649152,12.492292725429927
task,822,striatum,33,measured,nan,90,DMS,theta,First 20,20,50,1000,-0.07209638280239838,12.460308727171345,62.301543635856724,-0.07849893549856635,12.5
task,822,striatum,33,measured,nan,90,DMS,theta,Naive,10,50,500,-0.22296496639562347,13.003829023657351,65.01914511828676,-0.16545499465507363,12.5
task,822,striatum,33,measured,nan,90,DMS,theta,Intermediate,10,50,500,-0.1423912303088839,12.780629361211295,63.903146806056476,-0.19034350576690673,12.5
task,822,striatum,33,measured,nan,90,DMS,theta,Expert,10,50,500,-0.19253200641466872,13.070905409238815,65.35452704619408,-0.17110484805785475,12.5
task,822,striatum,33,measured,nan,90,DMS,beta,All,90,50,4478,-0.005794656375952778,12.372086655016922,61.86043327508461,-0.015481801049309851,12.492292725429927
task,822,striatum,33,measured,nan,90,DMS,beta,First 20,20,50,1000,-0.054152868087134376,12.500512603028998,62.502563015144986,-0.07163234918924499,12.5
task,822,striatum,33,measured,nan,90,DMS,beta,Naive,10,50,500,-0.13816969921948874,12.87456517684111,64.37282588420555,-0.15235821525001625,12.5
task,822,striatum,33,measured,nan,90,DMS,beta,Intermediate,10,50,500,-0.1614525356024925,12.94376342088811,64.71881710444055,-0.12199870480066144,12.5
task,822,striatum,33,measured,nan,90,DMS,beta,Expert,10,50,500,-0.1292619602187004,12.949172049894816,64.74586024947408,-0.17341549375757603,12.5
task,822,striatum,33,measured,nan,90,DMS,low_gamma,All,90,50,4478,-0.007386179733825271,12.368405621536386,61.84202810768193,-0.013789674364057092,12.492292725429927
task,822,striatum,33,measured,nan,90,DMS,low_gamma,First 20,20,50,1000,-0.07359071249911908,12.657115798914312,63.28557899457156,-0.08339035192926048,12.5
task,822,striatum,33,measured,nan,90,DMS,low_gamma,Naive,10,50,500,-0.14141864316251884,12.785609844185094,63.92804922092547,-0.1247199297210757,12.5
task,822,striatum,33,measured,nan,90,DMS,low_gamma,Intermediate,10,50,500,-0.17511910351034232,13.128160938665781,65.6408046933289,-0.1217329765159203,12.5
task,822,striatum,33,measured,nan,90,DMS,low_gamma,Expert,10,50,500,-0.03968548371993408,12.073253268864752,60.36626634432376,-0.1627439663543333,12.5
task,822,striatum,33,measured,nan,90,DMS,high_gamma,All,90,50,4478,0.03769708926222959,11.837025756769105,59.18512878384553,-0.01302423810419806,12.492292725429927
task,822,striatum,33,measured,nan,90,DMS,high_gamma,First 20,20,50,1000,-0.007781944070448077,12.11637984641062,60.581899232053104,-0.050816056439555,12.5
task,822,striatum,33,measured,nan,90,DMS,high_gamma,Naive,10,50,500,-0.00361174883356985,11.909595591255595,59.547977956277975,-0.08203672308959309,12.5
task,822,striatum,33,measured,nan,90,DMS,high_gamma,Intermediate,10,50,500,-0.12261392635126445,12.626648283602576,63.13324141801288,-0.14551050243690367,12.5
task,822,striatum,33,measured,nan,90,DMS,high_gamma,Expert,10,50,500,-0.06951302972674256,12.158948361162139,60.794741805810695,-0.1499923235128282,12.5
task,822,striatum,33,measured,nan,90,DMS,total,All,90,50,4478,0.016437585749765726,12.046638808611915,60.23319404305958,-0.022772860883697232,12.492292725429927
task,822,striatum,33,measured,nan,90,DMS,total,First 20,20,50,1000,-0.05305385461454404,12.265040710829414,61.325203554147066,-0.08563582209361087,12.5
task,822,striatum,33,measured,nan,90,DMS,total,Naive,10,50,500,-0.13595845554398567,12.268433717669476,61.34216858834738,-0.16667404614029713,12.5
task,822,striatum,33,measured,nan,90,DMS,total,Intermediate,10,50,500,-0.07961861606981824,12.33929375492995,61.696468774649745,-0.14402245860084406,12.5
task,822,striatum,33,measured,nan,90,DMS,total,Expert,10,50,500,-0.06591400370932554,12.180644534653286,60.90322267326643,-0.14895582925439865,12.5
task,822,striatum,33,measured,nan,90,DLS,theta,All,90,94,4478,-0.022451717070162802,12.47126746743758,62.356337337187895,-0.032854723574343714,12.492292725429927
task,822,striatum,33,measured,nan,90,DLS,theta,First 20,20,94,1000,-0.16720669275717603,13.208329596457428,66.04164798228715,-0.15706300803163908,12.5
task,822,striatum,33,measured,nan,90,DLS,theta,Naive,10,94,500,-0.2328416799751929,13.28710152702208,66.4355076351104,-0.24879466131828143,12.5
task,822,striatum,33,measured,nan,90,DLS,theta,Intermediate,10,94,500,-0.21314229716709066,13.335819706848204,66.67909853424102,-0.38312175081288036,12.5
task,822,striatum,33,measured,nan,90,DLS,theta,Expert,10,94,500,-0.17382961553926202,13.103010557922103,65.51505278961051,-0.24311351906563194,12.5
task,822,striatum,33,measured,nan,90,DLS,beta,All,90,94,4478,-0.02303528997656068,12.450050890632786,62.25025445316393,-0.02703124895373521,12.492292725429927
task,822,striatum,33,measured,nan,90,DLS,beta,First 20,20,94,1000,-0.1740584442238351,13.042038472004053,65.21019236002027,-0.14288102563693528,12.5
task,822,striatum,33,measured,nan,90,DLS,beta,Naive,10,94,500,-0.3853225798264692,13.526578156066883,67.6328907803344,-0.2793116821240471,12.5
task,822,striatum,33,measured,nan,90,DLS,beta,Intermediate,10,94,500,-0.28025831623917385,13.39691166514943,66.98455832574714,-0.2867169459657746,12.5
task,822,striatum,33,measured,nan,90,DLS,beta,Expert,10,94,500,-0.1407020172101623,12.469574380980944,62.34787190490472,-0.3274661457857613,12.5
task,822,striatum,33,measured,nan,90,DLS,low_gamma,All,90,94,4478,-0.030917858986256652,12.552678011307892,62.76339005653946,-0.026444438959362326,12.492292725429927
task,822,striatum,33,measured,nan,90,DLS,low_gamma,First 20,20,94,1000,-0.157730559994955,12.965895176719714,64.82947588359858,-0.12369640944608107,12.5
task,822,striatum,33,measured,nan,90,DLS,low_gamma,Naive,10,94,500,-0.21304359654324556,12.817005446630123,64.08502723315061,-0.31004120836428406,12.5
task,822,striatum,33,measured,nan,90,DLS,low_gamma,Intermediate,10,94,500,-0.275715387249049,13.407045558477604,67.03522779238801,-0.2995613049936092,12.5
task,822,striatum,33,measured,nan,90,DLS,low_gamma,Expert,10,94,500,-0.28880264207999584,13.209390547230228,66.04695273615114,-0.3478129008145179,12.5
task,822,striatum,33,measured,nan,90,DLS,high_gamma,All,90,94,4478,-0.01784427773514463,12.367511196214435,61.83755598107218,-0.03015207594013547,12.492292725429927
task,822,striatum,33,measured,nan,90,DLS,high_gamma,First 20,20,94,1000,-0.1672771560494073,12.929411120871153,64.64705560435577,-0.1293333942863597,12.5
task,822,striatum,33,measured,nan,90,DLS,high_gamma,Naive,10,94,500,-0.344135826143688,13.701887938860876,68.50943969430438,-0.2471393877880208,12.5
task,822,striatum,33,measured,nan,90,DLS,high_gamma,Intermediate,10,94,500,-0.32990832217481536,13.563933445569429,67.81966722784715,-0.2700606024673311,12.5
task,822,striatum,33,measured,nan,90,DLS,high_gamma,Expert,10,94,500,-0.2518856440875872,13.37377472579138,66.8688736289569,-0.33559950482385736,12.5
task,822,striatum,33,measured,nan,90,DLS,total,All,90,94,4478,-0.021920824940052652,12.385138554695674,61.92569277347837,-0.03282893633458328,12.492292725429927
task,822,striatum,33,measured,nan,90,DLS,total,First 20,20,94,1000,-0.13841947705098523,12.739001148110688,63.69500574055344,-0.14805348441414345,12.5
task,822,striatum,33,measured,nan,90,DLS,total,Naive,10,94,500,-0.22173870295625409,12.790962528135388,63.95481264067694,-0.2875332561478714,12.5
task,822,striatum,33,measured,nan,90,DLS,total,Intermediate,10,94,500,-0.12325817431470765,12.546672797048595,62.733363985242974,-0.3816683200252442,12.5
task,822,striatum,33,measured,nan,90,DLS,total,Expert,10,94,500,-0.3104040552939882,13.63192344482338,68.1596172241169,-0.23281202181725225,12.5
task,822,striatum,33,measured,nan,90,ACC,theta,All,90,65,4478,-0.011618416666089981,12.347120072869886,61.73560036434943,-0.02134362208078522,12.492292725429927
task,822,striatum,33,measured,nan,90,ACC,theta,First 20,20,65,1000,-0.1338130158230093,12.82126361014806,64.1063180507403,-0.1314175175114678,12.5
task,822,striatum,33,measured,nan,90,ACC,theta,Naive,10,65,500,-0.2492961519665613,13.412609667507555,67.06304833753778,-0.2538447415777476,12.5
task,822,striatum,33,measured,nan,90,ACC,theta,Intermediate,10,65,500,-0.24064738690355347,13.204787720306621,66.0239386015331,-0.28297306033474423,12.5
task,822,striatum,33,measured,nan,90,ACC,theta,Expert,10,65,500,-0.14187707880737177,12.787092079622326,63.93546039811163,-0.2526428681349986,12.5
task,822,striatum,33,measured,nan,90,ACC,beta,All,90,65,4478,0.0006204598636569969,12.299628113699333,61.498140568496666,-0.018936377227561918,12.492292725429927
task,822,striatum,33,measured,nan,90,ACC,beta,First 20,20,65,1000,-0.06283979238439019,12.412367326573756,62.06183663286878,-0.1069774135764976,12.5
task,822,striatum,33,measured,nan,90,ACC,beta,Naive,10,65,500,-0.1753436220703244,12.756618323277122,63.78309161638561,-0.16182857864745337,12.5
task,822,striatum,33,measured,nan,90,ACC,beta,Intermediate,10,65,500,-0.18425253405338493,13.0632488297221,65.31624414861051,-0.19698291422486536,12.5
task,822,striatum,33,measured,nan,90,ACC,beta,Expert,10,65,500,-0.16524619856067813,12.886270789731087,64.43135394865544,-0.17704350466355434,12.5
task,822,striatum,33,measured,nan,90,ACC,low_gamma,All,90,65,4478,0.0074517213814379035,12.237742779250862,61.18871389625431,-0.019240743183510434,12.492292725429927
task,822,striatum,33,measured,nan,90,ACC,low_gamma,First 20,20,65,1000,0.013631580098522167,11.847946259160294,59.23973129580147,-0.10524556556209541,12.5
task,822,striatum,33,measured,nan,90,ACC,low_gamma,Naive,10,65,500,-0.08492864312315329,12.280005090215415,61.40002545107707,-0.17300068231594334,12.5
task,822,striatum,33,measured,nan,90,ACC,low_gamma,Intermediate,10,65,500,-0.19800236052436904,13.319004927426647,66.59502463713324,-0.22120004172217533,12.5
task,822,striatum,33,measured,nan,90,ACC,low_gamma,Expert,10,65,500,-0.14945541919451388,12.74553649823409,63.72768249117045,-0.1795631004930185,12.5
task,822,striatum,33,measured,nan,90,ACC,high_gamma,All,90,65,4478,0.045523083952513255,11.754800386873343,58.774001934366716,-0.017147436214782763,12.492292725429927
task,822,striatum,33,measured,nan,90,ACC,high_gamma,First 20,20,65,1000,0.0237796211935688,11.64658211580522,58.2329105790261,-0.10122320172474342,12.5
task,822,striatum,33,measured,nan,90,ACC,high_gamma,Naive,10,65,500,-0.06450221200500317,11.84719880238705,59.23599401193525,-0.23404653843529277,12.5
task,822,striatum,33,measured,nan,90,ACC,high_gamma,Intermediate,10,65,500,-0.07766978677440073,12.206223594397542,61.03111797198771,-0.2514583026480046,12.5
task,822,striatum,33,measured,nan,90,ACC,high_gamma,Expert,10,65,500,0.005825171402495943,11.733681020792424,58.66840510396212,-0.19639569449003802,12.5
task,822,striatum,33,measured,nan,90,ACC,total,All,90,65,4478,-0.0007635092423490253,12.358206657142876,61.79103328571438,-0.021289581695636883,12.492292725429927
task,822,striatum,33,measured,nan,90,ACC,total,First 20,20,65,1000,-0.11602832813256225,12.840572497083643,64.20286248541822,-0.1095464349085924,12.5
task,822,striatum,33,measured,nan,90,ACC,total,Naive,10,65,500,-0.18324130473620936,12.927055583487915,64.63527791743958,-0.21357599269875926,12.5
task,822,striatum,33,measured,nan,90,ACC,total,Intermediate,10,65,500,-0.06816507167998909,12.354460117042931,61.77230058521466,-0.22850866911895595,12.5
task,822,striatum,33,measured,nan,90,ACC,total,Expert,10,65,500,-0.1591039821518807,12.795447869462496,63.97723934731248,-0.18822298580847963,12.5
task,823,striatum,14,measured,92.0,92,DMS,theta,All,92,52,4600,-0.002714632894036839,12.30368920034398,61.5184460017199,-0.020333014444769093,12.5
task,823,striatum,14,measured,92.0,92,DMS,theta,First 20,20,52,1000,-0.05913088809202427,12.43080631098115,62.15403155490576,-0.10223394795986862,12.5
task,823,striatum,14,measured,92.0,92,DMS,theta,Naive,10,52,500,-0.19025415715763128,12.86195501729928,64.3097750864964,-0.1696833115532237,12.5
task,823,striatum,14,measured,92.0,92,DMS,theta,Intermediate,10,52,500,-0.19893840337456248,12.948168427717464,64.74084213858733,-0.2609628836778204,12.5
task,823,striatum,14,measured,92.0,92,DMS,theta,Expert,10,52,500,-0.09929469290147597,12.549680401724435,62.74840200862218,-0.17528585670398122,12.5
task,823,striatum,14,measured,92.0,92,DMS,beta,All,92,52,4600,-0.008665732715209762,12.469366139491845,62.346830697459225,-0.018539124548198727,12.5
task,823,striatum,14,measured,92.0,92,DMS,beta,First 20,20,52,1000,-0.10757509049369252,12.779653061558156,63.89826530779078,-0.07201884174889228,12.5
task,823,striatum,14,measured,92.0,92,DMS,beta,Naive,10,52,500,-0.2340434097139088,13.138538884840276,65.69269442420138,-0.15079232523423736,12.5
task,823,striatum,14,measured,92.0,92,DMS,beta,Intermediate,10,52,500,-0.16142859070595206,12.791764858251605,63.958824291258026,-0.14556381782859518,12.5
task,823,striatum,14,measured,92.0,92,DMS,beta,Expert,10,52,500,-0.2181825021432977,13.032435640341104,65.16217820170552,-0.2000577143951252,12.5
task,823,striatum,14,measured,92.0,92,DMS,low_gamma,All,92,52,4600,-0.011003374138700561,12.487072838405659,62.435364192028295,-0.015744298768190834,12.5
task,823,striatum,14,measured,92.0,92,DMS,low_gamma,First 20,20,52,1000,-0.07497554372954185,12.655651396919522,63.27825698459761,-0.0756819980237371,12.5
task,823,striatum,14,measured,92.0,92,DMS,low_gamma,Naive,10,52,500,-0.1425808694616617,12.802995626068808,64.01497813034405,-0.15618856494010736,12.5
task,823,striatum,14,measured,92.0,92,DMS,low_gamma,Intermediate,10,52,500,-0.14417004985821769,12.716023990286027,63.580119951430135,-0.1553971357623256,12.5
task,823,striatum,14,measured,92.0,92,DMS,low_gamma,Expert,10,52,500,-0.15420031963558234,12.864046749557485,64.32023374778743,-0.1642107527206127,12.5
task,823,striatum,14,measured,92.0,92,DMS,high_gamma,All,92,52,4600,-0.006682343509260447,12.41171710082875,62.05858550414375,-0.014556865788148299,12.5
task,823,striatum,14,measured,92.0,92,DMS,high_gamma,First 20,20,52,1000,-0.040801858376561695,12.378919482495588,61.89459741247794,-0.0686106279904437,12.5
task,823,striatum,14,measured,92.0,92,DMS,high_gamma,Naive,10,52,500,-0.10656873120208243,12.715008408305087,63.575042041525435,-0.1700742840119509,12.5
task,823,striatum,14,measured,92.0,92,DMS,high_gamma,Intermediate,10,52,500,-0.14132610027529413,12.911571972752292,64.55785986376145,-0.160754559576328,12.5
task,823,striatum,14,measured,92.0,92,DMS,high_gamma,Expert,10,52,500,-0.16025725878888264,12.905776827005443,64.52888413502721,-0.188389752546956,12.5
task,823,striatum,14,measured,92.0,92,DMS,total,All,92,52,4600,0.05120721240057158,11.880545767257066,59.402728836285334,-0.016485159440960517,12.5
task,823,striatum,14,measured,92.0,92,DMS,total,First 20,20,52,1000,-0.02005806064977045,12.191020376537603,60.95510188268801,-0.08656972357502801,12.5
task,823,striatum,14,measured,92.0,92,DMS,total,Naive,10,52,500,-0.15114798407479002,12.755040740220455,63.77520370110227,-0.19794663810592983,12.5
task,823,striatum,14,measured,92.0,92,DMS,total,Intermediate,10,52,500,0.005921950354388694,11.700774527476185,58.50387263738092,-0.18432827695453868,12.5
task,823,striatum,14,measured,92.0,92,DMS,total,Expert,10,52,500,-0.0178553217612607,12.00241042751199,60.01205213755995,-0.1245589950565078,12.5
task,823,striatum,14,measured,92.0,92,ACC,theta,All,92,81,4600,0.05465375779536974,11.840654214946468,59.20327107473234,-0.03361388089304973,12.5
task,823,striatum,14,measured,92.0,92,ACC,theta,First 20,20,81,1000,0.04993681206063916,11.634098290189373,58.17049145094686,-0.18590801377292987,12.5
task,823,striatum,14,measured,92.0,92,ACC,theta,Naive,10,81,500,-0.07487361195908515,12.1045120076219,60.522560038109496,-0.3893704676135954,12.5
task,823,striatum,14,measured,92.0,92,ACC,theta,Intermediate,10,81,500,-0.003991489311275798,11.565124400124287,57.825622000621436,-0.3678647043282359,12.5
task,823,striatum,14,measured,92.0,92,ACC,theta,Expert,10,81,500,-0.1241722688613276,12.522849669402214,62.61424834701107,-0.30861086731037557,12.5
task,823,striatum,14,measured,92.0,92,ACC,beta,All,92,81,4600,-0.0037670670523106686,12.38770908237995,61.938545411899746,-0.027126997609537407,12.5
task,823,striatum,14,measured,92.0,92,ACC,beta,First 20,20,81,1000,-0.11079221762532732,12.779648287326486,63.89824143663243,-0.1274195243044587,12.5
task,823,striatum,14,measured,92.0,92,ACC,beta,Naive,10,81,500,-0.2631111973942135,13.259915574721116,66.29957787360559,-0.25133629054931683,12.5
task,823,striatum,14,measured,92.0,92,ACC,beta,Intermediate,10,81,500,-0.23196863226910724,13.125456883434687,65.62728441717343,-0.28796493543463875,12.5
task,823,striatum,14,measured,92.0,92,ACC,beta,Expert,10,81,500,-0.29957639329595875,13.484691359739369,67.42345679869685,-0.23567650296450382,12.5
task,823,striatum,14,measured,92.0,92,ACC,low_gamma,All,92,81,4600,0.01740814333799856,12.222338236587811,61.111691182939055,-0.02363603498214717,12.5
task,823,striatum,14,measured,92.0,92,ACC,low_gamma,First 20,20,81,1000,-0.10086178860556583,12.700365276368691,63.50182638184346,-0.12238867825030098,12.5
task,823,striatum,14,measured,92.0,92,ACC,low_gamma,Naive,10,81,500,-0.2853450276404004,13.399868738838107,66.99934369419053,-0.2373194038826174,12.5
task,823,striatum,14,measured,92.0,92,ACC,low_gamma,Intermediate,10,81,500,-0.13147703781526565,12.427568204640961,62.13784102320481,-0.3095756638560456,12.5
task,823,striatum,14,measured,92.0,92,ACC,low_gamma,Expert,10,81,500,-0.18277942354448506,12.884527359260465,64.42263679630233,-0.23847447460634852,12.5
task,823,striatum,14,measured,92.0,92,ACC,high_gamma,All,92,81,4600,0.02727116727081713,12.070536017043604,60.352680085218026,-0.027284556559778794,12.5
task,823,striatum,14,measured,92.0,92,ACC,high_gamma,First 20,20,81,1000,-0.03531888599686672,12.237567946406672,61.18783973203336,-0.11787071495213941,12.5
task,823,striatum,14,measured,92.0,92,ACC,high_gamma,Naive,10,81,500,-0.19420340540950054,12.830917200936563,64.15458600468281,-0.28378149697073596,12.5
task,823,striatum,14,measured,92.0,92,ACC,high_gamma,Intermediate,10,81,500,-0.08795635219674236,12.395328050273779,61.97664025136889,-0.20092027176902727,12.5
task,823,striatum,14,measured,92.0,92,ACC,high_gamma,Expert,10,81,500,-0.13467950262890183,12.431450680337045,62.157253401685225,-0.2615749490295183,12.5
task,823,striatum,14,measured,92.0,92,ACC,total,All,92,81,4600,0.06344059785211376,11.773504516628648,58.86752258314324,-0.03118015639252536,12.5
task,823,striatum,14,measured,92.0,92,ACC,total,First 20,20,81,1000,0.05919931099099729,11.53871892748993,57.69359463744965,-0.14118820912547636,12.5
task,823,striatum,14,measured,92.0,92,ACC,total,Naive,10,81,500,-0.046920213048702086,11.848130679530833,59.240653397654164,-0.3421236556254419,12.5
task,823,striatum,14,measured,92.0,92,ACC,total,Intermediate,10,81,500,0.039806845706352845,11.296450198007129,56.482250990035645,-0.2951931742437419,12.5
task,823,striatum,14,measured,92.0,92,ACC,total,Expert,10,81,500,-0.05894977589839501,11.991728260342258,59.95864130171129,-0.31363789774219053,12.5
